asset_id,path,filename,relative_folder,folder,filename_family,candidate_inclusion_reason,width,height,has_alpha,alpha_bbox,alpha_bbox_width,alpha_bbox_height,transparent_pixel_percentage,visible_pixel_coverage,aspect_ratio,mostly_blank,unusually_large,unusually_small,candidate_pool
CS_0001,res://assets/tilesets/cyber_city_core_tilesets/CyberCity_CentralSecurity_Tiles/CyberCity_CentralSecurity_Tiles_1/CyberCity_CentralSecurity_Tiles_1/Barrel1_1.png,Barrel1_1.png,CyberCity_CentralSecurity_Tiles_1/CyberCity_CentralSecurity_Tiles_1,CyberCity_CentralSecurity_Tiles_1,Barrel1,review_unknown_visually_promising,68,80,True,"[0, 0, 68, 80]",68,80,26.158,0.73842,0.85,False,False,False,E_REVIEW_UNKNOWN
CS_0002,res://assets/tilesets/cyber_city_core_tilesets/CyberCity_CentralSecurity_Tiles/CyberCity_CentralSecurity_Tiles_1/CyberCity_CentralSecurity_Tiles_1/Barrel1_2.png,Barrel1_2.png,CyberCity_CentralSecurity_Tiles_1/CyberCity_CentralSecurity_Tiles_1,CyberCity_CentralSecurity_Tiles_1,Barrel1,review_unknown_visually_promising,69,80,True,"[0, 0, 69, 80]",69,80,26.938,0.73062,0.8625,False,False,False,E_REVIEW_UNKNOWN
CS_0003,res://assets/tilesets/cyber_city_core_tilesets/CyberCity_CentralSecurity_Tiles/CyberCity_CentralSecurity_Tiles_1/CyberCity_CentralSecurity_Tiles_1/Barrel1_3.png,Barrel1_3.png,CyberCity_CentralSecurity_Tiles_1/CyberCity_CentralSecurity_Tiles_1,CyberCity_CentralSecurity_Tiles_1,Barrel1,review_unknown_visually_promising,66,80,True,"[0, 0, 66, 80]",66,80,23.693,0.76307,0.825,False,False,False,E_REVIEW_UNKNOWN
CS_0004,res://assets/tilesets/cyber_city_core_tilesets/CyberCity_CentralSecurity_Tiles/CyberCity_CentralSecurity_Tiles_1/CyberCity_CentralSecurity_Tiles_1/Barrel1_4.png,Barrel1_4.png,CyberCity_CentralSecurity_Tiles_1/CyberCity_CentralSecurity_Tiles_1,CyberCity_CentralSecurity_Tiles_1,Barrel1,review_unknown_visually_promising,67,82,True,"[0, 0, 67, 82]",67,82,26.829,0.73171,0.8171,False,False,False,E_REVIEW_UNKNOWN
CS_0005,res://assets/tilesets/cyber_city_core_tilesets/CyberCity_CentralSecurity_Tiles/CyberCity_CentralSecurity_Tiles_1/CyberCity_CentralSecurity_Tiles_1/Barrel1_5.png,Barrel1_5.png,CyberCity_CentralSecurity_Tiles_1/CyberCity_CentralSecurity_Tiles_1,CyberCity_CentralSecurity_Tiles_1,Barrel1,review_unknown_visually_promising,66,80,True,"[0, 0, 66, 80]",66,80,23.428,0.76572,0.825,False,False,False,E_REVIEW_UNKNOWN
CS_0006,res://assets/tilesets/cyber_city_core_tilesets/CyberCity_CentralSecurity_Tiles/CyberCity_CentralSecurity_Tiles_1/CyberCity_CentralSecurity_Tiles_1/Barrel1_6.png,Barrel1_6.png,CyberCity_CentralSecurity_Tiles_1/CyberCity_CentralSecurity_Tiles_1,CyberCity_CentralSecurity_Tiles_1,Barrel1,review_unknown_visually_promising,67,83,True,"[0, 0, 67, 83]",67,83,27.567,0.72433,0.8072,False,False,False,E_REVIEW_UNKNOWN
CS_0007,res://assets/tilesets/cyber_city_core_tilesets/CyberCity_CentralSecurity_Tiles/CyberCity_CentralSecurity_Tiles_1/CyberCity_CentralSecurity_Tiles_1/Barrel1_7.png,Barrel1_7.png,CyberCity_CentralSecurity_Tiles_1/CyberCity_CentralSecurity_Tiles_1,CyberCity_CentralSecurity_Tiles_1,Barrel1,review_unknown_visually_promising,67,81,True,"[0, 0, 67, 81]",67,81,26.092,0.73908,0.8272,False,False,False,E_REVIEW_UNKNOWN
CS_0008,res://assets/tilesets/cyber_city_core_tilesets/CyberCity_CentralSecurity_Tiles/CyberCity_CentralSecurity_Tiles_1/CyberCity_CentralSecurity_Tiles_1/Barrel1_8.png,Barrel1_8.png,CyberCity_CentralSecurity_Tiles_1/CyberCity_CentralSecurity_Tiles_1,CyberCity_CentralSecurity_Tiles_1,Barrel1,review_unknown_visually_promising,68,82,True,"[0, 0, 68, 82]",68,82,27.744,0.72256,0.8293,False,False,False,E_REVIEW_UNKNOWN
CS_0009,res://assets/tilesets/cyber_city_core_tilesets/CyberCity_CentralSecurity_Tiles/CyberCity_CentralSecurity_Tiles_1/CyberCity_CentralSecurity_Tiles_1/Barrier1_1.png,Barrier1_1.png,CyberCity_CentralSecurity_Tiles_1/CyberCity_CentralSecurity_Tiles_1,CyberCity_CentralSecurity_Tiles_1,Barrier1,wall_security_barrier,306,168,True,"[0, 0, 306, 168]",306,168,36.769,0.63231,1.8214,False,False,False,B_WALL_SECURITY_BARRIER
CS_0010,res://assets/tilesets/cyber_city_core_tilesets/CyberCity_CentralSecurity_Tiles/CyberCity_CentralSecurity_Tiles_1/CyberCity_CentralSecurity_Tiles_1/Barrier1_2.png,Barrier1_2.png,CyberCity_CentralSecurity_Tiles_1/CyberCity_CentralSecurity_Tiles_1,CyberCity_CentralSecurity_Tiles_1,Barrier1,wall_security_barrier,127,262,True,"[0, 0, 127, 262]",127,262,38.553,0.61447,0.4847,False,False,False,B_WALL_SECURITY_BARRIER
CS_0011,res://assets/tilesets/cyber_city_core_tilesets/CyberCity_CentralSecurity_Tiles/CyberCity_CentralSecurity_Tiles_1/CyberCity_CentralSecurity_Tiles_1/Barrier1_3.png,Barrier1_3.png,CyberCity_CentralSecurity_Tiles_1/CyberCity_CentralSecurity_Tiles_1,CyberCity_CentralSecurity_Tiles_1,Barrier1,wall_security_barrier,305,139,True,"[0, 0, 305, 139]",305,139,49.058,0.50942,2.1942,False,False,False,B_WALL_SECURITY_BARRIER
CS_0012,res://assets/tilesets/cyber_city_core_tilesets/CyberCity_CentralSecurity_Tiles/CyberCity_CentralSecurity_Tiles_1/CyberCity_CentralSecurity_Tiles_1/Barrier1_4.png,Barrier1_4.png,CyberCity_CentralSecurity_Tiles_1/CyberCity_CentralSecurity_Tiles_1,CyberCity_CentralSecurity_Tiles_1,Barrier1,wall_security_barrier,148,262,True,"[0, 0, 148, 262]",148,262,43.187,0.56813,0.5649,False,False,False,B_WALL_SECURITY_BARRIER
CS_0013,res://assets/tilesets/cyber_city_core_tilesets/CyberCity_CentralSecurity_Tiles/CyberCity_CentralSecurity_Tiles_1/CyberCity_CentralSecurity_Tiles_1/Barrier1_5.png,Barrier1_5.png,CyberCity_CentralSecurity_Tiles_1/CyberCity_CentralSecurity_Tiles_1,CyberCity_CentralSecurity_Tiles_1,Barrier1,wall_security_barrier,221,223,True,"[0, 0, 221, 223]",221,223,44.429,0.55571,0.991,False,False,False,B_WALL_SECURITY_BARRIER
CS_0014,res://assets/tilesets/cyber_city_core_tilesets/CyberCity_CentralSecurity_Tiles/CyberCity_CentralSecurity_Tiles_1/CyberCity_CentralSecurity_Tiles_1/Barrier1_6.png,Barrier1_6.png,CyberCity_CentralSecurity_Tiles_1/CyberCity_CentralSecurity_Tiles_1,CyberCity_CentralSecurity_Tiles_1,Barrier1,wall_security_barrier,229,224,True,"[0, 0, 229, 224]",229,224,45.62,0.5438,1.0223,False,False,False,B_WALL_SECURITY_BARRIER
CS_0015,res://assets/tilesets/cyber_city_core_tilesets/CyberCity_CentralSecurity_Tiles/CyberCity_CentralSecurity_Tiles_1/CyberCity_CentralSecurity_Tiles_1/Barrier1_7.png,Barrier1_7.png,CyberCity_CentralSecurity_Tiles_1/CyberCity_CentralSecurity_Tiles_1,CyberCity_CentralSecurity_Tiles_1,Barrier1,wall_security_barrier,226,206,True,"[0, 0, 226, 206]",226,206,58.768,0.41232,1.0971,False,False,False,B_WALL_SECURITY_BARRIER
CS_0016,res://assets/tilesets/cyber_city_core_tilesets/CyberCity_CentralSecurity_Tiles/CyberCity_CentralSecurity_Tiles_1/CyberCity_CentralSecurity_Tiles_1/Barrier1_8.png,Barrier1_8.png,CyberCity_CentralSecurity_Tiles_1/CyberCity_CentralSecurity_Tiles_1,CyberCity_CentralSecurity_Tiles_1,Barrier1,wall_security_barrier,228,211,True,"[0, 0, 228, 211]",228,211,55.791,0.44209,1.0806,False,False,False,B_WALL_SECURITY_BARRIER
CS_0017,res://assets/tilesets/cyber_city_core_tilesets/CyberCity_CentralSecurity_Tiles/CyberCity_CentralSecurity_Tiles_1/CyberCity_CentralSecurity_Tiles_1/Barrier2_1.png,Barrier2_1.png,CyberCity_CentralSecurity_Tiles_1/CyberCity_CentralSecurity_Tiles_1,CyberCity_CentralSecurity_Tiles_1,Barrier2,wall_security_barrier,288,130,True,"[0, 0, 288, 130]",288,130,18.154,0.81846,2.2154,False,False,False,B_WALL_SECURITY_BARRIER
CS_0018,res://assets/tilesets/cyber_city_core_tilesets/CyberCity_CentralSecurity_Tiles/CyberCity_CentralSecurity_Tiles_1/CyberCity_CentralSecurity_Tiles_1/Barrier2_2.png,Barrier2_2.png,CyberCity_CentralSecurity_Tiles_1/CyberCity_CentralSecurity_Tiles_1,CyberCity_CentralSecurity_Tiles_1,Barrier2,wall_security_barrier,67,277,True,"[0, 0, 67, 277]",67,277,42.502,0.57498,0.2419,False,False,False,B_WALL_SECURITY_BARRIER
CS_0019,res://assets/tilesets/cyber_city_core_tilesets/CyberCity_CentralSecurity_Tiles/CyberCity_CentralSecurity_Tiles_1/CyberCity_CentralSecurity_Tiles_1/Barrier2_3.png,Barrier2_3.png,CyberCity_CentralSecurity_Tiles_1/CyberCity_CentralSecurity_Tiles_1,CyberCity_CentralSecurity_Tiles_1,Barrier2,wall_security_barrier,290,130,True,"[0, 0, 290, 130]",290,130,18.695,0.81305,2.2308,False,False,False,B_WALL_SECURITY_BARRIER
CS_0020,res://assets/tilesets/cyber_city_core_tilesets/CyberCity_CentralSecurity_Tiles/CyberCity_CentralSecurity_Tiles_1/CyberCity_CentralSecurity_Tiles_1/Barrier2_4.png,Barrier2_4.png,CyberCity_CentralSecurity_Tiles_1/CyberCity_CentralSecurity_Tiles_1,CyberCity_CentralSecurity_Tiles_1,Barrier2,wall_security_barrier,65,277,True,"[0, 0, 65, 277]",65,277,40.816,0.59184,0.2347,False,False,False,B_WALL_SECURITY_BARRIER
CS_0021,res://assets/tilesets/cyber_city_core_tilesets/CyberCity_CentralSecurity_Tiles/CyberCity_CentralSecurity_Tiles_1/CyberCity_CentralSecurity_Tiles_1/Barrier2_5.png,Barrier2_5.png,CyberCity_CentralSecurity_Tiles_1/CyberCity_CentralSecurity_Tiles_1,CyberCity_CentralSecurity_Tiles_1,Barrier2,wall_security_barrier,216,232,True,"[0, 0, 216, 232]",216,232,54.356,0.45644,0.931,False,False,False,B_WALL_SECURITY_BARRIER
CS_0022,res://assets/tilesets/cyber_city_core_tilesets/CyberCity_CentralSecurity_Tiles/CyberCity_CentralSecurity_Tiles_1/CyberCity_CentralSecurity_Tiles_1/Barrier2_6.png,Barrier2_6.png,CyberCity_CentralSecurity_Tiles_1/CyberCity_CentralSecurity_Tiles_1,CyberCity_CentralSecurity_Tiles_1,Barrier2,wall_security_barrier,217,232,True,"[0, 0, 217, 232]",217,232,53.995,0.46005,0.9353,False,False,False,B_WALL_SECURITY_BARRIER
CS_0023,res://assets/tilesets/cyber_city_core_tilesets/CyberCity_CentralSecurity_Tiles/CyberCity_CentralSecurity_Tiles_1/CyberCity_CentralSecurity_Tiles_1/Barrier2_7.png,Barrier2_7.png,CyberCity_CentralSecurity_Tiles_1/CyberCity_CentralSecurity_Tiles_1,CyberCity_CentralSecurity_Tiles_1,Barrier2,wall_security_barrier,218,232,True,"[0, 0, 218, 232]",218,232,54.174,0.45826,0.9397,False,False,False,B_WALL_SECURITY_BARRIER
CS_0024,res://assets/tilesets/cyber_city_core_tilesets/CyberCity_CentralSecurity_Tiles/CyberCity_CentralSecurity_Tiles_1/CyberCity_CentralSecurity_Tiles_1/Barrier2_8.png,Barrier2_8.png,CyberCity_CentralSecurity_Tiles_1/CyberCity_CentralSecurity_Tiles_1,CyberCity_CentralSecurity_Tiles_1,Barrier2,wall_security_barrier,215,232,True,"[0, 0, 215, 232]",215,232,54.09,0.4591,0.9267,False,False,False,B_WALL_SECURITY_BARRIER
CS_0025,res://assets/tilesets/cyber_city_core_tilesets/CyberCity_CentralSecurity_Tiles/CyberCity_CentralSecurity_Tiles_1/CyberCity_CentralSecurity_Tiles_1/Barrier3_1.png,Barrier3_1.png,CyberCity_CentralSecurity_Tiles_1/CyberCity_CentralSecurity_Tiles_1,CyberCity_CentralSecurity_Tiles_1,Barrier3,wall_security_barrier,208,84,True,"[0, 0, 208, 84]",208,84,20.908,0.79092,2.4762,False,False,False,B_WALL_SECURITY_BARRIER
CS_0026,res://assets/tilesets/cyber_city_core_tilesets/CyberCity_CentralSecurity_Tiles/CyberCity_CentralSecurity_Tiles_1/CyberCity_CentralSecurity_Tiles_1/Barrier3_2.png,Barrier3_2.png,CyberCity_CentralSecurity_Tiles_1/CyberCity_CentralSecurity_Tiles_1,CyberCity_CentralSecurity_Tiles_1,Barrier3,wall_security_barrier,46,195,True,"[0, 0, 46, 195]",46,195,36.455,0.63545,0.2359,False,False,False,B_WALL_SECURITY_BARRIER
CS_0027,res://assets/tilesets/cyber_city_core_tilesets/CyberCity_CentralSecurity_Tiles/CyberCity_CentralSecurity_Tiles_1/CyberCity_CentralSecurity_Tiles_1/Barrier3_3.png,Barrier3_3.png,CyberCity_CentralSecurity_Tiles_1/CyberCity_CentralSecurity_Tiles_1,CyberCity_CentralSecurity_Tiles_1,Barrier3,wall_security_barrier,211,80,True,"[0, 0, 211, 80]",211,80,21.262,0.78738,2.6375,False,False,False,B_WALL_SECURITY_BARRIER
CS_0028,res://assets/tilesets/cyber_city_core_tilesets/CyberCity_CentralSecurity_Tiles/CyberCity_CentralSecurity_Tiles_1/CyberCity_CentralSecurity_Tiles_1/Barrier3_4.png,Barrier3_4.png,CyberCity_CentralSecurity_Tiles_1/CyberCity_CentralSecurity_Tiles_1,CyberCity_CentralSecurity_Tiles_1,Barrier3,wall_security_barrier,50,195,True,"[0, 0, 50, 195]",50,195,39.405,0.60595,0.2564,False,False,False,B_WALL_SECURITY_BARRIER
CS_0029,res://assets/tilesets/cyber_city_core_tilesets/CyberCity_CentralSecurity_Tiles/CyberCity_CentralSecurity_Tiles_1/CyberCity_CentralSecurity_Tiles_1/Barrier3_5.png,Barrier3_5.png,CyberCity_CentralSecurity_Tiles_1/CyberCity_CentralSecurity_Tiles_1,CyberCity_CentralSecurity_Tiles_1,Barrier3,wall_security_barrier,159,161,True,"[0, 0, 159, 161]",159,161,57.897,0.42103,0.9876,False,False,False,B_WALL_SECURITY_BARRIER
CS_0030,res://assets/tilesets/cyber_city_core_tilesets/CyberCity_CentralSecurity_Tiles/CyberCity_CentralSecurity_Tiles_1/CyberCity_CentralSecurity_Tiles_1/Barrier3_6.png,Barrier3_6.png,CyberCity_CentralSecurity_Tiles_1/CyberCity_CentralSecurity_Tiles_1,CyberCity_CentralSecurity_Tiles_1,Barrier3,wall_security_barrier,166,162,True,"[0, 0, 166, 162]",166,162,59.947,0.40053,1.0247,False,False,False,B_WALL_SECURITY_BARRIER
CS_0031,res://assets/tilesets/cyber_city_core_tilesets/CyberCity_CentralSecurity_Tiles/CyberCity_CentralSecurity_Tiles_1/CyberCity_CentralSecurity_Tiles_1/Barrier3_7.png,Barrier3_7.png,CyberCity_CentralSecurity_Tiles_1/CyberCity_CentralSecurity_Tiles_1,CyberCity_CentralSecurity_Tiles_1,Barrier3,wall_security_barrier,163,160,True,"[0, 0, 163, 160]",163,160,60.782,0.39218,1.0188,False,False,False,B_WALL_SECURITY_BARRIER
CS_0032,res://assets/tilesets/cyber_city_core_tilesets/CyberCity_CentralSecurity_Tiles/CyberCity_CentralSecurity_Tiles_1/CyberCity_CentralSecurity_Tiles_1/Barrier3_8.png,Barrier3_8.png,CyberCity_CentralSecurity_Tiles_1/CyberCity_CentralSecurity_Tiles_1,CyberCity_CentralSecurity_Tiles_1,Barrier3,wall_security_barrier,161,163,True,"[0, 0, 161, 163]",161,163,60.725,0.39275,0.9877,False,False,False,B_WALL_SECURITY_BARRIER
CS_0033,res://assets/tilesets/cyber_city_core_tilesets/CyberCity_CentralSecurity_Tiles/CyberCity_CentralSecurity_Tiles_1/CyberCity_CentralSecurity_Tiles_1/Barrier4_1.png,Barrier4_1.png,CyberCity_CentralSecurity_Tiles_1/CyberCity_CentralSecurity_Tiles_1,CyberCity_CentralSecurity_Tiles_1,Barrier4,wall_security_barrier,267,286,True,"[0, 0, 267, 286]",267,286,72.228,0.27772,0.9336,False,False,False,B_WALL_SECURITY_BARRIER
CS_0034,res://assets/tilesets/cyber_city_core_tilesets/CyberCity_CentralSecurity_Tiles/CyberCity_CentralSecurity_Tiles_1/CyberCity_CentralSecurity_Tiles_1/Barrier4_2.png,Barrier4_2.png,CyberCity_CentralSecurity_Tiles_1/CyberCity_CentralSecurity_Tiles_1,CyberCity_CentralSecurity_Tiles_1,Barrier4,wall_security_barrier,271,242,True,"[0, 0, 271, 242]",271,242,69.71,0.3029,1.1198,False,False,False,B_WALL_SECURITY_BARRIER
CS_0035,res://assets/tilesets/cyber_city_core_tilesets/CyberCity_CentralSecurity_Tiles/CyberCity_CentralSecurity_Tiles_1/CyberCity_CentralSecurity_Tiles_1/Barrier4_3.png,Barrier4_3.png,CyberCity_CentralSecurity_Tiles_1/CyberCity_CentralSecurity_Tiles_1,CyberCity_CentralSecurity_Tiles_1,Barrier4,wall_security_barrier,297,288,True,"[0, 0, 297, 288]",297,288,76.769,0.23231,1.0312,False,False,False,B_WALL_SECURITY_BARRIER
CS_0036,res://assets/tilesets/cyber_city_core_tilesets/CyberCity_CentralSecurity_Tiles/CyberCity_CentralSecurity_Tiles_1/CyberCity_CentralSecurity_Tiles_1/Barrier4_4.png,Barrier4_4.png,CyberCity_CentralSecurity_Tiles_1/CyberCity_CentralSecurity_Tiles_1,CyberCity_CentralSecurity_Tiles_1,Barrier4,wall_security_barrier,272,306,True,"[0, 0, 272, 306]",272,306,72.863,0.27137,0.8889,False,False,False,B_WALL_SECURITY_BARRIER
CS_0037,res://assets/tilesets/cyber_city_core_tilesets/CyberCity_CentralSecurity_Tiles/CyberCity_CentralSecurity_Tiles_1/CyberCity_CentralSecurity_Tiles_1/Barrier4_5.png,Barrier4_5.png,CyberCity_CentralSecurity_Tiles_1/CyberCity_CentralSecurity_Tiles_1,CyberCity_CentralSecurity_Tiles_1,Barrier4,wall_security_barrier,288,301,True,"[0, 0, 288, 301]",288,301,74.841,0.25159,0.9568,False,False,False,B_WALL_SECURITY_BARRIER
CS_0038,res://assets/tilesets/cyber_city_core_tilesets/CyberCity_CentralSecurity_Tiles/CyberCity_CentralSecurity_Tiles_1/CyberCity_CentralSecurity_Tiles_1/Barrier4_6.png,Barrier4_6.png,CyberCity_CentralSecurity_Tiles_1/CyberCity_CentralSecurity_Tiles_1,CyberCity_CentralSecurity_Tiles_1,Barrier4,wall_security_barrier,289,262,True,"[0, 0, 289, 262]",289,262,73.404,0.26596,1.1031,False,False,False,B_WALL_SECURITY_BARRIER
CS_0039,res://assets/tilesets/cyber_city_core_tilesets/CyberCity_CentralSecurity_Tiles/CyberCity_CentralSecurity_Tiles_1/CyberCity_CentralSecurity_Tiles_1/Barrier4_7.png,Barrier4_7.png,CyberCity_CentralSecurity_Tiles_1/CyberCity_CentralSecurity_Tiles_1,CyberCity_CentralSecurity_Tiles_1,Barrier4,wall_security_barrier,273,299,True,"[0, 0, 273, 299]",273,299,73.221,0.26779,0.913,False,False,False,B_WALL_SECURITY_BARRIER
CS_0040,res://assets/tilesets/cyber_city_core_tilesets/CyberCity_CentralSecurity_Tiles/CyberCity_CentralSecurity_Tiles_1/CyberCity_CentralSecurity_Tiles_1/Barrier4_8.png,Barrier4_8.png,CyberCity_CentralSecurity_Tiles_1/CyberCity_CentralSecurity_Tiles_1,CyberCity_CentralSecurity_Tiles_1,Barrier4,wall_security_barrier,261,266,True,"[0, 0, 261, 266]",261,266,70.978,0.29022,0.9812,False,False,False,B_WALL_SECURITY_BARRIER
CS_0041,res://assets/tilesets/cyber_city_core_tilesets/CyberCity_CentralSecurity_Tiles/CyberCity_CentralSecurity_Tiles_1/CyberCity_CentralSecurity_Tiles_1/Bed1_1.png,Bed1_1.png,CyberCity_CentralSecurity_Tiles_1/CyberCity_CentralSecurity_Tiles_1,CyberCity_CentralSecurity_Tiles_1,Bed1,review_unknown_visually_promising,160,134,True,"[0, 0, 160, 134]",160,134,21.562,0.78438,1.194,False,False,False,E_REVIEW_UNKNOWN
CS_0042,res://assets/tilesets/cyber_city_core_tilesets/CyberCity_CentralSecurity_Tiles/CyberCity_CentralSecurity_Tiles_1/CyberCity_CentralSecurity_Tiles_1/Bed1_2.png,Bed1_2.png,CyberCity_CentralSecurity_Tiles_1/CyberCity_CentralSecurity_Tiles_1,CyberCity_CentralSecurity_Tiles_1,Bed1,review_unknown_visually_promising,84,180,True,"[0, 0, 84, 180]",84,180,42.474,0.57526,0.4667,False,False,False,E_REVIEW_UNKNOWN
CS_0043,res://assets/tilesets/cyber_city_core_tilesets/CyberCity_CentralSecurity_Tiles/CyberCity_CentralSecurity_Tiles_1/CyberCity_CentralSecurity_Tiles_1/Bed1_3.png,Bed1_3.png,CyberCity_CentralSecurity_Tiles_1/CyberCity_CentralSecurity_Tiles_1,CyberCity_CentralSecurity_Tiles_1,Bed1,review_unknown_visually_promising,156,113,True,"[0, 0, 156, 113]",156,113,27.768,0.72232,1.3805,False,False,False,E_REVIEW_UNKNOWN
CS_0044,res://assets/tilesets/cyber_city_core_tilesets/CyberCity_CentralSecurity_Tiles/CyberCity_CentralSecurity_Tiles_1/CyberCity_CentralSecurity_Tiles_1/Bed1_4.png,Bed1_4.png,CyberCity_CentralSecurity_Tiles_1/CyberCity_CentralSecurity_Tiles_1,CyberCity_CentralSecurity_Tiles_1,Bed1,review_unknown_visually_promising,89,181,True,"[0, 0, 89, 181]",89,181,42.777,0.57223,0.4917,False,False,False,E_REVIEW_UNKNOWN
CS_0045,res://assets/tilesets/cyber_city_core_tilesets/CyberCity_CentralSecurity_Tiles/CyberCity_CentralSecurity_Tiles_1/CyberCity_CentralSecurity_Tiles_1/Bed1_5.png,Bed1_5.png,CyberCity_CentralSecurity_Tiles_1/CyberCity_CentralSecurity_Tiles_1,CyberCity_CentralSecurity_Tiles_1,Bed1,review_unknown_visually_promising,141,176,True,"[0, 0, 141, 176]",141,176,40.893,0.59107,0.8011,False,False,False,E_REVIEW_UNKNOWN
CS_0046,res://assets/tilesets/cyber_city_core_tilesets/CyberCity_CentralSecurity_Tiles/CyberCity_CentralSecurity_Tiles_1/CyberCity_CentralSecurity_Tiles_1/Bed1_6.png,Bed1_6.png,CyberCity_CentralSecurity_Tiles_1/CyberCity_CentralSecurity_Tiles_1,CyberCity_CentralSecurity_Tiles_1,Bed1,review_unknown_visually_promising,151,175,True,"[0, 0, 151, 175]",151,175,44.988,0.55012,0.8629,False,False,False,E_REVIEW_UNKNOWN
CS_0047,res://assets/tilesets/cyber_city_core_tilesets/CyberCity_CentralSecurity_Tiles/CyberCity_CentralSecurity_Tiles_1/CyberCity_CentralSecurity_Tiles_1/Bed1_7.png,Bed1_7.png,CyberCity_CentralSecurity_Tiles_1/CyberCity_CentralSecurity_Tiles_1,CyberCity_CentralSecurity_Tiles_1,Bed1,review_unknown_visually_promising,136,155,True,"[0, 0, 136, 155]",136,155,47.908,0.52092,0.8774,False,False,False,E_REVIEW_UNKNOWN
CS_0048,res://assets/tilesets/cyber_city_core_tilesets/CyberCity_CentralSecurity_Tiles/CyberCity_CentralSecurity_Tiles_1/CyberCity_CentralSecurity_Tiles_1/Bed1_8.png,Bed1_8.png,CyberCity_CentralSecurity_Tiles_1/CyberCity_CentralSecurity_Tiles_1,CyberCity_CentralSecurity_Tiles_1,Bed1,review_unknown_visually_promising,151,155,True,"[0, 0, 151, 155]",151,155,51.942,0.48058,0.9742,False,False,False,E_REVIEW_UNKNOWN
CS_0049,res://assets/tilesets/cyber_city_core_tilesets/CyberCity_CentralSecurity_Tiles/CyberCity_CentralSecurity_Tiles_1/CyberCity_CentralSecurity_Tiles_1/BiometricScanner1_1.png,BiometricScanner1_1.png,CyberCity_CentralSecurity_Tiles_1/CyberCity_CentralSecurity_Tiles_1,CyberCity_CentralSecurity_Tiles_1,BiometricScanner1,prop_sign_tech,63,100,True,"[0, 0, 63, 100]",63,100,33.397,0.66603,0.63,False,False,False,D_PROP_SIGN_TECH
CS_0050,res://assets/tilesets/cyber_city_core_tilesets/CyberCity_CentralSecurity_Tiles/CyberCity_CentralSecurity_Tiles_1/CyberCity_CentralSecurity_Tiles_1/BiometricScanner1_2.png,BiometricScanner1_2.png,CyberCity_CentralSecurity_Tiles_1/CyberCity_CentralSecurity_Tiles_1,CyberCity_CentralSecurity_Tiles_1,BiometricScanner1,prop_sign_tech,73,98,True,"[0, 0, 73, 98]",73,98,36.847,0.63153,0.7449,False,False,False,D_PROP_SIGN_TECH
CS_0051,res://assets/tilesets/cyber_city_core_tilesets/CyberCity_CentralSecurity_Tiles/CyberCity_CentralSecurity_Tiles_1/CyberCity_CentralSecurity_Tiles_1/BiometricScanner1_3.png,BiometricScanner1_3.png,CyberCity_CentralSecurity_Tiles_1/CyberCity_CentralSecurity_Tiles_1,CyberCity_CentralSecurity_Tiles_1,BiometricScanner1,prop_sign_tech,63,93,True,"[0, 0, 63, 93]",63,93,29.169,0.70831,0.6774,False,False,False,D_PROP_SIGN_TECH
CS_0052,res://assets/tilesets/cyber_city_core_tilesets/CyberCity_CentralSecurity_Tiles/CyberCity_CentralSecurity_Tiles_1/CyberCity_CentralSecurity_Tiles_1/BiometricScanner1_4.png,BiometricScanner1_4.png,CyberCity_CentralSecurity_Tiles_1/CyberCity_CentralSecurity_Tiles_1,CyberCity_CentralSecurity_Tiles_1,BiometricScanner1,prop_sign_tech,77,98,True,"[0, 0, 77, 98]",77,98,41.519,0.58481,0.7857,False,False,False,D_PROP_SIGN_TECH
CS_0053,res://assets/tilesets/cyber_city_core_tilesets/CyberCity_CentralSecurity_Tiles/CyberCity_CentralSecurity_Tiles_1/CyberCity_CentralSecurity_Tiles_1/BiometricScanner1_5.png,BiometricScanner1_5.png,CyberCity_CentralSecurity_Tiles_1/CyberCity_CentralSecurity_Tiles_1,CyberCity_CentralSecurity_Tiles_1,BiometricScanner1,prop_sign_tech,76,99,True,"[0, 0, 76, 99]",76,99,38.078,0.61922,0.7677,False,False,False,D_PROP_SIGN_TECH
CS_0054,res://assets/tilesets/cyber_city_core_tilesets/CyberCity_CentralSecurity_Tiles/CyberCity_CentralSecurity_Tiles_1/CyberCity_CentralSecurity_Tiles_1/BiometricScanner1_6.png,BiometricScanner1_6.png,CyberCity_CentralSecurity_Tiles_1/CyberCity_CentralSecurity_Tiles_1,CyberCity_CentralSecurity_Tiles_1,BiometricScanner1,prop_sign_tech,78,99,True,"[0, 0, 78, 99]",78,99,43.007,0.56993,0.7879,False,False,False,D_PROP_SIGN_TECH
CS_0055,res://assets/tilesets/cyber_city_core_tilesets/CyberCity_CentralSecurity_Tiles/CyberCity_CentralSecurity_Tiles_1/CyberCity_CentralSecurity_Tiles_1/BiometricScanner1_7.png,BiometricScanner1_7.png,CyberCity_CentralSecurity_Tiles_1/CyberCity_CentralSecurity_Tiles_1,CyberCity_CentralSecurity_Tiles_1,BiometricScanner1,prop_sign_tech,75,99,True,"[0, 0, 75, 99]",75,99,35.286,0.64714,0.7576,False,False,False,D_PROP_SIGN_TECH
CS_0056,res://assets/tilesets/cyber_city_core_tilesets/CyberCity_CentralSecurity_Tiles/CyberCity_CentralSecurity_Tiles_1/CyberCity_CentralSecurity_Tiles_1/BiometricScanner1_8.png,BiometricScanner1_8.png,CyberCity_CentralSecurity_Tiles_1/CyberCity_CentralSecurity_Tiles_1,CyberCity_CentralSecurity_Tiles_1,BiometricScanner1,prop_sign_tech,80,100,True,"[0, 0, 80, 100]",80,100,44.4,0.556,0.8,False,False,False,D_PROP_SIGN_TECH
CS_0057,res://assets/tilesets/cyber_city_core_tilesets/CyberCity_CentralSecurity_Tiles/CyberCity_CentralSecurity_Tiles_1/CyberCity_CentralSecurity_Tiles_1/Box1_1.png,Box1_1.png,CyberCity_CentralSecurity_Tiles_1/CyberCity_CentralSecurity_Tiles_1,CyberCity_CentralSecurity_Tiles_1,Box1,review_unknown_visually_promising,41,38,True,"[0, 0, 41, 38]",41,38,26.508,0.73492,1.0789,False,False,False,E_REVIEW_UNKNOWN
CS_0058,res://assets/tilesets/cyber_city_core_tilesets/CyberCity_CentralSecurity_Tiles/CyberCity_CentralSecurity_Tiles_1/CyberCity_CentralSecurity_Tiles_1/Box1_2.png,Box1_2.png,CyberCity_CentralSecurity_Tiles_1/CyberCity_CentralSecurity_Tiles_1,CyberCity_CentralSecurity_Tiles_1,Box1,review_unknown_visually_promising,38,43,True,"[0, 0, 38, 43]",38,43,35.312,0.64688,0.8837,False,False,False,E_REVIEW_UNKNOWN
CS_0059,res://assets/tilesets/cyber_city_core_tilesets/CyberCity_CentralSecurity_Tiles/CyberCity_CentralSecurity_Tiles_1/CyberCity_CentralSecurity_Tiles_1/Box1_3.png,Box1_3.png,CyberCity_CentralSecurity_Tiles_1/CyberCity_CentralSecurity_Tiles_1,CyberCity_CentralSecurity_Tiles_1,Box1,review_unknown_visually_promising,41,34,True,"[0, 0, 41, 34]",41,34,18.364,0.81636,1.2059,False,False,False,E_REVIEW_UNKNOWN
CS_0060,res://assets/tilesets/cyber_city_core_tilesets/CyberCity_CentralSecurity_Tiles/CyberCity_CentralSecurity_Tiles_1/CyberCity_CentralSecurity_Tiles_1/Box1_4.png,Box1_4.png,CyberCity_CentralSecurity_Tiles_1/CyberCity_CentralSecurity_Tiles_1,CyberCity_CentralSecurity_Tiles_1,Box1,review_unknown_visually_promising,35,41,True,"[0, 0, 35, 41]",35,41,27.247,0.72753,0.8537,False,False,False,E_REVIEW_UNKNOWN
CS_0061,res://assets/tilesets/cyber_city_core_tilesets/CyberCity_CentralSecurity_Tiles/CyberCity_CentralSecurity_Tiles_1/CyberCity_CentralSecurity_Tiles_1/Box1_5.png,Box1_5.png,CyberCity_CentralSecurity_Tiles_1/CyberCity_CentralSecurity_Tiles_1,CyberCity_CentralSecurity_Tiles_1,Box1,review_unknown_visually_promising,44,42,True,"[0, 0, 44, 42]",44,42,38.095,0.61905,1.0476,False,False,False,E_REVIEW_UNKNOWN
CS_0062,res://assets/tilesets/cyber_city_core_tilesets/CyberCity_CentralSecurity_Tiles/CyberCity_CentralSecurity_Tiles_1/CyberCity_CentralSecurity_Tiles_1/Box1_6.png,Box1_6.png,CyberCity_CentralSecurity_Tiles_1/CyberCity_CentralSecurity_Tiles_1,CyberCity_CentralSecurity_Tiles_1,Box1,review_unknown_visually_promising,44,41,True,"[0, 0, 44, 41]",44,41,35.643,0.64357,1.0732,False,False,False,E_REVIEW_UNKNOWN
CS_0063,res://assets/tilesets/cyber_city_core_tilesets/CyberCity_CentralSecurity_Tiles/CyberCity_CentralSecurity_Tiles_1/CyberCity_CentralSecurity_Tiles_1/Box1_7.png,Box1_7.png,CyberCity_CentralSecurity_Tiles_1/CyberCity_CentralSecurity_Tiles_1,CyberCity_CentralSecurity_Tiles_1,Box1,review_unknown_visually_promising,45,45,True,"[0, 0, 45, 45]",45,45,42.469,0.57531,1.0,False,False,False,E_REVIEW_UNKNOWN
CS_0064,res://assets/tilesets/cyber_city_core_tilesets/CyberCity_CentralSecurity_Tiles/CyberCity_CentralSecurity_Tiles_1/CyberCity_CentralSecurity_Tiles_1/Box1_8.png,Box1_8.png,CyberCity_CentralSecurity_Tiles_1/CyberCity_CentralSecurity_Tiles_1,CyberCity_CentralSecurity_Tiles_1,Box1,review_unknown_visually_promising,45,42,True,"[0, 0, 45, 42]",45,42,39.259,0.60741,1.0714,False,False,False,E_REVIEW_UNKNOWN
CS_0065,res://assets/tilesets/cyber_city_core_tilesets/CyberCity_CentralSecurity_Tiles/CyberCity_CentralSecurity_Tiles_1/CyberCity_CentralSecurity_Tiles_1/Box2_1.png,Box2_1.png,CyberCity_CentralSecurity_Tiles_1/CyberCity_CentralSecurity_Tiles_1,CyberCity_CentralSecurity_Tiles_1,Box2,review_unknown_visually_promising,48,30,True,"[0, 0, 48, 30]",48,30,16.111,0.83889,1.6,False,False,False,E_REVIEW_UNKNOWN
CS_0066,res://assets/tilesets/cyber_city_core_tilesets/CyberCity_CentralSecurity_Tiles/CyberCity_CentralSecurity_Tiles_1/CyberCity_CentralSecurity_Tiles_1/Box2_2.png,Box2_2.png,CyberCity_CentralSecurity_Tiles_1/CyberCity_CentralSecurity_Tiles_1,CyberCity_CentralSecurity_Tiles_1,Box2,review_unknown_visually_promising,28,43,True,"[0, 0, 28, 43]",28,43,15.864,0.84136,0.6512,False,False,False,E_REVIEW_UNKNOWN
CS_0067,res://assets/tilesets/cyber_city_core_tilesets/CyberCity_CentralSecurity_Tiles/CyberCity_CentralSecurity_Tiles_1/CyberCity_CentralSecurity_Tiles_1/Box2_3.png,Box2_3.png,CyberCity_CentralSecurity_Tiles_1/CyberCity_CentralSecurity_Tiles_1,CyberCity_CentralSecurity_Tiles_1,Box2,review_unknown_visually_promising,47,32,True,"[0, 0, 47, 32]",47,32,19.88,0.8012,1.4688,False,False,False,E_REVIEW_UNKNOWN
CS_0068,res://assets/tilesets/cyber_city_core_tilesets/CyberCity_CentralSecurity_Tiles/CyberCity_CentralSecurity_Tiles_1/CyberCity_CentralSecurity_Tiles_1/Box2_4.png,Box2_4.png,CyberCity_CentralSecurity_Tiles_1/CyberCity_CentralSecurity_Tiles_1,CyberCity_CentralSecurity_Tiles_1,Box2,review_unknown_visually_promising,30,44,True,"[0, 0, 30, 44]",30,44,22.727,0.77273,0.6818,False,False,False,E_REVIEW_UNKNOWN
CS_0069,res://assets/tilesets/cyber_city_core_tilesets/CyberCity_CentralSecurity_Tiles/CyberCity_CentralSecurity_Tiles_1/CyberCity_CentralSecurity_Tiles_1/Box2_5.png,Box2_5.png,CyberCity_CentralSecurity_Tiles_1/CyberCity_CentralSecurity_Tiles_1,CyberCity_CentralSecurity_Tiles_1,Box2,review_unknown_visually_promising,47,42,True,"[0, 0, 47, 42]",47,42,41.287,0.58713,1.119,False,False,False,E_REVIEW_UNKNOWN
CS_0070,res://assets/tilesets/cyber_city_core_tilesets/CyberCity_CentralSecurity_Tiles/CyberCity_CentralSecurity_Tiles_1/CyberCity_CentralSecurity_Tiles_1/Box2_6.png,Box2_6.png,CyberCity_CentralSecurity_Tiles_1/CyberCity_CentralSecurity_Tiles_1,CyberCity_CentralSecurity_Tiles_1,Box2,review_unknown_visually_promising,47,42,True,"[0, 0, 47, 42]",47,42,40.78,0.5922,1.119,False,False,False,E_REVIEW_UNKNOWN
CS_0071,res://assets/tilesets/cyber_city_core_tilesets/CyberCity_CentralSecurity_Tiles/CyberCity_CentralSecurity_Tiles_1/CyberCity_CentralSecurity_Tiles_1/Box2_7.png,Box2_7.png,CyberCity_CentralSecurity_Tiles_1/CyberCity_CentralSecurity_Tiles_1,CyberCity_CentralSecurity_Tiles_1,Box2,review_unknown_visually_promising,46,42,True,"[0, 0, 46, 42]",46,42,39.7,0.603,1.0952,False,False,False,E_REVIEW_UNKNOWN
CS_0072,res://assets/tilesets/cyber_city_core_tilesets/CyberCity_CentralSecurity_Tiles/CyberCity_CentralSecurity_Tiles_1/CyberCity_CentralSecurity_Tiles_1/Box2_8.png,Box2_8.png,CyberCity_CentralSecurity_Tiles_1/CyberCity_CentralSecurity_Tiles_1,CyberCity_CentralSecurity_Tiles_1,Box2,review_unknown_visually_promising,47,44,True,"[0, 0, 47, 44]",47,44,43.52,0.5648,1.0682,False,False,False,E_REVIEW_UNKNOWN
CS_0073,res://assets/tilesets/cyber_city_core_tilesets/CyberCity_CentralSecurity_Tiles/CyberCity_CentralSecurity_Tiles_1/CyberCity_CentralSecurity_Tiles_1/BrigBrokenGlass1_1.png,BrigBrokenGlass1_1.png,CyberCity_CentralSecurity_Tiles_1/CyberCity_CentralSecurity_Tiles_1,CyberCity_CentralSecurity_Tiles_1,BrigBrokenGlass1,review_unknown_visually_promising,83,69,True,"[0, 0, 83, 69]",83,69,73.669,0.26331,1.2029,False,False,False,E_REVIEW_UNKNOWN
CS_0074,res://assets/tilesets/cyber_city_core_tilesets/CyberCity_CentralSecurity_Tiles/CyberCity_CentralSecurity_Tiles_1/CyberCity_CentralSecurity_Tiles_1/BrigBrokenGlass1_2.png,BrigBrokenGlass1_2.png,CyberCity_CentralSecurity_Tiles_1/CyberCity_CentralSecurity_Tiles_1,CyberCity_CentralSecurity_Tiles_1,BrigBrokenGlass1,review_unknown_visually_promising,96,60,True,"[0, 0, 96, 60]",96,60,74.531,0.25469,1.6,False,False,False,E_REVIEW_UNKNOWN
CS_0075,res://assets/tilesets/cyber_city_core_tilesets/CyberCity_CentralSecurity_Tiles/CyberCity_CentralSecurity_Tiles_1/CyberCity_CentralSecurity_Tiles_1/BrigBrokenGlass1_3.png,BrigBrokenGlass1_3.png,CyberCity_CentralSecurity_Tiles_1/CyberCity_CentralSecurity_Tiles_1,CyberCity_CentralSecurity_Tiles_1,BrigBrokenGlass1,review_unknown_visually_promising,81,70,True,"[0, 0, 81, 70]",81,70,73.351,0.26649,1.1571,False,False,False,E_REVIEW_UNKNOWN
CS_0076,res://assets/tilesets/cyber_city_core_tilesets/CyberCity_CentralSecurity_Tiles/CyberCity_CentralSecurity_Tiles_1/CyberCity_CentralSecurity_Tiles_1/BrigBrokenGlass1_4.png,BrigBrokenGlass1_4.png,CyberCity_CentralSecurity_Tiles_1/CyberCity_CentralSecurity_Tiles_1,CyberCity_CentralSecurity_Tiles_1,BrigBrokenGlass1,review_unknown_visually_promising,96,59,True,"[0, 0, 96, 59]",96,59,73.799,0.26201,1.6271,False,False,False,E_REVIEW_UNKNOWN
CS_0077,res://assets/tilesets/cyber_city_core_tilesets/CyberCity_CentralSecurity_Tiles/CyberCity_CentralSecurity_Tiles_1/CyberCity_CentralSecurity_Tiles_1/BrigBrokenGlass1_5.png,BrigBrokenGlass1_5.png,CyberCity_CentralSecurity_Tiles_1/CyberCity_CentralSecurity_Tiles_1,CyberCity_CentralSecurity_Tiles_1,BrigBrokenGlass1,review_unknown_visually_promising,96,71,True,"[0, 0, 96, 71]",96,71,78.58,0.2142,1.3521,False,False,False,E_REVIEW_UNKNOWN
CS_0078,res://assets/tilesets/cyber_city_core_tilesets/CyberCity_CentralSecurity_Tiles/CyberCity_CentralSecurity_Tiles_1/CyberCity_CentralSecurity_Tiles_1/BrigBrokenGlass1_6.png,BrigBrokenGlass1_6.png,CyberCity_CentralSecurity_Tiles_1/CyberCity_CentralSecurity_Tiles_1,CyberCity_CentralSecurity_Tiles_1,BrigBrokenGlass1,review_unknown_visually_promising,94,70,True,"[0, 0, 94, 70]",94,70,77.128,0.22872,1.3429,False,False,False,E_REVIEW_UNKNOWN
CS_0079,res://assets/tilesets/cyber_city_core_tilesets/CyberCity_CentralSecurity_Tiles/CyberCity_CentralSecurity_Tiles_1/CyberCity_CentralSecurity_Tiles_1/BrigBrokenGlass1_7.png,BrigBrokenGlass1_7.png,CyberCity_CentralSecurity_Tiles_1/CyberCity_CentralSecurity_Tiles_1,CyberCity_CentralSecurity_Tiles_1,BrigBrokenGlass1,review_unknown_visually_promising,94,69,True,"[0, 0, 94, 69]",94,69,76.688,0.23312,1.3623,False,False,False,E_REVIEW_UNKNOWN
CS_0080,res://assets/tilesets/cyber_city_core_tilesets/CyberCity_CentralSecurity_Tiles/CyberCity_CentralSecurity_Tiles_1/CyberCity_CentralSecurity_Tiles_1/BrigBrokenGlass1_8.png,BrigBrokenGlass1_8.png,CyberCity_CentralSecurity_Tiles_1/CyberCity_CentralSecurity_Tiles_1,CyberCity_CentralSecurity_Tiles_1,BrigBrokenGlass1,review_unknown_visually_promising,97,68,True,"[0, 0, 97, 68]",97,68,77.971,0.22029,1.4265,False,False,False,E_REVIEW_UNKNOWN
CS_0081,res://assets/tilesets/cyber_city_core_tilesets/CyberCity_CentralSecurity_Tiles/CyberCity_CentralSecurity_Tiles_1/CyberCity_CentralSecurity_Tiles_1/BrigCellFloor1_1.png,BrigCellFloor1_1.png,CyberCity_CentralSecurity_Tiles_1/CyberCity_CentralSecurity_Tiles_1,CyberCity_CentralSecurity_Tiles_1,BrigCellFloor1,ground_floor_road,229,163,True,"[0, 0, 229, 163]",229,163,7.509,0.92491,1.4049,False,False,False,A_GROUND_FLOOR_ROAD
CS_0082,res://assets/tilesets/cyber_city_core_tilesets/CyberCity_CentralSecurity_Tiles/CyberCity_CentralSecurity_Tiles_1/CyberCity_CentralSecurity_Tiles_1/BrigCellFloor1_2.png,BrigCellFloor1_2.png,CyberCity_CentralSecurity_Tiles_1/CyberCity_CentralSecurity_Tiles_1,CyberCity_CentralSecurity_Tiles_1,BrigCellFloor1,ground_floor_road,229,163,True,"[0, 0, 229, 163]",229,163,7.528,0.92472,1.4049,False,False,False,A_GROUND_FLOOR_ROAD
CS_0083,res://assets/tilesets/cyber_city_core_tilesets/CyberCity_CentralSecurity_Tiles/CyberCity_CentralSecurity_Tiles_1/CyberCity_CentralSecurity_Tiles_1/BrigCellFloor1_3.png,BrigCellFloor1_3.png,CyberCity_CentralSecurity_Tiles_1/CyberCity_CentralSecurity_Tiles_1,CyberCity_CentralSecurity_Tiles_1,BrigCellFloor1,ground_floor_road,229,163,True,"[0, 0, 229, 163]",229,163,7.493,0.92507,1.4049,False,False,False,A_GROUND_FLOOR_ROAD
CS_0084,res://assets/tilesets/cyber_city_core_tilesets/CyberCity_CentralSecurity_Tiles/CyberCity_CentralSecurity_Tiles_1/CyberCity_CentralSecurity_Tiles_1/BrigCellFloor1_4.png,BrigCellFloor1_4.png,CyberCity_CentralSecurity_Tiles_1/CyberCity_CentralSecurity_Tiles_1,CyberCity_CentralSecurity_Tiles_1,BrigCellFloor1,ground_floor_road,229,163,True,"[0, 0, 229, 163]",229,163,7.499,0.92501,1.4049,False,False,False,A_GROUND_FLOOR_ROAD
CS_0085,res://assets/tilesets/cyber_city_core_tilesets/CyberCity_CentralSecurity_Tiles/CyberCity_CentralSecurity_Tiles_1/CyberCity_CentralSecurity_Tiles_1/BrigCellFloor1_5.png,BrigCellFloor1_5.png,CyberCity_CentralSecurity_Tiles_1/CyberCity_CentralSecurity_Tiles_1,CyberCity_CentralSecurity_Tiles_1,BrigCellFloor1,ground_floor_road,312,220,True,"[0, 0, 312, 220]",312,220,49.666,0.50334,1.4182,False,False,False,A_GROUND_FLOOR_ROAD
CS_0086,res://assets/tilesets/cyber_city_core_tilesets/CyberCity_CentralSecurity_Tiles/CyberCity_CentralSecurity_Tiles_1/CyberCity_CentralSecurity_Tiles_1/BrigCellFloor1_6.png,BrigCellFloor1_6.png,CyberCity_CentralSecurity_Tiles_1/CyberCity_CentralSecurity_Tiles_1,CyberCity_CentralSecurity_Tiles_1,BrigCellFloor1,ground_floor_road,309,220,True,"[0, 0, 309, 220]",309,220,49.185,0.50815,1.4045,False,False,False,A_GROUND_FLOOR_ROAD
CS_0087,res://assets/tilesets/cyber_city_core_tilesets/CyberCity_CentralSecurity_Tiles/CyberCity_CentralSecurity_Tiles_1/CyberCity_CentralSecurity_Tiles_1/BrigCellFloor1_7.png,BrigCellFloor1_7.png,CyberCity_CentralSecurity_Tiles_1/CyberCity_CentralSecurity_Tiles_1,CyberCity_CentralSecurity_Tiles_1,BrigCellFloor1,ground_floor_road,309,220,True,"[0, 0, 309, 220]",309,220,49.176,0.50824,1.4045,False,False,False,A_GROUND_FLOOR_ROAD
CS_0088,res://assets/tilesets/cyber_city_core_tilesets/CyberCity_CentralSecurity_Tiles/CyberCity_CentralSecurity_Tiles_1/CyberCity_CentralSecurity_Tiles_1/BrigCellFloor1_8.png,BrigCellFloor1_8.png,CyberCity_CentralSecurity_Tiles_1/CyberCity_CentralSecurity_Tiles_1,CyberCity_CentralSecurity_Tiles_1,BrigCellFloor1,ground_floor_road,312,220,True,"[0, 0, 312, 220]",312,220,49.653,0.50347,1.4182,False,False,False,A_GROUND_FLOOR_ROAD
CS_0089,res://assets/tilesets/cyber_city_core_tilesets/CyberCity_CentralSecurity_Tiles/CyberCity_CentralSecurity_Tiles_1/CyberCity_CentralSecurity_Tiles_1/BrigCellFloor2_1.png,BrigCellFloor2_1.png,CyberCity_CentralSecurity_Tiles_1/CyberCity_CentralSecurity_Tiles_1,CyberCity_CentralSecurity_Tiles_1,BrigCellFloor2,ground_floor_road,229,163,True,"[0, 0, 229, 163]",229,163,7.504,0.92496,1.4049,False,False,False,A_GROUND_FLOOR_ROAD
CS_0090,res://assets/tilesets/cyber_city_core_tilesets/CyberCity_CentralSecurity_Tiles/CyberCity_CentralSecurity_Tiles_1/CyberCity_CentralSecurity_Tiles_1/BrigCellFloor2_2.png,BrigCellFloor2_2.png,CyberCity_CentralSecurity_Tiles_1/CyberCity_CentralSecurity_Tiles_1,CyberCity_CentralSecurity_Tiles_1,BrigCellFloor2,ground_floor_road,229,163,True,"[0, 0, 229, 163]",229,163,7.512,0.92488,1.4049,False,False,False,A_GROUND_FLOOR_ROAD
CS_0091,res://assets/tilesets/cyber_city_core_tilesets/CyberCity_CentralSecurity_Tiles/CyberCity_CentralSecurity_Tiles_1/CyberCity_CentralSecurity_Tiles_1/BrigCellFloor2_3.png,BrigCellFloor2_3.png,CyberCity_CentralSecurity_Tiles_1/CyberCity_CentralSecurity_Tiles_1,CyberCity_CentralSecurity_Tiles_1,BrigCellFloor2,ground_floor_road,229,163,True,"[0, 0, 229, 163]",229,163,7.496,0.92504,1.4049,False,False,False,A_GROUND_FLOOR_ROAD
CS_0092,res://assets/tilesets/cyber_city_core_tilesets/CyberCity_CentralSecurity_Tiles/CyberCity_CentralSecurity_Tiles_1/CyberCity_CentralSecurity_Tiles_1/BrigCellFloor2_4.png,BrigCellFloor2_4.png,CyberCity_CentralSecurity_Tiles_1/CyberCity_CentralSecurity_Tiles_1,CyberCity_CentralSecurity_Tiles_1,BrigCellFloor2,ground_floor_road,229,163,True,"[0, 0, 229, 163]",229,163,7.507,0.92493,1.4049,False,False,False,A_GROUND_FLOOR_ROAD
CS_0093,res://assets/tilesets/cyber_city_core_tilesets/CyberCity_CentralSecurity_Tiles/CyberCity_CentralSecurity_Tiles_1/CyberCity_CentralSecurity_Tiles_1/BrigCellFloor2_5.png,BrigCellFloor2_5.png,CyberCity_CentralSecurity_Tiles_1/CyberCity_CentralSecurity_Tiles_1,CyberCity_CentralSecurity_Tiles_1,BrigCellFloor2,ground_floor_road,309,220,True,"[0, 0, 309, 220]",309,220,49.181,0.50819,1.4045,False,False,False,A_GROUND_FLOOR_ROAD
CS_0094,res://assets/tilesets/cyber_city_core_tilesets/CyberCity_CentralSecurity_Tiles/CyberCity_CentralSecurity_Tiles_1/CyberCity_CentralSecurity_Tiles_1/BrigCellFloor2_6.png,BrigCellFloor2_6.png,CyberCity_CentralSecurity_Tiles_1/CyberCity_CentralSecurity_Tiles_1,CyberCity_CentralSecurity_Tiles_1,BrigCellFloor2,ground_floor_road,312,220,True,"[0, 0, 312, 220]",312,220,49.658,0.50342,1.4182,False,False,False,A_GROUND_FLOOR_ROAD
CS_0095,res://assets/tilesets/cyber_city_core_tilesets/CyberCity_CentralSecurity_Tiles/CyberCity_CentralSecurity_Tiles_1/CyberCity_CentralSecurity_Tiles_1/BrigCellFloor2_7.png,BrigCellFloor2_7.png,CyberCity_CentralSecurity_Tiles_1/CyberCity_CentralSecurity_Tiles_1,CyberCity_CentralSecurity_Tiles_1,BrigCellFloor2,ground_floor_road,312,220,True,"[0, 0, 312, 220]",312,220,49.661,0.50339,1.4182,False,False,False,A_GROUND_FLOOR_ROAD
CS_0096,res://assets/tilesets/cyber_city_core_tilesets/CyberCity_CentralSecurity_Tiles/CyberCity_CentralSecurity_Tiles_1/CyberCity_CentralSecurity_Tiles_1/BrigCellFloor2_8.png,BrigCellFloor2_8.png,CyberCity_CentralSecurity_Tiles_1/CyberCity_CentralSecurity_Tiles_1,CyberCity_CentralSecurity_Tiles_1,BrigCellFloor2,ground_floor_road,309,220,True,"[0, 0, 309, 220]",309,220,49.178,0.50822,1.4045,False,False,False,A_GROUND_FLOOR_ROAD
CS_0097,res://assets/tilesets/cyber_city_core_tilesets/CyberCity_CentralSecurity_Tiles/CyberCity_CentralSecurity_Tiles_1/CyberCity_CentralSecurity_Tiles_1/BrigCellWall1_1.png,BrigCellWall1_1.png,CyberCity_CentralSecurity_Tiles_1/CyberCity_CentralSecurity_Tiles_1,CyberCity_CentralSecurity_Tiles_1,BrigCellWall1,wall_security_barrier,227,161,True,"[0, 0, 227, 161]",227,161,32.635,0.67365,1.4099,False,False,False,B_WALL_SECURITY_BARRIER
CS_0098,res://assets/tilesets/cyber_city_core_tilesets/CyberCity_CentralSecurity_Tiles/CyberCity_CentralSecurity_Tiles_1/CyberCity_CentralSecurity_Tiles_1/BrigCellWall1_2.png,BrigCellWall1_2.png,CyberCity_CentralSecurity_Tiles_1/CyberCity_CentralSecurity_Tiles_1,CyberCity_CentralSecurity_Tiles_1,BrigCellWall1,wall_security_barrier,27,299,True,"[0, 0, 27, 299]",27,299,32.677,0.67323,0.0903,False,False,False,B_WALL_SECURITY_BARRIER
CS_0099,res://assets/tilesets/cyber_city_core_tilesets/CyberCity_CentralSecurity_Tiles/CyberCity_CentralSecurity_Tiles_1/CyberCity_CentralSecurity_Tiles_1/BrigCellWall1_3.png,BrigCellWall1_3.png,CyberCity_CentralSecurity_Tiles_1/CyberCity_CentralSecurity_Tiles_1,CyberCity_CentralSecurity_Tiles_1,BrigCellWall1,wall_security_barrier,227,161,True,"[0, 0, 227, 161]",227,161,32.73,0.6727,1.4099,False,False,False,B_WALL_SECURITY_BARRIER
CS_0100,res://assets/tilesets/cyber_city_core_tilesets/CyberCity_CentralSecurity_Tiles/CyberCity_CentralSecurity_Tiles_1/CyberCity_CentralSecurity_Tiles_1/BrigCellWall1_4.png,BrigCellWall1_4.png,CyberCity_CentralSecurity_Tiles_1/CyberCity_CentralSecurity_Tiles_1,CyberCity_CentralSecurity_Tiles_1,BrigCellWall1,wall_security_barrier,27,299,True,"[0, 0, 27, 299]",27,299,32.355,0.67645,0.0903,False,False,False,B_WALL_SECURITY_BARRIER
CS_0101,res://assets/tilesets/cyber_city_core_tilesets/CyberCity_CentralSecurity_Tiles/CyberCity_CentralSecurity_Tiles_1/CyberCity_CentralSecurity_Tiles_1/BrigCellWall1_5.png,BrigCellWall1_5.png,CyberCity_CentralSecurity_Tiles_1/CyberCity_CentralSecurity_Tiles_1,CyberCity_CentralSecurity_Tiles_1,BrigCellWall1,wall_security_barrier,171,261,True,"[0, 0, 171, 261]",171,261,52.932,0.47068,0.6552,False,False,False,B_WALL_SECURITY_BARRIER
CS_0102,res://assets/tilesets/cyber_city_core_tilesets/CyberCity_CentralSecurity_Tiles/CyberCity_CentralSecurity_Tiles_1/CyberCity_CentralSecurity_Tiles_1/BrigCellWall1_6.png,BrigCellWall1_6.png,CyberCity_CentralSecurity_Tiles_1/CyberCity_CentralSecurity_Tiles_1,CyberCity_CentralSecurity_Tiles_1,BrigCellWall1,wall_security_barrier,174,260,True,"[0, 0, 174, 260]",174,260,53.435,0.46565,0.6692,False,False,False,B_WALL_SECURITY_BARRIER
CS_0103,res://assets/tilesets/cyber_city_core_tilesets/CyberCity_CentralSecurity_Tiles/CyberCity_CentralSecurity_Tiles_1/CyberCity_CentralSecurity_Tiles_1/BrigCellWall1_7.png,BrigCellWall1_7.png,CyberCity_CentralSecurity_Tiles_1/CyberCity_CentralSecurity_Tiles_1,CyberCity_CentralSecurity_Tiles_1,BrigCellWall1,wall_security_barrier,174,261,True,"[0, 0, 174, 261]",174,261,53.506,0.46494,0.6667,False,False,False,B_WALL_SECURITY_BARRIER
CS_0104,res://assets/tilesets/cyber_city_core_tilesets/CyberCity_CentralSecurity_Tiles/CyberCity_CentralSecurity_Tiles_1/CyberCity_CentralSecurity_Tiles_1/BrigCellWall1_8.png,BrigCellWall1_8.png,CyberCity_CentralSecurity_Tiles_1/CyberCity_CentralSecurity_Tiles_1,CyberCity_CentralSecurity_Tiles_1,BrigCellWall1,wall_security_barrier,171,261,True,"[0, 0, 171, 261]",171,261,52.77,0.4723,0.6552,False,False,False,B_WALL_SECURITY_BARRIER
CS_0105,res://assets/tilesets/cyber_city_core_tilesets/CyberCity_CentralSecurity_Tiles/CyberCity_CentralSecurity_Tiles_1/CyberCity_CentralSecurity_Tiles_1/BrigCellWall2_1.png,BrigCellWall2_1.png,CyberCity_CentralSecurity_Tiles_1/CyberCity_CentralSecurity_Tiles_1,CyberCity_CentralSecurity_Tiles_1,BrigCellWall2,wall_security_barrier,227,161,True,"[0, 0, 227, 161]",227,161,50.973,0.49027,1.4099,False,False,False,B_WALL_SECURITY_BARRIER
CS_0106,res://assets/tilesets/cyber_city_core_tilesets/CyberCity_CentralSecurity_Tiles/CyberCity_CentralSecurity_Tiles_1/CyberCity_CentralSecurity_Tiles_1/BrigCellWall2_2.png,BrigCellWall2_2.png,CyberCity_CentralSecurity_Tiles_1/CyberCity_CentralSecurity_Tiles_1,CyberCity_CentralSecurity_Tiles_1,BrigCellWall2,wall_security_barrier,27,299,True,"[0, 0, 27, 299]",27,299,32.677,0.67323,0.0903,False,False,False,B_WALL_SECURITY_BARRIER
CS_0107,res://assets/tilesets/cyber_city_core_tilesets/CyberCity_CentralSecurity_Tiles/CyberCity_CentralSecurity_Tiles_1/CyberCity_CentralSecurity_Tiles_1/BrigCellWall2_3.png,BrigCellWall2_3.png,CyberCity_CentralSecurity_Tiles_1/CyberCity_CentralSecurity_Tiles_1,CyberCity_CentralSecurity_Tiles_1,BrigCellWall2,wall_security_barrier,227,161,True,"[0, 0, 227, 161]",227,161,51.068,0.48932,1.4099,False,False,False,B_WALL_SECURITY_BARRIER
CS_0108,res://assets/tilesets/cyber_city_core_tilesets/CyberCity_CentralSecurity_Tiles/CyberCity_CentralSecurity_Tiles_1/CyberCity_CentralSecurity_Tiles_1/BrigCellWall2_4.png,BrigCellWall2_4.png,CyberCity_CentralSecurity_Tiles_1/CyberCity_CentralSecurity_Tiles_1,CyberCity_CentralSecurity_Tiles_1,BrigCellWall2,wall_security_barrier,27,299,True,"[0, 0, 27, 299]",27,299,32.355,0.67645,0.0903,False,False,False,B_WALL_SECURITY_BARRIER
CS_0109,res://assets/tilesets/cyber_city_core_tilesets/CyberCity_CentralSecurity_Tiles/CyberCity_CentralSecurity_Tiles_1/CyberCity_CentralSecurity_Tiles_1/BrigCellWall2_5.png,BrigCellWall2_5.png,CyberCity_CentralSecurity_Tiles_1/CyberCity_CentralSecurity_Tiles_1,CyberCity_CentralSecurity_Tiles_1,BrigCellWall2,wall_security_barrier,171,261,True,"[0, 0, 171, 261]",171,261,62.873,0.37127,0.6552,False,False,False,B_WALL_SECURITY_BARRIER
CS_0110,res://assets/tilesets/cyber_city_core_tilesets/CyberCity_CentralSecurity_Tiles/CyberCity_CentralSecurity_Tiles_1/CyberCity_CentralSecurity_Tiles_1/BrigCellWall2_6.png,BrigCellWall2_6.png,CyberCity_CentralSecurity_Tiles_1/CyberCity_CentralSecurity_Tiles_1,CyberCity_CentralSecurity_Tiles_1,BrigCellWall2,wall_security_barrier,174,260,True,"[0, 0, 174, 260]",174,260,63.218,0.36782,0.6692,False,False,False,B_WALL_SECURITY_BARRIER
CS_0111,res://assets/tilesets/cyber_city_core_tilesets/CyberCity_CentralSecurity_Tiles/CyberCity_CentralSecurity_Tiles_1/CyberCity_CentralSecurity_Tiles_1/BrigCellWall2_7.png,BrigCellWall2_7.png,CyberCity_CentralSecurity_Tiles_1/CyberCity_CentralSecurity_Tiles_1,CyberCity_CentralSecurity_Tiles_1,BrigCellWall2,wall_security_barrier,174,261,True,"[0, 0, 174, 261]",174,261,63.291,0.36709,0.6667,False,False,False,B_WALL_SECURITY_BARRIER
CS_0112,res://assets/tilesets/cyber_city_core_tilesets/CyberCity_CentralSecurity_Tiles/CyberCity_CentralSecurity_Tiles_1/CyberCity_CentralSecurity_Tiles_1/BrigCellWall2_8.png,BrigCellWall2_8.png,CyberCity_CentralSecurity_Tiles_1/CyberCity_CentralSecurity_Tiles_1,CyberCity_CentralSecurity_Tiles_1,BrigCellWall2,wall_security_barrier,171,261,True,"[0, 0, 171, 261]",171,261,62.708,0.37292,0.6552,False,False,False,B_WALL_SECURITY_BARRIER
CS_0113,res://assets/tilesets/cyber_city_core_tilesets/CyberCity_CentralSecurity_Tiles/CyberCity_CentralSecurity_Tiles_1/CyberCity_CentralSecurity_Tiles_1/BrigCellWall3_1.png,BrigCellWall3_1.png,CyberCity_CentralSecurity_Tiles_1/CyberCity_CentralSecurity_Tiles_1,CyberCity_CentralSecurity_Tiles_1,BrigCellWall3,wall_security_barrier,227,158,True,"[0, 0, 227, 158]",227,158,7.001,0.92999,1.4367,False,False,False,B_WALL_SECURITY_BARRIER
CS_0114,res://assets/tilesets/cyber_city_core_tilesets/CyberCity_CentralSecurity_Tiles/CyberCity_CentralSecurity_Tiles_1/CyberCity_CentralSecurity_Tiles_1/BrigCellWall3_2.png,BrigCellWall3_2.png,CyberCity_CentralSecurity_Tiles_1/CyberCity_CentralSecurity_Tiles_1,CyberCity_CentralSecurity_Tiles_1,BrigCellWall3,wall_security_barrier,34,299,True,"[0, 0, 34, 299]",34,299,47.698,0.52302,0.1137,False,False,False,B_WALL_SECURITY_BARRIER
CS_0115,res://assets/tilesets/cyber_city_core_tilesets/CyberCity_CentralSecurity_Tiles/CyberCity_CentralSecurity_Tiles_1/CyberCity_CentralSecurity_Tiles_1/BrigCellWall3_3.png,BrigCellWall3_3.png,CyberCity_CentralSecurity_Tiles_1/CyberCity_CentralSecurity_Tiles_1,CyberCity_CentralSecurity_Tiles_1,BrigCellWall3,wall_security_barrier,227,158,True,"[0, 0, 227, 158]",227,158,6.97,0.9303,1.4367,False,False,False,B_WALL_SECURITY_BARRIER
CS_0116,res://assets/tilesets/cyber_city_core_tilesets/CyberCity_CentralSecurity_Tiles/CyberCity_CentralSecurity_Tiles_1/CyberCity_CentralSecurity_Tiles_1/BrigCellWall3_4.png,BrigCellWall3_4.png,CyberCity_CentralSecurity_Tiles_1/CyberCity_CentralSecurity_Tiles_1,CyberCity_CentralSecurity_Tiles_1,BrigCellWall3,wall_security_barrier,34,299,True,"[0, 0, 34, 299]",34,299,49.548,0.50452,0.1137,False,False,False,B_WALL_SECURITY_BARRIER
CS_0117,res://assets/tilesets/cyber_city_core_tilesets/CyberCity_CentralSecurity_Tiles/CyberCity_CentralSecurity_Tiles_1/CyberCity_CentralSecurity_Tiles_1/BrigCellWall3_5.png,BrigCellWall3_5.png,CyberCity_CentralSecurity_Tiles_1/CyberCity_CentralSecurity_Tiles_1,CyberCity_CentralSecurity_Tiles_1,BrigCellWall3,wall_security_barrier,170,258,True,"[0, 0, 170, 258]",170,258,43.299,0.56701,0.6589,False,False,False,B_WALL_SECURITY_BARRIER
CS_0118,res://assets/tilesets/cyber_city_core_tilesets/CyberCity_CentralSecurity_Tiles/CyberCity_CentralSecurity_Tiles_1/CyberCity_CentralSecurity_Tiles_1/BrigCellWall3_6.png,BrigCellWall3_6.png,CyberCity_CentralSecurity_Tiles_1/CyberCity_CentralSecurity_Tiles_1,CyberCity_CentralSecurity_Tiles_1,BrigCellWall3,wall_security_barrier,172,257,True,"[0, 0, 172, 257]",172,257,43.704,0.56296,0.6693,False,False,False,B_WALL_SECURITY_BARRIER
CS_0119,res://assets/tilesets/cyber_city_core_tilesets/CyberCity_CentralSecurity_Tiles/CyberCity_CentralSecurity_Tiles_1/CyberCity_CentralSecurity_Tiles_1/BrigCellWall3_7.png,BrigCellWall3_7.png,CyberCity_CentralSecurity_Tiles_1/CyberCity_CentralSecurity_Tiles_1,CyberCity_CentralSecurity_Tiles_1,BrigCellWall3,wall_security_barrier,172,257,True,"[0, 0, 172, 257]",172,257,43.693,0.56307,0.6693,False,False,False,B_WALL_SECURITY_BARRIER
CS_0120,res://assets/tilesets/cyber_city_core_tilesets/CyberCity_CentralSecurity_Tiles/CyberCity_CentralSecurity_Tiles_1/CyberCity_CentralSecurity_Tiles_1/BrigCellWall3_8.png,BrigCellWall3_8.png,CyberCity_CentralSecurity_Tiles_1/CyberCity_CentralSecurity_Tiles_1,CyberCity_CentralSecurity_Tiles_1,BrigCellWall3,wall_security_barrier,170,258,True,"[0, 0, 170, 258]",170,258,43.279,0.56721,0.6589,False,False,False,B_WALL_SECURITY_BARRIER
CS_0121,res://assets/tilesets/cyber_city_core_tilesets/CyberCity_CentralSecurity_Tiles/CyberCity_CentralSecurity_Tiles_1/CyberCity_CentralSecurity_Tiles_1/BrigCellWall4_1.png,BrigCellWall4_1.png,CyberCity_CentralSecurity_Tiles_1/CyberCity_CentralSecurity_Tiles_1,CyberCity_CentralSecurity_Tiles_1,BrigCellWall4,wall_security_barrier,227,158,True,"[0, 0, 227, 158]",227,158,7.272,0.92728,1.4367,False,False,False,B_WALL_SECURITY_BARRIER
CS_0122,res://assets/tilesets/cyber_city_core_tilesets/CyberCity_CentralSecurity_Tiles/CyberCity_CentralSecurity_Tiles_1/CyberCity_CentralSecurity_Tiles_1/BrigCellWall4_2.png,BrigCellWall4_2.png,CyberCity_CentralSecurity_Tiles_1/CyberCity_CentralSecurity_Tiles_1,CyberCity_CentralSecurity_Tiles_1,BrigCellWall4,wall_security_barrier,26,299,True,"[0, 0, 26, 299]",26,299,37.124,0.62876,0.087,False,False,False,B_WALL_SECURITY_BARRIER
CS_0123,res://assets/tilesets/cyber_city_core_tilesets/CyberCity_CentralSecurity_Tiles/CyberCity_CentralSecurity_Tiles_1/CyberCity_CentralSecurity_Tiles_1/BrigCellWall4_3.png,BrigCellWall4_3.png,CyberCity_CentralSecurity_Tiles_1/CyberCity_CentralSecurity_Tiles_1,CyberCity_CentralSecurity_Tiles_1,BrigCellWall4,wall_security_barrier,227,158,True,"[0, 0, 227, 158]",227,158,7.316,0.92684,1.4367,False,False,False,B_WALL_SECURITY_BARRIER
CS_0124,res://assets/tilesets/cyber_city_core_tilesets/CyberCity_CentralSecurity_Tiles/CyberCity_CentralSecurity_Tiles_1/CyberCity_CentralSecurity_Tiles_1/BrigCellWall4_4.png,BrigCellWall4_4.png,CyberCity_CentralSecurity_Tiles_1/CyberCity_CentralSecurity_Tiles_1,CyberCity_CentralSecurity_Tiles_1,BrigCellWall4,wall_security_barrier,26,299,True,"[0, 0, 26, 299]",26,299,36.596,0.63404,0.087,False,False,False,B_WALL_SECURITY_BARRIER
CS_0125,res://assets/tilesets/cyber_city_core_tilesets/CyberCity_CentralSecurity_Tiles/CyberCity_CentralSecurity_Tiles_1/CyberCity_CentralSecurity_Tiles_1/BrigCellWall4_5.png,BrigCellWall4_5.png,CyberCity_CentralSecurity_Tiles_1/CyberCity_CentralSecurity_Tiles_1,CyberCity_CentralSecurity_Tiles_1,BrigCellWall4,wall_security_barrier,170,257,True,"[0, 0, 170, 257]",170,257,43.532,0.56468,0.6615,False,False,False,B_WALL_SECURITY_BARRIER
CS_0126,res://assets/tilesets/cyber_city_core_tilesets/CyberCity_CentralSecurity_Tiles/CyberCity_CentralSecurity_Tiles_1/CyberCity_CentralSecurity_Tiles_1/BrigCellWall4_6.png,BrigCellWall4_6.png,CyberCity_CentralSecurity_Tiles_1/CyberCity_CentralSecurity_Tiles_1,CyberCity_CentralSecurity_Tiles_1,BrigCellWall4,wall_security_barrier,172,257,True,"[0, 0, 172, 257]",172,257,44.17,0.5583,0.6693,False,False,False,B_WALL_SECURITY_BARRIER
CS_0127,res://assets/tilesets/cyber_city_core_tilesets/CyberCity_CentralSecurity_Tiles/CyberCity_CentralSecurity_Tiles_1/CyberCity_CentralSecurity_Tiles_1/BrigCellWall4_7.png,BrigCellWall4_7.png,CyberCity_CentralSecurity_Tiles_1/CyberCity_CentralSecurity_Tiles_1,CyberCity_CentralSecurity_Tiles_1,BrigCellWall4,wall_security_barrier,172,257,True,"[0, 0, 172, 257]",172,257,44.186,0.55814,0.6693,False,False,False,B_WALL_SECURITY_BARRIER
CS_0128,res://assets/tilesets/cyber_city_core_tilesets/CyberCity_CentralSecurity_Tiles/CyberCity_CentralSecurity_Tiles_1/CyberCity_CentralSecurity_Tiles_1/BrigCellWall4_8.png,BrigCellWall4_8.png,CyberCity_CentralSecurity_Tiles_1/CyberCity_CentralSecurity_Tiles_1,CyberCity_CentralSecurity_Tiles_1,BrigCellWall4,wall_security_barrier,170,257,True,"[0, 0, 170, 257]",170,257,43.555,0.56445,0.6615,False,False,False,B_WALL_SECURITY_BARRIER
CS_0129,res://assets/tilesets/cyber_city_core_tilesets/CyberCity_CentralSecurity_Tiles/CyberCity_CentralSecurity_Tiles_1/CyberCity_CentralSecurity_Tiles_1/BrigCornerLight1_1.png,BrigCornerLight1_1.png,CyberCity_CentralSecurity_Tiles_1/CyberCity_CentralSecurity_Tiles_1,CyberCity_CentralSecurity_Tiles_1,BrigCornerLight1,"wall_security_barrier, prop_sign_tech",24,161,True,"[0, 0, 24, 161]",24,161,26.346,0.73654,0.1491,False,False,False,B_WALL_SECURITY_BARRIER
CS_0130,res://assets/tilesets/cyber_city_core_tilesets/CyberCity_CentralSecurity_Tiles/CyberCity_CentralSecurity_Tiles_1/CyberCity_CentralSecurity_Tiles_1/BrigCornerLight1_2.png,BrigCornerLight1_2.png,CyberCity_CentralSecurity_Tiles_1/CyberCity_CentralSecurity_Tiles_1,CyberCity_CentralSecurity_Tiles_1,BrigCornerLight1,"wall_security_barrier, prop_sign_tech",24,160,True,"[0, 0, 24, 160]",24,160,26.719,0.73281,0.15,False,False,False,B_WALL_SECURITY_BARRIER
CS_0131,res://assets/tilesets/cyber_city_core_tilesets/CyberCity_CentralSecurity_Tiles/CyberCity_CentralSecurity_Tiles_1/CyberCity_CentralSecurity_Tiles_1/BrigCornerLight1_3.png,BrigCornerLight1_3.png,CyberCity_CentralSecurity_Tiles_1/CyberCity_CentralSecurity_Tiles_1,CyberCity_CentralSecurity_Tiles_1,BrigCornerLight1,"wall_security_barrier, prop_sign_tech",25,160,True,"[0, 0, 25, 160]",25,160,28.875,0.71125,0.1562,False,False,False,B_WALL_SECURITY_BARRIER
CS_0132,res://assets/tilesets/cyber_city_core_tilesets/CyberCity_CentralSecurity_Tiles/CyberCity_CentralSecurity_Tiles_1/CyberCity_CentralSecurity_Tiles_1/BrigCornerLight1_4.png,BrigCornerLight1_4.png,CyberCity_CentralSecurity_Tiles_1/CyberCity_CentralSecurity_Tiles_1,CyberCity_CentralSecurity_Tiles_1,BrigCornerLight1,"wall_security_barrier, prop_sign_tech",25,161,True,"[0, 0, 25, 161]",25,161,29.292,0.70708,0.1553,False,False,False,B_WALL_SECURITY_BARRIER
CS_0133,res://assets/tilesets/cyber_city_core_tilesets/CyberCity_CentralSecurity_Tiles/CyberCity_CentralSecurity_Tiles_1/CyberCity_CentralSecurity_Tiles_1/BrigCornerLight1_5.png,BrigCornerLight1_5.png,CyberCity_CentralSecurity_Tiles_1/CyberCity_CentralSecurity_Tiles_1,CyberCity_CentralSecurity_Tiles_1,BrigCornerLight1,"wall_security_barrier, prop_sign_tech",28,162,True,"[0, 0, 28, 162]",28,162,29.453,0.70547,0.1728,False,False,False,B_WALL_SECURITY_BARRIER
CS_0134,res://assets/tilesets/cyber_city_core_tilesets/CyberCity_CentralSecurity_Tiles/CyberCity_CentralSecurity_Tiles_1/CyberCity_CentralSecurity_Tiles_1/BrigCornerLight1_6.png,BrigCornerLight1_6.png,CyberCity_CentralSecurity_Tiles_1/CyberCity_CentralSecurity_Tiles_1,CyberCity_CentralSecurity_Tiles_1,BrigCornerLight1,"wall_security_barrier, prop_sign_tech",31,162,True,"[0, 0, 31, 162]",31,162,27.419,0.72581,0.1914,False,False,False,B_WALL_SECURITY_BARRIER
CS_0135,res://assets/tilesets/cyber_city_core_tilesets/CyberCity_CentralSecurity_Tiles/CyberCity_CentralSecurity_Tiles_1/CyberCity_CentralSecurity_Tiles_1/BrigCornerLight1_7.png,BrigCornerLight1_7.png,CyberCity_CentralSecurity_Tiles_1/CyberCity_CentralSecurity_Tiles_1,CyberCity_CentralSecurity_Tiles_1,BrigCornerLight1,"wall_security_barrier, prop_sign_tech",31,162,True,"[0, 0, 31, 162]",31,162,27.459,0.72541,0.1914,False,False,False,B_WALL_SECURITY_BARRIER
CS_0136,res://assets/tilesets/cyber_city_core_tilesets/CyberCity_CentralSecurity_Tiles/CyberCity_CentralSecurity_Tiles_1/CyberCity_CentralSecurity_Tiles_1/BrigCornerLight1_8.png,BrigCornerLight1_8.png,CyberCity_CentralSecurity_Tiles_1/CyberCity_CentralSecurity_Tiles_1,CyberCity_CentralSecurity_Tiles_1,BrigCornerLight1,"wall_security_barrier, prop_sign_tech",27,162,True,"[0, 0, 27, 162]",27,162,27.069,0.72931,0.1667,False,False,False,B_WALL_SECURITY_BARRIER
CS_0137,res://assets/tilesets/cyber_city_core_tilesets/CyberCity_CentralSecurity_Tiles/CyberCity_CentralSecurity_Tiles_1/CyberCity_CentralSecurity_Tiles_1/BrigFloorTrim1_1.png,BrigFloorTrim1_1.png,CyberCity_CentralSecurity_Tiles_1/CyberCity_CentralSecurity_Tiles_1,CyberCity_CentralSecurity_Tiles_1,BrigFloorTrim1,ground_floor_road,28,159,True,"[0, 0, 28, 159]",28,159,11.725,0.88275,0.1761,False,False,False,A_GROUND_FLOOR_ROAD
CS_0138,res://assets/tilesets/cyber_city_core_tilesets/CyberCity_CentralSecurity_Tiles/CyberCity_CentralSecurity_Tiles_1/CyberCity_CentralSecurity_Tiles_1/BrigFloorTrim1_2.png,BrigFloorTrim1_2.png,CyberCity_CentralSecurity_Tiles_1/CyberCity_CentralSecurity_Tiles_1,CyberCity_CentralSecurity_Tiles_1,BrigFloorTrim1,ground_floor_road,224,26,True,"[0, 0, 224, 26]",224,26,30.031,0.69969,8.6154,False,False,False,A_GROUND_FLOOR_ROAD
CS_0139,res://assets/tilesets/cyber_city_core_tilesets/CyberCity_CentralSecurity_Tiles/CyberCity_CentralSecurity_Tiles_1/CyberCity_CentralSecurity_Tiles_1/BrigFloorTrim1_3.png,BrigFloorTrim1_3.png,CyberCity_CentralSecurity_Tiles_1/CyberCity_CentralSecurity_Tiles_1,CyberCity_CentralSecurity_Tiles_1,BrigFloorTrim1,ground_floor_road,172,122,True,"[0, 0, 172, 122]",172,122,80.876,0.19124,1.4098,False,False,False,A_GROUND_FLOOR_ROAD
CS_0140,res://assets/tilesets/cyber_city_core_tilesets/CyberCity_CentralSecurity_Tiles/CyberCity_CentralSecurity_Tiles_1/CyberCity_CentralSecurity_Tiles_1/BrigFloorTrim1_4.png,BrigFloorTrim1_4.png,CyberCity_CentralSecurity_Tiles_1/CyberCity_CentralSecurity_Tiles_1,CyberCity_CentralSecurity_Tiles_1,BrigFloorTrim1,ground_floor_road,171,123,True,"[0, 0, 171, 123]",171,123,80.954,0.19046,1.3902,False,False,False,A_GROUND_FLOOR_ROAD
CS_0141,res://assets/tilesets/cyber_city_core_tilesets/CyberCity_CentralSecurity_Tiles/CyberCity_CentralSecurity_Tiles_1/CyberCity_CentralSecurity_Tiles_1/BrigHallFloor1_1.png,BrigHallFloor1_1.png,CyberCity_CentralSecurity_Tiles_1/CyberCity_CentralSecurity_Tiles_1,CyberCity_CentralSecurity_Tiles_1,BrigHallFloor1,ground_floor_road,229,182,True,"[0, 0, 229, 182]",229,182,7.8,0.922,1.2582,False,False,False,A_GROUND_FLOOR_ROAD
CS_0142,res://assets/tilesets/cyber_city_core_tilesets/CyberCity_CentralSecurity_Tiles/CyberCity_CentralSecurity_Tiles_1/CyberCity_CentralSecurity_Tiles_1/BrigHallFloor1_2.png,BrigHallFloor1_2.png,CyberCity_CentralSecurity_Tiles_1/CyberCity_CentralSecurity_Tiles_1,CyberCity_CentralSecurity_Tiles_1,BrigHallFloor1,ground_floor_road,229,182,True,"[0, 0, 229, 182]",229,182,7.819,0.92181,1.2582,False,False,False,A_GROUND_FLOOR_ROAD
CS_0143,res://assets/tilesets/cyber_city_core_tilesets/CyberCity_CentralSecurity_Tiles/CyberCity_CentralSecurity_Tiles_1/CyberCity_CentralSecurity_Tiles_1/BrigHallFloor1_3.png,BrigHallFloor1_3.png,CyberCity_CentralSecurity_Tiles_1/CyberCity_CentralSecurity_Tiles_1,CyberCity_CentralSecurity_Tiles_1,BrigHallFloor1,ground_floor_road,229,182,True,"[0, 0, 229, 182]",229,182,7.913,0.92087,1.2582,False,False,False,A_GROUND_FLOOR_ROAD
CS_0144,res://assets/tilesets/cyber_city_core_tilesets/CyberCity_CentralSecurity_Tiles/CyberCity_CentralSecurity_Tiles_1/CyberCity_CentralSecurity_Tiles_1/BrigHallFloor1_4.png,BrigHallFloor1_4.png,CyberCity_CentralSecurity_Tiles_1/CyberCity_CentralSecurity_Tiles_1,CyberCity_CentralSecurity_Tiles_1,BrigHallFloor1,ground_floor_road,229,182,True,"[0, 0, 229, 182]",229,182,7.656,0.92344,1.2582,False,False,False,A_GROUND_FLOOR_ROAD
CS_0145,res://assets/tilesets/cyber_city_core_tilesets/CyberCity_CentralSecurity_Tiles/CyberCity_CentralSecurity_Tiles_1/CyberCity_CentralSecurity_Tiles_1/BrigHallFloor1_5.png,BrigHallFloor1_5.png,CyberCity_CentralSecurity_Tiles_1/CyberCity_CentralSecurity_Tiles_1,CyberCity_CentralSecurity_Tiles_1,BrigHallFloor1,ground_floor_road,317,238,True,"[0, 0, 317, 238]",317,238,47.012,0.52988,1.3319,False,False,False,A_GROUND_FLOOR_ROAD
CS_0146,res://assets/tilesets/cyber_city_core_tilesets/CyberCity_CentralSecurity_Tiles/CyberCity_CentralSecurity_Tiles_1/CyberCity_CentralSecurity_Tiles_1/BrigHallFloor1_6.png,BrigHallFloor1_6.png,CyberCity_CentralSecurity_Tiles_1/CyberCity_CentralSecurity_Tiles_1,CyberCity_CentralSecurity_Tiles_1,BrigHallFloor1,ground_floor_road,317,237,True,"[0, 0, 317, 237]",317,237,46.766,0.53234,1.3376,False,False,False,A_GROUND_FLOOR_ROAD
CS_0147,res://assets/tilesets/cyber_city_core_tilesets/CyberCity_CentralSecurity_Tiles/CyberCity_CentralSecurity_Tiles_1/CyberCity_CentralSecurity_Tiles_1/BrigHallFloor1_7.png,BrigHallFloor1_7.png,CyberCity_CentralSecurity_Tiles_1/CyberCity_CentralSecurity_Tiles_1,CyberCity_CentralSecurity_Tiles_1,BrigHallFloor1,ground_floor_road,317,237,True,"[0, 0, 317, 237]",317,237,46.809,0.53191,1.3376,False,False,False,A_GROUND_FLOOR_ROAD
CS_0148,res://assets/tilesets/cyber_city_core_tilesets/CyberCity_CentralSecurity_Tiles/CyberCity_CentralSecurity_Tiles_1/CyberCity_CentralSecurity_Tiles_1/BrigHallFloor1_8.png,BrigHallFloor1_8.png,CyberCity_CentralSecurity_Tiles_1/CyberCity_CentralSecurity_Tiles_1,CyberCity_CentralSecurity_Tiles_1,BrigHallFloor1,ground_floor_road,317,237,True,"[0, 0, 317, 237]",317,237,46.761,0.53239,1.3376,False,False,False,A_GROUND_FLOOR_ROAD
CS_0149,res://assets/tilesets/cyber_city_core_tilesets/CyberCity_CentralSecurity_Tiles/CyberCity_CentralSecurity_Tiles_1/CyberCity_CentralSecurity_Tiles_1/BrigHallWall1_1.png,BrigHallWall1_1.png,CyberCity_CentralSecurity_Tiles_1/CyberCity_CentralSecurity_Tiles_1,CyberCity_CentralSecurity_Tiles_1,BrigHallWall1,wall_security_barrier,229,163,True,"[0, 0, 229, 163]",229,163,16.452,0.83548,1.4049,False,False,False,B_WALL_SECURITY_BARRIER
CS_0150,res://assets/tilesets/cyber_city_core_tilesets/CyberCity_CentralSecurity_Tiles/CyberCity_CentralSecurity_Tiles_1/CyberCity_CentralSecurity_Tiles_1/BrigHallWall1_2.png,BrigHallWall1_2.png,CyberCity_CentralSecurity_Tiles_1/CyberCity_CentralSecurity_Tiles_1,CyberCity_CentralSecurity_Tiles_1,BrigHallWall1,wall_security_barrier,40,301,True,"[0, 0, 40, 301]",40,301,34.145,0.65855,0.1329,False,False,False,B_WALL_SECURITY_BARRIER
CS_0151,res://assets/tilesets/cyber_city_core_tilesets/CyberCity_CentralSecurity_Tiles/CyberCity_CentralSecurity_Tiles_1/CyberCity_CentralSecurity_Tiles_1/BrigHallWall1_3.png,BrigHallWall1_3.png,CyberCity_CentralSecurity_Tiles_1/CyberCity_CentralSecurity_Tiles_1,CyberCity_CentralSecurity_Tiles_1,BrigHallWall1,wall_security_barrier,229,159,True,"[0, 0, 229, 159]",229,159,15.569,0.84431,1.4403,False,False,False,B_WALL_SECURITY_BARRIER
CS_0152,res://assets/tilesets/cyber_city_core_tilesets/CyberCity_CentralSecurity_Tiles/CyberCity_CentralSecurity_Tiles_1/CyberCity_CentralSecurity_Tiles_1/BrigHallWall1_4.png,BrigHallWall1_4.png,CyberCity_CentralSecurity_Tiles_1/CyberCity_CentralSecurity_Tiles_1,CyberCity_CentralSecurity_Tiles_1,BrigHallWall1,wall_security_barrier,40,301,True,"[0, 0, 40, 301]",40,301,34.801,0.65199,0.1329,False,False,False,B_WALL_SECURITY_BARRIER
CS_0153,res://assets/tilesets/cyber_city_core_tilesets/CyberCity_CentralSecurity_Tiles/CyberCity_CentralSecurity_Tiles_1/CyberCity_CentralSecurity_Tiles_1/BrigHallWall1_5.png,BrigHallWall1_5.png,CyberCity_CentralSecurity_Tiles_1/CyberCity_CentralSecurity_Tiles_1,CyberCity_CentralSecurity_Tiles_1,BrigHallWall1,wall_security_barrier,178,264,True,"[0, 0, 178, 264]",178,264,45.631,0.54369,0.6742,False,False,False,B_WALL_SECURITY_BARRIER
CS_0154,res://assets/tilesets/cyber_city_core_tilesets/CyberCity_CentralSecurity_Tiles/CyberCity_CentralSecurity_Tiles_1/CyberCity_CentralSecurity_Tiles_1/BrigHallWall1_6.png,BrigHallWall1_6.png,CyberCity_CentralSecurity_Tiles_1/CyberCity_CentralSecurity_Tiles_1,CyberCity_CentralSecurity_Tiles_1,BrigHallWall1,wall_security_barrier,176,259,True,"[0, 0, 176, 259]",176,259,44.735,0.55265,0.6795,False,False,False,B_WALL_SECURITY_BARRIER
CS_0155,res://assets/tilesets/cyber_city_core_tilesets/CyberCity_CentralSecurity_Tiles/CyberCity_CentralSecurity_Tiles_1/CyberCity_CentralSecurity_Tiles_1/BrigHallWall1_7.png,BrigHallWall1_7.png,CyberCity_CentralSecurity_Tiles_1/CyberCity_CentralSecurity_Tiles_1,CyberCity_CentralSecurity_Tiles_1,BrigHallWall1,wall_security_barrier,176,259,True,"[0, 0, 176, 259]",176,259,46.573,0.53427,0.6795,False,False,False,B_WALL_SECURITY_BARRIER
CS_0156,res://assets/tilesets/cyber_city_core_tilesets/CyberCity_CentralSecurity_Tiles/CyberCity_CentralSecurity_Tiles_1/CyberCity_CentralSecurity_Tiles_1/BrigHallWall1_8.png,BrigHallWall1_8.png,CyberCity_CentralSecurity_Tiles_1/CyberCity_CentralSecurity_Tiles_1,CyberCity_CentralSecurity_Tiles_1,BrigHallWall1,wall_security_barrier,178,259,True,"[0, 0, 178, 259]",178,259,46.89,0.5311,0.6873,False,False,False,B_WALL_SECURITY_BARRIER
CS_0157,res://assets/tilesets/cyber_city_core_tilesets/CyberCity_CentralSecurity_Tiles/CyberCity_CentralSecurity_Tiles_1/CyberCity_CentralSecurity_Tiles_1/BrigHallWall2_1.png,BrigHallWall2_1.png,CyberCity_CentralSecurity_Tiles_1/CyberCity_CentralSecurity_Tiles_1,CyberCity_CentralSecurity_Tiles_1,BrigHallWall2,wall_security_barrier,229,187,True,"[0, 0, 229, 187]",229,187,9.416,0.90584,1.2246,False,False,False,B_WALL_SECURITY_BARRIER
CS_0158,res://assets/tilesets/cyber_city_core_tilesets/CyberCity_CentralSecurity_Tiles/CyberCity_CentralSecurity_Tiles_1/CyberCity_CentralSecurity_Tiles_1/BrigHallWall2_2.png,BrigHallWall2_2.png,CyberCity_CentralSecurity_Tiles_1/CyberCity_CentralSecurity_Tiles_1,CyberCity_CentralSecurity_Tiles_1,BrigHallWall2,wall_security_barrier,53,306,True,"[0, 0, 53, 306]",53,306,42.348,0.57652,0.1732,False,False,False,B_WALL_SECURITY_BARRIER
CS_0159,res://assets/tilesets/cyber_city_core_tilesets/CyberCity_CentralSecurity_Tiles/CyberCity_CentralSecurity_Tiles_1/CyberCity_CentralSecurity_Tiles_1/BrigHallWall2_3.png,BrigHallWall2_3.png,CyberCity_CentralSecurity_Tiles_1/CyberCity_CentralSecurity_Tiles_1,CyberCity_CentralSecurity_Tiles_1,BrigHallWall2,wall_security_barrier,229,186,True,"[0, 0, 229, 186]",229,186,8.757,0.91243,1.2312,False,False,False,B_WALL_SECURITY_BARRIER
CS_0160,res://assets/tilesets/cyber_city_core_tilesets/CyberCity_CentralSecurity_Tiles/CyberCity_CentralSecurity_Tiles_1/CyberCity_CentralSecurity_Tiles_1/BrigHallWall2_4.png,BrigHallWall2_4.png,CyberCity_CentralSecurity_Tiles_1/CyberCity_CentralSecurity_Tiles_1,CyberCity_CentralSecurity_Tiles_1,BrigHallWall2,wall_security_barrier,55,305,True,"[0, 0, 55, 305]",55,305,43.893,0.56107,0.1803,False,False,False,B_WALL_SECURITY_BARRIER
CS_0161,res://assets/tilesets/cyber_city_core_tilesets/CyberCity_CentralSecurity_Tiles/CyberCity_CentralSecurity_Tiles_1/CyberCity_CentralSecurity_Tiles_1/BrigHallWall2_5.png,BrigHallWall2_5.png,CyberCity_CentralSecurity_Tiles_1/CyberCity_CentralSecurity_Tiles_1,CyberCity_CentralSecurity_Tiles_1,BrigHallWall2,wall_security_barrier,164,270,True,"[0, 0, 164, 270]",164,270,34.991,0.65009,0.6074,False,False,False,B_WALL_SECURITY_BARRIER
CS_0162,res://assets/tilesets/cyber_city_core_tilesets/CyberCity_CentralSecurity_Tiles/CyberCity_CentralSecurity_Tiles_1/CyberCity_CentralSecurity_Tiles_1/BrigHallWall2_6.png,BrigHallWall2_6.png,CyberCity_CentralSecurity_Tiles_1/CyberCity_CentralSecurity_Tiles_1,CyberCity_CentralSecurity_Tiles_1,BrigHallWall2,wall_security_barrier,166,272,True,"[0, 0, 166, 272]",166,272,36.366,0.63634,0.6103,False,False,False,B_WALL_SECURITY_BARRIER
CS_0163,res://assets/tilesets/cyber_city_core_tilesets/CyberCity_CentralSecurity_Tiles/CyberCity_CentralSecurity_Tiles_1/CyberCity_CentralSecurity_Tiles_1/BrigHallWall2_7.png,BrigHallWall2_7.png,CyberCity_CentralSecurity_Tiles_1/CyberCity_CentralSecurity_Tiles_1,CyberCity_CentralSecurity_Tiles_1,BrigHallWall2,wall_security_barrier,167,271,True,"[0, 0, 167, 271]",167,271,36.419,0.63581,0.6162,False,False,False,B_WALL_SECURITY_BARRIER
CS_0164,res://assets/tilesets/cyber_city_core_tilesets/CyberCity_CentralSecurity_Tiles/CyberCity_CentralSecurity_Tiles_1/CyberCity_CentralSecurity_Tiles_1/BrigHallWall2_8.png,BrigHallWall2_8.png,CyberCity_CentralSecurity_Tiles_1/CyberCity_CentralSecurity_Tiles_1,CyberCity_CentralSecurity_Tiles_1,BrigHallWall2,wall_security_barrier,167,272,True,"[0, 0, 167, 272]",167,272,36.646,0.63354,0.614,False,False,False,B_WALL_SECURITY_BARRIER
CS_0165,res://assets/tilesets/cyber_city_core_tilesets/CyberCity_CentralSecurity_Tiles/CyberCity_CentralSecurity_Tiles_1/CyberCity_CentralSecurity_Tiles_1/BrigHallWall3_1.png,BrigHallWall3_1.png,CyberCity_CentralSecurity_Tiles_1/CyberCity_CentralSecurity_Tiles_1,CyberCity_CentralSecurity_Tiles_1,BrigHallWall3,wall_security_barrier,227,163,True,"[0, 0, 227, 163]",227,163,13.367,0.86633,1.3926,False,False,False,B_WALL_SECURITY_BARRIER
CS_0166,res://assets/tilesets/cyber_city_core_tilesets/CyberCity_CentralSecurity_Tiles/CyberCity_CentralSecurity_Tiles_1/CyberCity_CentralSecurity_Tiles_1/BrigHallWall3_2.png,BrigHallWall3_2.png,CyberCity_CentralSecurity_Tiles_1/CyberCity_CentralSecurity_Tiles_1,CyberCity_CentralSecurity_Tiles_1,BrigHallWall3,wall_security_barrier,40,300,True,"[0, 0, 40, 300]",40,300,34.208,0.65792,0.1333,False,False,False,B_WALL_SECURITY_BARRIER
CS_0167,res://assets/tilesets/cyber_city_core_tilesets/CyberCity_CentralSecurity_Tiles/CyberCity_CentralSecurity_Tiles_1/CyberCity_CentralSecurity_Tiles_1/BrigHallWall3_3.png,BrigHallWall3_3.png,CyberCity_CentralSecurity_Tiles_1/CyberCity_CentralSecurity_Tiles_1,CyberCity_CentralSecurity_Tiles_1,BrigHallWall3,wall_security_barrier,227,158,True,"[0, 0, 227, 158]",227,158,11.381,0.88619,1.4367,False,False,False,B_WALL_SECURITY_BARRIER
CS_0168,res://assets/tilesets/cyber_city_core_tilesets/CyberCity_CentralSecurity_Tiles/CyberCity_CentralSecurity_Tiles_1/CyberCity_CentralSecurity_Tiles_1/BrigHallWall3_4.png,BrigHallWall3_4.png,CyberCity_CentralSecurity_Tiles_1/CyberCity_CentralSecurity_Tiles_1,CyberCity_CentralSecurity_Tiles_1,BrigHallWall3,wall_security_barrier,40,299,True,"[0, 0, 40, 299]",40,299,34.707,0.65293,0.1338,False,False,False,B_WALL_SECURITY_BARRIER
CS_0169,res://assets/tilesets/cyber_city_core_tilesets/CyberCity_CentralSecurity_Tiles/CyberCity_CentralSecurity_Tiles_1/CyberCity_CentralSecurity_Tiles_1/BrigHallWall3_5.png,BrigHallWall3_5.png,CyberCity_CentralSecurity_Tiles_1/CyberCity_CentralSecurity_Tiles_1,CyberCity_CentralSecurity_Tiles_1,BrigHallWall3,wall_security_barrier,178,264,True,"[0, 0, 178, 264]",178,264,45.091,0.54909,0.6742,False,False,False,B_WALL_SECURITY_BARRIER
CS_0170,res://assets/tilesets/cyber_city_core_tilesets/CyberCity_CentralSecurity_Tiles/CyberCity_CentralSecurity_Tiles_1/CyberCity_CentralSecurity_Tiles_1/BrigHallWall3_6.png,BrigHallWall3_6.png,CyberCity_CentralSecurity_Tiles_1/CyberCity_CentralSecurity_Tiles_1,CyberCity_CentralSecurity_Tiles_1,BrigHallWall3,wall_security_barrier,175,257,True,"[0, 0, 175, 257]",175,257,43.293,0.56707,0.6809,False,False,False,B_WALL_SECURITY_BARRIER
CS_0171,res://assets/tilesets/cyber_city_core_tilesets/CyberCity_CentralSecurity_Tiles/CyberCity_CentralSecurity_Tiles_1/CyberCity_CentralSecurity_Tiles_1/BrigHallWall3_7.png,BrigHallWall3_7.png,CyberCity_CentralSecurity_Tiles_1/CyberCity_CentralSecurity_Tiles_1,CyberCity_CentralSecurity_Tiles_1,BrigHallWall3,wall_security_barrier,176,257,True,"[0, 0, 176, 257]",176,257,45.267,0.54733,0.6848,False,False,False,B_WALL_SECURITY_BARRIER
CS_0172,res://assets/tilesets/cyber_city_core_tilesets/CyberCity_CentralSecurity_Tiles/CyberCity_CentralSecurity_Tiles_1/CyberCity_CentralSecurity_Tiles_1/BrigHallWall3_8.png,BrigHallWall3_8.png,CyberCity_CentralSecurity_Tiles_1/CyberCity_CentralSecurity_Tiles_1,CyberCity_CentralSecurity_Tiles_1,BrigHallWall3,wall_security_barrier,178,258,True,"[0, 0, 178, 258]",178,258,45.721,0.54279,0.6899,False,False,False,B_WALL_SECURITY_BARRIER
CS_0173,res://assets/tilesets/cyber_city_core_tilesets/CyberCity_CentralSecurity_Tiles/CyberCity_CentralSecurity_Tiles_1/CyberCity_CentralSecurity_Tiles_1/BrigWall1_1.png,BrigWall1_1.png,CyberCity_CentralSecurity_Tiles_1/CyberCity_CentralSecurity_Tiles_1,CyberCity_CentralSecurity_Tiles_1,BrigWall1,wall_security_barrier,227,158,True,"[0, 0, 227, 158]",227,158,7.272,0.92728,1.4367,False,False,False,B_WALL_SECURITY_BARRIER
CS_0174,res://assets/tilesets/cyber_city_core_tilesets/CyberCity_CentralSecurity_Tiles/CyberCity_CentralSecurity_Tiles_1/CyberCity_CentralSecurity_Tiles_1/BrigWall1_2.png,BrigWall1_2.png,CyberCity_CentralSecurity_Tiles_1/CyberCity_CentralSecurity_Tiles_1,CyberCity_CentralSecurity_Tiles_1,BrigWall1,wall_security_barrier,17,299,True,"[0, 0, 17, 299]",17,299,41.255,0.58745,0.0569,False,False,True,B_WALL_SECURITY_BARRIER
CS_0175,res://assets/tilesets/cyber_city_core_tilesets/CyberCity_CentralSecurity_Tiles/CyberCity_CentralSecurity_Tiles_1/CyberCity_CentralSecurity_Tiles_1/BrigWall1_3.png,BrigWall1_3.png,CyberCity_CentralSecurity_Tiles_1/CyberCity_CentralSecurity_Tiles_1,CyberCity_CentralSecurity_Tiles_1,BrigWall1,wall_security_barrier,227,158,True,"[0, 0, 227, 158]",227,158,7.316,0.92684,1.4367,False,False,False,B_WALL_SECURITY_BARRIER
CS_0176,res://assets/tilesets/cyber_city_core_tilesets/CyberCity_CentralSecurity_Tiles/CyberCity_CentralSecurity_Tiles_1/CyberCity_CentralSecurity_Tiles_1/BrigWall1_4.png,BrigWall1_4.png,CyberCity_CentralSecurity_Tiles_1/CyberCity_CentralSecurity_Tiles_1,CyberCity_CentralSecurity_Tiles_1,BrigWall1,wall_security_barrier,17,299,True,"[0, 0, 17, 299]",17,299,41.137,0.58863,0.0569,False,False,True,B_WALL_SECURITY_BARRIER
CS_0177,res://assets/tilesets/cyber_city_core_tilesets/CyberCity_CentralSecurity_Tiles/CyberCity_CentralSecurity_Tiles_1/CyberCity_CentralSecurity_Tiles_1/BrigWall1_5.png,BrigWall1_5.png,CyberCity_CentralSecurity_Tiles_1/CyberCity_CentralSecurity_Tiles_1,CyberCity_CentralSecurity_Tiles_1,BrigWall1,wall_security_barrier,170,257,True,"[0, 0, 170, 257]",170,257,43.532,0.56468,0.6615,False,False,False,B_WALL_SECURITY_BARRIER
CS_0178,res://assets/tilesets/cyber_city_core_tilesets/CyberCity_CentralSecurity_Tiles/CyberCity_CentralSecurity_Tiles_1/CyberCity_CentralSecurity_Tiles_1/BrigWall1_6.png,BrigWall1_6.png,CyberCity_CentralSecurity_Tiles_1/CyberCity_CentralSecurity_Tiles_1,CyberCity_CentralSecurity_Tiles_1,BrigWall1,wall_security_barrier,172,257,True,"[0, 0, 172, 257]",172,257,44.17,0.5583,0.6693,False,False,False,B_WALL_SECURITY_BARRIER
CS_0179,res://assets/tilesets/cyber_city_core_tilesets/CyberCity_CentralSecurity_Tiles/CyberCity_CentralSecurity_Tiles_1/CyberCity_CentralSecurity_Tiles_1/BrigWall1_7.png,BrigWall1_7.png,CyberCity_CentralSecurity_Tiles_1/CyberCity_CentralSecurity_Tiles_1,CyberCity_CentralSecurity_Tiles_1,BrigWall1,wall_security_barrier,172,257,True,"[0, 0, 172, 257]",172,257,44.186,0.55814,0.6693,False,False,False,B_WALL_SECURITY_BARRIER
CS_0180,res://assets/tilesets/cyber_city_core_tilesets/CyberCity_CentralSecurity_Tiles/CyberCity_CentralSecurity_Tiles_1/CyberCity_CentralSecurity_Tiles_1/BrigWall1_8.png,BrigWall1_8.png,CyberCity_CentralSecurity_Tiles_1/CyberCity_CentralSecurity_Tiles_1,CyberCity_CentralSecurity_Tiles_1,BrigWall1,wall_security_barrier,170,257,True,"[0, 0, 170, 257]",170,257,43.555,0.56445,0.6615,False,False,False,B_WALL_SECURITY_BARRIER
CS_0181,res://assets/tilesets/cyber_city_core_tilesets/CyberCity_CentralSecurity_Tiles/CyberCity_CentralSecurity_Tiles_1/CyberCity_CentralSecurity_Tiles_1/BrigWall2_1.png,BrigWall2_1.png,CyberCity_CentralSecurity_Tiles_1/CyberCity_CentralSecurity_Tiles_1,CyberCity_CentralSecurity_Tiles_1,BrigWall2,wall_security_barrier,227,164,True,"[0, 0, 227, 164]",227,164,17.242,0.82758,1.3841,False,False,False,B_WALL_SECURITY_BARRIER
CS_0182,res://assets/tilesets/cyber_city_core_tilesets/CyberCity_CentralSecurity_Tiles/CyberCity_CentralSecurity_Tiles_1/CyberCity_CentralSecurity_Tiles_1/BrigWall2_2.png,BrigWall2_2.png,CyberCity_CentralSecurity_Tiles_1/CyberCity_CentralSecurity_Tiles_1,CyberCity_CentralSecurity_Tiles_1,BrigWall2,wall_security_barrier,38,300,True,"[0, 0, 38, 300]",38,300,29.009,0.70991,0.1267,False,False,False,B_WALL_SECURITY_BARRIER
CS_0183,res://assets/tilesets/cyber_city_core_tilesets/CyberCity_CentralSecurity_Tiles/CyberCity_CentralSecurity_Tiles_1/CyberCity_CentralSecurity_Tiles_1/BrigWall2_3.png,BrigWall2_3.png,CyberCity_CentralSecurity_Tiles_1/CyberCity_CentralSecurity_Tiles_1,CyberCity_CentralSecurity_Tiles_1,BrigWall2,wall_security_barrier,227,164,True,"[0, 0, 227, 164]",227,164,17.248,0.82752,1.3841,False,False,False,B_WALL_SECURITY_BARRIER
CS_0184,res://assets/tilesets/cyber_city_core_tilesets/CyberCity_CentralSecurity_Tiles/CyberCity_CentralSecurity_Tiles_1/CyberCity_CentralSecurity_Tiles_1/BrigWall2_4.png,BrigWall2_4.png,CyberCity_CentralSecurity_Tiles_1/CyberCity_CentralSecurity_Tiles_1,CyberCity_CentralSecurity_Tiles_1,BrigWall2,wall_security_barrier,36,299,True,"[0, 0, 36, 299]",36,299,25.725,0.74275,0.1204,False,False,False,B_WALL_SECURITY_BARRIER
CS_0185,res://assets/tilesets/cyber_city_core_tilesets/CyberCity_CentralSecurity_Tiles/CyberCity_CentralSecurity_Tiles_1/CyberCity_CentralSecurity_Tiles_1/BrigWall2_5.png,BrigWall2_5.png,CyberCity_CentralSecurity_Tiles_1/CyberCity_CentralSecurity_Tiles_1,CyberCity_CentralSecurity_Tiles_1,BrigWall2,wall_security_barrier,171,261,True,"[0, 0, 171, 261]",171,261,46.32,0.5368,0.6552,False,False,False,B_WALL_SECURITY_BARRIER
CS_0186,res://assets/tilesets/cyber_city_core_tilesets/CyberCity_CentralSecurity_Tiles/CyberCity_CentralSecurity_Tiles_1/CyberCity_CentralSecurity_Tiles_1/BrigWall2_6.png,BrigWall2_6.png,CyberCity_CentralSecurity_Tiles_1/CyberCity_CentralSecurity_Tiles_1,CyberCity_CentralSecurity_Tiles_1,BrigWall2,wall_security_barrier,172,257,True,"[0, 0, 172, 257]",172,257,45.444,0.54556,0.6693,False,False,False,B_WALL_SECURITY_BARRIER
CS_0187,res://assets/tilesets/cyber_city_core_tilesets/CyberCity_CentralSecurity_Tiles/CyberCity_CentralSecurity_Tiles_1/CyberCity_CentralSecurity_Tiles_1/BrigWall2_7.png,BrigWall2_7.png,CyberCity_CentralSecurity_Tiles_1/CyberCity_CentralSecurity_Tiles_1,CyberCity_CentralSecurity_Tiles_1,BrigWall2,wall_security_barrier,172,258,True,"[0, 0, 172, 258]",172,258,45.73,0.5427,0.6667,False,False,False,B_WALL_SECURITY_BARRIER
CS_0188,res://assets/tilesets/cyber_city_core_tilesets/CyberCity_CentralSecurity_Tiles/CyberCity_CentralSecurity_Tiles_1/CyberCity_CentralSecurity_Tiles_1/BrigWall2_8.png,BrigWall2_8.png,CyberCity_CentralSecurity_Tiles_1/CyberCity_CentralSecurity_Tiles_1,CyberCity_CentralSecurity_Tiles_1,BrigWall2,wall_security_barrier,170,258,True,"[0, 0, 170, 258]",170,258,45.415,0.54585,0.6589,False,False,False,B_WALL_SECURITY_BARRIER
CS_0189,res://assets/tilesets/cyber_city_core_tilesets/CyberCity_CentralSecurity_Tiles/CyberCity_CentralSecurity_Tiles_1/CyberCity_CentralSecurity_Tiles_1/BrigWall3_1.png,BrigWall3_1.png,CyberCity_CentralSecurity_Tiles_1/CyberCity_CentralSecurity_Tiles_1,CyberCity_CentralSecurity_Tiles_1,BrigWall3,wall_security_barrier,227,164,True,"[0, 0, 227, 164]",227,164,7.548,0.92452,1.3841,False,False,False,B_WALL_SECURITY_BARRIER
CS_0190,res://assets/tilesets/cyber_city_core_tilesets/CyberCity_CentralSecurity_Tiles/CyberCity_CentralSecurity_Tiles_1/CyberCity_CentralSecurity_Tiles_1/BrigWall3_2.png,BrigWall3_2.png,CyberCity_CentralSecurity_Tiles_1/CyberCity_CentralSecurity_Tiles_1,CyberCity_CentralSecurity_Tiles_1,BrigWall3,wall_security_barrier,38,300,True,"[0, 0, 38, 300]",38,300,29.009,0.70991,0.1267,False,False,False,B_WALL_SECURITY_BARRIER
CS_0191,res://assets/tilesets/cyber_city_core_tilesets/CyberCity_CentralSecurity_Tiles/CyberCity_CentralSecurity_Tiles_1/CyberCity_CentralSecurity_Tiles_1/BrigWall3_3.png,BrigWall3_3.png,CyberCity_CentralSecurity_Tiles_1/CyberCity_CentralSecurity_Tiles_1,CyberCity_CentralSecurity_Tiles_1,BrigWall3,wall_security_barrier,227,164,True,"[0, 0, 227, 164]",227,164,7.709,0.92291,1.3841,False,False,False,B_WALL_SECURITY_BARRIER
CS_0192,res://assets/tilesets/cyber_city_core_tilesets/CyberCity_CentralSecurity_Tiles/CyberCity_CentralSecurity_Tiles_1/CyberCity_CentralSecurity_Tiles_1/BrigWall3_4.png,BrigWall3_4.png,CyberCity_CentralSecurity_Tiles_1/CyberCity_CentralSecurity_Tiles_1,CyberCity_CentralSecurity_Tiles_1,BrigWall3,wall_security_barrier,36,299,True,"[0, 0, 36, 299]",36,299,25.725,0.74275,0.1204,False,False,False,B_WALL_SECURITY_BARRIER
CS_0193,res://assets/tilesets/cyber_city_core_tilesets/CyberCity_CentralSecurity_Tiles/CyberCity_CentralSecurity_Tiles_1/CyberCity_CentralSecurity_Tiles_1/BrigWall3_5.png,BrigWall3_5.png,CyberCity_CentralSecurity_Tiles_1/CyberCity_CentralSecurity_Tiles_1,CyberCity_CentralSecurity_Tiles_1,BrigWall3,wall_security_barrier,171,261,True,"[0, 0, 171, 261]",171,261,41.278,0.58722,0.6552,False,False,False,B_WALL_SECURITY_BARRIER
CS_0194,res://assets/tilesets/cyber_city_core_tilesets/CyberCity_CentralSecurity_Tiles/CyberCity_CentralSecurity_Tiles_1/CyberCity_CentralSecurity_Tiles_1/BrigWall3_6.png,BrigWall3_6.png,CyberCity_CentralSecurity_Tiles_1/CyberCity_CentralSecurity_Tiles_1,CyberCity_CentralSecurity_Tiles_1,BrigWall3,wall_security_barrier,172,257,True,"[0, 0, 172, 257]",172,257,40.435,0.59565,0.6693,False,False,False,B_WALL_SECURITY_BARRIER
CS_0195,res://assets/tilesets/cyber_city_core_tilesets/CyberCity_CentralSecurity_Tiles/CyberCity_CentralSecurity_Tiles_1/CyberCity_CentralSecurity_Tiles_1/BrigWall3_7.png,BrigWall3_7.png,CyberCity_CentralSecurity_Tiles_1/CyberCity_CentralSecurity_Tiles_1,CyberCity_CentralSecurity_Tiles_1,BrigWall3,wall_security_barrier,172,258,True,"[0, 0, 172, 258]",172,258,40.682,0.59318,0.6667,False,False,False,B_WALL_SECURITY_BARRIER
CS_0196,res://assets/tilesets/cyber_city_core_tilesets/CyberCity_CentralSecurity_Tiles/CyberCity_CentralSecurity_Tiles_1/CyberCity_CentralSecurity_Tiles_1/BrigWall3_8.png,BrigWall3_8.png,CyberCity_CentralSecurity_Tiles_1/CyberCity_CentralSecurity_Tiles_1,CyberCity_CentralSecurity_Tiles_1,BrigWall3,wall_security_barrier,170,258,True,"[0, 0, 170, 258]",170,258,40.356,0.59644,0.6589,False,False,False,B_WALL_SECURITY_BARRIER
CS_0197,res://assets/tilesets/cyber_city_core_tilesets/CyberCity_CentralSecurity_Tiles/CyberCity_CentralSecurity_Tiles_1/CyberCity_CentralSecurity_Tiles_1/BrigWall4_1.png,BrigWall4_1.png,CyberCity_CentralSecurity_Tiles_1/CyberCity_CentralSecurity_Tiles_1,CyberCity_CentralSecurity_Tiles_1,BrigWall4,wall_security_barrier,227,164,True,"[0, 0, 227, 164]",227,164,30.101,0.69899,1.3841,False,False,False,B_WALL_SECURITY_BARRIER
CS_0198,res://assets/tilesets/cyber_city_core_tilesets/CyberCity_CentralSecurity_Tiles/CyberCity_CentralSecurity_Tiles_1/CyberCity_CentralSecurity_Tiles_1/BrigWall4_2.png,BrigWall4_2.png,CyberCity_CentralSecurity_Tiles_1/CyberCity_CentralSecurity_Tiles_1,CyberCity_CentralSecurity_Tiles_1,BrigWall4,wall_security_barrier,38,300,True,"[0, 0, 38, 300]",38,300,29.009,0.70991,0.1267,False,False,False,B_WALL_SECURITY_BARRIER
CS_0199,res://assets/tilesets/cyber_city_core_tilesets/CyberCity_CentralSecurity_Tiles/CyberCity_CentralSecurity_Tiles_1/CyberCity_CentralSecurity_Tiles_1/BrigWall4_3.png,BrigWall4_3.png,CyberCity_CentralSecurity_Tiles_1/CyberCity_CentralSecurity_Tiles_1,CyberCity_CentralSecurity_Tiles_1,BrigWall4,wall_security_barrier,227,164,True,"[0, 0, 227, 164]",227,164,30.284,0.69716,1.3841,False,False,False,B_WALL_SECURITY_BARRIER
CS_0200,res://assets/tilesets/cyber_city_core_tilesets/CyberCity_CentralSecurity_Tiles/CyberCity_CentralSecurity_Tiles_1/CyberCity_CentralSecurity_Tiles_1/BrigWall4_4.png,BrigWall4_4.png,CyberCity_CentralSecurity_Tiles_1/CyberCity_CentralSecurity_Tiles_1,CyberCity_CentralSecurity_Tiles_1,BrigWall4,wall_security_barrier,36,299,True,"[0, 0, 36, 299]",36,299,25.725,0.74275,0.1204,False,False,False,B_WALL_SECURITY_BARRIER
CS_0201,res://assets/tilesets/cyber_city_core_tilesets/CyberCity_CentralSecurity_Tiles/CyberCity_CentralSecurity_Tiles_1/CyberCity_CentralSecurity_Tiles_1/BrigWall4_5.png,BrigWall4_5.png,CyberCity_CentralSecurity_Tiles_1/CyberCity_CentralSecurity_Tiles_1,CyberCity_CentralSecurity_Tiles_1,BrigWall4,wall_security_barrier,171,261,True,"[0, 0, 171, 261]",171,261,50.456,0.49544,0.6552,False,False,False,B_WALL_SECURITY_BARRIER
CS_0202,res://assets/tilesets/cyber_city_core_tilesets/CyberCity_CentralSecurity_Tiles/CyberCity_CentralSecurity_Tiles_1/CyberCity_CentralSecurity_Tiles_1/BrigWall4_6.png,BrigWall4_6.png,CyberCity_CentralSecurity_Tiles_1/CyberCity_CentralSecurity_Tiles_1,CyberCity_CentralSecurity_Tiles_1,BrigWall4,wall_security_barrier,172,257,True,"[0, 0, 172, 257]",172,257,49.679,0.50321,0.6693,False,False,False,B_WALL_SECURITY_BARRIER
CS_0203,res://assets/tilesets/cyber_city_core_tilesets/CyberCity_CentralSecurity_Tiles/CyberCity_CentralSecurity_Tiles_1/CyberCity_CentralSecurity_Tiles_1/BrigWall4_7.png,BrigWall4_7.png,CyberCity_CentralSecurity_Tiles_1/CyberCity_CentralSecurity_Tiles_1,CyberCity_CentralSecurity_Tiles_1,BrigWall4,wall_security_barrier,172,258,True,"[0, 0, 172, 258]",172,258,49.89,0.5011,0.6667,False,False,False,B_WALL_SECURITY_BARRIER
CS_0204,res://assets/tilesets/cyber_city_core_tilesets/CyberCity_CentralSecurity_Tiles/CyberCity_CentralSecurity_Tiles_1/CyberCity_CentralSecurity_Tiles_1/BrigWall4_8.png,BrigWall4_8.png,CyberCity_CentralSecurity_Tiles_1/CyberCity_CentralSecurity_Tiles_1,CyberCity_CentralSecurity_Tiles_1,BrigWall4,wall_security_barrier,170,258,True,"[0, 0, 170, 258]",170,258,49.656,0.50344,0.6589,False,False,False,B_WALL_SECURITY_BARRIER
CS_0205,res://assets/tilesets/cyber_city_core_tilesets/CyberCity_CentralSecurity_Tiles/CyberCity_CentralSecurity_Tiles_1/CyberCity_CentralSecurity_Tiles_1/BrigWall5_1.png,BrigWall5_1.png,CyberCity_CentralSecurity_Tiles_1/CyberCity_CentralSecurity_Tiles_1,CyberCity_CentralSecurity_Tiles_1,BrigWall5,wall_security_barrier,227,177,True,"[0, 0, 227, 177]",227,177,10.095,0.89905,1.2825,False,False,False,B_WALL_SECURITY_BARRIER
CS_0206,res://assets/tilesets/cyber_city_core_tilesets/CyberCity_CentralSecurity_Tiles/CyberCity_CentralSecurity_Tiles_1/CyberCity_CentralSecurity_Tiles_1/BrigWall5_2.png,BrigWall5_2.png,CyberCity_CentralSecurity_Tiles_1/CyberCity_CentralSecurity_Tiles_1,CyberCity_CentralSecurity_Tiles_1,BrigWall5,wall_security_barrier,67,299,True,"[0, 0, 67, 299]",67,299,57.3,0.427,0.2241,False,False,False,B_WALL_SECURITY_BARRIER
CS_0207,res://assets/tilesets/cyber_city_core_tilesets/CyberCity_CentralSecurity_Tiles/CyberCity_CentralSecurity_Tiles_1/CyberCity_CentralSecurity_Tiles_1/BrigWall5_3.png,BrigWall5_3.png,CyberCity_CentralSecurity_Tiles_1/CyberCity_CentralSecurity_Tiles_1,CyberCity_CentralSecurity_Tiles_1,BrigWall5,wall_security_barrier,227,158,True,"[0, 0, 227, 158]",227,158,7.701,0.92299,1.4367,False,False,False,B_WALL_SECURITY_BARRIER
CS_0208,res://assets/tilesets/cyber_city_core_tilesets/CyberCity_CentralSecurity_Tiles/CyberCity_CentralSecurity_Tiles_1/CyberCity_CentralSecurity_Tiles_1/BrigWall5_4.png,BrigWall5_4.png,CyberCity_CentralSecurity_Tiles_1/CyberCity_CentralSecurity_Tiles_1,CyberCity_CentralSecurity_Tiles_1,BrigWall5,wall_security_barrier,68,299,True,"[0, 0, 68, 299]",68,299,57.81,0.4219,0.2274,False,False,False,B_WALL_SECURITY_BARRIER
CS_0209,res://assets/tilesets/cyber_city_core_tilesets/CyberCity_CentralSecurity_Tiles/CyberCity_CentralSecurity_Tiles_1/CyberCity_CentralSecurity_Tiles_1/BrigWall5_5.png,BrigWall5_5.png,CyberCity_CentralSecurity_Tiles_1/CyberCity_CentralSecurity_Tiles_1,CyberCity_CentralSecurity_Tiles_1,BrigWall5,wall_security_barrier,174,256,True,"[0, 0, 174, 256]",174,256,36.061,0.63939,0.6797,False,False,False,B_WALL_SECURITY_BARRIER
CS_0210,res://assets/tilesets/cyber_city_core_tilesets/CyberCity_CentralSecurity_Tiles/CyberCity_CentralSecurity_Tiles_1/CyberCity_CentralSecurity_Tiles_1/BrigWall5_6.png,BrigWall5_6.png,CyberCity_CentralSecurity_Tiles_1/CyberCity_CentralSecurity_Tiles_1,CyberCity_CentralSecurity_Tiles_1,BrigWall5,wall_security_barrier,173,257,True,"[0, 0, 173, 257]",173,257,35.955,0.64045,0.6732,False,False,False,B_WALL_SECURITY_BARRIER
CS_0211,res://assets/tilesets/cyber_city_core_tilesets/CyberCity_CentralSecurity_Tiles/CyberCity_CentralSecurity_Tiles_1/CyberCity_CentralSecurity_Tiles_1/BrigWall5_7.png,BrigWall5_7.png,CyberCity_CentralSecurity_Tiles_1/CyberCity_CentralSecurity_Tiles_1,CyberCity_CentralSecurity_Tiles_1,BrigWall5,wall_security_barrier,177,257,True,"[0, 0, 177, 257]",177,257,45.527,0.54473,0.6887,False,False,False,B_WALL_SECURITY_BARRIER
CS_0212,res://assets/tilesets/cyber_city_core_tilesets/CyberCity_CentralSecurity_Tiles/CyberCity_CentralSecurity_Tiles_1/CyberCity_CentralSecurity_Tiles_1/BrigWall5_8.png,BrigWall5_8.png,CyberCity_CentralSecurity_Tiles_1/CyberCity_CentralSecurity_Tiles_1,CyberCity_CentralSecurity_Tiles_1,BrigWall5,wall_security_barrier,172,257,True,"[0, 0, 172, 257]",172,257,43.991,0.56009,0.6693,False,False,False,B_WALL_SECURITY_BARRIER
CS_0213,res://assets/tilesets/cyber_city_core_tilesets/CyberCity_CentralSecurity_Tiles/CyberCity_CentralSecurity_Tiles_1/CyberCity_CentralSecurity_Tiles_1/BrigWall6_1.png,BrigWall6_1.png,CyberCity_CentralSecurity_Tiles_1/CyberCity_CentralSecurity_Tiles_1,CyberCity_CentralSecurity_Tiles_1,BrigWall6,wall_security_barrier,227,160,True,"[0, 0, 227, 160]",227,160,7.222,0.92778,1.4187,False,False,False,B_WALL_SECURITY_BARRIER
CS_0214,res://assets/tilesets/cyber_city_core_tilesets/CyberCity_CentralSecurity_Tiles/CyberCity_CentralSecurity_Tiles_1/CyberCity_CentralSecurity_Tiles_1/BrigWall6_2.png,BrigWall6_2.png,CyberCity_CentralSecurity_Tiles_1/CyberCity_CentralSecurity_Tiles_1,CyberCity_CentralSecurity_Tiles_1,BrigWall6,wall_security_barrier,50,299,True,"[0, 0, 50, 299]",50,299,46.174,0.53826,0.1672,False,False,False,B_WALL_SECURITY_BARRIER
CS_0215,res://assets/tilesets/cyber_city_core_tilesets/CyberCity_CentralSecurity_Tiles/CyberCity_CentralSecurity_Tiles_1/CyberCity_CentralSecurity_Tiles_1/BrigWall6_3.png,BrigWall6_3.png,CyberCity_CentralSecurity_Tiles_1/CyberCity_CentralSecurity_Tiles_1,CyberCity_CentralSecurity_Tiles_1,BrigWall6,wall_security_barrier,227,158,True,"[0, 0, 227, 158]",227,158,6.968,0.93032,1.4367,False,False,False,B_WALL_SECURITY_BARRIER
CS_0216,res://assets/tilesets/cyber_city_core_tilesets/CyberCity_CentralSecurity_Tiles/CyberCity_CentralSecurity_Tiles_1/CyberCity_CentralSecurity_Tiles_1/BrigWall6_4.png,BrigWall6_4.png,CyberCity_CentralSecurity_Tiles_1/CyberCity_CentralSecurity_Tiles_1,CyberCity_CentralSecurity_Tiles_1,BrigWall6,wall_security_barrier,49,299,True,"[0, 0, 49, 299]",49,299,44.953,0.55047,0.1639,False,False,False,B_WALL_SECURITY_BARRIER
CS_0217,res://assets/tilesets/cyber_city_core_tilesets/CyberCity_CentralSecurity_Tiles/CyberCity_CentralSecurity_Tiles_1/CyberCity_CentralSecurity_Tiles_1/BrigWall6_5.png,BrigWall6_5.png,CyberCity_CentralSecurity_Tiles_1/CyberCity_CentralSecurity_Tiles_1,CyberCity_CentralSecurity_Tiles_1,BrigWall6,wall_security_barrier,170,258,True,"[0, 0, 170, 258]",170,258,42.364,0.57636,0.6589,False,False,False,B_WALL_SECURITY_BARRIER
CS_0218,res://assets/tilesets/cyber_city_core_tilesets/CyberCity_CentralSecurity_Tiles/CyberCity_CentralSecurity_Tiles_1/CyberCity_CentralSecurity_Tiles_1/BrigWall6_6.png,BrigWall6_6.png,CyberCity_CentralSecurity_Tiles_1/CyberCity_CentralSecurity_Tiles_1,CyberCity_CentralSecurity_Tiles_1,BrigWall6,wall_security_barrier,172,257,True,"[0, 0, 172, 257]",172,257,42.761,0.57239,0.6693,False,False,False,B_WALL_SECURITY_BARRIER
CS_0219,res://assets/tilesets/cyber_city_core_tilesets/CyberCity_CentralSecurity_Tiles/CyberCity_CentralSecurity_Tiles_1/CyberCity_CentralSecurity_Tiles_1/BrigWall6_7.png,BrigWall6_7.png,CyberCity_CentralSecurity_Tiles_1/CyberCity_CentralSecurity_Tiles_1,CyberCity_CentralSecurity_Tiles_1,BrigWall6,wall_security_barrier,172,257,True,"[0, 0, 172, 257]",172,257,43.673,0.56327,0.6693,False,False,False,B_WALL_SECURITY_BARRIER
CS_0220,res://assets/tilesets/cyber_city_core_tilesets/CyberCity_CentralSecurity_Tiles/CyberCity_CentralSecurity_Tiles_1/CyberCity_CentralSecurity_Tiles_1/BrigWall6_8.png,BrigWall6_8.png,CyberCity_CentralSecurity_Tiles_1/CyberCity_CentralSecurity_Tiles_1,CyberCity_CentralSecurity_Tiles_1,BrigWall6,wall_security_barrier,170,258,True,"[0, 0, 170, 258]",170,258,43.304,0.56696,0.6589,False,False,False,B_WALL_SECURITY_BARRIER
CS_0221,res://assets/tilesets/cyber_city_core_tilesets/CyberCity_CentralSecurity_Tiles/CyberCity_CentralSecurity_Tiles_1/CyberCity_CentralSecurity_Tiles_1/BrigWallTrim1_1.png,BrigWallTrim1_1.png,CyberCity_CentralSecurity_Tiles_1/CyberCity_CentralSecurity_Tiles_1,CyberCity_CentralSecurity_Tiles_1,BrigWallTrim1,wall_security_barrier,16,156,True,"[0, 0, 16, 156]",16,156,32.492,0.67508,0.1026,False,False,True,B_WALL_SECURITY_BARRIER
CS_0222,res://assets/tilesets/cyber_city_core_tilesets/CyberCity_CentralSecurity_Tiles/CyberCity_CentralSecurity_Tiles_1/CyberCity_CentralSecurity_Tiles_1/BrigWallTrim1_2.png,BrigWallTrim1_2.png,CyberCity_CentralSecurity_Tiles_1/CyberCity_CentralSecurity_Tiles_1,CyberCity_CentralSecurity_Tiles_1,BrigWallTrim1,wall_security_barrier,21,151,True,"[0, 0, 21, 151]",21,151,38.19,0.6181,0.1391,False,False,True,B_WALL_SECURITY_BARRIER
CS_0223,res://assets/tilesets/cyber_city_core_tilesets/CyberCity_CentralSecurity_Tiles/CyberCity_CentralSecurity_Tiles_1/CyberCity_CentralSecurity_Tiles_1/BrigWallTrim1_3.png,BrigWallTrim1_3.png,CyberCity_CentralSecurity_Tiles_1/CyberCity_CentralSecurity_Tiles_1,CyberCity_CentralSecurity_Tiles_1,BrigWallTrim1,wall_security_barrier,17,151,True,"[0, 0, 17, 151]",17,151,35.255,0.64745,0.1126,False,False,True,B_WALL_SECURITY_BARRIER
CS_0224,res://assets/tilesets/cyber_city_core_tilesets/CyberCity_CentralSecurity_Tiles/CyberCity_CentralSecurity_Tiles_1/CyberCity_CentralSecurity_Tiles_1/BrigWallTrim1_4.png,BrigWallTrim1_4.png,CyberCity_CentralSecurity_Tiles_1/CyberCity_CentralSecurity_Tiles_1,CyberCity_CentralSecurity_Tiles_1,BrigWallTrim1,wall_security_barrier,22,152,True,"[0, 0, 22, 152]",22,152,42.763,0.57237,0.1447,False,False,True,B_WALL_SECURITY_BARRIER
CS_0225,res://assets/tilesets/cyber_city_core_tilesets/CyberCity_CentralSecurity_Tiles/CyberCity_CentralSecurity_Tiles_1/CyberCity_CentralSecurity_Tiles_1/BrigWallTrim1_5.png,BrigWallTrim1_5.png,CyberCity_CentralSecurity_Tiles_1/CyberCity_CentralSecurity_Tiles_1,CyberCity_CentralSecurity_Tiles_1,BrigWallTrim1,wall_security_barrier,21,156,True,"[0, 0, 21, 156]",21,156,30.708,0.69292,0.1346,False,False,True,B_WALL_SECURITY_BARRIER
CS_0226,res://assets/tilesets/cyber_city_core_tilesets/CyberCity_CentralSecurity_Tiles/CyberCity_CentralSecurity_Tiles_1/CyberCity_CentralSecurity_Tiles_1/BrigWallTrim1_6.png,BrigWallTrim1_6.png,CyberCity_CentralSecurity_Tiles_1/CyberCity_CentralSecurity_Tiles_1,CyberCity_CentralSecurity_Tiles_1,BrigWallTrim1,wall_security_barrier,22,157,True,"[0, 0, 22, 157]",22,157,35.727,0.64273,0.1401,False,False,True,B_WALL_SECURITY_BARRIER
CS_0227,res://assets/tilesets/cyber_city_core_tilesets/CyberCity_CentralSecurity_Tiles/CyberCity_CentralSecurity_Tiles_1/CyberCity_CentralSecurity_Tiles_1/BrigWallTrim1_7.png,BrigWallTrim1_7.png,CyberCity_CentralSecurity_Tiles_1/CyberCity_CentralSecurity_Tiles_1,CyberCity_CentralSecurity_Tiles_1,BrigWallTrim1,wall_security_barrier,22,153,True,"[0, 0, 22, 153]",22,153,34.522,0.65478,0.1438,False,False,True,B_WALL_SECURITY_BARRIER
CS_0228,res://assets/tilesets/cyber_city_core_tilesets/CyberCity_CentralSecurity_Tiles/CyberCity_CentralSecurity_Tiles_1/CyberCity_CentralSecurity_Tiles_1/BrigWallTrim1_8.png,BrigWallTrim1_8.png,CyberCity_CentralSecurity_Tiles_1/CyberCity_CentralSecurity_Tiles_1,CyberCity_CentralSecurity_Tiles_1,BrigWallTrim1,wall_security_barrier,22,152,True,"[0, 0, 22, 152]",22,152,34.48,0.6552,0.1447,False,False,True,B_WALL_SECURITY_BARRIER
CS_0229,res://assets/tilesets/cyber_city_core_tilesets/CyberCity_CentralSecurity_Tiles/CyberCity_CentralSecurity_Tiles_1/CyberCity_CentralSecurity_Tiles_1/Building1_1.png,Building1_1.png,CyberCity_CentralSecurity_Tiles_1/CyberCity_CentralSecurity_Tiles_1,CyberCity_CentralSecurity_Tiles_1,Building1,large_structure,6149,4517,True,"[0, 0, 6149, 4517]",6149,4517,22.972,0.77028,1.3613,False,True,False,C_LARGE_STRUCTURE
CS_0230,res://assets/tilesets/cyber_city_core_tilesets/CyberCity_CentralSecurity_Tiles/CyberCity_CentralSecurity_Tiles_1/CyberCity_CentralSecurity_Tiles_1/Building1_2.png,Building1_2.png,CyberCity_CentralSecurity_Tiles_1/CyberCity_CentralSecurity_Tiles_1,CyberCity_CentralSecurity_Tiles_1,Building1,large_structure,6149,4569,True,"[0, 0, 6149, 4569]",6149,4569,23.719,0.76281,1.3458,False,True,False,C_LARGE_STRUCTURE
CS_0231,res://assets/tilesets/cyber_city_core_tilesets/CyberCity_CentralSecurity_Tiles/CyberCity_CentralSecurity_Tiles_1/CyberCity_CentralSecurity_Tiles_1/Building1_3.png,Building1_3.png,CyberCity_CentralSecurity_Tiles_1/CyberCity_CentralSecurity_Tiles_1,CyberCity_CentralSecurity_Tiles_1,Building1,large_structure,6150,4517,True,"[0, 0, 6150, 4517]",6150,4517,22.842,0.77158,1.3615,False,True,False,C_LARGE_STRUCTURE
CS_0232,res://assets/tilesets/cyber_city_core_tilesets/CyberCity_CentralSecurity_Tiles/CyberCity_CentralSecurity_Tiles_1/CyberCity_CentralSecurity_Tiles_1/Building1_4.png,Building1_4.png,CyberCity_CentralSecurity_Tiles_1/CyberCity_CentralSecurity_Tiles_1,CyberCity_CentralSecurity_Tiles_1,Building1,large_structure,6151,4517,True,"[0, 0, 6151, 4517]",6151,4517,22.984,0.77016,1.3617,False,True,False,C_LARGE_STRUCTURE
CS_0233,res://assets/tilesets/cyber_city_core_tilesets/CyberCity_CentralSecurity_Tiles/CyberCity_CentralSecurity_Tiles_1/CyberCity_CentralSecurity_Tiles_1/Building1_5.png,Building1_5.png,CyberCity_CentralSecurity_Tiles_1/CyberCity_CentralSecurity_Tiles_1,CyberCity_CentralSecurity_Tiles_1,Building1,large_structure,6150,4545,True,"[0, 0, 6150, 4545]",6150,4545,23.455,0.76545,1.3531,False,True,False,C_LARGE_STRUCTURE
CS_0234,res://assets/tilesets/cyber_city_core_tilesets/CyberCity_CentralSecurity_Tiles/CyberCity_CentralSecurity_Tiles_1/CyberCity_CentralSecurity_Tiles_1/Building1_6.png,Building1_6.png,CyberCity_CentralSecurity_Tiles_1/CyberCity_CentralSecurity_Tiles_1,CyberCity_CentralSecurity_Tiles_1,Building1,large_structure,6151,4517,True,"[0, 0, 6151, 4517]",6151,4517,22.991,0.77009,1.3617,False,True,False,C_LARGE_STRUCTURE
CS_0235,res://assets/tilesets/cyber_city_core_tilesets/CyberCity_CentralSecurity_Tiles/CyberCity_CentralSecurity_Tiles_1/CyberCity_CentralSecurity_Tiles_1/Building1_7.png,Building1_7.png,CyberCity_CentralSecurity_Tiles_1/CyberCity_CentralSecurity_Tiles_1,CyberCity_CentralSecurity_Tiles_1,Building1,large_structure,6151,4938,True,"[0, 0, 6151, 4938]",6151,4938,29.234,0.70766,1.2456,False,True,False,C_LARGE_STRUCTURE
CS_0236,res://assets/tilesets/cyber_city_core_tilesets/CyberCity_CentralSecurity_Tiles/CyberCity_CentralSecurity_Tiles_1/CyberCity_CentralSecurity_Tiles_1/Building1_8.png,Building1_8.png,CyberCity_CentralSecurity_Tiles_1/CyberCity_CentralSecurity_Tiles_1,CyberCity_CentralSecurity_Tiles_1,Building1,large_structure,6151,4517,True,"[0, 0, 6151, 4517]",6151,4517,22.991,0.77009,1.3617,False,True,False,C_LARGE_STRUCTURE
CS_0237,res://assets/tilesets/cyber_city_core_tilesets/CyberCity_CentralSecurity_Tiles/CyberCity_CentralSecurity_Tiles_1/CyberCity_CentralSecurity_Tiles_1/Building2_1.png,Building2_1.png,CyberCity_CentralSecurity_Tiles_1/CyberCity_CentralSecurity_Tiles_1,CyberCity_CentralSecurity_Tiles_1,Building2,large_structure,3991,3770,True,"[0, 0, 3991, 3770]",3991,3770,6.053,0.93947,1.0586,False,True,False,C_LARGE_STRUCTURE
CS_0238,res://assets/tilesets/cyber_city_core_tilesets/CyberCity_CentralSecurity_Tiles/CyberCity_CentralSecurity_Tiles_1/CyberCity_CentralSecurity_Tiles_1/Building2_2.png,Building2_2.png,CyberCity_CentralSecurity_Tiles_1/CyberCity_CentralSecurity_Tiles_1,CyberCity_CentralSecurity_Tiles_1,Building2,large_structure,4761,3232,True,"[0, 0, 4761, 3232]",4761,3232,11.807,0.88193,1.4731,False,True,False,C_LARGE_STRUCTURE
CS_0239,res://assets/tilesets/cyber_city_core_tilesets/CyberCity_CentralSecurity_Tiles/CyberCity_CentralSecurity_Tiles_1/CyberCity_CentralSecurity_Tiles_1/Building2_3.png,Building2_3.png,CyberCity_CentralSecurity_Tiles_1/CyberCity_CentralSecurity_Tiles_1,CyberCity_CentralSecurity_Tiles_1,Building2,large_structure,3990,3503,True,"[0, 0, 3990, 3503]",3990,3503,2.947,0.97053,1.139,False,True,False,C_LARGE_STRUCTURE
CS_0240,res://assets/tilesets/cyber_city_core_tilesets/CyberCity_CentralSecurity_Tiles/CyberCity_CentralSecurity_Tiles_1/CyberCity_CentralSecurity_Tiles_1/Building2_4.png,Building2_4.png,CyberCity_CentralSecurity_Tiles_1/CyberCity_CentralSecurity_Tiles_1,CyberCity_CentralSecurity_Tiles_1,Building2,large_structure,4761,3232,True,"[0, 0, 4761, 3232]",4761,3232,11.792,0.88208,1.4731,False,True,False,C_LARGE_STRUCTURE
CS_0241,res://assets/tilesets/cyber_city_core_tilesets/CyberCity_CentralSecurity_Tiles/CyberCity_CentralSecurity_Tiles_1/CyberCity_CentralSecurity_Tiles_1/Building2_5.png,Building2_5.png,CyberCity_CentralSecurity_Tiles_1/CyberCity_CentralSecurity_Tiles_1,CyberCity_CentralSecurity_Tiles_1,Building2,large_structure,6177,4373,True,"[0, 0, 6177, 4373]",6177,4373,48.339,0.51661,1.4125,False,True,False,C_LARGE_STRUCTURE
CS_0242,res://assets/tilesets/cyber_city_core_tilesets/CyberCity_CentralSecurity_Tiles/CyberCity_CentralSecurity_Tiles_1/CyberCity_CentralSecurity_Tiles_1/Building2_6.png,Building2_6.png,CyberCity_CentralSecurity_Tiles_1/CyberCity_CentralSecurity_Tiles_1,CyberCity_CentralSecurity_Tiles_1,Building2,large_structure,6177,4373,True,"[0, 0, 6177, 4373]",6177,4373,48.34,0.5166,1.4125,False,True,False,C_LARGE_STRUCTURE
CS_0243,res://assets/tilesets/cyber_city_core_tilesets/CyberCity_CentralSecurity_Tiles/CyberCity_CentralSecurity_Tiles_1/CyberCity_CentralSecurity_Tiles_1/Building2_7.png,Building2_7.png,CyberCity_CentralSecurity_Tiles_1/CyberCity_CentralSecurity_Tiles_1,CyberCity_CentralSecurity_Tiles_1,Building2,large_structure,6176,4371,True,"[0, 0, 6176, 4371]",6176,4371,49.33,0.5067,1.4129,False,True,False,C_LARGE_STRUCTURE
CS_0244,res://assets/tilesets/cyber_city_core_tilesets/CyberCity_CentralSecurity_Tiles/CyberCity_CentralSecurity_Tiles_1/CyberCity_CentralSecurity_Tiles_1/Building2_8.png,Building2_8.png,CyberCity_CentralSecurity_Tiles_1/CyberCity_CentralSecurity_Tiles_1,CyberCity_CentralSecurity_Tiles_1,Building2,large_structure,6175,4371,True,"[0, 0, 6175, 4371]",6175,4371,49.321,0.50679,1.4127,False,True,False,C_LARGE_STRUCTURE
CS_0245,res://assets/tilesets/cyber_city_core_tilesets/CyberCity_CentralSecurity_Tiles/CyberCity_CentralSecurity_Tiles_1/CyberCity_CentralSecurity_Tiles_1/Camera1_1.png,Camera1_1.png,CyberCity_CentralSecurity_Tiles_1/CyberCity_CentralSecurity_Tiles_1,CyberCity_CentralSecurity_Tiles_1,Camera1,prop_sign_tech,19,27,True,"[0, 0, 19, 27]",19,27,19.298,0.80702,0.7037,False,False,True,D_PROP_SIGN_TECH
CS_0246,res://assets/tilesets/cyber_city_core_tilesets/CyberCity_CentralSecurity_Tiles/CyberCity_CentralSecurity_Tiles_1/CyberCity_CentralSecurity_Tiles_1/Camera1_2.png,Camera1_2.png,CyberCity_CentralSecurity_Tiles_1/CyberCity_CentralSecurity_Tiles_1,CyberCity_CentralSecurity_Tiles_1,Camera1,prop_sign_tech,27,27,True,"[0, 0, 27, 27]",27,27,54.458,0.45542,1.0,False,False,False,D_PROP_SIGN_TECH
CS_0247,res://assets/tilesets/cyber_city_core_tilesets/CyberCity_CentralSecurity_Tiles/CyberCity_CentralSecurity_Tiles_1/CyberCity_CentralSecurity_Tiles_1/Camera1_3.png,Camera1_3.png,CyberCity_CentralSecurity_Tiles_1/CyberCity_CentralSecurity_Tiles_1,CyberCity_CentralSecurity_Tiles_1,Camera1,prop_sign_tech,23,26,True,"[0, 0, 23, 26]",23,26,31.104,0.68896,0.8846,False,False,True,D_PROP_SIGN_TECH
CS_0248,res://assets/tilesets/cyber_city_core_tilesets/CyberCity_CentralSecurity_Tiles/CyberCity_CentralSecurity_Tiles_1/CyberCity_CentralSecurity_Tiles_1/Camera1_4.png,Camera1_4.png,CyberCity_CentralSecurity_Tiles_1/CyberCity_CentralSecurity_Tiles_1,CyberCity_CentralSecurity_Tiles_1,Camera1,prop_sign_tech,29,27,True,"[0, 0, 29, 27]",29,27,53.384,0.46616,1.0741,False,False,False,D_PROP_SIGN_TECH
CS_0249,res://assets/tilesets/cyber_city_core_tilesets/CyberCity_CentralSecurity_Tiles/CyberCity_CentralSecurity_Tiles_1/CyberCity_CentralSecurity_Tiles_1/Camera1_5.png,Camera1_5.png,CyberCity_CentralSecurity_Tiles_1/CyberCity_CentralSecurity_Tiles_1,CyberCity_CentralSecurity_Tiles_1,Camera1,prop_sign_tech,28,26,True,"[0, 0, 28, 26]",28,26,40.522,0.59478,1.0769,False,False,False,D_PROP_SIGN_TECH
CS_0250,res://assets/tilesets/cyber_city_core_tilesets/CyberCity_CentralSecurity_Tiles/CyberCity_CentralSecurity_Tiles_1/CyberCity_CentralSecurity_Tiles_1/Camera1_6.png,Camera1_6.png,CyberCity_CentralSecurity_Tiles_1/CyberCity_CentralSecurity_Tiles_1,CyberCity_CentralSecurity_Tiles_1,Camera1,prop_sign_tech,29,28,True,"[0, 0, 29, 28]",29,28,47.044,0.52956,1.0357,False,False,False,D_PROP_SIGN_TECH
CS_0251,res://assets/tilesets/cyber_city_core_tilesets/CyberCity_CentralSecurity_Tiles/CyberCity_CentralSecurity_Tiles_1/CyberCity_CentralSecurity_Tiles_1/Camera1_7.png,Camera1_7.png,CyberCity_CentralSecurity_Tiles_1/CyberCity_CentralSecurity_Tiles_1,CyberCity_CentralSecurity_Tiles_1,Camera1,prop_sign_tech,27,30,True,"[0, 0, 27, 30]",27,30,49.012,0.50988,0.9,False,False,False,D_PROP_SIGN_TECH
CS_0252,res://assets/tilesets/cyber_city_core_tilesets/CyberCity_CentralSecurity_Tiles/CyberCity_CentralSecurity_Tiles_1/CyberCity_CentralSecurity_Tiles_1/Camera1_8.png,Camera1_8.png,CyberCity_CentralSecurity_Tiles_1/CyberCity_CentralSecurity_Tiles_1,CyberCity_CentralSecurity_Tiles_1,Camera1,prop_sign_tech,29,26,True,"[0, 0, 29, 26]",29,26,43.369,0.56631,1.1154,False,False,False,D_PROP_SIGN_TECH
CS_0253,res://assets/tilesets/cyber_city_core_tilesets/CyberCity_CentralSecurity_Tiles/CyberCity_CentralSecurity_Tiles_1/CyberCity_CentralSecurity_Tiles_1/CargoUnit1_1.png,CargoUnit1_1.png,CyberCity_CentralSecurity_Tiles_1/CyberCity_CentralSecurity_Tiles_1,CyberCity_CentralSecurity_Tiles_1,CargoUnit1,review_unknown_visually_promising,129,145,True,"[0, 0, 129, 145]",129,145,16.963,0.83037,0.8897,False,False,False,E_REVIEW_UNKNOWN
CS_0254,res://assets/tilesets/cyber_city_core_tilesets/CyberCity_CentralSecurity_Tiles/CyberCity_CentralSecurity_Tiles_1/CyberCity_CentralSecurity_Tiles_1/CargoUnit1_2.png,CargoUnit1_2.png,CyberCity_CentralSecurity_Tiles_1/CyberCity_CentralSecurity_Tiles_1,CyberCity_CentralSecurity_Tiles_1,CargoUnit1,review_unknown_visually_promising,126,151,True,"[0, 0, 126, 151]",126,151,18.564,0.81436,0.8344,False,False,False,E_REVIEW_UNKNOWN
CS_0255,res://assets/tilesets/cyber_city_core_tilesets/CyberCity_CentralSecurity_Tiles/CyberCity_CentralSecurity_Tiles_1/CyberCity_CentralSecurity_Tiles_1/CargoUnit1_3.png,CargoUnit1_3.png,CyberCity_CentralSecurity_Tiles_1/CyberCity_CentralSecurity_Tiles_1,CyberCity_CentralSecurity_Tiles_1,CargoUnit1,review_unknown_visually_promising,128,149,True,"[0, 0, 128, 149]",128,149,18.645,0.81355,0.8591,False,False,False,E_REVIEW_UNKNOWN
CS_0256,res://assets/tilesets/cyber_city_core_tilesets/CyberCity_CentralSecurity_Tiles/CyberCity_CentralSecurity_Tiles_1/CyberCity_CentralSecurity_Tiles_1/CargoUnit1_4.png,CargoUnit1_4.png,CyberCity_CentralSecurity_Tiles_1/CyberCity_CentralSecurity_Tiles_1,CyberCity_CentralSecurity_Tiles_1,CargoUnit1,review_unknown_visually_promising,129,152,True,"[0, 0, 129, 152]",129,152,21.012,0.78988,0.8487,False,False,False,E_REVIEW_UNKNOWN
CS_0257,res://assets/tilesets/cyber_city_core_tilesets/CyberCity_CentralSecurity_Tiles/CyberCity_CentralSecurity_Tiles_1/CyberCity_CentralSecurity_Tiles_1/CargoUnit1_5.png,CargoUnit1_5.png,CyberCity_CentralSecurity_Tiles_1/CyberCity_CentralSecurity_Tiles_1,CyberCity_CentralSecurity_Tiles_1,CargoUnit1,review_unknown_visually_promising,147,164,True,"[0, 0, 147, 164]",147,164,32.342,0.67658,0.8963,False,False,False,E_REVIEW_UNKNOWN
CS_0258,res://assets/tilesets/cyber_city_core_tilesets/CyberCity_CentralSecurity_Tiles/CyberCity_CentralSecurity_Tiles_1/CyberCity_CentralSecurity_Tiles_1/CargoUnit1_6.png,CargoUnit1_6.png,CyberCity_CentralSecurity_Tiles_1/CyberCity_CentralSecurity_Tiles_1,CyberCity_CentralSecurity_Tiles_1,CargoUnit1,review_unknown_visually_promising,146,164,True,"[0, 0, 146, 164]",146,164,31.845,0.68155,0.8902,False,False,False,E_REVIEW_UNKNOWN
CS_0259,res://assets/tilesets/cyber_city_core_tilesets/CyberCity_CentralSecurity_Tiles/CyberCity_CentralSecurity_Tiles_1/CyberCity_CentralSecurity_Tiles_1/CargoUnit1_7.png,CargoUnit1_7.png,CyberCity_CentralSecurity_Tiles_1/CyberCity_CentralSecurity_Tiles_1,CyberCity_CentralSecurity_Tiles_1,CargoUnit1,review_unknown_visually_promising,147,163,True,"[0, 0, 147, 163]",147,163,31.914,0.68086,0.9018,False,False,False,E_REVIEW_UNKNOWN
CS_0260,res://assets/tilesets/cyber_city_core_tilesets/CyberCity_CentralSecurity_Tiles/CyberCity_CentralSecurity_Tiles_1/CyberCity_CentralSecurity_Tiles_1/CargoUnit1_8.png,CargoUnit1_8.png,CyberCity_CentralSecurity_Tiles_1/CyberCity_CentralSecurity_Tiles_1,CyberCity_CentralSecurity_Tiles_1,CargoUnit1,review_unknown_visually_promising,148,167,True,"[0, 0, 148, 167]",148,167,33.982,0.66018,0.8862,False,False,False,E_REVIEW_UNKNOWN
CS_0261,res://assets/tilesets/cyber_city_core_tilesets/CyberCity_CentralSecurity_Tiles/CyberCity_CentralSecurity_Tiles_1/CyberCity_CentralSecurity_Tiles_1/CellDoor1_1.png,CellDoor1_1.png,CyberCity_CentralSecurity_Tiles_1/CyberCity_CentralSecurity_Tiles_1,CyberCity_CentralSecurity_Tiles_1,CellDoor1,wall_security_barrier,16,162,True,"[0, 0, 16, 162]",16,162,57.06,0.4294,0.0988,False,False,True,B_WALL_SECURITY_BARRIER
CS_0262,res://assets/tilesets/cyber_city_core_tilesets/CyberCity_CentralSecurity_Tiles/CyberCity_CentralSecurity_Tiles_1/CyberCity_CentralSecurity_Tiles_1/CellDoor1_2.png,CellDoor1_2.png,CyberCity_CentralSecurity_Tiles_1/CyberCity_CentralSecurity_Tiles_1,CyberCity_CentralSecurity_Tiles_1,CellDoor1,wall_security_barrier,104,112,True,"[0, 0, 104, 112]",104,112,19.42,0.8058,0.9286,False,False,False,B_WALL_SECURITY_BARRIER
CS_0263,res://assets/tilesets/cyber_city_core_tilesets/CyberCity_CentralSecurity_Tiles/CyberCity_CentralSecurity_Tiles_1/CyberCity_CentralSecurity_Tiles_1/CellDoor1_3.png,CellDoor1_3.png,CyberCity_CentralSecurity_Tiles_1/CyberCity_CentralSecurity_Tiles_1,CyberCity_CentralSecurity_Tiles_1,CellDoor1,wall_security_barrier,77,146,True,"[0, 0, 77, 146]",77,146,36.986,0.63014,0.5274,False,False,False,B_WALL_SECURITY_BARRIER
CS_0264,res://assets/tilesets/cyber_city_core_tilesets/CyberCity_CentralSecurity_Tiles/CyberCity_CentralSecurity_Tiles_1/CyberCity_CentralSecurity_Tiles_1/CellDoor1_4.png,CellDoor1_4.png,CyberCity_CentralSecurity_Tiles_1/CyberCity_CentralSecurity_Tiles_1,CyberCity_CentralSecurity_Tiles_1,CellDoor1,wall_security_barrier,82,146,True,"[0, 0, 82, 146]",82,146,40.92,0.5908,0.5616,False,False,False,B_WALL_SECURITY_BARRIER
CS_0265,res://assets/tilesets/cyber_city_core_tilesets/CyberCity_CentralSecurity_Tiles/CyberCity_CentralSecurity_Tiles_1/CyberCity_CentralSecurity_Tiles_1/Chair1_1.png,Chair1_1.png,CyberCity_CentralSecurity_Tiles_1/CyberCity_CentralSecurity_Tiles_1,CyberCity_CentralSecurity_Tiles_1,Chair1,prop_sign_tech,54,65,True,"[0, 0, 54, 65]",54,65,46.553,0.53447,0.8308,False,False,False,D_PROP_SIGN_TECH
CS_0266,res://assets/tilesets/cyber_city_core_tilesets/CyberCity_CentralSecurity_Tiles/CyberCity_CentralSecurity_Tiles_1/CyberCity_CentralSecurity_Tiles_1/Chair1_2.png,Chair1_2.png,CyberCity_CentralSecurity_Tiles_1/CyberCity_CentralSecurity_Tiles_1,CyberCity_CentralSecurity_Tiles_1,Chair1,prop_sign_tech,47,47,True,"[0, 0, 47, 47]",47,47,34.224,0.65776,1.0,False,False,False,D_PROP_SIGN_TECH
CS_0267,res://assets/tilesets/cyber_city_core_tilesets/CyberCity_CentralSecurity_Tiles/CyberCity_CentralSecurity_Tiles_1/CyberCity_CentralSecurity_Tiles_1/Chair1_3.png,Chair1_3.png,CyberCity_CentralSecurity_Tiles_1/CyberCity_CentralSecurity_Tiles_1,CyberCity_CentralSecurity_Tiles_1,Chair1,prop_sign_tech,65,66,True,"[0, 0, 65, 66]",65,66,46.853,0.53147,0.9848,False,False,False,D_PROP_SIGN_TECH
CS_0268,res://assets/tilesets/cyber_city_core_tilesets/CyberCity_CentralSecurity_Tiles/CyberCity_CentralSecurity_Tiles_1/CyberCity_CentralSecurity_Tiles_1/Chair1_4.png,Chair1_4.png,CyberCity_CentralSecurity_Tiles_1/CyberCity_CentralSecurity_Tiles_1,CyberCity_CentralSecurity_Tiles_1,Chair1,prop_sign_tech,47,79,True,"[0, 0, 47, 79]",47,79,28.198,0.71802,0.5949,False,False,False,D_PROP_SIGN_TECH
CS_0269,res://assets/tilesets/cyber_city_core_tilesets/CyberCity_CentralSecurity_Tiles/CyberCity_CentralSecurity_Tiles_1/CyberCity_CentralSecurity_Tiles_1/Chair1_5.png,Chair1_5.png,CyberCity_CentralSecurity_Tiles_1/CyberCity_CentralSecurity_Tiles_1,CyberCity_CentralSecurity_Tiles_1,Chair1,prop_sign_tech,59,54,True,"[0, 0, 59, 54]",59,54,46.861,0.53139,1.0926,False,False,False,D_PROP_SIGN_TECH
CS_0270,res://assets/tilesets/cyber_city_core_tilesets/CyberCity_CentralSecurity_Tiles/CyberCity_CentralSecurity_Tiles_1/CyberCity_CentralSecurity_Tiles_1/Chair1_6.png,Chair1_6.png,CyberCity_CentralSecurity_Tiles_1/CyberCity_CentralSecurity_Tiles_1,CyberCity_CentralSecurity_Tiles_1,Chair1,prop_sign_tech,59,77,True,"[0, 0, 59, 77]",59,77,46.841,0.53159,0.7662,False,False,False,D_PROP_SIGN_TECH
CS_0271,res://assets/tilesets/cyber_city_core_tilesets/CyberCity_CentralSecurity_Tiles/CyberCity_CentralSecurity_Tiles_1/CyberCity_CentralSecurity_Tiles_1/Chair1_7.png,Chair1_7.png,CyberCity_CentralSecurity_Tiles_1/CyberCity_CentralSecurity_Tiles_1,CyberCity_CentralSecurity_Tiles_1,Chair1,prop_sign_tech,67,55,True,"[0, 0, 67, 55]",67,55,47.734,0.52266,1.2182,False,False,False,D_PROP_SIGN_TECH
CS_0272,res://assets/tilesets/cyber_city_core_tilesets/CyberCity_CentralSecurity_Tiles/CyberCity_CentralSecurity_Tiles_1/CyberCity_CentralSecurity_Tiles_1/Chair1_8.png,Chair1_8.png,CyberCity_CentralSecurity_Tiles_1/CyberCity_CentralSecurity_Tiles_1,CyberCity_CentralSecurity_Tiles_1,Chair1,prop_sign_tech,72,77,True,"[0, 0, 72, 77]",72,77,52.309,0.47691,0.9351,False,False,False,D_PROP_SIGN_TECH
CS_0273,res://assets/tilesets/cyber_city_core_tilesets/CyberCity_CentralSecurity_Tiles/CyberCity_CentralSecurity_Tiles_1/CyberCity_CentralSecurity_Tiles_1/Chair2_1.png,Chair2_1.png,CyberCity_CentralSecurity_Tiles_1/CyberCity_CentralSecurity_Tiles_1,CyberCity_CentralSecurity_Tiles_1,Chair2,prop_sign_tech,52,70,True,"[0, 0, 52, 70]",52,70,54.341,0.45659,0.7429,False,False,False,D_PROP_SIGN_TECH
CS_0274,res://assets/tilesets/cyber_city_core_tilesets/CyberCity_CentralSecurity_Tiles/CyberCity_CentralSecurity_Tiles_1/CyberCity_CentralSecurity_Tiles_1/Chair2_2.png,Chair2_2.png,CyberCity_CentralSecurity_Tiles_1/CyberCity_CentralSecurity_Tiles_1,CyberCity_CentralSecurity_Tiles_1,Chair2,prop_sign_tech,42,57,True,"[0, 0, 42, 57]",42,57,37.427,0.62573,0.7368,False,False,False,D_PROP_SIGN_TECH
CS_0275,res://assets/tilesets/cyber_city_core_tilesets/CyberCity_CentralSecurity_Tiles/CyberCity_CentralSecurity_Tiles_1/CyberCity_CentralSecurity_Tiles_1/Chair2_3.png,Chair2_3.png,CyberCity_CentralSecurity_Tiles_1/CyberCity_CentralSecurity_Tiles_1,CyberCity_CentralSecurity_Tiles_1,Chair2,prop_sign_tech,58,70,True,"[0, 0, 58, 70]",58,70,53.966,0.46034,0.8286,False,False,False,D_PROP_SIGN_TECH
CS_0276,res://assets/tilesets/cyber_city_core_tilesets/CyberCity_CentralSecurity_Tiles/CyberCity_CentralSecurity_Tiles_1/CyberCity_CentralSecurity_Tiles_1/Chair2_4.png,Chair2_4.png,CyberCity_CentralSecurity_Tiles_1/CyberCity_CentralSecurity_Tiles_1,CyberCity_CentralSecurity_Tiles_1,Chair2,prop_sign_tech,44,79,True,"[0, 0, 44, 79]",44,79,45.57,0.5443,0.557,False,False,False,D_PROP_SIGN_TECH
CS_0277,res://assets/tilesets/cyber_city_core_tilesets/CyberCity_CentralSecurity_Tiles/CyberCity_CentralSecurity_Tiles_1/CyberCity_CentralSecurity_Tiles_1/Chair2_5.png,Chair2_5.png,CyberCity_CentralSecurity_Tiles_1/CyberCity_CentralSecurity_Tiles_1,CyberCity_CentralSecurity_Tiles_1,Chair2,prop_sign_tech,48,62,True,"[0, 0, 48, 62]",48,62,43.918,0.56082,0.7742,False,False,False,D_PROP_SIGN_TECH
CS_0278,res://assets/tilesets/cyber_city_core_tilesets/CyberCity_CentralSecurity_Tiles/CyberCity_CentralSecurity_Tiles_1/CyberCity_CentralSecurity_Tiles_1/Chair2_6.png,Chair2_6.png,CyberCity_CentralSecurity_Tiles_1/CyberCity_CentralSecurity_Tiles_1,CyberCity_CentralSecurity_Tiles_1,Chair2,prop_sign_tech,50,77,True,"[0, 0, 50, 77]",50,77,53.299,0.46701,0.6494,False,False,False,D_PROP_SIGN_TECH
CS_0279,res://assets/tilesets/cyber_city_core_tilesets/CyberCity_CentralSecurity_Tiles/CyberCity_CentralSecurity_Tiles_1/CyberCity_CentralSecurity_Tiles_1/Chair2_7.png,Chair2_7.png,CyberCity_CentralSecurity_Tiles_1/CyberCity_CentralSecurity_Tiles_1,CyberCity_CentralSecurity_Tiles_1,Chair2,prop_sign_tech,56,61,True,"[0, 0, 56, 61]",56,61,46.429,0.53571,0.918,False,False,False,D_PROP_SIGN_TECH
CS_0280,res://assets/tilesets/cyber_city_core_tilesets/CyberCity_CentralSecurity_Tiles/CyberCity_CentralSecurity_Tiles_1/CyberCity_CentralSecurity_Tiles_1/Chair2_8.png,Chair2_8.png,CyberCity_CentralSecurity_Tiles_1/CyberCity_CentralSecurity_Tiles_1,CyberCity_CentralSecurity_Tiles_1,Chair2,prop_sign_tech,55,77,True,"[0, 0, 55, 77]",55,77,53.011,0.46989,0.7143,False,False,False,D_PROP_SIGN_TECH
CS_0281,res://assets/tilesets/cyber_city_core_tilesets/CyberCity_CentralSecurity_Tiles/CyberCity_CentralSecurity_Tiles_1/CyberCity_CentralSecurity_Tiles_1/ChairAssembly1_1.png,ChairAssembly1_1.png,CyberCity_CentralSecurity_Tiles_1/CyberCity_CentralSecurity_Tiles_1,CyberCity_CentralSecurity_Tiles_1,ChairAssembly1,prop_sign_tech,64,137,True,"[0, 0, 64, 137]",64,137,34.911,0.65089,0.4672,False,False,False,D_PROP_SIGN_TECH
CS_0282,res://assets/tilesets/cyber_city_core_tilesets/CyberCity_CentralSecurity_Tiles/CyberCity_CentralSecurity_Tiles_1/CyberCity_CentralSecurity_Tiles_1/ChairAssembly1_2.png,ChairAssembly1_2.png,CyberCity_CentralSecurity_Tiles_1/CyberCity_CentralSecurity_Tiles_1,CyberCity_CentralSecurity_Tiles_1,ChairAssembly1,prop_sign_tech,105,101,True,"[0, 0, 105, 101]",105,101,49.609,0.50391,1.0396,False,False,False,D_PROP_SIGN_TECH
CS_0283,res://assets/tilesets/cyber_city_core_tilesets/CyberCity_CentralSecurity_Tiles/CyberCity_CentralSecurity_Tiles_1/CyberCity_CentralSecurity_Tiles_1/ChairAssembly1_3.png,ChairAssembly1_3.png,CyberCity_CentralSecurity_Tiles_1/CyberCity_CentralSecurity_Tiles_1,CyberCity_CentralSecurity_Tiles_1,ChairAssembly1,prop_sign_tech,63,86,True,"[0, 0, 63, 86]",63,86,27.778,0.72222,0.7326,False,False,False,D_PROP_SIGN_TECH
CS_0284,res://assets/tilesets/cyber_city_core_tilesets/CyberCity_CentralSecurity_Tiles/CyberCity_CentralSecurity_Tiles_1/CyberCity_CentralSecurity_Tiles_1/ChairAssembly1_4.png,ChairAssembly1_4.png,CyberCity_CentralSecurity_Tiles_1/CyberCity_CentralSecurity_Tiles_1,CyberCity_CentralSecurity_Tiles_1,ChairAssembly1,prop_sign_tech,123,102,True,"[0, 0, 123, 102]",123,102,50.67,0.4933,1.2059,False,False,False,D_PROP_SIGN_TECH
CS_0285,res://assets/tilesets/cyber_city_core_tilesets/CyberCity_CentralSecurity_Tiles/CyberCity_CentralSecurity_Tiles_1/CyberCity_CentralSecurity_Tiles_1/ChairAssembly1_5.png,ChairAssembly1_5.png,CyberCity_CentralSecurity_Tiles_1/CyberCity_CentralSecurity_Tiles_1,CyberCity_CentralSecurity_Tiles_1,ChairAssembly1,prop_sign_tech,94,126,True,"[0, 0, 94, 126]",94,126,51.427,0.48573,0.746,False,False,False,D_PROP_SIGN_TECH
CS_0286,res://assets/tilesets/cyber_city_core_tilesets/CyberCity_CentralSecurity_Tiles/CyberCity_CentralSecurity_Tiles_1/CyberCity_CentralSecurity_Tiles_1/ChairAssembly1_6.png,ChairAssembly1_6.png,CyberCity_CentralSecurity_Tiles_1/CyberCity_CentralSecurity_Tiles_1,CyberCity_CentralSecurity_Tiles_1,ChairAssembly1,prop_sign_tech,108,131,True,"[0, 0, 108, 131]",108,131,55.93,0.4407,0.8244,False,False,False,D_PROP_SIGN_TECH
CS_0287,res://assets/tilesets/cyber_city_core_tilesets/CyberCity_CentralSecurity_Tiles/CyberCity_CentralSecurity_Tiles_1/CyberCity_CentralSecurity_Tiles_1/ChairAssembly1_7.png,ChairAssembly1_7.png,CyberCity_CentralSecurity_Tiles_1/CyberCity_CentralSecurity_Tiles_1,CyberCity_CentralSecurity_Tiles_1,ChairAssembly1,prop_sign_tech,95,93,True,"[0, 0, 95, 93]",95,93,46.961,0.53039,1.0215,False,False,False,D_PROP_SIGN_TECH
CS_0288,res://assets/tilesets/cyber_city_core_tilesets/CyberCity_CentralSecurity_Tiles/CyberCity_CentralSecurity_Tiles_1/CyberCity_CentralSecurity_Tiles_1/ChairAssembly1_8.png,ChairAssembly1_8.png,CyberCity_CentralSecurity_Tiles_1/CyberCity_CentralSecurity_Tiles_1,CyberCity_CentralSecurity_Tiles_1,ChairAssembly1,prop_sign_tech,112,93,True,"[0, 0, 112, 93]",112,93,50.048,0.49952,1.2043,False,False,False,D_PROP_SIGN_TECH
CS_0289,res://assets/tilesets/cyber_city_core_tilesets/CyberCity_CentralSecurity_Tiles/CyberCity_CentralSecurity_Tiles_1/CyberCity_CentralSecurity_Tiles_1/ChairAssembly2_1.png,ChairAssembly2_1.png,CyberCity_CentralSecurity_Tiles_1/CyberCity_CentralSecurity_Tiles_1,CyberCity_CentralSecurity_Tiles_1,ChairAssembly2,prop_sign_tech,64,108,True,"[0, 0, 64, 108]",64,108,27.488,0.72512,0.5926,False,False,False,D_PROP_SIGN_TECH
CS_0290,res://assets/tilesets/cyber_city_core_tilesets/CyberCity_CentralSecurity_Tiles/CyberCity_CentralSecurity_Tiles_1/CyberCity_CentralSecurity_Tiles_1/ChairAssembly2_2.png,ChairAssembly2_2.png,CyberCity_CentralSecurity_Tiles_1/CyberCity_CentralSecurity_Tiles_1,CyberCity_CentralSecurity_Tiles_1,ChairAssembly2,prop_sign_tech,73,101,True,"[0, 0, 73, 101]",73,101,39.862,0.60138,0.7228,False,False,False,D_PROP_SIGN_TECH
CS_0291,res://assets/tilesets/cyber_city_core_tilesets/CyberCity_CentralSecurity_Tiles/CyberCity_CentralSecurity_Tiles_1/CyberCity_CentralSecurity_Tiles_1/ChairAssembly2_3.png,ChairAssembly2_3.png,CyberCity_CentralSecurity_Tiles_1/CyberCity_CentralSecurity_Tiles_1,CyberCity_CentralSecurity_Tiles_1,ChairAssembly2,prop_sign_tech,63,86,True,"[0, 0, 63, 86]",63,86,30.565,0.69435,0.7326,False,False,False,D_PROP_SIGN_TECH
CS_0292,res://assets/tilesets/cyber_city_core_tilesets/CyberCity_CentralSecurity_Tiles/CyberCity_CentralSecurity_Tiles_1/CyberCity_CentralSecurity_Tiles_1/ChairAssembly2_4.png,ChairAssembly2_4.png,CyberCity_CentralSecurity_Tiles_1/CyberCity_CentralSecurity_Tiles_1,CyberCity_CentralSecurity_Tiles_1,ChairAssembly2,prop_sign_tech,88,102,True,"[0, 0, 88, 102]",88,102,42.424,0.57576,0.8627,False,False,False,D_PROP_SIGN_TECH
CS_0293,res://assets/tilesets/cyber_city_core_tilesets/CyberCity_CentralSecurity_Tiles/CyberCity_CentralSecurity_Tiles_1/CyberCity_CentralSecurity_Tiles_1/ChairAssembly2_5.png,ChairAssembly2_5.png,CyberCity_CentralSecurity_Tiles_1/CyberCity_CentralSecurity_Tiles_1,CyberCity_CentralSecurity_Tiles_1,ChairAssembly2,prop_sign_tech,78,106,True,"[0, 0, 78, 106]",78,106,40.36,0.5964,0.7358,False,False,False,D_PROP_SIGN_TECH
CS_0294,res://assets/tilesets/cyber_city_core_tilesets/CyberCity_CentralSecurity_Tiles/CyberCity_CentralSecurity_Tiles_1/CyberCity_CentralSecurity_Tiles_1/ChairAssembly2_6.png,ChairAssembly2_6.png,CyberCity_CentralSecurity_Tiles_1/CyberCity_CentralSecurity_Tiles_1,CyberCity_CentralSecurity_Tiles_1,ChairAssembly2,prop_sign_tech,86,111,True,"[0, 0, 86, 111]",86,111,44.72,0.5528,0.7748,False,False,False,D_PROP_SIGN_TECH
CS_0295,res://assets/tilesets/cyber_city_core_tilesets/CyberCity_CentralSecurity_Tiles/CyberCity_CentralSecurity_Tiles_1/CyberCity_CentralSecurity_Tiles_1/ChairAssembly2_7.png,ChairAssembly2_7.png,CyberCity_CentralSecurity_Tiles_1/CyberCity_CentralSecurity_Tiles_1,CyberCity_CentralSecurity_Tiles_1,ChairAssembly2,prop_sign_tech,77,93,True,"[0, 0, 77, 93]",77,93,44.002,0.55998,0.828,False,False,False,D_PROP_SIGN_TECH
CS_0296,res://assets/tilesets/cyber_city_core_tilesets/CyberCity_CentralSecurity_Tiles/CyberCity_CentralSecurity_Tiles_1/CyberCity_CentralSecurity_Tiles_1/ChairAssembly2_8.png,ChairAssembly2_8.png,CyberCity_CentralSecurity_Tiles_1/CyberCity_CentralSecurity_Tiles_1,CyberCity_CentralSecurity_Tiles_1,ChairAssembly2,prop_sign_tech,90,93,True,"[0, 0, 90, 93]",90,93,45.137,0.54863,0.9677,False,False,False,D_PROP_SIGN_TECH
CS_0297,res://assets/tilesets/cyber_city_core_tilesets/CyberCity_CentralSecurity_Tiles/CyberCity_CentralSecurity_Tiles_1/CyberCity_CentralSecurity_Tiles_1/ChargingTerminal1_1.png,ChargingTerminal1_1.png,CyberCity_CentralSecurity_Tiles_1/CyberCity_CentralSecurity_Tiles_1,CyberCity_CentralSecurity_Tiles_1,ChargingTerminal1,prop_sign_tech,260,159,True,"[0, 0, 260, 159]",260,159,26.234,0.73766,1.6352,False,False,False,D_PROP_SIGN_TECH
CS_0298,res://assets/tilesets/cyber_city_core_tilesets/CyberCity_CentralSecurity_Tiles/CyberCity_CentralSecurity_Tiles_1/CyberCity_CentralSecurity_Tiles_1/ChargingTerminal1_2.png,ChargingTerminal1_2.png,CyberCity_CentralSecurity_Tiles_1/CyberCity_CentralSecurity_Tiles_1,CyberCity_CentralSecurity_Tiles_1,ChargingTerminal1,prop_sign_tech,137,221,True,"[0, 0, 137, 221]",137,221,19.774,0.80226,0.6199,False,False,False,D_PROP_SIGN_TECH
CS_0299,res://assets/tilesets/cyber_city_core_tilesets/CyberCity_CentralSecurity_Tiles/CyberCity_CentralSecurity_Tiles_1/CyberCity_CentralSecurity_Tiles_1/ChargingTerminal1_3.png,ChargingTerminal1_3.png,CyberCity_CentralSecurity_Tiles_1/CyberCity_CentralSecurity_Tiles_1,CyberCity_CentralSecurity_Tiles_1,ChargingTerminal1,prop_sign_tech,257,97,True,"[0, 0, 257, 97]",257,97,7.269,0.92731,2.6495,False,False,False,D_PROP_SIGN_TECH
CS_0300,res://assets/tilesets/cyber_city_core_tilesets/CyberCity_CentralSecurity_Tiles/CyberCity_CentralSecurity_Tiles_1/CyberCity_CentralSecurity_Tiles_1/ChargingTerminal1_4.png,ChargingTerminal1_4.png,CyberCity_CentralSecurity_Tiles_1/CyberCity_CentralSecurity_Tiles_1,CyberCity_CentralSecurity_Tiles_1,ChargingTerminal1,prop_sign_tech,153,220,True,"[0, 0, 153, 220]",153,220,23.91,0.7609,0.6955,False,False,False,D_PROP_SIGN_TECH
CS_0301,res://assets/tilesets/cyber_city_core_tilesets/CyberCity_CentralSecurity_Tiles/CyberCity_CentralSecurity_Tiles_1/CyberCity_CentralSecurity_Tiles_1/ChargingTerminal1_5.png,ChargingTerminal1_5.png,CyberCity_CentralSecurity_Tiles_1/CyberCity_CentralSecurity_Tiles_1,CyberCity_CentralSecurity_Tiles_1,ChargingTerminal1,prop_sign_tech,266,237,True,"[0, 0, 266, 237]",266,237,53.951,0.46049,1.1224,False,False,False,D_PROP_SIGN_TECH
CS_0302,res://assets/tilesets/cyber_city_core_tilesets/CyberCity_CentralSecurity_Tiles/CyberCity_CentralSecurity_Tiles_1/CyberCity_CentralSecurity_Tiles_1/ChargingTerminal1_6.png,ChargingTerminal1_6.png,CyberCity_CentralSecurity_Tiles_1/CyberCity_CentralSecurity_Tiles_1,CyberCity_CentralSecurity_Tiles_1,ChargingTerminal1,prop_sign_tech,268,238,True,"[0, 0, 268, 238]",268,238,52.614,0.47386,1.1261,False,False,False,D_PROP_SIGN_TECH
CS_0303,res://assets/tilesets/cyber_city_core_tilesets/CyberCity_CentralSecurity_Tiles/CyberCity_CentralSecurity_Tiles_1/CyberCity_CentralSecurity_Tiles_1/ChargingTerminal1_7.png,ChargingTerminal1_7.png,CyberCity_CentralSecurity_Tiles_1/CyberCity_CentralSecurity_Tiles_1,CyberCity_CentralSecurity_Tiles_1,ChargingTerminal1,prop_sign_tech,268,192,True,"[0, 0, 268, 192]",268,192,53.747,0.46253,1.3958,False,False,False,D_PROP_SIGN_TECH
CS_0304,res://assets/tilesets/cyber_city_core_tilesets/CyberCity_CentralSecurity_Tiles/CyberCity_CentralSecurity_Tiles_1/CyberCity_CentralSecurity_Tiles_1/ChargingTerminal1_8.png,ChargingTerminal1_8.png,CyberCity_CentralSecurity_Tiles_1/CyberCity_CentralSecurity_Tiles_1,CyberCity_CentralSecurity_Tiles_1,ChargingTerminal1,prop_sign_tech,265,192,True,"[0, 0, 265, 192]",265,192,53.011,0.46989,1.3802,False,False,False,D_PROP_SIGN_TECH
CS_0305,res://assets/tilesets/cyber_city_core_tilesets/CyberCity_CentralSecurity_Tiles/CyberCity_CentralSecurity_Tiles_1/CyberCity_CentralSecurity_Tiles_1/Cistern1_1.png,Cistern1_1.png,CyberCity_CentralSecurity_Tiles_1/CyberCity_CentralSecurity_Tiles_1,CyberCity_CentralSecurity_Tiles_1,Cistern1,review_unknown_visually_promising,897,468,True,"[0, 0, 897, 468]",897,468,6.205,0.93795,1.9167,False,False,False,E_REVIEW_UNKNOWN
CS_0306,res://assets/tilesets/cyber_city_core_tilesets/CyberCity_CentralSecurity_Tiles/CyberCity_CentralSecurity_Tiles_1/CyberCity_CentralSecurity_Tiles_1/Cistern1_2.png,Cistern1_2.png,CyberCity_CentralSecurity_Tiles_1/CyberCity_CentralSecurity_Tiles_1,CyberCity_CentralSecurity_Tiles_1,Cistern1,review_unknown_visually_promising,586,679,True,"[0, 0, 586, 679]",586,679,6.843,0.93157,0.863,False,False,False,E_REVIEW_UNKNOWN
CS_0307,res://assets/tilesets/cyber_city_core_tilesets/CyberCity_CentralSecurity_Tiles/CyberCity_CentralSecurity_Tiles_1/CyberCity_CentralSecurity_Tiles_1/Cistern1_3.png,Cistern1_3.png,CyberCity_CentralSecurity_Tiles_1/CyberCity_CentralSecurity_Tiles_1,CyberCity_CentralSecurity_Tiles_1,Cistern1,review_unknown_visually_promising,898,456,True,"[0, 0, 898, 456]",898,456,11.523,0.88477,1.9693,False,False,False,E_REVIEW_UNKNOWN
CS_0308,res://assets/tilesets/cyber_city_core_tilesets/CyberCity_CentralSecurity_Tiles/CyberCity_CentralSecurity_Tiles_1/CyberCity_CentralSecurity_Tiles_1/Cistern1_4.png,Cistern1_4.png,CyberCity_CentralSecurity_Tiles_1/CyberCity_CentralSecurity_Tiles_1,CyberCity_CentralSecurity_Tiles_1,Cistern1,review_unknown_visually_promising,588,685,True,"[0, 0, 588, 685]",588,685,6.439,0.93561,0.8584,False,False,False,E_REVIEW_UNKNOWN
CS_0309,res://assets/tilesets/cyber_city_core_tilesets/CyberCity_CentralSecurity_Tiles/CyberCity_CentralSecurity_Tiles_1/CyberCity_CentralSecurity_Tiles_1/Cistern1_5.png,Cistern1_5.png,CyberCity_CentralSecurity_Tiles_1/CyberCity_CentralSecurity_Tiles_1,CyberCity_CentralSecurity_Tiles_1,Cistern1,review_unknown_visually_promising,1029,775,True,"[0, 0, 1029, 775]",1029,775,51.34,0.4866,1.3277,False,False,False,E_REVIEW_UNKNOWN
CS_0310,res://assets/tilesets/cyber_city_core_tilesets/CyberCity_CentralSecurity_Tiles/CyberCity_CentralSecurity_Tiles_1/CyberCity_CentralSecurity_Tiles_1/Cistern1_6.png,Cistern1_6.png,CyberCity_CentralSecurity_Tiles_1/CyberCity_CentralSecurity_Tiles_1,CyberCity_CentralSecurity_Tiles_1,Cistern1,review_unknown_visually_promising,1033,771,True,"[0, 0, 1033, 771]",1033,771,51.133,0.48867,1.3398,False,False,False,E_REVIEW_UNKNOWN
CS_0311,res://assets/tilesets/cyber_city_core_tilesets/CyberCity_CentralSecurity_Tiles/CyberCity_CentralSecurity_Tiles_1/CyberCity_CentralSecurity_Tiles_1/Cistern1_7.png,Cistern1_7.png,CyberCity_CentralSecurity_Tiles_1/CyberCity_CentralSecurity_Tiles_1,CyberCity_CentralSecurity_Tiles_1,Cistern1,review_unknown_visually_promising,1028,767,True,"[0, 0, 1028, 767]",1028,767,53.657,0.46343,1.3403,False,False,False,E_REVIEW_UNKNOWN
CS_0312,res://assets/tilesets/cyber_city_core_tilesets/CyberCity_CentralSecurity_Tiles/CyberCity_CentralSecurity_Tiles_1/CyberCity_CentralSecurity_Tiles_1/Cistern1_8.png,Cistern1_8.png,CyberCity_CentralSecurity_Tiles_1/CyberCity_CentralSecurity_Tiles_1,CyberCity_CentralSecurity_Tiles_1,Cistern1,review_unknown_visually_promising,1032,770,True,"[0, 0, 1032, 770]",1032,770,53.444,0.46556,1.3403,False,False,False,E_REVIEW_UNKNOWN
CS_0313,res://assets/tilesets/cyber_city_core_tilesets/CyberCity_CentralSecurity_Tiles/CyberCity_CentralSecurity_Tiles_1/CyberCity_CentralSecurity_Tiles_1/ComputerStation1_1.png,ComputerStation1_1.png,CyberCity_CentralSecurity_Tiles_1/CyberCity_CentralSecurity_Tiles_1,CyberCity_CentralSecurity_Tiles_1,ComputerStation1,"large_structure, prop_sign_tech",204,137,True,"[0, 0, 204, 137]",204,137,55.847,0.44153,1.4891,False,False,False,C_LARGE_STRUCTURE
CS_0314,res://assets/tilesets/cyber_city_core_tilesets/CyberCity_CentralSecurity_Tiles/CyberCity_CentralSecurity_Tiles_1/CyberCity_CentralSecurity_Tiles_1/ComputerStation1_2.png,ComputerStation1_2.png,CyberCity_CentralSecurity_Tiles_1/CyberCity_CentralSecurity_Tiles_1,CyberCity_CentralSecurity_Tiles_1,ComputerStation1,"large_structure, prop_sign_tech",131,178,True,"[0, 0, 131, 178]",131,178,53.491,0.46509,0.736,False,False,False,C_LARGE_STRUCTURE
CS_0315,res://assets/tilesets/cyber_city_core_tilesets/CyberCity_CentralSecurity_Tiles/CyberCity_CentralSecurity_Tiles_1/CyberCity_CentralSecurity_Tiles_1/ComputerStation1_3.png,ComputerStation1_3.png,CyberCity_CentralSecurity_Tiles_1/CyberCity_CentralSecurity_Tiles_1,CyberCity_CentralSecurity_Tiles_1,ComputerStation1,"large_structure, prop_sign_tech",201,152,True,"[0, 0, 201, 152]",201,152,58.173,0.41827,1.3224,False,False,False,C_LARGE_STRUCTURE
CS_0316,res://assets/tilesets/cyber_city_core_tilesets/CyberCity_CentralSecurity_Tiles/CyberCity_CentralSecurity_Tiles_1/CyberCity_CentralSecurity_Tiles_1/ComputerStation1_4.png,ComputerStation1_4.png,CyberCity_CentralSecurity_Tiles_1/CyberCity_CentralSecurity_Tiles_1,CyberCity_CentralSecurity_Tiles_1,ComputerStation1,"large_structure, prop_sign_tech",131,182,True,"[0, 0, 131, 182]",131,182,54.157,0.45843,0.7198,False,False,False,C_LARGE_STRUCTURE
CS_0317,res://assets/tilesets/cyber_city_core_tilesets/CyberCity_CentralSecurity_Tiles/CyberCity_CentralSecurity_Tiles_1/CyberCity_CentralSecurity_Tiles_1/ComputerStation1_5.png,ComputerStation1_5.png,CyberCity_CentralSecurity_Tiles_1/CyberCity_CentralSecurity_Tiles_1,CyberCity_CentralSecurity_Tiles_1,ComputerStation1,"large_structure, prop_sign_tech",154,146,True,"[0, 0, 154, 146]",154,146,48.995,0.51005,1.0548,False,False,False,C_LARGE_STRUCTURE
CS_0318,res://assets/tilesets/cyber_city_core_tilesets/CyberCity_CentralSecurity_Tiles/CyberCity_CentralSecurity_Tiles_1/CyberCity_CentralSecurity_Tiles_1/ComputerStation1_6.png,ComputerStation1_6.png,CyberCity_CentralSecurity_Tiles_1/CyberCity_CentralSecurity_Tiles_1,CyberCity_CentralSecurity_Tiles_1,ComputerStation1,"large_structure, prop_sign_tech",153,146,True,"[0, 0, 153, 146]",153,146,48.165,0.51835,1.0479,False,False,False,C_LARGE_STRUCTURE
CS_0319,res://assets/tilesets/cyber_city_core_tilesets/CyberCity_CentralSecurity_Tiles/CyberCity_CentralSecurity_Tiles_1/CyberCity_CentralSecurity_Tiles_1/ComputerStation1_7.png,ComputerStation1_7.png,CyberCity_CentralSecurity_Tiles_1/CyberCity_CentralSecurity_Tiles_1,CyberCity_CentralSecurity_Tiles_1,ComputerStation1,"large_structure, prop_sign_tech",157,165,True,"[0, 0, 157, 165]",157,165,51.268,0.48732,0.9515,False,False,False,C_LARGE_STRUCTURE
CS_0320,res://assets/tilesets/cyber_city_core_tilesets/CyberCity_CentralSecurity_Tiles/CyberCity_CentralSecurity_Tiles_1/CyberCity_CentralSecurity_Tiles_1/ComputerStation1_8.png,ComputerStation1_8.png,CyberCity_CentralSecurity_Tiles_1/CyberCity_CentralSecurity_Tiles_1,CyberCity_CentralSecurity_Tiles_1,ComputerStation1,"large_structure, prop_sign_tech",153,165,True,"[0, 0, 153, 165]",153,165,54.454,0.45546,0.9273,False,False,False,C_LARGE_STRUCTURE
CS_0321,res://assets/tilesets/cyber_city_core_tilesets/CyberCity_CentralSecurity_Tiles/CyberCity_CentralSecurity_Tiles_1/CyberCity_CentralSecurity_Tiles_1/ComputerStation2_1.png,ComputerStation2_1.png,CyberCity_CentralSecurity_Tiles_1/CyberCity_CentralSecurity_Tiles_1,CyberCity_CentralSecurity_Tiles_1,ComputerStation2,"large_structure, prop_sign_tech",146,202,True,"[0, 0, 146, 202]",146,202,55.483,0.44517,0.7228,False,False,False,C_LARGE_STRUCTURE
CS_0322,res://assets/tilesets/cyber_city_core_tilesets/CyberCity_CentralSecurity_Tiles/CyberCity_CentralSecurity_Tiles_1/CyberCity_CentralSecurity_Tiles_1/ComputerStation2_2.png,ComputerStation2_2.png,CyberCity_CentralSecurity_Tiles_1/CyberCity_CentralSecurity_Tiles_1,CyberCity_CentralSecurity_Tiles_1,ComputerStation2,"large_structure, prop_sign_tech",163,150,True,"[0, 0, 163, 150]",163,150,41.059,0.58941,1.0867,False,False,False,C_LARGE_STRUCTURE
CS_0323,res://assets/tilesets/cyber_city_core_tilesets/CyberCity_CentralSecurity_Tiles/CyberCity_CentralSecurity_Tiles_1/CyberCity_CentralSecurity_Tiles_1/ComputerStation2_3.png,ComputerStation2_3.png,CyberCity_CentralSecurity_Tiles_1/CyberCity_CentralSecurity_Tiles_1,CyberCity_CentralSecurity_Tiles_1,ComputerStation2,"large_structure, prop_sign_tech",147,167,True,"[0, 0, 147, 167]",147,167,41.896,0.58104,0.8802,False,False,False,C_LARGE_STRUCTURE
CS_0324,res://assets/tilesets/cyber_city_core_tilesets/CyberCity_CentralSecurity_Tiles/CyberCity_CentralSecurity_Tiles_1/CyberCity_CentralSecurity_Tiles_1/ComputerStation2_4.png,ComputerStation2_4.png,CyberCity_CentralSecurity_Tiles_1/CyberCity_CentralSecurity_Tiles_1,CyberCity_CentralSecurity_Tiles_1,ComputerStation2,"large_structure, prop_sign_tech",167,151,True,"[0, 0, 167, 151]",167,151,42.531,0.57469,1.106,False,False,False,C_LARGE_STRUCTURE
CS_0325,res://assets/tilesets/cyber_city_core_tilesets/CyberCity_CentralSecurity_Tiles/CyberCity_CentralSecurity_Tiles_1/CyberCity_CentralSecurity_Tiles_1/ComputerStation2_5.png,ComputerStation2_5.png,CyberCity_CentralSecurity_Tiles_1/CyberCity_CentralSecurity_Tiles_1,CyberCity_CentralSecurity_Tiles_1,ComputerStation2,"large_structure, prop_sign_tech",150,189,True,"[0, 0, 150, 189]",150,189,53.683,0.46317,0.7937,False,False,False,C_LARGE_STRUCTURE
CS_0326,res://assets/tilesets/cyber_city_core_tilesets/CyberCity_CentralSecurity_Tiles/CyberCity_CentralSecurity_Tiles_1/CyberCity_CentralSecurity_Tiles_1/ComputerStation2_6.png,ComputerStation2_6.png,CyberCity_CentralSecurity_Tiles_1/CyberCity_CentralSecurity_Tiles_1,CyberCity_CentralSecurity_Tiles_1,ComputerStation2,"large_structure, prop_sign_tech",157,187,True,"[0, 0, 157, 187]",157,187,52.798,0.47202,0.8396,False,False,False,C_LARGE_STRUCTURE
CS_0327,res://assets/tilesets/cyber_city_core_tilesets/CyberCity_CentralSecurity_Tiles/CyberCity_CentralSecurity_Tiles_1/CyberCity_CentralSecurity_Tiles_1/ComputerStation2_7.png,ComputerStation2_7.png,CyberCity_CentralSecurity_Tiles_1/CyberCity_CentralSecurity_Tiles_1,CyberCity_CentralSecurity_Tiles_1,ComputerStation2,"large_structure, prop_sign_tech",150,158,True,"[0, 0, 150, 158]",150,158,33.92,0.6608,0.9494,False,False,False,C_LARGE_STRUCTURE
CS_0328,res://assets/tilesets/cyber_city_core_tilesets/CyberCity_CentralSecurity_Tiles/CyberCity_CentralSecurity_Tiles_1/CyberCity_CentralSecurity_Tiles_1/ComputerStation2_8.png,ComputerStation2_8.png,CyberCity_CentralSecurity_Tiles_1/CyberCity_CentralSecurity_Tiles_1,CyberCity_CentralSecurity_Tiles_1,ComputerStation2,"large_structure, prop_sign_tech",157,158,True,"[0, 0, 157, 158]",157,158,39.603,0.60397,0.9937,False,False,False,C_LARGE_STRUCTURE
CS_0329,res://assets/tilesets/cyber_city_core_tilesets/CyberCity_CentralSecurity_Tiles/CyberCity_CentralSecurity_Tiles_1/CyberCity_CentralSecurity_Tiles_1/Container1_1.png,Container1_1.png,CyberCity_CentralSecurity_Tiles_1/CyberCity_CentralSecurity_Tiles_1,CyberCity_CentralSecurity_Tiles_1,Container1,review_unknown_visually_promising,189,501,True,"[0, 0, 189, 501]",189,501,9.682,0.90318,0.3772,False,False,False,E_REVIEW_UNKNOWN
CS_0330,res://assets/tilesets/cyber_city_core_tilesets/CyberCity_CentralSecurity_Tiles/CyberCity_CentralSecurity_Tiles_1/CyberCity_CentralSecurity_Tiles_1/Container1_2.png,Container1_2.png,CyberCity_CentralSecurity_Tiles_1/CyberCity_CentralSecurity_Tiles_1,CyberCity_CentralSecurity_Tiles_1,Container1,review_unknown_visually_promising,611,215,True,"[0, 0, 611, 215]",611,215,11.444,0.88556,2.8419,False,False,False,E_REVIEW_UNKNOWN
CS_0331,res://assets/tilesets/cyber_city_core_tilesets/CyberCity_CentralSecurity_Tiles/CyberCity_CentralSecurity_Tiles_1/CyberCity_CentralSecurity_Tiles_1/Container1_3.png,Container1_3.png,CyberCity_CentralSecurity_Tiles_1/CyberCity_CentralSecurity_Tiles_1,CyberCity_CentralSecurity_Tiles_1,Container1,review_unknown_visually_promising,525,446,True,"[0, 0, 525, 446]",525,446,54.94,0.4506,1.1771,False,False,False,E_REVIEW_UNKNOWN
CS_0332,res://assets/tilesets/cyber_city_core_tilesets/CyberCity_CentralSecurity_Tiles/CyberCity_CentralSecurity_Tiles_1/CyberCity_CentralSecurity_Tiles_1/Container1_4.png,Container1_4.png,CyberCity_CentralSecurity_Tiles_1/CyberCity_CentralSecurity_Tiles_1,CyberCity_CentralSecurity_Tiles_1,Container1,review_unknown_visually_promising,524,443,True,"[0, 0, 524, 443]",524,443,54.14,0.4586,1.1828,False,False,False,E_REVIEW_UNKNOWN
CS_0333,res://assets/tilesets/cyber_city_core_tilesets/CyberCity_CentralSecurity_Tiles/CyberCity_CentralSecurity_Tiles_1/CyberCity_CentralSecurity_Tiles_1/Container2_1.png,Container2_1.png,CyberCity_CentralSecurity_Tiles_1/CyberCity_CentralSecurity_Tiles_1,CyberCity_CentralSecurity_Tiles_1,Container2,review_unknown_visually_promising,195,460,True,"[0, 0, 195, 460]",195,460,10.957,0.89043,0.4239,False,False,False,E_REVIEW_UNKNOWN
CS_0334,res://assets/tilesets/cyber_city_core_tilesets/CyberCity_CentralSecurity_Tiles/CyberCity_CentralSecurity_Tiles_1/CyberCity_CentralSecurity_Tiles_1/Container2_2.png,Container2_2.png,CyberCity_CentralSecurity_Tiles_1/CyberCity_CentralSecurity_Tiles_1,CyberCity_CentralSecurity_Tiles_1,Container2,review_unknown_visually_promising,525,229,True,"[0, 0, 525, 229]",525,229,9.001,0.90999,2.2926,False,False,False,E_REVIEW_UNKNOWN
CS_0335,res://assets/tilesets/cyber_city_core_tilesets/CyberCity_CentralSecurity_Tiles/CyberCity_CentralSecurity_Tiles_1/CyberCity_CentralSecurity_Tiles_1/Container2_3.png,Container2_3.png,CyberCity_CentralSecurity_Tiles_1/CyberCity_CentralSecurity_Tiles_1,CyberCity_CentralSecurity_Tiles_1,Container2,review_unknown_visually_promising,478,423,True,"[0, 0, 478, 423]",478,423,50.131,0.49869,1.13,False,False,False,E_REVIEW_UNKNOWN
CS_0336,res://assets/tilesets/cyber_city_core_tilesets/CyberCity_CentralSecurity_Tiles/CyberCity_CentralSecurity_Tiles_1/CyberCity_CentralSecurity_Tiles_1/Container2_4.png,Container2_4.png,CyberCity_CentralSecurity_Tiles_1/CyberCity_CentralSecurity_Tiles_1,CyberCity_CentralSecurity_Tiles_1,Container2,review_unknown_visually_promising,478,424,True,"[0, 0, 478, 424]",478,424,49.969,0.50031,1.1274,False,False,False,E_REVIEW_UNKNOWN
CS_0337,res://assets/tilesets/cyber_city_core_tilesets/CyberCity_CentralSecurity_Tiles/CyberCity_CentralSecurity_Tiles_1/CyberCity_CentralSecurity_Tiles_1/Container3_1.png,Container3_1.png,CyberCity_CentralSecurity_Tiles_1/CyberCity_CentralSecurity_Tiles_1,CyberCity_CentralSecurity_Tiles_1,Container3,review_unknown_visually_promising,116,238,True,"[0, 0, 116, 238]",116,238,15.235,0.84765,0.4874,False,False,False,E_REVIEW_UNKNOWN
CS_0338,res://assets/tilesets/cyber_city_core_tilesets/CyberCity_CentralSecurity_Tiles/CyberCity_CentralSecurity_Tiles_1/CyberCity_CentralSecurity_Tiles_1/Container3_2.png,Container3_2.png,CyberCity_CentralSecurity_Tiles_1/CyberCity_CentralSecurity_Tiles_1,CyberCity_CentralSecurity_Tiles_1,Container3,review_unknown_visually_promising,264,131,True,"[0, 0, 264, 131]",264,131,13.101,0.86899,2.0153,False,False,False,E_REVIEW_UNKNOWN
CS_0339,res://assets/tilesets/cyber_city_core_tilesets/CyberCity_CentralSecurity_Tiles/CyberCity_CentralSecurity_Tiles_1/CyberCity_CentralSecurity_Tiles_1/Container3_3.png,Container3_3.png,CyberCity_CentralSecurity_Tiles_1/CyberCity_CentralSecurity_Tiles_1,CyberCity_CentralSecurity_Tiles_1,Container3,review_unknown_visually_promising,251,221,True,"[0, 0, 251, 221]",251,221,48.984,0.51016,1.1357,False,False,False,E_REVIEW_UNKNOWN
CS_0340,res://assets/tilesets/cyber_city_core_tilesets/CyberCity_CentralSecurity_Tiles/CyberCity_CentralSecurity_Tiles_1/CyberCity_CentralSecurity_Tiles_1/Container3_4.png,Container3_4.png,CyberCity_CentralSecurity_Tiles_1/CyberCity_CentralSecurity_Tiles_1,CyberCity_CentralSecurity_Tiles_1,Container3,review_unknown_visually_promising,250,223,True,"[0, 0, 250, 223]",250,223,48.757,0.51243,1.1211,False,False,False,E_REVIEW_UNKNOWN
CS_0341,res://assets/tilesets/cyber_city_core_tilesets/CyberCity_CentralSecurity_Tiles/CyberCity_CentralSecurity_Tiles_1/CyberCity_CentralSecurity_Tiles_1/Container4_1.png,Container4_1.png,CyberCity_CentralSecurity_Tiles_1/CyberCity_CentralSecurity_Tiles_1,CyberCity_CentralSecurity_Tiles_1,Container4,review_unknown_visually_promising,124,228,True,"[0, 0, 124, 228]",124,228,14.895,0.85105,0.5439,False,False,False,E_REVIEW_UNKNOWN
CS_0342,res://assets/tilesets/cyber_city_core_tilesets/CyberCity_CentralSecurity_Tiles/CyberCity_CentralSecurity_Tiles_1/CyberCity_CentralSecurity_Tiles_1/Container4_2.png,Container4_2.png,CyberCity_CentralSecurity_Tiles_1/CyberCity_CentralSecurity_Tiles_1,CyberCity_CentralSecurity_Tiles_1,Container4,review_unknown_visually_promising,247,142,True,"[0, 0, 247, 142]",247,142,14.412,0.85588,1.7394,False,False,False,E_REVIEW_UNKNOWN
CS_0343,res://assets/tilesets/cyber_city_core_tilesets/CyberCity_CentralSecurity_Tiles/CyberCity_CentralSecurity_Tiles_1/CyberCity_CentralSecurity_Tiles_1/Container4_3.png,Container4_3.png,CyberCity_CentralSecurity_Tiles_1/CyberCity_CentralSecurity_Tiles_1,CyberCity_CentralSecurity_Tiles_1,Container4,review_unknown_visually_promising,244,226,True,"[0, 0, 244, 226]",244,226,47.643,0.52357,1.0796,False,False,False,E_REVIEW_UNKNOWN
CS_0344,res://assets/tilesets/cyber_city_core_tilesets/CyberCity_CentralSecurity_Tiles/CyberCity_CentralSecurity_Tiles_1/CyberCity_CentralSecurity_Tiles_1/Container4_4.png,Container4_4.png,CyberCity_CentralSecurity_Tiles_1/CyberCity_CentralSecurity_Tiles_1,CyberCity_CentralSecurity_Tiles_1,Container4,review_unknown_visually_promising,243,221,True,"[0, 0, 243, 221]",243,221,45.936,0.54064,1.0995,False,False,False,E_REVIEW_UNKNOWN
CS_0345,res://assets/tilesets/cyber_city_core_tilesets/CyberCity_CentralSecurity_Tiles/CyberCity_CentralSecurity_Tiles_1/CyberCity_CentralSecurity_Tiles_1/Container5_1.png,Container5_1.png,CyberCity_CentralSecurity_Tiles_1/CyberCity_CentralSecurity_Tiles_1,CyberCity_CentralSecurity_Tiles_1,Container5,review_unknown_visually_promising,109,88,True,"[0, 0, 109, 88]",109,88,17.765,0.82235,1.2386,False,False,False,E_REVIEW_UNKNOWN
CS_0346,res://assets/tilesets/cyber_city_core_tilesets/CyberCity_CentralSecurity_Tiles/CyberCity_CentralSecurity_Tiles_1/CyberCity_CentralSecurity_Tiles_1/Container5_2.png,Container5_2.png,CyberCity_CentralSecurity_Tiles_1/CyberCity_CentralSecurity_Tiles_1,CyberCity_CentralSecurity_Tiles_1,Container5,review_unknown_visually_promising,85,101,True,"[0, 0, 85, 101]",85,101,15.539,0.84461,0.8416,False,False,False,E_REVIEW_UNKNOWN
CS_0347,res://assets/tilesets/cyber_city_core_tilesets/CyberCity_CentralSecurity_Tiles/CyberCity_CentralSecurity_Tiles_1/CyberCity_CentralSecurity_Tiles_1/Container5_3.png,Container5_3.png,CyberCity_CentralSecurity_Tiles_1/CyberCity_CentralSecurity_Tiles_1,CyberCity_CentralSecurity_Tiles_1,Container5,review_unknown_visually_promising,111,87,True,"[0, 0, 111, 87]",111,87,18.101,0.81899,1.2759,False,False,False,E_REVIEW_UNKNOWN
CS_0348,res://assets/tilesets/cyber_city_core_tilesets/CyberCity_CentralSecurity_Tiles/CyberCity_CentralSecurity_Tiles_1/CyberCity_CentralSecurity_Tiles_1/Container5_4.png,Container5_4.png,CyberCity_CentralSecurity_Tiles_1/CyberCity_CentralSecurity_Tiles_1,CyberCity_CentralSecurity_Tiles_1,Container5,review_unknown_visually_promising,80,107,True,"[0, 0, 80, 107]",80,107,16.168,0.83832,0.7477,False,False,False,E_REVIEW_UNKNOWN
CS_0349,res://assets/tilesets/cyber_city_core_tilesets/CyberCity_CentralSecurity_Tiles/CyberCity_CentralSecurity_Tiles_1/CyberCity_CentralSecurity_Tiles_1/Container5_5.png,Container5_5.png,CyberCity_CentralSecurity_Tiles_1/CyberCity_CentralSecurity_Tiles_1,CyberCity_CentralSecurity_Tiles_1,Container5,review_unknown_visually_promising,112,111,True,"[0, 0, 112, 111]",112,111,36.905,0.63095,1.009,False,False,False,E_REVIEW_UNKNOWN
CS_0350,res://assets/tilesets/cyber_city_core_tilesets/CyberCity_CentralSecurity_Tiles/CyberCity_CentralSecurity_Tiles_1/CyberCity_CentralSecurity_Tiles_1/Container5_6.png,Container5_6.png,CyberCity_CentralSecurity_Tiles_1/CyberCity_CentralSecurity_Tiles_1,CyberCity_CentralSecurity_Tiles_1,Container5,review_unknown_visually_promising,113,108,True,"[0, 0, 113, 108]",113,108,36.242,0.63758,1.0463,False,False,False,E_REVIEW_UNKNOWN
CS_0351,res://assets/tilesets/cyber_city_core_tilesets/CyberCity_CentralSecurity_Tiles/CyberCity_CentralSecurity_Tiles_1/CyberCity_CentralSecurity_Tiles_1/Container5_7.png,Container5_7.png,CyberCity_CentralSecurity_Tiles_1/CyberCity_CentralSecurity_Tiles_1,CyberCity_CentralSecurity_Tiles_1,Container5,review_unknown_visually_promising,115,106,True,"[0, 0, 115, 106]",115,106,36.153,0.63847,1.0849,False,False,False,E_REVIEW_UNKNOWN
CS_0352,res://assets/tilesets/cyber_city_core_tilesets/CyberCity_CentralSecurity_Tiles/CyberCity_CentralSecurity_Tiles_1/CyberCity_CentralSecurity_Tiles_1/Container5_8.png,Container5_8.png,CyberCity_CentralSecurity_Tiles_1/CyberCity_CentralSecurity_Tiles_1,CyberCity_CentralSecurity_Tiles_1,Container5,review_unknown_visually_promising,117,109,True,"[0, 0, 117, 109]",117,109,38.085,0.61915,1.0734,False,False,False,E_REVIEW_UNKNOWN
CS_0353,res://assets/tilesets/cyber_city_core_tilesets/CyberCity_CentralSecurity_Tiles/CyberCity_CentralSecurity_Tiles_1/CyberCity_CentralSecurity_Tiles_1/Container6_1.png,Container6_1.png,CyberCity_CentralSecurity_Tiles_1/CyberCity_CentralSecurity_Tiles_1,CyberCity_CentralSecurity_Tiles_1,Container6,review_unknown_visually_promising,86,54,True,"[0, 0, 86, 54]",86,54,13.049,0.86951,1.5926,False,False,False,E_REVIEW_UNKNOWN
CS_0354,res://assets/tilesets/cyber_city_core_tilesets/CyberCity_CentralSecurity_Tiles/CyberCity_CentralSecurity_Tiles_1/CyberCity_CentralSecurity_Tiles_1/Container6_2.png,Container6_2.png,CyberCity_CentralSecurity_Tiles_1/CyberCity_CentralSecurity_Tiles_1,CyberCity_CentralSecurity_Tiles_1,Container6,review_unknown_visually_promising,66,76,True,"[0, 0, 66, 76]",66,76,15.809,0.84191,0.8684,False,False,False,E_REVIEW_UNKNOWN
CS_0355,res://assets/tilesets/cyber_city_core_tilesets/CyberCity_CentralSecurity_Tiles/CyberCity_CentralSecurity_Tiles_1/CyberCity_CentralSecurity_Tiles_1/Container6_3.png,Container6_3.png,CyberCity_CentralSecurity_Tiles_1/CyberCity_CentralSecurity_Tiles_1,CyberCity_CentralSecurity_Tiles_1,Container6,review_unknown_visually_promising,87,62,True,"[0, 0, 87, 62]",87,62,13.348,0.86652,1.4032,False,False,False,E_REVIEW_UNKNOWN
CS_0356,res://assets/tilesets/cyber_city_core_tilesets/CyberCity_CentralSecurity_Tiles/CyberCity_CentralSecurity_Tiles_1/CyberCity_CentralSecurity_Tiles_1/Container6_4.png,Container6_4.png,CyberCity_CentralSecurity_Tiles_1/CyberCity_CentralSecurity_Tiles_1,CyberCity_CentralSecurity_Tiles_1,Container6,review_unknown_visually_promising,64,79,True,"[0, 0, 64, 79]",64,79,21.084,0.78916,0.8101,False,False,False,E_REVIEW_UNKNOWN
CS_0357,res://assets/tilesets/cyber_city_core_tilesets/CyberCity_CentralSecurity_Tiles/CyberCity_CentralSecurity_Tiles_1/CyberCity_CentralSecurity_Tiles_1/Container6_5.png,Container6_5.png,CyberCity_CentralSecurity_Tiles_1/CyberCity_CentralSecurity_Tiles_1,CyberCity_CentralSecurity_Tiles_1,Container6,review_unknown_visually_promising,95,78,True,"[0, 0, 95, 78]",95,78,45.924,0.54076,1.2179,False,False,False,E_REVIEW_UNKNOWN
CS_0358,res://assets/tilesets/cyber_city_core_tilesets/CyberCity_CentralSecurity_Tiles/CyberCity_CentralSecurity_Tiles_1/CyberCity_CentralSecurity_Tiles_1/Container6_6.png,Container6_6.png,CyberCity_CentralSecurity_Tiles_1/CyberCity_CentralSecurity_Tiles_1,CyberCity_CentralSecurity_Tiles_1,Container6,review_unknown_visually_promising,91,78,True,"[0, 0, 91, 78]",91,78,44.055,0.55945,1.1667,False,False,False,E_REVIEW_UNKNOWN
CS_0359,res://assets/tilesets/cyber_city_core_tilesets/CyberCity_CentralSecurity_Tiles/CyberCity_CentralSecurity_Tiles_1/CyberCity_CentralSecurity_Tiles_1/Container6_7.png,Container6_7.png,CyberCity_CentralSecurity_Tiles_1/CyberCity_CentralSecurity_Tiles_1,CyberCity_CentralSecurity_Tiles_1,Container6,review_unknown_visually_promising,96,84,True,"[0, 0, 96, 84]",96,84,42.659,0.57341,1.1429,False,False,False,E_REVIEW_UNKNOWN
CS_0360,res://assets/tilesets/cyber_city_core_tilesets/CyberCity_CentralSecurity_Tiles/CyberCity_CentralSecurity_Tiles_1/CyberCity_CentralSecurity_Tiles_1/Container6_8.png,Container6_8.png,CyberCity_CentralSecurity_Tiles_1/CyberCity_CentralSecurity_Tiles_1,CyberCity_CentralSecurity_Tiles_1,Container6,review_unknown_visually_promising,95,83,True,"[0, 0, 95, 83]",95,83,41.332,0.58668,1.1446,False,False,False,E_REVIEW_UNKNOWN
CS_0361,res://assets/tilesets/cyber_city_core_tilesets/CyberCity_CentralSecurity_Tiles/CyberCity_CentralSecurity_Tiles_1/CyberCity_CentralSecurity_Tiles_1/Container7_1.png,Container7_1.png,CyberCity_CentralSecurity_Tiles_1/CyberCity_CentralSecurity_Tiles_1,CyberCity_CentralSecurity_Tiles_1,Container7,review_unknown_visually_promising,88,51,True,"[0, 0, 88, 51]",88,51,15.374,0.84626,1.7255,False,False,False,E_REVIEW_UNKNOWN
CS_0362,res://assets/tilesets/cyber_city_core_tilesets/CyberCity_CentralSecurity_Tiles/CyberCity_CentralSecurity_Tiles_1/CyberCity_CentralSecurity_Tiles_1/Container7_2.png,Container7_2.png,CyberCity_CentralSecurity_Tiles_1/CyberCity_CentralSecurity_Tiles_1,CyberCity_CentralSecurity_Tiles_1,Container7,review_unknown_visually_promising,47,79,True,"[0, 0, 47, 79]",47,79,15.755,0.84245,0.5949,False,False,False,E_REVIEW_UNKNOWN
CS_0363,res://assets/tilesets/cyber_city_core_tilesets/CyberCity_CentralSecurity_Tiles/CyberCity_CentralSecurity_Tiles_1/CyberCity_CentralSecurity_Tiles_1/Container7_3.png,Container7_3.png,CyberCity_CentralSecurity_Tiles_1/CyberCity_CentralSecurity_Tiles_1,CyberCity_CentralSecurity_Tiles_1,Container7,review_unknown_visually_promising,88,49,True,"[0, 0, 88, 49]",88,49,11.781,0.88219,1.7959,False,False,False,E_REVIEW_UNKNOWN
CS_0364,res://assets/tilesets/cyber_city_core_tilesets/CyberCity_CentralSecurity_Tiles/CyberCity_CentralSecurity_Tiles_1/CyberCity_CentralSecurity_Tiles_1/Container7_4.png,Container7_4.png,CyberCity_CentralSecurity_Tiles_1/CyberCity_CentralSecurity_Tiles_1,CyberCity_CentralSecurity_Tiles_1,Container7,review_unknown_visually_promising,48,76,True,"[0, 0, 48, 76]",48,76,14.227,0.85773,0.6316,False,False,False,E_REVIEW_UNKNOWN
CS_0365,res://assets/tilesets/cyber_city_core_tilesets/CyberCity_CentralSecurity_Tiles/CyberCity_CentralSecurity_Tiles_1/CyberCity_CentralSecurity_Tiles_1/Container7_5.png,Container7_5.png,CyberCity_CentralSecurity_Tiles_1/CyberCity_CentralSecurity_Tiles_1,CyberCity_CentralSecurity_Tiles_1,Container7,review_unknown_visually_promising,84,76,True,"[0, 0, 84, 76]",84,76,43.249,0.56751,1.1053,False,False,False,E_REVIEW_UNKNOWN
CS_0366,res://assets/tilesets/cyber_city_core_tilesets/CyberCity_CentralSecurity_Tiles/CyberCity_CentralSecurity_Tiles_1/CyberCity_CentralSecurity_Tiles_1/Container7_6.png,Container7_6.png,CyberCity_CentralSecurity_Tiles_1/CyberCity_CentralSecurity_Tiles_1,CyberCity_CentralSecurity_Tiles_1,Container7,review_unknown_visually_promising,84,77,True,"[0, 0, 84, 77]",84,77,44.388,0.55612,1.0909,False,False,False,E_REVIEW_UNKNOWN
CS_0367,res://assets/tilesets/cyber_city_core_tilesets/CyberCity_CentralSecurity_Tiles/CyberCity_CentralSecurity_Tiles_1/CyberCity_CentralSecurity_Tiles_1/Container7_7.png,Container7_7.png,CyberCity_CentralSecurity_Tiles_1/CyberCity_CentralSecurity_Tiles_1,CyberCity_CentralSecurity_Tiles_1,Container7,review_unknown_visually_promising,83,76,True,"[0, 0, 83, 76]",83,76,43.072,0.56928,1.0921,False,False,False,E_REVIEW_UNKNOWN
CS_0368,res://assets/tilesets/cyber_city_core_tilesets/CyberCity_CentralSecurity_Tiles/CyberCity_CentralSecurity_Tiles_1/CyberCity_CentralSecurity_Tiles_1/Container7_8.png,Container7_8.png,CyberCity_CentralSecurity_Tiles_1/CyberCity_CentralSecurity_Tiles_1,CyberCity_CentralSecurity_Tiles_1,Container7,review_unknown_visually_promising,85,76,True,"[0, 0, 85, 76]",85,76,43.746,0.56254,1.1184,False,False,False,E_REVIEW_UNKNOWN
CS_0369,res://assets/tilesets/cyber_city_core_tilesets/CyberCity_CentralSecurity_Tiles/CyberCity_CentralSecurity_Tiles_1/CyberCity_CentralSecurity_Tiles_1/ContrabandContainer1_1.png,ContrabandContainer1_1.png,CyberCity_CentralSecurity_Tiles_1/CyberCity_CentralSecurity_Tiles_1,CyberCity_CentralSecurity_Tiles_1,ContrabandContainer1,review_unknown_visually_promising,67,89,True,"[0, 0, 67, 89]",67,89,26.966,0.73034,0.7528,False,False,False,E_REVIEW_UNKNOWN
CS_0370,res://assets/tilesets/cyber_city_core_tilesets/CyberCity_CentralSecurity_Tiles/CyberCity_CentralSecurity_Tiles_1/CyberCity_CentralSecurity_Tiles_1/ContrabandContainer1_2.png,ContrabandContainer1_2.png,CyberCity_CentralSecurity_Tiles_1/CyberCity_CentralSecurity_Tiles_1,CyberCity_CentralSecurity_Tiles_1,ContrabandContainer1,review_unknown_visually_promising,69,88,True,"[0, 0, 69, 88]",69,88,28.096,0.71904,0.7841,False,False,False,E_REVIEW_UNKNOWN
CS_0371,res://assets/tilesets/cyber_city_core_tilesets/CyberCity_CentralSecurity_Tiles/CyberCity_CentralSecurity_Tiles_1/CyberCity_CentralSecurity_Tiles_1/ContrabandContainer1_3.png,ContrabandContainer1_3.png,CyberCity_CentralSecurity_Tiles_1/CyberCity_CentralSecurity_Tiles_1,CyberCity_CentralSecurity_Tiles_1,ContrabandContainer1,review_unknown_visually_promising,67,88,True,"[0, 0, 67, 88]",67,88,27.256,0.72744,0.7614,False,False,False,E_REVIEW_UNKNOWN
CS_0372,res://assets/tilesets/cyber_city_core_tilesets/CyberCity_CentralSecurity_Tiles/CyberCity_CentralSecurity_Tiles_1/CyberCity_CentralSecurity_Tiles_1/ContrabandContainer1_4.png,ContrabandContainer1_4.png,CyberCity_CentralSecurity_Tiles_1/CyberCity_CentralSecurity_Tiles_1,CyberCity_CentralSecurity_Tiles_1,ContrabandContainer1,review_unknown_visually_promising,70,88,True,"[0, 0, 70, 88]",70,88,29.01,0.7099,0.7955,False,False,False,E_REVIEW_UNKNOWN
CS_0373,res://assets/tilesets/cyber_city_core_tilesets/CyberCity_CentralSecurity_Tiles/CyberCity_CentralSecurity_Tiles_1/CyberCity_CentralSecurity_Tiles_1/ContrabandContainer1_5.png,ContrabandContainer1_5.png,CyberCity_CentralSecurity_Tiles_1/CyberCity_CentralSecurity_Tiles_1,CyberCity_CentralSecurity_Tiles_1,ContrabandContainer1,review_unknown_visually_promising,67,89,True,"[0, 0, 67, 89]",67,89,26.933,0.73067,0.7528,False,False,False,E_REVIEW_UNKNOWN
CS_0374,res://assets/tilesets/cyber_city_core_tilesets/CyberCity_CentralSecurity_Tiles/CyberCity_CentralSecurity_Tiles_1/CyberCity_CentralSecurity_Tiles_1/ContrabandContainer1_6.png,ContrabandContainer1_6.png,CyberCity_CentralSecurity_Tiles_1/CyberCity_CentralSecurity_Tiles_1,CyberCity_CentralSecurity_Tiles_1,ContrabandContainer1,review_unknown_visually_promising,67,89,True,"[0, 0, 67, 89]",67,89,26.631,0.73369,0.7528,False,False,False,E_REVIEW_UNKNOWN
CS_0375,res://assets/tilesets/cyber_city_core_tilesets/CyberCity_CentralSecurity_Tiles/CyberCity_CentralSecurity_Tiles_1/CyberCity_CentralSecurity_Tiles_1/ContrabandContainer1_7.png,ContrabandContainer1_7.png,CyberCity_CentralSecurity_Tiles_1/CyberCity_CentralSecurity_Tiles_1,CyberCity_CentralSecurity_Tiles_1,ContrabandContainer1,review_unknown_visually_promising,67,89,True,"[0, 0, 67, 89]",67,89,27.771,0.72229,0.7528,False,False,False,E_REVIEW_UNKNOWN
CS_0376,res://assets/tilesets/cyber_city_core_tilesets/CyberCity_CentralSecurity_Tiles/CyberCity_CentralSecurity_Tiles_1/CyberCity_CentralSecurity_Tiles_1/ContrabandContainer1_8.png,ContrabandContainer1_8.png,CyberCity_CentralSecurity_Tiles_1/CyberCity_CentralSecurity_Tiles_1,CyberCity_CentralSecurity_Tiles_1,ContrabandContainer1,review_unknown_visually_promising,67,89,True,"[0, 0, 67, 89]",67,89,27.738,0.72262,0.7528,False,False,False,E_REVIEW_UNKNOWN
CS_0377,res://assets/tilesets/cyber_city_core_tilesets/CyberCity_CentralSecurity_Tiles/CyberCity_CentralSecurity_Tiles_1/CyberCity_CentralSecurity_Tiles_1/Cover1_1.png,Cover1_1.png,CyberCity_CentralSecurity_Tiles_1/CyberCity_CentralSecurity_Tiles_1,CyberCity_CentralSecurity_Tiles_1,Cover1,review_unknown_visually_promising,171,146,True,"[0, 0, 171, 146]",171,146,21.898,0.78102,1.1712,False,False,False,E_REVIEW_UNKNOWN
CS_0378,res://assets/tilesets/cyber_city_core_tilesets/CyberCity_CentralSecurity_Tiles/CyberCity_CentralSecurity_Tiles_1/CyberCity_CentralSecurity_Tiles_1/Cover1_2.png,Cover1_2.png,CyberCity_CentralSecurity_Tiles_1/CyberCity_CentralSecurity_Tiles_1,CyberCity_CentralSecurity_Tiles_1,Cover1,review_unknown_visually_promising,141,198,True,"[0, 0, 141, 198]",141,198,32.098,0.67902,0.7121,False,False,False,E_REVIEW_UNKNOWN
CS_0379,res://assets/tilesets/cyber_city_core_tilesets/CyberCity_CentralSecurity_Tiles/CyberCity_CentralSecurity_Tiles_1/CyberCity_CentralSecurity_Tiles_1/Cover1_3.png,Cover1_3.png,CyberCity_CentralSecurity_Tiles_1/CyberCity_CentralSecurity_Tiles_1,CyberCity_CentralSecurity_Tiles_1,Cover1,review_unknown_visually_promising,168,172,True,"[0, 0, 168, 172]",168,172,35.41,0.6459,0.9767,False,False,False,E_REVIEW_UNKNOWN
CS_0380,res://assets/tilesets/cyber_city_core_tilesets/CyberCity_CentralSecurity_Tiles/CyberCity_CentralSecurity_Tiles_1/CyberCity_CentralSecurity_Tiles_1/Cover1_4.png,Cover1_4.png,CyberCity_CentralSecurity_Tiles_1/CyberCity_CentralSecurity_Tiles_1,CyberCity_CentralSecurity_Tiles_1,Cover1,review_unknown_visually_promising,150,201,True,"[0, 0, 150, 201]",150,201,37.459,0.62541,0.7463,False,False,False,E_REVIEW_UNKNOWN
CS_0381,res://assets/tilesets/cyber_city_core_tilesets/CyberCity_CentralSecurity_Tiles/CyberCity_CentralSecurity_Tiles_1/CyberCity_CentralSecurity_Tiles_1/Cover1_5.png,Cover1_5.png,CyberCity_CentralSecurity_Tiles_1/CyberCity_CentralSecurity_Tiles_1,CyberCity_CentralSecurity_Tiles_1,Cover1,review_unknown_visually_promising,202,188,True,"[0, 0, 202, 188]",202,188,45.581,0.54419,1.0745,False,False,False,E_REVIEW_UNKNOWN
CS_0382,res://assets/tilesets/cyber_city_core_tilesets/CyberCity_CentralSecurity_Tiles/CyberCity_CentralSecurity_Tiles_1/CyberCity_CentralSecurity_Tiles_1/Cover1_6.png,Cover1_6.png,CyberCity_CentralSecurity_Tiles_1/CyberCity_CentralSecurity_Tiles_1,CyberCity_CentralSecurity_Tiles_1,Cover1,review_unknown_visually_promising,202,188,True,"[0, 0, 202, 188]",202,188,49.323,0.50677,1.0745,False,False,False,E_REVIEW_UNKNOWN
CS_0383,res://assets/tilesets/cyber_city_core_tilesets/CyberCity_CentralSecurity_Tiles/CyberCity_CentralSecurity_Tiles_1/CyberCity_CentralSecurity_Tiles_1/Cover1_7.png,Cover1_7.png,CyberCity_CentralSecurity_Tiles_1/CyberCity_CentralSecurity_Tiles_1,CyberCity_CentralSecurity_Tiles_1,Cover1,review_unknown_visually_promising,200,212,True,"[0, 0, 200, 212]",200,212,56.177,0.43823,0.9434,False,False,False,E_REVIEW_UNKNOWN
CS_0384,res://assets/tilesets/cyber_city_core_tilesets/CyberCity_CentralSecurity_Tiles/CyberCity_CentralSecurity_Tiles_1/CyberCity_CentralSecurity_Tiles_1/Cover1_8.png,Cover1_8.png,CyberCity_CentralSecurity_Tiles_1/CyberCity_CentralSecurity_Tiles_1,CyberCity_CentralSecurity_Tiles_1,Cover1,review_unknown_visually_promising,203,214,True,"[0, 0, 203, 214]",203,214,54.371,0.45629,0.9486,False,False,False,E_REVIEW_UNKNOWN
CS_0385,res://assets/tilesets/cyber_city_core_tilesets/CyberCity_CentralSecurity_Tiles/CyberCity_CentralSecurity_Tiles_1/CyberCity_CentralSecurity_Tiles_1/CoveredBody1_1.png,CoveredBody1_1.png,CyberCity_CentralSecurity_Tiles_1/CyberCity_CentralSecurity_Tiles_1,CyberCity_CentralSecurity_Tiles_1,CoveredBody1,review_unknown_visually_promising,76,104,True,"[0, 0, 76, 104]",76,104,12.108,0.87892,0.7308,False,False,False,E_REVIEW_UNKNOWN
CS_0386,res://assets/tilesets/cyber_city_core_tilesets/CyberCity_CentralSecurity_Tiles/CyberCity_CentralSecurity_Tiles_1/CyberCity_CentralSecurity_Tiles_1/CoveredBody1_2.png,CoveredBody1_2.png,CyberCity_CentralSecurity_Tiles_1/CyberCity_CentralSecurity_Tiles_1,CyberCity_CentralSecurity_Tiles_1,CoveredBody1,review_unknown_visually_promising,150,52,True,"[0, 0, 150, 52]",150,52,10.551,0.89449,2.8846,False,False,False,E_REVIEW_UNKNOWN
CS_0387,res://assets/tilesets/cyber_city_core_tilesets/CyberCity_CentralSecurity_Tiles/CyberCity_CentralSecurity_Tiles_1/CyberCity_CentralSecurity_Tiles_1/CoveredBody1_3.png,CoveredBody1_3.png,CyberCity_CentralSecurity_Tiles_1/CyberCity_CentralSecurity_Tiles_1,CyberCity_CentralSecurity_Tiles_1,CoveredBody1,review_unknown_visually_promising,73,105,True,"[0, 0, 73, 105]",73,105,9.706,0.90294,0.6952,False,False,False,E_REVIEW_UNKNOWN
CS_0388,res://assets/tilesets/cyber_city_core_tilesets/CyberCity_CentralSecurity_Tiles/CyberCity_CentralSecurity_Tiles_1/CyberCity_CentralSecurity_Tiles_1/CoveredBody1_4.png,CoveredBody1_4.png,CyberCity_CentralSecurity_Tiles_1/CyberCity_CentralSecurity_Tiles_1,CyberCity_CentralSecurity_Tiles_1,CoveredBody1,review_unknown_visually_promising,147,56,True,"[0, 0, 147, 56]",147,56,14.504,0.85496,2.625,False,False,False,E_REVIEW_UNKNOWN
CS_0389,res://assets/tilesets/cyber_city_core_tilesets/CyberCity_CentralSecurity_Tiles/CyberCity_CentralSecurity_Tiles_1/CyberCity_CentralSecurity_Tiles_1/CoveredBody1_5.png,CoveredBody1_5.png,CyberCity_CentralSecurity_Tiles_1/CyberCity_CentralSecurity_Tiles_1,CyberCity_CentralSecurity_Tiles_1,CoveredBody1,review_unknown_visually_promising,148,106,True,"[0, 0, 148, 106]",148,106,55.463,0.44537,1.3962,False,False,False,E_REVIEW_UNKNOWN
CS_0390,res://assets/tilesets/cyber_city_core_tilesets/CyberCity_CentralSecurity_Tiles/CyberCity_CentralSecurity_Tiles_1/CyberCity_CentralSecurity_Tiles_1/CoveredBody1_6.png,CoveredBody1_6.png,CyberCity_CentralSecurity_Tiles_1/CyberCity_CentralSecurity_Tiles_1,CyberCity_CentralSecurity_Tiles_1,CoveredBody1,review_unknown_visually_promising,149,105,True,"[0, 0, 149, 105]",149,105,55.455,0.44545,1.419,False,False,False,E_REVIEW_UNKNOWN
CS_0391,res://assets/tilesets/cyber_city_core_tilesets/CyberCity_CentralSecurity_Tiles/CyberCity_CentralSecurity_Tiles_1/CyberCity_CentralSecurity_Tiles_1/CoveredBody1_7.png,CoveredBody1_7.png,CyberCity_CentralSecurity_Tiles_1/CyberCity_CentralSecurity_Tiles_1,CyberCity_CentralSecurity_Tiles_1,CoveredBody1,review_unknown_visually_promising,148,105,True,"[0, 0, 148, 105]",148,105,55.18,0.4482,1.4095,False,False,False,E_REVIEW_UNKNOWN
CS_0392,res://assets/tilesets/cyber_city_core_tilesets/CyberCity_CentralSecurity_Tiles/CyberCity_CentralSecurity_Tiles_1/CyberCity_CentralSecurity_Tiles_1/CoveredBody1_8.png,CoveredBody1_8.png,CyberCity_CentralSecurity_Tiles_1/CyberCity_CentralSecurity_Tiles_1,CyberCity_CentralSecurity_Tiles_1,CoveredBody1,review_unknown_visually_promising,148,106,True,"[0, 0, 148, 106]",148,106,55.584,0.44416,1.3962,False,False,False,E_REVIEW_UNKNOWN
CS_0393,res://assets/tilesets/cyber_city_core_tilesets/CyberCity_CentralSecurity_Tiles/CyberCity_CentralSecurity_Tiles_1/CyberCity_CentralSecurity_Tiles_1/CoveredCargo1_1.png,CoveredCargo1_1.png,CyberCity_CentralSecurity_Tiles_1/CyberCity_CentralSecurity_Tiles_1,CyberCity_CentralSecurity_Tiles_1,CoveredCargo1,review_unknown_visually_promising,138,108,True,"[0, 0, 138, 108]",138,108,38.05,0.6195,1.2778,False,False,False,E_REVIEW_UNKNOWN
CS_0394,res://assets/tilesets/cyber_city_core_tilesets/CyberCity_CentralSecurity_Tiles/CyberCity_CentralSecurity_Tiles_1/CyberCity_CentralSecurity_Tiles_1/CoveredCargo1_2.png,CoveredCargo1_2.png,CyberCity_CentralSecurity_Tiles_1/CyberCity_CentralSecurity_Tiles_1,CyberCity_CentralSecurity_Tiles_1,CoveredCargo1,review_unknown_visually_promising,123,99,True,"[0, 0, 123, 99]",123,99,30.738,0.69262,1.2424,False,False,False,E_REVIEW_UNKNOWN
CS_0395,res://assets/tilesets/cyber_city_core_tilesets/CyberCity_CentralSecurity_Tiles/CyberCity_CentralSecurity_Tiles_1/CyberCity_CentralSecurity_Tiles_1/CoveredCargo1_3.png,CoveredCargo1_3.png,CyberCity_CentralSecurity_Tiles_1/CyberCity_CentralSecurity_Tiles_1,CyberCity_CentralSecurity_Tiles_1,CoveredCargo1,review_unknown_visually_promising,138,88,True,"[0, 0, 138, 88]",138,88,33.869,0.66131,1.5682,False,False,False,E_REVIEW_UNKNOWN
CS_0396,res://assets/tilesets/cyber_city_core_tilesets/CyberCity_CentralSecurity_Tiles/CyberCity_CentralSecurity_Tiles_1/CyberCity_CentralSecurity_Tiles_1/CoveredCargo1_4.png,CoveredCargo1_4.png,CyberCity_CentralSecurity_Tiles_1/CyberCity_CentralSecurity_Tiles_1,CyberCity_CentralSecurity_Tiles_1,CoveredCargo1,review_unknown_visually_promising,128,103,True,"[0, 0, 128, 103]",128,103,34.853,0.65147,1.2427,False,False,False,E_REVIEW_UNKNOWN
CS_0397,res://assets/tilesets/cyber_city_core_tilesets/CyberCity_CentralSecurity_Tiles/CyberCity_CentralSecurity_Tiles_1/CyberCity_CentralSecurity_Tiles_1/CoveredCargo1_5.png,CoveredCargo1_5.png,CyberCity_CentralSecurity_Tiles_1/CyberCity_CentralSecurity_Tiles_1,CyberCity_CentralSecurity_Tiles_1,CoveredCargo1,review_unknown_visually_promising,137,123,True,"[0, 0, 137, 123]",137,123,45.653,0.54347,1.1138,False,False,False,E_REVIEW_UNKNOWN
CS_0398,res://assets/tilesets/cyber_city_core_tilesets/CyberCity_CentralSecurity_Tiles/CyberCity_CentralSecurity_Tiles_1/CyberCity_CentralSecurity_Tiles_1/CoveredCargo1_6.png,CoveredCargo1_6.png,CyberCity_CentralSecurity_Tiles_1/CyberCity_CentralSecurity_Tiles_1,CyberCity_CentralSecurity_Tiles_1,CoveredCargo1,review_unknown_visually_promising,157,111,True,"[0, 0, 157, 111]",157,111,48.19,0.5181,1.4144,False,False,False,E_REVIEW_UNKNOWN
CS_0399,res://assets/tilesets/cyber_city_core_tilesets/CyberCity_CentralSecurity_Tiles/CyberCity_CentralSecurity_Tiles_1/CyberCity_CentralSecurity_Tiles_1/CoveredCargo1_7.png,CoveredCargo1_7.png,CyberCity_CentralSecurity_Tiles_1/CyberCity_CentralSecurity_Tiles_1,CyberCity_CentralSecurity_Tiles_1,CoveredCargo1,review_unknown_visually_promising,155,103,True,"[0, 0, 155, 103]",155,103,49.295,0.50705,1.5049,False,False,False,E_REVIEW_UNKNOWN
CS_0400,res://assets/tilesets/cyber_city_core_tilesets/CyberCity_CentralSecurity_Tiles/CyberCity_CentralSecurity_Tiles_1/CyberCity_CentralSecurity_Tiles_1/CoveredCargo1_8.png,CoveredCargo1_8.png,CyberCity_CentralSecurity_Tiles_1/CyberCity_CentralSecurity_Tiles_1,CyberCity_CentralSecurity_Tiles_1,CoveredCargo1,review_unknown_visually_promising,137,111,True,"[0, 0, 137, 111]",137,111,48.201,0.51799,1.2342,False,False,False,E_REVIEW_UNKNOWN
CS_0401,res://assets/tilesets/cyber_city_core_tilesets/CyberCity_CentralSecurity_Tiles/CyberCity_CentralSecurity_Tiles_1/CyberCity_CentralSecurity_Tiles_1/CoveredCargo2_1.png,CoveredCargo2_1.png,CyberCity_CentralSecurity_Tiles_1/CyberCity_CentralSecurity_Tiles_1,CyberCity_CentralSecurity_Tiles_1,CoveredCargo2,review_unknown_visually_promising,137,142,True,"[0, 0, 137, 142]",137,142,42.654,0.57346,0.9648,False,False,False,E_REVIEW_UNKNOWN
CS_0402,res://assets/tilesets/cyber_city_core_tilesets/CyberCity_CentralSecurity_Tiles/CyberCity_CentralSecurity_Tiles_1/CyberCity_CentralSecurity_Tiles_1/CoveredCargo2_2.png,CoveredCargo2_2.png,CyberCity_CentralSecurity_Tiles_1/CyberCity_CentralSecurity_Tiles_1,CyberCity_CentralSecurity_Tiles_1,CoveredCargo2,review_unknown_visually_promising,137,112,True,"[0, 0, 137, 112]",137,112,24.804,0.75196,1.2232,False,False,False,E_REVIEW_UNKNOWN
CS_0403,res://assets/tilesets/cyber_city_core_tilesets/CyberCity_CentralSecurity_Tiles/CyberCity_CentralSecurity_Tiles_1/CyberCity_CentralSecurity_Tiles_1/CoveredCargo2_3.png,CoveredCargo2_3.png,CyberCity_CentralSecurity_Tiles_1/CyberCity_CentralSecurity_Tiles_1,CyberCity_CentralSecurity_Tiles_1,CoveredCargo2,review_unknown_visually_promising,139,105,True,"[0, 0, 139, 105]",139,105,34.957,0.65043,1.3238,False,False,False,E_REVIEW_UNKNOWN
CS_0404,res://assets/tilesets/cyber_city_core_tilesets/CyberCity_CentralSecurity_Tiles/CyberCity_CentralSecurity_Tiles_1/CyberCity_CentralSecurity_Tiles_1/CoveredCargo2_4.png,CoveredCargo2_4.png,CyberCity_CentralSecurity_Tiles_1/CyberCity_CentralSecurity_Tiles_1,CyberCity_CentralSecurity_Tiles_1,CoveredCargo2,review_unknown_visually_promising,148,104,True,"[0, 0, 148, 104]",148,104,33.31,0.6669,1.4231,False,False,False,E_REVIEW_UNKNOWN
CS_0405,res://assets/tilesets/cyber_city_core_tilesets/CyberCity_CentralSecurity_Tiles/CyberCity_CentralSecurity_Tiles_1/CyberCity_CentralSecurity_Tiles_1/CoveredCargo2_5.png,CoveredCargo2_5.png,CyberCity_CentralSecurity_Tiles_1/CyberCity_CentralSecurity_Tiles_1,CyberCity_CentralSecurity_Tiles_1,CoveredCargo2,review_unknown_visually_promising,150,154,True,"[0, 0, 150, 154]",150,154,48.424,0.51576,0.974,False,False,False,E_REVIEW_UNKNOWN
CS_0406,res://assets/tilesets/cyber_city_core_tilesets/CyberCity_CentralSecurity_Tiles/CyberCity_CentralSecurity_Tiles_1/CyberCity_CentralSecurity_Tiles_1/CoveredCargo2_6.png,CoveredCargo2_6.png,CyberCity_CentralSecurity_Tiles_1/CyberCity_CentralSecurity_Tiles_1,CyberCity_CentralSecurity_Tiles_1,CoveredCargo2,review_unknown_visually_promising,170,129,True,"[0, 0, 170, 129]",170,129,49.626,0.50374,1.3178,False,False,False,E_REVIEW_UNKNOWN
CS_0407,res://assets/tilesets/cyber_city_core_tilesets/CyberCity_CentralSecurity_Tiles/CyberCity_CentralSecurity_Tiles_1/CyberCity_CentralSecurity_Tiles_1/CoveredCargo2_7.png,CoveredCargo2_7.png,CyberCity_CentralSecurity_Tiles_1/CyberCity_CentralSecurity_Tiles_1,CyberCity_CentralSecurity_Tiles_1,CoveredCargo2,review_unknown_visually_promising,160,117,True,"[0, 0, 160, 117]",160,117,42.179,0.57821,1.3675,False,False,False,E_REVIEW_UNKNOWN
CS_0408,res://assets/tilesets/cyber_city_core_tilesets/CyberCity_CentralSecurity_Tiles/CyberCity_CentralSecurity_Tiles_1/CyberCity_CentralSecurity_Tiles_1/CoveredCargo2_8.png,CoveredCargo2_8.png,CyberCity_CentralSecurity_Tiles_1/CyberCity_CentralSecurity_Tiles_1,CyberCity_CentralSecurity_Tiles_1,CoveredCargo2,review_unknown_visually_promising,153,113,True,"[0, 0, 153, 113]",153,113,44.473,0.55527,1.354,False,False,False,E_REVIEW_UNKNOWN
CS_0409,res://assets/tilesets/cyber_city_core_tilesets/CyberCity_CentralSecurity_Tiles/CyberCity_CentralSecurity_Tiles_1/CyberCity_CentralSecurity_Tiles_1/CoveredCargo3_1.png,CoveredCargo3_1.png,CyberCity_CentralSecurity_Tiles_1/CyberCity_CentralSecurity_Tiles_1,CyberCity_CentralSecurity_Tiles_1,CoveredCargo3,review_unknown_visually_promising,194,195,True,"[0, 0, 194, 195]",194,195,39.91,0.6009,0.9949,False,False,False,E_REVIEW_UNKNOWN
CS_0410,res://assets/tilesets/cyber_city_core_tilesets/CyberCity_CentralSecurity_Tiles/CyberCity_CentralSecurity_Tiles_1/CyberCity_CentralSecurity_Tiles_1/CoveredCargo3_2.png,CoveredCargo3_2.png,CyberCity_CentralSecurity_Tiles_1/CyberCity_CentralSecurity_Tiles_1,CyberCity_CentralSecurity_Tiles_1,CoveredCargo3,review_unknown_visually_promising,214,138,True,"[0, 0, 214, 138]",214,138,27.052,0.72948,1.5507,False,False,False,E_REVIEW_UNKNOWN
CS_0411,res://assets/tilesets/cyber_city_core_tilesets/CyberCity_CentralSecurity_Tiles/CyberCity_CentralSecurity_Tiles_1/CyberCity_CentralSecurity_Tiles_1/CoveredCargo3_3.png,CoveredCargo3_3.png,CyberCity_CentralSecurity_Tiles_1/CyberCity_CentralSecurity_Tiles_1,CyberCity_CentralSecurity_Tiles_1,CoveredCargo3,review_unknown_visually_promising,194,153,True,"[0, 0, 194, 153]",194,153,31.356,0.68644,1.268,False,False,False,E_REVIEW_UNKNOWN
CS_0412,res://assets/tilesets/cyber_city_core_tilesets/CyberCity_CentralSecurity_Tiles/CyberCity_CentralSecurity_Tiles_1/CyberCity_CentralSecurity_Tiles_1/CoveredCargo3_4.png,CoveredCargo3_4.png,CyberCity_CentralSecurity_Tiles_1/CyberCity_CentralSecurity_Tiles_1,CyberCity_CentralSecurity_Tiles_1,CoveredCargo3,review_unknown_visually_promising,229,151,True,"[0, 0, 229, 151]",229,151,28.298,0.71702,1.5166,False,False,False,E_REVIEW_UNKNOWN
CS_0413,res://assets/tilesets/cyber_city_core_tilesets/CyberCity_CentralSecurity_Tiles/CyberCity_CentralSecurity_Tiles_1/CyberCity_CentralSecurity_Tiles_1/CoveredCargo3_5.png,CoveredCargo3_5.png,CyberCity_CentralSecurity_Tiles_1/CyberCity_CentralSecurity_Tiles_1,CyberCity_CentralSecurity_Tiles_1,CoveredCargo3,review_unknown_visually_promising,246,203,True,"[0, 0, 246, 203]",246,203,53.967,0.46033,1.2118,False,False,False,E_REVIEW_UNKNOWN
CS_0414,res://assets/tilesets/cyber_city_core_tilesets/CyberCity_CentralSecurity_Tiles/CyberCity_CentralSecurity_Tiles_1/CyberCity_CentralSecurity_Tiles_1/CoveredCargo3_6.png,CoveredCargo3_6.png,CyberCity_CentralSecurity_Tiles_1/CyberCity_CentralSecurity_Tiles_1,CyberCity_CentralSecurity_Tiles_1,CoveredCargo3,review_unknown_visually_promising,241,216,True,"[0, 0, 241, 216]",241,216,52.342,0.47658,1.1157,False,False,False,E_REVIEW_UNKNOWN
CS_0415,res://assets/tilesets/cyber_city_core_tilesets/CyberCity_CentralSecurity_Tiles/CyberCity_CentralSecurity_Tiles_1/CyberCity_CentralSecurity_Tiles_1/CoveredCargo3_7.png,CoveredCargo3_7.png,CyberCity_CentralSecurity_Tiles_1/CyberCity_CentralSecurity_Tiles_1,CyberCity_CentralSecurity_Tiles_1,CoveredCargo3,review_unknown_visually_promising,232,174,True,"[0, 0, 232, 174]",232,174,51.328,0.48672,1.3333,False,False,False,E_REVIEW_UNKNOWN
CS_0416,res://assets/tilesets/cyber_city_core_tilesets/CyberCity_CentralSecurity_Tiles/CyberCity_CentralSecurity_Tiles_1/CyberCity_CentralSecurity_Tiles_1/CoveredCargo3_8.png,CoveredCargo3_8.png,CyberCity_CentralSecurity_Tiles_1/CyberCity_CentralSecurity_Tiles_1,CyberCity_CentralSecurity_Tiles_1,CoveredCargo3,review_unknown_visually_promising,260,165,True,"[0, 0, 260, 165]",260,165,49.226,0.50774,1.5758,False,False,False,E_REVIEW_UNKNOWN
CS_0417,res://assets/tilesets/cyber_city_core_tilesets/CyberCity_CentralSecurity_Tiles/CyberCity_CentralSecurity_Tiles_1/CyberCity_CentralSecurity_Tiles_1/Door1_1.png,Door1_1.png,CyberCity_CentralSecurity_Tiles_1/CyberCity_CentralSecurity_Tiles_1,CyberCity_CentralSecurity_Tiles_1,Door1,wall_security_barrier,489,291,True,"[0, 0, 489, 291]",489,291,23.061,0.76939,1.6804,False,False,False,B_WALL_SECURITY_BARRIER
CS_0418,res://assets/tilesets/cyber_city_core_tilesets/CyberCity_CentralSecurity_Tiles/CyberCity_CentralSecurity_Tiles_1/CyberCity_CentralSecurity_Tiles_1/Door1_2.png,Door1_2.png,CyberCity_CentralSecurity_Tiles_1/CyberCity_CentralSecurity_Tiles_1,CyberCity_CentralSecurity_Tiles_1,Door1,wall_security_barrier,202,511,True,"[0, 0, 202, 511]",202,511,21.521,0.78479,0.3953,False,False,False,B_WALL_SECURITY_BARRIER
CS_0419,res://assets/tilesets/cyber_city_core_tilesets/CyberCity_CentralSecurity_Tiles/CyberCity_CentralSecurity_Tiles_1/CyberCity_CentralSecurity_Tiles_1/Door1_3.png,Door1_3.png,CyberCity_CentralSecurity_Tiles_1/CyberCity_CentralSecurity_Tiles_1,CyberCity_CentralSecurity_Tiles_1,Door1,wall_security_barrier,490,308,True,"[0, 0, 490, 308]",490,308,26.166,0.73834,1.5909,False,False,False,B_WALL_SECURITY_BARRIER
CS_0420,res://assets/tilesets/cyber_city_core_tilesets/CyberCity_CentralSecurity_Tiles/CyberCity_CentralSecurity_Tiles_1/CyberCity_CentralSecurity_Tiles_1/Door1_4.png,Door1_4.png,CyberCity_CentralSecurity_Tiles_1/CyberCity_CentralSecurity_Tiles_1,CyberCity_CentralSecurity_Tiles_1,Door1,wall_security_barrier,204,511,True,"[0, 0, 204, 511]",204,511,25.321,0.74679,0.3992,False,False,False,B_WALL_SECURITY_BARRIER
CS_0421,res://assets/tilesets/cyber_city_core_tilesets/CyberCity_CentralSecurity_Tiles/CyberCity_CentralSecurity_Tiles_1/CyberCity_CentralSecurity_Tiles_1/Door1_5.png,Door1_5.png,CyberCity_CentralSecurity_Tiles_1/CyberCity_CentralSecurity_Tiles_1,CyberCity_CentralSecurity_Tiles_1,Door1,wall_security_barrier,456,475,True,"[0, 0, 456, 475]",456,475,52.001,0.47999,0.96,False,False,False,B_WALL_SECURITY_BARRIER
CS_0422,res://assets/tilesets/cyber_city_core_tilesets/CyberCity_CentralSecurity_Tiles/CyberCity_CentralSecurity_Tiles_1/CyberCity_CentralSecurity_Tiles_1/Door1_6.png,Door1_6.png,CyberCity_CentralSecurity_Tiles_1/CyberCity_CentralSecurity_Tiles_1,CyberCity_CentralSecurity_Tiles_1,Door1,wall_security_barrier,452,469,True,"[0, 0, 452, 469]",452,469,53.271,0.46729,0.9638,False,False,False,B_WALL_SECURITY_BARRIER
CS_0423,res://assets/tilesets/cyber_city_core_tilesets/CyberCity_CentralSecurity_Tiles/CyberCity_CentralSecurity_Tiles_1/CyberCity_CentralSecurity_Tiles_1/Door1_7.png,Door1_7.png,CyberCity_CentralSecurity_Tiles_1/CyberCity_CentralSecurity_Tiles_1,CyberCity_CentralSecurity_Tiles_1,Door1,wall_security_barrier,453,481,True,"[0, 0, 453, 481]",453,481,53.107,0.46893,0.9418,False,False,False,B_WALL_SECURITY_BARRIER
CS_0424,res://assets/tilesets/cyber_city_core_tilesets/CyberCity_CentralSecurity_Tiles/CyberCity_CentralSecurity_Tiles_1/CyberCity_CentralSecurity_Tiles_1/Door1_8.png,Door1_8.png,CyberCity_CentralSecurity_Tiles_1/CyberCity_CentralSecurity_Tiles_1,CyberCity_CentralSecurity_Tiles_1,Door1,wall_security_barrier,453,480,True,"[0, 0, 453, 480]",453,480,51.615,0.48385,0.9437,False,False,False,B_WALL_SECURITY_BARRIER
CS_0425,res://assets/tilesets/cyber_city_core_tilesets/CyberCity_CentralSecurity_Tiles/CyberCity_CentralSecurity_Tiles_1/CyberCity_CentralSecurity_Tiles_1/Door2_1.png,Door2_1.png,CyberCity_CentralSecurity_Tiles_1/CyberCity_CentralSecurity_Tiles_1,CyberCity_CentralSecurity_Tiles_1,Door2,wall_security_barrier,318,191,True,"[0, 0, 318, 191]",318,191,18.219,0.81781,1.6649,False,False,False,B_WALL_SECURITY_BARRIER
CS_0426,res://assets/tilesets/cyber_city_core_tilesets/CyberCity_CentralSecurity_Tiles/CyberCity_CentralSecurity_Tiles_1/CyberCity_CentralSecurity_Tiles_1/Door2_2.png,Door2_2.png,CyberCity_CentralSecurity_Tiles_1/CyberCity_CentralSecurity_Tiles_1,CyberCity_CentralSecurity_Tiles_1,Door2,wall_security_barrier,134,333,True,"[0, 0, 134, 333]",134,333,28.699,0.71301,0.4024,False,False,False,B_WALL_SECURITY_BARRIER
CS_0427,res://assets/tilesets/cyber_city_core_tilesets/CyberCity_CentralSecurity_Tiles/CyberCity_CentralSecurity_Tiles_1/CyberCity_CentralSecurity_Tiles_1/Door2_3.png,Door2_3.png,CyberCity_CentralSecurity_Tiles_1/CyberCity_CentralSecurity_Tiles_1,CyberCity_CentralSecurity_Tiles_1,Door2,wall_security_barrier,317,190,True,"[0, 0, 317, 190]",317,190,17.329,0.82671,1.6684,False,False,False,B_WALL_SECURITY_BARRIER
CS_0428,res://assets/tilesets/cyber_city_core_tilesets/CyberCity_CentralSecurity_Tiles/CyberCity_CentralSecurity_Tiles_1/CyberCity_CentralSecurity_Tiles_1/Door2_4.png,Door2_4.png,CyberCity_CentralSecurity_Tiles_1/CyberCity_CentralSecurity_Tiles_1,CyberCity_CentralSecurity_Tiles_1,Door2,wall_security_barrier,133,338,True,"[0, 0, 133, 338]",133,338,29.223,0.70777,0.3935,False,False,False,B_WALL_SECURITY_BARRIER
CS_0429,res://assets/tilesets/cyber_city_core_tilesets/CyberCity_CentralSecurity_Tiles/CyberCity_CentralSecurity_Tiles_1/CyberCity_CentralSecurity_Tiles_1/Door2_5.png,Door2_5.png,CyberCity_CentralSecurity_Tiles_1/CyberCity_CentralSecurity_Tiles_1,CyberCity_CentralSecurity_Tiles_1,Door2,wall_security_barrier,281,299,True,"[0, 0, 281, 299]",281,299,48.209,0.51791,0.9398,False,False,False,B_WALL_SECURITY_BARRIER
CS_0430,res://assets/tilesets/cyber_city_core_tilesets/CyberCity_CentralSecurity_Tiles/CyberCity_CentralSecurity_Tiles_1/CyberCity_CentralSecurity_Tiles_1/Door2_6.png,Door2_6.png,CyberCity_CentralSecurity_Tiles_1/CyberCity_CentralSecurity_Tiles_1,CyberCity_CentralSecurity_Tiles_1,Door2,wall_security_barrier,286,300,True,"[0, 0, 286, 300]",286,300,50.186,0.49814,0.9533,False,False,False,B_WALL_SECURITY_BARRIER
CS_0431,res://assets/tilesets/cyber_city_core_tilesets/CyberCity_CentralSecurity_Tiles/CyberCity_CentralSecurity_Tiles_1/CyberCity_CentralSecurity_Tiles_1/Door2_7.png,Door2_7.png,CyberCity_CentralSecurity_Tiles_1/CyberCity_CentralSecurity_Tiles_1,CyberCity_CentralSecurity_Tiles_1,Door2,wall_security_barrier,285,300,True,"[0, 0, 285, 300]",285,300,49.918,0.50082,0.95,False,False,False,B_WALL_SECURITY_BARRIER
CS_0432,res://assets/tilesets/cyber_city_core_tilesets/CyberCity_CentralSecurity_Tiles/CyberCity_CentralSecurity_Tiles_1/CyberCity_CentralSecurity_Tiles_1/Door2_8.png,Door2_8.png,CyberCity_CentralSecurity_Tiles_1/CyberCity_CentralSecurity_Tiles_1,CyberCity_CentralSecurity_Tiles_1,Door2,wall_security_barrier,286,298,True,"[0, 0, 286, 298]",286,298,48.937,0.51063,0.9597,False,False,False,B_WALL_SECURITY_BARRIER
CS_0433,res://assets/tilesets/cyber_city_core_tilesets/CyberCity_CentralSecurity_Tiles/CyberCity_CentralSecurity_Tiles_1/CyberCity_CentralSecurity_Tiles_1/Door3_1.png,Door3_1.png,CyberCity_CentralSecurity_Tiles_1/CyberCity_CentralSecurity_Tiles_1,CyberCity_CentralSecurity_Tiles_1,Door3,wall_security_barrier,332,232,True,"[0, 0, 332, 232]",332,232,18.362,0.81638,1.431,False,False,False,B_WALL_SECURITY_BARRIER
CS_0434,res://assets/tilesets/cyber_city_core_tilesets/CyberCity_CentralSecurity_Tiles/CyberCity_CentralSecurity_Tiles_1/CyberCity_CentralSecurity_Tiles_1/Door3_2.png,Door3_2.png,CyberCity_CentralSecurity_Tiles_1/CyberCity_CentralSecurity_Tiles_1,CyberCity_CentralSecurity_Tiles_1,Door3,wall_security_barrier,148,379,True,"[0, 0, 148, 379]",148,379,31.104,0.68896,0.3905,False,False,False,B_WALL_SECURITY_BARRIER
CS_0435,res://assets/tilesets/cyber_city_core_tilesets/CyberCity_CentralSecurity_Tiles/CyberCity_CentralSecurity_Tiles_1/CyberCity_CentralSecurity_Tiles_1/Door3_3.png,Door3_3.png,CyberCity_CentralSecurity_Tiles_1/CyberCity_CentralSecurity_Tiles_1,CyberCity_CentralSecurity_Tiles_1,Door3,wall_security_barrier,332,230,True,"[0, 0, 332, 230]",332,230,17.623,0.82377,1.4435,False,False,False,B_WALL_SECURITY_BARRIER
CS_0436,res://assets/tilesets/cyber_city_core_tilesets/CyberCity_CentralSecurity_Tiles/CyberCity_CentralSecurity_Tiles_1/CyberCity_CentralSecurity_Tiles_1/Door3_4.png,Door3_4.png,CyberCity_CentralSecurity_Tiles_1/CyberCity_CentralSecurity_Tiles_1,CyberCity_CentralSecurity_Tiles_1,Door3,wall_security_barrier,147,379,True,"[0, 0, 147, 379]",147,379,30.458,0.69542,0.3879,False,False,False,B_WALL_SECURITY_BARRIER
CS_0437,res://assets/tilesets/cyber_city_core_tilesets/CyberCity_CentralSecurity_Tiles/CyberCity_CentralSecurity_Tiles_1/CyberCity_CentralSecurity_Tiles_1/Door3_5.png,Door3_5.png,CyberCity_CentralSecurity_Tiles_1/CyberCity_CentralSecurity_Tiles_1,CyberCity_CentralSecurity_Tiles_1,Door3,wall_security_barrier,300,341,True,"[0, 0, 300, 341]",300,341,45.945,0.54055,0.8798,False,False,False,B_WALL_SECURITY_BARRIER
CS_0438,res://assets/tilesets/cyber_city_core_tilesets/CyberCity_CentralSecurity_Tiles/CyberCity_CentralSecurity_Tiles_1/CyberCity_CentralSecurity_Tiles_1/Door3_6.png,Door3_6.png,CyberCity_CentralSecurity_Tiles_1/CyberCity_CentralSecurity_Tiles_1,CyberCity_CentralSecurity_Tiles_1,Door3,wall_security_barrier,298,341,True,"[0, 0, 298, 341]",298,341,46.26,0.5374,0.8739,False,False,False,B_WALL_SECURITY_BARRIER
CS_0439,res://assets/tilesets/cyber_city_core_tilesets/CyberCity_CentralSecurity_Tiles/CyberCity_CentralSecurity_Tiles_1/CyberCity_CentralSecurity_Tiles_1/Door3_7.png,Door3_7.png,CyberCity_CentralSecurity_Tiles_1/CyberCity_CentralSecurity_Tiles_1,CyberCity_CentralSecurity_Tiles_1,Door3,wall_security_barrier,298,341,True,"[0, 0, 298, 341]",298,341,46.155,0.53845,0.8739,False,False,False,B_WALL_SECURITY_BARRIER
CS_0440,res://assets/tilesets/cyber_city_core_tilesets/CyberCity_CentralSecurity_Tiles/CyberCity_CentralSecurity_Tiles_1/CyberCity_CentralSecurity_Tiles_1/Door3_8.png,Door3_8.png,CyberCity_CentralSecurity_Tiles_1/CyberCity_CentralSecurity_Tiles_1,CyberCity_CentralSecurity_Tiles_1,Door3,wall_security_barrier,298,344,True,"[0, 0, 298, 344]",298,344,46.071,0.53929,0.8663,False,False,False,B_WALL_SECURITY_BARRIER
CS_0441,res://assets/tilesets/cyber_city_core_tilesets/CyberCity_CentralSecurity_Tiles/CyberCity_CentralSecurity_Tiles_1/CyberCity_CentralSecurity_Tiles_1/Door4_1.png,Door4_1.png,CyberCity_CentralSecurity_Tiles_1/CyberCity_CentralSecurity_Tiles_1,CyberCity_CentralSecurity_Tiles_1,Door4,wall_security_barrier,368,224,True,"[0, 0, 368, 224]",368,224,22.237,0.77763,1.6429,False,False,False,B_WALL_SECURITY_BARRIER
CS_0442,res://assets/tilesets/cyber_city_core_tilesets/CyberCity_CentralSecurity_Tiles/CyberCity_CentralSecurity_Tiles_1/CyberCity_CentralSecurity_Tiles_1/Door4_2.png,Door4_2.png,CyberCity_CentralSecurity_Tiles_1/CyberCity_CentralSecurity_Tiles_1,CyberCity_CentralSecurity_Tiles_1,Door4,wall_security_barrier,158,385,True,"[0, 0, 158, 385]",158,385,22.898,0.77102,0.4104,False,False,False,B_WALL_SECURITY_BARRIER
CS_0443,res://assets/tilesets/cyber_city_core_tilesets/CyberCity_CentralSecurity_Tiles/CyberCity_CentralSecurity_Tiles_1/CyberCity_CentralSecurity_Tiles_1/Door4_3.png,Door4_3.png,CyberCity_CentralSecurity_Tiles_1/CyberCity_CentralSecurity_Tiles_1,CyberCity_CentralSecurity_Tiles_1,Door4,wall_security_barrier,365,233,True,"[0, 0, 365, 233]",365,233,23.264,0.76736,1.5665,False,False,False,B_WALL_SECURITY_BARRIER
CS_0444,res://assets/tilesets/cyber_city_core_tilesets/CyberCity_CentralSecurity_Tiles/CyberCity_CentralSecurity_Tiles_1/CyberCity_CentralSecurity_Tiles_1/Door4_4.png,Door4_4.png,CyberCity_CentralSecurity_Tiles_1/CyberCity_CentralSecurity_Tiles_1,CyberCity_CentralSecurity_Tiles_1,Door4,wall_security_barrier,153,386,True,"[0, 0, 153, 386]",153,386,23.711,0.76289,0.3964,False,False,False,B_WALL_SECURITY_BARRIER
CS_0445,res://assets/tilesets/cyber_city_core_tilesets/CyberCity_CentralSecurity_Tiles/CyberCity_CentralSecurity_Tiles_1/CyberCity_CentralSecurity_Tiles_1/Door4_5.png,Door4_5.png,CyberCity_CentralSecurity_Tiles_1/CyberCity_CentralSecurity_Tiles_1,CyberCity_CentralSecurity_Tiles_1,Door4,wall_security_barrier,342,353,True,"[0, 0, 342, 353]",342,353,49.824,0.50176,0.9688,False,False,False,B_WALL_SECURITY_BARRIER
CS_0446,res://assets/tilesets/cyber_city_core_tilesets/CyberCity_CentralSecurity_Tiles/CyberCity_CentralSecurity_Tiles_1/CyberCity_CentralSecurity_Tiles_1/Door4_6.png,Door4_6.png,CyberCity_CentralSecurity_Tiles_1/CyberCity_CentralSecurity_Tiles_1,CyberCity_CentralSecurity_Tiles_1,Door4,wall_security_barrier,340,353,True,"[0, 0, 340, 353]",340,353,51.879,0.48121,0.9632,False,False,False,B_WALL_SECURITY_BARRIER
CS_0447,res://assets/tilesets/cyber_city_core_tilesets/CyberCity_CentralSecurity_Tiles/CyberCity_CentralSecurity_Tiles_1/CyberCity_CentralSecurity_Tiles_1/Door4_7.png,Door4_7.png,CyberCity_CentralSecurity_Tiles_1/CyberCity_CentralSecurity_Tiles_1,CyberCity_CentralSecurity_Tiles_1,Door4,wall_security_barrier,342,360,True,"[0, 0, 342, 360]",342,360,51.598,0.48402,0.95,False,False,False,B_WALL_SECURITY_BARRIER
CS_0448,res://assets/tilesets/cyber_city_core_tilesets/CyberCity_CentralSecurity_Tiles/CyberCity_CentralSecurity_Tiles_1/CyberCity_CentralSecurity_Tiles_1/Door4_8.png,Door4_8.png,CyberCity_CentralSecurity_Tiles_1/CyberCity_CentralSecurity_Tiles_1,CyberCity_CentralSecurity_Tiles_1,Door4,wall_security_barrier,343,360,True,"[0, 0, 343, 360]",343,360,50.359,0.49641,0.9528,False,False,False,B_WALL_SECURITY_BARRIER
CS_0449,res://assets/tilesets/cyber_city_core_tilesets/CyberCity_CentralSecurity_Tiles/CyberCity_CentralSecurity_Tiles_1/CyberCity_CentralSecurity_Tiles_1/Door5_1.png,Door5_1.png,CyberCity_CentralSecurity_Tiles_1/CyberCity_CentralSecurity_Tiles_1,CyberCity_CentralSecurity_Tiles_1,Door5,wall_security_barrier,135,144,True,"[0, 0, 135, 144]",135,144,30.581,0.69419,0.9375,False,False,False,B_WALL_SECURITY_BARRIER
CS_0450,res://assets/tilesets/cyber_city_core_tilesets/CyberCity_CentralSecurity_Tiles/CyberCity_CentralSecurity_Tiles_1/CyberCity_CentralSecurity_Tiles_1/Door5_2.png,Door5_2.png,CyberCity_CentralSecurity_Tiles_1/CyberCity_CentralSecurity_Tiles_1,CyberCity_CentralSecurity_Tiles_1,Door5,wall_security_barrier,80,187,True,"[0, 0, 80, 187]",80,187,35.434,0.64566,0.4278,False,False,False,B_WALL_SECURITY_BARRIER
CS_0451,res://assets/tilesets/cyber_city_core_tilesets/CyberCity_CentralSecurity_Tiles/CyberCity_CentralSecurity_Tiles_1/CyberCity_CentralSecurity_Tiles_1/Door5_3.png,Door5_3.png,CyberCity_CentralSecurity_Tiles_1/CyberCity_CentralSecurity_Tiles_1,CyberCity_CentralSecurity_Tiles_1,Door5,wall_security_barrier,134,143,True,"[0, 0, 134, 143]",134,143,27.481,0.72519,0.9371,False,False,False,B_WALL_SECURITY_BARRIER
CS_0452,res://assets/tilesets/cyber_city_core_tilesets/CyberCity_CentralSecurity_Tiles/CyberCity_CentralSecurity_Tiles_1/CyberCity_CentralSecurity_Tiles_1/Door5_4.png,Door5_4.png,CyberCity_CentralSecurity_Tiles_1/CyberCity_CentralSecurity_Tiles_1,CyberCity_CentralSecurity_Tiles_1,Door5,wall_security_barrier,84,182,True,"[0, 0, 84, 182]",84,182,38.396,0.61604,0.4615,False,False,False,B_WALL_SECURITY_BARRIER
CS_0453,res://assets/tilesets/cyber_city_core_tilesets/CyberCity_CentralSecurity_Tiles/CyberCity_CentralSecurity_Tiles_1/CyberCity_CentralSecurity_Tiles_1/Door5_5.png,Door5_5.png,CyberCity_CentralSecurity_Tiles_1/CyberCity_CentralSecurity_Tiles_1,CyberCity_CentralSecurity_Tiles_1,Door5,wall_security_barrier,129,178,True,"[0, 0, 129, 178]",129,178,44.007,0.55993,0.7247,False,False,False,B_WALL_SECURITY_BARRIER
CS_0454,res://assets/tilesets/cyber_city_core_tilesets/CyberCity_CentralSecurity_Tiles/CyberCity_CentralSecurity_Tiles_1/CyberCity_CentralSecurity_Tiles_1/Door5_6.png,Door5_6.png,CyberCity_CentralSecurity_Tiles_1/CyberCity_CentralSecurity_Tiles_1,CyberCity_CentralSecurity_Tiles_1,Door5,wall_security_barrier,128,175,True,"[0, 0, 128, 175]",128,175,43.871,0.56129,0.7314,False,False,False,B_WALL_SECURITY_BARRIER
CS_0455,res://assets/tilesets/cyber_city_core_tilesets/CyberCity_CentralSecurity_Tiles/CyberCity_CentralSecurity_Tiles_1/CyberCity_CentralSecurity_Tiles_1/Door5_7.png,Door5_7.png,CyberCity_CentralSecurity_Tiles_1/CyberCity_CentralSecurity_Tiles_1,CyberCity_CentralSecurity_Tiles_1,Door5,wall_security_barrier,132,175,True,"[0, 0, 132, 175]",132,175,43.052,0.56948,0.7543,False,False,False,B_WALL_SECURITY_BARRIER
CS_0456,res://assets/tilesets/cyber_city_core_tilesets/CyberCity_CentralSecurity_Tiles/CyberCity_CentralSecurity_Tiles_1/CyberCity_CentralSecurity_Tiles_1/Door5_8.png,Door5_8.png,CyberCity_CentralSecurity_Tiles_1/CyberCity_CentralSecurity_Tiles_1,CyberCity_CentralSecurity_Tiles_1,Door5,wall_security_barrier,128,174,True,"[0, 0, 128, 174]",128,174,41.348,0.58652,0.7356,False,False,False,B_WALL_SECURITY_BARRIER
CS_0457,res://assets/tilesets/cyber_city_core_tilesets/CyberCity_CentralSecurity_Tiles/CyberCity_CentralSecurity_Tiles_1/CyberCity_CentralSecurity_Tiles_1/Door6_1.png,Door6_1.png,CyberCity_CentralSecurity_Tiles_1/CyberCity_CentralSecurity_Tiles_1,CyberCity_CentralSecurity_Tiles_1,Door6,wall_security_barrier,110,109,True,"[0, 0, 110, 109]",110,109,27.631,0.72369,1.0092,False,False,False,B_WALL_SECURITY_BARRIER
CS_0458,res://assets/tilesets/cyber_city_core_tilesets/CyberCity_CentralSecurity_Tiles/CyberCity_CentralSecurity_Tiles_1/CyberCity_CentralSecurity_Tiles_1/Door6_2.png,Door6_2.png,CyberCity_CentralSecurity_Tiles_1/CyberCity_CentralSecurity_Tiles_1,CyberCity_CentralSecurity_Tiles_1,Door6,wall_security_barrier,57,143,True,"[0, 0, 57, 143]",57,143,40.351,0.59649,0.3986,False,False,False,B_WALL_SECURITY_BARRIER
CS_0459,res://assets/tilesets/cyber_city_core_tilesets/CyberCity_CentralSecurity_Tiles/CyberCity_CentralSecurity_Tiles_1/CyberCity_CentralSecurity_Tiles_1/Door6_3.png,Door6_3.png,CyberCity_CentralSecurity_Tiles_1/CyberCity_CentralSecurity_Tiles_1,CyberCity_CentralSecurity_Tiles_1,Door6,wall_security_barrier,109,113,True,"[0, 0, 109, 113]",109,113,29.13,0.7087,0.9646,False,False,False,B_WALL_SECURITY_BARRIER
CS_0460,res://assets/tilesets/cyber_city_core_tilesets/CyberCity_CentralSecurity_Tiles/CyberCity_CentralSecurity_Tiles_1/CyberCity_CentralSecurity_Tiles_1/Door6_4.png,Door6_4.png,CyberCity_CentralSecurity_Tiles_1/CyberCity_CentralSecurity_Tiles_1,CyberCity_CentralSecurity_Tiles_1,Door6,wall_security_barrier,57,143,True,"[0, 0, 57, 143]",57,143,40.179,0.59821,0.3986,False,False,False,B_WALL_SECURITY_BARRIER
CS_0461,res://assets/tilesets/cyber_city_core_tilesets/CyberCity_CentralSecurity_Tiles/CyberCity_CentralSecurity_Tiles_1/CyberCity_CentralSecurity_Tiles_1/Door6_5.png,Door6_5.png,CyberCity_CentralSecurity_Tiles_1/CyberCity_CentralSecurity_Tiles_1,CyberCity_CentralSecurity_Tiles_1,Door6,wall_security_barrier,101,138,True,"[0, 0, 101, 138]",101,138,45.738,0.54262,0.7319,False,False,False,B_WALL_SECURITY_BARRIER
CS_0462,res://assets/tilesets/cyber_city_core_tilesets/CyberCity_CentralSecurity_Tiles/CyberCity_CentralSecurity_Tiles_1/CyberCity_CentralSecurity_Tiles_1/Door6_6.png,Door6_6.png,CyberCity_CentralSecurity_Tiles_1/CyberCity_CentralSecurity_Tiles_1,CyberCity_CentralSecurity_Tiles_1,Door6,wall_security_barrier,100,139,True,"[0, 0, 100, 139]",100,139,44.187,0.55813,0.7194,False,False,False,B_WALL_SECURITY_BARRIER
CS_0463,res://assets/tilesets/cyber_city_core_tilesets/CyberCity_CentralSecurity_Tiles/CyberCity_CentralSecurity_Tiles_1/CyberCity_CentralSecurity_Tiles_1/Door6_7.png,Door6_7.png,CyberCity_CentralSecurity_Tiles_1/CyberCity_CentralSecurity_Tiles_1,CyberCity_CentralSecurity_Tiles_1,Door6,wall_security_barrier,101,139,True,"[0, 0, 101, 139]",101,139,44.576,0.55424,0.7266,False,False,False,B_WALL_SECURITY_BARRIER
CS_0464,res://assets/tilesets/cyber_city_core_tilesets/CyberCity_CentralSecurity_Tiles/CyberCity_CentralSecurity_Tiles_1/CyberCity_CentralSecurity_Tiles_1/Door6_8.png,Door6_8.png,CyberCity_CentralSecurity_Tiles_1/CyberCity_CentralSecurity_Tiles_1,CyberCity_CentralSecurity_Tiles_1,Door6,wall_security_barrier,100,139,True,"[0, 0, 100, 139]",100,139,45.245,0.54755,0.7194,False,False,False,B_WALL_SECURITY_BARRIER
CS_0465,res://assets/tilesets/cyber_city_core_tilesets/CyberCity_CentralSecurity_Tiles/CyberCity_CentralSecurity_Tiles_1/CyberCity_CentralSecurity_Tiles_1/Door7_1.png,Door7_1.png,CyberCity_CentralSecurity_Tiles_1/CyberCity_CentralSecurity_Tiles_1,CyberCity_CentralSecurity_Tiles_1,Door7,wall_security_barrier,145,159,True,"[0, 0, 145, 159]",145,159,36.049,0.63951,0.9119,False,False,False,B_WALL_SECURITY_BARRIER
CS_0466,res://assets/tilesets/cyber_city_core_tilesets/CyberCity_CentralSecurity_Tiles/CyberCity_CentralSecurity_Tiles_1/CyberCity_CentralSecurity_Tiles_1/Door7_2.png,Door7_2.png,CyberCity_CentralSecurity_Tiles_1/CyberCity_CentralSecurity_Tiles_1,CyberCity_CentralSecurity_Tiles_1,Door7,wall_security_barrier,100,206,True,"[0, 0, 100, 206]",100,206,43.393,0.56607,0.4854,False,False,False,B_WALL_SECURITY_BARRIER
CS_0467,res://assets/tilesets/cyber_city_core_tilesets/CyberCity_CentralSecurity_Tiles/CyberCity_CentralSecurity_Tiles_1/CyberCity_CentralSecurity_Tiles_1/Door7_3.png,Door7_3.png,CyberCity_CentralSecurity_Tiles_1/CyberCity_CentralSecurity_Tiles_1,CyberCity_CentralSecurity_Tiles_1,Door7,wall_security_barrier,144,178,True,"[0, 0, 144, 178]",144,178,34.621,0.65379,0.809,False,False,False,B_WALL_SECURITY_BARRIER
CS_0468,res://assets/tilesets/cyber_city_core_tilesets/CyberCity_CentralSecurity_Tiles/CyberCity_CentralSecurity_Tiles_1/CyberCity_CentralSecurity_Tiles_1/Door7_4.png,Door7_4.png,CyberCity_CentralSecurity_Tiles_1/CyberCity_CentralSecurity_Tiles_1,CyberCity_CentralSecurity_Tiles_1,Door7,wall_security_barrier,87,210,True,"[0, 0, 87, 210]",87,210,49.239,0.50761,0.4143,False,False,False,B_WALL_SECURITY_BARRIER
CS_0469,res://assets/tilesets/cyber_city_core_tilesets/CyberCity_CentralSecurity_Tiles/CyberCity_CentralSecurity_Tiles_1/CyberCity_CentralSecurity_Tiles_1/Door7_5.png,Door7_5.png,CyberCity_CentralSecurity_Tiles_1/CyberCity_CentralSecurity_Tiles_1,CyberCity_CentralSecurity_Tiles_1,Door7,wall_security_barrier,141,192,True,"[0, 0, 141, 192]",141,192,47.418,0.52582,0.7344,False,False,False,B_WALL_SECURITY_BARRIER
CS_0470,res://assets/tilesets/cyber_city_core_tilesets/CyberCity_CentralSecurity_Tiles/CyberCity_CentralSecurity_Tiles_1/CyberCity_CentralSecurity_Tiles_1/Door7_6.png,Door7_6.png,CyberCity_CentralSecurity_Tiles_1/CyberCity_CentralSecurity_Tiles_1,CyberCity_CentralSecurity_Tiles_1,Door7,wall_security_barrier,136,191,True,"[0, 0, 136, 191]",136,191,50.993,0.49007,0.712,False,False,False,B_WALL_SECURITY_BARRIER
CS_0471,res://assets/tilesets/cyber_city_core_tilesets/CyberCity_CentralSecurity_Tiles/CyberCity_CentralSecurity_Tiles_1/CyberCity_CentralSecurity_Tiles_1/Door7_7.png,Door7_7.png,CyberCity_CentralSecurity_Tiles_1/CyberCity_CentralSecurity_Tiles_1,CyberCity_CentralSecurity_Tiles_1,Door7,wall_security_barrier,139,205,True,"[0, 0, 139, 205]",139,205,42.93,0.5707,0.678,False,False,False,B_WALL_SECURITY_BARRIER
CS_0472,res://assets/tilesets/cyber_city_core_tilesets/CyberCity_CentralSecurity_Tiles/CyberCity_CentralSecurity_Tiles_1/CyberCity_CentralSecurity_Tiles_1/Door7_8.png,Door7_8.png,CyberCity_CentralSecurity_Tiles_1/CyberCity_CentralSecurity_Tiles_1,CyberCity_CentralSecurity_Tiles_1,Door7,wall_security_barrier,134,204,True,"[0, 0, 134, 204]",134,204,46.763,0.53237,0.6569,False,False,False,B_WALL_SECURITY_BARRIER
CS_0473,res://assets/tilesets/cyber_city_core_tilesets/CyberCity_CentralSecurity_Tiles/CyberCity_CentralSecurity_Tiles_1/CyberCity_CentralSecurity_Tiles_1/Explosives1_1.png,Explosives1_1.png,CyberCity_CentralSecurity_Tiles_1/CyberCity_CentralSecurity_Tiles_1,CyberCity_CentralSecurity_Tiles_1,Explosives1,review_unknown_visually_promising,26,19,True,"[0, 0, 26, 19]",26,19,35.628,0.64372,1.3684,False,False,True,E_REVIEW_UNKNOWN
CS_0474,res://assets/tilesets/cyber_city_core_tilesets/CyberCity_CentralSecurity_Tiles/CyberCity_CentralSecurity_Tiles_1/CyberCity_CentralSecurity_Tiles_1/Explosives1_2.png,Explosives1_2.png,CyberCity_CentralSecurity_Tiles_1/CyberCity_CentralSecurity_Tiles_1,CyberCity_CentralSecurity_Tiles_1,Explosives1,review_unknown_visually_promising,14,25,True,"[0, 0, 14, 25]",14,25,36.0,0.64,0.56,False,False,True,E_REVIEW_UNKNOWN
CS_0475,res://assets/tilesets/cyber_city_core_tilesets/CyberCity_CentralSecurity_Tiles/CyberCity_CentralSecurity_Tiles_1/CyberCity_CentralSecurity_Tiles_1/Explosives1_3.png,Explosives1_3.png,CyberCity_CentralSecurity_Tiles_1/CyberCity_CentralSecurity_Tiles_1,CyberCity_CentralSecurity_Tiles_1,Explosives1,review_unknown_visually_promising,26,18,True,"[0, 0, 26, 18]",26,18,30.983,0.69017,1.4444,False,False,True,E_REVIEW_UNKNOWN
CS_0476,res://assets/tilesets/cyber_city_core_tilesets/CyberCity_CentralSecurity_Tiles/CyberCity_CentralSecurity_Tiles_1/CyberCity_CentralSecurity_Tiles_1/Explosives1_4.png,Explosives1_4.png,CyberCity_CentralSecurity_Tiles_1/CyberCity_CentralSecurity_Tiles_1,CyberCity_CentralSecurity_Tiles_1,Explosives1,review_unknown_visually_promising,12,28,True,"[0, 0, 12, 28]",12,28,30.952,0.69048,0.4286,False,False,True,E_REVIEW_UNKNOWN
CS_0477,res://assets/tilesets/cyber_city_core_tilesets/CyberCity_CentralSecurity_Tiles/CyberCity_CentralSecurity_Tiles_1/CyberCity_CentralSecurity_Tiles_1/Explosives1_5.png,Explosives1_5.png,CyberCity_CentralSecurity_Tiles_1/CyberCity_CentralSecurity_Tiles_1,CyberCity_CentralSecurity_Tiles_1,Explosives1,review_unknown_visually_promising,22,25,True,"[0, 0, 22, 25]",22,25,48.0,0.52,0.88,False,False,True,E_REVIEW_UNKNOWN
CS_0478,res://assets/tilesets/cyber_city_core_tilesets/CyberCity_CentralSecurity_Tiles/CyberCity_CentralSecurity_Tiles_1/CyberCity_CentralSecurity_Tiles_1/Explosives1_6.png,Explosives1_6.png,CyberCity_CentralSecurity_Tiles_1/CyberCity_CentralSecurity_Tiles_1,CyberCity_CentralSecurity_Tiles_1,Explosives1,review_unknown_visually_promising,21,22,True,"[0, 0, 21, 22]",21,22,39.394,0.60606,0.9545,False,False,True,E_REVIEW_UNKNOWN
CS_0479,res://assets/tilesets/cyber_city_core_tilesets/CyberCity_CentralSecurity_Tiles/CyberCity_CentralSecurity_Tiles_1/CyberCity_CentralSecurity_Tiles_1/Explosives1_7.png,Explosives1_7.png,CyberCity_CentralSecurity_Tiles_1/CyberCity_CentralSecurity_Tiles_1,CyberCity_CentralSecurity_Tiles_1,Explosives1,review_unknown_visually_promising,22,22,True,"[0, 0, 22, 22]",22,22,40.496,0.59504,1.0,False,False,True,E_REVIEW_UNKNOWN
CS_0480,res://assets/tilesets/cyber_city_core_tilesets/CyberCity_CentralSecurity_Tiles/CyberCity_CentralSecurity_Tiles_1/CyberCity_CentralSecurity_Tiles_1/Explosives1_8.png,Explosives1_8.png,CyberCity_CentralSecurity_Tiles_1/CyberCity_CentralSecurity_Tiles_1,CyberCity_CentralSecurity_Tiles_1,Explosives1,review_unknown_visually_promising,21,22,True,"[0, 0, 21, 22]",21,22,38.961,0.61039,0.9545,False,False,True,E_REVIEW_UNKNOWN
CS_0481,res://assets/tilesets/cyber_city_core_tilesets/CyberCity_CentralSecurity_Tiles/CyberCity_CentralSecurity_Tiles_1/CyberCity_CentralSecurity_Tiles_1/Explosives2_1.png,Explosives2_1.png,CyberCity_CentralSecurity_Tiles_1/CyberCity_CentralSecurity_Tiles_1,CyberCity_CentralSecurity_Tiles_1,Explosives2,review_unknown_visually_promising,47,23,True,"[0, 0, 47, 23]",47,23,32.84,0.6716,2.0435,False,False,True,E_REVIEW_UNKNOWN
CS_0482,res://assets/tilesets/cyber_city_core_tilesets/CyberCity_CentralSecurity_Tiles/CyberCity_CentralSecurity_Tiles_1/CyberCity_CentralSecurity_Tiles_1/Explosives2_2.png,Explosives2_2.png,CyberCity_CentralSecurity_Tiles_1/CyberCity_CentralSecurity_Tiles_1,CyberCity_CentralSecurity_Tiles_1,Explosives2,review_unknown_visually_promising,21,36,True,"[0, 0, 21, 36]",21,36,20.899,0.79101,0.5833,False,False,True,E_REVIEW_UNKNOWN
CS_0483,res://assets/tilesets/cyber_city_core_tilesets/CyberCity_CentralSecurity_Tiles/CyberCity_CentralSecurity_Tiles_1/CyberCity_CentralSecurity_Tiles_1/Explosives2_3.png,Explosives2_3.png,CyberCity_CentralSecurity_Tiles_1/CyberCity_CentralSecurity_Tiles_1,CyberCity_CentralSecurity_Tiles_1,Explosives2,review_unknown_visually_promising,47,23,True,"[0, 0, 47, 23]",47,23,34.783,0.65217,2.0435,False,False,True,E_REVIEW_UNKNOWN
CS_0484,res://assets/tilesets/cyber_city_core_tilesets/CyberCity_CentralSecurity_Tiles/CyberCity_CentralSecurity_Tiles_1/CyberCity_CentralSecurity_Tiles_1/Explosives2_4.png,Explosives2_4.png,CyberCity_CentralSecurity_Tiles_1/CyberCity_CentralSecurity_Tiles_1,CyberCity_CentralSecurity_Tiles_1,Explosives2,review_unknown_visually_promising,21,36,True,"[0, 0, 21, 36]",21,36,20.767,0.79233,0.5833,False,False,True,E_REVIEW_UNKNOWN
CS_0485,res://assets/tilesets/cyber_city_core_tilesets/CyberCity_CentralSecurity_Tiles/CyberCity_CentralSecurity_Tiles_1/CyberCity_CentralSecurity_Tiles_1/Explosives2_5.png,Explosives2_5.png,CyberCity_CentralSecurity_Tiles_1/CyberCity_CentralSecurity_Tiles_1,CyberCity_CentralSecurity_Tiles_1,Explosives2,review_unknown_visually_promising,37,31,True,"[0, 0, 37, 31]",37,31,40.715,0.59285,1.1935,False,False,False,E_REVIEW_UNKNOWN
CS_0486,res://assets/tilesets/cyber_city_core_tilesets/CyberCity_CentralSecurity_Tiles/CyberCity_CentralSecurity_Tiles_1/CyberCity_CentralSecurity_Tiles_1/Explosives2_6.png,Explosives2_6.png,CyberCity_CentralSecurity_Tiles_1/CyberCity_CentralSecurity_Tiles_1,CyberCity_CentralSecurity_Tiles_1,Explosives2,review_unknown_visually_promising,38,31,True,"[0, 0, 38, 31]",38,31,44.737,0.55263,1.2258,False,False,False,E_REVIEW_UNKNOWN
CS_0487,res://assets/tilesets/cyber_city_core_tilesets/CyberCity_CentralSecurity_Tiles/CyberCity_CentralSecurity_Tiles_1/CyberCity_CentralSecurity_Tiles_1/Explosives2_7.png,Explosives2_7.png,CyberCity_CentralSecurity_Tiles_1/CyberCity_CentralSecurity_Tiles_1,CyberCity_CentralSecurity_Tiles_1,Explosives2,review_unknown_visually_promising,38,31,True,"[0, 0, 38, 31]",38,31,45.331,0.54669,1.2258,False,False,False,E_REVIEW_UNKNOWN
CS_0488,res://assets/tilesets/cyber_city_core_tilesets/CyberCity_CentralSecurity_Tiles/CyberCity_CentralSecurity_Tiles_1/CyberCity_CentralSecurity_Tiles_1/Explosives2_8.png,Explosives2_8.png,CyberCity_CentralSecurity_Tiles_1/CyberCity_CentralSecurity_Tiles_1,CyberCity_CentralSecurity_Tiles_1,Explosives2,review_unknown_visually_promising,37,31,True,"[0, 0, 37, 31]",37,31,41.151,0.58849,1.1935,False,False,False,E_REVIEW_UNKNOWN
CS_0489,res://assets/tilesets/cyber_city_core_tilesets/CyberCity_CentralSecurity_Tiles/CyberCity_CentralSecurity_Tiles_1/CyberCity_CentralSecurity_Tiles_1/ExplosivesLandmine1_1.png,ExplosivesLandmine1_1.png,CyberCity_CentralSecurity_Tiles_1/CyberCity_CentralSecurity_Tiles_1,CyberCity_CentralSecurity_Tiles_1,ExplosivesLandmine1,review_unknown_visually_promising,28,25,True,"[0, 0, 28, 25]",28,25,33.143,0.66857,1.12,False,False,False,E_REVIEW_UNKNOWN
CS_0490,res://assets/tilesets/cyber_city_core_tilesets/CyberCity_CentralSecurity_Tiles/CyberCity_CentralSecurity_Tiles_1/CyberCity_CentralSecurity_Tiles_1/Fence1_1.png,Fence1_1.png,CyberCity_CentralSecurity_Tiles_1/CyberCity_CentralSecurity_Tiles_1,CyberCity_CentralSecurity_Tiles_1,Fence1,wall_security_barrier,617,511,True,"[0, 0, 617, 511]",617,511,65.199,0.34801,1.2074,False,False,False,B_WALL_SECURITY_BARRIER
CS_0491,res://assets/tilesets/cyber_city_core_tilesets/CyberCity_CentralSecurity_Tiles/CyberCity_CentralSecurity_Tiles_1/CyberCity_CentralSecurity_Tiles_1/Fence1_2.png,Fence1_2.png,CyberCity_CentralSecurity_Tiles_1/CyberCity_CentralSecurity_Tiles_1,CyberCity_CentralSecurity_Tiles_1,Fence1,wall_security_barrier,615,621,True,"[0, 0, 615, 621]",615,621,65.844,0.34156,0.9903,False,False,False,B_WALL_SECURITY_BARRIER
CS_0492,res://assets/tilesets/cyber_city_core_tilesets/CyberCity_CentralSecurity_Tiles/CyberCity_CentralSecurity_Tiles_1/CyberCity_CentralSecurity_Tiles_1/Fence1_3.png,Fence1_3.png,CyberCity_CentralSecurity_Tiles_1/CyberCity_CentralSecurity_Tiles_1,CyberCity_CentralSecurity_Tiles_1,Fence1,wall_security_barrier,584,618,True,"[0, 0, 584, 618]",584,618,66.207,0.33793,0.945,False,False,False,B_WALL_SECURITY_BARRIER
CS_0493,res://assets/tilesets/cyber_city_core_tilesets/CyberCity_CentralSecurity_Tiles/CyberCity_CentralSecurity_Tiles_1/CyberCity_CentralSecurity_Tiles_1/Fence1_4.png,Fence1_4.png,CyberCity_CentralSecurity_Tiles_1/CyberCity_CentralSecurity_Tiles_1,CyberCity_CentralSecurity_Tiles_1,Fence1,wall_security_barrier,587,516,True,"[0, 0, 587, 516]",587,516,67.085,0.32915,1.1376,False,False,False,B_WALL_SECURITY_BARRIER
CS_0494,res://assets/tilesets/cyber_city_core_tilesets/CyberCity_CentralSecurity_Tiles/CyberCity_CentralSecurity_Tiles_1/CyberCity_CentralSecurity_Tiles_1/Fence1_5.png,Fence1_5.png,CyberCity_CentralSecurity_Tiles_1/CyberCity_CentralSecurity_Tiles_1,CyberCity_CentralSecurity_Tiles_1,Fence1,wall_security_barrier,465,640,True,"[0, 0, 465, 640]",465,640,58.858,0.41142,0.7266,False,False,False,B_WALL_SECURITY_BARRIER
CS_0495,res://assets/tilesets/cyber_city_core_tilesets/CyberCity_CentralSecurity_Tiles/CyberCity_CentralSecurity_Tiles_1/CyberCity_CentralSecurity_Tiles_1/Fence1_6.png,Fence1_6.png,CyberCity_CentralSecurity_Tiles_1/CyberCity_CentralSecurity_Tiles_1,CyberCity_CentralSecurity_Tiles_1,Fence1,wall_security_barrier,724,408,True,"[0, 0, 724, 408]",724,408,62.406,0.37594,1.7745,False,False,False,B_WALL_SECURITY_BARRIER
CS_0496,res://assets/tilesets/cyber_city_core_tilesets/CyberCity_CentralSecurity_Tiles/CyberCity_CentralSecurity_Tiles_1/CyberCity_CentralSecurity_Tiles_1/Fence1_7.png,Fence1_7.png,CyberCity_CentralSecurity_Tiles_1/CyberCity_CentralSecurity_Tiles_1,CyberCity_CentralSecurity_Tiles_1,Fence1,wall_security_barrier,728,514,True,"[0, 0, 728, 514]",728,514,61.509,0.38491,1.4163,False,False,False,B_WALL_SECURITY_BARRIER
CS_0497,res://assets/tilesets/cyber_city_core_tilesets/CyberCity_CentralSecurity_Tiles/CyberCity_CentralSecurity_Tiles_1/CyberCity_CentralSecurity_Tiles_1/Fence1_8.png,Fence1_8.png,CyberCity_CentralSecurity_Tiles_1/CyberCity_CentralSecurity_Tiles_1,CyberCity_CentralSecurity_Tiles_1,Fence1,wall_security_barrier,429,639,True,"[0, 0, 429, 639]",429,639,56.303,0.43697,0.6714,False,False,False,B_WALL_SECURITY_BARRIER
CS_0498,res://assets/tilesets/cyber_city_core_tilesets/CyberCity_CentralSecurity_Tiles/CyberCity_CentralSecurity_Tiles_1/CyberCity_CentralSecurity_Tiles_1/Flag1_1.png,Flag1_1.png,CyberCity_CentralSecurity_Tiles_1/CyberCity_CentralSecurity_Tiles_1,CyberCity_CentralSecurity_Tiles_1,Flag1,review_unknown_visually_promising,316,499,True,"[0, 0, 316, 499]",316,499,84.941,0.15059,0.6333,False,False,False,E_REVIEW_UNKNOWN
CS_0499,res://assets/tilesets/cyber_city_core_tilesets/CyberCity_CentralSecurity_Tiles/CyberCity_CentralSecurity_Tiles_1/CyberCity_CentralSecurity_Tiles_1/Flag1_2.png,Flag1_2.png,CyberCity_CentralSecurity_Tiles_1/CyberCity_CentralSecurity_Tiles_1,CyberCity_CentralSecurity_Tiles_1,Flag1,review_unknown_visually_promising,175,597,True,"[0, 0, 175, 597]",175,597,87.713,0.12287,0.2931,False,False,False,E_REVIEW_UNKNOWN
CS_0500,res://assets/tilesets/cyber_city_core_tilesets/CyberCity_CentralSecurity_Tiles/CyberCity_CentralSecurity_Tiles_1/CyberCity_CentralSecurity_Tiles_1/Flag1_3.png,Flag1_3.png,CyberCity_CentralSecurity_Tiles_1/CyberCity_CentralSecurity_Tiles_1,CyberCity_CentralSecurity_Tiles_1,Flag1,review_unknown_visually_promising,318,499,True,"[0, 0, 318, 499]",318,499,85.371,0.14629,0.6373,False,False,False,E_REVIEW_UNKNOWN
CS_0501,res://assets/tilesets/cyber_city_core_tilesets/CyberCity_CentralSecurity_Tiles/CyberCity_CentralSecurity_Tiles_1/CyberCity_CentralSecurity_Tiles_1/Flag1_4.png,Flag1_4.png,CyberCity_CentralSecurity_Tiles_1/CyberCity_CentralSecurity_Tiles_1,CyberCity_CentralSecurity_Tiles_1,Flag1,review_unknown_visually_promising,176,499,True,"[0, 0, 176, 499]",176,499,84.847,0.15153,0.3527,False,False,False,E_REVIEW_UNKNOWN
CS_0502,res://assets/tilesets/cyber_city_core_tilesets/CyberCity_CentralSecurity_Tiles/CyberCity_CentralSecurity_Tiles_1/CyberCity_CentralSecurity_Tiles_1/Flag1_5.png,Flag1_5.png,CyberCity_CentralSecurity_Tiles_1/CyberCity_CentralSecurity_Tiles_1,CyberCity_CentralSecurity_Tiles_1,Flag1,review_unknown_visually_promising,279,561,True,"[0, 0, 279, 561]",279,561,88.561,0.11439,0.4973,False,False,False,E_REVIEW_UNKNOWN
CS_0503,res://assets/tilesets/cyber_city_core_tilesets/CyberCity_CentralSecurity_Tiles/CyberCity_CentralSecurity_Tiles_1/CyberCity_CentralSecurity_Tiles_1/Flag1_6.png,Flag1_6.png,CyberCity_CentralSecurity_Tiles_1/CyberCity_CentralSecurity_Tiles_1,CyberCity_CentralSecurity_Tiles_1,Flag1,review_unknown_visually_promising,273,501,True,"[0, 0, 273, 501]",273,501,84.278,0.15722,0.5449,False,False,False,E_REVIEW_UNKNOWN
CS_0504,res://assets/tilesets/cyber_city_core_tilesets/CyberCity_CentralSecurity_Tiles/CyberCity_CentralSecurity_Tiles_1/CyberCity_CentralSecurity_Tiles_1/Flag1_7.png,Flag1_7.png,CyberCity_CentralSecurity_Tiles_1/CyberCity_CentralSecurity_Tiles_1,CyberCity_CentralSecurity_Tiles_1,Flag1,review_unknown_visually_promising,272,566,True,"[0, 0, 272, 566]",272,566,86.159,0.13841,0.4806,False,False,False,E_REVIEW_UNKNOWN
CS_0505,res://assets/tilesets/cyber_city_core_tilesets/CyberCity_CentralSecurity_Tiles/CyberCity_CentralSecurity_Tiles_1/CyberCity_CentralSecurity_Tiles_1/Flag1_8.png,Flag1_8.png,CyberCity_CentralSecurity_Tiles_1/CyberCity_CentralSecurity_Tiles_1,CyberCity_CentralSecurity_Tiles_1,Flag1,review_unknown_visually_promising,277,500,True,"[0, 0, 277, 500]",277,500,86.975,0.13025,0.554,False,False,False,E_REVIEW_UNKNOWN
CS_0506,res://assets/tilesets/cyber_city_core_tilesets/CyberCity_CentralSecurity_Tiles/CyberCity_CentralSecurity_Tiles_1/CyberCity_CentralSecurity_Tiles_1/Flag2_1.png,Flag2_1.png,CyberCity_CentralSecurity_Tiles_1/CyberCity_CentralSecurity_Tiles_1,CyberCity_CentralSecurity_Tiles_1,Flag2,review_unknown_visually_promising,196,501,True,"[0, 0, 196, 501]",196,501,84.524,0.15476,0.3912,False,False,False,E_REVIEW_UNKNOWN
CS_0507,res://assets/tilesets/cyber_city_core_tilesets/CyberCity_CentralSecurity_Tiles/CyberCity_CentralSecurity_Tiles_1/CyberCity_CentralSecurity_Tiles_1/Flag2_2.png,Flag2_2.png,CyberCity_CentralSecurity_Tiles_1/CyberCity_CentralSecurity_Tiles_1,CyberCity_CentralSecurity_Tiles_1,Flag2,review_unknown_visually_promising,198,498,True,"[0, 0, 198, 498]",198,498,86.048,0.13952,0.3976,False,False,False,E_REVIEW_UNKNOWN
CS_0508,res://assets/tilesets/cyber_city_core_tilesets/CyberCity_CentralSecurity_Tiles/CyberCity_CentralSecurity_Tiles_1/CyberCity_CentralSecurity_Tiles_1/Flag2_3.png,Flag2_3.png,CyberCity_CentralSecurity_Tiles_1/CyberCity_CentralSecurity_Tiles_1,CyberCity_CentralSecurity_Tiles_1,Flag2,review_unknown_visually_promising,221,499,True,"[0, 0, 221, 499]",221,499,86.68,0.1332,0.4429,False,False,False,E_REVIEW_UNKNOWN
CS_0509,res://assets/tilesets/cyber_city_core_tilesets/CyberCity_CentralSecurity_Tiles/CyberCity_CentralSecurity_Tiles_1/CyberCity_CentralSecurity_Tiles_1/Flag2_4.png,Flag2_4.png,CyberCity_CentralSecurity_Tiles_1/CyberCity_CentralSecurity_Tiles_1,CyberCity_CentralSecurity_Tiles_1,Flag2,review_unknown_visually_promising,188,500,True,"[0, 0, 188, 500]",188,500,83.699,0.16301,0.376,False,False,False,E_REVIEW_UNKNOWN
CS_0510,res://assets/tilesets/cyber_city_core_tilesets/CyberCity_CentralSecurity_Tiles/CyberCity_CentralSecurity_Tiles_1/CyberCity_CentralSecurity_Tiles_1/Flag2_5.png,Flag2_5.png,CyberCity_CentralSecurity_Tiles_1/CyberCity_CentralSecurity_Tiles_1,CyberCity_CentralSecurity_Tiles_1,Flag2,review_unknown_visually_promising,177,501,True,"[0, 0, 177, 501]",177,501,85.173,0.14827,0.3533,False,False,False,E_REVIEW_UNKNOWN
CS_0511,res://assets/tilesets/cyber_city_core_tilesets/CyberCity_CentralSecurity_Tiles/CyberCity_CentralSecurity_Tiles_1/CyberCity_CentralSecurity_Tiles_1/Flag2_6.png,Flag2_6.png,CyberCity_CentralSecurity_Tiles_1/CyberCity_CentralSecurity_Tiles_1,CyberCity_CentralSecurity_Tiles_1,Flag2,review_unknown_visually_promising,205,501,True,"[0, 0, 205, 501]",205,501,83.512,0.16488,0.4092,False,False,False,E_REVIEW_UNKNOWN
CS_0512,res://assets/tilesets/cyber_city_core_tilesets/CyberCity_CentralSecurity_Tiles/CyberCity_CentralSecurity_Tiles_1/CyberCity_CentralSecurity_Tiles_1/Flag2_7.png,Flag2_7.png,CyberCity_CentralSecurity_Tiles_1/CyberCity_CentralSecurity_Tiles_1,CyberCity_CentralSecurity_Tiles_1,Flag2,review_unknown_visually_promising,219,500,True,"[0, 0, 219, 500]",219,500,86.635,0.13365,0.438,False,False,False,E_REVIEW_UNKNOWN
CS_0513,res://assets/tilesets/cyber_city_core_tilesets/CyberCity_CentralSecurity_Tiles/CyberCity_CentralSecurity_Tiles_1/CyberCity_CentralSecurity_Tiles_1/Flag2_8.png,Flag2_8.png,CyberCity_CentralSecurity_Tiles_1/CyberCity_CentralSecurity_Tiles_1,CyberCity_CentralSecurity_Tiles_1,Flag2,review_unknown_visually_promising,199,498,True,"[0, 0, 199, 498]",199,498,85.593,0.14407,0.3996,False,False,False,E_REVIEW_UNKNOWN
CS_0514,res://assets/tilesets/cyber_city_core_tilesets/CyberCity_CentralSecurity_Tiles/CyberCity_CentralSecurity_Tiles_1/CyberCity_CentralSecurity_Tiles_1/Flag3_1.png,Flag3_1.png,CyberCity_CentralSecurity_Tiles_1/CyberCity_CentralSecurity_Tiles_1,CyberCity_CentralSecurity_Tiles_1,Flag3,review_unknown_visually_promising,298,499,True,"[0, 0, 298, 499]",298,499,84.961,0.15039,0.5972,False,False,False,E_REVIEW_UNKNOWN
CS_0515,res://assets/tilesets/cyber_city_core_tilesets/CyberCity_CentralSecurity_Tiles/CyberCity_CentralSecurity_Tiles_1/CyberCity_CentralSecurity_Tiles_1/Flag3_2.png,Flag3_2.png,CyberCity_CentralSecurity_Tiles_1/CyberCity_CentralSecurity_Tiles_1,CyberCity_CentralSecurity_Tiles_1,Flag3,review_unknown_visually_promising,181,554,True,"[0, 0, 181, 554]",181,554,87.483,0.12517,0.3267,False,False,False,E_REVIEW_UNKNOWN
CS_0516,res://assets/tilesets/cyber_city_core_tilesets/CyberCity_CentralSecurity_Tiles/CyberCity_CentralSecurity_Tiles_1/CyberCity_CentralSecurity_Tiles_1/Flag3_3.png,Flag3_3.png,CyberCity_CentralSecurity_Tiles_1/CyberCity_CentralSecurity_Tiles_1,CyberCity_CentralSecurity_Tiles_1,Flag3,review_unknown_visually_promising,312,500,True,"[0, 0, 312, 500]",312,500,85.799,0.14201,0.624,False,False,False,E_REVIEW_UNKNOWN
CS_0517,res://assets/tilesets/cyber_city_core_tilesets/CyberCity_CentralSecurity_Tiles/CyberCity_CentralSecurity_Tiles_1/CyberCity_CentralSecurity_Tiles_1/Flag3_4.png,Flag3_4.png,CyberCity_CentralSecurity_Tiles_1/CyberCity_CentralSecurity_Tiles_1,CyberCity_CentralSecurity_Tiles_1,Flag3,review_unknown_visually_promising,186,499,True,"[0, 0, 186, 499]",186,499,84.917,0.15083,0.3727,False,False,False,E_REVIEW_UNKNOWN
CS_0518,res://assets/tilesets/cyber_city_core_tilesets/CyberCity_CentralSecurity_Tiles/CyberCity_CentralSecurity_Tiles_1/CyberCity_CentralSecurity_Tiles_1/Flag3_5.png,Flag3_5.png,CyberCity_CentralSecurity_Tiles_1/CyberCity_CentralSecurity_Tiles_1,CyberCity_CentralSecurity_Tiles_1,Flag3,review_unknown_visually_promising,263,530,True,"[0, 0, 263, 530]",263,530,87.207,0.12793,0.4962,False,False,False,E_REVIEW_UNKNOWN
CS_0519,res://assets/tilesets/cyber_city_core_tilesets/CyberCity_CentralSecurity_Tiles/CyberCity_CentralSecurity_Tiles_1/CyberCity_CentralSecurity_Tiles_1/Flag3_6.png,Flag3_6.png,CyberCity_CentralSecurity_Tiles_1/CyberCity_CentralSecurity_Tiles_1,CyberCity_CentralSecurity_Tiles_1,Flag3,review_unknown_visually_promising,262,501,True,"[0, 0, 262, 501]",262,501,84.693,0.15307,0.523,False,False,False,E_REVIEW_UNKNOWN
CS_0520,res://assets/tilesets/cyber_city_core_tilesets/CyberCity_CentralSecurity_Tiles/CyberCity_CentralSecurity_Tiles_1/CyberCity_CentralSecurity_Tiles_1/Flag3_7.png,Flag3_7.png,CyberCity_CentralSecurity_Tiles_1/CyberCity_CentralSecurity_Tiles_1,CyberCity_CentralSecurity_Tiles_1,Flag3,review_unknown_visually_promising,271,525,True,"[0, 0, 271, 525]",271,525,86.48,0.1352,0.5162,False,False,False,E_REVIEW_UNKNOWN
CS_0521,res://assets/tilesets/cyber_city_core_tilesets/CyberCity_CentralSecurity_Tiles/CyberCity_CentralSecurity_Tiles_1/CyberCity_CentralSecurity_Tiles_1/Flag3_8.png,Flag3_8.png,CyberCity_CentralSecurity_Tiles_1/CyberCity_CentralSecurity_Tiles_1,CyberCity_CentralSecurity_Tiles_1,Flag3,review_unknown_visually_promising,277,499,True,"[0, 0, 277, 499]",277,499,86.012,0.13988,0.5551,False,False,False,E_REVIEW_UNKNOWN
CS_0522,res://assets/tilesets/cyber_city_core_tilesets/CyberCity_CentralSecurity_Tiles/CyberCity_CentralSecurity_Tiles_1/CyberCity_CentralSecurity_Tiles_1/FortFloor1_1.png,FortFloor1_1.png,CyberCity_CentralSecurity_Tiles_1/CyberCity_CentralSecurity_Tiles_1,CyberCity_CentralSecurity_Tiles_1,FortFloor1,ground_floor_road,583,417,True,"[0, 0, 583, 417]",583,417,4.211,0.95789,1.3981,False,False,False,A_GROUND_FLOOR_ROAD
CS_0523,res://assets/tilesets/cyber_city_core_tilesets/CyberCity_CentralSecurity_Tiles/CyberCity_CentralSecurity_Tiles_1/CyberCity_CentralSecurity_Tiles_1/FortFloor1_2.png,FortFloor1_2.png,CyberCity_CentralSecurity_Tiles_1/CyberCity_CentralSecurity_Tiles_1,CyberCity_CentralSecurity_Tiles_1,FortFloor1,ground_floor_road,810,573,True,"[0, 0, 810, 573]",810,573,49.791,0.50209,1.4136,False,False,False,A_GROUND_FLOOR_ROAD
CS_0524,res://assets/tilesets/cyber_city_core_tilesets/CyberCity_CentralSecurity_Tiles/CyberCity_CentralSecurity_Tiles_1/CyberCity_CentralSecurity_Tiles_1/FortGate1_1.png,FortGate1_1.png,CyberCity_CentralSecurity_Tiles_1/CyberCity_CentralSecurity_Tiles_1,CyberCity_CentralSecurity_Tiles_1,FortGate1,wall_security_barrier,938,766,True,"[0, 0, 938, 766]",938,766,12.63,0.8737,1.2245,False,False,False,B_WALL_SECURITY_BARRIER
CS_0525,res://assets/tilesets/cyber_city_core_tilesets/CyberCity_CentralSecurity_Tiles/CyberCity_CentralSecurity_Tiles_1/CyberCity_CentralSecurity_Tiles_1/FortGate1_2.png,FortGate1_2.png,CyberCity_CentralSecurity_Tiles_1/CyberCity_CentralSecurity_Tiles_1,CyberCity_CentralSecurity_Tiles_1,FortGate1,wall_security_barrier,686,911,True,"[0, 0, 686, 911]",686,911,29.644,0.70356,0.753,False,False,False,B_WALL_SECURITY_BARRIER
CS_0526,res://assets/tilesets/cyber_city_core_tilesets/CyberCity_CentralSecurity_Tiles/CyberCity_CentralSecurity_Tiles_1/CyberCity_CentralSecurity_Tiles_1/FortGate1_3.png,FortGate1_3.png,CyberCity_CentralSecurity_Tiles_1/CyberCity_CentralSecurity_Tiles_1,CyberCity_CentralSecurity_Tiles_1,FortGate1,wall_security_barrier,938,459,True,"[0, 0, 938, 459]",938,459,14.485,0.85515,2.0436,False,False,False,B_WALL_SECURITY_BARRIER
CS_0527,res://assets/tilesets/cyber_city_core_tilesets/CyberCity_CentralSecurity_Tiles/CyberCity_CentralSecurity_Tiles_1/CyberCity_CentralSecurity_Tiles_1/FortGate1_4.png,FortGate1_4.png,CyberCity_CentralSecurity_Tiles_1/CyberCity_CentralSecurity_Tiles_1,CyberCity_CentralSecurity_Tiles_1,FortGate1,wall_security_barrier,767,913,True,"[0, 0, 767, 913]",767,913,28.982,0.71018,0.8401,False,False,False,B_WALL_SECURITY_BARRIER
CS_0528,res://assets/tilesets/cyber_city_core_tilesets/CyberCity_CentralSecurity_Tiles/CyberCity_CentralSecurity_Tiles_1/CyberCity_CentralSecurity_Tiles_1/FortGate1_5.png,FortGate1_5.png,CyberCity_CentralSecurity_Tiles_1/CyberCity_CentralSecurity_Tiles_1,CyberCity_CentralSecurity_Tiles_1,FortGate1,wall_security_barrier,1065,1032,True,"[0, 0, 1065, 1032]",1065,1032,46.998,0.53002,1.032,False,False,False,B_WALL_SECURITY_BARRIER
CS_0529,res://assets/tilesets/cyber_city_core_tilesets/CyberCity_CentralSecurity_Tiles/CyberCity_CentralSecurity_Tiles_1/CyberCity_CentralSecurity_Tiles_1/FortGate1_6.png,FortGate1_6.png,CyberCity_CentralSecurity_Tiles_1/CyberCity_CentralSecurity_Tiles_1,CyberCity_CentralSecurity_Tiles_1,FortGate1,wall_security_barrier,1143,1030,True,"[0, 0, 1143, 1030]",1143,1030,49.557,0.50443,1.1097,False,False,False,B_WALL_SECURITY_BARRIER
CS_0530,res://assets/tilesets/cyber_city_core_tilesets/CyberCity_CentralSecurity_Tiles/CyberCity_CentralSecurity_Tiles_1/CyberCity_CentralSecurity_Tiles_1/FortGate1_7.png,FortGate1_7.png,CyberCity_CentralSecurity_Tiles_1/CyberCity_CentralSecurity_Tiles_1,CyberCity_CentralSecurity_Tiles_1,FortGate1,wall_security_barrier,1067,771,True,"[0, 0, 1067, 771]",1067,771,50.505,0.49495,1.3839,False,False,False,B_WALL_SECURITY_BARRIER
CS_0531,res://assets/tilesets/cyber_city_core_tilesets/CyberCity_CentralSecurity_Tiles/CyberCity_CentralSecurity_Tiles_1/CyberCity_CentralSecurity_Tiles_1/FortGate1_8.png,FortGate1_8.png,CyberCity_CentralSecurity_Tiles_1/CyberCity_CentralSecurity_Tiles_1,CyberCity_CentralSecurity_Tiles_1,FortGate1,wall_security_barrier,1146,768,True,"[0, 0, 1146, 768]",1146,768,50.519,0.49481,1.4922,False,False,False,B_WALL_SECURITY_BARRIER
CS_0532,res://assets/tilesets/cyber_city_core_tilesets/CyberCity_CentralSecurity_Tiles/CyberCity_CentralSecurity_Tiles_1/CyberCity_CentralSecurity_Tiles_1/FortGate2_1.png,FortGate2_1.png,CyberCity_CentralSecurity_Tiles_1/CyberCity_CentralSecurity_Tiles_1,CyberCity_CentralSecurity_Tiles_1,FortGate2,wall_security_barrier,938,766,True,"[0, 0, 938, 766]",938,766,13.678,0.86322,1.2245,False,False,False,B_WALL_SECURITY_BARRIER
CS_0533,res://assets/tilesets/cyber_city_core_tilesets/CyberCity_CentralSecurity_Tiles/CyberCity_CentralSecurity_Tiles_1/CyberCity_CentralSecurity_Tiles_1/FortGate2_2.png,FortGate2_2.png,CyberCity_CentralSecurity_Tiles_1/CyberCity_CentralSecurity_Tiles_1,CyberCity_CentralSecurity_Tiles_1,FortGate2,wall_security_barrier,686,911,True,"[0, 0, 686, 911]",686,911,29.644,0.70356,0.753,False,False,False,B_WALL_SECURITY_BARRIER
CS_0534,res://assets/tilesets/cyber_city_core_tilesets/CyberCity_CentralSecurity_Tiles/CyberCity_CentralSecurity_Tiles_1/CyberCity_CentralSecurity_Tiles_1/FortGate2_3.png,FortGate2_3.png,CyberCity_CentralSecurity_Tiles_1/CyberCity_CentralSecurity_Tiles_1,CyberCity_CentralSecurity_Tiles_1,FortGate2,wall_security_barrier,938,459,True,"[0, 0, 938, 459]",938,459,15.684,0.84316,2.0436,False,False,False,B_WALL_SECURITY_BARRIER
CS_0535,res://assets/tilesets/cyber_city_core_tilesets/CyberCity_CentralSecurity_Tiles/CyberCity_CentralSecurity_Tiles_1/CyberCity_CentralSecurity_Tiles_1/FortGate2_4.png,FortGate2_4.png,CyberCity_CentralSecurity_Tiles_1/CyberCity_CentralSecurity_Tiles_1,CyberCity_CentralSecurity_Tiles_1,FortGate2,wall_security_barrier,767,913,True,"[0, 0, 767, 913]",767,913,28.982,0.71018,0.8401,False,False,False,B_WALL_SECURITY_BARRIER
CS_0536,res://assets/tilesets/cyber_city_core_tilesets/CyberCity_CentralSecurity_Tiles/CyberCity_CentralSecurity_Tiles_1/CyberCity_CentralSecurity_Tiles_1/FortGate2_5.png,FortGate2_5.png,CyberCity_CentralSecurity_Tiles_1/CyberCity_CentralSecurity_Tiles_1,CyberCity_CentralSecurity_Tiles_1,FortGate2,wall_security_barrier,1065,1032,True,"[0, 0, 1065, 1032]",1065,1032,47.411,0.52589,1.032,False,False,False,B_WALL_SECURITY_BARRIER
CS_0537,res://assets/tilesets/cyber_city_core_tilesets/CyberCity_CentralSecurity_Tiles/CyberCity_CentralSecurity_Tiles_1/CyberCity_CentralSecurity_Tiles_1/FortGate2_6.png,FortGate2_6.png,CyberCity_CentralSecurity_Tiles_1/CyberCity_CentralSecurity_Tiles_1,CyberCity_CentralSecurity_Tiles_1,FortGate2,wall_security_barrier,1143,1030,True,"[0, 0, 1143, 1030]",1143,1030,49.616,0.50384,1.1097,False,False,False,B_WALL_SECURITY_BARRIER
CS_0538,res://assets/tilesets/cyber_city_core_tilesets/CyberCity_CentralSecurity_Tiles/CyberCity_CentralSecurity_Tiles_1/CyberCity_CentralSecurity_Tiles_1/FortGate2_7.png,FortGate2_7.png,CyberCity_CentralSecurity_Tiles_1/CyberCity_CentralSecurity_Tiles_1,CyberCity_CentralSecurity_Tiles_1,FortGate2,wall_security_barrier,1067,771,True,"[0, 0, 1067, 771]",1067,771,51.128,0.48872,1.3839,False,False,False,B_WALL_SECURITY_BARRIER
CS_0539,res://assets/tilesets/cyber_city_core_tilesets/CyberCity_CentralSecurity_Tiles/CyberCity_CentralSecurity_Tiles_1/CyberCity_CentralSecurity_Tiles_1/FortGate2_8.png,FortGate2_8.png,CyberCity_CentralSecurity_Tiles_1/CyberCity_CentralSecurity_Tiles_1,CyberCity_CentralSecurity_Tiles_1,FortGate2,wall_security_barrier,1146,768,True,"[0, 0, 1146, 768]",1146,768,50.519,0.49481,1.4922,False,False,False,B_WALL_SECURITY_BARRIER
CS_0540,res://assets/tilesets/cyber_city_core_tilesets/CyberCity_CentralSecurity_Tiles/CyberCity_CentralSecurity_Tiles_1/CyberCity_CentralSecurity_Tiles_1/FortGate3_1.png,FortGate3_1.png,CyberCity_CentralSecurity_Tiles_1/CyberCity_CentralSecurity_Tiles_1,CyberCity_CentralSecurity_Tiles_1,FortGate3,wall_security_barrier,938,766,True,"[0, 0, 938, 766]",938,766,15.584,0.84416,1.2245,False,False,False,B_WALL_SECURITY_BARRIER
CS_0541,res://assets/tilesets/cyber_city_core_tilesets/CyberCity_CentralSecurity_Tiles/CyberCity_CentralSecurity_Tiles_1/CyberCity_CentralSecurity_Tiles_1/FortGate3_2.png,FortGate3_2.png,CyberCity_CentralSecurity_Tiles_1/CyberCity_CentralSecurity_Tiles_1,CyberCity_CentralSecurity_Tiles_1,FortGate3,wall_security_barrier,686,911,True,"[0, 0, 686, 911]",686,911,28.059,0.71941,0.753,False,False,False,B_WALL_SECURITY_BARRIER
CS_0542,res://assets/tilesets/cyber_city_core_tilesets/CyberCity_CentralSecurity_Tiles/CyberCity_CentralSecurity_Tiles_1/CyberCity_CentralSecurity_Tiles_1/FortGate3_3.png,FortGate3_3.png,CyberCity_CentralSecurity_Tiles_1/CyberCity_CentralSecurity_Tiles_1,CyberCity_CentralSecurity_Tiles_1,FortGate3,wall_security_barrier,938,459,True,"[0, 0, 938, 459]",938,459,15.684,0.84316,2.0436,False,False,False,B_WALL_SECURITY_BARRIER
CS_0543,res://assets/tilesets/cyber_city_core_tilesets/CyberCity_CentralSecurity_Tiles/CyberCity_CentralSecurity_Tiles_1/CyberCity_CentralSecurity_Tiles_1/FortGate3_4.png,FortGate3_4.png,CyberCity_CentralSecurity_Tiles_1/CyberCity_CentralSecurity_Tiles_1,CyberCity_CentralSecurity_Tiles_1,FortGate3,wall_security_barrier,767,913,True,"[0, 0, 767, 913]",767,913,27.364,0.72636,0.8401,False,False,False,B_WALL_SECURITY_BARRIER
CS_0544,res://assets/tilesets/cyber_city_core_tilesets/CyberCity_CentralSecurity_Tiles/CyberCity_CentralSecurity_Tiles_1/CyberCity_CentralSecurity_Tiles_1/FortGate3_5.png,FortGate3_5.png,CyberCity_CentralSecurity_Tiles_1/CyberCity_CentralSecurity_Tiles_1,CyberCity_CentralSecurity_Tiles_1,FortGate3,wall_security_barrier,1065,1032,True,"[0, 0, 1065, 1032]",1065,1032,47.519,0.52481,1.032,False,False,False,B_WALL_SECURITY_BARRIER
CS_0545,res://assets/tilesets/cyber_city_core_tilesets/CyberCity_CentralSecurity_Tiles/CyberCity_CentralSecurity_Tiles_1/CyberCity_CentralSecurity_Tiles_1/FortGate3_6.png,FortGate3_6.png,CyberCity_CentralSecurity_Tiles_1/CyberCity_CentralSecurity_Tiles_1,CyberCity_CentralSecurity_Tiles_1,FortGate3,wall_security_barrier,1143,1030,True,"[0, 0, 1143, 1030]",1143,1030,50.691,0.49309,1.1097,False,False,False,B_WALL_SECURITY_BARRIER
CS_0546,res://assets/tilesets/cyber_city_core_tilesets/CyberCity_CentralSecurity_Tiles/CyberCity_CentralSecurity_Tiles_1/CyberCity_CentralSecurity_Tiles_1/FortGate3_7.png,FortGate3_7.png,CyberCity_CentralSecurity_Tiles_1/CyberCity_CentralSecurity_Tiles_1,CyberCity_CentralSecurity_Tiles_1,FortGate3,wall_security_barrier,1067,771,True,"[0, 0, 1067, 771]",1067,771,50.539,0.49461,1.3839,False,False,False,B_WALL_SECURITY_BARRIER
CS_0547,res://assets/tilesets/cyber_city_core_tilesets/CyberCity_CentralSecurity_Tiles/CyberCity_CentralSecurity_Tiles_1/CyberCity_CentralSecurity_Tiles_1/FortGate3_8.png,FortGate3_8.png,CyberCity_CentralSecurity_Tiles_1/CyberCity_CentralSecurity_Tiles_1,CyberCity_CentralSecurity_Tiles_1,FortGate3,wall_security_barrier,1146,768,True,"[0, 0, 1146, 768]",1146,768,49.999,0.50001,1.4922,False,False,False,B_WALL_SECURITY_BARRIER
CS_0548,res://assets/tilesets/cyber_city_core_tilesets/CyberCity_CentralSecurity_Tiles/CyberCity_CentralSecurity_Tiles_1/CyberCity_CentralSecurity_Tiles_1/FortLampPost1_1.png,FortLampPost1_1.png,CyberCity_CentralSecurity_Tiles_1/CyberCity_CentralSecurity_Tiles_1,CyberCity_CentralSecurity_Tiles_1,FortLampPost1,"wall_security_barrier, prop_sign_tech",138,354,True,"[0, 0, 138, 354]",138,354,82.367,0.17633,0.3898,False,False,False,B_WALL_SECURITY_BARRIER
CS_0549,res://assets/tilesets/cyber_city_core_tilesets/CyberCity_CentralSecurity_Tiles/CyberCity_CentralSecurity_Tiles_1/CyberCity_CentralSecurity_Tiles_1/FortLampPost1_2.png,FortLampPost1_2.png,CyberCity_CentralSecurity_Tiles_1/CyberCity_CentralSecurity_Tiles_1,CyberCity_CentralSecurity_Tiles_1,FortLampPost1,"wall_security_barrier, prop_sign_tech",210,392,True,"[0, 0, 210, 392]",210,392,87.035,0.12965,0.5357,False,False,False,B_WALL_SECURITY_BARRIER
CS_0550,res://assets/tilesets/cyber_city_core_tilesets/CyberCity_CentralSecurity_Tiles/CyberCity_CentralSecurity_Tiles_1/CyberCity_CentralSecurity_Tiles_1/FortLampPost1_3.png,FortLampPost1_3.png,CyberCity_CentralSecurity_Tiles_1/CyberCity_CentralSecurity_Tiles_1,CyberCity_CentralSecurity_Tiles_1,FortLampPost1,"wall_security_barrier, prop_sign_tech",143,440,True,"[0, 0, 143, 440]",143,440,83.009,0.16991,0.325,False,False,False,B_WALL_SECURITY_BARRIER
CS_0551,res://assets/tilesets/cyber_city_core_tilesets/CyberCity_CentralSecurity_Tiles/CyberCity_CentralSecurity_Tiles_1/CyberCity_CentralSecurity_Tiles_1/FortLampPost1_4.png,FortLampPost1_4.png,CyberCity_CentralSecurity_Tiles_1/CyberCity_CentralSecurity_Tiles_1,CyberCity_CentralSecurity_Tiles_1,FortLampPost1,"wall_security_barrier, prop_sign_tech",192,396,True,"[0, 0, 192, 396]",192,396,86.325,0.13675,0.4848,False,False,False,B_WALL_SECURITY_BARRIER
CS_0552,res://assets/tilesets/cyber_city_core_tilesets/CyberCity_CentralSecurity_Tiles/CyberCity_CentralSecurity_Tiles_1/CyberCity_CentralSecurity_Tiles_1/FortLampPost1_5.png,FortLampPost1_5.png,CyberCity_CentralSecurity_Tiles_1/CyberCity_CentralSecurity_Tiles_1,CyberCity_CentralSecurity_Tiles_1,FortLampPost1,"wall_security_barrier, prop_sign_tech",187,357,True,"[0, 0, 187, 357]",187,357,85.214,0.14786,0.5238,False,False,False,B_WALL_SECURITY_BARRIER
CS_0553,res://assets/tilesets/cyber_city_core_tilesets/CyberCity_CentralSecurity_Tiles/CyberCity_CentralSecurity_Tiles_1/CyberCity_CentralSecurity_Tiles_1/FortLampPost1_6.png,FortLampPost1_6.png,CyberCity_CentralSecurity_Tiles_1/CyberCity_CentralSecurity_Tiles_1,CyberCity_CentralSecurity_Tiles_1,FortLampPost1,"wall_security_barrier, prop_sign_tech",172,357,True,"[0, 0, 172, 357]",172,357,84.69,0.1531,0.4818,False,False,False,B_WALL_SECURITY_BARRIER
CS_0554,res://assets/tilesets/cyber_city_core_tilesets/CyberCity_CentralSecurity_Tiles/CyberCity_CentralSecurity_Tiles_1/CyberCity_CentralSecurity_Tiles_1/FortLampPost1_7.png,FortLampPost1_7.png,CyberCity_CentralSecurity_Tiles_1/CyberCity_CentralSecurity_Tiles_1,CyberCity_CentralSecurity_Tiles_1,FortLampPost1,"wall_security_barrier, prop_sign_tech",190,426,True,"[0, 0, 190, 426]",190,426,86.518,0.13482,0.446,False,False,False,B_WALL_SECURITY_BARRIER
CS_0555,res://assets/tilesets/cyber_city_core_tilesets/CyberCity_CentralSecurity_Tiles/CyberCity_CentralSecurity_Tiles_1/CyberCity_CentralSecurity_Tiles_1/FortLampPost1_8.png,FortLampPost1_8.png,CyberCity_CentralSecurity_Tiles_1/CyberCity_CentralSecurity_Tiles_1,CyberCity_CentralSecurity_Tiles_1,FortLampPost1,"wall_security_barrier, prop_sign_tech",172,427,True,"[0, 0, 172, 427]",172,427,85.262,0.14738,0.4028,False,False,False,B_WALL_SECURITY_BARRIER
CS_0556,res://assets/tilesets/cyber_city_core_tilesets/CyberCity_CentralSecurity_Tiles/CyberCity_CentralSecurity_Tiles_1/CyberCity_CentralSecurity_Tiles_1/FortLampPost2_1.png,FortLampPost2_1.png,CyberCity_CentralSecurity_Tiles_1/CyberCity_CentralSecurity_Tiles_1,CyberCity_CentralSecurity_Tiles_1,FortLampPost2,"wall_security_barrier, prop_sign_tech",141,440,True,"[0, 0, 141, 440]",141,440,81.897,0.18103,0.3205,False,False,False,B_WALL_SECURITY_BARRIER
CS_0557,res://assets/tilesets/cyber_city_core_tilesets/CyberCity_CentralSecurity_Tiles/CyberCity_CentralSecurity_Tiles_1/CyberCity_CentralSecurity_Tiles_1/FortLampPost2_2.png,FortLampPost2_2.png,CyberCity_CentralSecurity_Tiles_1/CyberCity_CentralSecurity_Tiles_1,CyberCity_CentralSecurity_Tiles_1,FortLampPost2,"wall_security_barrier, prop_sign_tech",273,396,True,"[0, 0, 273, 396]",273,396,87.893,0.12107,0.6894,False,False,False,B_WALL_SECURITY_BARRIER
CS_0558,res://assets/tilesets/cyber_city_core_tilesets/CyberCity_CentralSecurity_Tiles/CyberCity_CentralSecurity_Tiles_1/CyberCity_CentralSecurity_Tiles_1/FortLampPost2_3.png,FortLampPost2_3.png,CyberCity_CentralSecurity_Tiles_1/CyberCity_CentralSecurity_Tiles_1,CyberCity_CentralSecurity_Tiles_1,FortLampPost2,"wall_security_barrier, prop_sign_tech",143,440,True,"[0, 0, 143, 440]",143,440,82.147,0.17853,0.325,False,False,False,B_WALL_SECURITY_BARRIER
CS_0559,res://assets/tilesets/cyber_city_core_tilesets/CyberCity_CentralSecurity_Tiles/CyberCity_CentralSecurity_Tiles_1/CyberCity_CentralSecurity_Tiles_1/FortLampPost2_4.png,FortLampPost2_4.png,CyberCity_CentralSecurity_Tiles_1/CyberCity_CentralSecurity_Tiles_1,CyberCity_CentralSecurity_Tiles_1,FortLampPost2,"wall_security_barrier, prop_sign_tech",272,396,True,"[0, 0, 272, 396]",272,396,87.845,0.12155,0.6869,False,False,False,B_WALL_SECURITY_BARRIER
CS_0560,res://assets/tilesets/cyber_city_core_tilesets/CyberCity_CentralSecurity_Tiles/CyberCity_CentralSecurity_Tiles_1/CyberCity_CentralSecurity_Tiles_1/FortLampPost2_5.png,FortLampPost2_5.png,CyberCity_CentralSecurity_Tiles_1/CyberCity_CentralSecurity_Tiles_1,CyberCity_CentralSecurity_Tiles_1,FortLampPost2,"wall_security_barrier, prop_sign_tech",232,427,True,"[0, 0, 232, 427]",232,427,87.266,0.12734,0.5433,False,False,False,B_WALL_SECURITY_BARRIER
CS_0561,res://assets/tilesets/cyber_city_core_tilesets/CyberCity_CentralSecurity_Tiles/CyberCity_CentralSecurity_Tiles_1/CyberCity_CentralSecurity_Tiles_1/FortLampPost2_6.png,FortLampPost2_6.png,CyberCity_CentralSecurity_Tiles_1/CyberCity_CentralSecurity_Tiles_1,CyberCity_CentralSecurity_Tiles_1,FortLampPost2,"wall_security_barrier, prop_sign_tech",232,426,True,"[0, 0, 232, 426]",232,426,87.662,0.12338,0.5446,False,False,False,B_WALL_SECURITY_BARRIER
CS_0562,res://assets/tilesets/cyber_city_core_tilesets/CyberCity_CentralSecurity_Tiles/CyberCity_CentralSecurity_Tiles_1/CyberCity_CentralSecurity_Tiles_1/FortLampPost2_7.png,FortLampPost2_7.png,CyberCity_CentralSecurity_Tiles_1/CyberCity_CentralSecurity_Tiles_1,CyberCity_CentralSecurity_Tiles_1,FortLampPost2,"wall_security_barrier, prop_sign_tech",233,426,True,"[0, 0, 233, 426]",233,426,87.73,0.1227,0.5469,False,False,False,B_WALL_SECURITY_BARRIER
CS_0563,res://assets/tilesets/cyber_city_core_tilesets/CyberCity_CentralSecurity_Tiles/CyberCity_CentralSecurity_Tiles_1/CyberCity_CentralSecurity_Tiles_1/FortLampPost2_8.png,FortLampPost2_8.png,CyberCity_CentralSecurity_Tiles_1/CyberCity_CentralSecurity_Tiles_1,CyberCity_CentralSecurity_Tiles_1,FortLampPost2,"wall_security_barrier, prop_sign_tech",232,427,True,"[0, 0, 232, 427]",232,427,87.213,0.12787,0.5433,False,False,False,B_WALL_SECURITY_BARRIER
CS_0564,res://assets/tilesets/cyber_city_core_tilesets/CyberCity_CentralSecurity_Tiles/CyberCity_CentralSecurity_Tiles_1/CyberCity_CentralSecurity_Tiles_1/FortPart1_1.png,FortPart1_1.png,CyberCity_CentralSecurity_Tiles_1/CyberCity_CentralSecurity_Tiles_1,CyberCity_CentralSecurity_Tiles_1,FortPart1,large_structure,982,911,True,"[0, 0, 982, 911]",982,911,20.458,0.79542,1.0779,False,False,False,C_LARGE_STRUCTURE
CS_0565,res://assets/tilesets/cyber_city_core_tilesets/CyberCity_CentralSecurity_Tiles/CyberCity_CentralSecurity_Tiles_1/CyberCity_CentralSecurity_Tiles_1/FortPart1_2.png,FortPart1_2.png,CyberCity_CentralSecurity_Tiles_1/CyberCity_CentralSecurity_Tiles_1,CyberCity_CentralSecurity_Tiles_1,FortPart1,large_structure,1003,880,True,"[0, 0, 1003, 880]",1003,880,19.225,0.80775,1.1398,False,False,False,C_LARGE_STRUCTURE
CS_0566,res://assets/tilesets/cyber_city_core_tilesets/CyberCity_CentralSecurity_Tiles/CyberCity_CentralSecurity_Tiles_1/CyberCity_CentralSecurity_Tiles_1/FortPart1_3.png,FortPart1_3.png,CyberCity_CentralSecurity_Tiles_1/CyberCity_CentralSecurity_Tiles_1,CyberCity_CentralSecurity_Tiles_1,FortPart1,large_structure,1002,914,True,"[0, 0, 1002, 914]",1002,914,23.134,0.76866,1.0963,False,False,False,C_LARGE_STRUCTURE
CS_0567,res://assets/tilesets/cyber_city_core_tilesets/CyberCity_CentralSecurity_Tiles/CyberCity_CentralSecurity_Tiles_1/CyberCity_CentralSecurity_Tiles_1/FortPart1_4.png,FortPart1_4.png,CyberCity_CentralSecurity_Tiles_1/CyberCity_CentralSecurity_Tiles_1,CyberCity_CentralSecurity_Tiles_1,FortPart1,large_structure,983,915,True,"[0, 0, 983, 915]",983,915,21.233,0.78767,1.0743,False,False,False,C_LARGE_STRUCTURE
CS_0568,res://assets/tilesets/cyber_city_core_tilesets/CyberCity_CentralSecurity_Tiles/CyberCity_CentralSecurity_Tiles_1/CyberCity_CentralSecurity_Tiles_1/FortPart1_5.png,FortPart1_5.png,CyberCity_CentralSecurity_Tiles_1/CyberCity_CentralSecurity_Tiles_1,CyberCity_CentralSecurity_Tiles_1,FortPart1,large_structure,1120,1083,True,"[0, 0, 1120, 1083]",1120,1083,39.775,0.60225,1.0342,False,False,False,C_LARGE_STRUCTURE
CS_0569,res://assets/tilesets/cyber_city_core_tilesets/CyberCity_CentralSecurity_Tiles/CyberCity_CentralSecurity_Tiles_1/CyberCity_CentralSecurity_Tiles_1/FortPart1_6.png,FortPart1_6.png,CyberCity_CentralSecurity_Tiles_1/CyberCity_CentralSecurity_Tiles_1,CyberCity_CentralSecurity_Tiles_1,FortPart1,large_structure,1232,998,True,"[0, 0, 1232, 998]",1232,998,39.785,0.60215,1.2345,False,True,False,C_LARGE_STRUCTURE
CS_0570,res://assets/tilesets/cyber_city_core_tilesets/CyberCity_CentralSecurity_Tiles/CyberCity_CentralSecurity_Tiles_1/CyberCity_CentralSecurity_Tiles_1/FortPart1_7.png,FortPart1_7.png,CyberCity_CentralSecurity_Tiles_1/CyberCity_CentralSecurity_Tiles_1,CyberCity_CentralSecurity_Tiles_1,FortPart1,large_structure,1264,1005,True,"[0, 0, 1264, 1005]",1264,1005,41.757,0.58243,1.2577,False,True,False,C_LARGE_STRUCTURE
CS_0571,res://assets/tilesets/cyber_city_core_tilesets/CyberCity_CentralSecurity_Tiles/CyberCity_CentralSecurity_Tiles_1/CyberCity_CentralSecurity_Tiles_1/FortPart1_8.png,FortPart1_8.png,CyberCity_CentralSecurity_Tiles_1/CyberCity_CentralSecurity_Tiles_1,CyberCity_CentralSecurity_Tiles_1,FortPart1,large_structure,1121,1090,True,"[0, 0, 1121, 1090]",1121,1090,41.159,0.58841,1.0284,False,False,False,C_LARGE_STRUCTURE
CS_0572,res://assets/tilesets/cyber_city_core_tilesets/CyberCity_CentralSecurity_Tiles/CyberCity_CentralSecurity_Tiles_1/CyberCity_CentralSecurity_Tiles_1/FortPart2_1.png,FortPart2_1.png,CyberCity_CentralSecurity_Tiles_1/CyberCity_CentralSecurity_Tiles_1,CyberCity_CentralSecurity_Tiles_1,FortPart2,large_structure,723,991,True,"[0, 0, 723, 991]",723,991,19.538,0.80462,0.7296,False,False,False,C_LARGE_STRUCTURE
CS_0573,res://assets/tilesets/cyber_city_core_tilesets/CyberCity_CentralSecurity_Tiles/CyberCity_CentralSecurity_Tiles_1/CyberCity_CentralSecurity_Tiles_1/FortPart2_2.png,FortPart2_2.png,CyberCity_CentralSecurity_Tiles_1/CyberCity_CentralSecurity_Tiles_1,CyberCity_CentralSecurity_Tiles_1,FortPart2,large_structure,1100,706,True,"[0, 0, 1100, 706]",1100,706,19.753,0.80247,1.5581,False,False,False,C_LARGE_STRUCTURE
CS_0574,res://assets/tilesets/cyber_city_core_tilesets/CyberCity_CentralSecurity_Tiles/CyberCity_CentralSecurity_Tiles_1/CyberCity_CentralSecurity_Tiles_1/FortPart2_3.png,FortPart2_3.png,CyberCity_CentralSecurity_Tiles_1/CyberCity_CentralSecurity_Tiles_1,CyberCity_CentralSecurity_Tiles_1,FortPart2,large_structure,723,956,True,"[0, 0, 723, 956]",723,956,17.019,0.82981,0.7563,False,False,False,C_LARGE_STRUCTURE
CS_0575,res://assets/tilesets/cyber_city_core_tilesets/CyberCity_CentralSecurity_Tiles/CyberCity_CentralSecurity_Tiles_1/CyberCity_CentralSecurity_Tiles_1/FortPart2_4.png,FortPart2_4.png,CyberCity_CentralSecurity_Tiles_1/CyberCity_CentralSecurity_Tiles_1,CyberCity_CentralSecurity_Tiles_1,FortPart2,large_structure,1104,728,True,"[0, 0, 1104, 728]",1104,728,21.671,0.78329,1.5165,False,False,False,C_LARGE_STRUCTURE
CS_0576,res://assets/tilesets/cyber_city_core_tilesets/CyberCity_CentralSecurity_Tiles/CyberCity_CentralSecurity_Tiles_1/CyberCity_CentralSecurity_Tiles_1/FortPart2_5.png,FortPart2_5.png,CyberCity_CentralSecurity_Tiles_1/CyberCity_CentralSecurity_Tiles_1,CyberCity_CentralSecurity_Tiles_1,FortPart2,large_structure,1057,953,True,"[0, 0, 1057, 953]",1057,953,38.564,0.61436,1.1091,False,False,False,C_LARGE_STRUCTURE
CS_0577,res://assets/tilesets/cyber_city_core_tilesets/CyberCity_CentralSecurity_Tiles/CyberCity_CentralSecurity_Tiles_1/CyberCity_CentralSecurity_Tiles_1/FortPart2_6.png,FortPart2_6.png,CyberCity_CentralSecurity_Tiles_1/CyberCity_CentralSecurity_Tiles_1,CyberCity_CentralSecurity_Tiles_1,FortPart2,large_structure,1058,954,True,"[0, 0, 1058, 954]",1058,954,38.843,0.61157,1.109,False,False,False,C_LARGE_STRUCTURE
CS_0578,res://assets/tilesets/cyber_city_core_tilesets/CyberCity_CentralSecurity_Tiles/CyberCity_CentralSecurity_Tiles_1/CyberCity_CentralSecurity_Tiles_1/FortPart2_7.png,FortPart2_7.png,CyberCity_CentralSecurity_Tiles_1/CyberCity_CentralSecurity_Tiles_1,CyberCity_CentralSecurity_Tiles_1,FortPart2,large_structure,1064,954,True,"[0, 0, 1064, 954]",1064,954,39.304,0.60696,1.1153,False,False,False,C_LARGE_STRUCTURE
CS_0579,res://assets/tilesets/cyber_city_core_tilesets/CyberCity_CentralSecurity_Tiles/CyberCity_CentralSecurity_Tiles_1/CyberCity_CentralSecurity_Tiles_1/FortPart2_8.png,FortPart2_8.png,CyberCity_CentralSecurity_Tiles_1/CyberCity_CentralSecurity_Tiles_1,CyberCity_CentralSecurity_Tiles_1,FortPart2,large_structure,1063,954,True,"[0, 0, 1063, 954]",1063,954,39.384,0.60616,1.1143,False,False,False,C_LARGE_STRUCTURE
CS_0580,res://assets/tilesets/cyber_city_core_tilesets/CyberCity_CentralSecurity_Tiles/CyberCity_CentralSecurity_Tiles_1/CyberCity_CentralSecurity_Tiles_1/FortProjector1_1.png,FortProjector1_1.png,CyberCity_CentralSecurity_Tiles_1/CyberCity_CentralSecurity_Tiles_1,CyberCity_CentralSecurity_Tiles_1,FortProjector1,review_unknown_visually_promising,149,165,True,"[0, 0, 149, 165]",149,165,42.742,0.57258,0.903,False,False,False,E_REVIEW_UNKNOWN
CS_0581,res://assets/tilesets/cyber_city_core_tilesets/CyberCity_CentralSecurity_Tiles/CyberCity_CentralSecurity_Tiles_1/CyberCity_CentralSecurity_Tiles_1/FortProjector1_2.png,FortProjector1_2.png,CyberCity_CentralSecurity_Tiles_1/CyberCity_CentralSecurity_Tiles_1,CyberCity_CentralSecurity_Tiles_1,FortProjector1,review_unknown_visually_promising,106,169,True,"[0, 0, 106, 169]",106,169,38.769,0.61231,0.6272,False,False,False,E_REVIEW_UNKNOWN
CS_0582,res://assets/tilesets/cyber_city_core_tilesets/CyberCity_CentralSecurity_Tiles/CyberCity_CentralSecurity_Tiles_1/CyberCity_CentralSecurity_Tiles_1/FortProjector1_3.png,FortProjector1_3.png,CyberCity_CentralSecurity_Tiles_1/CyberCity_CentralSecurity_Tiles_1,CyberCity_CentralSecurity_Tiles_1,FortProjector1,review_unknown_visually_promising,177,177,True,"[0, 0, 177, 177]",177,177,49.283,0.50717,1.0,False,False,False,E_REVIEW_UNKNOWN
CS_0583,res://assets/tilesets/cyber_city_core_tilesets/CyberCity_CentralSecurity_Tiles/CyberCity_CentralSecurity_Tiles_1/CyberCity_CentralSecurity_Tiles_1/FortProjector1_4.png,FortProjector1_4.png,CyberCity_CentralSecurity_Tiles_1/CyberCity_CentralSecurity_Tiles_1,CyberCity_CentralSecurity_Tiles_1,FortProjector1,review_unknown_visually_promising,93,214,True,"[0, 0, 93, 214]",93,214,33.042,0.66958,0.4346,False,False,False,E_REVIEW_UNKNOWN
CS_0584,res://assets/tilesets/cyber_city_core_tilesets/CyberCity_CentralSecurity_Tiles/CyberCity_CentralSecurity_Tiles_1/CyberCity_CentralSecurity_Tiles_1/FortProjector1_5.png,FortProjector1_5.png,CyberCity_CentralSecurity_Tiles_1/CyberCity_CentralSecurity_Tiles_1,CyberCity_CentralSecurity_Tiles_1,FortProjector1,review_unknown_visually_promising,150,178,True,"[0, 0, 150, 178]",150,178,51.543,0.48457,0.8427,False,False,False,E_REVIEW_UNKNOWN
CS_0585,res://assets/tilesets/cyber_city_core_tilesets/CyberCity_CentralSecurity_Tiles/CyberCity_CentralSecurity_Tiles_1/CyberCity_CentralSecurity_Tiles_1/FortProjector1_6.png,FortProjector1_6.png,CyberCity_CentralSecurity_Tiles_1/CyberCity_CentralSecurity_Tiles_1,CyberCity_CentralSecurity_Tiles_1,FortProjector1,review_unknown_visually_promising,142,203,True,"[0, 0, 142, 203]",142,203,50.191,0.49809,0.6995,False,False,False,E_REVIEW_UNKNOWN
CS_0586,res://assets/tilesets/cyber_city_core_tilesets/CyberCity_CentralSecurity_Tiles/CyberCity_CentralSecurity_Tiles_1/CyberCity_CentralSecurity_Tiles_1/FortProjector1_7.png,FortProjector1_7.png,CyberCity_CentralSecurity_Tiles_1/CyberCity_CentralSecurity_Tiles_1,CyberCity_CentralSecurity_Tiles_1,FortProjector1,review_unknown_visually_promising,162,187,True,"[0, 0, 162, 187]",162,187,52.525,0.47475,0.8663,False,False,False,E_REVIEW_UNKNOWN
CS_0587,res://assets/tilesets/cyber_city_core_tilesets/CyberCity_CentralSecurity_Tiles/CyberCity_CentralSecurity_Tiles_1/CyberCity_CentralSecurity_Tiles_1/FortProjector1_8.png,FortProjector1_8.png,CyberCity_CentralSecurity_Tiles_1/CyberCity_CentralSecurity_Tiles_1,CyberCity_CentralSecurity_Tiles_1,FortProjector1,review_unknown_visually_promising,153,210,True,"[0, 0, 153, 210]",153,210,51.839,0.48161,0.7286,False,False,False,E_REVIEW_UNKNOWN
CS_0588,res://assets/tilesets/cyber_city_core_tilesets/CyberCity_CentralSecurity_Tiles/CyberCity_CentralSecurity_Tiles_1/CyberCity_CentralSecurity_Tiles_1/FortWall1_1.png,FortWall1_1.png,CyberCity_CentralSecurity_Tiles_1/CyberCity_CentralSecurity_Tiles_1,CyberCity_CentralSecurity_Tiles_1,FortWall1,wall_security_barrier,947,488,True,"[0, 0, 947, 488]",947,488,13.934,0.86066,1.9406,False,False,False,B_WALL_SECURITY_BARRIER
CS_0589,res://assets/tilesets/cyber_city_core_tilesets/CyberCity_CentralSecurity_Tiles/CyberCity_CentralSecurity_Tiles_1/CyberCity_CentralSecurity_Tiles_1/FortWall1_2.png,FortWall1_2.png,CyberCity_CentralSecurity_Tiles_1/CyberCity_CentralSecurity_Tiles_1,CyberCity_CentralSecurity_Tiles_1,FortWall1,wall_security_barrier,294,908,True,"[0, 0, 294, 908]",294,908,22.664,0.77336,0.3238,False,False,False,B_WALL_SECURITY_BARRIER
CS_0590,res://assets/tilesets/cyber_city_core_tilesets/CyberCity_CentralSecurity_Tiles/CyberCity_CentralSecurity_Tiles_1/CyberCity_CentralSecurity_Tiles_1/FortWall1_3.png,FortWall1_3.png,CyberCity_CentralSecurity_Tiles_1/CyberCity_CentralSecurity_Tiles_1,CyberCity_CentralSecurity_Tiles_1,FortWall1,wall_security_barrier,958,405,True,"[0, 0, 958, 405]",958,405,16.456,0.83544,2.3654,False,False,False,B_WALL_SECURITY_BARRIER
CS_0591,res://assets/tilesets/cyber_city_core_tilesets/CyberCity_CentralSecurity_Tiles/CyberCity_CentralSecurity_Tiles_1/CyberCity_CentralSecurity_Tiles_1/FortWall1_4.png,FortWall1_4.png,CyberCity_CentralSecurity_Tiles_1/CyberCity_CentralSecurity_Tiles_1,CyberCity_CentralSecurity_Tiles_1,FortWall1,wall_security_barrier,375,927,True,"[0, 0, 375, 927]",375,927,25.042,0.74958,0.4045,False,False,False,B_WALL_SECURITY_BARRIER
CS_0592,res://assets/tilesets/cyber_city_core_tilesets/CyberCity_CentralSecurity_Tiles/CyberCity_CentralSecurity_Tiles_1/CyberCity_CentralSecurity_Tiles_1/FortWall1_5.png,FortWall1_5.png,CyberCity_CentralSecurity_Tiles_1/CyberCity_CentralSecurity_Tiles_1,CyberCity_CentralSecurity_Tiles_1,FortWall1,wall_security_barrier,809,832,True,"[0, 0, 809, 832]",809,832,47.406,0.52594,0.9724,False,False,False,B_WALL_SECURITY_BARRIER
CS_0593,res://assets/tilesets/cyber_city_core_tilesets/CyberCity_CentralSecurity_Tiles/CyberCity_CentralSecurity_Tiles_1/CyberCity_CentralSecurity_Tiles_1/FortWall1_6.png,FortWall1_6.png,CyberCity_CentralSecurity_Tiles_1/CyberCity_CentralSecurity_Tiles_1,CyberCity_CentralSecurity_Tiles_1,FortWall1,wall_security_barrier,858,848,True,"[0, 0, 858, 848]",858,848,50.855,0.49145,1.0118,False,False,False,B_WALL_SECURITY_BARRIER
CS_0594,res://assets/tilesets/cyber_city_core_tilesets/CyberCity_CentralSecurity_Tiles/CyberCity_CentralSecurity_Tiles_1/CyberCity_CentralSecurity_Tiles_1/FortWall1_7.png,FortWall1_7.png,CyberCity_CentralSecurity_Tiles_1/CyberCity_CentralSecurity_Tiles_1,CyberCity_CentralSecurity_Tiles_1,FortWall1,wall_security_barrier,794,768,True,"[0, 0, 794, 768]",794,768,57.209,0.42791,1.0339,False,False,False,B_WALL_SECURITY_BARRIER
CS_0595,res://assets/tilesets/cyber_city_core_tilesets/CyberCity_CentralSecurity_Tiles/CyberCity_CentralSecurity_Tiles_1/CyberCity_CentralSecurity_Tiles_1/FortWall1_8.png,FortWall1_8.png,CyberCity_CentralSecurity_Tiles_1/CyberCity_CentralSecurity_Tiles_1,CyberCity_CentralSecurity_Tiles_1,FortWall1,wall_security_barrier,883,769,True,"[0, 0, 883, 769]",883,769,57.473,0.42527,1.1482,False,False,False,B_WALL_SECURITY_BARRIER
CS_0596,res://assets/tilesets/cyber_city_core_tilesets/CyberCity_CentralSecurity_Tiles/CyberCity_CentralSecurity_Tiles_1/CyberCity_CentralSecurity_Tiles_1/FortWall2_1.png,FortWall2_1.png,CyberCity_CentralSecurity_Tiles_1/CyberCity_CentralSecurity_Tiles_1,CyberCity_CentralSecurity_Tiles_1,FortWall2,wall_security_barrier,549,637,True,"[0, 0, 549, 637]",549,637,34.963,0.65037,0.8619,False,False,False,B_WALL_SECURITY_BARRIER
CS_0597,res://assets/tilesets/cyber_city_core_tilesets/CyberCity_CentralSecurity_Tiles/CyberCity_CentralSecurity_Tiles_1/CyberCity_CentralSecurity_Tiles_1/FortWall2_2.png,FortWall2_2.png,CyberCity_CentralSecurity_Tiles_1/CyberCity_CentralSecurity_Tiles_1,CyberCity_CentralSecurity_Tiles_1,FortWall2,wall_security_barrier,480,638,True,"[0, 0, 480, 638]",480,638,30.696,0.69304,0.7524,False,False,False,B_WALL_SECURITY_BARRIER
CS_0598,res://assets/tilesets/cyber_city_core_tilesets/CyberCity_CentralSecurity_Tiles/CyberCity_CentralSecurity_Tiles_1/CyberCity_CentralSecurity_Tiles_1/FortWall2_3.png,FortWall2_3.png,CyberCity_CentralSecurity_Tiles_1/CyberCity_CentralSecurity_Tiles_1,CyberCity_CentralSecurity_Tiles_1,FortWall2,wall_security_barrier,485,565,True,"[0, 0, 485, 565]",485,565,30.541,0.69459,0.8584,False,False,False,B_WALL_SECURITY_BARRIER
CS_0599,res://assets/tilesets/cyber_city_core_tilesets/CyberCity_CentralSecurity_Tiles/CyberCity_CentralSecurity_Tiles_1/CyberCity_CentralSecurity_Tiles_1/FortWall2_4.png,FortWall2_4.png,CyberCity_CentralSecurity_Tiles_1/CyberCity_CentralSecurity_Tiles_1,CyberCity_CentralSecurity_Tiles_1,FortWall2,wall_security_barrier,547,566,True,"[0, 0, 547, 566]",547,566,35.367,0.64633,0.9664,False,False,False,B_WALL_SECURITY_BARRIER
CS_0600,res://assets/tilesets/cyber_city_core_tilesets/CyberCity_CentralSecurity_Tiles/CyberCity_CentralSecurity_Tiles_1/CyberCity_CentralSecurity_Tiles_1/FortWall2_5.png,FortWall2_5.png,CyberCity_CentralSecurity_Tiles_1/CyberCity_CentralSecurity_Tiles_1,CyberCity_CentralSecurity_Tiles_1,FortWall2,wall_security_barrier,634,541,True,"[0, 0, 634, 541]",634,541,26.105,0.73895,1.1719,False,False,False,B_WALL_SECURITY_BARRIER
CS_0601,res://assets/tilesets/cyber_city_core_tilesets/CyberCity_CentralSecurity_Tiles/CyberCity_CentralSecurity_Tiles_1/CyberCity_CentralSecurity_Tiles_1/FortWall2_6.png,FortWall2_6.png,CyberCity_CentralSecurity_Tiles_1/CyberCity_CentralSecurity_Tiles_1,CyberCity_CentralSecurity_Tiles_1,FortWall2,wall_security_barrier,516,694,True,"[0, 0, 516, 694]",516,694,44.427,0.55573,0.7435,False,False,False,B_WALL_SECURITY_BARRIER
CS_0602,res://assets/tilesets/cyber_city_core_tilesets/CyberCity_CentralSecurity_Tiles/CyberCity_CentralSecurity_Tiles_1/CyberCity_CentralSecurity_Tiles_1/FortWall2_7.png,FortWall2_7.png,CyberCity_CentralSecurity_Tiles_1/CyberCity_CentralSecurity_Tiles_1,CyberCity_CentralSecurity_Tiles_1,FortWall2,wall_security_barrier,509,693,True,"[0, 0, 509, 693]",509,693,47.702,0.52298,0.7345,False,False,False,B_WALL_SECURITY_BARRIER
CS_0603,res://assets/tilesets/cyber_city_core_tilesets/CyberCity_CentralSecurity_Tiles/CyberCity_CentralSecurity_Tiles_1/CyberCity_CentralSecurity_Tiles_1/FortWall2_8.png,FortWall2_8.png,CyberCity_CentralSecurity_Tiles_1/CyberCity_CentralSecurity_Tiles_1,CyberCity_CentralSecurity_Tiles_1,FortWall2,wall_security_barrier,633,589,True,"[0, 0, 633, 589]",633,589,41.844,0.58156,1.0747,False,False,False,B_WALL_SECURITY_BARRIER
CS_0604,res://assets/tilesets/cyber_city_core_tilesets/CyberCity_CentralSecurity_Tiles/CyberCity_CentralSecurity_Tiles_1/CyberCity_CentralSecurity_Tiles_1/FortWall3_1.png,FortWall3_1.png,CyberCity_CentralSecurity_Tiles_1/CyberCity_CentralSecurity_Tiles_1,CyberCity_CentralSecurity_Tiles_1,FortWall3,wall_security_barrier,672,684,True,"[0, 0, 672, 684]",672,684,35.721,0.64279,0.9825,False,False,False,B_WALL_SECURITY_BARRIER
CS_0605,res://assets/tilesets/cyber_city_core_tilesets/CyberCity_CentralSecurity_Tiles/CyberCity_CentralSecurity_Tiles_1/CyberCity_CentralSecurity_Tiles_1/FortWall3_2.png,FortWall3_2.png,CyberCity_CentralSecurity_Tiles_1/CyberCity_CentralSecurity_Tiles_1,CyberCity_CentralSecurity_Tiles_1,FortWall3,wall_security_barrier,664,695,True,"[0, 0, 664, 695]",664,695,50.339,0.49661,0.9554,False,False,False,B_WALL_SECURITY_BARRIER
CS_0606,res://assets/tilesets/cyber_city_core_tilesets/CyberCity_CentralSecurity_Tiles/CyberCity_CentralSecurity_Tiles_1/CyberCity_CentralSecurity_Tiles_1/FortWall3_3.png,FortWall3_3.png,CyberCity_CentralSecurity_Tiles_1/CyberCity_CentralSecurity_Tiles_1,CyberCity_CentralSecurity_Tiles_1,FortWall3,wall_security_barrier,658,690,True,"[0, 0, 658, 690]",658,690,44.23,0.5577,0.9536,False,False,False,B_WALL_SECURITY_BARRIER
CS_0607,res://assets/tilesets/cyber_city_core_tilesets/CyberCity_CentralSecurity_Tiles/CyberCity_CentralSecurity_Tiles_1/CyberCity_CentralSecurity_Tiles_1/FortWall3_4.png,FortWall3_4.png,CyberCity_CentralSecurity_Tiles_1/CyberCity_CentralSecurity_Tiles_1,CyberCity_CentralSecurity_Tiles_1,FortWall3,wall_security_barrier,652,690,True,"[0, 0, 652, 690]",652,690,31.461,0.68539,0.9449,False,False,False,B_WALL_SECURITY_BARRIER
CS_0608,res://assets/tilesets/cyber_city_core_tilesets/CyberCity_CentralSecurity_Tiles/CyberCity_CentralSecurity_Tiles_1/CyberCity_CentralSecurity_Tiles_1/FortWall3_5.png,FortWall3_5.png,CyberCity_CentralSecurity_Tiles_1/CyberCity_CentralSecurity_Tiles_1,CyberCity_CentralSecurity_Tiles_1,FortWall3,wall_security_barrier,421,806,True,"[0, 0, 421, 806]",421,806,33.369,0.66631,0.5223,False,False,False,B_WALL_SECURITY_BARRIER
CS_0609,res://assets/tilesets/cyber_city_core_tilesets/CyberCity_CentralSecurity_Tiles/CyberCity_CentralSecurity_Tiles_1/CyberCity_CentralSecurity_Tiles_1/FortWall3_6.png,FortWall3_6.png,CyberCity_CentralSecurity_Tiles_1/CyberCity_CentralSecurity_Tiles_1,CyberCity_CentralSecurity_Tiles_1,FortWall3,wall_security_barrier,878,564,True,"[0, 0, 878, 564]",878,564,30.351,0.69649,1.5567,False,False,False,B_WALL_SECURITY_BARRIER
CS_0610,res://assets/tilesets/cyber_city_core_tilesets/CyberCity_CentralSecurity_Tiles/CyberCity_CentralSecurity_Tiles_1/CyberCity_CentralSecurity_Tiles_1/FortWall3_7.png,FortWall3_7.png,CyberCity_CentralSecurity_Tiles_1/CyberCity_CentralSecurity_Tiles_1,CyberCity_CentralSecurity_Tiles_1,FortWall3,wall_security_barrier,877,509,True,"[0, 0, 877, 509]",877,509,37.697,0.62303,1.723,False,False,False,B_WALL_SECURITY_BARRIER
CS_0611,res://assets/tilesets/cyber_city_core_tilesets/CyberCity_CentralSecurity_Tiles/CyberCity_CentralSecurity_Tiles_1/CyberCity_CentralSecurity_Tiles_1/FortWall3_8.png,FortWall3_8.png,CyberCity_CentralSecurity_Tiles_1/CyberCity_CentralSecurity_Tiles_1,CyberCity_CentralSecurity_Tiles_1,FortWall3,wall_security_barrier,482,804,True,"[0, 0, 482, 804]",482,804,33.051,0.66949,0.5995,False,False,False,B_WALL_SECURITY_BARRIER
CS_0612,res://assets/tilesets/cyber_city_core_tilesets/CyberCity_CentralSecurity_Tiles/CyberCity_CentralSecurity_Tiles_1/CyberCity_CentralSecurity_Tiles_1/FortWatchTower1_1.png,FortWatchTower1_1.png,CyberCity_CentralSecurity_Tiles_1/CyberCity_CentralSecurity_Tiles_1,CyberCity_CentralSecurity_Tiles_1,FortWatchTower1,large_structure,513,802,True,"[0, 0, 513, 802]",513,802,61.333,0.38667,0.6397,False,False,False,C_LARGE_STRUCTURE
CS_0613,res://assets/tilesets/cyber_city_core_tilesets/CyberCity_CentralSecurity_Tiles/CyberCity_CentralSecurity_Tiles_1/CyberCity_CentralSecurity_Tiles_1/FortWatchTower1_2.png,FortWatchTower1_2.png,CyberCity_CentralSecurity_Tiles_1/CyberCity_CentralSecurity_Tiles_1,CyberCity_CentralSecurity_Tiles_1,FortWatchTower1,large_structure,468,797,True,"[0, 0, 468, 797]",468,797,56.332,0.43668,0.5872,False,False,False,C_LARGE_STRUCTURE
CS_0614,res://assets/tilesets/cyber_city_core_tilesets/CyberCity_CentralSecurity_Tiles/CyberCity_CentralSecurity_Tiles_1/CyberCity_CentralSecurity_Tiles_1/FortWatchTower1_3.png,FortWatchTower1_3.png,CyberCity_CentralSecurity_Tiles_1/CyberCity_CentralSecurity_Tiles_1,CyberCity_CentralSecurity_Tiles_1,FortWatchTower1,large_structure,513,839,True,"[0, 0, 513, 839]",513,839,60.805,0.39195,0.6114,False,False,False,C_LARGE_STRUCTURE
CS_0615,res://assets/tilesets/cyber_city_core_tilesets/CyberCity_CentralSecurity_Tiles/CyberCity_CentralSecurity_Tiles_1/CyberCity_CentralSecurity_Tiles_1/FortWatchTower1_4.png,FortWatchTower1_4.png,CyberCity_CentralSecurity_Tiles_1/CyberCity_CentralSecurity_Tiles_1,CyberCity_CentralSecurity_Tiles_1,FortWatchTower1,large_structure,463,795,True,"[0, 0, 463, 795]",463,795,53.454,0.46546,0.5824,False,False,False,C_LARGE_STRUCTURE
CS_0616,res://assets/tilesets/cyber_city_core_tilesets/CyberCity_CentralSecurity_Tiles/CyberCity_CentralSecurity_Tiles_1/CyberCity_CentralSecurity_Tiles_1/FortWatchTower1_5.png,FortWatchTower1_5.png,CyberCity_CentralSecurity_Tiles_1/CyberCity_CentralSecurity_Tiles_1,CyberCity_CentralSecurity_Tiles_1,FortWatchTower1,large_structure,479,824,True,"[0, 0, 479, 824]",479,824,55.536,0.44464,0.5813,False,False,False,C_LARGE_STRUCTURE
CS_0617,res://assets/tilesets/cyber_city_core_tilesets/CyberCity_CentralSecurity_Tiles/CyberCity_CentralSecurity_Tiles_1/CyberCity_CentralSecurity_Tiles_1/FortWatchTower1_6.png,FortWatchTower1_6.png,CyberCity_CentralSecurity_Tiles_1/CyberCity_CentralSecurity_Tiles_1,CyberCity_CentralSecurity_Tiles_1,FortWatchTower1,large_structure,449,824,True,"[0, 0, 449, 824]",449,824,52.43,0.4757,0.5449,False,False,False,C_LARGE_STRUCTURE
CS_0618,res://assets/tilesets/cyber_city_core_tilesets/CyberCity_CentralSecurity_Tiles/CyberCity_CentralSecurity_Tiles_1/CyberCity_CentralSecurity_Tiles_1/FortWatchTower1_7.png,FortWatchTower1_7.png,CyberCity_CentralSecurity_Tiles_1/CyberCity_CentralSecurity_Tiles_1,CyberCity_CentralSecurity_Tiles_1,FortWatchTower1,large_structure,479,828,True,"[0, 0, 479, 828]",479,828,54.174,0.45826,0.5785,False,False,False,C_LARGE_STRUCTURE
CS_0619,res://assets/tilesets/cyber_city_core_tilesets/CyberCity_CentralSecurity_Tiles/CyberCity_CentralSecurity_Tiles_1/CyberCity_CentralSecurity_Tiles_1/FortWatchTower1_8.png,FortWatchTower1_8.png,CyberCity_CentralSecurity_Tiles_1/CyberCity_CentralSecurity_Tiles_1,CyberCity_CentralSecurity_Tiles_1,FortWatchTower1,large_structure,449,825,True,"[0, 0, 449, 825]",449,825,49.442,0.50558,0.5442,False,False,False,C_LARGE_STRUCTURE
CS_0620,res://assets/tilesets/cyber_city_core_tilesets/CyberCity_CentralSecurity_Tiles/CyberCity_CentralSecurity_Tiles_1/CyberCity_CentralSecurity_Tiles_1/Garbage1_1.png,Garbage1_1.png,CyberCity_CentralSecurity_Tiles_1/CyberCity_CentralSecurity_Tiles_1,CyberCity_CentralSecurity_Tiles_1,Garbage1,review_unknown_visually_promising,50,50,True,"[0, 0, 50, 50]",50,50,40.64,0.5936,1.0,False,False,False,E_REVIEW_UNKNOWN
CS_0621,res://assets/tilesets/cyber_city_core_tilesets/CyberCity_CentralSecurity_Tiles/CyberCity_CentralSecurity_Tiles_1/CyberCity_CentralSecurity_Tiles_1/Garbage1_2.png,Garbage1_2.png,CyberCity_CentralSecurity_Tiles_1/CyberCity_CentralSecurity_Tiles_1,CyberCity_CentralSecurity_Tiles_1,Garbage1,review_unknown_visually_promising,43,51,True,"[0, 0, 43, 51]",43,51,28.728,0.71272,0.8431,False,False,False,E_REVIEW_UNKNOWN
CS_0622,res://assets/tilesets/cyber_city_core_tilesets/CyberCity_CentralSecurity_Tiles/CyberCity_CentralSecurity_Tiles_1/CyberCity_CentralSecurity_Tiles_1/Garbage1_3.png,Garbage1_3.png,CyberCity_CentralSecurity_Tiles_1/CyberCity_CentralSecurity_Tiles_1,CyberCity_CentralSecurity_Tiles_1,Garbage1,review_unknown_visually_promising,48,48,True,"[0, 0, 48, 48]",48,48,32.682,0.67318,1.0,False,False,False,E_REVIEW_UNKNOWN
CS_0623,res://assets/tilesets/cyber_city_core_tilesets/CyberCity_CentralSecurity_Tiles/CyberCity_CentralSecurity_Tiles_1/CyberCity_CentralSecurity_Tiles_1/Garbage1_4.png,Garbage1_4.png,CyberCity_CentralSecurity_Tiles_1/CyberCity_CentralSecurity_Tiles_1,CyberCity_CentralSecurity_Tiles_1,Garbage1,review_unknown_visually_promising,42,45,True,"[0, 0, 42, 45]",42,45,25.185,0.74815,0.9333,False,False,False,E_REVIEW_UNKNOWN
CS_0624,res://assets/tilesets/cyber_city_core_tilesets/CyberCity_CentralSecurity_Tiles/CyberCity_CentralSecurity_Tiles_1/CyberCity_CentralSecurity_Tiles_1/Garbage1_5.png,Garbage1_5.png,CyberCity_CentralSecurity_Tiles_1/CyberCity_CentralSecurity_Tiles_1,CyberCity_CentralSecurity_Tiles_1,Garbage1,review_unknown_visually_promising,51,44,True,"[0, 0, 51, 44]",51,44,31.328,0.68672,1.1591,False,False,False,E_REVIEW_UNKNOWN
CS_0625,res://assets/tilesets/cyber_city_core_tilesets/CyberCity_CentralSecurity_Tiles/CyberCity_CentralSecurity_Tiles_1/CyberCity_CentralSecurity_Tiles_1/Garbage1_6.png,Garbage1_6.png,CyberCity_CentralSecurity_Tiles_1/CyberCity_CentralSecurity_Tiles_1,CyberCity_CentralSecurity_Tiles_1,Garbage1,review_unknown_visually_promising,46,43,True,"[0, 0, 46, 43]",46,43,27.958,0.72042,1.0698,False,False,False,E_REVIEW_UNKNOWN
CS_0626,res://assets/tilesets/cyber_city_core_tilesets/CyberCity_CentralSecurity_Tiles/CyberCity_CentralSecurity_Tiles_1/CyberCity_CentralSecurity_Tiles_1/Garbage1_7.png,Garbage1_7.png,CyberCity_CentralSecurity_Tiles_1/CyberCity_CentralSecurity_Tiles_1,CyberCity_CentralSecurity_Tiles_1,Garbage1,review_unknown_visually_promising,46,52,True,"[0, 0, 46, 52]",46,52,32.943,0.67057,0.8846,False,False,False,E_REVIEW_UNKNOWN
CS_0627,res://assets/tilesets/cyber_city_core_tilesets/CyberCity_CentralSecurity_Tiles/CyberCity_CentralSecurity_Tiles_1/CyberCity_CentralSecurity_Tiles_1/Garbage1_8.png,Garbage1_8.png,CyberCity_CentralSecurity_Tiles_1/CyberCity_CentralSecurity_Tiles_1,CyberCity_CentralSecurity_Tiles_1,Garbage1,review_unknown_visually_promising,48,46,True,"[0, 0, 48, 46]",48,46,34.375,0.65625,1.0435,False,False,False,E_REVIEW_UNKNOWN
CS_0628,res://assets/tilesets/cyber_city_core_tilesets/CyberCity_CentralSecurity_Tiles/CyberCity_CentralSecurity_Tiles_1/CyberCity_CentralSecurity_Tiles_1/Garbage2_1.png,Garbage2_1.png,CyberCity_CentralSecurity_Tiles_1/CyberCity_CentralSecurity_Tiles_1,CyberCity_CentralSecurity_Tiles_1,Garbage2,review_unknown_visually_promising,76,56,True,"[0, 0, 76, 56]",76,56,35.761,0.64239,1.3571,False,False,False,E_REVIEW_UNKNOWN
CS_0629,res://assets/tilesets/cyber_city_core_tilesets/CyberCity_CentralSecurity_Tiles/CyberCity_CentralSecurity_Tiles_1/CyberCity_CentralSecurity_Tiles_1/Garbage2_2.png,Garbage2_2.png,CyberCity_CentralSecurity_Tiles_1/CyberCity_CentralSecurity_Tiles_1,CyberCity_CentralSecurity_Tiles_1,Garbage2,review_unknown_visually_promising,68,68,True,"[0, 0, 68, 68]",68,68,39.749,0.60251,1.0,False,False,False,E_REVIEW_UNKNOWN
CS_0630,res://assets/tilesets/cyber_city_core_tilesets/CyberCity_CentralSecurity_Tiles/CyberCity_CentralSecurity_Tiles_1/CyberCity_CentralSecurity_Tiles_1/Garbage2_3.png,Garbage2_3.png,CyberCity_CentralSecurity_Tiles_1/CyberCity_CentralSecurity_Tiles_1,CyberCity_CentralSecurity_Tiles_1,Garbage2,review_unknown_visually_promising,71,63,True,"[0, 0, 71, 63]",71,63,37.022,0.62978,1.127,False,False,False,E_REVIEW_UNKNOWN
CS_0631,res://assets/tilesets/cyber_city_core_tilesets/CyberCity_CentralSecurity_Tiles/CyberCity_CentralSecurity_Tiles_1/CyberCity_CentralSecurity_Tiles_1/Garbage2_4.png,Garbage2_4.png,CyberCity_CentralSecurity_Tiles_1/CyberCity_CentralSecurity_Tiles_1,CyberCity_CentralSecurity_Tiles_1,Garbage2,review_unknown_visually_promising,66,58,True,"[0, 0, 66, 58]",66,58,31.034,0.68966,1.1379,False,False,False,E_REVIEW_UNKNOWN
CS_0632,res://assets/tilesets/cyber_city_core_tilesets/CyberCity_CentralSecurity_Tiles/CyberCity_CentralSecurity_Tiles_1/CyberCity_CentralSecurity_Tiles_1/Garbage2_5.png,Garbage2_5.png,CyberCity_CentralSecurity_Tiles_1/CyberCity_CentralSecurity_Tiles_1,CyberCity_CentralSecurity_Tiles_1,Garbage2,review_unknown_visually_promising,72,56,True,"[0, 0, 72, 56]",72,56,31.721,0.68279,1.2857,False,False,False,E_REVIEW_UNKNOWN
CS_0633,res://assets/tilesets/cyber_city_core_tilesets/CyberCity_CentralSecurity_Tiles/CyberCity_CentralSecurity_Tiles_1/CyberCity_CentralSecurity_Tiles_1/Garbage2_6.png,Garbage2_6.png,CyberCity_CentralSecurity_Tiles_1/CyberCity_CentralSecurity_Tiles_1,CyberCity_CentralSecurity_Tiles_1,Garbage2,review_unknown_visually_promising,61,61,True,"[0, 0, 61, 61]",61,61,31.578,0.68422,1.0,False,False,False,E_REVIEW_UNKNOWN
CS_0634,res://assets/tilesets/cyber_city_core_tilesets/CyberCity_CentralSecurity_Tiles/CyberCity_CentralSecurity_Tiles_1/CyberCity_CentralSecurity_Tiles_1/Garbage2_7.png,Garbage2_7.png,CyberCity_CentralSecurity_Tiles_1/CyberCity_CentralSecurity_Tiles_1,CyberCity_CentralSecurity_Tiles_1,Garbage2,review_unknown_visually_promising,64,64,True,"[0, 0, 64, 64]",64,64,29.272,0.70728,1.0,False,False,False,E_REVIEW_UNKNOWN
CS_0635,res://assets/tilesets/cyber_city_core_tilesets/CyberCity_CentralSecurity_Tiles/CyberCity_CentralSecurity_Tiles_1/CyberCity_CentralSecurity_Tiles_1/Garbage2_8.png,Garbage2_8.png,CyberCity_CentralSecurity_Tiles_1/CyberCity_CentralSecurity_Tiles_1,CyberCity_CentralSecurity_Tiles_1,Garbage2,review_unknown_visually_promising,71,60,True,"[0, 0, 71, 60]",71,60,35.822,0.64178,1.1833,False,False,False,E_REVIEW_UNKNOWN
CS_0636,res://assets/tilesets/cyber_city_core_tilesets/CyberCity_CentralSecurity_Tiles/CyberCity_CentralSecurity_Tiles_1/CyberCity_CentralSecurity_Tiles_1/Generator1_1.png,Generator1_1.png,CyberCity_CentralSecurity_Tiles_1/CyberCity_CentralSecurity_Tiles_1,CyberCity_CentralSecurity_Tiles_1,Generator1,prop_sign_tech,800,593,True,"[0, 0, 800, 593]",800,593,46.395,0.53605,1.3491,False,False,False,D_PROP_SIGN_TECH
CS_0637,res://assets/tilesets/cyber_city_core_tilesets/CyberCity_CentralSecurity_Tiles/CyberCity_CentralSecurity_Tiles_1/CyberCity_CentralSecurity_Tiles_1/Generator1_2.png,Generator1_2.png,CyberCity_CentralSecurity_Tiles_1/CyberCity_CentralSecurity_Tiles_1,CyberCity_CentralSecurity_Tiles_1,Generator1,prop_sign_tech,661,492,True,"[0, 0, 661, 492]",661,492,21.418,0.78582,1.3435,False,False,False,D_PROP_SIGN_TECH
CS_0638,res://assets/tilesets/cyber_city_core_tilesets/CyberCity_CentralSecurity_Tiles/CyberCity_CentralSecurity_Tiles_1/CyberCity_CentralSecurity_Tiles_1/Generator2_1.png,Generator2_1.png,CyberCity_CentralSecurity_Tiles_1/CyberCity_CentralSecurity_Tiles_1,CyberCity_CentralSecurity_Tiles_1,Generator2,prop_sign_tech,274,329,True,"[0, 0, 274, 329]",274,329,37.534,0.62466,0.8328,False,False,False,D_PROP_SIGN_TECH
CS_0639,res://assets/tilesets/cyber_city_core_tilesets/CyberCity_CentralSecurity_Tiles/CyberCity_CentralSecurity_Tiles_1/CyberCity_CentralSecurity_Tiles_1/Generator2_2.png,Generator2_2.png,CyberCity_CentralSecurity_Tiles_1/CyberCity_CentralSecurity_Tiles_1,CyberCity_CentralSecurity_Tiles_1,Generator2,prop_sign_tech,332,269,True,"[0, 0, 332, 269]",332,269,41.613,0.58387,1.2342,False,False,False,D_PROP_SIGN_TECH
CS_0640,res://assets/tilesets/cyber_city_core_tilesets/CyberCity_CentralSecurity_Tiles/CyberCity_CentralSecurity_Tiles_1/CyberCity_CentralSecurity_Tiles_1/Generator2_3.png,Generator2_3.png,CyberCity_CentralSecurity_Tiles_1/CyberCity_CentralSecurity_Tiles_1,CyberCity_CentralSecurity_Tiles_1,Generator2,prop_sign_tech,272,276,True,"[0, 0, 272, 276]",272,276,29.342,0.70658,0.9855,False,False,False,D_PROP_SIGN_TECH
CS_0641,res://assets/tilesets/cyber_city_core_tilesets/CyberCity_CentralSecurity_Tiles/CyberCity_CentralSecurity_Tiles_1/CyberCity_CentralSecurity_Tiles_1/Generator2_4.png,Generator2_4.png,CyberCity_CentralSecurity_Tiles_1/CyberCity_CentralSecurity_Tiles_1,CyberCity_CentralSecurity_Tiles_1,Generator2,prop_sign_tech,335,293,True,"[0, 0, 335, 293]",335,293,41.517,0.58483,1.1433,False,False,False,D_PROP_SIGN_TECH
CS_0642,res://assets/tilesets/cyber_city_core_tilesets/CyberCity_CentralSecurity_Tiles/CyberCity_CentralSecurity_Tiles_1/CyberCity_CentralSecurity_Tiles_1/Generator2_5.png,Generator2_5.png,CyberCity_CentralSecurity_Tiles_1/CyberCity_CentralSecurity_Tiles_1,CyberCity_CentralSecurity_Tiles_1,Generator2,prop_sign_tech,343,296,True,"[0, 0, 343, 296]",343,296,46.837,0.53163,1.1588,False,False,False,D_PROP_SIGN_TECH
CS_0643,res://assets/tilesets/cyber_city_core_tilesets/CyberCity_CentralSecurity_Tiles/CyberCity_CentralSecurity_Tiles_1/CyberCity_CentralSecurity_Tiles_1/Generator2_6.png,Generator2_6.png,CyberCity_CentralSecurity_Tiles_1/CyberCity_CentralSecurity_Tiles_1,CyberCity_CentralSecurity_Tiles_1,Generator2,prop_sign_tech,337,325,True,"[0, 0, 337, 325]",337,325,45.879,0.54121,1.0369,False,False,False,D_PROP_SIGN_TECH
CS_0644,res://assets/tilesets/cyber_city_core_tilesets/CyberCity_CentralSecurity_Tiles/CyberCity_CentralSecurity_Tiles_1/CyberCity_CentralSecurity_Tiles_1/Generator2_7.png,Generator2_7.png,CyberCity_CentralSecurity_Tiles_1/CyberCity_CentralSecurity_Tiles_1,CyberCity_CentralSecurity_Tiles_1,Generator2,prop_sign_tech,326,298,True,"[0, 0, 326, 298]",326,298,48.353,0.51647,1.094,False,False,False,D_PROP_SIGN_TECH
CS_0645,res://assets/tilesets/cyber_city_core_tilesets/CyberCity_CentralSecurity_Tiles/CyberCity_CentralSecurity_Tiles_1/CyberCity_CentralSecurity_Tiles_1/Generator2_8.png,Generator2_8.png,CyberCity_CentralSecurity_Tiles_1/CyberCity_CentralSecurity_Tiles_1,CyberCity_CentralSecurity_Tiles_1,Generator2,prop_sign_tech,355,293,True,"[0, 0, 355, 293]",355,293,46.995,0.53005,1.2116,False,False,False,D_PROP_SIGN_TECH
CS_0646,res://assets/tilesets/cyber_city_core_tilesets/CyberCity_CentralSecurity_Tiles/CyberCity_CentralSecurity_Tiles_1/CyberCity_CentralSecurity_Tiles_1/Ground_Decal_CyberCity_CentralSecurity_1.png,Ground_Decal_CyberCity_CentralSecurity_1.png,CyberCity_CentralSecurity_Tiles_1/CyberCity_CentralSecurity_Tiles_1,CyberCity_CentralSecurity_Tiles_1,Ground_Decal_CyberCity_CentralSecurity,ground_floor_road,512,512,True,"[0, 19, 502, 512]",502,493,20.555,0.79445,1.0,False,False,False,A_GROUND_FLOOR_ROAD
CS_0647,res://assets/tilesets/cyber_city_core_tilesets/CyberCity_CentralSecurity_Tiles/CyberCity_CentralSecurity_Tiles_1/CyberCity_CentralSecurity_Tiles_1/Ground_Tile_CyberCity_CentralSecurity_1.png,Ground_Tile_CyberCity_CentralSecurity_1.png,CyberCity_CentralSecurity_Tiles_1/CyberCity_CentralSecurity_Tiles_1,CyberCity_CentralSecurity_Tiles_1,Ground_Tile_CyberCity_CentralSecurity,ground_floor_road,512,512,True,"[0, 0, 512, 512]",512,512,0.0,1.0,1.0,False,False,False,A_GROUND_FLOOR_ROAD
CS_0648,res://assets/tilesets/cyber_city_core_tilesets/CyberCity_CentralSecurity_Tiles/CyberCity_CentralSecurity_Tiles_1/CyberCity_CentralSecurity_Tiles_1/HandheldComputer1_1.png,HandheldComputer1_1.png,CyberCity_CentralSecurity_Tiles_1/CyberCity_CentralSecurity_Tiles_1,CyberCity_CentralSecurity_Tiles_1,HandheldComputer1,prop_sign_tech,20,25,True,"[0, 0, 20, 25]",20,25,25.8,0.742,0.8,False,False,True,D_PROP_SIGN_TECH
CS_0649,res://assets/tilesets/cyber_city_core_tilesets/CyberCity_CentralSecurity_Tiles/CyberCity_CentralSecurity_Tiles_1/CyberCity_CentralSecurity_Tiles_1/HandheldComputer1_2.png,HandheldComputer1_2.png,CyberCity_CentralSecurity_Tiles_1/CyberCity_CentralSecurity_Tiles_1,CyberCity_CentralSecurity_Tiles_1,HandheldComputer1,prop_sign_tech,27,25,True,"[0, 0, 27, 25]",27,25,42.074,0.57926,1.08,False,False,False,D_PROP_SIGN_TECH
CS_0650,res://assets/tilesets/cyber_city_core_tilesets/CyberCity_CentralSecurity_Tiles/CyberCity_CentralSecurity_Tiles_1/CyberCity_CentralSecurity_Tiles_1/HandheldComputer1_3.png,HandheldComputer1_3.png,CyberCity_CentralSecurity_Tiles_1/CyberCity_CentralSecurity_Tiles_1,CyberCity_CentralSecurity_Tiles_1,HandheldComputer1,prop_sign_tech,20,25,True,"[0, 0, 20, 25]",20,25,26.6,0.734,0.8,False,False,True,D_PROP_SIGN_TECH
CS_0651,res://assets/tilesets/cyber_city_core_tilesets/CyberCity_CentralSecurity_Tiles/CyberCity_CentralSecurity_Tiles_1/CyberCity_CentralSecurity_Tiles_1/HandheldComputer1_4.png,HandheldComputer1_4.png,CyberCity_CentralSecurity_Tiles_1/CyberCity_CentralSecurity_Tiles_1,CyberCity_CentralSecurity_Tiles_1,HandheldComputer1,prop_sign_tech,27,25,True,"[0, 0, 27, 25]",27,25,42.37,0.5763,1.08,False,False,False,D_PROP_SIGN_TECH
CS_0652,res://assets/tilesets/cyber_city_core_tilesets/CyberCity_CentralSecurity_Tiles/CyberCity_CentralSecurity_Tiles_1/CyberCity_CentralSecurity_Tiles_1/HandheldComputer1_5.png,HandheldComputer1_5.png,CyberCity_CentralSecurity_Tiles_1/CyberCity_CentralSecurity_Tiles_1,CyberCity_CentralSecurity_Tiles_1,HandheldComputer1,prop_sign_tech,28,25,True,"[0, 0, 28, 25]",28,25,45.286,0.54714,1.12,False,False,False,D_PROP_SIGN_TECH
CS_0653,res://assets/tilesets/cyber_city_core_tilesets/CyberCity_CentralSecurity_Tiles/CyberCity_CentralSecurity_Tiles_1/CyberCity_CentralSecurity_Tiles_1/HandheldComputer1_6.png,HandheldComputer1_6.png,CyberCity_CentralSecurity_Tiles_1/CyberCity_CentralSecurity_Tiles_1,CyberCity_CentralSecurity_Tiles_1,HandheldComputer1,prop_sign_tech,28,25,True,"[0, 0, 28, 25]",28,25,44.857,0.55143,1.12,False,False,False,D_PROP_SIGN_TECH
CS_0654,res://assets/tilesets/cyber_city_core_tilesets/CyberCity_CentralSecurity_Tiles/CyberCity_CentralSecurity_Tiles_1/CyberCity_CentralSecurity_Tiles_1/HandheldComputer1_7.png,HandheldComputer1_7.png,CyberCity_CentralSecurity_Tiles_1/CyberCity_CentralSecurity_Tiles_1,CyberCity_CentralSecurity_Tiles_1,HandheldComputer1,prop_sign_tech,27,25,True,"[0, 0, 27, 25]",27,25,42.815,0.57185,1.08,False,False,False,D_PROP_SIGN_TECH
CS_0655,res://assets/tilesets/cyber_city_core_tilesets/CyberCity_CentralSecurity_Tiles/CyberCity_CentralSecurity_Tiles_1/CyberCity_CentralSecurity_Tiles_1/HandheldComputer1_8.png,HandheldComputer1_8.png,CyberCity_CentralSecurity_Tiles_1/CyberCity_CentralSecurity_Tiles_1,CyberCity_CentralSecurity_Tiles_1,HandheldComputer1,prop_sign_tech,27,25,True,"[0, 0, 27, 25]",27,25,43.111,0.56889,1.08,False,False,False,D_PROP_SIGN_TECH
CS_0656,res://assets/tilesets/cyber_city_core_tilesets/CyberCity_CentralSecurity_Tiles/CyberCity_CentralSecurity_Tiles_1/CyberCity_CentralSecurity_Tiles_1/HandheldComputer2_1.png,HandheldComputer2_1.png,CyberCity_CentralSecurity_Tiles_1/CyberCity_CentralSecurity_Tiles_1,CyberCity_CentralSecurity_Tiles_1,HandheldComputer2,prop_sign_tech,20,18,True,"[0, 0, 20, 18]",20,18,30.278,0.69722,1.1111,False,False,True,D_PROP_SIGN_TECH
CS_0657,res://assets/tilesets/cyber_city_core_tilesets/CyberCity_CentralSecurity_Tiles/CyberCity_CentralSecurity_Tiles_1/CyberCity_CentralSecurity_Tiles_1/HandheldComputer2_2.png,HandheldComputer2_2.png,CyberCity_CentralSecurity_Tiles_1/CyberCity_CentralSecurity_Tiles_1,CyberCity_CentralSecurity_Tiles_1,HandheldComputer2,prop_sign_tech,17,18,True,"[0, 0, 17, 18]",17,18,22.222,0.77778,0.9444,False,False,True,D_PROP_SIGN_TECH
CS_0658,res://assets/tilesets/cyber_city_core_tilesets/CyberCity_CentralSecurity_Tiles/CyberCity_CentralSecurity_Tiles_1/CyberCity_CentralSecurity_Tiles_1/HandheldComputer2_3.png,HandheldComputer2_3.png,CyberCity_CentralSecurity_Tiles_1/CyberCity_CentralSecurity_Tiles_1,CyberCity_CentralSecurity_Tiles_1,HandheldComputer2,prop_sign_tech,20,18,True,"[0, 0, 20, 18]",20,18,30.278,0.69722,1.1111,False,False,True,D_PROP_SIGN_TECH
CS_0659,res://assets/tilesets/cyber_city_core_tilesets/CyberCity_CentralSecurity_Tiles/CyberCity_CentralSecurity_Tiles_1/CyberCity_CentralSecurity_Tiles_1/HandheldComputer2_4.png,HandheldComputer2_4.png,CyberCity_CentralSecurity_Tiles_1/CyberCity_CentralSecurity_Tiles_1,CyberCity_CentralSecurity_Tiles_1,HandheldComputer2,prop_sign_tech,17,18,True,"[0, 0, 17, 18]",17,18,22.222,0.77778,0.9444,False,False,True,D_PROP_SIGN_TECH
CS_0660,res://assets/tilesets/cyber_city_core_tilesets/CyberCity_CentralSecurity_Tiles/CyberCity_CentralSecurity_Tiles_1/CyberCity_CentralSecurity_Tiles_1/HandheldComputer2_5.png,HandheldComputer2_5.png,CyberCity_CentralSecurity_Tiles_1/CyberCity_CentralSecurity_Tiles_1,CyberCity_CentralSecurity_Tiles_1,HandheldComputer2,prop_sign_tech,22,19,True,"[0, 0, 22, 19]",22,19,40.431,0.59569,1.1579,False,False,True,D_PROP_SIGN_TECH
CS_0661,res://assets/tilesets/cyber_city_core_tilesets/CyberCity_CentralSecurity_Tiles/CyberCity_CentralSecurity_Tiles_1/CyberCity_CentralSecurity_Tiles_1/HandheldComputer2_6.png,HandheldComputer2_6.png,CyberCity_CentralSecurity_Tiles_1/CyberCity_CentralSecurity_Tiles_1,CyberCity_CentralSecurity_Tiles_1,HandheldComputer2,prop_sign_tech,22,19,True,"[0, 0, 22, 19]",22,19,38.995,0.61005,1.1579,False,False,True,D_PROP_SIGN_TECH
CS_0662,res://assets/tilesets/cyber_city_core_tilesets/CyberCity_CentralSecurity_Tiles/CyberCity_CentralSecurity_Tiles_1/CyberCity_CentralSecurity_Tiles_1/HandheldComputer2_7.png,HandheldComputer2_7.png,CyberCity_CentralSecurity_Tiles_1/CyberCity_CentralSecurity_Tiles_1,CyberCity_CentralSecurity_Tiles_1,HandheldComputer2,prop_sign_tech,22,19,True,"[0, 0, 22, 19]",22,19,38.995,0.61005,1.1579,False,False,True,D_PROP_SIGN_TECH
CS_0663,res://assets/tilesets/cyber_city_core_tilesets/CyberCity_CentralSecurity_Tiles/CyberCity_CentralSecurity_Tiles_1/CyberCity_CentralSecurity_Tiles_1/HandheldComputer2_8.png,HandheldComputer2_8.png,CyberCity_CentralSecurity_Tiles_1/CyberCity_CentralSecurity_Tiles_1,CyberCity_CentralSecurity_Tiles_1,HandheldComputer2,prop_sign_tech,22,19,True,"[0, 0, 22, 19]",22,19,40.431,0.59569,1.1579,False,False,True,D_PROP_SIGN_TECH
CS_0664,res://assets/tilesets/cyber_city_core_tilesets/CyberCity_CentralSecurity_Tiles/CyberCity_CentralSecurity_Tiles_1/CyberCity_CentralSecurity_Tiles_1/Interior_Door1_1.png,Interior_Door1_1.png,CyberCity_CentralSecurity_Tiles_1/CyberCity_CentralSecurity_Tiles_1,CyberCity_CentralSecurity_Tiles_1,Interior_Door1,wall_security_barrier,55,225,True,"[0, 0, 55, 225]",55,225,27.2,0.728,0.2444,False,False,False,B_WALL_SECURITY_BARRIER
CS_0665,res://assets/tilesets/cyber_city_core_tilesets/CyberCity_CentralSecurity_Tiles/CyberCity_CentralSecurity_Tiles_1/CyberCity_CentralSecurity_Tiles_1/Interior_Door1_2.png,Interior_Door1_2.png,CyberCity_CentralSecurity_Tiles_1/CyberCity_CentralSecurity_Tiles_1,CyberCity_CentralSecurity_Tiles_1,Interior_Door1,wall_security_barrier,136,164,True,"[0, 0, 136, 164]",136,164,10.859,0.89141,0.8293,False,False,False,B_WALL_SECURITY_BARRIER
CS_0666,res://assets/tilesets/cyber_city_core_tilesets/CyberCity_CentralSecurity_Tiles/CyberCity_CentralSecurity_Tiles_1/CyberCity_CentralSecurity_Tiles_1/Interior_Door1_3.png,Interior_Door1_3.png,CyberCity_CentralSecurity_Tiles_1/CyberCity_CentralSecurity_Tiles_1,CyberCity_CentralSecurity_Tiles_1,Interior_Door1,wall_security_barrier,57,223,True,"[0, 0, 57, 223]",57,223,29.022,0.70978,0.2556,False,False,False,B_WALL_SECURITY_BARRIER
CS_0667,res://assets/tilesets/cyber_city_core_tilesets/CyberCity_CentralSecurity_Tiles/CyberCity_CentralSecurity_Tiles_1/CyberCity_CentralSecurity_Tiles_1/Interior_Door1_4.png,Interior_Door1_4.png,CyberCity_CentralSecurity_Tiles_1/CyberCity_CentralSecurity_Tiles_1,CyberCity_CentralSecurity_Tiles_1,Interior_Door1,wall_security_barrier,135,161,True,"[0, 0, 135, 161]",135,161,8.576,0.91424,0.8385,False,False,False,B_WALL_SECURITY_BARRIER
CS_0668,res://assets/tilesets/cyber_city_core_tilesets/CyberCity_CentralSecurity_Tiles/CyberCity_CentralSecurity_Tiles_1/CyberCity_CentralSecurity_Tiles_1/Interior_Door1_5.png,Interior_Door1_5.png,CyberCity_CentralSecurity_Tiles_1/CyberCity_CentralSecurity_Tiles_1,CyberCity_CentralSecurity_Tiles_1,Interior_Door1,wall_security_barrier,121,212,True,"[0, 0, 121, 212]",121,212,29.713,0.70287,0.5708,False,False,False,B_WALL_SECURITY_BARRIER
CS_0669,res://assets/tilesets/cyber_city_core_tilesets/CyberCity_CentralSecurity_Tiles/CyberCity_CentralSecurity_Tiles_1/CyberCity_CentralSecurity_Tiles_1/Interior_Door1_6.png,Interior_Door1_6.png,CyberCity_CentralSecurity_Tiles_1/CyberCity_CentralSecurity_Tiles_1,CyberCity_CentralSecurity_Tiles_1,Interior_Door1,wall_security_barrier,120,212,True,"[0, 0, 120, 212]",120,212,29.186,0.70814,0.566,False,False,False,B_WALL_SECURITY_BARRIER
CS_0670,res://assets/tilesets/cyber_city_core_tilesets/CyberCity_CentralSecurity_Tiles/CyberCity_CentralSecurity_Tiles_1/CyberCity_CentralSecurity_Tiles_1/Interior_Door1_7.png,Interior_Door1_7.png,CyberCity_CentralSecurity_Tiles_1/CyberCity_CentralSecurity_Tiles_1,CyberCity_CentralSecurity_Tiles_1,Interior_Door1,wall_security_barrier,120,220,True,"[0, 0, 120, 220]",120,220,31.72,0.6828,0.5455,False,False,False,B_WALL_SECURITY_BARRIER
CS_0671,res://assets/tilesets/cyber_city_core_tilesets/CyberCity_CentralSecurity_Tiles/CyberCity_CentralSecurity_Tiles_1/CyberCity_CentralSecurity_Tiles_1/Interior_Door1_8.png,Interior_Door1_8.png,CyberCity_CentralSecurity_Tiles_1/CyberCity_CentralSecurity_Tiles_1,CyberCity_CentralSecurity_Tiles_1,Interior_Door1,wall_security_barrier,118,216,True,"[0, 0, 118, 216]",118,216,29.28,0.7072,0.5463,False,False,False,B_WALL_SECURITY_BARRIER
CS_0672,res://assets/tilesets/cyber_city_core_tilesets/CyberCity_CentralSecurity_Tiles/CyberCity_CentralSecurity_Tiles_1/CyberCity_CentralSecurity_Tiles_1/Interior_Door2_1.png,Interior_Door2_1.png,CyberCity_CentralSecurity_Tiles_1/CyberCity_CentralSecurity_Tiles_1,CyberCity_CentralSecurity_Tiles_1,Interior_Door2,wall_security_barrier,55,225,True,"[0, 0, 55, 225]",55,225,27.2,0.728,0.2444,False,False,False,B_WALL_SECURITY_BARRIER
CS_0673,res://assets/tilesets/cyber_city_core_tilesets/CyberCity_CentralSecurity_Tiles/CyberCity_CentralSecurity_Tiles_1/CyberCity_CentralSecurity_Tiles_1/Interior_Door2_2.png,Interior_Door2_2.png,CyberCity_CentralSecurity_Tiles_1/CyberCity_CentralSecurity_Tiles_1,CyberCity_CentralSecurity_Tiles_1,Interior_Door2,wall_security_barrier,136,164,True,"[0, 0, 136, 164]",136,164,12.294,0.87706,0.8293,False,False,False,B_WALL_SECURITY_BARRIER
CS_0674,res://assets/tilesets/cyber_city_core_tilesets/CyberCity_CentralSecurity_Tiles/CyberCity_CentralSecurity_Tiles_1/CyberCity_CentralSecurity_Tiles_1/Interior_Door2_3.png,Interior_Door2_3.png,CyberCity_CentralSecurity_Tiles_1/CyberCity_CentralSecurity_Tiles_1,CyberCity_CentralSecurity_Tiles_1,Interior_Door2,wall_security_barrier,57,223,True,"[0, 0, 57, 223]",57,223,29.022,0.70978,0.2556,False,False,False,B_WALL_SECURITY_BARRIER
CS_0675,res://assets/tilesets/cyber_city_core_tilesets/CyberCity_CentralSecurity_Tiles/CyberCity_CentralSecurity_Tiles_1/CyberCity_CentralSecurity_Tiles_1/Interior_Door2_4.png,Interior_Door2_4.png,CyberCity_CentralSecurity_Tiles_1/CyberCity_CentralSecurity_Tiles_1,CyberCity_CentralSecurity_Tiles_1,Interior_Door2,wall_security_barrier,135,161,True,"[0, 0, 135, 161]",135,161,10.016,0.89984,0.8385,False,False,False,B_WALL_SECURITY_BARRIER
CS_0676,res://assets/tilesets/cyber_city_core_tilesets/CyberCity_CentralSecurity_Tiles/CyberCity_CentralSecurity_Tiles_1/CyberCity_CentralSecurity_Tiles_1/Interior_Door2_5.png,Interior_Door2_5.png,CyberCity_CentralSecurity_Tiles_1/CyberCity_CentralSecurity_Tiles_1,CyberCity_CentralSecurity_Tiles_1,Interior_Door2,wall_security_barrier,121,212,True,"[0, 0, 121, 212]",121,212,29.713,0.70287,0.5708,False,False,False,B_WALL_SECURITY_BARRIER
CS_0677,res://assets/tilesets/cyber_city_core_tilesets/CyberCity_CentralSecurity_Tiles/CyberCity_CentralSecurity_Tiles_1/CyberCity_CentralSecurity_Tiles_1/Interior_Door2_6.png,Interior_Door2_6.png,CyberCity_CentralSecurity_Tiles_1/CyberCity_CentralSecurity_Tiles_1,CyberCity_CentralSecurity_Tiles_1,Interior_Door2,wall_security_barrier,120,212,True,"[0, 0, 120, 212]",120,212,29.186,0.70814,0.566,False,False,False,B_WALL_SECURITY_BARRIER
CS_0678,res://assets/tilesets/cyber_city_core_tilesets/CyberCity_CentralSecurity_Tiles/CyberCity_CentralSecurity_Tiles_1/CyberCity_CentralSecurity_Tiles_1/Interior_Door2_7.png,Interior_Door2_7.png,CyberCity_CentralSecurity_Tiles_1/CyberCity_CentralSecurity_Tiles_1,CyberCity_CentralSecurity_Tiles_1,Interior_Door2,wall_security_barrier,120,220,True,"[0, 0, 120, 220]",120,220,31.72,0.6828,0.5455,False,False,False,B_WALL_SECURITY_BARRIER
CS_0679,res://assets/tilesets/cyber_city_core_tilesets/CyberCity_CentralSecurity_Tiles/CyberCity_CentralSecurity_Tiles_1/CyberCity_CentralSecurity_Tiles_1/Interior_Door2_8.png,Interior_Door2_8.png,CyberCity_CentralSecurity_Tiles_1/CyberCity_CentralSecurity_Tiles_1,CyberCity_CentralSecurity_Tiles_1,Interior_Door2,wall_security_barrier,118,216,True,"[0, 0, 118, 216]",118,216,29.28,0.7072,0.5463,False,False,False,B_WALL_SECURITY_BARRIER
CS_0680,res://assets/tilesets/cyber_city_core_tilesets/CyberCity_CentralSecurity_Tiles/CyberCity_CentralSecurity_Tiles_1/CyberCity_CentralSecurity_Tiles_1/Interior_Door3_1.png,Interior_Door3_1.png,CyberCity_CentralSecurity_Tiles_1/CyberCity_CentralSecurity_Tiles_1,CyberCity_CentralSecurity_Tiles_1,Interior_Door3,wall_security_barrier,55,225,True,"[0, 0, 55, 225]",55,225,27.2,0.728,0.2444,False,False,False,B_WALL_SECURITY_BARRIER
CS_0681,res://assets/tilesets/cyber_city_core_tilesets/CyberCity_CentralSecurity_Tiles/CyberCity_CentralSecurity_Tiles_1/CyberCity_CentralSecurity_Tiles_1/Interior_Door3_2.png,Interior_Door3_2.png,CyberCity_CentralSecurity_Tiles_1/CyberCity_CentralSecurity_Tiles_1,CyberCity_CentralSecurity_Tiles_1,Interior_Door3,wall_security_barrier,136,164,True,"[0, 0, 136, 164]",136,164,23.256,0.76744,0.8293,False,False,False,B_WALL_SECURITY_BARRIER
CS_0682,res://assets/tilesets/cyber_city_core_tilesets/CyberCity_CentralSecurity_Tiles/CyberCity_CentralSecurity_Tiles_1/CyberCity_CentralSecurity_Tiles_1/Interior_Door3_3.png,Interior_Door3_3.png,CyberCity_CentralSecurity_Tiles_1/CyberCity_CentralSecurity_Tiles_1,CyberCity_CentralSecurity_Tiles_1,Interior_Door3,wall_security_barrier,57,223,True,"[0, 0, 57, 223]",57,223,29.022,0.70978,0.2556,False,False,False,B_WALL_SECURITY_BARRIER
CS_0683,res://assets/tilesets/cyber_city_core_tilesets/CyberCity_CentralSecurity_Tiles/CyberCity_CentralSecurity_Tiles_1/CyberCity_CentralSecurity_Tiles_1/Interior_Door3_4.png,Interior_Door3_4.png,CyberCity_CentralSecurity_Tiles_1/CyberCity_CentralSecurity_Tiles_1,CyberCity_CentralSecurity_Tiles_1,Interior_Door3,wall_security_barrier,135,161,True,"[0, 0, 135, 161]",135,161,21.33,0.7867,0.8385,False,False,False,B_WALL_SECURITY_BARRIER
CS_0684,res://assets/tilesets/cyber_city_core_tilesets/CyberCity_CentralSecurity_Tiles/CyberCity_CentralSecurity_Tiles_1/CyberCity_CentralSecurity_Tiles_1/Interior_Door3_5.png,Interior_Door3_5.png,CyberCity_CentralSecurity_Tiles_1/CyberCity_CentralSecurity_Tiles_1,CyberCity_CentralSecurity_Tiles_1,Interior_Door3,wall_security_barrier,121,212,True,"[0, 0, 121, 212]",121,212,32.992,0.67008,0.5708,False,False,False,B_WALL_SECURITY_BARRIER
CS_0685,res://assets/tilesets/cyber_city_core_tilesets/CyberCity_CentralSecurity_Tiles/CyberCity_CentralSecurity_Tiles_1/CyberCity_CentralSecurity_Tiles_1/Interior_Door3_6.png,Interior_Door3_6.png,CyberCity_CentralSecurity_Tiles_1/CyberCity_CentralSecurity_Tiles_1,CyberCity_CentralSecurity_Tiles_1,Interior_Door3,wall_security_barrier,120,212,True,"[0, 0, 120, 212]",120,212,32.512,0.67488,0.566,False,False,False,B_WALL_SECURITY_BARRIER
CS_0686,res://assets/tilesets/cyber_city_core_tilesets/CyberCity_CentralSecurity_Tiles/CyberCity_CentralSecurity_Tiles_1/CyberCity_CentralSecurity_Tiles_1/Interior_Door3_7.png,Interior_Door3_7.png,CyberCity_CentralSecurity_Tiles_1/CyberCity_CentralSecurity_Tiles_1,CyberCity_CentralSecurity_Tiles_1,Interior_Door3,wall_security_barrier,120,220,True,"[0, 0, 120, 220]",120,220,34.928,0.65072,0.5455,False,False,False,B_WALL_SECURITY_BARRIER
CS_0687,res://assets/tilesets/cyber_city_core_tilesets/CyberCity_CentralSecurity_Tiles/CyberCity_CentralSecurity_Tiles_1/CyberCity_CentralSecurity_Tiles_1/Interior_Door3_8.png,Interior_Door3_8.png,CyberCity_CentralSecurity_Tiles_1/CyberCity_CentralSecurity_Tiles_1,CyberCity_CentralSecurity_Tiles_1,Interior_Door3,wall_security_barrier,118,216,True,"[0, 0, 118, 216]",118,216,32.588,0.67412,0.5463,False,False,False,B_WALL_SECURITY_BARRIER
CS_0688,res://assets/tilesets/cyber_city_core_tilesets/CyberCity_CentralSecurity_Tiles/CyberCity_CentralSecurity_Tiles_1/CyberCity_CentralSecurity_Tiles_1/Interior_Door4_1.png,Interior_Door4_1.png,CyberCity_CentralSecurity_Tiles_1/CyberCity_CentralSecurity_Tiles_1,CyberCity_CentralSecurity_Tiles_1,Interior_Door4,wall_security_barrier,55,225,True,"[0, 0, 55, 225]",55,225,27.2,0.728,0.2444,False,False,False,B_WALL_SECURITY_BARRIER
CS_0689,res://assets/tilesets/cyber_city_core_tilesets/CyberCity_CentralSecurity_Tiles/CyberCity_CentralSecurity_Tiles_1/CyberCity_CentralSecurity_Tiles_1/Interior_Door4_2.png,Interior_Door4_2.png,CyberCity_CentralSecurity_Tiles_1/CyberCity_CentralSecurity_Tiles_1,CyberCity_CentralSecurity_Tiles_1,Interior_Door4,wall_security_barrier,136,164,True,"[0, 0, 136, 164]",136,164,34.357,0.65643,0.8293,False,False,False,B_WALL_SECURITY_BARRIER
CS_0690,res://assets/tilesets/cyber_city_core_tilesets/CyberCity_CentralSecurity_Tiles/CyberCity_CentralSecurity_Tiles_1/CyberCity_CentralSecurity_Tiles_1/Interior_Door4_3.png,Interior_Door4_3.png,CyberCity_CentralSecurity_Tiles_1/CyberCity_CentralSecurity_Tiles_1,CyberCity_CentralSecurity_Tiles_1,Interior_Door4,wall_security_barrier,57,223,True,"[0, 0, 57, 223]",57,223,29.022,0.70978,0.2556,False,False,False,B_WALL_SECURITY_BARRIER
CS_0691,res://assets/tilesets/cyber_city_core_tilesets/CyberCity_CentralSecurity_Tiles/CyberCity_CentralSecurity_Tiles_1/CyberCity_CentralSecurity_Tiles_1/Interior_Door4_4.png,Interior_Door4_4.png,CyberCity_CentralSecurity_Tiles_1/CyberCity_CentralSecurity_Tiles_1,CyberCity_CentralSecurity_Tiles_1,Interior_Door4,wall_security_barrier,135,161,True,"[0, 0, 135, 161]",135,161,32.694,0.67306,0.8385,False,False,False,B_WALL_SECURITY_BARRIER
CS_0692,res://assets/tilesets/cyber_city_core_tilesets/CyberCity_CentralSecurity_Tiles/CyberCity_CentralSecurity_Tiles_1/CyberCity_CentralSecurity_Tiles_1/Interior_Door4_5.png,Interior_Door4_5.png,CyberCity_CentralSecurity_Tiles_1/CyberCity_CentralSecurity_Tiles_1,CyberCity_CentralSecurity_Tiles_1,Interior_Door4,wall_security_barrier,121,212,True,"[0, 0, 121, 212]",121,212,37.249,0.62751,0.5708,False,False,False,B_WALL_SECURITY_BARRIER
CS_0693,res://assets/tilesets/cyber_city_core_tilesets/CyberCity_CentralSecurity_Tiles/CyberCity_CentralSecurity_Tiles_1/CyberCity_CentralSecurity_Tiles_1/Interior_Door4_6.png,Interior_Door4_6.png,CyberCity_CentralSecurity_Tiles_1/CyberCity_CentralSecurity_Tiles_1,CyberCity_CentralSecurity_Tiles_1,Interior_Door4,wall_security_barrier,120,212,True,"[0, 0, 120, 212]",120,212,36.844,0.63156,0.566,False,False,False,B_WALL_SECURITY_BARRIER
CS_0694,res://assets/tilesets/cyber_city_core_tilesets/CyberCity_CentralSecurity_Tiles/CyberCity_CentralSecurity_Tiles_1/CyberCity_CentralSecurity_Tiles_1/Interior_Door4_7.png,Interior_Door4_7.png,CyberCity_CentralSecurity_Tiles_1/CyberCity_CentralSecurity_Tiles_1,CyberCity_CentralSecurity_Tiles_1,Interior_Door4,wall_security_barrier,120,220,True,"[0, 0, 120, 220]",120,220,39.042,0.60958,0.5455,False,False,False,B_WALL_SECURITY_BARRIER
CS_0695,res://assets/tilesets/cyber_city_core_tilesets/CyberCity_CentralSecurity_Tiles/CyberCity_CentralSecurity_Tiles_1/CyberCity_CentralSecurity_Tiles_1/Interior_Door4_8.png,Interior_Door4_8.png,CyberCity_CentralSecurity_Tiles_1/CyberCity_CentralSecurity_Tiles_1,CyberCity_CentralSecurity_Tiles_1,Interior_Door4,wall_security_barrier,118,216,True,"[0, 0, 118, 216]",118,216,36.872,0.63128,0.5463,False,False,False,B_WALL_SECURITY_BARRIER
CS_0696,res://assets/tilesets/cyber_city_core_tilesets/CyberCity_CentralSecurity_Tiles/CyberCity_CentralSecurity_Tiles_1/CyberCity_CentralSecurity_Tiles_1/Interior_Door5_1.png,Interior_Door5_1.png,CyberCity_CentralSecurity_Tiles_1/CyberCity_CentralSecurity_Tiles_1,CyberCity_CentralSecurity_Tiles_1,Interior_Door5,wall_security_barrier,55,225,True,"[0, 0, 55, 225]",55,225,27.2,0.728,0.2444,False,False,False,B_WALL_SECURITY_BARRIER
CS_0697,res://assets/tilesets/cyber_city_core_tilesets/CyberCity_CentralSecurity_Tiles/CyberCity_CentralSecurity_Tiles_1/CyberCity_CentralSecurity_Tiles_1/Interior_Door5_2.png,Interior_Door5_2.png,CyberCity_CentralSecurity_Tiles_1/CyberCity_CentralSecurity_Tiles_1,CyberCity_CentralSecurity_Tiles_1,Interior_Door5,wall_security_barrier,136,164,True,"[0, 0, 136, 164]",136,164,45.431,0.54569,0.8293,False,False,False,B_WALL_SECURITY_BARRIER
CS_0698,res://assets/tilesets/cyber_city_core_tilesets/CyberCity_CentralSecurity_Tiles/CyberCity_CentralSecurity_Tiles_1/CyberCity_CentralSecurity_Tiles_1/Interior_Door5_3.png,Interior_Door5_3.png,CyberCity_CentralSecurity_Tiles_1/CyberCity_CentralSecurity_Tiles_1,CyberCity_CentralSecurity_Tiles_1,Interior_Door5,wall_security_barrier,57,223,True,"[0, 0, 57, 223]",57,223,29.022,0.70978,0.2556,False,False,False,B_WALL_SECURITY_BARRIER
CS_0699,res://assets/tilesets/cyber_city_core_tilesets/CyberCity_CentralSecurity_Tiles/CyberCity_CentralSecurity_Tiles_1/CyberCity_CentralSecurity_Tiles_1/Interior_Door5_4.png,Interior_Door5_4.png,CyberCity_CentralSecurity_Tiles_1/CyberCity_CentralSecurity_Tiles_1,CyberCity_CentralSecurity_Tiles_1,Interior_Door5,wall_security_barrier,135,161,True,"[0, 0, 135, 161]",135,161,44.095,0.55905,0.8385,False,False,False,B_WALL_SECURITY_BARRIER
CS_0700,res://assets/tilesets/cyber_city_core_tilesets/CyberCity_CentralSecurity_Tiles/CyberCity_CentralSecurity_Tiles_1/CyberCity_CentralSecurity_Tiles_1/Interior_Door5_5.png,Interior_Door5_5.png,CyberCity_CentralSecurity_Tiles_1/CyberCity_CentralSecurity_Tiles_1,CyberCity_CentralSecurity_Tiles_1,Interior_Door5,wall_security_barrier,121,212,True,"[0, 0, 121, 212]",121,212,41.201,0.58799,0.5708,False,False,False,B_WALL_SECURITY_BARRIER
CS_0701,res://assets/tilesets/cyber_city_core_tilesets/CyberCity_CentralSecurity_Tiles/CyberCity_CentralSecurity_Tiles_1/CyberCity_CentralSecurity_Tiles_1/Interior_Door5_6.png,Interior_Door5_6.png,CyberCity_CentralSecurity_Tiles_1/CyberCity_CentralSecurity_Tiles_1,CyberCity_CentralSecurity_Tiles_1,Interior_Door5,wall_security_barrier,120,212,True,"[0, 0, 120, 212]",120,212,40.841,0.59159,0.566,False,False,False,B_WALL_SECURITY_BARRIER
CS_0702,res://assets/tilesets/cyber_city_core_tilesets/CyberCity_CentralSecurity_Tiles/CyberCity_CentralSecurity_Tiles_1/CyberCity_CentralSecurity_Tiles_1/Interior_Door5_7.png,Interior_Door5_7.png,CyberCity_CentralSecurity_Tiles_1/CyberCity_CentralSecurity_Tiles_1,CyberCity_CentralSecurity_Tiles_1,Interior_Door5,wall_security_barrier,120,220,True,"[0, 0, 120, 220]",120,220,42.864,0.57136,0.5455,False,False,False,B_WALL_SECURITY_BARRIER
CS_0703,res://assets/tilesets/cyber_city_core_tilesets/CyberCity_CentralSecurity_Tiles/CyberCity_CentralSecurity_Tiles_1/CyberCity_CentralSecurity_Tiles_1/Interior_Door5_8.png,Interior_Door5_8.png,CyberCity_CentralSecurity_Tiles_1/CyberCity_CentralSecurity_Tiles_1,CyberCity_CentralSecurity_Tiles_1,Interior_Door5,wall_security_barrier,118,216,True,"[0, 0, 118, 216]",118,216,40.894,0.59106,0.5463,False,False,False,B_WALL_SECURITY_BARRIER
CS_0704,res://assets/tilesets/cyber_city_core_tilesets/CyberCity_CentralSecurity_Tiles/CyberCity_CentralSecurity_Tiles_1/CyberCity_CentralSecurity_Tiles_1/Interior_Door6_1.png,Interior_Door6_1.png,CyberCity_CentralSecurity_Tiles_1/CyberCity_CentralSecurity_Tiles_1,CyberCity_CentralSecurity_Tiles_1,Interior_Door6,wall_security_barrier,48,313,True,"[0, 0, 48, 313]",48,313,22.371,0.77629,0.1534,False,False,False,B_WALL_SECURITY_BARRIER
CS_0705,res://assets/tilesets/cyber_city_core_tilesets/CyberCity_CentralSecurity_Tiles/CyberCity_CentralSecurity_Tiles_1/CyberCity_CentralSecurity_Tiles_1/Interior_Door6_2.png,Interior_Door6_2.png,CyberCity_CentralSecurity_Tiles_1/CyberCity_CentralSecurity_Tiles_1,CyberCity_CentralSecurity_Tiles_1,Interior_Door6,wall_security_barrier,262,164,True,"[0, 0, 262, 164]",262,164,8.432,0.91568,1.5976,False,False,False,B_WALL_SECURITY_BARRIER
CS_0706,res://assets/tilesets/cyber_city_core_tilesets/CyberCity_CentralSecurity_Tiles/CyberCity_CentralSecurity_Tiles_1/CyberCity_CentralSecurity_Tiles_1/Interior_Door6_3.png,Interior_Door6_3.png,CyberCity_CentralSecurity_Tiles_1/CyberCity_CentralSecurity_Tiles_1,CyberCity_CentralSecurity_Tiles_1,Interior_Door6,wall_security_barrier,47,311,True,"[0, 0, 47, 311]",47,311,20.127,0.79873,0.1511,False,False,False,B_WALL_SECURITY_BARRIER
CS_0707,res://assets/tilesets/cyber_city_core_tilesets/CyberCity_CentralSecurity_Tiles/CyberCity_CentralSecurity_Tiles_1/CyberCity_CentralSecurity_Tiles_1/Interior_Door6_4.png,Interior_Door6_4.png,CyberCity_CentralSecurity_Tiles_1/CyberCity_CentralSecurity_Tiles_1,CyberCity_CentralSecurity_Tiles_1,Interior_Door6,wall_security_barrier,260,163,True,"[0, 0, 260, 163]",260,163,7.312,0.92688,1.5951,False,False,False,B_WALL_SECURITY_BARRIER
CS_0708,res://assets/tilesets/cyber_city_core_tilesets/CyberCity_CentralSecurity_Tiles/CyberCity_CentralSecurity_Tiles_1/CyberCity_CentralSecurity_Tiles_1/Interior_Door6_5.png,Interior_Door6_5.png,CyberCity_CentralSecurity_Tiles_1/CyberCity_CentralSecurity_Tiles_1,CyberCity_CentralSecurity_Tiles_1,Interior_Door6,wall_security_barrier,207,278,True,"[0, 0, 207, 278]",207,278,43.407,0.56593,0.7446,False,False,False,B_WALL_SECURITY_BARRIER
CS_0709,res://assets/tilesets/cyber_city_core_tilesets/CyberCity_CentralSecurity_Tiles/CyberCity_CentralSecurity_Tiles_1/CyberCity_CentralSecurity_Tiles_1/Interior_Door6_6.png,Interior_Door6_6.png,CyberCity_CentralSecurity_Tiles_1/CyberCity_CentralSecurity_Tiles_1,CyberCity_CentralSecurity_Tiles_1,Interior_Door6,wall_security_barrier,207,276,True,"[0, 0, 207, 276]",207,276,42.962,0.57038,0.75,False,False,False,B_WALL_SECURITY_BARRIER
CS_0710,res://assets/tilesets/cyber_city_core_tilesets/CyberCity_CentralSecurity_Tiles/CyberCity_CentralSecurity_Tiles_1/CyberCity_CentralSecurity_Tiles_1/Interior_Door6_7.png,Interior_Door6_7.png,CyberCity_CentralSecurity_Tiles_1/CyberCity_CentralSecurity_Tiles_1,CyberCity_CentralSecurity_Tiles_1,Interior_Door6,wall_security_barrier,208,274,True,"[0, 0, 208, 274]",208,274,42.86,0.5714,0.7591,False,False,False,B_WALL_SECURITY_BARRIER
CS_0711,res://assets/tilesets/cyber_city_core_tilesets/CyberCity_CentralSecurity_Tiles/CyberCity_CentralSecurity_Tiles_1/CyberCity_CentralSecurity_Tiles_1/Interior_Door6_8.png,Interior_Door6_8.png,CyberCity_CentralSecurity_Tiles_1/CyberCity_CentralSecurity_Tiles_1,CyberCity_CentralSecurity_Tiles_1,Interior_Door6,wall_security_barrier,209,275,True,"[0, 0, 209, 275]",209,275,43.262,0.56738,0.76,False,False,False,B_WALL_SECURITY_BARRIER
CS_0712,res://assets/tilesets/cyber_city_core_tilesets/CyberCity_CentralSecurity_Tiles/CyberCity_CentralSecurity_Tiles_1/CyberCity_CentralSecurity_Tiles_1/Interior_FloorPanel1_1.png,Interior_FloorPanel1_1.png,CyberCity_CentralSecurity_Tiles_1/CyberCity_CentralSecurity_Tiles_1,CyberCity_CentralSecurity_Tiles_1,Interior_FloorPanel1,"ground_floor_road, prop_sign_tech",132,97,True,"[0, 0, 132, 97]",132,97,9.38,0.9062,1.3608,False,False,False,A_GROUND_FLOOR_ROAD
CS_0713,res://assets/tilesets/cyber_city_core_tilesets/CyberCity_CentralSecurity_Tiles/CyberCity_CentralSecurity_Tiles_1/CyberCity_CentralSecurity_Tiles_1/Interior_FloorPanel1_2.png,Interior_FloorPanel1_2.png,CyberCity_CentralSecurity_Tiles_1/CyberCity_CentralSecurity_Tiles_1,CyberCity_CentralSecurity_Tiles_1,Interior_FloorPanel1,"ground_floor_road, prop_sign_tech",136,99,True,"[0, 0, 136, 99]",136,99,13.622,0.86378,1.3737,False,False,False,A_GROUND_FLOOR_ROAD
CS_0714,res://assets/tilesets/cyber_city_core_tilesets/CyberCity_CentralSecurity_Tiles/CyberCity_CentralSecurity_Tiles_1/CyberCity_CentralSecurity_Tiles_1/Interior_FloorPanel1_3.png,Interior_FloorPanel1_3.png,CyberCity_CentralSecurity_Tiles_1/CyberCity_CentralSecurity_Tiles_1,CyberCity_CentralSecurity_Tiles_1,Interior_FloorPanel1,"ground_floor_road, prop_sign_tech",134,100,True,"[0, 0, 134, 100]",134,100,13.418,0.86582,1.34,False,False,False,A_GROUND_FLOOR_ROAD
CS_0715,res://assets/tilesets/cyber_city_core_tilesets/CyberCity_CentralSecurity_Tiles/CyberCity_CentralSecurity_Tiles_1/CyberCity_CentralSecurity_Tiles_1/Interior_FloorPanel1_4.png,Interior_FloorPanel1_4.png,CyberCity_CentralSecurity_Tiles_1/CyberCity_CentralSecurity_Tiles_1,CyberCity_CentralSecurity_Tiles_1,Interior_FloorPanel1,"ground_floor_road, prop_sign_tech",133,98,True,"[0, 0, 133, 98]",133,98,11.163,0.88837,1.3571,False,False,False,A_GROUND_FLOOR_ROAD
CS_0716,res://assets/tilesets/cyber_city_core_tilesets/CyberCity_CentralSecurity_Tiles/CyberCity_CentralSecurity_Tiles_1/CyberCity_CentralSecurity_Tiles_1/Interior_FloorPanel1_5.png,Interior_FloorPanel1_5.png,CyberCity_CentralSecurity_Tiles_1/CyberCity_CentralSecurity_Tiles_1,CyberCity_CentralSecurity_Tiles_1,Interior_FloorPanel1,"ground_floor_road, prop_sign_tech",179,127,True,"[0, 0, 179, 127]",179,127,48.801,0.51199,1.4094,False,False,False,A_GROUND_FLOOR_ROAD
CS_0717,res://assets/tilesets/cyber_city_core_tilesets/CyberCity_CentralSecurity_Tiles/CyberCity_CentralSecurity_Tiles_1/CyberCity_CentralSecurity_Tiles_1/Interior_FloorPanel1_6.png,Interior_FloorPanel1_6.png,CyberCity_CentralSecurity_Tiles_1/CyberCity_CentralSecurity_Tiles_1,CyberCity_CentralSecurity_Tiles_1,Interior_FloorPanel1,"ground_floor_road, prop_sign_tech",179,127,True,"[0, 0, 179, 127]",179,127,48.806,0.51194,1.4094,False,False,False,A_GROUND_FLOOR_ROAD
CS_0718,res://assets/tilesets/cyber_city_core_tilesets/CyberCity_CentralSecurity_Tiles/CyberCity_CentralSecurity_Tiles_1/CyberCity_CentralSecurity_Tiles_1/Interior_FloorPanel1_7.png,Interior_FloorPanel1_7.png,CyberCity_CentralSecurity_Tiles_1/CyberCity_CentralSecurity_Tiles_1,CyberCity_CentralSecurity_Tiles_1,Interior_FloorPanel1,"ground_floor_road, prop_sign_tech",179,127,True,"[0, 0, 179, 127]",179,127,48.797,0.51203,1.4094,False,False,False,A_GROUND_FLOOR_ROAD
CS_0719,res://assets/tilesets/cyber_city_core_tilesets/CyberCity_CentralSecurity_Tiles/CyberCity_CentralSecurity_Tiles_1/CyberCity_CentralSecurity_Tiles_1/Interior_FloorPanel1_8.png,Interior_FloorPanel1_8.png,CyberCity_CentralSecurity_Tiles_1/CyberCity_CentralSecurity_Tiles_1,CyberCity_CentralSecurity_Tiles_1,Interior_FloorPanel1,"ground_floor_road, prop_sign_tech",179,127,True,"[0, 0, 179, 127]",179,127,48.775,0.51225,1.4094,False,False,False,A_GROUND_FLOOR_ROAD
CS_0720,res://assets/tilesets/cyber_city_core_tilesets/CyberCity_CentralSecurity_Tiles/CyberCity_CentralSecurity_Tiles_1/CyberCity_CentralSecurity_Tiles_1/Interior_FloorPanel2_1.png,Interior_FloorPanel2_1.png,CyberCity_CentralSecurity_Tiles_1/CyberCity_CentralSecurity_Tiles_1,CyberCity_CentralSecurity_Tiles_1,Interior_FloorPanel2,"ground_floor_road, prop_sign_tech",132,97,True,"[0, 0, 132, 97]",132,97,9.38,0.9062,1.3608,False,False,False,A_GROUND_FLOOR_ROAD
CS_0721,res://assets/tilesets/cyber_city_core_tilesets/CyberCity_CentralSecurity_Tiles/CyberCity_CentralSecurity_Tiles_1/CyberCity_CentralSecurity_Tiles_1/Interior_FloorPanel2_2.png,Interior_FloorPanel2_2.png,CyberCity_CentralSecurity_Tiles_1/CyberCity_CentralSecurity_Tiles_1,CyberCity_CentralSecurity_Tiles_1,Interior_FloorPanel2,"ground_floor_road, prop_sign_tech",136,99,True,"[0, 0, 136, 99]",136,99,13.622,0.86378,1.3737,False,False,False,A_GROUND_FLOOR_ROAD
CS_0722,res://assets/tilesets/cyber_city_core_tilesets/CyberCity_CentralSecurity_Tiles/CyberCity_CentralSecurity_Tiles_1/CyberCity_CentralSecurity_Tiles_1/Interior_FloorPanel2_3.png,Interior_FloorPanel2_3.png,CyberCity_CentralSecurity_Tiles_1/CyberCity_CentralSecurity_Tiles_1,CyberCity_CentralSecurity_Tiles_1,Interior_FloorPanel2,"ground_floor_road, prop_sign_tech",134,100,True,"[0, 0, 134, 100]",134,100,13.41,0.8659,1.34,False,False,False,A_GROUND_FLOOR_ROAD
CS_0723,res://assets/tilesets/cyber_city_core_tilesets/CyberCity_CentralSecurity_Tiles/CyberCity_CentralSecurity_Tiles_1/CyberCity_CentralSecurity_Tiles_1/Interior_FloorPanel2_4.png,Interior_FloorPanel2_4.png,CyberCity_CentralSecurity_Tiles_1/CyberCity_CentralSecurity_Tiles_1,CyberCity_CentralSecurity_Tiles_1,Interior_FloorPanel2,"ground_floor_road, prop_sign_tech",133,98,True,"[0, 0, 133, 98]",133,98,11.163,0.88837,1.3571,False,False,False,A_GROUND_FLOOR_ROAD
CS_0724,res://assets/tilesets/cyber_city_core_tilesets/CyberCity_CentralSecurity_Tiles/CyberCity_CentralSecurity_Tiles_1/CyberCity_CentralSecurity_Tiles_1/Interior_FloorPanel2_5.png,Interior_FloorPanel2_5.png,CyberCity_CentralSecurity_Tiles_1/CyberCity_CentralSecurity_Tiles_1,CyberCity_CentralSecurity_Tiles_1,Interior_FloorPanel2,"ground_floor_road, prop_sign_tech",179,127,True,"[0, 0, 179, 127]",179,127,48.801,0.51199,1.4094,False,False,False,A_GROUND_FLOOR_ROAD
CS_0725,res://assets/tilesets/cyber_city_core_tilesets/CyberCity_CentralSecurity_Tiles/CyberCity_CentralSecurity_Tiles_1/CyberCity_CentralSecurity_Tiles_1/Interior_FloorPanel2_6.png,Interior_FloorPanel2_6.png,CyberCity_CentralSecurity_Tiles_1/CyberCity_CentralSecurity_Tiles_1,CyberCity_CentralSecurity_Tiles_1,Interior_FloorPanel2,"ground_floor_road, prop_sign_tech",179,127,True,"[0, 0, 179, 127]",179,127,48.806,0.51194,1.4094,False,False,False,A_GROUND_FLOOR_ROAD
CS_0726,res://assets/tilesets/cyber_city_core_tilesets/CyberCity_CentralSecurity_Tiles/CyberCity_CentralSecurity_Tiles_1/CyberCity_CentralSecurity_Tiles_1/Interior_FloorPanel2_7.png,Interior_FloorPanel2_7.png,CyberCity_CentralSecurity_Tiles_1/CyberCity_CentralSecurity_Tiles_1,CyberCity_CentralSecurity_Tiles_1,Interior_FloorPanel2,"ground_floor_road, prop_sign_tech",179,127,True,"[0, 0, 179, 127]",179,127,48.797,0.51203,1.4094,False,False,False,A_GROUND_FLOOR_ROAD
CS_0727,res://assets/tilesets/cyber_city_core_tilesets/CyberCity_CentralSecurity_Tiles/CyberCity_CentralSecurity_Tiles_1/CyberCity_CentralSecurity_Tiles_1/Interior_FloorPanel2_8.png,Interior_FloorPanel2_8.png,CyberCity_CentralSecurity_Tiles_1/CyberCity_CentralSecurity_Tiles_1,CyberCity_CentralSecurity_Tiles_1,Interior_FloorPanel2,"ground_floor_road, prop_sign_tech",179,127,True,"[0, 0, 179, 127]",179,127,48.775,0.51225,1.4094,False,False,False,A_GROUND_FLOOR_ROAD
CS_0728,res://assets/tilesets/cyber_city_core_tilesets/CyberCity_CentralSecurity_Tiles/CyberCity_CentralSecurity_Tiles_1/CyberCity_CentralSecurity_Tiles_1/Interior_FloorPanel3_1.png,Interior_FloorPanel3_1.png,CyberCity_CentralSecurity_Tiles_1/CyberCity_CentralSecurity_Tiles_1,CyberCity_CentralSecurity_Tiles_1,Interior_FloorPanel3,"ground_floor_road, prop_sign_tech",132,97,True,"[0, 0, 132, 97]",132,97,9.552,0.90448,1.3608,False,False,False,A_GROUND_FLOOR_ROAD
CS_0729,res://assets/tilesets/cyber_city_core_tilesets/CyberCity_CentralSecurity_Tiles/CyberCity_CentralSecurity_Tiles_1/CyberCity_CentralSecurity_Tiles_1/Interior_FloorPanel3_2.png,Interior_FloorPanel3_2.png,CyberCity_CentralSecurity_Tiles_1/CyberCity_CentralSecurity_Tiles_1,CyberCity_CentralSecurity_Tiles_1,Interior_FloorPanel3,"ground_floor_road, prop_sign_tech",136,99,True,"[0, 0, 136, 99]",136,99,14.245,0.85755,1.3737,False,False,False,A_GROUND_FLOOR_ROAD
CS_0730,res://assets/tilesets/cyber_city_core_tilesets/CyberCity_CentralSecurity_Tiles/CyberCity_CentralSecurity_Tiles_1/CyberCity_CentralSecurity_Tiles_1/Interior_FloorPanel3_3.png,Interior_FloorPanel3_3.png,CyberCity_CentralSecurity_Tiles_1/CyberCity_CentralSecurity_Tiles_1,CyberCity_CentralSecurity_Tiles_1,Interior_FloorPanel3,"ground_floor_road, prop_sign_tech",134,100,True,"[0, 0, 134, 100]",134,100,13.44,0.8656,1.34,False,False,False,A_GROUND_FLOOR_ROAD
CS_0731,res://assets/tilesets/cyber_city_core_tilesets/CyberCity_CentralSecurity_Tiles/CyberCity_CentralSecurity_Tiles_1/CyberCity_CentralSecurity_Tiles_1/Interior_FloorPanel3_4.png,Interior_FloorPanel3_4.png,CyberCity_CentralSecurity_Tiles_1/CyberCity_CentralSecurity_Tiles_1,CyberCity_CentralSecurity_Tiles_1,Interior_FloorPanel3,"ground_floor_road, prop_sign_tech",133,98,True,"[0, 0, 133, 98]",133,98,11.754,0.88246,1.3571,False,False,False,A_GROUND_FLOOR_ROAD
CS_0732,res://assets/tilesets/cyber_city_core_tilesets/CyberCity_CentralSecurity_Tiles/CyberCity_CentralSecurity_Tiles_1/CyberCity_CentralSecurity_Tiles_1/Interior_FloorPanel3_5.png,Interior_FloorPanel3_5.png,CyberCity_CentralSecurity_Tiles_1/CyberCity_CentralSecurity_Tiles_1,CyberCity_CentralSecurity_Tiles_1,Interior_FloorPanel3,"ground_floor_road, prop_sign_tech",179,127,True,"[0, 0, 179, 127]",179,127,49.065,0.50935,1.4094,False,False,False,A_GROUND_FLOOR_ROAD
CS_0733,res://assets/tilesets/cyber_city_core_tilesets/CyberCity_CentralSecurity_Tiles/CyberCity_CentralSecurity_Tiles_1/CyberCity_CentralSecurity_Tiles_1/Interior_FloorPanel3_6.png,Interior_FloorPanel3_6.png,CyberCity_CentralSecurity_Tiles_1/CyberCity_CentralSecurity_Tiles_1,CyberCity_CentralSecurity_Tiles_1,Interior_FloorPanel3,"ground_floor_road, prop_sign_tech",179,127,True,"[0, 0, 179, 127]",179,127,49.07,0.5093,1.4094,False,False,False,A_GROUND_FLOOR_ROAD
CS_0734,res://assets/tilesets/cyber_city_core_tilesets/CyberCity_CentralSecurity_Tiles/CyberCity_CentralSecurity_Tiles_1/CyberCity_CentralSecurity_Tiles_1/Interior_FloorPanel3_7.png,Interior_FloorPanel3_7.png,CyberCity_CentralSecurity_Tiles_1/CyberCity_CentralSecurity_Tiles_1,CyberCity_CentralSecurity_Tiles_1,Interior_FloorPanel3,"ground_floor_road, prop_sign_tech",179,127,True,"[0, 0, 179, 127]",179,127,49.043,0.50957,1.4094,False,False,False,A_GROUND_FLOOR_ROAD
CS_0735,res://assets/tilesets/cyber_city_core_tilesets/CyberCity_CentralSecurity_Tiles/CyberCity_CentralSecurity_Tiles_1/CyberCity_CentralSecurity_Tiles_1/Interior_FloorPanel3_8.png,Interior_FloorPanel3_8.png,CyberCity_CentralSecurity_Tiles_1/CyberCity_CentralSecurity_Tiles_1,CyberCity_CentralSecurity_Tiles_1,Interior_FloorPanel3,"ground_floor_road, prop_sign_tech",179,127,True,"[0, 0, 179, 127]",179,127,49.034,0.50966,1.4094,False,False,False,A_GROUND_FLOOR_ROAD
CS_0736,res://assets/tilesets/cyber_city_core_tilesets/CyberCity_CentralSecurity_Tiles/CyberCity_CentralSecurity_Tiles_1/CyberCity_CentralSecurity_Tiles_1/Interior_FloorPanel4_1.png,Interior_FloorPanel4_1.png,CyberCity_CentralSecurity_Tiles_1/CyberCity_CentralSecurity_Tiles_1,CyberCity_CentralSecurity_Tiles_1,Interior_FloorPanel4,"ground_floor_road, prop_sign_tech",132,97,True,"[0, 0, 132, 97]",132,97,30.319,0.69681,1.3608,False,False,False,A_GROUND_FLOOR_ROAD
CS_0737,res://assets/tilesets/cyber_city_core_tilesets/CyberCity_CentralSecurity_Tiles/CyberCity_CentralSecurity_Tiles_1/CyberCity_CentralSecurity_Tiles_1/Interior_FloorPanel4_2.png,Interior_FloorPanel4_2.png,CyberCity_CentralSecurity_Tiles_1/CyberCity_CentralSecurity_Tiles_1,CyberCity_CentralSecurity_Tiles_1,Interior_FloorPanel4,"ground_floor_road, prop_sign_tech",136,99,True,"[0, 0, 136, 99]",136,99,33.356,0.66644,1.3737,False,False,False,A_GROUND_FLOOR_ROAD
CS_0738,res://assets/tilesets/cyber_city_core_tilesets/CyberCity_CentralSecurity_Tiles/CyberCity_CentralSecurity_Tiles_1/CyberCity_CentralSecurity_Tiles_1/Interior_FloorPanel4_3.png,Interior_FloorPanel4_3.png,CyberCity_CentralSecurity_Tiles_1/CyberCity_CentralSecurity_Tiles_1,CyberCity_CentralSecurity_Tiles_1,Interior_FloorPanel4,"ground_floor_road, prop_sign_tech",134,100,True,"[0, 0, 134, 100]",134,100,33.754,0.66246,1.34,False,False,False,A_GROUND_FLOOR_ROAD
CS_0739,res://assets/tilesets/cyber_city_core_tilesets/CyberCity_CentralSecurity_Tiles/CyberCity_CentralSecurity_Tiles_1/CyberCity_CentralSecurity_Tiles_1/Interior_FloorPanel4_4.png,Interior_FloorPanel4_4.png,CyberCity_CentralSecurity_Tiles_1/CyberCity_CentralSecurity_Tiles_1,CyberCity_CentralSecurity_Tiles_1,Interior_FloorPanel4,"ground_floor_road, prop_sign_tech",133,98,True,"[0, 0, 133, 98]",133,98,30.858,0.69142,1.3571,False,False,False,A_GROUND_FLOOR_ROAD
CS_0740,res://assets/tilesets/cyber_city_core_tilesets/CyberCity_CentralSecurity_Tiles/CyberCity_CentralSecurity_Tiles_1/CyberCity_CentralSecurity_Tiles_1/Interior_FloorPanel4_5.png,Interior_FloorPanel4_5.png,CyberCity_CentralSecurity_Tiles_1/CyberCity_CentralSecurity_Tiles_1,CyberCity_CentralSecurity_Tiles_1,Interior_FloorPanel4,"ground_floor_road, prop_sign_tech",179,127,True,"[0, 0, 179, 127]",179,127,60.146,0.39854,1.4094,False,False,False,A_GROUND_FLOOR_ROAD
CS_0741,res://assets/tilesets/cyber_city_core_tilesets/CyberCity_CentralSecurity_Tiles/CyberCity_CentralSecurity_Tiles_1/CyberCity_CentralSecurity_Tiles_1/Interior_FloorPanel4_6.png,Interior_FloorPanel4_6.png,CyberCity_CentralSecurity_Tiles_1/CyberCity_CentralSecurity_Tiles_1,CyberCity_CentralSecurity_Tiles_1,Interior_FloorPanel4,"ground_floor_road, prop_sign_tech",179,127,True,"[0, 0, 179, 127]",179,127,60.15,0.3985,1.4094,False,False,False,A_GROUND_FLOOR_ROAD
CS_0742,res://assets/tilesets/cyber_city_core_tilesets/CyberCity_CentralSecurity_Tiles/CyberCity_CentralSecurity_Tiles_1/CyberCity_CentralSecurity_Tiles_1/Interior_FloorPanel4_7.png,Interior_FloorPanel4_7.png,CyberCity_CentralSecurity_Tiles_1/CyberCity_CentralSecurity_Tiles_1,CyberCity_CentralSecurity_Tiles_1,Interior_FloorPanel4,"ground_floor_road, prop_sign_tech",179,127,True,"[0, 0, 179, 127]",179,127,60.098,0.39902,1.4094,False,False,False,A_GROUND_FLOOR_ROAD
CS_0743,res://assets/tilesets/cyber_city_core_tilesets/CyberCity_CentralSecurity_Tiles/CyberCity_CentralSecurity_Tiles_1/CyberCity_CentralSecurity_Tiles_1/Interior_FloorPanel4_8.png,Interior_FloorPanel4_8.png,CyberCity_CentralSecurity_Tiles_1/CyberCity_CentralSecurity_Tiles_1,CyberCity_CentralSecurity_Tiles_1,Interior_FloorPanel4,"ground_floor_road, prop_sign_tech",179,127,True,"[0, 0, 179, 127]",179,127,60.106,0.39894,1.4094,False,False,False,A_GROUND_FLOOR_ROAD
CS_0744,res://assets/tilesets/cyber_city_core_tilesets/CyberCity_CentralSecurity_Tiles/CyberCity_CentralSecurity_Tiles_1/CyberCity_CentralSecurity_Tiles_1/Interior_FloorPanel5_1.png,Interior_FloorPanel5_1.png,CyberCity_CentralSecurity_Tiles_1/CyberCity_CentralSecurity_Tiles_1,CyberCity_CentralSecurity_Tiles_1,Interior_FloorPanel5,"ground_floor_road, prop_sign_tech",132,97,True,"[0, 0, 132, 97]",132,97,9.38,0.9062,1.3608,False,False,False,A_GROUND_FLOOR_ROAD
CS_0745,res://assets/tilesets/cyber_city_core_tilesets/CyberCity_CentralSecurity_Tiles/CyberCity_CentralSecurity_Tiles_1/CyberCity_CentralSecurity_Tiles_1/Interior_FloorPanel5_2.png,Interior_FloorPanel5_2.png,CyberCity_CentralSecurity_Tiles_1/CyberCity_CentralSecurity_Tiles_1,CyberCity_CentralSecurity_Tiles_1,Interior_FloorPanel5,"ground_floor_road, prop_sign_tech",136,99,True,"[0, 0, 136, 99]",136,99,13.622,0.86378,1.3737,False,False,False,A_GROUND_FLOOR_ROAD
CS_0746,res://assets/tilesets/cyber_city_core_tilesets/CyberCity_CentralSecurity_Tiles/CyberCity_CentralSecurity_Tiles_1/CyberCity_CentralSecurity_Tiles_1/Interior_FloorPanel5_3.png,Interior_FloorPanel5_3.png,CyberCity_CentralSecurity_Tiles_1/CyberCity_CentralSecurity_Tiles_1,CyberCity_CentralSecurity_Tiles_1,Interior_FloorPanel5,"ground_floor_road, prop_sign_tech",134,100,True,"[0, 0, 134, 100]",134,100,13.41,0.8659,1.34,False,False,False,A_GROUND_FLOOR_ROAD
CS_0747,res://assets/tilesets/cyber_city_core_tilesets/CyberCity_CentralSecurity_Tiles/CyberCity_CentralSecurity_Tiles_1/CyberCity_CentralSecurity_Tiles_1/Interior_FloorPanel5_4.png,Interior_FloorPanel5_4.png,CyberCity_CentralSecurity_Tiles_1/CyberCity_CentralSecurity_Tiles_1,CyberCity_CentralSecurity_Tiles_1,Interior_FloorPanel5,"ground_floor_road, prop_sign_tech",133,98,True,"[0, 0, 133, 98]",133,98,11.163,0.88837,1.3571,False,False,False,A_GROUND_FLOOR_ROAD
CS_0748,res://assets/tilesets/cyber_city_core_tilesets/CyberCity_CentralSecurity_Tiles/CyberCity_CentralSecurity_Tiles_1/CyberCity_CentralSecurity_Tiles_1/Interior_FloorPanel5_5.png,Interior_FloorPanel5_5.png,CyberCity_CentralSecurity_Tiles_1/CyberCity_CentralSecurity_Tiles_1,CyberCity_CentralSecurity_Tiles_1,Interior_FloorPanel5,"ground_floor_road, prop_sign_tech",179,127,True,"[0, 0, 179, 127]",179,127,48.801,0.51199,1.4094,False,False,False,A_GROUND_FLOOR_ROAD
CS_0749,res://assets/tilesets/cyber_city_core_tilesets/CyberCity_CentralSecurity_Tiles/CyberCity_CentralSecurity_Tiles_1/CyberCity_CentralSecurity_Tiles_1/Interior_FloorPanel5_6.png,Interior_FloorPanel5_6.png,CyberCity_CentralSecurity_Tiles_1/CyberCity_CentralSecurity_Tiles_1,CyberCity_CentralSecurity_Tiles_1,Interior_FloorPanel5,"ground_floor_road, prop_sign_tech",179,127,True,"[0, 0, 179, 127]",179,127,48.806,0.51194,1.4094,False,False,False,A_GROUND_FLOOR_ROAD
CS_0750,res://assets/tilesets/cyber_city_core_tilesets/CyberCity_CentralSecurity_Tiles/CyberCity_CentralSecurity_Tiles_1/CyberCity_CentralSecurity_Tiles_1/Interior_FloorPanel5_7.png,Interior_FloorPanel5_7.png,CyberCity_CentralSecurity_Tiles_1/CyberCity_CentralSecurity_Tiles_1,CyberCity_CentralSecurity_Tiles_1,Interior_FloorPanel5,"ground_floor_road, prop_sign_tech",179,127,True,"[0, 0, 179, 127]",179,127,48.797,0.51203,1.4094,False,False,False,A_GROUND_FLOOR_ROAD
CS_0751,res://assets/tilesets/cyber_city_core_tilesets/CyberCity_CentralSecurity_Tiles/CyberCity_CentralSecurity_Tiles_1/CyberCity_CentralSecurity_Tiles_1/Interior_FloorPanel5_8.png,Interior_FloorPanel5_8.png,CyberCity_CentralSecurity_Tiles_1/CyberCity_CentralSecurity_Tiles_1,CyberCity_CentralSecurity_Tiles_1,Interior_FloorPanel5,"ground_floor_road, prop_sign_tech",179,127,True,"[0, 0, 179, 127]",179,127,48.775,0.51225,1.4094,False,False,False,A_GROUND_FLOOR_ROAD
CS_0752,res://assets/tilesets/cyber_city_core_tilesets/CyberCity_CentralSecurity_Tiles/CyberCity_CentralSecurity_Tiles_1/CyberCity_CentralSecurity_Tiles_1/Interior_FloorPanel6_1.png,Interior_FloorPanel6_1.png,CyberCity_CentralSecurity_Tiles_1/CyberCity_CentralSecurity_Tiles_1,CyberCity_CentralSecurity_Tiles_1,Interior_FloorPanel6,"ground_floor_road, prop_sign_tech",132,97,True,"[0, 0, 132, 97]",132,97,9.38,0.9062,1.3608,False,False,False,A_GROUND_FLOOR_ROAD
CS_0753,res://assets/tilesets/cyber_city_core_tilesets/CyberCity_CentralSecurity_Tiles/CyberCity_CentralSecurity_Tiles_1/CyberCity_CentralSecurity_Tiles_1/Interior_FloorPanel6_2.png,Interior_FloorPanel6_2.png,CyberCity_CentralSecurity_Tiles_1/CyberCity_CentralSecurity_Tiles_1,CyberCity_CentralSecurity_Tiles_1,Interior_FloorPanel6,"ground_floor_road, prop_sign_tech",136,99,True,"[0, 0, 136, 99]",136,99,13.622,0.86378,1.3737,False,False,False,A_GROUND_FLOOR_ROAD
CS_0754,res://assets/tilesets/cyber_city_core_tilesets/CyberCity_CentralSecurity_Tiles/CyberCity_CentralSecurity_Tiles_1/CyberCity_CentralSecurity_Tiles_1/Interior_FloorPanel6_3.png,Interior_FloorPanel6_3.png,CyberCity_CentralSecurity_Tiles_1/CyberCity_CentralSecurity_Tiles_1,CyberCity_CentralSecurity_Tiles_1,Interior_FloorPanel6,"ground_floor_road, prop_sign_tech",134,100,True,"[0, 0, 134, 100]",134,100,13.41,0.8659,1.34,False,False,False,A_GROUND_FLOOR_ROAD
CS_0755,res://assets/tilesets/cyber_city_core_tilesets/CyberCity_CentralSecurity_Tiles/CyberCity_CentralSecurity_Tiles_1/CyberCity_CentralSecurity_Tiles_1/Interior_FloorPanel6_4.png,Interior_FloorPanel6_4.png,CyberCity_CentralSecurity_Tiles_1/CyberCity_CentralSecurity_Tiles_1,CyberCity_CentralSecurity_Tiles_1,Interior_FloorPanel6,"ground_floor_road, prop_sign_tech",133,98,True,"[0, 0, 133, 98]",133,98,11.163,0.88837,1.3571,False,False,False,A_GROUND_FLOOR_ROAD
CS_0756,res://assets/tilesets/cyber_city_core_tilesets/CyberCity_CentralSecurity_Tiles/CyberCity_CentralSecurity_Tiles_1/CyberCity_CentralSecurity_Tiles_1/Interior_FloorPanel6_5.png,Interior_FloorPanel6_5.png,CyberCity_CentralSecurity_Tiles_1/CyberCity_CentralSecurity_Tiles_1,CyberCity_CentralSecurity_Tiles_1,Interior_FloorPanel6,"ground_floor_road, prop_sign_tech",179,127,True,"[0, 0, 179, 127]",179,127,48.801,0.51199,1.4094,False,False,False,A_GROUND_FLOOR_ROAD
CS_0757,res://assets/tilesets/cyber_city_core_tilesets/CyberCity_CentralSecurity_Tiles/CyberCity_CentralSecurity_Tiles_1/CyberCity_CentralSecurity_Tiles_1/Interior_FloorPanel6_6.png,Interior_FloorPanel6_6.png,CyberCity_CentralSecurity_Tiles_1/CyberCity_CentralSecurity_Tiles_1,CyberCity_CentralSecurity_Tiles_1,Interior_FloorPanel6,"ground_floor_road, prop_sign_tech",179,127,True,"[0, 0, 179, 127]",179,127,48.806,0.51194,1.4094,False,False,False,A_GROUND_FLOOR_ROAD
CS_0758,res://assets/tilesets/cyber_city_core_tilesets/CyberCity_CentralSecurity_Tiles/CyberCity_CentralSecurity_Tiles_1/CyberCity_CentralSecurity_Tiles_1/Interior_FloorPanel6_7.png,Interior_FloorPanel6_7.png,CyberCity_CentralSecurity_Tiles_1/CyberCity_CentralSecurity_Tiles_1,CyberCity_CentralSecurity_Tiles_1,Interior_FloorPanel6,"ground_floor_road, prop_sign_tech",179,127,True,"[0, 0, 179, 127]",179,127,48.797,0.51203,1.4094,False,False,False,A_GROUND_FLOOR_ROAD
CS_0759,res://assets/tilesets/cyber_city_core_tilesets/CyberCity_CentralSecurity_Tiles/CyberCity_CentralSecurity_Tiles_1/CyberCity_CentralSecurity_Tiles_1/Interior_FloorPanel6_8.png,Interior_FloorPanel6_8.png,CyberCity_CentralSecurity_Tiles_1/CyberCity_CentralSecurity_Tiles_1,CyberCity_CentralSecurity_Tiles_1,Interior_FloorPanel6,"ground_floor_road, prop_sign_tech",179,127,True,"[0, 0, 179, 127]",179,127,48.775,0.51225,1.4094,False,False,False,A_GROUND_FLOOR_ROAD
CS_0760,res://assets/tilesets/cyber_city_core_tilesets/CyberCity_CentralSecurity_Tiles/CyberCity_CentralSecurity_Tiles_1/CyberCity_CentralSecurity_Tiles_1/Interior_WallPanel10_1.png,Interior_WallPanel10_1.png,CyberCity_CentralSecurity_Tiles_1/CyberCity_CentralSecurity_Tiles_1,CyberCity_CentralSecurity_Tiles_1,Interior_WallPanel10,"wall_security_barrier, prop_sign_tech",131,54,True,"[0, 0, 131, 54]",131,54,11.507,0.88493,2.4259,False,False,False,B_WALL_SECURITY_BARRIER
CS_0761,res://assets/tilesets/cyber_city_core_tilesets/CyberCity_CentralSecurity_Tiles/CyberCity_CentralSecurity_Tiles_1/CyberCity_CentralSecurity_Tiles_1/Interior_WallPanel10_2.png,Interior_WallPanel10_2.png,CyberCity_CentralSecurity_Tiles_1/CyberCity_CentralSecurity_Tiles_1,CyberCity_CentralSecurity_Tiles_1,Interior_WallPanel10,"wall_security_barrier, prop_sign_tech",13,136,True,"[0, 0, 13, 136]",13,136,46.719,0.53281,0.0956,False,False,True,B_WALL_SECURITY_BARRIER
CS_0762,res://assets/tilesets/cyber_city_core_tilesets/CyberCity_CentralSecurity_Tiles/CyberCity_CentralSecurity_Tiles_1/CyberCity_CentralSecurity_Tiles_1/Interior_WallPanel10_3.png,Interior_WallPanel10_3.png,CyberCity_CentralSecurity_Tiles_1/CyberCity_CentralSecurity_Tiles_1,CyberCity_CentralSecurity_Tiles_1,Interior_WallPanel10,"wall_security_barrier, prop_sign_tech",134,59,True,"[0, 0, 134, 59]",134,59,21.237,0.78763,2.2712,False,False,False,B_WALL_SECURITY_BARRIER
CS_0763,res://assets/tilesets/cyber_city_core_tilesets/CyberCity_CentralSecurity_Tiles/CyberCity_CentralSecurity_Tiles_1/CyberCity_CentralSecurity_Tiles_1/Interior_WallPanel10_4.png,Interior_WallPanel10_4.png,CyberCity_CentralSecurity_Tiles_1/CyberCity_CentralSecurity_Tiles_1,CyberCity_CentralSecurity_Tiles_1,Interior_WallPanel10,"wall_security_barrier, prop_sign_tech",15,134,True,"[0, 0, 15, 134]",15,134,53.333,0.46667,0.1119,False,False,True,B_WALL_SECURITY_BARRIER
CS_0764,res://assets/tilesets/cyber_city_core_tilesets/CyberCity_CentralSecurity_Tiles/CyberCity_CentralSecurity_Tiles_1/CyberCity_CentralSecurity_Tiles_1/Interior_WallPanel10_5.png,Interior_WallPanel10_5.png,CyberCity_CentralSecurity_Tiles_1/CyberCity_CentralSecurity_Tiles_1,CyberCity_CentralSecurity_Tiles_1,Interior_WallPanel10,"wall_security_barrier, prop_sign_tech",97,110,True,"[0, 0, 97, 110]",97,110,55.895,0.44105,0.8818,False,False,False,B_WALL_SECURITY_BARRIER
CS_0765,res://assets/tilesets/cyber_city_core_tilesets/CyberCity_CentralSecurity_Tiles/CyberCity_CentralSecurity_Tiles_1/CyberCity_CentralSecurity_Tiles_1/Interior_WallPanel10_6.png,Interior_WallPanel10_6.png,CyberCity_CentralSecurity_Tiles_1/CyberCity_CentralSecurity_Tiles_1,CyberCity_CentralSecurity_Tiles_1,Interior_WallPanel10,"wall_security_barrier, prop_sign_tech",94,110,True,"[0, 0, 94, 110]",94,110,54.574,0.45426,0.8545,False,False,False,B_WALL_SECURITY_BARRIER
CS_0766,res://assets/tilesets/cyber_city_core_tilesets/CyberCity_CentralSecurity_Tiles/CyberCity_CentralSecurity_Tiles_1/CyberCity_CentralSecurity_Tiles_1/Interior_WallPanel10_7.png,Interior_WallPanel10_7.png,CyberCity_CentralSecurity_Tiles_1/CyberCity_CentralSecurity_Tiles_1,CyberCity_CentralSecurity_Tiles_1,Interior_WallPanel10,"wall_security_barrier, prop_sign_tech",101,110,True,"[0, 0, 101, 110]",101,110,57.768,0.42232,0.9182,False,False,False,B_WALL_SECURITY_BARRIER
CS_0767,res://assets/tilesets/cyber_city_core_tilesets/CyberCity_CentralSecurity_Tiles/CyberCity_CentralSecurity_Tiles_1/CyberCity_CentralSecurity_Tiles_1/Interior_WallPanel10_8.png,Interior_WallPanel10_8.png,CyberCity_CentralSecurity_Tiles_1/CyberCity_CentralSecurity_Tiles_1,CyberCity_CentralSecurity_Tiles_1,Interior_WallPanel10,"wall_security_barrier, prop_sign_tech",100,110,True,"[0, 0, 100, 110]",100,110,57.136,0.42864,0.9091,False,False,False,B_WALL_SECURITY_BARRIER
CS_0768,res://assets/tilesets/cyber_city_core_tilesets/CyberCity_CentralSecurity_Tiles/CyberCity_CentralSecurity_Tiles_1/CyberCity_CentralSecurity_Tiles_1/Interior_WallPanel11_1.png,Interior_WallPanel11_1.png,CyberCity_CentralSecurity_Tiles_1/CyberCity_CentralSecurity_Tiles_1,CyberCity_CentralSecurity_Tiles_1,Interior_WallPanel11,"wall_security_barrier, prop_sign_tech",131,54,True,"[0, 0, 131, 54]",131,54,11.507,0.88493,2.4259,False,False,False,B_WALL_SECURITY_BARRIER
CS_0769,res://assets/tilesets/cyber_city_core_tilesets/CyberCity_CentralSecurity_Tiles/CyberCity_CentralSecurity_Tiles_1/CyberCity_CentralSecurity_Tiles_1/Interior_WallPanel11_2.png,Interior_WallPanel11_2.png,CyberCity_CentralSecurity_Tiles_1/CyberCity_CentralSecurity_Tiles_1,CyberCity_CentralSecurity_Tiles_1,Interior_WallPanel11,"wall_security_barrier, prop_sign_tech",13,136,True,"[0, 0, 13, 136]",13,136,53.959,0.46041,0.0956,False,False,True,B_WALL_SECURITY_BARRIER
CS_0770,res://assets/tilesets/cyber_city_core_tilesets/CyberCity_CentralSecurity_Tiles/CyberCity_CentralSecurity_Tiles_1/CyberCity_CentralSecurity_Tiles_1/Interior_WallPanel11_3.png,Interior_WallPanel11_3.png,CyberCity_CentralSecurity_Tiles_1/CyberCity_CentralSecurity_Tiles_1,CyberCity_CentralSecurity_Tiles_1,Interior_WallPanel11,"wall_security_barrier, prop_sign_tech",134,59,True,"[0, 0, 134, 59]",134,59,21.237,0.78763,2.2712,False,False,False,B_WALL_SECURITY_BARRIER
CS_0771,res://assets/tilesets/cyber_city_core_tilesets/CyberCity_CentralSecurity_Tiles/CyberCity_CentralSecurity_Tiles_1/CyberCity_CentralSecurity_Tiles_1/Interior_WallPanel11_4.png,Interior_WallPanel11_4.png,CyberCity_CentralSecurity_Tiles_1/CyberCity_CentralSecurity_Tiles_1,CyberCity_CentralSecurity_Tiles_1,Interior_WallPanel11,"wall_security_barrier, prop_sign_tech",13,134,True,"[0, 0, 13, 134]",13,134,53.387,0.46613,0.097,False,False,True,B_WALL_SECURITY_BARRIER
CS_0772,res://assets/tilesets/cyber_city_core_tilesets/CyberCity_CentralSecurity_Tiles/CyberCity_CentralSecurity_Tiles_1/CyberCity_CentralSecurity_Tiles_1/Interior_WallPanel11_5.png,Interior_WallPanel11_5.png,CyberCity_CentralSecurity_Tiles_1/CyberCity_CentralSecurity_Tiles_1,CyberCity_CentralSecurity_Tiles_1,Interior_WallPanel11,"wall_security_barrier, prop_sign_tech",97,110,True,"[0, 0, 97, 110]",97,110,55.895,0.44105,0.8818,False,False,False,B_WALL_SECURITY_BARRIER
CS_0773,res://assets/tilesets/cyber_city_core_tilesets/CyberCity_CentralSecurity_Tiles/CyberCity_CentralSecurity_Tiles_1/CyberCity_CentralSecurity_Tiles_1/Interior_WallPanel11_6.png,Interior_WallPanel11_6.png,CyberCity_CentralSecurity_Tiles_1/CyberCity_CentralSecurity_Tiles_1,CyberCity_CentralSecurity_Tiles_1,Interior_WallPanel11,"wall_security_barrier, prop_sign_tech",94,110,True,"[0, 0, 94, 110]",94,110,54.574,0.45426,0.8545,False,False,False,B_WALL_SECURITY_BARRIER
CS_0774,res://assets/tilesets/cyber_city_core_tilesets/CyberCity_CentralSecurity_Tiles/CyberCity_CentralSecurity_Tiles_1/CyberCity_CentralSecurity_Tiles_1/Interior_WallPanel11_7.png,Interior_WallPanel11_7.png,CyberCity_CentralSecurity_Tiles_1/CyberCity_CentralSecurity_Tiles_1,CyberCity_CentralSecurity_Tiles_1,Interior_WallPanel11,"wall_security_barrier, prop_sign_tech",101,110,True,"[0, 0, 101, 110]",101,110,57.768,0.42232,0.9182,False,False,False,B_WALL_SECURITY_BARRIER
CS_0775,res://assets/tilesets/cyber_city_core_tilesets/CyberCity_CentralSecurity_Tiles/CyberCity_CentralSecurity_Tiles_1/CyberCity_CentralSecurity_Tiles_1/Interior_WallPanel11_8.png,Interior_WallPanel11_8.png,CyberCity_CentralSecurity_Tiles_1/CyberCity_CentralSecurity_Tiles_1,CyberCity_CentralSecurity_Tiles_1,Interior_WallPanel11,"wall_security_barrier, prop_sign_tech",100,110,True,"[0, 0, 100, 110]",100,110,57.136,0.42864,0.9091,False,False,False,B_WALL_SECURITY_BARRIER
CS_0776,res://assets/tilesets/cyber_city_core_tilesets/CyberCity_CentralSecurity_Tiles/CyberCity_CentralSecurity_Tiles_1/CyberCity_CentralSecurity_Tiles_1/Interior_WallPanel12_1.png,Interior_WallPanel12_1.png,CyberCity_CentralSecurity_Tiles_1/CyberCity_CentralSecurity_Tiles_1,CyberCity_CentralSecurity_Tiles_1,Interior_WallPanel12,"wall_security_barrier, prop_sign_tech",131,54,True,"[0, 0, 131, 54]",131,54,11.507,0.88493,2.4259,False,False,False,B_WALL_SECURITY_BARRIER
CS_0777,res://assets/tilesets/cyber_city_core_tilesets/CyberCity_CentralSecurity_Tiles/CyberCity_CentralSecurity_Tiles_1/CyberCity_CentralSecurity_Tiles_1/Interior_WallPanel12_2.png,Interior_WallPanel12_2.png,CyberCity_CentralSecurity_Tiles_1/CyberCity_CentralSecurity_Tiles_1,CyberCity_CentralSecurity_Tiles_1,Interior_WallPanel12,"wall_security_barrier, prop_sign_tech",13,136,True,"[0, 0, 13, 136]",13,136,53.959,0.46041,0.0956,False,False,True,B_WALL_SECURITY_BARRIER
CS_0778,res://assets/tilesets/cyber_city_core_tilesets/CyberCity_CentralSecurity_Tiles/CyberCity_CentralSecurity_Tiles_1/CyberCity_CentralSecurity_Tiles_1/Interior_WallPanel12_3.png,Interior_WallPanel12_3.png,CyberCity_CentralSecurity_Tiles_1/CyberCity_CentralSecurity_Tiles_1,CyberCity_CentralSecurity_Tiles_1,Interior_WallPanel12,"wall_security_barrier, prop_sign_tech",134,59,True,"[0, 0, 134, 59]",134,59,21.237,0.78763,2.2712,False,False,False,B_WALL_SECURITY_BARRIER
CS_0779,res://assets/tilesets/cyber_city_core_tilesets/CyberCity_CentralSecurity_Tiles/CyberCity_CentralSecurity_Tiles_1/CyberCity_CentralSecurity_Tiles_1/Interior_WallPanel12_4.png,Interior_WallPanel12_4.png,CyberCity_CentralSecurity_Tiles_1/CyberCity_CentralSecurity_Tiles_1,CyberCity_CentralSecurity_Tiles_1,Interior_WallPanel12,"wall_security_barrier, prop_sign_tech",13,134,True,"[0, 0, 13, 134]",13,134,53.387,0.46613,0.097,False,False,True,B_WALL_SECURITY_BARRIER
CS_0780,res://assets/tilesets/cyber_city_core_tilesets/CyberCity_CentralSecurity_Tiles/CyberCity_CentralSecurity_Tiles_1/CyberCity_CentralSecurity_Tiles_1/Interior_WallPanel12_5.png,Interior_WallPanel12_5.png,CyberCity_CentralSecurity_Tiles_1/CyberCity_CentralSecurity_Tiles_1,CyberCity_CentralSecurity_Tiles_1,Interior_WallPanel12,"wall_security_barrier, prop_sign_tech",97,110,True,"[0, 0, 97, 110]",97,110,55.895,0.44105,0.8818,False,False,False,B_WALL_SECURITY_BARRIER
CS_0781,res://assets/tilesets/cyber_city_core_tilesets/CyberCity_CentralSecurity_Tiles/CyberCity_CentralSecurity_Tiles_1/CyberCity_CentralSecurity_Tiles_1/Interior_WallPanel12_6.png,Interior_WallPanel12_6.png,CyberCity_CentralSecurity_Tiles_1/CyberCity_CentralSecurity_Tiles_1,CyberCity_CentralSecurity_Tiles_1,Interior_WallPanel12,"wall_security_barrier, prop_sign_tech",94,110,True,"[0, 0, 94, 110]",94,110,54.574,0.45426,0.8545,False,False,False,B_WALL_SECURITY_BARRIER
CS_0782,res://assets/tilesets/cyber_city_core_tilesets/CyberCity_CentralSecurity_Tiles/CyberCity_CentralSecurity_Tiles_1/CyberCity_CentralSecurity_Tiles_1/Interior_WallPanel12_7.png,Interior_WallPanel12_7.png,CyberCity_CentralSecurity_Tiles_1/CyberCity_CentralSecurity_Tiles_1,CyberCity_CentralSecurity_Tiles_1,Interior_WallPanel12,"wall_security_barrier, prop_sign_tech",101,110,True,"[0, 0, 101, 110]",101,110,57.768,0.42232,0.9182,False,False,False,B_WALL_SECURITY_BARRIER
CS_0783,res://assets/tilesets/cyber_city_core_tilesets/CyberCity_CentralSecurity_Tiles/CyberCity_CentralSecurity_Tiles_1/CyberCity_CentralSecurity_Tiles_1/Interior_WallPanel12_8.png,Interior_WallPanel12_8.png,CyberCity_CentralSecurity_Tiles_1/CyberCity_CentralSecurity_Tiles_1,CyberCity_CentralSecurity_Tiles_1,Interior_WallPanel12,"wall_security_barrier, prop_sign_tech",100,110,True,"[0, 0, 100, 110]",100,110,57.136,0.42864,0.9091,False,False,False,B_WALL_SECURITY_BARRIER
CS_0784,res://assets/tilesets/cyber_city_core_tilesets/CyberCity_CentralSecurity_Tiles/CyberCity_CentralSecurity_Tiles_1/CyberCity_CentralSecurity_Tiles_1/Interior_WallPanel13_1.png,Interior_WallPanel13_1.png,CyberCity_CentralSecurity_Tiles_1/CyberCity_CentralSecurity_Tiles_1,CyberCity_CentralSecurity_Tiles_1,Interior_WallPanel13,"wall_security_barrier, prop_sign_tech",131,54,True,"[0, 0, 131, 54]",131,54,11.507,0.88493,2.4259,False,False,False,B_WALL_SECURITY_BARRIER
CS_0785,res://assets/tilesets/cyber_city_core_tilesets/CyberCity_CentralSecurity_Tiles/CyberCity_CentralSecurity_Tiles_1/CyberCity_CentralSecurity_Tiles_1/Interior_WallPanel13_2.png,Interior_WallPanel13_2.png,CyberCity_CentralSecurity_Tiles_1/CyberCity_CentralSecurity_Tiles_1,CyberCity_CentralSecurity_Tiles_1,Interior_WallPanel13,"wall_security_barrier, prop_sign_tech",15,136,True,"[0, 0, 15, 136]",15,136,54.608,0.45392,0.1103,False,False,True,B_WALL_SECURITY_BARRIER
CS_0786,res://assets/tilesets/cyber_city_core_tilesets/CyberCity_CentralSecurity_Tiles/CyberCity_CentralSecurity_Tiles_1/CyberCity_CentralSecurity_Tiles_1/Interior_WallPanel13_3.png,Interior_WallPanel13_3.png,CyberCity_CentralSecurity_Tiles_1/CyberCity_CentralSecurity_Tiles_1,CyberCity_CentralSecurity_Tiles_1,Interior_WallPanel13,"wall_security_barrier, prop_sign_tech",134,59,True,"[0, 0, 134, 59]",134,59,21.237,0.78763,2.2712,False,False,False,B_WALL_SECURITY_BARRIER
CS_0787,res://assets/tilesets/cyber_city_core_tilesets/CyberCity_CentralSecurity_Tiles/CyberCity_CentralSecurity_Tiles_1/CyberCity_CentralSecurity_Tiles_1/Interior_WallPanel13_4.png,Interior_WallPanel13_4.png,CyberCity_CentralSecurity_Tiles_1/CyberCity_CentralSecurity_Tiles_1,CyberCity_CentralSecurity_Tiles_1,Interior_WallPanel13,"wall_security_barrier, prop_sign_tech",13,134,True,"[0, 0, 13, 134]",13,134,45.006,0.54994,0.097,False,False,True,B_WALL_SECURITY_BARRIER
CS_0788,res://assets/tilesets/cyber_city_core_tilesets/CyberCity_CentralSecurity_Tiles/CyberCity_CentralSecurity_Tiles_1/CyberCity_CentralSecurity_Tiles_1/Interior_WallPanel13_5.png,Interior_WallPanel13_5.png,CyberCity_CentralSecurity_Tiles_1/CyberCity_CentralSecurity_Tiles_1,CyberCity_CentralSecurity_Tiles_1,Interior_WallPanel13,"wall_security_barrier, prop_sign_tech",97,110,True,"[0, 0, 97, 110]",97,110,55.895,0.44105,0.8818,False,False,False,B_WALL_SECURITY_BARRIER
CS_0789,res://assets/tilesets/cyber_city_core_tilesets/CyberCity_CentralSecurity_Tiles/CyberCity_CentralSecurity_Tiles_1/CyberCity_CentralSecurity_Tiles_1/Interior_WallPanel13_6.png,Interior_WallPanel13_6.png,CyberCity_CentralSecurity_Tiles_1/CyberCity_CentralSecurity_Tiles_1,CyberCity_CentralSecurity_Tiles_1,Interior_WallPanel13,"wall_security_barrier, prop_sign_tech",94,110,True,"[0, 0, 94, 110]",94,110,54.574,0.45426,0.8545,False,False,False,B_WALL_SECURITY_BARRIER
CS_0790,res://assets/tilesets/cyber_city_core_tilesets/CyberCity_CentralSecurity_Tiles/CyberCity_CentralSecurity_Tiles_1/CyberCity_CentralSecurity_Tiles_1/Interior_WallPanel13_7.png,Interior_WallPanel13_7.png,CyberCity_CentralSecurity_Tiles_1/CyberCity_CentralSecurity_Tiles_1,CyberCity_CentralSecurity_Tiles_1,Interior_WallPanel13,"wall_security_barrier, prop_sign_tech",101,110,True,"[0, 0, 101, 110]",101,110,57.768,0.42232,0.9182,False,False,False,B_WALL_SECURITY_BARRIER
CS_0791,res://assets/tilesets/cyber_city_core_tilesets/CyberCity_CentralSecurity_Tiles/CyberCity_CentralSecurity_Tiles_1/CyberCity_CentralSecurity_Tiles_1/Interior_WallPanel13_8.png,Interior_WallPanel13_8.png,CyberCity_CentralSecurity_Tiles_1/CyberCity_CentralSecurity_Tiles_1,CyberCity_CentralSecurity_Tiles_1,Interior_WallPanel13,"wall_security_barrier, prop_sign_tech",100,110,True,"[0, 0, 100, 110]",100,110,57.136,0.42864,0.9091,False,False,False,B_WALL_SECURITY_BARRIER
CS_0792,res://assets/tilesets/cyber_city_core_tilesets/CyberCity_CentralSecurity_Tiles/CyberCity_CentralSecurity_Tiles_1/CyberCity_CentralSecurity_Tiles_1/Interior_WallPanel14_1.png,Interior_WallPanel14_1.png,CyberCity_CentralSecurity_Tiles_1/CyberCity_CentralSecurity_Tiles_1,CyberCity_CentralSecurity_Tiles_1,Interior_WallPanel14,"wall_security_barrier, prop_sign_tech",131,54,True,"[0, 0, 131, 54]",131,54,11.507,0.88493,2.4259,False,False,False,B_WALL_SECURITY_BARRIER
CS_0793,res://assets/tilesets/cyber_city_core_tilesets/CyberCity_CentralSecurity_Tiles/CyberCity_CentralSecurity_Tiles_1/CyberCity_CentralSecurity_Tiles_1/Interior_WallPanel14_2.png,Interior_WallPanel14_2.png,CyberCity_CentralSecurity_Tiles_1/CyberCity_CentralSecurity_Tiles_1,CyberCity_CentralSecurity_Tiles_1,Interior_WallPanel14,"wall_security_barrier, prop_sign_tech",13,136,True,"[0, 0, 13, 136]",13,136,49.717,0.50283,0.0956,False,False,True,B_WALL_SECURITY_BARRIER
CS_0794,res://assets/tilesets/cyber_city_core_tilesets/CyberCity_CentralSecurity_Tiles/CyberCity_CentralSecurity_Tiles_1/CyberCity_CentralSecurity_Tiles_1/Interior_WallPanel14_3.png,Interior_WallPanel14_3.png,CyberCity_CentralSecurity_Tiles_1/CyberCity_CentralSecurity_Tiles_1,CyberCity_CentralSecurity_Tiles_1,Interior_WallPanel14,"wall_security_barrier, prop_sign_tech",134,59,True,"[0, 0, 134, 59]",134,59,21.237,0.78763,2.2712,False,False,False,B_WALL_SECURITY_BARRIER
CS_0795,res://assets/tilesets/cyber_city_core_tilesets/CyberCity_CentralSecurity_Tiles/CyberCity_CentralSecurity_Tiles_1/CyberCity_CentralSecurity_Tiles_1/Interior_WallPanel14_4.png,Interior_WallPanel14_4.png,CyberCity_CentralSecurity_Tiles_1/CyberCity_CentralSecurity_Tiles_1,CyberCity_CentralSecurity_Tiles_1,Interior_WallPanel14,"wall_security_barrier, prop_sign_tech",13,134,True,"[0, 0, 13, 134]",13,134,50.344,0.49656,0.097,False,False,True,B_WALL_SECURITY_BARRIER
CS_0796,res://assets/tilesets/cyber_city_core_tilesets/CyberCity_CentralSecurity_Tiles/CyberCity_CentralSecurity_Tiles_1/CyberCity_CentralSecurity_Tiles_1/Interior_WallPanel14_5.png,Interior_WallPanel14_5.png,CyberCity_CentralSecurity_Tiles_1/CyberCity_CentralSecurity_Tiles_1,CyberCity_CentralSecurity_Tiles_1,Interior_WallPanel14,"wall_security_barrier, prop_sign_tech",97,110,True,"[0, 0, 97, 110]",97,110,55.895,0.44105,0.8818,False,False,False,B_WALL_SECURITY_BARRIER
CS_0797,res://assets/tilesets/cyber_city_core_tilesets/CyberCity_CentralSecurity_Tiles/CyberCity_CentralSecurity_Tiles_1/CyberCity_CentralSecurity_Tiles_1/Interior_WallPanel14_6.png,Interior_WallPanel14_6.png,CyberCity_CentralSecurity_Tiles_1/CyberCity_CentralSecurity_Tiles_1,CyberCity_CentralSecurity_Tiles_1,Interior_WallPanel14,"wall_security_barrier, prop_sign_tech",94,110,True,"[0, 0, 94, 110]",94,110,54.574,0.45426,0.8545,False,False,False,B_WALL_SECURITY_BARRIER
CS_0798,res://assets/tilesets/cyber_city_core_tilesets/CyberCity_CentralSecurity_Tiles/CyberCity_CentralSecurity_Tiles_1/CyberCity_CentralSecurity_Tiles_1/Interior_WallPanel14_7.png,Interior_WallPanel14_7.png,CyberCity_CentralSecurity_Tiles_1/CyberCity_CentralSecurity_Tiles_1,CyberCity_CentralSecurity_Tiles_1,Interior_WallPanel14,"wall_security_barrier, prop_sign_tech",101,110,True,"[0, 0, 101, 110]",101,110,57.768,0.42232,0.9182,False,False,False,B_WALL_SECURITY_BARRIER
CS_0799,res://assets/tilesets/cyber_city_core_tilesets/CyberCity_CentralSecurity_Tiles/CyberCity_CentralSecurity_Tiles_1/CyberCity_CentralSecurity_Tiles_1/Interior_WallPanel14_8.png,Interior_WallPanel14_8.png,CyberCity_CentralSecurity_Tiles_1/CyberCity_CentralSecurity_Tiles_1,CyberCity_CentralSecurity_Tiles_1,Interior_WallPanel14,"wall_security_barrier, prop_sign_tech",100,110,True,"[0, 0, 100, 110]",100,110,57.136,0.42864,0.9091,False,False,False,B_WALL_SECURITY_BARRIER
CS_0800,res://assets/tilesets/cyber_city_core_tilesets/CyberCity_CentralSecurity_Tiles/CyberCity_CentralSecurity_Tiles_1/CyberCity_CentralSecurity_Tiles_1/Interior_WallPanel15_1.png,Interior_WallPanel15_1.png,CyberCity_CentralSecurity_Tiles_1/CyberCity_CentralSecurity_Tiles_1,CyberCity_CentralSecurity_Tiles_1,Interior_WallPanel15,"wall_security_barrier, prop_sign_tech",131,54,True,"[0, 0, 131, 54]",131,54,11.79,0.8821,2.4259,False,False,False,B_WALL_SECURITY_BARRIER
CS_0801,res://assets/tilesets/cyber_city_core_tilesets/CyberCity_CentralSecurity_Tiles/CyberCity_CentralSecurity_Tiles_1/CyberCity_CentralSecurity_Tiles_1/Interior_WallPanel15_2.png,Interior_WallPanel15_2.png,CyberCity_CentralSecurity_Tiles_1/CyberCity_CentralSecurity_Tiles_1,CyberCity_CentralSecurity_Tiles_1,Interior_WallPanel15,"wall_security_barrier, prop_sign_tech",22,136,True,"[0, 0, 22, 136]",22,136,48.195,0.51805,0.1618,False,False,True,B_WALL_SECURITY_BARRIER
CS_0802,res://assets/tilesets/cyber_city_core_tilesets/CyberCity_CentralSecurity_Tiles/CyberCity_CentralSecurity_Tiles_1/CyberCity_CentralSecurity_Tiles_1/Interior_WallPanel15_3.png,Interior_WallPanel15_3.png,CyberCity_CentralSecurity_Tiles_1/CyberCity_CentralSecurity_Tiles_1,CyberCity_CentralSecurity_Tiles_1,Interior_WallPanel15,"wall_security_barrier, prop_sign_tech",134,59,True,"[0, 0, 134, 59]",134,59,21.49,0.7851,2.2712,False,False,False,B_WALL_SECURITY_BARRIER
CS_0803,res://assets/tilesets/cyber_city_core_tilesets/CyberCity_CentralSecurity_Tiles/CyberCity_CentralSecurity_Tiles_1/CyberCity_CentralSecurity_Tiles_1/Interior_WallPanel15_4.png,Interior_WallPanel15_4.png,CyberCity_CentralSecurity_Tiles_1/CyberCity_CentralSecurity_Tiles_1,CyberCity_CentralSecurity_Tiles_1,Interior_WallPanel15,"wall_security_barrier, prop_sign_tech",18,134,True,"[0, 0, 18, 134]",18,134,35.24,0.6476,0.1343,False,False,True,B_WALL_SECURITY_BARRIER
CS_0804,res://assets/tilesets/cyber_city_core_tilesets/CyberCity_CentralSecurity_Tiles/CyberCity_CentralSecurity_Tiles_1/CyberCity_CentralSecurity_Tiles_1/Interior_WallPanel15_5.png,Interior_WallPanel15_5.png,CyberCity_CentralSecurity_Tiles_1/CyberCity_CentralSecurity_Tiles_1,CyberCity_CentralSecurity_Tiles_1,Interior_WallPanel15,"wall_security_barrier, prop_sign_tech",96,110,True,"[0, 0, 96, 110]",96,110,55.502,0.44498,0.8727,False,False,False,B_WALL_SECURITY_BARRIER
CS_0805,res://assets/tilesets/cyber_city_core_tilesets/CyberCity_CentralSecurity_Tiles/CyberCity_CentralSecurity_Tiles_1/CyberCity_CentralSecurity_Tiles_1/Interior_WallPanel15_6.png,Interior_WallPanel15_6.png,CyberCity_CentralSecurity_Tiles_1/CyberCity_CentralSecurity_Tiles_1,CyberCity_CentralSecurity_Tiles_1,Interior_WallPanel15,"wall_security_barrier, prop_sign_tech",94,110,True,"[0, 0, 94, 110]",94,110,54.652,0.45348,0.8545,False,False,False,B_WALL_SECURITY_BARRIER
CS_0806,res://assets/tilesets/cyber_city_core_tilesets/CyberCity_CentralSecurity_Tiles/CyberCity_CentralSecurity_Tiles_1/CyberCity_CentralSecurity_Tiles_1/Interior_WallPanel15_7.png,Interior_WallPanel15_7.png,CyberCity_CentralSecurity_Tiles_1/CyberCity_CentralSecurity_Tiles_1,CyberCity_CentralSecurity_Tiles_1,Interior_WallPanel15,"wall_security_barrier, prop_sign_tech",101,109,True,"[0, 0, 101, 109]",101,109,57.435,0.42565,0.9266,False,False,False,B_WALL_SECURITY_BARRIER
CS_0807,res://assets/tilesets/cyber_city_core_tilesets/CyberCity_CentralSecurity_Tiles/CyberCity_CentralSecurity_Tiles_1/CyberCity_CentralSecurity_Tiles_1/Interior_WallPanel15_8.png,Interior_WallPanel15_8.png,CyberCity_CentralSecurity_Tiles_1/CyberCity_CentralSecurity_Tiles_1,CyberCity_CentralSecurity_Tiles_1,Interior_WallPanel15,"wall_security_barrier, prop_sign_tech",100,110,True,"[0, 0, 100, 110]",100,110,57.209,0.42791,0.9091,False,False,False,B_WALL_SECURITY_BARRIER
CS_0808,res://assets/tilesets/cyber_city_core_tilesets/CyberCity_CentralSecurity_Tiles/CyberCity_CentralSecurity_Tiles_1/CyberCity_CentralSecurity_Tiles_1/Interior_WallPanel16_1.png,Interior_WallPanel16_1.png,CyberCity_CentralSecurity_Tiles_1/CyberCity_CentralSecurity_Tiles_1,CyberCity_CentralSecurity_Tiles_1,Interior_WallPanel16,"wall_security_barrier, prop_sign_tech",131,54,True,"[0, 0, 131, 54]",131,54,11.507,0.88493,2.4259,False,False,False,B_WALL_SECURITY_BARRIER
CS_0809,res://assets/tilesets/cyber_city_core_tilesets/CyberCity_CentralSecurity_Tiles/CyberCity_CentralSecurity_Tiles_1/CyberCity_CentralSecurity_Tiles_1/Interior_WallPanel16_2.png,Interior_WallPanel16_2.png,CyberCity_CentralSecurity_Tiles_1/CyberCity_CentralSecurity_Tiles_1,CyberCity_CentralSecurity_Tiles_1,Interior_WallPanel16,"wall_security_barrier, prop_sign_tech",13,136,True,"[0, 0, 13, 136]",13,136,49.661,0.50339,0.0956,False,False,True,B_WALL_SECURITY_BARRIER
CS_0810,res://assets/tilesets/cyber_city_core_tilesets/CyberCity_CentralSecurity_Tiles/CyberCity_CentralSecurity_Tiles_1/CyberCity_CentralSecurity_Tiles_1/Interior_WallPanel16_3.png,Interior_WallPanel16_3.png,CyberCity_CentralSecurity_Tiles_1/CyberCity_CentralSecurity_Tiles_1,CyberCity_CentralSecurity_Tiles_1,Interior_WallPanel16,"wall_security_barrier, prop_sign_tech",134,59,True,"[0, 0, 134, 59]",134,59,21.237,0.78763,2.2712,False,False,False,B_WALL_SECURITY_BARRIER
CS_0811,res://assets/tilesets/cyber_city_core_tilesets/CyberCity_CentralSecurity_Tiles/CyberCity_CentralSecurity_Tiles_1/CyberCity_CentralSecurity_Tiles_1/Interior_WallPanel16_4.png,Interior_WallPanel16_4.png,CyberCity_CentralSecurity_Tiles_1/CyberCity_CentralSecurity_Tiles_1,CyberCity_CentralSecurity_Tiles_1,Interior_WallPanel16,"wall_security_barrier, prop_sign_tech",13,134,True,"[0, 0, 13, 134]",13,134,48.565,0.51435,0.097,False,False,True,B_WALL_SECURITY_BARRIER
CS_0812,res://assets/tilesets/cyber_city_core_tilesets/CyberCity_CentralSecurity_Tiles/CyberCity_CentralSecurity_Tiles_1/CyberCity_CentralSecurity_Tiles_1/Interior_WallPanel16_5.png,Interior_WallPanel16_5.png,CyberCity_CentralSecurity_Tiles_1/CyberCity_CentralSecurity_Tiles_1,CyberCity_CentralSecurity_Tiles_1,Interior_WallPanel16,"wall_security_barrier, prop_sign_tech",97,110,True,"[0, 0, 97, 110]",97,110,55.895,0.44105,0.8818,False,False,False,B_WALL_SECURITY_BARRIER
CS_0813,res://assets/tilesets/cyber_city_core_tilesets/CyberCity_CentralSecurity_Tiles/CyberCity_CentralSecurity_Tiles_1/CyberCity_CentralSecurity_Tiles_1/Interior_WallPanel16_6.png,Interior_WallPanel16_6.png,CyberCity_CentralSecurity_Tiles_1/CyberCity_CentralSecurity_Tiles_1,CyberCity_CentralSecurity_Tiles_1,Interior_WallPanel16,"wall_security_barrier, prop_sign_tech",94,110,True,"[0, 0, 94, 110]",94,110,54.574,0.45426,0.8545,False,False,False,B_WALL_SECURITY_BARRIER
CS_0814,res://assets/tilesets/cyber_city_core_tilesets/CyberCity_CentralSecurity_Tiles/CyberCity_CentralSecurity_Tiles_1/CyberCity_CentralSecurity_Tiles_1/Interior_WallPanel16_7.png,Interior_WallPanel16_7.png,CyberCity_CentralSecurity_Tiles_1/CyberCity_CentralSecurity_Tiles_1,CyberCity_CentralSecurity_Tiles_1,Interior_WallPanel16,"wall_security_barrier, prop_sign_tech",101,110,True,"[0, 0, 101, 110]",101,110,57.768,0.42232,0.9182,False,False,False,B_WALL_SECURITY_BARRIER
CS_0815,res://assets/tilesets/cyber_city_core_tilesets/CyberCity_CentralSecurity_Tiles/CyberCity_CentralSecurity_Tiles_1/CyberCity_CentralSecurity_Tiles_1/Interior_WallPanel16_8.png,Interior_WallPanel16_8.png,CyberCity_CentralSecurity_Tiles_1/CyberCity_CentralSecurity_Tiles_1,CyberCity_CentralSecurity_Tiles_1,Interior_WallPanel16,"wall_security_barrier, prop_sign_tech",100,110,True,"[0, 0, 100, 110]",100,110,57.136,0.42864,0.9091,False,False,False,B_WALL_SECURITY_BARRIER
CS_0816,res://assets/tilesets/cyber_city_core_tilesets/CyberCity_CentralSecurity_Tiles/CyberCity_CentralSecurity_Tiles_1/CyberCity_CentralSecurity_Tiles_1/Interior_WallPanel17_1.png,Interior_WallPanel17_1.png,CyberCity_CentralSecurity_Tiles_1/CyberCity_CentralSecurity_Tiles_1,CyberCity_CentralSecurity_Tiles_1,Interior_WallPanel17,"wall_security_barrier, prop_sign_tech",136,100,True,"[0, 0, 136, 100]",136,100,13.015,0.86985,1.36,False,False,False,B_WALL_SECURITY_BARRIER
CS_0817,res://assets/tilesets/cyber_city_core_tilesets/CyberCity_CentralSecurity_Tiles/CyberCity_CentralSecurity_Tiles_1/CyberCity_CentralSecurity_Tiles_1/Interior_WallPanel17_2.png,Interior_WallPanel17_2.png,CyberCity_CentralSecurity_Tiles_1/CyberCity_CentralSecurity_Tiles_1,CyberCity_CentralSecurity_Tiles_1,Interior_WallPanel17,"wall_security_barrier, prop_sign_tech",14,180,True,"[0, 0, 14, 180]",14,180,57.063,0.42937,0.0778,False,False,True,B_WALL_SECURITY_BARRIER
CS_0818,res://assets/tilesets/cyber_city_core_tilesets/CyberCity_CentralSecurity_Tiles/CyberCity_CentralSecurity_Tiles_1/CyberCity_CentralSecurity_Tiles_1/Interior_WallPanel17_3.png,Interior_WallPanel17_3.png,CyberCity_CentralSecurity_Tiles_1/CyberCity_CentralSecurity_Tiles_1,CyberCity_CentralSecurity_Tiles_1,Interior_WallPanel17,"wall_security_barrier, prop_sign_tech",134,103,True,"[0, 0, 134, 103]",134,103,14.491,0.85509,1.301,False,False,False,B_WALL_SECURITY_BARRIER
CS_0819,res://assets/tilesets/cyber_city_core_tilesets/CyberCity_CentralSecurity_Tiles/CyberCity_CentralSecurity_Tiles_1/CyberCity_CentralSecurity_Tiles_1/Interior_WallPanel17_4.png,Interior_WallPanel17_4.png,CyberCity_CentralSecurity_Tiles_1/CyberCity_CentralSecurity_Tiles_1,CyberCity_CentralSecurity_Tiles_1,Interior_WallPanel17,"wall_security_barrier, prop_sign_tech",16,179,True,"[0, 0, 16, 179]",16,179,62.291,0.37709,0.0894,False,False,True,B_WALL_SECURITY_BARRIER
CS_0820,res://assets/tilesets/cyber_city_core_tilesets/CyberCity_CentralSecurity_Tiles/CyberCity_CentralSecurity_Tiles_1/CyberCity_CentralSecurity_Tiles_1/Interior_WallPanel17_5.png,Interior_WallPanel17_5.png,CyberCity_CentralSecurity_Tiles_1/CyberCity_CentralSecurity_Tiles_1,CyberCity_CentralSecurity_Tiles_1,Interior_WallPanel17,"wall_security_barrier, prop_sign_tech",99,154,True,"[0, 0, 99, 154]",99,154,42.359,0.57641,0.6429,False,False,False,B_WALL_SECURITY_BARRIER
CS_0821,res://assets/tilesets/cyber_city_core_tilesets/CyberCity_CentralSecurity_Tiles/CyberCity_CentralSecurity_Tiles_1/CyberCity_CentralSecurity_Tiles_1/Interior_WallPanel17_6.png,Interior_WallPanel17_6.png,CyberCity_CentralSecurity_Tiles_1/CyberCity_CentralSecurity_Tiles_1,CyberCity_CentralSecurity_Tiles_1,Interior_WallPanel17,"wall_security_barrier, prop_sign_tech",100,154,True,"[0, 0, 100, 154]",100,154,42.974,0.57026,0.6494,False,False,False,B_WALL_SECURITY_BARRIER
CS_0822,res://assets/tilesets/cyber_city_core_tilesets/CyberCity_CentralSecurity_Tiles/CyberCity_CentralSecurity_Tiles_1/CyberCity_CentralSecurity_Tiles_1/Interior_WallPanel17_7.png,Interior_WallPanel17_7.png,CyberCity_CentralSecurity_Tiles_1/CyberCity_CentralSecurity_Tiles_1,CyberCity_CentralSecurity_Tiles_1,Interior_WallPanel17,"wall_security_barrier, prop_sign_tech",101,154,True,"[0, 0, 101, 154]",101,154,43.558,0.56442,0.6558,False,False,False,B_WALL_SECURITY_BARRIER
CS_0823,res://assets/tilesets/cyber_city_core_tilesets/CyberCity_CentralSecurity_Tiles/CyberCity_CentralSecurity_Tiles_1/CyberCity_CentralSecurity_Tiles_1/Interior_WallPanel17_8.png,Interior_WallPanel17_8.png,CyberCity_CentralSecurity_Tiles_1/CyberCity_CentralSecurity_Tiles_1,CyberCity_CentralSecurity_Tiles_1,Interior_WallPanel17,"wall_security_barrier, prop_sign_tech",101,155,True,"[0, 0, 101, 155]",101,155,43.807,0.56193,0.6516,False,False,False,B_WALL_SECURITY_BARRIER
CS_0824,res://assets/tilesets/cyber_city_core_tilesets/CyberCity_CentralSecurity_Tiles/CyberCity_CentralSecurity_Tiles_1/CyberCity_CentralSecurity_Tiles_1/Interior_WallPanel18_1.png,Interior_WallPanel18_1.png,CyberCity_CentralSecurity_Tiles_1/CyberCity_CentralSecurity_Tiles_1,CyberCity_CentralSecurity_Tiles_1,Interior_WallPanel18,"wall_security_barrier, prop_sign_tech",136,144,True,"[0, 0, 136, 144]",136,144,11.229,0.88771,0.9444,False,False,False,B_WALL_SECURITY_BARRIER
CS_0825,res://assets/tilesets/cyber_city_core_tilesets/CyberCity_CentralSecurity_Tiles/CyberCity_CentralSecurity_Tiles_1/CyberCity_CentralSecurity_Tiles_1/Interior_WallPanel18_2.png,Interior_WallPanel18_2.png,CyberCity_CentralSecurity_Tiles_1/CyberCity_CentralSecurity_Tiles_1,CyberCity_CentralSecurity_Tiles_1,Interior_WallPanel18,"wall_security_barrier, prop_sign_tech",14,223,True,"[0, 0, 14, 223]",14,223,56.951,0.43049,0.0628,False,False,True,B_WALL_SECURITY_BARRIER
CS_0826,res://assets/tilesets/cyber_city_core_tilesets/CyberCity_CentralSecurity_Tiles/CyberCity_CentralSecurity_Tiles_1/CyberCity_CentralSecurity_Tiles_1/Interior_WallPanel18_3.png,Interior_WallPanel18_3.png,CyberCity_CentralSecurity_Tiles_1/CyberCity_CentralSecurity_Tiles_1,CyberCity_CentralSecurity_Tiles_1,Interior_WallPanel18,"wall_security_barrier, prop_sign_tech",135,145,True,"[0, 0, 135, 145]",135,145,11.208,0.88792,0.931,False,False,False,B_WALL_SECURITY_BARRIER
CS_0827,res://assets/tilesets/cyber_city_core_tilesets/CyberCity_CentralSecurity_Tiles/CyberCity_CentralSecurity_Tiles_1/CyberCity_CentralSecurity_Tiles_1/Interior_WallPanel18_4.png,Interior_WallPanel18_4.png,CyberCity_CentralSecurity_Tiles_1/CyberCity_CentralSecurity_Tiles_1,CyberCity_CentralSecurity_Tiles_1,Interior_WallPanel18,"wall_security_barrier, prop_sign_tech",16,223,True,"[0, 0, 16, 223]",16,223,62.276,0.37724,0.0717,False,False,True,B_WALL_SECURITY_BARRIER
CS_0828,res://assets/tilesets/cyber_city_core_tilesets/CyberCity_CentralSecurity_Tiles/CyberCity_CentralSecurity_Tiles_1/CyberCity_CentralSecurity_Tiles_1/Interior_WallPanel18_5.png,Interior_WallPanel18_5.png,CyberCity_CentralSecurity_Tiles_1/CyberCity_CentralSecurity_Tiles_1,CyberCity_CentralSecurity_Tiles_1,Interior_WallPanel18,"wall_security_barrier, prop_sign_tech",100,201,True,"[0, 0, 100, 201]",100,201,35.955,0.64045,0.4975,False,False,False,B_WALL_SECURITY_BARRIER
CS_0829,res://assets/tilesets/cyber_city_core_tilesets/CyberCity_CentralSecurity_Tiles/CyberCity_CentralSecurity_Tiles_1/CyberCity_CentralSecurity_Tiles_1/Interior_WallPanel18_6.png,Interior_WallPanel18_6.png,CyberCity_CentralSecurity_Tiles_1/CyberCity_CentralSecurity_Tiles_1,CyberCity_CentralSecurity_Tiles_1,Interior_WallPanel18,"wall_security_barrier, prop_sign_tech",100,198,True,"[0, 0, 100, 198]",100,198,35.015,0.64985,0.5051,False,False,False,B_WALL_SECURITY_BARRIER
CS_0830,res://assets/tilesets/cyber_city_core_tilesets/CyberCity_CentralSecurity_Tiles/CyberCity_CentralSecurity_Tiles_1/CyberCity_CentralSecurity_Tiles_1/Interior_WallPanel18_7.png,Interior_WallPanel18_7.png,CyberCity_CentralSecurity_Tiles_1/CyberCity_CentralSecurity_Tiles_1,CyberCity_CentralSecurity_Tiles_1,Interior_WallPanel18,"wall_security_barrier, prop_sign_tech",101,198,True,"[0, 0, 101, 198]",101,198,35.644,0.64356,0.5101,False,False,False,B_WALL_SECURITY_BARRIER
CS_0831,res://assets/tilesets/cyber_city_core_tilesets/CyberCity_CentralSecurity_Tiles/CyberCity_CentralSecurity_Tiles_1/CyberCity_CentralSecurity_Tiles_1/Interior_WallPanel18_8.png,Interior_WallPanel18_8.png,CyberCity_CentralSecurity_Tiles_1/CyberCity_CentralSecurity_Tiles_1,CyberCity_CentralSecurity_Tiles_1,Interior_WallPanel18,"wall_security_barrier, prop_sign_tech",101,198,True,"[0, 0, 101, 198]",101,198,35.599,0.64401,0.5101,False,False,False,B_WALL_SECURITY_BARRIER
CS_0832,res://assets/tilesets/cyber_city_core_tilesets/CyberCity_CentralSecurity_Tiles/CyberCity_CentralSecurity_Tiles_1/CyberCity_CentralSecurity_Tiles_1/Interior_WallPanel19_1.png,Interior_WallPanel19_1.png,CyberCity_CentralSecurity_Tiles_1/CyberCity_CentralSecurity_Tiles_1,CyberCity_CentralSecurity_Tiles_1,Interior_WallPanel19,"wall_security_barrier, prop_sign_tech",136,144,True,"[0, 0, 136, 144]",136,144,11.229,0.88771,0.9444,False,False,False,B_WALL_SECURITY_BARRIER
CS_0833,res://assets/tilesets/cyber_city_core_tilesets/CyberCity_CentralSecurity_Tiles/CyberCity_CentralSecurity_Tiles_1/CyberCity_CentralSecurity_Tiles_1/Interior_WallPanel19_2.png,Interior_WallPanel19_2.png,CyberCity_CentralSecurity_Tiles_1/CyberCity_CentralSecurity_Tiles_1,CyberCity_CentralSecurity_Tiles_1,Interior_WallPanel19,"wall_security_barrier, prop_sign_tech",19,223,True,"[0, 0, 19, 223]",19,223,45.291,0.54709,0.0852,False,False,True,B_WALL_SECURITY_BARRIER
CS_0834,res://assets/tilesets/cyber_city_core_tilesets/CyberCity_CentralSecurity_Tiles/CyberCity_CentralSecurity_Tiles_1/CyberCity_CentralSecurity_Tiles_1/Interior_WallPanel19_3.png,Interior_WallPanel19_3.png,CyberCity_CentralSecurity_Tiles_1/CyberCity_CentralSecurity_Tiles_1,CyberCity_CentralSecurity_Tiles_1,Interior_WallPanel19,"wall_security_barrier, prop_sign_tech",135,145,True,"[0, 0, 135, 145]",135,145,11.208,0.88792,0.931,False,False,False,B_WALL_SECURITY_BARRIER
CS_0835,res://assets/tilesets/cyber_city_core_tilesets/CyberCity_CentralSecurity_Tiles/CyberCity_CentralSecurity_Tiles_1/CyberCity_CentralSecurity_Tiles_1/Interior_WallPanel19_4.png,Interior_WallPanel19_4.png,CyberCity_CentralSecurity_Tiles_1/CyberCity_CentralSecurity_Tiles_1,CyberCity_CentralSecurity_Tiles_1,Interior_WallPanel19,"wall_security_barrier, prop_sign_tech",18,223,True,"[0, 0, 18, 223]",18,223,42.501,0.57499,0.0807,False,False,True,B_WALL_SECURITY_BARRIER
CS_0836,res://assets/tilesets/cyber_city_core_tilesets/CyberCity_CentralSecurity_Tiles/CyberCity_CentralSecurity_Tiles_1/CyberCity_CentralSecurity_Tiles_1/Interior_WallPanel19_5.png,Interior_WallPanel19_5.png,CyberCity_CentralSecurity_Tiles_1/CyberCity_CentralSecurity_Tiles_1,CyberCity_CentralSecurity_Tiles_1,Interior_WallPanel19,"wall_security_barrier, prop_sign_tech",100,201,True,"[0, 0, 100, 201]",100,201,35.955,0.64045,0.4975,False,False,False,B_WALL_SECURITY_BARRIER
CS_0837,res://assets/tilesets/cyber_city_core_tilesets/CyberCity_CentralSecurity_Tiles/CyberCity_CentralSecurity_Tiles_1/CyberCity_CentralSecurity_Tiles_1/Interior_WallPanel19_6.png,Interior_WallPanel19_6.png,CyberCity_CentralSecurity_Tiles_1/CyberCity_CentralSecurity_Tiles_1,CyberCity_CentralSecurity_Tiles_1,Interior_WallPanel19,"wall_security_barrier, prop_sign_tech",100,198,True,"[0, 0, 100, 198]",100,198,35.015,0.64985,0.5051,False,False,False,B_WALL_SECURITY_BARRIER
CS_0838,res://assets/tilesets/cyber_city_core_tilesets/CyberCity_CentralSecurity_Tiles/CyberCity_CentralSecurity_Tiles_1/CyberCity_CentralSecurity_Tiles_1/Interior_WallPanel19_7.png,Interior_WallPanel19_7.png,CyberCity_CentralSecurity_Tiles_1/CyberCity_CentralSecurity_Tiles_1,CyberCity_CentralSecurity_Tiles_1,Interior_WallPanel19,"wall_security_barrier, prop_sign_tech",101,198,True,"[0, 0, 101, 198]",101,198,35.644,0.64356,0.5101,False,False,False,B_WALL_SECURITY_BARRIER
CS_0839,res://assets/tilesets/cyber_city_core_tilesets/CyberCity_CentralSecurity_Tiles/CyberCity_CentralSecurity_Tiles_1/CyberCity_CentralSecurity_Tiles_1/Interior_WallPanel19_8.png,Interior_WallPanel19_8.png,CyberCity_CentralSecurity_Tiles_1/CyberCity_CentralSecurity_Tiles_1,CyberCity_CentralSecurity_Tiles_1,Interior_WallPanel19,"wall_security_barrier, prop_sign_tech",101,198,True,"[0, 0, 101, 198]",101,198,35.599,0.64401,0.5101,False,False,False,B_WALL_SECURITY_BARRIER
CS_0840,res://assets/tilesets/cyber_city_core_tilesets/CyberCity_CentralSecurity_Tiles/CyberCity_CentralSecurity_Tiles_1/CyberCity_CentralSecurity_Tiles_1/Interior_WallPanel1_1.png,Interior_WallPanel1_1.png,CyberCity_CentralSecurity_Tiles_1/CyberCity_CentralSecurity_Tiles_1,CyberCity_CentralSecurity_Tiles_1,Interior_WallPanel1,"wall_security_barrier, prop_sign_tech",44,138,True,"[0, 0, 44, 138]",44,138,23.37,0.7663,0.3188,False,False,False,B_WALL_SECURITY_BARRIER
CS_0841,res://assets/tilesets/cyber_city_core_tilesets/CyberCity_CentralSecurity_Tiles/CyberCity_CentralSecurity_Tiles_1/CyberCity_CentralSecurity_Tiles_1/Interior_WallPanel1_2.png,Interior_WallPanel1_2.png,CyberCity_CentralSecurity_Tiles_1/CyberCity_CentralSecurity_Tiles_1,CyberCity_CentralSecurity_Tiles_1,Interior_WallPanel1,"wall_security_barrier, prop_sign_tech",14,157,True,"[0, 0, 14, 157]",14,157,55.141,0.44859,0.0892,False,False,True,B_WALL_SECURITY_BARRIER
CS_0842,res://assets/tilesets/cyber_city_core_tilesets/CyberCity_CentralSecurity_Tiles/CyberCity_CentralSecurity_Tiles_1/CyberCity_CentralSecurity_Tiles_1/Interior_WallPanel1_3.png,Interior_WallPanel1_3.png,CyberCity_CentralSecurity_Tiles_1/CyberCity_CentralSecurity_Tiles_1,CyberCity_CentralSecurity_Tiles_1,Interior_WallPanel1,"wall_security_barrier, prop_sign_tech",41,138,True,"[0, 0, 41, 138]",41,138,17.692,0.82308,0.2971,False,False,False,B_WALL_SECURITY_BARRIER
CS_0843,res://assets/tilesets/cyber_city_core_tilesets/CyberCity_CentralSecurity_Tiles/CyberCity_CentralSecurity_Tiles_1/CyberCity_CentralSecurity_Tiles_1/Interior_WallPanel1_4.png,Interior_WallPanel1_4.png,CyberCity_CentralSecurity_Tiles_1/CyberCity_CentralSecurity_Tiles_1,CyberCity_CentralSecurity_Tiles_1,Interior_WallPanel1,"wall_security_barrier, prop_sign_tech",16,157,True,"[0, 0, 16, 157]",16,157,61.107,0.38893,0.1019,False,False,True,B_WALL_SECURITY_BARRIER
CS_0844,res://assets/tilesets/cyber_city_core_tilesets/CyberCity_CentralSecurity_Tiles/CyberCity_CentralSecurity_Tiles_1/CyberCity_CentralSecurity_Tiles_1/Interior_WallPanel1_5.png,Interior_WallPanel1_5.png,CyberCity_CentralSecurity_Tiles_1/CyberCity_CentralSecurity_Tiles_1,CyberCity_CentralSecurity_Tiles_1,Interior_WallPanel1,"wall_security_barrier, prop_sign_tech",34,151,True,"[0, 0, 34, 151]",34,151,27.289,0.72711,0.2252,False,False,False,B_WALL_SECURITY_BARRIER
CS_0845,res://assets/tilesets/cyber_city_core_tilesets/CyberCity_CentralSecurity_Tiles/CyberCity_CentralSecurity_Tiles_1/CyberCity_CentralSecurity_Tiles_1/Interior_WallPanel1_6.png,Interior_WallPanel1_6.png,CyberCity_CentralSecurity_Tiles_1/CyberCity_CentralSecurity_Tiles_1,CyberCity_CentralSecurity_Tiles_1,Interior_WallPanel1,"wall_security_barrier, prop_sign_tech",34,155,True,"[0, 0, 34, 155]",34,155,29.051,0.70949,0.2194,False,False,False,B_WALL_SECURITY_BARRIER
CS_0846,res://assets/tilesets/cyber_city_core_tilesets/CyberCity_CentralSecurity_Tiles/CyberCity_CentralSecurity_Tiles_1/CyberCity_CentralSecurity_Tiles_1/Interior_WallPanel1_7.png,Interior_WallPanel1_7.png,CyberCity_CentralSecurity_Tiles_1/CyberCity_CentralSecurity_Tiles_1,CyberCity_CentralSecurity_Tiles_1,Interior_WallPanel1,"wall_security_barrier, prop_sign_tech",33,152,True,"[0, 0, 33, 152]",33,152,25.698,0.74302,0.2171,False,False,False,B_WALL_SECURITY_BARRIER
CS_0847,res://assets/tilesets/cyber_city_core_tilesets/CyberCity_CentralSecurity_Tiles/CyberCity_CentralSecurity_Tiles_1/CyberCity_CentralSecurity_Tiles_1/Interior_WallPanel1_8.png,Interior_WallPanel1_8.png,CyberCity_CentralSecurity_Tiles_1/CyberCity_CentralSecurity_Tiles_1,CyberCity_CentralSecurity_Tiles_1,Interior_WallPanel1,"wall_security_barrier, prop_sign_tech",36,151,True,"[0, 0, 36, 151]",36,151,31.218,0.68782,0.2384,False,False,False,B_WALL_SECURITY_BARRIER
CS_0848,res://assets/tilesets/cyber_city_core_tilesets/CyberCity_CentralSecurity_Tiles/CyberCity_CentralSecurity_Tiles_1/CyberCity_CentralSecurity_Tiles_1/Interior_WallPanel2_1.png,Interior_WallPanel2_1.png,CyberCity_CentralSecurity_Tiles_1/CyberCity_CentralSecurity_Tiles_1,CyberCity_CentralSecurity_Tiles_1,Interior_WallPanel2,"wall_security_barrier, prop_sign_tech",44,138,True,"[0, 0, 44, 138]",44,138,23.37,0.7663,0.3188,False,False,False,B_WALL_SECURITY_BARRIER
CS_0849,res://assets/tilesets/cyber_city_core_tilesets/CyberCity_CentralSecurity_Tiles/CyberCity_CentralSecurity_Tiles_1/CyberCity_CentralSecurity_Tiles_1/Interior_WallPanel2_2.png,Interior_WallPanel2_2.png,CyberCity_CentralSecurity_Tiles_1/CyberCity_CentralSecurity_Tiles_1,CyberCity_CentralSecurity_Tiles_1,Interior_WallPanel2,"wall_security_barrier, prop_sign_tech",14,157,True,"[0, 0, 14, 157]",14,157,55.551,0.44449,0.0892,False,False,True,B_WALL_SECURITY_BARRIER
CS_0850,res://assets/tilesets/cyber_city_core_tilesets/CyberCity_CentralSecurity_Tiles/CyberCity_CentralSecurity_Tiles_1/CyberCity_CentralSecurity_Tiles_1/Interior_WallPanel2_3.png,Interior_WallPanel2_3.png,CyberCity_CentralSecurity_Tiles_1/CyberCity_CentralSecurity_Tiles_1,CyberCity_CentralSecurity_Tiles_1,Interior_WallPanel2,"wall_security_barrier, prop_sign_tech",41,138,True,"[0, 0, 41, 138]",41,138,17.692,0.82308,0.2971,False,False,False,B_WALL_SECURITY_BARRIER
CS_0851,res://assets/tilesets/cyber_city_core_tilesets/CyberCity_CentralSecurity_Tiles/CyberCity_CentralSecurity_Tiles_1/CyberCity_CentralSecurity_Tiles_1/Interior_WallPanel2_4.png,Interior_WallPanel2_4.png,CyberCity_CentralSecurity_Tiles_1/CyberCity_CentralSecurity_Tiles_1,CyberCity_CentralSecurity_Tiles_1,Interior_WallPanel2,"wall_security_barrier, prop_sign_tech",16,157,True,"[0, 0, 16, 157]",16,157,62.102,0.37898,0.1019,False,False,True,B_WALL_SECURITY_BARRIER
CS_0852,res://assets/tilesets/cyber_city_core_tilesets/CyberCity_CentralSecurity_Tiles/CyberCity_CentralSecurity_Tiles_1/CyberCity_CentralSecurity_Tiles_1/Interior_WallPanel2_5.png,Interior_WallPanel2_5.png,CyberCity_CentralSecurity_Tiles_1/CyberCity_CentralSecurity_Tiles_1,CyberCity_CentralSecurity_Tiles_1,Interior_WallPanel2,"wall_security_barrier, prop_sign_tech",34,151,True,"[0, 0, 34, 151]",34,151,27.289,0.72711,0.2252,False,False,False,B_WALL_SECURITY_BARRIER
CS_0853,res://assets/tilesets/cyber_city_core_tilesets/CyberCity_CentralSecurity_Tiles/CyberCity_CentralSecurity_Tiles_1/CyberCity_CentralSecurity_Tiles_1/Interior_WallPanel2_6.png,Interior_WallPanel2_6.png,CyberCity_CentralSecurity_Tiles_1/CyberCity_CentralSecurity_Tiles_1,CyberCity_CentralSecurity_Tiles_1,Interior_WallPanel2,"wall_security_barrier, prop_sign_tech",34,155,True,"[0, 0, 34, 155]",34,155,29.051,0.70949,0.2194,False,False,False,B_WALL_SECURITY_BARRIER
CS_0854,res://assets/tilesets/cyber_city_core_tilesets/CyberCity_CentralSecurity_Tiles/CyberCity_CentralSecurity_Tiles_1/CyberCity_CentralSecurity_Tiles_1/Interior_WallPanel2_7.png,Interior_WallPanel2_7.png,CyberCity_CentralSecurity_Tiles_1/CyberCity_CentralSecurity_Tiles_1,CyberCity_CentralSecurity_Tiles_1,Interior_WallPanel2,"wall_security_barrier, prop_sign_tech",33,152,True,"[0, 0, 33, 152]",33,152,25.698,0.74302,0.2171,False,False,False,B_WALL_SECURITY_BARRIER
CS_0855,res://assets/tilesets/cyber_city_core_tilesets/CyberCity_CentralSecurity_Tiles/CyberCity_CentralSecurity_Tiles_1/CyberCity_CentralSecurity_Tiles_1/Interior_WallPanel2_8.png,Interior_WallPanel2_8.png,CyberCity_CentralSecurity_Tiles_1/CyberCity_CentralSecurity_Tiles_1,CyberCity_CentralSecurity_Tiles_1,Interior_WallPanel2,"wall_security_barrier, prop_sign_tech",36,151,True,"[0, 0, 36, 151]",36,151,31.218,0.68782,0.2384,False,False,False,B_WALL_SECURITY_BARRIER
CS_0856,res://assets/tilesets/cyber_city_core_tilesets/CyberCity_CentralSecurity_Tiles/CyberCity_CentralSecurity_Tiles_1/CyberCity_CentralSecurity_Tiles_1/Interior_WallPanel3_1.png,Interior_WallPanel3_1.png,CyberCity_CentralSecurity_Tiles_1/CyberCity_CentralSecurity_Tiles_1,CyberCity_CentralSecurity_Tiles_1,Interior_WallPanel3,"wall_security_barrier, prop_sign_tech",44,138,True,"[0, 0, 44, 138]",44,138,23.37,0.7663,0.3188,False,False,False,B_WALL_SECURITY_BARRIER
CS_0857,res://assets/tilesets/cyber_city_core_tilesets/CyberCity_CentralSecurity_Tiles/CyberCity_CentralSecurity_Tiles_1/CyberCity_CentralSecurity_Tiles_1/Interior_WallPanel3_2.png,Interior_WallPanel3_2.png,CyberCity_CentralSecurity_Tiles_1/CyberCity_CentralSecurity_Tiles_1,CyberCity_CentralSecurity_Tiles_1,Interior_WallPanel3,"wall_security_barrier, prop_sign_tech",14,157,True,"[0, 0, 14, 157]",14,157,48.271,0.51729,0.0892,False,False,True,B_WALL_SECURITY_BARRIER
CS_0858,res://assets/tilesets/cyber_city_core_tilesets/CyberCity_CentralSecurity_Tiles/CyberCity_CentralSecurity_Tiles_1/CyberCity_CentralSecurity_Tiles_1/Interior_WallPanel3_3.png,Interior_WallPanel3_3.png,CyberCity_CentralSecurity_Tiles_1/CyberCity_CentralSecurity_Tiles_1,CyberCity_CentralSecurity_Tiles_1,Interior_WallPanel3,"wall_security_barrier, prop_sign_tech",41,138,True,"[0, 0, 41, 138]",41,138,17.692,0.82308,0.2971,False,False,False,B_WALL_SECURITY_BARRIER
CS_0859,res://assets/tilesets/cyber_city_core_tilesets/CyberCity_CentralSecurity_Tiles/CyberCity_CentralSecurity_Tiles_1/CyberCity_CentralSecurity_Tiles_1/Interior_WallPanel3_4.png,Interior_WallPanel3_4.png,CyberCity_CentralSecurity_Tiles_1/CyberCity_CentralSecurity_Tiles_1,CyberCity_CentralSecurity_Tiles_1,Interior_WallPanel3,"wall_security_barrier, prop_sign_tech",19,157,True,"[0, 0, 19, 157]",19,157,61.18,0.3882,0.121,False,False,True,B_WALL_SECURITY_BARRIER
CS_0860,res://assets/tilesets/cyber_city_core_tilesets/CyberCity_CentralSecurity_Tiles/CyberCity_CentralSecurity_Tiles_1/CyberCity_CentralSecurity_Tiles_1/Interior_WallPanel3_5.png,Interior_WallPanel3_5.png,CyberCity_CentralSecurity_Tiles_1/CyberCity_CentralSecurity_Tiles_1,CyberCity_CentralSecurity_Tiles_1,Interior_WallPanel3,"wall_security_barrier, prop_sign_tech",34,151,True,"[0, 0, 34, 151]",34,151,26.88,0.7312,0.2252,False,False,False,B_WALL_SECURITY_BARRIER
CS_0861,res://assets/tilesets/cyber_city_core_tilesets/CyberCity_CentralSecurity_Tiles/CyberCity_CentralSecurity_Tiles_1/CyberCity_CentralSecurity_Tiles_1/Interior_WallPanel3_6.png,Interior_WallPanel3_6.png,CyberCity_CentralSecurity_Tiles_1/CyberCity_CentralSecurity_Tiles_1,CyberCity_CentralSecurity_Tiles_1,Interior_WallPanel3,"wall_security_barrier, prop_sign_tech",34,155,True,"[0, 0, 34, 155]",34,155,28.672,0.71328,0.2194,False,False,False,B_WALL_SECURITY_BARRIER
CS_0862,res://assets/tilesets/cyber_city_core_tilesets/CyberCity_CentralSecurity_Tiles/CyberCity_CentralSecurity_Tiles_1/CyberCity_CentralSecurity_Tiles_1/Interior_WallPanel3_7.png,Interior_WallPanel3_7.png,CyberCity_CentralSecurity_Tiles_1/CyberCity_CentralSecurity_Tiles_1,CyberCity_CentralSecurity_Tiles_1,Interior_WallPanel3,"wall_security_barrier, prop_sign_tech",33,152,True,"[0, 0, 33, 152]",33,152,25.299,0.74701,0.2171,False,False,False,B_WALL_SECURITY_BARRIER
CS_0863,res://assets/tilesets/cyber_city_core_tilesets/CyberCity_CentralSecurity_Tiles/CyberCity_CentralSecurity_Tiles_1/CyberCity_CentralSecurity_Tiles_1/Interior_WallPanel3_8.png,Interior_WallPanel3_8.png,CyberCity_CentralSecurity_Tiles_1/CyberCity_CentralSecurity_Tiles_1,CyberCity_CentralSecurity_Tiles_1,Interior_WallPanel3,"wall_security_barrier, prop_sign_tech",37,151,True,"[0, 0, 37, 151]",37,151,32.719,0.67281,0.245,False,False,False,B_WALL_SECURITY_BARRIER
CS_0864,res://assets/tilesets/cyber_city_core_tilesets/CyberCity_CentralSecurity_Tiles/CyberCity_CentralSecurity_Tiles_1/CyberCity_CentralSecurity_Tiles_1/Interior_WallPanel4_1.png,Interior_WallPanel4_1.png,CyberCity_CentralSecurity_Tiles_1/CyberCity_CentralSecurity_Tiles_1,CyberCity_CentralSecurity_Tiles_1,Interior_WallPanel4,"wall_security_barrier, prop_sign_tech",44,138,True,"[0, 0, 44, 138]",44,138,23.37,0.7663,0.3188,False,False,False,B_WALL_SECURITY_BARRIER
CS_0865,res://assets/tilesets/cyber_city_core_tilesets/CyberCity_CentralSecurity_Tiles/CyberCity_CentralSecurity_Tiles_1/CyberCity_CentralSecurity_Tiles_1/Interior_WallPanel4_2.png,Interior_WallPanel4_2.png,CyberCity_CentralSecurity_Tiles_1/CyberCity_CentralSecurity_Tiles_1,CyberCity_CentralSecurity_Tiles_1,Interior_WallPanel4,"wall_security_barrier, prop_sign_tech",14,157,True,"[0, 0, 14, 157]",14,157,56.961,0.43039,0.0892,False,False,True,B_WALL_SECURITY_BARRIER
CS_0866,res://assets/tilesets/cyber_city_core_tilesets/CyberCity_CentralSecurity_Tiles/CyberCity_CentralSecurity_Tiles_1/CyberCity_CentralSecurity_Tiles_1/Interior_WallPanel4_3.png,Interior_WallPanel4_3.png,CyberCity_CentralSecurity_Tiles_1/CyberCity_CentralSecurity_Tiles_1,CyberCity_CentralSecurity_Tiles_1,Interior_WallPanel4,"wall_security_barrier, prop_sign_tech",41,138,True,"[0, 0, 41, 138]",41,138,17.692,0.82308,0.2971,False,False,False,B_WALL_SECURITY_BARRIER
CS_0867,res://assets/tilesets/cyber_city_core_tilesets/CyberCity_CentralSecurity_Tiles/CyberCity_CentralSecurity_Tiles_1/CyberCity_CentralSecurity_Tiles_1/Interior_WallPanel4_4.png,Interior_WallPanel4_4.png,CyberCity_CentralSecurity_Tiles_1/CyberCity_CentralSecurity_Tiles_1,CyberCity_CentralSecurity_Tiles_1,Interior_WallPanel4,"wall_security_barrier, prop_sign_tech",16,157,True,"[0, 0, 16, 157]",16,157,62.381,0.37619,0.1019,False,False,True,B_WALL_SECURITY_BARRIER
CS_0868,res://assets/tilesets/cyber_city_core_tilesets/CyberCity_CentralSecurity_Tiles/CyberCity_CentralSecurity_Tiles_1/CyberCity_CentralSecurity_Tiles_1/Interior_WallPanel4_5.png,Interior_WallPanel4_5.png,CyberCity_CentralSecurity_Tiles_1/CyberCity_CentralSecurity_Tiles_1,CyberCity_CentralSecurity_Tiles_1,Interior_WallPanel4,"wall_security_barrier, prop_sign_tech",34,151,True,"[0, 0, 34, 151]",34,151,27.289,0.72711,0.2252,False,False,False,B_WALL_SECURITY_BARRIER
CS_0869,res://assets/tilesets/cyber_city_core_tilesets/CyberCity_CentralSecurity_Tiles/CyberCity_CentralSecurity_Tiles_1/CyberCity_CentralSecurity_Tiles_1/Interior_WallPanel4_6.png,Interior_WallPanel4_6.png,CyberCity_CentralSecurity_Tiles_1/CyberCity_CentralSecurity_Tiles_1,CyberCity_CentralSecurity_Tiles_1,Interior_WallPanel4,"wall_security_barrier, prop_sign_tech",34,155,True,"[0, 0, 34, 155]",34,155,29.051,0.70949,0.2194,False,False,False,B_WALL_SECURITY_BARRIER
CS_0870,res://assets/tilesets/cyber_city_core_tilesets/CyberCity_CentralSecurity_Tiles/CyberCity_CentralSecurity_Tiles_1/CyberCity_CentralSecurity_Tiles_1/Interior_WallPanel4_7.png,Interior_WallPanel4_7.png,CyberCity_CentralSecurity_Tiles_1/CyberCity_CentralSecurity_Tiles_1,CyberCity_CentralSecurity_Tiles_1,Interior_WallPanel4,"wall_security_barrier, prop_sign_tech",33,152,True,"[0, 0, 33, 152]",33,152,25.698,0.74302,0.2171,False,False,False,B_WALL_SECURITY_BARRIER
CS_0871,res://assets/tilesets/cyber_city_core_tilesets/CyberCity_CentralSecurity_Tiles/CyberCity_CentralSecurity_Tiles_1/CyberCity_CentralSecurity_Tiles_1/Interior_WallPanel4_8.png,Interior_WallPanel4_8.png,CyberCity_CentralSecurity_Tiles_1/CyberCity_CentralSecurity_Tiles_1,CyberCity_CentralSecurity_Tiles_1,Interior_WallPanel4,"wall_security_barrier, prop_sign_tech",36,151,True,"[0, 0, 36, 151]",36,151,31.218,0.68782,0.2384,False,False,False,B_WALL_SECURITY_BARRIER
CS_0872,res://assets/tilesets/cyber_city_core_tilesets/CyberCity_CentralSecurity_Tiles/CyberCity_CentralSecurity_Tiles_1/CyberCity_CentralSecurity_Tiles_1/Interior_WallPanel5_1.png,Interior_WallPanel5_1.png,CyberCity_CentralSecurity_Tiles_1/CyberCity_CentralSecurity_Tiles_1,CyberCity_CentralSecurity_Tiles_1,Interior_WallPanel5,"wall_security_barrier, prop_sign_tech",131,54,True,"[0, 0, 131, 54]",131,54,11.507,0.88493,2.4259,False,False,False,B_WALL_SECURITY_BARRIER
CS_0873,res://assets/tilesets/cyber_city_core_tilesets/CyberCity_CentralSecurity_Tiles/CyberCity_CentralSecurity_Tiles_1/CyberCity_CentralSecurity_Tiles_1/Interior_WallPanel5_2.png,Interior_WallPanel5_2.png,CyberCity_CentralSecurity_Tiles_1/CyberCity_CentralSecurity_Tiles_1,CyberCity_CentralSecurity_Tiles_1,Interior_WallPanel5,"wall_security_barrier, prop_sign_tech",13,136,True,"[0, 0, 13, 136]",13,136,53.959,0.46041,0.0956,False,False,True,B_WALL_SECURITY_BARRIER
CS_0874,res://assets/tilesets/cyber_city_core_tilesets/CyberCity_CentralSecurity_Tiles/CyberCity_CentralSecurity_Tiles_1/CyberCity_CentralSecurity_Tiles_1/Interior_WallPanel5_3.png,Interior_WallPanel5_3.png,CyberCity_CentralSecurity_Tiles_1/CyberCity_CentralSecurity_Tiles_1,CyberCity_CentralSecurity_Tiles_1,Interior_WallPanel5,"wall_security_barrier, prop_sign_tech",134,59,True,"[0, 0, 134, 59]",134,59,21.237,0.78763,2.2712,False,False,False,B_WALL_SECURITY_BARRIER
CS_0875,res://assets/tilesets/cyber_city_core_tilesets/CyberCity_CentralSecurity_Tiles/CyberCity_CentralSecurity_Tiles_1/CyberCity_CentralSecurity_Tiles_1/Interior_WallPanel5_4.png,Interior_WallPanel5_4.png,CyberCity_CentralSecurity_Tiles_1/CyberCity_CentralSecurity_Tiles_1,CyberCity_CentralSecurity_Tiles_1,Interior_WallPanel5,"wall_security_barrier, prop_sign_tech",13,134,True,"[0, 0, 13, 134]",13,134,53.387,0.46613,0.097,False,False,True,B_WALL_SECURITY_BARRIER
CS_0876,res://assets/tilesets/cyber_city_core_tilesets/CyberCity_CentralSecurity_Tiles/CyberCity_CentralSecurity_Tiles_1/CyberCity_CentralSecurity_Tiles_1/Interior_WallPanel5_5.png,Interior_WallPanel5_5.png,CyberCity_CentralSecurity_Tiles_1/CyberCity_CentralSecurity_Tiles_1,CyberCity_CentralSecurity_Tiles_1,Interior_WallPanel5,"wall_security_barrier, prop_sign_tech",97,110,True,"[0, 0, 97, 110]",97,110,55.895,0.44105,0.8818,False,False,False,B_WALL_SECURITY_BARRIER
CS_0877,res://assets/tilesets/cyber_city_core_tilesets/CyberCity_CentralSecurity_Tiles/CyberCity_CentralSecurity_Tiles_1/CyberCity_CentralSecurity_Tiles_1/Interior_WallPanel5_6.png,Interior_WallPanel5_6.png,CyberCity_CentralSecurity_Tiles_1/CyberCity_CentralSecurity_Tiles_1,CyberCity_CentralSecurity_Tiles_1,Interior_WallPanel5,"wall_security_barrier, prop_sign_tech",94,110,True,"[0, 0, 94, 110]",94,110,54.574,0.45426,0.8545,False,False,False,B_WALL_SECURITY_BARRIER
CS_0878,res://assets/tilesets/cyber_city_core_tilesets/CyberCity_CentralSecurity_Tiles/CyberCity_CentralSecurity_Tiles_1/CyberCity_CentralSecurity_Tiles_1/Interior_WallPanel5_7.png,Interior_WallPanel5_7.png,CyberCity_CentralSecurity_Tiles_1/CyberCity_CentralSecurity_Tiles_1,CyberCity_CentralSecurity_Tiles_1,Interior_WallPanel5,"wall_security_barrier, prop_sign_tech",101,110,True,"[0, 0, 101, 110]",101,110,57.768,0.42232,0.9182,False,False,False,B_WALL_SECURITY_BARRIER
CS_0879,res://assets/tilesets/cyber_city_core_tilesets/CyberCity_CentralSecurity_Tiles/CyberCity_CentralSecurity_Tiles_1/CyberCity_CentralSecurity_Tiles_1/Interior_WallPanel5_8.png,Interior_WallPanel5_8.png,CyberCity_CentralSecurity_Tiles_1/CyberCity_CentralSecurity_Tiles_1,CyberCity_CentralSecurity_Tiles_1,Interior_WallPanel5,"wall_security_barrier, prop_sign_tech",100,110,True,"[0, 0, 100, 110]",100,110,57.136,0.42864,0.9091,False,False,False,B_WALL_SECURITY_BARRIER
CS_0880,res://assets/tilesets/cyber_city_core_tilesets/CyberCity_CentralSecurity_Tiles/CyberCity_CentralSecurity_Tiles_1/CyberCity_CentralSecurity_Tiles_1/Interior_WallPanel6_1.png,Interior_WallPanel6_1.png,CyberCity_CentralSecurity_Tiles_1/CyberCity_CentralSecurity_Tiles_1,CyberCity_CentralSecurity_Tiles_1,Interior_WallPanel6,"wall_security_barrier, prop_sign_tech",131,54,True,"[0, 0, 131, 54]",131,54,11.507,0.88493,2.4259,False,False,False,B_WALL_SECURITY_BARRIER
CS_0881,res://assets/tilesets/cyber_city_core_tilesets/CyberCity_CentralSecurity_Tiles/CyberCity_CentralSecurity_Tiles_1/CyberCity_CentralSecurity_Tiles_1/Interior_WallPanel6_2.png,Interior_WallPanel6_2.png,CyberCity_CentralSecurity_Tiles_1/CyberCity_CentralSecurity_Tiles_1,CyberCity_CentralSecurity_Tiles_1,Interior_WallPanel6,"wall_security_barrier, prop_sign_tech",13,136,True,"[0, 0, 13, 136]",13,136,52.262,0.47738,0.0956,False,False,True,B_WALL_SECURITY_BARRIER
CS_0882,res://assets/tilesets/cyber_city_core_tilesets/CyberCity_CentralSecurity_Tiles/CyberCity_CentralSecurity_Tiles_1/CyberCity_CentralSecurity_Tiles_1/Interior_WallPanel6_3.png,Interior_WallPanel6_3.png,CyberCity_CentralSecurity_Tiles_1/CyberCity_CentralSecurity_Tiles_1,CyberCity_CentralSecurity_Tiles_1,Interior_WallPanel6,"wall_security_barrier, prop_sign_tech",134,59,True,"[0, 0, 134, 59]",134,59,21.237,0.78763,2.2712,False,False,False,B_WALL_SECURITY_BARRIER
CS_0883,res://assets/tilesets/cyber_city_core_tilesets/CyberCity_CentralSecurity_Tiles/CyberCity_CentralSecurity_Tiles_1/CyberCity_CentralSecurity_Tiles_1/Interior_WallPanel6_4.png,Interior_WallPanel6_4.png,CyberCity_CentralSecurity_Tiles_1/CyberCity_CentralSecurity_Tiles_1,CyberCity_CentralSecurity_Tiles_1,Interior_WallPanel6,"wall_security_barrier, prop_sign_tech",13,134,True,"[0, 0, 13, 134]",13,134,49.713,0.50287,0.097,False,False,True,B_WALL_SECURITY_BARRIER
CS_0884,res://assets/tilesets/cyber_city_core_tilesets/CyberCity_CentralSecurity_Tiles/CyberCity_CentralSecurity_Tiles_1/CyberCity_CentralSecurity_Tiles_1/Interior_WallPanel6_5.png,Interior_WallPanel6_5.png,CyberCity_CentralSecurity_Tiles_1/CyberCity_CentralSecurity_Tiles_1,CyberCity_CentralSecurity_Tiles_1,Interior_WallPanel6,"wall_security_barrier, prop_sign_tech",97,110,True,"[0, 0, 97, 110]",97,110,55.895,0.44105,0.8818,False,False,False,B_WALL_SECURITY_BARRIER
CS_0885,res://assets/tilesets/cyber_city_core_tilesets/CyberCity_CentralSecurity_Tiles/CyberCity_CentralSecurity_Tiles_1/CyberCity_CentralSecurity_Tiles_1/Interior_WallPanel6_6.png,Interior_WallPanel6_6.png,CyberCity_CentralSecurity_Tiles_1/CyberCity_CentralSecurity_Tiles_1,CyberCity_CentralSecurity_Tiles_1,Interior_WallPanel6,"wall_security_barrier, prop_sign_tech",94,110,True,"[0, 0, 94, 110]",94,110,54.574,0.45426,0.8545,False,False,False,B_WALL_SECURITY_BARRIER
CS_0886,res://assets/tilesets/cyber_city_core_tilesets/CyberCity_CentralSecurity_Tiles/CyberCity_CentralSecurity_Tiles_1/CyberCity_CentralSecurity_Tiles_1/Interior_WallPanel6_7.png,Interior_WallPanel6_7.png,CyberCity_CentralSecurity_Tiles_1/CyberCity_CentralSecurity_Tiles_1,CyberCity_CentralSecurity_Tiles_1,Interior_WallPanel6,"wall_security_barrier, prop_sign_tech",101,110,True,"[0, 0, 101, 110]",101,110,57.768,0.42232,0.9182,False,False,False,B_WALL_SECURITY_BARRIER
CS_0887,res://assets/tilesets/cyber_city_core_tilesets/CyberCity_CentralSecurity_Tiles/CyberCity_CentralSecurity_Tiles_1/CyberCity_CentralSecurity_Tiles_1/Interior_WallPanel6_8.png,Interior_WallPanel6_8.png,CyberCity_CentralSecurity_Tiles_1/CyberCity_CentralSecurity_Tiles_1,CyberCity_CentralSecurity_Tiles_1,Interior_WallPanel6,"wall_security_barrier, prop_sign_tech",100,110,True,"[0, 0, 100, 110]",100,110,57.136,0.42864,0.9091,False,False,False,B_WALL_SECURITY_BARRIER
CS_0888,res://assets/tilesets/cyber_city_core_tilesets/CyberCity_CentralSecurity_Tiles/CyberCity_CentralSecurity_Tiles_1/CyberCity_CentralSecurity_Tiles_1/Interior_WallPanel7_1.png,Interior_WallPanel7_1.png,CyberCity_CentralSecurity_Tiles_1/CyberCity_CentralSecurity_Tiles_1,CyberCity_CentralSecurity_Tiles_1,Interior_WallPanel7,"wall_security_barrier, prop_sign_tech",131,54,True,"[0, 0, 131, 54]",131,54,11.507,0.88493,2.4259,False,False,False,B_WALL_SECURITY_BARRIER
CS_0889,res://assets/tilesets/cyber_city_core_tilesets/CyberCity_CentralSecurity_Tiles/CyberCity_CentralSecurity_Tiles_1/CyberCity_CentralSecurity_Tiles_1/Interior_WallPanel7_2.png,Interior_WallPanel7_2.png,CyberCity_CentralSecurity_Tiles_1/CyberCity_CentralSecurity_Tiles_1,CyberCity_CentralSecurity_Tiles_1,Interior_WallPanel7,"wall_security_barrier, prop_sign_tech",13,136,True,"[0, 0, 13, 136]",13,136,53.959,0.46041,0.0956,False,False,True,B_WALL_SECURITY_BARRIER
CS_0890,res://assets/tilesets/cyber_city_core_tilesets/CyberCity_CentralSecurity_Tiles/CyberCity_CentralSecurity_Tiles_1/CyberCity_CentralSecurity_Tiles_1/Interior_WallPanel7_3.png,Interior_WallPanel7_3.png,CyberCity_CentralSecurity_Tiles_1/CyberCity_CentralSecurity_Tiles_1,CyberCity_CentralSecurity_Tiles_1,Interior_WallPanel7,"wall_security_barrier, prop_sign_tech",134,59,True,"[0, 0, 134, 59]",134,59,21.237,0.78763,2.2712,False,False,False,B_WALL_SECURITY_BARRIER
CS_0891,res://assets/tilesets/cyber_city_core_tilesets/CyberCity_CentralSecurity_Tiles/CyberCity_CentralSecurity_Tiles_1/CyberCity_CentralSecurity_Tiles_1/Interior_WallPanel7_4.png,Interior_WallPanel7_4.png,CyberCity_CentralSecurity_Tiles_1/CyberCity_CentralSecurity_Tiles_1,CyberCity_CentralSecurity_Tiles_1,Interior_WallPanel7,"wall_security_barrier, prop_sign_tech",13,134,True,"[0, 0, 13, 134]",13,134,53.387,0.46613,0.097,False,False,True,B_WALL_SECURITY_BARRIER
CS_0892,res://assets/tilesets/cyber_city_core_tilesets/CyberCity_CentralSecurity_Tiles/CyberCity_CentralSecurity_Tiles_1/CyberCity_CentralSecurity_Tiles_1/Interior_WallPanel7_5.png,Interior_WallPanel7_5.png,CyberCity_CentralSecurity_Tiles_1/CyberCity_CentralSecurity_Tiles_1,CyberCity_CentralSecurity_Tiles_1,Interior_WallPanel7,"wall_security_barrier, prop_sign_tech",97,110,True,"[0, 0, 97, 110]",97,110,55.895,0.44105,0.8818,False,False,False,B_WALL_SECURITY_BARRIER
CS_0893,res://assets/tilesets/cyber_city_core_tilesets/CyberCity_CentralSecurity_Tiles/CyberCity_CentralSecurity_Tiles_1/CyberCity_CentralSecurity_Tiles_1/Interior_WallPanel7_6.png,Interior_WallPanel7_6.png,CyberCity_CentralSecurity_Tiles_1/CyberCity_CentralSecurity_Tiles_1,CyberCity_CentralSecurity_Tiles_1,Interior_WallPanel7,"wall_security_barrier, prop_sign_tech",94,110,True,"[0, 0, 94, 110]",94,110,54.574,0.45426,0.8545,False,False,False,B_WALL_SECURITY_BARRIER
CS_0894,res://assets/tilesets/cyber_city_core_tilesets/CyberCity_CentralSecurity_Tiles/CyberCity_CentralSecurity_Tiles_1/CyberCity_CentralSecurity_Tiles_1/Interior_WallPanel7_7.png,Interior_WallPanel7_7.png,CyberCity_CentralSecurity_Tiles_1/CyberCity_CentralSecurity_Tiles_1,CyberCity_CentralSecurity_Tiles_1,Interior_WallPanel7,"wall_security_barrier, prop_sign_tech",101,110,True,"[0, 0, 101, 110]",101,110,57.768,0.42232,0.9182,False,False,False,B_WALL_SECURITY_BARRIER
CS_0895,res://assets/tilesets/cyber_city_core_tilesets/CyberCity_CentralSecurity_Tiles/CyberCity_CentralSecurity_Tiles_1/CyberCity_CentralSecurity_Tiles_1/Interior_WallPanel7_8.png,Interior_WallPanel7_8.png,CyberCity_CentralSecurity_Tiles_1/CyberCity_CentralSecurity_Tiles_1,CyberCity_CentralSecurity_Tiles_1,Interior_WallPanel7,"wall_security_barrier, prop_sign_tech",100,110,True,"[0, 0, 100, 110]",100,110,57.136,0.42864,0.9091,False,False,False,B_WALL_SECURITY_BARRIER
CS_0896,res://assets/tilesets/cyber_city_core_tilesets/CyberCity_CentralSecurity_Tiles/CyberCity_CentralSecurity_Tiles_1/CyberCity_CentralSecurity_Tiles_1/Interior_WallPanel8_1.png,Interior_WallPanel8_1.png,CyberCity_CentralSecurity_Tiles_1/CyberCity_CentralSecurity_Tiles_1,CyberCity_CentralSecurity_Tiles_1,Interior_WallPanel8,"wall_security_barrier, prop_sign_tech",131,54,True,"[0, 0, 131, 54]",131,54,11.507,0.88493,2.4259,False,False,False,B_WALL_SECURITY_BARRIER
CS_0897,res://assets/tilesets/cyber_city_core_tilesets/CyberCity_CentralSecurity_Tiles/CyberCity_CentralSecurity_Tiles_1/CyberCity_CentralSecurity_Tiles_1/Interior_WallPanel8_2.png,Interior_WallPanel8_2.png,CyberCity_CentralSecurity_Tiles_1/CyberCity_CentralSecurity_Tiles_1,CyberCity_CentralSecurity_Tiles_1,Interior_WallPanel8,"wall_security_barrier, prop_sign_tech",13,136,True,"[0, 0, 13, 136]",13,136,51.018,0.48982,0.0956,False,False,True,B_WALL_SECURITY_BARRIER
CS_0898,res://assets/tilesets/cyber_city_core_tilesets/CyberCity_CentralSecurity_Tiles/CyberCity_CentralSecurity_Tiles_1/CyberCity_CentralSecurity_Tiles_1/Interior_WallPanel8_3.png,Interior_WallPanel8_3.png,CyberCity_CentralSecurity_Tiles_1/CyberCity_CentralSecurity_Tiles_1,CyberCity_CentralSecurity_Tiles_1,Interior_WallPanel8,"wall_security_barrier, prop_sign_tech",134,59,True,"[0, 0, 134, 59]",134,59,21.237,0.78763,2.2712,False,False,False,B_WALL_SECURITY_BARRIER
CS_0899,res://assets/tilesets/cyber_city_core_tilesets/CyberCity_CentralSecurity_Tiles/CyberCity_CentralSecurity_Tiles_1/CyberCity_CentralSecurity_Tiles_1/Interior_WallPanel8_4.png,Interior_WallPanel8_4.png,CyberCity_CentralSecurity_Tiles_1/CyberCity_CentralSecurity_Tiles_1,CyberCity_CentralSecurity_Tiles_1,Interior_WallPanel8,"wall_security_barrier, prop_sign_tech",15,134,True,"[0, 0, 15, 134]",15,134,58.756,0.41244,0.1119,False,False,True,B_WALL_SECURITY_BARRIER
CS_0900,res://assets/tilesets/cyber_city_core_tilesets/CyberCity_CentralSecurity_Tiles/CyberCity_CentralSecurity_Tiles_1/CyberCity_CentralSecurity_Tiles_1/Interior_WallPanel8_5.png,Interior_WallPanel8_5.png,CyberCity_CentralSecurity_Tiles_1/CyberCity_CentralSecurity_Tiles_1,CyberCity_CentralSecurity_Tiles_1,Interior_WallPanel8,"wall_security_barrier, prop_sign_tech",97,110,True,"[0, 0, 97, 110]",97,110,55.895,0.44105,0.8818,False,False,False,B_WALL_SECURITY_BARRIER
CS_0901,res://assets/tilesets/cyber_city_core_tilesets/CyberCity_CentralSecurity_Tiles/CyberCity_CentralSecurity_Tiles_1/CyberCity_CentralSecurity_Tiles_1/Interior_WallPanel8_6.png,Interior_WallPanel8_6.png,CyberCity_CentralSecurity_Tiles_1/CyberCity_CentralSecurity_Tiles_1,CyberCity_CentralSecurity_Tiles_1,Interior_WallPanel8,"wall_security_barrier, prop_sign_tech",94,110,True,"[0, 0, 94, 110]",94,110,54.574,0.45426,0.8545,False,False,False,B_WALL_SECURITY_BARRIER
CS_0902,res://assets/tilesets/cyber_city_core_tilesets/CyberCity_CentralSecurity_Tiles/CyberCity_CentralSecurity_Tiles_1/CyberCity_CentralSecurity_Tiles_1/Interior_WallPanel8_7.png,Interior_WallPanel8_7.png,CyberCity_CentralSecurity_Tiles_1/CyberCity_CentralSecurity_Tiles_1,CyberCity_CentralSecurity_Tiles_1,Interior_WallPanel8,"wall_security_barrier, prop_sign_tech",101,110,True,"[0, 0, 101, 110]",101,110,57.768,0.42232,0.9182,False,False,False,B_WALL_SECURITY_BARRIER
CS_0903,res://assets/tilesets/cyber_city_core_tilesets/CyberCity_CentralSecurity_Tiles/CyberCity_CentralSecurity_Tiles_1/CyberCity_CentralSecurity_Tiles_1/Interior_WallPanel8_8.png,Interior_WallPanel8_8.png,CyberCity_CentralSecurity_Tiles_1/CyberCity_CentralSecurity_Tiles_1,CyberCity_CentralSecurity_Tiles_1,Interior_WallPanel8,"wall_security_barrier, prop_sign_tech",100,110,True,"[0, 0, 100, 110]",100,110,57.136,0.42864,0.9091,False,False,False,B_WALL_SECURITY_BARRIER
CS_0904,res://assets/tilesets/cyber_city_core_tilesets/CyberCity_CentralSecurity_Tiles/CyberCity_CentralSecurity_Tiles_1/CyberCity_CentralSecurity_Tiles_1/Interior_WallPanel9_1.png,Interior_WallPanel9_1.png,CyberCity_CentralSecurity_Tiles_1/CyberCity_CentralSecurity_Tiles_1,CyberCity_CentralSecurity_Tiles_1,Interior_WallPanel9,"wall_security_barrier, prop_sign_tech",131,54,True,"[0, 0, 131, 54]",131,54,11.507,0.88493,2.4259,False,False,False,B_WALL_SECURITY_BARRIER
CS_0905,res://assets/tilesets/cyber_city_core_tilesets/CyberCity_CentralSecurity_Tiles/CyberCity_CentralSecurity_Tiles_1/CyberCity_CentralSecurity_Tiles_1/Interior_WallPanel9_2.png,Interior_WallPanel9_2.png,CyberCity_CentralSecurity_Tiles_1/CyberCity_CentralSecurity_Tiles_1,CyberCity_CentralSecurity_Tiles_1,Interior_WallPanel9,"wall_security_barrier, prop_sign_tech",13,136,True,"[0, 0, 13, 136]",13,136,53.959,0.46041,0.0956,False,False,True,B_WALL_SECURITY_BARRIER
CS_0906,res://assets/tilesets/cyber_city_core_tilesets/CyberCity_CentralSecurity_Tiles/CyberCity_CentralSecurity_Tiles_1/CyberCity_CentralSecurity_Tiles_1/Interior_WallPanel9_3.png,Interior_WallPanel9_3.png,CyberCity_CentralSecurity_Tiles_1/CyberCity_CentralSecurity_Tiles_1,CyberCity_CentralSecurity_Tiles_1,Interior_WallPanel9,"wall_security_barrier, prop_sign_tech",134,59,True,"[0, 0, 134, 59]",134,59,21.237,0.78763,2.2712,False,False,False,B_WALL_SECURITY_BARRIER
CS_0907,res://assets/tilesets/cyber_city_core_tilesets/CyberCity_CentralSecurity_Tiles/CyberCity_CentralSecurity_Tiles_1/CyberCity_CentralSecurity_Tiles_1/Interior_WallPanel9_4.png,Interior_WallPanel9_4.png,CyberCity_CentralSecurity_Tiles_1/CyberCity_CentralSecurity_Tiles_1,CyberCity_CentralSecurity_Tiles_1,Interior_WallPanel9,"wall_security_barrier, prop_sign_tech",13,134,True,"[0, 0, 13, 134]",13,134,53.387,0.46613,0.097,False,False,True,B_WALL_SECURITY_BARRIER
CS_0908,res://assets/tilesets/cyber_city_core_tilesets/CyberCity_CentralSecurity_Tiles/CyberCity_CentralSecurity_Tiles_1/CyberCity_CentralSecurity_Tiles_1/Interior_WallPanel9_5.png,Interior_WallPanel9_5.png,CyberCity_CentralSecurity_Tiles_1/CyberCity_CentralSecurity_Tiles_1,CyberCity_CentralSecurity_Tiles_1,Interior_WallPanel9,"wall_security_barrier, prop_sign_tech",97,110,True,"[0, 0, 97, 110]",97,110,55.895,0.44105,0.8818,False,False,False,B_WALL_SECURITY_BARRIER
CS_0909,res://assets/tilesets/cyber_city_core_tilesets/CyberCity_CentralSecurity_Tiles/CyberCity_CentralSecurity_Tiles_1/CyberCity_CentralSecurity_Tiles_1/Interior_WallPanel9_6.png,Interior_WallPanel9_6.png,CyberCity_CentralSecurity_Tiles_1/CyberCity_CentralSecurity_Tiles_1,CyberCity_CentralSecurity_Tiles_1,Interior_WallPanel9,"wall_security_barrier, prop_sign_tech",94,110,True,"[0, 0, 94, 110]",94,110,54.574,0.45426,0.8545,False,False,False,B_WALL_SECURITY_BARRIER
CS_0910,res://assets/tilesets/cyber_city_core_tilesets/CyberCity_CentralSecurity_Tiles/CyberCity_CentralSecurity_Tiles_1/CyberCity_CentralSecurity_Tiles_1/Interior_WallPanel9_7.png,Interior_WallPanel9_7.png,CyberCity_CentralSecurity_Tiles_1/CyberCity_CentralSecurity_Tiles_1,CyberCity_CentralSecurity_Tiles_1,Interior_WallPanel9,"wall_security_barrier, prop_sign_tech",101,110,True,"[0, 0, 101, 110]",101,110,57.768,0.42232,0.9182,False,False,False,B_WALL_SECURITY_BARRIER
CS_0911,res://assets/tilesets/cyber_city_core_tilesets/CyberCity_CentralSecurity_Tiles/CyberCity_CentralSecurity_Tiles_1/CyberCity_CentralSecurity_Tiles_1/Interior_WallPanel9_8.png,Interior_WallPanel9_8.png,CyberCity_CentralSecurity_Tiles_1/CyberCity_CentralSecurity_Tiles_1,CyberCity_CentralSecurity_Tiles_1,Interior_WallPanel9,"wall_security_barrier, prop_sign_tech",100,110,True,"[0, 0, 100, 110]",100,110,57.136,0.42864,0.9091,False,False,False,B_WALL_SECURITY_BARRIER
CS_0912,res://assets/tilesets/cyber_city_core_tilesets/CyberCity_CentralSecurity_Tiles/CyberCity_CentralSecurity_Tiles_1/CyberCity_CentralSecurity_Tiles_1/Interior_Window1_1.png,Interior_Window1_1.png,CyberCity_CentralSecurity_Tiles_1/CyberCity_CentralSecurity_Tiles_1,CyberCity_CentralSecurity_Tiles_1,Interior_Window1,wall_security_barrier,131,54,True,"[0, 0, 131, 54]",131,54,11.507,0.88493,2.4259,False,False,False,B_WALL_SECURITY_BARRIER
CS_0913,res://assets/tilesets/cyber_city_core_tilesets/CyberCity_CentralSecurity_Tiles/CyberCity_CentralSecurity_Tiles_1/CyberCity_CentralSecurity_Tiles_1/Interior_Window1_2.png,Interior_Window1_2.png,CyberCity_CentralSecurity_Tiles_1/CyberCity_CentralSecurity_Tiles_1,CyberCity_CentralSecurity_Tiles_1,Interior_Window1,wall_security_barrier,15,136,True,"[0, 0, 15, 136]",15,136,50.637,0.49363,0.1103,False,False,True,B_WALL_SECURITY_BARRIER
CS_0914,res://assets/tilesets/cyber_city_core_tilesets/CyberCity_CentralSecurity_Tiles/CyberCity_CentralSecurity_Tiles_1/CyberCity_CentralSecurity_Tiles_1/Interior_Window1_3.png,Interior_Window1_3.png,CyberCity_CentralSecurity_Tiles_1/CyberCity_CentralSecurity_Tiles_1,CyberCity_CentralSecurity_Tiles_1,Interior_Window1,wall_security_barrier,134,59,True,"[0, 0, 134, 59]",134,59,21.237,0.78763,2.2712,False,False,False,B_WALL_SECURITY_BARRIER
CS_0915,res://assets/tilesets/cyber_city_core_tilesets/CyberCity_CentralSecurity_Tiles/CyberCity_CentralSecurity_Tiles_1/CyberCity_CentralSecurity_Tiles_1/Interior_Window1_4.png,Interior_Window1_4.png,CyberCity_CentralSecurity_Tiles_1/CyberCity_CentralSecurity_Tiles_1,CyberCity_CentralSecurity_Tiles_1,Interior_Window1,wall_security_barrier,15,134,True,"[0, 0, 15, 134]",15,134,51.692,0.48308,0.1119,False,False,True,B_WALL_SECURITY_BARRIER
CS_0916,res://assets/tilesets/cyber_city_core_tilesets/CyberCity_CentralSecurity_Tiles/CyberCity_CentralSecurity_Tiles_1/CyberCity_CentralSecurity_Tiles_1/Interior_Window1_5.png,Interior_Window1_5.png,CyberCity_CentralSecurity_Tiles_1/CyberCity_CentralSecurity_Tiles_1,CyberCity_CentralSecurity_Tiles_1,Interior_Window1,wall_security_barrier,97,110,True,"[0, 0, 97, 110]",97,110,55.895,0.44105,0.8818,False,False,False,B_WALL_SECURITY_BARRIER
CS_0917,res://assets/tilesets/cyber_city_core_tilesets/CyberCity_CentralSecurity_Tiles/CyberCity_CentralSecurity_Tiles_1/CyberCity_CentralSecurity_Tiles_1/Interior_Window1_6.png,Interior_Window1_6.png,CyberCity_CentralSecurity_Tiles_1/CyberCity_CentralSecurity_Tiles_1,CyberCity_CentralSecurity_Tiles_1,Interior_Window1,wall_security_barrier,94,110,True,"[0, 0, 94, 110]",94,110,54.574,0.45426,0.8545,False,False,False,B_WALL_SECURITY_BARRIER
CS_0918,res://assets/tilesets/cyber_city_core_tilesets/CyberCity_CentralSecurity_Tiles/CyberCity_CentralSecurity_Tiles_1/CyberCity_CentralSecurity_Tiles_1/Interior_Window1_7.png,Interior_Window1_7.png,CyberCity_CentralSecurity_Tiles_1/CyberCity_CentralSecurity_Tiles_1,CyberCity_CentralSecurity_Tiles_1,Interior_Window1,wall_security_barrier,101,110,True,"[0, 0, 101, 110]",101,110,57.768,0.42232,0.9182,False,False,False,B_WALL_SECURITY_BARRIER
CS_0919,res://assets/tilesets/cyber_city_core_tilesets/CyberCity_CentralSecurity_Tiles/CyberCity_CentralSecurity_Tiles_1/CyberCity_CentralSecurity_Tiles_1/Interior_Window1_8.png,Interior_Window1_8.png,CyberCity_CentralSecurity_Tiles_1/CyberCity_CentralSecurity_Tiles_1,CyberCity_CentralSecurity_Tiles_1,Interior_Window1,wall_security_barrier,100,110,True,"[0, 0, 100, 110]",100,110,57.136,0.42864,0.9091,False,False,False,B_WALL_SECURITY_BARRIER
CS_0920,res://assets/tilesets/cyber_city_core_tilesets/CyberCity_CentralSecurity_Tiles/CyberCity_CentralSecurity_Tiles_1/CyberCity_CentralSecurity_Tiles_1/Interior_Window2_1.png,Interior_Window2_1.png,CyberCity_CentralSecurity_Tiles_1/CyberCity_CentralSecurity_Tiles_1,CyberCity_CentralSecurity_Tiles_1,Interior_Window2,wall_security_barrier,131,54,True,"[0, 0, 131, 54]",131,54,11.507,0.88493,2.4259,False,False,False,B_WALL_SECURITY_BARRIER
CS_0921,res://assets/tilesets/cyber_city_core_tilesets/CyberCity_CentralSecurity_Tiles/CyberCity_CentralSecurity_Tiles_1/CyberCity_CentralSecurity_Tiles_1/Interior_Window2_2.png,Interior_Window2_2.png,CyberCity_CentralSecurity_Tiles_1/CyberCity_CentralSecurity_Tiles_1,CyberCity_CentralSecurity_Tiles_1,Interior_Window2,wall_security_barrier,17,136,True,"[0, 0, 17, 136]",17,136,38.668,0.61332,0.125,False,False,True,B_WALL_SECURITY_BARRIER
CS_0922,res://assets/tilesets/cyber_city_core_tilesets/CyberCity_CentralSecurity_Tiles/CyberCity_CentralSecurity_Tiles_1/CyberCity_CentralSecurity_Tiles_1/Interior_Window2_3.png,Interior_Window2_3.png,CyberCity_CentralSecurity_Tiles_1/CyberCity_CentralSecurity_Tiles_1,CyberCity_CentralSecurity_Tiles_1,Interior_Window2,wall_security_barrier,134,59,True,"[0, 0, 134, 59]",134,59,21.237,0.78763,2.2712,False,False,False,B_WALL_SECURITY_BARRIER
CS_0923,res://assets/tilesets/cyber_city_core_tilesets/CyberCity_CentralSecurity_Tiles/CyberCity_CentralSecurity_Tiles_1/CyberCity_CentralSecurity_Tiles_1/Interior_Window2_4.png,Interior_Window2_4.png,CyberCity_CentralSecurity_Tiles_1/CyberCity_CentralSecurity_Tiles_1,CyberCity_CentralSecurity_Tiles_1,Interior_Window2,wall_security_barrier,16,134,True,"[0, 0, 16, 134]",16,134,34.795,0.65205,0.1194,False,False,True,B_WALL_SECURITY_BARRIER
CS_0924,res://assets/tilesets/cyber_city_core_tilesets/CyberCity_CentralSecurity_Tiles/CyberCity_CentralSecurity_Tiles_1/CyberCity_CentralSecurity_Tiles_1/Interior_Window2_5.png,Interior_Window2_5.png,CyberCity_CentralSecurity_Tiles_1/CyberCity_CentralSecurity_Tiles_1,CyberCity_CentralSecurity_Tiles_1,Interior_Window2,wall_security_barrier,97,110,True,"[0, 0, 97, 110]",97,110,55.895,0.44105,0.8818,False,False,False,B_WALL_SECURITY_BARRIER
CS_0925,res://assets/tilesets/cyber_city_core_tilesets/CyberCity_CentralSecurity_Tiles/CyberCity_CentralSecurity_Tiles_1/CyberCity_CentralSecurity_Tiles_1/Interior_Window2_6.png,Interior_Window2_6.png,CyberCity_CentralSecurity_Tiles_1/CyberCity_CentralSecurity_Tiles_1,CyberCity_CentralSecurity_Tiles_1,Interior_Window2,wall_security_barrier,94,110,True,"[0, 0, 94, 110]",94,110,54.574,0.45426,0.8545,False,False,False,B_WALL_SECURITY_BARRIER
CS_0926,res://assets/tilesets/cyber_city_core_tilesets/CyberCity_CentralSecurity_Tiles/CyberCity_CentralSecurity_Tiles_1/CyberCity_CentralSecurity_Tiles_1/Interior_Window2_7.png,Interior_Window2_7.png,CyberCity_CentralSecurity_Tiles_1/CyberCity_CentralSecurity_Tiles_1,CyberCity_CentralSecurity_Tiles_1,Interior_Window2,wall_security_barrier,101,110,True,"[0, 0, 101, 110]",101,110,57.768,0.42232,0.9182,False,False,False,B_WALL_SECURITY_BARRIER
CS_0927,res://assets/tilesets/cyber_city_core_tilesets/CyberCity_CentralSecurity_Tiles/CyberCity_CentralSecurity_Tiles_1/CyberCity_CentralSecurity_Tiles_1/Interior_Window2_8.png,Interior_Window2_8.png,CyberCity_CentralSecurity_Tiles_1/CyberCity_CentralSecurity_Tiles_1,CyberCity_CentralSecurity_Tiles_1,Interior_Window2,wall_security_barrier,100,110,True,"[0, 0, 100, 110]",100,110,57.136,0.42864,0.9091,False,False,False,B_WALL_SECURITY_BARRIER
CS_0928,res://assets/tilesets/cyber_city_core_tilesets/CyberCity_CentralSecurity_Tiles/CyberCity_CentralSecurity_Tiles_1/CyberCity_CentralSecurity_Tiles_1/Interior_Window3_1.png,Interior_Window3_1.png,CyberCity_CentralSecurity_Tiles_1/CyberCity_CentralSecurity_Tiles_1,CyberCity_CentralSecurity_Tiles_1,Interior_Window3,wall_security_barrier,131,54,True,"[0, 0, 131, 54]",131,54,11.281,0.88719,2.4259,False,False,False,B_WALL_SECURITY_BARRIER
CS_0929,res://assets/tilesets/cyber_city_core_tilesets/CyberCity_CentralSecurity_Tiles/CyberCity_CentralSecurity_Tiles_1/CyberCity_CentralSecurity_Tiles_1/Interior_Window3_2.png,Interior_Window3_2.png,CyberCity_CentralSecurity_Tiles_1/CyberCity_CentralSecurity_Tiles_1,CyberCity_CentralSecurity_Tiles_1,Interior_Window3,wall_security_barrier,23,136,True,"[0, 0, 23, 136]",23,136,41.304,0.58696,0.1691,False,False,True,B_WALL_SECURITY_BARRIER
CS_0930,res://assets/tilesets/cyber_city_core_tilesets/CyberCity_CentralSecurity_Tiles/CyberCity_CentralSecurity_Tiles_1/CyberCity_CentralSecurity_Tiles_1/Interior_Window3_3.png,Interior_Window3_3.png,CyberCity_CentralSecurity_Tiles_1/CyberCity_CentralSecurity_Tiles_1,CyberCity_CentralSecurity_Tiles_1,Interior_Window3,wall_security_barrier,134,59,True,"[0, 0, 134, 59]",134,59,20.655,0.79345,2.2712,False,False,False,B_WALL_SECURITY_BARRIER
CS_0931,res://assets/tilesets/cyber_city_core_tilesets/CyberCity_CentralSecurity_Tiles/CyberCity_CentralSecurity_Tiles_1/CyberCity_CentralSecurity_Tiles_1/Interior_Window3_4.png,Interior_Window3_4.png,CyberCity_CentralSecurity_Tiles_1/CyberCity_CentralSecurity_Tiles_1,CyberCity_CentralSecurity_Tiles_1,Interior_Window3,wall_security_barrier,17,134,True,"[0, 0, 17, 134]",17,134,19.974,0.80026,0.1269,False,False,True,B_WALL_SECURITY_BARRIER
CS_0932,res://assets/tilesets/cyber_city_core_tilesets/CyberCity_CentralSecurity_Tiles/CyberCity_CentralSecurity_Tiles_1/CyberCity_CentralSecurity_Tiles_1/Interior_Window3_5.png,Interior_Window3_5.png,CyberCity_CentralSecurity_Tiles_1/CyberCity_CentralSecurity_Tiles_1,CyberCity_CentralSecurity_Tiles_1,Interior_Window3,wall_security_barrier,97,110,True,"[0, 0, 97, 110]",97,110,54.902,0.45098,0.8818,False,False,False,B_WALL_SECURITY_BARRIER
CS_0933,res://assets/tilesets/cyber_city_core_tilesets/CyberCity_CentralSecurity_Tiles/CyberCity_CentralSecurity_Tiles_1/CyberCity_CentralSecurity_Tiles_1/Interior_Window3_6.png,Interior_Window3_6.png,CyberCity_CentralSecurity_Tiles_1/CyberCity_CentralSecurity_Tiles_1,CyberCity_CentralSecurity_Tiles_1,Interior_Window3,wall_security_barrier,94,110,True,"[0, 0, 94, 110]",94,110,53.52,0.4648,0.8545,False,False,False,B_WALL_SECURITY_BARRIER
CS_0934,res://assets/tilesets/cyber_city_core_tilesets/CyberCity_CentralSecurity_Tiles/CyberCity_CentralSecurity_Tiles_1/CyberCity_CentralSecurity_Tiles_1/Interior_Window3_7.png,Interior_Window3_7.png,CyberCity_CentralSecurity_Tiles_1/CyberCity_CentralSecurity_Tiles_1,CyberCity_CentralSecurity_Tiles_1,Interior_Window3,wall_security_barrier,101,110,True,"[0, 0, 101, 110]",101,110,56.904,0.43096,0.9182,False,False,False,B_WALL_SECURITY_BARRIER
CS_0935,res://assets/tilesets/cyber_city_core_tilesets/CyberCity_CentralSecurity_Tiles/CyberCity_CentralSecurity_Tiles_1/CyberCity_CentralSecurity_Tiles_1/Interior_Window3_8.png,Interior_Window3_8.png,CyberCity_CentralSecurity_Tiles_1/CyberCity_CentralSecurity_Tiles_1,CyberCity_CentralSecurity_Tiles_1,Interior_Window3,wall_security_barrier,100,110,True,"[0, 0, 100, 110]",100,110,56.227,0.43773,0.9091,False,False,False,B_WALL_SECURITY_BARRIER
CS_0936,res://assets/tilesets/cyber_city_core_tilesets/CyberCity_CentralSecurity_Tiles/CyberCity_CentralSecurity_Tiles_1/CyberCity_CentralSecurity_Tiles_1/InteriorCell1_1.png,InteriorCell1_1.png,CyberCity_CentralSecurity_Tiles_1/CyberCity_CentralSecurity_Tiles_1,CyberCity_CentralSecurity_Tiles_1,InteriorCell1,review_unknown_visually_promising,274,288,True,"[0, 0, 274, 288]",274,288,10.401,0.89599,0.9514,False,False,False,E_REVIEW_UNKNOWN
CS_0937,res://assets/tilesets/cyber_city_core_tilesets/CyberCity_CentralSecurity_Tiles/CyberCity_CentralSecurity_Tiles_1/CyberCity_CentralSecurity_Tiles_1/InteriorCell1_2.png,InteriorCell1_2.png,CyberCity_CentralSecurity_Tiles_1/CyberCity_CentralSecurity_Tiles_1,CyberCity_CentralSecurity_Tiles_1,InteriorCell1,review_unknown_visually_promising,315,286,True,"[0, 0, 315, 286]",315,286,10.401,0.89599,1.1014,False,False,False,E_REVIEW_UNKNOWN
CS_0938,res://assets/tilesets/cyber_city_core_tilesets/CyberCity_CentralSecurity_Tiles/CyberCity_CentralSecurity_Tiles_1/CyberCity_CentralSecurity_Tiles_1/InteriorCell1_3.png,InteriorCell1_3.png,CyberCity_CentralSecurity_Tiles_1/CyberCity_CentralSecurity_Tiles_1,CyberCity_CentralSecurity_Tiles_1,InteriorCell1,review_unknown_visually_promising,270,287,True,"[0, 0, 270, 287]",270,287,9.712,0.90288,0.9408,False,False,False,E_REVIEW_UNKNOWN
CS_0939,res://assets/tilesets/cyber_city_core_tilesets/CyberCity_CentralSecurity_Tiles/CyberCity_CentralSecurity_Tiles_1/CyberCity_CentralSecurity_Tiles_1/InteriorCell1_4.png,InteriorCell1_4.png,CyberCity_CentralSecurity_Tiles_1/CyberCity_CentralSecurity_Tiles_1,CyberCity_CentralSecurity_Tiles_1,InteriorCell1,review_unknown_visually_promising,315,285,True,"[0, 0, 315, 285]",315,285,11.08,0.8892,1.1053,False,False,False,E_REVIEW_UNKNOWN
CS_0940,res://assets/tilesets/cyber_city_core_tilesets/CyberCity_CentralSecurity_Tiles/CyberCity_CentralSecurity_Tiles_1/CyberCity_CentralSecurity_Tiles_1/InteriorCell1_5.png,InteriorCell1_5.png,CyberCity_CentralSecurity_Tiles_1/CyberCity_CentralSecurity_Tiles_1,CyberCity_CentralSecurity_Tiles_1,InteriorCell1,review_unknown_visually_promising,383,349,True,"[0, 0, 383, 349]",383,349,41.708,0.58292,1.0974,False,False,False,E_REVIEW_UNKNOWN
CS_0941,res://assets/tilesets/cyber_city_core_tilesets/CyberCity_CentralSecurity_Tiles/CyberCity_CentralSecurity_Tiles_1/CyberCity_CentralSecurity_Tiles_1/InteriorCell1_6.png,InteriorCell1_6.png,CyberCity_CentralSecurity_Tiles_1/CyberCity_CentralSecurity_Tiles_1,CyberCity_CentralSecurity_Tiles_1,InteriorCell1,review_unknown_visually_promising,387,345,True,"[0, 0, 387, 345]",387,345,42.448,0.57552,1.1217,False,False,False,E_REVIEW_UNKNOWN
CS_0942,res://assets/tilesets/cyber_city_core_tilesets/CyberCity_CentralSecurity_Tiles/CyberCity_CentralSecurity_Tiles_1/CyberCity_CentralSecurity_Tiles_1/InteriorCell1_7.png,InteriorCell1_7.png,CyberCity_CentralSecurity_Tiles_1/CyberCity_CentralSecurity_Tiles_1,CyberCity_CentralSecurity_Tiles_1,InteriorCell1,review_unknown_visually_promising,387,350,True,"[0, 0, 387, 350]",387,350,42.773,0.57227,1.1057,False,False,False,E_REVIEW_UNKNOWN
CS_0943,res://assets/tilesets/cyber_city_core_tilesets/CyberCity_CentralSecurity_Tiles/CyberCity_CentralSecurity_Tiles_1/CyberCity_CentralSecurity_Tiles_1/InteriorCell1_8.png,InteriorCell1_8.png,CyberCity_CentralSecurity_Tiles_1/CyberCity_CentralSecurity_Tiles_1,CyberCity_CentralSecurity_Tiles_1,InteriorCell1,review_unknown_visually_promising,382,345,True,"[0, 0, 382, 345]",382,345,41.347,0.58653,1.1072,False,False,False,E_REVIEW_UNKNOWN
CS_0944,res://assets/tilesets/cyber_city_core_tilesets/CyberCity_CentralSecurity_Tiles/CyberCity_CentralSecurity_Tiles_1/CyberCity_CentralSecurity_Tiles_1/Ladder1_1.png,Ladder1_1.png,CyberCity_CentralSecurity_Tiles_1/CyberCity_CentralSecurity_Tiles_1,CyberCity_CentralSecurity_Tiles_1,Ladder1,review_unknown_visually_promising,64,111,True,"[0, 0, 64, 111]",64,111,41.385,0.58615,0.5766,False,False,False,E_REVIEW_UNKNOWN
CS_0945,res://assets/tilesets/cyber_city_core_tilesets/CyberCity_CentralSecurity_Tiles/CyberCity_CentralSecurity_Tiles_1/CyberCity_CentralSecurity_Tiles_1/Ladder1_2.png,Ladder1_2.png,CyberCity_CentralSecurity_Tiles_1/CyberCity_CentralSecurity_Tiles_1,CyberCity_CentralSecurity_Tiles_1,Ladder1,review_unknown_visually_promising,81,95,True,"[0, 0, 81, 95]",81,95,57.505,0.42495,0.8526,False,False,False,E_REVIEW_UNKNOWN
CS_0946,res://assets/tilesets/cyber_city_core_tilesets/CyberCity_CentralSecurity_Tiles/CyberCity_CentralSecurity_Tiles_1/CyberCity_CentralSecurity_Tiles_1/Ladder1_3.png,Ladder1_3.png,CyberCity_CentralSecurity_Tiles_1/CyberCity_CentralSecurity_Tiles_1,CyberCity_CentralSecurity_Tiles_1,Ladder1,review_unknown_visually_promising,62,95,True,"[0, 0, 62, 95]",62,95,45.433,0.54567,0.6526,False,False,False,E_REVIEW_UNKNOWN
CS_0947,res://assets/tilesets/cyber_city_core_tilesets/CyberCity_CentralSecurity_Tiles/CyberCity_CentralSecurity_Tiles_1/CyberCity_CentralSecurity_Tiles_1/Ladder1_4.png,Ladder1_4.png,CyberCity_CentralSecurity_Tiles_1/CyberCity_CentralSecurity_Tiles_1,CyberCity_CentralSecurity_Tiles_1,Ladder1,review_unknown_visually_promising,84,96,True,"[0, 0, 84, 96]",84,96,53.981,0.46019,0.875,False,False,False,E_REVIEW_UNKNOWN
CS_0948,res://assets/tilesets/cyber_city_core_tilesets/CyberCity_CentralSecurity_Tiles/CyberCity_CentralSecurity_Tiles_1/CyberCity_CentralSecurity_Tiles_1/Ladder1_5.png,Ladder1_5.png,CyberCity_CentralSecurity_Tiles_1/CyberCity_CentralSecurity_Tiles_1,CyberCity_CentralSecurity_Tiles_1,Ladder1,review_unknown_visually_promising,81,112,True,"[0, 0, 81, 112]",81,112,57.738,0.42262,0.7232,False,False,False,E_REVIEW_UNKNOWN
CS_0949,res://assets/tilesets/cyber_city_core_tilesets/CyberCity_CentralSecurity_Tiles/CyberCity_CentralSecurity_Tiles_1/CyberCity_CentralSecurity_Tiles_1/Ladder1_6.png,Ladder1_6.png,CyberCity_CentralSecurity_Tiles_1/CyberCity_CentralSecurity_Tiles_1,CyberCity_CentralSecurity_Tiles_1,Ladder1,review_unknown_visually_promising,82,112,True,"[0, 0, 82, 112]",82,112,54.257,0.45743,0.7321,False,False,False,E_REVIEW_UNKNOWN
CS_0950,res://assets/tilesets/cyber_city_core_tilesets/CyberCity_CentralSecurity_Tiles/CyberCity_CentralSecurity_Tiles_1/CyberCity_CentralSecurity_Tiles_1/Ladder1_7.png,Ladder1_7.png,CyberCity_CentralSecurity_Tiles_1/CyberCity_CentralSecurity_Tiles_1,CyberCity_CentralSecurity_Tiles_1,Ladder1,review_unknown_visually_promising,81,102,True,"[0, 0, 81, 102]",81,102,65.408,0.34592,0.7941,False,False,False,E_REVIEW_UNKNOWN
CS_0951,res://assets/tilesets/cyber_city_core_tilesets/CyberCity_CentralSecurity_Tiles/CyberCity_CentralSecurity_Tiles_1/CyberCity_CentralSecurity_Tiles_1/Ladder1_8.png,Ladder1_8.png,CyberCity_CentralSecurity_Tiles_1/CyberCity_CentralSecurity_Tiles_1,CyberCity_CentralSecurity_Tiles_1,Ladder1,review_unknown_visually_promising,84,102,True,"[0, 0, 84, 102]",84,102,63.469,0.36531,0.8235,False,False,False,E_REVIEW_UNKNOWN
CS_0952,res://assets/tilesets/cyber_city_core_tilesets/CyberCity_CentralSecurity_Tiles/CyberCity_CentralSecurity_Tiles_1/CyberCity_CentralSecurity_Tiles_1/LandingPort1_1.png,LandingPort1_1.png,CyberCity_CentralSecurity_Tiles_1/CyberCity_CentralSecurity_Tiles_1,CyberCity_CentralSecurity_Tiles_1,LandingPort1,large_structure,3912,4417,True,"[0, 0, 3912, 4417]",3912,4417,57.724,0.42276,0.8857,False,True,False,C_LARGE_STRUCTURE
CS_0953,res://assets/tilesets/cyber_city_core_tilesets/CyberCity_CentralSecurity_Tiles/CyberCity_CentralSecurity_Tiles_1/CyberCity_CentralSecurity_Tiles_1/LandingPort1_2.png,LandingPort1_2.png,CyberCity_CentralSecurity_Tiles_1/CyberCity_CentralSecurity_Tiles_1,CyberCity_CentralSecurity_Tiles_1,LandingPort1,large_structure,4131,3271,True,"[0, 0, 4131, 3271]",4131,3271,47.191,0.52809,1.2629,False,True,False,C_LARGE_STRUCTURE
CS_0954,res://assets/tilesets/cyber_city_core_tilesets/CyberCity_CentralSecurity_Tiles/CyberCity_CentralSecurity_Tiles_1/CyberCity_CentralSecurity_Tiles_1/LandingPort1_3.png,LandingPort1_3.png,CyberCity_CentralSecurity_Tiles_1/CyberCity_CentralSecurity_Tiles_1,CyberCity_CentralSecurity_Tiles_1,LandingPort1,large_structure,3953,3258,True,"[0, 0, 3953, 3258]",3953,3258,48.347,0.51653,1.2133,False,True,False,C_LARGE_STRUCTURE
CS_0955,res://assets/tilesets/cyber_city_core_tilesets/CyberCity_CentralSecurity_Tiles/CyberCity_CentralSecurity_Tiles_1/CyberCity_CentralSecurity_Tiles_1/LandingPort1_4.png,LandingPort1_4.png,CyberCity_CentralSecurity_Tiles_1/CyberCity_CentralSecurity_Tiles_1,CyberCity_CentralSecurity_Tiles_1,LandingPort1,large_structure,4398,3391,True,"[0, 0, 4398, 3391]",4398,3391,50.937,0.49063,1.297,False,True,False,C_LARGE_STRUCTURE
CS_0956,res://assets/tilesets/cyber_city_core_tilesets/CyberCity_CentralSecurity_Tiles/CyberCity_CentralSecurity_Tiles_1/CyberCity_CentralSecurity_Tiles_1/LandingPort1_5.png,LandingPort1_5.png,CyberCity_CentralSecurity_Tiles_1/CyberCity_CentralSecurity_Tiles_1,CyberCity_CentralSecurity_Tiles_1,LandingPort1,large_structure,3860,4284,True,"[0, 0, 3860, 4284]",3860,4284,55.105,0.44895,0.901,False,True,False,C_LARGE_STRUCTURE
CS_0957,res://assets/tilesets/cyber_city_core_tilesets/CyberCity_CentralSecurity_Tiles/CyberCity_CentralSecurity_Tiles_1/CyberCity_CentralSecurity_Tiles_1/LandingPort1_6.png,LandingPort1_6.png,CyberCity_CentralSecurity_Tiles_1/CyberCity_CentralSecurity_Tiles_1,CyberCity_CentralSecurity_Tiles_1,LandingPort1,large_structure,4203,4291,True,"[0, 0, 4203, 4291]",4203,4291,58.829,0.41171,0.9795,False,True,False,C_LARGE_STRUCTURE
CS_0958,res://assets/tilesets/cyber_city_core_tilesets/CyberCity_CentralSecurity_Tiles/CyberCity_CentralSecurity_Tiles_1/CyberCity_CentralSecurity_Tiles_1/LandingPort1_7.png,LandingPort1_7.png,CyberCity_CentralSecurity_Tiles_1/CyberCity_CentralSecurity_Tiles_1,CyberCity_CentralSecurity_Tiles_1,LandingPort1,large_structure,3901,2885,True,"[0, 0, 3901, 2885]",3901,2885,37.682,0.62318,1.3522,False,True,False,C_LARGE_STRUCTURE
CS_0959,res://assets/tilesets/cyber_city_core_tilesets/CyberCity_CentralSecurity_Tiles/CyberCity_CentralSecurity_Tiles_1/CyberCity_CentralSecurity_Tiles_1/LandingPort1_8.png,LandingPort1_8.png,CyberCity_CentralSecurity_Tiles_1/CyberCity_CentralSecurity_Tiles_1,CyberCity_CentralSecurity_Tiles_1,LandingPort1,large_structure,4215,3004,True,"[0, 0, 4215, 3004]",4215,3004,43.873,0.56127,1.4031,False,True,False,C_LARGE_STRUCTURE
CS_0960,res://assets/tilesets/cyber_city_core_tilesets/CyberCity_CentralSecurity_Tiles/CyberCity_CentralSecurity_Tiles_1/CyberCity_CentralSecurity_Tiles_1/LargeBag1_1.png,LargeBag1_1.png,CyberCity_CentralSecurity_Tiles_1/CyberCity_CentralSecurity_Tiles_1,CyberCity_CentralSecurity_Tiles_1,LargeBag1,large_structure,85,36,True,"[0, 0, 85, 36]",85,36,22.647,0.77353,2.3611,False,False,False,C_LARGE_STRUCTURE
CS_0961,res://assets/tilesets/cyber_city_core_tilesets/CyberCity_CentralSecurity_Tiles/CyberCity_CentralSecurity_Tiles_1/CyberCity_CentralSecurity_Tiles_1/LargeBag1_2.png,LargeBag1_2.png,CyberCity_CentralSecurity_Tiles_1/CyberCity_CentralSecurity_Tiles_1,CyberCity_CentralSecurity_Tiles_1,LargeBag1,large_structure,46,68,True,"[0, 0, 46, 68]",46,68,32.705,0.67295,0.6765,False,False,False,C_LARGE_STRUCTURE
CS_0962,res://assets/tilesets/cyber_city_core_tilesets/CyberCity_CentralSecurity_Tiles/CyberCity_CentralSecurity_Tiles_1/CyberCity_CentralSecurity_Tiles_1/LargeBag1_3.png,LargeBag1_3.png,CyberCity_CentralSecurity_Tiles_1/CyberCity_CentralSecurity_Tiles_1,CyberCity_CentralSecurity_Tiles_1,LargeBag1,large_structure,81,37,True,"[0, 0, 81, 37]",81,37,21.054,0.78946,2.1892,False,False,False,C_LARGE_STRUCTURE
CS_0963,res://assets/tilesets/cyber_city_core_tilesets/CyberCity_CentralSecurity_Tiles/CyberCity_CentralSecurity_Tiles_1/CyberCity_CentralSecurity_Tiles_1/LargeBag1_4.png,LargeBag1_4.png,CyberCity_CentralSecurity_Tiles_1/CyberCity_CentralSecurity_Tiles_1,CyberCity_CentralSecurity_Tiles_1,LargeBag1,large_structure,43,66,True,"[0, 0, 43, 66]",43,66,25.687,0.74313,0.6515,False,False,False,C_LARGE_STRUCTURE
CS_0964,res://assets/tilesets/cyber_city_core_tilesets/CyberCity_CentralSecurity_Tiles/CyberCity_CentralSecurity_Tiles_1/CyberCity_CentralSecurity_Tiles_1/LargeBag1_5.png,LargeBag1_5.png,CyberCity_CentralSecurity_Tiles_1/CyberCity_CentralSecurity_Tiles_1,CyberCity_CentralSecurity_Tiles_1,LargeBag1,large_structure,69,56,True,"[0, 0, 69, 56]",69,56,41.641,0.58359,1.2321,False,False,False,C_LARGE_STRUCTURE
CS_0965,res://assets/tilesets/cyber_city_core_tilesets/CyberCity_CentralSecurity_Tiles/CyberCity_CentralSecurity_Tiles_1/CyberCity_CentralSecurity_Tiles_1/LargeBag1_6.png,LargeBag1_6.png,CyberCity_CentralSecurity_Tiles_1/CyberCity_CentralSecurity_Tiles_1,CyberCity_CentralSecurity_Tiles_1,LargeBag1,large_structure,73,55,True,"[0, 0, 73, 55]",73,55,44.159,0.55841,1.3273,False,False,False,C_LARGE_STRUCTURE
CS_0966,res://assets/tilesets/cyber_city_core_tilesets/CyberCity_CentralSecurity_Tiles/CyberCity_CentralSecurity_Tiles_1/CyberCity_CentralSecurity_Tiles_1/LargeBag1_7.png,LargeBag1_7.png,CyberCity_CentralSecurity_Tiles_1/CyberCity_CentralSecurity_Tiles_1,CyberCity_CentralSecurity_Tiles_1,LargeBag1,large_structure,70,56,True,"[0, 0, 70, 56]",70,56,42.755,0.57245,1.25,False,False,False,C_LARGE_STRUCTURE
CS_0967,res://assets/tilesets/cyber_city_core_tilesets/CyberCity_CentralSecurity_Tiles/CyberCity_CentralSecurity_Tiles_1/CyberCity_CentralSecurity_Tiles_1/LargeBag1_8.png,LargeBag1_8.png,CyberCity_CentralSecurity_Tiles_1/CyberCity_CentralSecurity_Tiles_1,CyberCity_CentralSecurity_Tiles_1,LargeBag1,large_structure,71,55,True,"[0, 0, 71, 55]",71,55,42.049,0.57951,1.2909,False,False,False,C_LARGE_STRUCTURE
CS_0968,res://assets/tilesets/cyber_city_core_tilesets/CyberCity_CentralSecurity_Tiles/CyberCity_CentralSecurity_Tiles_1/CyberCity_CentralSecurity_Tiles_1/LargeCase1_1.png,LargeCase1_1.png,CyberCity_CentralSecurity_Tiles_1/CyberCity_CentralSecurity_Tiles_1,CyberCity_CentralSecurity_Tiles_1,LargeCase1,large_structure,79,48,True,"[0, 0, 79, 48]",79,48,20.385,0.79615,1.6458,False,False,False,C_LARGE_STRUCTURE
CS_0969,res://assets/tilesets/cyber_city_core_tilesets/CyberCity_CentralSecurity_Tiles/CyberCity_CentralSecurity_Tiles_1/CyberCity_CentralSecurity_Tiles_1/LargeCase1_2.png,LargeCase1_2.png,CyberCity_CentralSecurity_Tiles_1/CyberCity_CentralSecurity_Tiles_1,CyberCity_CentralSecurity_Tiles_1,LargeCase1,large_structure,52,67,True,"[0, 0, 52, 67]",52,67,20.608,0.79392,0.7761,False,False,False,C_LARGE_STRUCTURE
CS_0970,res://assets/tilesets/cyber_city_core_tilesets/CyberCity_CentralSecurity_Tiles/CyberCity_CentralSecurity_Tiles_1/CyberCity_CentralSecurity_Tiles_1/LargeCase1_3.png,LargeCase1_3.png,CyberCity_CentralSecurity_Tiles_1/CyberCity_CentralSecurity_Tiles_1,CyberCity_CentralSecurity_Tiles_1,LargeCase1,large_structure,79,47,True,"[0, 0, 79, 47]",79,47,19.149,0.80851,1.6809,False,False,False,C_LARGE_STRUCTURE
CS_0971,res://assets/tilesets/cyber_city_core_tilesets/CyberCity_CentralSecurity_Tiles/CyberCity_CentralSecurity_Tiles_1/CyberCity_CentralSecurity_Tiles_1/LargeCase1_4.png,LargeCase1_4.png,CyberCity_CentralSecurity_Tiles_1/CyberCity_CentralSecurity_Tiles_1,CyberCity_CentralSecurity_Tiles_1,LargeCase1,large_structure,48,66,True,"[0, 0, 48, 66]",48,66,12.153,0.87847,0.7273,False,False,False,C_LARGE_STRUCTURE
CS_0972,res://assets/tilesets/cyber_city_core_tilesets/CyberCity_CentralSecurity_Tiles/CyberCity_CentralSecurity_Tiles_1/CyberCity_CentralSecurity_Tiles_1/LargeCase1_5.png,LargeCase1_5.png,CyberCity_CentralSecurity_Tiles_1/CyberCity_CentralSecurity_Tiles_1,CyberCity_CentralSecurity_Tiles_1,LargeCase1,large_structure,81,67,True,"[0, 0, 81, 67]",81,67,45.255,0.54745,1.209,False,False,False,C_LARGE_STRUCTURE
CS_0973,res://assets/tilesets/cyber_city_core_tilesets/CyberCity_CentralSecurity_Tiles/CyberCity_CentralSecurity_Tiles_1/CyberCity_CentralSecurity_Tiles_1/LargeCase1_6.png,LargeCase1_6.png,CyberCity_CentralSecurity_Tiles_1/CyberCity_CentralSecurity_Tiles_1,CyberCity_CentralSecurity_Tiles_1,LargeCase1,large_structure,77,66,True,"[0, 0, 77, 66]",77,66,42.601,0.57399,1.1667,False,False,False,C_LARGE_STRUCTURE
CS_0974,res://assets/tilesets/cyber_city_core_tilesets/CyberCity_CentralSecurity_Tiles/CyberCity_CentralSecurity_Tiles_1/CyberCity_CentralSecurity_Tiles_1/LargeCase1_7.png,LargeCase1_7.png,CyberCity_CentralSecurity_Tiles_1/CyberCity_CentralSecurity_Tiles_1,CyberCity_CentralSecurity_Tiles_1,LargeCase1,large_structure,78,65,True,"[0, 0, 78, 65]",78,65,42.288,0.57712,1.2,False,False,False,C_LARGE_STRUCTURE
CS_0975,res://assets/tilesets/cyber_city_core_tilesets/CyberCity_CentralSecurity_Tiles/CyberCity_CentralSecurity_Tiles_1/CyberCity_CentralSecurity_Tiles_1/LargeCase1_8.png,LargeCase1_8.png,CyberCity_CentralSecurity_Tiles_1/CyberCity_CentralSecurity_Tiles_1,CyberCity_CentralSecurity_Tiles_1,LargeCase1,large_structure,77,67,True,"[0, 0, 77, 67]",77,67,42.314,0.57686,1.1493,False,False,False,C_LARGE_STRUCTURE
CS_0976,res://assets/tilesets/cyber_city_core_tilesets/CyberCity_CentralSecurity_Tiles/CyberCity_CentralSecurity_Tiles_1/CyberCity_CentralSecurity_Tiles_1/Light1_1.png,Light1_1.png,CyberCity_CentralSecurity_Tiles_1/CyberCity_CentralSecurity_Tiles_1,CyberCity_CentralSecurity_Tiles_1,Light1,prop_sign_tech,86,77,True,"[0, 0, 86, 77]",86,77,63.697,0.36303,1.1169,False,False,False,D_PROP_SIGN_TECH
CS_0977,res://assets/tilesets/cyber_city_core_tilesets/CyberCity_CentralSecurity_Tiles/CyberCity_CentralSecurity_Tiles_1/CyberCity_CentralSecurity_Tiles_1/Light1_2.png,Light1_2.png,CyberCity_CentralSecurity_Tiles_1/CyberCity_CentralSecurity_Tiles_1,CyberCity_CentralSecurity_Tiles_1,Light1,prop_sign_tech,41,96,True,"[0, 0, 41, 96]",41,96,59.146,0.40854,0.4271,False,False,False,D_PROP_SIGN_TECH
CS_0978,res://assets/tilesets/cyber_city_core_tilesets/CyberCity_CentralSecurity_Tiles/CyberCity_CentralSecurity_Tiles_1/CyberCity_CentralSecurity_Tiles_1/Light1_3.png,Light1_3.png,CyberCity_CentralSecurity_Tiles_1/CyberCity_CentralSecurity_Tiles_1,CyberCity_CentralSecurity_Tiles_1,Light1,prop_sign_tech,93,79,True,"[0, 0, 93, 79]",93,79,66.694,0.33306,1.1772,False,False,False,D_PROP_SIGN_TECH
CS_0979,res://assets/tilesets/cyber_city_core_tilesets/CyberCity_CentralSecurity_Tiles/CyberCity_CentralSecurity_Tiles_1/CyberCity_CentralSecurity_Tiles_1/Light1_4.png,Light1_4.png,CyberCity_CentralSecurity_Tiles_1/CyberCity_CentralSecurity_Tiles_1,CyberCity_CentralSecurity_Tiles_1,Light1,prop_sign_tech,38,96,True,"[0, 0, 38, 96]",38,96,56.387,0.43613,0.3958,False,False,False,D_PROP_SIGN_TECH
CS_0980,res://assets/tilesets/cyber_city_core_tilesets/CyberCity_CentralSecurity_Tiles/CyberCity_CentralSecurity_Tiles_1/CyberCity_CentralSecurity_Tiles_1/Light1_5.png,Light1_5.png,CyberCity_CentralSecurity_Tiles_1/CyberCity_CentralSecurity_Tiles_1,CyberCity_CentralSecurity_Tiles_1,Light1,prop_sign_tech,69,92,True,"[0, 0, 69, 92]",69,92,68.526,0.31474,0.75,False,False,False,D_PROP_SIGN_TECH
CS_0981,res://assets/tilesets/cyber_city_core_tilesets/CyberCity_CentralSecurity_Tiles/CyberCity_CentralSecurity_Tiles_1/CyberCity_CentralSecurity_Tiles_1/Light1_6.png,Light1_6.png,CyberCity_CentralSecurity_Tiles_1/CyberCity_CentralSecurity_Tiles_1,CyberCity_CentralSecurity_Tiles_1,Light1,prop_sign_tech,68,96,True,"[0, 0, 68, 96]",68,96,65.288,0.34712,0.7083,False,False,False,D_PROP_SIGN_TECH
CS_0982,res://assets/tilesets/cyber_city_core_tilesets/CyberCity_CentralSecurity_Tiles/CyberCity_CentralSecurity_Tiles_1/CyberCity_CentralSecurity_Tiles_1/Light1_7.png,Light1_7.png,CyberCity_CentralSecurity_Tiles_1/CyberCity_CentralSecurity_Tiles_1,CyberCity_CentralSecurity_Tiles_1,Light1,prop_sign_tech,68,92,True,"[0, 0, 68, 92]",68,92,63.075,0.36925,0.7391,False,False,False,D_PROP_SIGN_TECH
CS_0983,res://assets/tilesets/cyber_city_core_tilesets/CyberCity_CentralSecurity_Tiles/CyberCity_CentralSecurity_Tiles_1/CyberCity_CentralSecurity_Tiles_1/Light1_8.png,Light1_8.png,CyberCity_CentralSecurity_Tiles_1/CyberCity_CentralSecurity_Tiles_1,CyberCity_CentralSecurity_Tiles_1,Light1,prop_sign_tech,68,95,True,"[0, 0, 68, 95]",68,95,68.08,0.3192,0.7158,False,False,False,D_PROP_SIGN_TECH
CS_0984,res://assets/tilesets/cyber_city_core_tilesets/CyberCity_CentralSecurity_Tiles/CyberCity_CentralSecurity_Tiles_1/CyberCity_CentralSecurity_Tiles_1/LightPole1_1.png,LightPole1_1.png,CyberCity_CentralSecurity_Tiles_1/CyberCity_CentralSecurity_Tiles_1,CyberCity_CentralSecurity_Tiles_1,LightPole1,prop_sign_tech,107,266,True,"[0, 0, 107, 266]",107,266,82.296,0.17704,0.4023,False,False,False,D_PROP_SIGN_TECH
CS_0985,res://assets/tilesets/cyber_city_core_tilesets/CyberCity_CentralSecurity_Tiles/CyberCity_CentralSecurity_Tiles_1/CyberCity_CentralSecurity_Tiles_1/LightPole1_2.png,LightPole1_2.png,CyberCity_CentralSecurity_Tiles_1/CyberCity_CentralSecurity_Tiles_1,CyberCity_CentralSecurity_Tiles_1,LightPole1,prop_sign_tech,172,298,True,"[0, 0, 172, 298]",172,298,87.309,0.12691,0.5772,False,False,False,D_PROP_SIGN_TECH
CS_0986,res://assets/tilesets/cyber_city_core_tilesets/CyberCity_CentralSecurity_Tiles/CyberCity_CentralSecurity_Tiles_1/CyberCity_CentralSecurity_Tiles_1/LightPole1_3.png,LightPole1_3.png,CyberCity_CentralSecurity_Tiles_1/CyberCity_CentralSecurity_Tiles_1,CyberCity_CentralSecurity_Tiles_1,LightPole1,prop_sign_tech,111,341,True,"[0, 0, 111, 341]",111,341,83.575,0.16425,0.3255,False,False,False,D_PROP_SIGN_TECH
CS_0987,res://assets/tilesets/cyber_city_core_tilesets/CyberCity_CentralSecurity_Tiles/CyberCity_CentralSecurity_Tiles_1/CyberCity_CentralSecurity_Tiles_1/LightPole1_4.png,LightPole1_4.png,CyberCity_CentralSecurity_Tiles_1/CyberCity_CentralSecurity_Tiles_1,CyberCity_CentralSecurity_Tiles_1,LightPole1,prop_sign_tech,156,301,True,"[0, 0, 156, 301]",156,301,86.343,0.13657,0.5183,False,False,False,D_PROP_SIGN_TECH
CS_0988,res://assets/tilesets/cyber_city_core_tilesets/CyberCity_CentralSecurity_Tiles/CyberCity_CentralSecurity_Tiles_1/CyberCity_CentralSecurity_Tiles_1/LightPole1_5.png,LightPole1_5.png,CyberCity_CentralSecurity_Tiles_1/CyberCity_CentralSecurity_Tiles_1,CyberCity_CentralSecurity_Tiles_1,LightPole1,prop_sign_tech,152,271,True,"[0, 0, 152, 271]",152,271,83.931,0.16069,0.5609,False,False,False,D_PROP_SIGN_TECH
CS_0989,res://assets/tilesets/cyber_city_core_tilesets/CyberCity_CentralSecurity_Tiles/CyberCity_CentralSecurity_Tiles_1/CyberCity_CentralSecurity_Tiles_1/LightPole1_6.png,LightPole1_6.png,CyberCity_CentralSecurity_Tiles_1/CyberCity_CentralSecurity_Tiles_1,CyberCity_CentralSecurity_Tiles_1,LightPole1,prop_sign_tech,139,271,True,"[0, 0, 139, 271]",139,271,83.376,0.16624,0.5129,False,False,False,D_PROP_SIGN_TECH
CS_0990,res://assets/tilesets/cyber_city_core_tilesets/CyberCity_CentralSecurity_Tiles/CyberCity_CentralSecurity_Tiles_1/CyberCity_CentralSecurity_Tiles_1/LightPole1_7.png,LightPole1_7.png,CyberCity_CentralSecurity_Tiles_1/CyberCity_CentralSecurity_Tiles_1,CyberCity_CentralSecurity_Tiles_1,LightPole1,prop_sign_tech,157,327,True,"[0, 0, 157, 327]",157,327,86.311,0.13689,0.4801,False,False,False,D_PROP_SIGN_TECH
CS_0991,res://assets/tilesets/cyber_city_core_tilesets/CyberCity_CentralSecurity_Tiles/CyberCity_CentralSecurity_Tiles_1/CyberCity_CentralSecurity_Tiles_1/LightPole1_8.png,LightPole1_8.png,CyberCity_CentralSecurity_Tiles_1/CyberCity_CentralSecurity_Tiles_1,CyberCity_CentralSecurity_Tiles_1,LightPole1,prop_sign_tech,137,328,True,"[0, 0, 137, 328]",137,328,84.153,0.15847,0.4177,False,False,False,D_PROP_SIGN_TECH
CS_0992,res://assets/tilesets/cyber_city_core_tilesets/CyberCity_CentralSecurity_Tiles/CyberCity_CentralSecurity_Tiles_1/CyberCity_CentralSecurity_Tiles_1/LightPole2_1.png,LightPole2_1.png,CyberCity_CentralSecurity_Tiles_1/CyberCity_CentralSecurity_Tiles_1,CyberCity_CentralSecurity_Tiles_1,LightPole2,prop_sign_tech,232,340,True,"[0, 0, 232, 340]",232,340,80.094,0.19906,0.6824,False,False,False,D_PROP_SIGN_TECH
CS_0993,res://assets/tilesets/cyber_city_core_tilesets/CyberCity_CentralSecurity_Tiles/CyberCity_CentralSecurity_Tiles_1/CyberCity_CentralSecurity_Tiles_1/LightPole2_2.png,LightPole2_2.png,CyberCity_CentralSecurity_Tiles_1/CyberCity_CentralSecurity_Tiles_1,CyberCity_CentralSecurity_Tiles_1,LightPole2,prop_sign_tech,225,340,True,"[0, 0, 225, 340]",225,340,79.173,0.20827,0.6618,False,False,False,D_PROP_SIGN_TECH
CS_0994,res://assets/tilesets/cyber_city_core_tilesets/CyberCity_CentralSecurity_Tiles/CyberCity_CentralSecurity_Tiles_1/CyberCity_CentralSecurity_Tiles_1/LightPole2_3.png,LightPole2_3.png,CyberCity_CentralSecurity_Tiles_1/CyberCity_CentralSecurity_Tiles_1,CyberCity_CentralSecurity_Tiles_1,LightPole2,prop_sign_tech,233,339,True,"[0, 0, 233, 339]",233,339,80.274,0.19726,0.6873,False,False,False,D_PROP_SIGN_TECH
CS_0995,res://assets/tilesets/cyber_city_core_tilesets/CyberCity_CentralSecurity_Tiles/CyberCity_CentralSecurity_Tiles_1/CyberCity_CentralSecurity_Tiles_1/LightPole2_4.png,LightPole2_4.png,CyberCity_CentralSecurity_Tiles_1/CyberCity_CentralSecurity_Tiles_1,CyberCity_CentralSecurity_Tiles_1,LightPole2,prop_sign_tech,225,345,True,"[0, 0, 225, 345]",225,345,79.623,0.20377,0.6522,False,False,False,D_PROP_SIGN_TECH
CS_0996,res://assets/tilesets/cyber_city_core_tilesets/CyberCity_CentralSecurity_Tiles/CyberCity_CentralSecurity_Tiles_1/CyberCity_CentralSecurity_Tiles_1/LightPole2_5.png,LightPole2_5.png,CyberCity_CentralSecurity_Tiles_1/CyberCity_CentralSecurity_Tiles_1,CyberCity_CentralSecurity_Tiles_1,LightPole2,prop_sign_tech,198,338,True,"[0, 0, 198, 338]",198,338,74.517,0.25483,0.5858,False,False,False,D_PROP_SIGN_TECH
CS_0997,res://assets/tilesets/cyber_city_core_tilesets/CyberCity_CentralSecurity_Tiles/CyberCity_CentralSecurity_Tiles_1/CyberCity_CentralSecurity_Tiles_1/LightPole2_6.png,LightPole2_6.png,CyberCity_CentralSecurity_Tiles_1/CyberCity_CentralSecurity_Tiles_1,CyberCity_CentralSecurity_Tiles_1,LightPole2,prop_sign_tech,194,336,True,"[0, 0, 194, 336]",194,336,73.794,0.26206,0.5774,False,False,False,D_PROP_SIGN_TECH
CS_0998,res://assets/tilesets/cyber_city_core_tilesets/CyberCity_CentralSecurity_Tiles/CyberCity_CentralSecurity_Tiles_1/CyberCity_CentralSecurity_Tiles_1/LightPole2_7.png,LightPole2_7.png,CyberCity_CentralSecurity_Tiles_1/CyberCity_CentralSecurity_Tiles_1,CyberCity_CentralSecurity_Tiles_1,LightPole2,prop_sign_tech,192,329,True,"[0, 0, 192, 329]",192,329,73.16,0.2684,0.5836,False,False,False,D_PROP_SIGN_TECH
CS_0999,res://assets/tilesets/cyber_city_core_tilesets/CyberCity_CentralSecurity_Tiles/CyberCity_CentralSecurity_Tiles_1/CyberCity_CentralSecurity_Tiles_1/LightPole2_8.png,LightPole2_8.png,CyberCity_CentralSecurity_Tiles_1/CyberCity_CentralSecurity_Tiles_1,CyberCity_CentralSecurity_Tiles_1,LightPole2,prop_sign_tech,196,330,True,"[0, 0, 196, 330]",196,330,73.765,0.26235,0.5939,False,False,False,D_PROP_SIGN_TECH
CS_1000,res://assets/tilesets/cyber_city_core_tilesets/CyberCity_CentralSecurity_Tiles/CyberCity_CentralSecurity_Tiles_1/CyberCity_CentralSecurity_Tiles_1/LightPole3_1.png,LightPole3_1.png,CyberCity_CentralSecurity_Tiles_1/CyberCity_CentralSecurity_Tiles_1,CyberCity_CentralSecurity_Tiles_1,LightPole3,prop_sign_tech,196,249,True,"[0, 0, 196, 249]",196,249,83.688,0.16312,0.7871,False,False,False,D_PROP_SIGN_TECH
CS_1001,res://assets/tilesets/cyber_city_core_tilesets/CyberCity_CentralSecurity_Tiles/CyberCity_CentralSecurity_Tiles_1/CyberCity_CentralSecurity_Tiles_1/LightPole3_2.png,LightPole3_2.png,CyberCity_CentralSecurity_Tiles_1/CyberCity_CentralSecurity_Tiles_1,CyberCity_CentralSecurity_Tiles_1,LightPole3,prop_sign_tech,164,241,True,"[0, 0, 164, 241]",164,241,78.185,0.21815,0.6805,False,False,False,D_PROP_SIGN_TECH
CS_1002,res://assets/tilesets/cyber_city_core_tilesets/CyberCity_CentralSecurity_Tiles/CyberCity_CentralSecurity_Tiles_1/CyberCity_CentralSecurity_Tiles_1/LightPole4_1.png,LightPole4_1.png,CyberCity_CentralSecurity_Tiles_1/CyberCity_CentralSecurity_Tiles_1,CyberCity_CentralSecurity_Tiles_1,LightPole4,prop_sign_tech,125,261,True,"[0, 0, 125, 261]",125,261,76.699,0.23301,0.4789,False,False,False,D_PROP_SIGN_TECH
CS_1003,res://assets/tilesets/cyber_city_core_tilesets/CyberCity_CentralSecurity_Tiles/CyberCity_CentralSecurity_Tiles_1/CyberCity_CentralSecurity_Tiles_1/LightPole4_2.png,LightPole4_2.png,CyberCity_CentralSecurity_Tiles_1/CyberCity_CentralSecurity_Tiles_1,CyberCity_CentralSecurity_Tiles_1,LightPole4,prop_sign_tech,138,253,True,"[0, 0, 138, 253]",138,253,78.278,0.21722,0.5455,False,False,False,D_PROP_SIGN_TECH
CS_1004,res://assets/tilesets/cyber_city_core_tilesets/CyberCity_CentralSecurity_Tiles/CyberCity_CentralSecurity_Tiles_1/CyberCity_CentralSecurity_Tiles_1/LightPole4_3.png,LightPole4_3.png,CyberCity_CentralSecurity_Tiles_1/CyberCity_CentralSecurity_Tiles_1,CyberCity_CentralSecurity_Tiles_1,LightPole4,prop_sign_tech,124,258,True,"[0, 0, 124, 258]",124,258,76.25,0.2375,0.4806,False,False,False,D_PROP_SIGN_TECH
CS_1005,res://assets/tilesets/cyber_city_core_tilesets/CyberCity_CentralSecurity_Tiles/CyberCity_CentralSecurity_Tiles_1/CyberCity_CentralSecurity_Tiles_1/LightPole4_4.png,LightPole4_4.png,CyberCity_CentralSecurity_Tiles_1/CyberCity_CentralSecurity_Tiles_1,CyberCity_CentralSecurity_Tiles_1,LightPole4,prop_sign_tech,137,253,True,"[0, 0, 137, 253]",137,253,78.108,0.21892,0.5415,False,False,False,D_PROP_SIGN_TECH
CS_1006,res://assets/tilesets/cyber_city_core_tilesets/CyberCity_CentralSecurity_Tiles/CyberCity_CentralSecurity_Tiles_1/CyberCity_CentralSecurity_Tiles_1/LightPole4_5.png,LightPole4_5.png,CyberCity_CentralSecurity_Tiles_1/CyberCity_CentralSecurity_Tiles_1,CyberCity_CentralSecurity_Tiles_1,LightPole4,prop_sign_tech,148,265,True,"[0, 0, 148, 265]",148,265,80.699,0.19301,0.5585,False,False,False,D_PROP_SIGN_TECH
CS_1007,res://assets/tilesets/cyber_city_core_tilesets/CyberCity_CentralSecurity_Tiles/CyberCity_CentralSecurity_Tiles_1/CyberCity_CentralSecurity_Tiles_1/LightPole4_6.png,LightPole4_6.png,CyberCity_CentralSecurity_Tiles_1/CyberCity_CentralSecurity_Tiles_1,CyberCity_CentralSecurity_Tiles_1,LightPole4,prop_sign_tech,149,263,True,"[0, 0, 149, 263]",149,263,80.864,0.19136,0.5665,False,False,False,D_PROP_SIGN_TECH
CS_1008,res://assets/tilesets/cyber_city_core_tilesets/CyberCity_CentralSecurity_Tiles/CyberCity_CentralSecurity_Tiles_1/CyberCity_CentralSecurity_Tiles_1/LightPole4_7.png,LightPole4_7.png,CyberCity_CentralSecurity_Tiles_1/CyberCity_CentralSecurity_Tiles_1,CyberCity_CentralSecurity_Tiles_1,LightPole4,prop_sign_tech,148,262,True,"[0, 0, 148, 262]",148,262,80.699,0.19301,0.5649,False,False,False,D_PROP_SIGN_TECH
CS_1009,res://assets/tilesets/cyber_city_core_tilesets/CyberCity_CentralSecurity_Tiles/CyberCity_CentralSecurity_Tiles_1/CyberCity_CentralSecurity_Tiles_1/LightPole4_8.png,LightPole4_8.png,CyberCity_CentralSecurity_Tiles_1/CyberCity_CentralSecurity_Tiles_1,CyberCity_CentralSecurity_Tiles_1,LightPole4,prop_sign_tech,149,262,True,"[0, 0, 149, 262]",149,262,80.632,0.19368,0.5687,False,False,False,D_PROP_SIGN_TECH
CS_1010,res://assets/tilesets/cyber_city_core_tilesets/CyberCity_CentralSecurity_Tiles/CyberCity_CentralSecurity_Tiles_1/CyberCity_CentralSecurity_Tiles_1/Missle1_1.png,Missle1_1.png,CyberCity_CentralSecurity_Tiles_1/CyberCity_CentralSecurity_Tiles_1,CyberCity_CentralSecurity_Tiles_1,Missle1,review_unknown_visually_promising,140,117,True,"[0, 0, 140, 117]",140,117,47.344,0.52656,1.1966,False,False,False,E_REVIEW_UNKNOWN
CS_1011,res://assets/tilesets/cyber_city_core_tilesets/CyberCity_CentralSecurity_Tiles/CyberCity_CentralSecurity_Tiles_1/CyberCity_CentralSecurity_Tiles_1/Missle1_2.png,Missle1_2.png,CyberCity_CentralSecurity_Tiles_1/CyberCity_CentralSecurity_Tiles_1,CyberCity_CentralSecurity_Tiles_1,Missle1,review_unknown_visually_promising,146,145,True,"[0, 0, 146, 145]",146,145,46.334,0.53666,1.0069,False,False,False,E_REVIEW_UNKNOWN
CS_1012,res://assets/tilesets/cyber_city_core_tilesets/CyberCity_CentralSecurity_Tiles/CyberCity_CentralSecurity_Tiles_1/CyberCity_CentralSecurity_Tiles_1/Missle1_3.png,Missle1_3.png,CyberCity_CentralSecurity_Tiles_1/CyberCity_CentralSecurity_Tiles_1,CyberCity_CentralSecurity_Tiles_1,Missle1,review_unknown_visually_promising,122,155,True,"[0, 0, 122, 155]",122,155,35.077,0.64923,0.7871,False,False,False,E_REVIEW_UNKNOWN
CS_1013,res://assets/tilesets/cyber_city_core_tilesets/CyberCity_CentralSecurity_Tiles/CyberCity_CentralSecurity_Tiles_1/CyberCity_CentralSecurity_Tiles_1/Missle1_4.png,Missle1_4.png,CyberCity_CentralSecurity_Tiles_1/CyberCity_CentralSecurity_Tiles_1,CyberCity_CentralSecurity_Tiles_1,Missle1,review_unknown_visually_promising,125,127,True,"[0, 0, 125, 127]",125,127,39.811,0.60189,0.9843,False,False,False,E_REVIEW_UNKNOWN
CS_1014,res://assets/tilesets/cyber_city_core_tilesets/CyberCity_CentralSecurity_Tiles/CyberCity_CentralSecurity_Tiles_1/CyberCity_CentralSecurity_Tiles_1/Missle1_5.png,Missle1_5.png,CyberCity_CentralSecurity_Tiles_1/CyberCity_CentralSecurity_Tiles_1,CyberCity_CentralSecurity_Tiles_1,Missle1,review_unknown_visually_promising,138,123,True,"[0, 0, 138, 123]",138,123,38.865,0.61135,1.122,False,False,False,E_REVIEW_UNKNOWN
CS_1015,res://assets/tilesets/cyber_city_core_tilesets/CyberCity_CentralSecurity_Tiles/CyberCity_CentralSecurity_Tiles_1/CyberCity_CentralSecurity_Tiles_1/Missle1_6.png,Missle1_6.png,CyberCity_CentralSecurity_Tiles_1/CyberCity_CentralSecurity_Tiles_1,CyberCity_CentralSecurity_Tiles_1,Missle1,review_unknown_visually_promising,133,115,True,"[0, 0, 133, 115]",133,115,44.086,0.55914,1.1565,False,False,False,E_REVIEW_UNKNOWN
CS_1016,res://assets/tilesets/cyber_city_core_tilesets/CyberCity_CentralSecurity_Tiles/CyberCity_CentralSecurity_Tiles_1/CyberCity_CentralSecurity_Tiles_1/Missle1_7.png,Missle1_7.png,CyberCity_CentralSecurity_Tiles_1/CyberCity_CentralSecurity_Tiles_1,CyberCity_CentralSecurity_Tiles_1,Missle1,review_unknown_visually_promising,142,143,True,"[0, 0, 142, 143]",142,143,39.496,0.60504,0.993,False,False,False,E_REVIEW_UNKNOWN
CS_1017,res://assets/tilesets/cyber_city_core_tilesets/CyberCity_CentralSecurity_Tiles/CyberCity_CentralSecurity_Tiles_1/CyberCity_CentralSecurity_Tiles_1/Missle1_8.png,Missle1_8.png,CyberCity_CentralSecurity_Tiles_1/CyberCity_CentralSecurity_Tiles_1,CyberCity_CentralSecurity_Tiles_1,Missle1,review_unknown_visually_promising,123,157,True,"[0, 0, 123, 157]",123,157,44.001,0.55999,0.7834,False,False,False,E_REVIEW_UNKNOWN
CS_1018,res://assets/tilesets/cyber_city_core_tilesets/CyberCity_CentralSecurity_Tiles/CyberCity_CentralSecurity_Tiles_1/CyberCity_CentralSecurity_Tiles_1/MobileArmory1_1.png,MobileArmory1_1.png,CyberCity_CentralSecurity_Tiles_1/CyberCity_CentralSecurity_Tiles_1,CyberCity_CentralSecurity_Tiles_1,MobileArmory1,large_structure,414,375,True,"[0, 0, 414, 375]",414,375,44.408,0.55592,1.104,False,False,False,C_LARGE_STRUCTURE
CS_1019,res://assets/tilesets/cyber_city_core_tilesets/CyberCity_CentralSecurity_Tiles/CyberCity_CentralSecurity_Tiles_1/CyberCity_CentralSecurity_Tiles_1/MobileArmory1_2.png,MobileArmory1_2.png,CyberCity_CentralSecurity_Tiles_1/CyberCity_CentralSecurity_Tiles_1,CyberCity_CentralSecurity_Tiles_1,MobileArmory1,large_structure,364,357,True,"[0, 0, 364, 357]",364,357,30.774,0.69226,1.0196,False,False,False,C_LARGE_STRUCTURE
CS_1020,res://assets/tilesets/cyber_city_core_tilesets/CyberCity_CentralSecurity_Tiles/CyberCity_CentralSecurity_Tiles_1/CyberCity_CentralSecurity_Tiles_1/MobileArmory1_3.png,MobileArmory1_3.png,CyberCity_CentralSecurity_Tiles_1/CyberCity_CentralSecurity_Tiles_1,CyberCity_CentralSecurity_Tiles_1,MobileArmory1,large_structure,407,352,True,"[0, 0, 407, 352]",407,352,40.716,0.59284,1.1562,False,False,False,C_LARGE_STRUCTURE
CS_1021,res://assets/tilesets/cyber_city_core_tilesets/CyberCity_CentralSecurity_Tiles/CyberCity_CentralSecurity_Tiles_1/CyberCity_CentralSecurity_Tiles_1/MobileArmory1_4.png,MobileArmory1_4.png,CyberCity_CentralSecurity_Tiles_1/CyberCity_CentralSecurity_Tiles_1,CyberCity_CentralSecurity_Tiles_1,MobileArmory1,large_structure,383,361,True,"[0, 0, 383, 361]",383,361,33.119,0.66881,1.0609,False,False,False,C_LARGE_STRUCTURE
CS_1022,res://assets/tilesets/cyber_city_core_tilesets/CyberCity_CentralSecurity_Tiles/CyberCity_CentralSecurity_Tiles_1/CyberCity_CentralSecurity_Tiles_1/MobileArmory1_5.png,MobileArmory1_5.png,CyberCity_CentralSecurity_Tiles_1/CyberCity_CentralSecurity_Tiles_1,CyberCity_CentralSecurity_Tiles_1,MobileArmory1,large_structure,454,416,True,"[0, 0, 454, 416]",454,416,50.448,0.49552,1.0913,False,False,False,C_LARGE_STRUCTURE
CS_1023,res://assets/tilesets/cyber_city_core_tilesets/CyberCity_CentralSecurity_Tiles/CyberCity_CentralSecurity_Tiles_1/CyberCity_CentralSecurity_Tiles_1/MobileArmory1_6.png,MobileArmory1_6.png,CyberCity_CentralSecurity_Tiles_1/CyberCity_CentralSecurity_Tiles_1,CyberCity_CentralSecurity_Tiles_1,MobileArmory1,large_structure,450,421,True,"[0, 0, 450, 421]",450,421,50.4,0.496,1.0689,False,False,False,C_LARGE_STRUCTURE
CS_1024,res://assets/tilesets/cyber_city_core_tilesets/CyberCity_CentralSecurity_Tiles/CyberCity_CentralSecurity_Tiles_1/CyberCity_CentralSecurity_Tiles_1/MobileArmory1_7.png,MobileArmory1_7.png,CyberCity_CentralSecurity_Tiles_1/CyberCity_CentralSecurity_Tiles_1,CyberCity_CentralSecurity_Tiles_1,MobileArmory1,large_structure,455,397,True,"[0, 0, 455, 397]",455,397,51.819,0.48181,1.1461,False,False,False,C_LARGE_STRUCTURE
CS_1025,res://assets/tilesets/cyber_city_core_tilesets/CyberCity_CentralSecurity_Tiles/CyberCity_CentralSecurity_Tiles_1/CyberCity_CentralSecurity_Tiles_1/MobileArmory1_8.png,MobileArmory1_8.png,CyberCity_CentralSecurity_Tiles_1/CyberCity_CentralSecurity_Tiles_1,CyberCity_CentralSecurity_Tiles_1,MobileArmory1,large_structure,452,400,True,"[0, 0, 452, 400]",452,400,51.208,0.48792,1.13,False,False,False,C_LARGE_STRUCTURE
CS_1026,res://assets/tilesets/cyber_city_core_tilesets/CyberCity_CentralSecurity_Tiles/CyberCity_CentralSecurity_Tiles_1/CyberCity_CentralSecurity_Tiles_1/MountedCamera1_1.png,MountedCamera1_1.png,CyberCity_CentralSecurity_Tiles_1/CyberCity_CentralSecurity_Tiles_1,CyberCity_CentralSecurity_Tiles_1,MountedCamera1,prop_sign_tech,21,24,True,"[0, 0, 21, 24]",21,24,39.484,0.60516,0.875,False,False,True,D_PROP_SIGN_TECH
CS_1027,res://assets/tilesets/cyber_city_core_tilesets/CyberCity_CentralSecurity_Tiles/CyberCity_CentralSecurity_Tiles_1/CyberCity_CentralSecurity_Tiles_1/MountedCamera1_2.png,MountedCamera1_2.png,CyberCity_CentralSecurity_Tiles_1/CyberCity_CentralSecurity_Tiles_1,CyberCity_CentralSecurity_Tiles_1,MountedCamera1,prop_sign_tech,27,19,True,"[0, 0, 27, 19]",27,19,27.096,0.72904,1.4211,False,False,True,D_PROP_SIGN_TECH
CS_1028,res://assets/tilesets/cyber_city_core_tilesets/CyberCity_CentralSecurity_Tiles/CyberCity_CentralSecurity_Tiles_1/CyberCity_CentralSecurity_Tiles_1/MountedCamera1_3.png,MountedCamera1_3.png,CyberCity_CentralSecurity_Tiles_1/CyberCity_CentralSecurity_Tiles_1,CyberCity_CentralSecurity_Tiles_1,MountedCamera1,prop_sign_tech,23,25,True,"[0, 0, 23, 25]",23,25,41.565,0.58435,0.92,False,False,True,D_PROP_SIGN_TECH
CS_1029,res://assets/tilesets/cyber_city_core_tilesets/CyberCity_CentralSecurity_Tiles/CyberCity_CentralSecurity_Tiles_1/CyberCity_CentralSecurity_Tiles_1/MountedCamera1_4.png,MountedCamera1_4.png,CyberCity_CentralSecurity_Tiles_1/CyberCity_CentralSecurity_Tiles_1,CyberCity_CentralSecurity_Tiles_1,MountedCamera1,prop_sign_tech,26,23,True,"[0, 0, 26, 23]",26,23,37.793,0.62207,1.1304,False,False,True,D_PROP_SIGN_TECH
CS_1030,res://assets/tilesets/cyber_city_core_tilesets/CyberCity_CentralSecurity_Tiles/CyberCity_CentralSecurity_Tiles_1/CyberCity_CentralSecurity_Tiles_1/MountedCamera1_5.png,MountedCamera1_5.png,CyberCity_CentralSecurity_Tiles_1/CyberCity_CentralSecurity_Tiles_1,CyberCity_CentralSecurity_Tiles_1,MountedCamera1,prop_sign_tech,27,19,True,"[0, 0, 27, 19]",27,19,27.485,0.72515,1.4211,False,False,True,D_PROP_SIGN_TECH
CS_1031,res://assets/tilesets/cyber_city_core_tilesets/CyberCity_CentralSecurity_Tiles/CyberCity_CentralSecurity_Tiles_1/CyberCity_CentralSecurity_Tiles_1/MountedCamera1_6.png,MountedCamera1_6.png,CyberCity_CentralSecurity_Tiles_1/CyberCity_CentralSecurity_Tiles_1,CyberCity_CentralSecurity_Tiles_1,MountedCamera1,prop_sign_tech,20,28,True,"[0, 0, 20, 28]",20,28,43.75,0.5625,0.7143,False,False,True,D_PROP_SIGN_TECH
CS_1032,res://assets/tilesets/cyber_city_core_tilesets/CyberCity_CentralSecurity_Tiles/CyberCity_CentralSecurity_Tiles_1/CyberCity_CentralSecurity_Tiles_1/MountedCamera1_7.png,MountedCamera1_7.png,CyberCity_CentralSecurity_Tiles_1/CyberCity_CentralSecurity_Tiles_1,CyberCity_CentralSecurity_Tiles_1,MountedCamera1,prop_sign_tech,21,26,True,"[0, 0, 21, 26]",21,26,42.857,0.57143,0.8077,False,False,True,D_PROP_SIGN_TECH
CS_1033,res://assets/tilesets/cyber_city_core_tilesets/CyberCity_CentralSecurity_Tiles/CyberCity_CentralSecurity_Tiles_1/CyberCity_CentralSecurity_Tiles_1/MountedCamera1_8.png,MountedCamera1_8.png,CyberCity_CentralSecurity_Tiles_1/CyberCity_CentralSecurity_Tiles_1,CyberCity_CentralSecurity_Tiles_1,MountedCamera1,prop_sign_tech,26,22,True,"[0, 0, 26, 22]",26,22,30.944,0.69056,1.1818,False,False,True,D_PROP_SIGN_TECH
CS_1034,res://assets/tilesets/cyber_city_core_tilesets/CyberCity_CentralSecurity_Tiles/CyberCity_CentralSecurity_Tiles_1/CyberCity_CentralSecurity_Tiles_1/MountedCamera2_1.png,MountedCamera2_1.png,CyberCity_CentralSecurity_Tiles_1/CyberCity_CentralSecurity_Tiles_1,CyberCity_CentralSecurity_Tiles_1,MountedCamera2,prop_sign_tech,22,24,True,"[0, 0, 22, 24]",22,24,39.394,0.60606,0.9167,False,False,True,D_PROP_SIGN_TECH
CS_1035,res://assets/tilesets/cyber_city_core_tilesets/CyberCity_CentralSecurity_Tiles/CyberCity_CentralSecurity_Tiles_1/CyberCity_CentralSecurity_Tiles_1/MountedCamera2_2.png,MountedCamera2_2.png,CyberCity_CentralSecurity_Tiles_1/CyberCity_CentralSecurity_Tiles_1,CyberCity_CentralSecurity_Tiles_1,MountedCamera2,prop_sign_tech,28,26,True,"[0, 0, 28, 26]",28,26,46.566,0.53434,1.0769,False,False,False,D_PROP_SIGN_TECH
CS_1036,res://assets/tilesets/cyber_city_core_tilesets/CyberCity_CentralSecurity_Tiles/CyberCity_CentralSecurity_Tiles_1/CyberCity_CentralSecurity_Tiles_1/MountedCamera2_3.png,MountedCamera2_3.png,CyberCity_CentralSecurity_Tiles_1/CyberCity_CentralSecurity_Tiles_1,CyberCity_CentralSecurity_Tiles_1,MountedCamera2,prop_sign_tech,21,25,True,"[0, 0, 21, 25]",21,25,35.619,0.64381,0.84,False,False,True,D_PROP_SIGN_TECH
CS_1037,res://assets/tilesets/cyber_city_core_tilesets/CyberCity_CentralSecurity_Tiles/CyberCity_CentralSecurity_Tiles_1/CyberCity_CentralSecurity_Tiles_1/MountedCamera2_4.png,MountedCamera2_4.png,CyberCity_CentralSecurity_Tiles_1/CyberCity_CentralSecurity_Tiles_1,CyberCity_CentralSecurity_Tiles_1,MountedCamera2,prop_sign_tech,26,19,True,"[0, 0, 26, 19]",26,19,27.53,0.7247,1.3684,False,False,True,D_PROP_SIGN_TECH
CS_1038,res://assets/tilesets/cyber_city_core_tilesets/CyberCity_CentralSecurity_Tiles/CyberCity_CentralSecurity_Tiles_1/CyberCity_CentralSecurity_Tiles_1/MountedCamera2_5.png,MountedCamera2_5.png,CyberCity_CentralSecurity_Tiles_1/CyberCity_CentralSecurity_Tiles_1,CyberCity_CentralSecurity_Tiles_1,MountedCamera2,prop_sign_tech,20,25,True,"[0, 0, 20, 25]",20,25,34.2,0.658,0.8,False,False,True,D_PROP_SIGN_TECH
CS_1039,res://assets/tilesets/cyber_city_core_tilesets/CyberCity_CentralSecurity_Tiles/CyberCity_CentralSecurity_Tiles_1/CyberCity_CentralSecurity_Tiles_1/MountedCamera2_6.png,MountedCamera2_6.png,CyberCity_CentralSecurity_Tiles_1/CyberCity_CentralSecurity_Tiles_1,CyberCity_CentralSecurity_Tiles_1,MountedCamera2,prop_sign_tech,26,25,True,"[0, 0, 26, 25]",26,25,45.231,0.54769,1.04,False,False,False,D_PROP_SIGN_TECH
CS_1040,res://assets/tilesets/cyber_city_core_tilesets/CyberCity_CentralSecurity_Tiles/CyberCity_CentralSecurity_Tiles_1/CyberCity_CentralSecurity_Tiles_1/MountedCamera2_7.png,MountedCamera2_7.png,CyberCity_CentralSecurity_Tiles_1/CyberCity_CentralSecurity_Tiles_1,CyberCity_CentralSecurity_Tiles_1,MountedCamera2,prop_sign_tech,28,22,True,"[0, 0, 28, 22]",28,22,34.74,0.6526,1.2727,False,False,True,D_PROP_SIGN_TECH
CS_1041,res://assets/tilesets/cyber_city_core_tilesets/CyberCity_CentralSecurity_Tiles/CyberCity_CentralSecurity_Tiles_1/CyberCity_CentralSecurity_Tiles_1/MountedCamera2_8.png,MountedCamera2_8.png,CyberCity_CentralSecurity_Tiles_1/CyberCity_CentralSecurity_Tiles_1,CyberCity_CentralSecurity_Tiles_1,MountedCamera2,prop_sign_tech,19,24,True,"[0, 0, 19, 24]",19,24,36.623,0.63377,0.7917,False,False,True,D_PROP_SIGN_TECH
CS_1042,res://assets/tilesets/cyber_city_core_tilesets/CyberCity_CentralSecurity_Tiles/CyberCity_CentralSecurity_Tiles_1/CyberCity_CentralSecurity_Tiles_1/Pallet1_1.png,Pallet1_1.png,CyberCity_CentralSecurity_Tiles_1/CyberCity_CentralSecurity_Tiles_1,CyberCity_CentralSecurity_Tiles_1,Pallet1,review_unknown_visually_promising,298,211,True,"[0, 0, 298, 211]",298,211,31.496,0.68504,1.4123,False,False,False,E_REVIEW_UNKNOWN
CS_1043,res://assets/tilesets/cyber_city_core_tilesets/CyberCity_CentralSecurity_Tiles/CyberCity_CentralSecurity_Tiles_1/CyberCity_CentralSecurity_Tiles_1/Pallet1_2.png,Pallet1_2.png,CyberCity_CentralSecurity_Tiles_1/CyberCity_CentralSecurity_Tiles_1,CyberCity_CentralSecurity_Tiles_1,Pallet1,review_unknown_visually_promising,181,230,True,"[0, 0, 181, 230]",181,230,23.31,0.7669,0.787,False,False,False,E_REVIEW_UNKNOWN
CS_1044,res://assets/tilesets/cyber_city_core_tilesets/CyberCity_CentralSecurity_Tiles/CyberCity_CentralSecurity_Tiles_1/CyberCity_CentralSecurity_Tiles_1/Pallet1_3.png,Pallet1_3.png,CyberCity_CentralSecurity_Tiles_1/CyberCity_CentralSecurity_Tiles_1,CyberCity_CentralSecurity_Tiles_1,Pallet1,review_unknown_visually_promising,325,221,True,"[0, 0, 325, 221]",325,221,38.003,0.61997,1.4706,False,False,False,E_REVIEW_UNKNOWN
CS_1045,res://assets/tilesets/cyber_city_core_tilesets/CyberCity_CentralSecurity_Tiles/CyberCity_CentralSecurity_Tiles_1/CyberCity_CentralSecurity_Tiles_1/Pallet1_4.png,Pallet1_4.png,CyberCity_CentralSecurity_Tiles_1/CyberCity_CentralSecurity_Tiles_1,CyberCity_CentralSecurity_Tiles_1,Pallet1,review_unknown_visually_promising,173,316,True,"[0, 0, 173, 316]",173,316,23.162,0.76838,0.5475,False,False,False,E_REVIEW_UNKNOWN
CS_1046,res://assets/tilesets/cyber_city_core_tilesets/CyberCity_CentralSecurity_Tiles/CyberCity_CentralSecurity_Tiles_1/CyberCity_CentralSecurity_Tiles_1/Pallet1_5.png,Pallet1_5.png,CyberCity_CentralSecurity_Tiles_1/CyberCity_CentralSecurity_Tiles_1,CyberCity_CentralSecurity_Tiles_1,Pallet1,review_unknown_visually_promising,269,233,True,"[0, 0, 269, 233]",269,233,35.638,0.64362,1.1545,False,False,False,E_REVIEW_UNKNOWN
CS_1047,res://assets/tilesets/cyber_city_core_tilesets/CyberCity_CentralSecurity_Tiles/CyberCity_CentralSecurity_Tiles_1/CyberCity_CentralSecurity_Tiles_1/Pallet1_6.png,Pallet1_6.png,CyberCity_CentralSecurity_Tiles_1/CyberCity_CentralSecurity_Tiles_1,CyberCity_CentralSecurity_Tiles_1,Pallet1,review_unknown_visually_promising,272,292,True,"[0, 0, 272, 292]",272,292,41.453,0.58547,0.9315,False,False,False,E_REVIEW_UNKNOWN
CS_1048,res://assets/tilesets/cyber_city_core_tilesets/CyberCity_CentralSecurity_Tiles/CyberCity_CentralSecurity_Tiles_1/CyberCity_CentralSecurity_Tiles_1/Pallet1_7.png,Pallet1_7.png,CyberCity_CentralSecurity_Tiles_1/CyberCity_CentralSecurity_Tiles_1,CyberCity_CentralSecurity_Tiles_1,Pallet1,review_unknown_visually_promising,293,234,True,"[0, 0, 293, 234]",293,234,40.948,0.59052,1.2521,False,False,False,E_REVIEW_UNKNOWN
CS_1049,res://assets/tilesets/cyber_city_core_tilesets/CyberCity_CentralSecurity_Tiles/CyberCity_CentralSecurity_Tiles_1/CyberCity_CentralSecurity_Tiles_1/Pallet1_8.png,Pallet1_8.png,CyberCity_CentralSecurity_Tiles_1/CyberCity_CentralSecurity_Tiles_1,CyberCity_CentralSecurity_Tiles_1,Pallet1,review_unknown_visually_promising,293,295,True,"[0, 0, 293, 295]",293,295,47.085,0.52915,0.9932,False,False,False,E_REVIEW_UNKNOWN
CS_1050,res://assets/tilesets/cyber_city_core_tilesets/CyberCity_CentralSecurity_Tiles/CyberCity_CentralSecurity_Tiles_1/CyberCity_CentralSecurity_Tiles_1/Pallet2_1.png,Pallet2_1.png,CyberCity_CentralSecurity_Tiles_1/CyberCity_CentralSecurity_Tiles_1,CyberCity_CentralSecurity_Tiles_1,Pallet2,review_unknown_visually_promising,132,136,True,"[0, 0, 132, 136]",132,136,16.667,0.83333,0.9706,False,False,False,E_REVIEW_UNKNOWN
CS_1051,res://assets/tilesets/cyber_city_core_tilesets/CyberCity_CentralSecurity_Tiles/CyberCity_CentralSecurity_Tiles_1/CyberCity_CentralSecurity_Tiles_1/Pallet2_2.png,Pallet2_2.png,CyberCity_CentralSecurity_Tiles_1/CyberCity_CentralSecurity_Tiles_1,CyberCity_CentralSecurity_Tiles_1,Pallet2,review_unknown_visually_promising,128,136,True,"[0, 0, 128, 136]",128,136,14.7,0.853,0.9412,False,False,False,E_REVIEW_UNKNOWN
CS_1052,res://assets/tilesets/cyber_city_core_tilesets/CyberCity_CentralSecurity_Tiles/CyberCity_CentralSecurity_Tiles_1/CyberCity_CentralSecurity_Tiles_1/Pallet2_3.png,Pallet2_3.png,CyberCity_CentralSecurity_Tiles_1/CyberCity_CentralSecurity_Tiles_1,CyberCity_CentralSecurity_Tiles_1,Pallet2,review_unknown_visually_promising,133,136,True,"[0, 0, 133, 136]",133,136,15.336,0.84664,0.9779,False,False,False,E_REVIEW_UNKNOWN
CS_1053,res://assets/tilesets/cyber_city_core_tilesets/CyberCity_CentralSecurity_Tiles/CyberCity_CentralSecurity_Tiles_1/CyberCity_CentralSecurity_Tiles_1/Pallet2_4.png,Pallet2_4.png,CyberCity_CentralSecurity_Tiles_1/CyberCity_CentralSecurity_Tiles_1,CyberCity_CentralSecurity_Tiles_1,Pallet2,review_unknown_visually_promising,130,136,True,"[0, 0, 130, 136]",130,136,16.182,0.83818,0.9559,False,False,False,E_REVIEW_UNKNOWN
CS_1054,res://assets/tilesets/cyber_city_core_tilesets/CyberCity_CentralSecurity_Tiles/CyberCity_CentralSecurity_Tiles_1/CyberCity_CentralSecurity_Tiles_1/Pallet2_5.png,Pallet2_5.png,CyberCity_CentralSecurity_Tiles_1/CyberCity_CentralSecurity_Tiles_1,CyberCity_CentralSecurity_Tiles_1,Pallet2,review_unknown_visually_promising,169,157,True,"[0, 0, 169, 157]",169,157,42.558,0.57442,1.0764,False,False,False,E_REVIEW_UNKNOWN
CS_1055,res://assets/tilesets/cyber_city_core_tilesets/CyberCity_CentralSecurity_Tiles/CyberCity_CentralSecurity_Tiles_1/CyberCity_CentralSecurity_Tiles_1/Pallet2_6.png,Pallet2_6.png,CyberCity_CentralSecurity_Tiles_1/CyberCity_CentralSecurity_Tiles_1,CyberCity_CentralSecurity_Tiles_1,Pallet2,review_unknown_visually_promising,168,157,True,"[0, 0, 168, 157]",168,157,40.779,0.59221,1.0701,False,False,False,E_REVIEW_UNKNOWN
CS_1056,res://assets/tilesets/cyber_city_core_tilesets/CyberCity_CentralSecurity_Tiles/CyberCity_CentralSecurity_Tiles_1/CyberCity_CentralSecurity_Tiles_1/Pallet2_7.png,Pallet2_7.png,CyberCity_CentralSecurity_Tiles_1/CyberCity_CentralSecurity_Tiles_1,CyberCity_CentralSecurity_Tiles_1,Pallet2,review_unknown_visually_promising,169,159,True,"[0, 0, 169, 159]",169,159,41.483,0.58517,1.0629,False,False,False,E_REVIEW_UNKNOWN
CS_1057,res://assets/tilesets/cyber_city_core_tilesets/CyberCity_CentralSecurity_Tiles/CyberCity_CentralSecurity_Tiles_1/CyberCity_CentralSecurity_Tiles_1/Pallet2_8.png,Pallet2_8.png,CyberCity_CentralSecurity_Tiles_1/CyberCity_CentralSecurity_Tiles_1,CyberCity_CentralSecurity_Tiles_1,Pallet2,review_unknown_visually_promising,169,159,True,"[0, 0, 169, 159]",169,159,41.893,0.58107,1.0629,False,False,False,E_REVIEW_UNKNOWN
CS_1058,res://assets/tilesets/cyber_city_core_tilesets/CyberCity_CentralSecurity_Tiles/CyberCity_CentralSecurity_Tiles_1/CyberCity_CentralSecurity_Tiles_1/Pallet3_1.png,Pallet3_1.png,CyberCity_CentralSecurity_Tiles_1/CyberCity_CentralSecurity_Tiles_1,CyberCity_CentralSecurity_Tiles_1,Pallet3,review_unknown_visually_promising,132,92,True,"[0, 0, 132, 92]",132,92,10.606,0.89394,1.4348,False,False,False,E_REVIEW_UNKNOWN
CS_1059,res://assets/tilesets/cyber_city_core_tilesets/CyberCity_CentralSecurity_Tiles/CyberCity_CentralSecurity_Tiles_1/CyberCity_CentralSecurity_Tiles_1/Pallet3_2.png,Pallet3_2.png,CyberCity_CentralSecurity_Tiles_1/CyberCity_CentralSecurity_Tiles_1,CyberCity_CentralSecurity_Tiles_1,Pallet3,review_unknown_visually_promising,121,101,True,"[0, 0, 121, 101]",121,101,10.597,0.89403,1.198,False,False,False,E_REVIEW_UNKNOWN
CS_1060,res://assets/tilesets/cyber_city_core_tilesets/CyberCity_CentralSecurity_Tiles/CyberCity_CentralSecurity_Tiles_1/CyberCity_CentralSecurity_Tiles_1/Pallet3_3.png,Pallet3_3.png,CyberCity_CentralSecurity_Tiles_1/CyberCity_CentralSecurity_Tiles_1,CyberCity_CentralSecurity_Tiles_1,Pallet3,review_unknown_visually_promising,171,126,True,"[0, 0, 171, 126]",171,126,49.341,0.50659,1.3571,False,False,False,E_REVIEW_UNKNOWN
CS_1061,res://assets/tilesets/cyber_city_core_tilesets/CyberCity_CentralSecurity_Tiles/CyberCity_CentralSecurity_Tiles_1/CyberCity_CentralSecurity_Tiles_1/Pallet3_4.png,Pallet3_4.png,CyberCity_CentralSecurity_Tiles_1/CyberCity_CentralSecurity_Tiles_1,CyberCity_CentralSecurity_Tiles_1,Pallet3,review_unknown_visually_promising,168,124,True,"[0, 0, 168, 124]",168,124,47.139,0.52861,1.3548,False,False,False,E_REVIEW_UNKNOWN
CS_1062,res://assets/tilesets/cyber_city_core_tilesets/CyberCity_CentralSecurity_Tiles/CyberCity_CentralSecurity_Tiles_1/CyberCity_CentralSecurity_Tiles_1/Railing1_1.png,Railing1_1.png,CyberCity_CentralSecurity_Tiles_1/CyberCity_CentralSecurity_Tiles_1,CyberCity_CentralSecurity_Tiles_1,Railing1,wall_security_barrier,350,51,True,"[0, 0, 350, 51]",350,51,53.608,0.46392,6.8627,False,False,False,B_WALL_SECURITY_BARRIER
CS_1063,res://assets/tilesets/cyber_city_core_tilesets/CyberCity_CentralSecurity_Tiles/CyberCity_CentralSecurity_Tiles_1/CyberCity_CentralSecurity_Tiles_1/Railing1_2.png,Railing1_2.png,CyberCity_CentralSecurity_Tiles_1/CyberCity_CentralSecurity_Tiles_1,CyberCity_CentralSecurity_Tiles_1,Railing1,wall_security_barrier,27,274,True,"[0, 0, 27, 274]",27,274,47.405,0.52595,0.0985,False,False,False,B_WALL_SECURITY_BARRIER
CS_1064,res://assets/tilesets/cyber_city_core_tilesets/CyberCity_CentralSecurity_Tiles/CyberCity_CentralSecurity_Tiles_1/CyberCity_CentralSecurity_Tiles_1/Railing1_3.png,Railing1_3.png,CyberCity_CentralSecurity_Tiles_1/CyberCity_CentralSecurity_Tiles_1,CyberCity_CentralSecurity_Tiles_1,Railing1,wall_security_barrier,351,50,True,"[0, 0, 351, 50]",351,50,50.741,0.49259,7.02,False,False,False,B_WALL_SECURITY_BARRIER
CS_1065,res://assets/tilesets/cyber_city_core_tilesets/CyberCity_CentralSecurity_Tiles/CyberCity_CentralSecurity_Tiles_1/CyberCity_CentralSecurity_Tiles_1/Railing1_4.png,Railing1_4.png,CyberCity_CentralSecurity_Tiles_1/CyberCity_CentralSecurity_Tiles_1,CyberCity_CentralSecurity_Tiles_1,Railing1,wall_security_barrier,28,275,True,"[0, 0, 28, 275]",28,275,48.481,0.51519,0.1018,False,False,False,B_WALL_SECURITY_BARRIER
CS_1066,res://assets/tilesets/cyber_city_core_tilesets/CyberCity_CentralSecurity_Tiles/CyberCity_CentralSecurity_Tiles_1/CyberCity_CentralSecurity_Tiles_1/Railing1_5.png,Railing1_5.png,CyberCity_CentralSecurity_Tiles_1/CyberCity_CentralSecurity_Tiles_1,CyberCity_CentralSecurity_Tiles_1,Railing1,wall_security_barrier,252,206,True,"[0, 0, 252, 206]",252,206,88.351,0.11649,1.2233,False,False,False,B_WALL_SECURITY_BARRIER
CS_1067,res://assets/tilesets/cyber_city_core_tilesets/CyberCity_CentralSecurity_Tiles/CyberCity_CentralSecurity_Tiles_1/CyberCity_CentralSecurity_Tiles_1/Railing1_6.png,Railing1_6.png,CyberCity_CentralSecurity_Tiles_1/CyberCity_CentralSecurity_Tiles_1,CyberCity_CentralSecurity_Tiles_1,Railing1,wall_security_barrier,253,207,True,"[0, 0, 253, 207]",253,207,86.363,0.13637,1.2222,False,False,False,B_WALL_SECURITY_BARRIER
CS_1068,res://assets/tilesets/cyber_city_core_tilesets/CyberCity_CentralSecurity_Tiles/CyberCity_CentralSecurity_Tiles_1/CyberCity_CentralSecurity_Tiles_1/Railing1_7.png,Railing1_7.png,CyberCity_CentralSecurity_Tiles_1/CyberCity_CentralSecurity_Tiles_1,CyberCity_CentralSecurity_Tiles_1,Railing1,wall_security_barrier,254,207,True,"[0, 0, 254, 207]",254,207,86.375,0.13625,1.2271,False,False,False,B_WALL_SECURITY_BARRIER
CS_1069,res://assets/tilesets/cyber_city_core_tilesets/CyberCity_CentralSecurity_Tiles/CyberCity_CentralSecurity_Tiles_1/CyberCity_CentralSecurity_Tiles_1/Railing1_8.png,Railing1_8.png,CyberCity_CentralSecurity_Tiles_1/CyberCity_CentralSecurity_Tiles_1,CyberCity_CentralSecurity_Tiles_1,Railing1,wall_security_barrier,256,207,True,"[0, 0, 256, 207]",256,207,88.528,0.11472,1.2367,False,False,False,B_WALL_SECURITY_BARRIER
CS_1070,res://assets/tilesets/cyber_city_core_tilesets/CyberCity_CentralSecurity_Tiles/CyberCity_CentralSecurity_Tiles_1/CyberCity_CentralSecurity_Tiles_1/RocketPlatform1_1.png,RocketPlatform1_1.png,CyberCity_CentralSecurity_Tiles_1/CyberCity_CentralSecurity_Tiles_1,CyberCity_CentralSecurity_Tiles_1,RocketPlatform1,"ground_floor_road, large_structure",79,124,True,"[0, 0, 79, 124]",79,124,40.547,0.59453,0.6371,False,False,False,A_GROUND_FLOOR_ROAD
CS_1071,res://assets/tilesets/cyber_city_core_tilesets/CyberCity_CentralSecurity_Tiles/CyberCity_CentralSecurity_Tiles_1/CyberCity_CentralSecurity_Tiles_1/RocketPlatform1_2.png,RocketPlatform1_2.png,CyberCity_CentralSecurity_Tiles_1/CyberCity_CentralSecurity_Tiles_1,CyberCity_CentralSecurity_Tiles_1,RocketPlatform1,"ground_floor_road, large_structure",93,107,True,"[0, 0, 93, 107]",93,107,38.137,0.61863,0.8692,False,False,False,A_GROUND_FLOOR_ROAD
CS_1072,res://assets/tilesets/cyber_city_core_tilesets/CyberCity_CentralSecurity_Tiles/CyberCity_CentralSecurity_Tiles_1/CyberCity_CentralSecurity_Tiles_1/RocketPlatform1_3.png,RocketPlatform1_3.png,CyberCity_CentralSecurity_Tiles_1/CyberCity_CentralSecurity_Tiles_1,CyberCity_CentralSecurity_Tiles_1,RocketPlatform1,"ground_floor_road, large_structure",79,113,True,"[0, 0, 79, 113]",79,113,32.923,0.67077,0.6991,False,False,False,A_GROUND_FLOOR_ROAD
CS_1073,res://assets/tilesets/cyber_city_core_tilesets/CyberCity_CentralSecurity_Tiles/CyberCity_CentralSecurity_Tiles_1/CyberCity_CentralSecurity_Tiles_1/RocketPlatform1_4.png,RocketPlatform1_4.png,CyberCity_CentralSecurity_Tiles_1/CyberCity_CentralSecurity_Tiles_1,CyberCity_CentralSecurity_Tiles_1,RocketPlatform1,"ground_floor_road, large_structure",89,107,True,"[0, 0, 89, 107]",89,107,36.018,0.63982,0.8318,False,False,False,A_GROUND_FLOOR_ROAD
CS_1074,res://assets/tilesets/cyber_city_core_tilesets/CyberCity_CentralSecurity_Tiles/CyberCity_CentralSecurity_Tiles_1/CyberCity_CentralSecurity_Tiles_1/RocketPlatform1_5.png,RocketPlatform1_5.png,CyberCity_CentralSecurity_Tiles_1/CyberCity_CentralSecurity_Tiles_1,CyberCity_CentralSecurity_Tiles_1,RocketPlatform1,"ground_floor_road, large_structure",87,116,True,"[0, 0, 87, 116]",87,116,40.904,0.59096,0.75,False,False,False,A_GROUND_FLOOR_ROAD
CS_1075,res://assets/tilesets/cyber_city_core_tilesets/CyberCity_CentralSecurity_Tiles/CyberCity_CentralSecurity_Tiles_1/CyberCity_CentralSecurity_Tiles_1/RocketPlatform1_6.png,RocketPlatform1_6.png,CyberCity_CentralSecurity_Tiles_1/CyberCity_CentralSecurity_Tiles_1,CyberCity_CentralSecurity_Tiles_1,RocketPlatform1,"ground_floor_road, large_structure",92,111,True,"[0, 0, 92, 111]",92,111,39.209,0.60791,0.8288,False,False,False,A_GROUND_FLOOR_ROAD
CS_1076,res://assets/tilesets/cyber_city_core_tilesets/CyberCity_CentralSecurity_Tiles/CyberCity_CentralSecurity_Tiles_1/CyberCity_CentralSecurity_Tiles_1/RocketPlatform1_7.png,RocketPlatform1_7.png,CyberCity_CentralSecurity_Tiles_1/CyberCity_CentralSecurity_Tiles_1,CyberCity_CentralSecurity_Tiles_1,RocketPlatform1,"ground_floor_road, large_structure",87,116,True,"[0, 0, 87, 116]",87,116,40.359,0.59641,0.75,False,False,False,A_GROUND_FLOOR_ROAD
CS_1077,res://assets/tilesets/cyber_city_core_tilesets/CyberCity_CentralSecurity_Tiles/CyberCity_CentralSecurity_Tiles_1/CyberCity_CentralSecurity_Tiles_1/RocketPlatform1_8.png,RocketPlatform1_8.png,CyberCity_CentralSecurity_Tiles_1/CyberCity_CentralSecurity_Tiles_1,CyberCity_CentralSecurity_Tiles_1,RocketPlatform1,"ground_floor_road, large_structure",92,116,True,"[0, 0, 92, 116]",92,116,44.706,0.55294,0.7931,False,False,False,A_GROUND_FLOOR_ROAD
CS_1078,res://assets/tilesets/cyber_city_core_tilesets/CyberCity_CentralSecurity_Tiles/CyberCity_CentralSecurity_Tiles_1/CyberCity_CentralSecurity_Tiles_1/RocketPlatform2_1.png,RocketPlatform2_1.png,CyberCity_CentralSecurity_Tiles_1/CyberCity_CentralSecurity_Tiles_1,CyberCity_CentralSecurity_Tiles_1,RocketPlatform2,"ground_floor_road, large_structure",79,109,True,"[0, 0, 79, 109]",79,109,36.848,0.63152,0.7248,False,False,False,A_GROUND_FLOOR_ROAD
CS_1079,res://assets/tilesets/cyber_city_core_tilesets/CyberCity_CentralSecurity_Tiles/CyberCity_CentralSecurity_Tiles_1/CyberCity_CentralSecurity_Tiles_1/RocketPlatform2_2.png,RocketPlatform2_2.png,CyberCity_CentralSecurity_Tiles_1/CyberCity_CentralSecurity_Tiles_1,CyberCity_CentralSecurity_Tiles_1,RocketPlatform2,"ground_floor_road, large_structure",93,113,True,"[0, 0, 93, 113]",93,113,41.431,0.58569,0.823,False,False,False,A_GROUND_FLOOR_ROAD
CS_1080,res://assets/tilesets/cyber_city_core_tilesets/CyberCity_CentralSecurity_Tiles/CyberCity_CentralSecurity_Tiles_1/CyberCity_CentralSecurity_Tiles_1/RocketPlatform2_3.png,RocketPlatform2_3.png,CyberCity_CentralSecurity_Tiles_1/CyberCity_CentralSecurity_Tiles_1,CyberCity_CentralSecurity_Tiles_1,RocketPlatform2,"ground_floor_road, large_structure",79,112,True,"[0, 0, 79, 112]",79,112,32.256,0.67744,0.7054,False,False,False,A_GROUND_FLOOR_ROAD
CS_1081,res://assets/tilesets/cyber_city_core_tilesets/CyberCity_CentralSecurity_Tiles/CyberCity_CentralSecurity_Tiles_1/CyberCity_CentralSecurity_Tiles_1/RocketPlatform2_4.png,RocketPlatform2_4.png,CyberCity_CentralSecurity_Tiles_1/CyberCity_CentralSecurity_Tiles_1,CyberCity_CentralSecurity_Tiles_1,RocketPlatform2,"ground_floor_road, large_structure",85,113,True,"[0, 0, 85, 113]",85,113,38.001,0.61999,0.7522,False,False,False,A_GROUND_FLOOR_ROAD
CS_1082,res://assets/tilesets/cyber_city_core_tilesets/CyberCity_CentralSecurity_Tiles/CyberCity_CentralSecurity_Tiles_1/CyberCity_CentralSecurity_Tiles_1/RocketPlatform2_5.png,RocketPlatform2_5.png,CyberCity_CentralSecurity_Tiles_1/CyberCity_CentralSecurity_Tiles_1,CyberCity_CentralSecurity_Tiles_1,RocketPlatform2,"ground_floor_road, large_structure",87,107,True,"[0, 0, 87, 107]",87,107,38.264,0.61736,0.8131,False,False,False,A_GROUND_FLOOR_ROAD
CS_1083,res://assets/tilesets/cyber_city_core_tilesets/CyberCity_CentralSecurity_Tiles/CyberCity_CentralSecurity_Tiles_1/CyberCity_CentralSecurity_Tiles_1/RocketPlatform2_6.png,RocketPlatform2_6.png,CyberCity_CentralSecurity_Tiles_1/CyberCity_CentralSecurity_Tiles_1,CyberCity_CentralSecurity_Tiles_1,RocketPlatform2,"ground_floor_road, large_structure",87,110,True,"[0, 0, 87, 110]",87,110,39.112,0.60888,0.7909,False,False,False,A_GROUND_FLOOR_ROAD
CS_1084,res://assets/tilesets/cyber_city_core_tilesets/CyberCity_CentralSecurity_Tiles/CyberCity_CentralSecurity_Tiles_1/CyberCity_CentralSecurity_Tiles_1/RocketPlatform2_7.png,RocketPlatform2_7.png,CyberCity_CentralSecurity_Tiles_1/CyberCity_CentralSecurity_Tiles_1,CyberCity_CentralSecurity_Tiles_1,RocketPlatform2,"ground_floor_road, large_structure",87,117,True,"[0, 0, 87, 117]",87,117,41.153,0.58847,0.7436,False,False,False,A_GROUND_FLOOR_ROAD
CS_1085,res://assets/tilesets/cyber_city_core_tilesets/CyberCity_CentralSecurity_Tiles/CyberCity_CentralSecurity_Tiles_1/CyberCity_CentralSecurity_Tiles_1/RocketPlatform2_8.png,RocketPlatform2_8.png,CyberCity_CentralSecurity_Tiles_1/CyberCity_CentralSecurity_Tiles_1,CyberCity_CentralSecurity_Tiles_1,RocketPlatform2,"ground_floor_road, large_structure",83,116,True,"[0, 0, 83, 116]",83,116,39.302,0.60698,0.7155,False,False,False,A_GROUND_FLOOR_ROAD
CS_1086,res://assets/tilesets/cyber_city_core_tilesets/CyberCity_CentralSecurity_Tiles/CyberCity_CentralSecurity_Tiles_1/CyberCity_CentralSecurity_Tiles_1/Sandbag1_1.png,Sandbag1_1.png,CyberCity_CentralSecurity_Tiles_1/CyberCity_CentralSecurity_Tiles_1,CyberCity_CentralSecurity_Tiles_1,Sandbag1,review_unknown_visually_promising,64,34,True,"[0, 0, 64, 34]",64,34,22.932,0.77068,1.8824,False,False,False,E_REVIEW_UNKNOWN
CS_1087,res://assets/tilesets/cyber_city_core_tilesets/CyberCity_CentralSecurity_Tiles/CyberCity_CentralSecurity_Tiles_1/CyberCity_CentralSecurity_Tiles_1/Sandbag1_2.png,Sandbag1_2.png,CyberCity_CentralSecurity_Tiles_1/CyberCity_CentralSecurity_Tiles_1,CyberCity_CentralSecurity_Tiles_1,Sandbag1,review_unknown_visually_promising,39,50,True,"[0, 0, 39, 50]",39,50,18.821,0.81179,0.78,False,False,False,E_REVIEW_UNKNOWN
CS_1088,res://assets/tilesets/cyber_city_core_tilesets/CyberCity_CentralSecurity_Tiles/CyberCity_CentralSecurity_Tiles_1/CyberCity_CentralSecurity_Tiles_1/Sandbag1_3.png,Sandbag1_3.png,CyberCity_CentralSecurity_Tiles_1/CyberCity_CentralSecurity_Tiles_1,CyberCity_CentralSecurity_Tiles_1,Sandbag1,review_unknown_visually_promising,62,30,True,"[0, 0, 62, 30]",62,30,10.108,0.89892,2.0667,False,False,False,E_REVIEW_UNKNOWN
CS_1089,res://assets/tilesets/cyber_city_core_tilesets/CyberCity_CentralSecurity_Tiles/CyberCity_CentralSecurity_Tiles_1/CyberCity_CentralSecurity_Tiles_1/Sandbag1_4.png,Sandbag1_4.png,CyberCity_CentralSecurity_Tiles_1/CyberCity_CentralSecurity_Tiles_1,CyberCity_CentralSecurity_Tiles_1,Sandbag1,review_unknown_visually_promising,38,48,True,"[0, 0, 38, 48]",38,48,14.09,0.8591,0.7917,False,False,False,E_REVIEW_UNKNOWN
CS_1090,res://assets/tilesets/cyber_city_core_tilesets/CyberCity_CentralSecurity_Tiles/CyberCity_CentralSecurity_Tiles_1/CyberCity_CentralSecurity_Tiles_1/Sandbag1_5.png,Sandbag1_5.png,CyberCity_CentralSecurity_Tiles_1/CyberCity_CentralSecurity_Tiles_1,CyberCity_CentralSecurity_Tiles_1,Sandbag1,review_unknown_visually_promising,59,48,True,"[0, 0, 59, 48]",59,48,41.631,0.58369,1.2292,False,False,False,E_REVIEW_UNKNOWN
CS_1091,res://assets/tilesets/cyber_city_core_tilesets/CyberCity_CentralSecurity_Tiles/CyberCity_CentralSecurity_Tiles_1/CyberCity_CentralSecurity_Tiles_1/Sandbag1_6.png,Sandbag1_6.png,CyberCity_CentralSecurity_Tiles_1/CyberCity_CentralSecurity_Tiles_1,CyberCity_CentralSecurity_Tiles_1,Sandbag1,review_unknown_visually_promising,61,47,True,"[0, 0, 61, 47]",61,47,42.902,0.57098,1.2979,False,False,False,E_REVIEW_UNKNOWN
CS_1092,res://assets/tilesets/cyber_city_core_tilesets/CyberCity_CentralSecurity_Tiles/CyberCity_CentralSecurity_Tiles_1/CyberCity_CentralSecurity_Tiles_1/Sandbag1_7.png,Sandbag1_7.png,CyberCity_CentralSecurity_Tiles_1/CyberCity_CentralSecurity_Tiles_1,CyberCity_CentralSecurity_Tiles_1,Sandbag1,review_unknown_visually_promising,63,47,True,"[0, 0, 63, 47]",63,47,44.782,0.55218,1.3404,False,False,False,E_REVIEW_UNKNOWN
CS_1093,res://assets/tilesets/cyber_city_core_tilesets/CyberCity_CentralSecurity_Tiles/CyberCity_CentralSecurity_Tiles_1/CyberCity_CentralSecurity_Tiles_1/Sandbag1_8.png,Sandbag1_8.png,CyberCity_CentralSecurity_Tiles_1/CyberCity_CentralSecurity_Tiles_1,CyberCity_CentralSecurity_Tiles_1,Sandbag1,review_unknown_visually_promising,59,48,True,"[0, 0, 59, 48]",59,48,42.444,0.57556,1.2292,False,False,False,E_REVIEW_UNKNOWN
CS_1094,res://assets/tilesets/cyber_city_core_tilesets/CyberCity_CentralSecurity_Tiles/CyberCity_CentralSecurity_Tiles_1/CyberCity_CentralSecurity_Tiles_1/Sandbags1_1.png,Sandbags1_1.png,CyberCity_CentralSecurity_Tiles_1/CyberCity_CentralSecurity_Tiles_1,CyberCity_CentralSecurity_Tiles_1,Sandbags1,review_unknown_visually_promising,184,85,True,"[0, 0, 184, 85]",184,85,42.762,0.57238,2.1647,False,False,False,E_REVIEW_UNKNOWN
CS_1095,res://assets/tilesets/cyber_city_core_tilesets/CyberCity_CentralSecurity_Tiles/CyberCity_CentralSecurity_Tiles_1/CyberCity_CentralSecurity_Tiles_1/Sandbags1_2.png,Sandbags1_2.png,CyberCity_CentralSecurity_Tiles_1/CyberCity_CentralSecurity_Tiles_1,CyberCity_CentralSecurity_Tiles_1,Sandbags1,review_unknown_visually_promising,85,148,True,"[0, 0, 85, 148]",85,148,49.364,0.50636,0.5743,False,False,False,E_REVIEW_UNKNOWN
CS_1096,res://assets/tilesets/cyber_city_core_tilesets/CyberCity_CentralSecurity_Tiles/CyberCity_CentralSecurity_Tiles_1/CyberCity_CentralSecurity_Tiles_1/Sandbags1_3.png,Sandbags1_3.png,CyberCity_CentralSecurity_Tiles_1/CyberCity_CentralSecurity_Tiles_1,CyberCity_CentralSecurity_Tiles_1,Sandbags1,review_unknown_visually_promising,190,64,True,"[0, 0, 190, 64]",190,64,36.562,0.63438,2.9688,False,False,False,E_REVIEW_UNKNOWN
CS_1097,res://assets/tilesets/cyber_city_core_tilesets/CyberCity_CentralSecurity_Tiles/CyberCity_CentralSecurity_Tiles_1/CyberCity_CentralSecurity_Tiles_1/Sandbags1_4.png,Sandbags1_4.png,CyberCity_CentralSecurity_Tiles_1/CyberCity_CentralSecurity_Tiles_1,CyberCity_CentralSecurity_Tiles_1,Sandbags1,review_unknown_visually_promising,87,141,True,"[0, 0, 87, 141]",87,141,43.377,0.56623,0.617,False,False,False,E_REVIEW_UNKNOWN
CS_1098,res://assets/tilesets/cyber_city_core_tilesets/CyberCity_CentralSecurity_Tiles/CyberCity_CentralSecurity_Tiles_1/CyberCity_CentralSecurity_Tiles_1/Sandbags1_5.png,Sandbags1_5.png,CyberCity_CentralSecurity_Tiles_1/CyberCity_CentralSecurity_Tiles_1,CyberCity_CentralSecurity_Tiles_1,Sandbags1,review_unknown_visually_promising,140,130,True,"[0, 0, 140, 130]",140,130,55.863,0.44137,1.0769,False,False,False,E_REVIEW_UNKNOWN
CS_1099,res://assets/tilesets/cyber_city_core_tilesets/CyberCity_CentralSecurity_Tiles/CyberCity_CentralSecurity_Tiles_1/CyberCity_CentralSecurity_Tiles_1/Sandbags1_6.png,Sandbags1_6.png,CyberCity_CentralSecurity_Tiles_1/CyberCity_CentralSecurity_Tiles_1,CyberCity_CentralSecurity_Tiles_1,Sandbags1,review_unknown_visually_promising,162,111,True,"[0, 0, 162, 111]",162,111,53.843,0.46157,1.4595,False,False,False,E_REVIEW_UNKNOWN
CS_1100,res://assets/tilesets/cyber_city_core_tilesets/CyberCity_CentralSecurity_Tiles/CyberCity_CentralSecurity_Tiles_1/CyberCity_CentralSecurity_Tiles_1/Sandbags1_7.png,Sandbags1_7.png,CyberCity_CentralSecurity_Tiles_1/CyberCity_CentralSecurity_Tiles_1,CyberCity_CentralSecurity_Tiles_1,Sandbags1,review_unknown_visually_promising,156,113,True,"[0, 0, 156, 113]",156,113,58.606,0.41394,1.3805,False,False,False,E_REVIEW_UNKNOWN
CS_1101,res://assets/tilesets/cyber_city_core_tilesets/CyberCity_CentralSecurity_Tiles/CyberCity_CentralSecurity_Tiles_1/CyberCity_CentralSecurity_Tiles_1/Sandbags1_8.png,Sandbags1_8.png,CyberCity_CentralSecurity_Tiles_1/CyberCity_CentralSecurity_Tiles_1,CyberCity_CentralSecurity_Tiles_1,Sandbags1,review_unknown_visually_promising,138,121,True,"[0, 0, 138, 121]",138,121,57.384,0.42616,1.1405,False,False,False,E_REVIEW_UNKNOWN
CS_1102,res://assets/tilesets/cyber_city_core_tilesets/CyberCity_CentralSecurity_Tiles/CyberCity_CentralSecurity_Tiles_1/CyberCity_CentralSecurity_Tiles_1/Sandbags2_1.png,Sandbags2_1.png,CyberCity_CentralSecurity_Tiles_1/CyberCity_CentralSecurity_Tiles_1,CyberCity_CentralSecurity_Tiles_1,Sandbags2,review_unknown_visually_promising,122,44,True,"[0, 0, 122, 44]",122,44,23.435,0.76565,2.7727,False,False,False,E_REVIEW_UNKNOWN
CS_1103,res://assets/tilesets/cyber_city_core_tilesets/CyberCity_CentralSecurity_Tiles/CyberCity_CentralSecurity_Tiles_1/CyberCity_CentralSecurity_Tiles_1/Sandbags2_2.png,Sandbags2_2.png,CyberCity_CentralSecurity_Tiles_1/CyberCity_CentralSecurity_Tiles_1,CyberCity_CentralSecurity_Tiles_1,Sandbags2,review_unknown_visually_promising,47,102,True,"[0, 0, 47, 102]",47,102,25.177,0.74823,0.4608,False,False,False,E_REVIEW_UNKNOWN
CS_1104,res://assets/tilesets/cyber_city_core_tilesets/CyberCity_CentralSecurity_Tiles/CyberCity_CentralSecurity_Tiles_1/CyberCity_CentralSecurity_Tiles_1/Sandbags2_3.png,Sandbags2_3.png,CyberCity_CentralSecurity_Tiles_1/CyberCity_CentralSecurity_Tiles_1,CyberCity_CentralSecurity_Tiles_1,Sandbags2,review_unknown_visually_promising,121,48,True,"[0, 0, 121, 48]",121,48,30.079,0.69921,2.5208,False,False,False,E_REVIEW_UNKNOWN
CS_1105,res://assets/tilesets/cyber_city_core_tilesets/CyberCity_CentralSecurity_Tiles/CyberCity_CentralSecurity_Tiles_1/CyberCity_CentralSecurity_Tiles_1/Sandbags2_4.png,Sandbags2_4.png,CyberCity_CentralSecurity_Tiles_1/CyberCity_CentralSecurity_Tiles_1,CyberCity_CentralSecurity_Tiles_1,Sandbags2,review_unknown_visually_promising,44,91,True,"[0, 0, 44, 91]",44,91,19.78,0.8022,0.4835,False,False,False,E_REVIEW_UNKNOWN
CS_1106,res://assets/tilesets/cyber_city_core_tilesets/CyberCity_CentralSecurity_Tiles/CyberCity_CentralSecurity_Tiles_1/CyberCity_CentralSecurity_Tiles_1/Sandbags2_5.png,Sandbags2_5.png,CyberCity_CentralSecurity_Tiles_1/CyberCity_CentralSecurity_Tiles_1,CyberCity_CentralSecurity_Tiles_1,Sandbags2,review_unknown_visually_promising,106,88,True,"[0, 0, 106, 88]",106,88,57.997,0.42003,1.2045,False,False,False,E_REVIEW_UNKNOWN
CS_1107,res://assets/tilesets/cyber_city_core_tilesets/CyberCity_CentralSecurity_Tiles/CyberCity_CentralSecurity_Tiles_1/CyberCity_CentralSecurity_Tiles_1/Sandbags2_6.png,Sandbags2_6.png,CyberCity_CentralSecurity_Tiles_1/CyberCity_CentralSecurity_Tiles_1,CyberCity_CentralSecurity_Tiles_1,Sandbags2,review_unknown_visually_promising,103,78,True,"[0, 0, 103, 78]",103,78,53.361,0.46639,1.3205,False,False,False,E_REVIEW_UNKNOWN
CS_1108,res://assets/tilesets/cyber_city_core_tilesets/CyberCity_CentralSecurity_Tiles/CyberCity_CentralSecurity_Tiles_1/CyberCity_CentralSecurity_Tiles_1/Sandbags2_7.png,Sandbags2_7.png,CyberCity_CentralSecurity_Tiles_1/CyberCity_CentralSecurity_Tiles_1,CyberCity_CentralSecurity_Tiles_1,Sandbags2,review_unknown_visually_promising,100,88,True,"[0, 0, 100, 88]",100,88,55.489,0.44511,1.1364,False,False,False,E_REVIEW_UNKNOWN
CS_1109,res://assets/tilesets/cyber_city_core_tilesets/CyberCity_CentralSecurity_Tiles/CyberCity_CentralSecurity_Tiles_1/CyberCity_CentralSecurity_Tiles_1/Sandbags2_8.png,Sandbags2_8.png,CyberCity_CentralSecurity_Tiles_1/CyberCity_CentralSecurity_Tiles_1,CyberCity_CentralSecurity_Tiles_1,Sandbags2,review_unknown_visually_promising,103,75,True,"[0, 0, 103, 75]",103,75,52.104,0.47896,1.3733,False,False,False,E_REVIEW_UNKNOWN
CS_1110,res://assets/tilesets/cyber_city_core_tilesets/CyberCity_CentralSecurity_Tiles/CyberCity_CentralSecurity_Tiles_1/CyberCity_CentralSecurity_Tiles_1/Sandbags3_1.png,Sandbags3_1.png,CyberCity_CentralSecurity_Tiles_1/CyberCity_CentralSecurity_Tiles_1,CyberCity_CentralSecurity_Tiles_1,Sandbags3,review_unknown_visually_promising,178,53,True,"[0, 0, 178, 53]",178,53,30.856,0.69144,3.3585,False,False,False,E_REVIEW_UNKNOWN
CS_1111,res://assets/tilesets/cyber_city_core_tilesets/CyberCity_CentralSecurity_Tiles/CyberCity_CentralSecurity_Tiles_1/CyberCity_CentralSecurity_Tiles_1/Sandbags3_2.png,Sandbags3_2.png,CyberCity_CentralSecurity_Tiles_1/CyberCity_CentralSecurity_Tiles_1,CyberCity_CentralSecurity_Tiles_1,Sandbags3,review_unknown_visually_promising,47,129,True,"[0, 0, 47, 129]",47,129,22.052,0.77948,0.3643,False,False,False,E_REVIEW_UNKNOWN
CS_1112,res://assets/tilesets/cyber_city_core_tilesets/CyberCity_CentralSecurity_Tiles/CyberCity_CentralSecurity_Tiles_1/CyberCity_CentralSecurity_Tiles_1/Sandbags3_3.png,Sandbags3_3.png,CyberCity_CentralSecurity_Tiles_1/CyberCity_CentralSecurity_Tiles_1,CyberCity_CentralSecurity_Tiles_1,Sandbags3,review_unknown_visually_promising,180,47,True,"[0, 0, 180, 47]",180,47,27.53,0.7247,3.8298,False,False,False,E_REVIEW_UNKNOWN
CS_1113,res://assets/tilesets/cyber_city_core_tilesets/CyberCity_CentralSecurity_Tiles/CyberCity_CentralSecurity_Tiles_1/CyberCity_CentralSecurity_Tiles_1/Sandbags3_4.png,Sandbags3_4.png,CyberCity_CentralSecurity_Tiles_1/CyberCity_CentralSecurity_Tiles_1,CyberCity_CentralSecurity_Tiles_1,Sandbags3,review_unknown_visually_promising,47,140,True,"[0, 0, 47, 140]",47,140,20.517,0.79483,0.3357,False,False,False,E_REVIEW_UNKNOWN
CS_1114,res://assets/tilesets/cyber_city_core_tilesets/CyberCity_CentralSecurity_Tiles/CyberCity_CentralSecurity_Tiles_1/CyberCity_CentralSecurity_Tiles_1/Sandbags3_5.png,Sandbags3_5.png,CyberCity_CentralSecurity_Tiles_1/CyberCity_CentralSecurity_Tiles_1,CyberCity_CentralSecurity_Tiles_1,Sandbags3,review_unknown_visually_promising,143,107,True,"[0, 0, 143, 107]",143,107,61.297,0.38703,1.3364,False,False,False,E_REVIEW_UNKNOWN
CS_1115,res://assets/tilesets/cyber_city_core_tilesets/CyberCity_CentralSecurity_Tiles/CyberCity_CentralSecurity_Tiles_1/CyberCity_CentralSecurity_Tiles_1/Sandbags3_6.png,Sandbags3_6.png,CyberCity_CentralSecurity_Tiles_1/CyberCity_CentralSecurity_Tiles_1,CyberCity_CentralSecurity_Tiles_1,Sandbags3,review_unknown_visually_promising,142,119,True,"[0, 0, 142, 119]",142,119,64.227,0.35773,1.1933,False,False,False,E_REVIEW_UNKNOWN
CS_1116,res://assets/tilesets/cyber_city_core_tilesets/CyberCity_CentralSecurity_Tiles/CyberCity_CentralSecurity_Tiles_1/CyberCity_CentralSecurity_Tiles_1/Sandbags3_7.png,Sandbags3_7.png,CyberCity_CentralSecurity_Tiles_1/CyberCity_CentralSecurity_Tiles_1,CyberCity_CentralSecurity_Tiles_1,Sandbags3,review_unknown_visually_promising,143,104,True,"[0, 0, 143, 104]",143,104,63.441,0.36559,1.375,False,False,False,E_REVIEW_UNKNOWN
CS_1117,res://assets/tilesets/cyber_city_core_tilesets/CyberCity_CentralSecurity_Tiles/CyberCity_CentralSecurity_Tiles_1/CyberCity_CentralSecurity_Tiles_1/Sandbags3_8.png,Sandbags3_8.png,CyberCity_CentralSecurity_Tiles_1/CyberCity_CentralSecurity_Tiles_1,CyberCity_CentralSecurity_Tiles_1,Sandbags3,review_unknown_visually_promising,143,117,True,"[0, 0, 143, 117]",143,117,66.039,0.33961,1.2222,False,False,False,E_REVIEW_UNKNOWN
CS_1118,res://assets/tilesets/cyber_city_core_tilesets/CyberCity_CentralSecurity_Tiles/CyberCity_CentralSecurity_Tiles_1/CyberCity_CentralSecurity_Tiles_1/Sandbags4_1.png,Sandbags4_1.png,CyberCity_CentralSecurity_Tiles_1/CyberCity_CentralSecurity_Tiles_1,CyberCity_CentralSecurity_Tiles_1,Sandbags4,review_unknown_visually_promising,235,53,True,"[0, 0, 235, 53]",235,53,32.581,0.67419,4.434,False,False,False,E_REVIEW_UNKNOWN
CS_1119,res://assets/tilesets/cyber_city_core_tilesets/CyberCity_CentralSecurity_Tiles/CyberCity_CentralSecurity_Tiles_1/CyberCity_CentralSecurity_Tiles_1/Sandbags4_2.png,Sandbags4_2.png,CyberCity_CentralSecurity_Tiles_1/CyberCity_CentralSecurity_Tiles_1,CyberCity_CentralSecurity_Tiles_1,Sandbags4,review_unknown_visually_promising,68,168,True,"[0, 0, 68, 168]",68,168,44.582,0.55418,0.4048,False,False,False,E_REVIEW_UNKNOWN
CS_1120,res://assets/tilesets/cyber_city_core_tilesets/CyberCity_CentralSecurity_Tiles/CyberCity_CentralSecurity_Tiles_1/CyberCity_CentralSecurity_Tiles_1/Sandbags4_3.png,Sandbags4_3.png,CyberCity_CentralSecurity_Tiles_1/CyberCity_CentralSecurity_Tiles_1,CyberCity_CentralSecurity_Tiles_1,Sandbags4,review_unknown_visually_promising,232,66,True,"[0, 0, 232, 66]",232,66,47.309,0.52691,3.5152,False,False,False,E_REVIEW_UNKNOWN
CS_1121,res://assets/tilesets/cyber_city_core_tilesets/CyberCity_CentralSecurity_Tiles/CyberCity_CentralSecurity_Tiles_1/CyberCity_CentralSecurity_Tiles_1/Sandbags4_4.png,Sandbags4_4.png,CyberCity_CentralSecurity_Tiles_1/CyberCity_CentralSecurity_Tiles_1,CyberCity_CentralSecurity_Tiles_1,Sandbags4,review_unknown_visually_promising,66,172,True,"[0, 0, 66, 172]",66,172,43.155,0.56845,0.3837,False,False,False,E_REVIEW_UNKNOWN
CS_1122,res://assets/tilesets/cyber_city_core_tilesets/CyberCity_CentralSecurity_Tiles/CyberCity_CentralSecurity_Tiles_1/CyberCity_CentralSecurity_Tiles_1/Sandbags4_5.png,Sandbags4_5.png,CyberCity_CentralSecurity_Tiles_1/CyberCity_CentralSecurity_Tiles_1,CyberCity_CentralSecurity_Tiles_1,Sandbags4,review_unknown_visually_promising,162,140,True,"[0, 0, 162, 140]",162,140,66.777,0.33223,1.1571,False,False,False,E_REVIEW_UNKNOWN
CS_1123,res://assets/tilesets/cyber_city_core_tilesets/CyberCity_CentralSecurity_Tiles/CyberCity_CentralSecurity_Tiles_1/CyberCity_CentralSecurity_Tiles_1/Sandbags4_6.png,Sandbags4_6.png,CyberCity_CentralSecurity_Tiles_1/CyberCity_CentralSecurity_Tiles_1,CyberCity_CentralSecurity_Tiles_1,Sandbags4,review_unknown_visually_promising,190,122,True,"[0, 0, 190, 122]",190,122,66.644,0.33356,1.5574,False,False,False,E_REVIEW_UNKNOWN
CS_1124,res://assets/tilesets/cyber_city_core_tilesets/CyberCity_CentralSecurity_Tiles/CyberCity_CentralSecurity_Tiles_1/CyberCity_CentralSecurity_Tiles_1/Sandbags4_7.png,Sandbags4_7.png,CyberCity_CentralSecurity_Tiles_1/CyberCity_CentralSecurity_Tiles_1,CyberCity_CentralSecurity_Tiles_1,Sandbags4,review_unknown_visually_promising,190,122,True,"[0, 0, 190, 122]",190,122,68.231,0.31769,1.5574,False,False,False,E_REVIEW_UNKNOWN
CS_1125,res://assets/tilesets/cyber_city_core_tilesets/CyberCity_CentralSecurity_Tiles/CyberCity_CentralSecurity_Tiles_1/CyberCity_CentralSecurity_Tiles_1/Sandbags4_8.png,Sandbags4_8.png,CyberCity_CentralSecurity_Tiles_1/CyberCity_CentralSecurity_Tiles_1,CyberCity_CentralSecurity_Tiles_1,Sandbags4,review_unknown_visually_promising,165,140,True,"[0, 0, 165, 140]",165,140,68.576,0.31424,1.1786,False,False,False,E_REVIEW_UNKNOWN
CS_1126,res://assets/tilesets/cyber_city_core_tilesets/CyberCity_CentralSecurity_Tiles/CyberCity_CentralSecurity_Tiles_1/CyberCity_CentralSecurity_Tiles_1/Sandbags5_1.png,Sandbags5_1.png,CyberCity_CentralSecurity_Tiles_1/CyberCity_CentralSecurity_Tiles_1,CyberCity_CentralSecurity_Tiles_1,Sandbags5,review_unknown_visually_promising,280,74,True,"[0, 0, 280, 74]",280,74,45.053,0.54947,3.7838,False,False,False,E_REVIEW_UNKNOWN
CS_1127,res://assets/tilesets/cyber_city_core_tilesets/CyberCity_CentralSecurity_Tiles/CyberCity_CentralSecurity_Tiles_1/CyberCity_CentralSecurity_Tiles_1/Sandbags5_2.png,Sandbags5_2.png,CyberCity_CentralSecurity_Tiles_1/CyberCity_CentralSecurity_Tiles_1,CyberCity_CentralSecurity_Tiles_1,Sandbags5,review_unknown_visually_promising,90,209,True,"[0, 0, 90, 209]",90,209,54.338,0.45662,0.4306,False,False,False,E_REVIEW_UNKNOWN
CS_1128,res://assets/tilesets/cyber_city_core_tilesets/CyberCity_CentralSecurity_Tiles/CyberCity_CentralSecurity_Tiles_1/CyberCity_CentralSecurity_Tiles_1/Sandbags5_3.png,Sandbags5_3.png,CyberCity_CentralSecurity_Tiles_1/CyberCity_CentralSecurity_Tiles_1,CyberCity_CentralSecurity_Tiles_1,Sandbags5,review_unknown_visually_promising,283,79,True,"[0, 0, 283, 79]",283,79,50.995,0.49005,3.5823,False,False,False,E_REVIEW_UNKNOWN
CS_1129,res://assets/tilesets/cyber_city_core_tilesets/CyberCity_CentralSecurity_Tiles/CyberCity_CentralSecurity_Tiles_1/CyberCity_CentralSecurity_Tiles_1/Sandbags5_4.png,Sandbags5_4.png,CyberCity_CentralSecurity_Tiles_1/CyberCity_CentralSecurity_Tiles_1,CyberCity_CentralSecurity_Tiles_1,Sandbags5,review_unknown_visually_promising,87,205,True,"[0, 0, 87, 205]",87,205,51.562,0.48438,0.4244,False,False,False,E_REVIEW_UNKNOWN
CS_1130,res://assets/tilesets/cyber_city_core_tilesets/CyberCity_CentralSecurity_Tiles/CyberCity_CentralSecurity_Tiles_1/CyberCity_CentralSecurity_Tiles_1/Sandbags5_5.png,Sandbags5_5.png,CyberCity_CentralSecurity_Tiles_1/CyberCity_CentralSecurity_Tiles_1,CyberCity_CentralSecurity_Tiles_1,Sandbags5,review_unknown_visually_promising,203,167,True,"[0, 0, 203, 167]",203,167,70.269,0.29731,1.2156,False,False,False,E_REVIEW_UNKNOWN
CS_1131,res://assets/tilesets/cyber_city_core_tilesets/CyberCity_CentralSecurity_Tiles/CyberCity_CentralSecurity_Tiles_1/CyberCity_CentralSecurity_Tiles_1/Sandbags5_6.png,Sandbags5_6.png,CyberCity_CentralSecurity_Tiles_1/CyberCity_CentralSecurity_Tiles_1,CyberCity_CentralSecurity_Tiles_1,Sandbags5,review_unknown_visually_promising,219,147,True,"[0, 0, 219, 147]",219,147,67.555,0.32445,1.4898,False,False,False,E_REVIEW_UNKNOWN
CS_1132,res://assets/tilesets/cyber_city_core_tilesets/CyberCity_CentralSecurity_Tiles/CyberCity_CentralSecurity_Tiles_1/CyberCity_CentralSecurity_Tiles_1/Sandbags5_7.png,Sandbags5_7.png,CyberCity_CentralSecurity_Tiles_1/CyberCity_CentralSecurity_Tiles_1,CyberCity_CentralSecurity_Tiles_1,Sandbags5,review_unknown_visually_promising,218,157,True,"[0, 0, 218, 157]",218,157,70.733,0.29267,1.3885,False,False,False,E_REVIEW_UNKNOWN
CS_1133,res://assets/tilesets/cyber_city_core_tilesets/CyberCity_CentralSecurity_Tiles/CyberCity_CentralSecurity_Tiles_1/CyberCity_CentralSecurity_Tiles_1/Sandbags5_8.png,Sandbags5_8.png,CyberCity_CentralSecurity_Tiles_1/CyberCity_CentralSecurity_Tiles_1,CyberCity_CentralSecurity_Tiles_1,Sandbags5,review_unknown_visually_promising,200,159,True,"[0, 0, 200, 159]",200,159,70.057,0.29943,1.2579,False,False,False,E_REVIEW_UNKNOWN
CS_1134,res://assets/tilesets/cyber_city_core_tilesets/CyberCity_CentralSecurity_Tiles/CyberCity_CentralSecurity_Tiles_1/CyberCity_CentralSecurity_Tiles_1/SecurityCart1_1.png,SecurityCart1_1.png,CyberCity_CentralSecurity_Tiles_1/CyberCity_CentralSecurity_Tiles_1,CyberCity_CentralSecurity_Tiles_1,SecurityCart1,review_unknown_visually_promising,118,94,True,"[0, 0, 118, 94]",118,94,17.986,0.82014,1.2553,False,False,False,E_REVIEW_UNKNOWN
CS_1135,res://assets/tilesets/cyber_city_core_tilesets/CyberCity_CentralSecurity_Tiles/CyberCity_CentralSecurity_Tiles_1/CyberCity_CentralSecurity_Tiles_1/SecurityCart1_2.png,SecurityCart1_2.png,CyberCity_CentralSecurity_Tiles_1/CyberCity_CentralSecurity_Tiles_1,CyberCity_CentralSecurity_Tiles_1,SecurityCart1,review_unknown_visually_promising,84,114,True,"[0, 0, 84, 114]",84,114,18.922,0.81078,0.7368,False,False,False,E_REVIEW_UNKNOWN
CS_1136,res://assets/tilesets/cyber_city_core_tilesets/CyberCity_CentralSecurity_Tiles/CyberCity_CentralSecurity_Tiles_1/CyberCity_CentralSecurity_Tiles_1/SecurityCart1_3.png,SecurityCart1_3.png,CyberCity_CentralSecurity_Tiles_1/CyberCity_CentralSecurity_Tiles_1,CyberCity_CentralSecurity_Tiles_1,SecurityCart1,review_unknown_visually_promising,121,119,True,"[0, 0, 121, 119]",121,119,39.426,0.60574,1.0168,False,False,False,E_REVIEW_UNKNOWN
CS_1137,res://assets/tilesets/cyber_city_core_tilesets/CyberCity_CentralSecurity_Tiles/CyberCity_CentralSecurity_Tiles_1/CyberCity_CentralSecurity_Tiles_1/SecurityCart1_4.png,SecurityCart1_4.png,CyberCity_CentralSecurity_Tiles_1/CyberCity_CentralSecurity_Tiles_1,CyberCity_CentralSecurity_Tiles_1,SecurityCart1,review_unknown_visually_promising,121,117,True,"[0, 0, 121, 117]",121,117,38.822,0.61178,1.0342,False,False,False,E_REVIEW_UNKNOWN
CS_1138,res://assets/tilesets/cyber_city_core_tilesets/CyberCity_CentralSecurity_Tiles/CyberCity_CentralSecurity_Tiles_1/CyberCity_CentralSecurity_Tiles_1/SecurityCart2_1.png,SecurityCart2_1.png,CyberCity_CentralSecurity_Tiles_1/CyberCity_CentralSecurity_Tiles_1,CyberCity_CentralSecurity_Tiles_1,SecurityCart2,review_unknown_visually_promising,118,94,True,"[0, 0, 118, 94]",118,94,17.986,0.82014,1.2553,False,False,False,E_REVIEW_UNKNOWN
CS_1139,res://assets/tilesets/cyber_city_core_tilesets/CyberCity_CentralSecurity_Tiles/CyberCity_CentralSecurity_Tiles_1/CyberCity_CentralSecurity_Tiles_1/SecurityCart2_2.png,SecurityCart2_2.png,CyberCity_CentralSecurity_Tiles_1/CyberCity_CentralSecurity_Tiles_1,CyberCity_CentralSecurity_Tiles_1,SecurityCart2,review_unknown_visually_promising,84,114,True,"[0, 0, 84, 114]",84,114,18.922,0.81078,0.7368,False,False,False,E_REVIEW_UNKNOWN
CS_1140,res://assets/tilesets/cyber_city_core_tilesets/CyberCity_CentralSecurity_Tiles/CyberCity_CentralSecurity_Tiles_1/CyberCity_CentralSecurity_Tiles_1/SecurityCart2_3.png,SecurityCart2_3.png,CyberCity_CentralSecurity_Tiles_1/CyberCity_CentralSecurity_Tiles_1,CyberCity_CentralSecurity_Tiles_1,SecurityCart2,review_unknown_visually_promising,118,94,True,"[0, 0, 118, 94]",118,94,17.986,0.82014,1.2553,False,False,False,E_REVIEW_UNKNOWN
CS_1141,res://assets/tilesets/cyber_city_core_tilesets/CyberCity_CentralSecurity_Tiles/CyberCity_CentralSecurity_Tiles_1/CyberCity_CentralSecurity_Tiles_1/SecurityCart2_4.png,SecurityCart2_4.png,CyberCity_CentralSecurity_Tiles_1/CyberCity_CentralSecurity_Tiles_1,CyberCity_CentralSecurity_Tiles_1,SecurityCart2,review_unknown_visually_promising,84,114,True,"[0, 0, 84, 114]",84,114,18.922,0.81078,0.7368,False,False,False,E_REVIEW_UNKNOWN
CS_1142,res://assets/tilesets/cyber_city_core_tilesets/CyberCity_CentralSecurity_Tiles/CyberCity_CentralSecurity_Tiles_1/CyberCity_CentralSecurity_Tiles_1/SecurityCart2_5.png,SecurityCart2_5.png,CyberCity_CentralSecurity_Tiles_1/CyberCity_CentralSecurity_Tiles_1,CyberCity_CentralSecurity_Tiles_1,SecurityCart2,review_unknown_visually_promising,121,119,True,"[0, 0, 121, 119]",121,119,39.426,0.60574,1.0168,False,False,False,E_REVIEW_UNKNOWN
CS_1143,res://assets/tilesets/cyber_city_core_tilesets/CyberCity_CentralSecurity_Tiles/CyberCity_CentralSecurity_Tiles_1/CyberCity_CentralSecurity_Tiles_1/SecurityCart2_6.png,SecurityCart2_6.png,CyberCity_CentralSecurity_Tiles_1/CyberCity_CentralSecurity_Tiles_1,CyberCity_CentralSecurity_Tiles_1,SecurityCart2,review_unknown_visually_promising,121,117,True,"[0, 0, 121, 117]",121,117,38.822,0.61178,1.0342,False,False,False,E_REVIEW_UNKNOWN
CS_1144,res://assets/tilesets/cyber_city_core_tilesets/CyberCity_CentralSecurity_Tiles/CyberCity_CentralSecurity_Tiles_1/CyberCity_CentralSecurity_Tiles_1/SecurityCart2_7.png,SecurityCart2_7.png,CyberCity_CentralSecurity_Tiles_1/CyberCity_CentralSecurity_Tiles_1,CyberCity_CentralSecurity_Tiles_1,SecurityCart2,review_unknown_visually_promising,121,117,True,"[0, 0, 121, 117]",121,117,38.822,0.61178,1.0342,False,False,False,E_REVIEW_UNKNOWN
CS_1145,res://assets/tilesets/cyber_city_core_tilesets/CyberCity_CentralSecurity_Tiles/CyberCity_CentralSecurity_Tiles_1/CyberCity_CentralSecurity_Tiles_1/SecurityCart2_8.png,SecurityCart2_8.png,CyberCity_CentralSecurity_Tiles_1/CyberCity_CentralSecurity_Tiles_1,CyberCity_CentralSecurity_Tiles_1,SecurityCart2,review_unknown_visually_promising,121,119,True,"[0, 0, 121, 119]",121,119,39.426,0.60574,1.0168,False,False,False,E_REVIEW_UNKNOWN
CS_1146,res://assets/tilesets/cyber_city_core_tilesets/CyberCity_CentralSecurity_Tiles/CyberCity_CentralSecurity_Tiles_1/CyberCity_CentralSecurity_Tiles_1/SecurityScanner1_1.png,SecurityScanner1_1.png,CyberCity_CentralSecurity_Tiles_1/CyberCity_CentralSecurity_Tiles_1,CyberCity_CentralSecurity_Tiles_1,SecurityScanner1,prop_sign_tech,362,333,True,"[0, 0, 362, 333]",362,333,38.005,0.61995,1.0871,False,False,False,D_PROP_SIGN_TECH
CS_1147,res://assets/tilesets/cyber_city_core_tilesets/CyberCity_CentralSecurity_Tiles/CyberCity_CentralSecurity_Tiles_1/CyberCity_CentralSecurity_Tiles_1/SecurityScanner1_2.png,SecurityScanner1_2.png,CyberCity_CentralSecurity_Tiles_1/CyberCity_CentralSecurity_Tiles_1,CyberCity_CentralSecurity_Tiles_1,SecurityScanner1,prop_sign_tech,376,310,True,"[0, 0, 376, 310]",376,310,42.892,0.57108,1.2129,False,False,False,D_PROP_SIGN_TECH
CS_1148,res://assets/tilesets/cyber_city_core_tilesets/CyberCity_CentralSecurity_Tiles/CyberCity_CentralSecurity_Tiles_1/CyberCity_CentralSecurity_Tiles_1/SecurityScanner1_3.png,SecurityScanner1_3.png,CyberCity_CentralSecurity_Tiles_1/CyberCity_CentralSecurity_Tiles_1,CyberCity_CentralSecurity_Tiles_1,SecurityScanner1,prop_sign_tech,363,333,True,"[0, 0, 363, 333]",363,333,38.224,0.61776,1.0901,False,False,False,D_PROP_SIGN_TECH
CS_1149,res://assets/tilesets/cyber_city_core_tilesets/CyberCity_CentralSecurity_Tiles/CyberCity_CentralSecurity_Tiles_1/CyberCity_CentralSecurity_Tiles_1/SecurityScanner1_4.png,SecurityScanner1_4.png,CyberCity_CentralSecurity_Tiles_1/CyberCity_CentralSecurity_Tiles_1,CyberCity_CentralSecurity_Tiles_1,SecurityScanner1,prop_sign_tech,376,306,True,"[0, 0, 376, 306]",376,306,42.104,0.57896,1.2288,False,False,False,D_PROP_SIGN_TECH
CS_1150,res://assets/tilesets/cyber_city_core_tilesets/CyberCity_CentralSecurity_Tiles/CyberCity_CentralSecurity_Tiles_1/CyberCity_CentralSecurity_Tiles_1/SecurityScanner1_5.png,SecurityScanner1_5.png,CyberCity_CentralSecurity_Tiles_1/CyberCity_CentralSecurity_Tiles_1,CyberCity_CentralSecurity_Tiles_1,SecurityScanner1,prop_sign_tech,351,330,True,"[0, 0, 351, 330]",351,330,37.801,0.62199,1.0636,False,False,False,D_PROP_SIGN_TECH
CS_1151,res://assets/tilesets/cyber_city_core_tilesets/CyberCity_CentralSecurity_Tiles/CyberCity_CentralSecurity_Tiles_1/CyberCity_CentralSecurity_Tiles_1/SecurityScanner1_6.png,SecurityScanner1_6.png,CyberCity_CentralSecurity_Tiles_1/CyberCity_CentralSecurity_Tiles_1,CyberCity_CentralSecurity_Tiles_1,SecurityScanner1,prop_sign_tech,351,330,True,"[0, 0, 351, 330]",351,330,37.806,0.62194,1.0636,False,False,False,D_PROP_SIGN_TECH
CS_1152,res://assets/tilesets/cyber_city_core_tilesets/CyberCity_CentralSecurity_Tiles/CyberCity_CentralSecurity_Tiles_1/CyberCity_CentralSecurity_Tiles_1/SecurityScanner1_7.png,SecurityScanner1_7.png,CyberCity_CentralSecurity_Tiles_1/CyberCity_CentralSecurity_Tiles_1,CyberCity_CentralSecurity_Tiles_1,SecurityScanner1,prop_sign_tech,357,330,True,"[0, 0, 357, 330]",357,330,38.84,0.6116,1.0818,False,False,False,D_PROP_SIGN_TECH
CS_1153,res://assets/tilesets/cyber_city_core_tilesets/CyberCity_CentralSecurity_Tiles/CyberCity_CentralSecurity_Tiles_1/CyberCity_CentralSecurity_Tiles_1/SecurityScanner1_8.png,SecurityScanner1_8.png,CyberCity_CentralSecurity_Tiles_1/CyberCity_CentralSecurity_Tiles_1,CyberCity_CentralSecurity_Tiles_1,SecurityScanner1,prop_sign_tech,358,330,True,"[0, 0, 358, 330]",358,330,39.038,0.60962,1.0848,False,False,False,D_PROP_SIGN_TECH
CS_1154,res://assets/tilesets/cyber_city_core_tilesets/CyberCity_CentralSecurity_Tiles/CyberCity_CentralSecurity_Tiles_1/CyberCity_CentralSecurity_Tiles_1/Sign1_1.png,Sign1_1.png,CyberCity_CentralSecurity_Tiles_1/CyberCity_CentralSecurity_Tiles_1,CyberCity_CentralSecurity_Tiles_1,Sign1,prop_sign_tech,65,94,True,"[0, 0, 65, 94]",65,94,43.944,0.56056,0.6915,False,False,False,D_PROP_SIGN_TECH
CS_1155,res://assets/tilesets/cyber_city_core_tilesets/CyberCity_CentralSecurity_Tiles/CyberCity_CentralSecurity_Tiles_1/CyberCity_CentralSecurity_Tiles_1/Sign1_2.png,Sign1_2.png,CyberCity_CentralSecurity_Tiles_1/CyberCity_CentralSecurity_Tiles_1,CyberCity_CentralSecurity_Tiles_1,Sign1,prop_sign_tech,38,100,True,"[0, 0, 38, 100]",38,100,62.605,0.37395,0.38,False,False,False,D_PROP_SIGN_TECH
CS_1156,res://assets/tilesets/cyber_city_core_tilesets/CyberCity_CentralSecurity_Tiles/CyberCity_CentralSecurity_Tiles_1/CyberCity_CentralSecurity_Tiles_1/Sign1_3.png,Sign1_3.png,CyberCity_CentralSecurity_Tiles_1/CyberCity_CentralSecurity_Tiles_1,CyberCity_CentralSecurity_Tiles_1,Sign1,prop_sign_tech,67,98,True,"[0, 0, 67, 98]",67,98,45.842,0.54158,0.6837,False,False,False,D_PROP_SIGN_TECH
CS_1157,res://assets/tilesets/cyber_city_core_tilesets/CyberCity_CentralSecurity_Tiles/CyberCity_CentralSecurity_Tiles_1/CyberCity_CentralSecurity_Tiles_1/Sign1_4.png,Sign1_4.png,CyberCity_CentralSecurity_Tiles_1/CyberCity_CentralSecurity_Tiles_1,CyberCity_CentralSecurity_Tiles_1,Sign1,prop_sign_tech,38,112,True,"[0, 0, 38, 112]",38,112,64.45,0.3555,0.3393,False,False,False,D_PROP_SIGN_TECH
CS_1158,res://assets/tilesets/cyber_city_core_tilesets/CyberCity_CentralSecurity_Tiles/CyberCity_CentralSecurity_Tiles_1/CyberCity_CentralSecurity_Tiles_1/Sign1_5.png,Sign1_5.png,CyberCity_CentralSecurity_Tiles_1/CyberCity_CentralSecurity_Tiles_1,CyberCity_CentralSecurity_Tiles_1,Sign1,prop_sign_tech,58,96,True,"[0, 0, 58, 96]",58,96,54.508,0.45492,0.6042,False,False,False,D_PROP_SIGN_TECH
CS_1159,res://assets/tilesets/cyber_city_core_tilesets/CyberCity_CentralSecurity_Tiles/CyberCity_CentralSecurity_Tiles_1/CyberCity_CentralSecurity_Tiles_1/Sign1_6.png,Sign1_6.png,CyberCity_CentralSecurity_Tiles_1/CyberCity_CentralSecurity_Tiles_1,CyberCity_CentralSecurity_Tiles_1,Sign1,prop_sign_tech,59,108,True,"[0, 0, 59, 108]",59,108,54.19,0.4581,0.5463,False,False,False,D_PROP_SIGN_TECH
CS_1160,res://assets/tilesets/cyber_city_core_tilesets/CyberCity_CentralSecurity_Tiles/CyberCity_CentralSecurity_Tiles_1/CyberCity_CentralSecurity_Tiles_1/Sign1_7.png,Sign1_7.png,CyberCity_CentralSecurity_Tiles_1/CyberCity_CentralSecurity_Tiles_1,CyberCity_CentralSecurity_Tiles_1,Sign1,prop_sign_tech,58,97,True,"[0, 0, 58, 97]",58,97,45.699,0.54301,0.5979,False,False,False,D_PROP_SIGN_TECH
CS_1161,res://assets/tilesets/cyber_city_core_tilesets/CyberCity_CentralSecurity_Tiles/CyberCity_CentralSecurity_Tiles_1/CyberCity_CentralSecurity_Tiles_1/Sign1_8.png,Sign1_8.png,CyberCity_CentralSecurity_Tiles_1/CyberCity_CentralSecurity_Tiles_1,CyberCity_CentralSecurity_Tiles_1,Sign1,prop_sign_tech,58,108,True,"[0, 0, 58, 108]",58,108,57.04,0.4296,0.537,False,False,False,D_PROP_SIGN_TECH
CS_1162,res://assets/tilesets/cyber_city_core_tilesets/CyberCity_CentralSecurity_Tiles/CyberCity_CentralSecurity_Tiles_1/CyberCity_CentralSecurity_Tiles_1/Sign2_1.png,Sign2_1.png,CyberCity_CentralSecurity_Tiles_1/CyberCity_CentralSecurity_Tiles_1,CyberCity_CentralSecurity_Tiles_1,Sign2,prop_sign_tech,64,92,True,"[0, 0, 64, 92]",64,92,35.309,0.64691,0.6957,False,False,False,D_PROP_SIGN_TECH
CS_1163,res://assets/tilesets/cyber_city_core_tilesets/CyberCity_CentralSecurity_Tiles/CyberCity_CentralSecurity_Tiles_1/CyberCity_CentralSecurity_Tiles_1/Sign2_2.png,Sign2_2.png,CyberCity_CentralSecurity_Tiles_1/CyberCity_CentralSecurity_Tiles_1,CyberCity_CentralSecurity_Tiles_1,Sign2,prop_sign_tech,34,108,True,"[0, 0, 34, 108]",34,108,62.99,0.3701,0.3148,False,False,False,D_PROP_SIGN_TECH
CS_1164,res://assets/tilesets/cyber_city_core_tilesets/CyberCity_CentralSecurity_Tiles/CyberCity_CentralSecurity_Tiles_1/CyberCity_CentralSecurity_Tiles_1/Sign2_3.png,Sign2_3.png,CyberCity_CentralSecurity_Tiles_1/CyberCity_CentralSecurity_Tiles_1,CyberCity_CentralSecurity_Tiles_1,Sign2,prop_sign_tech,65,90,True,"[0, 0, 65, 90]",65,90,34.923,0.65077,0.7222,False,False,False,D_PROP_SIGN_TECH
CS_1165,res://assets/tilesets/cyber_city_core_tilesets/CyberCity_CentralSecurity_Tiles/CyberCity_CentralSecurity_Tiles_1/CyberCity_CentralSecurity_Tiles_1/Sign2_4.png,Sign2_4.png,CyberCity_CentralSecurity_Tiles_1/CyberCity_CentralSecurity_Tiles_1,CyberCity_CentralSecurity_Tiles_1,Sign2,prop_sign_tech,35,109,True,"[0, 0, 35, 109]",35,109,64.43,0.3557,0.3211,False,False,False,D_PROP_SIGN_TECH
CS_1166,res://assets/tilesets/cyber_city_core_tilesets/CyberCity_CentralSecurity_Tiles/CyberCity_CentralSecurity_Tiles_1/CyberCity_CentralSecurity_Tiles_1/Sign2_5.png,Sign2_5.png,CyberCity_CentralSecurity_Tiles_1/CyberCity_CentralSecurity_Tiles_1,CyberCity_CentralSecurity_Tiles_1,Sign2,prop_sign_tech,53,102,True,"[0, 0, 53, 102]",53,102,48.169,0.51831,0.5196,False,False,False,D_PROP_SIGN_TECH
CS_1167,res://assets/tilesets/cyber_city_core_tilesets/CyberCity_CentralSecurity_Tiles/CyberCity_CentralSecurity_Tiles_1/CyberCity_CentralSecurity_Tiles_1/Sign2_6.png,Sign2_6.png,CyberCity_CentralSecurity_Tiles_1/CyberCity_CentralSecurity_Tiles_1,CyberCity_CentralSecurity_Tiles_1,Sign2,prop_sign_tech,55,103,True,"[0, 0, 55, 103]",55,103,43.495,0.56505,0.534,False,False,False,D_PROP_SIGN_TECH
CS_1168,res://assets/tilesets/cyber_city_core_tilesets/CyberCity_CentralSecurity_Tiles/CyberCity_CentralSecurity_Tiles_1/CyberCity_CentralSecurity_Tiles_1/Sign2_7.png,Sign2_7.png,CyberCity_CentralSecurity_Tiles_1/CyberCity_CentralSecurity_Tiles_1,CyberCity_CentralSecurity_Tiles_1,Sign2,prop_sign_tech,56,103,True,"[0, 0, 56, 103]",56,103,44.487,0.55513,0.5437,False,False,False,D_PROP_SIGN_TECH
CS_1169,res://assets/tilesets/cyber_city_core_tilesets/CyberCity_CentralSecurity_Tiles/CyberCity_CentralSecurity_Tiles_1/CyberCity_CentralSecurity_Tiles_1/Sign2_8.png,Sign2_8.png,CyberCity_CentralSecurity_Tiles_1/CyberCity_CentralSecurity_Tiles_1,CyberCity_CentralSecurity_Tiles_1,Sign2,prop_sign_tech,54,102,True,"[0, 0, 54, 102]",54,102,48.893,0.51107,0.5294,False,False,False,D_PROP_SIGN_TECH
CS_1170,res://assets/tilesets/cyber_city_core_tilesets/CyberCity_CentralSecurity_Tiles/CyberCity_CentralSecurity_Tiles_1/CyberCity_CentralSecurity_Tiles_1/Sign3_1.png,Sign3_1.png,CyberCity_CentralSecurity_Tiles_1/CyberCity_CentralSecurity_Tiles_1,CyberCity_CentralSecurity_Tiles_1,Sign3,prop_sign_tech,150,36,True,"[0, 0, 150, 36]",150,36,34.667,0.65333,4.1667,False,False,False,D_PROP_SIGN_TECH
CS_1171,res://assets/tilesets/cyber_city_core_tilesets/CyberCity_CentralSecurity_Tiles/CyberCity_CentralSecurity_Tiles_1/CyberCity_CentralSecurity_Tiles_1/Sign3_2.png,Sign3_2.png,CyberCity_CentralSecurity_Tiles_1/CyberCity_CentralSecurity_Tiles_1,CyberCity_CentralSecurity_Tiles_1,Sign3,prop_sign_tech,9,126,True,"[0, 0, 9, 126]",9,126,50.794,0.49206,0.0714,False,False,True,D_PROP_SIGN_TECH
CS_1172,res://assets/tilesets/cyber_city_core_tilesets/CyberCity_CentralSecurity_Tiles/CyberCity_CentralSecurity_Tiles_1/CyberCity_CentralSecurity_Tiles_1/Sign3_3.png,Sign3_3.png,CyberCity_CentralSecurity_Tiles_1/CyberCity_CentralSecurity_Tiles_1,CyberCity_CentralSecurity_Tiles_1,Sign3,prop_sign_tech,153,38,True,"[0, 0, 153, 38]",153,38,38.665,0.61335,4.0263,False,False,False,D_PROP_SIGN_TECH
CS_1173,res://assets/tilesets/cyber_city_core_tilesets/CyberCity_CentralSecurity_Tiles/CyberCity_CentralSecurity_Tiles_1/CyberCity_CentralSecurity_Tiles_1/Sign3_4.png,Sign3_4.png,CyberCity_CentralSecurity_Tiles_1/CyberCity_CentralSecurity_Tiles_1,CyberCity_CentralSecurity_Tiles_1,Sign3,prop_sign_tech,15,125,True,"[0, 0, 15, 125]",15,125,69.493,0.30507,0.12,False,False,True,D_PROP_SIGN_TECH
CS_1174,res://assets/tilesets/cyber_city_core_tilesets/CyberCity_CentralSecurity_Tiles/CyberCity_CentralSecurity_Tiles_1/CyberCity_CentralSecurity_Tiles_1/Sign3_5.png,Sign3_5.png,CyberCity_CentralSecurity_Tiles_1/CyberCity_CentralSecurity_Tiles_1,CyberCity_CentralSecurity_Tiles_1,Sign3,prop_sign_tech,113,101,True,"[0, 0, 113, 101]",113,101,76.614,0.23386,1.1188,False,False,False,D_PROP_SIGN_TECH
CS_1175,res://assets/tilesets/cyber_city_core_tilesets/CyberCity_CentralSecurity_Tiles/CyberCity_CentralSecurity_Tiles_1/CyberCity_CentralSecurity_Tiles_1/Sign3_6.png,Sign3_6.png,CyberCity_CentralSecurity_Tiles_1/CyberCity_CentralSecurity_Tiles_1,CyberCity_CentralSecurity_Tiles_1,Sign3,prop_sign_tech,111,103,True,"[0, 0, 111, 103]",111,103,76.533,0.23467,1.0777,False,False,False,D_PROP_SIGN_TECH
CS_1176,res://assets/tilesets/cyber_city_core_tilesets/CyberCity_CentralSecurity_Tiles/CyberCity_CentralSecurity_Tiles_1/CyberCity_CentralSecurity_Tiles_1/Sign3_7.png,Sign3_7.png,CyberCity_CentralSecurity_Tiles_1/CyberCity_CentralSecurity_Tiles_1,CyberCity_CentralSecurity_Tiles_1,Sign3,prop_sign_tech,113,99,True,"[0, 0, 113, 99]",113,99,76.008,0.23992,1.1414,False,False,False,D_PROP_SIGN_TECH
CS_1177,res://assets/tilesets/cyber_city_core_tilesets/CyberCity_CentralSecurity_Tiles/CyberCity_CentralSecurity_Tiles_1/CyberCity_CentralSecurity_Tiles_1/Sign3_8.png,Sign3_8.png,CyberCity_CentralSecurity_Tiles_1/CyberCity_CentralSecurity_Tiles_1,CyberCity_CentralSecurity_Tiles_1,Sign3,prop_sign_tech,113,99,True,"[0, 0, 113, 99]",113,99,75.99,0.2401,1.1414,False,False,False,D_PROP_SIGN_TECH
CS_1178,res://assets/tilesets/cyber_city_core_tilesets/CyberCity_CentralSecurity_Tiles/CyberCity_CentralSecurity_Tiles_1/CyberCity_CentralSecurity_Tiles_1/Sign4_1.png,Sign4_1.png,CyberCity_CentralSecurity_Tiles_1/CyberCity_CentralSecurity_Tiles_1,CyberCity_CentralSecurity_Tiles_1,Sign4,prop_sign_tech,115,65,True,"[0, 0, 115, 65]",115,65,58.836,0.41164,1.7692,False,False,False,D_PROP_SIGN_TECH
CS_1179,res://assets/tilesets/cyber_city_core_tilesets/CyberCity_CentralSecurity_Tiles/CyberCity_CentralSecurity_Tiles_1/CyberCity_CentralSecurity_Tiles_1/Sign4_2.png,Sign4_2.png,CyberCity_CentralSecurity_Tiles_1/CyberCity_CentralSecurity_Tiles_1,CyberCity_CentralSecurity_Tiles_1,Sign4,prop_sign_tech,77,96,True,"[0, 0, 77, 96]",77,96,58.861,0.41139,0.8021,False,False,False,D_PROP_SIGN_TECH
CS_1180,res://assets/tilesets/cyber_city_core_tilesets/CyberCity_CentralSecurity_Tiles/CyberCity_CentralSecurity_Tiles_1/CyberCity_CentralSecurity_Tiles_1/Sign4_3.png,Sign4_3.png,CyberCity_CentralSecurity_Tiles_1/CyberCity_CentralSecurity_Tiles_1,CyberCity_CentralSecurity_Tiles_1,Sign4,prop_sign_tech,116,73,True,"[0, 0, 116, 73]",116,73,51.393,0.48607,1.589,False,False,False,D_PROP_SIGN_TECH
CS_1181,res://assets/tilesets/cyber_city_core_tilesets/CyberCity_CentralSecurity_Tiles/CyberCity_CentralSecurity_Tiles_1/CyberCity_CentralSecurity_Tiles_1/Sign4_4.png,Sign4_4.png,CyberCity_CentralSecurity_Tiles_1/CyberCity_CentralSecurity_Tiles_1,CyberCity_CentralSecurity_Tiles_1,Sign4,prop_sign_tech,78,93,True,"[0, 0, 78, 93]",78,93,69.617,0.30383,0.8387,False,False,False,D_PROP_SIGN_TECH
CS_1182,res://assets/tilesets/cyber_city_core_tilesets/CyberCity_CentralSecurity_Tiles/CyberCity_CentralSecurity_Tiles_1/CyberCity_CentralSecurity_Tiles_1/Sign4_5.png,Sign4_5.png,CyberCity_CentralSecurity_Tiles_1/CyberCity_CentralSecurity_Tiles_1,CyberCity_CentralSecurity_Tiles_1,Sign4,prop_sign_tech,64,104,True,"[0, 0, 64, 104]",64,104,67.142,0.32858,0.6154,False,False,False,D_PROP_SIGN_TECH
CS_1183,res://assets/tilesets/cyber_city_core_tilesets/CyberCity_CentralSecurity_Tiles/CyberCity_CentralSecurity_Tiles_1/CyberCity_CentralSecurity_Tiles_1/Sign4_6.png,Sign4_6.png,CyberCity_CentralSecurity_Tiles_1/CyberCity_CentralSecurity_Tiles_1,CyberCity_CentralSecurity_Tiles_1,Sign4,prop_sign_tech,132,55,True,"[0, 0, 132, 55]",132,55,58.402,0.41598,2.4,False,False,False,D_PROP_SIGN_TECH
CS_1184,res://assets/tilesets/cyber_city_core_tilesets/CyberCity_CentralSecurity_Tiles/CyberCity_CentralSecurity_Tiles_1/CyberCity_CentralSecurity_Tiles_1/Sign4_7.png,Sign4_7.png,CyberCity_CentralSecurity_Tiles_1/CyberCity_CentralSecurity_Tiles_1,CyberCity_CentralSecurity_Tiles_1,Sign4,prop_sign_tech,130,63,True,"[0, 0, 130, 63]",130,63,50.611,0.49389,2.0635,False,False,False,D_PROP_SIGN_TECH
CS_1185,res://assets/tilesets/cyber_city_core_tilesets/CyberCity_CentralSecurity_Tiles/CyberCity_CentralSecurity_Tiles_1/CyberCity_CentralSecurity_Tiles_1/Sign4_8.png,Sign4_8.png,CyberCity_CentralSecurity_Tiles_1/CyberCity_CentralSecurity_Tiles_1,CyberCity_CentralSecurity_Tiles_1,Sign4,prop_sign_tech,64,106,True,"[0, 0, 64, 106]",64,106,52.049,0.47951,0.6038,False,False,False,D_PROP_SIGN_TECH
CS_1186,res://assets/tilesets/cyber_city_core_tilesets/CyberCity_CentralSecurity_Tiles/CyberCity_CentralSecurity_Tiles_1/CyberCity_CentralSecurity_Tiles_1/SolarPanel1_1.png,SolarPanel1_1.png,CyberCity_CentralSecurity_Tiles_1/CyberCity_CentralSecurity_Tiles_1,CyberCity_CentralSecurity_Tiles_1,SolarPanel1,prop_sign_tech,157,123,True,"[0, 0, 157, 123]",157,123,30.931,0.69069,1.2764,False,False,False,D_PROP_SIGN_TECH
CS_1187,res://assets/tilesets/cyber_city_core_tilesets/CyberCity_CentralSecurity_Tiles/CyberCity_CentralSecurity_Tiles_1/CyberCity_CentralSecurity_Tiles_1/SolarPanel1_2.png,SolarPanel1_2.png,CyberCity_CentralSecurity_Tiles_1/CyberCity_CentralSecurity_Tiles_1,CyberCity_CentralSecurity_Tiles_1,SolarPanel1,prop_sign_tech,109,120,True,"[0, 0, 109, 120]",109,120,35.497,0.64503,0.9083,False,False,False,D_PROP_SIGN_TECH
CS_1188,res://assets/tilesets/cyber_city_core_tilesets/CyberCity_CentralSecurity_Tiles/CyberCity_CentralSecurity_Tiles_1/CyberCity_CentralSecurity_Tiles_1/SolarPanel1_3.png,SolarPanel1_3.png,CyberCity_CentralSecurity_Tiles_1/CyberCity_CentralSecurity_Tiles_1,CyberCity_CentralSecurity_Tiles_1,SolarPanel1,prop_sign_tech,165,113,True,"[0, 0, 165, 113]",165,113,47.101,0.52899,1.4602,False,False,False,D_PROP_SIGN_TECH
CS_1189,res://assets/tilesets/cyber_city_core_tilesets/CyberCity_CentralSecurity_Tiles/CyberCity_CentralSecurity_Tiles_1/CyberCity_CentralSecurity_Tiles_1/SolarPanel1_4.png,SolarPanel1_4.png,CyberCity_CentralSecurity_Tiles_1/CyberCity_CentralSecurity_Tiles_1,CyberCity_CentralSecurity_Tiles_1,SolarPanel1,prop_sign_tech,110,156,True,"[0, 0, 110, 156]",110,156,28.881,0.71119,0.7051,False,False,False,D_PROP_SIGN_TECH
CS_1190,res://assets/tilesets/cyber_city_core_tilesets/CyberCity_CentralSecurity_Tiles/CyberCity_CentralSecurity_Tiles_1/CyberCity_CentralSecurity_Tiles_1/SolarPanel1_5.png,SolarPanel1_5.png,CyberCity_CentralSecurity_Tiles_1/CyberCity_CentralSecurity_Tiles_1,CyberCity_CentralSecurity_Tiles_1,SolarPanel1,prop_sign_tech,127,131,True,"[0, 0, 127, 131]",127,131,31.791,0.68209,0.9695,False,False,False,D_PROP_SIGN_TECH
CS_1191,res://assets/tilesets/cyber_city_core_tilesets/CyberCity_CentralSecurity_Tiles/CyberCity_CentralSecurity_Tiles_1/CyberCity_CentralSecurity_Tiles_1/SolarPanel1_6.png,SolarPanel1_6.png,CyberCity_CentralSecurity_Tiles_1/CyberCity_CentralSecurity_Tiles_1,CyberCity_CentralSecurity_Tiles_1,SolarPanel1,prop_sign_tech,141,138,True,"[0, 0, 141, 138]",141,138,31.694,0.68306,1.0217,False,False,False,D_PROP_SIGN_TECH
CS_1192,res://assets/tilesets/cyber_city_core_tilesets/CyberCity_CentralSecurity_Tiles/CyberCity_CentralSecurity_Tiles_1/CyberCity_CentralSecurity_Tiles_1/SolarPanel1_7.png,SolarPanel1_7.png,CyberCity_CentralSecurity_Tiles_1/CyberCity_CentralSecurity_Tiles_1,CyberCity_CentralSecurity_Tiles_1,SolarPanel1,prop_sign_tech,141,116,True,"[0, 0, 141, 116]",141,116,49.04,0.5096,1.2155,False,False,False,D_PROP_SIGN_TECH
CS_1193,res://assets/tilesets/cyber_city_core_tilesets/CyberCity_CentralSecurity_Tiles/CyberCity_CentralSecurity_Tiles_1/CyberCity_CentralSecurity_Tiles_1/SolarPanel1_8.png,SolarPanel1_8.png,CyberCity_CentralSecurity_Tiles_1/CyberCity_CentralSecurity_Tiles_1,CyberCity_CentralSecurity_Tiles_1,SolarPanel1,prop_sign_tech,136,129,True,"[0, 0, 136, 129]",136,129,35.078,0.64922,1.0543,False,False,False,D_PROP_SIGN_TECH
CS_1194,res://assets/tilesets/cyber_city_core_tilesets/CyberCity_CentralSecurity_Tiles/CyberCity_CentralSecurity_Tiles_1/CyberCity_CentralSecurity_Tiles_1/Spotlight1_1.png,Spotlight1_1.png,CyberCity_CentralSecurity_Tiles_1/CyberCity_CentralSecurity_Tiles_1,CyberCity_CentralSecurity_Tiles_1,Spotlight1,prop_sign_tech,54,63,True,"[0, 0, 54, 63]",54,63,33.304,0.66696,0.8571,False,False,False,D_PROP_SIGN_TECH
CS_1195,res://assets/tilesets/cyber_city_core_tilesets/CyberCity_CentralSecurity_Tiles/CyberCity_CentralSecurity_Tiles_1/CyberCity_CentralSecurity_Tiles_1/Spotlight1_2.png,Spotlight1_2.png,CyberCity_CentralSecurity_Tiles_1/CyberCity_CentralSecurity_Tiles_1,CyberCity_CentralSecurity_Tiles_1,Spotlight1,prop_sign_tech,54,67,True,"[0, 0, 54, 67]",54,67,33.914,0.66086,0.806,False,False,False,D_PROP_SIGN_TECH
CS_1196,res://assets/tilesets/cyber_city_core_tilesets/CyberCity_CentralSecurity_Tiles/CyberCity_CentralSecurity_Tiles_1/CyberCity_CentralSecurity_Tiles_1/Spotlight1_3.png,Spotlight1_3.png,CyberCity_CentralSecurity_Tiles_1/CyberCity_CentralSecurity_Tiles_1,CyberCity_CentralSecurity_Tiles_1,Spotlight1,prop_sign_tech,54,64,True,"[0, 0, 54, 64]",54,64,34.867,0.65133,0.8438,False,False,False,D_PROP_SIGN_TECH
CS_1197,res://assets/tilesets/cyber_city_core_tilesets/CyberCity_CentralSecurity_Tiles/CyberCity_CentralSecurity_Tiles_1/CyberCity_CentralSecurity_Tiles_1/Spotlight1_4.png,Spotlight1_4.png,CyberCity_CentralSecurity_Tiles_1/CyberCity_CentralSecurity_Tiles_1,CyberCity_CentralSecurity_Tiles_1,Spotlight1,prop_sign_tech,55,66,True,"[0, 0, 55, 66]",55,66,35.482,0.64518,0.8333,False,False,False,D_PROP_SIGN_TECH
CS_1198,res://assets/tilesets/cyber_city_core_tilesets/CyberCity_CentralSecurity_Tiles/CyberCity_CentralSecurity_Tiles_1/CyberCity_CentralSecurity_Tiles_1/Spotlight1_5.png,Spotlight1_5.png,CyberCity_CentralSecurity_Tiles_1/CyberCity_CentralSecurity_Tiles_1,CyberCity_CentralSecurity_Tiles_1,Spotlight1,prop_sign_tech,56,65,True,"[0, 0, 56, 65]",56,65,31.923,0.68077,0.8615,False,False,False,D_PROP_SIGN_TECH
CS_1199,res://assets/tilesets/cyber_city_core_tilesets/CyberCity_CentralSecurity_Tiles/CyberCity_CentralSecurity_Tiles_1/CyberCity_CentralSecurity_Tiles_1/Spotlight1_6.png,Spotlight1_6.png,CyberCity_CentralSecurity_Tiles_1/CyberCity_CentralSecurity_Tiles_1,CyberCity_CentralSecurity_Tiles_1,Spotlight1,prop_sign_tech,56,63,True,"[0, 0, 56, 63]",56,63,33.22,0.6678,0.8889,False,False,False,D_PROP_SIGN_TECH
CS_1200,res://assets/tilesets/cyber_city_core_tilesets/CyberCity_CentralSecurity_Tiles/CyberCity_CentralSecurity_Tiles_1/CyberCity_CentralSecurity_Tiles_1/Spotlight1_7.png,Spotlight1_7.png,CyberCity_CentralSecurity_Tiles_1/CyberCity_CentralSecurity_Tiles_1,CyberCity_CentralSecurity_Tiles_1,Spotlight1,prop_sign_tech,58,70,True,"[0, 0, 58, 70]",58,70,43.498,0.56502,0.8286,False,False,False,D_PROP_SIGN_TECH
CS_1201,res://assets/tilesets/cyber_city_core_tilesets/CyberCity_CentralSecurity_Tiles/CyberCity_CentralSecurity_Tiles_1/CyberCity_CentralSecurity_Tiles_1/Spotlight1_8.png,Spotlight1_8.png,CyberCity_CentralSecurity_Tiles_1/CyberCity_CentralSecurity_Tiles_1,CyberCity_CentralSecurity_Tiles_1,Spotlight1,prop_sign_tech,58,66,True,"[0, 0, 58, 66]",58,66,40.021,0.59979,0.8788,False,False,False,D_PROP_SIGN_TECH
CS_1202,res://assets/tilesets/cyber_city_core_tilesets/CyberCity_CentralSecurity_Tiles/CyberCity_CentralSecurity_Tiles_1/CyberCity_CentralSecurity_Tiles_1/Stairs1_1.png,Stairs1_1.png,CyberCity_CentralSecurity_Tiles_1/CyberCity_CentralSecurity_Tiles_1,CyberCity_CentralSecurity_Tiles_1,Stairs1,review_unknown_visually_promising,294,176,True,"[0, 0, 294, 176]",294,176,51.397,0.48603,1.6705,False,False,False,E_REVIEW_UNKNOWN
CS_1203,res://assets/tilesets/cyber_city_core_tilesets/CyberCity_CentralSecurity_Tiles/CyberCity_CentralSecurity_Tiles_1/CyberCity_CentralSecurity_Tiles_1/Stairs1_2.png,Stairs1_2.png,CyberCity_CentralSecurity_Tiles_1/CyberCity_CentralSecurity_Tiles_1,CyberCity_CentralSecurity_Tiles_1,Stairs1,review_unknown_visually_promising,152,278,True,"[0, 0, 152, 278]",152,278,46.803,0.53197,0.5468,False,False,False,E_REVIEW_UNKNOWN
CS_1204,res://assets/tilesets/cyber_city_core_tilesets/CyberCity_CentralSecurity_Tiles/CyberCity_CentralSecurity_Tiles_1/CyberCity_CentralSecurity_Tiles_1/Stairs1_3.png,Stairs1_3.png,CyberCity_CentralSecurity_Tiles_1/CyberCity_CentralSecurity_Tiles_1,CyberCity_CentralSecurity_Tiles_1,Stairs1,review_unknown_visually_promising,292,127,True,"[0, 0, 292, 127]",292,127,60.287,0.39713,2.2992,False,False,False,E_REVIEW_UNKNOWN
CS_1205,res://assets/tilesets/cyber_city_core_tilesets/CyberCity_CentralSecurity_Tiles/CyberCity_CentralSecurity_Tiles_1/CyberCity_CentralSecurity_Tiles_1/Stairs1_4.png,Stairs1_4.png,CyberCity_CentralSecurity_Tiles_1/CyberCity_CentralSecurity_Tiles_1,CyberCity_CentralSecurity_Tiles_1,Stairs1,review_unknown_visually_promising,161,280,True,"[0, 0, 161, 280]",161,280,46.18,0.5382,0.575,False,False,False,E_REVIEW_UNKNOWN
CS_1206,res://assets/tilesets/cyber_city_core_tilesets/CyberCity_CentralSecurity_Tiles/CyberCity_CentralSecurity_Tiles_1/CyberCity_CentralSecurity_Tiles_1/Stairs1_5.png,Stairs1_5.png,CyberCity_CentralSecurity_Tiles_1/CyberCity_CentralSecurity_Tiles_1,CyberCity_CentralSecurity_Tiles_1,Stairs1,review_unknown_visually_promising,296,278,True,"[0, 0, 296, 278]",296,278,68.203,0.31797,1.0647,False,False,False,E_REVIEW_UNKNOWN
CS_1207,res://assets/tilesets/cyber_city_core_tilesets/CyberCity_CentralSecurity_Tiles/CyberCity_CentralSecurity_Tiles_1/CyberCity_CentralSecurity_Tiles_1/Stairs1_6.png,Stairs1_6.png,CyberCity_CentralSecurity_Tiles_1/CyberCity_CentralSecurity_Tiles_1,CyberCity_CentralSecurity_Tiles_1,Stairs1,review_unknown_visually_promising,299,277,True,"[0, 0, 299, 277]",299,277,67.14,0.3286,1.0794,False,False,False,E_REVIEW_UNKNOWN
CS_1208,res://assets/tilesets/cyber_city_core_tilesets/CyberCity_CentralSecurity_Tiles/CyberCity_CentralSecurity_Tiles_1/CyberCity_CentralSecurity_Tiles_1/Stairs1_7.png,Stairs1_7.png,CyberCity_CentralSecurity_Tiles_1/CyberCity_CentralSecurity_Tiles_1,CyberCity_CentralSecurity_Tiles_1,Stairs1,review_unknown_visually_promising,295,228,True,"[0, 0, 295, 228]",295,228,74.026,0.25974,1.2939,False,False,False,E_REVIEW_UNKNOWN
CS_1209,res://assets/tilesets/cyber_city_core_tilesets/CyberCity_CentralSecurity_Tiles/CyberCity_CentralSecurity_Tiles_1/CyberCity_CentralSecurity_Tiles_1/Stairs1_8.png,Stairs1_8.png,CyberCity_CentralSecurity_Tiles_1/CyberCity_CentralSecurity_Tiles_1,CyberCity_CentralSecurity_Tiles_1,Stairs1,review_unknown_visually_promising,298,227,True,"[0, 0, 298, 227]",298,227,69.315,0.30685,1.3128,False,False,False,E_REVIEW_UNKNOWN
CS_1210,res://assets/tilesets/cyber_city_core_tilesets/CyberCity_CentralSecurity_Tiles/CyberCity_CentralSecurity_Tiles_1/CyberCity_CentralSecurity_Tiles_1/Structure10_1.png,Structure10_1.png,CyberCity_CentralSecurity_Tiles_1/CyberCity_CentralSecurity_Tiles_1,CyberCity_CentralSecurity_Tiles_1,Structure10,large_structure,1228,1505,True,"[0, 0, 1228, 1505]",1228,1505,28.963,0.71037,0.8159,False,True,False,C_LARGE_STRUCTURE
CS_1211,res://assets/tilesets/cyber_city_core_tilesets/CyberCity_CentralSecurity_Tiles/CyberCity_CentralSecurity_Tiles_1/CyberCity_CentralSecurity_Tiles_1/Structure10_2.png,Structure10_2.png,CyberCity_CentralSecurity_Tiles_1/CyberCity_CentralSecurity_Tiles_1,CyberCity_CentralSecurity_Tiles_1,Structure10,large_structure,2476,1417,True,"[0, 0, 2476, 1417]",2476,1417,53.02,0.4698,1.7474,False,True,False,C_LARGE_STRUCTURE
CS_1212,res://assets/tilesets/cyber_city_core_tilesets/CyberCity_CentralSecurity_Tiles/CyberCity_CentralSecurity_Tiles_1/CyberCity_CentralSecurity_Tiles_1/Structure10_3.png,Structure10_3.png,CyberCity_CentralSecurity_Tiles_1/CyberCity_CentralSecurity_Tiles_1,CyberCity_CentralSecurity_Tiles_1,Structure10,large_structure,1200,2538,True,"[0, 0, 1200, 2538]",1200,2538,49.4,0.506,0.4728,False,True,False,C_LARGE_STRUCTURE
CS_1213,res://assets/tilesets/cyber_city_core_tilesets/CyberCity_CentralSecurity_Tiles/CyberCity_CentralSecurity_Tiles_1/CyberCity_CentralSecurity_Tiles_1/Structure10_4.png,Structure10_4.png,CyberCity_CentralSecurity_Tiles_1/CyberCity_CentralSecurity_Tiles_1,CyberCity_CentralSecurity_Tiles_1,Structure10,large_structure,2197,1503,True,"[0, 0, 2197, 1503]",2197,1503,51.32,0.4868,1.4617,False,True,False,C_LARGE_STRUCTURE
CS_1214,res://assets/tilesets/cyber_city_core_tilesets/CyberCity_CentralSecurity_Tiles/CyberCity_CentralSecurity_Tiles_1/CyberCity_CentralSecurity_Tiles_1/Structure10_5.png,Structure10_5.png,CyberCity_CentralSecurity_Tiles_1/CyberCity_CentralSecurity_Tiles_1,CyberCity_CentralSecurity_Tiles_1,Structure10,large_structure,2143,1430,True,"[0, 0, 2143, 1430]",2143,1430,52.522,0.47478,1.4986,False,True,False,C_LARGE_STRUCTURE
CS_1215,res://assets/tilesets/cyber_city_core_tilesets/CyberCity_CentralSecurity_Tiles/CyberCity_CentralSecurity_Tiles_1/CyberCity_CentralSecurity_Tiles_1/Structure10_6.png,Structure10_6.png,CyberCity_CentralSecurity_Tiles_1/CyberCity_CentralSecurity_Tiles_1,CyberCity_CentralSecurity_Tiles_1,Structure10,large_structure,1970,1344,True,"[0, 0, 1970, 1344]",1970,1344,45.909,0.54091,1.4658,False,True,False,C_LARGE_STRUCTURE
CS_1216,res://assets/tilesets/cyber_city_core_tilesets/CyberCity_CentralSecurity_Tiles/CyberCity_CentralSecurity_Tiles_1/CyberCity_CentralSecurity_Tiles_1/Structure10_7.png,Structure10_7.png,CyberCity_CentralSecurity_Tiles_1/CyberCity_CentralSecurity_Tiles_1,CyberCity_CentralSecurity_Tiles_1,Structure10,large_structure,2228,2293,True,"[0, 0, 2228, 2293]",2228,2293,67.993,0.32007,0.9717,False,True,False,C_LARGE_STRUCTURE
CS_1217,res://assets/tilesets/cyber_city_core_tilesets/CyberCity_CentralSecurity_Tiles/CyberCity_CentralSecurity_Tiles_1/CyberCity_CentralSecurity_Tiles_1/Structure10_8.png,Structure10_8.png,CyberCity_CentralSecurity_Tiles_1/CyberCity_CentralSecurity_Tiles_1,CyberCity_CentralSecurity_Tiles_1,Structure10,large_structure,1862,2343,True,"[0, 0, 1862, 2343]",1862,2343,64.83,0.3517,0.7947,False,True,False,C_LARGE_STRUCTURE
CS_1218,res://assets/tilesets/cyber_city_core_tilesets/CyberCity_CentralSecurity_Tiles/CyberCity_CentralSecurity_Tiles_1/CyberCity_CentralSecurity_Tiles_1/Structure11_1.png,Structure11_1.png,CyberCity_CentralSecurity_Tiles_1/CyberCity_CentralSecurity_Tiles_1,CyberCity_CentralSecurity_Tiles_1,Structure11,large_structure,120,289,True,"[0, 0, 120, 289]",120,289,63.999,0.36001,0.4152,False,False,False,C_LARGE_STRUCTURE
CS_1219,res://assets/tilesets/cyber_city_core_tilesets/CyberCity_CentralSecurity_Tiles/CyberCity_CentralSecurity_Tiles_1/CyberCity_CentralSecurity_Tiles_1/Structure11_2.png,Structure11_2.png,CyberCity_CentralSecurity_Tiles_1/CyberCity_CentralSecurity_Tiles_1,CyberCity_CentralSecurity_Tiles_1,Structure11,large_structure,124,290,True,"[0, 0, 124, 290]",124,290,65.039,0.34961,0.4276,False,False,False,C_LARGE_STRUCTURE
CS_1220,res://assets/tilesets/cyber_city_core_tilesets/CyberCity_CentralSecurity_Tiles/CyberCity_CentralSecurity_Tiles_1/CyberCity_CentralSecurity_Tiles_1/Structure11_3.png,Structure11_3.png,CyberCity_CentralSecurity_Tiles_1/CyberCity_CentralSecurity_Tiles_1,CyberCity_CentralSecurity_Tiles_1,Structure11,large_structure,121,294,True,"[0, 0, 121, 294]",121,294,64.814,0.35186,0.4116,False,False,False,C_LARGE_STRUCTURE
CS_1221,res://assets/tilesets/cyber_city_core_tilesets/CyberCity_CentralSecurity_Tiles/CyberCity_CentralSecurity_Tiles_1/CyberCity_CentralSecurity_Tiles_1/Structure11_4.png,Structure11_4.png,CyberCity_CentralSecurity_Tiles_1/CyberCity_CentralSecurity_Tiles_1,CyberCity_CentralSecurity_Tiles_1,Structure11,large_structure,123,289,True,"[0, 0, 123, 289]",123,289,64.768,0.35232,0.4256,False,False,False,C_LARGE_STRUCTURE
CS_1222,res://assets/tilesets/cyber_city_core_tilesets/CyberCity_CentralSecurity_Tiles/CyberCity_CentralSecurity_Tiles_1/CyberCity_CentralSecurity_Tiles_1/Structure11_5.png,Structure11_5.png,CyberCity_CentralSecurity_Tiles_1/CyberCity_CentralSecurity_Tiles_1,CyberCity_CentralSecurity_Tiles_1,Structure11,large_structure,134,297,True,"[0, 0, 134, 297]",134,297,64.496,0.35504,0.4512,False,False,False,C_LARGE_STRUCTURE
CS_1223,res://assets/tilesets/cyber_city_core_tilesets/CyberCity_CentralSecurity_Tiles/CyberCity_CentralSecurity_Tiles_1/CyberCity_CentralSecurity_Tiles_1/Structure11_6.png,Structure11_6.png,CyberCity_CentralSecurity_Tiles_1/CyberCity_CentralSecurity_Tiles_1,CyberCity_CentralSecurity_Tiles_1,Structure11,large_structure,135,297,True,"[0, 0, 135, 297]",135,297,64.901,0.35099,0.4545,False,False,False,C_LARGE_STRUCTURE
CS_1224,res://assets/tilesets/cyber_city_core_tilesets/CyberCity_CentralSecurity_Tiles/CyberCity_CentralSecurity_Tiles_1/CyberCity_CentralSecurity_Tiles_1/Structure11_7.png,Structure11_7.png,CyberCity_CentralSecurity_Tiles_1/CyberCity_CentralSecurity_Tiles_1,CyberCity_CentralSecurity_Tiles_1,Structure11,large_structure,134,298,True,"[0, 0, 134, 298]",134,298,64.65,0.3535,0.4497,False,False,False,C_LARGE_STRUCTURE
CS_1225,res://assets/tilesets/cyber_city_core_tilesets/CyberCity_CentralSecurity_Tiles/CyberCity_CentralSecurity_Tiles_1/CyberCity_CentralSecurity_Tiles_1/Structure11_8.png,Structure11_8.png,CyberCity_CentralSecurity_Tiles_1/CyberCity_CentralSecurity_Tiles_1,CyberCity_CentralSecurity_Tiles_1,Structure11,large_structure,134,298,True,"[0, 0, 134, 298]",134,298,64.785,0.35215,0.4497,False,False,False,C_LARGE_STRUCTURE
CS_1226,res://assets/tilesets/cyber_city_core_tilesets/CyberCity_CentralSecurity_Tiles/CyberCity_CentralSecurity_Tiles_1/CyberCity_CentralSecurity_Tiles_1/Structure12_1.png,Structure12_1.png,CyberCity_CentralSecurity_Tiles_1/CyberCity_CentralSecurity_Tiles_1,CyberCity_CentralSecurity_Tiles_1,Structure12,large_structure,266,202,True,"[0, 0, 266, 202]",266,202,22.374,0.77626,1.3168,False,False,False,C_LARGE_STRUCTURE
CS_1227,res://assets/tilesets/cyber_city_core_tilesets/CyberCity_CentralSecurity_Tiles/CyberCity_CentralSecurity_Tiles_1/CyberCity_CentralSecurity_Tiles_1/Structure12_2.png,Structure12_2.png,CyberCity_CentralSecurity_Tiles_1/CyberCity_CentralSecurity_Tiles_1,CyberCity_CentralSecurity_Tiles_1,Structure12,large_structure,359,271,True,"[0, 0, 359, 271]",359,271,46.945,0.53055,1.3247,False,False,False,C_LARGE_STRUCTURE
CS_1228,res://assets/tilesets/cyber_city_core_tilesets/CyberCity_CentralSecurity_Tiles/CyberCity_CentralSecurity_Tiles_1/CyberCity_CentralSecurity_Tiles_1/Structure12_3.png,Structure12_3.png,CyberCity_CentralSecurity_Tiles_1/CyberCity_CentralSecurity_Tiles_1,CyberCity_CentralSecurity_Tiles_1,Structure12,large_structure,265,343,True,"[0, 0, 265, 343]",265,343,44.316,0.55684,0.7726,False,False,False,C_LARGE_STRUCTURE
CS_1229,res://assets/tilesets/cyber_city_core_tilesets/CyberCity_CentralSecurity_Tiles/CyberCity_CentralSecurity_Tiles_1/CyberCity_CentralSecurity_Tiles_1/Structure12_4.png,Structure12_4.png,CyberCity_CentralSecurity_Tiles_1/CyberCity_CentralSecurity_Tiles_1,CyberCity_CentralSecurity_Tiles_1,Structure12,large_structure,325,270,True,"[0, 0, 325, 270]",325,270,43.803,0.56197,1.2037,False,False,False,C_LARGE_STRUCTURE
CS_1230,res://assets/tilesets/cyber_city_core_tilesets/CyberCity_CentralSecurity_Tiles/CyberCity_CentralSecurity_Tiles_1/CyberCity_CentralSecurity_Tiles_1/Structure12_5.png,Structure12_5.png,CyberCity_CentralSecurity_Tiles_1/CyberCity_CentralSecurity_Tiles_1,CyberCity_CentralSecurity_Tiles_1,Structure12,large_structure,363,244,True,"[0, 0, 363, 244]",363,244,47.236,0.52764,1.4877,False,False,False,C_LARGE_STRUCTURE
CS_1231,res://assets/tilesets/cyber_city_core_tilesets/CyberCity_CentralSecurity_Tiles/CyberCity_CentralSecurity_Tiles_1/CyberCity_CentralSecurity_Tiles_1/Structure12_6.png,Structure12_6.png,CyberCity_CentralSecurity_Tiles_1/CyberCity_CentralSecurity_Tiles_1,CyberCity_CentralSecurity_Tiles_1,Structure12,large_structure,333,243,True,"[0, 0, 333, 243]",333,243,44.706,0.55294,1.3704,False,False,False,C_LARGE_STRUCTURE
CS_1232,res://assets/tilesets/cyber_city_core_tilesets/CyberCity_CentralSecurity_Tiles/CyberCity_CentralSecurity_Tiles_1/CyberCity_CentralSecurity_Tiles_1/Structure12_7.png,Structure12_7.png,CyberCity_CentralSecurity_Tiles_1/CyberCity_CentralSecurity_Tiles_1,CyberCity_CentralSecurity_Tiles_1,Structure12,large_structure,365,347,True,"[0, 0, 365, 347]",365,347,58.497,0.41503,1.0519,False,False,False,C_LARGE_STRUCTURE
CS_1233,res://assets/tilesets/cyber_city_core_tilesets/CyberCity_CentralSecurity_Tiles/CyberCity_CentralSecurity_Tiles_1/CyberCity_CentralSecurity_Tiles_1/Structure12_8.png,Structure12_8.png,CyberCity_CentralSecurity_Tiles_1/CyberCity_CentralSecurity_Tiles_1,CyberCity_CentralSecurity_Tiles_1,Structure12,large_structure,331,345,True,"[0, 0, 331, 345]",331,345,55.36,0.4464,0.9594,False,False,False,C_LARGE_STRUCTURE
CS_1234,res://assets/tilesets/cyber_city_core_tilesets/CyberCity_CentralSecurity_Tiles/CyberCity_CentralSecurity_Tiles_1/CyberCity_CentralSecurity_Tiles_1/Structure13_1.png,Structure13_1.png,CyberCity_CentralSecurity_Tiles_1/CyberCity_CentralSecurity_Tiles_1,CyberCity_CentralSecurity_Tiles_1,Structure13,large_structure,158,166,True,"[0, 0, 158, 166]",158,166,28.79,0.7121,0.9518,False,False,False,C_LARGE_STRUCTURE
CS_1235,res://assets/tilesets/cyber_city_core_tilesets/CyberCity_CentralSecurity_Tiles/CyberCity_CentralSecurity_Tiles_1/CyberCity_CentralSecurity_Tiles_1/Structure13_2.png,Structure13_2.png,CyberCity_CentralSecurity_Tiles_1/CyberCity_CentralSecurity_Tiles_1,CyberCity_CentralSecurity_Tiles_1,Structure13,large_structure,242,165,True,"[0, 0, 242, 165]",242,165,43.802,0.56198,1.4667,False,False,False,C_LARGE_STRUCTURE
CS_1236,res://assets/tilesets/cyber_city_core_tilesets/CyberCity_CentralSecurity_Tiles/CyberCity_CentralSecurity_Tiles_1/CyberCity_CentralSecurity_Tiles_1/Structure13_3.png,Structure13_3.png,CyberCity_CentralSecurity_Tiles_1/CyberCity_CentralSecurity_Tiles_1,CyberCity_CentralSecurity_Tiles_1,Structure13,large_structure,159,246,True,"[0, 0, 159, 246]",159,246,48.821,0.51179,0.6463,False,False,False,C_LARGE_STRUCTURE
CS_1237,res://assets/tilesets/cyber_city_core_tilesets/CyberCity_CentralSecurity_Tiles/CyberCity_CentralSecurity_Tiles_1/CyberCity_CentralSecurity_Tiles_1/Structure13_4.png,Structure13_4.png,CyberCity_CentralSecurity_Tiles_1/CyberCity_CentralSecurity_Tiles_1,CyberCity_CentralSecurity_Tiles_1,Structure13,large_structure,221,166,True,"[0, 0, 221, 166]",221,166,40.896,0.59104,1.3313,False,False,False,C_LARGE_STRUCTURE
CS_1238,res://assets/tilesets/cyber_city_core_tilesets/CyberCity_CentralSecurity_Tiles/CyberCity_CentralSecurity_Tiles_1/CyberCity_CentralSecurity_Tiles_1/Structure13_5.png,Structure13_5.png,CyberCity_CentralSecurity_Tiles_1/CyberCity_CentralSecurity_Tiles_1,CyberCity_CentralSecurity_Tiles_1,Structure13,large_structure,213,163,True,"[0, 0, 213, 163]",213,163,41.185,0.58815,1.3067,False,False,False,C_LARGE_STRUCTURE
CS_1239,res://assets/tilesets/cyber_city_core_tilesets/CyberCity_CentralSecurity_Tiles/CyberCity_CentralSecurity_Tiles_1/CyberCity_CentralSecurity_Tiles_1/Structure13_6.png,Structure13_6.png,CyberCity_CentralSecurity_Tiles_1/CyberCity_CentralSecurity_Tiles_1,CyberCity_CentralSecurity_Tiles_1,Structure13,large_structure,195,166,True,"[0, 0, 195, 166]",195,166,38.848,0.61152,1.1747,False,False,False,C_LARGE_STRUCTURE
CS_1240,res://assets/tilesets/cyber_city_core_tilesets/CyberCity_CentralSecurity_Tiles/CyberCity_CentralSecurity_Tiles_1/CyberCity_CentralSecurity_Tiles_1/Structure13_7.png,Structure13_7.png,CyberCity_CentralSecurity_Tiles_1/CyberCity_CentralSecurity_Tiles_1,CyberCity_CentralSecurity_Tiles_1,Structure13,large_structure,214,226,True,"[0, 0, 214, 226]",214,226,53.947,0.46053,0.9469,False,False,False,C_LARGE_STRUCTURE
CS_1241,res://assets/tilesets/cyber_city_core_tilesets/CyberCity_CentralSecurity_Tiles/CyberCity_CentralSecurity_Tiles_1/CyberCity_CentralSecurity_Tiles_1/Structure13_8.png,Structure13_8.png,CyberCity_CentralSecurity_Tiles_1/CyberCity_CentralSecurity_Tiles_1,CyberCity_CentralSecurity_Tiles_1,Structure13,large_structure,193,227,True,"[0, 0, 193, 227]",193,227,52.151,0.47849,0.8502,False,False,False,C_LARGE_STRUCTURE
CS_1242,res://assets/tilesets/cyber_city_core_tilesets/CyberCity_CentralSecurity_Tiles/CyberCity_CentralSecurity_Tiles_1/CyberCity_CentralSecurity_Tiles_1/Structure14_1.png,Structure14_1.png,CyberCity_CentralSecurity_Tiles_1/CyberCity_CentralSecurity_Tiles_1,CyberCity_CentralSecurity_Tiles_1,Structure14,large_structure,315,514,True,"[0, 0, 315, 514]",315,514,50.324,0.49676,0.6128,False,False,False,C_LARGE_STRUCTURE
CS_1243,res://assets/tilesets/cyber_city_core_tilesets/CyberCity_CentralSecurity_Tiles/CyberCity_CentralSecurity_Tiles_1/CyberCity_CentralSecurity_Tiles_1/Structure14_2.png,Structure14_2.png,CyberCity_CentralSecurity_Tiles_1/CyberCity_CentralSecurity_Tiles_1,CyberCity_CentralSecurity_Tiles_1,Structure14,large_structure,742,265,True,"[0, 0, 742, 265]",742,265,47.429,0.52571,2.8,False,False,False,C_LARGE_STRUCTURE
CS_1244,res://assets/tilesets/cyber_city_core_tilesets/CyberCity_CentralSecurity_Tiles/CyberCity_CentralSecurity_Tiles_1/CyberCity_CentralSecurity_Tiles_1/Structure14_3.png,Structure14_3.png,CyberCity_CentralSecurity_Tiles_1/CyberCity_CentralSecurity_Tiles_1,CyberCity_CentralSecurity_Tiles_1,Structure14,large_structure,317,595,True,"[0, 0, 317, 595]",317,595,51.543,0.48457,0.5328,False,False,False,C_LARGE_STRUCTURE
CS_1245,res://assets/tilesets/cyber_city_core_tilesets/CyberCity_CentralSecurity_Tiles/CyberCity_CentralSecurity_Tiles_1/CyberCity_CentralSecurity_Tiles_1/Structure14_4.png,Structure14_4.png,CyberCity_CentralSecurity_Tiles_1/CyberCity_CentralSecurity_Tiles_1,CyberCity_CentralSecurity_Tiles_1,Structure14,large_structure,717,267,True,"[0, 0, 717, 267]",717,267,47.544,0.52456,2.6854,False,False,False,C_LARGE_STRUCTURE
CS_1246,res://assets/tilesets/cyber_city_core_tilesets/CyberCity_CentralSecurity_Tiles/CyberCity_CentralSecurity_Tiles_1/CyberCity_CentralSecurity_Tiles_1/Structure14_5.png,Structure14_5.png,CyberCity_CentralSecurity_Tiles_1/CyberCity_CentralSecurity_Tiles_1,CyberCity_CentralSecurity_Tiles_1,Structure14,large_structure,581,419,True,"[0, 0, 581, 419]",581,419,64.333,0.35667,1.3866,False,False,False,C_LARGE_STRUCTURE
CS_1247,res://assets/tilesets/cyber_city_core_tilesets/CyberCity_CentralSecurity_Tiles/CyberCity_CentralSecurity_Tiles_1/CyberCity_CentralSecurity_Tiles_1/Structure14_6.png,Structure14_6.png,CyberCity_CentralSecurity_Tiles_1/CyberCity_CentralSecurity_Tiles_1,CyberCity_CentralSecurity_Tiles_1,Structure14,large_structure,560,416,True,"[0, 0, 560, 416]",560,416,61.933,0.38067,1.3462,False,False,False,C_LARGE_STRUCTURE
CS_1248,res://assets/tilesets/cyber_city_core_tilesets/CyberCity_CentralSecurity_Tiles/CyberCity_CentralSecurity_Tiles_1/CyberCity_CentralSecurity_Tiles_1/Structure14_7.png,Structure14_7.png,CyberCity_CentralSecurity_Tiles_1/CyberCity_CentralSecurity_Tiles_1,CyberCity_CentralSecurity_Tiles_1,Structure14,large_structure,585,483,True,"[0, 0, 585, 483]",585,483,63.8,0.362,1.2112,False,False,False,C_LARGE_STRUCTURE
CS_1249,res://assets/tilesets/cyber_city_core_tilesets/CyberCity_CentralSecurity_Tiles/CyberCity_CentralSecurity_Tiles_1/CyberCity_CentralSecurity_Tiles_1/Structure14_8.png,Structure14_8.png,CyberCity_CentralSecurity_Tiles_1/CyberCity_CentralSecurity_Tiles_1,CyberCity_CentralSecurity_Tiles_1,Structure14,large_structure,559,479,True,"[0, 0, 559, 479]",559,479,64.702,0.35298,1.167,False,False,False,C_LARGE_STRUCTURE
CS_1250,res://assets/tilesets/cyber_city_core_tilesets/CyberCity_CentralSecurity_Tiles/CyberCity_CentralSecurity_Tiles_1/CyberCity_CentralSecurity_Tiles_1/Structure15_1.png,Structure15_1.png,CyberCity_CentralSecurity_Tiles_1/CyberCity_CentralSecurity_Tiles_1,CyberCity_CentralSecurity_Tiles_1,Structure15,large_structure,553,944,True,"[0, 0, 553, 944]",553,944,67.682,0.32318,0.5858,False,False,False,C_LARGE_STRUCTURE
CS_1251,res://assets/tilesets/cyber_city_core_tilesets/CyberCity_CentralSecurity_Tiles/CyberCity_CentralSecurity_Tiles_1/CyberCity_CentralSecurity_Tiles_1/Structure15_2.png,Structure15_2.png,CyberCity_CentralSecurity_Tiles_1/CyberCity_CentralSecurity_Tiles_1,CyberCity_CentralSecurity_Tiles_1,Structure15,large_structure,416,945,True,"[0, 0, 416, 945]",416,945,64.864,0.35136,0.4402,False,False,False,C_LARGE_STRUCTURE
CS_1252,res://assets/tilesets/cyber_city_core_tilesets/CyberCity_CentralSecurity_Tiles/CyberCity_CentralSecurity_Tiles_1/CyberCity_CentralSecurity_Tiles_1/Structure15_3.png,Structure15_3.png,CyberCity_CentralSecurity_Tiles_1/CyberCity_CentralSecurity_Tiles_1,CyberCity_CentralSecurity_Tiles_1,Structure15,large_structure,527,982,True,"[0, 0, 527, 982]",527,982,68.809,0.31191,0.5367,False,False,False,C_LARGE_STRUCTURE
CS_1253,res://assets/tilesets/cyber_city_core_tilesets/CyberCity_CentralSecurity_Tiles/CyberCity_CentralSecurity_Tiles_1/CyberCity_CentralSecurity_Tiles_1/Structure15_4.png,Structure15_4.png,CyberCity_CentralSecurity_Tiles_1/CyberCity_CentralSecurity_Tiles_1,CyberCity_CentralSecurity_Tiles_1,Structure15,large_structure,526,978,True,"[0, 0, 526, 978]",526,978,66.774,0.33226,0.5378,False,False,False,C_LARGE_STRUCTURE
CS_1254,res://assets/tilesets/cyber_city_core_tilesets/CyberCity_CentralSecurity_Tiles/CyberCity_CentralSecurity_Tiles_1/CyberCity_CentralSecurity_Tiles_1/Structure16_1.png,Structure16_1.png,CyberCity_CentralSecurity_Tiles_1/CyberCity_CentralSecurity_Tiles_1,CyberCity_CentralSecurity_Tiles_1,Structure16,large_structure,311,242,True,"[0, 0, 311, 242]",311,242,13.921,0.86079,1.2851,False,False,False,C_LARGE_STRUCTURE
CS_1255,res://assets/tilesets/cyber_city_core_tilesets/CyberCity_CentralSecurity_Tiles/CyberCity_CentralSecurity_Tiles_1/CyberCity_CentralSecurity_Tiles_1/Structure16_2.png,Structure16_2.png,CyberCity_CentralSecurity_Tiles_1/CyberCity_CentralSecurity_Tiles_1,CyberCity_CentralSecurity_Tiles_1,Structure16,large_structure,328,230,True,"[0, 0, 328, 230]",328,230,16.23,0.8377,1.4261,False,False,False,C_LARGE_STRUCTURE
CS_1256,res://assets/tilesets/cyber_city_core_tilesets/CyberCity_CentralSecurity_Tiles/CyberCity_CentralSecurity_Tiles_1/CyberCity_CentralSecurity_Tiles_1/Structure16_3.png,Structure16_3.png,CyberCity_CentralSecurity_Tiles_1/CyberCity_CentralSecurity_Tiles_1,CyberCity_CentralSecurity_Tiles_1,Structure16,large_structure,414,306,True,"[0, 0, 414, 306]",414,306,48.454,0.51546,1.3529,False,False,False,C_LARGE_STRUCTURE
CS_1257,res://assets/tilesets/cyber_city_core_tilesets/CyberCity_CentralSecurity_Tiles/CyberCity_CentralSecurity_Tiles_1/CyberCity_CentralSecurity_Tiles_1/Structure16_4.png,Structure16_4.png,CyberCity_CentralSecurity_Tiles_1/CyberCity_CentralSecurity_Tiles_1,CyberCity_CentralSecurity_Tiles_1,Structure16,large_structure,412,300,True,"[0, 0, 412, 300]",412,300,48.865,0.51135,1.3733,False,False,False,C_LARGE_STRUCTURE
CS_1258,res://assets/tilesets/cyber_city_core_tilesets/CyberCity_CentralSecurity_Tiles/CyberCity_CentralSecurity_Tiles_1/CyberCity_CentralSecurity_Tiles_1/Structure17_1.png,Structure17_1.png,CyberCity_CentralSecurity_Tiles_1/CyberCity_CentralSecurity_Tiles_1,CyberCity_CentralSecurity_Tiles_1,Structure17,large_structure,60,89,True,"[0, 0, 60, 89]",60,89,39.738,0.60262,0.6742,False,False,False,C_LARGE_STRUCTURE
CS_1259,res://assets/tilesets/cyber_city_core_tilesets/CyberCity_CentralSecurity_Tiles/CyberCity_CentralSecurity_Tiles_1/CyberCity_CentralSecurity_Tiles_1/Structure17_2.png,Structure17_2.png,CyberCity_CentralSecurity_Tiles_1/CyberCity_CentralSecurity_Tiles_1,CyberCity_CentralSecurity_Tiles_1,Structure17,large_structure,132,129,True,"[0, 0, 132, 129]",132,129,69.856,0.30144,1.0233,False,False,False,C_LARGE_STRUCTURE
CS_1260,res://assets/tilesets/cyber_city_core_tilesets/CyberCity_CentralSecurity_Tiles/CyberCity_CentralSecurity_Tiles_1/CyberCity_CentralSecurity_Tiles_1/Structure17_3.png,Structure17_3.png,CyberCity_CentralSecurity_Tiles_1/CyberCity_CentralSecurity_Tiles_1,CyberCity_CentralSecurity_Tiles_1,Structure17,large_structure,61,178,True,"[0, 0, 61, 178]",61,178,52.689,0.47311,0.3427,False,False,False,C_LARGE_STRUCTURE
CS_1261,res://assets/tilesets/cyber_city_core_tilesets/CyberCity_CentralSecurity_Tiles/CyberCity_CentralSecurity_Tiles_1/CyberCity_CentralSecurity_Tiles_1/Structure17_4.png,Structure17_4.png,CyberCity_CentralSecurity_Tiles_1/CyberCity_CentralSecurity_Tiles_1,CyberCity_CentralSecurity_Tiles_1,Structure17,large_structure,113,125,True,"[0, 0, 113, 125]",113,125,67.561,0.32439,0.904,False,False,False,C_LARGE_STRUCTURE
CS_1262,res://assets/tilesets/cyber_city_core_tilesets/CyberCity_CentralSecurity_Tiles/CyberCity_CentralSecurity_Tiles_1/CyberCity_CentralSecurity_Tiles_1/Structure17_5.png,Structure17_5.png,CyberCity_CentralSecurity_Tiles_1/CyberCity_CentralSecurity_Tiles_1,CyberCity_CentralSecurity_Tiles_1,Structure17,large_structure,116,92,True,"[0, 0, 116, 92]",116,92,56.84,0.4316,1.2609,False,False,False,C_LARGE_STRUCTURE
CS_1263,res://assets/tilesets/cyber_city_core_tilesets/CyberCity_CentralSecurity_Tiles/CyberCity_CentralSecurity_Tiles_1/CyberCity_CentralSecurity_Tiles_1/Structure17_6.png,Structure17_6.png,CyberCity_CentralSecurity_Tiles_1/CyberCity_CentralSecurity_Tiles_1,CyberCity_CentralSecurity_Tiles_1,Structure17,large_structure,97,87,True,"[0, 0, 97, 87]",97,87,53.976,0.46024,1.1149,False,False,False,C_LARGE_STRUCTURE
CS_1264,res://assets/tilesets/cyber_city_core_tilesets/CyberCity_CentralSecurity_Tiles/CyberCity_CentralSecurity_Tiles_1/CyberCity_CentralSecurity_Tiles_1/Structure17_7.png,Structure17_7.png,CyberCity_CentralSecurity_Tiles_1/CyberCity_CentralSecurity_Tiles_1,CyberCity_CentralSecurity_Tiles_1,Structure17,large_structure,119,163,True,"[0, 0, 119, 163]",119,163,70.918,0.29082,0.7301,False,False,False,C_LARGE_STRUCTURE
CS_1265,res://assets/tilesets/cyber_city_core_tilesets/CyberCity_CentralSecurity_Tiles/CyberCity_CentralSecurity_Tiles_1/CyberCity_CentralSecurity_Tiles_1/Structure17_8.png,Structure17_8.png,CyberCity_CentralSecurity_Tiles_1/CyberCity_CentralSecurity_Tiles_1,CyberCity_CentralSecurity_Tiles_1,Structure17,large_structure,97,164,True,"[0, 0, 97, 164]",97,164,71.706,0.28294,0.5915,False,False,False,C_LARGE_STRUCTURE
CS_1266,res://assets/tilesets/cyber_city_core_tilesets/CyberCity_CentralSecurity_Tiles/CyberCity_CentralSecurity_Tiles_1/CyberCity_CentralSecurity_Tiles_1/Structure18_1.png,Structure18_1.png,CyberCity_CentralSecurity_Tiles_1/CyberCity_CentralSecurity_Tiles_1,CyberCity_CentralSecurity_Tiles_1,Structure18,large_structure,196,122,True,"[0, 0, 196, 122]",196,122,66.063,0.33937,1.6066,False,False,False,C_LARGE_STRUCTURE
CS_1267,res://assets/tilesets/cyber_city_core_tilesets/CyberCity_CentralSecurity_Tiles/CyberCity_CentralSecurity_Tiles_1/CyberCity_CentralSecurity_Tiles_1/Structure18_2.png,Structure18_2.png,CyberCity_CentralSecurity_Tiles_1/CyberCity_CentralSecurity_Tiles_1,CyberCity_CentralSecurity_Tiles_1,Structure18,large_structure,135,207,True,"[0, 0, 135, 207]",135,207,46.91,0.5309,0.6522,False,False,False,C_LARGE_STRUCTURE
CS_1268,res://assets/tilesets/cyber_city_core_tilesets/CyberCity_CentralSecurity_Tiles/CyberCity_CentralSecurity_Tiles_1/CyberCity_CentralSecurity_Tiles_1/Structure18_3.png,Structure18_3.png,CyberCity_CentralSecurity_Tiles_1/CyberCity_CentralSecurity_Tiles_1,CyberCity_CentralSecurity_Tiles_1,Structure18,large_structure,200,187,True,"[0, 0, 200, 187]",200,187,41.471,0.58529,1.0695,False,False,False,C_LARGE_STRUCTURE
CS_1269,res://assets/tilesets/cyber_city_core_tilesets/CyberCity_CentralSecurity_Tiles/CyberCity_CentralSecurity_Tiles_1/CyberCity_CentralSecurity_Tiles_1/Structure18_4.png,Structure18_4.png,CyberCity_CentralSecurity_Tiles_1/CyberCity_CentralSecurity_Tiles_1,CyberCity_CentralSecurity_Tiles_1,Structure18,large_structure,124,229,True,"[0, 0, 124, 229]",124,229,52.972,0.47028,0.5415,False,False,False,C_LARGE_STRUCTURE
CS_1270,res://assets/tilesets/cyber_city_core_tilesets/CyberCity_CentralSecurity_Tiles/CyberCity_CentralSecurity_Tiles_1/CyberCity_CentralSecurity_Tiles_1/Structure18_5.png,Structure18_5.png,CyberCity_CentralSecurity_Tiles_1/CyberCity_CentralSecurity_Tiles_1,CyberCity_CentralSecurity_Tiles_1,Structure18,large_structure,191,158,True,"[0, 0, 191, 158]",191,158,64.544,0.35456,1.2089,False,False,False,C_LARGE_STRUCTURE
CS_1271,res://assets/tilesets/cyber_city_core_tilesets/CyberCity_CentralSecurity_Tiles/CyberCity_CentralSecurity_Tiles_1/CyberCity_CentralSecurity_Tiles_1/Structure18_6.png,Structure18_6.png,CyberCity_CentralSecurity_Tiles_1/CyberCity_CentralSecurity_Tiles_1,CyberCity_CentralSecurity_Tiles_1,Structure18,large_structure,194,185,True,"[0, 0, 194, 185]",194,185,71.062,0.28938,1.0486,False,False,False,C_LARGE_STRUCTURE
CS_1272,res://assets/tilesets/cyber_city_core_tilesets/CyberCity_CentralSecurity_Tiles/CyberCity_CentralSecurity_Tiles_1/CyberCity_CentralSecurity_Tiles_1/Structure18_7.png,Structure18_7.png,CyberCity_CentralSecurity_Tiles_1/CyberCity_CentralSecurity_Tiles_1,CyberCity_CentralSecurity_Tiles_1,Structure18,large_structure,206,202,True,"[0, 0, 206, 202]",206,202,53.951,0.46049,1.0198,False,False,False,C_LARGE_STRUCTURE
CS_1273,res://assets/tilesets/cyber_city_core_tilesets/CyberCity_CentralSecurity_Tiles/CyberCity_CentralSecurity_Tiles_1/CyberCity_CentralSecurity_Tiles_1/Structure18_8.png,Structure18_8.png,CyberCity_CentralSecurity_Tiles_1/CyberCity_CentralSecurity_Tiles_1,CyberCity_CentralSecurity_Tiles_1,Structure18,large_structure,180,226,True,"[0, 0, 180, 226]",180,226,50.969,0.49031,0.7965,False,False,False,C_LARGE_STRUCTURE
CS_1274,res://assets/tilesets/cyber_city_core_tilesets/CyberCity_CentralSecurity_Tiles/CyberCity_CentralSecurity_Tiles_1/CyberCity_CentralSecurity_Tiles_1/Structure19_1.png,Structure19_1.png,CyberCity_CentralSecurity_Tiles_1/CyberCity_CentralSecurity_Tiles_1,CyberCity_CentralSecurity_Tiles_1,Structure19,large_structure,211,319,True,"[0, 0, 211, 319]",211,319,14.364,0.85636,0.6614,False,False,False,C_LARGE_STRUCTURE
CS_1275,res://assets/tilesets/cyber_city_core_tilesets/CyberCity_CentralSecurity_Tiles/CyberCity_CentralSecurity_Tiles_1/CyberCity_CentralSecurity_Tiles_1/Structure19_2.png,Structure19_2.png,CyberCity_CentralSecurity_Tiles_1/CyberCity_CentralSecurity_Tiles_1,CyberCity_CentralSecurity_Tiles_1,Structure19,large_structure,341,219,True,"[0, 0, 341, 219]",341,219,23.381,0.76619,1.5571,False,False,False,C_LARGE_STRUCTURE
CS_1276,res://assets/tilesets/cyber_city_core_tilesets/CyberCity_CentralSecurity_Tiles/CyberCity_CentralSecurity_Tiles_1/CyberCity_CentralSecurity_Tiles_1/Structure19_3.png,Structure19_3.png,CyberCity_CentralSecurity_Tiles_1/CyberCity_CentralSecurity_Tiles_1,CyberCity_CentralSecurity_Tiles_1,Structure19,large_structure,215,318,True,"[0, 0, 215, 318]",215,318,14.201,0.85799,0.6761,False,False,False,C_LARGE_STRUCTURE
CS_1277,res://assets/tilesets/cyber_city_core_tilesets/CyberCity_CentralSecurity_Tiles/CyberCity_CentralSecurity_Tiles_1/CyberCity_CentralSecurity_Tiles_1/Structure19_4.png,Structure19_4.png,CyberCity_CentralSecurity_Tiles_1/CyberCity_CentralSecurity_Tiles_1,CyberCity_CentralSecurity_Tiles_1,Structure19,large_structure,338,222,True,"[0, 0, 338, 222]",338,222,15.655,0.84345,1.5225,False,False,False,C_LARGE_STRUCTURE
CS_1278,res://assets/tilesets/cyber_city_core_tilesets/CyberCity_CentralSecurity_Tiles/CyberCity_CentralSecurity_Tiles_1/CyberCity_CentralSecurity_Tiles_1/Structure19_5.png,Structure19_5.png,CyberCity_CentralSecurity_Tiles_1/CyberCity_CentralSecurity_Tiles_1,CyberCity_CentralSecurity_Tiles_1,Structure19,large_structure,359,330,True,"[0, 0, 359, 330]",359,330,51.89,0.4811,1.0879,False,False,False,C_LARGE_STRUCTURE
CS_1279,res://assets/tilesets/cyber_city_core_tilesets/CyberCity_CentralSecurity_Tiles/CyberCity_CentralSecurity_Tiles_1/CyberCity_CentralSecurity_Tiles_1/Structure19_6.png,Structure19_6.png,CyberCity_CentralSecurity_Tiles_1/CyberCity_CentralSecurity_Tiles_1,CyberCity_CentralSecurity_Tiles_1,Structure19,large_structure,358,332,True,"[0, 0, 358, 332]",358,332,46.192,0.53808,1.0783,False,False,False,C_LARGE_STRUCTURE
CS_1280,res://assets/tilesets/cyber_city_core_tilesets/CyberCity_CentralSecurity_Tiles/CyberCity_CentralSecurity_Tiles_1/CyberCity_CentralSecurity_Tiles_1/Structure19_7.png,Structure19_7.png,CyberCity_CentralSecurity_Tiles_1/CyberCity_CentralSecurity_Tiles_1,CyberCity_CentralSecurity_Tiles_1,Structure19,large_structure,363,329,True,"[0, 0, 363, 329]",363,329,48.344,0.51656,1.1033,False,False,False,C_LARGE_STRUCTURE
CS_1281,res://assets/tilesets/cyber_city_core_tilesets/CyberCity_CentralSecurity_Tiles/CyberCity_CentralSecurity_Tiles_1/CyberCity_CentralSecurity_Tiles_1/Structure19_8.png,Structure19_8.png,CyberCity_CentralSecurity_Tiles_1/CyberCity_CentralSecurity_Tiles_1,CyberCity_CentralSecurity_Tiles_1,Structure19,large_structure,363,330,True,"[0, 0, 363, 330]",363,330,47.521,0.52479,1.1,False,False,False,C_LARGE_STRUCTURE
CS_1282,res://assets/tilesets/cyber_city_core_tilesets/CyberCity_CentralSecurity_Tiles/CyberCity_CentralSecurity_Tiles_1/CyberCity_CentralSecurity_Tiles_1/Structure1_1.png,Structure1_1.png,CyberCity_CentralSecurity_Tiles_1/CyberCity_CentralSecurity_Tiles_1,CyberCity_CentralSecurity_Tiles_1,Structure1,large_structure,1358,1192,True,"[0, 0, 1358, 1192]",1358,1192,15.984,0.84016,1.1393,False,True,False,C_LARGE_STRUCTURE
CS_1283,res://assets/tilesets/cyber_city_core_tilesets/CyberCity_CentralSecurity_Tiles/CyberCity_CentralSecurity_Tiles_1/CyberCity_CentralSecurity_Tiles_1/Structure1_2.png,Structure1_2.png,CyberCity_CentralSecurity_Tiles_1/CyberCity_CentralSecurity_Tiles_1,CyberCity_CentralSecurity_Tiles_1,Structure1,large_structure,1706,1216,True,"[0, 0, 1706, 1216]",1706,1216,26.516,0.73484,1.403,False,True,False,C_LARGE_STRUCTURE
CS_1284,res://assets/tilesets/cyber_city_core_tilesets/CyberCity_CentralSecurity_Tiles/CyberCity_CentralSecurity_Tiles_1/CyberCity_CentralSecurity_Tiles_1/Structure1_3.png,Structure1_3.png,CyberCity_CentralSecurity_Tiles_1/CyberCity_CentralSecurity_Tiles_1,CyberCity_CentralSecurity_Tiles_1,Structure1,large_structure,1359,1534,True,"[0, 0, 1359, 1534]",1359,1534,29.184,0.70816,0.8859,False,True,False,C_LARGE_STRUCTURE
CS_1285,res://assets/tilesets/cyber_city_core_tilesets/CyberCity_CentralSecurity_Tiles/CyberCity_CentralSecurity_Tiles_1/CyberCity_CentralSecurity_Tiles_1/Structure1_4.png,Structure1_4.png,CyberCity_CentralSecurity_Tiles_1/CyberCity_CentralSecurity_Tiles_1,CyberCity_CentralSecurity_Tiles_1,Structure1,large_structure,1618,1215,True,"[0, 0, 1618, 1215]",1618,1215,23.49,0.7651,1.3317,False,True,False,C_LARGE_STRUCTURE
CS_1286,res://assets/tilesets/cyber_city_core_tilesets/CyberCity_CentralSecurity_Tiles/CyberCity_CentralSecurity_Tiles_1/CyberCity_CentralSecurity_Tiles_1/Structure1_5.png,Structure1_5.png,CyberCity_CentralSecurity_Tiles_1/CyberCity_CentralSecurity_Tiles_1,CyberCity_CentralSecurity_Tiles_1,Structure1,large_structure,1798,1186,True,"[0, 0, 1798, 1186]",1798,1186,31.761,0.68239,1.516,False,True,False,C_LARGE_STRUCTURE
CS_1287,res://assets/tilesets/cyber_city_core_tilesets/CyberCity_CentralSecurity_Tiles/CyberCity_CentralSecurity_Tiles_1/CyberCity_CentralSecurity_Tiles_1/Structure1_6.png,Structure1_6.png,CyberCity_CentralSecurity_Tiles_1/CyberCity_CentralSecurity_Tiles_1,CyberCity_CentralSecurity_Tiles_1,Structure1,large_structure,1682,1188,True,"[0, 0, 1682, 1188]",1682,1188,27.863,0.72137,1.4158,False,True,False,C_LARGE_STRUCTURE
CS_1288,res://assets/tilesets/cyber_city_core_tilesets/CyberCity_CentralSecurity_Tiles/CyberCity_CentralSecurity_Tiles_1/CyberCity_CentralSecurity_Tiles_1/Structure1_7.png,Structure1_7.png,CyberCity_CentralSecurity_Tiles_1/CyberCity_CentralSecurity_Tiles_1,CyberCity_CentralSecurity_Tiles_1,Structure1,large_structure,1797,1600,True,"[0, 0, 1797, 1600]",1797,1600,47.262,0.52738,1.1231,False,True,False,C_LARGE_STRUCTURE
CS_1289,res://assets/tilesets/cyber_city_core_tilesets/CyberCity_CentralSecurity_Tiles/CyberCity_CentralSecurity_Tiles_1/CyberCity_CentralSecurity_Tiles_1/Structure1_8.png,Structure1_8.png,CyberCity_CentralSecurity_Tiles_1/CyberCity_CentralSecurity_Tiles_1,CyberCity_CentralSecurity_Tiles_1,Structure1,large_structure,1681,1596,True,"[0, 0, 1681, 1596]",1681,1596,44.021,0.55979,1.0533,False,True,False,C_LARGE_STRUCTURE
CS_1290,res://assets/tilesets/cyber_city_core_tilesets/CyberCity_CentralSecurity_Tiles/CyberCity_CentralSecurity_Tiles_1/CyberCity_CentralSecurity_Tiles_1/Structure2_1.png,Structure2_1.png,CyberCity_CentralSecurity_Tiles_1/CyberCity_CentralSecurity_Tiles_1,CyberCity_CentralSecurity_Tiles_1,Structure2,large_structure,405,653,True,"[0, 0, 405, 653]",405,653,38.277,0.61723,0.6202,False,False,False,C_LARGE_STRUCTURE
CS_1291,res://assets/tilesets/cyber_city_core_tilesets/CyberCity_CentralSecurity_Tiles/CyberCity_CentralSecurity_Tiles_1/CyberCity_CentralSecurity_Tiles_1/Structure2_2.png,Structure2_2.png,CyberCity_CentralSecurity_Tiles_1/CyberCity_CentralSecurity_Tiles_1,CyberCity_CentralSecurity_Tiles_1,Structure2,large_structure,441,639,True,"[0, 0, 441, 639]",441,639,37.216,0.62784,0.6901,False,False,False,C_LARGE_STRUCTURE
CS_1292,res://assets/tilesets/cyber_city_core_tilesets/CyberCity_CentralSecurity_Tiles/CyberCity_CentralSecurity_Tiles_1/CyberCity_CentralSecurity_Tiles_1/Structure2_3.png,Structure2_3.png,CyberCity_CentralSecurity_Tiles_1/CyberCity_CentralSecurity_Tiles_1,CyberCity_CentralSecurity_Tiles_1,Structure2,large_structure,390,655,True,"[0, 0, 390, 655]",390,655,37.21,0.6279,0.5954,False,False,False,C_LARGE_STRUCTURE
CS_1293,res://assets/tilesets/cyber_city_core_tilesets/CyberCity_CentralSecurity_Tiles/CyberCity_CentralSecurity_Tiles_1/CyberCity_CentralSecurity_Tiles_1/Structure2_4.png,Structure2_4.png,CyberCity_CentralSecurity_Tiles_1/CyberCity_CentralSecurity_Tiles_1,CyberCity_CentralSecurity_Tiles_1,Structure2,large_structure,439,618,True,"[0, 0, 439, 618]",439,618,36.209,0.63791,0.7104,False,False,False,C_LARGE_STRUCTURE
CS_1294,res://assets/tilesets/cyber_city_core_tilesets/CyberCity_CentralSecurity_Tiles/CyberCity_CentralSecurity_Tiles_1/CyberCity_CentralSecurity_Tiles_1/Structure2_5.png,Structure2_5.png,CyberCity_CentralSecurity_Tiles_1/CyberCity_CentralSecurity_Tiles_1,CyberCity_CentralSecurity_Tiles_1,Structure2,large_structure,453,672,True,"[0, 0, 453, 672]",453,672,40.427,0.59573,0.6741,False,False,False,C_LARGE_STRUCTURE
CS_1295,res://assets/tilesets/cyber_city_core_tilesets/CyberCity_CentralSecurity_Tiles/CyberCity_CentralSecurity_Tiles_1/CyberCity_CentralSecurity_Tiles_1/Structure2_6.png,Structure2_6.png,CyberCity_CentralSecurity_Tiles_1/CyberCity_CentralSecurity_Tiles_1,CyberCity_CentralSecurity_Tiles_1,Structure2,large_structure,454,672,True,"[0, 0, 454, 672]",454,672,42.752,0.57248,0.6756,False,False,False,C_LARGE_STRUCTURE
CS_1296,res://assets/tilesets/cyber_city_core_tilesets/CyberCity_CentralSecurity_Tiles/CyberCity_CentralSecurity_Tiles_1/CyberCity_CentralSecurity_Tiles_1/Structure2_7.png,Structure2_7.png,CyberCity_CentralSecurity_Tiles_1/CyberCity_CentralSecurity_Tiles_1,CyberCity_CentralSecurity_Tiles_1,Structure2,large_structure,452,672,True,"[0, 0, 452, 672]",452,672,41.256,0.58744,0.6726,False,False,False,C_LARGE_STRUCTURE
CS_1297,res://assets/tilesets/cyber_city_core_tilesets/CyberCity_CentralSecurity_Tiles/CyberCity_CentralSecurity_Tiles_1/CyberCity_CentralSecurity_Tiles_1/Structure2_8.png,Structure2_8.png,CyberCity_CentralSecurity_Tiles_1/CyberCity_CentralSecurity_Tiles_1,CyberCity_CentralSecurity_Tiles_1,Structure2,large_structure,454,672,True,"[0, 0, 454, 672]",454,672,41.63,0.5837,0.6756,False,False,False,C_LARGE_STRUCTURE
CS_1298,res://assets/tilesets/cyber_city_core_tilesets/CyberCity_CentralSecurity_Tiles/CyberCity_CentralSecurity_Tiles_1/CyberCity_CentralSecurity_Tiles_1/Structure3_1.png,Structure3_1.png,CyberCity_CentralSecurity_Tiles_1/CyberCity_CentralSecurity_Tiles_1,CyberCity_CentralSecurity_Tiles_1,Structure3,large_structure,430,776,True,"[0, 0, 430, 776]",430,776,57.203,0.42797,0.5541,False,False,False,C_LARGE_STRUCTURE
CS_1299,res://assets/tilesets/cyber_city_core_tilesets/CyberCity_CentralSecurity_Tiles/CyberCity_CentralSecurity_Tiles_1/CyberCity_CentralSecurity_Tiles_1/Structure3_2.png,Structure3_2.png,CyberCity_CentralSecurity_Tiles_1/CyberCity_CentralSecurity_Tiles_1,CyberCity_CentralSecurity_Tiles_1,Structure3,large_structure,343,775,True,"[0, 0, 343, 775]",343,775,55.048,0.44952,0.4426,False,False,False,C_LARGE_STRUCTURE
CS_1300,res://assets/tilesets/cyber_city_core_tilesets/CyberCity_CentralSecurity_Tiles/CyberCity_CentralSecurity_Tiles_1/CyberCity_CentralSecurity_Tiles_1/Structure3_3.png,Structure3_3.png,CyberCity_CentralSecurity_Tiles_1/CyberCity_CentralSecurity_Tiles_1,CyberCity_CentralSecurity_Tiles_1,Structure3,large_structure,424,770,True,"[0, 0, 424, 770]",424,770,56.054,0.43946,0.5506,False,False,False,C_LARGE_STRUCTURE
CS_1301,res://assets/tilesets/cyber_city_core_tilesets/CyberCity_CentralSecurity_Tiles/CyberCity_CentralSecurity_Tiles_1/CyberCity_CentralSecurity_Tiles_1/Structure3_4.png,Structure3_4.png,CyberCity_CentralSecurity_Tiles_1/CyberCity_CentralSecurity_Tiles_1,CyberCity_CentralSecurity_Tiles_1,Structure3,large_structure,342,772,True,"[0, 0, 342, 772]",342,772,54.739,0.45261,0.443,False,False,False,C_LARGE_STRUCTURE
CS_1302,res://assets/tilesets/cyber_city_core_tilesets/CyberCity_CentralSecurity_Tiles/CyberCity_CentralSecurity_Tiles_1/CyberCity_CentralSecurity_Tiles_1/Structure3_5.png,Structure3_5.png,CyberCity_CentralSecurity_Tiles_1/CyberCity_CentralSecurity_Tiles_1,CyberCity_CentralSecurity_Tiles_1,Structure3,large_structure,375,760,True,"[0, 0, 375, 760]",375,760,53.649,0.46351,0.4934,False,False,False,C_LARGE_STRUCTURE
CS_1303,res://assets/tilesets/cyber_city_core_tilesets/CyberCity_CentralSecurity_Tiles/CyberCity_CentralSecurity_Tiles_1/CyberCity_CentralSecurity_Tiles_1/Structure3_6.png,Structure3_6.png,CyberCity_CentralSecurity_Tiles_1/CyberCity_CentralSecurity_Tiles_1,CyberCity_CentralSecurity_Tiles_1,Structure3,large_structure,375,763,True,"[0, 0, 375, 763]",375,763,52.441,0.47559,0.4915,False,False,False,C_LARGE_STRUCTURE
CS_1304,res://assets/tilesets/cyber_city_core_tilesets/CyberCity_CentralSecurity_Tiles/CyberCity_CentralSecurity_Tiles_1/CyberCity_CentralSecurity_Tiles_1/Structure3_7.png,Structure3_7.png,CyberCity_CentralSecurity_Tiles_1/CyberCity_CentralSecurity_Tiles_1,CyberCity_CentralSecurity_Tiles_1,Structure3,large_structure,377,755,True,"[0, 0, 377, 755]",377,755,51.606,0.48394,0.4993,False,False,False,C_LARGE_STRUCTURE
CS_1305,res://assets/tilesets/cyber_city_core_tilesets/CyberCity_CentralSecurity_Tiles/CyberCity_CentralSecurity_Tiles_1/CyberCity_CentralSecurity_Tiles_1/Structure3_8.png,Structure3_8.png,CyberCity_CentralSecurity_Tiles_1/CyberCity_CentralSecurity_Tiles_1,CyberCity_CentralSecurity_Tiles_1,Structure3,large_structure,377,760,True,"[0, 0, 377, 760]",377,760,54.148,0.45852,0.4961,False,False,False,C_LARGE_STRUCTURE
CS_1306,res://assets/tilesets/cyber_city_core_tilesets/CyberCity_CentralSecurity_Tiles/CyberCity_CentralSecurity_Tiles_1/CyberCity_CentralSecurity_Tiles_1/Structure4_1.png,Structure4_1.png,CyberCity_CentralSecurity_Tiles_1/CyberCity_CentralSecurity_Tiles_1,CyberCity_CentralSecurity_Tiles_1,Structure4,large_structure,619,1201,True,"[0, 0, 619, 1201]",619,1201,51.438,0.48562,0.5154,False,True,False,C_LARGE_STRUCTURE
CS_1307,res://assets/tilesets/cyber_city_core_tilesets/CyberCity_CentralSecurity_Tiles/CyberCity_CentralSecurity_Tiles_1/CyberCity_CentralSecurity_Tiles_1/Structure4_2.png,Structure4_2.png,CyberCity_CentralSecurity_Tiles_1/CyberCity_CentralSecurity_Tiles_1,CyberCity_CentralSecurity_Tiles_1,Structure4,large_structure,665,1196,True,"[0, 0, 665, 1196]",665,1196,53.449,0.46551,0.556,False,False,False,C_LARGE_STRUCTURE
CS_1308,res://assets/tilesets/cyber_city_core_tilesets/CyberCity_CentralSecurity_Tiles/CyberCity_CentralSecurity_Tiles_1/CyberCity_CentralSecurity_Tiles_1/Structure5_1.png,Structure5_1.png,CyberCity_CentralSecurity_Tiles_1/CyberCity_CentralSecurity_Tiles_1,CyberCity_CentralSecurity_Tiles_1,Structure5,large_structure,304,354,True,"[0, 0, 304, 354]",304,354,26.106,0.73894,0.8588,False,False,False,C_LARGE_STRUCTURE
CS_1309,res://assets/tilesets/cyber_city_core_tilesets/CyberCity_CentralSecurity_Tiles/CyberCity_CentralSecurity_Tiles_1/CyberCity_CentralSecurity_Tiles_1/Structure5_2.png,Structure5_2.png,CyberCity_CentralSecurity_Tiles_1/CyberCity_CentralSecurity_Tiles_1,CyberCity_CentralSecurity_Tiles_1,Structure5,large_structure,251,407,True,"[0, 0, 251, 407]",251,407,24.8,0.752,0.6167,False,False,False,C_LARGE_STRUCTURE
CS_1310,res://assets/tilesets/cyber_city_core_tilesets/CyberCity_CentralSecurity_Tiles/CyberCity_CentralSecurity_Tiles_1/CyberCity_CentralSecurity_Tiles_1/Structure5_3.png,Structure5_3.png,CyberCity_CentralSecurity_Tiles_1/CyberCity_CentralSecurity_Tiles_1,CyberCity_CentralSecurity_Tiles_1,Structure5,large_structure,306,356,True,"[0, 0, 306, 356]",306,356,26.261,0.73739,0.8596,False,False,False,C_LARGE_STRUCTURE
CS_1311,res://assets/tilesets/cyber_city_core_tilesets/CyberCity_CentralSecurity_Tiles/CyberCity_CentralSecurity_Tiles_1/CyberCity_CentralSecurity_Tiles_1/Structure5_4.png,Structure5_4.png,CyberCity_CentralSecurity_Tiles_1/CyberCity_CentralSecurity_Tiles_1,CyberCity_CentralSecurity_Tiles_1,Structure5,large_structure,244,406,True,"[0, 0, 244, 406]",244,406,23.361,0.76639,0.601,False,False,False,C_LARGE_STRUCTURE
CS_1312,res://assets/tilesets/cyber_city_core_tilesets/CyberCity_CentralSecurity_Tiles/CyberCity_CentralSecurity_Tiles_1/CyberCity_CentralSecurity_Tiles_1/Structure5_5.png,Structure5_5.png,CyberCity_CentralSecurity_Tiles_1/CyberCity_CentralSecurity_Tiles_1,CyberCity_CentralSecurity_Tiles_1,Structure5,large_structure,340,424,True,"[0, 0, 340, 424]",340,424,39.243,0.60757,0.8019,False,False,False,C_LARGE_STRUCTURE
CS_1313,res://assets/tilesets/cyber_city_core_tilesets/CyberCity_CentralSecurity_Tiles/CyberCity_CentralSecurity_Tiles_1/CyberCity_CentralSecurity_Tiles_1/Structure5_6.png,Structure5_6.png,CyberCity_CentralSecurity_Tiles_1/CyberCity_CentralSecurity_Tiles_1,CyberCity_CentralSecurity_Tiles_1,Structure5,large_structure,342,424,True,"[0, 0, 342, 424]",342,424,42.487,0.57513,0.8066,False,False,False,C_LARGE_STRUCTURE
CS_1314,res://assets/tilesets/cyber_city_core_tilesets/CyberCity_CentralSecurity_Tiles/CyberCity_CentralSecurity_Tiles_1/CyberCity_CentralSecurity_Tiles_1/Structure5_7.png,Structure5_7.png,CyberCity_CentralSecurity_Tiles_1/CyberCity_CentralSecurity_Tiles_1,CyberCity_CentralSecurity_Tiles_1,Structure5,large_structure,340,427,True,"[0, 0, 340, 427]",340,427,41.761,0.58239,0.7963,False,False,False,C_LARGE_STRUCTURE
CS_1315,res://assets/tilesets/cyber_city_core_tilesets/CyberCity_CentralSecurity_Tiles/CyberCity_CentralSecurity_Tiles_1/CyberCity_CentralSecurity_Tiles_1/Structure5_8.png,Structure5_8.png,CyberCity_CentralSecurity_Tiles_1/CyberCity_CentralSecurity_Tiles_1,CyberCity_CentralSecurity_Tiles_1,Structure5,large_structure,339,425,True,"[0, 0, 339, 425]",339,425,38.842,0.61158,0.7976,False,False,False,C_LARGE_STRUCTURE
CS_1316,res://assets/tilesets/cyber_city_core_tilesets/CyberCity_CentralSecurity_Tiles/CyberCity_CentralSecurity_Tiles_1/CyberCity_CentralSecurity_Tiles_1/Structure6_1.png,Structure6_1.png,CyberCity_CentralSecurity_Tiles_1/CyberCity_CentralSecurity_Tiles_1,CyberCity_CentralSecurity_Tiles_1,Structure6,large_structure,302,291,True,"[0, 0, 302, 291]",302,291,21.652,0.78348,1.0378,False,False,False,C_LARGE_STRUCTURE
CS_1317,res://assets/tilesets/cyber_city_core_tilesets/CyberCity_CentralSecurity_Tiles/CyberCity_CentralSecurity_Tiles_1/CyberCity_CentralSecurity_Tiles_1/Structure6_2.png,Structure6_2.png,CyberCity_CentralSecurity_Tiles_1/CyberCity_CentralSecurity_Tiles_1,CyberCity_CentralSecurity_Tiles_1,Structure6,large_structure,233,402,True,"[0, 0, 233, 402]",233,402,27.101,0.72899,0.5796,False,False,False,C_LARGE_STRUCTURE
CS_1318,res://assets/tilesets/cyber_city_core_tilesets/CyberCity_CentralSecurity_Tiles/CyberCity_CentralSecurity_Tiles_1/CyberCity_CentralSecurity_Tiles_1/Structure6_3.png,Structure6_3.png,CyberCity_CentralSecurity_Tiles_1/CyberCity_CentralSecurity_Tiles_1,CyberCity_CentralSecurity_Tiles_1,Structure6,large_structure,306,346,True,"[0, 0, 306, 346]",306,346,31.25,0.6875,0.8844,False,False,False,C_LARGE_STRUCTURE
CS_1319,res://assets/tilesets/cyber_city_core_tilesets/CyberCity_CentralSecurity_Tiles/CyberCity_CentralSecurity_Tiles_1/CyberCity_CentralSecurity_Tiles_1/Structure6_4.png,Structure6_4.png,CyberCity_CentralSecurity_Tiles_1/CyberCity_CentralSecurity_Tiles_1,CyberCity_CentralSecurity_Tiles_1,Structure6,large_structure,233,404,True,"[0, 0, 233, 404]",233,404,29.203,0.70797,0.5767,False,False,False,C_LARGE_STRUCTURE
CS_1320,res://assets/tilesets/cyber_city_core_tilesets/CyberCity_CentralSecurity_Tiles/CyberCity_CentralSecurity_Tiles_1/CyberCity_CentralSecurity_Tiles_1/Structure6_5.png,Structure6_5.png,CyberCity_CentralSecurity_Tiles_1/CyberCity_CentralSecurity_Tiles_1,CyberCity_CentralSecurity_Tiles_1,Structure6,large_structure,337,377,True,"[0, 0, 337, 377]",337,377,38.522,0.61478,0.8939,False,False,False,C_LARGE_STRUCTURE
CS_1321,res://assets/tilesets/cyber_city_core_tilesets/CyberCity_CentralSecurity_Tiles/CyberCity_CentralSecurity_Tiles_1/CyberCity_CentralSecurity_Tiles_1/Structure6_6.png,Structure6_6.png,CyberCity_CentralSecurity_Tiles_1/CyberCity_CentralSecurity_Tiles_1,CyberCity_CentralSecurity_Tiles_1,Structure6,large_structure,337,377,True,"[0, 0, 337, 377]",337,377,46.549,0.53451,0.8939,False,False,False,C_LARGE_STRUCTURE
CS_1322,res://assets/tilesets/cyber_city_core_tilesets/CyberCity_CentralSecurity_Tiles/CyberCity_CentralSecurity_Tiles_1/CyberCity_CentralSecurity_Tiles_1/Structure6_7.png,Structure6_7.png,CyberCity_CentralSecurity_Tiles_1/CyberCity_CentralSecurity_Tiles_1,CyberCity_CentralSecurity_Tiles_1,Structure6,large_structure,338,414,True,"[0, 0, 338, 414]",338,414,46.247,0.53753,0.8164,False,False,False,C_LARGE_STRUCTURE
CS_1323,res://assets/tilesets/cyber_city_core_tilesets/CyberCity_CentralSecurity_Tiles/CyberCity_CentralSecurity_Tiles_1/CyberCity_CentralSecurity_Tiles_1/Structure6_8.png,Structure6_8.png,CyberCity_CentralSecurity_Tiles_1/CyberCity_CentralSecurity_Tiles_1,CyberCity_CentralSecurity_Tiles_1,Structure6,large_structure,337,417,True,"[0, 0, 337, 417]",337,417,44.25,0.5575,0.8082,False,False,False,C_LARGE_STRUCTURE
CS_1324,res://assets/tilesets/cyber_city_core_tilesets/CyberCity_CentralSecurity_Tiles/CyberCity_CentralSecurity_Tiles_1/CyberCity_CentralSecurity_Tiles_1/Structure7_1.png,Structure7_1.png,CyberCity_CentralSecurity_Tiles_1/CyberCity_CentralSecurity_Tiles_1,CyberCity_CentralSecurity_Tiles_1,Structure7,large_structure,303,409,True,"[0, 0, 303, 409]",303,409,34.438,0.65562,0.7408,False,False,False,C_LARGE_STRUCTURE
CS_1325,res://assets/tilesets/cyber_city_core_tilesets/CyberCity_CentralSecurity_Tiles/CyberCity_CentralSecurity_Tiles_1/CyberCity_CentralSecurity_Tiles_1/Structure7_2.png,Structure7_2.png,CyberCity_CentralSecurity_Tiles_1/CyberCity_CentralSecurity_Tiles_1,CyberCity_CentralSecurity_Tiles_1,Structure7,large_structure,347,407,True,"[0, 0, 347, 407]",347,407,39.815,0.60185,0.8526,False,False,False,C_LARGE_STRUCTURE
CS_1326,res://assets/tilesets/cyber_city_core_tilesets/CyberCity_CentralSecurity_Tiles/CyberCity_CentralSecurity_Tiles_1/CyberCity_CentralSecurity_Tiles_1/Structure7_3.png,Structure7_3.png,CyberCity_CentralSecurity_Tiles_1/CyberCity_CentralSecurity_Tiles_1,CyberCity_CentralSecurity_Tiles_1,Structure7,large_structure,304,410,True,"[0, 0, 304, 410]",304,410,34.771,0.65229,0.7415,False,False,False,C_LARGE_STRUCTURE
CS_1327,res://assets/tilesets/cyber_city_core_tilesets/CyberCity_CentralSecurity_Tiles/CyberCity_CentralSecurity_Tiles_1/CyberCity_CentralSecurity_Tiles_1/Structure7_4.png,Structure7_4.png,CyberCity_CentralSecurity_Tiles_1/CyberCity_CentralSecurity_Tiles_1,CyberCity_CentralSecurity_Tiles_1,Structure7,large_structure,345,403,True,"[0, 0, 345, 403]",345,403,38.853,0.61147,0.8561,False,False,False,C_LARGE_STRUCTURE
CS_1328,res://assets/tilesets/cyber_city_core_tilesets/CyberCity_CentralSecurity_Tiles/CyberCity_CentralSecurity_Tiles_1/CyberCity_CentralSecurity_Tiles_1/Structure7_5.png,Structure7_5.png,CyberCity_CentralSecurity_Tiles_1/CyberCity_CentralSecurity_Tiles_1,CyberCity_CentralSecurity_Tiles_1,Structure7,large_structure,400,463,True,"[0, 0, 400, 463]",400,463,51.565,0.48435,0.8639,False,False,False,C_LARGE_STRUCTURE
CS_1329,res://assets/tilesets/cyber_city_core_tilesets/CyberCity_CentralSecurity_Tiles/CyberCity_CentralSecurity_Tiles_1/CyberCity_CentralSecurity_Tiles_1/Structure7_6.png,Structure7_6.png,CyberCity_CentralSecurity_Tiles_1/CyberCity_CentralSecurity_Tiles_1,CyberCity_CentralSecurity_Tiles_1,Structure7,large_structure,398,464,True,"[0, 0, 398, 464]",398,464,53.228,0.46772,0.8578,False,False,False,C_LARGE_STRUCTURE
CS_1330,res://assets/tilesets/cyber_city_core_tilesets/CyberCity_CentralSecurity_Tiles/CyberCity_CentralSecurity_Tiles_1/CyberCity_CentralSecurity_Tiles_1/Structure7_7.png,Structure7_7.png,CyberCity_CentralSecurity_Tiles_1/CyberCity_CentralSecurity_Tiles_1,CyberCity_CentralSecurity_Tiles_1,Structure7,large_structure,396,466,True,"[0, 0, 396, 466]",396,466,53.216,0.46784,0.8498,False,False,False,C_LARGE_STRUCTURE
CS_1331,res://assets/tilesets/cyber_city_core_tilesets/CyberCity_CentralSecurity_Tiles/CyberCity_CentralSecurity_Tiles_1/CyberCity_CentralSecurity_Tiles_1/Structure7_8.png,Structure7_8.png,CyberCity_CentralSecurity_Tiles_1/CyberCity_CentralSecurity_Tiles_1,CyberCity_CentralSecurity_Tiles_1,Structure7,large_structure,395,462,True,"[0, 0, 395, 462]",395,462,50.864,0.49136,0.855,False,False,False,C_LARGE_STRUCTURE
CS_1332,res://assets/tilesets/cyber_city_core_tilesets/CyberCity_CentralSecurity_Tiles/CyberCity_CentralSecurity_Tiles_1/CyberCity_CentralSecurity_Tiles_1/Structure8_1.png,Structure8_1.png,CyberCity_CentralSecurity_Tiles_1/CyberCity_CentralSecurity_Tiles_1,CyberCity_CentralSecurity_Tiles_1,Structure8,large_structure,2085,1655,True,"[0, 0, 2085, 1655]",2085,1655,85.841,0.14159,1.2598,False,True,False,C_LARGE_STRUCTURE
CS_1333,res://assets/tilesets/cyber_city_core_tilesets/CyberCity_CentralSecurity_Tiles/CyberCity_CentralSecurity_Tiles_1/CyberCity_CentralSecurity_Tiles_1/Structure8_2.png,Structure8_2.png,CyberCity_CentralSecurity_Tiles_1/CyberCity_CentralSecurity_Tiles_1,CyberCity_CentralSecurity_Tiles_1,Structure8,large_structure,2084,1654,True,"[0, 0, 2084, 1654]",2084,1654,85.794,0.14206,1.26,False,True,False,C_LARGE_STRUCTURE
CS_1334,res://assets/tilesets/cyber_city_core_tilesets/CyberCity_CentralSecurity_Tiles/CyberCity_CentralSecurity_Tiles_1/CyberCity_CentralSecurity_Tiles_1/Structure8_3.png,Structure8_3.png,CyberCity_CentralSecurity_Tiles_1/CyberCity_CentralSecurity_Tiles_1,CyberCity_CentralSecurity_Tiles_1,Structure8,large_structure,2082,1655,True,"[0, 0, 2082, 1655]",2082,1655,85.865,0.14135,1.258,False,True,False,C_LARGE_STRUCTURE
CS_1335,res://assets/tilesets/cyber_city_core_tilesets/CyberCity_CentralSecurity_Tiles/CyberCity_CentralSecurity_Tiles_1/CyberCity_CentralSecurity_Tiles_1/Structure8_4.png,Structure8_4.png,CyberCity_CentralSecurity_Tiles_1/CyberCity_CentralSecurity_Tiles_1,CyberCity_CentralSecurity_Tiles_1,Structure8,large_structure,2084,1654,True,"[0, 0, 2084, 1654]",2084,1654,85.882,0.14118,1.26,False,True,False,C_LARGE_STRUCTURE
CS_1336,res://assets/tilesets/cyber_city_core_tilesets/CyberCity_CentralSecurity_Tiles/CyberCity_CentralSecurity_Tiles_1/CyberCity_CentralSecurity_Tiles_1/Structure8_5.png,Structure8_5.png,CyberCity_CentralSecurity_Tiles_1/CyberCity_CentralSecurity_Tiles_1,CyberCity_CentralSecurity_Tiles_1,Structure8,large_structure,2085,1656,True,"[0, 0, 2085, 1656]",2085,1656,85.921,0.14079,1.2591,False,True,False,C_LARGE_STRUCTURE
CS_1337,res://assets/tilesets/cyber_city_core_tilesets/CyberCity_CentralSecurity_Tiles/CyberCity_CentralSecurity_Tiles_1/CyberCity_CentralSecurity_Tiles_1/Structure8_6.png,Structure8_6.png,CyberCity_CentralSecurity_Tiles_1/CyberCity_CentralSecurity_Tiles_1,CyberCity_CentralSecurity_Tiles_1,Structure8,large_structure,2084,1653,True,"[0, 0, 2084, 1653]",2084,1653,85.809,0.14191,1.2607,False,True,False,C_LARGE_STRUCTURE
CS_1338,res://assets/tilesets/cyber_city_core_tilesets/CyberCity_CentralSecurity_Tiles/CyberCity_CentralSecurity_Tiles_1/CyberCity_CentralSecurity_Tiles_1/Structure8_7.png,Structure8_7.png,CyberCity_CentralSecurity_Tiles_1/CyberCity_CentralSecurity_Tiles_1,CyberCity_CentralSecurity_Tiles_1,Structure8,large_structure,2084,1652,True,"[0, 0, 2084, 1652]",2084,1652,85.828,0.14172,1.2615,False,True,False,C_LARGE_STRUCTURE
CS_1339,res://assets/tilesets/cyber_city_core_tilesets/CyberCity_CentralSecurity_Tiles/CyberCity_CentralSecurity_Tiles_1/CyberCity_CentralSecurity_Tiles_1/Structure8_8.png,Structure8_8.png,CyberCity_CentralSecurity_Tiles_1/CyberCity_CentralSecurity_Tiles_1,CyberCity_CentralSecurity_Tiles_1,Structure8,large_structure,2084,1654,True,"[0, 0, 2084, 1654]",2084,1654,85.778,0.14222,1.26,False,True,False,C_LARGE_STRUCTURE
CS_1340,res://assets/tilesets/cyber_city_core_tilesets/CyberCity_CentralSecurity_Tiles/CyberCity_CentralSecurity_Tiles_1/CyberCity_CentralSecurity_Tiles_1/Structure9__1.png,Structure9__1.png,CyberCity_CentralSecurity_Tiles_1/CyberCity_CentralSecurity_Tiles_1,CyberCity_CentralSecurity_Tiles_1,Structure9_,large_structure,515,651,True,"[0, 0, 515, 651]",515,651,21.315,0.78685,0.7911,False,False,False,C_LARGE_STRUCTURE
CS_1341,res://assets/tilesets/cyber_city_core_tilesets/CyberCity_CentralSecurity_Tiles/CyberCity_CentralSecurity_Tiles_1/CyberCity_CentralSecurity_Tiles_1/Structure9__2.png,Structure9__2.png,CyberCity_CentralSecurity_Tiles_1/CyberCity_CentralSecurity_Tiles_1,CyberCity_CentralSecurity_Tiles_1,Structure9_,large_structure,578,540,True,"[0, 0, 578, 540]",578,540,16.141,0.83859,1.0704,False,False,False,C_LARGE_STRUCTURE
CS_1342,res://assets/tilesets/cyber_city_core_tilesets/CyberCity_CentralSecurity_Tiles/CyberCity_CentralSecurity_Tiles_1/CyberCity_CentralSecurity_Tiles_1/Structure9__3.png,Structure9__3.png,CyberCity_CentralSecurity_Tiles_1/CyberCity_CentralSecurity_Tiles_1,CyberCity_CentralSecurity_Tiles_1,Structure9_,large_structure,513,579,True,"[0, 0, 513, 579]",513,579,17.366,0.82634,0.886,False,False,False,C_LARGE_STRUCTURE
CS_1343,res://assets/tilesets/cyber_city_core_tilesets/CyberCity_CentralSecurity_Tiles/CyberCity_CentralSecurity_Tiles_1/CyberCity_CentralSecurity_Tiles_1/Structure9__4.png,Structure9__4.png,CyberCity_CentralSecurity_Tiles_1/CyberCity_CentralSecurity_Tiles_1,CyberCity_CentralSecurity_Tiles_1,Structure9_,large_structure,628,540,True,"[0, 0, 628, 540]",628,540,22.854,0.77146,1.163,False,False,False,C_LARGE_STRUCTURE
CS_1344,res://assets/tilesets/cyber_city_core_tilesets/CyberCity_CentralSecurity_Tiles/CyberCity_CentralSecurity_Tiles_1/CyberCity_CentralSecurity_Tiles_1/Structure9__5.png,Structure9__5.png,CyberCity_CentralSecurity_Tiles_1/CyberCity_CentralSecurity_Tiles_1,CyberCity_CentralSecurity_Tiles_1,Structure9_,large_structure,644,637,True,"[0, 0, 644, 637]",644,637,32.618,0.67382,1.011,False,False,False,C_LARGE_STRUCTURE
CS_1345,res://assets/tilesets/cyber_city_core_tilesets/CyberCity_CentralSecurity_Tiles/CyberCity_CentralSecurity_Tiles_1/CyberCity_CentralSecurity_Tiles_1/Structure9__6.png,Structure9__6.png,CyberCity_CentralSecurity_Tiles_1/CyberCity_CentralSecurity_Tiles_1,CyberCity_CentralSecurity_Tiles_1,Structure9_,large_structure,650,639,True,"[0, 0, 650, 639]",650,639,35.03,0.6497,1.0172,False,False,False,C_LARGE_STRUCTURE
CS_1346,res://assets/tilesets/cyber_city_core_tilesets/CyberCity_CentralSecurity_Tiles/CyberCity_CentralSecurity_Tiles_1/CyberCity_CentralSecurity_Tiles_1/Structure9__7.png,Structure9__7.png,CyberCity_CentralSecurity_Tiles_1/CyberCity_CentralSecurity_Tiles_1,CyberCity_CentralSecurity_Tiles_1,Structure9_,large_structure,647,635,True,"[0, 0, 647, 635]",647,635,36.091,0.63909,1.0189,False,False,False,C_LARGE_STRUCTURE
CS_1347,res://assets/tilesets/cyber_city_core_tilesets/CyberCity_CentralSecurity_Tiles/CyberCity_CentralSecurity_Tiles_1/CyberCity_CentralSecurity_Tiles_1/Structure9__8.png,Structure9__8.png,CyberCity_CentralSecurity_Tiles_1/CyberCity_CentralSecurity_Tiles_1,CyberCity_CentralSecurity_Tiles_1,Structure9_,large_structure,648,635,True,"[0, 0, 648, 635]",648,635,36.454,0.63546,1.0205,False,False,False,C_LARGE_STRUCTURE
CS_1348,res://assets/tilesets/cyber_city_core_tilesets/CyberCity_CentralSecurity_Tiles/CyberCity_CentralSecurity_Tiles_1/CyberCity_CentralSecurity_Tiles_1/Table1_1.png,Table1_1.png,CyberCity_CentralSecurity_Tiles_1/CyberCity_CentralSecurity_Tiles_1,CyberCity_CentralSecurity_Tiles_1,Table1,prop_sign_tech,79,134,True,"[0, 0, 79, 134]",79,134,20.319,0.79681,0.5896,False,False,False,D_PROP_SIGN_TECH
CS_1349,res://assets/tilesets/cyber_city_core_tilesets/CyberCity_CentralSecurity_Tiles/CyberCity_CentralSecurity_Tiles_1/CyberCity_CentralSecurity_Tiles_1/Table1_2.png,Table1_2.png,CyberCity_CentralSecurity_Tiles_1/CyberCity_CentralSecurity_Tiles_1,CyberCity_CentralSecurity_Tiles_1,Table1,prop_sign_tech,179,80,True,"[0, 0, 179, 80]",179,80,28.911,0.71089,2.2375,False,False,False,D_PROP_SIGN_TECH
CS_1350,res://assets/tilesets/cyber_city_core_tilesets/CyberCity_CentralSecurity_Tiles/CyberCity_CentralSecurity_Tiles_1/CyberCity_CentralSecurity_Tiles_1/Table1_3.png,Table1_3.png,CyberCity_CentralSecurity_Tiles_1/CyberCity_CentralSecurity_Tiles_1,CyberCity_CentralSecurity_Tiles_1,Table1,prop_sign_tech,77,138,True,"[0, 0, 77, 138]",77,138,20.732,0.79268,0.558,False,False,False,D_PROP_SIGN_TECH
CS_1351,res://assets/tilesets/cyber_city_core_tilesets/CyberCity_CentralSecurity_Tiles/CyberCity_CentralSecurity_Tiles_1/CyberCity_CentralSecurity_Tiles_1/Table1_4.png,Table1_4.png,CyberCity_CentralSecurity_Tiles_1/CyberCity_CentralSecurity_Tiles_1,CyberCity_CentralSecurity_Tiles_1,Table1,prop_sign_tech,179,75,True,"[0, 0, 179, 75]",179,75,23.933,0.76067,2.3867,False,False,False,D_PROP_SIGN_TECH
CS_1352,res://assets/tilesets/cyber_city_core_tilesets/CyberCity_CentralSecurity_Tiles/CyberCity_CentralSecurity_Tiles_1/CyberCity_CentralSecurity_Tiles_1/Table1_5.png,Table1_5.png,CyberCity_CentralSecurity_Tiles_1/CyberCity_CentralSecurity_Tiles_1,CyberCity_CentralSecurity_Tiles_1,Table1,prop_sign_tech,172,131,True,"[0, 0, 172, 131]",172,131,59.449,0.40551,1.313,False,False,False,D_PROP_SIGN_TECH
CS_1353,res://assets/tilesets/cyber_city_core_tilesets/CyberCity_CentralSecurity_Tiles/CyberCity_CentralSecurity_Tiles_1/CyberCity_CentralSecurity_Tiles_1/Table1_6.png,Table1_6.png,CyberCity_CentralSecurity_Tiles_1/CyberCity_CentralSecurity_Tiles_1,CyberCity_CentralSecurity_Tiles_1,Table1,prop_sign_tech,171,131,True,"[0, 0, 171, 131]",171,131,56.515,0.43485,1.3053,False,False,False,D_PROP_SIGN_TECH
CS_1354,res://assets/tilesets/cyber_city_core_tilesets/CyberCity_CentralSecurity_Tiles/CyberCity_CentralSecurity_Tiles_1/CyberCity_CentralSecurity_Tiles_1/Table1_7.png,Table1_7.png,CyberCity_CentralSecurity_Tiles_1/CyberCity_CentralSecurity_Tiles_1,CyberCity_CentralSecurity_Tiles_1,Table1,prop_sign_tech,174,131,True,"[0, 0, 174, 131]",174,131,57.261,0.42739,1.3282,False,False,False,D_PROP_SIGN_TECH
CS_1355,res://assets/tilesets/cyber_city_core_tilesets/CyberCity_CentralSecurity_Tiles/CyberCity_CentralSecurity_Tiles_1/CyberCity_CentralSecurity_Tiles_1/Table1_8.png,Table1_8.png,CyberCity_CentralSecurity_Tiles_1/CyberCity_CentralSecurity_Tiles_1,CyberCity_CentralSecurity_Tiles_1,Table1,prop_sign_tech,171,132,True,"[0, 0, 171, 132]",171,132,59.534,0.40466,1.2955,False,False,False,D_PROP_SIGN_TECH
CS_1356,res://assets/tilesets/cyber_city_core_tilesets/CyberCity_CentralSecurity_Tiles/CyberCity_CentralSecurity_Tiles_1/CyberCity_CentralSecurity_Tiles_1/Table2_1.png,Table2_1.png,CyberCity_CentralSecurity_Tiles_1/CyberCity_CentralSecurity_Tiles_1,CyberCity_CentralSecurity_Tiles_1,Table2,prop_sign_tech,102,98,True,"[0, 0, 102, 98]",102,98,33.603,0.66397,1.0408,False,False,False,D_PROP_SIGN_TECH
CS_1357,res://assets/tilesets/cyber_city_core_tilesets/CyberCity_CentralSecurity_Tiles/CyberCity_CentralSecurity_Tiles_1/CyberCity_CentralSecurity_Tiles_1/Table2_2.png,Table2_2.png,CyberCity_CentralSecurity_Tiles_1/CyberCity_CentralSecurity_Tiles_1,CyberCity_CentralSecurity_Tiles_1,Table2,prop_sign_tech,107,86,True,"[0, 0, 107, 86]",107,86,23.94,0.7606,1.2442,False,False,False,D_PROP_SIGN_TECH
CS_1358,res://assets/tilesets/cyber_city_core_tilesets/CyberCity_CentralSecurity_Tiles/CyberCity_CentralSecurity_Tiles_1/CyberCity_CentralSecurity_Tiles_1/Table2_3.png,Table2_3.png,CyberCity_CentralSecurity_Tiles_1/CyberCity_CentralSecurity_Tiles_1,CyberCity_CentralSecurity_Tiles_1,Table2,prop_sign_tech,105,94,True,"[0, 0, 105, 94]",105,94,30.182,0.69818,1.117,False,False,False,D_PROP_SIGN_TECH
CS_1359,res://assets/tilesets/cyber_city_core_tilesets/CyberCity_CentralSecurity_Tiles/CyberCity_CentralSecurity_Tiles_1/CyberCity_CentralSecurity_Tiles_1/Table2_4.png,Table2_4.png,CyberCity_CentralSecurity_Tiles_1/CyberCity_CentralSecurity_Tiles_1,CyberCity_CentralSecurity_Tiles_1,Table2,prop_sign_tech,110,108,True,"[0, 0, 110, 108]",110,108,35.101,0.64899,1.0185,False,False,False,D_PROP_SIGN_TECH
CS_1360,res://assets/tilesets/cyber_city_core_tilesets/CyberCity_CentralSecurity_Tiles/CyberCity_CentralSecurity_Tiles_1/CyberCity_CentralSecurity_Tiles_1/Table2_5.png,Table2_5.png,CyberCity_CentralSecurity_Tiles_1/CyberCity_CentralSecurity_Tiles_1,CyberCity_CentralSecurity_Tiles_1,Table2,prop_sign_tech,115,97,True,"[0, 0, 115, 97]",115,97,38.108,0.61892,1.1856,False,False,False,D_PROP_SIGN_TECH
CS_1361,res://assets/tilesets/cyber_city_core_tilesets/CyberCity_CentralSecurity_Tiles/CyberCity_CentralSecurity_Tiles_1/CyberCity_CentralSecurity_Tiles_1/Table2_6.png,Table2_6.png,CyberCity_CentralSecurity_Tiles_1/CyberCity_CentralSecurity_Tiles_1,CyberCity_CentralSecurity_Tiles_1,Table2,prop_sign_tech,116,112,True,"[0, 0, 116, 112]",116,112,45.051,0.54949,1.0357,False,False,False,D_PROP_SIGN_TECH
CS_1362,res://assets/tilesets/cyber_city_core_tilesets/CyberCity_CentralSecurity_Tiles/CyberCity_CentralSecurity_Tiles_1/CyberCity_CentralSecurity_Tiles_1/Table2_7.png,Table2_7.png,CyberCity_CentralSecurity_Tiles_1/CyberCity_CentralSecurity_Tiles_1,CyberCity_CentralSecurity_Tiles_1,Table2,prop_sign_tech,120,100,True,"[0, 0, 120, 100]",120,100,41.283,0.58717,1.2,False,False,False,D_PROP_SIGN_TECH
CS_1363,res://assets/tilesets/cyber_city_core_tilesets/CyberCity_CentralSecurity_Tiles/CyberCity_CentralSecurity_Tiles_1/CyberCity_CentralSecurity_Tiles_1/Table2_8.png,Table2_8.png,CyberCity_CentralSecurity_Tiles_1/CyberCity_CentralSecurity_Tiles_1,CyberCity_CentralSecurity_Tiles_1,Table2,prop_sign_tech,122,112,True,"[0, 0, 122, 112]",122,112,44.731,0.55269,1.0893,False,False,False,D_PROP_SIGN_TECH
CS_1364,res://assets/tilesets/cyber_city_core_tilesets/CyberCity_CentralSecurity_Tiles/CyberCity_CentralSecurity_Tiles_1/CyberCity_CentralSecurity_Tiles_1/Table3_1.png,Table3_1.png,CyberCity_CentralSecurity_Tiles_1/CyberCity_CentralSecurity_Tiles_1,CyberCity_CentralSecurity_Tiles_1,Table3,prop_sign_tech,68,98,True,"[0, 0, 68, 98]",68,98,20.528,0.79472,0.6939,False,False,False,D_PROP_SIGN_TECH
CS_1365,res://assets/tilesets/cyber_city_core_tilesets/CyberCity_CentralSecurity_Tiles/CyberCity_CentralSecurity_Tiles_1/CyberCity_CentralSecurity_Tiles_1/Table3_2.png,Table3_2.png,CyberCity_CentralSecurity_Tiles_1/CyberCity_CentralSecurity_Tiles_1,CyberCity_CentralSecurity_Tiles_1,Table3,prop_sign_tech,107,62,True,"[0, 0, 107, 62]",107,62,5.623,0.94377,1.7258,False,False,False,D_PROP_SIGN_TECH
CS_1366,res://assets/tilesets/cyber_city_core_tilesets/CyberCity_CentralSecurity_Tiles/CyberCity_CentralSecurity_Tiles_1/CyberCity_CentralSecurity_Tiles_1/Table3_3.png,Table3_3.png,CyberCity_CentralSecurity_Tiles_1/CyberCity_CentralSecurity_Tiles_1,CyberCity_CentralSecurity_Tiles_1,Table3,prop_sign_tech,68,94,True,"[0, 0, 68, 94]",68,94,16.349,0.83651,0.7234,False,False,False,D_PROP_SIGN_TECH
CS_1367,res://assets/tilesets/cyber_city_core_tilesets/CyberCity_CentralSecurity_Tiles/CyberCity_CentralSecurity_Tiles_1/CyberCity_CentralSecurity_Tiles_1/Table3_4.png,Table3_4.png,CyberCity_CentralSecurity_Tiles_1/CyberCity_CentralSecurity_Tiles_1,CyberCity_CentralSecurity_Tiles_1,Table3,prop_sign_tech,110,70,True,"[0, 0, 110, 70]",110,70,18.701,0.81299,1.5714,False,False,False,D_PROP_SIGN_TECH
CS_1368,res://assets/tilesets/cyber_city_core_tilesets/CyberCity_CentralSecurity_Tiles/CyberCity_CentralSecurity_Tiles_1/CyberCity_CentralSecurity_Tiles_1/Table3_5.png,Table3_5.png,CyberCity_CentralSecurity_Tiles_1/CyberCity_CentralSecurity_Tiles_1,CyberCity_CentralSecurity_Tiles_1,Table3,prop_sign_tech,113,97,True,"[0, 0, 113, 97]",113,97,46.118,0.53882,1.1649,False,False,False,D_PROP_SIGN_TECH
CS_1369,res://assets/tilesets/cyber_city_core_tilesets/CyberCity_CentralSecurity_Tiles/CyberCity_CentralSecurity_Tiles_1/CyberCity_CentralSecurity_Tiles_1/Table3_6.png,Table3_6.png,CyberCity_CentralSecurity_Tiles_1/CyberCity_CentralSecurity_Tiles_1,CyberCity_CentralSecurity_Tiles_1,Table3,prop_sign_tech,114,97,True,"[0, 0, 114, 97]",114,97,46.826,0.53174,1.1753,False,False,False,D_PROP_SIGN_TECH
CS_1370,res://assets/tilesets/cyber_city_core_tilesets/CyberCity_CentralSecurity_Tiles/CyberCity_CentralSecurity_Tiles_1/CyberCity_CentralSecurity_Tiles_1/Table3_7.png,Table3_7.png,CyberCity_CentralSecurity_Tiles_1/CyberCity_CentralSecurity_Tiles_1,CyberCity_CentralSecurity_Tiles_1,Table3,prop_sign_tech,114,98,True,"[0, 0, 114, 98]",114,98,47.145,0.52855,1.1633,False,False,False,D_PROP_SIGN_TECH
CS_1371,res://assets/tilesets/cyber_city_core_tilesets/CyberCity_CentralSecurity_Tiles/CyberCity_CentralSecurity_Tiles_1/CyberCity_CentralSecurity_Tiles_1/Table3_8.png,Table3_8.png,CyberCity_CentralSecurity_Tiles_1/CyberCity_CentralSecurity_Tiles_1,CyberCity_CentralSecurity_Tiles_1,Table3,prop_sign_tech,114,97,True,"[0, 0, 114, 97]",114,97,46.075,0.53925,1.1753,False,False,False,D_PROP_SIGN_TECH
CS_1372,res://assets/tilesets/cyber_city_core_tilesets/CyberCity_CentralSecurity_Tiles/CyberCity_CentralSecurity_Tiles_1/CyberCity_CentralSecurity_Tiles_1/Table4_1.png,Table4_1.png,CyberCity_CentralSecurity_Tiles_1/CyberCity_CentralSecurity_Tiles_1,CyberCity_CentralSecurity_Tiles_1,Table4,prop_sign_tech,150,105,True,"[0, 0, 150, 105]",150,105,28.463,0.71537,1.4286,False,False,False,D_PROP_SIGN_TECH
CS_1373,res://assets/tilesets/cyber_city_core_tilesets/CyberCity_CentralSecurity_Tiles/CyberCity_CentralSecurity_Tiles_1/CyberCity_CentralSecurity_Tiles_1/Table4_2.png,Table4_2.png,CyberCity_CentralSecurity_Tiles_1/CyberCity_CentralSecurity_Tiles_1,CyberCity_CentralSecurity_Tiles_1,Table4,prop_sign_tech,109,138,True,"[0, 0, 109, 138]",109,138,27.443,0.72557,0.7899,False,False,False,D_PROP_SIGN_TECH
CS_1374,res://assets/tilesets/cyber_city_core_tilesets/CyberCity_CentralSecurity_Tiles/CyberCity_CentralSecurity_Tiles_1/CyberCity_CentralSecurity_Tiles_1/Table4_3.png,Table4_3.png,CyberCity_CentralSecurity_Tiles_1/CyberCity_CentralSecurity_Tiles_1,CyberCity_CentralSecurity_Tiles_1,Table4,prop_sign_tech,153,105,True,"[0, 0, 153, 105]",153,105,32.176,0.67824,1.4571,False,False,False,D_PROP_SIGN_TECH
CS_1375,res://assets/tilesets/cyber_city_core_tilesets/CyberCity_CentralSecurity_Tiles/CyberCity_CentralSecurity_Tiles_1/CyberCity_CentralSecurity_Tiles_1/Table4_4.png,Table4_4.png,CyberCity_CentralSecurity_Tiles_1/CyberCity_CentralSecurity_Tiles_1,CyberCity_CentralSecurity_Tiles_1,Table4,prop_sign_tech,109,134,True,"[0, 0, 109, 134]",109,134,24.148,0.75852,0.8134,False,False,False,D_PROP_SIGN_TECH
CS_1376,res://assets/tilesets/cyber_city_core_tilesets/CyberCity_CentralSecurity_Tiles/CyberCity_CentralSecurity_Tiles_1/CyberCity_CentralSecurity_Tiles_1/Table4_5.png,Table4_5.png,CyberCity_CentralSecurity_Tiles_1/CyberCity_CentralSecurity_Tiles_1,CyberCity_CentralSecurity_Tiles_1,Table4,prop_sign_tech,160,136,True,"[0, 0, 160, 136]",160,136,46.438,0.53562,1.1765,False,False,False,D_PROP_SIGN_TECH
CS_1377,res://assets/tilesets/cyber_city_core_tilesets/CyberCity_CentralSecurity_Tiles/CyberCity_CentralSecurity_Tiles_1/CyberCity_CentralSecurity_Tiles_1/Table4_6.png,Table4_6.png,CyberCity_CentralSecurity_Tiles_1/CyberCity_CentralSecurity_Tiles_1,CyberCity_CentralSecurity_Tiles_1,Table4,prop_sign_tech,156,141,True,"[0, 0, 156, 141]",156,141,47.831,0.52169,1.1064,False,False,False,D_PROP_SIGN_TECH
CS_1378,res://assets/tilesets/cyber_city_core_tilesets/CyberCity_CentralSecurity_Tiles/CyberCity_CentralSecurity_Tiles_1/CyberCity_CentralSecurity_Tiles_1/Table4_7.png,Table4_7.png,CyberCity_CentralSecurity_Tiles_1/CyberCity_CentralSecurity_Tiles_1,CyberCity_CentralSecurity_Tiles_1,Table4,prop_sign_tech,155,142,True,"[0, 0, 155, 142]",155,142,50.323,0.49677,1.0915,False,False,False,D_PROP_SIGN_TECH
CS_1379,res://assets/tilesets/cyber_city_core_tilesets/CyberCity_CentralSecurity_Tiles/CyberCity_CentralSecurity_Tiles_1/CyberCity_CentralSecurity_Tiles_1/Table4_8.png,Table4_8.png,CyberCity_CentralSecurity_Tiles_1/CyberCity_CentralSecurity_Tiles_1,CyberCity_CentralSecurity_Tiles_1,Table4,prop_sign_tech,160,137,True,"[0, 0, 160, 137]",160,137,47.993,0.52007,1.1679,False,False,False,D_PROP_SIGN_TECH
CS_1380,res://assets/tilesets/cyber_city_core_tilesets/CyberCity_CentralSecurity_Tiles/CyberCity_CentralSecurity_Tiles_1/CyberCity_CentralSecurity_Tiles_1/TableSet1_1.png,TableSet1_1.png,CyberCity_CentralSecurity_Tiles_1/CyberCity_CentralSecurity_Tiles_1,CyberCity_CentralSecurity_Tiles_1,TableSet1,prop_sign_tech,267,217,True,"[0, 0, 267, 217]",267,217,20.459,0.79541,1.2304,False,False,False,D_PROP_SIGN_TECH
CS_1381,res://assets/tilesets/cyber_city_core_tilesets/CyberCity_CentralSecurity_Tiles/CyberCity_CentralSecurity_Tiles_1/CyberCity_CentralSecurity_Tiles_1/TableSet1_2.png,TableSet1_2.png,CyberCity_CentralSecurity_Tiles_1/CyberCity_CentralSecurity_Tiles_1,CyberCity_CentralSecurity_Tiles_1,TableSet1,prop_sign_tech,260,233,True,"[0, 0, 260, 233]",260,233,23.92,0.7608,1.1159,False,False,False,D_PROP_SIGN_TECH
CS_1382,res://assets/tilesets/cyber_city_core_tilesets/CyberCity_CentralSecurity_Tiles/CyberCity_CentralSecurity_Tiles_1/CyberCity_CentralSecurity_Tiles_1/TableSet1_3.png,TableSet1_3.png,CyberCity_CentralSecurity_Tiles_1/CyberCity_CentralSecurity_Tiles_1,CyberCity_CentralSecurity_Tiles_1,TableSet1,prop_sign_tech,264,216,True,"[0, 0, 264, 216]",264,216,19.059,0.80941,1.2222,False,False,False,D_PROP_SIGN_TECH
CS_1383,res://assets/tilesets/cyber_city_core_tilesets/CyberCity_CentralSecurity_Tiles/CyberCity_CentralSecurity_Tiles_1/CyberCity_CentralSecurity_Tiles_1/TableSet1_4.png,TableSet1_4.png,CyberCity_CentralSecurity_Tiles_1/CyberCity_CentralSecurity_Tiles_1,CyberCity_CentralSecurity_Tiles_1,TableSet1,prop_sign_tech,261,234,True,"[0, 0, 261, 234]",261,234,24.711,0.75289,1.1154,False,False,False,D_PROP_SIGN_TECH
CS_1384,res://assets/tilesets/cyber_city_core_tilesets/CyberCity_CentralSecurity_Tiles/CyberCity_CentralSecurity_Tiles_1/CyberCity_CentralSecurity_Tiles_1/TableSet1_5.png,TableSet1_5.png,CyberCity_CentralSecurity_Tiles_1/CyberCity_CentralSecurity_Tiles_1,CyberCity_CentralSecurity_Tiles_1,TableSet1,prop_sign_tech,354,251,True,"[0, 0, 354, 251]",354,251,47.614,0.52386,1.4104,False,False,False,D_PROP_SIGN_TECH
CS_1385,res://assets/tilesets/cyber_city_core_tilesets/CyberCity_CentralSecurity_Tiles/CyberCity_CentralSecurity_Tiles_1/CyberCity_CentralSecurity_Tiles_1/TableSet1_6.png,TableSet1_6.png,CyberCity_CentralSecurity_Tiles_1/CyberCity_CentralSecurity_Tiles_1,CyberCity_CentralSecurity_Tiles_1,TableSet1,prop_sign_tech,357,251,True,"[0, 0, 357, 251]",357,251,48.26,0.5174,1.4223,False,False,False,D_PROP_SIGN_TECH
CS_1386,res://assets/tilesets/cyber_city_core_tilesets/CyberCity_CentralSecurity_Tiles/CyberCity_CentralSecurity_Tiles_1/CyberCity_CentralSecurity_Tiles_1/TableSet1_7.png,TableSet1_7.png,CyberCity_CentralSecurity_Tiles_1/CyberCity_CentralSecurity_Tiles_1,CyberCity_CentralSecurity_Tiles_1,TableSet1,prop_sign_tech,354,252,True,"[0, 0, 354, 252]",354,252,48.053,0.51947,1.4048,False,False,False,D_PROP_SIGN_TECH
CS_1387,res://assets/tilesets/cyber_city_core_tilesets/CyberCity_CentralSecurity_Tiles/CyberCity_CentralSecurity_Tiles_1/CyberCity_CentralSecurity_Tiles_1/TableSet1_8.png,TableSet1_8.png,CyberCity_CentralSecurity_Tiles_1/CyberCity_CentralSecurity_Tiles_1,CyberCity_CentralSecurity_Tiles_1,TableSet1,prop_sign_tech,354,251,True,"[0, 0, 354, 251]",354,251,47.634,0.52366,1.4104,False,False,False,D_PROP_SIGN_TECH
CS_1388,res://assets/tilesets/cyber_city_core_tilesets/CyberCity_CentralSecurity_Tiles/CyberCity_CentralSecurity_Tiles_1/CyberCity_CentralSecurity_Tiles_1/Tech10_1.png,Tech10_1.png,CyberCity_CentralSecurity_Tiles_1/CyberCity_CentralSecurity_Tiles_1,CyberCity_CentralSecurity_Tiles_1,Tech10,review_unknown_visually_promising,55,74,True,"[0, 0, 55, 74]",55,74,18.059,0.81941,0.7432,False,False,False,E_REVIEW_UNKNOWN
CS_1389,res://assets/tilesets/cyber_city_core_tilesets/CyberCity_CentralSecurity_Tiles/CyberCity_CentralSecurity_Tiles_1/CyberCity_CentralSecurity_Tiles_1/Tech10_2.png,Tech10_2.png,CyberCity_CentralSecurity_Tiles_1/CyberCity_CentralSecurity_Tiles_1,CyberCity_CentralSecurity_Tiles_1,Tech10,review_unknown_visually_promising,79,50,True,"[0, 0, 79, 50]",79,50,17.949,0.82051,1.58,False,False,False,E_REVIEW_UNKNOWN
CS_1390,res://assets/tilesets/cyber_city_core_tilesets/CyberCity_CentralSecurity_Tiles/CyberCity_CentralSecurity_Tiles_1/CyberCity_CentralSecurity_Tiles_1/Tech10_3.png,Tech10_3.png,CyberCity_CentralSecurity_Tiles_1/CyberCity_CentralSecurity_Tiles_1,CyberCity_CentralSecurity_Tiles_1,Tech10,review_unknown_visually_promising,56,76,True,"[0, 0, 56, 76]",56,76,21.805,0.78195,0.7368,False,False,False,E_REVIEW_UNKNOWN
CS_1391,res://assets/tilesets/cyber_city_core_tilesets/CyberCity_CentralSecurity_Tiles/CyberCity_CentralSecurity_Tiles_1/CyberCity_CentralSecurity_Tiles_1/Tech10_4.png,Tech10_4.png,CyberCity_CentralSecurity_Tiles_1/CyberCity_CentralSecurity_Tiles_1,CyberCity_CentralSecurity_Tiles_1,Tech10,review_unknown_visually_promising,79,51,True,"[0, 0, 79, 51]",79,51,19.285,0.80715,1.549,False,False,False,E_REVIEW_UNKNOWN
CS_1392,res://assets/tilesets/cyber_city_core_tilesets/CyberCity_CentralSecurity_Tiles/CyberCity_CentralSecurity_Tiles_1/CyberCity_CentralSecurity_Tiles_1/Tech10_5.png,Tech10_5.png,CyberCity_CentralSecurity_Tiles_1/CyberCity_CentralSecurity_Tiles_1,CyberCity_CentralSecurity_Tiles_1,Tech10,review_unknown_visually_promising,85,70,True,"[0, 0, 85, 70]",85,70,43.933,0.56067,1.2143,False,False,False,E_REVIEW_UNKNOWN
CS_1393,res://assets/tilesets/cyber_city_core_tilesets/CyberCity_CentralSecurity_Tiles/CyberCity_CentralSecurity_Tiles_1/CyberCity_CentralSecurity_Tiles_1/Tech10_6.png,Tech10_6.png,CyberCity_CentralSecurity_Tiles_1/CyberCity_CentralSecurity_Tiles_1,CyberCity_CentralSecurity_Tiles_1,Tech10,review_unknown_visually_promising,88,70,True,"[0, 0, 88, 70]",88,70,45.162,0.54838,1.2571,False,False,False,E_REVIEW_UNKNOWN
CS_1394,res://assets/tilesets/cyber_city_core_tilesets/CyberCity_CentralSecurity_Tiles/CyberCity_CentralSecurity_Tiles_1/CyberCity_CentralSecurity_Tiles_1/Tech10_7.png,Tech10_7.png,CyberCity_CentralSecurity_Tiles_1/CyberCity_CentralSecurity_Tiles_1,CyberCity_CentralSecurity_Tiles_1,Tech10,review_unknown_visually_promising,86,70,True,"[0, 0, 86, 70]",86,70,43.837,0.56163,1.2286,False,False,False,E_REVIEW_UNKNOWN
CS_1395,res://assets/tilesets/cyber_city_core_tilesets/CyberCity_CentralSecurity_Tiles/CyberCity_CentralSecurity_Tiles_1/CyberCity_CentralSecurity_Tiles_1/Tech10_8.png,Tech10_8.png,CyberCity_CentralSecurity_Tiles_1/CyberCity_CentralSecurity_Tiles_1,CyberCity_CentralSecurity_Tiles_1,Tech10,review_unknown_visually_promising,85,70,True,"[0, 0, 85, 70]",85,70,43.899,0.56101,1.2143,False,False,False,E_REVIEW_UNKNOWN
CS_1396,res://assets/tilesets/cyber_city_core_tilesets/CyberCity_CentralSecurity_Tiles/CyberCity_CentralSecurity_Tiles_1/CyberCity_CentralSecurity_Tiles_1/Tech11_1.png,Tech11_1.png,CyberCity_CentralSecurity_Tiles_1/CyberCity_CentralSecurity_Tiles_1,CyberCity_CentralSecurity_Tiles_1,Tech11,review_unknown_visually_promising,56,147,True,"[0, 0, 56, 147]",56,147,71.744,0.28256,0.381,False,False,False,E_REVIEW_UNKNOWN
CS_1397,res://assets/tilesets/cyber_city_core_tilesets/CyberCity_CentralSecurity_Tiles/CyberCity_CentralSecurity_Tiles_1/CyberCity_CentralSecurity_Tiles_1/Tech11_2.png,Tech11_2.png,CyberCity_CentralSecurity_Tiles_1/CyberCity_CentralSecurity_Tiles_1,CyberCity_CentralSecurity_Tiles_1,Tech11,review_unknown_visually_promising,57,146,True,"[0, 0, 57, 146]",57,146,72.651,0.27349,0.3904,False,False,False,E_REVIEW_UNKNOWN
CS_1398,res://assets/tilesets/cyber_city_core_tilesets/CyberCity_CentralSecurity_Tiles/CyberCity_CentralSecurity_Tiles_1/CyberCity_CentralSecurity_Tiles_1/Tech11_3.png,Tech11_3.png,CyberCity_CentralSecurity_Tiles_1/CyberCity_CentralSecurity_Tiles_1,CyberCity_CentralSecurity_Tiles_1,Tech11,review_unknown_visually_promising,56,146,True,"[0, 0, 56, 146]",56,146,71.795,0.28205,0.3836,False,False,False,E_REVIEW_UNKNOWN
CS_1399,res://assets/tilesets/cyber_city_core_tilesets/CyberCity_CentralSecurity_Tiles/CyberCity_CentralSecurity_Tiles_1/CyberCity_CentralSecurity_Tiles_1/Tech11_4.png,Tech11_4.png,CyberCity_CentralSecurity_Tiles_1/CyberCity_CentralSecurity_Tiles_1,CyberCity_CentralSecurity_Tiles_1,Tech11,review_unknown_visually_promising,55,146,True,"[0, 0, 55, 146]",55,146,71.719,0.28281,0.3767,False,False,False,E_REVIEW_UNKNOWN
CS_1400,res://assets/tilesets/cyber_city_core_tilesets/CyberCity_CentralSecurity_Tiles/CyberCity_CentralSecurity_Tiles_1/CyberCity_CentralSecurity_Tiles_1/Tech11_5.png,Tech11_5.png,CyberCity_CentralSecurity_Tiles_1/CyberCity_CentralSecurity_Tiles_1,CyberCity_CentralSecurity_Tiles_1,Tech11,review_unknown_visually_promising,56,146,True,"[0, 0, 56, 146]",56,146,70.523,0.29477,0.3836,False,False,False,E_REVIEW_UNKNOWN
CS_1401,res://assets/tilesets/cyber_city_core_tilesets/CyberCity_CentralSecurity_Tiles/CyberCity_CentralSecurity_Tiles_1/CyberCity_CentralSecurity_Tiles_1/Tech11_6.png,Tech11_6.png,CyberCity_CentralSecurity_Tiles_1/CyberCity_CentralSecurity_Tiles_1,CyberCity_CentralSecurity_Tiles_1,Tech11,review_unknown_visually_promising,55,147,True,"[0, 0, 55, 147]",55,147,74.422,0.25578,0.3741,False,False,False,E_REVIEW_UNKNOWN
CS_1402,res://assets/tilesets/cyber_city_core_tilesets/CyberCity_CentralSecurity_Tiles/CyberCity_CentralSecurity_Tiles_1/CyberCity_CentralSecurity_Tiles_1/Tech11_7.png,Tech11_7.png,CyberCity_CentralSecurity_Tiles_1/CyberCity_CentralSecurity_Tiles_1,CyberCity_CentralSecurity_Tiles_1,Tech11,review_unknown_visually_promising,56,149,True,"[0, 0, 56, 149]",56,149,74.688,0.25312,0.3758,False,False,False,E_REVIEW_UNKNOWN
CS_1403,res://assets/tilesets/cyber_city_core_tilesets/CyberCity_CentralSecurity_Tiles/CyberCity_CentralSecurity_Tiles_1/CyberCity_CentralSecurity_Tiles_1/Tech11_8.png,Tech11_8.png,CyberCity_CentralSecurity_Tiles_1/CyberCity_CentralSecurity_Tiles_1,CyberCity_CentralSecurity_Tiles_1,Tech11,review_unknown_visually_promising,57,146,True,"[0, 0, 57, 146]",57,146,71.245,0.28755,0.3904,False,False,False,E_REVIEW_UNKNOWN
CS_1404,res://assets/tilesets/cyber_city_core_tilesets/CyberCity_CentralSecurity_Tiles/CyberCity_CentralSecurity_Tiles_1/CyberCity_CentralSecurity_Tiles_1/Tech12_1.png,Tech12_1.png,CyberCity_CentralSecurity_Tiles_1/CyberCity_CentralSecurity_Tiles_1,CyberCity_CentralSecurity_Tiles_1,Tech12,review_unknown_visually_promising,64,175,True,"[0, 0, 64, 175]",64,175,77.634,0.22366,0.3657,False,False,False,E_REVIEW_UNKNOWN
CS_1405,res://assets/tilesets/cyber_city_core_tilesets/CyberCity_CentralSecurity_Tiles/CyberCity_CentralSecurity_Tiles_1/CyberCity_CentralSecurity_Tiles_1/Tech12_2.png,Tech12_2.png,CyberCity_CentralSecurity_Tiles_1/CyberCity_CentralSecurity_Tiles_1,CyberCity_CentralSecurity_Tiles_1,Tech12,review_unknown_visually_promising,62,174,True,"[0, 0, 62, 174]",62,174,77.614,0.22386,0.3563,False,False,False,E_REVIEW_UNKNOWN
CS_1406,res://assets/tilesets/cyber_city_core_tilesets/CyberCity_CentralSecurity_Tiles/CyberCity_CentralSecurity_Tiles_1/CyberCity_CentralSecurity_Tiles_1/Tech12_3.png,Tech12_3.png,CyberCity_CentralSecurity_Tiles_1/CyberCity_CentralSecurity_Tiles_1,CyberCity_CentralSecurity_Tiles_1,Tech12,review_unknown_visually_promising,65,175,True,"[0, 0, 65, 175]",65,175,77.811,0.22189,0.3714,False,False,False,E_REVIEW_UNKNOWN
CS_1407,res://assets/tilesets/cyber_city_core_tilesets/CyberCity_CentralSecurity_Tiles/CyberCity_CentralSecurity_Tiles_1/CyberCity_CentralSecurity_Tiles_1/Tech12_4.png,Tech12_4.png,CyberCity_CentralSecurity_Tiles_1/CyberCity_CentralSecurity_Tiles_1,CyberCity_CentralSecurity_Tiles_1,Tech12,review_unknown_visually_promising,68,177,True,"[0, 0, 68, 177]",68,177,80.608,0.19392,0.3842,False,False,False,E_REVIEW_UNKNOWN
CS_1408,res://assets/tilesets/cyber_city_core_tilesets/CyberCity_CentralSecurity_Tiles/CyberCity_CentralSecurity_Tiles_1/CyberCity_CentralSecurity_Tiles_1/Tech12_5.png,Tech12_5.png,CyberCity_CentralSecurity_Tiles_1/CyberCity_CentralSecurity_Tiles_1,CyberCity_CentralSecurity_Tiles_1,Tech12,review_unknown_visually_promising,63,179,True,"[0, 0, 63, 179]",63,179,78.363,0.21637,0.352,False,False,False,E_REVIEW_UNKNOWN
CS_1409,res://assets/tilesets/cyber_city_core_tilesets/CyberCity_CentralSecurity_Tiles/CyberCity_CentralSecurity_Tiles_1/CyberCity_CentralSecurity_Tiles_1/Tech12_6.png,Tech12_6.png,CyberCity_CentralSecurity_Tiles_1/CyberCity_CentralSecurity_Tiles_1,CyberCity_CentralSecurity_Tiles_1,Tech12,review_unknown_visually_promising,63,177,True,"[0, 0, 63, 177]",63,177,78.531,0.21469,0.3559,False,False,False,E_REVIEW_UNKNOWN
CS_1410,res://assets/tilesets/cyber_city_core_tilesets/CyberCity_CentralSecurity_Tiles/CyberCity_CentralSecurity_Tiles_1/CyberCity_CentralSecurity_Tiles_1/Tech12_7.png,Tech12_7.png,CyberCity_CentralSecurity_Tiles_1/CyberCity_CentralSecurity_Tiles_1,CyberCity_CentralSecurity_Tiles_1,Tech12,review_unknown_visually_promising,64,178,True,"[0, 0, 64, 178]",64,178,78.476,0.21524,0.3596,False,False,False,E_REVIEW_UNKNOWN
CS_1411,res://assets/tilesets/cyber_city_core_tilesets/CyberCity_CentralSecurity_Tiles/CyberCity_CentralSecurity_Tiles_1/CyberCity_CentralSecurity_Tiles_1/Tech12_8.png,Tech12_8.png,CyberCity_CentralSecurity_Tiles_1/CyberCity_CentralSecurity_Tiles_1,CyberCity_CentralSecurity_Tiles_1,Tech12,review_unknown_visually_promising,64,175,True,"[0, 0, 64, 175]",64,175,78.527,0.21473,0.3657,False,False,False,E_REVIEW_UNKNOWN
CS_1412,res://assets/tilesets/cyber_city_core_tilesets/CyberCity_CentralSecurity_Tiles/CyberCity_CentralSecurity_Tiles_1/CyberCity_CentralSecurity_Tiles_1/Tech1_1.png,Tech1_1.png,CyberCity_CentralSecurity_Tiles_1/CyberCity_CentralSecurity_Tiles_1,CyberCity_CentralSecurity_Tiles_1,Tech1,review_unknown_visually_promising,118,120,True,"[0, 0, 118, 120]",118,120,16.215,0.83785,0.9833,False,False,False,E_REVIEW_UNKNOWN
CS_1413,res://assets/tilesets/cyber_city_core_tilesets/CyberCity_CentralSecurity_Tiles/CyberCity_CentralSecurity_Tiles_1/CyberCity_CentralSecurity_Tiles_1/Tech1_2.png,Tech1_2.png,CyberCity_CentralSecurity_Tiles_1/CyberCity_CentralSecurity_Tiles_1,CyberCity_CentralSecurity_Tiles_1,Tech1,review_unknown_visually_promising,124,135,True,"[0, 0, 124, 135]",124,135,49.158,0.50842,0.9185,False,False,False,E_REVIEW_UNKNOWN
CS_1414,res://assets/tilesets/cyber_city_core_tilesets/CyberCity_CentralSecurity_Tiles/CyberCity_CentralSecurity_Tiles_1/CyberCity_CentralSecurity_Tiles_1/Tech1_3.png,Tech1_3.png,CyberCity_CentralSecurity_Tiles_1/CyberCity_CentralSecurity_Tiles_1,CyberCity_CentralSecurity_Tiles_1,Tech1,review_unknown_visually_promising,116,129,True,"[0, 0, 116, 129]",116,129,43.351,0.56649,0.8992,False,False,False,E_REVIEW_UNKNOWN
CS_1415,res://assets/tilesets/cyber_city_core_tilesets/CyberCity_CentralSecurity_Tiles/CyberCity_CentralSecurity_Tiles_1/CyberCity_CentralSecurity_Tiles_1/Tech1_4.png,Tech1_4.png,CyberCity_CentralSecurity_Tiles_1/CyberCity_CentralSecurity_Tiles_1,CyberCity_CentralSecurity_Tiles_1,Tech1,review_unknown_visually_promising,120,144,True,"[0, 0, 120, 144]",120,144,40.666,0.59334,0.8333,False,False,False,E_REVIEW_UNKNOWN
CS_1416,res://assets/tilesets/cyber_city_core_tilesets/CyberCity_CentralSecurity_Tiles/CyberCity_CentralSecurity_Tiles_1/CyberCity_CentralSecurity_Tiles_1/Tech1_5.png,Tech1_5.png,CyberCity_CentralSecurity_Tiles_1/CyberCity_CentralSecurity_Tiles_1,CyberCity_CentralSecurity_Tiles_1,Tech1,review_unknown_visually_promising,127,145,True,"[0, 0, 127, 145]",127,145,41.988,0.58012,0.8759,False,False,False,E_REVIEW_UNKNOWN
CS_1417,res://assets/tilesets/cyber_city_core_tilesets/CyberCity_CentralSecurity_Tiles/CyberCity_CentralSecurity_Tiles_1/CyberCity_CentralSecurity_Tiles_1/Tech1_6.png,Tech1_6.png,CyberCity_CentralSecurity_Tiles_1/CyberCity_CentralSecurity_Tiles_1,CyberCity_CentralSecurity_Tiles_1,Tech1,review_unknown_visually_promising,138,145,True,"[0, 0, 138, 145]",138,145,39.655,0.60345,0.9517,False,False,False,E_REVIEW_UNKNOWN
CS_1418,res://assets/tilesets/cyber_city_core_tilesets/CyberCity_CentralSecurity_Tiles/CyberCity_CentralSecurity_Tiles_1/CyberCity_CentralSecurity_Tiles_1/Tech1_7.png,Tech1_7.png,CyberCity_CentralSecurity_Tiles_1/CyberCity_CentralSecurity_Tiles_1,CyberCity_CentralSecurity_Tiles_1,Tech1,review_unknown_visually_promising,138,124,True,"[0, 0, 138, 124]",138,124,50.088,0.49912,1.1129,False,False,False,E_REVIEW_UNKNOWN
CS_1419,res://assets/tilesets/cyber_city_core_tilesets/CyberCity_CentralSecurity_Tiles/CyberCity_CentralSecurity_Tiles_1/CyberCity_CentralSecurity_Tiles_1/Tech1_8.png,Tech1_8.png,CyberCity_CentralSecurity_Tiles_1/CyberCity_CentralSecurity_Tiles_1,CyberCity_CentralSecurity_Tiles_1,Tech1,review_unknown_visually_promising,141,142,True,"[0, 0, 141, 142]",141,142,52.362,0.47638,0.993,False,False,False,E_REVIEW_UNKNOWN
CS_1420,res://assets/tilesets/cyber_city_core_tilesets/CyberCity_CentralSecurity_Tiles/CyberCity_CentralSecurity_Tiles_1/CyberCity_CentralSecurity_Tiles_1/Tech2_1.png,Tech2_1.png,CyberCity_CentralSecurity_Tiles_1/CyberCity_CentralSecurity_Tiles_1,CyberCity_CentralSecurity_Tiles_1,Tech2,review_unknown_visually_promising,86,116,True,"[0, 0, 86, 116]",86,116,58.982,0.41018,0.7414,False,False,False,E_REVIEW_UNKNOWN
CS_1421,res://assets/tilesets/cyber_city_core_tilesets/CyberCity_CentralSecurity_Tiles/CyberCity_CentralSecurity_Tiles_1/CyberCity_CentralSecurity_Tiles_1/Tech2_2.png,Tech2_2.png,CyberCity_CentralSecurity_Tiles_1/CyberCity_CentralSecurity_Tiles_1,CyberCity_CentralSecurity_Tiles_1,Tech2,review_unknown_visually_promising,70,115,True,"[0, 0, 70, 115]",70,115,55.801,0.44199,0.6087,False,False,False,E_REVIEW_UNKNOWN
CS_1422,res://assets/tilesets/cyber_city_core_tilesets/CyberCity_CentralSecurity_Tiles/CyberCity_CentralSecurity_Tiles_1/CyberCity_CentralSecurity_Tiles_1/Tech2_3.png,Tech2_3.png,CyberCity_CentralSecurity_Tiles_1/CyberCity_CentralSecurity_Tiles_1,CyberCity_CentralSecurity_Tiles_1,Tech2,review_unknown_visually_promising,87,110,True,"[0, 0, 87, 110]",87,110,59.707,0.40293,0.7909,False,False,False,E_REVIEW_UNKNOWN
CS_1423,res://assets/tilesets/cyber_city_core_tilesets/CyberCity_CentralSecurity_Tiles/CyberCity_CentralSecurity_Tiles_1/CyberCity_CentralSecurity_Tiles_1/Tech2_4.png,Tech2_4.png,CyberCity_CentralSecurity_Tiles_1/CyberCity_CentralSecurity_Tiles_1,CyberCity_CentralSecurity_Tiles_1,Tech2,review_unknown_visually_promising,70,114,True,"[0, 0, 70, 114]",70,114,51.642,0.48358,0.614,False,False,False,E_REVIEW_UNKNOWN
CS_1424,res://assets/tilesets/cyber_city_core_tilesets/CyberCity_CentralSecurity_Tiles/CyberCity_CentralSecurity_Tiles_1/CyberCity_CentralSecurity_Tiles_1/Tech2_5.png,Tech2_5.png,CyberCity_CentralSecurity_Tiles_1/CyberCity_CentralSecurity_Tiles_1,CyberCity_CentralSecurity_Tiles_1,Tech2,review_unknown_visually_promising,71,125,True,"[0, 0, 71, 125]",71,125,54.276,0.45724,0.568,False,False,False,E_REVIEW_UNKNOWN
CS_1425,res://assets/tilesets/cyber_city_core_tilesets/CyberCity_CentralSecurity_Tiles/CyberCity_CentralSecurity_Tiles_1/CyberCity_CentralSecurity_Tiles_1/Tech2_6.png,Tech2_6.png,CyberCity_CentralSecurity_Tiles_1/CyberCity_CentralSecurity_Tiles_1,CyberCity_CentralSecurity_Tiles_1,Tech2,review_unknown_visually_promising,75,124,True,"[0, 0, 75, 124]",75,124,53.871,0.46129,0.6048,False,False,False,E_REVIEW_UNKNOWN
CS_1426,res://assets/tilesets/cyber_city_core_tilesets/CyberCity_CentralSecurity_Tiles/CyberCity_CentralSecurity_Tiles_1/CyberCity_CentralSecurity_Tiles_1/Tech2_7.png,Tech2_7.png,CyberCity_CentralSecurity_Tiles_1/CyberCity_CentralSecurity_Tiles_1,CyberCity_CentralSecurity_Tiles_1,Tech2,review_unknown_visually_promising,68,116,True,"[0, 0, 68, 116]",68,116,53.119,0.46881,0.5862,False,False,False,E_REVIEW_UNKNOWN
CS_1427,res://assets/tilesets/cyber_city_core_tilesets/CyberCity_CentralSecurity_Tiles/CyberCity_CentralSecurity_Tiles_1/CyberCity_CentralSecurity_Tiles_1/Tech2_8.png,Tech2_8.png,CyberCity_CentralSecurity_Tiles_1/CyberCity_CentralSecurity_Tiles_1,CyberCity_CentralSecurity_Tiles_1,Tech2,review_unknown_visually_promising,73,115,True,"[0, 0, 73, 115]",73,115,54.282,0.45718,0.6348,False,False,False,E_REVIEW_UNKNOWN
CS_1428,res://assets/tilesets/cyber_city_core_tilesets/CyberCity_CentralSecurity_Tiles/CyberCity_CentralSecurity_Tiles_1/CyberCity_CentralSecurity_Tiles_1/Tech3_1.png,Tech3_1.png,CyberCity_CentralSecurity_Tiles_1/CyberCity_CentralSecurity_Tiles_1,CyberCity_CentralSecurity_Tiles_1,Tech3,review_unknown_visually_promising,102,120,True,"[0, 0, 102, 120]",102,120,34.616,0.65384,0.85,False,False,False,E_REVIEW_UNKNOWN
CS_1429,res://assets/tilesets/cyber_city_core_tilesets/CyberCity_CentralSecurity_Tiles/CyberCity_CentralSecurity_Tiles_1/CyberCity_CentralSecurity_Tiles_1/Tech3_2.png,Tech3_2.png,CyberCity_CentralSecurity_Tiles_1/CyberCity_CentralSecurity_Tiles_1,CyberCity_CentralSecurity_Tiles_1,Tech3,review_unknown_visually_promising,126,119,True,"[0, 0, 126, 119]",126,119,57.283,0.42717,1.0588,False,False,False,E_REVIEW_UNKNOWN
CS_1430,res://assets/tilesets/cyber_city_core_tilesets/CyberCity_CentralSecurity_Tiles/CyberCity_CentralSecurity_Tiles_1/CyberCity_CentralSecurity_Tiles_1/Tech3_3.png,Tech3_3.png,CyberCity_CentralSecurity_Tiles_1/CyberCity_CentralSecurity_Tiles_1,CyberCity_CentralSecurity_Tiles_1,Tech3,review_unknown_visually_promising,101,158,True,"[0, 0, 101, 158]",101,158,60.459,0.39541,0.6392,False,False,False,E_REVIEW_UNKNOWN
CS_1431,res://assets/tilesets/cyber_city_core_tilesets/CyberCity_CentralSecurity_Tiles/CyberCity_CentralSecurity_Tiles_1/CyberCity_CentralSecurity_Tiles_1/Tech3_4.png,Tech3_4.png,CyberCity_CentralSecurity_Tiles_1/CyberCity_CentralSecurity_Tiles_1,CyberCity_CentralSecurity_Tiles_1,Tech3,review_unknown_visually_promising,117,119,True,"[0, 0, 117, 119]",117,119,53.652,0.46348,0.9832,False,False,False,E_REVIEW_UNKNOWN
CS_1432,res://assets/tilesets/cyber_city_core_tilesets/CyberCity_CentralSecurity_Tiles/CyberCity_CentralSecurity_Tiles_1/CyberCity_CentralSecurity_Tiles_1/Tech3_5.png,Tech3_5.png,CyberCity_CentralSecurity_Tiles_1/CyberCity_CentralSecurity_Tiles_1,CyberCity_CentralSecurity_Tiles_1,Tech3,review_unknown_visually_promising,111,119,True,"[0, 0, 111, 119]",111,119,43.38,0.5662,0.9328,False,False,False,E_REVIEW_UNKNOWN
CS_1433,res://assets/tilesets/cyber_city_core_tilesets/CyberCity_CentralSecurity_Tiles/CyberCity_CentralSecurity_Tiles_1/CyberCity_CentralSecurity_Tiles_1/Tech3_6.png,Tech3_6.png,CyberCity_CentralSecurity_Tiles_1/CyberCity_CentralSecurity_Tiles_1,CyberCity_CentralSecurity_Tiles_1,Tech3,review_unknown_visually_promising,104,121,True,"[0, 0, 104, 121]",104,121,41.402,0.58598,0.8595,False,False,False,E_REVIEW_UNKNOWN
CS_1434,res://assets/tilesets/cyber_city_core_tilesets/CyberCity_CentralSecurity_Tiles/CyberCity_CentralSecurity_Tiles_1/CyberCity_CentralSecurity_Tiles_1/Tech3_7.png,Tech3_7.png,CyberCity_CentralSecurity_Tiles_1/CyberCity_CentralSecurity_Tiles_1,CyberCity_CentralSecurity_Tiles_1,Tech3,review_unknown_visually_promising,111,144,True,"[0, 0, 111, 144]",111,144,61.899,0.38101,0.7708,False,False,False,E_REVIEW_UNKNOWN
CS_1435,res://assets/tilesets/cyber_city_core_tilesets/CyberCity_CentralSecurity_Tiles/CyberCity_CentralSecurity_Tiles_1/CyberCity_CentralSecurity_Tiles_1/Tech3_8.png,Tech3_8.png,CyberCity_CentralSecurity_Tiles_1/CyberCity_CentralSecurity_Tiles_1,CyberCity_CentralSecurity_Tiles_1,Tech3,review_unknown_visually_promising,103,143,True,"[0, 0, 103, 143]",103,143,57.322,0.42678,0.7203,False,False,False,E_REVIEW_UNKNOWN
CS_1436,res://assets/tilesets/cyber_city_core_tilesets/CyberCity_CentralSecurity_Tiles/CyberCity_CentralSecurity_Tiles_1/CyberCity_CentralSecurity_Tiles_1/Tech4_1.png,Tech4_1.png,CyberCity_CentralSecurity_Tiles_1/CyberCity_CentralSecurity_Tiles_1,CyberCity_CentralSecurity_Tiles_1,Tech4,review_unknown_visually_promising,109,129,True,"[0, 0, 109, 129]",109,129,32.836,0.67164,0.845,False,False,False,E_REVIEW_UNKNOWN
CS_1437,res://assets/tilesets/cyber_city_core_tilesets/CyberCity_CentralSecurity_Tiles/CyberCity_CentralSecurity_Tiles_1/CyberCity_CentralSecurity_Tiles_1/Tech4_2.png,Tech4_2.png,CyberCity_CentralSecurity_Tiles_1/CyberCity_CentralSecurity_Tiles_1,CyberCity_CentralSecurity_Tiles_1,Tech4,review_unknown_visually_promising,123,116,True,"[0, 0, 123, 116]",123,116,49.103,0.50897,1.0603,False,False,False,E_REVIEW_UNKNOWN
CS_1438,res://assets/tilesets/cyber_city_core_tilesets/CyberCity_CentralSecurity_Tiles/CyberCity_CentralSecurity_Tiles_1/CyberCity_CentralSecurity_Tiles_1/Tech4_3.png,Tech4_3.png,CyberCity_CentralSecurity_Tiles_1/CyberCity_CentralSecurity_Tiles_1,CyberCity_CentralSecurity_Tiles_1,Tech4,review_unknown_visually_promising,106,142,True,"[0, 0, 106, 142]",106,142,58.936,0.41064,0.7465,False,False,False,E_REVIEW_UNKNOWN
CS_1439,res://assets/tilesets/cyber_city_core_tilesets/CyberCity_CentralSecurity_Tiles/CyberCity_CentralSecurity_Tiles_1/CyberCity_CentralSecurity_Tiles_1/Tech4_4.png,Tech4_4.png,CyberCity_CentralSecurity_Tiles_1/CyberCity_CentralSecurity_Tiles_1,CyberCity_CentralSecurity_Tiles_1,Tech4,review_unknown_visually_promising,116,116,True,"[0, 0, 116, 116]",116,116,37.485,0.62515,1.0,False,False,False,E_REVIEW_UNKNOWN
CS_1440,res://assets/tilesets/cyber_city_core_tilesets/CyberCity_CentralSecurity_Tiles/CyberCity_CentralSecurity_Tiles_1/CyberCity_CentralSecurity_Tiles_1/Tech4_5.png,Tech4_5.png,CyberCity_CentralSecurity_Tiles_1/CyberCity_CentralSecurity_Tiles_1,CyberCity_CentralSecurity_Tiles_1,Tech4,review_unknown_visually_promising,111,124,True,"[0, 0, 111, 124]",111,124,38.884,0.61116,0.8952,False,False,False,E_REVIEW_UNKNOWN
CS_1441,res://assets/tilesets/cyber_city_core_tilesets/CyberCity_CentralSecurity_Tiles/CyberCity_CentralSecurity_Tiles_1/CyberCity_CentralSecurity_Tiles_1/Tech4_6.png,Tech4_6.png,CyberCity_CentralSecurity_Tiles_1/CyberCity_CentralSecurity_Tiles_1,CyberCity_CentralSecurity_Tiles_1,Tech4,review_unknown_visually_promising,105,123,True,"[0, 0, 105, 123]",105,123,29.191,0.70809,0.8537,False,False,False,E_REVIEW_UNKNOWN
CS_1442,res://assets/tilesets/cyber_city_core_tilesets/CyberCity_CentralSecurity_Tiles/CyberCity_CentralSecurity_Tiles_1/CyberCity_CentralSecurity_Tiles_1/Tech4_7.png,Tech4_7.png,CyberCity_CentralSecurity_Tiles_1/CyberCity_CentralSecurity_Tiles_1,CyberCity_CentralSecurity_Tiles_1,Tech4,review_unknown_visually_promising,108,139,True,"[0, 0, 108, 139]",108,139,56.815,0.43185,0.777,False,False,False,E_REVIEW_UNKNOWN
CS_1443,res://assets/tilesets/cyber_city_core_tilesets/CyberCity_CentralSecurity_Tiles/CyberCity_CentralSecurity_Tiles_1/CyberCity_CentralSecurity_Tiles_1/Tech4_8.png,Tech4_8.png,CyberCity_CentralSecurity_Tiles_1/CyberCity_CentralSecurity_Tiles_1,CyberCity_CentralSecurity_Tiles_1,Tech4,review_unknown_visually_promising,103,136,True,"[0, 0, 103, 136]",103,136,49.415,0.50585,0.7574,False,False,False,E_REVIEW_UNKNOWN
CS_1444,res://assets/tilesets/cyber_city_core_tilesets/CyberCity_CentralSecurity_Tiles/CyberCity_CentralSecurity_Tiles_1/CyberCity_CentralSecurity_Tiles_1/Tech5_1.png,Tech5_1.png,CyberCity_CentralSecurity_Tiles_1/CyberCity_CentralSecurity_Tiles_1,CyberCity_CentralSecurity_Tiles_1,Tech5,review_unknown_visually_promising,109,131,True,"[0, 0, 109, 131]",109,131,33.868,0.66132,0.8321,False,False,False,E_REVIEW_UNKNOWN
CS_1445,res://assets/tilesets/cyber_city_core_tilesets/CyberCity_CentralSecurity_Tiles/CyberCity_CentralSecurity_Tiles_1/CyberCity_CentralSecurity_Tiles_1/Tech5_2.png,Tech5_2.png,CyberCity_CentralSecurity_Tiles_1/CyberCity_CentralSecurity_Tiles_1,CyberCity_CentralSecurity_Tiles_1,Tech5,review_unknown_visually_promising,123,118,True,"[0, 0, 123, 118]",123,118,50.021,0.49979,1.0424,False,False,False,E_REVIEW_UNKNOWN
CS_1446,res://assets/tilesets/cyber_city_core_tilesets/CyberCity_CentralSecurity_Tiles/CyberCity_CentralSecurity_Tiles_1/CyberCity_CentralSecurity_Tiles_1/Tech5_3.png,Tech5_3.png,CyberCity_CentralSecurity_Tiles_1/CyberCity_CentralSecurity_Tiles_1,CyberCity_CentralSecurity_Tiles_1,Tech5,review_unknown_visually_promising,108,143,True,"[0, 0, 108, 143]",108,143,59.991,0.40009,0.7552,False,False,False,E_REVIEW_UNKNOWN
CS_1447,res://assets/tilesets/cyber_city_core_tilesets/CyberCity_CentralSecurity_Tiles/CyberCity_CentralSecurity_Tiles_1/CyberCity_CentralSecurity_Tiles_1/Tech5_4.png,Tech5_4.png,CyberCity_CentralSecurity_Tiles_1/CyberCity_CentralSecurity_Tiles_1,CyberCity_CentralSecurity_Tiles_1,Tech5,review_unknown_visually_promising,119,116,True,"[0, 0, 119, 116]",119,116,39.177,0.60823,1.0259,False,False,False,E_REVIEW_UNKNOWN
CS_1448,res://assets/tilesets/cyber_city_core_tilesets/CyberCity_CentralSecurity_Tiles/CyberCity_CentralSecurity_Tiles_1/CyberCity_CentralSecurity_Tiles_1/Tech5_5.png,Tech5_5.png,CyberCity_CentralSecurity_Tiles_1/CyberCity_CentralSecurity_Tiles_1,CyberCity_CentralSecurity_Tiles_1,Tech5,review_unknown_visually_promising,109,124,True,"[0, 0, 109, 124]",109,124,37.74,0.6226,0.879,False,False,False,E_REVIEW_UNKNOWN
CS_1449,res://assets/tilesets/cyber_city_core_tilesets/CyberCity_CentralSecurity_Tiles/CyberCity_CentralSecurity_Tiles_1/CyberCity_CentralSecurity_Tiles_1/Tech5_6.png,Tech5_6.png,CyberCity_CentralSecurity_Tiles_1/CyberCity_CentralSecurity_Tiles_1,CyberCity_CentralSecurity_Tiles_1,Tech5,review_unknown_visually_promising,105,125,True,"[0, 0, 105, 125]",105,125,30.461,0.69539,0.84,False,False,False,E_REVIEW_UNKNOWN
CS_1450,res://assets/tilesets/cyber_city_core_tilesets/CyberCity_CentralSecurity_Tiles/CyberCity_CentralSecurity_Tiles_1/CyberCity_CentralSecurity_Tiles_1/Tech5_7.png,Tech5_7.png,CyberCity_CentralSecurity_Tiles_1/CyberCity_CentralSecurity_Tiles_1,CyberCity_CentralSecurity_Tiles_1,Tech5,review_unknown_visually_promising,109,135,True,"[0, 0, 109, 135]",109,135,55.943,0.44057,0.8074,False,False,False,E_REVIEW_UNKNOWN
CS_1451,res://assets/tilesets/cyber_city_core_tilesets/CyberCity_CentralSecurity_Tiles/CyberCity_CentralSecurity_Tiles_1/CyberCity_CentralSecurity_Tiles_1/Tech5_8.png,Tech5_8.png,CyberCity_CentralSecurity_Tiles_1/CyberCity_CentralSecurity_Tiles_1,CyberCity_CentralSecurity_Tiles_1,Tech5,review_unknown_visually_promising,108,134,True,"[0, 0, 108, 134]",108,134,51.023,0.48977,0.806,False,False,False,E_REVIEW_UNKNOWN
CS_1452,res://assets/tilesets/cyber_city_core_tilesets/CyberCity_CentralSecurity_Tiles/CyberCity_CentralSecurity_Tiles_1/CyberCity_CentralSecurity_Tiles_1/Tech6_1.png,Tech6_1.png,CyberCity_CentralSecurity_Tiles_1/CyberCity_CentralSecurity_Tiles_1,CyberCity_CentralSecurity_Tiles_1,Tech6,review_unknown_visually_promising,79,179,True,"[0, 0, 79, 179]",79,179,72.795,0.27205,0.4413,False,False,False,E_REVIEW_UNKNOWN
CS_1453,res://assets/tilesets/cyber_city_core_tilesets/CyberCity_CentralSecurity_Tiles/CyberCity_CentralSecurity_Tiles_1/CyberCity_CentralSecurity_Tiles_1/Tech6_2.png,Tech6_2.png,CyberCity_CentralSecurity_Tiles_1/CyberCity_CentralSecurity_Tiles_1,CyberCity_CentralSecurity_Tiles_1,Tech6,review_unknown_visually_promising,81,177,True,"[0, 0, 81, 177]",81,177,73.195,0.26805,0.4576,False,False,False,E_REVIEW_UNKNOWN
CS_1454,res://assets/tilesets/cyber_city_core_tilesets/CyberCity_CentralSecurity_Tiles/CyberCity_CentralSecurity_Tiles_1/CyberCity_CentralSecurity_Tiles_1/Tech6_3.png,Tech6_3.png,CyberCity_CentralSecurity_Tiles_1/CyberCity_CentralSecurity_Tiles_1,CyberCity_CentralSecurity_Tiles_1,Tech6,review_unknown_visually_promising,79,176,True,"[0, 0, 79, 176]",79,176,72.447,0.27553,0.4489,False,False,False,E_REVIEW_UNKNOWN
CS_1455,res://assets/tilesets/cyber_city_core_tilesets/CyberCity_CentralSecurity_Tiles/CyberCity_CentralSecurity_Tiles_1/CyberCity_CentralSecurity_Tiles_1/Tech6_4.png,Tech6_4.png,CyberCity_CentralSecurity_Tiles_1/CyberCity_CentralSecurity_Tiles_1,CyberCity_CentralSecurity_Tiles_1,Tech6,review_unknown_visually_promising,79,177,True,"[0, 0, 79, 177]",79,177,72.431,0.27569,0.4463,False,False,False,E_REVIEW_UNKNOWN
CS_1456,res://assets/tilesets/cyber_city_core_tilesets/CyberCity_CentralSecurity_Tiles/CyberCity_CentralSecurity_Tiles_1/CyberCity_CentralSecurity_Tiles_1/Tech6_5.png,Tech6_5.png,CyberCity_CentralSecurity_Tiles_1/CyberCity_CentralSecurity_Tiles_1,CyberCity_CentralSecurity_Tiles_1,Tech6,review_unknown_visually_promising,85,180,True,"[0, 0, 85, 180]",85,180,74.621,0.25379,0.4722,False,False,False,E_REVIEW_UNKNOWN
CS_1457,res://assets/tilesets/cyber_city_core_tilesets/CyberCity_CentralSecurity_Tiles/CyberCity_CentralSecurity_Tiles_1/CyberCity_CentralSecurity_Tiles_1/Tech6_6.png,Tech6_6.png,CyberCity_CentralSecurity_Tiles_1/CyberCity_CentralSecurity_Tiles_1,CyberCity_CentralSecurity_Tiles_1,Tech6,review_unknown_visually_promising,85,181,True,"[0, 0, 85, 181]",85,181,74.716,0.25284,0.4696,False,False,False,E_REVIEW_UNKNOWN
CS_1458,res://assets/tilesets/cyber_city_core_tilesets/CyberCity_CentralSecurity_Tiles/CyberCity_CentralSecurity_Tiles_1/CyberCity_CentralSecurity_Tiles_1/Tech6_7.png,Tech6_7.png,CyberCity_CentralSecurity_Tiles_1/CyberCity_CentralSecurity_Tiles_1,CyberCity_CentralSecurity_Tiles_1,Tech6,review_unknown_visually_promising,85,179,True,"[0, 0, 85, 179]",85,179,74.565,0.25435,0.4749,False,False,False,E_REVIEW_UNKNOWN
CS_1459,res://assets/tilesets/cyber_city_core_tilesets/CyberCity_CentralSecurity_Tiles/CyberCity_CentralSecurity_Tiles_1/CyberCity_CentralSecurity_Tiles_1/Tech6_8.png,Tech6_8.png,CyberCity_CentralSecurity_Tiles_1/CyberCity_CentralSecurity_Tiles_1,CyberCity_CentralSecurity_Tiles_1,Tech6,review_unknown_visually_promising,86,180,True,"[0, 0, 86, 180]",86,180,74.761,0.25239,0.4778,False,False,False,E_REVIEW_UNKNOWN
CS_1460,res://assets/tilesets/cyber_city_core_tilesets/CyberCity_CentralSecurity_Tiles/CyberCity_CentralSecurity_Tiles_1/CyberCity_CentralSecurity_Tiles_1/Tech7_1.png,Tech7_1.png,CyberCity_CentralSecurity_Tiles_1/CyberCity_CentralSecurity_Tiles_1,CyberCity_CentralSecurity_Tiles_1,Tech7,review_unknown_visually_promising,197,195,True,"[0, 0, 197, 195]",197,195,24.032,0.75968,1.0103,False,False,False,E_REVIEW_UNKNOWN
CS_1461,res://assets/tilesets/cyber_city_core_tilesets/CyberCity_CentralSecurity_Tiles/CyberCity_CentralSecurity_Tiles_1/CyberCity_CentralSecurity_Tiles_1/Tech7_2.png,Tech7_2.png,CyberCity_CentralSecurity_Tiles_1/CyberCity_CentralSecurity_Tiles_1,CyberCity_CentralSecurity_Tiles_1,Tech7,review_unknown_visually_promising,204,199,True,"[0, 0, 204, 199]",204,199,27.212,0.72788,1.0251,False,False,False,E_REVIEW_UNKNOWN
CS_1462,res://assets/tilesets/cyber_city_core_tilesets/CyberCity_CentralSecurity_Tiles/CyberCity_CentralSecurity_Tiles_1/CyberCity_CentralSecurity_Tiles_1/Tech7_3.png,Tech7_3.png,CyberCity_CentralSecurity_Tiles_1/CyberCity_CentralSecurity_Tiles_1,CyberCity_CentralSecurity_Tiles_1,Tech7,review_unknown_visually_promising,201,195,True,"[0, 0, 201, 195]",201,195,24.039,0.75961,1.0308,False,False,False,E_REVIEW_UNKNOWN
CS_1463,res://assets/tilesets/cyber_city_core_tilesets/CyberCity_CentralSecurity_Tiles/CyberCity_CentralSecurity_Tiles_1/CyberCity_CentralSecurity_Tiles_1/Tech7_4.png,Tech7_4.png,CyberCity_CentralSecurity_Tiles_1/CyberCity_CentralSecurity_Tiles_1,CyberCity_CentralSecurity_Tiles_1,Tech7,review_unknown_visually_promising,203,199,True,"[0, 0, 203, 199]",203,199,26.668,0.73332,1.0201,False,False,False,E_REVIEW_UNKNOWN
CS_1464,res://assets/tilesets/cyber_city_core_tilesets/CyberCity_CentralSecurity_Tiles/CyberCity_CentralSecurity_Tiles_1/CyberCity_CentralSecurity_Tiles_1/Tech7_5.png,Tech7_5.png,CyberCity_CentralSecurity_Tiles_1/CyberCity_CentralSecurity_Tiles_1,CyberCity_CentralSecurity_Tiles_1,Tech7,review_unknown_visually_promising,204,194,True,"[0, 0, 204, 194]",204,194,25.387,0.74613,1.0515,False,False,False,E_REVIEW_UNKNOWN
CS_1465,res://assets/tilesets/cyber_city_core_tilesets/CyberCity_CentralSecurity_Tiles/CyberCity_CentralSecurity_Tiles_1/CyberCity_CentralSecurity_Tiles_1/Tech7_6.png,Tech7_6.png,CyberCity_CentralSecurity_Tiles_1/CyberCity_CentralSecurity_Tiles_1,CyberCity_CentralSecurity_Tiles_1,Tech7,review_unknown_visually_promising,202,195,True,"[0, 0, 202, 195]",202,195,25.885,0.74115,1.0359,False,False,False,E_REVIEW_UNKNOWN
CS_1466,res://assets/tilesets/cyber_city_core_tilesets/CyberCity_CentralSecurity_Tiles/CyberCity_CentralSecurity_Tiles_1/CyberCity_CentralSecurity_Tiles_1/Tech7_7.png,Tech7_7.png,CyberCity_CentralSecurity_Tiles_1/CyberCity_CentralSecurity_Tiles_1,CyberCity_CentralSecurity_Tiles_1,Tech7,review_unknown_visually_promising,199,202,True,"[0, 0, 199, 202]",199,202,25.82,0.7418,0.9851,False,False,False,E_REVIEW_UNKNOWN
CS_1467,res://assets/tilesets/cyber_city_core_tilesets/CyberCity_CentralSecurity_Tiles/CyberCity_CentralSecurity_Tiles_1/CyberCity_CentralSecurity_Tiles_1/Tech7_8.png,Tech7_8.png,CyberCity_CentralSecurity_Tiles_1/CyberCity_CentralSecurity_Tiles_1,CyberCity_CentralSecurity_Tiles_1,Tech7,review_unknown_visually_promising,200,197,True,"[0, 0, 200, 197]",200,197,25.02,0.7498,1.0152,False,False,False,E_REVIEW_UNKNOWN
CS_1468,res://assets/tilesets/cyber_city_core_tilesets/CyberCity_CentralSecurity_Tiles/CyberCity_CentralSecurity_Tiles_1/CyberCity_CentralSecurity_Tiles_1/Tech8_1.png,Tech8_1.png,CyberCity_CentralSecurity_Tiles_1/CyberCity_CentralSecurity_Tiles_1,CyberCity_CentralSecurity_Tiles_1,Tech8,review_unknown_visually_promising,68,77,True,"[0, 0, 68, 77]",68,77,23.014,0.76986,0.8831,False,False,False,E_REVIEW_UNKNOWN
CS_1469,res://assets/tilesets/cyber_city_core_tilesets/CyberCity_CentralSecurity_Tiles/CyberCity_CentralSecurity_Tiles_1/CyberCity_CentralSecurity_Tiles_1/Tech8_2.png,Tech8_2.png,CyberCity_CentralSecurity_Tiles_1/CyberCity_CentralSecurity_Tiles_1,CyberCity_CentralSecurity_Tiles_1,Tech8,review_unknown_visually_promising,87,70,True,"[0, 0, 87, 70]",87,70,28.522,0.71478,1.2429,False,False,False,E_REVIEW_UNKNOWN
CS_1470,res://assets/tilesets/cyber_city_core_tilesets/CyberCity_CentralSecurity_Tiles/CyberCity_CentralSecurity_Tiles_1/CyberCity_CentralSecurity_Tiles_1/Tech8_3.png,Tech8_3.png,CyberCity_CentralSecurity_Tiles_1/CyberCity_CentralSecurity_Tiles_1,CyberCity_CentralSecurity_Tiles_1,Tech8,review_unknown_visually_promising,69,72,True,"[0, 0, 69, 72]",69,72,21.377,0.78623,0.9583,False,False,False,E_REVIEW_UNKNOWN
CS_1471,res://assets/tilesets/cyber_city_core_tilesets/CyberCity_CentralSecurity_Tiles/CyberCity_CentralSecurity_Tiles_1/CyberCity_CentralSecurity_Tiles_1/Tech8_4.png,Tech8_4.png,CyberCity_CentralSecurity_Tiles_1/CyberCity_CentralSecurity_Tiles_1,CyberCity_CentralSecurity_Tiles_1,Tech8,review_unknown_visually_promising,86,66,True,"[0, 0, 86, 66]",86,66,22.692,0.77308,1.303,False,False,False,E_REVIEW_UNKNOWN
CS_1472,res://assets/tilesets/cyber_city_core_tilesets/CyberCity_CentralSecurity_Tiles/CyberCity_CentralSecurity_Tiles_1/CyberCity_CentralSecurity_Tiles_1/Tech8_5.png,Tech8_5.png,CyberCity_CentralSecurity_Tiles_1/CyberCity_CentralSecurity_Tiles_1,CyberCity_CentralSecurity_Tiles_1,Tech8,review_unknown_visually_promising,88,76,True,"[0, 0, 88, 76]",88,76,36.603,0.63397,1.1579,False,False,False,E_REVIEW_UNKNOWN
CS_1473,res://assets/tilesets/cyber_city_core_tilesets/CyberCity_CentralSecurity_Tiles/CyberCity_CentralSecurity_Tiles_1/CyberCity_CentralSecurity_Tiles_1/Tech8_6.png,Tech8_6.png,CyberCity_CentralSecurity_Tiles_1/CyberCity_CentralSecurity_Tiles_1,CyberCity_CentralSecurity_Tiles_1,Tech8,review_unknown_visually_promising,87,75,True,"[0, 0, 87, 75]",87,75,34.728,0.65272,1.16,False,False,False,E_REVIEW_UNKNOWN
CS_1474,res://assets/tilesets/cyber_city_core_tilesets/CyberCity_CentralSecurity_Tiles/CyberCity_CentralSecurity_Tiles_1/CyberCity_CentralSecurity_Tiles_1/Tech8_7.png,Tech8_7.png,CyberCity_CentralSecurity_Tiles_1/CyberCity_CentralSecurity_Tiles_1,CyberCity_CentralSecurity_Tiles_1,Tech8,review_unknown_visually_promising,91,75,True,"[0, 0, 91, 75]",91,75,38.579,0.61421,1.2133,False,False,False,E_REVIEW_UNKNOWN
CS_1475,res://assets/tilesets/cyber_city_core_tilesets/CyberCity_CentralSecurity_Tiles/CyberCity_CentralSecurity_Tiles_1/CyberCity_CentralSecurity_Tiles_1/Tech8_8.png,Tech8_8.png,CyberCity_CentralSecurity_Tiles_1/CyberCity_CentralSecurity_Tiles_1,CyberCity_CentralSecurity_Tiles_1,Tech8,review_unknown_visually_promising,87,75,True,"[0, 0, 87, 75]",87,75,34.222,0.65778,1.16,False,False,False,E_REVIEW_UNKNOWN
CS_1476,res://assets/tilesets/cyber_city_core_tilesets/CyberCity_CentralSecurity_Tiles/CyberCity_CentralSecurity_Tiles_1/CyberCity_CentralSecurity_Tiles_1/Tech9_1.png,Tech9_1.png,CyberCity_CentralSecurity_Tiles_1/CyberCity_CentralSecurity_Tiles_1,CyberCity_CentralSecurity_Tiles_1,Tech9,review_unknown_visually_promising,46,74,True,"[0, 0, 46, 74]",46,74,13.19,0.8681,0.6216,False,False,False,E_REVIEW_UNKNOWN
CS_1477,res://assets/tilesets/cyber_city_core_tilesets/CyberCity_CentralSecurity_Tiles/CyberCity_CentralSecurity_Tiles_1/CyberCity_CentralSecurity_Tiles_1/Tech9_2.png,Tech9_2.png,CyberCity_CentralSecurity_Tiles_1/CyberCity_CentralSecurity_Tiles_1,CyberCity_CentralSecurity_Tiles_1,Tech9,review_unknown_visually_promising,85,53,True,"[0, 0, 85, 53]",85,53,20.599,0.79401,1.6038,False,False,False,E_REVIEW_UNKNOWN
CS_1478,res://assets/tilesets/cyber_city_core_tilesets/CyberCity_CentralSecurity_Tiles/CyberCity_CentralSecurity_Tiles_1/CyberCity_CentralSecurity_Tiles_1/Tech9_3.png,Tech9_3.png,CyberCity_CentralSecurity_Tiles_1/CyberCity_CentralSecurity_Tiles_1,CyberCity_CentralSecurity_Tiles_1,Tech9,review_unknown_visually_promising,47,76,True,"[0, 0, 47, 76]",47,76,18.365,0.81635,0.6184,False,False,False,E_REVIEW_UNKNOWN
CS_1479,res://assets/tilesets/cyber_city_core_tilesets/CyberCity_CentralSecurity_Tiles/CyberCity_CentralSecurity_Tiles_1/CyberCity_CentralSecurity_Tiles_1/Tech9_4.png,Tech9_4.png,CyberCity_CentralSecurity_Tiles_1/CyberCity_CentralSecurity_Tiles_1,CyberCity_CentralSecurity_Tiles_1,Tech9,review_unknown_visually_promising,87,54,True,"[0, 0, 87, 54]",87,54,24.84,0.7516,1.6111,False,False,False,E_REVIEW_UNKNOWN
CS_1480,res://assets/tilesets/cyber_city_core_tilesets/CyberCity_CentralSecurity_Tiles/CyberCity_CentralSecurity_Tiles_1/CyberCity_CentralSecurity_Tiles_1/Tech9_5.png,Tech9_5.png,CyberCity_CentralSecurity_Tiles_1/CyberCity_CentralSecurity_Tiles_1,CyberCity_CentralSecurity_Tiles_1,Tech9,review_unknown_visually_promising,79,73,True,"[0, 0, 79, 73]",79,73,41.564,0.58436,1.0822,False,False,False,E_REVIEW_UNKNOWN
CS_1481,res://assets/tilesets/cyber_city_core_tilesets/CyberCity_CentralSecurity_Tiles/CyberCity_CentralSecurity_Tiles_1/CyberCity_CentralSecurity_Tiles_1/Tech9_6.png,Tech9_6.png,CyberCity_CentralSecurity_Tiles_1/CyberCity_CentralSecurity_Tiles_1,CyberCity_CentralSecurity_Tiles_1,Tech9,review_unknown_visually_promising,79,74,True,"[0, 0, 79, 74]",79,74,42.816,0.57184,1.0676,False,False,False,E_REVIEW_UNKNOWN
CS_1482,res://assets/tilesets/cyber_city_core_tilesets/CyberCity_CentralSecurity_Tiles/CyberCity_CentralSecurity_Tiles_1/CyberCity_CentralSecurity_Tiles_1/Tech9_7.png,Tech9_7.png,CyberCity_CentralSecurity_Tiles_1/CyberCity_CentralSecurity_Tiles_1,CyberCity_CentralSecurity_Tiles_1,Tech9,review_unknown_visually_promising,79,76,True,"[0, 0, 79, 76]",79,76,44.037,0.55963,1.0395,False,False,False,E_REVIEW_UNKNOWN
CS_1483,res://assets/tilesets/cyber_city_core_tilesets/CyberCity_CentralSecurity_Tiles/CyberCity_CentralSecurity_Tiles_1/CyberCity_CentralSecurity_Tiles_1/Tech9_8.png,Tech9_8.png,CyberCity_CentralSecurity_Tiles_1/CyberCity_CentralSecurity_Tiles_1,CyberCity_CentralSecurity_Tiles_1,Tech9,review_unknown_visually_promising,79,81,True,"[0, 0, 79, 81]",79,81,46.679,0.53321,0.9753,False,False,False,E_REVIEW_UNKNOWN
CS_1484,res://assets/tilesets/cyber_city_core_tilesets/CyberCity_CentralSecurity_Tiles/CyberCity_CentralSecurity_Tiles_1/CyberCity_CentralSecurity_Tiles_1/TechFluidTank1_1.png,TechFluidTank1_1.png,CyberCity_CentralSecurity_Tiles_1/CyberCity_CentralSecurity_Tiles_1,CyberCity_CentralSecurity_Tiles_1,TechFluidTank1,review_unknown_visually_promising,260,199,True,"[0, 0, 260, 199]",260,199,10.356,0.89644,1.3065,False,False,False,E_REVIEW_UNKNOWN
CS_1485,res://assets/tilesets/cyber_city_core_tilesets/CyberCity_CentralSecurity_Tiles/CyberCity_CentralSecurity_Tiles_1/CyberCity_CentralSecurity_Tiles_1/TechFluidTank1_2.png,TechFluidTank1_2.png,CyberCity_CentralSecurity_Tiles_1/CyberCity_CentralSecurity_Tiles_1,CyberCity_CentralSecurity_Tiles_1,TechFluidTank1,review_unknown_visually_promising,259,224,True,"[0, 0, 259, 224]",259,224,18.41,0.8159,1.1562,False,False,False,E_REVIEW_UNKNOWN
CS_1486,res://assets/tilesets/cyber_city_core_tilesets/CyberCity_CentralSecurity_Tiles/CyberCity_CentralSecurity_Tiles_1/CyberCity_CentralSecurity_Tiles_1/TechFluidTank1_3.png,TechFluidTank1_3.png,CyberCity_CentralSecurity_Tiles_1/CyberCity_CentralSecurity_Tiles_1,CyberCity_CentralSecurity_Tiles_1,TechFluidTank1,review_unknown_visually_promising,261,197,True,"[0, 0, 261, 197]",261,197,10.03,0.8997,1.3249,False,False,False,E_REVIEW_UNKNOWN
CS_1487,res://assets/tilesets/cyber_city_core_tilesets/CyberCity_CentralSecurity_Tiles/CyberCity_CentralSecurity_Tiles_1/CyberCity_CentralSecurity_Tiles_1/TechFluidTank1_4.png,TechFluidTank1_4.png,CyberCity_CentralSecurity_Tiles_1/CyberCity_CentralSecurity_Tiles_1,CyberCity_CentralSecurity_Tiles_1,TechFluidTank1,review_unknown_visually_promising,260,217,True,"[0, 0, 260, 217]",260,217,16.437,0.83563,1.1982,False,False,False,E_REVIEW_UNKNOWN
CS_1488,res://assets/tilesets/cyber_city_core_tilesets/CyberCity_CentralSecurity_Tiles/CyberCity_CentralSecurity_Tiles_1/CyberCity_CentralSecurity_Tiles_1/TechFluidTank1_5.png,TechFluidTank1_5.png,CyberCity_CentralSecurity_Tiles_1/CyberCity_CentralSecurity_Tiles_1,CyberCity_CentralSecurity_Tiles_1,TechFluidTank1,review_unknown_visually_promising,354,251,True,"[0, 0, 354, 251]",354,251,48.471,0.51529,1.4104,False,False,False,E_REVIEW_UNKNOWN
CS_1489,res://assets/tilesets/cyber_city_core_tilesets/CyberCity_CentralSecurity_Tiles/CyberCity_CentralSecurity_Tiles_1/CyberCity_CentralSecurity_Tiles_1/TechFluidTank1_6.png,TechFluidTank1_6.png,CyberCity_CentralSecurity_Tiles_1/CyberCity_CentralSecurity_Tiles_1,CyberCity_CentralSecurity_Tiles_1,TechFluidTank1,review_unknown_visually_promising,355,252,True,"[0, 0, 355, 252]",355,252,49.044,0.50956,1.4087,False,False,False,E_REVIEW_UNKNOWN
CS_1490,res://assets/tilesets/cyber_city_core_tilesets/CyberCity_CentralSecurity_Tiles/CyberCity_CentralSecurity_Tiles_1/CyberCity_CentralSecurity_Tiles_1/TechFluidTank1_7.png,TechFluidTank1_7.png,CyberCity_CentralSecurity_Tiles_1/CyberCity_CentralSecurity_Tiles_1,CyberCity_CentralSecurity_Tiles_1,TechFluidTank1,review_unknown_visually_promising,355,252,True,"[0, 0, 355, 252]",355,252,48.834,0.51166,1.4087,False,False,False,E_REVIEW_UNKNOWN
CS_1491,res://assets/tilesets/cyber_city_core_tilesets/CyberCity_CentralSecurity_Tiles/CyberCity_CentralSecurity_Tiles_1/CyberCity_CentralSecurity_Tiles_1/TechFluidTank1_8.png,TechFluidTank1_8.png,CyberCity_CentralSecurity_Tiles_1/CyberCity_CentralSecurity_Tiles_1,CyberCity_CentralSecurity_Tiles_1,TechFluidTank1,review_unknown_visually_promising,355,252,True,"[0, 0, 355, 252]",355,252,49.038,0.50962,1.4087,False,False,False,E_REVIEW_UNKNOWN
CS_1492,res://assets/tilesets/cyber_city_core_tilesets/CyberCity_CentralSecurity_Tiles/CyberCity_CentralSecurity_Tiles_1/CyberCity_CentralSecurity_Tiles_1/Terminal1_1.png,Terminal1_1.png,CyberCity_CentralSecurity_Tiles_1/CyberCity_CentralSecurity_Tiles_1,CyberCity_CentralSecurity_Tiles_1,Terminal1,prop_sign_tech,64,97,True,"[0, 0, 64, 97]",64,97,41.157,0.58843,0.6598,False,False,False,D_PROP_SIGN_TECH
CS_1493,res://assets/tilesets/cyber_city_core_tilesets/CyberCity_CentralSecurity_Tiles/CyberCity_CentralSecurity_Tiles_1/CyberCity_CentralSecurity_Tiles_1/Terminal1_2.png,Terminal1_2.png,CyberCity_CentralSecurity_Tiles_1/CyberCity_CentralSecurity_Tiles_1,CyberCity_CentralSecurity_Tiles_1,Terminal1,prop_sign_tech,58,98,True,"[0, 0, 58, 98]",58,98,40.236,0.59764,0.5918,False,False,False,D_PROP_SIGN_TECH
CS_1494,res://assets/tilesets/cyber_city_core_tilesets/CyberCity_CentralSecurity_Tiles/CyberCity_CentralSecurity_Tiles_1/CyberCity_CentralSecurity_Tiles_1/Terminal1_3.png,Terminal1_3.png,CyberCity_CentralSecurity_Tiles_1/CyberCity_CentralSecurity_Tiles_1,CyberCity_CentralSecurity_Tiles_1,Terminal1,prop_sign_tech,69,94,True,"[0, 0, 69, 94]",69,94,38.606,0.61394,0.734,False,False,False,D_PROP_SIGN_TECH
CS_1495,res://assets/tilesets/cyber_city_core_tilesets/CyberCity_CentralSecurity_Tiles/CyberCity_CentralSecurity_Tiles_1/CyberCity_CentralSecurity_Tiles_1/Terminal1_4.png,Terminal1_4.png,CyberCity_CentralSecurity_Tiles_1/CyberCity_CentralSecurity_Tiles_1,CyberCity_CentralSecurity_Tiles_1,Terminal1,prop_sign_tech,59,104,True,"[0, 0, 59, 104]",59,104,35.821,0.64179,0.5673,False,False,False,D_PROP_SIGN_TECH
CS_1496,res://assets/tilesets/cyber_city_core_tilesets/CyberCity_CentralSecurity_Tiles/CyberCity_CentralSecurity_Tiles_1/CyberCity_CentralSecurity_Tiles_1/Terminal1_5.png,Terminal1_5.png,CyberCity_CentralSecurity_Tiles_1/CyberCity_CentralSecurity_Tiles_1,CyberCity_CentralSecurity_Tiles_1,Terminal1,prop_sign_tech,64,99,True,"[0, 0, 64, 99]",64,99,44.097,0.55903,0.6465,False,False,False,D_PROP_SIGN_TECH
CS_1497,res://assets/tilesets/cyber_city_core_tilesets/CyberCity_CentralSecurity_Tiles/CyberCity_CentralSecurity_Tiles_1/CyberCity_CentralSecurity_Tiles_1/Terminal1_6.png,Terminal1_6.png,CyberCity_CentralSecurity_Tiles_1/CyberCity_CentralSecurity_Tiles_1,CyberCity_CentralSecurity_Tiles_1,Terminal1,prop_sign_tech,65,104,True,"[0, 0, 65, 104]",65,104,39.66,0.6034,0.625,False,False,False,D_PROP_SIGN_TECH
CS_1498,res://assets/tilesets/cyber_city_core_tilesets/CyberCity_CentralSecurity_Tiles/CyberCity_CentralSecurity_Tiles_1/CyberCity_CentralSecurity_Tiles_1/Terminal1_7.png,Terminal1_7.png,CyberCity_CentralSecurity_Tiles_1/CyberCity_CentralSecurity_Tiles_1,CyberCity_CentralSecurity_Tiles_1,Terminal1,prop_sign_tech,69,98,True,"[0, 0, 69, 98]",69,98,42.443,0.57557,0.7041,False,False,False,D_PROP_SIGN_TECH
CS_1499,res://assets/tilesets/cyber_city_core_tilesets/CyberCity_CentralSecurity_Tiles/CyberCity_CentralSecurity_Tiles_1/CyberCity_CentralSecurity_Tiles_1/Terminal1_8.png,Terminal1_8.png,CyberCity_CentralSecurity_Tiles_1/CyberCity_CentralSecurity_Tiles_1,CyberCity_CentralSecurity_Tiles_1,Terminal1,prop_sign_tech,69,103,True,"[0, 0, 69, 103]",69,103,40.115,0.59885,0.6699,False,False,False,D_PROP_SIGN_TECH
CS_1500,res://assets/tilesets/cyber_city_core_tilesets/CyberCity_CentralSecurity_Tiles/CyberCity_CentralSecurity_Tiles_1/CyberCity_CentralSecurity_Tiles_1/Tires1_1.png,Tires1_1.png,CyberCity_CentralSecurity_Tiles_1/CyberCity_CentralSecurity_Tiles_1,CyberCity_CentralSecurity_Tiles_1,Tires1,review_unknown_visually_promising,93,80,True,"[0, 0, 93, 80]",93,80,33.199,0.66801,1.1625,False,False,False,E_REVIEW_UNKNOWN
CS_1501,res://assets/tilesets/cyber_city_core_tilesets/CyberCity_CentralSecurity_Tiles/CyberCity_CentralSecurity_Tiles_1/CyberCity_CentralSecurity_Tiles_1/Tires1_2.png,Tires1_2.png,CyberCity_CentralSecurity_Tiles_1/CyberCity_CentralSecurity_Tiles_1,CyberCity_CentralSecurity_Tiles_1,Tires1,review_unknown_visually_promising,64,82,True,"[0, 0, 64, 82]",64,82,28.182,0.71818,0.7805,False,False,False,E_REVIEW_UNKNOWN
CS_1502,res://assets/tilesets/cyber_city_core_tilesets/CyberCity_CentralSecurity_Tiles/CyberCity_CentralSecurity_Tiles_1/CyberCity_CentralSecurity_Tiles_1/Tires1_3.png,Tires1_3.png,CyberCity_CentralSecurity_Tiles_1/CyberCity_CentralSecurity_Tiles_1,CyberCity_CentralSecurity_Tiles_1,Tires1,review_unknown_visually_promising,99,69,True,"[0, 0, 99, 69]",99,69,30.157,0.69843,1.4348,False,False,False,E_REVIEW_UNKNOWN
CS_1503,res://assets/tilesets/cyber_city_core_tilesets/CyberCity_CentralSecurity_Tiles/CyberCity_CentralSecurity_Tiles_1/CyberCity_CentralSecurity_Tiles_1/Tires1_4.png,Tires1_4.png,CyberCity_CentralSecurity_Tiles_1/CyberCity_CentralSecurity_Tiles_1,CyberCity_CentralSecurity_Tiles_1,Tires1,review_unknown_visually_promising,70,98,True,"[0, 0, 70, 98]",70,98,31.006,0.68994,0.7143,False,False,False,E_REVIEW_UNKNOWN
CS_1504,res://assets/tilesets/cyber_city_core_tilesets/CyberCity_CentralSecurity_Tiles/CyberCity_CentralSecurity_Tiles_1/CyberCity_CentralSecurity_Tiles_1/Tires1_5.png,Tires1_5.png,CyberCity_CentralSecurity_Tiles_1/CyberCity_CentralSecurity_Tiles_1,CyberCity_CentralSecurity_Tiles_1,Tires1,review_unknown_visually_promising,82,76,True,"[0, 0, 82, 76]",82,76,26.524,0.73476,1.0789,False,False,False,E_REVIEW_UNKNOWN
CS_1505,res://assets/tilesets/cyber_city_core_tilesets/CyberCity_CentralSecurity_Tiles/CyberCity_CentralSecurity_Tiles_1/CyberCity_CentralSecurity_Tiles_1/Tires1_6.png,Tires1_6.png,CyberCity_CentralSecurity_Tiles_1/CyberCity_CentralSecurity_Tiles_1,CyberCity_CentralSecurity_Tiles_1,Tires1,review_unknown_visually_promising,87,88,True,"[0, 0, 87, 88]",87,88,35.345,0.64655,0.9886,False,False,False,E_REVIEW_UNKNOWN
CS_1506,res://assets/tilesets/cyber_city_core_tilesets/CyberCity_CentralSecurity_Tiles/CyberCity_CentralSecurity_Tiles_1/CyberCity_CentralSecurity_Tiles_1/Tires1_7.png,Tires1_7.png,CyberCity_CentralSecurity_Tiles_1/CyberCity_CentralSecurity_Tiles_1,CyberCity_CentralSecurity_Tiles_1,Tires1,review_unknown_visually_promising,84,71,True,"[0, 0, 84, 71]",84,71,29.225,0.70775,1.1831,False,False,False,E_REVIEW_UNKNOWN
CS_1507,res://assets/tilesets/cyber_city_core_tilesets/CyberCity_CentralSecurity_Tiles/CyberCity_CentralSecurity_Tiles_1/CyberCity_CentralSecurity_Tiles_1/Tires1_8.png,Tires1_8.png,CyberCity_CentralSecurity_Tiles_1/CyberCity_CentralSecurity_Tiles_1,CyberCity_CentralSecurity_Tiles_1,Tires1,review_unknown_visually_promising,86,88,True,"[0, 0, 86, 88]",86,88,36.496,0.63504,0.9773,False,False,False,E_REVIEW_UNKNOWN
CS_1508,res://assets/tilesets/cyber_city_core_tilesets/CyberCity_CentralSecurity_Tiles/CyberCity_CentralSecurity_Tiles_1/CyberCity_CentralSecurity_Tiles_1/Tires2_1.png,Tires2_1.png,CyberCity_CentralSecurity_Tiles_1/CyberCity_CentralSecurity_Tiles_1,CyberCity_CentralSecurity_Tiles_1,Tires2,review_unknown_visually_promising,48,48,True,"[0, 0, 48, 48]",48,48,29.601,0.70399,1.0,False,False,False,E_REVIEW_UNKNOWN
CS_1509,res://assets/tilesets/cyber_city_core_tilesets/CyberCity_CentralSecurity_Tiles/CyberCity_CentralSecurity_Tiles_1/CyberCity_CentralSecurity_Tiles_1/Tires2_2.png,Tires2_2.png,CyberCity_CentralSecurity_Tiles_1/CyberCity_CentralSecurity_Tiles_1,CyberCity_CentralSecurity_Tiles_1,Tires2,review_unknown_visually_promising,46,44,True,"[0, 0, 46, 44]",46,44,25.0,0.75,1.0455,False,False,False,E_REVIEW_UNKNOWN
CS_1510,res://assets/tilesets/cyber_city_core_tilesets/CyberCity_CentralSecurity_Tiles/CyberCity_CentralSecurity_Tiles_1/CyberCity_CentralSecurity_Tiles_1/Tires2_3.png,Tires2_3.png,CyberCity_CentralSecurity_Tiles_1/CyberCity_CentralSecurity_Tiles_1,CyberCity_CentralSecurity_Tiles_1,Tires2,review_unknown_visually_promising,48,43,True,"[0, 0, 48, 43]",48,43,23.11,0.7689,1.1163,False,False,False,E_REVIEW_UNKNOWN
CS_1511,res://assets/tilesets/cyber_city_core_tilesets/CyberCity_CentralSecurity_Tiles/CyberCity_CentralSecurity_Tiles_1/CyberCity_CentralSecurity_Tiles_1/Tires2_4.png,Tires2_4.png,CyberCity_CentralSecurity_Tiles_1/CyberCity_CentralSecurity_Tiles_1,CyberCity_CentralSecurity_Tiles_1,Tires2,review_unknown_visually_promising,48,48,True,"[0, 0, 48, 48]",48,48,27.561,0.72439,1.0,False,False,False,E_REVIEW_UNKNOWN
CS_1512,res://assets/tilesets/cyber_city_core_tilesets/CyberCity_CentralSecurity_Tiles/CyberCity_CentralSecurity_Tiles_1/CyberCity_CentralSecurity_Tiles_1/Tires2_5.png,Tires2_5.png,CyberCity_CentralSecurity_Tiles_1/CyberCity_CentralSecurity_Tiles_1,CyberCity_CentralSecurity_Tiles_1,Tires2,review_unknown_visually_promising,50,44,True,"[0, 0, 50, 44]",50,44,28.545,0.71455,1.1364,False,False,False,E_REVIEW_UNKNOWN
CS_1513,res://assets/tilesets/cyber_city_core_tilesets/CyberCity_CentralSecurity_Tiles/CyberCity_CentralSecurity_Tiles_1/CyberCity_CentralSecurity_Tiles_1/Tires2_6.png,Tires2_6.png,CyberCity_CentralSecurity_Tiles_1/CyberCity_CentralSecurity_Tiles_1,CyberCity_CentralSecurity_Tiles_1,Tires2,review_unknown_visually_promising,48,48,True,"[0, 0, 48, 48]",48,48,28.038,0.71962,1.0,False,False,False,E_REVIEW_UNKNOWN
CS_1514,res://assets/tilesets/cyber_city_core_tilesets/CyberCity_CentralSecurity_Tiles/CyberCity_CentralSecurity_Tiles_1/CyberCity_CentralSecurity_Tiles_1/Tires2_7.png,Tires2_7.png,CyberCity_CentralSecurity_Tiles_1/CyberCity_CentralSecurity_Tiles_1,CyberCity_CentralSecurity_Tiles_1,Tires2,review_unknown_visually_promising,50,42,True,"[0, 0, 50, 42]",50,42,27.143,0.72857,1.1905,False,False,False,E_REVIEW_UNKNOWN
CS_1515,res://assets/tilesets/cyber_city_core_tilesets/CyberCity_CentralSecurity_Tiles/CyberCity_CentralSecurity_Tiles_1/CyberCity_CentralSecurity_Tiles_1/Tires2_8.png,Tires2_8.png,CyberCity_CentralSecurity_Tiles_1/CyberCity_CentralSecurity_Tiles_1,CyberCity_CentralSecurity_Tiles_1,Tires2,review_unknown_visually_promising,48,45,True,"[0, 0, 48, 45]",48,45,23.75,0.7625,1.0667,False,False,False,E_REVIEW_UNKNOWN
CS_1516,res://assets/tilesets/cyber_city_core_tilesets/CyberCity_CentralSecurity_Tiles/CyberCity_CentralSecurity_Tiles_1/CyberCity_CentralSecurity_Tiles_1/Tires3_1.png,Tires3_1.png,CyberCity_CentralSecurity_Tiles_1/CyberCity_CentralSecurity_Tiles_1,CyberCity_CentralSecurity_Tiles_1,Tires3,review_unknown_visually_promising,91,52,True,"[0, 0, 91, 52]",91,52,35.757,0.64243,1.75,False,False,False,E_REVIEW_UNKNOWN
CS_1517,res://assets/tilesets/cyber_city_core_tilesets/CyberCity_CentralSecurity_Tiles/CyberCity_CentralSecurity_Tiles_1/CyberCity_CentralSecurity_Tiles_1/Tires3_2.png,Tires3_2.png,CyberCity_CentralSecurity_Tiles_1/CyberCity_CentralSecurity_Tiles_1,CyberCity_CentralSecurity_Tiles_1,Tires3,review_unknown_visually_promising,50,65,True,"[0, 0, 50, 65]",50,65,20.769,0.79231,0.7692,False,False,False,E_REVIEW_UNKNOWN
CS_1518,res://assets/tilesets/cyber_city_core_tilesets/CyberCity_CentralSecurity_Tiles/CyberCity_CentralSecurity_Tiles_1/CyberCity_CentralSecurity_Tiles_1/Tires3_3.png,Tires3_3.png,CyberCity_CentralSecurity_Tiles_1/CyberCity_CentralSecurity_Tiles_1,CyberCity_CentralSecurity_Tiles_1,Tires3,review_unknown_visually_promising,91,55,True,"[0, 0, 91, 55]",91,55,37.423,0.62577,1.6545,False,False,False,E_REVIEW_UNKNOWN
CS_1519,res://assets/tilesets/cyber_city_core_tilesets/CyberCity_CentralSecurity_Tiles/CyberCity_CentralSecurity_Tiles_1/CyberCity_CentralSecurity_Tiles_1/Tires3_4.png,Tires3_4.png,CyberCity_CentralSecurity_Tiles_1/CyberCity_CentralSecurity_Tiles_1,CyberCity_CentralSecurity_Tiles_1,Tires3,review_unknown_visually_promising,49,80,True,"[0, 0, 49, 80]",49,80,25.536,0.74464,0.6125,False,False,False,E_REVIEW_UNKNOWN
CS_1520,res://assets/tilesets/cyber_city_core_tilesets/CyberCity_CentralSecurity_Tiles/CyberCity_CentralSecurity_Tiles_1/CyberCity_CentralSecurity_Tiles_1/Tires3_5.png,Tires3_5.png,CyberCity_CentralSecurity_Tiles_1/CyberCity_CentralSecurity_Tiles_1,CyberCity_CentralSecurity_Tiles_1,Tires3,review_unknown_visually_promising,80,58,True,"[0, 0, 80, 58]",80,58,38.707,0.61293,1.3793,False,False,False,E_REVIEW_UNKNOWN
CS_1521,res://assets/tilesets/cyber_city_core_tilesets/CyberCity_CentralSecurity_Tiles/CyberCity_CentralSecurity_Tiles_1/CyberCity_CentralSecurity_Tiles_1/Tires3_6.png,Tires3_6.png,CyberCity_CentralSecurity_Tiles_1/CyberCity_CentralSecurity_Tiles_1,CyberCity_CentralSecurity_Tiles_1,Tires3,review_unknown_visually_promising,73,75,True,"[0, 0, 73, 75]",73,75,45.479,0.54521,0.9733,False,False,False,E_REVIEW_UNKNOWN
CS_1522,res://assets/tilesets/cyber_city_core_tilesets/CyberCity_CentralSecurity_Tiles/CyberCity_CentralSecurity_Tiles_1/CyberCity_CentralSecurity_Tiles_1/Tires3_7.png,Tires3_7.png,CyberCity_CentralSecurity_Tiles_1/CyberCity_CentralSecurity_Tiles_1,CyberCity_CentralSecurity_Tiles_1,Tires3,review_unknown_visually_promising,77,63,True,"[0, 0, 77, 63]",77,63,40.445,0.59555,1.2222,False,False,False,E_REVIEW_UNKNOWN
CS_1523,res://assets/tilesets/cyber_city_core_tilesets/CyberCity_CentralSecurity_Tiles/CyberCity_CentralSecurity_Tiles_1/CyberCity_CentralSecurity_Tiles_1/Tires3_8.png,Tires3_8.png,CyberCity_CentralSecurity_Tiles_1/CyberCity_CentralSecurity_Tiles_1,CyberCity_CentralSecurity_Tiles_1,Tires3,review_unknown_visually_promising,77,72,True,"[0, 0, 77, 72]",77,72,44.715,0.55285,1.0694,False,False,False,E_REVIEW_UNKNOWN
CS_1524,res://assets/tilesets/cyber_city_core_tilesets/CyberCity_CentralSecurity_Tiles/CyberCity_CentralSecurity_Tiles_1/CyberCity_CentralSecurity_Tiles_1/Tires4_1.png,Tires4_1.png,CyberCity_CentralSecurity_Tiles_1/CyberCity_CentralSecurity_Tiles_1,CyberCity_CentralSecurity_Tiles_1,Tires4,review_unknown_visually_promising,43,37,True,"[0, 0, 43, 37]",43,37,27.593,0.72407,1.1622,False,False,False,E_REVIEW_UNKNOWN
CS_1525,res://assets/tilesets/cyber_city_core_tilesets/CyberCity_CentralSecurity_Tiles/CyberCity_CentralSecurity_Tiles_1/CyberCity_CentralSecurity_Tiles_1/Tires4_2.png,Tires4_2.png,CyberCity_CentralSecurity_Tiles_1/CyberCity_CentralSecurity_Tiles_1,CyberCity_CentralSecurity_Tiles_1,Tires4,review_unknown_visually_promising,44,36,True,"[0, 0, 44, 36]",44,36,27.525,0.72475,1.2222,False,False,False,E_REVIEW_UNKNOWN
CS_1526,res://assets/tilesets/cyber_city_core_tilesets/CyberCity_CentralSecurity_Tiles/CyberCity_CentralSecurity_Tiles_1/CyberCity_CentralSecurity_Tiles_1/Tires4_3.png,Tires4_3.png,CyberCity_CentralSecurity_Tiles_1/CyberCity_CentralSecurity_Tiles_1,CyberCity_CentralSecurity_Tiles_1,Tires4,review_unknown_visually_promising,43,38,True,"[0, 0, 43, 38]",43,38,29.865,0.70135,1.1316,False,False,False,E_REVIEW_UNKNOWN
CS_1527,res://assets/tilesets/cyber_city_core_tilesets/CyberCity_CentralSecurity_Tiles/CyberCity_CentralSecurity_Tiles_1/CyberCity_CentralSecurity_Tiles_1/Tires4_4.png,Tires4_4.png,CyberCity_CentralSecurity_Tiles_1/CyberCity_CentralSecurity_Tiles_1,CyberCity_CentralSecurity_Tiles_1,Tires4,review_unknown_visually_promising,44,37,True,"[0, 0, 44, 37]",44,37,29.791,0.70209,1.1892,False,False,False,E_REVIEW_UNKNOWN
CS_1528,res://assets/tilesets/cyber_city_core_tilesets/CyberCity_CentralSecurity_Tiles/CyberCity_CentralSecurity_Tiles_1/CyberCity_CentralSecurity_Tiles_1/Tires4_5.png,Tires4_5.png,CyberCity_CentralSecurity_Tiles_1/CyberCity_CentralSecurity_Tiles_1,CyberCity_CentralSecurity_Tiles_1,Tires4,review_unknown_visually_promising,45,36,True,"[0, 0, 45, 36]",45,36,29.136,0.70864,1.25,False,False,False,E_REVIEW_UNKNOWN
CS_1529,res://assets/tilesets/cyber_city_core_tilesets/CyberCity_CentralSecurity_Tiles/CyberCity_CentralSecurity_Tiles_1/CyberCity_CentralSecurity_Tiles_1/Tires4_6.png,Tires4_6.png,CyberCity_CentralSecurity_Tiles_1/CyberCity_CentralSecurity_Tiles_1,CyberCity_CentralSecurity_Tiles_1,Tires4,review_unknown_visually_promising,46,37,True,"[0, 0, 46, 37]",46,37,32.726,0.67274,1.2432,False,False,False,E_REVIEW_UNKNOWN
CS_1530,res://assets/tilesets/cyber_city_core_tilesets/CyberCity_CentralSecurity_Tiles/CyberCity_CentralSecurity_Tiles_1/CyberCity_CentralSecurity_Tiles_1/Tires4_7.png,Tires4_7.png,CyberCity_CentralSecurity_Tiles_1/CyberCity_CentralSecurity_Tiles_1,CyberCity_CentralSecurity_Tiles_1,Tires4,review_unknown_visually_promising,44,37,True,"[0, 0, 44, 37]",44,37,29.177,0.70823,1.1892,False,False,False,E_REVIEW_UNKNOWN
CS_1531,res://assets/tilesets/cyber_city_core_tilesets/CyberCity_CentralSecurity_Tiles/CyberCity_CentralSecurity_Tiles_1/CyberCity_CentralSecurity_Tiles_1/Tires4_8.png,Tires4_8.png,CyberCity_CentralSecurity_Tiles_1/CyberCity_CentralSecurity_Tiles_1,CyberCity_CentralSecurity_Tiles_1,Tires4,review_unknown_visually_promising,48,39,True,"[0, 0, 48, 39]",48,39,38.675,0.61325,1.2308,False,False,False,E_REVIEW_UNKNOWN
CS_1532,res://assets/tilesets/cyber_city_core_tilesets/CyberCity_CentralSecurity_Tiles/CyberCity_CentralSecurity_Tiles_1/CyberCity_CentralSecurity_Tiles_1/Trashcan1_1.png,Trashcan1_1.png,CyberCity_CentralSecurity_Tiles_1/CyberCity_CentralSecurity_Tiles_1,CyberCity_CentralSecurity_Tiles_1,Trashcan1,review_unknown_visually_promising,36,48,True,"[0, 0, 36, 48]",36,48,29.745,0.70255,0.75,False,False,False,E_REVIEW_UNKNOWN
CS_1533,res://assets/tilesets/cyber_city_core_tilesets/CyberCity_CentralSecurity_Tiles/CyberCity_CentralSecurity_Tiles_1/CyberCity_CentralSecurity_Tiles_1/Trashcan1_2.png,Trashcan1_2.png,CyberCity_CentralSecurity_Tiles_1/CyberCity_CentralSecurity_Tiles_1,CyberCity_CentralSecurity_Tiles_1,Trashcan1,review_unknown_visually_promising,39,49,True,"[0, 0, 39, 49]",39,49,36.839,0.63161,0.7959,False,False,False,E_REVIEW_UNKNOWN
CS_1534,res://assets/tilesets/cyber_city_core_tilesets/CyberCity_CentralSecurity_Tiles/CyberCity_CentralSecurity_Tiles_1/CyberCity_CentralSecurity_Tiles_1/Trashcan1_3.png,Trashcan1_3.png,CyberCity_CentralSecurity_Tiles_1/CyberCity_CentralSecurity_Tiles_1,CyberCity_CentralSecurity_Tiles_1,Trashcan1,review_unknown_visually_promising,39,48,True,"[0, 0, 39, 48]",39,48,35.15,0.6485,0.8125,False,False,False,E_REVIEW_UNKNOWN
CS_1535,res://assets/tilesets/cyber_city_core_tilesets/CyberCity_CentralSecurity_Tiles/CyberCity_CentralSecurity_Tiles_1/CyberCity_CentralSecurity_Tiles_1/Trashcan1_4.png,Trashcan1_4.png,CyberCity_CentralSecurity_Tiles_1/CyberCity_CentralSecurity_Tiles_1,CyberCity_CentralSecurity_Tiles_1,Trashcan1,review_unknown_visually_promising,34,48,True,"[0, 0, 34, 48]",34,48,26.961,0.73039,0.7083,False,False,False,E_REVIEW_UNKNOWN
CS_1536,res://assets/tilesets/cyber_city_core_tilesets/CyberCity_CentralSecurity_Tiles/CyberCity_CentralSecurity_Tiles_1/CyberCity_CentralSecurity_Tiles_1/Trashcan1_5.png,Trashcan1_5.png,CyberCity_CentralSecurity_Tiles_1/CyberCity_CentralSecurity_Tiles_1,CyberCity_CentralSecurity_Tiles_1,Trashcan1,review_unknown_visually_promising,35,48,True,"[0, 0, 35, 48]",35,48,27.976,0.72024,0.7292,False,False,False,E_REVIEW_UNKNOWN
CS_1537,res://assets/tilesets/cyber_city_core_tilesets/CyberCity_CentralSecurity_Tiles/CyberCity_CentralSecurity_Tiles_1/CyberCity_CentralSecurity_Tiles_1/Trashcan1_6.png,Trashcan1_6.png,CyberCity_CentralSecurity_Tiles_1/CyberCity_CentralSecurity_Tiles_1,CyberCity_CentralSecurity_Tiles_1,Trashcan1,review_unknown_visually_promising,33,50,True,"[0, 0, 33, 50]",33,50,27.515,0.72485,0.66,False,False,False,E_REVIEW_UNKNOWN
CS_1538,res://assets/tilesets/cyber_city_core_tilesets/CyberCity_CentralSecurity_Tiles/CyberCity_CentralSecurity_Tiles_1/CyberCity_CentralSecurity_Tiles_1/Trashcan1_7.png,Trashcan1_7.png,CyberCity_CentralSecurity_Tiles_1/CyberCity_CentralSecurity_Tiles_1,CyberCity_CentralSecurity_Tiles_1,Trashcan1,review_unknown_visually_promising,37,51,True,"[0, 0, 37, 51]",37,51,36.672,0.63328,0.7255,False,False,False,E_REVIEW_UNKNOWN
CS_1539,res://assets/tilesets/cyber_city_core_tilesets/CyberCity_CentralSecurity_Tiles/CyberCity_CentralSecurity_Tiles_1/CyberCity_CentralSecurity_Tiles_1/Trashcan1_8.png,Trashcan1_8.png,CyberCity_CentralSecurity_Tiles_1/CyberCity_CentralSecurity_Tiles_1,CyberCity_CentralSecurity_Tiles_1,Trashcan1,review_unknown_visually_promising,35,48,True,"[0, 0, 35, 48]",35,48,27.857,0.72143,0.7292,False,False,False,E_REVIEW_UNKNOWN
CS_1540,res://assets/tilesets/cyber_city_core_tilesets/CyberCity_CentralSecurity_Tiles/CyberCity_CentralSecurity_Tiles_1/CyberCity_CentralSecurity_Tiles_1/Vent1_1.png,Vent1_1.png,CyberCity_CentralSecurity_Tiles_1/CyberCity_CentralSecurity_Tiles_1,CyberCity_CentralSecurity_Tiles_1,Vent1,prop_sign_tech,83,52,True,"[0, 0, 83, 52]",83,52,20.436,0.79564,1.5962,False,False,False,D_PROP_SIGN_TECH
CS_1541,res://assets/tilesets/cyber_city_core_tilesets/CyberCity_CentralSecurity_Tiles/CyberCity_CentralSecurity_Tiles_1/CyberCity_CentralSecurity_Tiles_1/Vent1_2.png,Vent1_2.png,CyberCity_CentralSecurity_Tiles_1/CyberCity_CentralSecurity_Tiles_1,CyberCity_CentralSecurity_Tiles_1,Vent1,prop_sign_tech,48,78,True,"[0, 0, 48, 78]",48,78,15.518,0.84482,0.6154,False,False,False,D_PROP_SIGN_TECH
CS_1542,res://assets/tilesets/cyber_city_core_tilesets/CyberCity_CentralSecurity_Tiles/CyberCity_CentralSecurity_Tiles_1/CyberCity_CentralSecurity_Tiles_1/Vent1_3.png,Vent1_3.png,CyberCity_CentralSecurity_Tiles_1/CyberCity_CentralSecurity_Tiles_1,CyberCity_CentralSecurity_Tiles_1,Vent1,prop_sign_tech,81,50,True,"[0, 0, 81, 50]",81,50,16.296,0.83704,1.62,False,False,False,D_PROP_SIGN_TECH
CS_1543,res://assets/tilesets/cyber_city_core_tilesets/CyberCity_CentralSecurity_Tiles/CyberCity_CentralSecurity_Tiles_1/CyberCity_CentralSecurity_Tiles_1/Vent1_4.png,Vent1_4.png,CyberCity_CentralSecurity_Tiles_1/CyberCity_CentralSecurity_Tiles_1,CyberCity_CentralSecurity_Tiles_1,Vent1,prop_sign_tech,50,75,True,"[0, 0, 50, 75]",50,75,15.733,0.84267,0.6667,False,False,False,D_PROP_SIGN_TECH
CS_1544,res://assets/tilesets/cyber_city_core_tilesets/CyberCity_CentralSecurity_Tiles/CyberCity_CentralSecurity_Tiles_1/CyberCity_CentralSecurity_Tiles_1/Vent1_5.png,Vent1_5.png,CyberCity_CentralSecurity_Tiles_1/CyberCity_CentralSecurity_Tiles_1,CyberCity_CentralSecurity_Tiles_1,Vent1,prop_sign_tech,86,78,True,"[0, 0, 86, 78]",86,78,46.333,0.53667,1.1026,False,False,False,D_PROP_SIGN_TECH
CS_1545,res://assets/tilesets/cyber_city_core_tilesets/CyberCity_CentralSecurity_Tiles/CyberCity_CentralSecurity_Tiles_1/CyberCity_CentralSecurity_Tiles_1/Vent1_6.png,Vent1_6.png,CyberCity_CentralSecurity_Tiles_1/CyberCity_CentralSecurity_Tiles_1,CyberCity_CentralSecurity_Tiles_1,Vent1,prop_sign_tech,87,78,True,"[0, 0, 87, 78]",87,78,46.788,0.53212,1.1154,False,False,False,D_PROP_SIGN_TECH
CS_1546,res://assets/tilesets/cyber_city_core_tilesets/CyberCity_CentralSecurity_Tiles/CyberCity_CentralSecurity_Tiles_1/CyberCity_CentralSecurity_Tiles_1/Vent1_7.png,Vent1_7.png,CyberCity_CentralSecurity_Tiles_1/CyberCity_CentralSecurity_Tiles_1,CyberCity_CentralSecurity_Tiles_1,Vent1,prop_sign_tech,85,78,True,"[0, 0, 85, 78]",85,78,45.46,0.5454,1.0897,False,False,False,D_PROP_SIGN_TECH
CS_1547,res://assets/tilesets/cyber_city_core_tilesets/CyberCity_CentralSecurity_Tiles/CyberCity_CentralSecurity_Tiles_1/CyberCity_CentralSecurity_Tiles_1/Vent1_8.png,Vent1_8.png,CyberCity_CentralSecurity_Tiles_1/CyberCity_CentralSecurity_Tiles_1,CyberCity_CentralSecurity_Tiles_1,Vent1,prop_sign_tech,88,79,True,"[0, 0, 88, 79]",88,79,47.986,0.52014,1.1139,False,False,False,D_PROP_SIGN_TECH
CS_1548,res://assets/tilesets/cyber_city_core_tilesets/CyberCity_CentralSecurity_Tiles/CyberCity_CentralSecurity_Tiles_1/CyberCity_CentralSecurity_Tiles_1/Vent2_1.png,Vent2_1.png,CyberCity_CentralSecurity_Tiles_1/CyberCity_CentralSecurity_Tiles_1,CyberCity_CentralSecurity_Tiles_1,Vent2,prop_sign_tech,62,75,True,"[0, 0, 62, 75]",62,75,31.333,0.68667,0.8267,False,False,False,D_PROP_SIGN_TECH
CS_1549,res://assets/tilesets/cyber_city_core_tilesets/CyberCity_CentralSecurity_Tiles/CyberCity_CentralSecurity_Tiles_1/CyberCity_CentralSecurity_Tiles_1/Vent2_2.png,Vent2_2.png,CyberCity_CentralSecurity_Tiles_1/CyberCity_CentralSecurity_Tiles_1,CyberCity_CentralSecurity_Tiles_1,Vent2,prop_sign_tech,47,51,True,"[0, 0, 47, 51]",47,51,16.27,0.8373,0.9216,False,False,False,D_PROP_SIGN_TECH
CS_1550,res://assets/tilesets/cyber_city_core_tilesets/CyberCity_CentralSecurity_Tiles/CyberCity_CentralSecurity_Tiles_1/CyberCity_CentralSecurity_Tiles_1/Vent2_3.png,Vent2_3.png,CyberCity_CentralSecurity_Tiles_1/CyberCity_CentralSecurity_Tiles_1,CyberCity_CentralSecurity_Tiles_1,Vent2,prop_sign_tech,61,74,True,"[0, 0, 61, 74]",61,74,29.663,0.70337,0.8243,False,False,False,D_PROP_SIGN_TECH
CS_1551,res://assets/tilesets/cyber_city_core_tilesets/CyberCity_CentralSecurity_Tiles/CyberCity_CentralSecurity_Tiles_1/CyberCity_CentralSecurity_Tiles_1/Vent2_4.png,Vent2_4.png,CyberCity_CentralSecurity_Tiles_1/CyberCity_CentralSecurity_Tiles_1,CyberCity_CentralSecurity_Tiles_1,Vent2,prop_sign_tech,51,84,True,"[0, 0, 51, 84]",51,84,15.243,0.84757,0.6071,False,False,False,D_PROP_SIGN_TECH
CS_1552,res://assets/tilesets/cyber_city_core_tilesets/CyberCity_CentralSecurity_Tiles/CyberCity_CentralSecurity_Tiles_1/CyberCity_CentralSecurity_Tiles_1/Vent2_5.png,Vent2_5.png,CyberCity_CentralSecurity_Tiles_1/CyberCity_CentralSecurity_Tiles_1,CyberCity_CentralSecurity_Tiles_1,Vent2,prop_sign_tech,75,63,True,"[0, 0, 75, 63]",75,63,36.0,0.64,1.1905,False,False,False,D_PROP_SIGN_TECH
CS_1553,res://assets/tilesets/cyber_city_core_tilesets/CyberCity_CentralSecurity_Tiles/CyberCity_CentralSecurity_Tiles_1/CyberCity_CentralSecurity_Tiles_1/Vent2_6.png,Vent2_6.png,CyberCity_CentralSecurity_Tiles_1/CyberCity_CentralSecurity_Tiles_1,CyberCity_CentralSecurity_Tiles_1,Vent2,prop_sign_tech,76,92,True,"[0, 0, 76, 92]",76,92,44.165,0.55835,0.8261,False,False,False,D_PROP_SIGN_TECH
CS_1554,res://assets/tilesets/cyber_city_core_tilesets/CyberCity_CentralSecurity_Tiles/CyberCity_CentralSecurity_Tiles_1/CyberCity_CentralSecurity_Tiles_1/Vent2_7.png,Vent2_7.png,CyberCity_CentralSecurity_Tiles_1/CyberCity_CentralSecurity_Tiles_1,CyberCity_CentralSecurity_Tiles_1,Vent2,prop_sign_tech,74,64,True,"[0, 0, 74, 64]",74,64,36.149,0.63851,1.1562,False,False,False,D_PROP_SIGN_TECH
CS_1555,res://assets/tilesets/cyber_city_core_tilesets/CyberCity_CentralSecurity_Tiles/CyberCity_CentralSecurity_Tiles_1/CyberCity_CentralSecurity_Tiles_1/Vent2_8.png,Vent2_8.png,CyberCity_CentralSecurity_Tiles_1/CyberCity_CentralSecurity_Tiles_1,CyberCity_CentralSecurity_Tiles_1,Vent2,prop_sign_tech,74,93,True,"[0, 0, 74, 93]",74,93,43.301,0.56699,0.7957,False,False,False,D_PROP_SIGN_TECH
CS_1556,res://assets/tilesets/cyber_city_core_tilesets/CyberCity_CentralSecurity_Tiles/CyberCity_CentralSecurity_Tiles_1/CyberCity_CentralSecurity_Tiles_1/WallTech1_1.png,WallTech1_1.png,CyberCity_CentralSecurity_Tiles_1/CyberCity_CentralSecurity_Tiles_1,CyberCity_CentralSecurity_Tiles_1,WallTech1,wall_security_barrier,111,101,True,"[0, 0, 111, 101]",111,101,19.936,0.80064,1.099,False,False,False,B_WALL_SECURITY_BARRIER
CS_1557,res://assets/tilesets/cyber_city_core_tilesets/CyberCity_CentralSecurity_Tiles/CyberCity_CentralSecurity_Tiles_1/CyberCity_CentralSecurity_Tiles_1/WallTech1_2.png,WallTech1_2.png,CyberCity_CentralSecurity_Tiles_1/CyberCity_CentralSecurity_Tiles_1,CyberCity_CentralSecurity_Tiles_1,WallTech1,wall_security_barrier,50,136,True,"[0, 0, 50, 136]",50,136,22.118,0.77882,0.3676,False,False,False,B_WALL_SECURITY_BARRIER
CS_1558,res://assets/tilesets/cyber_city_core_tilesets/CyberCity_CentralSecurity_Tiles/CyberCity_CentralSecurity_Tiles_1/CyberCity_CentralSecurity_Tiles_1/WallTech1_3.png,WallTech1_3.png,CyberCity_CentralSecurity_Tiles_1/CyberCity_CentralSecurity_Tiles_1,CyberCity_CentralSecurity_Tiles_1,WallTech1,wall_security_barrier,111,104,True,"[0, 0, 111, 104]",111,104,21.881,0.78119,1.0673,False,False,False,B_WALL_SECURITY_BARRIER
CS_1559,res://assets/tilesets/cyber_city_core_tilesets/CyberCity_CentralSecurity_Tiles/CyberCity_CentralSecurity_Tiles_1/CyberCity_CentralSecurity_Tiles_1/WallTech1_4.png,WallTech1_4.png,CyberCity_CentralSecurity_Tiles_1/CyberCity_CentralSecurity_Tiles_1,CyberCity_CentralSecurity_Tiles_1,WallTech1,wall_security_barrier,52,136,True,"[0, 0, 52, 136]",52,136,24.802,0.75198,0.3824,False,False,False,B_WALL_SECURITY_BARRIER
CS_1560,res://assets/tilesets/cyber_city_core_tilesets/CyberCity_CentralSecurity_Tiles/CyberCity_CentralSecurity_Tiles_1/CyberCity_CentralSecurity_Tiles_1/WallTech1_5.png,WallTech1_5.png,CyberCity_CentralSecurity_Tiles_1/CyberCity_CentralSecurity_Tiles_1,CyberCity_CentralSecurity_Tiles_1,WallTech1,wall_security_barrier,96,125,True,"[0, 0, 96, 125]",96,125,33.283,0.66717,0.768,False,False,False,B_WALL_SECURITY_BARRIER
CS_1561,res://assets/tilesets/cyber_city_core_tilesets/CyberCity_CentralSecurity_Tiles/CyberCity_CentralSecurity_Tiles_1/CyberCity_CentralSecurity_Tiles_1/WallTech1_6.png,WallTech1_6.png,CyberCity_CentralSecurity_Tiles_1/CyberCity_CentralSecurity_Tiles_1,CyberCity_CentralSecurity_Tiles_1,WallTech1,wall_security_barrier,97,126,True,"[0, 0, 97, 126]",97,126,34.724,0.65276,0.7698,False,False,False,B_WALL_SECURITY_BARRIER
CS_1562,res://assets/tilesets/cyber_city_core_tilesets/CyberCity_CentralSecurity_Tiles/CyberCity_CentralSecurity_Tiles_1/CyberCity_CentralSecurity_Tiles_1/WallTech1_7.png,WallTech1_7.png,CyberCity_CentralSecurity_Tiles_1/CyberCity_CentralSecurity_Tiles_1,CyberCity_CentralSecurity_Tiles_1,WallTech1,wall_security_barrier,98,125,True,"[0, 0, 98, 125]",98,125,34.465,0.65535,0.784,False,False,False,B_WALL_SECURITY_BARRIER
CS_1563,res://assets/tilesets/cyber_city_core_tilesets/CyberCity_CentralSecurity_Tiles/CyberCity_CentralSecurity_Tiles_1/CyberCity_CentralSecurity_Tiles_1/WallTech1_8.png,WallTech1_8.png,CyberCity_CentralSecurity_Tiles_1/CyberCity_CentralSecurity_Tiles_1,CyberCity_CentralSecurity_Tiles_1,WallTech1,wall_security_barrier,97,127,True,"[0, 0, 97, 127]",97,127,34.426,0.65574,0.7638,False,False,False,B_WALL_SECURITY_BARRIER
CS_1564,res://assets/tilesets/cyber_city_core_tilesets/CyberCity_CentralSecurity_Tiles/CyberCity_CentralSecurity_Tiles_1/CyberCity_CentralSecurity_Tiles_1/WallTech2_1.png,WallTech2_1.png,CyberCity_CentralSecurity_Tiles_1/CyberCity_CentralSecurity_Tiles_1,CyberCity_CentralSecurity_Tiles_1,WallTech2,wall_security_barrier,102,94,True,"[0, 0, 102, 94]",102,94,21.078,0.78922,1.0851,False,False,False,B_WALL_SECURITY_BARRIER
CS_1565,res://assets/tilesets/cyber_city_core_tilesets/CyberCity_CentralSecurity_Tiles/CyberCity_CentralSecurity_Tiles_1/CyberCity_CentralSecurity_Tiles_1/WallTech2_2.png,WallTech2_2.png,CyberCity_CentralSecurity_Tiles_1/CyberCity_CentralSecurity_Tiles_1,CyberCity_CentralSecurity_Tiles_1,WallTech2,wall_security_barrier,46,127,True,"[0, 0, 46, 127]",46,127,27.867,0.72133,0.3622,False,False,False,B_WALL_SECURITY_BARRIER
CS_1566,res://assets/tilesets/cyber_city_core_tilesets/CyberCity_CentralSecurity_Tiles/CyberCity_CentralSecurity_Tiles_1/CyberCity_CentralSecurity_Tiles_1/WallTech2_3.png,WallTech2_3.png,CyberCity_CentralSecurity_Tiles_1/CyberCity_CentralSecurity_Tiles_1,CyberCity_CentralSecurity_Tiles_1,WallTech2,wall_security_barrier,103,91,True,"[0, 0, 103, 91]",103,91,19.503,0.80497,1.1319,False,False,False,B_WALL_SECURITY_BARRIER
CS_1567,res://assets/tilesets/cyber_city_core_tilesets/CyberCity_CentralSecurity_Tiles/CyberCity_CentralSecurity_Tiles_1/CyberCity_CentralSecurity_Tiles_1/WallTech2_4.png,WallTech2_4.png,CyberCity_CentralSecurity_Tiles_1/CyberCity_CentralSecurity_Tiles_1,CyberCity_CentralSecurity_Tiles_1,WallTech2,wall_security_barrier,46,130,True,"[0, 0, 46, 130]",46,130,28.863,0.71137,0.3538,False,False,False,B_WALL_SECURITY_BARRIER
CS_1568,res://assets/tilesets/cyber_city_core_tilesets/CyberCity_CentralSecurity_Tiles/CyberCity_CentralSecurity_Tiles_1/CyberCity_CentralSecurity_Tiles_1/WallTech2_5.png,WallTech2_5.png,CyberCity_CentralSecurity_Tiles_1/CyberCity_CentralSecurity_Tiles_1,CyberCity_CentralSecurity_Tiles_1,WallTech2,wall_security_barrier,92,115,True,"[0, 0, 92, 115]",92,115,36.881,0.63119,0.8,False,False,False,B_WALL_SECURITY_BARRIER
CS_1569,res://assets/tilesets/cyber_city_core_tilesets/CyberCity_CentralSecurity_Tiles/CyberCity_CentralSecurity_Tiles_1/CyberCity_CentralSecurity_Tiles_1/WallTech2_6.png,WallTech2_6.png,CyberCity_CentralSecurity_Tiles_1/CyberCity_CentralSecurity_Tiles_1,CyberCity_CentralSecurity_Tiles_1,WallTech2,wall_security_barrier,91,114,True,"[0, 0, 91, 114]",91,114,35.348,0.64652,0.7982,False,False,False,B_WALL_SECURITY_BARRIER
CS_1570,res://assets/tilesets/cyber_city_core_tilesets/CyberCity_CentralSecurity_Tiles/CyberCity_CentralSecurity_Tiles_1/CyberCity_CentralSecurity_Tiles_1/WallTech2_7.png,WallTech2_7.png,CyberCity_CentralSecurity_Tiles_1/CyberCity_CentralSecurity_Tiles_1,CyberCity_CentralSecurity_Tiles_1,WallTech2,wall_security_barrier,90,118,True,"[0, 0, 90, 118]",90,118,36.827,0.63173,0.7627,False,False,False,B_WALL_SECURITY_BARRIER
CS_1571,res://assets/tilesets/cyber_city_core_tilesets/CyberCity_CentralSecurity_Tiles/CyberCity_CentralSecurity_Tiles_1/CyberCity_CentralSecurity_Tiles_1/WallTech2_8.png,WallTech2_8.png,CyberCity_CentralSecurity_Tiles_1/CyberCity_CentralSecurity_Tiles_1,CyberCity_CentralSecurity_Tiles_1,WallTech2,wall_security_barrier,91,115,True,"[0, 0, 91, 115]",91,115,36.235,0.63765,0.7913,False,False,False,B_WALL_SECURITY_BARRIER
CS_1572,res://assets/tilesets/cyber_city_core_tilesets/CyberCity_CentralSecurity_Tiles/CyberCity_CentralSecurity_Tiles_1/CyberCity_CentralSecurity_Tiles_1/WarRoomControlPanel1_1.png,WarRoomControlPanel1_1.png,CyberCity_CentralSecurity_Tiles_1/CyberCity_CentralSecurity_Tiles_1,CyberCity_CentralSecurity_Tiles_1,WarRoomControlPanel1,prop_sign_tech,93,189,True,"[0, 0, 93, 189]",93,189,17.164,0.82836,0.4921,False,False,False,D_PROP_SIGN_TECH
CS_1573,res://assets/tilesets/cyber_city_core_tilesets/CyberCity_CentralSecurity_Tiles/CyberCity_CentralSecurity_Tiles_1/CyberCity_CentralSecurity_Tiles_1/WarRoomControlPanel1_2.png,WarRoomControlPanel1_2.png,CyberCity_CentralSecurity_Tiles_1/CyberCity_CentralSecurity_Tiles_1,CyberCity_CentralSecurity_Tiles_1,WarRoomControlPanel1,prop_sign_tech,215,105,True,"[0, 0, 215, 105]",215,105,13.409,0.86591,2.0476,False,False,False,D_PROP_SIGN_TECH
CS_1574,res://assets/tilesets/cyber_city_core_tilesets/CyberCity_CentralSecurity_Tiles/CyberCity_CentralSecurity_Tiles_1/CyberCity_CentralSecurity_Tiles_1/WarRoomControlPanel1_3.png,WarRoomControlPanel1_3.png,CyberCity_CentralSecurity_Tiles_1/CyberCity_CentralSecurity_Tiles_1,CyberCity_CentralSecurity_Tiles_1,WarRoomControlPanel1,prop_sign_tech,89,188,True,"[0, 0, 89, 188]",89,188,15.647,0.84353,0.4734,False,False,False,D_PROP_SIGN_TECH
CS_1575,res://assets/tilesets/cyber_city_core_tilesets/CyberCity_CentralSecurity_Tiles/CyberCity_CentralSecurity_Tiles_1/CyberCity_CentralSecurity_Tiles_1/WarRoomControlPanel1_4.png,WarRoomControlPanel1_4.png,CyberCity_CentralSecurity_Tiles_1/CyberCity_CentralSecurity_Tiles_1,CyberCity_CentralSecurity_Tiles_1,WarRoomControlPanel1,prop_sign_tech,213,91,True,"[0, 0, 213, 91]",213,91,8.915,0.91085,2.3407,False,False,False,D_PROP_SIGN_TECH
CS_1576,res://assets/tilesets/cyber_city_core_tilesets/CyberCity_CentralSecurity_Tiles/CyberCity_CentralSecurity_Tiles_1/CyberCity_CentralSecurity_Tiles_1/WarRoomControlPanel1_5.png,WarRoomControlPanel1_5.png,CyberCity_CentralSecurity_Tiles_1/CyberCity_CentralSecurity_Tiles_1,CyberCity_CentralSecurity_Tiles_1,WarRoomControlPanel1,prop_sign_tech,201,182,True,"[0, 0, 201, 182]",201,182,50.298,0.49702,1.1044,False,False,False,D_PROP_SIGN_TECH
CS_1577,res://assets/tilesets/cyber_city_core_tilesets/CyberCity_CentralSecurity_Tiles/CyberCity_CentralSecurity_Tiles_1/CyberCity_CentralSecurity_Tiles_1/WarRoomControlPanel1_6.png,WarRoomControlPanel1_6.png,CyberCity_CentralSecurity_Tiles_1/CyberCity_CentralSecurity_Tiles_1,CyberCity_CentralSecurity_Tiles_1,WarRoomControlPanel1,prop_sign_tech,199,169,True,"[0, 0, 199, 169]",199,169,49.856,0.50144,1.1775,False,False,False,D_PROP_SIGN_TECH
CS_1578,res://assets/tilesets/cyber_city_core_tilesets/CyberCity_CentralSecurity_Tiles/CyberCity_CentralSecurity_Tiles_1/CyberCity_CentralSecurity_Tiles_1/WarRoomControlPanel1_7.png,WarRoomControlPanel1_7.png,CyberCity_CentralSecurity_Tiles_1/CyberCity_CentralSecurity_Tiles_1,CyberCity_CentralSecurity_Tiles_1,WarRoomControlPanel1,prop_sign_tech,196,180,True,"[0, 0, 196, 180]",196,180,48.583,0.51417,1.0889,False,False,False,D_PROP_SIGN_TECH
CS_1579,res://assets/tilesets/cyber_city_core_tilesets/CyberCity_CentralSecurity_Tiles/CyberCity_CentralSecurity_Tiles_1/CyberCity_CentralSecurity_Tiles_1/WarRoomControlPanel1_8.png,WarRoomControlPanel1_8.png,CyberCity_CentralSecurity_Tiles_1/CyberCity_CentralSecurity_Tiles_1,CyberCity_CentralSecurity_Tiles_1,WarRoomControlPanel1,prop_sign_tech,198,171,True,"[0, 0, 198, 171]",198,171,50.431,0.49569,1.1579,False,False,False,D_PROP_SIGN_TECH
CS_1580,res://assets/tilesets/cyber_city_core_tilesets/CyberCity_CentralSecurity_Tiles/CyberCity_CentralSecurity_Tiles_1/CyberCity_CentralSecurity_Tiles_1/WarRoomControlPanel2_1.png,WarRoomControlPanel2_1.png,CyberCity_CentralSecurity_Tiles_1/CyberCity_CentralSecurity_Tiles_1,CyberCity_CentralSecurity_Tiles_1,WarRoomControlPanel2,prop_sign_tech,215,105,True,"[0, 0, 215, 105]",215,105,13.409,0.86591,2.0476,False,False,False,D_PROP_SIGN_TECH
CS_1581,res://assets/tilesets/cyber_city_core_tilesets/CyberCity_CentralSecurity_Tiles/CyberCity_CentralSecurity_Tiles_1/CyberCity_CentralSecurity_Tiles_1/WarRoomControlPanel2_2.png,WarRoomControlPanel2_2.png,CyberCity_CentralSecurity_Tiles_1/CyberCity_CentralSecurity_Tiles_1,CyberCity_CentralSecurity_Tiles_1,WarRoomControlPanel2,prop_sign_tech,89,188,True,"[0, 0, 89, 188]",89,188,15.647,0.84353,0.4734,False,False,False,D_PROP_SIGN_TECH
CS_1582,res://assets/tilesets/cyber_city_core_tilesets/CyberCity_CentralSecurity_Tiles/CyberCity_CentralSecurity_Tiles_1/CyberCity_CentralSecurity_Tiles_1/WarRoomControlPanel2_3.png,WarRoomControlPanel2_3.png,CyberCity_CentralSecurity_Tiles_1/CyberCity_CentralSecurity_Tiles_1,CyberCity_CentralSecurity_Tiles_1,WarRoomControlPanel2,prop_sign_tech,213,91,True,"[0, 0, 213, 91]",213,91,8.915,0.91085,2.3407,False,False,False,D_PROP_SIGN_TECH
CS_1583,res://assets/tilesets/cyber_city_core_tilesets/CyberCity_CentralSecurity_Tiles/CyberCity_CentralSecurity_Tiles_1/CyberCity_CentralSecurity_Tiles_1/WarRoomControlPanel2_4.png,WarRoomControlPanel2_4.png,CyberCity_CentralSecurity_Tiles_1/CyberCity_CentralSecurity_Tiles_1,CyberCity_CentralSecurity_Tiles_1,WarRoomControlPanel2,prop_sign_tech,93,189,True,"[0, 0, 93, 189]",93,189,17.164,0.82836,0.4921,False,False,False,D_PROP_SIGN_TECH
CS_1584,res://assets/tilesets/cyber_city_core_tilesets/CyberCity_CentralSecurity_Tiles/CyberCity_CentralSecurity_Tiles_1/CyberCity_CentralSecurity_Tiles_1/WarRoomControlPanel2_5.png,WarRoomControlPanel2_5.png,CyberCity_CentralSecurity_Tiles_1/CyberCity_CentralSecurity_Tiles_1,CyberCity_CentralSecurity_Tiles_1,WarRoomControlPanel2,prop_sign_tech,196,180,True,"[0, 0, 196, 180]",196,180,48.583,0.51417,1.0889,False,False,False,D_PROP_SIGN_TECH
CS_1585,res://assets/tilesets/cyber_city_core_tilesets/CyberCity_CentralSecurity_Tiles/CyberCity_CentralSecurity_Tiles_1/CyberCity_CentralSecurity_Tiles_1/WarRoomControlPanel2_6.png,WarRoomControlPanel2_6.png,CyberCity_CentralSecurity_Tiles_1/CyberCity_CentralSecurity_Tiles_1,CyberCity_CentralSecurity_Tiles_1,WarRoomControlPanel2,prop_sign_tech,201,182,True,"[0, 0, 201, 182]",201,182,50.298,0.49702,1.1044,False,False,False,D_PROP_SIGN_TECH
CS_1586,res://assets/tilesets/cyber_city_core_tilesets/CyberCity_CentralSecurity_Tiles/CyberCity_CentralSecurity_Tiles_1/CyberCity_CentralSecurity_Tiles_1/WarRoomControlPanel2_7.png,WarRoomControlPanel2_7.png,CyberCity_CentralSecurity_Tiles_1/CyberCity_CentralSecurity_Tiles_1,CyberCity_CentralSecurity_Tiles_1,WarRoomControlPanel2,prop_sign_tech,198,171,True,"[0, 0, 198, 171]",198,171,50.431,0.49569,1.1579,False,False,False,D_PROP_SIGN_TECH
CS_1587,res://assets/tilesets/cyber_city_core_tilesets/CyberCity_CentralSecurity_Tiles/CyberCity_CentralSecurity_Tiles_1/CyberCity_CentralSecurity_Tiles_1/WarRoomControlPanel2_8.png,WarRoomControlPanel2_8.png,CyberCity_CentralSecurity_Tiles_1/CyberCity_CentralSecurity_Tiles_1,CyberCity_CentralSecurity_Tiles_1,WarRoomControlPanel2,prop_sign_tech,199,169,True,"[0, 0, 199, 169]",199,169,49.856,0.50144,1.1775,False,False,False,D_PROP_SIGN_TECH
CS_1588,res://assets/tilesets/cyber_city_core_tilesets/CyberCity_CentralSecurity_Tiles/CyberCity_CentralSecurity_Tiles_1/CyberCity_CentralSecurity_Tiles_1/WarRoomControlPanel3_1.png,WarRoomControlPanel3_1.png,CyberCity_CentralSecurity_Tiles_1/CyberCity_CentralSecurity_Tiles_1,CyberCity_CentralSecurity_Tiles_1,WarRoomControlPanel3,prop_sign_tech,88,144,True,"[0, 0, 88, 144]",88,144,17.077,0.82923,0.6111,False,False,False,D_PROP_SIGN_TECH
CS_1589,res://assets/tilesets/cyber_city_core_tilesets/CyberCity_CentralSecurity_Tiles/CyberCity_CentralSecurity_Tiles_1/CyberCity_CentralSecurity_Tiles_1/WarRoomControlPanel3_2.png,WarRoomControlPanel3_2.png,CyberCity_CentralSecurity_Tiles_1/CyberCity_CentralSecurity_Tiles_1,CyberCity_CentralSecurity_Tiles_1,WarRoomControlPanel3,prop_sign_tech,151,91,True,"[0, 0, 151, 91]",151,91,11.528,0.88472,1.6593,False,False,False,D_PROP_SIGN_TECH
CS_1590,res://assets/tilesets/cyber_city_core_tilesets/CyberCity_CentralSecurity_Tiles/CyberCity_CentralSecurity_Tiles_1/CyberCity_CentralSecurity_Tiles_1/WarRoomControlPanel3_3.png,WarRoomControlPanel3_3.png,CyberCity_CentralSecurity_Tiles_1/CyberCity_CentralSecurity_Tiles_1,CyberCity_CentralSecurity_Tiles_1,WarRoomControlPanel3,prop_sign_tech,93,144,True,"[0, 0, 93, 144]",93,144,19.004,0.80996,0.6458,False,False,False,D_PROP_SIGN_TECH
CS_1591,res://assets/tilesets/cyber_city_core_tilesets/CyberCity_CentralSecurity_Tiles/CyberCity_CentralSecurity_Tiles_1/CyberCity_CentralSecurity_Tiles_1/WarRoomControlPanel3_4.png,WarRoomControlPanel3_4.png,CyberCity_CentralSecurity_Tiles_1/CyberCity_CentralSecurity_Tiles_1,CyberCity_CentralSecurity_Tiles_1,WarRoomControlPanel3,prop_sign_tech,151,105,True,"[0, 0, 151, 105]",151,105,15.118,0.84882,1.4381,False,False,False,D_PROP_SIGN_TECH
CS_1592,res://assets/tilesets/cyber_city_core_tilesets/CyberCity_CentralSecurity_Tiles/CyberCity_CentralSecurity_Tiles_1/CyberCity_CentralSecurity_Tiles_1/WarRoomControlPanel3_5.png,WarRoomControlPanel3_5.png,CyberCity_CentralSecurity_Tiles_1/CyberCity_CentralSecurity_Tiles_1,CyberCity_CentralSecurity_Tiles_1,WarRoomControlPanel3,prop_sign_tech,153,137,True,"[0, 0, 153, 137]",153,137,42.541,0.57459,1.1168,False,False,False,D_PROP_SIGN_TECH
CS_1593,res://assets/tilesets/cyber_city_core_tilesets/CyberCity_CentralSecurity_Tiles/CyberCity_CentralSecurity_Tiles_1/CyberCity_CentralSecurity_Tiles_1/WarRoomControlPanel3_6.png,WarRoomControlPanel3_6.png,CyberCity_CentralSecurity_Tiles_1/CyberCity_CentralSecurity_Tiles_1,CyberCity_CentralSecurity_Tiles_1,WarRoomControlPanel3,prop_sign_tech,152,146,True,"[0, 0, 152, 146]",152,146,41.659,0.58341,1.0411,False,False,False,D_PROP_SIGN_TECH
CS_1594,res://assets/tilesets/cyber_city_core_tilesets/CyberCity_CentralSecurity_Tiles/CyberCity_CentralSecurity_Tiles_1/CyberCity_CentralSecurity_Tiles_1/WarRoomControlPanel3_7.png,WarRoomControlPanel3_7.png,CyberCity_CentralSecurity_Tiles_1/CyberCity_CentralSecurity_Tiles_1,CyberCity_CentralSecurity_Tiles_1,WarRoomControlPanel3,prop_sign_tech,155,137,True,"[0, 0, 155, 137]",155,137,43.004,0.56996,1.1314,False,False,False,D_PROP_SIGN_TECH
CS_1595,res://assets/tilesets/cyber_city_core_tilesets/CyberCity_CentralSecurity_Tiles/CyberCity_CentralSecurity_Tiles_1/CyberCity_CentralSecurity_Tiles_1/WarRoomControlPanel3_8.png,WarRoomControlPanel3_8.png,CyberCity_CentralSecurity_Tiles_1/CyberCity_CentralSecurity_Tiles_1,CyberCity_CentralSecurity_Tiles_1,WarRoomControlPanel3,prop_sign_tech,155,146,True,"[0, 0, 155, 146]",155,146,42.629,0.57371,1.0616,False,False,False,D_PROP_SIGN_TECH
CS_1596,res://assets/tilesets/cyber_city_core_tilesets/CyberCity_CentralSecurity_Tiles/CyberCity_CentralSecurity_Tiles_1/CyberCity_CentralSecurity_Tiles_1/WarRoomControlPanel4_1.png,WarRoomControlPanel4_1.png,CyberCity_CentralSecurity_Tiles_1/CyberCity_CentralSecurity_Tiles_1,CyberCity_CentralSecurity_Tiles_1,WarRoomControlPanel4,prop_sign_tech,89,188,True,"[0, 0, 89, 188]",89,188,15.838,0.84162,0.4734,False,False,False,D_PROP_SIGN_TECH
CS_1597,res://assets/tilesets/cyber_city_core_tilesets/CyberCity_CentralSecurity_Tiles/CyberCity_CentralSecurity_Tiles_1/CyberCity_CentralSecurity_Tiles_1/WarRoomControlPanel4_2.png,WarRoomControlPanel4_2.png,CyberCity_CentralSecurity_Tiles_1/CyberCity_CentralSecurity_Tiles_1,CyberCity_CentralSecurity_Tiles_1,WarRoomControlPanel4,prop_sign_tech,213,91,True,"[0, 0, 213, 91]",213,91,9.849,0.90151,2.3407,False,False,False,D_PROP_SIGN_TECH
CS_1598,res://assets/tilesets/cyber_city_core_tilesets/CyberCity_CentralSecurity_Tiles/CyberCity_CentralSecurity_Tiles_1/CyberCity_CentralSecurity_Tiles_1/WarRoomControlPanel4_3.png,WarRoomControlPanel4_3.png,CyberCity_CentralSecurity_Tiles_1/CyberCity_CentralSecurity_Tiles_1,CyberCity_CentralSecurity_Tiles_1,WarRoomControlPanel4,prop_sign_tech,91,189,True,"[0, 0, 91, 189]",91,189,15.518,0.84482,0.4815,False,False,False,D_PROP_SIGN_TECH
CS_1599,res://assets/tilesets/cyber_city_core_tilesets/CyberCity_CentralSecurity_Tiles/CyberCity_CentralSecurity_Tiles_1/CyberCity_CentralSecurity_Tiles_1/WarRoomControlPanel4_4.png,WarRoomControlPanel4_4.png,CyberCity_CentralSecurity_Tiles_1/CyberCity_CentralSecurity_Tiles_1,CyberCity_CentralSecurity_Tiles_1,WarRoomControlPanel4,prop_sign_tech,215,105,True,"[0, 0, 215, 105]",215,105,13.413,0.86587,2.0476,False,False,False,D_PROP_SIGN_TECH
CS_1600,res://assets/tilesets/cyber_city_core_tilesets/CyberCity_CentralSecurity_Tiles/CyberCity_CentralSecurity_Tiles_1/CyberCity_CentralSecurity_Tiles_1/WarRoomControlPanel4_5.png,WarRoomControlPanel4_5.png,CyberCity_CentralSecurity_Tiles_1/CyberCity_CentralSecurity_Tiles_1,CyberCity_CentralSecurity_Tiles_1,WarRoomControlPanel4,prop_sign_tech,198,171,True,"[0, 0, 198, 171]",198,171,50.567,0.49433,1.1579,False,False,False,D_PROP_SIGN_TECH
CS_1601,res://assets/tilesets/cyber_city_core_tilesets/CyberCity_CentralSecurity_Tiles/CyberCity_CentralSecurity_Tiles_1/CyberCity_CentralSecurity_Tiles_1/WarRoomControlPanel4_6.png,WarRoomControlPanel4_6.png,CyberCity_CentralSecurity_Tiles_1/CyberCity_CentralSecurity_Tiles_1,CyberCity_CentralSecurity_Tiles_1,WarRoomControlPanel4,prop_sign_tech,196,180,True,"[0, 0, 196, 180]",196,180,48.773,0.51227,1.0889,False,False,False,D_PROP_SIGN_TECH
CS_1602,res://assets/tilesets/cyber_city_core_tilesets/CyberCity_CentralSecurity_Tiles/CyberCity_CentralSecurity_Tiles_1/CyberCity_CentralSecurity_Tiles_1/WarRoomControlPanel4_7.png,WarRoomControlPanel4_7.png,CyberCity_CentralSecurity_Tiles_1/CyberCity_CentralSecurity_Tiles_1,CyberCity_CentralSecurity_Tiles_1,WarRoomControlPanel4,prop_sign_tech,199,168,True,"[0, 0, 199, 168]",199,168,49.773,0.50227,1.1845,False,False,False,D_PROP_SIGN_TECH
CS_1603,res://assets/tilesets/cyber_city_core_tilesets/CyberCity_CentralSecurity_Tiles/CyberCity_CentralSecurity_Tiles_1/CyberCity_CentralSecurity_Tiles_1/WarRoomControlPanel4_8.png,WarRoomControlPanel4_8.png,CyberCity_CentralSecurity_Tiles_1/CyberCity_CentralSecurity_Tiles_1,CyberCity_CentralSecurity_Tiles_1,WarRoomControlPanel4,prop_sign_tech,201,182,True,"[0, 0, 201, 182]",201,182,50.435,0.49565,1.1044,False,False,False,D_PROP_SIGN_TECH
CS_1604,res://assets/tilesets/cyber_city_core_tilesets/CyberCity_CentralSecurity_Tiles/CyberCity_CentralSecurity_Tiles_1/CyberCity_CentralSecurity_Tiles_1/WarRoomDoor1_1.png,WarRoomDoor1_1.png,CyberCity_CentralSecurity_Tiles_1/CyberCity_CentralSecurity_Tiles_1,CyberCity_CentralSecurity_Tiles_1,WarRoomDoor1,wall_security_barrier,94,134,True,"[0, 0, 94, 134]",94,134,11.226,0.88774,0.7015,False,False,False,B_WALL_SECURITY_BARRIER
CS_1605,res://assets/tilesets/cyber_city_core_tilesets/CyberCity_CentralSecurity_Tiles/CyberCity_CentralSecurity_Tiles_1/CyberCity_CentralSecurity_Tiles_1/WarRoomDoor1_2.png,WarRoomDoor1_2.png,CyberCity_CentralSecurity_Tiles_1/CyberCity_CentralSecurity_Tiles_1,CyberCity_CentralSecurity_Tiles_1,WarRoomDoor1,wall_security_barrier,16,183,True,"[0, 0, 16, 183]",16,183,37.944,0.62056,0.0874,False,False,True,B_WALL_SECURITY_BARRIER
CS_1606,res://assets/tilesets/cyber_city_core_tilesets/CyberCity_CentralSecurity_Tiles/CyberCity_CentralSecurity_Tiles_1/CyberCity_CentralSecurity_Tiles_1/WarRoomDoor1_3.png,WarRoomDoor1_3.png,CyberCity_CentralSecurity_Tiles_1/CyberCity_CentralSecurity_Tiles_1,CyberCity_CentralSecurity_Tiles_1,WarRoomDoor1,wall_security_barrier,97,134,True,"[0, 0, 97, 134]",97,134,14.01,0.8599,0.7239,False,False,False,B_WALL_SECURITY_BARRIER
CS_1607,res://assets/tilesets/cyber_city_core_tilesets/CyberCity_CentralSecurity_Tiles/CyberCity_CentralSecurity_Tiles_1/CyberCity_CentralSecurity_Tiles_1/WarRoomDoor1_4.png,WarRoomDoor1_4.png,CyberCity_CentralSecurity_Tiles_1/CyberCity_CentralSecurity_Tiles_1,CyberCity_CentralSecurity_Tiles_1,WarRoomDoor1,wall_security_barrier,17,182,True,"[0, 0, 17, 182]",17,182,40.886,0.59114,0.0934,False,False,True,B_WALL_SECURITY_BARRIER
CS_1608,res://assets/tilesets/cyber_city_core_tilesets/CyberCity_CentralSecurity_Tiles/CyberCity_CentralSecurity_Tiles_1/CyberCity_CentralSecurity_Tiles_1/WarRoomDoor1_5.png,WarRoomDoor1_5.png,CyberCity_CentralSecurity_Tiles_1/CyberCity_CentralSecurity_Tiles_1,CyberCity_CentralSecurity_Tiles_1,WarRoomDoor1,wall_security_barrier,75,167,True,"[0, 0, 75, 167]",75,167,30.946,0.69054,0.4491,False,False,False,B_WALL_SECURITY_BARRIER
CS_1609,res://assets/tilesets/cyber_city_core_tilesets/CyberCity_CentralSecurity_Tiles/CyberCity_CentralSecurity_Tiles_1/CyberCity_CentralSecurity_Tiles_1/WarRoomDoor1_6.png,WarRoomDoor1_6.png,CyberCity_CentralSecurity_Tiles_1/CyberCity_CentralSecurity_Tiles_1,CyberCity_CentralSecurity_Tiles_1,WarRoomDoor1,wall_security_barrier,77,168,True,"[0, 0, 77, 168]",77,168,33.148,0.66852,0.4583,False,False,False,B_WALL_SECURITY_BARRIER
CS_1610,res://assets/tilesets/cyber_city_core_tilesets/CyberCity_CentralSecurity_Tiles/CyberCity_CentralSecurity_Tiles_1/CyberCity_CentralSecurity_Tiles_1/WarRoomDoor1_7.png,WarRoomDoor1_7.png,CyberCity_CentralSecurity_Tiles_1/CyberCity_CentralSecurity_Tiles_1,CyberCity_CentralSecurity_Tiles_1,WarRoomDoor1,wall_security_barrier,71,167,True,"[0, 0, 71, 167]",71,167,27.427,0.72573,0.4251,False,False,False,B_WALL_SECURITY_BARRIER
CS_1611,res://assets/tilesets/cyber_city_core_tilesets/CyberCity_CentralSecurity_Tiles/CyberCity_CentralSecurity_Tiles_1/CyberCity_CentralSecurity_Tiles_1/WarRoomDoor1_8.png,WarRoomDoor1_8.png,CyberCity_CentralSecurity_Tiles_1/CyberCity_CentralSecurity_Tiles_1,CyberCity_CentralSecurity_Tiles_1,WarRoomDoor1,wall_security_barrier,74,168,True,"[0, 0, 74, 168]",74,168,30.663,0.69337,0.4405,False,False,False,B_WALL_SECURITY_BARRIER
CS_1612,res://assets/tilesets/cyber_city_core_tilesets/CyberCity_CentralSecurity_Tiles/CyberCity_CentralSecurity_Tiles_1/CyberCity_CentralSecurity_Tiles_1/WarRoomFloor1_1.png,WarRoomFloor1_1.png,CyberCity_CentralSecurity_Tiles_1/CyberCity_CentralSecurity_Tiles_1,CyberCity_CentralSecurity_Tiles_1,WarRoomFloor1,ground_floor_road,150,123,True,"[0, 0, 150, 123]",150,123,9.805,0.90195,1.2195,False,False,False,A_GROUND_FLOOR_ROAD
CS_1613,res://assets/tilesets/cyber_city_core_tilesets/CyberCity_CentralSecurity_Tiles/CyberCity_CentralSecurity_Tiles_1/CyberCity_CentralSecurity_Tiles_1/WarRoomFloor1_2.png,WarRoomFloor1_2.png,CyberCity_CentralSecurity_Tiles_1/CyberCity_CentralSecurity_Tiles_1,CyberCity_CentralSecurity_Tiles_1,WarRoomFloor1,ground_floor_road,169,110,True,"[0, 0, 169, 110]",169,110,10.398,0.89602,1.5364,False,False,False,A_GROUND_FLOOR_ROAD
CS_1614,res://assets/tilesets/cyber_city_core_tilesets/CyberCity_CentralSecurity_Tiles/CyberCity_CentralSecurity_Tiles_1/CyberCity_CentralSecurity_Tiles_1/WarRoomFloor1_3.png,WarRoomFloor1_3.png,CyberCity_CentralSecurity_Tiles_1/CyberCity_CentralSecurity_Tiles_1,CyberCity_CentralSecurity_Tiles_1,WarRoomFloor1,ground_floor_road,150,123,True,"[0, 0, 150, 123]",150,123,9.805,0.90195,1.2195,False,False,False,A_GROUND_FLOOR_ROAD
CS_1615,res://assets/tilesets/cyber_city_core_tilesets/CyberCity_CentralSecurity_Tiles/CyberCity_CentralSecurity_Tiles_1/CyberCity_CentralSecurity_Tiles_1/WarRoomFloor1_4.png,WarRoomFloor1_4.png,CyberCity_CentralSecurity_Tiles_1/CyberCity_CentralSecurity_Tiles_1,CyberCity_CentralSecurity_Tiles_1,WarRoomFloor1,ground_floor_road,169,110,True,"[0, 0, 169, 110]",169,110,10.398,0.89602,1.5364,False,False,False,A_GROUND_FLOOR_ROAD
CS_1616,res://assets/tilesets/cyber_city_core_tilesets/CyberCity_CentralSecurity_Tiles/CyberCity_CentralSecurity_Tiles_1/CyberCity_CentralSecurity_Tiles_1/WarRoomFloor1_5.png,WarRoomFloor1_5.png,CyberCity_CentralSecurity_Tiles_1/CyberCity_CentralSecurity_Tiles_1,CyberCity_CentralSecurity_Tiles_1,WarRoomFloor1,ground_floor_road,213,153,True,"[0, 0, 213, 153]",213,153,48.317,0.51683,1.3922,False,False,False,A_GROUND_FLOOR_ROAD
CS_1617,res://assets/tilesets/cyber_city_core_tilesets/CyberCity_CentralSecurity_Tiles/CyberCity_CentralSecurity_Tiles_1/CyberCity_CentralSecurity_Tiles_1/WarRoomFloor1_6.png,WarRoomFloor1_6.png,CyberCity_CentralSecurity_Tiles_1/CyberCity_CentralSecurity_Tiles_1,CyberCity_CentralSecurity_Tiles_1,WarRoomFloor1,ground_floor_road,213,153,True,"[0, 0, 213, 153]",213,153,48.314,0.51686,1.3922,False,False,False,A_GROUND_FLOOR_ROAD
CS_1618,res://assets/tilesets/cyber_city_core_tilesets/CyberCity_CentralSecurity_Tiles/CyberCity_CentralSecurity_Tiles_1/CyberCity_CentralSecurity_Tiles_1/WarRoomFloor1_7.png,WarRoomFloor1_7.png,CyberCity_CentralSecurity_Tiles_1/CyberCity_CentralSecurity_Tiles_1,CyberCity_CentralSecurity_Tiles_1,WarRoomFloor1,ground_floor_road,213,153,True,"[0, 0, 213, 153]",213,153,48.314,0.51686,1.3922,False,False,False,A_GROUND_FLOOR_ROAD
CS_1619,res://assets/tilesets/cyber_city_core_tilesets/CyberCity_CentralSecurity_Tiles/CyberCity_CentralSecurity_Tiles_1/CyberCity_CentralSecurity_Tiles_1/WarRoomFloor1_8.png,WarRoomFloor1_8.png,CyberCity_CentralSecurity_Tiles_1/CyberCity_CentralSecurity_Tiles_1,CyberCity_CentralSecurity_Tiles_1,WarRoomFloor1,ground_floor_road,213,153,True,"[0, 0, 213, 153]",213,153,48.317,0.51683,1.3922,False,False,False,A_GROUND_FLOOR_ROAD
CS_1620,res://assets/tilesets/cyber_city_core_tilesets/CyberCity_CentralSecurity_Tiles/CyberCity_CentralSecurity_Tiles_1/CyberCity_CentralSecurity_Tiles_1/WarRoomGenerator1_1.png,WarRoomGenerator1_1.png,CyberCity_CentralSecurity_Tiles_1/CyberCity_CentralSecurity_Tiles_1,CyberCity_CentralSecurity_Tiles_1,WarRoomGenerator1,prop_sign_tech,82,191,True,"[0, 0, 82, 191]",82,191,51.188,0.48812,0.4293,False,False,False,D_PROP_SIGN_TECH
CS_1621,res://assets/tilesets/cyber_city_core_tilesets/CyberCity_CentralSecurity_Tiles/CyberCity_CentralSecurity_Tiles_1/CyberCity_CentralSecurity_Tiles_1/WarRoomGenerator1_2.png,WarRoomGenerator1_2.png,CyberCity_CentralSecurity_Tiles_1/CyberCity_CentralSecurity_Tiles_1,CyberCity_CentralSecurity_Tiles_1,WarRoomGenerator1,prop_sign_tech,109,194,True,"[0, 0, 109, 194]",109,194,50.908,0.49092,0.5619,False,False,False,D_PROP_SIGN_TECH
CS_1622,res://assets/tilesets/cyber_city_core_tilesets/CyberCity_CentralSecurity_Tiles/CyberCity_CentralSecurity_Tiles_1/CyberCity_CentralSecurity_Tiles_1/WarRoomGenerator1_3.png,WarRoomGenerator1_3.png,CyberCity_CentralSecurity_Tiles_1/CyberCity_CentralSecurity_Tiles_1,CyberCity_CentralSecurity_Tiles_1,WarRoomGenerator1,prop_sign_tech,81,210,True,"[0, 0, 81, 210]",81,210,52.263,0.47737,0.3857,False,False,False,D_PROP_SIGN_TECH
CS_1623,res://assets/tilesets/cyber_city_core_tilesets/CyberCity_CentralSecurity_Tiles/CyberCity_CentralSecurity_Tiles_1/CyberCity_CentralSecurity_Tiles_1/WarRoomGenerator1_4.png,WarRoomGenerator1_4.png,CyberCity_CentralSecurity_Tiles_1/CyberCity_CentralSecurity_Tiles_1,CyberCity_CentralSecurity_Tiles_1,WarRoomGenerator1,prop_sign_tech,96,191,True,"[0, 0, 96, 191]",96,191,44.039,0.55961,0.5026,False,False,False,D_PROP_SIGN_TECH
CS_1624,res://assets/tilesets/cyber_city_core_tilesets/CyberCity_CentralSecurity_Tiles/CyberCity_CentralSecurity_Tiles_1/CyberCity_CentralSecurity_Tiles_1/WarRoomGenerator1_5.png,WarRoomGenerator1_5.png,CyberCity_CentralSecurity_Tiles_1/CyberCity_CentralSecurity_Tiles_1,CyberCity_CentralSecurity_Tiles_1,WarRoomGenerator1,prop_sign_tech,101,193,True,"[0, 0, 101, 193]",101,193,50.105,0.49895,0.5233,False,False,False,D_PROP_SIGN_TECH
CS_1625,res://assets/tilesets/cyber_city_core_tilesets/CyberCity_CentralSecurity_Tiles/CyberCity_CentralSecurity_Tiles_1/CyberCity_CentralSecurity_Tiles_1/WarRoomGenerator1_6.png,WarRoomGenerator1_6.png,CyberCity_CentralSecurity_Tiles_1/CyberCity_CentralSecurity_Tiles_1,CyberCity_CentralSecurity_Tiles_1,WarRoomGenerator1,prop_sign_tech,89,195,True,"[0, 0, 89, 195]",89,195,46.482,0.53518,0.4564,False,False,False,D_PROP_SIGN_TECH
CS_1626,res://assets/tilesets/cyber_city_core_tilesets/CyberCity_CentralSecurity_Tiles/CyberCity_CentralSecurity_Tiles_1/CyberCity_CentralSecurity_Tiles_1/WarRoomGenerator1_7.png,WarRoomGenerator1_7.png,CyberCity_CentralSecurity_Tiles_1/CyberCity_CentralSecurity_Tiles_1,CyberCity_CentralSecurity_Tiles_1,WarRoomGenerator1,prop_sign_tech,102,207,True,"[0, 0, 102, 207]",102,207,54.537,0.45463,0.4928,False,False,False,D_PROP_SIGN_TECH
CS_1627,res://assets/tilesets/cyber_city_core_tilesets/CyberCity_CentralSecurity_Tiles/CyberCity_CentralSecurity_Tiles_1/CyberCity_CentralSecurity_Tiles_1/WarRoomGenerator1_8.png,WarRoomGenerator1_8.png,CyberCity_CentralSecurity_Tiles_1/CyberCity_CentralSecurity_Tiles_1,CyberCity_CentralSecurity_Tiles_1,WarRoomGenerator1,prop_sign_tech,90,204,True,"[0, 0, 90, 204]",90,204,46.814,0.53186,0.4412,False,False,False,D_PROP_SIGN_TECH
CS_1628,res://assets/tilesets/cyber_city_core_tilesets/CyberCity_CentralSecurity_Tiles/CyberCity_CentralSecurity_Tiles_1/CyberCity_CentralSecurity_Tiles_1/WarRoomHangingScreens1_1.png,WarRoomHangingScreens1_1.png,CyberCity_CentralSecurity_Tiles_1/CyberCity_CentralSecurity_Tiles_1,CyberCity_CentralSecurity_Tiles_1,WarRoomHangingScreens1,prop_sign_tech,52,226,True,"[0, 0, 52, 226]",52,226,77.919,0.22081,0.2301,False,False,False,D_PROP_SIGN_TECH
CS_1629,res://assets/tilesets/cyber_city_core_tilesets/CyberCity_CentralSecurity_Tiles/CyberCity_CentralSecurity_Tiles_1/CyberCity_CentralSecurity_Tiles_1/WarRoomHangingScreens1_2.png,WarRoomHangingScreens1_2.png,CyberCity_CentralSecurity_Tiles_1/CyberCity_CentralSecurity_Tiles_1,CyberCity_CentralSecurity_Tiles_1,WarRoomHangingScreens1,prop_sign_tech,241,118,True,"[0, 0, 241, 118]",241,118,44.859,0.55141,2.0424,False,False,False,D_PROP_SIGN_TECH
CS_1630,res://assets/tilesets/cyber_city_core_tilesets/CyberCity_CentralSecurity_Tiles/CyberCity_CentralSecurity_Tiles_1/CyberCity_CentralSecurity_Tiles_1/WarRoomHangingScreens1_3.png,WarRoomHangingScreens1_3.png,CyberCity_CentralSecurity_Tiles_1/CyberCity_CentralSecurity_Tiles_1,CyberCity_CentralSecurity_Tiles_1,WarRoomHangingScreens1,prop_sign_tech,51,248,True,"[0, 0, 51, 248]",51,248,78.787,0.21213,0.2056,False,False,False,D_PROP_SIGN_TECH
CS_1631,res://assets/tilesets/cyber_city_core_tilesets/CyberCity_CentralSecurity_Tiles/CyberCity_CentralSecurity_Tiles_1/CyberCity_CentralSecurity_Tiles_1/WarRoomHangingScreens1_4.png,WarRoomHangingScreens1_4.png,CyberCity_CentralSecurity_Tiles_1/CyberCity_CentralSecurity_Tiles_1,CyberCity_CentralSecurity_Tiles_1,WarRoomHangingScreens1,prop_sign_tech,241,119,True,"[0, 0, 241, 119]",241,119,41.912,0.58088,2.0252,False,False,False,D_PROP_SIGN_TECH
CS_1632,res://assets/tilesets/cyber_city_core_tilesets/CyberCity_CentralSecurity_Tiles/CyberCity_CentralSecurity_Tiles_1/CyberCity_CentralSecurity_Tiles_1/WarRoomHangingScreens1_5.png,WarRoomHangingScreens1_5.png,CyberCity_CentralSecurity_Tiles_1/CyberCity_CentralSecurity_Tiles_1,CyberCity_CentralSecurity_Tiles_1,WarRoomHangingScreens1,prop_sign_tech,200,180,True,"[0, 0, 200, 180]",200,180,67.514,0.32486,1.1111,False,False,False,D_PROP_SIGN_TECH
CS_1633,res://assets/tilesets/cyber_city_core_tilesets/CyberCity_CentralSecurity_Tiles/CyberCity_CentralSecurity_Tiles_1/CyberCity_CentralSecurity_Tiles_1/WarRoomHangingScreens1_6.png,WarRoomHangingScreens1_6.png,CyberCity_CentralSecurity_Tiles_1/CyberCity_CentralSecurity_Tiles_1,CyberCity_CentralSecurity_Tiles_1,WarRoomHangingScreens1,prop_sign_tech,172,198,True,"[0, 0, 172, 198]",172,198,63.184,0.36816,0.8687,False,False,False,D_PROP_SIGN_TECH
CS_1634,res://assets/tilesets/cyber_city_core_tilesets/CyberCity_CentralSecurity_Tiles/CyberCity_CentralSecurity_Tiles_1/CyberCity_CentralSecurity_Tiles_1/WarRoomHangingScreens1_7.png,WarRoomHangingScreens1_7.png,CyberCity_CentralSecurity_Tiles_1/CyberCity_CentralSecurity_Tiles_1,CyberCity_CentralSecurity_Tiles_1,WarRoomHangingScreens1,prop_sign_tech,172,219,True,"[0, 0, 172, 219]",172,219,69.125,0.30875,0.7854,False,False,False,D_PROP_SIGN_TECH
CS_1635,res://assets/tilesets/cyber_city_core_tilesets/CyberCity_CentralSecurity_Tiles/CyberCity_CentralSecurity_Tiles_1/CyberCity_CentralSecurity_Tiles_1/WarRoomHangingScreens1_8.png,WarRoomHangingScreens1_8.png,CyberCity_CentralSecurity_Tiles_1/CyberCity_CentralSecurity_Tiles_1,CyberCity_CentralSecurity_Tiles_1,WarRoomHangingScreens1,prop_sign_tech,200,202,True,"[0, 0, 200, 202]",200,202,68.53,0.3147,0.9901,False,False,False,D_PROP_SIGN_TECH
CS_1636,res://assets/tilesets/cyber_city_core_tilesets/CyberCity_CentralSecurity_Tiles/CyberCity_CentralSecurity_Tiles_1/CyberCity_CentralSecurity_Tiles_1/WarRoomHangingScreens2_1.png,WarRoomHangingScreens2_1.png,CyberCity_CentralSecurity_Tiles_1/CyberCity_CentralSecurity_Tiles_1,CyberCity_CentralSecurity_Tiles_1,WarRoomHangingScreens2,prop_sign_tech,207,120,True,"[0, 0, 207, 120]",207,120,51.127,0.48873,1.725,False,False,False,D_PROP_SIGN_TECH
CS_1637,res://assets/tilesets/cyber_city_core_tilesets/CyberCity_CentralSecurity_Tiles/CyberCity_CentralSecurity_Tiles_1/CyberCity_CentralSecurity_Tiles_1/WarRoomHangingScreens2_2.png,WarRoomHangingScreens2_2.png,CyberCity_CentralSecurity_Tiles_1/CyberCity_CentralSecurity_Tiles_1,CyberCity_CentralSecurity_Tiles_1,WarRoomHangingScreens2,prop_sign_tech,51,223,True,"[0, 0, 51, 223]",51,223,67.766,0.32234,0.2287,False,False,False,D_PROP_SIGN_TECH
CS_1638,res://assets/tilesets/cyber_city_core_tilesets/CyberCity_CentralSecurity_Tiles/CyberCity_CentralSecurity_Tiles_1/CyberCity_CentralSecurity_Tiles_1/WarRoomHangingScreens2_3.png,WarRoomHangingScreens2_3.png,CyberCity_CentralSecurity_Tiles_1/CyberCity_CentralSecurity_Tiles_1,CyberCity_CentralSecurity_Tiles_1,WarRoomHangingScreens2,prop_sign_tech,207,119,True,"[0, 0, 207, 119]",207,119,43.905,0.56095,1.7395,False,False,False,D_PROP_SIGN_TECH
CS_1639,res://assets/tilesets/cyber_city_core_tilesets/CyberCity_CentralSecurity_Tiles/CyberCity_CentralSecurity_Tiles_1/CyberCity_CentralSecurity_Tiles_1/WarRoomHangingScreens2_4.png,WarRoomHangingScreens2_4.png,CyberCity_CentralSecurity_Tiles_1/CyberCity_CentralSecurity_Tiles_1,CyberCity_CentralSecurity_Tiles_1,WarRoomHangingScreens2,prop_sign_tech,52,223,True,"[0, 0, 52, 223]",52,223,68.205,0.31795,0.2332,False,False,False,D_PROP_SIGN_TECH
CS_1640,res://assets/tilesets/cyber_city_core_tilesets/CyberCity_CentralSecurity_Tiles/CyberCity_CentralSecurity_Tiles_1/CyberCity_CentralSecurity_Tiles_1/WarRoomHangingScreens2_5.png,WarRoomHangingScreens2_5.png,CyberCity_CentralSecurity_Tiles_1/CyberCity_CentralSecurity_Tiles_1,CyberCity_CentralSecurity_Tiles_1,WarRoomHangingScreens2,prop_sign_tech,171,201,True,"[0, 0, 171, 201]",171,201,72.998,0.27002,0.8507,False,False,False,D_PROP_SIGN_TECH
CS_1641,res://assets/tilesets/cyber_city_core_tilesets/CyberCity_CentralSecurity_Tiles/CyberCity_CentralSecurity_Tiles_1/CyberCity_CentralSecurity_Tiles_1/WarRoomHangingScreens2_6.png,WarRoomHangingScreens2_6.png,CyberCity_CentralSecurity_Tiles_1/CyberCity_CentralSecurity_Tiles_1,CyberCity_CentralSecurity_Tiles_1,WarRoomHangingScreens2,prop_sign_tech,173,201,True,"[0, 0, 173, 201]",173,201,73.18,0.2682,0.8607,False,False,False,D_PROP_SIGN_TECH
CS_1642,res://assets/tilesets/cyber_city_core_tilesets/CyberCity_CentralSecurity_Tiles/CyberCity_CentralSecurity_Tiles_1/CyberCity_CentralSecurity_Tiles_1/WarRoomHangingScreens2_7.png,WarRoomHangingScreens2_7.png,CyberCity_CentralSecurity_Tiles_1/CyberCity_CentralSecurity_Tiles_1,CyberCity_CentralSecurity_Tiles_1,WarRoomHangingScreens2,prop_sign_tech,172,202,True,"[0, 0, 172, 202]",172,202,68.792,0.31208,0.8515,False,False,False,D_PROP_SIGN_TECH
CS_1643,res://assets/tilesets/cyber_city_core_tilesets/CyberCity_CentralSecurity_Tiles/CyberCity_CentralSecurity_Tiles_1/CyberCity_CentralSecurity_Tiles_1/WarRoomHangingScreens2_8.png,WarRoomHangingScreens2_8.png,CyberCity_CentralSecurity_Tiles_1/CyberCity_CentralSecurity_Tiles_1,CyberCity_CentralSecurity_Tiles_1,WarRoomHangingScreens2,prop_sign_tech,172,201,True,"[0, 0, 172, 201]",172,201,68.454,0.31546,0.8557,False,False,False,D_PROP_SIGN_TECH
CS_1644,res://assets/tilesets/cyber_city_core_tilesets/CyberCity_CentralSecurity_Tiles/CyberCity_CentralSecurity_Tiles_1/CyberCity_CentralSecurity_Tiles_1/WarRoomHangingScreens3_1.png,WarRoomHangingScreens3_1.png,CyberCity_CentralSecurity_Tiles_1/CyberCity_CentralSecurity_Tiles_1,CyberCity_CentralSecurity_Tiles_1,WarRoomHangingScreens3,prop_sign_tech,52,255,True,"[0, 0, 52, 255]",52,255,70.656,0.29344,0.2039,False,False,False,D_PROP_SIGN_TECH
CS_1645,res://assets/tilesets/cyber_city_core_tilesets/CyberCity_CentralSecurity_Tiles/CyberCity_CentralSecurity_Tiles_1/CyberCity_CentralSecurity_Tiles_1/WarRoomHangingScreens3_2.png,WarRoomHangingScreens3_2.png,CyberCity_CentralSecurity_Tiles_1/CyberCity_CentralSecurity_Tiles_1,CyberCity_CentralSecurity_Tiles_1,WarRoomHangingScreens3,prop_sign_tech,249,119,True,"[0, 0, 249, 119]",249,119,54.332,0.45668,2.0924,False,False,False,D_PROP_SIGN_TECH
CS_1646,res://assets/tilesets/cyber_city_core_tilesets/CyberCity_CentralSecurity_Tiles/CyberCity_CentralSecurity_Tiles_1/CyberCity_CentralSecurity_Tiles_1/WarRoomHangingScreens3_3.png,WarRoomHangingScreens3_3.png,CyberCity_CentralSecurity_Tiles_1/CyberCity_CentralSecurity_Tiles_1,CyberCity_CentralSecurity_Tiles_1,WarRoomHangingScreens3,prop_sign_tech,52,255,True,"[0, 0, 52, 255]",52,255,70.43,0.2957,0.2039,False,False,False,D_PROP_SIGN_TECH
CS_1647,res://assets/tilesets/cyber_city_core_tilesets/CyberCity_CentralSecurity_Tiles/CyberCity_CentralSecurity_Tiles_1/CyberCity_CentralSecurity_Tiles_1/WarRoomHangingScreens3_4.png,WarRoomHangingScreens3_4.png,CyberCity_CentralSecurity_Tiles_1/CyberCity_CentralSecurity_Tiles_1,CyberCity_CentralSecurity_Tiles_1,WarRoomHangingScreens3,prop_sign_tech,249,119,True,"[0, 0, 249, 119]",249,119,59.853,0.40147,2.0924,False,False,False,D_PROP_SIGN_TECH
CS_1648,res://assets/tilesets/cyber_city_core_tilesets/CyberCity_CentralSecurity_Tiles/CyberCity_CentralSecurity_Tiles_1/CyberCity_CentralSecurity_Tiles_1/WarRoomHangingScreens3_5.png,WarRoomHangingScreens3_5.png,CyberCity_CentralSecurity_Tiles_1/CyberCity_CentralSecurity_Tiles_1,CyberCity_CentralSecurity_Tiles_1,WarRoomHangingScreens3,prop_sign_tech,205,223,True,"[0, 0, 205, 223]",205,223,76.557,0.23443,0.9193,False,False,False,D_PROP_SIGN_TECH
CS_1649,res://assets/tilesets/cyber_city_core_tilesets/CyberCity_CentralSecurity_Tiles/CyberCity_CentralSecurity_Tiles_1/CyberCity_CentralSecurity_Tiles_1/WarRoomHangingScreens3_6.png,WarRoomHangingScreens3_6.png,CyberCity_CentralSecurity_Tiles_1/CyberCity_CentralSecurity_Tiles_1,CyberCity_CentralSecurity_Tiles_1,WarRoomHangingScreens3,prop_sign_tech,201,221,True,"[0, 0, 201, 221]",201,221,79.086,0.20914,0.9095,False,False,False,D_PROP_SIGN_TECH
CS_1650,res://assets/tilesets/cyber_city_core_tilesets/CyberCity_CentralSecurity_Tiles/CyberCity_CentralSecurity_Tiles_1/CyberCity_CentralSecurity_Tiles_1/WarRoomHangingScreens3_7.png,WarRoomHangingScreens3_7.png,CyberCity_CentralSecurity_Tiles_1/CyberCity_CentralSecurity_Tiles_1,CyberCity_CentralSecurity_Tiles_1,WarRoomHangingScreens3,prop_sign_tech,201,223,True,"[0, 0, 201, 223]",201,223,76.046,0.23954,0.9013,False,False,False,D_PROP_SIGN_TECH
CS_1651,res://assets/tilesets/cyber_city_core_tilesets/CyberCity_CentralSecurity_Tiles/CyberCity_CentralSecurity_Tiles_1/CyberCity_CentralSecurity_Tiles_1/WarRoomHangingScreens3_8.png,WarRoomHangingScreens3_8.png,CyberCity_CentralSecurity_Tiles_1/CyberCity_CentralSecurity_Tiles_1,CyberCity_CentralSecurity_Tiles_1,WarRoomHangingScreens3,prop_sign_tech,203,222,True,"[0, 0, 203, 222]",203,222,79.377,0.20623,0.9144,False,False,False,D_PROP_SIGN_TECH
CS_1652,res://assets/tilesets/cyber_city_core_tilesets/CyberCity_CentralSecurity_Tiles/CyberCity_CentralSecurity_Tiles_1/CyberCity_CentralSecurity_Tiles_1/WarRoomOverheadScreen1_1.png,WarRoomOverheadScreen1_1.png,CyberCity_CentralSecurity_Tiles_1/CyberCity_CentralSecurity_Tiles_1,CyberCity_CentralSecurity_Tiles_1,WarRoomOverheadScreen1,prop_sign_tech,134,145,True,"[0, 0, 134, 145]",134,145,41.41,0.5859,0.9241,False,False,False,D_PROP_SIGN_TECH
CS_1653,res://assets/tilesets/cyber_city_core_tilesets/CyberCity_CentralSecurity_Tiles/CyberCity_CentralSecurity_Tiles_1/CyberCity_CentralSecurity_Tiles_1/WarRoomOverheadScreen1_2.png,WarRoomOverheadScreen1_2.png,CyberCity_CentralSecurity_Tiles_1/CyberCity_CentralSecurity_Tiles_1,CyberCity_CentralSecurity_Tiles_1,WarRoomOverheadScreen1,prop_sign_tech,169,121,True,"[0, 0, 169, 121]",169,121,39.298,0.60702,1.3967,False,False,False,D_PROP_SIGN_TECH
CS_1654,res://assets/tilesets/cyber_city_core_tilesets/CyberCity_CentralSecurity_Tiles/CyberCity_CentralSecurity_Tiles_1/CyberCity_CentralSecurity_Tiles_1/WarRoomOverheadScreen1_3.png,WarRoomOverheadScreen1_3.png,CyberCity_CentralSecurity_Tiles_1/CyberCity_CentralSecurity_Tiles_1,CyberCity_CentralSecurity_Tiles_1,WarRoomOverheadScreen1,prop_sign_tech,134,145,True,"[0, 0, 134, 145]",134,145,40.386,0.59614,0.9241,False,False,False,D_PROP_SIGN_TECH
CS_1655,res://assets/tilesets/cyber_city_core_tilesets/CyberCity_CentralSecurity_Tiles/CyberCity_CentralSecurity_Tiles_1/CyberCity_CentralSecurity_Tiles_1/WarRoomOverheadScreen1_4.png,WarRoomOverheadScreen1_4.png,CyberCity_CentralSecurity_Tiles_1/CyberCity_CentralSecurity_Tiles_1,CyberCity_CentralSecurity_Tiles_1,WarRoomOverheadScreen1,prop_sign_tech,169,125,True,"[0, 0, 169, 125]",169,125,42.092,0.57908,1.352,False,False,False,D_PROP_SIGN_TECH
CS_1656,res://assets/tilesets/cyber_city_core_tilesets/CyberCity_CentralSecurity_Tiles/CyberCity_CentralSecurity_Tiles_1/CyberCity_CentralSecurity_Tiles_1/WarRoomOverheadScreen1_5.png,WarRoomOverheadScreen1_5.png,CyberCity_CentralSecurity_Tiles_1/CyberCity_CentralSecurity_Tiles_1,CyberCity_CentralSecurity_Tiles_1,WarRoomOverheadScreen1,prop_sign_tech,157,146,True,"[0, 0, 157, 146]",157,146,45.729,0.54271,1.0753,False,False,False,D_PROP_SIGN_TECH
CS_1657,res://assets/tilesets/cyber_city_core_tilesets/CyberCity_CentralSecurity_Tiles/CyberCity_CentralSecurity_Tiles_1/CyberCity_CentralSecurity_Tiles_1/WarRoomOverheadScreen1_6.png,WarRoomOverheadScreen1_6.png,CyberCity_CentralSecurity_Tiles_1/CyberCity_CentralSecurity_Tiles_1,CyberCity_CentralSecurity_Tiles_1,WarRoomOverheadScreen1,prop_sign_tech,155,147,True,"[0, 0, 155, 147]",155,147,46.851,0.53149,1.0544,False,False,False,D_PROP_SIGN_TECH
CS_1658,res://assets/tilesets/cyber_city_core_tilesets/CyberCity_CentralSecurity_Tiles/CyberCity_CentralSecurity_Tiles_1/CyberCity_CentralSecurity_Tiles_1/WarRoomOverheadScreen1_7.png,WarRoomOverheadScreen1_7.png,CyberCity_CentralSecurity_Tiles_1/CyberCity_CentralSecurity_Tiles_1,CyberCity_CentralSecurity_Tiles_1,WarRoomOverheadScreen1,prop_sign_tech,155,148,True,"[0, 0, 155, 148]",155,148,46.146,0.53854,1.0473,False,False,False,D_PROP_SIGN_TECH
CS_1659,res://assets/tilesets/cyber_city_core_tilesets/CyberCity_CentralSecurity_Tiles/CyberCity_CentralSecurity_Tiles_1/CyberCity_CentralSecurity_Tiles_1/WarRoomOverheadScreen1_8.png,WarRoomOverheadScreen1_8.png,CyberCity_CentralSecurity_Tiles_1/CyberCity_CentralSecurity_Tiles_1,CyberCity_CentralSecurity_Tiles_1,WarRoomOverheadScreen1,prop_sign_tech,157,146,True,"[0, 0, 157, 146]",157,146,44.752,0.55248,1.0753,False,False,False,D_PROP_SIGN_TECH
CS_1660,res://assets/tilesets/cyber_city_core_tilesets/CyberCity_CentralSecurity_Tiles/CyberCity_CentralSecurity_Tiles_1/CyberCity_CentralSecurity_Tiles_1/WarRoomTable1_1.png,WarRoomTable1_1.png,CyberCity_CentralSecurity_Tiles_1/CyberCity_CentralSecurity_Tiles_1,CyberCity_CentralSecurity_Tiles_1,WarRoomTable1,prop_sign_tech,149,200,True,"[0, 0, 149, 200]",149,200,10.228,0.89772,0.745,False,False,False,D_PROP_SIGN_TECH
CS_1661,res://assets/tilesets/cyber_city_core_tilesets/CyberCity_CentralSecurity_Tiles/CyberCity_CentralSecurity_Tiles_1/CyberCity_CentralSecurity_Tiles_1/WarRoomTable1_2.png,WarRoomTable1_2.png,CyberCity_CentralSecurity_Tiles_1/CyberCity_CentralSecurity_Tiles_1,CyberCity_CentralSecurity_Tiles_1,WarRoomTable1,prop_sign_tech,234,137,True,"[0, 0, 234, 137]",234,137,9.467,0.90533,1.708,False,False,False,D_PROP_SIGN_TECH
CS_1662,res://assets/tilesets/cyber_city_core_tilesets/CyberCity_CentralSecurity_Tiles/CyberCity_CentralSecurity_Tiles_1/CyberCity_CentralSecurity_Tiles_1/WarRoomTable1_3.png,WarRoomTable1_3.png,CyberCity_CentralSecurity_Tiles_1/CyberCity_CentralSecurity_Tiles_1,CyberCity_CentralSecurity_Tiles_1,WarRoomTable1,prop_sign_tech,149,195,True,"[0, 0, 149, 195]",149,195,10.556,0.89444,0.7641,False,False,False,D_PROP_SIGN_TECH
CS_1663,res://assets/tilesets/cyber_city_core_tilesets/CyberCity_CentralSecurity_Tiles/CyberCity_CentralSecurity_Tiles_1/CyberCity_CentralSecurity_Tiles_1/WarRoomTable1_4.png,WarRoomTable1_4.png,CyberCity_CentralSecurity_Tiles_1/CyberCity_CentralSecurity_Tiles_1,CyberCity_CentralSecurity_Tiles_1,WarRoomTable1,prop_sign_tech,235,135,True,"[0, 0, 235, 135]",235,135,7.559,0.92441,1.7407,False,False,False,D_PROP_SIGN_TECH
CS_1664,res://assets/tilesets/cyber_city_core_tilesets/CyberCity_CentralSecurity_Tiles/CyberCity_CentralSecurity_Tiles_1/CyberCity_CentralSecurity_Tiles_1/WarRoomTable1_5.png,WarRoomTable1_5.png,CyberCity_CentralSecurity_Tiles_1/CyberCity_CentralSecurity_Tiles_1,CyberCity_CentralSecurity_Tiles_1,WarRoomTable1,prop_sign_tech,253,209,True,"[0, 0, 253, 209]",253,209,44.885,0.55115,1.2105,False,False,False,D_PROP_SIGN_TECH
CS_1665,res://assets/tilesets/cyber_city_core_tilesets/CyberCity_CentralSecurity_Tiles/CyberCity_CentralSecurity_Tiles_1/CyberCity_CentralSecurity_Tiles_1/WarRoomTable1_6.png,WarRoomTable1_6.png,CyberCity_CentralSecurity_Tiles_1/CyberCity_CentralSecurity_Tiles_1,CyberCity_CentralSecurity_Tiles_1,WarRoomTable1,prop_sign_tech,254,211,True,"[0, 0, 254, 211]",254,211,45.451,0.54549,1.2038,False,False,False,D_PROP_SIGN_TECH
CS_1666,res://assets/tilesets/cyber_city_core_tilesets/CyberCity_CentralSecurity_Tiles/CyberCity_CentralSecurity_Tiles_1/CyberCity_CentralSecurity_Tiles_1/WarRoomTable1_7.png,WarRoomTable1_7.png,CyberCity_CentralSecurity_Tiles_1/CyberCity_CentralSecurity_Tiles_1,CyberCity_CentralSecurity_Tiles_1,WarRoomTable1,prop_sign_tech,252,205,True,"[0, 0, 252, 205]",252,205,44.781,0.55219,1.2293,False,False,False,D_PROP_SIGN_TECH
CS_1667,res://assets/tilesets/cyber_city_core_tilesets/CyberCity_CentralSecurity_Tiles/CyberCity_CentralSecurity_Tiles_1/CyberCity_CentralSecurity_Tiles_1/WarRoomTable1_8.png,WarRoomTable1_8.png,CyberCity_CentralSecurity_Tiles_1/CyberCity_CentralSecurity_Tiles_1,CyberCity_CentralSecurity_Tiles_1,WarRoomTable1,prop_sign_tech,254,205,True,"[0, 0, 254, 205]",254,205,45.201,0.54799,1.239,False,False,False,D_PROP_SIGN_TECH
CS_1668,res://assets/tilesets/cyber_city_core_tilesets/CyberCity_CentralSecurity_Tiles/CyberCity_CentralSecurity_Tiles_1/CyberCity_CentralSecurity_Tiles_1/WarRoomWall1_1.png,WarRoomWall1_1.png,CyberCity_CentralSecurity_Tiles_1/CyberCity_CentralSecurity_Tiles_1,CyberCity_CentralSecurity_Tiles_1,WarRoomWall1,wall_security_barrier,23,171,True,"[0, 0, 23, 171]",23,171,36.308,0.63692,0.1345,False,False,True,B_WALL_SECURITY_BARRIER
CS_1669,res://assets/tilesets/cyber_city_core_tilesets/CyberCity_CentralSecurity_Tiles/CyberCity_CentralSecurity_Tiles_1/CyberCity_CentralSecurity_Tiles_1/WarRoomWall1_2.png,WarRoomWall1_2.png,CyberCity_CentralSecurity_Tiles_1/CyberCity_CentralSecurity_Tiles_1,CyberCity_CentralSecurity_Tiles_1,WarRoomWall1,wall_security_barrier,181,66,True,"[0, 0, 181, 66]",181,66,15.537,0.84463,2.7424,False,False,False,B_WALL_SECURITY_BARRIER
CS_1670,res://assets/tilesets/cyber_city_core_tilesets/CyberCity_CentralSecurity_Tiles/CyberCity_CentralSecurity_Tiles_1/CyberCity_CentralSecurity_Tiles_1/WarRoomWall1_3.png,WarRoomWall1_3.png,CyberCity_CentralSecurity_Tiles_1/CyberCity_CentralSecurity_Tiles_1,CyberCity_CentralSecurity_Tiles_1,WarRoomWall1,wall_security_barrier,17,170,True,"[0, 0, 17, 170]",17,170,15.848,0.84152,0.1,False,False,True,B_WALL_SECURITY_BARRIER
CS_1671,res://assets/tilesets/cyber_city_core_tilesets/CyberCity_CentralSecurity_Tiles/CyberCity_CentralSecurity_Tiles_1/CyberCity_CentralSecurity_Tiles_1/WarRoomWall1_4.png,WarRoomWall1_4.png,CyberCity_CentralSecurity_Tiles_1/CyberCity_CentralSecurity_Tiles_1,CyberCity_CentralSecurity_Tiles_1,WarRoomWall1,wall_security_barrier,178,59,True,"[0, 0, 178, 59]",178,59,5.98,0.9402,3.0169,False,False,False,B_WALL_SECURITY_BARRIER
CS_1672,res://assets/tilesets/cyber_city_core_tilesets/CyberCity_CentralSecurity_Tiles/CyberCity_CentralSecurity_Tiles_1/CyberCity_CentralSecurity_Tiles_1/WarRoomWall1_5.png,WarRoomWall1_5.png,CyberCity_CentralSecurity_Tiles_1/CyberCity_CentralSecurity_Tiles_1,CyberCity_CentralSecurity_Tiles_1,WarRoomWall1,wall_security_barrier,138,140,True,"[0, 0, 138, 140]",138,140,58.395,0.41605,0.9857,False,False,False,B_WALL_SECURITY_BARRIER
CS_1673,res://assets/tilesets/cyber_city_core_tilesets/CyberCity_CentralSecurity_Tiles/CyberCity_CentralSecurity_Tiles_1/CyberCity_CentralSecurity_Tiles_1/WarRoomWall1_6.png,WarRoomWall1_6.png,CyberCity_CentralSecurity_Tiles_1/CyberCity_CentralSecurity_Tiles_1,CyberCity_CentralSecurity_Tiles_1,WarRoomWall1,wall_security_barrier,135,140,True,"[0, 0, 135, 140]",135,140,58.265,0.41735,0.9643,False,False,False,B_WALL_SECURITY_BARRIER
CS_1674,res://assets/tilesets/cyber_city_core_tilesets/CyberCity_CentralSecurity_Tiles/CyberCity_CentralSecurity_Tiles_1/CyberCity_CentralSecurity_Tiles_1/WarRoomWall1_7.png,WarRoomWall1_7.png,CyberCity_CentralSecurity_Tiles_1/CyberCity_CentralSecurity_Tiles_1,CyberCity_CentralSecurity_Tiles_1,WarRoomWall1,wall_security_barrier,138,140,True,"[0, 0, 138, 140]",138,140,58.613,0.41387,0.9857,False,False,False,B_WALL_SECURITY_BARRIER
CS_1675,res://assets/tilesets/cyber_city_core_tilesets/CyberCity_CentralSecurity_Tiles/CyberCity_CentralSecurity_Tiles_1/CyberCity_CentralSecurity_Tiles_1/WarRoomWall1_8.png,WarRoomWall1_8.png,CyberCity_CentralSecurity_Tiles_1/CyberCity_CentralSecurity_Tiles_1,CyberCity_CentralSecurity_Tiles_1,WarRoomWall1,wall_security_barrier,133,139,True,"[0, 0, 133, 139]",133,139,57.559,0.42441,0.9568,False,False,False,B_WALL_SECURITY_BARRIER
CS_1676,res://assets/tilesets/cyber_city_core_tilesets/CyberCity_CentralSecurity_Tiles/CyberCity_CentralSecurity_Tiles_1/CyberCity_CentralSecurity_Tiles_1/WarRoomWall2_1.png,WarRoomWall2_1.png,CyberCity_CentralSecurity_Tiles_1/CyberCity_CentralSecurity_Tiles_1,CyberCity_CentralSecurity_Tiles_1,WarRoomWall2,wall_security_barrier,475,195,True,"[0, 0, 475, 195]",475,195,18.563,0.81437,2.4359,False,False,False,B_WALL_SECURITY_BARRIER
CS_1677,res://assets/tilesets/cyber_city_core_tilesets/CyberCity_CentralSecurity_Tiles/CyberCity_CentralSecurity_Tiles_1/CyberCity_CentralSecurity_Tiles_1/WarRoomWall2_2.png,WarRoomWall2_2.png,CyberCity_CentralSecurity_Tiles_1/CyberCity_CentralSecurity_Tiles_1,CyberCity_CentralSecurity_Tiles_1,WarRoomWall2,wall_security_barrier,52,483,True,"[0, 0, 52, 483]",52,483,16.519,0.83481,0.1077,False,False,False,B_WALL_SECURITY_BARRIER
CS_1678,res://assets/tilesets/cyber_city_core_tilesets/CyberCity_CentralSecurity_Tiles/CyberCity_CentralSecurity_Tiles_1/CyberCity_CentralSecurity_Tiles_1/WarRoomWall2_3.png,WarRoomWall2_3.png,CyberCity_CentralSecurity_Tiles_1/CyberCity_CentralSecurity_Tiles_1,CyberCity_CentralSecurity_Tiles_1,WarRoomWall2,wall_security_barrier,470,189,True,"[0, 0, 470, 189]",470,189,16.158,0.83842,2.4868,False,False,False,B_WALL_SECURITY_BARRIER
CS_1679,res://assets/tilesets/cyber_city_core_tilesets/CyberCity_CentralSecurity_Tiles/CyberCity_CentralSecurity_Tiles_1/CyberCity_CentralSecurity_Tiles_1/WarRoomWall2_4.png,WarRoomWall2_4.png,CyberCity_CentralSecurity_Tiles_1/CyberCity_CentralSecurity_Tiles_1,CyberCity_CentralSecurity_Tiles_1,WarRoomWall2,wall_security_barrier,52,483,True,"[0, 0, 52, 483]",52,483,16.133,0.83867,0.1077,False,False,False,B_WALL_SECURITY_BARRIER
CS_1680,res://assets/tilesets/cyber_city_core_tilesets/CyberCity_CentralSecurity_Tiles/CyberCity_CentralSecurity_Tiles_1/CyberCity_CentralSecurity_Tiles_1/WarRoomWall2_5.png,WarRoomWall2_5.png,CyberCity_CentralSecurity_Tiles_1/CyberCity_CentralSecurity_Tiles_1,CyberCity_CentralSecurity_Tiles_1,WarRoomWall2,wall_security_barrier,367,407,True,"[0, 0, 367, 407]",367,407,56.414,0.43586,0.9017,False,False,False,B_WALL_SECURITY_BARRIER
CS_1681,res://assets/tilesets/cyber_city_core_tilesets/CyberCity_CentralSecurity_Tiles/CyberCity_CentralSecurity_Tiles_1/CyberCity_CentralSecurity_Tiles_1/WarRoomWall2_6.png,WarRoomWall2_6.png,CyberCity_CentralSecurity_Tiles_1/CyberCity_CentralSecurity_Tiles_1,CyberCity_CentralSecurity_Tiles_1,WarRoomWall2,wall_security_barrier,368,407,True,"[0, 0, 368, 407]",368,407,56.456,0.43544,0.9042,False,False,False,B_WALL_SECURITY_BARRIER
CS_1682,res://assets/tilesets/cyber_city_core_tilesets/CyberCity_CentralSecurity_Tiles/CyberCity_CentralSecurity_Tiles_1/CyberCity_CentralSecurity_Tiles_1/WarRoomWall2_7.png,WarRoomWall2_7.png,CyberCity_CentralSecurity_Tiles_1/CyberCity_CentralSecurity_Tiles_1,CyberCity_CentralSecurity_Tiles_1,WarRoomWall2,wall_security_barrier,363,406,True,"[0, 0, 363, 406]",363,406,56.526,0.43474,0.8941,False,False,False,B_WALL_SECURITY_BARRIER
CS_1683,res://assets/tilesets/cyber_city_core_tilesets/CyberCity_CentralSecurity_Tiles/CyberCity_CentralSecurity_Tiles_1/CyberCity_CentralSecurity_Tiles_1/WarRoomWall2_8.png,WarRoomWall2_8.png,CyberCity_CentralSecurity_Tiles_1/CyberCity_CentralSecurity_Tiles_1,CyberCity_CentralSecurity_Tiles_1,WarRoomWall2,wall_security_barrier,364,407,True,"[0, 0, 364, 407]",364,407,56.724,0.43276,0.8943,False,False,False,B_WALL_SECURITY_BARRIER
CS_1684,res://assets/tilesets/cyber_city_core_tilesets/CyberCity_CentralSecurity_Tiles/CyberCity_CentralSecurity_Tiles_1/CyberCity_CentralSecurity_Tiles_1/WarRoomWall3_1.png,WarRoomWall3_1.png,CyberCity_CentralSecurity_Tiles_1/CyberCity_CentralSecurity_Tiles_1,CyberCity_CentralSecurity_Tiles_1,WarRoomWall3,wall_security_barrier,550,232,True,"[0, 0, 550, 232]",550,232,6.173,0.93827,2.3707,False,False,False,B_WALL_SECURITY_BARRIER
CS_1685,res://assets/tilesets/cyber_city_core_tilesets/CyberCity_CentralSecurity_Tiles/CyberCity_CentralSecurity_Tiles_1/CyberCity_CentralSecurity_Tiles_1/WarRoomWall3_2.png,WarRoomWall3_2.png,CyberCity_CentralSecurity_Tiles_1/CyberCity_CentralSecurity_Tiles_1,CyberCity_CentralSecurity_Tiles_1,WarRoomWall3,wall_security_barrier,58,572,True,"[0, 0, 58, 572]",58,572,13.0,0.87,0.1014,False,False,False,B_WALL_SECURITY_BARRIER
CS_1686,res://assets/tilesets/cyber_city_core_tilesets/CyberCity_CentralSecurity_Tiles/CyberCity_CentralSecurity_Tiles_1/CyberCity_CentralSecurity_Tiles_1/WarRoomWall3_3.png,WarRoomWall3_3.png,CyberCity_CentralSecurity_Tiles_1/CyberCity_CentralSecurity_Tiles_1,CyberCity_CentralSecurity_Tiles_1,WarRoomWall3,wall_security_barrier,547,232,True,"[0, 0, 547, 232]",547,232,5.268,0.94732,2.3578,False,False,False,B_WALL_SECURITY_BARRIER
CS_1687,res://assets/tilesets/cyber_city_core_tilesets/CyberCity_CentralSecurity_Tiles/CyberCity_CentralSecurity_Tiles_1/CyberCity_CentralSecurity_Tiles_1/WarRoomWall3_4.png,WarRoomWall3_4.png,CyberCity_CentralSecurity_Tiles_1/CyberCity_CentralSecurity_Tiles_1,CyberCity_CentralSecurity_Tiles_1,WarRoomWall3,wall_security_barrier,61,575,True,"[0, 0, 61, 575]",61,575,17.782,0.82218,0.1061,False,False,False,B_WALL_SECURITY_BARRIER
CS_1688,res://assets/tilesets/cyber_city_core_tilesets/CyberCity_CentralSecurity_Tiles/CyberCity_CentralSecurity_Tiles_1/CyberCity_CentralSecurity_Tiles_1/WarRoomWall3_5.png,WarRoomWall3_5.png,CyberCity_CentralSecurity_Tiles_1/CyberCity_CentralSecurity_Tiles_1,CyberCity_CentralSecurity_Tiles_1,WarRoomWall3,wall_security_barrier,422,480,True,"[0, 0, 422, 480]",422,480,52.58,0.4742,0.8792,False,False,False,B_WALL_SECURITY_BARRIER
CS_1689,res://assets/tilesets/cyber_city_core_tilesets/CyberCity_CentralSecurity_Tiles/CyberCity_CentralSecurity_Tiles_1/CyberCity_CentralSecurity_Tiles_1/WarRoomWall3_6.png,WarRoomWall3_6.png,CyberCity_CentralSecurity_Tiles_1/CyberCity_CentralSecurity_Tiles_1,CyberCity_CentralSecurity_Tiles_1,WarRoomWall3,wall_security_barrier,420,482,True,"[0, 0, 420, 482]",420,482,52.51,0.4749,0.8714,False,False,False,B_WALL_SECURITY_BARRIER
CS_1690,res://assets/tilesets/cyber_city_core_tilesets/CyberCity_CentralSecurity_Tiles/CyberCity_CentralSecurity_Tiles_1/CyberCity_CentralSecurity_Tiles_1/WarRoomWall3_7.png,WarRoomWall3_7.png,CyberCity_CentralSecurity_Tiles_1/CyberCity_CentralSecurity_Tiles_1,CyberCity_CentralSecurity_Tiles_1,WarRoomWall3,wall_security_barrier,425,482,True,"[0, 0, 425, 482]",425,482,52.718,0.47282,0.8817,False,False,False,B_WALL_SECURITY_BARRIER
CS_1691,res://assets/tilesets/cyber_city_core_tilesets/CyberCity_CentralSecurity_Tiles/CyberCity_CentralSecurity_Tiles_1/CyberCity_CentralSecurity_Tiles_1/WarRoomWall3_8.png,WarRoomWall3_8.png,CyberCity_CentralSecurity_Tiles_1/CyberCity_CentralSecurity_Tiles_1,CyberCity_CentralSecurity_Tiles_1,WarRoomWall3,wall_security_barrier,425,481,True,"[0, 0, 425, 481]",425,481,52.621,0.47379,0.8836,False,False,False,B_WALL_SECURITY_BARRIER
CS_1692,res://assets/tilesets/cyber_city_core_tilesets/CyberCity_CentralSecurity_Tiles/CyberCity_CentralSecurity_Tiles_1/CyberCity_CentralSecurity_Tiles_1/WarRoomWall4_1.png,WarRoomWall4_1.png,CyberCity_CentralSecurity_Tiles_1/CyberCity_CentralSecurity_Tiles_1,CyberCity_CentralSecurity_Tiles_1,WarRoomWall4,wall_security_barrier,52,559,True,"[0, 0, 52, 559]",52,559,18.405,0.81595,0.093,False,False,False,B_WALL_SECURITY_BARRIER
CS_1693,res://assets/tilesets/cyber_city_core_tilesets/CyberCity_CentralSecurity_Tiles/CyberCity_CentralSecurity_Tiles_1/CyberCity_CentralSecurity_Tiles_1/WarRoomWall4_2.png,WarRoomWall4_2.png,CyberCity_CentralSecurity_Tiles_1/CyberCity_CentralSecurity_Tiles_1,CyberCity_CentralSecurity_Tiles_1,WarRoomWall4,wall_security_barrier,575,189,True,"[0, 0, 575, 189]",575,189,3.89,0.9611,3.0423,False,False,False,B_WALL_SECURITY_BARRIER
CS_1694,res://assets/tilesets/cyber_city_core_tilesets/CyberCity_CentralSecurity_Tiles/CyberCity_CentralSecurity_Tiles_1/CyberCity_CentralSecurity_Tiles_1/WarRoomWall4_3.png,WarRoomWall4_3.png,CyberCity_CentralSecurity_Tiles_1/CyberCity_CentralSecurity_Tiles_1,CyberCity_CentralSecurity_Tiles_1,WarRoomWall4,wall_security_barrier,50,559,True,"[0, 0, 50, 559]",50,559,15.513,0.84487,0.0894,False,False,False,B_WALL_SECURITY_BARRIER
CS_1695,res://assets/tilesets/cyber_city_core_tilesets/CyberCity_CentralSecurity_Tiles/CyberCity_CentralSecurity_Tiles_1/CyberCity_CentralSecurity_Tiles_1/WarRoomWall4_4.png,WarRoomWall4_4.png,CyberCity_CentralSecurity_Tiles_1/CyberCity_CentralSecurity_Tiles_1,CyberCity_CentralSecurity_Tiles_1,WarRoomWall4,wall_security_barrier,580,194,True,"[0, 0, 580, 194]",580,194,6.505,0.93495,2.9897,False,False,False,B_WALL_SECURITY_BARRIER
CS_1696,res://assets/tilesets/cyber_city_core_tilesets/CyberCity_CentralSecurity_Tiles/CyberCity_CentralSecurity_Tiles_1/CyberCity_CentralSecurity_Tiles_1/WarRoomWall4_5.png,WarRoomWall4_5.png,CyberCity_CentralSecurity_Tiles_1/CyberCity_CentralSecurity_Tiles_1,CyberCity_CentralSecurity_Tiles_1,WarRoomWall4,wall_security_barrier,441,459,True,"[0, 0, 441, 459]",441,459,58.885,0.41115,0.9608,False,False,False,B_WALL_SECURITY_BARRIER
CS_1697,res://assets/tilesets/cyber_city_core_tilesets/CyberCity_CentralSecurity_Tiles/CyberCity_CentralSecurity_Tiles_1/CyberCity_CentralSecurity_Tiles_1/WarRoomWall4_6.png,WarRoomWall4_6.png,CyberCity_CentralSecurity_Tiles_1/CyberCity_CentralSecurity_Tiles_1,CyberCity_CentralSecurity_Tiles_1,WarRoomWall4,wall_security_barrier,443,464,True,"[0, 0, 443, 464]",443,464,59.185,0.40815,0.9547,False,False,False,B_WALL_SECURITY_BARRIER
CS_1698,res://assets/tilesets/cyber_city_core_tilesets/CyberCity_CentralSecurity_Tiles/CyberCity_CentralSecurity_Tiles_1/CyberCity_CentralSecurity_Tiles_1/WarRoomWall4_7.png,WarRoomWall4_7.png,CyberCity_CentralSecurity_Tiles_1/CyberCity_CentralSecurity_Tiles_1,CyberCity_CentralSecurity_Tiles_1,WarRoomWall4,wall_security_barrier,441,458,True,"[0, 0, 441, 458]",441,458,58.802,0.41198,0.9629,False,False,False,B_WALL_SECURITY_BARRIER
CS_1699,res://assets/tilesets/cyber_city_core_tilesets/CyberCity_CentralSecurity_Tiles/CyberCity_CentralSecurity_Tiles_1/CyberCity_CentralSecurity_Tiles_1/WarRoomWall4_8.png,WarRoomWall4_8.png,CyberCity_CentralSecurity_Tiles_1/CyberCity_CentralSecurity_Tiles_1,CyberCity_CentralSecurity_Tiles_1,WarRoomWall4,wall_security_barrier,441,461,True,"[0, 0, 441, 461]",441,461,58.85,0.4115,0.9566,False,False,False,B_WALL_SECURITY_BARRIER
CS_1700,res://assets/tilesets/cyber_city_core_tilesets/CyberCity_CentralSecurity_Tiles/CyberCity_CentralSecurity_Tiles_1/CyberCity_CentralSecurity_Tiles_1/Watchtower1_1.png,Watchtower1_1.png,CyberCity_CentralSecurity_Tiles_1/CyberCity_CentralSecurity_Tiles_1,CyberCity_CentralSecurity_Tiles_1,Watchtower1,large_structure,430,686,True,"[0, 0, 430, 686]",430,686,23.777,0.76223,0.6268,False,False,False,C_LARGE_STRUCTURE
CS_1701,res://assets/tilesets/cyber_city_core_tilesets/CyberCity_CentralSecurity_Tiles/CyberCity_CentralSecurity_Tiles_1/CyberCity_CentralSecurity_Tiles_1/Watchtower1_2.png,Watchtower1_2.png,CyberCity_CentralSecurity_Tiles_1/CyberCity_CentralSecurity_Tiles_1,CyberCity_CentralSecurity_Tiles_1,Watchtower1,large_structure,513,645,True,"[0, 0, 513, 645]",513,645,22.973,0.77027,0.7953,False,False,False,C_LARGE_STRUCTURE
CS_1702,res://assets/tilesets/cyber_city_core_tilesets/CyberCity_CentralSecurity_Tiles/CyberCity_CentralSecurity_Tiles_1/CyberCity_CentralSecurity_Tiles_1/Watchtower1_3.png,Watchtower1_3.png,CyberCity_CentralSecurity_Tiles_1/CyberCity_CentralSecurity_Tiles_1,CyberCity_CentralSecurity_Tiles_1,Watchtower1,large_structure,430,690,True,"[0, 0, 430, 690]",430,690,22.344,0.77656,0.6232,False,False,False,C_LARGE_STRUCTURE
CS_1703,res://assets/tilesets/cyber_city_core_tilesets/CyberCity_CentralSecurity_Tiles/CyberCity_CentralSecurity_Tiles_1/CyberCity_CentralSecurity_Tiles_1/Watchtower1_4.png,Watchtower1_4.png,CyberCity_CentralSecurity_Tiles_1/CyberCity_CentralSecurity_Tiles_1,CyberCity_CentralSecurity_Tiles_1,Watchtower1,large_structure,511,648,True,"[0, 0, 511, 648]",511,648,26.379,0.73621,0.7886,False,False,False,C_LARGE_STRUCTURE
CS_1704,res://assets/tilesets/cyber_city_core_tilesets/CyberCity_CentralSecurity_Tiles/CyberCity_CentralSecurity_Tiles_1/CyberCity_CentralSecurity_Tiles_1/Watchtower1_5.png,Watchtower1_5.png,CyberCity_CentralSecurity_Tiles_1/CyberCity_CentralSecurity_Tiles_1,CyberCity_CentralSecurity_Tiles_1,Watchtower1,large_structure,576,745,True,"[0, 0, 576, 745]",576,745,40.595,0.59405,0.7732,False,False,False,C_LARGE_STRUCTURE
CS_1705,res://assets/tilesets/cyber_city_core_tilesets/CyberCity_CentralSecurity_Tiles/CyberCity_CentralSecurity_Tiles_1/CyberCity_CentralSecurity_Tiles_1/Watchtower1_6.png,Watchtower1_6.png,CyberCity_CentralSecurity_Tiles_1/CyberCity_CentralSecurity_Tiles_1,CyberCity_CentralSecurity_Tiles_1,Watchtower1,large_structure,576,745,True,"[0, 0, 576, 745]",576,745,42.204,0.57796,0.7732,False,False,False,C_LARGE_STRUCTURE
CS_1706,res://assets/tilesets/cyber_city_core_tilesets/CyberCity_CentralSecurity_Tiles/CyberCity_CentralSecurity_Tiles_1/CyberCity_CentralSecurity_Tiles_1/Watchtower1_7.png,Watchtower1_7.png,CyberCity_CentralSecurity_Tiles_1/CyberCity_CentralSecurity_Tiles_1,CyberCity_CentralSecurity_Tiles_1,Watchtower1,large_structure,577,750,True,"[0, 0, 577, 750]",577,750,41.243,0.58757,0.7693,False,False,False,C_LARGE_STRUCTURE
CS_1707,res://assets/tilesets/cyber_city_core_tilesets/CyberCity_CentralSecurity_Tiles/CyberCity_CentralSecurity_Tiles_1/CyberCity_CentralSecurity_Tiles_1/Watchtower1_8.png,Watchtower1_8.png,CyberCity_CentralSecurity_Tiles_1/CyberCity_CentralSecurity_Tiles_1,CyberCity_CentralSecurity_Tiles_1,Watchtower1,large_structure,575,744,True,"[0, 0, 575, 744]",575,744,40.984,0.59016,0.7728,False,False,False,C_LARGE_STRUCTURE
CS_1708,res://assets/tilesets/cyber_city_core_tilesets/CyberCity_CentralSecurity_Tiles/CyberCity_CentralSecurity_Tiles_2/CyberCity_CentralSecurity_Tiles_2/Building2_Interior1_1.png,Building2_Interior1_1.png,CyberCity_CentralSecurity_Tiles_2/CyberCity_CentralSecurity_Tiles_2,CyberCity_CentralSecurity_Tiles_2,Building2_Interior1,large_structure,2174,2824,True,"[0, 0, 2174, 2824]",2174,2824,1.315,0.98685,0.7698,False,True,False,C_LARGE_STRUCTURE
CS_1709,res://assets/tilesets/cyber_city_core_tilesets/CyberCity_CentralSecurity_Tiles/CyberCity_CentralSecurity_Tiles_2/CyberCity_CentralSecurity_Tiles_2/Building2_Interior1_2.png,Building2_Interior1_2.png,CyberCity_CentralSecurity_Tiles_2/CyberCity_CentralSecurity_Tiles_2,CyberCity_CentralSecurity_Tiles_2,Building2_Interior1,large_structure,3638,1791,True,"[0, 0, 3638, 1791]",3638,1791,1.319,0.98681,2.0313,False,True,False,C_LARGE_STRUCTURE
CS_1710,res://assets/tilesets/cyber_city_core_tilesets/CyberCity_CentralSecurity_Tiles/CyberCity_CentralSecurity_Tiles_2/CyberCity_CentralSecurity_Tiles_2/Building2_Interior1_3.png,Building2_Interior1_3.png,CyberCity_CentralSecurity_Tiles_2/CyberCity_CentralSecurity_Tiles_2,CyberCity_CentralSecurity_Tiles_2,Building2_Interior1,large_structure,2175,2823,True,"[0, 0, 2175, 2823]",2175,2823,1.377,0.98623,0.7705,False,True,False,C_LARGE_STRUCTURE
CS_1711,res://assets/tilesets/cyber_city_core_tilesets/CyberCity_CentralSecurity_Tiles/CyberCity_CentralSecurity_Tiles_2/CyberCity_CentralSecurity_Tiles_2/Building2_Interior1_4.png,Building2_Interior1_4.png,CyberCity_CentralSecurity_Tiles_2/CyberCity_CentralSecurity_Tiles_2,CyberCity_CentralSecurity_Tiles_2,Building2_Interior1,large_structure,3637,1791,True,"[0, 0, 3637, 1791]",3637,1791,1.277,0.98723,2.0307,False,True,False,C_LARGE_STRUCTURE
CS_1712,res://assets/tilesets/cyber_city_core_tilesets/CyberCity_CentralSecurity_Tiles/CyberCity_CentralSecurity_Tiles_2/CyberCity_CentralSecurity_Tiles_2/Building2_Interior1_5.png,Building2_Interior1_5.png,CyberCity_CentralSecurity_Tiles_2/CyberCity_CentralSecurity_Tiles_2,CyberCity_CentralSecurity_Tiles_2,Building2_Interior1,large_structure,4087,3140,True,"[0, 0, 4087, 3140]",4087,3140,49.069,0.50931,1.3016,False,True,False,C_LARGE_STRUCTURE
CS_1713,res://assets/tilesets/cyber_city_core_tilesets/CyberCity_CentralSecurity_Tiles/CyberCity_CentralSecurity_Tiles_2/CyberCity_CentralSecurity_Tiles_2/Building2_Interior1_6.png,Building2_Interior1_6.png,CyberCity_CentralSecurity_Tiles_2/CyberCity_CentralSecurity_Tiles_2,CyberCity_CentralSecurity_Tiles_2,Building2_Interior1,large_structure,4086,3141,True,"[0, 0, 4086, 3141]",4086,3141,49.073,0.50927,1.3009,False,True,False,C_LARGE_STRUCTURE
CS_1714,res://assets/tilesets/cyber_city_core_tilesets/CyberCity_CentralSecurity_Tiles/CyberCity_CentralSecurity_Tiles_2/CyberCity_CentralSecurity_Tiles_2/Building2_Interior1_7.png,Building2_Interior1_7.png,CyberCity_CentralSecurity_Tiles_2/CyberCity_CentralSecurity_Tiles_2,CyberCity_CentralSecurity_Tiles_2,Building2_Interior1,large_structure,4086,3136,True,"[0, 0, 4086, 3136]",4086,3136,48.999,0.51001,1.3029,False,True,False,C_LARGE_STRUCTURE
CS_1715,res://assets/tilesets/cyber_city_core_tilesets/CyberCity_CentralSecurity_Tiles/CyberCity_CentralSecurity_Tiles_2/CyberCity_CentralSecurity_Tiles_2/Building2_Interior1_8.png,Building2_Interior1_8.png,CyberCity_CentralSecurity_Tiles_2/CyberCity_CentralSecurity_Tiles_2,CyberCity_CentralSecurity_Tiles_2,Building2_Interior1,large_structure,4088,3137,True,"[0, 0, 4088, 3137]",4088,3137,49.04,0.5096,1.3032,False,True,False,C_LARGE_STRUCTURE
CS_1716,res://assets/tilesets/cyber_city_core_tilesets/CyberCity_CentralSecurity_Tiles/CyberCity_CentralSecurity_Tiles_2/CyberCity_CentralSecurity_Tiles_2/Building2_Interior2_1.png,Building2_Interior2_1.png,CyberCity_CentralSecurity_Tiles_2/CyberCity_CentralSecurity_Tiles_2,CyberCity_CentralSecurity_Tiles_2,Building2_Interior2,large_structure,3991,3412,True,"[0, 0, 3991, 3412]",3991,3412,1.726,0.98274,1.1697,False,True,False,C_LARGE_STRUCTURE
CS_1717,res://assets/tilesets/cyber_city_core_tilesets/CyberCity_CentralSecurity_Tiles/CyberCity_CentralSecurity_Tiles_2/CyberCity_CentralSecurity_Tiles_2/Building2_Interior2_2.png,Building2_Interior2_2.png,CyberCity_CentralSecurity_Tiles_2/CyberCity_CentralSecurity_Tiles_2,CyberCity_CentralSecurity_Tiles_2,Building2_Interior2,large_structure,4761,2929,True,"[0, 0, 4761, 2929]",4761,2929,3.965,0.96035,1.6255,False,True,False,C_LARGE_STRUCTURE
CS_1718,res://assets/tilesets/cyber_city_core_tilesets/CyberCity_CentralSecurity_Tiles/CyberCity_CentralSecurity_Tiles_2/CyberCity_CentralSecurity_Tiles_2/Building2_Interior2_3.png,Building2_Interior2_3.png,CyberCity_CentralSecurity_Tiles_2/CyberCity_CentralSecurity_Tiles_2,CyberCity_CentralSecurity_Tiles_2,Building2_Interior2,large_structure,3990,3470,True,"[0, 0, 3990, 3470]",3990,3470,3.329,0.96671,1.1499,False,True,False,C_LARGE_STRUCTURE
CS_1719,res://assets/tilesets/cyber_city_core_tilesets/CyberCity_CentralSecurity_Tiles/CyberCity_CentralSecurity_Tiles_2/CyberCity_CentralSecurity_Tiles_2/Building2_Interior2_4.png,Building2_Interior2_4.png,CyberCity_CentralSecurity_Tiles_2/CyberCity_CentralSecurity_Tiles_2,CyberCity_CentralSecurity_Tiles_2,Building2_Interior2,large_structure,4761,2930,True,"[0, 0, 4761, 2930]",4761,2930,3.981,0.96019,1.6249,False,True,False,C_LARGE_STRUCTURE
CS_1720,res://assets/tilesets/cyber_city_core_tilesets/CyberCity_CentralSecurity_Tiles/CyberCity_CentralSecurity_Tiles_2/CyberCity_CentralSecurity_Tiles_2/Building2_Interior2_5.png,Building2_Interior2_5.png,CyberCity_CentralSecurity_Tiles_2/CyberCity_CentralSecurity_Tiles_2,CyberCity_CentralSecurity_Tiles_2,Building2_Interior2,large_structure,6177,4373,True,"[0, 0, 6177, 4373]",6177,4373,50.433,0.49567,1.4125,False,True,False,C_LARGE_STRUCTURE
CS_1721,res://assets/tilesets/cyber_city_core_tilesets/CyberCity_CentralSecurity_Tiles/CyberCity_CentralSecurity_Tiles_2/CyberCity_CentralSecurity_Tiles_2/Building2_Interior2_6.png,Building2_Interior2_6.png,CyberCity_CentralSecurity_Tiles_2/CyberCity_CentralSecurity_Tiles_2,CyberCity_CentralSecurity_Tiles_2,Building2_Interior2,large_structure,6177,4373,True,"[0, 0, 6177, 4373]",6177,4373,50.434,0.49566,1.4125,False,True,False,C_LARGE_STRUCTURE
CS_1722,res://assets/tilesets/cyber_city_core_tilesets/CyberCity_CentralSecurity_Tiles/CyberCity_CentralSecurity_Tiles_2/CyberCity_CentralSecurity_Tiles_2/Building2_Interior2_7.png,Building2_Interior2_7.png,CyberCity_CentralSecurity_Tiles_2/CyberCity_CentralSecurity_Tiles_2,CyberCity_CentralSecurity_Tiles_2,Building2_Interior2,large_structure,6176,4371,True,"[0, 0, 6176, 4371]",6176,4371,50.392,0.49608,1.4129,False,True,False,C_LARGE_STRUCTURE
CS_1723,res://assets/tilesets/cyber_city_core_tilesets/CyberCity_CentralSecurity_Tiles/CyberCity_CentralSecurity_Tiles_2/CyberCity_CentralSecurity_Tiles_2/Building2_Interior2_8.png,Building2_Interior2_8.png,CyberCity_CentralSecurity_Tiles_2/CyberCity_CentralSecurity_Tiles_2,CyberCity_CentralSecurity_Tiles_2,Building2_Interior2,large_structure,6175,4371,True,"[0, 0, 6175, 4371]",6175,4371,50.384,0.49616,1.4127,False,True,False,C_LARGE_STRUCTURE
CS_1724,res://assets/tilesets/cyber_city_core_tilesets/CyberCity_CentralSecurity_Tiles/CyberCity_CentralSecurity_Tiles_2/CyberCity_CentralSecurity_Tiles_2/Building3_1.png,Building3_1.png,CyberCity_CentralSecurity_Tiles_2/CyberCity_CentralSecurity_Tiles_2,CyberCity_CentralSecurity_Tiles_2,Building3,large_structure,3880,2970,True,"[0, 0, 3880, 2970]",3880,2970,9.903,0.90097,1.3064,False,True,False,C_LARGE_STRUCTURE
CS_1725,res://assets/tilesets/cyber_city_core_tilesets/CyberCity_CentralSecurity_Tiles/CyberCity_CentralSecurity_Tiles_2/CyberCity_CentralSecurity_Tiles_2/Building3_2.png,Building3_2.png,CyberCity_CentralSecurity_Tiles_2/CyberCity_CentralSecurity_Tiles_2,CyberCity_CentralSecurity_Tiles_2,Building3,large_structure,4014,3266,True,"[0, 0, 4014, 3266]",4014,3266,24.636,0.75364,1.229,False,True,False,C_LARGE_STRUCTURE
CS_1726,res://assets/tilesets/cyber_city_core_tilesets/CyberCity_CentralSecurity_Tiles/CyberCity_CentralSecurity_Tiles_2/CyberCity_CentralSecurity_Tiles_2/Building3_3.png,Building3_3.png,CyberCity_CentralSecurity_Tiles_2/CyberCity_CentralSecurity_Tiles_2,CyberCity_CentralSecurity_Tiles_2,Building3,large_structure,3695,2846,True,"[0, 0, 3695, 2846]",3695,2846,14.703,0.85297,1.2983,False,True,False,C_LARGE_STRUCTURE
CS_1727,res://assets/tilesets/cyber_city_core_tilesets/CyberCity_CentralSecurity_Tiles/CyberCity_CentralSecurity_Tiles_2/CyberCity_CentralSecurity_Tiles_2/Building3_4.png,Building3_4.png,CyberCity_CentralSecurity_Tiles_2/CyberCity_CentralSecurity_Tiles_2,CyberCity_CentralSecurity_Tiles_2,Building3,large_structure,4014,3276,True,"[0, 0, 4014, 3276]",4014,3276,27.895,0.72105,1.2253,False,True,False,C_LARGE_STRUCTURE
CS_1728,res://assets/tilesets/cyber_city_core_tilesets/CyberCity_CentralSecurity_Tiles/CyberCity_CentralSecurity_Tiles_2/CyberCity_CentralSecurity_Tiles_2/Building3_5.png,Building3_5.png,CyberCity_CentralSecurity_Tiles_2/CyberCity_CentralSecurity_Tiles_2,CyberCity_CentralSecurity_Tiles_2,Building3,large_structure,5268,3916,True,"[0, 0, 5268, 3916]",5268,3916,49.719,0.50281,1.3453,False,True,False,C_LARGE_STRUCTURE
CS_1729,res://assets/tilesets/cyber_city_core_tilesets/CyberCity_CentralSecurity_Tiles/CyberCity_CentralSecurity_Tiles_2/CyberCity_CentralSecurity_Tiles_2/Building3_6.png,Building3_6.png,CyberCity_CentralSecurity_Tiles_2/CyberCity_CentralSecurity_Tiles_2,CyberCity_CentralSecurity_Tiles_2,Building3,large_structure,4915,3780,True,"[0, 0, 4915, 3780]",4915,3780,46.355,0.53645,1.3003,False,True,False,C_LARGE_STRUCTURE
CS_1730,res://assets/tilesets/cyber_city_core_tilesets/CyberCity_CentralSecurity_Tiles/CyberCity_CentralSecurity_Tiles_2/CyberCity_CentralSecurity_Tiles_2/Building3_7.png,Building3_7.png,CyberCity_CentralSecurity_Tiles_2/CyberCity_CentralSecurity_Tiles_2,CyberCity_CentralSecurity_Tiles_2,Building3,large_structure,4918,3732,True,"[0, 0, 4918, 3732]",4918,3732,47.97,0.5203,1.3178,False,True,False,C_LARGE_STRUCTURE
CS_1731,res://assets/tilesets/cyber_city_core_tilesets/CyberCity_CentralSecurity_Tiles/CyberCity_CentralSecurity_Tiles_2/CyberCity_CentralSecurity_Tiles_2/Building3_8.png,Building3_8.png,CyberCity_CentralSecurity_Tiles_2/CyberCity_CentralSecurity_Tiles_2,CyberCity_CentralSecurity_Tiles_2,Building3,large_structure,5268,3482,True,"[0, 0, 5268, 3482]",5268,3482,49.48,0.5052,1.5129,False,True,False,C_LARGE_STRUCTURE
CS_1732,res://assets/tilesets/cyber_city_core_tilesets/CyberCity_CentralSecurity_Tiles/CyberCity_CentralSecurity_Tiles_2/CyberCity_CentralSecurity_Tiles_2/Building4_1.png,Building4_1.png,CyberCity_CentralSecurity_Tiles_2/CyberCity_CentralSecurity_Tiles_2,CyberCity_CentralSecurity_Tiles_2,Building4,large_structure,2740,2944,True,"[0, 0, 2740, 2944]",2740,2944,9.748,0.90252,0.9307,False,True,False,C_LARGE_STRUCTURE
CS_1733,res://assets/tilesets/cyber_city_core_tilesets/CyberCity_CentralSecurity_Tiles/CyberCity_CentralSecurity_Tiles_2/CyberCity_CentralSecurity_Tiles_2/Building4_2.png,Building4_2.png,CyberCity_CentralSecurity_Tiles_2/CyberCity_CentralSecurity_Tiles_2,CyberCity_CentralSecurity_Tiles_2,Building4,large_structure,3097,2468,True,"[0, 0, 3097, 2468]",3097,2468,7.637,0.92363,1.2549,False,True,False,C_LARGE_STRUCTURE
CS_1734,res://assets/tilesets/cyber_city_core_tilesets/CyberCity_CentralSecurity_Tiles/CyberCity_CentralSecurity_Tiles_2/CyberCity_CentralSecurity_Tiles_2/Building4_3.png,Building4_3.png,CyberCity_CentralSecurity_Tiles_2/CyberCity_CentralSecurity_Tiles_2,CyberCity_CentralSecurity_Tiles_2,Building4,large_structure,2805,2461,True,"[0, 0, 2805, 2461]",2805,2461,7.481,0.92519,1.1398,False,True,False,C_LARGE_STRUCTURE
CS_1735,res://assets/tilesets/cyber_city_core_tilesets/CyberCity_CentralSecurity_Tiles/CyberCity_CentralSecurity_Tiles_2/CyberCity_CentralSecurity_Tiles_2/Building4_4.png,Building4_4.png,CyberCity_CentralSecurity_Tiles_2/CyberCity_CentralSecurity_Tiles_2,CyberCity_CentralSecurity_Tiles_2,Building4,large_structure,3178,2494,True,"[0, 0, 3178, 2494]",3178,2494,9.214,0.90786,1.2743,False,True,False,C_LARGE_STRUCTURE
CS_1736,res://assets/tilesets/cyber_city_core_tilesets/CyberCity_CentralSecurity_Tiles/CyberCity_CentralSecurity_Tiles_2/CyberCity_CentralSecurity_Tiles_2/Building4_5.png,Building4_5.png,CyberCity_CentralSecurity_Tiles_2/CyberCity_CentralSecurity_Tiles_2,CyberCity_CentralSecurity_Tiles_2,Building4,large_structure,3794,3217,True,"[0, 0, 3794, 3217]",3794,3217,40.079,0.59921,1.1794,False,True,False,C_LARGE_STRUCTURE
CS_1737,res://assets/tilesets/cyber_city_core_tilesets/CyberCity_CentralSecurity_Tiles/CyberCity_CentralSecurity_Tiles_2/CyberCity_CentralSecurity_Tiles_2/Building4_6.png,Building4_6.png,CyberCity_CentralSecurity_Tiles_2/CyberCity_CentralSecurity_Tiles_2,CyberCity_CentralSecurity_Tiles_2,Building4,large_structure,3794,3216,True,"[0, 0, 3794, 3216]",3794,3216,39.468,0.60532,1.1797,False,True,False,C_LARGE_STRUCTURE
CS_1738,res://assets/tilesets/cyber_city_core_tilesets/CyberCity_CentralSecurity_Tiles/CyberCity_CentralSecurity_Tiles_2/CyberCity_CentralSecurity_Tiles_2/Building4_7.png,Building4_7.png,CyberCity_CentralSecurity_Tiles_2/CyberCity_CentralSecurity_Tiles_2,CyberCity_CentralSecurity_Tiles_2,Building4,large_structure,3793,2941,True,"[0, 0, 3793, 2941]",3793,2941,39.955,0.60045,1.2897,False,True,False,C_LARGE_STRUCTURE
CS_1739,res://assets/tilesets/cyber_city_core_tilesets/CyberCity_CentralSecurity_Tiles/CyberCity_CentralSecurity_Tiles_2/CyberCity_CentralSecurity_Tiles_2/Building4_8.png,Building4_8.png,CyberCity_CentralSecurity_Tiles_2/CyberCity_CentralSecurity_Tiles_2,CyberCity_CentralSecurity_Tiles_2,Building4,large_structure,3794,2938,True,"[0, 0, 3794, 2938]",3794,2938,39.287,0.60713,1.2914,False,True,False,C_LARGE_STRUCTURE
CS_1740,res://assets/tilesets/cyber_city_core_tilesets/CyberCity_CentralSecurity_Tiles/CyberCity_CentralSecurity_Tiles_2/CyberCity_CentralSecurity_Tiles_2/Building5_1.png,Building5_1.png,CyberCity_CentralSecurity_Tiles_2/CyberCity_CentralSecurity_Tiles_2,CyberCity_CentralSecurity_Tiles_2,Building5,large_structure,3525,2281,True,"[0, 0, 3525, 2281]",3525,2281,5.821,0.94179,1.5454,False,True,False,C_LARGE_STRUCTURE
CS_1741,res://assets/tilesets/cyber_city_core_tilesets/CyberCity_CentralSecurity_Tiles/CyberCity_CentralSecurity_Tiles_2/CyberCity_CentralSecurity_Tiles_2/Building5_2.png,Building5_2.png,CyberCity_CentralSecurity_Tiles_2/CyberCity_CentralSecurity_Tiles_2,CyberCity_CentralSecurity_Tiles_2,Building5,large_structure,2630,2940,True,"[0, 0, 2630, 2940]",2630,2940,6.685,0.93315,0.8946,False,True,False,C_LARGE_STRUCTURE
CS_1742,res://assets/tilesets/cyber_city_core_tilesets/CyberCity_CentralSecurity_Tiles/CyberCity_CentralSecurity_Tiles_2/CyberCity_CentralSecurity_Tiles_2/Building5_3.png,Building5_3.png,CyberCity_CentralSecurity_Tiles_2/CyberCity_CentralSecurity_Tiles_2,CyberCity_CentralSecurity_Tiles_2,Building5,large_structure,3502,2102,True,"[0, 0, 3502, 2102]",3502,2102,11.325,0.88675,1.666,False,True,False,C_LARGE_STRUCTURE
CS_1743,res://assets/tilesets/cyber_city_core_tilesets/CyberCity_CentralSecurity_Tiles/CyberCity_CentralSecurity_Tiles_2/CyberCity_CentralSecurity_Tiles_2/Building5_4.png,Building5_4.png,CyberCity_CentralSecurity_Tiles_2/CyberCity_CentralSecurity_Tiles_2,CyberCity_CentralSecurity_Tiles_2,Building5,large_structure,2750,2757,True,"[0, 0, 2750, 2757]",2750,2757,6.865,0.93135,0.9975,False,True,False,C_LARGE_STRUCTURE
CS_1744,res://assets/tilesets/cyber_city_core_tilesets/CyberCity_CentralSecurity_Tiles/CyberCity_CentralSecurity_Tiles_2/CyberCity_CentralSecurity_Tiles_2/Building5_5.png,Building5_5.png,CyberCity_CentralSecurity_Tiles_2/CyberCity_CentralSecurity_Tiles_2,CyberCity_CentralSecurity_Tiles_2,Building5,large_structure,4235,3336,True,"[0, 0, 4235, 3336]",4235,3336,45.467,0.54533,1.2695,False,True,False,C_LARGE_STRUCTURE
CS_1745,res://assets/tilesets/cyber_city_core_tilesets/CyberCity_CentralSecurity_Tiles/CyberCity_CentralSecurity_Tiles_2/CyberCity_CentralSecurity_Tiles_2/Building5_6.png,Building5_6.png,CyberCity_CentralSecurity_Tiles_2/CyberCity_CentralSecurity_Tiles_2,CyberCity_CentralSecurity_Tiles_2,Building5,large_structure,4239,3186,True,"[0, 0, 4239, 3186]",4239,3186,45.349,0.54651,1.3305,False,True,False,C_LARGE_STRUCTURE
CS_1746,res://assets/tilesets/cyber_city_core_tilesets/CyberCity_CentralSecurity_Tiles/CyberCity_CentralSecurity_Tiles_2/CyberCity_CentralSecurity_Tiles_2/Building5_7.png,Building5_7.png,CyberCity_CentralSecurity_Tiles_2/CyberCity_CentralSecurity_Tiles_2,CyberCity_CentralSecurity_Tiles_2,Building5,large_structure,4238,3259,True,"[0, 0, 4238, 3259]",4238,3259,50.653,0.49347,1.3004,False,True,False,C_LARGE_STRUCTURE
CS_1747,res://assets/tilesets/cyber_city_core_tilesets/CyberCity_CentralSecurity_Tiles/CyberCity_CentralSecurity_Tiles_2/CyberCity_CentralSecurity_Tiles_2/Building5_8.png,Building5_8.png,CyberCity_CentralSecurity_Tiles_2/CyberCity_CentralSecurity_Tiles_2,CyberCity_CentralSecurity_Tiles_2,Building5,large_structure,4232,3126,True,"[0, 0, 4232, 3126]",4232,3126,51.149,0.48851,1.3538,False,True,False,C_LARGE_STRUCTURE
CS_1748,res://assets/tilesets/cyber_city_core_tilesets/CyberCity_CentralSecurity_Tiles/CyberCity_CentralSecurity_Tiles_2/CyberCity_CentralSecurity_Tiles_2/Building6_1.png,Building6_1.png,CyberCity_CentralSecurity_Tiles_2/CyberCity_CentralSecurity_Tiles_2,CyberCity_CentralSecurity_Tiles_2,Building6,large_structure,3524,3043,True,"[0, 0, 3524, 3043]",3524,3043,11.423,0.88577,1.1581,False,True,False,C_LARGE_STRUCTURE
CS_1749,res://assets/tilesets/cyber_city_core_tilesets/CyberCity_CentralSecurity_Tiles/CyberCity_CentralSecurity_Tiles_2/CyberCity_CentralSecurity_Tiles_2/Building6_2.png,Building6_2.png,CyberCity_CentralSecurity_Tiles_2/CyberCity_CentralSecurity_Tiles_2,CyberCity_CentralSecurity_Tiles_2,Building6,large_structure,3765,3393,True,"[0, 0, 3765, 3393]",3765,3393,21.305,0.78695,1.1096,False,True,False,C_LARGE_STRUCTURE
CS_1750,res://assets/tilesets/cyber_city_core_tilesets/CyberCity_CentralSecurity_Tiles/CyberCity_CentralSecurity_Tiles_2/CyberCity_CentralSecurity_Tiles_2/Building6_3.png,Building6_3.png,CyberCity_CentralSecurity_Tiles_2/CyberCity_CentralSecurity_Tiles_2,CyberCity_CentralSecurity_Tiles_2,Building6,large_structure,3526,3082,True,"[0, 0, 3526, 3082]",3526,3082,13.023,0.86977,1.1441,False,True,False,C_LARGE_STRUCTURE
CS_1751,res://assets/tilesets/cyber_city_core_tilesets/CyberCity_CentralSecurity_Tiles/CyberCity_CentralSecurity_Tiles_2/CyberCity_CentralSecurity_Tiles_2/Building6_4.png,Building6_4.png,CyberCity_CentralSecurity_Tiles_2/CyberCity_CentralSecurity_Tiles_2,CyberCity_CentralSecurity_Tiles_2,Building6,large_structure,3880,2865,True,"[0, 0, 3880, 2865]",3880,2865,15.661,0.84339,1.3543,False,True,False,C_LARGE_STRUCTURE
CS_1752,res://assets/tilesets/cyber_city_core_tilesets/CyberCity_CentralSecurity_Tiles/CyberCity_CentralSecurity_Tiles_2/CyberCity_CentralSecurity_Tiles_2/Building6_5.png,Building6_5.png,CyberCity_CentralSecurity_Tiles_2/CyberCity_CentralSecurity_Tiles_2,CyberCity_CentralSecurity_Tiles_2,Building6,large_structure,5069,3734,True,"[0, 0, 5069, 3734]",5069,3734,47.761,0.52239,1.3575,False,True,False,C_LARGE_STRUCTURE
CS_1753,res://assets/tilesets/cyber_city_core_tilesets/CyberCity_CentralSecurity_Tiles/CyberCity_CentralSecurity_Tiles_2/CyberCity_CentralSecurity_Tiles_2/Building6_6.png,Building6_6.png,CyberCity_CentralSecurity_Tiles_2/CyberCity_CentralSecurity_Tiles_2,CyberCity_CentralSecurity_Tiles_2,Building6,large_structure,5073,3587,True,"[0, 0, 5073, 3587]",5073,3587,48.463,0.51537,1.4143,False,True,False,C_LARGE_STRUCTURE
CS_1754,res://assets/tilesets/cyber_city_core_tilesets/CyberCity_CentralSecurity_Tiles/CyberCity_CentralSecurity_Tiles_2/CyberCity_CentralSecurity_Tiles_2/Building6_7.png,Building6_7.png,CyberCity_CentralSecurity_Tiles_2/CyberCity_CentralSecurity_Tiles_2,CyberCity_CentralSecurity_Tiles_2,Building6,large_structure,5070,3894,True,"[0, 0, 5070, 3894]",5070,3894,50.82,0.4918,1.302,False,True,False,C_LARGE_STRUCTURE
CS_1755,res://assets/tilesets/cyber_city_core_tilesets/CyberCity_CentralSecurity_Tiles/CyberCity_CentralSecurity_Tiles_2/CyberCity_CentralSecurity_Tiles_2/Building6_8.png,Building6_8.png,CyberCity_CentralSecurity_Tiles_2/CyberCity_CentralSecurity_Tiles_2,CyberCity_CentralSecurity_Tiles_2,Building6,large_structure,5070,3593,True,"[0, 0, 5070, 3593]",5070,3593,47.945,0.52055,1.4111,False,True,False,C_LARGE_STRUCTURE
CS_1756,res://assets/tilesets/cyber_city_core_tilesets/CyberCity_CentralSecurity_Tiles/CyberCity_CentralSecurity_Tiles_2/CyberCity_CentralSecurity_Tiles_2/Building7_1.png,Building7_1.png,CyberCity_CentralSecurity_Tiles_2/CyberCity_CentralSecurity_Tiles_2,CyberCity_CentralSecurity_Tiles_2,Building7,large_structure,6034,3183,True,"[0, 0, 6034, 3183]",6034,3183,50.411,0.49589,1.8957,False,True,False,C_LARGE_STRUCTURE
CS_1757,res://assets/tilesets/cyber_city_core_tilesets/CyberCity_CentralSecurity_Tiles/CyberCity_CentralSecurity_Tiles_2/CyberCity_CentralSecurity_Tiles_2/Building7_2.png,Building7_2.png,CyberCity_CentralSecurity_Tiles_2/CyberCity_CentralSecurity_Tiles_2,CyberCity_CentralSecurity_Tiles_2,Building7,large_structure,3595,4523,True,"[0, 0, 3595, 4523]",3595,4523,53.661,0.46339,0.7948,False,True,False,C_LARGE_STRUCTURE
CS_1758,res://assets/tilesets/cyber_city_core_tilesets/CyberCity_CentralSecurity_Tiles/CyberCity_CentralSecurity_Tiles_2/CyberCity_CentralSecurity_Tiles_2/Building7_3.png,Building7_3.png,CyberCity_CentralSecurity_Tiles_2/CyberCity_CentralSecurity_Tiles_2,CyberCity_CentralSecurity_Tiles_2,Building7,large_structure,6034,2601,True,"[0, 0, 6034, 2601]",6034,2601,56.85,0.4315,2.3199,False,True,False,C_LARGE_STRUCTURE
CS_1759,res://assets/tilesets/cyber_city_core_tilesets/CyberCity_CentralSecurity_Tiles/CyberCity_CentralSecurity_Tiles_2/CyberCity_CentralSecurity_Tiles_2/Building7_4.png,Building7_4.png,CyberCity_CentralSecurity_Tiles_2/CyberCity_CentralSecurity_Tiles_2,CyberCity_CentralSecurity_Tiles_2,Building7,large_structure,3794,4523,True,"[0, 0, 3794, 4523]",3794,4523,52.88,0.4712,0.8388,False,True,False,C_LARGE_STRUCTURE
CS_1760,res://assets/tilesets/cyber_city_core_tilesets/CyberCity_CentralSecurity_Tiles/CyberCity_CentralSecurity_Tiles_2/CyberCity_CentralSecurity_Tiles_2/Building7_5.png,Building7_5.png,CyberCity_CentralSecurity_Tiles_2/CyberCity_CentralSecurity_Tiles_2,CyberCity_CentralSecurity_Tiles_2,Building7,large_structure,5062,3958,True,"[0, 0, 5062, 3958]",5062,3958,55.151,0.44849,1.2789,False,True,False,C_LARGE_STRUCTURE
CS_1761,res://assets/tilesets/cyber_city_core_tilesets/CyberCity_CentralSecurity_Tiles/CyberCity_CentralSecurity_Tiles_2/CyberCity_CentralSecurity_Tiles_2/Building7_6.png,Building7_6.png,CyberCity_CentralSecurity_Tiles_2/CyberCity_CentralSecurity_Tiles_2,CyberCity_CentralSecurity_Tiles_2,Building7,large_structure,5059,3959,True,"[0, 0, 5059, 3959]",5059,3959,54.338,0.45662,1.2778,False,True,False,C_LARGE_STRUCTURE
CS_1762,res://assets/tilesets/cyber_city_core_tilesets/CyberCity_CentralSecurity_Tiles/CyberCity_CentralSecurity_Tiles_2/CyberCity_CentralSecurity_Tiles_2/Building7_7.png,Building7_7.png,CyberCity_CentralSecurity_Tiles_2/CyberCity_CentralSecurity_Tiles_2,CyberCity_CentralSecurity_Tiles_2,Building7,large_structure,5064,3835,True,"[0, 0, 5064, 3835]",5064,3835,65.54,0.3446,1.3205,False,True,False,C_LARGE_STRUCTURE
CS_1763,res://assets/tilesets/cyber_city_core_tilesets/CyberCity_CentralSecurity_Tiles/CyberCity_CentralSecurity_Tiles_2/CyberCity_CentralSecurity_Tiles_2/Building7_8.png,Building7_8.png,CyberCity_CentralSecurity_Tiles_2/CyberCity_CentralSecurity_Tiles_2,CyberCity_CentralSecurity_Tiles_2,Building7,large_structure,5058,3835,True,"[0, 0, 5058, 3835]",5058,3835,63.201,0.36799,1.3189,False,True,False,C_LARGE_STRUCTURE
CS_1764,res://assets/tilesets/cyber_city_core_tilesets/CyberCity_CentralSecurity_Tiles/CyberCity_CentralSecurity_Tiles_3/CyberCity_CentralSecurity_Tiles_3/Building10_1.png,Building10_1.png,CyberCity_CentralSecurity_Tiles_3/CyberCity_CentralSecurity_Tiles_3,CyberCity_CentralSecurity_Tiles_3,Building10,large_structure,6367,3844,True,"[0, 0, 6367, 3844]",6367,3844,22.621,0.77379,1.6563,False,True,False,C_LARGE_STRUCTURE
CS_1765,res://assets/tilesets/cyber_city_core_tilesets/CyberCity_CentralSecurity_Tiles/CyberCity_CentralSecurity_Tiles_3/CyberCity_CentralSecurity_Tiles_3/Building10_2.png,Building10_2.png,CyberCity_CentralSecurity_Tiles_3/CyberCity_CentralSecurity_Tiles_3,CyberCity_CentralSecurity_Tiles_3,Building10,large_structure,2959,5163,True,"[0, 0, 2959, 5163]",2959,5163,7.637,0.92363,0.5731,False,True,False,C_LARGE_STRUCTURE
CS_1766,res://assets/tilesets/cyber_city_core_tilesets/CyberCity_CentralSecurity_Tiles/CyberCity_CentralSecurity_Tiles_3/CyberCity_CentralSecurity_Tiles_3/Building10_3.png,Building10_3.png,CyberCity_CentralSecurity_Tiles_3/CyberCity_CentralSecurity_Tiles_3,CyberCity_CentralSecurity_Tiles_3,Building10,large_structure,6420,2666,True,"[0, 0, 6420, 2666]",6420,2666,10.455,0.89545,2.4081,False,True,False,C_LARGE_STRUCTURE
CS_1767,res://assets/tilesets/cyber_city_core_tilesets/CyberCity_CentralSecurity_Tiles/CyberCity_CentralSecurity_Tiles_3/CyberCity_CentralSecurity_Tiles_3/Building10_4.png,Building10_4.png,CyberCity_CentralSecurity_Tiles_3/CyberCity_CentralSecurity_Tiles_3,CyberCity_CentralSecurity_Tiles_3,Building10,large_structure,3267,5227,True,"[0, 0, 3267, 5227]",3267,5227,10.304,0.89696,0.625,False,True,False,C_LARGE_STRUCTURE
CS_1768,res://assets/tilesets/cyber_city_core_tilesets/CyberCity_CentralSecurity_Tiles/CyberCity_CentralSecurity_Tiles_3/CyberCity_CentralSecurity_Tiles_3/Building10_5.png,Building10_5.png,CyberCity_CentralSecurity_Tiles_3/CyberCity_CentralSecurity_Tiles_3,CyberCity_CentralSecurity_Tiles_3,Building10,large_structure,6395,5459,True,"[0, 0, 6395, 5459]",6395,5459,50.04,0.4996,1.1715,False,True,False,C_LARGE_STRUCTURE
CS_1769,res://assets/tilesets/cyber_city_core_tilesets/CyberCity_CentralSecurity_Tiles/CyberCity_CentralSecurity_Tiles_3/CyberCity_CentralSecurity_Tiles_3/Building10_6.png,Building10_6.png,CyberCity_CentralSecurity_Tiles_3/CyberCity_CentralSecurity_Tiles_3,CyberCity_CentralSecurity_Tiles_3,Building10,large_structure,6395,5211,True,"[0, 0, 6395, 5211]",6395,5211,46.529,0.53471,1.2272,False,True,False,C_LARGE_STRUCTURE
CS_1770,res://assets/tilesets/cyber_city_core_tilesets/CyberCity_CentralSecurity_Tiles/CyberCity_CentralSecurity_Tiles_3/CyberCity_CentralSecurity_Tiles_3/Building10_7.png,Building10_7.png,CyberCity_CentralSecurity_Tiles_3/CyberCity_CentralSecurity_Tiles_3,CyberCity_CentralSecurity_Tiles_3,Building10,large_structure,6395,4610,True,"[0, 0, 6395, 4610]",6395,4610,50.701,0.49299,1.3872,False,True,False,C_LARGE_STRUCTURE
CS_1771,res://assets/tilesets/cyber_city_core_tilesets/CyberCity_CentralSecurity_Tiles/CyberCity_CentralSecurity_Tiles_3/CyberCity_CentralSecurity_Tiles_3/Building10_8.png,Building10_8.png,CyberCity_CentralSecurity_Tiles_3/CyberCity_CentralSecurity_Tiles_3,CyberCity_CentralSecurity_Tiles_3,Building10,large_structure,6406,4877,True,"[0, 0, 6406, 4877]",6406,4877,51.864,0.48136,1.3135,False,True,False,C_LARGE_STRUCTURE
CS_1772,res://assets/tilesets/cyber_city_core_tilesets/CyberCity_CentralSecurity_Tiles/CyberCity_CentralSecurity_Tiles_3/CyberCity_CentralSecurity_Tiles_3/Building8_1.png,Building8_1.png,CyberCity_CentralSecurity_Tiles_3/CyberCity_CentralSecurity_Tiles_3,CyberCity_CentralSecurity_Tiles_3,Building8,large_structure,5583,3665,True,"[0, 0, 5583, 3665]",5583,3665,7.487,0.92513,1.5233,False,True,False,C_LARGE_STRUCTURE
CS_1773,res://assets/tilesets/cyber_city_core_tilesets/CyberCity_CentralSecurity_Tiles/CyberCity_CentralSecurity_Tiles_3/CyberCity_CentralSecurity_Tiles_3/Building8_2.png,Building8_2.png,CyberCity_CentralSecurity_Tiles_3/CyberCity_CentralSecurity_Tiles_3,CyberCity_CentralSecurity_Tiles_3,Building8,large_structure,4984,4672,True,"[0, 0, 4984, 4672]",4984,4672,15.125,0.84875,1.0668,False,True,False,C_LARGE_STRUCTURE
CS_1774,res://assets/tilesets/cyber_city_core_tilesets/CyberCity_CentralSecurity_Tiles/CyberCity_CentralSecurity_Tiles_3/CyberCity_CentralSecurity_Tiles_3/Building8_3.png,Building8_3.png,CyberCity_CentralSecurity_Tiles_3/CyberCity_CentralSecurity_Tiles_3,CyberCity_CentralSecurity_Tiles_3,Building8,large_structure,5584,3758,True,"[0, 0, 5584, 3758]",5584,3758,10.699,0.89301,1.4859,False,True,False,C_LARGE_STRUCTURE
CS_1775,res://assets/tilesets/cyber_city_core_tilesets/CyberCity_CentralSecurity_Tiles/CyberCity_CentralSecurity_Tiles_3/CyberCity_CentralSecurity_Tiles_3/Building8_4.png,Building8_4.png,CyberCity_CentralSecurity_Tiles_3/CyberCity_CentralSecurity_Tiles_3,CyberCity_CentralSecurity_Tiles_3,Building8,large_structure,4984,4670,True,"[0, 0, 4984, 4670]",4984,4670,15.064,0.84936,1.0672,False,True,False,C_LARGE_STRUCTURE
CS_1776,res://assets/tilesets/cyber_city_core_tilesets/CyberCity_CentralSecurity_Tiles/CyberCity_CentralSecurity_Tiles_3/CyberCity_CentralSecurity_Tiles_3/Building8_5.png,Building8_5.png,CyberCity_CentralSecurity_Tiles_3/CyberCity_CentralSecurity_Tiles_3,CyberCity_CentralSecurity_Tiles_3,Building8,large_structure,6334,4696,True,"[0, 0, 6334, 4696]",6334,4696,35.512,0.64488,1.3488,False,True,False,C_LARGE_STRUCTURE
CS_1777,res://assets/tilesets/cyber_city_core_tilesets/CyberCity_CentralSecurity_Tiles/CyberCity_CentralSecurity_Tiles_3/CyberCity_CentralSecurity_Tiles_3/Building8_6.png,Building8_6.png,CyberCity_CentralSecurity_Tiles_3/CyberCity_CentralSecurity_Tiles_3,CyberCity_CentralSecurity_Tiles_3,Building8,large_structure,6332,4695,True,"[0, 0, 6332, 4695]",6332,4695,35.496,0.64504,1.3487,False,True,False,C_LARGE_STRUCTURE
CS_1778,res://assets/tilesets/cyber_city_core_tilesets/CyberCity_CentralSecurity_Tiles/CyberCity_CentralSecurity_Tiles_3/CyberCity_CentralSecurity_Tiles_3/Building8_7.png,Building8_7.png,CyberCity_CentralSecurity_Tiles_3/CyberCity_CentralSecurity_Tiles_3,CyberCity_CentralSecurity_Tiles_3,Building8,large_structure,6333,5015,True,"[0, 0, 6333, 5015]",6333,5015,39.482,0.60518,1.2628,False,True,False,C_LARGE_STRUCTURE
CS_1779,res://assets/tilesets/cyber_city_core_tilesets/CyberCity_CentralSecurity_Tiles/CyberCity_CentralSecurity_Tiles_3/CyberCity_CentralSecurity_Tiles_3/Building8_8.png,Building8_8.png,CyberCity_CentralSecurity_Tiles_3/CyberCity_CentralSecurity_Tiles_3,CyberCity_CentralSecurity_Tiles_3,Building8,large_structure,6332,5013,True,"[0, 0, 6332, 5013]",6332,5013,39.435,0.60565,1.2631,False,True,False,C_LARGE_STRUCTURE
CS_1780,res://assets/tilesets/cyber_city_core_tilesets/CyberCity_CentralSecurity_Tiles/CyberCity_CentralSecurity_Tiles_3/CyberCity_CentralSecurity_Tiles_3/Building9_1.png,Building9_1.png,CyberCity_CentralSecurity_Tiles_3/CyberCity_CentralSecurity_Tiles_3,CyberCity_CentralSecurity_Tiles_3,Building9,large_structure,3305,5861,True,"[0, 0, 3305, 5861]",3305,5861,13.336,0.86664,0.5639,False,True,False,C_LARGE_STRUCTURE
CS_1781,res://assets/tilesets/cyber_city_core_tilesets/CyberCity_CentralSecurity_Tiles/CyberCity_CentralSecurity_Tiles_3/CyberCity_CentralSecurity_Tiles_3/Building9_2.png,Building9_2.png,CyberCity_CentralSecurity_Tiles_3/CyberCity_CentralSecurity_Tiles_3,CyberCity_CentralSecurity_Tiles_3,Building9,large_structure,6432,3736,True,"[0, 0, 6432, 3736]",6432,3736,28.387,0.71613,1.7216,False,True,False,C_LARGE_STRUCTURE
CS_1782,res://assets/tilesets/cyber_city_core_tilesets/CyberCity_CentralSecurity_Tiles/CyberCity_CentralSecurity_Tiles_3/CyberCity_CentralSecurity_Tiles_3/Building9_3.png,Building9_3.png,CyberCity_CentralSecurity_Tiles_3/CyberCity_CentralSecurity_Tiles_3,CyberCity_CentralSecurity_Tiles_3,Building9,large_structure,3277,4660,True,"[0, 0, 3277, 4660]",3277,4660,7.458,0.92542,0.7032,False,True,False,C_LARGE_STRUCTURE
CS_1783,res://assets/tilesets/cyber_city_core_tilesets/CyberCity_CentralSecurity_Tiles/CyberCity_CentralSecurity_Tiles_3/CyberCity_CentralSecurity_Tiles_3/Building9_4.png,Building9_4.png,CyberCity_CentralSecurity_Tiles_3/CyberCity_CentralSecurity_Tiles_3,CyberCity_CentralSecurity_Tiles_3,Building9,large_structure,6405,3748,True,"[0, 0, 6405, 3748]",6405,3748,27.94,0.7206,1.7089,False,True,False,C_LARGE_STRUCTURE
CS_1784,res://assets/tilesets/cyber_city_core_tilesets/CyberCity_CentralSecurity_Tiles/CyberCity_CentralSecurity_Tiles_3/CyberCity_CentralSecurity_Tiles_3/Building9_5.png,Building9_5.png,CyberCity_CentralSecurity_Tiles_3/CyberCity_CentralSecurity_Tiles_3,CyberCity_CentralSecurity_Tiles_3,Building9,large_structure,6286,5603,True,"[0, 0, 6286, 5603]",6286,5603,50.906,0.49094,1.1219,False,True,False,C_LARGE_STRUCTURE
CS_1785,res://assets/tilesets/cyber_city_core_tilesets/CyberCity_CentralSecurity_Tiles/CyberCity_CentralSecurity_Tiles_3/CyberCity_CentralSecurity_Tiles_3/Building9_6.png,Building9_6.png,CyberCity_CentralSecurity_Tiles_3/CyberCity_CentralSecurity_Tiles_3,CyberCity_CentralSecurity_Tiles_3,Building9,large_structure,6288,5585,True,"[0, 0, 6288, 5585]",6288,5585,50.966,0.49034,1.1259,False,True,False,C_LARGE_STRUCTURE
CS_1786,res://assets/tilesets/cyber_city_core_tilesets/CyberCity_CentralSecurity_Tiles/CyberCity_CentralSecurity_Tiles_3/CyberCity_CentralSecurity_Tiles_3/Building9_7.png,Building9_7.png,CyberCity_CentralSecurity_Tiles_3/CyberCity_CentralSecurity_Tiles_3,CyberCity_CentralSecurity_Tiles_3,Building9,large_structure,6289,4694,True,"[0, 0, 6289, 4694]",6289,4694,46.262,0.53738,1.3398,False,True,False,C_LARGE_STRUCTURE
CS_1787,res://assets/tilesets/cyber_city_core_tilesets/CyberCity_CentralSecurity_Tiles/CyberCity_CentralSecurity_Tiles_3/CyberCity_CentralSecurity_Tiles_3/Building9_8.png,Building9_8.png,CyberCity_CentralSecurity_Tiles_3/CyberCity_CentralSecurity_Tiles_3,CyberCity_CentralSecurity_Tiles_3,Building9,large_structure,6287,4667,True,"[0, 0, 6287, 4667]",6287,4667,44.905,0.55095,1.3471,False,True,False,C_LARGE_STRUCTURE
CS_1788,res://assets/tilesets/cyber_city_core_tilesets/CyberCity_CentralSecurity_Tiles/CyberCity_CentralSecurity_Tiles_4/CyberCity_CentralSecurity_Tiles_4/Building11_1.png,Building11_1.png,CyberCity_CentralSecurity_Tiles_4/CyberCity_CentralSecurity_Tiles_4,CyberCity_CentralSecurity_Tiles_4,Building11,large_structure,6254,4495,True,"[0, 0, 6254, 4495]",6254,4495,4.94,0.9506,1.3913,False,True,False,C_LARGE_STRUCTURE
CS_1789,res://assets/tilesets/cyber_city_core_tilesets/CyberCity_CentralSecurity_Tiles/CyberCity_CentralSecurity_Tiles_4/CyberCity_CentralSecurity_Tiles_4/Building11_2.png,Building11_2.png,CyberCity_CentralSecurity_Tiles_4/CyberCity_CentralSecurity_Tiles_4,CyberCity_CentralSecurity_Tiles_4,Building11,large_structure,6255,4427,True,"[0, 0, 6255, 4427]",6255,4427,3.496,0.96504,1.4129,False,True,False,C_LARGE_STRUCTURE
CS_1790,res://assets/tilesets/cyber_city_core_tilesets/CyberCity_CentralSecurity_Tiles/CyberCity_CentralSecurity_Tiles_4/CyberCity_CentralSecurity_Tiles_4/Building11_3.png,Building11_3.png,CyberCity_CentralSecurity_Tiles_4/CyberCity_CentralSecurity_Tiles_4,CyberCity_CentralSecurity_Tiles_4,Building11,large_structure,6255,4534,True,"[0, 0, 6255, 4534]",6255,4534,5.748,0.94252,1.3796,False,True,False,C_LARGE_STRUCTURE
CS_1791,res://assets/tilesets/cyber_city_core_tilesets/CyberCity_CentralSecurity_Tiles/CyberCity_CentralSecurity_Tiles_4/CyberCity_CentralSecurity_Tiles_4/Building11_4.png,Building11_4.png,CyberCity_CentralSecurity_Tiles_4/CyberCity_CentralSecurity_Tiles_4,CyberCity_CentralSecurity_Tiles_4,Building11,large_structure,6255,4427,True,"[0, 0, 6255, 4427]",6255,4427,3.5,0.965,1.4129,False,True,False,C_LARGE_STRUCTURE
CS_1792,res://assets/tilesets/cyber_city_core_tilesets/CyberCity_CentralSecurity_Tiles/CyberCity_CentralSecurity_Tiles_4/CyberCity_CentralSecurity_Tiles_4/Building11_5.png,Building11_5.png,CyberCity_CentralSecurity_Tiles_4/CyberCity_CentralSecurity_Tiles_4,CyberCity_CentralSecurity_Tiles_4,Building11,large_structure,7737,5474,True,"[0, 0, 7737, 5474]",7737,5474,36.905,0.63095,1.4134,False,True,False,C_LARGE_STRUCTURE
CS_1793,res://assets/tilesets/cyber_city_core_tilesets/CyberCity_CentralSecurity_Tiles/CyberCity_CentralSecurity_Tiles_4/CyberCity_CentralSecurity_Tiles_4/Building11_6.png,Building11_6.png,CyberCity_CentralSecurity_Tiles_4/CyberCity_CentralSecurity_Tiles_4,CyberCity_CentralSecurity_Tiles_4,Building11,large_structure,7737,5475,True,"[0, 0, 7737, 5475]",7737,5475,36.914,0.63086,1.4132,False,True,False,C_LARGE_STRUCTURE
CS_1794,res://assets/tilesets/cyber_city_core_tilesets/CyberCity_CentralSecurity_Tiles/CyberCity_CentralSecurity_Tiles_4/CyberCity_CentralSecurity_Tiles_4/Building11_7.png,Building11_7.png,CyberCity_CentralSecurity_Tiles_4/CyberCity_CentralSecurity_Tiles_4,CyberCity_CentralSecurity_Tiles_4,Building11,large_structure,7737,5475,True,"[0, 0, 7737, 5475]",7737,5475,36.916,0.63084,1.4132,False,True,False,C_LARGE_STRUCTURE
CS_1795,res://assets/tilesets/cyber_city_core_tilesets/CyberCity_CentralSecurity_Tiles/CyberCity_CentralSecurity_Tiles_4/CyberCity_CentralSecurity_Tiles_4/Building11_8.png,Building11_8.png,CyberCity_CentralSecurity_Tiles_4/CyberCity_CentralSecurity_Tiles_4,CyberCity_CentralSecurity_Tiles_4,Building11,large_structure,7737,5475,True,"[0, 0, 7737, 5475]",7737,5475,36.914,0.63086,1.4132,False,True,False,C_LARGE_STRUCTURE
CS_1796,res://assets/tilesets/cyber_city_core_tilesets/CyberCity_CentralSecurity_Tiles/CyberCity_CentralSecurity_Tiles_4/CyberCity_CentralSecurity_Tiles_4/Building12_1.png,Building12_1.png,CyberCity_CentralSecurity_Tiles_4/CyberCity_CentralSecurity_Tiles_4,CyberCity_CentralSecurity_Tiles_4,Building12,large_structure,4617,1634,True,"[0, 0, 4617, 1634]",4617,1634,26.274,0.73726,2.8256,False,True,False,C_LARGE_STRUCTURE
CS_1797,res://assets/tilesets/cyber_city_core_tilesets/CyberCity_CentralSecurity_Tiles/CyberCity_CentralSecurity_Tiles_4/CyberCity_CentralSecurity_Tiles_4/Building12_2.png,Building12_2.png,CyberCity_CentralSecurity_Tiles_4/CyberCity_CentralSecurity_Tiles_4,CyberCity_CentralSecurity_Tiles_4,Building12,large_structure,2164,3344,True,"[0, 0, 2164, 3344]",2164,3344,28.785,0.71215,0.6471,False,True,False,C_LARGE_STRUCTURE
CS_1798,res://assets/tilesets/cyber_city_core_tilesets/CyberCity_CentralSecurity_Tiles/CyberCity_CentralSecurity_Tiles_4/CyberCity_CentralSecurity_Tiles_4/Building12_3.png,Building12_3.png,CyberCity_CentralSecurity_Tiles_4/CyberCity_CentralSecurity_Tiles_4,CyberCity_CentralSecurity_Tiles_4,Building12,large_structure,4618,1799,True,"[0, 0, 4618, 1799]",4618,1799,37.196,0.62804,2.567,False,True,False,C_LARGE_STRUCTURE
CS_1799,res://assets/tilesets/cyber_city_core_tilesets/CyberCity_CentralSecurity_Tiles/CyberCity_CentralSecurity_Tiles_4/CyberCity_CentralSecurity_Tiles_4/Building12_4.png,Building12_4.png,CyberCity_CentralSecurity_Tiles_4/CyberCity_CentralSecurity_Tiles_4,CyberCity_CentralSecurity_Tiles_4,Building12,large_structure,2170,3367,True,"[0, 0, 2170, 3367]",2170,3367,29.163,0.70837,0.6445,False,True,False,C_LARGE_STRUCTURE
CS_1800,res://assets/tilesets/cyber_city_core_tilesets/CyberCity_CentralSecurity_Tiles/CyberCity_CentralSecurity_Tiles_4/CyberCity_CentralSecurity_Tiles_4/Building12_5.png,Building12_5.png,CyberCity_CentralSecurity_Tiles_4/CyberCity_CentralSecurity_Tiles_4,CyberCity_CentralSecurity_Tiles_4,Building12,large_structure,4781,3390,True,"[0, 0, 4781, 3390]",4781,3390,66.776,0.33224,1.4103,False,True,False,C_LARGE_STRUCTURE
CS_1801,res://assets/tilesets/cyber_city_core_tilesets/CyberCity_CentralSecurity_Tiles/CyberCity_CentralSecurity_Tiles_4/CyberCity_CentralSecurity_Tiles_4/Building12_6.png,Building12_6.png,CyberCity_CentralSecurity_Tiles_4/CyberCity_CentralSecurity_Tiles_4,CyberCity_CentralSecurity_Tiles_4,Building12,large_structure,4779,3394,True,"[0, 0, 4779, 3394]",4779,3394,66.749,0.33251,1.4081,False,True,False,C_LARGE_STRUCTURE
CS_1802,res://assets/tilesets/cyber_city_core_tilesets/CyberCity_CentralSecurity_Tiles/CyberCity_CentralSecurity_Tiles_4/CyberCity_CentralSecurity_Tiles_4/Building12_7.png,Building12_7.png,CyberCity_CentralSecurity_Tiles_4/CyberCity_CentralSecurity_Tiles_4,CyberCity_CentralSecurity_Tiles_4,Building12,large_structure,4779,3429,True,"[0, 0, 4779, 3429]",4779,3429,69.27,0.3073,1.3937,False,True,False,C_LARGE_STRUCTURE
CS_1803,res://assets/tilesets/cyber_city_core_tilesets/CyberCity_CentralSecurity_Tiles/CyberCity_CentralSecurity_Tiles_4/CyberCity_CentralSecurity_Tiles_4/Building12_8.png,Building12_8.png,CyberCity_CentralSecurity_Tiles_4/CyberCity_CentralSecurity_Tiles_4,CyberCity_CentralSecurity_Tiles_4,Building12,large_structure,4780,3411,True,"[0, 0, 4780, 3411]",4780,3411,69.035,0.30965,1.4013,False,True,False,C_LARGE_STRUCTURE
CS_1804,res://assets/tilesets/cyber_city_core_tilesets/CyberCity_CentralSecurity_Tiles/CyberCity_CentralSecurity_Tiles_4/CyberCity_CentralSecurity_Tiles_4/Building13_1.png,Building13_1.png,CyberCity_CentralSecurity_Tiles_4/CyberCity_CentralSecurity_Tiles_4,CyberCity_CentralSecurity_Tiles_4,Building13,large_structure,2519,1552,True,"[0, 0, 2519, 1552]",2519,1552,24.168,0.75832,1.6231,False,True,False,C_LARGE_STRUCTURE
CS_1805,res://assets/tilesets/cyber_city_core_tilesets/CyberCity_CentralSecurity_Tiles/CyberCity_CentralSecurity_Tiles_4/CyberCity_CentralSecurity_Tiles_4/Building13_2.png,Building13_2.png,CyberCity_CentralSecurity_Tiles_4/CyberCity_CentralSecurity_Tiles_4,CyberCity_CentralSecurity_Tiles_4,Building13,large_structure,1748,2041,True,"[0, 0, 1748, 2041]",1748,2041,20.924,0.79076,0.8564,False,True,False,C_LARGE_STRUCTURE
CS_1806,res://assets/tilesets/cyber_city_core_tilesets/CyberCity_CentralSecurity_Tiles/CyberCity_CentralSecurity_Tiles_4/CyberCity_CentralSecurity_Tiles_4/Building13_3.png,Building13_3.png,CyberCity_CentralSecurity_Tiles_4/CyberCity_CentralSecurity_Tiles_4,CyberCity_CentralSecurity_Tiles_4,Building13,large_structure,2475,1564,True,"[0, 0, 2475, 1564]",2475,1564,22.926,0.77074,1.5825,False,True,False,C_LARGE_STRUCTURE
CS_1807,res://assets/tilesets/cyber_city_core_tilesets/CyberCity_CentralSecurity_Tiles/CyberCity_CentralSecurity_Tiles_4/CyberCity_CentralSecurity_Tiles_4/Building13_4.png,Building13_4.png,CyberCity_CentralSecurity_Tiles_4/CyberCity_CentralSecurity_Tiles_4,CyberCity_CentralSecurity_Tiles_4,Building13,large_structure,1748,2016,True,"[0, 0, 1748, 2016]",1748,2016,16.616,0.83384,0.8671,False,True,False,C_LARGE_STRUCTURE
CS_1808,res://assets/tilesets/cyber_city_core_tilesets/CyberCity_CentralSecurity_Tiles/CyberCity_CentralSecurity_Tiles_4/CyberCity_CentralSecurity_Tiles_4/Building13_5.png,Building13_5.png,CyberCity_CentralSecurity_Tiles_4/CyberCity_CentralSecurity_Tiles_4,CyberCity_CentralSecurity_Tiles_4,Building13,large_structure,2670,2041,True,"[0, 0, 2670, 2041]",2670,2041,45.542,0.54458,1.3082,False,True,False,C_LARGE_STRUCTURE
CS_1809,res://assets/tilesets/cyber_city_core_tilesets/CyberCity_CentralSecurity_Tiles/CyberCity_CentralSecurity_Tiles_4/CyberCity_CentralSecurity_Tiles_4/Building13_6.png,Building13_6.png,CyberCity_CentralSecurity_Tiles_4/CyberCity_CentralSecurity_Tiles_4,CyberCity_CentralSecurity_Tiles_4,Building13,large_structure,2670,2091,True,"[0, 0, 2670, 2091]",2670,2091,45.946,0.54054,1.2769,False,True,False,C_LARGE_STRUCTURE
CS_1810,res://assets/tilesets/cyber_city_core_tilesets/CyberCity_CentralSecurity_Tiles/CyberCity_CentralSecurity_Tiles_4/CyberCity_CentralSecurity_Tiles_4/Building13_7.png,Building13_7.png,CyberCity_CentralSecurity_Tiles_4/CyberCity_CentralSecurity_Tiles_4,CyberCity_CentralSecurity_Tiles_4,Building13,large_structure,2668,2043,True,"[0, 0, 2668, 2043]",2668,2043,45.616,0.54384,1.3059,False,True,False,C_LARGE_STRUCTURE
CS_1811,res://assets/tilesets/cyber_city_core_tilesets/CyberCity_CentralSecurity_Tiles/CyberCity_CentralSecurity_Tiles_4/CyberCity_CentralSecurity_Tiles_4/Building13_8.png,Building13_8.png,CyberCity_CentralSecurity_Tiles_4/CyberCity_CentralSecurity_Tiles_4,CyberCity_CentralSecurity_Tiles_4,Building13,large_structure,2669,2099,True,"[0, 0, 2669, 2099]",2669,2099,46.13,0.5387,1.2716,False,True,False,C_LARGE_STRUCTURE
CS_1812,res://assets/tilesets/cyber_city_core_tilesets/CyberCity_CentralSecurity_Tiles/CyberCity_CentralSecurity_Tiles_4/CyberCity_CentralSecurity_Tiles_4/Building14_1.png,Building14_1.png,CyberCity_CentralSecurity_Tiles_4/CyberCity_CentralSecurity_Tiles_4,CyberCity_CentralSecurity_Tiles_4,Building14,large_structure,2128,1398,True,"[0, 0, 2128, 1398]",2128,1398,25.037,0.74963,1.5222,False,True,False,C_LARGE_STRUCTURE
CS_1813,res://assets/tilesets/cyber_city_core_tilesets/CyberCity_CentralSecurity_Tiles/CyberCity_CentralSecurity_Tiles_4/CyberCity_CentralSecurity_Tiles_4/Building14_2.png,Building14_2.png,CyberCity_CentralSecurity_Tiles_4/CyberCity_CentralSecurity_Tiles_4,CyberCity_CentralSecurity_Tiles_4,Building14,large_structure,1300,1753,True,"[0, 0, 1300, 1753]",1300,1753,14.366,0.85634,0.7416,False,True,False,C_LARGE_STRUCTURE
CS_1814,res://assets/tilesets/cyber_city_core_tilesets/CyberCity_CentralSecurity_Tiles/CyberCity_CentralSecurity_Tiles_4/CyberCity_CentralSecurity_Tiles_4/Building14_3.png,Building14_3.png,CyberCity_CentralSecurity_Tiles_4/CyberCity_CentralSecurity_Tiles_4,CyberCity_CentralSecurity_Tiles_4,Building14,large_structure,2129,1144,True,"[0, 0, 2129, 1144]",2129,1144,14.619,0.85381,1.861,False,True,False,C_LARGE_STRUCTURE
CS_1815,res://assets/tilesets/cyber_city_core_tilesets/CyberCity_CentralSecurity_Tiles/CyberCity_CentralSecurity_Tiles_4/CyberCity_CentralSecurity_Tiles_4/Building14_4.png,Building14_4.png,CyberCity_CentralSecurity_Tiles_4/CyberCity_CentralSecurity_Tiles_4,CyberCity_CentralSecurity_Tiles_4,Building14,large_structure,1321,1753,True,"[0, 0, 1321, 1753]",1321,1753,15.572,0.84428,0.7536,False,True,False,C_LARGE_STRUCTURE
CS_1816,res://assets/tilesets/cyber_city_core_tilesets/CyberCity_CentralSecurity_Tiles/CyberCity_CentralSecurity_Tiles_4/CyberCity_CentralSecurity_Tiles_4/Building14_5.png,Building14_5.png,CyberCity_CentralSecurity_Tiles_4/CyberCity_CentralSecurity_Tiles_4,CyberCity_CentralSecurity_Tiles_4,Building14,large_structure,2208,1767,True,"[0, 0, 2208, 1767]",2208,1767,45.447,0.54553,1.2496,False,True,False,C_LARGE_STRUCTURE
CS_1817,res://assets/tilesets/cyber_city_core_tilesets/CyberCity_CentralSecurity_Tiles/CyberCity_CentralSecurity_Tiles_4/CyberCity_CentralSecurity_Tiles_4/Building14_6.png,Building14_6.png,CyberCity_CentralSecurity_Tiles_4/CyberCity_CentralSecurity_Tiles_4,CyberCity_CentralSecurity_Tiles_4,Building14,large_structure,2208,1770,True,"[0, 0, 2208, 1770]",2208,1770,45.468,0.54532,1.2475,False,True,False,C_LARGE_STRUCTURE
CS_1818,res://assets/tilesets/cyber_city_core_tilesets/CyberCity_CentralSecurity_Tiles/CyberCity_CentralSecurity_Tiles_4/CyberCity_CentralSecurity_Tiles_4/Building14_7.png,Building14_7.png,CyberCity_CentralSecurity_Tiles_4/CyberCity_CentralSecurity_Tiles_4,CyberCity_CentralSecurity_Tiles_4,Building14,large_structure,2208,1769,True,"[0, 0, 2208, 1769]",2208,1769,49.251,0.50749,1.2482,False,True,False,C_LARGE_STRUCTURE
CS_1819,res://assets/tilesets/cyber_city_core_tilesets/CyberCity_CentralSecurity_Tiles/CyberCity_CentralSecurity_Tiles_4/CyberCity_CentralSecurity_Tiles_4/Building14_8.png,Building14_8.png,CyberCity_CentralSecurity_Tiles_4/CyberCity_CentralSecurity_Tiles_4,CyberCity_CentralSecurity_Tiles_4,Building14,large_structure,2210,1769,True,"[0, 0, 2210, 1769]",2210,1769,49.29,0.5071,1.2493,False,True,False,C_LARGE_STRUCTURE
CS_1820,res://assets/tilesets/cyber_city_core_tilesets/CyberCity_CentralSecurity_Tiles/CyberCity_CentralSecurity_Tiles_4/CyberCity_CentralSecurity_Tiles_4/Building15_1.png,Building15_1.png,CyberCity_CentralSecurity_Tiles_4/CyberCity_CentralSecurity_Tiles_4,CyberCity_CentralSecurity_Tiles_4,Building15,large_structure,2735,809,True,"[0, 0, 2735, 809]",2735,809,10.323,0.89677,3.3807,False,True,False,C_LARGE_STRUCTURE
CS_1821,res://assets/tilesets/cyber_city_core_tilesets/CyberCity_CentralSecurity_Tiles/CyberCity_CentralSecurity_Tiles_4/CyberCity_CentralSecurity_Tiles_4/Building15_2.png,Building15_2.png,CyberCity_CentralSecurity_Tiles_4/CyberCity_CentralSecurity_Tiles_4,CyberCity_CentralSecurity_Tiles_4,Building15,large_structure,1021,1942,True,"[0, 0, 1021, 1942]",1021,1942,3.989,0.96011,0.5257,False,True,False,C_LARGE_STRUCTURE
CS_1822,res://assets/tilesets/cyber_city_core_tilesets/CyberCity_CentralSecurity_Tiles/CyberCity_CentralSecurity_Tiles_4/CyberCity_CentralSecurity_Tiles_4/Building15_3.png,Building15_3.png,CyberCity_CentralSecurity_Tiles_4/CyberCity_CentralSecurity_Tiles_4,CyberCity_CentralSecurity_Tiles_4,Building15,large_structure,2735,804,True,"[0, 0, 2735, 804]",2735,804,9.795,0.90205,3.4017,False,True,False,C_LARGE_STRUCTURE
CS_1823,res://assets/tilesets/cyber_city_core_tilesets/CyberCity_CentralSecurity_Tiles/CyberCity_CentralSecurity_Tiles_4/CyberCity_CentralSecurity_Tiles_4/Building15_4.png,Building15_4.png,CyberCity_CentralSecurity_Tiles_4/CyberCity_CentralSecurity_Tiles_4,CyberCity_CentralSecurity_Tiles_4,Building15,large_structure,1021,1945,True,"[0, 0, 1021, 1945]",1021,1945,4.152,0.95848,0.5249,False,True,False,C_LARGE_STRUCTURE
CS_1824,res://assets/tilesets/cyber_city_core_tilesets/CyberCity_CentralSecurity_Tiles/CyberCity_CentralSecurity_Tiles_4/CyberCity_CentralSecurity_Tiles_4/Building15_5.png,Building15_5.png,CyberCity_CentralSecurity_Tiles_4/CyberCity_CentralSecurity_Tiles_4,CyberCity_CentralSecurity_Tiles_4,Building15,large_structure,2531,1797,True,"[0, 0, 2531, 1797]",2531,1797,57.738,0.42262,1.4085,False,True,False,C_LARGE_STRUCTURE
CS_1825,res://assets/tilesets/cyber_city_core_tilesets/CyberCity_CentralSecurity_Tiles/CyberCity_CentralSecurity_Tiles_4/CyberCity_CentralSecurity_Tiles_4/Building15_6.png,Building15_6.png,CyberCity_CentralSecurity_Tiles_4/CyberCity_CentralSecurity_Tiles_4,CyberCity_CentralSecurity_Tiles_4,Building15,large_structure,2530,1796,True,"[0, 0, 2530, 1796]",2530,1796,57.672,0.42328,1.4087,False,True,False,C_LARGE_STRUCTURE
CS_1826,res://assets/tilesets/cyber_city_core_tilesets/CyberCity_CentralSecurity_Tiles/CyberCity_CentralSecurity_Tiles_4/CyberCity_CentralSecurity_Tiles_4/Building15_7.png,Building15_7.png,CyberCity_CentralSecurity_Tiles_4/CyberCity_CentralSecurity_Tiles_4,CyberCity_CentralSecurity_Tiles_4,Building15,large_structure,2531,1796,True,"[0, 0, 2531, 1796]",2531,1796,57.662,0.42338,1.4092,False,True,False,C_LARGE_STRUCTURE
CS_1827,res://assets/tilesets/cyber_city_core_tilesets/CyberCity_CentralSecurity_Tiles/CyberCity_CentralSecurity_Tiles_4/CyberCity_CentralSecurity_Tiles_4/Building15_8.png,Building15_8.png,CyberCity_CentralSecurity_Tiles_4/CyberCity_CentralSecurity_Tiles_4,CyberCity_CentralSecurity_Tiles_4,Building15,large_structure,2530,1797,True,"[0, 0, 2530, 1797]",2530,1797,57.703,0.42297,1.4079,False,True,False,C_LARGE_STRUCTURE
CS_1828,res://assets/tilesets/cyber_city_core_tilesets/CyberCity_CentralSecurity_Tiles/CyberCity_CentralSecurity_Tiles_4/CyberCity_CentralSecurity_Tiles_4/Building16_1.png,Building16_1.png,CyberCity_CentralSecurity_Tiles_4/CyberCity_CentralSecurity_Tiles_4,CyberCity_CentralSecurity_Tiles_4,Building16,large_structure,3157,1986,True,"[0, 0, 3157, 1986]",3157,1986,10.904,0.89096,1.5896,False,True,False,C_LARGE_STRUCTURE
CS_1829,res://assets/tilesets/cyber_city_core_tilesets/CyberCity_CentralSecurity_Tiles/CyberCity_CentralSecurity_Tiles_4/CyberCity_CentralSecurity_Tiles_4/Building16_2.png,Building16_2.png,CyberCity_CentralSecurity_Tiles_4/CyberCity_CentralSecurity_Tiles_4,CyberCity_CentralSecurity_Tiles_4,Building16,large_structure,2302,2353,True,"[0, 0, 2302, 2353]",2302,2353,4.723,0.95277,0.9783,False,True,False,C_LARGE_STRUCTURE
CS_1830,res://assets/tilesets/cyber_city_core_tilesets/CyberCity_CentralSecurity_Tiles/CyberCity_CentralSecurity_Tiles_4/CyberCity_CentralSecurity_Tiles_4/Building16_3.png,Building16_3.png,CyberCity_CentralSecurity_Tiles_4/CyberCity_CentralSecurity_Tiles_4,CyberCity_CentralSecurity_Tiles_4,Building16,large_structure,3223,2032,True,"[0, 0, 3223, 2032]",3223,2032,18.604,0.81396,1.5861,False,True,False,C_LARGE_STRUCTURE
CS_1831,res://assets/tilesets/cyber_city_core_tilesets/CyberCity_CentralSecurity_Tiles/CyberCity_CentralSecurity_Tiles_4/CyberCity_CentralSecurity_Tiles_4/Building16_4.png,Building16_4.png,CyberCity_CentralSecurity_Tiles_4/CyberCity_CentralSecurity_Tiles_4,CyberCity_CentralSecurity_Tiles_4,Building16,large_structure,2302,2634,True,"[0, 0, 2302, 2634]",2302,2634,10.63,0.8937,0.874,False,True,False,C_LARGE_STRUCTURE
CS_1832,res://assets/tilesets/cyber_city_core_tilesets/CyberCity_CentralSecurity_Tiles/CyberCity_CentralSecurity_Tiles_4/CyberCity_CentralSecurity_Tiles_4/Building16_5.png,Building16_5.png,CyberCity_CentralSecurity_Tiles_4/CyberCity_CentralSecurity_Tiles_4,CyberCity_CentralSecurity_Tiles_4,Building16,large_structure,3708,2635,True,"[0, 0, 3708, 2635]",3708,2635,45.382,0.54618,1.4072,False,True,False,C_LARGE_STRUCTURE
CS_1833,res://assets/tilesets/cyber_city_core_tilesets/CyberCity_CentralSecurity_Tiles/CyberCity_CentralSecurity_Tiles_4/CyberCity_CentralSecurity_Tiles_4/Building16_6.png,Building16_6.png,CyberCity_CentralSecurity_Tiles_4/CyberCity_CentralSecurity_Tiles_4,CyberCity_CentralSecurity_Tiles_4,Building16,large_structure,3708,2850,True,"[0, 0, 3708, 2850]",3708,2850,47.904,0.52096,1.3011,False,True,False,C_LARGE_STRUCTURE
CS_1834,res://assets/tilesets/cyber_city_core_tilesets/CyberCity_CentralSecurity_Tiles/CyberCity_CentralSecurity_Tiles_4/CyberCity_CentralSecurity_Tiles_4/Building16_7.png,Building16_7.png,CyberCity_CentralSecurity_Tiles_4/CyberCity_CentralSecurity_Tiles_4,CyberCity_CentralSecurity_Tiles_4,Building16,large_structure,3708,2637,True,"[0, 0, 3708, 2637]",3708,2637,46.577,0.53423,1.4061,False,True,False,C_LARGE_STRUCTURE
CS_1835,res://assets/tilesets/cyber_city_core_tilesets/CyberCity_CentralSecurity_Tiles/CyberCity_CentralSecurity_Tiles_4/CyberCity_CentralSecurity_Tiles_4/Building16_8.png,Building16_8.png,CyberCity_CentralSecurity_Tiles_4/CyberCity_CentralSecurity_Tiles_4,CyberCity_CentralSecurity_Tiles_4,Building16,large_structure,3736,2926,True,"[0, 0, 3736, 2926]",3736,2926,50.669,0.49331,1.2768,False,True,False,C_LARGE_STRUCTURE
CS_1836,res://assets/tilesets/cyber_city_core_tilesets/CyberCity_CentralSecurity_Tiles/CyberCity_CentralSecurity_Tiles_4/CyberCity_CentralSecurity_Tiles_4/Building17_1.png,Building17_1.png,CyberCity_CentralSecurity_Tiles_4/CyberCity_CentralSecurity_Tiles_4,CyberCity_CentralSecurity_Tiles_4,Building17,large_structure,2738,2366,True,"[0, 0, 2738, 2366]",2738,2366,37.336,0.62664,1.1572,False,True,False,C_LARGE_STRUCTURE
CS_1837,res://assets/tilesets/cyber_city_core_tilesets/CyberCity_CentralSecurity_Tiles/CyberCity_CentralSecurity_Tiles_4/CyberCity_CentralSecurity_Tiles_4/Building17_2.png,Building17_2.png,CyberCity_CentralSecurity_Tiles_4/CyberCity_CentralSecurity_Tiles_4,CyberCity_CentralSecurity_Tiles_4,Building17,large_structure,2669,2096,True,"[0, 0, 2669, 2096]",2669,2096,31.264,0.68736,1.2734,False,True,False,C_LARGE_STRUCTURE
CS_1838,res://assets/tilesets/cyber_city_core_tilesets/CyberCity_CentralSecurity_Tiles/CyberCity_CentralSecurity_Tiles_4/CyberCity_CentralSecurity_Tiles_4/Building17_3.png,Building17_3.png,CyberCity_CentralSecurity_Tiles_4/CyberCity_CentralSecurity_Tiles_4,CyberCity_CentralSecurity_Tiles_4,Building17,large_structure,2737,2143,True,"[0, 0, 2737, 2143]",2737,2143,35.714,0.64286,1.2772,False,True,False,C_LARGE_STRUCTURE
CS_1839,res://assets/tilesets/cyber_city_core_tilesets/CyberCity_CentralSecurity_Tiles/CyberCity_CentralSecurity_Tiles_4/CyberCity_CentralSecurity_Tiles_4/Building17_4.png,Building17_4.png,CyberCity_CentralSecurity_Tiles_4/CyberCity_CentralSecurity_Tiles_4,CyberCity_CentralSecurity_Tiles_4,Building17,large_structure,2608,2054,True,"[0, 0, 2608, 2054]",2608,2054,28.78,0.7122,1.2697,False,True,False,C_LARGE_STRUCTURE
CS_1840,res://assets/tilesets/cyber_city_core_tilesets/CyberCity_CentralSecurity_Tiles/CyberCity_CentralSecurity_Tiles_4/CyberCity_CentralSecurity_Tiles_4/Building17_5.png,Building17_5.png,CyberCity_CentralSecurity_Tiles_4/CyberCity_CentralSecurity_Tiles_4,CyberCity_CentralSecurity_Tiles_4,Building17,large_structure,3149,2409,True,"[0, 0, 3149, 2409]",3149,2409,47.691,0.52309,1.3072,False,True,False,C_LARGE_STRUCTURE
CS_1841,res://assets/tilesets/cyber_city_core_tilesets/CyberCity_CentralSecurity_Tiles/CyberCity_CentralSecurity_Tiles_4/CyberCity_CentralSecurity_Tiles_4/Building17_6.png,Building17_6.png,CyberCity_CentralSecurity_Tiles_4/CyberCity_CentralSecurity_Tiles_4,CyberCity_CentralSecurity_Tiles_4,Building17,large_structure,3273,2286,True,"[0, 0, 3273, 2286]",3273,2286,46.824,0.53176,1.4318,False,True,False,C_LARGE_STRUCTURE
CS_1842,res://assets/tilesets/cyber_city_core_tilesets/CyberCity_CentralSecurity_Tiles/CyberCity_CentralSecurity_Tiles_4/CyberCity_CentralSecurity_Tiles_4/Building17_7.png,Building17_7.png,CyberCity_CentralSecurity_Tiles_4/CyberCity_CentralSecurity_Tiles_4,CyberCity_CentralSecurity_Tiles_4,Building17,large_structure,3273,2454,True,"[0, 0, 3273, 2454]",3273,2454,51.853,0.48147,1.3337,False,True,False,C_LARGE_STRUCTURE
CS_1843,res://assets/tilesets/cyber_city_core_tilesets/CyberCity_CentralSecurity_Tiles/CyberCity_CentralSecurity_Tiles_4/CyberCity_CentralSecurity_Tiles_4/Building17_8.png,Building17_8.png,CyberCity_CentralSecurity_Tiles_4/CyberCity_CentralSecurity_Tiles_4,CyberCity_CentralSecurity_Tiles_4,Building17,large_structure,3068,2318,True,"[0, 0, 3068, 2318]",3068,2318,46.456,0.53544,1.3236,False,True,False,C_LARGE_STRUCTURE
