tileset_path,original_palette,palette,tile_id,source_asset_id,source_path,source_filename,source_region,preview_width,preview_height,visible_alpha_bbox,transparent_percentage,pre_tileset_classification,post_creation_quality_classification,reason,recommended_action
res://assets/tilesets/pvgames_central_security_paintable/PVGamesCentralSecurityReviewOnlyPaint.tres,review_only,review_only,review_only_0000,CS_0622,res://assets/tilesets/cyber_city_core_tilesets/CyberCity_CentralSecurity_Tiles/CyberCity_CentralSecurity_Tiles_1/CyberCity_CentralSecurity_Tiles_1/Garbage1_3.png,Garbage1_3.png,"[0, 0, 48, 48]",48,48,"[0, 0, 48, 48]",32.682,SINGLE_TILE_SPRITE,REVIEW_MANUALLY,Review-only candidate.,keep in review palette
res://assets/tilesets/pvgames_central_security_paintable/PVGamesCentralSecurityReviewOnlyPaint.tres,review_only,review_only,review_only_0001,CS_1508,res://assets/tilesets/cyber_city_core_tilesets/CyberCity_CentralSecurity_Tiles/CyberCity_CentralSecurity_Tiles_1/CyberCity_CentralSecurity_Tiles_1/Tires2_1.png,Tires2_1.png,"[0, 0, 48, 48]",48,48,"[0, 0, 48, 48]",29.601,SINGLE_TILE_SPRITE,REVIEW_MANUALLY,Review-only candidate.,keep in review palette
res://assets/tilesets/pvgames_central_security_paintable/PVGamesCentralSecurityReviewOnlyPaint.tres,review_only,review_only,review_only_0002,CS_1511,res://assets/tilesets/cyber_city_core_tilesets/CyberCity_CentralSecurity_Tiles/CyberCity_CentralSecurity_Tiles_1/CyberCity_CentralSecurity_Tiles_1/Tires2_4.png,Tires2_4.png,"[0, 0, 48, 48]",48,48,"[0, 0, 48, 48]",27.561,SINGLE_TILE_SPRITE,REVIEW_MANUALLY,Review-only candidate.,keep in review palette
res://assets/tilesets/pvgames_central_security_paintable/PVGamesCentralSecurityReviewOnlyPaint.tres,review_only,review_only,review_only_0003,CS_1513,res://assets/tilesets/cyber_city_core_tilesets/CyberCity_CentralSecurity_Tiles/CyberCity_CentralSecurity_Tiles_1/CyberCity_CentralSecurity_Tiles_1/Tires2_6.png,Tires2_6.png,"[0, 0, 48, 48]",48,48,"[0, 0, 48, 48]",28.038,SINGLE_TILE_SPRITE,REVIEW_MANUALLY,Review-only candidate.,keep in review palette
res://assets/tilesets/pvgames_central_security_paintable/PVGamesCentralSecurityReviewOnlyPaint.tres,review_only,review_only,review_only_0004,CS_0620,res://assets/tilesets/cyber_city_core_tilesets/CyberCity_CentralSecurity_Tiles/CyberCity_CentralSecurity_Tiles_1/CyberCity_CentralSecurity_Tiles_1/Garbage1_1.png,Garbage1_1.png,"[0, 0, 50, 50]",50,50,"[0, 0, 50, 50]",40.64,SINGLE_TILE_SPRITE,REVIEW_MANUALLY,Review-only candidate.,keep in review palette
res://assets/tilesets/pvgames_central_security_paintable/PVGamesCentralSecurityReviewOnlyPaint.tres,review_only,review_only,review_only_0005,CS_1090,res://assets/tilesets/cyber_city_core_tilesets/CyberCity_CentralSecurity_Tiles/CyberCity_CentralSecurity_Tiles_1/CyberCity_CentralSecurity_Tiles_1/Sandbag1_5.png,Sandbag1_5.png,"[0, 0, 59, 48]",59,48,"[0, 0, 59, 48]",41.631,SINGLE_TILE_SPRITE,REVIEW_MANUALLY,Review-only candidate.,keep in review palette
res://assets/tilesets/pvgames_central_security_paintable/PVGamesCentralSecurityReviewOnlyPaint.tres,review_only,review_only,review_only_0006,CS_1093,res://assets/tilesets/cyber_city_core_tilesets/CyberCity_CentralSecurity_Tiles/CyberCity_CentralSecurity_Tiles_1/CyberCity_CentralSecurity_Tiles_1/Sandbag1_8.png,Sandbag1_8.png,"[0, 0, 59, 48]",59,48,"[0, 0, 59, 48]",42.444,SINGLE_TILE_SPRITE,REVIEW_MANUALLY,Review-only candidate.,keep in review palette
res://assets/tilesets/pvgames_central_security_paintable/PVGamesCentralSecurityReviewOnlyPaint.tres,review_only,review_only,review_only_0007,CS_0633,res://assets/tilesets/cyber_city_core_tilesets/CyberCity_CentralSecurity_Tiles/CyberCity_CentralSecurity_Tiles_1/CyberCity_CentralSecurity_Tiles_1/Garbage2_6.png,Garbage2_6.png,"[0, 0, 61, 61]",61,61,"[0, 0, 61, 61]",31.578,SINGLE_TILE_SPRITE,REVIEW_MANUALLY,Review-only candidate.,keep in review palette
res://assets/tilesets/pvgames_central_security_paintable/PVGamesCentralSecurityReviewOnlyPaint.tres,review_only,review_only,review_only_0008,CS_0634,res://assets/tilesets/cyber_city_core_tilesets/CyberCity_CentralSecurity_Tiles/CyberCity_CentralSecurity_Tiles_1/CyberCity_CentralSecurity_Tiles_1/Garbage2_7.png,Garbage2_7.png,"[0, 0, 64, 64]",64,64,"[0, 0, 64, 64]",29.272,SINGLE_TILE_SPRITE,REVIEW_MANUALLY,Review-only candidate.,keep in review palette
res://assets/tilesets/pvgames_central_security_paintable/PVGamesCentralSecurityReviewOnlyPaint.tres,review_only,review_only,review_only_0009,CS_1517,res://assets/tilesets/cyber_city_core_tilesets/CyberCity_CentralSecurity_Tiles/CyberCity_CentralSecurity_Tiles_1/CyberCity_CentralSecurity_Tiles_1/Tires3_2.png,Tires3_2.png,"[0, 0, 50, 65]",50,65,"[0, 0, 50, 65]",20.769,SINGLE_TILE_SPRITE,REVIEW_MANUALLY,Review-only candidate.,keep in review palette
res://assets/tilesets/pvgames_central_security_paintable/PVGamesCentralSecurityReviewOnlyPaint.tres,review_only,review_only,review_only_0010,CS_0631,res://assets/tilesets/cyber_city_core_tilesets/CyberCity_CentralSecurity_Tiles/CyberCity_CentralSecurity_Tiles_1/CyberCity_CentralSecurity_Tiles_1/Garbage2_4.png,Garbage2_4.png,"[0, 0, 66, 58]",66,58,"[0, 0, 66, 58]",31.034,SINGLE_TILE_SPRITE,REVIEW_MANUALLY,Review-only candidate.,keep in review palette
res://assets/tilesets/pvgames_central_security_paintable/PVGamesCentralSecurityReviewOnlyPaint.tres,review_only,review_only,review_only_0011,CS_0629,res://assets/tilesets/cyber_city_core_tilesets/CyberCity_CentralSecurity_Tiles/CyberCity_CentralSecurity_Tiles_1/CyberCity_CentralSecurity_Tiles_1/Garbage2_2.png,Garbage2_2.png,"[0, 0, 68, 68]",68,68,"[0, 0, 68, 68]",39.749,SINGLE_TILE_SPRITE,REVIEW_MANUALLY,Review-only candidate.,keep in review palette
res://assets/tilesets/pvgames_central_security_paintable/PVGamesCentralSecurityReviewOnlyPaint.tres,review_only,review_only,review_only_0012,CS_0635,res://assets/tilesets/cyber_city_core_tilesets/CyberCity_CentralSecurity_Tiles/CyberCity_CentralSecurity_Tiles_1/CyberCity_CentralSecurity_Tiles_1/Garbage2_8.png,Garbage2_8.png,"[0, 0, 71, 60]",71,60,"[0, 0, 71, 60]",35.822,SINGLE_TILE_SPRITE,REVIEW_MANUALLY,Review-only candidate.,keep in review palette
res://assets/tilesets/pvgames_central_security_paintable/PVGamesCentralSecurityReviewOnlyPaint.tres,review_only,review_only,review_only_0013,CS_0630,res://assets/tilesets/cyber_city_core_tilesets/CyberCity_CentralSecurity_Tiles/CyberCity_CentralSecurity_Tiles_1/CyberCity_CentralSecurity_Tiles_1/Garbage2_3.png,Garbage2_3.png,"[0, 0, 71, 63]",71,63,"[0, 0, 71, 63]",37.022,SINGLE_TILE_SPRITE,REVIEW_MANUALLY,Review-only candidate.,keep in review palette
res://assets/tilesets/pvgames_central_security_paintable/PVGamesCentralSecurityReviewOnlyPaint.tres,review_only,review_only,review_only_0014,CS_1470,res://assets/tilesets/cyber_city_core_tilesets/CyberCity_CentralSecurity_Tiles/CyberCity_CentralSecurity_Tiles_1/CyberCity_CentralSecurity_Tiles_1/Tech8_3.png,Tech8_3.png,"[0, 0, 69, 72]",69,72,"[0, 0, 69, 72]",21.377,SINGLE_TILE_SPRITE,REVIEW_MANUALLY,Review-only candidate.,keep in review palette
res://assets/tilesets/pvgames_central_security_paintable/PVGamesCentralSecurityReviewOnlyPaint.tres,review_only,review_only,review_only_0015,CS_1388,res://assets/tilesets/cyber_city_core_tilesets/CyberCity_CentralSecurity_Tiles/CyberCity_CentralSecurity_Tiles_1/CyberCity_CentralSecurity_Tiles_1/Tech10_1.png,Tech10_1.png,"[0, 0, 55, 74]",55,74,"[0, 0, 55, 74]",18.059,SINGLE_TILE_SPRITE,REVIEW_MANUALLY,Review-only candidate.,keep in review palette
res://assets/tilesets/pvgames_central_security_paintable/PVGamesCentralSecurityReviewOnlyPaint.tres,review_only,review_only,review_only_0016,CS_1521,res://assets/tilesets/cyber_city_core_tilesets/CyberCity_CentralSecurity_Tiles/CyberCity_CentralSecurity_Tiles_1/CyberCity_CentralSecurity_Tiles_1/Tires3_6.png,Tires3_6.png,"[0, 0, 73, 75]",73,75,"[0, 0, 73, 75]",45.479,SINGLE_TILE_SPRITE,REVIEW_MANUALLY,Review-only candidate.,keep in review palette
res://assets/tilesets/pvgames_central_security_paintable/PVGamesCentralSecurityReviewOnlyPaint.tres,review_only,review_only,review_only_0017,CS_0364,res://assets/tilesets/cyber_city_core_tilesets/CyberCity_CentralSecurity_Tiles/CyberCity_CentralSecurity_Tiles_1/CyberCity_CentralSecurity_Tiles_1/Container7_4.png,Container7_4.png,"[0, 0, 48, 76]",48,76,"[0, 0, 48, 76]",14.227,SINGLE_TILE_SPRITE,REVIEW_MANUALLY,Review-only candidate.,keep in review palette
res://assets/tilesets/pvgames_central_security_paintable/PVGamesCentralSecurityReviewOnlyPaint.tres,review_only,review_only,review_only_0018,CS_1390,res://assets/tilesets/cyber_city_core_tilesets/CyberCity_CentralSecurity_Tiles/CyberCity_CentralSecurity_Tiles_1/CyberCity_CentralSecurity_Tiles_1/Tech10_3.png,Tech10_3.png,"[0, 0, 56, 76]",56,76,"[0, 0, 56, 76]",21.805,SINGLE_TILE_SPRITE,REVIEW_MANUALLY,Review-only candidate.,keep in review palette
res://assets/tilesets/pvgames_central_security_paintable/PVGamesCentralSecurityReviewOnlyPaint.tres,review_only,review_only,review_only_0019,CS_0354,res://assets/tilesets/cyber_city_core_tilesets/CyberCity_CentralSecurity_Tiles/CyberCity_CentralSecurity_Tiles_1/CyberCity_CentralSecurity_Tiles_1/Container6_2.png,Container6_2.png,"[0, 0, 66, 76]",66,76,"[0, 0, 66, 76]",15.809,SINGLE_TILE_SPRITE,REVIEW_MANUALLY,Review-only candidate.,keep in review palette
res://assets/tilesets/pvgames_central_security_paintable/PVGamesCentralSecurityReviewOnlyPaint.tres,review_only,review_only,review_only_0020,CS_1522,res://assets/tilesets/cyber_city_core_tilesets/CyberCity_CentralSecurity_Tiles/CyberCity_CentralSecurity_Tiles_1/CyberCity_CentralSecurity_Tiles_1/Tires3_7.png,Tires3_7.png,"[0, 0, 77, 63]",77,63,"[0, 0, 77, 63]",40.445,SINGLE_TILE_SPRITE,REVIEW_MANUALLY,Review-only candidate.,keep in review palette
res://assets/tilesets/pvgames_central_security_paintable/PVGamesCentralSecurityReviewOnlyPaint.tres,review_only,review_only,review_only_0021,CS_1468,res://assets/tilesets/cyber_city_core_tilesets/CyberCity_CentralSecurity_Tiles/CyberCity_CentralSecurity_Tiles_1/CyberCity_CentralSecurity_Tiles_1/Tech8_1.png,Tech8_1.png,"[0, 0, 68, 77]",68,77,"[0, 0, 68, 77]",23.014,SINGLE_TILE_SPRITE,REVIEW_MANUALLY,Review-only candidate.,keep in review palette
res://assets/tilesets/pvgames_central_security_paintable/PVGamesCentralSecurityReviewOnlyPaint.tres,review_only,review_only,review_only_0022,CS_1523,res://assets/tilesets/cyber_city_core_tilesets/CyberCity_CentralSecurity_Tiles/CyberCity_CentralSecurity_Tiles_1/CyberCity_CentralSecurity_Tiles_1/Tires3_8.png,Tires3_8.png,"[0, 0, 77, 72]",77,72,"[0, 0, 77, 72]",44.715,SINGLE_TILE_SPRITE,REVIEW_MANUALLY,Review-only candidate.,keep in review palette
res://assets/tilesets/pvgames_central_security_paintable/PVGamesCentralSecurityReviewOnlyPaint.tres,review_only,review_only,review_only_0023,CS_1389,res://assets/tilesets/cyber_city_core_tilesets/CyberCity_CentralSecurity_Tiles/CyberCity_CentralSecurity_Tiles_1/CyberCity_CentralSecurity_Tiles_1/Tech10_2.png,Tech10_2.png,"[0, 0, 79, 50]",79,50,"[0, 0, 79, 50]",17.949,SINGLE_TILE_SPRITE,REVIEW_MANUALLY,Review-only candidate.,keep in review palette
res://assets/tilesets/pvgames_central_security_paintable/PVGamesCentralSecurityReviewOnlyPaint.tres,review_only,review_only,review_only_0024,CS_1391,res://assets/tilesets/cyber_city_core_tilesets/CyberCity_CentralSecurity_Tiles/CyberCity_CentralSecurity_Tiles_1/CyberCity_CentralSecurity_Tiles_1/Tech10_4.png,Tech10_4.png,"[0, 0, 79, 51]",79,51,"[0, 0, 79, 51]",19.285,SINGLE_TILE_SPRITE,REVIEW_MANUALLY,Review-only candidate.,keep in review palette
res://assets/tilesets/pvgames_central_security_paintable/PVGamesCentralSecurityReviewOnlyPaint.tres,review_only,review_only,review_only_0025,CS_0356,res://assets/tilesets/cyber_city_core_tilesets/CyberCity_CentralSecurity_Tiles/CyberCity_CentralSecurity_Tiles_1/CyberCity_CentralSecurity_Tiles_1/Container6_4.png,Container6_4.png,"[0, 0, 64, 79]",64,79,"[0, 0, 64, 79]",21.084,SINGLE_TILE_SPRITE,REVIEW_MANUALLY,Review-only candidate.,keep in review palette
res://assets/tilesets/pvgames_central_security_paintable/PVGamesCentralSecurityReviewOnlyPaint.tres,review_only,review_only,review_only_0026,CS_1480,res://assets/tilesets/cyber_city_core_tilesets/CyberCity_CentralSecurity_Tiles/CyberCity_CentralSecurity_Tiles_1/CyberCity_CentralSecurity_Tiles_1/Tech9_5.png,Tech9_5.png,"[0, 0, 79, 73]",79,73,"[0, 0, 79, 73]",41.564,SINGLE_TILE_SPRITE,REVIEW_MANUALLY,Review-only candidate.,keep in review palette
res://assets/tilesets/pvgames_central_security_paintable/PVGamesCentralSecurityReviewOnlyPaint.tres,review_only,review_only,review_only_0027,CS_1481,res://assets/tilesets/cyber_city_core_tilesets/CyberCity_CentralSecurity_Tiles/CyberCity_CentralSecurity_Tiles_1/CyberCity_CentralSecurity_Tiles_1/Tech9_6.png,Tech9_6.png,"[0, 0, 79, 74]",79,74,"[0, 0, 79, 74]",42.816,SINGLE_TILE_SPRITE,REVIEW_MANUALLY,Review-only candidate.,keep in review palette
res://assets/tilesets/pvgames_central_security_paintable/PVGamesCentralSecurityReviewOnlyPaint.tres,review_only,review_only,review_only_0028,CS_1482,res://assets/tilesets/cyber_city_core_tilesets/CyberCity_CentralSecurity_Tiles/CyberCity_CentralSecurity_Tiles_1/CyberCity_CentralSecurity_Tiles_1/Tech9_7.png,Tech9_7.png,"[0, 0, 79, 76]",79,76,"[0, 0, 79, 76]",44.037,SINGLE_TILE_SPRITE,REVIEW_MANUALLY,Review-only candidate.,keep in review palette
res://assets/tilesets/pvgames_central_security_paintable/PVGamesCentralSecurityReviewOnlyPaint.tres,review_only,review_only,review_only_0029,CS_1519,res://assets/tilesets/cyber_city_core_tilesets/CyberCity_CentralSecurity_Tiles/CyberCity_CentralSecurity_Tiles_1/CyberCity_CentralSecurity_Tiles_1/Tires3_4.png,Tires3_4.png,"[0, 0, 49, 80]",49,80,"[0, 0, 49, 80]",25.536,SINGLE_TILE_SPRITE,REVIEW_MANUALLY,Review-only candidate.,keep in review palette
res://assets/tilesets/pvgames_central_security_paintable/PVGamesCentralSecurityReviewOnlyPaint.tres,review_only,review_only,review_only_0030,CS_1520,res://assets/tilesets/cyber_city_core_tilesets/CyberCity_CentralSecurity_Tiles/CyberCity_CentralSecurity_Tiles_1/CyberCity_CentralSecurity_Tiles_1/Tires3_5.png,Tires3_5.png,"[0, 0, 80, 58]",80,58,"[0, 0, 80, 58]",38.707,SINGLE_TILE_SPRITE,REVIEW_MANUALLY,Review-only candidate.,keep in review palette
res://assets/tilesets/pvgames_central_security_paintable/PVGamesCentralSecurityReviewOnlyPaint.tres,review_only,review_only,review_only_0031,CS_0003,res://assets/tilesets/cyber_city_core_tilesets/CyberCity_CentralSecurity_Tiles/CyberCity_CentralSecurity_Tiles_1/CyberCity_CentralSecurity_Tiles_1/Barrel1_3.png,Barrel1_3.png,"[0, 0, 66, 80]",66,80,"[0, 0, 66, 80]",23.693,SINGLE_TILE_SPRITE,REVIEW_MANUALLY,Review-only candidate.,keep in review palette
res://assets/tilesets/pvgames_central_security_paintable/PVGamesCentralSecurityReviewOnlyPaint.tres,review_only,review_only,review_only_0032,CS_0005,res://assets/tilesets/cyber_city_core_tilesets/CyberCity_CentralSecurity_Tiles/CyberCity_CentralSecurity_Tiles_1/CyberCity_CentralSecurity_Tiles_1/Barrel1_5.png,Barrel1_5.png,"[0, 0, 66, 80]",66,80,"[0, 0, 66, 80]",23.428,SINGLE_TILE_SPRITE,REVIEW_MANUALLY,Review-only candidate.,keep in review palette
res://assets/tilesets/pvgames_central_security_paintable/PVGamesCentralSecurityReviewOnlyPaint.tres,review_only,review_only,review_only_0033,CS_0001,res://assets/tilesets/cyber_city_core_tilesets/CyberCity_CentralSecurity_Tiles/CyberCity_CentralSecurity_Tiles_1/CyberCity_CentralSecurity_Tiles_1/Barrel1_1.png,Barrel1_1.png,"[0, 0, 68, 80]",68,80,"[0, 0, 68, 80]",26.158,SINGLE_TILE_SPRITE,REVIEW_MANUALLY,Review-only candidate.,keep in review palette
res://assets/tilesets/pvgames_central_security_paintable/PVGamesCentralSecurityReviewOnlyPaint.tres,review_only,review_only,review_only_0034,CS_0002,res://assets/tilesets/cyber_city_core_tilesets/CyberCity_CentralSecurity_Tiles/CyberCity_CentralSecurity_Tiles_1/CyberCity_CentralSecurity_Tiles_1/Barrel1_2.png,Barrel1_2.png,"[0, 0, 69, 80]",69,80,"[0, 0, 69, 80]",26.938,SINGLE_TILE_SPRITE,REVIEW_MANUALLY,Review-only candidate.,keep in review palette
res://assets/tilesets/pvgames_central_security_paintable/PVGamesCentralSecurityReviewOnlyPaint.tres,review_only,review_only,review_only_0035,CS_0007,res://assets/tilesets/cyber_city_core_tilesets/CyberCity_CentralSecurity_Tiles/CyberCity_CentralSecurity_Tiles_1/CyberCity_CentralSecurity_Tiles_1/Barrel1_7.png,Barrel1_7.png,"[0, 0, 67, 81]",67,81,"[0, 0, 67, 81]",26.092,SINGLE_TILE_SPRITE,REVIEW_MANUALLY,Review-only candidate.,keep in review palette
res://assets/tilesets/pvgames_central_security_paintable/PVGamesCentralSecurityReviewOnlyPaint.tres,review_only,review_only,review_only_0036,CS_0075,res://assets/tilesets/cyber_city_core_tilesets/CyberCity_CentralSecurity_Tiles/CyberCity_CentralSecurity_Tiles_1/CyberCity_CentralSecurity_Tiles_1/BrigBrokenGlass1_3.png,BrigBrokenGlass1_3.png,"[0, 0, 81, 70]",81,70,"[0, 0, 81, 70]",73.351,SINGLE_TILE_SPRITE,REVIEW_MANUALLY,Review-only candidate.,keep in review palette
res://assets/tilesets/pvgames_central_security_paintable/PVGamesCentralSecurityReviewOnlyPaint.tres,review_only,review_only,review_only_0037,CS_1483,res://assets/tilesets/cyber_city_core_tilesets/CyberCity_CentralSecurity_Tiles/CyberCity_CentralSecurity_Tiles_1/CyberCity_CentralSecurity_Tiles_1/Tech9_8.png,Tech9_8.png,"[0, 0, 79, 81]",79,81,"[0, 0, 79, 81]",46.679,SINGLE_TILE_SPRITE,REVIEW_MANUALLY,Review-only candidate.,keep in review palette
res://assets/tilesets/pvgames_central_security_paintable/PVGamesCentralSecurityReviewOnlyPaint.tres,review_only,review_only,review_only_0038,CS_1501,res://assets/tilesets/cyber_city_core_tilesets/CyberCity_CentralSecurity_Tiles/CyberCity_CentralSecurity_Tiles_1/CyberCity_CentralSecurity_Tiles_1/Tires1_2.png,Tires1_2.png,"[0, 0, 64, 82]",64,82,"[0, 0, 64, 82]",28.182,SINGLE_TILE_SPRITE,REVIEW_MANUALLY,Review-only candidate.,keep in review palette
res://assets/tilesets/pvgames_central_security_paintable/PVGamesCentralSecurityReviewOnlyPaint.tres,review_only,review_only,review_only_0039,CS_0004,res://assets/tilesets/cyber_city_core_tilesets/CyberCity_CentralSecurity_Tiles/CyberCity_CentralSecurity_Tiles_1/CyberCity_CentralSecurity_Tiles_1/Barrel1_4.png,Barrel1_4.png,"[0, 0, 67, 82]",67,82,"[0, 0, 67, 82]",26.829,SINGLE_TILE_SPRITE,REVIEW_MANUALLY,Review-only candidate.,keep in review palette
res://assets/tilesets/pvgames_central_security_paintable/PVGamesCentralSecurityReviewOnlyPaint.tres,review_only,review_only,review_only_0040,CS_1504,res://assets/tilesets/cyber_city_core_tilesets/CyberCity_CentralSecurity_Tiles/CyberCity_CentralSecurity_Tiles_1/CyberCity_CentralSecurity_Tiles_1/Tires1_5.png,Tires1_5.png,"[0, 0, 82, 76]",82,76,"[0, 0, 82, 76]",26.524,SINGLE_TILE_SPRITE,REVIEW_MANUALLY,Review-only candidate.,keep in review palette
res://assets/tilesets/pvgames_central_security_paintable/PVGamesCentralSecurityReviewOnlyPaint.tres,review_only,review_only,review_only_0041,CS_0073,res://assets/tilesets/cyber_city_core_tilesets/CyberCity_CentralSecurity_Tiles/CyberCity_CentralSecurity_Tiles_1/CyberCity_CentralSecurity_Tiles_1/BrigBrokenGlass1_1.png,BrigBrokenGlass1_1.png,"[0, 0, 83, 69]",83,69,"[0, 0, 83, 69]",73.669,SINGLE_TILE_SPRITE,REVIEW_MANUALLY,Review-only candidate.,keep in review palette
res://assets/tilesets/pvgames_central_security_paintable/PVGamesCentralSecurityReviewOnlyPaint.tres,review_only,review_only,review_only_0042,CS_0367,res://assets/tilesets/cyber_city_core_tilesets/CyberCity_CentralSecurity_Tiles/CyberCity_CentralSecurity_Tiles_1/CyberCity_CentralSecurity_Tiles_1/Container7_7.png,Container7_7.png,"[0, 0, 83, 76]",83,76,"[0, 0, 83, 76]",43.072,SINGLE_TILE_SPRITE,REVIEW_MANUALLY,Review-only candidate.,keep in review palette
res://assets/tilesets/pvgames_central_security_paintable/PVGamesCentralSecurityReviewOnlyPaint.tres,review_only,review_only,review_only_0043,CS_1506,res://assets/tilesets/cyber_city_core_tilesets/CyberCity_CentralSecurity_Tiles/CyberCity_CentralSecurity_Tiles_1/CyberCity_CentralSecurity_Tiles_1/Tires1_7.png,Tires1_7.png,"[0, 0, 84, 71]",84,71,"[0, 0, 84, 71]",29.225,SINGLE_TILE_SPRITE,REVIEW_MANUALLY,Review-only candidate.,keep in review palette
res://assets/tilesets/pvgames_central_security_paintable/PVGamesCentralSecurityReviewOnlyPaint.tres,review_only,review_only,review_only_0044,CS_0365,res://assets/tilesets/cyber_city_core_tilesets/CyberCity_CentralSecurity_Tiles/CyberCity_CentralSecurity_Tiles_1/CyberCity_CentralSecurity_Tiles_1/Container7_5.png,Container7_5.png,"[0, 0, 84, 76]",84,76,"[0, 0, 84, 76]",43.249,SINGLE_TILE_SPRITE,REVIEW_MANUALLY,Review-only candidate.,keep in review palette
res://assets/tilesets/pvgames_central_security_paintable/PVGamesCentralSecurityReviewOnlyPaint.tres,review_only,review_only,review_only_0045,CS_0366,res://assets/tilesets/cyber_city_core_tilesets/CyberCity_CentralSecurity_Tiles/CyberCity_CentralSecurity_Tiles_1/CyberCity_CentralSecurity_Tiles_1/Container7_6.png,Container7_6.png,"[0, 0, 84, 77]",84,77,"[0, 0, 84, 77]",44.388,SINGLE_TILE_SPRITE,REVIEW_MANUALLY,Review-only candidate.,keep in review palette
res://assets/tilesets/pvgames_central_security_paintable/PVGamesCentralSecurityReviewOnlyPaint.tres,review_only,review_only,review_only_0046,CS_1477,res://assets/tilesets/cyber_city_core_tilesets/CyberCity_CentralSecurity_Tiles/CyberCity_CentralSecurity_Tiles_1/CyberCity_CentralSecurity_Tiles_1/Tech9_2.png,Tech9_2.png,"[0, 0, 85, 53]",85,53,"[0, 0, 85, 53]",20.599,SINGLE_TILE_SPRITE,REVIEW_MANUALLY,Review-only candidate.,keep in review palette
res://assets/tilesets/pvgames_central_security_paintable/PVGamesCentralSecurityReviewOnlyPaint.tres,review_only,review_only,review_only_0047,CS_1392,res://assets/tilesets/cyber_city_core_tilesets/CyberCity_CentralSecurity_Tiles/CyberCity_CentralSecurity_Tiles_1/CyberCity_CentralSecurity_Tiles_1/Tech10_5.png,Tech10_5.png,"[0, 0, 85, 70]",85,70,"[0, 0, 85, 70]",43.933,SINGLE_TILE_SPRITE,REVIEW_MANUALLY,Review-only candidate.,keep in review palette
res://assets/tilesets/pvgames_central_security_paintable/PVGamesCentralSecurityReviewOnlyPaint.tres,review_only,review_only,review_only_0048,CS_1395,res://assets/tilesets/cyber_city_core_tilesets/CyberCity_CentralSecurity_Tiles/CyberCity_CentralSecurity_Tiles_1/CyberCity_CentralSecurity_Tiles_1/Tech10_8.png,Tech10_8.png,"[0, 0, 85, 70]",85,70,"[0, 0, 85, 70]",43.899,SINGLE_TILE_SPRITE,REVIEW_MANUALLY,Review-only candidate.,keep in review palette
res://assets/tilesets/pvgames_central_security_paintable/PVGamesCentralSecurityReviewOnlyPaint.tres,review_only,review_only,review_only_0049,CS_0368,res://assets/tilesets/cyber_city_core_tilesets/CyberCity_CentralSecurity_Tiles/CyberCity_CentralSecurity_Tiles_1/CyberCity_CentralSecurity_Tiles_1/Container7_8.png,Container7_8.png,"[0, 0, 85, 76]",85,76,"[0, 0, 85, 76]",43.746,SINGLE_TILE_SPRITE,REVIEW_MANUALLY,Review-only candidate.,keep in review palette
res://assets/tilesets/pvgames_central_security_paintable/PVGamesCentralSecurityReviewOnlyPaint.tres,review_only,review_only,review_only_0050,CS_0353,res://assets/tilesets/cyber_city_core_tilesets/CyberCity_CentralSecurity_Tiles/CyberCity_CentralSecurity_Tiles_1/CyberCity_CentralSecurity_Tiles_1/Container6_1.png,Container6_1.png,"[0, 0, 86, 54]",86,54,"[0, 0, 86, 54]",13.049,SINGLE_TILE_SPRITE,REVIEW_MANUALLY,Review-only candidate.,keep in review palette
res://assets/tilesets/pvgames_central_security_paintable/PVGamesCentralSecurityReviewOnlyPaint.tres,review_only,review_only,review_only_0051,CS_1471,res://assets/tilesets/cyber_city_core_tilesets/CyberCity_CentralSecurity_Tiles/CyberCity_CentralSecurity_Tiles_1/CyberCity_CentralSecurity_Tiles_1/Tech8_4.png,Tech8_4.png,"[0, 0, 86, 66]",86,66,"[0, 0, 86, 66]",22.692,SINGLE_TILE_SPRITE,REVIEW_MANUALLY,Review-only candidate.,keep in review palette
res://assets/tilesets/pvgames_central_security_paintable/PVGamesCentralSecurityReviewOnlyPaint.tres,review_only,review_only,review_only_0052,CS_1479,res://assets/tilesets/cyber_city_core_tilesets/CyberCity_CentralSecurity_Tiles/CyberCity_CentralSecurity_Tiles_1/CyberCity_CentralSecurity_Tiles_1/Tech9_4.png,Tech9_4.png,"[0, 0, 87, 54]",87,54,"[0, 0, 87, 54]",24.84,SINGLE_TILE_SPRITE,REVIEW_MANUALLY,Review-only candidate.,keep in review palette
res://assets/tilesets/pvgames_central_security_paintable/PVGamesCentralSecurityReviewOnlyPaint.tres,review_only,review_only,review_only_0053,CS_0355,res://assets/tilesets/cyber_city_core_tilesets/CyberCity_CentralSecurity_Tiles/CyberCity_CentralSecurity_Tiles_1/CyberCity_CentralSecurity_Tiles_1/Container6_3.png,Container6_3.png,"[0, 0, 87, 62]",87,62,"[0, 0, 87, 62]",13.348,SINGLE_TILE_SPRITE,REVIEW_MANUALLY,Review-only candidate.,keep in review palette
res://assets/tilesets/pvgames_central_security_paintable/PVGamesCentralSecurityReviewOnlyPaint.tres,review_only,review_only,review_only_0054,CS_1469,res://assets/tilesets/cyber_city_core_tilesets/CyberCity_CentralSecurity_Tiles/CyberCity_CentralSecurity_Tiles_1/CyberCity_CentralSecurity_Tiles_1/Tech8_2.png,Tech8_2.png,"[0, 0, 87, 70]",87,70,"[0, 0, 87, 70]",28.522,SINGLE_TILE_SPRITE,REVIEW_MANUALLY,Review-only candidate.,keep in review palette
res://assets/tilesets/pvgames_central_security_paintable/PVGamesCentralSecurityReviewOnlyPaint.tres,review_only,review_only,review_only_0055,CS_1473,res://assets/tilesets/cyber_city_core_tilesets/CyberCity_CentralSecurity_Tiles/CyberCity_CentralSecurity_Tiles_1/CyberCity_CentralSecurity_Tiles_1/Tech8_6.png,Tech8_6.png,"[0, 0, 87, 75]",87,75,"[0, 0, 87, 75]",34.728,SINGLE_TILE_SPRITE,REVIEW_MANUALLY,Review-only candidate.,keep in review palette
res://assets/tilesets/pvgames_central_security_paintable/PVGamesCentralSecurityReviewOnlyPaint.tres,review_only,review_only,review_only_0056,CS_1475,res://assets/tilesets/cyber_city_core_tilesets/CyberCity_CentralSecurity_Tiles/CyberCity_CentralSecurity_Tiles_1/CyberCity_CentralSecurity_Tiles_1/Tech8_8.png,Tech8_8.png,"[0, 0, 87, 75]",87,75,"[0, 0, 87, 75]",34.222,SINGLE_TILE_SPRITE,REVIEW_MANUALLY,Review-only candidate.,keep in review palette
res://assets/tilesets/pvgames_central_security_paintable/PVGamesCentralSecurityReviewOnlyPaint.tres,review_only,review_only,review_only_0057,CS_0363,res://assets/tilesets/cyber_city_core_tilesets/CyberCity_CentralSecurity_Tiles/CyberCity_CentralSecurity_Tiles_1/CyberCity_CentralSecurity_Tiles_1/Container7_3.png,Container7_3.png,"[0, 0, 88, 49]",88,49,"[0, 0, 88, 49]",11.781,SINGLE_TILE_SPRITE,REVIEW_MANUALLY,Review-only candidate.,keep in review palette
res://assets/tilesets/pvgames_central_security_paintable/PVGamesCentralSecurityReviewOnlyPaint.tres,review_only,review_only,review_only_0058,CS_0371,res://assets/tilesets/cyber_city_core_tilesets/CyberCity_CentralSecurity_Tiles/CyberCity_CentralSecurity_Tiles_1/CyberCity_CentralSecurity_Tiles_1/ContrabandContainer1_3.png,ContrabandContainer1_3.png,"[0, 0, 67, 88]",67,88,"[0, 0, 67, 88]",27.256,SINGLE_TILE_SPRITE,REVIEW_MANUALLY,Review-only candidate.,keep in review palette
res://assets/tilesets/pvgames_central_security_paintable/PVGamesCentralSecurityReviewOnlyPaint.tres,review_only,review_only,review_only_0059,CS_0370,res://assets/tilesets/cyber_city_core_tilesets/CyberCity_CentralSecurity_Tiles/CyberCity_CentralSecurity_Tiles_1/CyberCity_CentralSecurity_Tiles_1/ContrabandContainer1_2.png,ContrabandContainer1_2.png,"[0, 0, 69, 88]",69,88,"[0, 0, 69, 88]",28.096,SINGLE_TILE_SPRITE,REVIEW_MANUALLY,Review-only candidate.,keep in review palette
res://assets/tilesets/pvgames_central_security_paintable/PVGamesCentralSecurityReviewOnlyPaint.tres,review_only,review_only,review_only_0060,CS_0372,res://assets/tilesets/cyber_city_core_tilesets/CyberCity_CentralSecurity_Tiles/CyberCity_CentralSecurity_Tiles_1/CyberCity_CentralSecurity_Tiles_1/ContrabandContainer1_4.png,ContrabandContainer1_4.png,"[0, 0, 70, 88]",70,88,"[0, 0, 70, 88]",29.01,SINGLE_TILE_SPRITE,REVIEW_MANUALLY,Review-only candidate.,keep in review palette
res://assets/tilesets/pvgames_central_security_paintable/PVGamesCentralSecurityReviewOnlyPaint.tres,review_only,review_only,review_only_0061,CS_1507,res://assets/tilesets/cyber_city_core_tilesets/CyberCity_CentralSecurity_Tiles/CyberCity_CentralSecurity_Tiles_1/CyberCity_CentralSecurity_Tiles_1/Tires1_8.png,Tires1_8.png,"[0, 0, 86, 88]",86,88,"[0, 0, 86, 88]",36.496,SINGLE_TILE_SPRITE,REVIEW_MANUALLY,Review-only candidate.,keep in review palette
res://assets/tilesets/pvgames_central_security_paintable/PVGamesCentralSecurityReviewOnlyPaint.tres,review_only,review_only,review_only_0062,CS_1505,res://assets/tilesets/cyber_city_core_tilesets/CyberCity_CentralSecurity_Tiles/CyberCity_CentralSecurity_Tiles_1/CyberCity_CentralSecurity_Tiles_1/Tires1_6.png,Tires1_6.png,"[0, 0, 87, 88]",87,88,"[0, 0, 87, 88]",35.345,SINGLE_TILE_SPRITE,REVIEW_MANUALLY,Review-only candidate.,keep in review palette
res://assets/tilesets/pvgames_central_security_paintable/PVGamesCentralSecurityReviewOnlyPaint.tres,review_only,review_only,review_only_0063,CS_0369,res://assets/tilesets/cyber_city_core_tilesets/CyberCity_CentralSecurity_Tiles/CyberCity_CentralSecurity_Tiles_1/CyberCity_CentralSecurity_Tiles_1/ContrabandContainer1_1.png,ContrabandContainer1_1.png,"[0, 0, 67, 89]",67,89,"[0, 0, 67, 89]",26.966,SINGLE_TILE_SPRITE,REVIEW_MANUALLY,Review-only candidate.,keep in review palette
res://assets/tilesets/pvgames_central_security_paintable/PVGamesCentralSecurityReviewOnlyPaint.tres,review_only,review_only,review_only_0064,CS_0373,res://assets/tilesets/cyber_city_core_tilesets/CyberCity_CentralSecurity_Tiles/CyberCity_CentralSecurity_Tiles_1/CyberCity_CentralSecurity_Tiles_1/ContrabandContainer1_5.png,ContrabandContainer1_5.png,"[0, 0, 67, 89]",67,89,"[0, 0, 67, 89]",26.933,SINGLE_TILE_SPRITE,REVIEW_MANUALLY,Review-only candidate.,keep in review palette
res://assets/tilesets/pvgames_central_security_paintable/PVGamesCentralSecurityReviewOnlyPaint.tres,review_only,review_only,review_only_0065,CS_0374,res://assets/tilesets/cyber_city_core_tilesets/CyberCity_CentralSecurity_Tiles/CyberCity_CentralSecurity_Tiles_1/CyberCity_CentralSecurity_Tiles_1/ContrabandContainer1_6.png,ContrabandContainer1_6.png,"[0, 0, 67, 89]",67,89,"[0, 0, 67, 89]",26.631,SINGLE_TILE_SPRITE,REVIEW_MANUALLY,Review-only candidate.,keep in review palette
res://assets/tilesets/pvgames_central_security_paintable/PVGamesCentralSecurityReviewOnlyPaint.tres,review_only,review_only,review_only_0066,CS_0358,res://assets/tilesets/cyber_city_core_tilesets/CyberCity_CentralSecurity_Tiles/CyberCity_CentralSecurity_Tiles_1/CyberCity_CentralSecurity_Tiles_1/Container6_6.png,Container6_6.png,"[0, 0, 91, 78]",91,78,"[0, 0, 91, 78]",44.055,SINGLE_TILE_SPRITE,REVIEW_MANUALLY,Review-only candidate.,keep in review palette
res://assets/tilesets/pvgames_central_security_paintable/PVGamesCentralSecurityReviewOnlyPaint.tres,review_only,review_only,review_only_0067,CS_1500,res://assets/tilesets/cyber_city_core_tilesets/CyberCity_CentralSecurity_Tiles/CyberCity_CentralSecurity_Tiles_1/CyberCity_CentralSecurity_Tiles_1/Tires1_1.png,Tires1_1.png,"[0, 0, 93, 80]",93,80,"[0, 0, 93, 80]",33.199,SINGLE_TILE_SPRITE,REVIEW_MANUALLY,Review-only candidate.,keep in review palette
res://assets/tilesets/pvgames_central_security_paintable/PVGamesCentralSecurityReviewOnlyPaint.tres,review_only,review_only,review_only_0068,CS_0079,res://assets/tilesets/cyber_city_core_tilesets/CyberCity_CentralSecurity_Tiles/CyberCity_CentralSecurity_Tiles_1/CyberCity_CentralSecurity_Tiles_1/BrigBrokenGlass1_7.png,BrigBrokenGlass1_7.png,"[0, 0, 94, 69]",94,69,"[0, 0, 94, 69]",76.688,SINGLE_TILE_SPRITE,REVIEW_MANUALLY,Review-only candidate.,keep in review palette
res://assets/tilesets/pvgames_central_security_paintable/PVGamesCentralSecurityReviewOnlyPaint.tres,review_only,review_only,review_only_0069,CS_0078,res://assets/tilesets/cyber_city_core_tilesets/CyberCity_CentralSecurity_Tiles/CyberCity_CentralSecurity_Tiles_1/CyberCity_CentralSecurity_Tiles_1/BrigBrokenGlass1_6.png,BrigBrokenGlass1_6.png,"[0, 0, 94, 70]",94,70,"[0, 0, 94, 70]",77.128,SINGLE_TILE_SPRITE,REVIEW_MANUALLY,Review-only candidate.,keep in review palette
res://assets/tilesets/pvgames_central_security_paintable/PVGamesCentralSecurityReviewOnlyPaint.tres,review_only,review_only,review_only_0070,CS_0946,res://assets/tilesets/cyber_city_core_tilesets/CyberCity_CentralSecurity_Tiles/CyberCity_CentralSecurity_Tiles_1/CyberCity_CentralSecurity_Tiles_1/Ladder1_3.png,Ladder1_3.png,"[0, 0, 62, 95]",62,95,"[0, 0, 62, 95]",45.433,SINGLE_TILE_SPRITE,REVIEW_MANUALLY,Review-only candidate.,keep in review palette
res://assets/tilesets/pvgames_central_security_paintable/PVGamesCentralSecurityReviewOnlyPaint.tres,review_only,review_only,review_only_0071,CS_0357,res://assets/tilesets/cyber_city_core_tilesets/CyberCity_CentralSecurity_Tiles/CyberCity_CentralSecurity_Tiles_1/CyberCity_CentralSecurity_Tiles_1/Container6_5.png,Container6_5.png,"[0, 0, 95, 78]",95,78,"[0, 0, 95, 78]",45.924,SINGLE_TILE_SPRITE,REVIEW_MANUALLY,Review-only candidate.,keep in review palette
res://assets/tilesets/pvgames_central_security_paintable/PVGamesCentralSecurityReviewOnlyPaint.tres,review_only,review_only,review_only_0072,CS_0945,res://assets/tilesets/cyber_city_core_tilesets/CyberCity_CentralSecurity_Tiles/CyberCity_CentralSecurity_Tiles_1/CyberCity_CentralSecurity_Tiles_1/Ladder1_2.png,Ladder1_2.png,"[0, 0, 81, 95]",81,95,"[0, 0, 81, 95]",57.505,SINGLE_TILE_SPRITE,REVIEW_MANUALLY,Review-only candidate.,keep in review palette
res://assets/tilesets/pvgames_central_security_paintable/PVGamesCentralSecurityReviewOnlyPaint.tres,review_only,review_only,review_only_0073,CS_0076,res://assets/tilesets/cyber_city_core_tilesets/CyberCity_CentralSecurity_Tiles/CyberCity_CentralSecurity_Tiles_1/CyberCity_CentralSecurity_Tiles_1/BrigBrokenGlass1_4.png,BrigBrokenGlass1_4.png,"[0, 0, 96, 59]",96,59,"[0, 0, 96, 59]",73.799,SINGLE_TILE_SPRITE,REVIEW_MANUALLY,Review-only candidate.,keep in review palette
res://assets/tilesets/pvgames_central_security_paintable/PVGamesCentralSecurityReviewOnlyPaint.tres,review_only,review_only,review_only_0074,CS_0074,res://assets/tilesets/cyber_city_core_tilesets/CyberCity_CentralSecurity_Tiles/CyberCity_CentralSecurity_Tiles_1/CyberCity_CentralSecurity_Tiles_1/BrigBrokenGlass1_2.png,BrigBrokenGlass1_2.png,"[0, 0, 96, 60]",96,60,"[0, 0, 96, 60]",74.531,SINGLE_TILE_SPRITE,REVIEW_MANUALLY,Review-only candidate.,keep in review palette
res://assets/tilesets/pvgames_central_security_paintable/PVGamesCentralSecurityReviewOnlyPaint.tres,review_only,review_only,review_only_0075,CS_0947,res://assets/tilesets/cyber_city_core_tilesets/CyberCity_CentralSecurity_Tiles/CyberCity_CentralSecurity_Tiles_1/CyberCity_CentralSecurity_Tiles_1/Ladder1_4.png,Ladder1_4.png,"[0, 0, 84, 96]",84,96,"[0, 0, 84, 96]",53.981,SINGLE_TILE_SPRITE,REVIEW_MANUALLY,Review-only candidate.,keep in review palette
res://assets/tilesets/pvgames_central_security_paintable/PVGamesCentralSecurityReviewOnlyPaint.tres,review_only,review_only,review_only_0076,CS_1108,res://assets/tilesets/cyber_city_core_tilesets/CyberCity_CentralSecurity_Tiles/CyberCity_CentralSecurity_Tiles_1/CyberCity_CentralSecurity_Tiles_1/Sandbags2_7.png,Sandbags2_7.png,"[0, 0, 100, 88]",100,88,"[0, 0, 100, 88]",55.489,SINGLE_TILE_SPRITE,REVIEW_MANUALLY,Review-only candidate.,keep in review palette
res://assets/tilesets/pvgames_central_security_paintable/PVGamesCentralSecurityReviewOnlyPaint.tres,review_only,review_only,review_only_0077,CS_0346,res://assets/tilesets/cyber_city_core_tilesets/CyberCity_CentralSecurity_Tiles/CyberCity_CentralSecurity_Tiles_1/CyberCity_CentralSecurity_Tiles_1/Container5_2.png,Container5_2.png,"[0, 0, 85, 101]",85,101,"[0, 0, 85, 101]",15.539,SINGLE_TILE_SPRITE,REVIEW_MANUALLY,Review-only candidate.,keep in review palette
res://assets/tilesets/pvgames_central_security_paintable/PVGamesCentralSecurityReviewOnlyPaint.tres,review_only,review_only,review_only_0078,CS_0950,res://assets/tilesets/cyber_city_core_tilesets/CyberCity_CentralSecurity_Tiles/CyberCity_CentralSecurity_Tiles_1/CyberCity_CentralSecurity_Tiles_1/Ladder1_7.png,Ladder1_7.png,"[0, 0, 81, 102]",81,102,"[0, 0, 81, 102]",65.408,SINGLE_TILE_SPRITE,REVIEW_MANUALLY,Review-only candidate.,keep in review palette
res://assets/tilesets/pvgames_central_security_paintable/PVGamesCentralSecurityReviewOnlyPaint.tres,review_only,review_only,review_only_0079,CS_0951,res://assets/tilesets/cyber_city_core_tilesets/CyberCity_CentralSecurity_Tiles/CyberCity_CentralSecurity_Tiles_1/CyberCity_CentralSecurity_Tiles_1/Ladder1_8.png,Ladder1_8.png,"[0, 0, 84, 102]",84,102,"[0, 0, 84, 102]",63.469,SINGLE_TILE_SPRITE,REVIEW_MANUALLY,Review-only candidate.,keep in review palette
res://assets/tilesets/pvgames_central_security_paintable/PVGamesCentralSecurityReviewOnlyPaint.tres,review_only,review_only,review_only_0080,CS_1109,res://assets/tilesets/cyber_city_core_tilesets/CyberCity_CentralSecurity_Tiles/CyberCity_CentralSecurity_Tiles_1/CyberCity_CentralSecurity_Tiles_1/Sandbags2_8.png,Sandbags2_8.png,"[0, 0, 103, 75]",103,75,"[0, 0, 103, 75]",52.104,SINGLE_TILE_SPRITE,REVIEW_MANUALLY,Review-only candidate.,keep in review palette
res://assets/tilesets/pvgames_central_security_paintable/PVGamesCentralSecurityReviewOnlyPaint.tres,review_only,review_only,review_only_0081,CS_1107,res://assets/tilesets/cyber_city_core_tilesets/CyberCity_CentralSecurity_Tiles/CyberCity_CentralSecurity_Tiles_1/CyberCity_CentralSecurity_Tiles_1/Sandbags2_6.png,Sandbags2_6.png,"[0, 0, 103, 78]",103,78,"[0, 0, 103, 78]",53.361,SINGLE_TILE_SPRITE,REVIEW_MANUALLY,Review-only candidate.,keep in review palette
res://assets/tilesets/pvgames_central_security_paintable/PVGamesCentralSecurityReviewOnlyPaint.tres,review_only,review_only,review_only_0082,CS_0385,res://assets/tilesets/cyber_city_core_tilesets/CyberCity_CentralSecurity_Tiles/CyberCity_CentralSecurity_Tiles_1/CyberCity_CentralSecurity_Tiles_1/CoveredBody1_1.png,CoveredBody1_1.png,"[0, 0, 76, 104]",76,104,"[0, 0, 76, 104]",12.108,SINGLE_TILE_SPRITE,REVIEW_MANUALLY,Review-only candidate.,keep in review palette
res://assets/tilesets/pvgames_central_security_paintable/PVGamesCentralSecurityReviewOnlyPaint.tres,review_only,review_only,review_only_0083,CS_0387,res://assets/tilesets/cyber_city_core_tilesets/CyberCity_CentralSecurity_Tiles/CyberCity_CentralSecurity_Tiles_1/CyberCity_CentralSecurity_Tiles_1/CoveredBody1_3.png,CoveredBody1_3.png,"[0, 0, 73, 105]",73,105,"[0, 0, 73, 105]",9.706,SINGLE_TILE_SPRITE,REVIEW_MANUALLY,Review-only candidate.,keep in review palette
res://assets/tilesets/pvgames_central_security_paintable/PVGamesCentralSecurityReviewOnlyPaint.tres,review_only,review_only,review_only_0084,CS_1106,res://assets/tilesets/cyber_city_core_tilesets/CyberCity_CentralSecurity_Tiles/CyberCity_CentralSecurity_Tiles_1/CyberCity_CentralSecurity_Tiles_1/Sandbags2_5.png,Sandbags2_5.png,"[0, 0, 106, 88]",106,88,"[0, 0, 106, 88]",57.997,SINGLE_TILE_SPRITE,REVIEW_MANUALLY,Review-only candidate.,keep in review palette
res://assets/tilesets/pvgames_central_security_paintable/PVGamesCentralSecurityReviewOnlyPaint.tres,review_only,review_only,review_only_0085,CS_0348,res://assets/tilesets/cyber_city_core_tilesets/CyberCity_CentralSecurity_Tiles/CyberCity_CentralSecurity_Tiles_1/CyberCity_CentralSecurity_Tiles_1/Container5_4.png,Container5_4.png,"[0, 0, 80, 107]",80,107,"[0, 0, 80, 107]",16.168,SINGLE_TILE_SPRITE,REVIEW_MANUALLY,Review-only candidate.,keep in review palette
res://assets/tilesets/pvgames_central_security_paintable/PVGamesCentralSecurityReviewOnlyPaint.tres,review_only,review_only,review_only_0086,CS_0345,res://assets/tilesets/cyber_city_core_tilesets/CyberCity_CentralSecurity_Tiles/CyberCity_CentralSecurity_Tiles_1/CyberCity_CentralSecurity_Tiles_1/Container5_1.png,Container5_1.png,"[0, 0, 109, 88]",109,88,"[0, 0, 109, 88]",17.765,SINGLE_TILE_SPRITE,REVIEW_MANUALLY,Review-only candidate.,keep in review palette
res://assets/tilesets/pvgames_central_security_paintable/PVGamesCentralSecurityReviewOnlyPaint.tres,review_only,review_only,review_only_0087,CS_1422,res://assets/tilesets/cyber_city_core_tilesets/CyberCity_CentralSecurity_Tiles/CyberCity_CentralSecurity_Tiles_1/CyberCity_CentralSecurity_Tiles_1/Tech2_3.png,Tech2_3.png,"[0, 0, 87, 110]",87,110,"[0, 0, 87, 110]",59.707,SINGLE_TILE_SPRITE,REVIEW_MANUALLY,Review-only candidate.,keep in review palette
res://assets/tilesets/pvgames_central_security_paintable/PVGamesCentralSecurityReviewOnlyPaint.tres,review_only,review_only,review_only_0088,CS_0944,res://assets/tilesets/cyber_city_core_tilesets/CyberCity_CentralSecurity_Tiles/CyberCity_CentralSecurity_Tiles_1/CyberCity_CentralSecurity_Tiles_1/Ladder1_1.png,Ladder1_1.png,"[0, 0, 64, 111]",64,111,"[0, 0, 64, 111]",41.385,SINGLE_TILE_SPRITE,REVIEW_MANUALLY,Review-only candidate.,keep in review palette
res://assets/tilesets/pvgames_central_security_paintable/PVGamesCentralSecurityReviewOnlyPaint.tres,review_only,review_only,review_only_0089,CS_0347,res://assets/tilesets/cyber_city_core_tilesets/CyberCity_CentralSecurity_Tiles/CyberCity_CentralSecurity_Tiles_1/CyberCity_CentralSecurity_Tiles_1/Container5_3.png,Container5_3.png,"[0, 0, 111, 87]",111,87,"[0, 0, 111, 87]",18.101,SINGLE_TILE_SPRITE,REVIEW_MANUALLY,Review-only candidate.,keep in review palette
res://assets/tilesets/pvgames_central_security_paintable/PVGamesCentralSecurityReviewOnlyPaint.tres,review_only,review_only,review_only_0090,CS_0349,res://assets/tilesets/cyber_city_core_tilesets/CyberCity_CentralSecurity_Tiles/CyberCity_CentralSecurity_Tiles_1/CyberCity_CentralSecurity_Tiles_1/Container5_5.png,Container5_5.png,"[0, 0, 112, 111]",112,111,"[0, 0, 112, 111]",36.905,SINGLE_TILE_SPRITE,REVIEW_MANUALLY,Review-only candidate.,keep in review palette
res://assets/tilesets/pvgames_central_security_paintable/PVGamesCentralSecurityReviewOnlyPaint.tres,review_only,review_only,review_only_0091,CS_0350,res://assets/tilesets/cyber_city_core_tilesets/CyberCity_CentralSecurity_Tiles/CyberCity_CentralSecurity_Tiles_1/CyberCity_CentralSecurity_Tiles_1/Container5_6.png,Container5_6.png,"[0, 0, 113, 108]",113,108,"[0, 0, 113, 108]",36.242,SINGLE_TILE_SPRITE,REVIEW_MANUALLY,Review-only candidate.,keep in review palette
res://assets/tilesets/pvgames_central_security_paintable/PVGamesCentralSecurityReviewOnlyPaint.tres,review_only,review_only,review_only_0092,CS_1423,res://assets/tilesets/cyber_city_core_tilesets/CyberCity_CentralSecurity_Tiles/CyberCity_CentralSecurity_Tiles_1/CyberCity_CentralSecurity_Tiles_1/Tech2_4.png,Tech2_4.png,"[0, 0, 70, 114]",70,114,"[0, 0, 70, 114]",51.642,SINGLE_TILE_SPRITE,REVIEW_MANUALLY,Review-only candidate.,keep in review palette
res://assets/tilesets/pvgames_central_security_paintable/PVGamesCentralSecurityReviewOnlyPaint.tres,review_only,review_only,review_only_0093,CS_1135,res://assets/tilesets/cyber_city_core_tilesets/CyberCity_CentralSecurity_Tiles/CyberCity_CentralSecurity_Tiles_1/CyberCity_CentralSecurity_Tiles_1/SecurityCart1_2.png,SecurityCart1_2.png,"[0, 0, 84, 114]",84,114,"[0, 0, 84, 114]",18.922,SINGLE_TILE_SPRITE,REVIEW_MANUALLY,Review-only candidate.,keep in review palette
res://assets/tilesets/pvgames_central_security_paintable/PVGamesCentralSecurityReviewOnlyPaint.tres,review_only,review_only,review_only_0094,CS_1139,res://assets/tilesets/cyber_city_core_tilesets/CyberCity_CentralSecurity_Tiles/CyberCity_CentralSecurity_Tiles_1/CyberCity_CentralSecurity_Tiles_1/SecurityCart2_2.png,SecurityCart2_2.png,"[0, 0, 84, 114]",84,114,"[0, 0, 84, 114]",18.922,SINGLE_TILE_SPRITE,REVIEW_MANUALLY,Review-only candidate.,keep in review palette
res://assets/tilesets/pvgames_central_security_paintable/PVGamesCentralSecurityReviewOnlyPaint.tres,review_only,review_only,review_only_0095,CS_1141,res://assets/tilesets/cyber_city_core_tilesets/CyberCity_CentralSecurity_Tiles/CyberCity_CentralSecurity_Tiles_1/CyberCity_CentralSecurity_Tiles_1/SecurityCart2_4.png,SecurityCart2_4.png,"[0, 0, 84, 114]",84,114,"[0, 0, 84, 114]",18.922,SINGLE_TILE_SPRITE,REVIEW_MANUALLY,Review-only candidate.,keep in review palette
res://assets/tilesets/pvgames_central_security_paintable/PVGamesCentralSecurityReviewOnlyPaint.tres,review_only,review_only,review_only_0096,CS_1421,res://assets/tilesets/cyber_city_core_tilesets/CyberCity_CentralSecurity_Tiles/CyberCity_CentralSecurity_Tiles_1/CyberCity_CentralSecurity_Tiles_1/Tech2_2.png,Tech2_2.png,"[0, 0, 70, 115]",70,115,"[0, 0, 70, 115]",55.801,SINGLE_TILE_SPRITE,REVIEW_MANUALLY,Review-only candidate.,keep in review palette
res://assets/tilesets/pvgames_central_security_paintable/PVGamesCentralSecurityReviewOnlyPaint.tres,review_only,review_only,review_only_0097,CS_1427,res://assets/tilesets/cyber_city_core_tilesets/CyberCity_CentralSecurity_Tiles/CyberCity_CentralSecurity_Tiles_1/CyberCity_CentralSecurity_Tiles_1/Tech2_8.png,Tech2_8.png,"[0, 0, 73, 115]",73,115,"[0, 0, 73, 115]",54.282,SINGLE_TILE_SPRITE,REVIEW_MANUALLY,Review-only candidate.,keep in review palette
res://assets/tilesets/pvgames_central_security_paintable/PVGamesCentralSecurityReviewOnlyPaint.tres,review_only,review_only,review_only_0098,CS_1426,res://assets/tilesets/cyber_city_core_tilesets/CyberCity_CentralSecurity_Tiles/CyberCity_CentralSecurity_Tiles_1/CyberCity_CentralSecurity_Tiles_1/Tech2_7.png,Tech2_7.png,"[0, 0, 68, 116]",68,116,"[0, 0, 68, 116]",53.119,SINGLE_TILE_SPRITE,REVIEW_MANUALLY,Review-only candidate.,keep in review palette
res://assets/tilesets/pvgames_central_security_paintable/PVGamesCentralSecurityReviewOnlyPaint.tres,review_only,review_only,review_only_0099,CS_1420,res://assets/tilesets/cyber_city_core_tilesets/CyberCity_CentralSecurity_Tiles/CyberCity_CentralSecurity_Tiles_1/CyberCity_CentralSecurity_Tiles_1/Tech2_1.png,Tech2_1.png,"[0, 0, 86, 116]",86,116,"[0, 0, 86, 116]",58.982,SINGLE_TILE_SPRITE,REVIEW_MANUALLY,Review-only candidate.,keep in review palette
res://assets/tilesets/pvgames_central_security_paintable/PVGamesCentralSecurityReviewOnlyPaint.tres,review_only,review_only,review_only_0100,CS_1439,res://assets/tilesets/cyber_city_core_tilesets/CyberCity_CentralSecurity_Tiles/CyberCity_CentralSecurity_Tiles_1/CyberCity_CentralSecurity_Tiles_1/Tech4_4.png,Tech4_4.png,"[0, 0, 116, 116]",116,116,"[0, 0, 116, 116]",37.485,SINGLE_TILE_SPRITE,REVIEW_MANUALLY,Review-only candidate.,keep in review palette
res://assets/tilesets/pvgames_central_security_paintable/PVGamesCentralSecurityReviewOnlyPaint.tres,review_only,review_only,review_only_0101,CS_1134,res://assets/tilesets/cyber_city_core_tilesets/CyberCity_CentralSecurity_Tiles/CyberCity_CentralSecurity_Tiles_1/CyberCity_CentralSecurity_Tiles_1/SecurityCart1_1.png,SecurityCart1_1.png,"[0, 0, 118, 94]",118,94,"[0, 0, 118, 94]",17.986,SINGLE_TILE_SPRITE,REVIEW_MANUALLY,Review-only candidate.,keep in review palette
res://assets/tilesets/pvgames_central_security_paintable/PVGamesCentralSecurityReviewOnlyPaint.tres,review_only,review_only,review_only_0102,CS_1138,res://assets/tilesets/cyber_city_core_tilesets/CyberCity_CentralSecurity_Tiles/CyberCity_CentralSecurity_Tiles_1/CyberCity_CentralSecurity_Tiles_1/SecurityCart2_1.png,SecurityCart2_1.png,"[0, 0, 118, 94]",118,94,"[0, 0, 118, 94]",17.986,SINGLE_TILE_SPRITE,REVIEW_MANUALLY,Review-only candidate.,keep in review palette
res://assets/tilesets/pvgames_central_security_paintable/PVGamesCentralSecurityReviewOnlyPaint.tres,review_only,review_only,review_only_0103,CS_1140,res://assets/tilesets/cyber_city_core_tilesets/CyberCity_CentralSecurity_Tiles/CyberCity_CentralSecurity_Tiles_1/CyberCity_CentralSecurity_Tiles_1/SecurityCart2_3.png,SecurityCart2_3.png,"[0, 0, 118, 94]",118,94,"[0, 0, 118, 94]",17.986,SINGLE_TILE_SPRITE,REVIEW_MANUALLY,Review-only candidate.,keep in review palette
res://assets/tilesets/pvgames_central_security_paintable/PVGamesCentralSecurityReviewOnlyPaint.tres,review_only,review_only,review_only_0104,CS_1432,res://assets/tilesets/cyber_city_core_tilesets/CyberCity_CentralSecurity_Tiles/CyberCity_CentralSecurity_Tiles_1/CyberCity_CentralSecurity_Tiles_1/Tech3_5.png,Tech3_5.png,"[0, 0, 111, 119]",111,119,"[0, 0, 111, 119]",43.38,SINGLE_TILE_SPRITE,REVIEW_MANUALLY,Review-only candidate.,keep in review palette
res://assets/tilesets/pvgames_central_security_paintable/PVGamesCentralSecurityReviewOnlyPaint.tres,review_only,review_only,review_only_0105,CS_1447,res://assets/tilesets/cyber_city_core_tilesets/CyberCity_CentralSecurity_Tiles/CyberCity_CentralSecurity_Tiles_1/CyberCity_CentralSecurity_Tiles_1/Tech5_4.png,Tech5_4.png,"[0, 0, 119, 116]",119,116,"[0, 0, 119, 116]",39.177,SINGLE_TILE_SPRITE,REVIEW_MANUALLY,Review-only candidate.,keep in review palette
res://assets/tilesets/pvgames_central_security_paintable/PVGamesCentralSecurityReviewOnlyPaint.tres,review_only,review_only,review_only_0106,CS_1431,res://assets/tilesets/cyber_city_core_tilesets/CyberCity_CentralSecurity_Tiles/CyberCity_CentralSecurity_Tiles_1/CyberCity_CentralSecurity_Tiles_1/Tech3_4.png,Tech3_4.png,"[0, 0, 117, 119]",117,119,"[0, 0, 117, 119]",53.652,SINGLE_TILE_SPRITE,REVIEW_MANUALLY,Review-only candidate.,keep in review palette
res://assets/tilesets/pvgames_central_security_paintable/PVGamesCentralSecurityReviewOnlyPaint.tres,review_only,review_only,review_only_0107,CS_1428,res://assets/tilesets/cyber_city_core_tilesets/CyberCity_CentralSecurity_Tiles/CyberCity_CentralSecurity_Tiles_1/CyberCity_CentralSecurity_Tiles_1/Tech3_1.png,Tech3_1.png,"[0, 0, 102, 120]",102,120,"[0, 0, 102, 120]",34.616,SINGLE_TILE_SPRITE,REVIEW_MANUALLY,Review-only candidate.,keep in review palette
res://assets/tilesets/pvgames_central_security_paintable/PVGamesCentralSecurityReviewOnlyPaint.tres,review_only,review_only,review_only_0108,CS_1412,res://assets/tilesets/cyber_city_core_tilesets/CyberCity_CentralSecurity_Tiles/CyberCity_CentralSecurity_Tiles_1/CyberCity_CentralSecurity_Tiles_1/Tech1_1.png,Tech1_1.png,"[0, 0, 118, 120]",118,120,"[0, 0, 118, 120]",16.215,SINGLE_TILE_SPRITE,REVIEW_MANUALLY,Review-only candidate.,keep in review palette
res://assets/tilesets/pvgames_central_security_paintable/PVGamesCentralSecurityReviewOnlyPaint.tres,review_only,review_only,review_only_0109,CS_1104,res://assets/tilesets/cyber_city_core_tilesets/CyberCity_CentralSecurity_Tiles/CyberCity_CentralSecurity_Tiles_1/CyberCity_CentralSecurity_Tiles_1/Sandbags2_3.png,Sandbags2_3.png,"[0, 0, 121, 48]",121,48,"[0, 0, 121, 48]",30.079,SINGLE_TILE_SPRITE,REVIEW_MANUALLY,Review-only candidate.,keep in review palette
res://assets/tilesets/pvgames_central_security_paintable/PVGamesCentralSecurityReviewOnlyPaint.tres,review_only,review_only,review_only_0110,CS_1059,res://assets/tilesets/cyber_city_core_tilesets/CyberCity_CentralSecurity_Tiles/CyberCity_CentralSecurity_Tiles_1/CyberCity_CentralSecurity_Tiles_1/Pallet3_2.png,Pallet3_2.png,"[0, 0, 121, 101]",121,101,"[0, 0, 121, 101]",10.597,SINGLE_TILE_SPRITE,REVIEW_MANUALLY,Review-only candidate.,keep in review palette
res://assets/tilesets/pvgames_central_security_paintable/PVGamesCentralSecurityReviewOnlyPaint.tres,review_only,review_only,review_only_0111,CS_1433,res://assets/tilesets/cyber_city_core_tilesets/CyberCity_CentralSecurity_Tiles/CyberCity_CentralSecurity_Tiles_1/CyberCity_CentralSecurity_Tiles_1/Tech3_6.png,Tech3_6.png,"[0, 0, 104, 121]",104,121,"[0, 0, 104, 121]",41.402,SINGLE_TILE_SPRITE,REVIEW_MANUALLY,Review-only candidate.,keep in review palette
res://assets/tilesets/pvgames_central_security_paintable/PVGamesCentralSecurityReviewOnlyPaint.tres,review_only,review_only,review_only_0112,CS_1137,res://assets/tilesets/cyber_city_core_tilesets/CyberCity_CentralSecurity_Tiles/CyberCity_CentralSecurity_Tiles_1/CyberCity_CentralSecurity_Tiles_1/SecurityCart1_4.png,SecurityCart1_4.png,"[0, 0, 121, 117]",121,117,"[0, 0, 121, 117]",38.822,SINGLE_TILE_SPRITE,REVIEW_MANUALLY,Review-only candidate.,keep in review palette
res://assets/tilesets/pvgames_central_security_paintable/PVGamesCentralSecurityReviewOnlyPaint.tres,review_only,review_only,review_only_0113,CS_1143,res://assets/tilesets/cyber_city_core_tilesets/CyberCity_CentralSecurity_Tiles/CyberCity_CentralSecurity_Tiles_1/CyberCity_CentralSecurity_Tiles_1/SecurityCart2_6.png,SecurityCart2_6.png,"[0, 0, 121, 117]",121,117,"[0, 0, 121, 117]",38.822,SINGLE_TILE_SPRITE,REVIEW_MANUALLY,Review-only candidate.,keep in review palette
res://assets/tilesets/pvgames_central_security_paintable/PVGamesCentralSecurityReviewOnlyPaint.tres,review_only,review_only,review_only_0114,CS_1144,res://assets/tilesets/cyber_city_core_tilesets/CyberCity_CentralSecurity_Tiles/CyberCity_CentralSecurity_Tiles_1/CyberCity_CentralSecurity_Tiles_1/SecurityCart2_7.png,SecurityCart2_7.png,"[0, 0, 121, 117]",121,117,"[0, 0, 121, 117]",38.822,SINGLE_TILE_SPRITE,REVIEW_MANUALLY,Review-only candidate.,keep in review palette
res://assets/tilesets/pvgames_central_security_paintable/PVGamesCentralSecurityReviewOnlyPaint.tres,review_only,review_only,review_only_0115,CS_1136,res://assets/tilesets/cyber_city_core_tilesets/CyberCity_CentralSecurity_Tiles/CyberCity_CentralSecurity_Tiles_1/CyberCity_CentralSecurity_Tiles_1/SecurityCart1_3.png,SecurityCart1_3.png,"[0, 0, 121, 119]",121,119,"[0, 0, 121, 119]",39.426,SINGLE_TILE_SPRITE,REVIEW_MANUALLY,Review-only candidate.,keep in review palette
res://assets/tilesets/pvgames_central_security_paintable/PVGamesCentralSecurityReviewOnlyPaint.tres,review_only,review_only,review_only_0116,CS_0394,res://assets/tilesets/cyber_city_core_tilesets/CyberCity_CentralSecurity_Tiles/CyberCity_CentralSecurity_Tiles_1/CyberCity_CentralSecurity_Tiles_1/CoveredCargo1_2.png,CoveredCargo1_2.png,"[0, 0, 123, 99]",123,99,"[0, 0, 123, 99]",30.738,SINGLE_TILE_SPRITE,REVIEW_MANUALLY,Review-only candidate.,keep in review palette
res://assets/tilesets/pvgames_central_security_paintable/PVGamesCentralSecurityReviewOnlyPaint.tres,review_only,review_only,review_only_0117,CS_1441,res://assets/tilesets/cyber_city_core_tilesets/CyberCity_CentralSecurity_Tiles/CyberCity_CentralSecurity_Tiles_1/CyberCity_CentralSecurity_Tiles_1/Tech4_6.png,Tech4_6.png,"[0, 0, 105, 123]",105,123,"[0, 0, 105, 123]",29.191,SINGLE_TILE_SPRITE,REVIEW_MANUALLY,Review-only candidate.,keep in review palette
res://assets/tilesets/pvgames_central_security_paintable/PVGamesCentralSecurityReviewOnlyPaint.tres,review_only,review_only,review_only_0118,CS_1437,res://assets/tilesets/cyber_city_core_tilesets/CyberCity_CentralSecurity_Tiles/CyberCity_CentralSecurity_Tiles_1/CyberCity_CentralSecurity_Tiles_1/Tech4_2.png,Tech4_2.png,"[0, 0, 123, 116]",123,116,"[0, 0, 123, 116]",49.103,SINGLE_TILE_SPRITE,REVIEW_MANUALLY,Review-only candidate.,keep in review palette
res://assets/tilesets/pvgames_central_security_paintable/PVGamesCentralSecurityReviewOnlyPaint.tres,review_only,review_only,review_only_0119,CS_1445,res://assets/tilesets/cyber_city_core_tilesets/CyberCity_CentralSecurity_Tiles/CyberCity_CentralSecurity_Tiles_1/CyberCity_CentralSecurity_Tiles_1/Tech5_2.png,Tech5_2.png,"[0, 0, 123, 118]",123,118,"[0, 0, 123, 118]",50.021,SINGLE_TILE_SPRITE,REVIEW_MANUALLY,Review-only candidate.,keep in review palette
res://assets/tilesets/pvgames_central_security_paintable/PVGamesCentralSecurityReviewOnlyPaint.tres,review_only,review_only,review_only_0120,CS_1448,res://assets/tilesets/cyber_city_core_tilesets/CyberCity_CentralSecurity_Tiles/CyberCity_CentralSecurity_Tiles_1/CyberCity_CentralSecurity_Tiles_1/Tech5_5.png,Tech5_5.png,"[0, 0, 109, 124]",109,124,"[0, 0, 109, 124]",37.74,SINGLE_TILE_SPRITE,REVIEW_MANUALLY,Review-only candidate.,keep in review palette
res://assets/tilesets/pvgames_central_security_paintable/PVGamesCentralSecurityReviewOnlyPaint.tres,review_only,review_only,review_only_0121,CS_1440,res://assets/tilesets/cyber_city_core_tilesets/CyberCity_CentralSecurity_Tiles/CyberCity_CentralSecurity_Tiles_1/CyberCity_CentralSecurity_Tiles_1/Tech4_5.png,Tech4_5.png,"[0, 0, 111, 124]",111,124,"[0, 0, 111, 124]",38.884,SINGLE_TILE_SPRITE,REVIEW_MANUALLY,Review-only candidate.,keep in review palette
res://assets/tilesets/pvgames_central_security_paintable/PVGamesCentralSecurityReviewOnlyPaint.tres,review_only,review_only,review_only_0122,CS_1449,res://assets/tilesets/cyber_city_core_tilesets/CyberCity_CentralSecurity_Tiles/CyberCity_CentralSecurity_Tiles_1/CyberCity_CentralSecurity_Tiles_1/Tech5_6.png,Tech5_6.png,"[0, 0, 105, 125]",105,125,"[0, 0, 105, 125]",30.461,SINGLE_TILE_SPRITE,REVIEW_MANUALLY,Review-only candidate.,keep in review palette
res://assets/tilesets/pvgames_central_security_paintable/PVGamesCentralSecurityReviewOnlyPaint.tres,review_only,review_only,review_only_0123,CS_1429,res://assets/tilesets/cyber_city_core_tilesets/CyberCity_CentralSecurity_Tiles/CyberCity_CentralSecurity_Tiles_1/CyberCity_CentralSecurity_Tiles_1/Tech3_2.png,Tech3_2.png,"[0, 0, 126, 119]",126,119,"[0, 0, 126, 119]",57.283,SINGLE_TILE_SPRITE,REVIEW_MANUALLY,Review-only candidate.,keep in review palette
res://assets/tilesets/pvgames_central_security_paintable/PVGamesCentralSecurityReviewOnlyPaint.tres,review_only,review_only,review_only_0124,CS_1013,res://assets/tilesets/cyber_city_core_tilesets/CyberCity_CentralSecurity_Tiles/CyberCity_CentralSecurity_Tiles_1/CyberCity_CentralSecurity_Tiles_1/Missle1_4.png,Missle1_4.png,"[0, 0, 125, 127]",125,127,"[0, 0, 125, 127]",39.811,SINGLE_TILE_SPRITE,REVIEW_MANUALLY,Review-only candidate.,keep in review palette
res://assets/tilesets/pvgames_central_security_paintable/PVGamesCentralSecurityReviewOnlyPaint.tres,review_only,review_only,review_only_0125,CS_0396,res://assets/tilesets/cyber_city_core_tilesets/CyberCity_CentralSecurity_Tiles/CyberCity_CentralSecurity_Tiles_1/CyberCity_CentralSecurity_Tiles_1/CoveredCargo1_4.png,CoveredCargo1_4.png,"[0, 0, 128, 103]",128,103,"[0, 0, 128, 103]",34.853,SINGLE_TILE_SPRITE,REVIEW_MANUALLY,Review-only candidate.,keep in review palette
res://assets/tilesets/pvgames_central_security_paintable/PVGamesCentralSecurityReviewOnlyPaint.tres,review_only,review_only,review_only_0126,CS_1436,res://assets/tilesets/cyber_city_core_tilesets/CyberCity_CentralSecurity_Tiles/CyberCity_CentralSecurity_Tiles_1/CyberCity_CentralSecurity_Tiles_1/Tech4_1.png,Tech4_1.png,"[0, 0, 109, 129]",109,129,"[0, 0, 109, 129]",32.836,SINGLE_TILE_SPRITE,REVIEW_MANUALLY,Review-only candidate.,keep in review palette
res://assets/tilesets/pvgames_central_security_paintable/PVGamesCentralSecurityReviewOnlyPaint.tres,review_only,review_only,review_only_0127,CS_1414,res://assets/tilesets/cyber_city_core_tilesets/CyberCity_CentralSecurity_Tiles/CyberCity_CentralSecurity_Tiles_1/CyberCity_CentralSecurity_Tiles_1/Tech1_3.png,Tech1_3.png,"[0, 0, 116, 129]",116,129,"[0, 0, 116, 129]",43.351,SINGLE_TILE_SPRITE,REVIEW_MANUALLY,Review-only candidate.,keep in review palette
res://assets/tilesets/pvgames_central_security_paintable/PVGamesCentralSecurityReviewOnlyPaint.tres,review_only,review_only,review_only_0128,CS_1444,res://assets/tilesets/cyber_city_core_tilesets/CyberCity_CentralSecurity_Tiles/CyberCity_CentralSecurity_Tiles_1/CyberCity_CentralSecurity_Tiles_1/Tech5_1.png,Tech5_1.png,"[0, 0, 109, 131]",109,131,"[0, 0, 109, 131]",33.868,SINGLE_TILE_SPRITE,REVIEW_MANUALLY,Review-only candidate.,keep in review palette
res://assets/tilesets/pvgames_central_security_paintable/PVGamesCentralSecurityReviewOnlyPaint.tres,review_only,review_only,review_only_0129,CS_1058,res://assets/tilesets/cyber_city_core_tilesets/CyberCity_CentralSecurity_Tiles/CyberCity_CentralSecurity_Tiles_1/CyberCity_CentralSecurity_Tiles_1/Pallet3_1.png,Pallet3_1.png,"[0, 0, 132, 92]",132,92,"[0, 0, 132, 92]",10.606,SINGLE_TILE_SPRITE,REVIEW_MANUALLY,Review-only candidate.,keep in review palette
res://assets/tilesets/pvgames_central_security_paintable/PVGamesCentralSecurityReviewOnlyPaint.tres,review_only,review_only,review_only_0130,CS_1015,res://assets/tilesets/cyber_city_core_tilesets/CyberCity_CentralSecurity_Tiles/CyberCity_CentralSecurity_Tiles_1/CyberCity_CentralSecurity_Tiles_1/Missle1_6.png,Missle1_6.png,"[0, 0, 133, 115]",133,115,"[0, 0, 133, 115]",44.086,SINGLE_TILE_SPRITE,REVIEW_MANUALLY,Review-only candidate.,keep in review palette
res://assets/tilesets/pvgames_central_security_paintable/PVGamesCentralSecurityReviewOnlyPaint.tres,review_only,review_only,review_only_0131,CS_1451,res://assets/tilesets/cyber_city_core_tilesets/CyberCity_CentralSecurity_Tiles/CyberCity_CentralSecurity_Tiles_1/CyberCity_CentralSecurity_Tiles_1/Tech5_8.png,Tech5_8.png,"[0, 0, 108, 134]",108,134,"[0, 0, 108, 134]",51.023,SINGLE_TILE_SPRITE,REVIEW_MANUALLY,Review-only candidate.,keep in review palette
res://assets/tilesets/pvgames_central_security_paintable/PVGamesCentralSecurityReviewOnlyPaint.tres,review_only,review_only,review_only_0132,CS_1413,res://assets/tilesets/cyber_city_core_tilesets/CyberCity_CentralSecurity_Tiles/CyberCity_CentralSecurity_Tiles_1/CyberCity_CentralSecurity_Tiles_1/Tech1_2.png,Tech1_2.png,"[0, 0, 124, 135]",124,135,"[0, 0, 124, 135]",49.158,SINGLE_TILE_SPRITE,REVIEW_MANUALLY,Review-only candidate.,keep in review palette
res://assets/tilesets/pvgames_central_security_paintable/PVGamesCentralSecurityReviewOnlyPaint.tres,review_only,review_only,review_only_0133,CS_1443,res://assets/tilesets/cyber_city_core_tilesets/CyberCity_CentralSecurity_Tiles/CyberCity_CentralSecurity_Tiles_1/CyberCity_CentralSecurity_Tiles_1/Tech4_8.png,Tech4_8.png,"[0, 0, 103, 136]",103,136,"[0, 0, 103, 136]",49.415,SINGLE_TILE_SPRITE,REVIEW_MANUALLY,Review-only candidate.,keep in review palette
res://assets/tilesets/pvgames_central_security_paintable/PVGamesCentralSecurityReviewOnlyPaint.tres,review_only,review_only,review_only_0134,CS_1051,res://assets/tilesets/cyber_city_core_tilesets/CyberCity_CentralSecurity_Tiles/CyberCity_CentralSecurity_Tiles_1/CyberCity_CentralSecurity_Tiles_1/Pallet2_2.png,Pallet2_2.png,"[0, 0, 128, 136]",128,136,"[0, 0, 128, 136]",14.7,SINGLE_TILE_SPRITE,REVIEW_MANUALLY,Review-only candidate.,keep in review palette
res://assets/tilesets/pvgames_central_security_paintable/PVGamesCentralSecurityReviewOnlyPaint.tres,review_only,review_only,review_only_0135,CS_1053,res://assets/tilesets/cyber_city_core_tilesets/CyberCity_CentralSecurity_Tiles/CyberCity_CentralSecurity_Tiles_1/CyberCity_CentralSecurity_Tiles_1/Pallet2_4.png,Pallet2_4.png,"[0, 0, 130, 136]",130,136,"[0, 0, 130, 136]",16.182,SINGLE_TILE_SPRITE,REVIEW_MANUALLY,Review-only candidate.,keep in review palette
res://assets/tilesets/pvgames_central_security_paintable/PVGamesCentralSecurityReviewOnlyPaint.tres,review_only,review_only,review_only_0136,CS_1050,res://assets/tilesets/cyber_city_core_tilesets/CyberCity_CentralSecurity_Tiles/CyberCity_CentralSecurity_Tiles_1/CyberCity_CentralSecurity_Tiles_1/Pallet2_1.png,Pallet2_1.png,"[0, 0, 132, 136]",132,136,"[0, 0, 132, 136]",16.667,SINGLE_TILE_SPRITE,REVIEW_MANUALLY,Review-only candidate.,keep in review palette
res://assets/tilesets/pvgames_central_security_paintable/PVGamesCentralSecurityReviewOnlyPaint.tres,review_only,review_only,review_only_0137,CS_1052,res://assets/tilesets/cyber_city_core_tilesets/CyberCity_CentralSecurity_Tiles/CyberCity_CentralSecurity_Tiles_1/CyberCity_CentralSecurity_Tiles_1/Pallet2_3.png,Pallet2_3.png,"[0, 0, 133, 136]",133,136,"[0, 0, 133, 136]",15.336,SINGLE_TILE_SPRITE,REVIEW_MANUALLY,Review-only candidate.,keep in review palette
res://assets/tilesets/pvgames_central_security_paintable/PVGamesCentralSecurityReviewOnlyPaint.tres,review_only,review_only,review_only_0138,CS_0400,res://assets/tilesets/cyber_city_core_tilesets/CyberCity_CentralSecurity_Tiles/CyberCity_CentralSecurity_Tiles_1/CyberCity_CentralSecurity_Tiles_1/CoveredCargo1_8.png,CoveredCargo1_8.png,"[0, 0, 137, 111]",137,111,"[0, 0, 137, 111]",48.201,SINGLE_TILE_SPRITE,REVIEW_MANUALLY,Review-only candidate.,keep in review palette
res://assets/tilesets/pvgames_central_security_paintable/PVGamesCentralSecurityReviewOnlyPaint.tres,review_only,review_only,review_only_0139,CS_0402,res://assets/tilesets/cyber_city_core_tilesets/CyberCity_CentralSecurity_Tiles/CyberCity_CentralSecurity_Tiles_1/CyberCity_CentralSecurity_Tiles_1/CoveredCargo2_2.png,CoveredCargo2_2.png,"[0, 0, 137, 112]",137,112,"[0, 0, 137, 112]",24.804,SINGLE_TILE_SPRITE,REVIEW_MANUALLY,Review-only candidate.,keep in review palette
res://assets/tilesets/pvgames_central_security_paintable/PVGamesCentralSecurityWallPaint.tres,wall,wall,wall_0000,CS_1564,res://assets/tilesets/cyber_city_core_tilesets/CyberCity_CentralSecurity_Tiles/CyberCity_CentralSecurity_Tiles_1/CyberCity_CentralSecurity_Tiles_1/WallTech2_1.png,WallTech2_1.png,"[0, 0, 102, 94]",102,94,"[0, 0, 102, 94]",21.078,SINGLE_TILE_SPRITE,MODULAR_PART_OK,Useful modular wall/security/tech partial.,keep in production palette
res://assets/tilesets/pvgames_central_security_paintable/PVGamesCentralSecurityWallPaint.tres,wall,wall,wall_0001,CS_1566,res://assets/tilesets/cyber_city_core_tilesets/CyberCity_CentralSecurity_Tiles/CyberCity_CentralSecurity_Tiles_1/CyberCity_CentralSecurity_Tiles_1/WallTech2_3.png,WallTech2_3.png,"[0, 0, 103, 91]",103,91,"[0, 0, 103, 91]",19.503,SINGLE_TILE_SPRITE,MODULAR_PART_OK,Useful modular wall/security/tech partial.,keep in production palette
res://assets/tilesets/pvgames_central_security_paintable/PVGamesCentralSecurityWallPaint.tres,wall,wall,wall_0002,CS_0806,res://assets/tilesets/cyber_city_core_tilesets/CyberCity_CentralSecurity_Tiles/CyberCity_CentralSecurity_Tiles_1/CyberCity_CentralSecurity_Tiles_1/Interior_WallPanel15_7.png,Interior_WallPanel15_7.png,"[0, 0, 101, 109]",101,109,"[0, 0, 101, 109]",57.435,SINGLE_TILE_SPRITE,MODULAR_PART_OK,Useful modular wall/security/tech partial.,keep in production palette
res://assets/tilesets/pvgames_central_security_paintable/PVGamesCentralSecurityWallPaint.tres,wall,wall,wall_0003,CS_0765,res://assets/tilesets/cyber_city_core_tilesets/CyberCity_CentralSecurity_Tiles/CyberCity_CentralSecurity_Tiles_1/CyberCity_CentralSecurity_Tiles_1/Interior_WallPanel10_6.png,Interior_WallPanel10_6.png,"[0, 0, 94, 110]",94,110,"[0, 0, 94, 110]",54.574,SINGLE_TILE_SPRITE,MODULAR_PART_OK,Useful modular wall/security/tech partial.,keep in production palette
res://assets/tilesets/pvgames_central_security_paintable/PVGamesCentralSecurityWallPaint.tres,wall,wall,wall_0004,CS_0773,res://assets/tilesets/cyber_city_core_tilesets/CyberCity_CentralSecurity_Tiles/CyberCity_CentralSecurity_Tiles_1/CyberCity_CentralSecurity_Tiles_1/Interior_WallPanel11_6.png,Interior_WallPanel11_6.png,"[0, 0, 94, 110]",94,110,"[0, 0, 94, 110]",54.574,SINGLE_TILE_SPRITE,MODULAR_PART_OK,Useful modular wall/security/tech partial.,keep in production palette
res://assets/tilesets/pvgames_central_security_paintable/PVGamesCentralSecurityWallPaint.tres,wall,wall,wall_0005,CS_0781,res://assets/tilesets/cyber_city_core_tilesets/CyberCity_CentralSecurity_Tiles/CyberCity_CentralSecurity_Tiles_1/CyberCity_CentralSecurity_Tiles_1/Interior_WallPanel12_6.png,Interior_WallPanel12_6.png,"[0, 0, 94, 110]",94,110,"[0, 0, 94, 110]",54.574,SINGLE_TILE_SPRITE,MODULAR_PART_OK,Useful modular wall/security/tech partial.,keep in production palette
res://assets/tilesets/pvgames_central_security_paintable/PVGamesCentralSecurityWallPaint.tres,wall,wall,wall_0006,CS_0789,res://assets/tilesets/cyber_city_core_tilesets/CyberCity_CentralSecurity_Tiles/CyberCity_CentralSecurity_Tiles_1/CyberCity_CentralSecurity_Tiles_1/Interior_WallPanel13_6.png,Interior_WallPanel13_6.png,"[0, 0, 94, 110]",94,110,"[0, 0, 94, 110]",54.574,SINGLE_TILE_SPRITE,MODULAR_PART_OK,Useful modular wall/security/tech partial.,keep in production palette
res://assets/tilesets/pvgames_central_security_paintable/PVGamesCentralSecurityWallPaint.tres,wall,wall,wall_0007,CS_0797,res://assets/tilesets/cyber_city_core_tilesets/CyberCity_CentralSecurity_Tiles/CyberCity_CentralSecurity_Tiles_1/CyberCity_CentralSecurity_Tiles_1/Interior_WallPanel14_6.png,Interior_WallPanel14_6.png,"[0, 0, 94, 110]",94,110,"[0, 0, 94, 110]",54.574,SINGLE_TILE_SPRITE,MODULAR_PART_OK,Useful modular wall/security/tech partial.,keep in production palette
res://assets/tilesets/pvgames_central_security_paintable/PVGamesCentralSecurityWallPaint.tres,wall,wall,wall_0008,CS_0805,res://assets/tilesets/cyber_city_core_tilesets/CyberCity_CentralSecurity_Tiles/CyberCity_CentralSecurity_Tiles_1/CyberCity_CentralSecurity_Tiles_1/Interior_WallPanel15_6.png,Interior_WallPanel15_6.png,"[0, 0, 94, 110]",94,110,"[0, 0, 94, 110]",54.652,SINGLE_TILE_SPRITE,MODULAR_PART_OK,Useful modular wall/security/tech partial.,keep in production palette
res://assets/tilesets/pvgames_central_security_paintable/PVGamesCentralSecurityWallPaint.tres,wall,wall,wall_0009,CS_0813,res://assets/tilesets/cyber_city_core_tilesets/CyberCity_CentralSecurity_Tiles/CyberCity_CentralSecurity_Tiles_1/CyberCity_CentralSecurity_Tiles_1/Interior_WallPanel16_6.png,Interior_WallPanel16_6.png,"[0, 0, 94, 110]",94,110,"[0, 0, 94, 110]",54.574,SINGLE_TILE_SPRITE,MODULAR_PART_OK,Useful modular wall/security/tech partial.,keep in production palette
res://assets/tilesets/pvgames_central_security_paintable/PVGamesCentralSecurityWallPaint.tres,wall,wall,wall_0010,CS_0877,res://assets/tilesets/cyber_city_core_tilesets/CyberCity_CentralSecurity_Tiles/CyberCity_CentralSecurity_Tiles_1/CyberCity_CentralSecurity_Tiles_1/Interior_WallPanel5_6.png,Interior_WallPanel5_6.png,"[0, 0, 94, 110]",94,110,"[0, 0, 94, 110]",54.574,SINGLE_TILE_SPRITE,MODULAR_PART_OK,Useful modular wall/security/tech partial.,keep in production palette
res://assets/tilesets/pvgames_central_security_paintable/PVGamesCentralSecurityWallPaint.tres,wall,wall,wall_0011,CS_0885,res://assets/tilesets/cyber_city_core_tilesets/CyberCity_CentralSecurity_Tiles/CyberCity_CentralSecurity_Tiles_1/CyberCity_CentralSecurity_Tiles_1/Interior_WallPanel6_6.png,Interior_WallPanel6_6.png,"[0, 0, 94, 110]",94,110,"[0, 0, 94, 110]",54.574,SINGLE_TILE_SPRITE,MODULAR_PART_OK,Useful modular wall/security/tech partial.,keep in production palette
res://assets/tilesets/pvgames_central_security_paintable/PVGamesCentralSecurityWallPaint.tres,wall,wall,wall_0012,CS_0893,res://assets/tilesets/cyber_city_core_tilesets/CyberCity_CentralSecurity_Tiles/CyberCity_CentralSecurity_Tiles_1/CyberCity_CentralSecurity_Tiles_1/Interior_WallPanel7_6.png,Interior_WallPanel7_6.png,"[0, 0, 94, 110]",94,110,"[0, 0, 94, 110]",54.574,SINGLE_TILE_SPRITE,MODULAR_PART_OK,Useful modular wall/security/tech partial.,keep in production palette
res://assets/tilesets/pvgames_central_security_paintable/PVGamesCentralSecurityWallPaint.tres,wall,wall,wall_0013,CS_0901,res://assets/tilesets/cyber_city_core_tilesets/CyberCity_CentralSecurity_Tiles/CyberCity_CentralSecurity_Tiles_1/CyberCity_CentralSecurity_Tiles_1/Interior_WallPanel8_6.png,Interior_WallPanel8_6.png,"[0, 0, 94, 110]",94,110,"[0, 0, 94, 110]",54.574,SINGLE_TILE_SPRITE,MODULAR_PART_OK,Useful modular wall/security/tech partial.,keep in production palette
res://assets/tilesets/pvgames_central_security_paintable/PVGamesCentralSecurityWallPaint.tres,wall,wall,wall_0014,CS_0909,res://assets/tilesets/cyber_city_core_tilesets/CyberCity_CentralSecurity_Tiles/CyberCity_CentralSecurity_Tiles_1/CyberCity_CentralSecurity_Tiles_1/Interior_WallPanel9_6.png,Interior_WallPanel9_6.png,"[0, 0, 94, 110]",94,110,"[0, 0, 94, 110]",54.574,SINGLE_TILE_SPRITE,MODULAR_PART_OK,Useful modular wall/security/tech partial.,keep in production palette
res://assets/tilesets/pvgames_central_security_paintable/PVGamesCentralSecurityWallPaint.tres,wall,wall,wall_0015,CS_0917,res://assets/tilesets/cyber_city_core_tilesets/CyberCity_CentralSecurity_Tiles/CyberCity_CentralSecurity_Tiles_1/CyberCity_CentralSecurity_Tiles_1/Interior_Window1_6.png,Interior_Window1_6.png,"[0, 0, 94, 110]",94,110,"[0, 0, 94, 110]",54.574,SINGLE_TILE_SPRITE,MODULAR_PART_OK,Useful modular wall/security/tech partial.,keep in production palette
res://assets/tilesets/pvgames_central_security_paintable/PVGamesCentralSecurityWallPaint.tres,wall,wall,wall_0016,CS_0925,res://assets/tilesets/cyber_city_core_tilesets/CyberCity_CentralSecurity_Tiles/CyberCity_CentralSecurity_Tiles_1/CyberCity_CentralSecurity_Tiles_1/Interior_Window2_6.png,Interior_Window2_6.png,"[0, 0, 94, 110]",94,110,"[0, 0, 94, 110]",54.574,SINGLE_TILE_SPRITE,MODULAR_PART_OK,Useful modular wall/security/tech partial.,keep in production palette
res://assets/tilesets/pvgames_central_security_paintable/PVGamesCentralSecurityWallPaint.tres,wall,wall,wall_0017,CS_0933,res://assets/tilesets/cyber_city_core_tilesets/CyberCity_CentralSecurity_Tiles/CyberCity_CentralSecurity_Tiles_1/CyberCity_CentralSecurity_Tiles_1/Interior_Window3_6.png,Interior_Window3_6.png,"[0, 0, 94, 110]",94,110,"[0, 0, 94, 110]",53.52,SINGLE_TILE_SPRITE,MODULAR_PART_OK,Useful modular wall/security/tech partial.,keep in production palette
res://assets/tilesets/pvgames_central_security_paintable/PVGamesCentralSecurityWallPaint.tres,wall,wall,wall_0018,CS_0804,res://assets/tilesets/cyber_city_core_tilesets/CyberCity_CentralSecurity_Tiles/CyberCity_CentralSecurity_Tiles_1/CyberCity_CentralSecurity_Tiles_1/Interior_WallPanel15_5.png,Interior_WallPanel15_5.png,"[0, 0, 96, 110]",96,110,"[0, 0, 96, 110]",55.502,SINGLE_TILE_SPRITE,MODULAR_PART_OK,Useful modular wall/security/tech partial.,keep in production palette
res://assets/tilesets/pvgames_central_security_paintable/PVGamesCentralSecurityWallPaint.tres,wall,wall,wall_0019,CS_0764,res://assets/tilesets/cyber_city_core_tilesets/CyberCity_CentralSecurity_Tiles/CyberCity_CentralSecurity_Tiles_1/CyberCity_CentralSecurity_Tiles_1/Interior_WallPanel10_5.png,Interior_WallPanel10_5.png,"[0, 0, 97, 110]",97,110,"[0, 0, 97, 110]",55.895,SINGLE_TILE_SPRITE,MODULAR_PART_OK,Useful modular wall/security/tech partial.,keep in production palette
res://assets/tilesets/pvgames_central_security_paintable/PVGamesCentralSecurityWallPaint.tres,wall,wall,wall_0020,CS_0772,res://assets/tilesets/cyber_city_core_tilesets/CyberCity_CentralSecurity_Tiles/CyberCity_CentralSecurity_Tiles_1/CyberCity_CentralSecurity_Tiles_1/Interior_WallPanel11_5.png,Interior_WallPanel11_5.png,"[0, 0, 97, 110]",97,110,"[0, 0, 97, 110]",55.895,SINGLE_TILE_SPRITE,MODULAR_PART_OK,Useful modular wall/security/tech partial.,keep in production palette
res://assets/tilesets/pvgames_central_security_paintable/PVGamesCentralSecurityWallPaint.tres,wall,wall,wall_0021,CS_0780,res://assets/tilesets/cyber_city_core_tilesets/CyberCity_CentralSecurity_Tiles/CyberCity_CentralSecurity_Tiles_1/CyberCity_CentralSecurity_Tiles_1/Interior_WallPanel12_5.png,Interior_WallPanel12_5.png,"[0, 0, 97, 110]",97,110,"[0, 0, 97, 110]",55.895,SINGLE_TILE_SPRITE,MODULAR_PART_OK,Useful modular wall/security/tech partial.,keep in production palette
res://assets/tilesets/pvgames_central_security_paintable/PVGamesCentralSecurityWallPaint.tres,wall,wall,wall_0022,CS_0788,res://assets/tilesets/cyber_city_core_tilesets/CyberCity_CentralSecurity_Tiles/CyberCity_CentralSecurity_Tiles_1/CyberCity_CentralSecurity_Tiles_1/Interior_WallPanel13_5.png,Interior_WallPanel13_5.png,"[0, 0, 97, 110]",97,110,"[0, 0, 97, 110]",55.895,SINGLE_TILE_SPRITE,MODULAR_PART_OK,Useful modular wall/security/tech partial.,keep in production palette
res://assets/tilesets/pvgames_central_security_paintable/PVGamesCentralSecurityWallPaint.tres,wall,wall,wall_0023,CS_0796,res://assets/tilesets/cyber_city_core_tilesets/CyberCity_CentralSecurity_Tiles/CyberCity_CentralSecurity_Tiles_1/CyberCity_CentralSecurity_Tiles_1/Interior_WallPanel14_5.png,Interior_WallPanel14_5.png,"[0, 0, 97, 110]",97,110,"[0, 0, 97, 110]",55.895,SINGLE_TILE_SPRITE,MODULAR_PART_OK,Useful modular wall/security/tech partial.,keep in production palette
res://assets/tilesets/pvgames_central_security_paintable/PVGamesCentralSecurityWallPaint.tres,wall,wall,wall_0024,CS_0812,res://assets/tilesets/cyber_city_core_tilesets/CyberCity_CentralSecurity_Tiles/CyberCity_CentralSecurity_Tiles_1/CyberCity_CentralSecurity_Tiles_1/Interior_WallPanel16_5.png,Interior_WallPanel16_5.png,"[0, 0, 97, 110]",97,110,"[0, 0, 97, 110]",55.895,SINGLE_TILE_SPRITE,MODULAR_PART_OK,Useful modular wall/security/tech partial.,keep in production palette
res://assets/tilesets/pvgames_central_security_paintable/PVGamesCentralSecurityWallPaint.tres,wall,wall,wall_0025,CS_0876,res://assets/tilesets/cyber_city_core_tilesets/CyberCity_CentralSecurity_Tiles/CyberCity_CentralSecurity_Tiles_1/CyberCity_CentralSecurity_Tiles_1/Interior_WallPanel5_5.png,Interior_WallPanel5_5.png,"[0, 0, 97, 110]",97,110,"[0, 0, 97, 110]",55.895,SINGLE_TILE_SPRITE,MODULAR_PART_OK,Useful modular wall/security/tech partial.,keep in production palette
res://assets/tilesets/pvgames_central_security_paintable/PVGamesCentralSecurityWallPaint.tres,wall,wall,wall_0026,CS_0884,res://assets/tilesets/cyber_city_core_tilesets/CyberCity_CentralSecurity_Tiles/CyberCity_CentralSecurity_Tiles_1/CyberCity_CentralSecurity_Tiles_1/Interior_WallPanel6_5.png,Interior_WallPanel6_5.png,"[0, 0, 97, 110]",97,110,"[0, 0, 97, 110]",55.895,SINGLE_TILE_SPRITE,MODULAR_PART_OK,Useful modular wall/security/tech partial.,keep in production palette
res://assets/tilesets/pvgames_central_security_paintable/PVGamesCentralSecurityWallPaint.tres,wall,wall,wall_0027,CS_0892,res://assets/tilesets/cyber_city_core_tilesets/CyberCity_CentralSecurity_Tiles/CyberCity_CentralSecurity_Tiles_1/CyberCity_CentralSecurity_Tiles_1/Interior_WallPanel7_5.png,Interior_WallPanel7_5.png,"[0, 0, 97, 110]",97,110,"[0, 0, 97, 110]",55.895,SINGLE_TILE_SPRITE,MODULAR_PART_OK,Useful modular wall/security/tech partial.,keep in production palette
res://assets/tilesets/pvgames_central_security_paintable/PVGamesCentralSecurityWallPaint.tres,wall,wall,wall_0028,CS_0900,res://assets/tilesets/cyber_city_core_tilesets/CyberCity_CentralSecurity_Tiles/CyberCity_CentralSecurity_Tiles_1/CyberCity_CentralSecurity_Tiles_1/Interior_WallPanel8_5.png,Interior_WallPanel8_5.png,"[0, 0, 97, 110]",97,110,"[0, 0, 97, 110]",55.895,SINGLE_TILE_SPRITE,MODULAR_PART_OK,Useful modular wall/security/tech partial.,keep in production palette
res://assets/tilesets/pvgames_central_security_paintable/PVGamesCentralSecurityWallPaint.tres,wall,wall,wall_0029,CS_0908,res://assets/tilesets/cyber_city_core_tilesets/CyberCity_CentralSecurity_Tiles/CyberCity_CentralSecurity_Tiles_1/CyberCity_CentralSecurity_Tiles_1/Interior_WallPanel9_5.png,Interior_WallPanel9_5.png,"[0, 0, 97, 110]",97,110,"[0, 0, 97, 110]",55.895,SINGLE_TILE_SPRITE,MODULAR_PART_OK,Useful modular wall/security/tech partial.,keep in production palette
res://assets/tilesets/pvgames_central_security_paintable/PVGamesCentralSecurityWallPaint.tres,wall,wall,wall_0030,CS_0916,res://assets/tilesets/cyber_city_core_tilesets/CyberCity_CentralSecurity_Tiles/CyberCity_CentralSecurity_Tiles_1/CyberCity_CentralSecurity_Tiles_1/Interior_Window1_5.png,Interior_Window1_5.png,"[0, 0, 97, 110]",97,110,"[0, 0, 97, 110]",55.895,SINGLE_TILE_SPRITE,MODULAR_PART_OK,Useful modular wall/security/tech partial.,keep in production palette
res://assets/tilesets/pvgames_central_security_paintable/PVGamesCentralSecurityWallPaint.tres,wall,wall,wall_0031,CS_0924,res://assets/tilesets/cyber_city_core_tilesets/CyberCity_CentralSecurity_Tiles/CyberCity_CentralSecurity_Tiles_1/CyberCity_CentralSecurity_Tiles_1/Interior_Window2_5.png,Interior_Window2_5.png,"[0, 0, 97, 110]",97,110,"[0, 0, 97, 110]",55.895,SINGLE_TILE_SPRITE,MODULAR_PART_OK,Useful modular wall/security/tech partial.,keep in production palette
res://assets/tilesets/pvgames_central_security_paintable/PVGamesCentralSecurityWallPaint.tres,wall,wall,wall_0032,CS_0932,res://assets/tilesets/cyber_city_core_tilesets/CyberCity_CentralSecurity_Tiles/CyberCity_CentralSecurity_Tiles_1/CyberCity_CentralSecurity_Tiles_1/Interior_Window3_5.png,Interior_Window3_5.png,"[0, 0, 97, 110]",97,110,"[0, 0, 97, 110]",54.902,SINGLE_TILE_SPRITE,MODULAR_PART_OK,Useful modular wall/security/tech partial.,keep in production palette
res://assets/tilesets/pvgames_central_security_paintable/PVGamesCentralSecurityWallPaint.tres,wall,wall,wall_0033,CS_0767,res://assets/tilesets/cyber_city_core_tilesets/CyberCity_CentralSecurity_Tiles/CyberCity_CentralSecurity_Tiles_1/CyberCity_CentralSecurity_Tiles_1/Interior_WallPanel10_8.png,Interior_WallPanel10_8.png,"[0, 0, 100, 110]",100,110,"[0, 0, 100, 110]",57.136,SINGLE_TILE_SPRITE,MODULAR_PART_OK,Useful modular wall/security/tech partial.,keep in production palette
res://assets/tilesets/pvgames_central_security_paintable/PVGamesCentralSecurityWallPaint.tres,wall,wall,wall_0034,CS_0775,res://assets/tilesets/cyber_city_core_tilesets/CyberCity_CentralSecurity_Tiles/CyberCity_CentralSecurity_Tiles_1/CyberCity_CentralSecurity_Tiles_1/Interior_WallPanel11_8.png,Interior_WallPanel11_8.png,"[0, 0, 100, 110]",100,110,"[0, 0, 100, 110]",57.136,SINGLE_TILE_SPRITE,MODULAR_PART_OK,Useful modular wall/security/tech partial.,keep in production palette
res://assets/tilesets/pvgames_central_security_paintable/PVGamesCentralSecurityWallPaint.tres,wall,wall,wall_0035,CS_0783,res://assets/tilesets/cyber_city_core_tilesets/CyberCity_CentralSecurity_Tiles/CyberCity_CentralSecurity_Tiles_1/CyberCity_CentralSecurity_Tiles_1/Interior_WallPanel12_8.png,Interior_WallPanel12_8.png,"[0, 0, 100, 110]",100,110,"[0, 0, 100, 110]",57.136,SINGLE_TILE_SPRITE,MODULAR_PART_OK,Useful modular wall/security/tech partial.,keep in production palette
res://assets/tilesets/pvgames_central_security_paintable/PVGamesCentralSecurityWallPaint.tres,wall,wall,wall_0036,CS_0791,res://assets/tilesets/cyber_city_core_tilesets/CyberCity_CentralSecurity_Tiles/CyberCity_CentralSecurity_Tiles_1/CyberCity_CentralSecurity_Tiles_1/Interior_WallPanel13_8.png,Interior_WallPanel13_8.png,"[0, 0, 100, 110]",100,110,"[0, 0, 100, 110]",57.136,SINGLE_TILE_SPRITE,MODULAR_PART_OK,Useful modular wall/security/tech partial.,keep in production palette
res://assets/tilesets/pvgames_central_security_paintable/PVGamesCentralSecurityWallPaint.tres,wall,wall,wall_0037,CS_0799,res://assets/tilesets/cyber_city_core_tilesets/CyberCity_CentralSecurity_Tiles/CyberCity_CentralSecurity_Tiles_1/CyberCity_CentralSecurity_Tiles_1/Interior_WallPanel14_8.png,Interior_WallPanel14_8.png,"[0, 0, 100, 110]",100,110,"[0, 0, 100, 110]",57.136,SINGLE_TILE_SPRITE,MODULAR_PART_OK,Useful modular wall/security/tech partial.,keep in production palette
res://assets/tilesets/pvgames_central_security_paintable/PVGamesCentralSecurityWallPaint.tres,wall,wall,wall_0038,CS_0807,res://assets/tilesets/cyber_city_core_tilesets/CyberCity_CentralSecurity_Tiles/CyberCity_CentralSecurity_Tiles_1/CyberCity_CentralSecurity_Tiles_1/Interior_WallPanel15_8.png,Interior_WallPanel15_8.png,"[0, 0, 100, 110]",100,110,"[0, 0, 100, 110]",57.209,SINGLE_TILE_SPRITE,MODULAR_PART_OK,Useful modular wall/security/tech partial.,keep in production palette
res://assets/tilesets/pvgames_central_security_paintable/PVGamesCentralSecurityWallPaint.tres,wall,wall,wall_0039,CS_0815,res://assets/tilesets/cyber_city_core_tilesets/CyberCity_CentralSecurity_Tiles/CyberCity_CentralSecurity_Tiles_1/CyberCity_CentralSecurity_Tiles_1/Interior_WallPanel16_8.png,Interior_WallPanel16_8.png,"[0, 0, 100, 110]",100,110,"[0, 0, 100, 110]",57.136,SINGLE_TILE_SPRITE,MODULAR_PART_OK,Useful modular wall/security/tech partial.,keep in production palette
res://assets/tilesets/pvgames_central_security_paintable/PVGamesCentralSecurityWallPaint.tres,wall,wall,wall_0040,CS_0879,res://assets/tilesets/cyber_city_core_tilesets/CyberCity_CentralSecurity_Tiles/CyberCity_CentralSecurity_Tiles_1/CyberCity_CentralSecurity_Tiles_1/Interior_WallPanel5_8.png,Interior_WallPanel5_8.png,"[0, 0, 100, 110]",100,110,"[0, 0, 100, 110]",57.136,SINGLE_TILE_SPRITE,MODULAR_PART_OK,Useful modular wall/security/tech partial.,keep in production palette
res://assets/tilesets/pvgames_central_security_paintable/PVGamesCentralSecurityWallPaint.tres,wall,wall,wall_0041,CS_0887,res://assets/tilesets/cyber_city_core_tilesets/CyberCity_CentralSecurity_Tiles/CyberCity_CentralSecurity_Tiles_1/CyberCity_CentralSecurity_Tiles_1/Interior_WallPanel6_8.png,Interior_WallPanel6_8.png,"[0, 0, 100, 110]",100,110,"[0, 0, 100, 110]",57.136,SINGLE_TILE_SPRITE,MODULAR_PART_OK,Useful modular wall/security/tech partial.,keep in production palette
res://assets/tilesets/pvgames_central_security_paintable/PVGamesCentralSecurityWallPaint.tres,wall,wall,wall_0042,CS_0895,res://assets/tilesets/cyber_city_core_tilesets/CyberCity_CentralSecurity_Tiles/CyberCity_CentralSecurity_Tiles_1/CyberCity_CentralSecurity_Tiles_1/Interior_WallPanel7_8.png,Interior_WallPanel7_8.png,"[0, 0, 100, 110]",100,110,"[0, 0, 100, 110]",57.136,SINGLE_TILE_SPRITE,MODULAR_PART_OK,Useful modular wall/security/tech partial.,keep in production palette
res://assets/tilesets/pvgames_central_security_paintable/PVGamesCentralSecurityWallPaint.tres,wall,wall,wall_0043,CS_0903,res://assets/tilesets/cyber_city_core_tilesets/CyberCity_CentralSecurity_Tiles/CyberCity_CentralSecurity_Tiles_1/CyberCity_CentralSecurity_Tiles_1/Interior_WallPanel8_8.png,Interior_WallPanel8_8.png,"[0, 0, 100, 110]",100,110,"[0, 0, 100, 110]",57.136,SINGLE_TILE_SPRITE,MODULAR_PART_OK,Useful modular wall/security/tech partial.,keep in production palette
res://assets/tilesets/pvgames_central_security_paintable/PVGamesCentralSecurityWallPaint.tres,wall,wall,wall_0044,CS_0911,res://assets/tilesets/cyber_city_core_tilesets/CyberCity_CentralSecurity_Tiles/CyberCity_CentralSecurity_Tiles_1/CyberCity_CentralSecurity_Tiles_1/Interior_WallPanel9_8.png,Interior_WallPanel9_8.png,"[0, 0, 100, 110]",100,110,"[0, 0, 100, 110]",57.136,SINGLE_TILE_SPRITE,MODULAR_PART_OK,Useful modular wall/security/tech partial.,keep in production palette
res://assets/tilesets/pvgames_central_security_paintable/PVGamesCentralSecurityWallPaint.tres,wall,wall,wall_0045,CS_0919,res://assets/tilesets/cyber_city_core_tilesets/CyberCity_CentralSecurity_Tiles/CyberCity_CentralSecurity_Tiles_1/CyberCity_CentralSecurity_Tiles_1/Interior_Window1_8.png,Interior_Window1_8.png,"[0, 0, 100, 110]",100,110,"[0, 0, 100, 110]",57.136,SINGLE_TILE_SPRITE,MODULAR_PART_OK,Useful modular wall/security/tech partial.,keep in production palette
res://assets/tilesets/pvgames_central_security_paintable/PVGamesCentralSecurityWallPaint.tres,wall,wall,wall_0046,CS_0927,res://assets/tilesets/cyber_city_core_tilesets/CyberCity_CentralSecurity_Tiles/CyberCity_CentralSecurity_Tiles_1/CyberCity_CentralSecurity_Tiles_1/Interior_Window2_8.png,Interior_Window2_8.png,"[0, 0, 100, 110]",100,110,"[0, 0, 100, 110]",57.136,SINGLE_TILE_SPRITE,MODULAR_PART_OK,Useful modular wall/security/tech partial.,keep in production palette
res://assets/tilesets/pvgames_central_security_paintable/PVGamesCentralSecurityWallPaint.tres,wall,wall,wall_0047,CS_0935,res://assets/tilesets/cyber_city_core_tilesets/CyberCity_CentralSecurity_Tiles/CyberCity_CentralSecurity_Tiles_1/CyberCity_CentralSecurity_Tiles_1/Interior_Window3_8.png,Interior_Window3_8.png,"[0, 0, 100, 110]",100,110,"[0, 0, 100, 110]",56.227,SINGLE_TILE_SPRITE,MODULAR_PART_OK,Useful modular wall/security/tech partial.,keep in production palette
res://assets/tilesets/pvgames_central_security_paintable/PVGamesCentralSecurityWallPaint.tres,wall,wall,wall_0048,CS_0766,res://assets/tilesets/cyber_city_core_tilesets/CyberCity_CentralSecurity_Tiles/CyberCity_CentralSecurity_Tiles_1/CyberCity_CentralSecurity_Tiles_1/Interior_WallPanel10_7.png,Interior_WallPanel10_7.png,"[0, 0, 101, 110]",101,110,"[0, 0, 101, 110]",57.768,SINGLE_TILE_SPRITE,MODULAR_PART_OK,Useful modular wall/security/tech partial.,keep in production palette
res://assets/tilesets/pvgames_central_security_paintable/PVGamesCentralSecurityWallPaint.tres,wall,wall,wall_0049,CS_0774,res://assets/tilesets/cyber_city_core_tilesets/CyberCity_CentralSecurity_Tiles/CyberCity_CentralSecurity_Tiles_1/CyberCity_CentralSecurity_Tiles_1/Interior_WallPanel11_7.png,Interior_WallPanel11_7.png,"[0, 0, 101, 110]",101,110,"[0, 0, 101, 110]",57.768,SINGLE_TILE_SPRITE,MODULAR_PART_OK,Useful modular wall/security/tech partial.,keep in production palette
res://assets/tilesets/pvgames_central_security_paintable/PVGamesCentralSecurityWallPaint.tres,wall,wall,wall_0050,CS_0782,res://assets/tilesets/cyber_city_core_tilesets/CyberCity_CentralSecurity_Tiles/CyberCity_CentralSecurity_Tiles_1/CyberCity_CentralSecurity_Tiles_1/Interior_WallPanel12_7.png,Interior_WallPanel12_7.png,"[0, 0, 101, 110]",101,110,"[0, 0, 101, 110]",57.768,SINGLE_TILE_SPRITE,MODULAR_PART_OK,Useful modular wall/security/tech partial.,keep in production palette
res://assets/tilesets/pvgames_central_security_paintable/PVGamesCentralSecurityWallPaint.tres,wall,wall,wall_0051,CS_0790,res://assets/tilesets/cyber_city_core_tilesets/CyberCity_CentralSecurity_Tiles/CyberCity_CentralSecurity_Tiles_1/CyberCity_CentralSecurity_Tiles_1/Interior_WallPanel13_7.png,Interior_WallPanel13_7.png,"[0, 0, 101, 110]",101,110,"[0, 0, 101, 110]",57.768,SINGLE_TILE_SPRITE,MODULAR_PART_OK,Useful modular wall/security/tech partial.,keep in production palette
res://assets/tilesets/pvgames_central_security_paintable/PVGamesCentralSecurityWallPaint.tres,wall,wall,wall_0052,CS_0798,res://assets/tilesets/cyber_city_core_tilesets/CyberCity_CentralSecurity_Tiles/CyberCity_CentralSecurity_Tiles_1/CyberCity_CentralSecurity_Tiles_1/Interior_WallPanel14_7.png,Interior_WallPanel14_7.png,"[0, 0, 101, 110]",101,110,"[0, 0, 101, 110]",57.768,SINGLE_TILE_SPRITE,MODULAR_PART_OK,Useful modular wall/security/tech partial.,keep in production palette
res://assets/tilesets/pvgames_central_security_paintable/PVGamesCentralSecurityWallPaint.tres,wall,wall,wall_0053,CS_0814,res://assets/tilesets/cyber_city_core_tilesets/CyberCity_CentralSecurity_Tiles/CyberCity_CentralSecurity_Tiles_1/CyberCity_CentralSecurity_Tiles_1/Interior_WallPanel16_7.png,Interior_WallPanel16_7.png,"[0, 0, 101, 110]",101,110,"[0, 0, 101, 110]",57.768,SINGLE_TILE_SPRITE,MODULAR_PART_OK,Useful modular wall/security/tech partial.,keep in production palette
res://assets/tilesets/pvgames_central_security_paintable/PVGamesCentralSecurityWallPaint.tres,wall,wall,wall_0054,CS_0878,res://assets/tilesets/cyber_city_core_tilesets/CyberCity_CentralSecurity_Tiles/CyberCity_CentralSecurity_Tiles_1/CyberCity_CentralSecurity_Tiles_1/Interior_WallPanel5_7.png,Interior_WallPanel5_7.png,"[0, 0, 101, 110]",101,110,"[0, 0, 101, 110]",57.768,SINGLE_TILE_SPRITE,MODULAR_PART_OK,Useful modular wall/security/tech partial.,keep in production palette
res://assets/tilesets/pvgames_central_security_paintable/PVGamesCentralSecurityWallPaint.tres,wall,wall,wall_0055,CS_0886,res://assets/tilesets/cyber_city_core_tilesets/CyberCity_CentralSecurity_Tiles/CyberCity_CentralSecurity_Tiles_1/CyberCity_CentralSecurity_Tiles_1/Interior_WallPanel6_7.png,Interior_WallPanel6_7.png,"[0, 0, 101, 110]",101,110,"[0, 0, 101, 110]",57.768,SINGLE_TILE_SPRITE,MODULAR_PART_OK,Useful modular wall/security/tech partial.,keep in production palette
res://assets/tilesets/pvgames_central_security_paintable/PVGamesCentralSecurityWallPaint.tres,wall,wall,wall_0056,CS_0894,res://assets/tilesets/cyber_city_core_tilesets/CyberCity_CentralSecurity_Tiles/CyberCity_CentralSecurity_Tiles_1/CyberCity_CentralSecurity_Tiles_1/Interior_WallPanel7_7.png,Interior_WallPanel7_7.png,"[0, 0, 101, 110]",101,110,"[0, 0, 101, 110]",57.768,SINGLE_TILE_SPRITE,MODULAR_PART_OK,Useful modular wall/security/tech partial.,keep in production palette
res://assets/tilesets/pvgames_central_security_paintable/PVGamesCentralSecurityWallPaint.tres,wall,wall,wall_0057,CS_0902,res://assets/tilesets/cyber_city_core_tilesets/CyberCity_CentralSecurity_Tiles/CyberCity_CentralSecurity_Tiles_1/CyberCity_CentralSecurity_Tiles_1/Interior_WallPanel8_7.png,Interior_WallPanel8_7.png,"[0, 0, 101, 110]",101,110,"[0, 0, 101, 110]",57.768,SINGLE_TILE_SPRITE,MODULAR_PART_OK,Useful modular wall/security/tech partial.,keep in production palette
res://assets/tilesets/pvgames_central_security_paintable/PVGamesCentralSecurityWallPaint.tres,wall,wall,wall_0058,CS_0910,res://assets/tilesets/cyber_city_core_tilesets/CyberCity_CentralSecurity_Tiles/CyberCity_CentralSecurity_Tiles_1/CyberCity_CentralSecurity_Tiles_1/Interior_WallPanel9_7.png,Interior_WallPanel9_7.png,"[0, 0, 101, 110]",101,110,"[0, 0, 101, 110]",57.768,SINGLE_TILE_SPRITE,MODULAR_PART_OK,Useful modular wall/security/tech partial.,keep in production palette
res://assets/tilesets/pvgames_central_security_paintable/PVGamesCentralSecurityWallPaint.tres,wall,wall,wall_0059,CS_0918,res://assets/tilesets/cyber_city_core_tilesets/CyberCity_CentralSecurity_Tiles/CyberCity_CentralSecurity_Tiles_1/CyberCity_CentralSecurity_Tiles_1/Interior_Window1_7.png,Interior_Window1_7.png,"[0, 0, 101, 110]",101,110,"[0, 0, 101, 110]",57.768,SINGLE_TILE_SPRITE,MODULAR_PART_OK,Useful modular wall/security/tech partial.,keep in production palette
res://assets/tilesets/pvgames_central_security_paintable/PVGamesCentralSecurityWallPaint.tres,wall,wall,wall_0060,CS_0926,res://assets/tilesets/cyber_city_core_tilesets/CyberCity_CentralSecurity_Tiles/CyberCity_CentralSecurity_Tiles_1/CyberCity_CentralSecurity_Tiles_1/Interior_Window2_7.png,Interior_Window2_7.png,"[0, 0, 101, 110]",101,110,"[0, 0, 101, 110]",57.768,SINGLE_TILE_SPRITE,MODULAR_PART_OK,Useful modular wall/security/tech partial.,keep in production palette
res://assets/tilesets/pvgames_central_security_paintable/PVGamesCentralSecurityWallPaint.tres,wall,wall,wall_0061,CS_0934,res://assets/tilesets/cyber_city_core_tilesets/CyberCity_CentralSecurity_Tiles/CyberCity_CentralSecurity_Tiles_1/CyberCity_CentralSecurity_Tiles_1/Interior_Window3_7.png,Interior_Window3_7.png,"[0, 0, 101, 110]",101,110,"[0, 0, 101, 110]",56.904,SINGLE_TILE_SPRITE,MODULAR_PART_OK,Useful modular wall/security/tech partial.,keep in production palette
res://assets/tilesets/pvgames_central_security_paintable/PVGamesCentralSecurityWallPaint.tres,wall,wall,wall_0062,CS_0457,res://assets/tilesets/cyber_city_core_tilesets/CyberCity_CentralSecurity_Tiles/CyberCity_CentralSecurity_Tiles_1/CyberCity_CentralSecurity_Tiles_1/Door6_1.png,Door6_1.png,"[0, 0, 110, 109]",110,109,"[0, 0, 110, 109]",27.631,SINGLE_TILE_SPRITE,MODULAR_PART_OK,Useful modular wall/security/tech partial.,keep in production palette
res://assets/tilesets/pvgames_central_security_paintable/PVGamesCentralSecurityWallPaint.tres,wall,wall,wall_0063,CS_1556,res://assets/tilesets/cyber_city_core_tilesets/CyberCity_CentralSecurity_Tiles/CyberCity_CentralSecurity_Tiles_1/CyberCity_CentralSecurity_Tiles_1/WallTech1_1.png,WallTech1_1.png,"[0, 0, 111, 101]",111,101,"[0, 0, 111, 101]",19.936,SINGLE_TILE_SPRITE,MODULAR_PART_OK,Useful modular wall/security/tech partial.,keep in production palette
res://assets/tilesets/pvgames_central_security_paintable/PVGamesCentralSecurityWallPaint.tres,wall,wall,wall_0064,CS_1558,res://assets/tilesets/cyber_city_core_tilesets/CyberCity_CentralSecurity_Tiles/CyberCity_CentralSecurity_Tiles_1/CyberCity_CentralSecurity_Tiles_1/WallTech1_3.png,WallTech1_3.png,"[0, 0, 111, 104]",111,104,"[0, 0, 111, 104]",21.881,SINGLE_TILE_SPRITE,MODULAR_PART_OK,Useful modular wall/security/tech partial.,keep in production palette
res://assets/tilesets/pvgames_central_security_paintable/PVGamesCentralSecurityWallPaint.tres,wall,wall,wall_0065,CS_0262,res://assets/tilesets/cyber_city_core_tilesets/CyberCity_CentralSecurity_Tiles/CyberCity_CentralSecurity_Tiles_1/CyberCity_CentralSecurity_Tiles_1/CellDoor1_2.png,CellDoor1_2.png,"[0, 0, 104, 112]",104,112,"[0, 0, 104, 112]",19.42,SINGLE_TILE_SPRITE,MODULAR_PART_OK,Useful modular wall/security/tech partial.,keep in production palette
res://assets/tilesets/pvgames_central_security_paintable/PVGamesCentralSecurityWallPaint.tres,wall,wall,wall_0066,CS_0459,res://assets/tilesets/cyber_city_core_tilesets/CyberCity_CentralSecurity_Tiles/CyberCity_CentralSecurity_Tiles_1/CyberCity_CentralSecurity_Tiles_1/Door6_3.png,Door6_3.png,"[0, 0, 109, 113]",109,113,"[0, 0, 109, 113]",29.13,SINGLE_TILE_SPRITE,MODULAR_PART_OK,Useful modular wall/security/tech partial.,keep in production palette
res://assets/tilesets/pvgames_central_security_paintable/PVGamesCentralSecurityWallPaint.tres,wall,wall,wall_0067,CS_1569,res://assets/tilesets/cyber_city_core_tilesets/CyberCity_CentralSecurity_Tiles/CyberCity_CentralSecurity_Tiles_1/CyberCity_CentralSecurity_Tiles_1/WallTech2_6.png,WallTech2_6.png,"[0, 0, 91, 114]",91,114,"[0, 0, 91, 114]",35.348,SINGLE_TILE_SPRITE,MODULAR_PART_OK,Useful modular wall/security/tech partial.,keep in production palette
res://assets/tilesets/pvgames_central_security_paintable/PVGamesCentralSecurityWallPaint.tres,wall,wall,wall_0068,CS_1571,res://assets/tilesets/cyber_city_core_tilesets/CyberCity_CentralSecurity_Tiles/CyberCity_CentralSecurity_Tiles_1/CyberCity_CentralSecurity_Tiles_1/WallTech2_8.png,WallTech2_8.png,"[0, 0, 91, 115]",91,115,"[0, 0, 91, 115]",36.235,SINGLE_TILE_SPRITE,MODULAR_PART_OK,Useful modular wall/security/tech partial.,keep in production palette
res://assets/tilesets/pvgames_central_security_paintable/PVGamesCentralSecurityWallPaint.tres,wall,wall,wall_0069,CS_1568,res://assets/tilesets/cyber_city_core_tilesets/CyberCity_CentralSecurity_Tiles/CyberCity_CentralSecurity_Tiles_1/CyberCity_CentralSecurity_Tiles_1/WallTech2_5.png,WallTech2_5.png,"[0, 0, 92, 115]",92,115,"[0, 0, 92, 115]",36.881,SINGLE_TILE_SPRITE,MODULAR_PART_OK,Useful modular wall/security/tech partial.,keep in production palette
res://assets/tilesets/pvgames_central_security_paintable/PVGamesCentralSecurityWallPaint.tres,wall,wall,wall_0070,CS_1570,res://assets/tilesets/cyber_city_core_tilesets/CyberCity_CentralSecurity_Tiles/CyberCity_CentralSecurity_Tiles_1/CyberCity_CentralSecurity_Tiles_1/WallTech2_7.png,WallTech2_7.png,"[0, 0, 90, 118]",90,118,"[0, 0, 90, 118]",36.827,SINGLE_TILE_SPRITE,MODULAR_PART_OK,Useful modular wall/security/tech partial.,keep in production palette
res://assets/tilesets/pvgames_central_security_paintable/PVGamesCentralSecurityWallPaint.tres,wall,wall,wall_0071,CS_1560,res://assets/tilesets/cyber_city_core_tilesets/CyberCity_CentralSecurity_Tiles/CyberCity_CentralSecurity_Tiles_1/CyberCity_CentralSecurity_Tiles_1/WallTech1_5.png,WallTech1_5.png,"[0, 0, 96, 125]",96,125,"[0, 0, 96, 125]",33.283,SINGLE_TILE_SPRITE,MODULAR_PART_OK,Useful modular wall/security/tech partial.,keep in production palette
res://assets/tilesets/pvgames_central_security_paintable/PVGamesCentralSecurityWallPaint.tres,wall,wall,wall_0072,CS_1562,res://assets/tilesets/cyber_city_core_tilesets/CyberCity_CentralSecurity_Tiles/CyberCity_CentralSecurity_Tiles_1/CyberCity_CentralSecurity_Tiles_1/WallTech1_7.png,WallTech1_7.png,"[0, 0, 98, 125]",98,125,"[0, 0, 98, 125]",34.465,SINGLE_TILE_SPRITE,MODULAR_PART_OK,Useful modular wall/security/tech partial.,keep in production palette
res://assets/tilesets/pvgames_central_security_paintable/PVGamesCentralSecurityWallPaint.tres,wall,wall,wall_0073,CS_1561,res://assets/tilesets/cyber_city_core_tilesets/CyberCity_CentralSecurity_Tiles/CyberCity_CentralSecurity_Tiles_1/CyberCity_CentralSecurity_Tiles_1/WallTech1_6.png,WallTech1_6.png,"[0, 0, 97, 126]",97,126,"[0, 0, 97, 126]",34.724,SINGLE_TILE_SPRITE,MODULAR_PART_OK,Useful modular wall/security/tech partial.,keep in production palette
res://assets/tilesets/pvgames_central_security_paintable/PVGamesCentralSecurityWallPaint.tres,wall,wall,wall_0074,CS_1563,res://assets/tilesets/cyber_city_core_tilesets/CyberCity_CentralSecurity_Tiles/CyberCity_CentralSecurity_Tiles_1/CyberCity_CentralSecurity_Tiles_1/WallTech1_8.png,WallTech1_8.png,"[0, 0, 97, 127]",97,127,"[0, 0, 97, 127]",34.426,SINGLE_TILE_SPRITE,MODULAR_PART_OK,Useful modular wall/security/tech partial.,keep in production palette
res://assets/tilesets/pvgames_central_security_paintable/PVGamesCentralSecurityWallPaint.tres,wall,wall,wall_0075,CS_0760,res://assets/tilesets/cyber_city_core_tilesets/CyberCity_CentralSecurity_Tiles/CyberCity_CentralSecurity_Tiles_1/CyberCity_CentralSecurity_Tiles_1/Interior_WallPanel10_1.png,Interior_WallPanel10_1.png,"[0, 0, 131, 54]",131,54,"[0, 0, 131, 54]",11.507,SINGLE_TILE_SPRITE,MODULAR_PART_OK,Useful modular wall/security/tech partial.,keep in production palette
res://assets/tilesets/pvgames_central_security_paintable/PVGamesCentralSecurityWallPaint.tres,wall,wall,wall_0076,CS_0768,res://assets/tilesets/cyber_city_core_tilesets/CyberCity_CentralSecurity_Tiles/CyberCity_CentralSecurity_Tiles_1/CyberCity_CentralSecurity_Tiles_1/Interior_WallPanel11_1.png,Interior_WallPanel11_1.png,"[0, 0, 131, 54]",131,54,"[0, 0, 131, 54]",11.507,SINGLE_TILE_SPRITE,MODULAR_PART_OK,Useful modular wall/security/tech partial.,keep in production palette
res://assets/tilesets/pvgames_central_security_paintable/PVGamesCentralSecurityWallPaint.tres,wall,wall,wall_0077,CS_0776,res://assets/tilesets/cyber_city_core_tilesets/CyberCity_CentralSecurity_Tiles/CyberCity_CentralSecurity_Tiles_1/CyberCity_CentralSecurity_Tiles_1/Interior_WallPanel12_1.png,Interior_WallPanel12_1.png,"[0, 0, 131, 54]",131,54,"[0, 0, 131, 54]",11.507,SINGLE_TILE_SPRITE,MODULAR_PART_OK,Useful modular wall/security/tech partial.,keep in production palette
res://assets/tilesets/pvgames_central_security_paintable/PVGamesCentralSecurityWallPaint.tres,wall,wall,wall_0078,CS_0784,res://assets/tilesets/cyber_city_core_tilesets/CyberCity_CentralSecurity_Tiles/CyberCity_CentralSecurity_Tiles_1/CyberCity_CentralSecurity_Tiles_1/Interior_WallPanel13_1.png,Interior_WallPanel13_1.png,"[0, 0, 131, 54]",131,54,"[0, 0, 131, 54]",11.507,SINGLE_TILE_SPRITE,MODULAR_PART_OK,Useful modular wall/security/tech partial.,keep in production palette
res://assets/tilesets/pvgames_central_security_paintable/PVGamesCentralSecurityWallPaint.tres,wall,wall,wall_0079,CS_0792,res://assets/tilesets/cyber_city_core_tilesets/CyberCity_CentralSecurity_Tiles/CyberCity_CentralSecurity_Tiles_1/CyberCity_CentralSecurity_Tiles_1/Interior_WallPanel14_1.png,Interior_WallPanel14_1.png,"[0, 0, 131, 54]",131,54,"[0, 0, 131, 54]",11.507,SINGLE_TILE_SPRITE,MODULAR_PART_OK,Useful modular wall/security/tech partial.,keep in production palette
res://assets/tilesets/pvgames_central_security_paintable/PVGamesCentralSecurityWallPaint.tres,wall,wall,wall_0080,CS_0800,res://assets/tilesets/cyber_city_core_tilesets/CyberCity_CentralSecurity_Tiles/CyberCity_CentralSecurity_Tiles_1/CyberCity_CentralSecurity_Tiles_1/Interior_WallPanel15_1.png,Interior_WallPanel15_1.png,"[0, 0, 131, 54]",131,54,"[0, 0, 131, 54]",11.79,SINGLE_TILE_SPRITE,MODULAR_PART_OK,Useful modular wall/security/tech partial.,keep in production palette
res://assets/tilesets/pvgames_central_security_paintable/PVGamesCentralSecurityWallPaint.tres,wall,wall,wall_0081,CS_0808,res://assets/tilesets/cyber_city_core_tilesets/CyberCity_CentralSecurity_Tiles/CyberCity_CentralSecurity_Tiles_1/CyberCity_CentralSecurity_Tiles_1/Interior_WallPanel16_1.png,Interior_WallPanel16_1.png,"[0, 0, 131, 54]",131,54,"[0, 0, 131, 54]",11.507,SINGLE_TILE_SPRITE,MODULAR_PART_OK,Useful modular wall/security/tech partial.,keep in production palette
res://assets/tilesets/pvgames_central_security_paintable/PVGamesCentralSecurityWallPaint.tres,wall,wall,wall_0082,CS_0872,res://assets/tilesets/cyber_city_core_tilesets/CyberCity_CentralSecurity_Tiles/CyberCity_CentralSecurity_Tiles_1/CyberCity_CentralSecurity_Tiles_1/Interior_WallPanel5_1.png,Interior_WallPanel5_1.png,"[0, 0, 131, 54]",131,54,"[0, 0, 131, 54]",11.507,SINGLE_TILE_SPRITE,MODULAR_PART_OK,Useful modular wall/security/tech partial.,keep in production palette
res://assets/tilesets/pvgames_central_security_paintable/PVGamesCentralSecurityWallPaint.tres,wall,wall,wall_0083,CS_0880,res://assets/tilesets/cyber_city_core_tilesets/CyberCity_CentralSecurity_Tiles/CyberCity_CentralSecurity_Tiles_1/CyberCity_CentralSecurity_Tiles_1/Interior_WallPanel6_1.png,Interior_WallPanel6_1.png,"[0, 0, 131, 54]",131,54,"[0, 0, 131, 54]",11.507,SINGLE_TILE_SPRITE,MODULAR_PART_OK,Useful modular wall/security/tech partial.,keep in production palette
res://assets/tilesets/pvgames_central_security_paintable/PVGamesCentralSecurityWallPaint.tres,wall,wall,wall_0084,CS_0888,res://assets/tilesets/cyber_city_core_tilesets/CyberCity_CentralSecurity_Tiles/CyberCity_CentralSecurity_Tiles_1/CyberCity_CentralSecurity_Tiles_1/Interior_WallPanel7_1.png,Interior_WallPanel7_1.png,"[0, 0, 131, 54]",131,54,"[0, 0, 131, 54]",11.507,SINGLE_TILE_SPRITE,MODULAR_PART_OK,Useful modular wall/security/tech partial.,keep in production palette
res://assets/tilesets/pvgames_central_security_paintable/PVGamesCentralSecurityWallPaint.tres,wall,wall,wall_0085,CS_0896,res://assets/tilesets/cyber_city_core_tilesets/CyberCity_CentralSecurity_Tiles/CyberCity_CentralSecurity_Tiles_1/CyberCity_CentralSecurity_Tiles_1/Interior_WallPanel8_1.png,Interior_WallPanel8_1.png,"[0, 0, 131, 54]",131,54,"[0, 0, 131, 54]",11.507,SINGLE_TILE_SPRITE,MODULAR_PART_OK,Useful modular wall/security/tech partial.,keep in production palette
res://assets/tilesets/pvgames_central_security_paintable/PVGamesCentralSecurityWallPaint.tres,wall,wall,wall_0086,CS_0904,res://assets/tilesets/cyber_city_core_tilesets/CyberCity_CentralSecurity_Tiles/CyberCity_CentralSecurity_Tiles_1/CyberCity_CentralSecurity_Tiles_1/Interior_WallPanel9_1.png,Interior_WallPanel9_1.png,"[0, 0, 131, 54]",131,54,"[0, 0, 131, 54]",11.507,SINGLE_TILE_SPRITE,MODULAR_PART_OK,Useful modular wall/security/tech partial.,keep in production palette
res://assets/tilesets/pvgames_central_security_paintable/PVGamesCentralSecurityWallPaint.tres,wall,wall,wall_0087,CS_0912,res://assets/tilesets/cyber_city_core_tilesets/CyberCity_CentralSecurity_Tiles/CyberCity_CentralSecurity_Tiles_1/CyberCity_CentralSecurity_Tiles_1/Interior_Window1_1.png,Interior_Window1_1.png,"[0, 0, 131, 54]",131,54,"[0, 0, 131, 54]",11.507,SINGLE_TILE_SPRITE,MODULAR_PART_OK,Useful modular wall/security/tech partial.,keep in production palette
res://assets/tilesets/pvgames_central_security_paintable/PVGamesCentralSecurityWallPaint.tres,wall,wall,wall_0088,CS_0920,res://assets/tilesets/cyber_city_core_tilesets/CyberCity_CentralSecurity_Tiles/CyberCity_CentralSecurity_Tiles_1/CyberCity_CentralSecurity_Tiles_1/Interior_Window2_1.png,Interior_Window2_1.png,"[0, 0, 131, 54]",131,54,"[0, 0, 131, 54]",11.507,SINGLE_TILE_SPRITE,MODULAR_PART_OK,Useful modular wall/security/tech partial.,keep in production palette
res://assets/tilesets/pvgames_central_security_paintable/PVGamesCentralSecurityWallPaint.tres,wall,wall,wall_0089,CS_0928,res://assets/tilesets/cyber_city_core_tilesets/CyberCity_CentralSecurity_Tiles/CyberCity_CentralSecurity_Tiles_1/CyberCity_CentralSecurity_Tiles_1/Interior_Window3_1.png,Interior_Window3_1.png,"[0, 0, 131, 54]",131,54,"[0, 0, 131, 54]",11.281,SINGLE_TILE_SPRITE,MODULAR_PART_OK,Useful modular wall/security/tech partial.,keep in production palette
res://assets/tilesets/pvgames_central_security_paintable/PVGamesCentralSecurityWallPaint.tres,wall,wall,wall_0090,CS_0762,res://assets/tilesets/cyber_city_core_tilesets/CyberCity_CentralSecurity_Tiles/CyberCity_CentralSecurity_Tiles_1/CyberCity_CentralSecurity_Tiles_1/Interior_WallPanel10_3.png,Interior_WallPanel10_3.png,"[0, 0, 134, 59]",134,59,"[0, 0, 134, 59]",21.237,SINGLE_TILE_SPRITE,MODULAR_PART_OK,Useful modular wall/security/tech partial.,keep in production palette
res://assets/tilesets/pvgames_central_security_paintable/PVGamesCentralSecurityWallPaint.tres,wall,wall,wall_0091,CS_0770,res://assets/tilesets/cyber_city_core_tilesets/CyberCity_CentralSecurity_Tiles/CyberCity_CentralSecurity_Tiles_1/CyberCity_CentralSecurity_Tiles_1/Interior_WallPanel11_3.png,Interior_WallPanel11_3.png,"[0, 0, 134, 59]",134,59,"[0, 0, 134, 59]",21.237,SINGLE_TILE_SPRITE,MODULAR_PART_OK,Useful modular wall/security/tech partial.,keep in production palette
res://assets/tilesets/pvgames_central_security_paintable/PVGamesCentralSecurityWallPaint.tres,wall,wall,wall_0092,CS_0778,res://assets/tilesets/cyber_city_core_tilesets/CyberCity_CentralSecurity_Tiles/CyberCity_CentralSecurity_Tiles_1/CyberCity_CentralSecurity_Tiles_1/Interior_WallPanel12_3.png,Interior_WallPanel12_3.png,"[0, 0, 134, 59]",134,59,"[0, 0, 134, 59]",21.237,SINGLE_TILE_SPRITE,MODULAR_PART_OK,Useful modular wall/security/tech partial.,keep in production palette
res://assets/tilesets/pvgames_central_security_paintable/PVGamesCentralSecurityWallPaint.tres,wall,wall,wall_0093,CS_0786,res://assets/tilesets/cyber_city_core_tilesets/CyberCity_CentralSecurity_Tiles/CyberCity_CentralSecurity_Tiles_1/CyberCity_CentralSecurity_Tiles_1/Interior_WallPanel13_3.png,Interior_WallPanel13_3.png,"[0, 0, 134, 59]",134,59,"[0, 0, 134, 59]",21.237,SINGLE_TILE_SPRITE,MODULAR_PART_OK,Useful modular wall/security/tech partial.,keep in production palette
res://assets/tilesets/pvgames_central_security_paintable/PVGamesCentralSecurityWallPaint.tres,wall,wall,wall_0094,CS_0794,res://assets/tilesets/cyber_city_core_tilesets/CyberCity_CentralSecurity_Tiles/CyberCity_CentralSecurity_Tiles_1/CyberCity_CentralSecurity_Tiles_1/Interior_WallPanel14_3.png,Interior_WallPanel14_3.png,"[0, 0, 134, 59]",134,59,"[0, 0, 134, 59]",21.237,SINGLE_TILE_SPRITE,MODULAR_PART_OK,Useful modular wall/security/tech partial.,keep in production palette
res://assets/tilesets/pvgames_central_security_paintable/PVGamesCentralSecurityWallPaint.tres,wall,wall,wall_0095,CS_0802,res://assets/tilesets/cyber_city_core_tilesets/CyberCity_CentralSecurity_Tiles/CyberCity_CentralSecurity_Tiles_1/CyberCity_CentralSecurity_Tiles_1/Interior_WallPanel15_3.png,Interior_WallPanel15_3.png,"[0, 0, 134, 59]",134,59,"[0, 0, 134, 59]",21.49,SINGLE_TILE_SPRITE,MODULAR_PART_OK,Useful modular wall/security/tech partial.,keep in production palette
res://assets/tilesets/pvgames_central_security_paintable/PVGamesCentralSecurityWallPaint.tres,wall,wall,wall_0096,CS_0810,res://assets/tilesets/cyber_city_core_tilesets/CyberCity_CentralSecurity_Tiles/CyberCity_CentralSecurity_Tiles_1/CyberCity_CentralSecurity_Tiles_1/Interior_WallPanel16_3.png,Interior_WallPanel16_3.png,"[0, 0, 134, 59]",134,59,"[0, 0, 134, 59]",21.237,SINGLE_TILE_SPRITE,MODULAR_PART_OK,Useful modular wall/security/tech partial.,keep in production palette
res://assets/tilesets/pvgames_central_security_paintable/PVGamesCentralSecurityWallPaint.tres,wall,wall,wall_0097,CS_0874,res://assets/tilesets/cyber_city_core_tilesets/CyberCity_CentralSecurity_Tiles/CyberCity_CentralSecurity_Tiles_1/CyberCity_CentralSecurity_Tiles_1/Interior_WallPanel5_3.png,Interior_WallPanel5_3.png,"[0, 0, 134, 59]",134,59,"[0, 0, 134, 59]",21.237,SINGLE_TILE_SPRITE,MODULAR_PART_OK,Useful modular wall/security/tech partial.,keep in production palette
res://assets/tilesets/pvgames_central_security_paintable/PVGamesCentralSecurityWallPaint.tres,wall,wall,wall_0098,CS_0882,res://assets/tilesets/cyber_city_core_tilesets/CyberCity_CentralSecurity_Tiles/CyberCity_CentralSecurity_Tiles_1/CyberCity_CentralSecurity_Tiles_1/Interior_WallPanel6_3.png,Interior_WallPanel6_3.png,"[0, 0, 134, 59]",134,59,"[0, 0, 134, 59]",21.237,SINGLE_TILE_SPRITE,MODULAR_PART_OK,Useful modular wall/security/tech partial.,keep in production palette
res://assets/tilesets/pvgames_central_security_paintable/PVGamesCentralSecurityWallPaint.tres,wall,wall,wall_0099,CS_0890,res://assets/tilesets/cyber_city_core_tilesets/CyberCity_CentralSecurity_Tiles/CyberCity_CentralSecurity_Tiles_1/CyberCity_CentralSecurity_Tiles_1/Interior_WallPanel7_3.png,Interior_WallPanel7_3.png,"[0, 0, 134, 59]",134,59,"[0, 0, 134, 59]",21.237,SINGLE_TILE_SPRITE,MODULAR_PART_OK,Useful modular wall/security/tech partial.,keep in production palette
res://assets/tilesets/pvgames_central_security_paintable/PVGamesCentralSecurityWallPaint.tres,wall,wall,wall_0100,CS_0898,res://assets/tilesets/cyber_city_core_tilesets/CyberCity_CentralSecurity_Tiles/CyberCity_CentralSecurity_Tiles_1/CyberCity_CentralSecurity_Tiles_1/Interior_WallPanel8_3.png,Interior_WallPanel8_3.png,"[0, 0, 134, 59]",134,59,"[0, 0, 134, 59]",21.237,SINGLE_TILE_SPRITE,MODULAR_PART_OK,Useful modular wall/security/tech partial.,keep in production palette
res://assets/tilesets/pvgames_central_security_paintable/PVGamesCentralSecurityWallPaint.tres,wall,wall,wall_0101,CS_0906,res://assets/tilesets/cyber_city_core_tilesets/CyberCity_CentralSecurity_Tiles/CyberCity_CentralSecurity_Tiles_1/CyberCity_CentralSecurity_Tiles_1/Interior_WallPanel9_3.png,Interior_WallPanel9_3.png,"[0, 0, 134, 59]",134,59,"[0, 0, 134, 59]",21.237,SINGLE_TILE_SPRITE,MODULAR_PART_OK,Useful modular wall/security/tech partial.,keep in production palette
res://assets/tilesets/pvgames_central_security_paintable/PVGamesCentralSecurityWallPaint.tres,wall,wall,wall_0102,CS_0914,res://assets/tilesets/cyber_city_core_tilesets/CyberCity_CentralSecurity_Tiles/CyberCity_CentralSecurity_Tiles_1/CyberCity_CentralSecurity_Tiles_1/Interior_Window1_3.png,Interior_Window1_3.png,"[0, 0, 134, 59]",134,59,"[0, 0, 134, 59]",21.237,SINGLE_TILE_SPRITE,MODULAR_PART_OK,Useful modular wall/security/tech partial.,keep in production palette
res://assets/tilesets/pvgames_central_security_paintable/PVGamesCentralSecurityWallPaint.tres,wall,wall,wall_0103,CS_0922,res://assets/tilesets/cyber_city_core_tilesets/CyberCity_CentralSecurity_Tiles/CyberCity_CentralSecurity_Tiles_1/CyberCity_CentralSecurity_Tiles_1/Interior_Window2_3.png,Interior_Window2_3.png,"[0, 0, 134, 59]",134,59,"[0, 0, 134, 59]",21.237,SINGLE_TILE_SPRITE,MODULAR_PART_OK,Useful modular wall/security/tech partial.,keep in production palette
res://assets/tilesets/pvgames_central_security_paintable/PVGamesCentralSecurityWallPaint.tres,wall,wall,wall_0104,CS_0930,res://assets/tilesets/cyber_city_core_tilesets/CyberCity_CentralSecurity_Tiles/CyberCity_CentralSecurity_Tiles_1/CyberCity_CentralSecurity_Tiles_1/Interior_Window3_3.png,Interior_Window3_3.png,"[0, 0, 134, 59]",134,59,"[0, 0, 134, 59]",20.655,SINGLE_TILE_SPRITE,MODULAR_PART_OK,Useful modular wall/security/tech partial.,keep in production palette
res://assets/tilesets/pvgames_central_security_paintable/PVGamesCentralSecurityWallPaint.tres,wall,wall,wall_0105,CS_1604,res://assets/tilesets/cyber_city_core_tilesets/CyberCity_CentralSecurity_Tiles/CyberCity_CentralSecurity_Tiles_1/CyberCity_CentralSecurity_Tiles_1/WarRoomDoor1_1.png,WarRoomDoor1_1.png,"[0, 0, 94, 134]",94,134,"[0, 0, 94, 134]",11.226,SINGLE_TILE_SPRITE,MODULAR_PART_OK,Useful modular wall/security/tech partial.,keep in production palette
res://assets/tilesets/pvgames_central_security_paintable/PVGamesCentralSecurityWallPaint.tres,wall,wall,wall_0106,CS_1606,res://assets/tilesets/cyber_city_core_tilesets/CyberCity_CentralSecurity_Tiles/CyberCity_CentralSecurity_Tiles_1/CyberCity_CentralSecurity_Tiles_1/WarRoomDoor1_3.png,WarRoomDoor1_3.png,"[0, 0, 97, 134]",97,134,"[0, 0, 97, 134]",14.01,SINGLE_TILE_SPRITE,MODULAR_PART_OK,Useful modular wall/security/tech partial.,keep in production palette
res://assets/tilesets/pvgames_central_security_paintable/PVGamesCentralSecurityWallPaint.tres,wall,wall,wall_0107,CS_0818,res://assets/tilesets/cyber_city_core_tilesets/CyberCity_CentralSecurity_Tiles/CyberCity_CentralSecurity_Tiles_1/CyberCity_CentralSecurity_Tiles_1/Interior_WallPanel17_3.png,Interior_WallPanel17_3.png,"[0, 0, 134, 103]",134,103,"[0, 0, 134, 103]",14.491,SINGLE_TILE_SPRITE,MODULAR_PART_OK,Useful modular wall/security/tech partial.,keep in production palette
res://assets/tilesets/pvgames_central_security_paintable/PVGamesCentralSecurityWallPaint.tres,wall,wall,wall_0108,CS_1557,res://assets/tilesets/cyber_city_core_tilesets/CyberCity_CentralSecurity_Tiles/CyberCity_CentralSecurity_Tiles_1/CyberCity_CentralSecurity_Tiles_1/WallTech1_2.png,WallTech1_2.png,"[0, 0, 50, 136]",50,136,"[0, 0, 50, 136]",22.118,SINGLE_TILE_SPRITE,MODULAR_PART_OK,Useful modular wall/security/tech partial.,keep in production palette
res://assets/tilesets/pvgames_central_security_paintable/PVGamesCentralSecurityWallPaint.tres,wall,wall,wall_0109,CS_1559,res://assets/tilesets/cyber_city_core_tilesets/CyberCity_CentralSecurity_Tiles/CyberCity_CentralSecurity_Tiles_1/CyberCity_CentralSecurity_Tiles_1/WallTech1_4.png,WallTech1_4.png,"[0, 0, 52, 136]",52,136,"[0, 0, 52, 136]",24.802,SINGLE_TILE_SPRITE,MODULAR_PART_OK,Useful modular wall/security/tech partial.,keep in production palette
res://assets/tilesets/pvgames_central_security_paintable/PVGamesCentralSecurityWallPaint.tres,wall,wall,wall_0110,CS_0816,res://assets/tilesets/cyber_city_core_tilesets/CyberCity_CentralSecurity_Tiles/CyberCity_CentralSecurity_Tiles_1/CyberCity_CentralSecurity_Tiles_1/Interior_WallPanel17_1.png,Interior_WallPanel17_1.png,"[0, 0, 136, 100]",136,100,"[0, 0, 136, 100]",13.015,SINGLE_TILE_SPRITE,MODULAR_PART_OK,Useful modular wall/security/tech partial.,keep in production palette
res://assets/tilesets/pvgames_central_security_paintable/PVGamesCentralSecurityWallPaint.tres,wall,wall,wall_0111,CS_0461,res://assets/tilesets/cyber_city_core_tilesets/CyberCity_CentralSecurity_Tiles/CyberCity_CentralSecurity_Tiles_1/CyberCity_CentralSecurity_Tiles_1/Door6_5.png,Door6_5.png,"[0, 0, 101, 138]",101,138,"[0, 0, 101, 138]",45.738,SINGLE_TILE_SPRITE,MODULAR_PART_OK,Useful modular wall/security/tech partial.,keep in production palette
res://assets/tilesets/pvgames_central_security_paintable/PVGamesCentralSecurityWallPaint.tres,wall,wall,wall_0112,CS_0462,res://assets/tilesets/cyber_city_core_tilesets/CyberCity_CentralSecurity_Tiles/CyberCity_CentralSecurity_Tiles_1/CyberCity_CentralSecurity_Tiles_1/Door6_6.png,Door6_6.png,"[0, 0, 100, 139]",100,139,"[0, 0, 100, 139]",44.187,SINGLE_TILE_SPRITE,MODULAR_PART_OK,Useful modular wall/security/tech partial.,keep in production palette
res://assets/tilesets/pvgames_central_security_paintable/PVGamesCentralSecurityWallPaint.tres,wall,wall,wall_0113,CS_0464,res://assets/tilesets/cyber_city_core_tilesets/CyberCity_CentralSecurity_Tiles/CyberCity_CentralSecurity_Tiles_1/CyberCity_CentralSecurity_Tiles_1/Door6_8.png,Door6_8.png,"[0, 0, 100, 139]",100,139,"[0, 0, 100, 139]",45.245,SINGLE_TILE_SPRITE,MODULAR_PART_OK,Useful modular wall/security/tech partial.,keep in production palette
res://assets/tilesets/pvgames_central_security_paintable/PVGamesCentralSecurityWallPaint.tres,wall,wall,wall_0114,CS_0463,res://assets/tilesets/cyber_city_core_tilesets/CyberCity_CentralSecurity_Tiles/CyberCity_CentralSecurity_Tiles_1/CyberCity_CentralSecurity_Tiles_1/Door6_7.png,Door6_7.png,"[0, 0, 101, 139]",101,139,"[0, 0, 101, 139]",44.576,SINGLE_TILE_SPRITE,MODULAR_PART_OK,Useful modular wall/security/tech partial.,keep in production palette
res://assets/tilesets/pvgames_central_security_paintable/PVGamesCentralSecurityWallPaint.tres,wall,wall,wall_0115,CS_1675,res://assets/tilesets/cyber_city_core_tilesets/CyberCity_CentralSecurity_Tiles/CyberCity_CentralSecurity_Tiles_1/CyberCity_CentralSecurity_Tiles_1/WarRoomWall1_8.png,WarRoomWall1_8.png,"[0, 0, 133, 139]",133,139,"[0, 0, 133, 139]",57.559,SINGLE_TILE_SPRITE,MODULAR_PART_OK,Useful modular wall/security/tech partial.,keep in production palette
res://assets/tilesets/pvgames_central_security_paintable/PVGamesCentralSecurityWallPaint.tres,wall,wall,wall_0116,CS_1673,res://assets/tilesets/cyber_city_core_tilesets/CyberCity_CentralSecurity_Tiles/CyberCity_CentralSecurity_Tiles_1/CyberCity_CentralSecurity_Tiles_1/WarRoomWall1_6.png,WarRoomWall1_6.png,"[0, 0, 135, 140]",135,140,"[0, 0, 135, 140]",58.265,SINGLE_TILE_SPRITE,MODULAR_PART_OK,Useful modular wall/security/tech partial.,keep in production palette
res://assets/tilesets/pvgames_central_security_paintable/PVGamesCentralSecurityWallPaint.tres,wall,wall,wall_0117,CS_1672,res://assets/tilesets/cyber_city_core_tilesets/CyberCity_CentralSecurity_Tiles/CyberCity_CentralSecurity_Tiles_1/CyberCity_CentralSecurity_Tiles_1/WarRoomWall1_5.png,WarRoomWall1_5.png,"[0, 0, 138, 140]",138,140,"[0, 0, 138, 140]",58.395,SINGLE_TILE_SPRITE,MODULAR_PART_OK,Useful modular wall/security/tech partial.,keep in production palette
res://assets/tilesets/pvgames_central_security_paintable/PVGamesCentralSecurityWallPaint.tres,wall,wall,wall_0118,CS_1674,res://assets/tilesets/cyber_city_core_tilesets/CyberCity_CentralSecurity_Tiles/CyberCity_CentralSecurity_Tiles_1/CyberCity_CentralSecurity_Tiles_1/WarRoomWall1_7.png,WarRoomWall1_7.png,"[0, 0, 138, 140]",138,140,"[0, 0, 138, 140]",58.613,SINGLE_TILE_SPRITE,MODULAR_PART_OK,Useful modular wall/security/tech partial.,keep in production palette
res://assets/tilesets/pvgames_central_security_paintable/PVGamesCentralSecurityWallPaint.tres,wall,wall,wall_0119,CS_0458,res://assets/tilesets/cyber_city_core_tilesets/CyberCity_CentralSecurity_Tiles/CyberCity_CentralSecurity_Tiles_1/CyberCity_CentralSecurity_Tiles_1/Door6_2.png,Door6_2.png,"[0, 0, 57, 143]",57,143,"[0, 0, 57, 143]",40.351,SINGLE_TILE_SPRITE,MODULAR_PART_OK,Useful modular wall/security/tech partial.,keep in production palette
res://assets/tilesets/pvgames_central_security_paintable/PVGamesCentralSecurityWallPaint.tres,wall,wall,wall_0120,CS_0460,res://assets/tilesets/cyber_city_core_tilesets/CyberCity_CentralSecurity_Tiles/CyberCity_CentralSecurity_Tiles_1/CyberCity_CentralSecurity_Tiles_1/Door6_4.png,Door6_4.png,"[0, 0, 57, 143]",57,143,"[0, 0, 57, 143]",40.179,SINGLE_TILE_SPRITE,MODULAR_PART_OK,Useful modular wall/security/tech partial.,keep in production palette
res://assets/tilesets/pvgames_central_security_paintable/PVGamesCentralSecurityWallPaint.tres,wall,wall,wall_0121,CS_0451,res://assets/tilesets/cyber_city_core_tilesets/CyberCity_CentralSecurity_Tiles/CyberCity_CentralSecurity_Tiles_1/CyberCity_CentralSecurity_Tiles_1/Door5_3.png,Door5_3.png,"[0, 0, 134, 143]",134,143,"[0, 0, 134, 143]",27.481,SINGLE_TILE_SPRITE,MODULAR_PART_OK,Useful modular wall/security/tech partial.,keep in production palette
res://assets/tilesets/pvgames_central_security_paintable/PVGamesCentralSecurityWallPaint.tres,wall,wall,wall_0122,CS_0449,res://assets/tilesets/cyber_city_core_tilesets/CyberCity_CentralSecurity_Tiles/CyberCity_CentralSecurity_Tiles_1/CyberCity_CentralSecurity_Tiles_1/Door5_1.png,Door5_1.png,"[0, 0, 135, 144]",135,144,"[0, 0, 135, 144]",30.581,SINGLE_TILE_SPRITE,MODULAR_PART_OK,Useful modular wall/security/tech partial.,keep in production palette
res://assets/tilesets/pvgames_central_security_paintable/PVGamesCentralSecurityWallPaint.tres,wall,wall,wall_0123,CS_0824,res://assets/tilesets/cyber_city_core_tilesets/CyberCity_CentralSecurity_Tiles/CyberCity_CentralSecurity_Tiles_1/CyberCity_CentralSecurity_Tiles_1/Interior_WallPanel18_1.png,Interior_WallPanel18_1.png,"[0, 0, 136, 144]",136,144,"[0, 0, 136, 144]",11.229,SINGLE_TILE_SPRITE,MODULAR_PART_OK,Useful modular wall/security/tech partial.,keep in production palette
res://assets/tilesets/pvgames_central_security_paintable/PVGamesCentralSecurityWallPaint.tres,wall,wall,wall_0124,CS_0832,res://assets/tilesets/cyber_city_core_tilesets/CyberCity_CentralSecurity_Tiles/CyberCity_CentralSecurity_Tiles_1/CyberCity_CentralSecurity_Tiles_1/Interior_WallPanel19_1.png,Interior_WallPanel19_1.png,"[0, 0, 136, 144]",136,144,"[0, 0, 136, 144]",11.229,SINGLE_TILE_SPRITE,MODULAR_PART_OK,Useful modular wall/security/tech partial.,keep in production palette
res://assets/tilesets/pvgames_central_security_paintable/PVGamesCentralSecurityWallPaint.tres,wall,wall,wall_0125,CS_0826,res://assets/tilesets/cyber_city_core_tilesets/CyberCity_CentralSecurity_Tiles/CyberCity_CentralSecurity_Tiles_1/CyberCity_CentralSecurity_Tiles_1/Interior_WallPanel18_3.png,Interior_WallPanel18_3.png,"[0, 0, 135, 145]",135,145,"[0, 0, 135, 145]",11.208,SINGLE_TILE_SPRITE,MODULAR_PART_OK,Useful modular wall/security/tech partial.,keep in production palette
res://assets/tilesets/pvgames_central_security_paintable/PVGamesCentralSecurityWallPaint.tres,wall,wall,wall_0126,CS_0834,res://assets/tilesets/cyber_city_core_tilesets/CyberCity_CentralSecurity_Tiles/CyberCity_CentralSecurity_Tiles_1/CyberCity_CentralSecurity_Tiles_1/Interior_WallPanel19_3.png,Interior_WallPanel19_3.png,"[0, 0, 135, 145]",135,145,"[0, 0, 135, 145]",11.208,SINGLE_TILE_SPRITE,MODULAR_PART_OK,Useful modular wall/security/tech partial.,keep in production palette
res://assets/tilesets/pvgames_central_security_paintable/PVGamesCentralSecurityWallPaint.tres,wall,wall,wall_0127,CS_0263,res://assets/tilesets/cyber_city_core_tilesets/CyberCity_CentralSecurity_Tiles/CyberCity_CentralSecurity_Tiles_1/CyberCity_CentralSecurity_Tiles_1/CellDoor1_3.png,CellDoor1_3.png,"[0, 0, 77, 146]",77,146,"[0, 0, 77, 146]",36.986,SINGLE_TILE_SPRITE,MODULAR_PART_OK,Useful modular wall/security/tech partial.,keep in production palette
res://assets/tilesets/pvgames_central_security_paintable/PVGamesCentralSecurityWallPaint.tres,wall,wall,wall_0128,CS_0264,res://assets/tilesets/cyber_city_core_tilesets/CyberCity_CentralSecurity_Tiles/CyberCity_CentralSecurity_Tiles_1/CyberCity_CentralSecurity_Tiles_1/CellDoor1_4.png,CellDoor1_4.png,"[0, 0, 82, 146]",82,146,"[0, 0, 82, 146]",40.92,SINGLE_TILE_SPRITE,MODULAR_PART_OK,Useful modular wall/security/tech partial.,keep in production palette
res://assets/tilesets/pvgames_central_security_paintable/PVGamesCentralSecurityWallPaint.tres,wall,wall,wall_0129,CS_0820,res://assets/tilesets/cyber_city_core_tilesets/CyberCity_CentralSecurity_Tiles/CyberCity_CentralSecurity_Tiles_1/CyberCity_CentralSecurity_Tiles_1/Interior_WallPanel17_5.png,Interior_WallPanel17_5.png,"[0, 0, 99, 154]",99,154,"[0, 0, 99, 154]",42.359,SINGLE_TILE_SPRITE,MODULAR_PART_OK,Useful modular wall/security/tech partial.,keep in production palette
res://assets/tilesets/pvgames_central_security_paintable/PVGamesCentralSecurityWallPaint.tres,wall,wall,wall_0130,CS_0821,res://assets/tilesets/cyber_city_core_tilesets/CyberCity_CentralSecurity_Tiles/CyberCity_CentralSecurity_Tiles_1/CyberCity_CentralSecurity_Tiles_1/Interior_WallPanel17_6.png,Interior_WallPanel17_6.png,"[0, 0, 100, 154]",100,154,"[0, 0, 100, 154]",42.974,SINGLE_TILE_SPRITE,MODULAR_PART_OK,Useful modular wall/security/tech partial.,keep in production palette
res://assets/tilesets/pvgames_central_security_paintable/PVGamesCentralSecurityWallPaint.tres,wall,wall,wall_0131,CS_0822,res://assets/tilesets/cyber_city_core_tilesets/CyberCity_CentralSecurity_Tiles/CyberCity_CentralSecurity_Tiles_1/CyberCity_CentralSecurity_Tiles_1/Interior_WallPanel17_7.png,Interior_WallPanel17_7.png,"[0, 0, 101, 154]",101,154,"[0, 0, 101, 154]",43.558,SINGLE_TILE_SPRITE,MODULAR_PART_OK,Useful modular wall/security/tech partial.,keep in production palette
res://assets/tilesets/pvgames_central_security_paintable/PVGamesCentralSecurityWallPaint.tres,wall,wall,wall_0132,CS_0823,res://assets/tilesets/cyber_city_core_tilesets/CyberCity_CentralSecurity_Tiles/CyberCity_CentralSecurity_Tiles_1/CyberCity_CentralSecurity_Tiles_1/Interior_WallPanel17_8.png,Interior_WallPanel17_8.png,"[0, 0, 101, 155]",101,155,"[0, 0, 101, 155]",43.807,SINGLE_TILE_SPRITE,MODULAR_PART_OK,Useful modular wall/security/tech partial.,keep in production palette
res://assets/tilesets/pvgames_central_security_paintable/PVGamesCentralSecurityWallPaint.tres,wall,wall,wall_0133,CS_0465,res://assets/tilesets/cyber_city_core_tilesets/CyberCity_CentralSecurity_Tiles/CyberCity_CentralSecurity_Tiles_1/CyberCity_CentralSecurity_Tiles_1/Door7_1.png,Door7_1.png,"[0, 0, 145, 159]",145,159,"[0, 0, 145, 159]",36.049,SINGLE_TILE_SPRITE,MODULAR_PART_OK,Useful modular wall/security/tech partial.,keep in production palette
res://assets/tilesets/pvgames_central_security_paintable/PVGamesCentralSecurityWallPaint.tres,wall,wall,wall_0134,CS_0667,res://assets/tilesets/cyber_city_core_tilesets/CyberCity_CentralSecurity_Tiles/CyberCity_CentralSecurity_Tiles_1/CyberCity_CentralSecurity_Tiles_1/Interior_Door1_4.png,Interior_Door1_4.png,"[0, 0, 135, 161]",135,161,"[0, 0, 135, 161]",8.576,SINGLE_TILE_SPRITE,MODULAR_PART_OK,Useful modular wall/security/tech partial.,keep in production palette
res://assets/tilesets/pvgames_central_security_paintable/PVGamesCentralSecurityWallPaint.tres,wall,wall,wall_0135,CS_0675,res://assets/tilesets/cyber_city_core_tilesets/CyberCity_CentralSecurity_Tiles/CyberCity_CentralSecurity_Tiles_1/CyberCity_CentralSecurity_Tiles_1/Interior_Door2_4.png,Interior_Door2_4.png,"[0, 0, 135, 161]",135,161,"[0, 0, 135, 161]",10.016,SINGLE_TILE_SPRITE,MODULAR_PART_OK,Useful modular wall/security/tech partial.,keep in production palette
res://assets/tilesets/pvgames_central_security_paintable/PVGamesCentralSecurityWallPaint.tres,wall,wall,wall_0136,CS_0683,res://assets/tilesets/cyber_city_core_tilesets/CyberCity_CentralSecurity_Tiles/CyberCity_CentralSecurity_Tiles_1/CyberCity_CentralSecurity_Tiles_1/Interior_Door3_4.png,Interior_Door3_4.png,"[0, 0, 135, 161]",135,161,"[0, 0, 135, 161]",21.33,SINGLE_TILE_SPRITE,MODULAR_PART_OK,Useful modular wall/security/tech partial.,keep in production palette
res://assets/tilesets/pvgames_central_security_paintable/PVGamesCentralSecurityWallPaint.tres,wall,wall,wall_0137,CS_0691,res://assets/tilesets/cyber_city_core_tilesets/CyberCity_CentralSecurity_Tiles/CyberCity_CentralSecurity_Tiles_1/CyberCity_CentralSecurity_Tiles_1/Interior_Door4_4.png,Interior_Door4_4.png,"[0, 0, 135, 161]",135,161,"[0, 0, 135, 161]",32.694,SINGLE_TILE_SPRITE,MODULAR_PART_OK,Useful modular wall/security/tech partial.,keep in production palette
res://assets/tilesets/pvgames_central_security_paintable/PVGamesCentralSecurityWallPaint.tres,wall,wall,wall_0138,CS_0699,res://assets/tilesets/cyber_city_core_tilesets/CyberCity_CentralSecurity_Tiles/CyberCity_CentralSecurity_Tiles_1/CyberCity_CentralSecurity_Tiles_1/Interior_Door5_4.png,Interior_Door5_4.png,"[0, 0, 135, 161]",135,161,"[0, 0, 135, 161]",44.095,SINGLE_TILE_SPRITE,MODULAR_PART_OK,Useful modular wall/security/tech partial.,keep in production palette
res://assets/tilesets/pvgames_central_security_paintable/PVGamesCentralSecurityWallPaint.tres,wall,wall,wall_0139,CS_0029,res://assets/tilesets/cyber_city_core_tilesets/CyberCity_CentralSecurity_Tiles/CyberCity_CentralSecurity_Tiles_1/CyberCity_CentralSecurity_Tiles_1/Barrier3_5.png,Barrier3_5.png,"[0, 0, 159, 161]",159,161,"[0, 0, 159, 161]",57.897,SINGLE_TILE_SPRITE,MODULAR_PART_OK,Useful modular wall/security/tech partial.,keep in production palette
res://assets/tilesets/pvgames_central_security_paintable/PVGamesCentralSecurityWallPaint.tres,wall,wall,wall_0140,CS_0031,res://assets/tilesets/cyber_city_core_tilesets/CyberCity_CentralSecurity_Tiles/CyberCity_CentralSecurity_Tiles_1/CyberCity_CentralSecurity_Tiles_1/Barrier3_7.png,Barrier3_7.png,"[0, 0, 163, 160]",163,160,"[0, 0, 163, 160]",60.782,SINGLE_TILE_SPRITE,MODULAR_PART_OK,Useful modular wall/security/tech partial.,keep in production palette
res://assets/tilesets/pvgames_central_security_paintable/PVGamesCentralSecurityWallPaint.tres,wall,wall,wall_0141,CS_0032,res://assets/tilesets/cyber_city_core_tilesets/CyberCity_CentralSecurity_Tiles/CyberCity_CentralSecurity_Tiles_1/CyberCity_CentralSecurity_Tiles_1/Barrier3_8.png,Barrier3_8.png,"[0, 0, 161, 163]",161,163,"[0, 0, 161, 163]",60.725,SINGLE_TILE_SPRITE,MODULAR_PART_OK,Useful modular wall/security/tech partial.,keep in production palette
res://assets/tilesets/pvgames_central_security_paintable/PVGamesCentralSecurityWallPaint.tres,wall,wall,wall_0142,CS_0665,res://assets/tilesets/cyber_city_core_tilesets/CyberCity_CentralSecurity_Tiles/CyberCity_CentralSecurity_Tiles_1/CyberCity_CentralSecurity_Tiles_1/Interior_Door1_2.png,Interior_Door1_2.png,"[0, 0, 136, 164]",136,164,"[0, 0, 136, 164]",10.859,SINGLE_TILE_SPRITE,MODULAR_PART_OK,Useful modular wall/security/tech partial.,keep in production palette
res://assets/tilesets/pvgames_central_security_paintable/PVGamesCentralSecurityWallPaint.tres,wall,wall,wall_0143,CS_0673,res://assets/tilesets/cyber_city_core_tilesets/CyberCity_CentralSecurity_Tiles/CyberCity_CentralSecurity_Tiles_1/CyberCity_CentralSecurity_Tiles_1/Interior_Door2_2.png,Interior_Door2_2.png,"[0, 0, 136, 164]",136,164,"[0, 0, 136, 164]",12.294,SINGLE_TILE_SPRITE,MODULAR_PART_OK,Useful modular wall/security/tech partial.,keep in production palette
res://assets/tilesets/pvgames_central_security_paintable/PVGamesCentralSecurityWallPaint.tres,wall,wall,wall_0144,CS_0681,res://assets/tilesets/cyber_city_core_tilesets/CyberCity_CentralSecurity_Tiles/CyberCity_CentralSecurity_Tiles_1/CyberCity_CentralSecurity_Tiles_1/Interior_Door3_2.png,Interior_Door3_2.png,"[0, 0, 136, 164]",136,164,"[0, 0, 136, 164]",23.256,SINGLE_TILE_SPRITE,MODULAR_PART_OK,Useful modular wall/security/tech partial.,keep in production palette
res://assets/tilesets/pvgames_central_security_paintable/PVGamesCentralSecurityWallPaint.tres,wall,wall,wall_0145,CS_0689,res://assets/tilesets/cyber_city_core_tilesets/CyberCity_CentralSecurity_Tiles/CyberCity_CentralSecurity_Tiles_1/CyberCity_CentralSecurity_Tiles_1/Interior_Door4_2.png,Interior_Door4_2.png,"[0, 0, 136, 164]",136,164,"[0, 0, 136, 164]",34.357,SINGLE_TILE_SPRITE,MODULAR_PART_OK,Useful modular wall/security/tech partial.,keep in production palette
res://assets/tilesets/pvgames_central_security_paintable/PVGamesCentralSecurityWallPaint.tres,wall,wall,wall_0146,CS_0697,res://assets/tilesets/cyber_city_core_tilesets/CyberCity_CentralSecurity_Tiles/CyberCity_CentralSecurity_Tiles_1/CyberCity_CentralSecurity_Tiles_1/Interior_Door5_2.png,Interior_Door5_2.png,"[0, 0, 136, 164]",136,164,"[0, 0, 136, 164]",45.431,SINGLE_TILE_SPRITE,MODULAR_PART_OK,Useful modular wall/security/tech partial.,keep in production palette
res://assets/tilesets/pvgames_central_security_paintable/PVGamesCentralSecurityWallPaint.tres,wall,wall,wall_0147,CS_0030,res://assets/tilesets/cyber_city_core_tilesets/CyberCity_CentralSecurity_Tiles/CyberCity_CentralSecurity_Tiles_1/CyberCity_CentralSecurity_Tiles_1/Barrier3_6.png,Barrier3_6.png,"[0, 0, 166, 162]",166,162,"[0, 0, 166, 162]",59.947,SINGLE_TILE_SPRITE,MODULAR_PART_OK,Useful modular wall/security/tech partial.,keep in production palette
res://assets/tilesets/pvgames_central_security_paintable/PVGamesCentralSecurityWallPaint.tres,wall,wall,wall_0148,CS_1610,res://assets/tilesets/cyber_city_core_tilesets/CyberCity_CentralSecurity_Tiles/CyberCity_CentralSecurity_Tiles_1/CyberCity_CentralSecurity_Tiles_1/WarRoomDoor1_7.png,WarRoomDoor1_7.png,"[0, 0, 71, 167]",71,167,"[0, 0, 71, 167]",27.427,SINGLE_TILE_SPRITE,MODULAR_PART_OK,Useful modular wall/security/tech partial.,keep in production palette
res://assets/tilesets/pvgames_central_security_paintable/PVGamesCentralSecurityWallPaint.tres,wall,wall,wall_0149,CS_1608,res://assets/tilesets/cyber_city_core_tilesets/CyberCity_CentralSecurity_Tiles/CyberCity_CentralSecurity_Tiles_1/CyberCity_CentralSecurity_Tiles_1/WarRoomDoor1_5.png,WarRoomDoor1_5.png,"[0, 0, 75, 167]",75,167,"[0, 0, 75, 167]",30.946,SINGLE_TILE_SPRITE,MODULAR_PART_OK,Useful modular wall/security/tech partial.,keep in production palette
res://assets/tilesets/pvgames_central_security_paintable/PVGamesCentralSecurityWallPaint.tres,wall,wall,wall_0150,CS_1611,res://assets/tilesets/cyber_city_core_tilesets/CyberCity_CentralSecurity_Tiles/CyberCity_CentralSecurity_Tiles_1/CyberCity_CentralSecurity_Tiles_1/WarRoomDoor1_8.png,WarRoomDoor1_8.png,"[0, 0, 74, 168]",74,168,"[0, 0, 74, 168]",30.663,SINGLE_TILE_SPRITE,MODULAR_PART_OK,Useful modular wall/security/tech partial.,keep in production palette
res://assets/tilesets/pvgames_central_security_paintable/PVGamesCentralSecurityWallPaint.tres,wall,wall,wall_0151,CS_1609,res://assets/tilesets/cyber_city_core_tilesets/CyberCity_CentralSecurity_Tiles/CyberCity_CentralSecurity_Tiles_1/CyberCity_CentralSecurity_Tiles_1/WarRoomDoor1_6.png,WarRoomDoor1_6.png,"[0, 0, 77, 168]",77,168,"[0, 0, 77, 168]",33.148,SINGLE_TILE_SPRITE,MODULAR_PART_OK,Useful modular wall/security/tech partial.,keep in production palette
res://assets/tilesets/pvgames_central_security_paintable/PVGamesCentralSecurityWallPaint.tres,wall,wall,wall_0152,CS_0456,res://assets/tilesets/cyber_city_core_tilesets/CyberCity_CentralSecurity_Tiles/CyberCity_CentralSecurity_Tiles_1/CyberCity_CentralSecurity_Tiles_1/Door5_8.png,Door5_8.png,"[0, 0, 128, 174]",128,174,"[0, 0, 128, 174]",41.348,SINGLE_TILE_SPRITE,MODULAR_PART_OK,Useful modular wall/security/tech partial.,keep in production palette
res://assets/tilesets/pvgames_central_security_paintable/PVGamesCentralSecurityWallPaint.tres,wall,wall,wall_0153,CS_0454,res://assets/tilesets/cyber_city_core_tilesets/CyberCity_CentralSecurity_Tiles/CyberCity_CentralSecurity_Tiles_1/CyberCity_CentralSecurity_Tiles_1/Door5_6.png,Door5_6.png,"[0, 0, 128, 175]",128,175,"[0, 0, 128, 175]",43.871,SINGLE_TILE_SPRITE,MODULAR_PART_OK,Useful modular wall/security/tech partial.,keep in production palette
res://assets/tilesets/pvgames_central_security_paintable/PVGamesCentralSecurityWallPaint.tres,wall,wall,wall_0154,CS_0455,res://assets/tilesets/cyber_city_core_tilesets/CyberCity_CentralSecurity_Tiles/CyberCity_CentralSecurity_Tiles_1/CyberCity_CentralSecurity_Tiles_1/Door5_7.png,Door5_7.png,"[0, 0, 132, 175]",132,175,"[0, 0, 132, 175]",43.052,SINGLE_TILE_SPRITE,MODULAR_PART_OK,Useful modular wall/security/tech partial.,keep in production palette
res://assets/tilesets/pvgames_central_security_paintable/PVGamesCentralSecurityWallPaint.tres,wall,wall,wall_0155,CS_1671,res://assets/tilesets/cyber_city_core_tilesets/CyberCity_CentralSecurity_Tiles/CyberCity_CentralSecurity_Tiles_1/CyberCity_CentralSecurity_Tiles_1/WarRoomWall1_4.png,WarRoomWall1_4.png,"[0, 0, 178, 59]",178,59,"[0, 0, 178, 59]",5.98,SINGLE_TILE_SPRITE,MODULAR_PART_OK,Useful modular wall/security/tech partial.,keep in production palette
res://assets/tilesets/pvgames_central_security_paintable/PVGamesCentralSecurityWallPaint.tres,wall,wall,wall_0156,CS_0453,res://assets/tilesets/cyber_city_core_tilesets/CyberCity_CentralSecurity_Tiles/CyberCity_CentralSecurity_Tiles_1/CyberCity_CentralSecurity_Tiles_1/Door5_5.png,Door5_5.png,"[0, 0, 129, 178]",129,178,"[0, 0, 129, 178]",44.007,SINGLE_TILE_SPRITE,MODULAR_PART_OK,Useful modular wall/security/tech partial.,keep in production palette
res://assets/tilesets/pvgames_central_security_paintable/PVGamesCentralSecurityWallPaint.tres,wall,wall,wall_0157,CS_0467,res://assets/tilesets/cyber_city_core_tilesets/CyberCity_CentralSecurity_Tiles/CyberCity_CentralSecurity_Tiles_1/CyberCity_CentralSecurity_Tiles_1/Door7_3.png,Door7_3.png,"[0, 0, 144, 178]",144,178,"[0, 0, 144, 178]",34.621,SINGLE_TILE_SPRITE,MODULAR_PART_OK,Useful modular wall/security/tech partial.,keep in production palette
res://assets/tilesets/pvgames_central_security_paintable/PVGamesCentralSecurityWallPaint.tres,wall,wall,wall_0158,CS_1669,res://assets/tilesets/cyber_city_core_tilesets/CyberCity_CentralSecurity_Tiles/CyberCity_CentralSecurity_Tiles_1/CyberCity_CentralSecurity_Tiles_1/WarRoomWall1_2.png,WarRoomWall1_2.png,"[0, 0, 181, 66]",181,66,"[0, 0, 181, 66]",15.537,SINGLE_TILE_SPRITE,MODULAR_PART_OK,Useful modular wall/security/tech partial.,keep in production palette
res://assets/tilesets/pvgames_central_security_paintable/PVGamesCentralSecurityWallPaint.tres,wall,wall,wall_0159,CS_0452,res://assets/tilesets/cyber_city_core_tilesets/CyberCity_CentralSecurity_Tiles/CyberCity_CentralSecurity_Tiles_1/CyberCity_CentralSecurity_Tiles_1/Door5_4.png,Door5_4.png,"[0, 0, 84, 182]",84,182,"[0, 0, 84, 182]",38.396,SINGLE_TILE_SPRITE,MODULAR_PART_OK,Useful modular wall/security/tech partial.,keep in production palette
res://assets/tilesets/pvgames_central_security_paintable/PVGamesCentralSecurityWallPaint.tres,wall,wall,wall_0160,CS_0450,res://assets/tilesets/cyber_city_core_tilesets/CyberCity_CentralSecurity_Tiles/CyberCity_CentralSecurity_Tiles_1/CyberCity_CentralSecurity_Tiles_1/Door5_2.png,Door5_2.png,"[0, 0, 80, 187]",80,187,"[0, 0, 80, 187]",35.434,SINGLE_TILE_SPRITE,MODULAR_PART_OK,Useful modular wall/security/tech partial.,keep in production palette
res://assets/tilesets/pvgames_central_security_paintable/PVGamesCentralSecurityWallPaint.tres,wall,wall,wall_0161,CS_0470,res://assets/tilesets/cyber_city_core_tilesets/CyberCity_CentralSecurity_Tiles/CyberCity_CentralSecurity_Tiles_1/CyberCity_CentralSecurity_Tiles_1/Door7_6.png,Door7_6.png,"[0, 0, 136, 191]",136,191,"[0, 0, 136, 191]",50.993,SINGLE_TILE_SPRITE,MODULAR_PART_OK,Useful modular wall/security/tech partial.,keep in production palette
res://assets/tilesets/pvgames_central_security_paintable/PVGamesCentralSecurityWallPaint.tres,wall,wall,wall_0162,CS_0469,res://assets/tilesets/cyber_city_core_tilesets/CyberCity_CentralSecurity_Tiles/CyberCity_CentralSecurity_Tiles_1/CyberCity_CentralSecurity_Tiles_1/Door7_5.png,Door7_5.png,"[0, 0, 141, 192]",141,192,"[0, 0, 141, 192]",47.418,SINGLE_TILE_SPRITE,MODULAR_PART_OK,Useful modular wall/security/tech partial.,keep in production palette
res://assets/tilesets/pvgames_central_security_paintable/PVGamesCentralSecurityWallPaint.tres,wall,wall,wall_0163,CS_0028,res://assets/tilesets/cyber_city_core_tilesets/CyberCity_CentralSecurity_Tiles/CyberCity_CentralSecurity_Tiles_1/CyberCity_CentralSecurity_Tiles_1/Barrier3_4.png,Barrier3_4.png,"[0, 0, 50, 195]",50,195,"[0, 0, 50, 195]",39.405,SINGLE_TILE_SPRITE,MODULAR_PART_OK,Useful modular wall/security/tech partial.,keep in production palette
res://assets/tilesets/pvgames_central_security_paintable/PVGamesCentralSecurityWallPaint.tres,wall,wall,wall_0164,CS_0829,res://assets/tilesets/cyber_city_core_tilesets/CyberCity_CentralSecurity_Tiles/CyberCity_CentralSecurity_Tiles_1/CyberCity_CentralSecurity_Tiles_1/Interior_WallPanel18_6.png,Interior_WallPanel18_6.png,"[0, 0, 100, 198]",100,198,"[0, 0, 100, 198]",35.015,SINGLE_TILE_SPRITE,MODULAR_PART_OK,Useful modular wall/security/tech partial.,keep in production palette
res://assets/tilesets/pvgames_central_security_paintable/PVGamesCentralSecurityWallPaint.tres,wall,wall,wall_0165,CS_0837,res://assets/tilesets/cyber_city_core_tilesets/CyberCity_CentralSecurity_Tiles/CyberCity_CentralSecurity_Tiles_1/CyberCity_CentralSecurity_Tiles_1/Interior_WallPanel19_6.png,Interior_WallPanel19_6.png,"[0, 0, 100, 198]",100,198,"[0, 0, 100, 198]",35.015,SINGLE_TILE_SPRITE,MODULAR_PART_OK,Useful modular wall/security/tech partial.,keep in production palette
res://assets/tilesets/pvgames_central_security_paintable/PVGamesCentralSecurityWallPaint.tres,wall,wall,wall_0166,CS_0830,res://assets/tilesets/cyber_city_core_tilesets/CyberCity_CentralSecurity_Tiles/CyberCity_CentralSecurity_Tiles_1/CyberCity_CentralSecurity_Tiles_1/Interior_WallPanel18_7.png,Interior_WallPanel18_7.png,"[0, 0, 101, 198]",101,198,"[0, 0, 101, 198]",35.644,SINGLE_TILE_SPRITE,MODULAR_PART_OK,Useful modular wall/security/tech partial.,keep in production palette
res://assets/tilesets/pvgames_central_security_paintable/PVGamesCentralSecurityWallPaint.tres,wall,wall,wall_0167,CS_0831,res://assets/tilesets/cyber_city_core_tilesets/CyberCity_CentralSecurity_Tiles/CyberCity_CentralSecurity_Tiles_1/CyberCity_CentralSecurity_Tiles_1/Interior_WallPanel18_8.png,Interior_WallPanel18_8.png,"[0, 0, 101, 198]",101,198,"[0, 0, 101, 198]",35.599,SINGLE_TILE_SPRITE,MODULAR_PART_OK,Useful modular wall/security/tech partial.,keep in production palette
res://assets/tilesets/pvgames_central_security_paintable/PVGamesCentralSecurityWallPaint.tres,wall,wall,wall_0168,CS_0838,res://assets/tilesets/cyber_city_core_tilesets/CyberCity_CentralSecurity_Tiles/CyberCity_CentralSecurity_Tiles_1/CyberCity_CentralSecurity_Tiles_1/Interior_WallPanel19_7.png,Interior_WallPanel19_7.png,"[0, 0, 101, 198]",101,198,"[0, 0, 101, 198]",35.644,SINGLE_TILE_SPRITE,MODULAR_PART_OK,Useful modular wall/security/tech partial.,keep in production palette
res://assets/tilesets/pvgames_central_security_paintable/PVGamesCentralSecurityWallPaint.tres,wall,wall,wall_0169,CS_0839,res://assets/tilesets/cyber_city_core_tilesets/CyberCity_CentralSecurity_Tiles/CyberCity_CentralSecurity_Tiles_1/CyberCity_CentralSecurity_Tiles_1/Interior_WallPanel19_8.png,Interior_WallPanel19_8.png,"[0, 0, 101, 198]",101,198,"[0, 0, 101, 198]",35.599,SINGLE_TILE_SPRITE,MODULAR_PART_OK,Useful modular wall/security/tech partial.,keep in production palette
res://assets/tilesets/pvgames_central_security_paintable/PVGamesCentralSecurityWallPaint.tres,wall,wall,wall_0170,CS_0828,res://assets/tilesets/cyber_city_core_tilesets/CyberCity_CentralSecurity_Tiles/CyberCity_CentralSecurity_Tiles_1/CyberCity_CentralSecurity_Tiles_1/Interior_WallPanel18_5.png,Interior_WallPanel18_5.png,"[0, 0, 100, 201]",100,201,"[0, 0, 100, 201]",35.955,SINGLE_TILE_SPRITE,MODULAR_PART_OK,Useful modular wall/security/tech partial.,keep in production palette
res://assets/tilesets/pvgames_central_security_paintable/PVGamesCentralSecurityWallPaint.tres,wall,wall,wall_0171,CS_0836,res://assets/tilesets/cyber_city_core_tilesets/CyberCity_CentralSecurity_Tiles/CyberCity_CentralSecurity_Tiles_1/CyberCity_CentralSecurity_Tiles_1/Interior_WallPanel19_5.png,Interior_WallPanel19_5.png,"[0, 0, 100, 201]",100,201,"[0, 0, 100, 201]",35.955,SINGLE_TILE_SPRITE,MODULAR_PART_OK,Useful modular wall/security/tech partial.,keep in production palette
res://assets/tilesets/pvgames_central_security_paintable/PVGamesCentralSecurityWallPaint.tres,wall,wall,wall_0172,CS_0472,res://assets/tilesets/cyber_city_core_tilesets/CyberCity_CentralSecurity_Tiles/CyberCity_CentralSecurity_Tiles_1/CyberCity_CentralSecurity_Tiles_1/Door7_8.png,Door7_8.png,"[0, 0, 134, 204]",134,204,"[0, 0, 134, 204]",46.763,SINGLE_TILE_SPRITE,MODULAR_PART_OK,Useful modular wall/security/tech partial.,keep in production palette
res://assets/tilesets/pvgames_central_security_paintable/PVGamesCentralSecurityWallPaint.tres,wall,wall,wall_0173,CS_0471,res://assets/tilesets/cyber_city_core_tilesets/CyberCity_CentralSecurity_Tiles/CyberCity_CentralSecurity_Tiles_1/CyberCity_CentralSecurity_Tiles_1/Door7_7.png,Door7_7.png,"[0, 0, 139, 205]",139,205,"[0, 0, 139, 205]",42.93,SINGLE_TILE_SPRITE,MODULAR_PART_OK,Useful modular wall/security/tech partial.,keep in production palette
res://assets/tilesets/pvgames_central_security_paintable/PVGamesCentralSecurityWallPaint.tres,wall,wall,wall_0174,CS_0466,res://assets/tilesets/cyber_city_core_tilesets/CyberCity_CentralSecurity_Tiles/CyberCity_CentralSecurity_Tiles_1/CyberCity_CentralSecurity_Tiles_1/Door7_2.png,Door7_2.png,"[0, 0, 100, 206]",100,206,"[0, 0, 100, 206]",43.393,SINGLE_TILE_SPRITE,MODULAR_PART_OK,Useful modular wall/security/tech partial.,keep in production palette
res://assets/tilesets/pvgames_central_security_paintable/PVGamesCentralSecurityWallPaint.tres,wall,wall,wall_0175,CS_0025,res://assets/tilesets/cyber_city_core_tilesets/CyberCity_CentralSecurity_Tiles/CyberCity_CentralSecurity_Tiles_1/CyberCity_CentralSecurity_Tiles_1/Barrier3_1.png,Barrier3_1.png,"[0, 0, 208, 84]",208,84,"[0, 0, 208, 84]",20.908,SINGLE_TILE_SPRITE,MODULAR_PART_OK,Useful modular wall/security/tech partial.,keep in production palette
res://assets/tilesets/pvgames_central_security_paintable/PVGamesCentralSecurityWallPaint.tres,wall,wall,wall_0176,CS_0468,res://assets/tilesets/cyber_city_core_tilesets/CyberCity_CentralSecurity_Tiles/CyberCity_CentralSecurity_Tiles_1/CyberCity_CentralSecurity_Tiles_1/Door7_4.png,Door7_4.png,"[0, 0, 87, 210]",87,210,"[0, 0, 87, 210]",49.239,SINGLE_TILE_SPRITE,MODULAR_PART_OK,Useful modular wall/security/tech partial.,keep in production palette
res://assets/tilesets/pvgames_central_security_paintable/PVGamesCentralSecurityWallPaint.tres,wall,wall,wall_0177,CS_0027,res://assets/tilesets/cyber_city_core_tilesets/CyberCity_CentralSecurity_Tiles/CyberCity_CentralSecurity_Tiles_1/CyberCity_CentralSecurity_Tiles_1/Barrier3_3.png,Barrier3_3.png,"[0, 0, 211, 80]",211,80,"[0, 0, 211, 80]",21.262,SINGLE_TILE_SPRITE,MODULAR_PART_OK,Useful modular wall/security/tech partial.,keep in production palette
res://assets/tilesets/pvgames_central_security_paintable/PVGamesCentralSecurityWallPaint.tres,wall,wall,wall_0178,CS_0669,res://assets/tilesets/cyber_city_core_tilesets/CyberCity_CentralSecurity_Tiles/CyberCity_CentralSecurity_Tiles_1/CyberCity_CentralSecurity_Tiles_1/Interior_Door1_6.png,Interior_Door1_6.png,"[0, 0, 120, 212]",120,212,"[0, 0, 120, 212]",29.186,SINGLE_TILE_SPRITE,MODULAR_PART_OK,Useful modular wall/security/tech partial.,keep in production palette
res://assets/tilesets/pvgames_central_security_paintable/PVGamesCentralSecurityWallPaint.tres,wall,wall,wall_0179,CS_0677,res://assets/tilesets/cyber_city_core_tilesets/CyberCity_CentralSecurity_Tiles/CyberCity_CentralSecurity_Tiles_1/CyberCity_CentralSecurity_Tiles_1/Interior_Door2_6.png,Interior_Door2_6.png,"[0, 0, 120, 212]",120,212,"[0, 0, 120, 212]",29.186,SINGLE_TILE_SPRITE,MODULAR_PART_OK,Useful modular wall/security/tech partial.,keep in production palette
res://assets/tilesets/pvgames_central_security_paintable/PVGamesCentralSecurityPropSignPaint.tres,prop_sign,prop_sign,prop_sign_0000,CS_0269,res://assets/tilesets/cyber_city_core_tilesets/CyberCity_CentralSecurity_Tiles/CyberCity_CentralSecurity_Tiles_1/CyberCity_CentralSecurity_Tiles_1/Chair1_5.png,Chair1_5.png,"[0, 0, 59, 54]",59,54,"[0, 0, 59, 54]",46.861,SINGLE_TILE_SPRITE,READY_TO_PAINT,Coherent paintable Central Security asset.,keep in production palette
res://assets/tilesets/pvgames_central_security_paintable/PVGamesCentralSecurityPropSignPaint.tres,prop_sign,prop_sign,prop_sign_0001,CS_0279,res://assets/tilesets/cyber_city_core_tilesets/CyberCity_CentralSecurity_Tiles/CyberCity_CentralSecurity_Tiles_1/CyberCity_CentralSecurity_Tiles_1/Chair2_7.png,Chair2_7.png,"[0, 0, 56, 61]",56,61,"[0, 0, 56, 61]",46.429,SINGLE_TILE_SPRITE,READY_TO_PAINT,Coherent paintable Central Security asset.,keep in production palette
res://assets/tilesets/pvgames_central_security_paintable/PVGamesCentralSecurityPropSignPaint.tres,prop_sign,prop_sign,prop_sign_0002,CS_0277,res://assets/tilesets/cyber_city_core_tilesets/CyberCity_CentralSecurity_Tiles/CyberCity_CentralSecurity_Tiles_1/CyberCity_CentralSecurity_Tiles_1/Chair2_5.png,Chair2_5.png,"[0, 0, 48, 62]",48,62,"[0, 0, 48, 62]",43.918,SINGLE_TILE_SPRITE,READY_TO_PAINT,Coherent paintable Central Security asset.,keep in production palette
res://assets/tilesets/pvgames_central_security_paintable/PVGamesCentralSecurityPropSignPaint.tres,prop_sign,prop_sign,prop_sign_0003,CS_1194,res://assets/tilesets/cyber_city_core_tilesets/CyberCity_CentralSecurity_Tiles/CyberCity_CentralSecurity_Tiles_1/CyberCity_CentralSecurity_Tiles_1/Spotlight1_1.png,Spotlight1_1.png,"[0, 0, 54, 63]",54,63,"[0, 0, 54, 63]",33.304,SINGLE_TILE_SPRITE,READY_TO_PAINT,Coherent paintable Central Security asset.,keep in production palette
res://assets/tilesets/pvgames_central_security_paintable/PVGamesCentralSecurityPropSignPaint.tres,prop_sign,prop_sign,prop_sign_0004,CS_1199,res://assets/tilesets/cyber_city_core_tilesets/CyberCity_CentralSecurity_Tiles/CyberCity_CentralSecurity_Tiles_1/CyberCity_CentralSecurity_Tiles_1/Spotlight1_6.png,Spotlight1_6.png,"[0, 0, 56, 63]",56,63,"[0, 0, 56, 63]",33.22,SINGLE_TILE_SPRITE,READY_TO_PAINT,Coherent paintable Central Security asset.,keep in production palette
res://assets/tilesets/pvgames_central_security_paintable/PVGamesCentralSecurityPropSignPaint.tres,prop_sign,prop_sign,prop_sign_0005,CS_1196,res://assets/tilesets/cyber_city_core_tilesets/CyberCity_CentralSecurity_Tiles/CyberCity_CentralSecurity_Tiles_1/CyberCity_CentralSecurity_Tiles_1/Spotlight1_3.png,Spotlight1_3.png,"[0, 0, 54, 64]",54,64,"[0, 0, 54, 64]",34.867,SINGLE_TILE_SPRITE,READY_TO_PAINT,Coherent paintable Central Security asset.,keep in production palette
res://assets/tilesets/pvgames_central_security_paintable/PVGamesCentralSecurityPropSignPaint.tres,prop_sign,prop_sign,prop_sign_0006,CS_0265,res://assets/tilesets/cyber_city_core_tilesets/CyberCity_CentralSecurity_Tiles/CyberCity_CentralSecurity_Tiles_1/CyberCity_CentralSecurity_Tiles_1/Chair1_1.png,Chair1_1.png,"[0, 0, 54, 65]",54,65,"[0, 0, 54, 65]",46.553,SINGLE_TILE_SPRITE,READY_TO_PAINT,Coherent paintable Central Security asset.,keep in production palette
res://assets/tilesets/pvgames_central_security_paintable/PVGamesCentralSecurityPropSignPaint.tres,prop_sign,prop_sign,prop_sign_0007,CS_1198,res://assets/tilesets/cyber_city_core_tilesets/CyberCity_CentralSecurity_Tiles/CyberCity_CentralSecurity_Tiles_1/CyberCity_CentralSecurity_Tiles_1/Spotlight1_5.png,Spotlight1_5.png,"[0, 0, 56, 65]",56,65,"[0, 0, 56, 65]",31.923,SINGLE_TILE_SPRITE,READY_TO_PAINT,Coherent paintable Central Security asset.,keep in production palette
res://assets/tilesets/pvgames_central_security_paintable/PVGamesCentralSecurityPropSignPaint.tres,prop_sign,prop_sign,prop_sign_0008,CS_1197,res://assets/tilesets/cyber_city_core_tilesets/CyberCity_CentralSecurity_Tiles/CyberCity_CentralSecurity_Tiles_1/CyberCity_CentralSecurity_Tiles_1/Spotlight1_4.png,Spotlight1_4.png,"[0, 0, 55, 66]",55,66,"[0, 0, 55, 66]",35.482,SINGLE_TILE_SPRITE,READY_TO_PAINT,Coherent paintable Central Security asset.,keep in production palette
res://assets/tilesets/pvgames_central_security_paintable/PVGamesCentralSecurityPropSignPaint.tres,prop_sign,prop_sign,prop_sign_0009,CS_1201,res://assets/tilesets/cyber_city_core_tilesets/CyberCity_CentralSecurity_Tiles/CyberCity_CentralSecurity_Tiles_1/CyberCity_CentralSecurity_Tiles_1/Spotlight1_8.png,Spotlight1_8.png,"[0, 0, 58, 66]",58,66,"[0, 0, 58, 66]",40.021,SINGLE_TILE_SPRITE,READY_TO_PAINT,Coherent paintable Central Security asset.,keep in production palette
res://assets/tilesets/pvgames_central_security_paintable/PVGamesCentralSecurityPropSignPaint.tres,prop_sign,prop_sign,prop_sign_0010,CS_0267,res://assets/tilesets/cyber_city_core_tilesets/CyberCity_CentralSecurity_Tiles/CyberCity_CentralSecurity_Tiles_1/CyberCity_CentralSecurity_Tiles_1/Chair1_3.png,Chair1_3.png,"[0, 0, 65, 66]",65,66,"[0, 0, 65, 66]",46.853,SINGLE_TILE_SPRITE,READY_TO_PAINT,Coherent paintable Central Security asset.,keep in production palette
res://assets/tilesets/pvgames_central_security_paintable/PVGamesCentralSecurityPropSignPaint.tres,prop_sign,prop_sign,prop_sign_0011,CS_0271,res://assets/tilesets/cyber_city_core_tilesets/CyberCity_CentralSecurity_Tiles/CyberCity_CentralSecurity_Tiles_1/CyberCity_CentralSecurity_Tiles_1/Chair1_7.png,Chair1_7.png,"[0, 0, 67, 55]",67,55,"[0, 0, 67, 55]",47.734,SINGLE_TILE_SPRITE,READY_TO_PAINT,Coherent paintable Central Security asset.,keep in production palette
res://assets/tilesets/pvgames_central_security_paintable/PVGamesCentralSecurityPropSignPaint.tres,prop_sign,prop_sign,prop_sign_0012,CS_0273,res://assets/tilesets/cyber_city_core_tilesets/CyberCity_CentralSecurity_Tiles/CyberCity_CentralSecurity_Tiles_1/CyberCity_CentralSecurity_Tiles_1/Chair2_1.png,Chair2_1.png,"[0, 0, 52, 70]",52,70,"[0, 0, 52, 70]",54.341,SINGLE_TILE_SPRITE,READY_TO_PAINT,Coherent paintable Central Security asset.,keep in production palette
res://assets/tilesets/pvgames_central_security_paintable/PVGamesCentralSecurityPropSignPaint.tres,prop_sign,prop_sign,prop_sign_0013,CS_0275,res://assets/tilesets/cyber_city_core_tilesets/CyberCity_CentralSecurity_Tiles/CyberCity_CentralSecurity_Tiles_1/CyberCity_CentralSecurity_Tiles_1/Chair2_3.png,Chair2_3.png,"[0, 0, 58, 70]",58,70,"[0, 0, 58, 70]",53.966,SINGLE_TILE_SPRITE,READY_TO_PAINT,Coherent paintable Central Security asset.,keep in production palette
res://assets/tilesets/pvgames_central_security_paintable/PVGamesCentralSecurityPropSignPaint.tres,prop_sign,prop_sign,prop_sign_0014,CS_1550,res://assets/tilesets/cyber_city_core_tilesets/CyberCity_CentralSecurity_Tiles/CyberCity_CentralSecurity_Tiles_1/CyberCity_CentralSecurity_Tiles_1/Vent2_3.png,Vent2_3.png,"[0, 0, 61, 74]",61,74,"[0, 0, 61, 74]",29.663,SINGLE_TILE_SPRITE,READY_TO_PAINT,Coherent paintable Central Security asset.,keep in production palette
res://assets/tilesets/pvgames_central_security_paintable/PVGamesCentralSecurityPropSignPaint.tres,prop_sign,prop_sign,prop_sign_0015,CS_1554,res://assets/tilesets/cyber_city_core_tilesets/CyberCity_CentralSecurity_Tiles/CyberCity_CentralSecurity_Tiles_1/CyberCity_CentralSecurity_Tiles_1/Vent2_7.png,Vent2_7.png,"[0, 0, 74, 64]",74,64,"[0, 0, 74, 64]",36.149,SINGLE_TILE_SPRITE,READY_TO_PAINT,Coherent paintable Central Security asset.,keep in production palette
res://assets/tilesets/pvgames_central_security_paintable/PVGamesCentralSecurityPropSignPaint.tres,prop_sign,prop_sign,prop_sign_0016,CS_1543,res://assets/tilesets/cyber_city_core_tilesets/CyberCity_CentralSecurity_Tiles/CyberCity_CentralSecurity_Tiles_1/CyberCity_CentralSecurity_Tiles_1/Vent1_4.png,Vent1_4.png,"[0, 0, 50, 75]",50,75,"[0, 0, 50, 75]",15.733,SINGLE_TILE_SPRITE,READY_TO_PAINT,Coherent paintable Central Security asset.,keep in production palette
res://assets/tilesets/pvgames_central_security_paintable/PVGamesCentralSecurityPropSignPaint.tres,prop_sign,prop_sign,prop_sign_0017,CS_1548,res://assets/tilesets/cyber_city_core_tilesets/CyberCity_CentralSecurity_Tiles/CyberCity_CentralSecurity_Tiles_1/CyberCity_CentralSecurity_Tiles_1/Vent2_1.png,Vent2_1.png,"[0, 0, 62, 75]",62,75,"[0, 0, 62, 75]",31.333,SINGLE_TILE_SPRITE,READY_TO_PAINT,Coherent paintable Central Security asset.,keep in production palette
res://assets/tilesets/pvgames_central_security_paintable/PVGamesCentralSecurityPropSignPaint.tres,prop_sign,prop_sign,prop_sign_0018,CS_1552,res://assets/tilesets/cyber_city_core_tilesets/CyberCity_CentralSecurity_Tiles/CyberCity_CentralSecurity_Tiles_1/CyberCity_CentralSecurity_Tiles_1/Vent2_5.png,Vent2_5.png,"[0, 0, 75, 63]",75,63,"[0, 0, 75, 63]",36.0,SINGLE_TILE_SPRITE,READY_TO_PAINT,Coherent paintable Central Security asset.,keep in production palette
res://assets/tilesets/pvgames_central_security_paintable/PVGamesCentralSecurityPropSignPaint.tres,prop_sign,prop_sign,prop_sign_0019,CS_0278,res://assets/tilesets/cyber_city_core_tilesets/CyberCity_CentralSecurity_Tiles/CyberCity_CentralSecurity_Tiles_1/CyberCity_CentralSecurity_Tiles_1/Chair2_6.png,Chair2_6.png,"[0, 0, 50, 77]",50,77,"[0, 0, 50, 77]",53.299,SINGLE_TILE_SPRITE,READY_TO_PAINT,Coherent paintable Central Security asset.,keep in production palette
res://assets/tilesets/pvgames_central_security_paintable/PVGamesCentralSecurityPropSignPaint.tres,prop_sign,prop_sign,prop_sign_0020,CS_0280,res://assets/tilesets/cyber_city_core_tilesets/CyberCity_CentralSecurity_Tiles/CyberCity_CentralSecurity_Tiles_1/CyberCity_CentralSecurity_Tiles_1/Chair2_8.png,Chair2_8.png,"[0, 0, 55, 77]",55,77,"[0, 0, 55, 77]",53.011,SINGLE_TILE_SPRITE,READY_TO_PAINT,Coherent paintable Central Security asset.,keep in production palette
res://assets/tilesets/pvgames_central_security_paintable/PVGamesCentralSecurityPropSignPaint.tres,prop_sign,prop_sign,prop_sign_0021,CS_0270,res://assets/tilesets/cyber_city_core_tilesets/CyberCity_CentralSecurity_Tiles/CyberCity_CentralSecurity_Tiles_1/CyberCity_CentralSecurity_Tiles_1/Chair1_6.png,Chair1_6.png,"[0, 0, 59, 77]",59,77,"[0, 0, 59, 77]",46.841,SINGLE_TILE_SPRITE,READY_TO_PAINT,Coherent paintable Central Security asset.,keep in production palette
res://assets/tilesets/pvgames_central_security_paintable/PVGamesCentralSecurityPropSignPaint.tres,prop_sign,prop_sign,prop_sign_0022,CS_0272,res://assets/tilesets/cyber_city_core_tilesets/CyberCity_CentralSecurity_Tiles/CyberCity_CentralSecurity_Tiles_1/CyberCity_CentralSecurity_Tiles_1/Chair1_8.png,Chair1_8.png,"[0, 0, 72, 77]",72,77,"[0, 0, 72, 77]",52.309,SINGLE_TILE_SPRITE,READY_TO_PAINT,Coherent paintable Central Security asset.,keep in production palette
res://assets/tilesets/pvgames_central_security_paintable/PVGamesCentralSecurityPropSignPaint.tres,prop_sign,prop_sign,prop_sign_0023,CS_1541,res://assets/tilesets/cyber_city_core_tilesets/CyberCity_CentralSecurity_Tiles/CyberCity_CentralSecurity_Tiles_1/CyberCity_CentralSecurity_Tiles_1/Vent1_2.png,Vent1_2.png,"[0, 0, 48, 78]",48,78,"[0, 0, 48, 78]",15.518,SINGLE_TILE_SPRITE,READY_TO_PAINT,Coherent paintable Central Security asset.,keep in production palette
res://assets/tilesets/pvgames_central_security_paintable/PVGamesCentralSecurityPropSignPaint.tres,prop_sign,prop_sign,prop_sign_0024,CS_1542,res://assets/tilesets/cyber_city_core_tilesets/CyberCity_CentralSecurity_Tiles/CyberCity_CentralSecurity_Tiles_1/CyberCity_CentralSecurity_Tiles_1/Vent1_3.png,Vent1_3.png,"[0, 0, 81, 50]",81,50,"[0, 0, 81, 50]",16.296,SINGLE_TILE_SPRITE,READY_TO_PAINT,Coherent paintable Central Security asset.,keep in production palette
res://assets/tilesets/pvgames_central_security_paintable/PVGamesCentralSecurityPropSignPaint.tres,prop_sign,prop_sign,prop_sign_0025,CS_1540,res://assets/tilesets/cyber_city_core_tilesets/CyberCity_CentralSecurity_Tiles/CyberCity_CentralSecurity_Tiles_1/CyberCity_CentralSecurity_Tiles_1/Vent1_1.png,Vent1_1.png,"[0, 0, 83, 52]",83,52,"[0, 0, 83, 52]",20.436,SINGLE_TILE_SPRITE,READY_TO_PAINT,Coherent paintable Central Security asset.,keep in production palette
res://assets/tilesets/pvgames_central_security_paintable/PVGamesCentralSecurityPropSignPaint.tres,prop_sign,prop_sign,prop_sign_0026,CS_1551,res://assets/tilesets/cyber_city_core_tilesets/CyberCity_CentralSecurity_Tiles/CyberCity_CentralSecurity_Tiles_1/CyberCity_CentralSecurity_Tiles_1/Vent2_4.png,Vent2_4.png,"[0, 0, 51, 84]",51,84,"[0, 0, 51, 84]",15.243,SINGLE_TILE_SPRITE,READY_TO_PAINT,Coherent paintable Central Security asset.,keep in production palette
res://assets/tilesets/pvgames_central_security_paintable/PVGamesCentralSecurityPropSignPaint.tres,prop_sign,prop_sign,prop_sign_0027,CS_1546,res://assets/tilesets/cyber_city_core_tilesets/CyberCity_CentralSecurity_Tiles/CyberCity_CentralSecurity_Tiles_1/CyberCity_CentralSecurity_Tiles_1/Vent1_7.png,Vent1_7.png,"[0, 0, 85, 78]",85,78,"[0, 0, 85, 78]",45.46,SINGLE_TILE_SPRITE,READY_TO_PAINT,Coherent paintable Central Security asset.,keep in production palette
res://assets/tilesets/pvgames_central_security_paintable/PVGamesCentralSecurityPropSignPaint.tres,prop_sign,prop_sign,prop_sign_0028,CS_0283,res://assets/tilesets/cyber_city_core_tilesets/CyberCity_CentralSecurity_Tiles/CyberCity_CentralSecurity_Tiles_1/CyberCity_CentralSecurity_Tiles_1/ChairAssembly1_3.png,ChairAssembly1_3.png,"[0, 0, 63, 86]",63,86,"[0, 0, 63, 86]",27.778,SINGLE_TILE_SPRITE,READY_TO_PAINT,Coherent paintable Central Security asset.,keep in production palette
res://assets/tilesets/pvgames_central_security_paintable/PVGamesCentralSecurityPropSignPaint.tres,prop_sign,prop_sign,prop_sign_0029,CS_0291,res://assets/tilesets/cyber_city_core_tilesets/CyberCity_CentralSecurity_Tiles/CyberCity_CentralSecurity_Tiles_1/CyberCity_CentralSecurity_Tiles_1/ChairAssembly2_3.png,ChairAssembly2_3.png,"[0, 0, 63, 86]",63,86,"[0, 0, 63, 86]",30.565,SINGLE_TILE_SPRITE,READY_TO_PAINT,Coherent paintable Central Security asset.,keep in production palette
res://assets/tilesets/pvgames_central_security_paintable/PVGamesCentralSecurityPropSignPaint.tres,prop_sign,prop_sign,prop_sign_0030,CS_0976,res://assets/tilesets/cyber_city_core_tilesets/CyberCity_CentralSecurity_Tiles/CyberCity_CentralSecurity_Tiles_1/CyberCity_CentralSecurity_Tiles_1/Light1_1.png,Light1_1.png,"[0, 0, 86, 77]",86,77,"[0, 0, 86, 77]",63.697,SINGLE_TILE_SPRITE,READY_TO_PAINT,Coherent paintable Central Security asset.,keep in production palette
res://assets/tilesets/pvgames_central_security_paintable/PVGamesCentralSecurityPropSignPaint.tres,prop_sign,prop_sign,prop_sign_0031,CS_1544,res://assets/tilesets/cyber_city_core_tilesets/CyberCity_CentralSecurity_Tiles/CyberCity_CentralSecurity_Tiles_1/CyberCity_CentralSecurity_Tiles_1/Vent1_5.png,Vent1_5.png,"[0, 0, 86, 78]",86,78,"[0, 0, 86, 78]",46.333,SINGLE_TILE_SPRITE,READY_TO_PAINT,Coherent paintable Central Security asset.,keep in production palette
res://assets/tilesets/pvgames_central_security_paintable/PVGamesCentralSecurityPropSignPaint.tres,prop_sign,prop_sign,prop_sign_0032,CS_1164,res://assets/tilesets/cyber_city_core_tilesets/CyberCity_CentralSecurity_Tiles/CyberCity_CentralSecurity_Tiles_1/CyberCity_CentralSecurity_Tiles_1/Sign2_3.png,Sign2_3.png,"[0, 0, 65, 90]",65,90,"[0, 0, 65, 90]",34.923,SINGLE_TILE_SPRITE,READY_TO_PAINT,Coherent paintable Central Security asset.,keep in production palette
res://assets/tilesets/pvgames_central_security_paintable/PVGamesCentralSecurityPropSignPaint.tres,prop_sign,prop_sign,prop_sign_0033,CS_1162,res://assets/tilesets/cyber_city_core_tilesets/CyberCity_CentralSecurity_Tiles/CyberCity_CentralSecurity_Tiles_1/CyberCity_CentralSecurity_Tiles_1/Sign2_1.png,Sign2_1.png,"[0, 0, 64, 92]",64,92,"[0, 0, 64, 92]",35.309,SINGLE_TILE_SPRITE,READY_TO_PAINT,Coherent paintable Central Security asset.,keep in production palette
res://assets/tilesets/pvgames_central_security_paintable/PVGamesCentralSecurityPropSignPaint.tres,prop_sign,prop_sign,prop_sign_0034,CS_0982,res://assets/tilesets/cyber_city_core_tilesets/CyberCity_CentralSecurity_Tiles/CyberCity_CentralSecurity_Tiles_1/CyberCity_CentralSecurity_Tiles_1/Light1_7.png,Light1_7.png,"[0, 0, 68, 92]",68,92,"[0, 0, 68, 92]",63.075,SINGLE_TILE_SPRITE,READY_TO_PAINT,Coherent paintable Central Security asset.,keep in production palette
res://assets/tilesets/pvgames_central_security_paintable/PVGamesCentralSecurityPropSignPaint.tres,prop_sign,prop_sign,prop_sign_0035,CS_0980,res://assets/tilesets/cyber_city_core_tilesets/CyberCity_CentralSecurity_Tiles/CyberCity_CentralSecurity_Tiles_1/CyberCity_CentralSecurity_Tiles_1/Light1_5.png,Light1_5.png,"[0, 0, 69, 92]",69,92,"[0, 0, 69, 92]",68.526,SINGLE_TILE_SPRITE,READY_TO_PAINT,Coherent paintable Central Security asset.,keep in production palette
res://assets/tilesets/pvgames_central_security_paintable/PVGamesCentralSecurityPropSignPaint.tres,prop_sign,prop_sign,prop_sign_0036,CS_1553,res://assets/tilesets/cyber_city_core_tilesets/CyberCity_CentralSecurity_Tiles/CyberCity_CentralSecurity_Tiles_1/CyberCity_CentralSecurity_Tiles_1/Vent2_6.png,Vent2_6.png,"[0, 0, 76, 92]",76,92,"[0, 0, 76, 92]",44.165,SINGLE_TILE_SPRITE,READY_TO_PAINT,Coherent paintable Central Security asset.,keep in production palette
res://assets/tilesets/pvgames_central_security_paintable/PVGamesCentralSecurityPropSignPaint.tres,prop_sign,prop_sign,prop_sign_0037,CS_0051,res://assets/tilesets/cyber_city_core_tilesets/CyberCity_CentralSecurity_Tiles/CyberCity_CentralSecurity_Tiles_1/CyberCity_CentralSecurity_Tiles_1/BiometricScanner1_3.png,BiometricScanner1_3.png,"[0, 0, 63, 93]",63,93,"[0, 0, 63, 93]",29.169,SINGLE_TILE_SPRITE,READY_TO_PAINT,Coherent paintable Central Security asset.,keep in production palette
res://assets/tilesets/pvgames_central_security_paintable/PVGamesCentralSecurityPropSignPaint.tres,prop_sign,prop_sign,prop_sign_0038,CS_0295,res://assets/tilesets/cyber_city_core_tilesets/CyberCity_CentralSecurity_Tiles/CyberCity_CentralSecurity_Tiles_1/CyberCity_CentralSecurity_Tiles_1/ChairAssembly2_7.png,ChairAssembly2_7.png,"[0, 0, 77, 93]",77,93,"[0, 0, 77, 93]",44.002,SINGLE_TILE_SPRITE,READY_TO_PAINT,Coherent paintable Central Security asset.,keep in production palette
res://assets/tilesets/pvgames_central_security_paintable/PVGamesCentralSecurityPropSignPaint.tres,prop_sign,prop_sign,prop_sign_0039,CS_1181,res://assets/tilesets/cyber_city_core_tilesets/CyberCity_CentralSecurity_Tiles/CyberCity_CentralSecurity_Tiles_1/CyberCity_CentralSecurity_Tiles_1/Sign4_4.png,Sign4_4.png,"[0, 0, 78, 93]",78,93,"[0, 0, 78, 93]",69.617,SINGLE_TILE_SPRITE,READY_TO_PAINT,Coherent paintable Central Security asset.,keep in production palette
res://assets/tilesets/pvgames_central_security_paintable/PVGamesCentralSecurityPropSignPaint.tres,prop_sign,prop_sign,prop_sign_0040,CS_0978,res://assets/tilesets/cyber_city_core_tilesets/CyberCity_CentralSecurity_Tiles/CyberCity_CentralSecurity_Tiles_1/CyberCity_CentralSecurity_Tiles_1/Light1_3.png,Light1_3.png,"[0, 0, 93, 79]",93,79,"[0, 0, 93, 79]",66.694,SINGLE_TILE_SPRITE,READY_TO_PAINT,Coherent paintable Central Security asset.,keep in production palette
res://assets/tilesets/pvgames_central_security_paintable/PVGamesCentralSecurityPropSignPaint.tres,prop_sign,prop_sign,prop_sign_0041,CS_0296,res://assets/tilesets/cyber_city_core_tilesets/CyberCity_CentralSecurity_Tiles/CyberCity_CentralSecurity_Tiles_1/CyberCity_CentralSecurity_Tiles_1/ChairAssembly2_8.png,ChairAssembly2_8.png,"[0, 0, 90, 93]",90,93,"[0, 0, 90, 93]",45.137,SINGLE_TILE_SPRITE,READY_TO_PAINT,Coherent paintable Central Security asset.,keep in production palette
res://assets/tilesets/pvgames_central_security_paintable/PVGamesCentralSecurityPropSignPaint.tres,prop_sign,prop_sign,prop_sign_0042,CS_1154,res://assets/tilesets/cyber_city_core_tilesets/CyberCity_CentralSecurity_Tiles/CyberCity_CentralSecurity_Tiles_1/CyberCity_CentralSecurity_Tiles_1/Sign1_1.png,Sign1_1.png,"[0, 0, 65, 94]",65,94,"[0, 0, 65, 94]",43.944,SINGLE_TILE_SPRITE,READY_TO_PAINT,Coherent paintable Central Security asset.,keep in production palette
res://assets/tilesets/pvgames_central_security_paintable/PVGamesCentralSecurityPropSignPaint.tres,prop_sign,prop_sign,prop_sign_0043,CS_1366,res://assets/tilesets/cyber_city_core_tilesets/CyberCity_CentralSecurity_Tiles/CyberCity_CentralSecurity_Tiles_1/CyberCity_CentralSecurity_Tiles_1/Table3_3.png,Table3_3.png,"[0, 0, 68, 94]",68,94,"[0, 0, 68, 94]",16.349,SINGLE_TILE_SPRITE,READY_TO_PAINT,Coherent paintable Central Security asset.,keep in production palette
res://assets/tilesets/pvgames_central_security_paintable/PVGamesCentralSecurityPropSignPaint.tres,prop_sign,prop_sign,prop_sign_0044,CS_1494,res://assets/tilesets/cyber_city_core_tilesets/CyberCity_CentralSecurity_Tiles/CyberCity_CentralSecurity_Tiles_1/CyberCity_CentralSecurity_Tiles_1/Terminal1_3.png,Terminal1_3.png,"[0, 0, 69, 94]",69,94,"[0, 0, 69, 94]",38.606,SINGLE_TILE_SPRITE,READY_TO_PAINT,Coherent paintable Central Security asset.,keep in production palette
res://assets/tilesets/pvgames_central_security_paintable/PVGamesCentralSecurityPropSignPaint.tres,prop_sign,prop_sign,prop_sign_0045,CS_0983,res://assets/tilesets/cyber_city_core_tilesets/CyberCity_CentralSecurity_Tiles/CyberCity_CentralSecurity_Tiles_1/CyberCity_CentralSecurity_Tiles_1/Light1_8.png,Light1_8.png,"[0, 0, 68, 95]",68,95,"[0, 0, 68, 95]",68.08,SINGLE_TILE_SPRITE,READY_TO_PAINT,Coherent paintable Central Security asset.,keep in production palette
res://assets/tilesets/pvgames_central_security_paintable/PVGamesCentralSecurityPropSignPaint.tres,prop_sign,prop_sign,prop_sign_0046,CS_0287,res://assets/tilesets/cyber_city_core_tilesets/CyberCity_CentralSecurity_Tiles/CyberCity_CentralSecurity_Tiles_1/CyberCity_CentralSecurity_Tiles_1/ChairAssembly1_7.png,ChairAssembly1_7.png,"[0, 0, 95, 93]",95,93,"[0, 0, 95, 93]",46.961,SINGLE_TILE_SPRITE,READY_TO_PAINT,Coherent paintable Central Security asset.,keep in production palette
res://assets/tilesets/pvgames_central_security_paintable/PVGamesCentralSecurityPropSignPaint.tres,prop_sign,prop_sign,prop_sign_0047,CS_1158,res://assets/tilesets/cyber_city_core_tilesets/CyberCity_CentralSecurity_Tiles/CyberCity_CentralSecurity_Tiles_1/CyberCity_CentralSecurity_Tiles_1/Sign1_5.png,Sign1_5.png,"[0, 0, 58, 96]",58,96,"[0, 0, 58, 96]",54.508,SINGLE_TILE_SPRITE,READY_TO_PAINT,Coherent paintable Central Security asset.,keep in production palette
res://assets/tilesets/pvgames_central_security_paintable/PVGamesCentralSecurityPropSignPaint.tres,prop_sign,prop_sign,prop_sign_0048,CS_0981,res://assets/tilesets/cyber_city_core_tilesets/CyberCity_CentralSecurity_Tiles/CyberCity_CentralSecurity_Tiles_1/CyberCity_CentralSecurity_Tiles_1/Light1_6.png,Light1_6.png,"[0, 0, 68, 96]",68,96,"[0, 0, 68, 96]",65.288,SINGLE_TILE_SPRITE,READY_TO_PAINT,Coherent paintable Central Security asset.,keep in production palette
res://assets/tilesets/pvgames_central_security_paintable/PVGamesCentralSecurityPropSignPaint.tres,prop_sign,prop_sign,prop_sign_0049,CS_1179,res://assets/tilesets/cyber_city_core_tilesets/CyberCity_CentralSecurity_Tiles/CyberCity_CentralSecurity_Tiles_1/CyberCity_CentralSecurity_Tiles_1/Sign4_2.png,Sign4_2.png,"[0, 0, 77, 96]",77,96,"[0, 0, 77, 96]",58.861,SINGLE_TILE_SPRITE,READY_TO_PAINT,Coherent paintable Central Security asset.,keep in production palette
res://assets/tilesets/pvgames_central_security_paintable/PVGamesCentralSecurityPropSignPaint.tres,prop_sign,prop_sign,prop_sign_0050,CS_1160,res://assets/tilesets/cyber_city_core_tilesets/CyberCity_CentralSecurity_Tiles/CyberCity_CentralSecurity_Tiles_1/CyberCity_CentralSecurity_Tiles_1/Sign1_7.png,Sign1_7.png,"[0, 0, 58, 97]",58,97,"[0, 0, 58, 97]",45.699,SINGLE_TILE_SPRITE,READY_TO_PAINT,Coherent paintable Central Security asset.,keep in production palette
res://assets/tilesets/pvgames_central_security_paintable/PVGamesCentralSecurityPropSignPaint.tres,prop_sign,prop_sign,prop_sign_0051,CS_1492,res://assets/tilesets/cyber_city_core_tilesets/CyberCity_CentralSecurity_Tiles/CyberCity_CentralSecurity_Tiles_1/CyberCity_CentralSecurity_Tiles_1/Terminal1_1.png,Terminal1_1.png,"[0, 0, 64, 97]",64,97,"[0, 0, 64, 97]",41.157,SINGLE_TILE_SPRITE,READY_TO_PAINT,Coherent paintable Central Security asset.,keep in production palette
res://assets/tilesets/pvgames_central_security_paintable/PVGamesCentralSecurityPropSignPaint.tres,prop_sign,prop_sign,prop_sign_0052,CS_1493,res://assets/tilesets/cyber_city_core_tilesets/CyberCity_CentralSecurity_Tiles/CyberCity_CentralSecurity_Tiles_1/CyberCity_CentralSecurity_Tiles_1/Terminal1_2.png,Terminal1_2.png,"[0, 0, 58, 98]",58,98,"[0, 0, 58, 98]",40.236,SINGLE_TILE_SPRITE,READY_TO_PAINT,Coherent paintable Central Security asset.,keep in production palette
res://assets/tilesets/pvgames_central_security_paintable/PVGamesCentralSecurityPropSignPaint.tres,prop_sign,prop_sign,prop_sign_0053,CS_1156,res://assets/tilesets/cyber_city_core_tilesets/CyberCity_CentralSecurity_Tiles/CyberCity_CentralSecurity_Tiles_1/CyberCity_CentralSecurity_Tiles_1/Sign1_3.png,Sign1_3.png,"[0, 0, 67, 98]",67,98,"[0, 0, 67, 98]",45.842,SINGLE_TILE_SPRITE,READY_TO_PAINT,Coherent paintable Central Security asset.,keep in production palette
res://assets/tilesets/pvgames_central_security_paintable/PVGamesCentralSecurityPropSignPaint.tres,prop_sign,prop_sign,prop_sign_0054,CS_1364,res://assets/tilesets/cyber_city_core_tilesets/CyberCity_CentralSecurity_Tiles/CyberCity_CentralSecurity_Tiles_1/CyberCity_CentralSecurity_Tiles_1/Table3_1.png,Table3_1.png,"[0, 0, 68, 98]",68,98,"[0, 0, 68, 98]",20.528,SINGLE_TILE_SPRITE,READY_TO_PAINT,Coherent paintable Central Security asset.,keep in production palette
res://assets/tilesets/pvgames_central_security_paintable/PVGamesCentralSecurityPropSignPaint.tres,prop_sign,prop_sign,prop_sign_0055,CS_1498,res://assets/tilesets/cyber_city_core_tilesets/CyberCity_CentralSecurity_Tiles/CyberCity_CentralSecurity_Tiles_1/CyberCity_CentralSecurity_Tiles_1/Terminal1_7.png,Terminal1_7.png,"[0, 0, 69, 98]",69,98,"[0, 0, 69, 98]",42.443,SINGLE_TILE_SPRITE,READY_TO_PAINT,Coherent paintable Central Security asset.,keep in production palette
res://assets/tilesets/pvgames_central_security_paintable/PVGamesCentralSecurityPropSignPaint.tres,prop_sign,prop_sign,prop_sign_0056,CS_0050,res://assets/tilesets/cyber_city_core_tilesets/CyberCity_CentralSecurity_Tiles/CyberCity_CentralSecurity_Tiles_1/CyberCity_CentralSecurity_Tiles_1/BiometricScanner1_2.png,BiometricScanner1_2.png,"[0, 0, 73, 98]",73,98,"[0, 0, 73, 98]",36.847,SINGLE_TILE_SPRITE,READY_TO_PAINT,Coherent paintable Central Security asset.,keep in production palette
res://assets/tilesets/pvgames_central_security_paintable/PVGamesCentralSecurityPropSignPaint.tres,prop_sign,prop_sign,prop_sign_0057,CS_0052,res://assets/tilesets/cyber_city_core_tilesets/CyberCity_CentralSecurity_Tiles/CyberCity_CentralSecurity_Tiles_1/CyberCity_CentralSecurity_Tiles_1/BiometricScanner1_4.png,BiometricScanner1_4.png,"[0, 0, 77, 98]",77,98,"[0, 0, 77, 98]",41.519,SINGLE_TILE_SPRITE,READY_TO_PAINT,Coherent paintable Central Security asset.,keep in production palette
res://assets/tilesets/pvgames_central_security_paintable/PVGamesCentralSecurityPropSignPaint.tres,prop_sign,prop_sign,prop_sign_0058,CS_1496,res://assets/tilesets/cyber_city_core_tilesets/CyberCity_CentralSecurity_Tiles/CyberCity_CentralSecurity_Tiles_1/CyberCity_CentralSecurity_Tiles_1/Terminal1_5.png,Terminal1_5.png,"[0, 0, 64, 99]",64,99,"[0, 0, 64, 99]",44.097,SINGLE_TILE_SPRITE,READY_TO_PAINT,Coherent paintable Central Security asset.,keep in production palette
res://assets/tilesets/pvgames_central_security_paintable/PVGamesCentralSecurityPropSignPaint.tres,prop_sign,prop_sign,prop_sign_0059,CS_0055,res://assets/tilesets/cyber_city_core_tilesets/CyberCity_CentralSecurity_Tiles/CyberCity_CentralSecurity_Tiles_1/CyberCity_CentralSecurity_Tiles_1/BiometricScanner1_7.png,BiometricScanner1_7.png,"[0, 0, 75, 99]",75,99,"[0, 0, 75, 99]",35.286,SINGLE_TILE_SPRITE,READY_TO_PAINT,Coherent paintable Central Security asset.,keep in production palette
res://assets/tilesets/pvgames_central_security_paintable/PVGamesCentralSecurityPropSignPaint.tres,prop_sign,prop_sign,prop_sign_0060,CS_0053,res://assets/tilesets/cyber_city_core_tilesets/CyberCity_CentralSecurity_Tiles/CyberCity_CentralSecurity_Tiles_1/CyberCity_CentralSecurity_Tiles_1/BiometricScanner1_5.png,BiometricScanner1_5.png,"[0, 0, 76, 99]",76,99,"[0, 0, 76, 99]",38.078,SINGLE_TILE_SPRITE,READY_TO_PAINT,Coherent paintable Central Security asset.,keep in production palette
res://assets/tilesets/pvgames_central_security_paintable/PVGamesCentralSecurityPropSignPaint.tres,prop_sign,prop_sign,prop_sign_0061,CS_0054,res://assets/tilesets/cyber_city_core_tilesets/CyberCity_CentralSecurity_Tiles/CyberCity_CentralSecurity_Tiles_1/CyberCity_CentralSecurity_Tiles_1/BiometricScanner1_6.png,BiometricScanner1_6.png,"[0, 0, 78, 99]",78,99,"[0, 0, 78, 99]",43.007,SINGLE_TILE_SPRITE,READY_TO_PAINT,Coherent paintable Central Security asset.,keep in production palette
res://assets/tilesets/pvgames_central_security_paintable/PVGamesCentralSecurityPropSignPaint.tres,prop_sign,prop_sign,prop_sign_0062,CS_0290,res://assets/tilesets/cyber_city_core_tilesets/CyberCity_CentralSecurity_Tiles/CyberCity_CentralSecurity_Tiles_1/CyberCity_CentralSecurity_Tiles_1/ChairAssembly2_2.png,ChairAssembly2_2.png,"[0, 0, 73, 101]",73,101,"[0, 0, 73, 101]",39.862,SINGLE_TILE_SPRITE,READY_TO_PAINT,Coherent paintable Central Security asset.,keep in production palette
res://assets/tilesets/pvgames_central_security_paintable/PVGamesCentralSecurityPropSignPaint.tres,prop_sign,prop_sign,prop_sign_0063,CS_1166,res://assets/tilesets/cyber_city_core_tilesets/CyberCity_CentralSecurity_Tiles/CyberCity_CentralSecurity_Tiles_1/CyberCity_CentralSecurity_Tiles_1/Sign2_5.png,Sign2_5.png,"[0, 0, 53, 102]",53,102,"[0, 0, 53, 102]",48.169,SINGLE_TILE_SPRITE,READY_TO_PAINT,Coherent paintable Central Security asset.,keep in production palette
res://assets/tilesets/pvgames_central_security_paintable/PVGamesCentralSecurityPropSignPaint.tres,prop_sign,prop_sign,prop_sign_0064,CS_1169,res://assets/tilesets/cyber_city_core_tilesets/CyberCity_CentralSecurity_Tiles/CyberCity_CentralSecurity_Tiles_1/CyberCity_CentralSecurity_Tiles_1/Sign2_8.png,Sign2_8.png,"[0, 0, 54, 102]",54,102,"[0, 0, 54, 102]",48.893,SINGLE_TILE_SPRITE,READY_TO_PAINT,Coherent paintable Central Security asset.,keep in production palette
res://assets/tilesets/pvgames_central_security_paintable/PVGamesCentralSecurityPropSignPaint.tres,prop_sign,prop_sign,prop_sign_0065,CS_0292,res://assets/tilesets/cyber_city_core_tilesets/CyberCity_CentralSecurity_Tiles/CyberCity_CentralSecurity_Tiles_1/CyberCity_CentralSecurity_Tiles_1/ChairAssembly2_4.png,ChairAssembly2_4.png,"[0, 0, 88, 102]",88,102,"[0, 0, 88, 102]",42.424,SINGLE_TILE_SPRITE,READY_TO_PAINT,Coherent paintable Central Security asset.,keep in production palette
res://assets/tilesets/pvgames_central_security_paintable/PVGamesCentralSecurityPropSignPaint.tres,prop_sign,prop_sign,prop_sign_0066,CS_1356,res://assets/tilesets/cyber_city_core_tilesets/CyberCity_CentralSecurity_Tiles/CyberCity_CentralSecurity_Tiles_1/CyberCity_CentralSecurity_Tiles_1/Table2_1.png,Table2_1.png,"[0, 0, 102, 98]",102,98,"[0, 0, 102, 98]",33.603,SINGLE_TILE_SPRITE,READY_TO_PAINT,Coherent paintable Central Security asset.,keep in production palette
res://assets/tilesets/pvgames_central_security_paintable/PVGamesCentralSecurityPropSignPaint.tres,prop_sign,prop_sign,prop_sign_0067,CS_1167,res://assets/tilesets/cyber_city_core_tilesets/CyberCity_CentralSecurity_Tiles/CyberCity_CentralSecurity_Tiles_1/CyberCity_CentralSecurity_Tiles_1/Sign2_6.png,Sign2_6.png,"[0, 0, 55, 103]",55,103,"[0, 0, 55, 103]",43.495,SINGLE_TILE_SPRITE,READY_TO_PAINT,Coherent paintable Central Security asset.,keep in production palette
res://assets/tilesets/pvgames_central_security_paintable/PVGamesCentralSecurityPropSignPaint.tres,prop_sign,prop_sign,prop_sign_0068,CS_1168,res://assets/tilesets/cyber_city_core_tilesets/CyberCity_CentralSecurity_Tiles/CyberCity_CentralSecurity_Tiles_1/CyberCity_CentralSecurity_Tiles_1/Sign2_7.png,Sign2_7.png,"[0, 0, 56, 103]",56,103,"[0, 0, 56, 103]",44.487,SINGLE_TILE_SPRITE,READY_TO_PAINT,Coherent paintable Central Security asset.,keep in production palette
res://assets/tilesets/pvgames_central_security_paintable/PVGamesCentralSecurityPropSignPaint.tres,prop_sign,prop_sign,prop_sign_0069,CS_1499,res://assets/tilesets/cyber_city_core_tilesets/CyberCity_CentralSecurity_Tiles/CyberCity_CentralSecurity_Tiles_1/CyberCity_CentralSecurity_Tiles_1/Terminal1_8.png,Terminal1_8.png,"[0, 0, 69, 103]",69,103,"[0, 0, 69, 103]",40.115,SINGLE_TILE_SPRITE,READY_TO_PAINT,Coherent paintable Central Security asset.,keep in production palette
res://assets/tilesets/pvgames_central_security_paintable/PVGamesCentralSecurityPropSignPaint.tres,prop_sign,prop_sign,prop_sign_0070,CS_1182,res://assets/tilesets/cyber_city_core_tilesets/CyberCity_CentralSecurity_Tiles/CyberCity_CentralSecurity_Tiles_1/CyberCity_CentralSecurity_Tiles_1/Sign4_5.png,Sign4_5.png,"[0, 0, 64, 104]",64,104,"[0, 0, 64, 104]",67.142,SINGLE_TILE_SPRITE,READY_TO_PAINT,Coherent paintable Central Security asset.,keep in production palette
res://assets/tilesets/pvgames_central_security_paintable/PVGamesCentralSecurityPropSignPaint.tres,prop_sign,prop_sign,prop_sign_0071,CS_1358,res://assets/tilesets/cyber_city_core_tilesets/CyberCity_CentralSecurity_Tiles/CyberCity_CentralSecurity_Tiles_1/CyberCity_CentralSecurity_Tiles_1/Table2_3.png,Table2_3.png,"[0, 0, 105, 94]",105,94,"[0, 0, 105, 94]",30.182,SINGLE_TILE_SPRITE,READY_TO_PAINT,Coherent paintable Central Security asset.,keep in production palette
res://assets/tilesets/pvgames_central_security_paintable/PVGamesCentralSecurityPropSignPaint.tres,prop_sign,prop_sign,prop_sign_0072,CS_0282,res://assets/tilesets/cyber_city_core_tilesets/CyberCity_CentralSecurity_Tiles/CyberCity_CentralSecurity_Tiles_1/CyberCity_CentralSecurity_Tiles_1/ChairAssembly1_2.png,ChairAssembly1_2.png,"[0, 0, 105, 101]",105,101,"[0, 0, 105, 101]",49.609,SINGLE_TILE_SPRITE,READY_TO_PAINT,Coherent paintable Central Security asset.,keep in production palette
res://assets/tilesets/pvgames_central_security_paintable/PVGamesCentralSecurityPropSignPaint.tres,prop_sign,prop_sign,prop_sign_0073,CS_1185,res://assets/tilesets/cyber_city_core_tilesets/CyberCity_CentralSecurity_Tiles/CyberCity_CentralSecurity_Tiles_1/CyberCity_CentralSecurity_Tiles_1/Sign4_8.png,Sign4_8.png,"[0, 0, 64, 106]",64,106,"[0, 0, 64, 106]",52.049,SINGLE_TILE_SPRITE,READY_TO_PAINT,Coherent paintable Central Security asset.,keep in production palette
res://assets/tilesets/pvgames_central_security_paintable/PVGamesCentralSecurityPropSignPaint.tres,prop_sign,prop_sign,prop_sign_0074,CS_0293,res://assets/tilesets/cyber_city_core_tilesets/CyberCity_CentralSecurity_Tiles/CyberCity_CentralSecurity_Tiles_1/CyberCity_CentralSecurity_Tiles_1/ChairAssembly2_5.png,ChairAssembly2_5.png,"[0, 0, 78, 106]",78,106,"[0, 0, 78, 106]",40.36,SINGLE_TILE_SPRITE,READY_TO_PAINT,Coherent paintable Central Security asset.,keep in production palette
res://assets/tilesets/pvgames_central_security_paintable/PVGamesCentralSecurityPropSignPaint.tres,prop_sign,prop_sign,prop_sign_0075,CS_1365,res://assets/tilesets/cyber_city_core_tilesets/CyberCity_CentralSecurity_Tiles/CyberCity_CentralSecurity_Tiles_1/CyberCity_CentralSecurity_Tiles_1/Table3_2.png,Table3_2.png,"[0, 0, 107, 62]",107,62,"[0, 0, 107, 62]",5.623,SINGLE_TILE_SPRITE,READY_TO_PAINT,Coherent paintable Central Security asset.,keep in production palette
res://assets/tilesets/pvgames_central_security_paintable/PVGamesCentralSecurityPropSignPaint.tres,prop_sign,prop_sign,prop_sign_0076,CS_1357,res://assets/tilesets/cyber_city_core_tilesets/CyberCity_CentralSecurity_Tiles/CyberCity_CentralSecurity_Tiles_1/CyberCity_CentralSecurity_Tiles_1/Table2_2.png,Table2_2.png,"[0, 0, 107, 86]",107,86,"[0, 0, 107, 86]",23.94,SINGLE_TILE_SPRITE,READY_TO_PAINT,Coherent paintable Central Security asset.,keep in production palette
res://assets/tilesets/pvgames_central_security_paintable/PVGamesCentralSecurityPropSignPaint.tres,prop_sign,prop_sign,prop_sign_0077,CS_1161,res://assets/tilesets/cyber_city_core_tilesets/CyberCity_CentralSecurity_Tiles/CyberCity_CentralSecurity_Tiles_1/CyberCity_CentralSecurity_Tiles_1/Sign1_8.png,Sign1_8.png,"[0, 0, 58, 108]",58,108,"[0, 0, 58, 108]",57.04,SINGLE_TILE_SPRITE,READY_TO_PAINT,Coherent paintable Central Security asset.,keep in production palette
res://assets/tilesets/pvgames_central_security_paintable/PVGamesCentralSecurityPropSignPaint.tres,prop_sign,prop_sign,prop_sign_0078,CS_1159,res://assets/tilesets/cyber_city_core_tilesets/CyberCity_CentralSecurity_Tiles/CyberCity_CentralSecurity_Tiles_1/CyberCity_CentralSecurity_Tiles_1/Sign1_6.png,Sign1_6.png,"[0, 0, 59, 108]",59,108,"[0, 0, 59, 108]",54.19,SINGLE_TILE_SPRITE,READY_TO_PAINT,Coherent paintable Central Security asset.,keep in production palette
res://assets/tilesets/pvgames_central_security_paintable/PVGamesCentralSecurityPropSignPaint.tres,prop_sign,prop_sign,prop_sign_0079,CS_1367,res://assets/tilesets/cyber_city_core_tilesets/CyberCity_CentralSecurity_Tiles/CyberCity_CentralSecurity_Tiles_1/CyberCity_CentralSecurity_Tiles_1/Table3_4.png,Table3_4.png,"[0, 0, 110, 70]",110,70,"[0, 0, 110, 70]",18.701,SINGLE_TILE_SPRITE,READY_TO_PAINT,Coherent paintable Central Security asset.,keep in production palette
res://assets/tilesets/pvgames_central_security_paintable/PVGamesCentralSecurityPropSignPaint.tres,prop_sign,prop_sign,prop_sign_0080,CS_1359,res://assets/tilesets/cyber_city_core_tilesets/CyberCity_CentralSecurity_Tiles/CyberCity_CentralSecurity_Tiles_1/CyberCity_CentralSecurity_Tiles_1/Table2_4.png,Table2_4.png,"[0, 0, 110, 108]",110,108,"[0, 0, 110, 108]",35.101,SINGLE_TILE_SPRITE,READY_TO_PAINT,Coherent paintable Central Security asset.,keep in production palette
res://assets/tilesets/pvgames_central_security_paintable/PVGamesCentralSecurityPropSignPaint.tres,prop_sign,prop_sign,prop_sign_0081,CS_1175,res://assets/tilesets/cyber_city_core_tilesets/CyberCity_CentralSecurity_Tiles/CyberCity_CentralSecurity_Tiles_1/CyberCity_CentralSecurity_Tiles_1/Sign3_6.png,Sign3_6.png,"[0, 0, 111, 103]",111,103,"[0, 0, 111, 103]",76.533,SINGLE_TILE_SPRITE,READY_TO_PAINT,Coherent paintable Central Security asset.,keep in production palette
res://assets/tilesets/pvgames_central_security_paintable/PVGamesCentralSecurityPropSignPaint.tres,prop_sign,prop_sign,prop_sign_0082,CS_0288,res://assets/tilesets/cyber_city_core_tilesets/CyberCity_CentralSecurity_Tiles/CyberCity_CentralSecurity_Tiles_1/CyberCity_CentralSecurity_Tiles_1/ChairAssembly1_8.png,ChairAssembly1_8.png,"[0, 0, 112, 93]",112,93,"[0, 0, 112, 93]",50.048,SINGLE_TILE_SPRITE,READY_TO_PAINT,Coherent paintable Central Security asset.,keep in production palette
res://assets/tilesets/pvgames_central_security_paintable/PVGamesCentralSecurityPropSignPaint.tres,prop_sign,prop_sign,prop_sign_0083,CS_1368,res://assets/tilesets/cyber_city_core_tilesets/CyberCity_CentralSecurity_Tiles/CyberCity_CentralSecurity_Tiles_1/CyberCity_CentralSecurity_Tiles_1/Table3_5.png,Table3_5.png,"[0, 0, 113, 97]",113,97,"[0, 0, 113, 97]",46.118,SINGLE_TILE_SPRITE,READY_TO_PAINT,Coherent paintable Central Security asset.,keep in production palette
res://assets/tilesets/pvgames_central_security_paintable/PVGamesCentralSecurityPropSignPaint.tres,prop_sign,prop_sign,prop_sign_0084,CS_1176,res://assets/tilesets/cyber_city_core_tilesets/CyberCity_CentralSecurity_Tiles/CyberCity_CentralSecurity_Tiles_1/CyberCity_CentralSecurity_Tiles_1/Sign3_7.png,Sign3_7.png,"[0, 0, 113, 99]",113,99,"[0, 0, 113, 99]",76.008,SINGLE_TILE_SPRITE,READY_TO_PAINT,Coherent paintable Central Security asset.,keep in production palette
res://assets/tilesets/pvgames_central_security_paintable/PVGamesCentralSecurityPropSignPaint.tres,prop_sign,prop_sign,prop_sign_0085,CS_1177,res://assets/tilesets/cyber_city_core_tilesets/CyberCity_CentralSecurity_Tiles/CyberCity_CentralSecurity_Tiles_1/CyberCity_CentralSecurity_Tiles_1/Sign3_8.png,Sign3_8.png,"[0, 0, 113, 99]",113,99,"[0, 0, 113, 99]",75.99,SINGLE_TILE_SPRITE,READY_TO_PAINT,Coherent paintable Central Security asset.,keep in production palette
res://assets/tilesets/pvgames_central_security_paintable/PVGamesCentralSecurityPropSignPaint.tres,prop_sign,prop_sign,prop_sign_0086,CS_1174,res://assets/tilesets/cyber_city_core_tilesets/CyberCity_CentralSecurity_Tiles/CyberCity_CentralSecurity_Tiles_1/CyberCity_CentralSecurity_Tiles_1/Sign3_5.png,Sign3_5.png,"[0, 0, 113, 101]",113,101,"[0, 0, 113, 101]",76.614,SINGLE_TILE_SPRITE,READY_TO_PAINT,Coherent paintable Central Security asset.,keep in production palette
res://assets/tilesets/pvgames_central_security_paintable/PVGamesCentralSecurityPropSignPaint.tres,prop_sign,prop_sign,prop_sign_0087,CS_1369,res://assets/tilesets/cyber_city_core_tilesets/CyberCity_CentralSecurity_Tiles/CyberCity_CentralSecurity_Tiles_1/CyberCity_CentralSecurity_Tiles_1/Table3_6.png,Table3_6.png,"[0, 0, 114, 97]",114,97,"[0, 0, 114, 97]",46.826,SINGLE_TILE_SPRITE,READY_TO_PAINT,Coherent paintable Central Security asset.,keep in production palette
res://assets/tilesets/pvgames_central_security_paintable/PVGamesCentralSecurityPropSignPaint.tres,prop_sign,prop_sign,prop_sign_0088,CS_1178,res://assets/tilesets/cyber_city_core_tilesets/CyberCity_CentralSecurity_Tiles/CyberCity_CentralSecurity_Tiles_1/CyberCity_CentralSecurity_Tiles_1/Sign4_1.png,Sign4_1.png,"[0, 0, 115, 65]",115,65,"[0, 0, 115, 65]",58.836,SINGLE_TILE_SPRITE,READY_TO_PAINT,Coherent paintable Central Security asset.,keep in production palette
res://assets/tilesets/pvgames_central_security_paintable/PVGamesCentralSecurityPropSignPaint.tres,prop_sign,prop_sign,prop_sign_0089,CS_1360,res://assets/tilesets/cyber_city_core_tilesets/CyberCity_CentralSecurity_Tiles/CyberCity_CentralSecurity_Tiles_1/CyberCity_CentralSecurity_Tiles_1/Table2_5.png,Table2_5.png,"[0, 0, 115, 97]",115,97,"[0, 0, 115, 97]",38.108,SINGLE_TILE_SPRITE,READY_TO_PAINT,Coherent paintable Central Security asset.,keep in production palette
res://assets/tilesets/pvgames_central_security_paintable/PVGamesCentralSecurityPropSignPaint.tres,prop_sign,prop_sign,prop_sign_0090,CS_1180,res://assets/tilesets/cyber_city_core_tilesets/CyberCity_CentralSecurity_Tiles/CyberCity_CentralSecurity_Tiles_1/CyberCity_CentralSecurity_Tiles_1/Sign4_3.png,Sign4_3.png,"[0, 0, 116, 73]",116,73,"[0, 0, 116, 73]",51.393,SINGLE_TILE_SPRITE,READY_TO_PAINT,Coherent paintable Central Security asset.,keep in production palette
res://assets/tilesets/pvgames_central_security_paintable/PVGamesCentralSecurityPropSignPaint.tres,prop_sign,prop_sign,prop_sign_0091,CS_1361,res://assets/tilesets/cyber_city_core_tilesets/CyberCity_CentralSecurity_Tiles/CyberCity_CentralSecurity_Tiles_1/CyberCity_CentralSecurity_Tiles_1/Table2_6.png,Table2_6.png,"[0, 0, 116, 112]",116,112,"[0, 0, 116, 112]",45.051,SINGLE_TILE_SPRITE,READY_TO_PAINT,Coherent paintable Central Security asset.,keep in production palette
res://assets/tilesets/pvgames_central_security_paintable/PVGamesCentralSecurityPropSignPaint.tres,prop_sign,prop_sign,prop_sign_0092,CS_1187,res://assets/tilesets/cyber_city_core_tilesets/CyberCity_CentralSecurity_Tiles/CyberCity_CentralSecurity_Tiles_1/CyberCity_CentralSecurity_Tiles_1/SolarPanel1_2.png,SolarPanel1_2.png,"[0, 0, 109, 120]",109,120,"[0, 0, 109, 120]",35.497,SINGLE_TILE_SPRITE,MODULAR_PART_OK,Useful modular wall/security/tech partial.,keep in production palette
res://assets/tilesets/pvgames_central_security_paintable/PVGamesCentralSecurityPropSignPaint.tres,prop_sign,prop_sign,prop_sign_0093,CS_0284,res://assets/tilesets/cyber_city_core_tilesets/CyberCity_CentralSecurity_Tiles/CyberCity_CentralSecurity_Tiles_1/CyberCity_CentralSecurity_Tiles_1/ChairAssembly1_4.png,ChairAssembly1_4.png,"[0, 0, 123, 102]",123,102,"[0, 0, 123, 102]",50.67,SINGLE_TILE_SPRITE,READY_TO_PAINT,Coherent paintable Central Security asset.,keep in production palette
res://assets/tilesets/pvgames_central_security_paintable/PVGamesCentralSecurityPropSignPaint.tres,prop_sign,prop_sign,prop_sign_0094,CS_0285,res://assets/tilesets/cyber_city_core_tilesets/CyberCity_CentralSecurity_Tiles/CyberCity_CentralSecurity_Tiles_1/CyberCity_CentralSecurity_Tiles_1/ChairAssembly1_5.png,ChairAssembly1_5.png,"[0, 0, 94, 126]",94,126,"[0, 0, 94, 126]",51.427,SINGLE_TILE_SPRITE,READY_TO_PAINT,Coherent paintable Central Security asset.,keep in production palette
res://assets/tilesets/pvgames_central_security_paintable/PVGamesCentralSecurityPropSignPaint.tres,prop_sign,prop_sign,prop_sign_0095,CS_1190,res://assets/tilesets/cyber_city_core_tilesets/CyberCity_CentralSecurity_Tiles/CyberCity_CentralSecurity_Tiles_1/CyberCity_CentralSecurity_Tiles_1/SolarPanel1_5.png,SolarPanel1_5.png,"[0, 0, 127, 131]",127,131,"[0, 0, 127, 131]",31.791,SINGLE_TILE_SPRITE,MODULAR_PART_OK,Useful modular wall/security/tech partial.,keep in production palette
res://assets/tilesets/pvgames_central_security_paintable/PVGamesCentralSecurityPropSignPaint.tres,prop_sign,prop_sign,prop_sign_0096,CS_1348,res://assets/tilesets/cyber_city_core_tilesets/CyberCity_CentralSecurity_Tiles/CyberCity_CentralSecurity_Tiles_1/CyberCity_CentralSecurity_Tiles_1/Table1_1.png,Table1_1.png,"[0, 0, 79, 134]",79,134,"[0, 0, 79, 134]",20.319,SINGLE_TILE_SPRITE,READY_TO_PAINT,Coherent paintable Central Security asset.,keep in production palette
res://assets/tilesets/pvgames_central_security_paintable/PVGamesCentralSecurityPropSignPaint.tres,prop_sign,prop_sign,prop_sign_0097,CS_1375,res://assets/tilesets/cyber_city_core_tilesets/CyberCity_CentralSecurity_Tiles/CyberCity_CentralSecurity_Tiles_1/CyberCity_CentralSecurity_Tiles_1/Table4_4.png,Table4_4.png,"[0, 0, 109, 134]",109,134,"[0, 0, 109, 134]",24.148,SINGLE_TILE_SPRITE,READY_TO_PAINT,Coherent paintable Central Security asset.,keep in production palette
res://assets/tilesets/pvgames_central_security_paintable/PVGamesCentralSecurityPropSignPaint.tres,prop_sign,prop_sign,prop_sign_0098,CS_1193,res://assets/tilesets/cyber_city_core_tilesets/CyberCity_CentralSecurity_Tiles/CyberCity_CentralSecurity_Tiles_1/CyberCity_CentralSecurity_Tiles_1/SolarPanel1_8.png,SolarPanel1_8.png,"[0, 0, 136, 129]",136,129,"[0, 0, 136, 129]",35.078,SINGLE_TILE_SPRITE,MODULAR_PART_OK,Useful modular wall/security/tech partial.,keep in production palette
res://assets/tilesets/pvgames_central_security_paintable/PVGamesCentralSecurityPropSignPaint.tres,prop_sign,prop_sign,prop_sign_0099,CS_1350,res://assets/tilesets/cyber_city_core_tilesets/CyberCity_CentralSecurity_Tiles/CyberCity_CentralSecurity_Tiles_1/CyberCity_CentralSecurity_Tiles_1/Table1_3.png,Table1_3.png,"[0, 0, 77, 138]",77,138,"[0, 0, 77, 138]",20.732,SINGLE_TILE_SPRITE,READY_TO_PAINT,Coherent paintable Central Security asset.,keep in production palette
res://assets/tilesets/pvgames_central_security_paintable/PVGamesCentralSecurityPropSignPaint.tres,prop_sign,prop_sign,prop_sign_0100,CS_1373,res://assets/tilesets/cyber_city_core_tilesets/CyberCity_CentralSecurity_Tiles/CyberCity_CentralSecurity_Tiles_1/CyberCity_CentralSecurity_Tiles_1/Table4_2.png,Table4_2.png,"[0, 0, 109, 138]",109,138,"[0, 0, 109, 138]",27.443,SINGLE_TILE_SPRITE,READY_TO_PAINT,Coherent paintable Central Security asset.,keep in production palette
res://assets/tilesets/pvgames_central_security_paintable/PVGamesCentralSecurityPropSignPaint.tres,prop_sign,prop_sign,prop_sign_0101,CS_1192,res://assets/tilesets/cyber_city_core_tilesets/CyberCity_CentralSecurity_Tiles/CyberCity_CentralSecurity_Tiles_1/CyberCity_CentralSecurity_Tiles_1/SolarPanel1_7.png,SolarPanel1_7.png,"[0, 0, 141, 116]",141,116,"[0, 0, 141, 116]",49.04,SINGLE_TILE_SPRITE,MODULAR_PART_OK,Useful modular wall/security/tech partial.,keep in production palette
res://assets/tilesets/pvgames_central_security_paintable/PVGamesCentralSecurityPropSignPaint.tres,prop_sign,prop_sign,prop_sign_0102,CS_1191,res://assets/tilesets/cyber_city_core_tilesets/CyberCity_CentralSecurity_Tiles/CyberCity_CentralSecurity_Tiles_1/CyberCity_CentralSecurity_Tiles_1/SolarPanel1_6.png,SolarPanel1_6.png,"[0, 0, 141, 138]",141,138,"[0, 0, 141, 138]",31.694,SINGLE_TILE_SPRITE,MODULAR_PART_OK,Useful modular wall/security/tech partial.,keep in production palette
res://assets/tilesets/pvgames_central_security_paintable/PVGamesCentralSecurityPropSignPaint.tres,prop_sign,prop_sign,prop_sign_0103,CS_1588,res://assets/tilesets/cyber_city_core_tilesets/CyberCity_CentralSecurity_Tiles/CyberCity_CentralSecurity_Tiles_1/CyberCity_CentralSecurity_Tiles_1/WarRoomControlPanel3_1.png,WarRoomControlPanel3_1.png,"[0, 0, 88, 144]",88,144,"[0, 0, 88, 144]",17.077,SINGLE_TILE_SPRITE,MODULAR_PART_OK,Useful modular wall/security/tech partial.,keep in production palette
res://assets/tilesets/pvgames_central_security_paintable/PVGamesCentralSecurityPropSignPaint.tres,prop_sign,prop_sign,prop_sign_0104,CS_1590,res://assets/tilesets/cyber_city_core_tilesets/CyberCity_CentralSecurity_Tiles/CyberCity_CentralSecurity_Tiles_1/CyberCity_CentralSecurity_Tiles_1/WarRoomControlPanel3_3.png,WarRoomControlPanel3_3.png,"[0, 0, 93, 144]",93,144,"[0, 0, 93, 144]",19.004,SINGLE_TILE_SPRITE,MODULAR_PART_OK,Useful modular wall/security/tech partial.,keep in production palette
res://assets/tilesets/pvgames_central_security_paintable/PVGamesCentralSecurityPropSignPaint.tres,prop_sign,prop_sign,prop_sign_0105,CS_1652,res://assets/tilesets/cyber_city_core_tilesets/CyberCity_CentralSecurity_Tiles/CyberCity_CentralSecurity_Tiles_1/CyberCity_CentralSecurity_Tiles_1/WarRoomOverheadScreen1_1.png,WarRoomOverheadScreen1_1.png,"[0, 0, 134, 145]",134,145,"[0, 0, 134, 145]",41.41,SINGLE_TILE_SPRITE,READY_TO_PAINT,Coherent paintable Central Security asset.,keep in production palette
res://assets/tilesets/pvgames_central_security_paintable/PVGamesCentralSecurityPropSignPaint.tres,prop_sign,prop_sign,prop_sign_0106,CS_1654,res://assets/tilesets/cyber_city_core_tilesets/CyberCity_CentralSecurity_Tiles/CyberCity_CentralSecurity_Tiles_1/CyberCity_CentralSecurity_Tiles_1/WarRoomOverheadScreen1_3.png,WarRoomOverheadScreen1_3.png,"[0, 0, 134, 145]",134,145,"[0, 0, 134, 145]",40.386,SINGLE_TILE_SPRITE,READY_TO_PAINT,Coherent paintable Central Security asset.,keep in production palette
res://assets/tilesets/pvgames_central_security_paintable/PVGamesCentralSecurityPropSignPaint.tres,prop_sign,prop_sign,prop_sign_0107,CS_1372,res://assets/tilesets/cyber_city_core_tilesets/CyberCity_CentralSecurity_Tiles/CyberCity_CentralSecurity_Tiles_1/CyberCity_CentralSecurity_Tiles_1/Table4_1.png,Table4_1.png,"[0, 0, 150, 105]",150,105,"[0, 0, 150, 105]",28.463,SINGLE_TILE_SPRITE,READY_TO_PAINT,Coherent paintable Central Security asset.,keep in production palette
res://assets/tilesets/pvgames_central_security_paintable/PVGamesCentralSecurityPropSignPaint.tres,prop_sign,prop_sign,prop_sign_0108,CS_1589,res://assets/tilesets/cyber_city_core_tilesets/CyberCity_CentralSecurity_Tiles/CyberCity_CentralSecurity_Tiles_1/CyberCity_CentralSecurity_Tiles_1/WarRoomControlPanel3_2.png,WarRoomControlPanel3_2.png,"[0, 0, 151, 91]",151,91,"[0, 0, 151, 91]",11.528,SINGLE_TILE_SPRITE,MODULAR_PART_OK,Useful modular wall/security/tech partial.,keep in production palette
res://assets/tilesets/pvgames_central_security_paintable/PVGamesCentralSecurityPropSignPaint.tres,prop_sign,prop_sign,prop_sign_0109,CS_1591,res://assets/tilesets/cyber_city_core_tilesets/CyberCity_CentralSecurity_Tiles/CyberCity_CentralSecurity_Tiles_1/CyberCity_CentralSecurity_Tiles_1/WarRoomControlPanel3_4.png,WarRoomControlPanel3_4.png,"[0, 0, 151, 105]",151,105,"[0, 0, 151, 105]",15.118,SINGLE_TILE_SPRITE,MODULAR_PART_OK,Useful modular wall/security/tech partial.,keep in production palette
res://assets/tilesets/pvgames_central_security_paintable/PVGamesCentralSecurityPropSignPaint.tres,prop_sign,prop_sign,prop_sign_0110,CS_1593,res://assets/tilesets/cyber_city_core_tilesets/CyberCity_CentralSecurity_Tiles/CyberCity_CentralSecurity_Tiles_1/CyberCity_CentralSecurity_Tiles_1/WarRoomControlPanel3_6.png,WarRoomControlPanel3_6.png,"[0, 0, 152, 146]",152,146,"[0, 0, 152, 146]",41.659,SINGLE_TILE_SPRITE,MODULAR_PART_OK,Useful modular wall/security/tech partial.,keep in production palette
res://assets/tilesets/pvgames_central_security_paintable/PVGamesCentralSecurityPropSignPaint.tres,prop_sign,prop_sign,prop_sign_0111,CS_1374,res://assets/tilesets/cyber_city_core_tilesets/CyberCity_CentralSecurity_Tiles/CyberCity_CentralSecurity_Tiles_1/CyberCity_CentralSecurity_Tiles_1/Table4_3.png,Table4_3.png,"[0, 0, 153, 105]",153,105,"[0, 0, 153, 105]",32.176,SINGLE_TILE_SPRITE,READY_TO_PAINT,Coherent paintable Central Security asset.,keep in production palette
res://assets/tilesets/pvgames_central_security_paintable/PVGamesCentralSecurityPropSignPaint.tres,prop_sign,prop_sign,prop_sign_0112,CS_1592,res://assets/tilesets/cyber_city_core_tilesets/CyberCity_CentralSecurity_Tiles/CyberCity_CentralSecurity_Tiles_1/CyberCity_CentralSecurity_Tiles_1/WarRoomControlPanel3_5.png,WarRoomControlPanel3_5.png,"[0, 0, 153, 137]",153,137,"[0, 0, 153, 137]",42.541,SINGLE_TILE_SPRITE,MODULAR_PART_OK,Useful modular wall/security/tech partial.,keep in production palette
res://assets/tilesets/pvgames_central_security_paintable/PVGamesCentralSecurityPropSignPaint.tres,prop_sign,prop_sign,prop_sign_0113,CS_1378,res://assets/tilesets/cyber_city_core_tilesets/CyberCity_CentralSecurity_Tiles/CyberCity_CentralSecurity_Tiles_1/CyberCity_CentralSecurity_Tiles_1/Table4_7.png,Table4_7.png,"[0, 0, 155, 142]",155,142,"[0, 0, 155, 142]",50.323,SINGLE_TILE_SPRITE,READY_TO_PAINT,Coherent paintable Central Security asset.,keep in production palette
res://assets/tilesets/pvgames_central_security_paintable/PVGamesCentralSecurityPropSignPaint.tres,prop_sign,prop_sign,prop_sign_0114,CS_1657,res://assets/tilesets/cyber_city_core_tilesets/CyberCity_CentralSecurity_Tiles/CyberCity_CentralSecurity_Tiles_1/CyberCity_CentralSecurity_Tiles_1/WarRoomOverheadScreen1_6.png,WarRoomOverheadScreen1_6.png,"[0, 0, 155, 147]",155,147,"[0, 0, 155, 147]",46.851,SINGLE_TILE_SPRITE,READY_TO_PAINT,Coherent paintable Central Security asset.,keep in production palette
res://assets/tilesets/pvgames_central_security_paintable/PVGamesCentralSecurityPropSignPaint.tres,prop_sign,prop_sign,prop_sign_0115,CS_1658,res://assets/tilesets/cyber_city_core_tilesets/CyberCity_CentralSecurity_Tiles/CyberCity_CentralSecurity_Tiles_1/CyberCity_CentralSecurity_Tiles_1/WarRoomOverheadScreen1_7.png,WarRoomOverheadScreen1_7.png,"[0, 0, 155, 148]",155,148,"[0, 0, 155, 148]",46.146,SINGLE_TILE_SPRITE,READY_TO_PAINT,Coherent paintable Central Security asset.,keep in production palette
res://assets/tilesets/pvgames_central_security_paintable/PVGamesCentralSecurityPropSignPaint.tres,prop_sign,prop_sign,prop_sign_0116,CS_1189,res://assets/tilesets/cyber_city_core_tilesets/CyberCity_CentralSecurity_Tiles/CyberCity_CentralSecurity_Tiles_1/CyberCity_CentralSecurity_Tiles_1/SolarPanel1_4.png,SolarPanel1_4.png,"[0, 0, 110, 156]",110,156,"[0, 0, 110, 156]",28.881,SINGLE_TILE_SPRITE,MODULAR_PART_OK,Useful modular wall/security/tech partial.,keep in production palette
res://assets/tilesets/pvgames_central_security_paintable/PVGamesCentralSecurityPropSignPaint.tres,prop_sign,prop_sign,prop_sign_0117,CS_1377,res://assets/tilesets/cyber_city_core_tilesets/CyberCity_CentralSecurity_Tiles/CyberCity_CentralSecurity_Tiles_1/CyberCity_CentralSecurity_Tiles_1/Table4_6.png,Table4_6.png,"[0, 0, 156, 141]",156,141,"[0, 0, 156, 141]",47.831,SINGLE_TILE_SPRITE,READY_TO_PAINT,Coherent paintable Central Security asset.,keep in production palette
res://assets/tilesets/pvgames_central_security_paintable/PVGamesCentralSecurityPropSignPaint.tres,prop_sign,prop_sign,prop_sign_0118,CS_1656,res://assets/tilesets/cyber_city_core_tilesets/CyberCity_CentralSecurity_Tiles/CyberCity_CentralSecurity_Tiles_1/CyberCity_CentralSecurity_Tiles_1/WarRoomOverheadScreen1_5.png,WarRoomOverheadScreen1_5.png,"[0, 0, 157, 146]",157,146,"[0, 0, 157, 146]",45.729,SINGLE_TILE_SPRITE,READY_TO_PAINT,Coherent paintable Central Security asset.,keep in production palette
res://assets/tilesets/pvgames_central_security_paintable/PVGamesCentralSecurityPropSignPaint.tres,prop_sign,prop_sign,prop_sign_0119,CS_1659,res://assets/tilesets/cyber_city_core_tilesets/CyberCity_CentralSecurity_Tiles/CyberCity_CentralSecurity_Tiles_1/CyberCity_CentralSecurity_Tiles_1/WarRoomOverheadScreen1_8.png,WarRoomOverheadScreen1_8.png,"[0, 0, 157, 146]",157,146,"[0, 0, 157, 146]",44.752,SINGLE_TILE_SPRITE,READY_TO_PAINT,Coherent paintable Central Security asset.,keep in production palette
res://assets/tilesets/pvgames_central_security_paintable/PVGamesCentralSecurityPropSignPaint.tres,prop_sign,prop_sign,prop_sign_0120,CS_1353,res://assets/tilesets/cyber_city_core_tilesets/CyberCity_CentralSecurity_Tiles/CyberCity_CentralSecurity_Tiles_1/CyberCity_CentralSecurity_Tiles_1/Table1_6.png,Table1_6.png,"[0, 0, 171, 131]",171,131,"[0, 0, 171, 131]",56.515,SINGLE_TILE_SPRITE,READY_TO_PAINT,Coherent paintable Central Security asset.,keep in production palette
res://assets/tilesets/pvgames_central_security_paintable/PVGamesCentralSecurityPropSignPaint.tres,prop_sign,prop_sign,prop_sign_0121,CS_1355,res://assets/tilesets/cyber_city_core_tilesets/CyberCity_CentralSecurity_Tiles/CyberCity_CentralSecurity_Tiles_1/CyberCity_CentralSecurity_Tiles_1/Table1_8.png,Table1_8.png,"[0, 0, 171, 132]",171,132,"[0, 0, 171, 132]",59.534,SINGLE_TILE_SPRITE,READY_TO_PAINT,Coherent paintable Central Security asset.,keep in production palette
res://assets/tilesets/pvgames_central_security_paintable/PVGamesCentralSecurityPropSignPaint.tres,prop_sign,prop_sign,prop_sign_0122,CS_1352,res://assets/tilesets/cyber_city_core_tilesets/CyberCity_CentralSecurity_Tiles/CyberCity_CentralSecurity_Tiles_1/CyberCity_CentralSecurity_Tiles_1/Table1_5.png,Table1_5.png,"[0, 0, 172, 131]",172,131,"[0, 0, 172, 131]",59.449,SINGLE_TILE_SPRITE,READY_TO_PAINT,Coherent paintable Central Security asset.,keep in production palette
res://assets/tilesets/pvgames_central_security_paintable/PVGamesCentralSecurityPropSignPaint.tres,prop_sign,prop_sign,prop_sign_0123,CS_1354,res://assets/tilesets/cyber_city_core_tilesets/CyberCity_CentralSecurity_Tiles/CyberCity_CentralSecurity_Tiles_1/CyberCity_CentralSecurity_Tiles_1/Table1_7.png,Table1_7.png,"[0, 0, 174, 131]",174,131,"[0, 0, 174, 131]",57.261,SINGLE_TILE_SPRITE,READY_TO_PAINT,Coherent paintable Central Security asset.,keep in production palette
res://assets/tilesets/pvgames_central_security_paintable/PVGamesCentralSecurityPropSignPaint.tres,prop_sign,prop_sign,prop_sign_0124,CS_1574,res://assets/tilesets/cyber_city_core_tilesets/CyberCity_CentralSecurity_Tiles/CyberCity_CentralSecurity_Tiles_1/CyberCity_CentralSecurity_Tiles_1/WarRoomControlPanel1_3.png,WarRoomControlPanel1_3.png,"[0, 0, 89, 188]",89,188,"[0, 0, 89, 188]",15.647,SINGLE_TILE_SPRITE,MODULAR_PART_OK,Useful modular wall/security/tech partial.,keep in production palette
res://assets/tilesets/pvgames_central_security_paintable/PVGamesCentralSecurityPropSignPaint.tres,prop_sign,prop_sign,prop_sign_0125,CS_1581,res://assets/tilesets/cyber_city_core_tilesets/CyberCity_CentralSecurity_Tiles/CyberCity_CentralSecurity_Tiles_1/CyberCity_CentralSecurity_Tiles_1/WarRoomControlPanel2_2.png,WarRoomControlPanel2_2.png,"[0, 0, 89, 188]",89,188,"[0, 0, 89, 188]",15.647,SINGLE_TILE_SPRITE,MODULAR_PART_OK,Useful modular wall/security/tech partial.,keep in production palette
res://assets/tilesets/pvgames_central_security_paintable/PVGamesCentralSecurityPropSignPaint.tres,prop_sign,prop_sign,prop_sign_0126,CS_1596,res://assets/tilesets/cyber_city_core_tilesets/CyberCity_CentralSecurity_Tiles/CyberCity_CentralSecurity_Tiles_1/CyberCity_CentralSecurity_Tiles_1/WarRoomControlPanel4_1.png,WarRoomControlPanel4_1.png,"[0, 0, 89, 188]",89,188,"[0, 0, 89, 188]",15.838,SINGLE_TILE_SPRITE,MODULAR_PART_OK,Useful modular wall/security/tech partial.,keep in production palette
res://assets/tilesets/pvgames_central_security_paintable/PVGamesCentralSecurityPropSignPaint.tres,prop_sign,prop_sign,prop_sign_0127,CS_1598,res://assets/tilesets/cyber_city_core_tilesets/CyberCity_CentralSecurity_Tiles/CyberCity_CentralSecurity_Tiles_1/CyberCity_CentralSecurity_Tiles_1/WarRoomControlPanel4_3.png,WarRoomControlPanel4_3.png,"[0, 0, 91, 189]",91,189,"[0, 0, 91, 189]",15.518,SINGLE_TILE_SPRITE,MODULAR_PART_OK,Useful modular wall/security/tech partial.,keep in production palette
res://assets/tilesets/pvgames_central_security_paintable/PVGamesCentralSecurityPropSignPaint.tres,prop_sign,prop_sign,prop_sign_0128,CS_1572,res://assets/tilesets/cyber_city_core_tilesets/CyberCity_CentralSecurity_Tiles/CyberCity_CentralSecurity_Tiles_1/CyberCity_CentralSecurity_Tiles_1/WarRoomControlPanel1_1.png,WarRoomControlPanel1_1.png,"[0, 0, 93, 189]",93,189,"[0, 0, 93, 189]",17.164,SINGLE_TILE_SPRITE,MODULAR_PART_OK,Useful modular wall/security/tech partial.,keep in production palette
res://assets/tilesets/pvgames_central_security_paintable/PVGamesCentralSecurityPropSignPaint.tres,prop_sign,prop_sign,prop_sign_0129,CS_1583,res://assets/tilesets/cyber_city_core_tilesets/CyberCity_CentralSecurity_Tiles/CyberCity_CentralSecurity_Tiles_1/CyberCity_CentralSecurity_Tiles_1/WarRoomControlPanel2_4.png,WarRoomControlPanel2_4.png,"[0, 0, 93, 189]",93,189,"[0, 0, 93, 189]",17.164,SINGLE_TILE_SPRITE,MODULAR_PART_OK,Useful modular wall/security/tech partial.,keep in production palette
res://assets/tilesets/pvgames_central_security_paintable/PVGamesCentralSecurityGroundRoadPaint.tres,ground_road,ground_road,ground_road_0000,CS_1082,res://assets/tilesets/cyber_city_core_tilesets/CyberCity_CentralSecurity_Tiles/CyberCity_CentralSecurity_Tiles_1/CyberCity_CentralSecurity_Tiles_1/RocketPlatform2_5.png,RocketPlatform2_5.png,"[0, 0, 87, 107]",87,107,"[0, 0, 87, 107]",38.264,SINGLE_TILE_SPRITE,READY_TO_PAINT,Coherent ground/floor paint tile.,keep in production palette
res://assets/tilesets/pvgames_central_security_paintable/PVGamesCentralSecurityGroundRoadPaint.tres,ground_road,ground_road,ground_road_0001,CS_1073,res://assets/tilesets/cyber_city_core_tilesets/CyberCity_CentralSecurity_Tiles/CyberCity_CentralSecurity_Tiles_1/CyberCity_CentralSecurity_Tiles_1/RocketPlatform1_4.png,RocketPlatform1_4.png,"[0, 0, 89, 107]",89,107,"[0, 0, 89, 107]",36.018,SINGLE_TILE_SPRITE,READY_TO_PAINT,Coherent ground/floor paint tile.,keep in production palette
res://assets/tilesets/pvgames_central_security_paintable/PVGamesCentralSecurityGroundRoadPaint.tres,ground_road,ground_road,ground_road_0002,CS_1071,res://assets/tilesets/cyber_city_core_tilesets/CyberCity_CentralSecurity_Tiles/CyberCity_CentralSecurity_Tiles_1/CyberCity_CentralSecurity_Tiles_1/RocketPlatform1_2.png,RocketPlatform1_2.png,"[0, 0, 93, 107]",93,107,"[0, 0, 93, 107]",38.137,SINGLE_TILE_SPRITE,READY_TO_PAINT,Coherent ground/floor paint tile.,keep in production palette
res://assets/tilesets/pvgames_central_security_paintable/PVGamesCentralSecurityGroundRoadPaint.tres,ground_road,ground_road,ground_road_0003,CS_1078,res://assets/tilesets/cyber_city_core_tilesets/CyberCity_CentralSecurity_Tiles/CyberCity_CentralSecurity_Tiles_1/CyberCity_CentralSecurity_Tiles_1/RocketPlatform2_1.png,RocketPlatform2_1.png,"[0, 0, 79, 109]",79,109,"[0, 0, 79, 109]",36.848,SINGLE_TILE_SPRITE,READY_TO_PAINT,Coherent ground/floor paint tile.,keep in production palette
res://assets/tilesets/pvgames_central_security_paintable/PVGamesCentralSecurityGroundRoadPaint.tres,ground_road,ground_road,ground_road_0004,CS_1083,res://assets/tilesets/cyber_city_core_tilesets/CyberCity_CentralSecurity_Tiles/CyberCity_CentralSecurity_Tiles_1/CyberCity_CentralSecurity_Tiles_1/RocketPlatform2_6.png,RocketPlatform2_6.png,"[0, 0, 87, 110]",87,110,"[0, 0, 87, 110]",39.112,SINGLE_TILE_SPRITE,READY_TO_PAINT,Coherent ground/floor paint tile.,keep in production palette
res://assets/tilesets/pvgames_central_security_paintable/PVGamesCentralSecurityGroundRoadPaint.tres,ground_road,ground_road,ground_road_0005,CS_1075,res://assets/tilesets/cyber_city_core_tilesets/CyberCity_CentralSecurity_Tiles/CyberCity_CentralSecurity_Tiles_1/CyberCity_CentralSecurity_Tiles_1/RocketPlatform1_6.png,RocketPlatform1_6.png,"[0, 0, 92, 111]",92,111,"[0, 0, 92, 111]",39.209,SINGLE_TILE_SPRITE,READY_TO_PAINT,Coherent ground/floor paint tile.,keep in production palette
res://assets/tilesets/pvgames_central_security_paintable/PVGamesCentralSecurityGroundRoadPaint.tres,ground_road,ground_road,ground_road_0006,CS_1080,res://assets/tilesets/cyber_city_core_tilesets/CyberCity_CentralSecurity_Tiles/CyberCity_CentralSecurity_Tiles_1/CyberCity_CentralSecurity_Tiles_1/RocketPlatform2_3.png,RocketPlatform2_3.png,"[0, 0, 79, 112]",79,112,"[0, 0, 79, 112]",32.256,SINGLE_TILE_SPRITE,READY_TO_PAINT,Coherent ground/floor paint tile.,keep in production palette
res://assets/tilesets/pvgames_central_security_paintable/PVGamesCentralSecurityGroundRoadPaint.tres,ground_road,ground_road,ground_road_0007,CS_1072,res://assets/tilesets/cyber_city_core_tilesets/CyberCity_CentralSecurity_Tiles/CyberCity_CentralSecurity_Tiles_1/CyberCity_CentralSecurity_Tiles_1/RocketPlatform1_3.png,RocketPlatform1_3.png,"[0, 0, 79, 113]",79,113,"[0, 0, 79, 113]",32.923,SINGLE_TILE_SPRITE,READY_TO_PAINT,Coherent ground/floor paint tile.,keep in production palette
res://assets/tilesets/pvgames_central_security_paintable/PVGamesCentralSecurityGroundRoadPaint.tres,ground_road,ground_road,ground_road_0008,CS_1081,res://assets/tilesets/cyber_city_core_tilesets/CyberCity_CentralSecurity_Tiles/CyberCity_CentralSecurity_Tiles_1/CyberCity_CentralSecurity_Tiles_1/RocketPlatform2_4.png,RocketPlatform2_4.png,"[0, 0, 85, 113]",85,113,"[0, 0, 85, 113]",38.001,SINGLE_TILE_SPRITE,READY_TO_PAINT,Coherent ground/floor paint tile.,keep in production palette
res://assets/tilesets/pvgames_central_security_paintable/PVGamesCentralSecurityGroundRoadPaint.tres,ground_road,ground_road,ground_road_0009,CS_1079,res://assets/tilesets/cyber_city_core_tilesets/CyberCity_CentralSecurity_Tiles/CyberCity_CentralSecurity_Tiles_1/CyberCity_CentralSecurity_Tiles_1/RocketPlatform2_2.png,RocketPlatform2_2.png,"[0, 0, 93, 113]",93,113,"[0, 0, 93, 113]",41.431,SINGLE_TILE_SPRITE,READY_TO_PAINT,Coherent ground/floor paint tile.,keep in production palette
res://assets/tilesets/pvgames_central_security_paintable/PVGamesCentralSecurityGroundRoadPaint.tres,ground_road,ground_road,ground_road_0010,CS_1085,res://assets/tilesets/cyber_city_core_tilesets/CyberCity_CentralSecurity_Tiles/CyberCity_CentralSecurity_Tiles_1/CyberCity_CentralSecurity_Tiles_1/RocketPlatform2_8.png,RocketPlatform2_8.png,"[0, 0, 83, 116]",83,116,"[0, 0, 83, 116]",39.302,SINGLE_TILE_SPRITE,READY_TO_PAINT,Coherent ground/floor paint tile.,keep in production palette
res://assets/tilesets/pvgames_central_security_paintable/PVGamesCentralSecurityGroundRoadPaint.tres,ground_road,ground_road,ground_road_0011,CS_1074,res://assets/tilesets/cyber_city_core_tilesets/CyberCity_CentralSecurity_Tiles/CyberCity_CentralSecurity_Tiles_1/CyberCity_CentralSecurity_Tiles_1/RocketPlatform1_5.png,RocketPlatform1_5.png,"[0, 0, 87, 116]",87,116,"[0, 0, 87, 116]",40.904,SINGLE_TILE_SPRITE,READY_TO_PAINT,Coherent ground/floor paint tile.,keep in production palette
res://assets/tilesets/pvgames_central_security_paintable/PVGamesCentralSecurityGroundRoadPaint.tres,ground_road,ground_road,ground_road_0012,CS_1076,res://assets/tilesets/cyber_city_core_tilesets/CyberCity_CentralSecurity_Tiles/CyberCity_CentralSecurity_Tiles_1/CyberCity_CentralSecurity_Tiles_1/RocketPlatform1_7.png,RocketPlatform1_7.png,"[0, 0, 87, 116]",87,116,"[0, 0, 87, 116]",40.359,SINGLE_TILE_SPRITE,READY_TO_PAINT,Coherent ground/floor paint tile.,keep in production palette
res://assets/tilesets/pvgames_central_security_paintable/PVGamesCentralSecurityGroundRoadPaint.tres,ground_road,ground_road,ground_road_0013,CS_1077,res://assets/tilesets/cyber_city_core_tilesets/CyberCity_CentralSecurity_Tiles/CyberCity_CentralSecurity_Tiles_1/CyberCity_CentralSecurity_Tiles_1/RocketPlatform1_8.png,RocketPlatform1_8.png,"[0, 0, 92, 116]",92,116,"[0, 0, 92, 116]",44.706,SINGLE_TILE_SPRITE,READY_TO_PAINT,Coherent ground/floor paint tile.,keep in production palette
res://assets/tilesets/pvgames_central_security_paintable/PVGamesCentralSecurityGroundRoadPaint.tres,ground_road,ground_road,ground_road_0014,CS_1084,res://assets/tilesets/cyber_city_core_tilesets/CyberCity_CentralSecurity_Tiles/CyberCity_CentralSecurity_Tiles_1/CyberCity_CentralSecurity_Tiles_1/RocketPlatform2_7.png,RocketPlatform2_7.png,"[0, 0, 87, 117]",87,117,"[0, 0, 87, 117]",41.153,SINGLE_TILE_SPRITE,READY_TO_PAINT,Coherent ground/floor paint tile.,keep in production palette
res://assets/tilesets/pvgames_central_security_paintable/PVGamesCentralSecurityGroundRoadPaint.tres,ground_road,ground_road,ground_road_0015,CS_1070,res://assets/tilesets/cyber_city_core_tilesets/CyberCity_CentralSecurity_Tiles/CyberCity_CentralSecurity_Tiles_1/CyberCity_CentralSecurity_Tiles_1/RocketPlatform1_1.png,RocketPlatform1_1.png,"[0, 0, 79, 124]",79,124,"[0, 0, 79, 124]",40.547,SINGLE_TILE_SPRITE,READY_TO_PAINT,Coherent ground/floor paint tile.,keep in production palette
res://assets/tilesets/pvgames_central_security_paintable/PVGamesCentralSecurityGroundRoadPaint.tres,ground_road,ground_road,ground_road_0016,CS_0712,res://assets/tilesets/cyber_city_core_tilesets/CyberCity_CentralSecurity_Tiles/CyberCity_CentralSecurity_Tiles_1/CyberCity_CentralSecurity_Tiles_1/Interior_FloorPanel1_1.png,Interior_FloorPanel1_1.png,"[0, 0, 132, 97]",132,97,"[0, 0, 132, 97]",9.38,SINGLE_TILE_SPRITE,MODULAR_PART_OK,Useful modular wall/security/tech partial.,keep in production palette
res://assets/tilesets/pvgames_central_security_paintable/PVGamesCentralSecurityGroundRoadPaint.tres,ground_road,ground_road,ground_road_0017,CS_0720,res://assets/tilesets/cyber_city_core_tilesets/CyberCity_CentralSecurity_Tiles/CyberCity_CentralSecurity_Tiles_1/CyberCity_CentralSecurity_Tiles_1/Interior_FloorPanel2_1.png,Interior_FloorPanel2_1.png,"[0, 0, 132, 97]",132,97,"[0, 0, 132, 97]",9.38,SINGLE_TILE_SPRITE,MODULAR_PART_OK,Useful modular wall/security/tech partial.,keep in production palette
res://assets/tilesets/pvgames_central_security_paintable/PVGamesCentralSecurityGroundRoadPaint.tres,ground_road,ground_road,ground_road_0018,CS_0728,res://assets/tilesets/cyber_city_core_tilesets/CyberCity_CentralSecurity_Tiles/CyberCity_CentralSecurity_Tiles_1/CyberCity_CentralSecurity_Tiles_1/Interior_FloorPanel3_1.png,Interior_FloorPanel3_1.png,"[0, 0, 132, 97]",132,97,"[0, 0, 132, 97]",9.552,SINGLE_TILE_SPRITE,MODULAR_PART_OK,Useful modular wall/security/tech partial.,keep in production palette
res://assets/tilesets/pvgames_central_security_paintable/PVGamesCentralSecurityGroundRoadPaint.tres,ground_road,ground_road,ground_road_0019,CS_0736,res://assets/tilesets/cyber_city_core_tilesets/CyberCity_CentralSecurity_Tiles/CyberCity_CentralSecurity_Tiles_1/CyberCity_CentralSecurity_Tiles_1/Interior_FloorPanel4_1.png,Interior_FloorPanel4_1.png,"[0, 0, 132, 97]",132,97,"[0, 0, 132, 97]",30.319,SINGLE_TILE_SPRITE,MODULAR_PART_OK,Useful modular wall/security/tech partial.,keep in production palette
res://assets/tilesets/pvgames_central_security_paintable/PVGamesCentralSecurityGroundRoadPaint.tres,ground_road,ground_road,ground_road_0020,CS_0744,res://assets/tilesets/cyber_city_core_tilesets/CyberCity_CentralSecurity_Tiles/CyberCity_CentralSecurity_Tiles_1/CyberCity_CentralSecurity_Tiles_1/Interior_FloorPanel5_1.png,Interior_FloorPanel5_1.png,"[0, 0, 132, 97]",132,97,"[0, 0, 132, 97]",9.38,SINGLE_TILE_SPRITE,MODULAR_PART_OK,Useful modular wall/security/tech partial.,keep in production palette
res://assets/tilesets/pvgames_central_security_paintable/PVGamesCentralSecurityGroundRoadPaint.tres,ground_road,ground_road,ground_road_0021,CS_0752,res://assets/tilesets/cyber_city_core_tilesets/CyberCity_CentralSecurity_Tiles/CyberCity_CentralSecurity_Tiles_1/CyberCity_CentralSecurity_Tiles_1/Interior_FloorPanel6_1.png,Interior_FloorPanel6_1.png,"[0, 0, 132, 97]",132,97,"[0, 0, 132, 97]",9.38,SINGLE_TILE_SPRITE,MODULAR_PART_OK,Useful modular wall/security/tech partial.,keep in production palette
res://assets/tilesets/pvgames_central_security_paintable/PVGamesCentralSecurityGroundRoadPaint.tres,ground_road,ground_road,ground_road_0022,CS_0715,res://assets/tilesets/cyber_city_core_tilesets/CyberCity_CentralSecurity_Tiles/CyberCity_CentralSecurity_Tiles_1/CyberCity_CentralSecurity_Tiles_1/Interior_FloorPanel1_4.png,Interior_FloorPanel1_4.png,"[0, 0, 133, 98]",133,98,"[0, 0, 133, 98]",11.163,SINGLE_TILE_SPRITE,MODULAR_PART_OK,Useful modular wall/security/tech partial.,keep in production palette
res://assets/tilesets/pvgames_central_security_paintable/PVGamesCentralSecurityGroundRoadPaint.tres,ground_road,ground_road,ground_road_0023,CS_0723,res://assets/tilesets/cyber_city_core_tilesets/CyberCity_CentralSecurity_Tiles/CyberCity_CentralSecurity_Tiles_1/CyberCity_CentralSecurity_Tiles_1/Interior_FloorPanel2_4.png,Interior_FloorPanel2_4.png,"[0, 0, 133, 98]",133,98,"[0, 0, 133, 98]",11.163,SINGLE_TILE_SPRITE,MODULAR_PART_OK,Useful modular wall/security/tech partial.,keep in production palette
res://assets/tilesets/pvgames_central_security_paintable/PVGamesCentralSecurityGroundRoadPaint.tres,ground_road,ground_road,ground_road_0024,CS_0731,res://assets/tilesets/cyber_city_core_tilesets/CyberCity_CentralSecurity_Tiles/CyberCity_CentralSecurity_Tiles_1/CyberCity_CentralSecurity_Tiles_1/Interior_FloorPanel3_4.png,Interior_FloorPanel3_4.png,"[0, 0, 133, 98]",133,98,"[0, 0, 133, 98]",11.754,SINGLE_TILE_SPRITE,MODULAR_PART_OK,Useful modular wall/security/tech partial.,keep in production palette
res://assets/tilesets/pvgames_central_security_paintable/PVGamesCentralSecurityGroundRoadPaint.tres,ground_road,ground_road,ground_road_0025,CS_0739,res://assets/tilesets/cyber_city_core_tilesets/CyberCity_CentralSecurity_Tiles/CyberCity_CentralSecurity_Tiles_1/CyberCity_CentralSecurity_Tiles_1/Interior_FloorPanel4_4.png,Interior_FloorPanel4_4.png,"[0, 0, 133, 98]",133,98,"[0, 0, 133, 98]",30.858,SINGLE_TILE_SPRITE,MODULAR_PART_OK,Useful modular wall/security/tech partial.,keep in production palette
res://assets/tilesets/pvgames_central_security_paintable/PVGamesCentralSecurityGroundRoadPaint.tres,ground_road,ground_road,ground_road_0026,CS_0747,res://assets/tilesets/cyber_city_core_tilesets/CyberCity_CentralSecurity_Tiles/CyberCity_CentralSecurity_Tiles_1/CyberCity_CentralSecurity_Tiles_1/Interior_FloorPanel5_4.png,Interior_FloorPanel5_4.png,"[0, 0, 133, 98]",133,98,"[0, 0, 133, 98]",11.163,SINGLE_TILE_SPRITE,MODULAR_PART_OK,Useful modular wall/security/tech partial.,keep in production palette
res://assets/tilesets/pvgames_central_security_paintable/PVGamesCentralSecurityGroundRoadPaint.tres,ground_road,ground_road,ground_road_0027,CS_0755,res://assets/tilesets/cyber_city_core_tilesets/CyberCity_CentralSecurity_Tiles/CyberCity_CentralSecurity_Tiles_1/CyberCity_CentralSecurity_Tiles_1/Interior_FloorPanel6_4.png,Interior_FloorPanel6_4.png,"[0, 0, 133, 98]",133,98,"[0, 0, 133, 98]",11.163,SINGLE_TILE_SPRITE,MODULAR_PART_OK,Useful modular wall/security/tech partial.,keep in production palette
res://assets/tilesets/pvgames_central_security_paintable/PVGamesCentralSecurityGroundRoadPaint.tres,ground_road,ground_road,ground_road_0028,CS_0714,res://assets/tilesets/cyber_city_core_tilesets/CyberCity_CentralSecurity_Tiles/CyberCity_CentralSecurity_Tiles_1/CyberCity_CentralSecurity_Tiles_1/Interior_FloorPanel1_3.png,Interior_FloorPanel1_3.png,"[0, 0, 134, 100]",134,100,"[0, 0, 134, 100]",13.418,SINGLE_TILE_SPRITE,MODULAR_PART_OK,Useful modular wall/security/tech partial.,keep in production palette
res://assets/tilesets/pvgames_central_security_paintable/PVGamesCentralSecurityGroundRoadPaint.tres,ground_road,ground_road,ground_road_0029,CS_0722,res://assets/tilesets/cyber_city_core_tilesets/CyberCity_CentralSecurity_Tiles/CyberCity_CentralSecurity_Tiles_1/CyberCity_CentralSecurity_Tiles_1/Interior_FloorPanel2_3.png,Interior_FloorPanel2_3.png,"[0, 0, 134, 100]",134,100,"[0, 0, 134, 100]",13.41,SINGLE_TILE_SPRITE,MODULAR_PART_OK,Useful modular wall/security/tech partial.,keep in production palette
res://assets/tilesets/pvgames_central_security_paintable/PVGamesCentralSecurityGroundRoadPaint.tres,ground_road,ground_road,ground_road_0030,CS_0730,res://assets/tilesets/cyber_city_core_tilesets/CyberCity_CentralSecurity_Tiles/CyberCity_CentralSecurity_Tiles_1/CyberCity_CentralSecurity_Tiles_1/Interior_FloorPanel3_3.png,Interior_FloorPanel3_3.png,"[0, 0, 134, 100]",134,100,"[0, 0, 134, 100]",13.44,SINGLE_TILE_SPRITE,MODULAR_PART_OK,Useful modular wall/security/tech partial.,keep in production palette
res://assets/tilesets/pvgames_central_security_paintable/PVGamesCentralSecurityGroundRoadPaint.tres,ground_road,ground_road,ground_road_0031,CS_0738,res://assets/tilesets/cyber_city_core_tilesets/CyberCity_CentralSecurity_Tiles/CyberCity_CentralSecurity_Tiles_1/CyberCity_CentralSecurity_Tiles_1/Interior_FloorPanel4_3.png,Interior_FloorPanel4_3.png,"[0, 0, 134, 100]",134,100,"[0, 0, 134, 100]",33.754,SINGLE_TILE_SPRITE,MODULAR_PART_OK,Useful modular wall/security/tech partial.,keep in production palette
res://assets/tilesets/pvgames_central_security_paintable/PVGamesCentralSecurityGroundRoadPaint.tres,ground_road,ground_road,ground_road_0032,CS_0746,res://assets/tilesets/cyber_city_core_tilesets/CyberCity_CentralSecurity_Tiles/CyberCity_CentralSecurity_Tiles_1/CyberCity_CentralSecurity_Tiles_1/Interior_FloorPanel5_3.png,Interior_FloorPanel5_3.png,"[0, 0, 134, 100]",134,100,"[0, 0, 134, 100]",13.41,SINGLE_TILE_SPRITE,MODULAR_PART_OK,Useful modular wall/security/tech partial.,keep in production palette
res://assets/tilesets/pvgames_central_security_paintable/PVGamesCentralSecurityGroundRoadPaint.tres,ground_road,ground_road,ground_road_0033,CS_0754,res://assets/tilesets/cyber_city_core_tilesets/CyberCity_CentralSecurity_Tiles/CyberCity_CentralSecurity_Tiles_1/CyberCity_CentralSecurity_Tiles_1/Interior_FloorPanel6_3.png,Interior_FloorPanel6_3.png,"[0, 0, 134, 100]",134,100,"[0, 0, 134, 100]",13.41,SINGLE_TILE_SPRITE,MODULAR_PART_OK,Useful modular wall/security/tech partial.,keep in production palette
res://assets/tilesets/pvgames_central_security_paintable/PVGamesCentralSecurityGroundRoadPaint.tres,ground_road,ground_road,ground_road_0034,CS_0713,res://assets/tilesets/cyber_city_core_tilesets/CyberCity_CentralSecurity_Tiles/CyberCity_CentralSecurity_Tiles_1/CyberCity_CentralSecurity_Tiles_1/Interior_FloorPanel1_2.png,Interior_FloorPanel1_2.png,"[0, 0, 136, 99]",136,99,"[0, 0, 136, 99]",13.622,SINGLE_TILE_SPRITE,MODULAR_PART_OK,Useful modular wall/security/tech partial.,keep in production palette
res://assets/tilesets/pvgames_central_security_paintable/PVGamesCentralSecurityGroundRoadPaint.tres,ground_road,ground_road,ground_road_0035,CS_0721,res://assets/tilesets/cyber_city_core_tilesets/CyberCity_CentralSecurity_Tiles/CyberCity_CentralSecurity_Tiles_1/CyberCity_CentralSecurity_Tiles_1/Interior_FloorPanel2_2.png,Interior_FloorPanel2_2.png,"[0, 0, 136, 99]",136,99,"[0, 0, 136, 99]",13.622,SINGLE_TILE_SPRITE,MODULAR_PART_OK,Useful modular wall/security/tech partial.,keep in production palette
res://assets/tilesets/pvgames_central_security_paintable/PVGamesCentralSecurityGroundRoadPaint.tres,ground_road,ground_road,ground_road_0036,CS_0729,res://assets/tilesets/cyber_city_core_tilesets/CyberCity_CentralSecurity_Tiles/CyberCity_CentralSecurity_Tiles_1/CyberCity_CentralSecurity_Tiles_1/Interior_FloorPanel3_2.png,Interior_FloorPanel3_2.png,"[0, 0, 136, 99]",136,99,"[0, 0, 136, 99]",14.245,SINGLE_TILE_SPRITE,MODULAR_PART_OK,Useful modular wall/security/tech partial.,keep in production palette
res://assets/tilesets/pvgames_central_security_paintable/PVGamesCentralSecurityGroundRoadPaint.tres,ground_road,ground_road,ground_road_0037,CS_0737,res://assets/tilesets/cyber_city_core_tilesets/CyberCity_CentralSecurity_Tiles/CyberCity_CentralSecurity_Tiles_1/CyberCity_CentralSecurity_Tiles_1/Interior_FloorPanel4_2.png,Interior_FloorPanel4_2.png,"[0, 0, 136, 99]",136,99,"[0, 0, 136, 99]",33.356,SINGLE_TILE_SPRITE,MODULAR_PART_OK,Useful modular wall/security/tech partial.,keep in production palette
res://assets/tilesets/pvgames_central_security_paintable/PVGamesCentralSecurityGroundRoadPaint.tres,ground_road,ground_road,ground_road_0038,CS_0745,res://assets/tilesets/cyber_city_core_tilesets/CyberCity_CentralSecurity_Tiles/CyberCity_CentralSecurity_Tiles_1/CyberCity_CentralSecurity_Tiles_1/Interior_FloorPanel5_2.png,Interior_FloorPanel5_2.png,"[0, 0, 136, 99]",136,99,"[0, 0, 136, 99]",13.622,SINGLE_TILE_SPRITE,MODULAR_PART_OK,Useful modular wall/security/tech partial.,keep in production palette
res://assets/tilesets/pvgames_central_security_paintable/PVGamesCentralSecurityGroundRoadPaint.tres,ground_road,ground_road,ground_road_0039,CS_0753,res://assets/tilesets/cyber_city_core_tilesets/CyberCity_CentralSecurity_Tiles/CyberCity_CentralSecurity_Tiles_1/CyberCity_CentralSecurity_Tiles_1/Interior_FloorPanel6_2.png,Interior_FloorPanel6_2.png,"[0, 0, 136, 99]",136,99,"[0, 0, 136, 99]",13.622,SINGLE_TILE_SPRITE,MODULAR_PART_OK,Useful modular wall/security/tech partial.,keep in production palette
res://assets/tilesets/pvgames_central_security_paintable/PVGamesCentralSecurityGroundRoadPaint.tres,ground_road,ground_road,ground_road_0040,CS_1612,res://assets/tilesets/cyber_city_core_tilesets/CyberCity_CentralSecurity_Tiles/CyberCity_CentralSecurity_Tiles_1/CyberCity_CentralSecurity_Tiles_1/WarRoomFloor1_1.png,WarRoomFloor1_1.png,"[0, 0, 150, 123]",150,123,"[0, 0, 150, 123]",9.805,SINGLE_TILE_SPRITE,READY_TO_PAINT,Coherent ground/floor paint tile.,keep in production palette
res://assets/tilesets/pvgames_central_security_paintable/PVGamesCentralSecurityGroundRoadPaint.tres,ground_road,ground_road,ground_road_0041,CS_1614,res://assets/tilesets/cyber_city_core_tilesets/CyberCity_CentralSecurity_Tiles/CyberCity_CentralSecurity_Tiles_1/CyberCity_CentralSecurity_Tiles_1/WarRoomFloor1_3.png,WarRoomFloor1_3.png,"[0, 0, 150, 123]",150,123,"[0, 0, 150, 123]",9.805,SINGLE_TILE_SPRITE,READY_TO_PAINT,Coherent ground/floor paint tile.,keep in production palette
res://assets/tilesets/pvgames_central_security_paintable/PVGamesCentralSecurityGroundRoadPaint.tres,ground_road,ground_road,ground_road_0042,CS_1613,res://assets/tilesets/cyber_city_core_tilesets/CyberCity_CentralSecurity_Tiles/CyberCity_CentralSecurity_Tiles_1/CyberCity_CentralSecurity_Tiles_1/WarRoomFloor1_2.png,WarRoomFloor1_2.png,"[0, 0, 169, 110]",169,110,"[0, 0, 169, 110]",10.398,SINGLE_TILE_SPRITE,READY_TO_PAINT,Coherent ground/floor paint tile.,keep in production palette
res://assets/tilesets/pvgames_central_security_paintable/PVGamesCentralSecurityGroundRoadPaint.tres,ground_road,ground_road,ground_road_0043,CS_1615,res://assets/tilesets/cyber_city_core_tilesets/CyberCity_CentralSecurity_Tiles/CyberCity_CentralSecurity_Tiles_1/CyberCity_CentralSecurity_Tiles_1/WarRoomFloor1_4.png,WarRoomFloor1_4.png,"[0, 0, 169, 110]",169,110,"[0, 0, 169, 110]",10.398,SINGLE_TILE_SPRITE,READY_TO_PAINT,Coherent ground/floor paint tile.,keep in production palette
res://assets/tilesets/pvgames_central_security_paintable/PVGamesCentralSecurityGroundRoadPaint.tres,ground_road,ground_road,ground_road_0044,CS_0140,res://assets/tilesets/cyber_city_core_tilesets/CyberCity_CentralSecurity_Tiles/CyberCity_CentralSecurity_Tiles_1/CyberCity_CentralSecurity_Tiles_1/BrigFloorTrim1_4.png,BrigFloorTrim1_4.png,"[0, 0, 171, 123]",171,123,"[0, 0, 171, 123]",80.954,SINGLE_TILE_SPRITE,READY_TO_PAINT,Coherent ground/floor paint tile.,keep in production palette
res://assets/tilesets/pvgames_central_security_paintable/PVGamesCentralSecurityGroundRoadPaint.tres,ground_road,ground_road,ground_road_0045,CS_0139,res://assets/tilesets/cyber_city_core_tilesets/CyberCity_CentralSecurity_Tiles/CyberCity_CentralSecurity_Tiles_1/CyberCity_CentralSecurity_Tiles_1/BrigFloorTrim1_3.png,BrigFloorTrim1_3.png,"[0, 0, 172, 122]",172,122,"[0, 0, 172, 122]",80.876,SINGLE_TILE_SPRITE,READY_TO_PAINT,Coherent ground/floor paint tile.,keep in production palette
res://assets/tilesets/pvgames_central_security_paintable/PVGamesCentralSecurityGroundRoadPaint.tres,ground_road,ground_road,ground_road_0046,CS_0716,res://assets/tilesets/cyber_city_core_tilesets/CyberCity_CentralSecurity_Tiles/CyberCity_CentralSecurity_Tiles_1/CyberCity_CentralSecurity_Tiles_1/Interior_FloorPanel1_5.png,Interior_FloorPanel1_5.png,"[0, 0, 179, 127]",179,127,"[0, 0, 179, 127]",48.801,SINGLE_TILE_SPRITE,MODULAR_PART_OK,Useful modular wall/security/tech partial.,keep in production palette
res://assets/tilesets/pvgames_central_security_paintable/PVGamesCentralSecurityGroundRoadPaint.tres,ground_road,ground_road,ground_road_0047,CS_0717,res://assets/tilesets/cyber_city_core_tilesets/CyberCity_CentralSecurity_Tiles/CyberCity_CentralSecurity_Tiles_1/CyberCity_CentralSecurity_Tiles_1/Interior_FloorPanel1_6.png,Interior_FloorPanel1_6.png,"[0, 0, 179, 127]",179,127,"[0, 0, 179, 127]",48.806,SINGLE_TILE_SPRITE,MODULAR_PART_OK,Useful modular wall/security/tech partial.,keep in production palette
res://assets/tilesets/pvgames_central_security_paintable/PVGamesCentralSecurityGroundRoadPaint.tres,ground_road,ground_road,ground_road_0048,CS_0718,res://assets/tilesets/cyber_city_core_tilesets/CyberCity_CentralSecurity_Tiles/CyberCity_CentralSecurity_Tiles_1/CyberCity_CentralSecurity_Tiles_1/Interior_FloorPanel1_7.png,Interior_FloorPanel1_7.png,"[0, 0, 179, 127]",179,127,"[0, 0, 179, 127]",48.797,SINGLE_TILE_SPRITE,MODULAR_PART_OK,Useful modular wall/security/tech partial.,keep in production palette
res://assets/tilesets/pvgames_central_security_paintable/PVGamesCentralSecurityGroundRoadPaint.tres,ground_road,ground_road,ground_road_0049,CS_0719,res://assets/tilesets/cyber_city_core_tilesets/CyberCity_CentralSecurity_Tiles/CyberCity_CentralSecurity_Tiles_1/CyberCity_CentralSecurity_Tiles_1/Interior_FloorPanel1_8.png,Interior_FloorPanel1_8.png,"[0, 0, 179, 127]",179,127,"[0, 0, 179, 127]",48.775,SINGLE_TILE_SPRITE,MODULAR_PART_OK,Useful modular wall/security/tech partial.,keep in production palette
res://assets/tilesets/pvgames_central_security_paintable/PVGamesCentralSecurityGroundRoadPaint.tres,ground_road,ground_road,ground_road_0050,CS_0724,res://assets/tilesets/cyber_city_core_tilesets/CyberCity_CentralSecurity_Tiles/CyberCity_CentralSecurity_Tiles_1/CyberCity_CentralSecurity_Tiles_1/Interior_FloorPanel2_5.png,Interior_FloorPanel2_5.png,"[0, 0, 179, 127]",179,127,"[0, 0, 179, 127]",48.801,SINGLE_TILE_SPRITE,MODULAR_PART_OK,Useful modular wall/security/tech partial.,keep in production palette
res://assets/tilesets/pvgames_central_security_paintable/PVGamesCentralSecurityGroundRoadPaint.tres,ground_road,ground_road,ground_road_0051,CS_0725,res://assets/tilesets/cyber_city_core_tilesets/CyberCity_CentralSecurity_Tiles/CyberCity_CentralSecurity_Tiles_1/CyberCity_CentralSecurity_Tiles_1/Interior_FloorPanel2_6.png,Interior_FloorPanel2_6.png,"[0, 0, 179, 127]",179,127,"[0, 0, 179, 127]",48.806,SINGLE_TILE_SPRITE,MODULAR_PART_OK,Useful modular wall/security/tech partial.,keep in production palette
res://assets/tilesets/pvgames_central_security_paintable/PVGamesCentralSecurityGroundRoadPaint.tres,ground_road,ground_road,ground_road_0052,CS_0726,res://assets/tilesets/cyber_city_core_tilesets/CyberCity_CentralSecurity_Tiles/CyberCity_CentralSecurity_Tiles_1/CyberCity_CentralSecurity_Tiles_1/Interior_FloorPanel2_7.png,Interior_FloorPanel2_7.png,"[0, 0, 179, 127]",179,127,"[0, 0, 179, 127]",48.797,SINGLE_TILE_SPRITE,MODULAR_PART_OK,Useful modular wall/security/tech partial.,keep in production palette
res://assets/tilesets/pvgames_central_security_paintable/PVGamesCentralSecurityGroundRoadPaint.tres,ground_road,ground_road,ground_road_0053,CS_0727,res://assets/tilesets/cyber_city_core_tilesets/CyberCity_CentralSecurity_Tiles/CyberCity_CentralSecurity_Tiles_1/CyberCity_CentralSecurity_Tiles_1/Interior_FloorPanel2_8.png,Interior_FloorPanel2_8.png,"[0, 0, 179, 127]",179,127,"[0, 0, 179, 127]",48.775,SINGLE_TILE_SPRITE,MODULAR_PART_OK,Useful modular wall/security/tech partial.,keep in production palette
res://assets/tilesets/pvgames_central_security_paintable/PVGamesCentralSecurityGroundRoadPaint.tres,ground_road,ground_road,ground_road_0054,CS_0732,res://assets/tilesets/cyber_city_core_tilesets/CyberCity_CentralSecurity_Tiles/CyberCity_CentralSecurity_Tiles_1/CyberCity_CentralSecurity_Tiles_1/Interior_FloorPanel3_5.png,Interior_FloorPanel3_5.png,"[0, 0, 179, 127]",179,127,"[0, 0, 179, 127]",49.065,SINGLE_TILE_SPRITE,MODULAR_PART_OK,Useful modular wall/security/tech partial.,keep in production palette
res://assets/tilesets/pvgames_central_security_paintable/PVGamesCentralSecurityGroundRoadPaint.tres,ground_road,ground_road,ground_road_0055,CS_0733,res://assets/tilesets/cyber_city_core_tilesets/CyberCity_CentralSecurity_Tiles/CyberCity_CentralSecurity_Tiles_1/CyberCity_CentralSecurity_Tiles_1/Interior_FloorPanel3_6.png,Interior_FloorPanel3_6.png,"[0, 0, 179, 127]",179,127,"[0, 0, 179, 127]",49.07,SINGLE_TILE_SPRITE,MODULAR_PART_OK,Useful modular wall/security/tech partial.,keep in production palette
res://assets/tilesets/pvgames_central_security_paintable/PVGamesCentralSecurityGroundRoadPaint.tres,ground_road,ground_road,ground_road_0056,CS_0734,res://assets/tilesets/cyber_city_core_tilesets/CyberCity_CentralSecurity_Tiles/CyberCity_CentralSecurity_Tiles_1/CyberCity_CentralSecurity_Tiles_1/Interior_FloorPanel3_7.png,Interior_FloorPanel3_7.png,"[0, 0, 179, 127]",179,127,"[0, 0, 179, 127]",49.043,SINGLE_TILE_SPRITE,MODULAR_PART_OK,Useful modular wall/security/tech partial.,keep in production palette
res://assets/tilesets/pvgames_central_security_paintable/PVGamesCentralSecurityGroundRoadPaint.tres,ground_road,ground_road,ground_road_0057,CS_0735,res://assets/tilesets/cyber_city_core_tilesets/CyberCity_CentralSecurity_Tiles/CyberCity_CentralSecurity_Tiles_1/CyberCity_CentralSecurity_Tiles_1/Interior_FloorPanel3_8.png,Interior_FloorPanel3_8.png,"[0, 0, 179, 127]",179,127,"[0, 0, 179, 127]",49.034,SINGLE_TILE_SPRITE,MODULAR_PART_OK,Useful modular wall/security/tech partial.,keep in production palette
res://assets/tilesets/pvgames_central_security_paintable/PVGamesCentralSecurityGroundRoadPaint.tres,ground_road,ground_road,ground_road_0058,CS_0740,res://assets/tilesets/cyber_city_core_tilesets/CyberCity_CentralSecurity_Tiles/CyberCity_CentralSecurity_Tiles_1/CyberCity_CentralSecurity_Tiles_1/Interior_FloorPanel4_5.png,Interior_FloorPanel4_5.png,"[0, 0, 179, 127]",179,127,"[0, 0, 179, 127]",60.146,SINGLE_TILE_SPRITE,MODULAR_PART_OK,Useful modular wall/security/tech partial.,keep in production palette
res://assets/tilesets/pvgames_central_security_paintable/PVGamesCentralSecurityGroundRoadPaint.tres,ground_road,ground_road,ground_road_0059,CS_0741,res://assets/tilesets/cyber_city_core_tilesets/CyberCity_CentralSecurity_Tiles/CyberCity_CentralSecurity_Tiles_1/CyberCity_CentralSecurity_Tiles_1/Interior_FloorPanel4_6.png,Interior_FloorPanel4_6.png,"[0, 0, 179, 127]",179,127,"[0, 0, 179, 127]",60.15,SINGLE_TILE_SPRITE,MODULAR_PART_OK,Useful modular wall/security/tech partial.,keep in production palette
res://assets/tilesets/pvgames_central_security_paintable/PVGamesCentralSecurityGroundRoadPaint.tres,ground_road,ground_road,ground_road_0060,CS_0742,res://assets/tilesets/cyber_city_core_tilesets/CyberCity_CentralSecurity_Tiles/CyberCity_CentralSecurity_Tiles_1/CyberCity_CentralSecurity_Tiles_1/Interior_FloorPanel4_7.png,Interior_FloorPanel4_7.png,"[0, 0, 179, 127]",179,127,"[0, 0, 179, 127]",60.098,SINGLE_TILE_SPRITE,MODULAR_PART_OK,Useful modular wall/security/tech partial.,keep in production palette
res://assets/tilesets/pvgames_central_security_paintable/PVGamesCentralSecurityGroundRoadPaint.tres,ground_road,ground_road,ground_road_0061,CS_0743,res://assets/tilesets/cyber_city_core_tilesets/CyberCity_CentralSecurity_Tiles/CyberCity_CentralSecurity_Tiles_1/CyberCity_CentralSecurity_Tiles_1/Interior_FloorPanel4_8.png,Interior_FloorPanel4_8.png,"[0, 0, 179, 127]",179,127,"[0, 0, 179, 127]",60.106,SINGLE_TILE_SPRITE,MODULAR_PART_OK,Useful modular wall/security/tech partial.,keep in production palette
res://assets/tilesets/pvgames_central_security_paintable/PVGamesCentralSecurityGroundRoadPaint.tres,ground_road,ground_road,ground_road_0062,CS_0748,res://assets/tilesets/cyber_city_core_tilesets/CyberCity_CentralSecurity_Tiles/CyberCity_CentralSecurity_Tiles_1/CyberCity_CentralSecurity_Tiles_1/Interior_FloorPanel5_5.png,Interior_FloorPanel5_5.png,"[0, 0, 179, 127]",179,127,"[0, 0, 179, 127]",48.801,SINGLE_TILE_SPRITE,MODULAR_PART_OK,Useful modular wall/security/tech partial.,keep in production palette
res://assets/tilesets/pvgames_central_security_paintable/PVGamesCentralSecurityGroundRoadPaint.tres,ground_road,ground_road,ground_road_0063,CS_0749,res://assets/tilesets/cyber_city_core_tilesets/CyberCity_CentralSecurity_Tiles/CyberCity_CentralSecurity_Tiles_1/CyberCity_CentralSecurity_Tiles_1/Interior_FloorPanel5_6.png,Interior_FloorPanel5_6.png,"[0, 0, 179, 127]",179,127,"[0, 0, 179, 127]",48.806,SINGLE_TILE_SPRITE,MODULAR_PART_OK,Useful modular wall/security/tech partial.,keep in production palette
res://assets/tilesets/pvgames_central_security_paintable/PVGamesCentralSecurityGroundRoadPaint.tres,ground_road,ground_road,ground_road_0064,CS_0750,res://assets/tilesets/cyber_city_core_tilesets/CyberCity_CentralSecurity_Tiles/CyberCity_CentralSecurity_Tiles_1/CyberCity_CentralSecurity_Tiles_1/Interior_FloorPanel5_7.png,Interior_FloorPanel5_7.png,"[0, 0, 179, 127]",179,127,"[0, 0, 179, 127]",48.797,SINGLE_TILE_SPRITE,MODULAR_PART_OK,Useful modular wall/security/tech partial.,keep in production palette
res://assets/tilesets/pvgames_central_security_paintable/PVGamesCentralSecurityGroundRoadPaint.tres,ground_road,ground_road,ground_road_0065,CS_0751,res://assets/tilesets/cyber_city_core_tilesets/CyberCity_CentralSecurity_Tiles/CyberCity_CentralSecurity_Tiles_1/CyberCity_CentralSecurity_Tiles_1/Interior_FloorPanel5_8.png,Interior_FloorPanel5_8.png,"[0, 0, 179, 127]",179,127,"[0, 0, 179, 127]",48.775,SINGLE_TILE_SPRITE,MODULAR_PART_OK,Useful modular wall/security/tech partial.,keep in production palette
res://assets/tilesets/pvgames_central_security_paintable/PVGamesCentralSecurityGroundRoadPaint.tres,ground_road,ground_road,ground_road_0066,CS_0756,res://assets/tilesets/cyber_city_core_tilesets/CyberCity_CentralSecurity_Tiles/CyberCity_CentralSecurity_Tiles_1/CyberCity_CentralSecurity_Tiles_1/Interior_FloorPanel6_5.png,Interior_FloorPanel6_5.png,"[0, 0, 179, 127]",179,127,"[0, 0, 179, 127]",48.801,SINGLE_TILE_SPRITE,MODULAR_PART_OK,Useful modular wall/security/tech partial.,keep in production palette
res://assets/tilesets/pvgames_central_security_paintable/PVGamesCentralSecurityGroundRoadPaint.tres,ground_road,ground_road,ground_road_0067,CS_0757,res://assets/tilesets/cyber_city_core_tilesets/CyberCity_CentralSecurity_Tiles/CyberCity_CentralSecurity_Tiles_1/CyberCity_CentralSecurity_Tiles_1/Interior_FloorPanel6_6.png,Interior_FloorPanel6_6.png,"[0, 0, 179, 127]",179,127,"[0, 0, 179, 127]",48.806,SINGLE_TILE_SPRITE,MODULAR_PART_OK,Useful modular wall/security/tech partial.,keep in production palette
res://assets/tilesets/pvgames_central_security_paintable/PVGamesCentralSecurityGroundRoadPaint.tres,ground_road,ground_road,ground_road_0068,CS_0758,res://assets/tilesets/cyber_city_core_tilesets/CyberCity_CentralSecurity_Tiles/CyberCity_CentralSecurity_Tiles_1/CyberCity_CentralSecurity_Tiles_1/Interior_FloorPanel6_7.png,Interior_FloorPanel6_7.png,"[0, 0, 179, 127]",179,127,"[0, 0, 179, 127]",48.797,SINGLE_TILE_SPRITE,MODULAR_PART_OK,Useful modular wall/security/tech partial.,keep in production palette
res://assets/tilesets/pvgames_central_security_paintable/PVGamesCentralSecurityGroundRoadPaint.tres,ground_road,ground_road,ground_road_0069,CS_0759,res://assets/tilesets/cyber_city_core_tilesets/CyberCity_CentralSecurity_Tiles/CyberCity_CentralSecurity_Tiles_1/CyberCity_CentralSecurity_Tiles_1/Interior_FloorPanel6_8.png,Interior_FloorPanel6_8.png,"[0, 0, 179, 127]",179,127,"[0, 0, 179, 127]",48.775,SINGLE_TILE_SPRITE,MODULAR_PART_OK,Useful modular wall/security/tech partial.,keep in production palette
res://assets/tilesets/pvgames_central_security_paintable/PVGamesCentralSecurityGroundRoadPaint.tres,ground_road,ground_road,ground_road_0070,CS_1616,res://assets/tilesets/cyber_city_core_tilesets/CyberCity_CentralSecurity_Tiles/CyberCity_CentralSecurity_Tiles_1/CyberCity_CentralSecurity_Tiles_1/WarRoomFloor1_5.png,WarRoomFloor1_5.png,"[0, 0, 213, 153]",213,153,"[0, 0, 213, 153]",48.317,SINGLE_TILE_SPRITE,READY_TO_PAINT,Coherent ground/floor paint tile.,keep in production palette
res://assets/tilesets/pvgames_central_security_paintable/PVGamesCentralSecurityGroundRoadPaint.tres,ground_road,ground_road,ground_road_0071,CS_1617,res://assets/tilesets/cyber_city_core_tilesets/CyberCity_CentralSecurity_Tiles/CyberCity_CentralSecurity_Tiles_1/CyberCity_CentralSecurity_Tiles_1/WarRoomFloor1_6.png,WarRoomFloor1_6.png,"[0, 0, 213, 153]",213,153,"[0, 0, 213, 153]",48.314,SINGLE_TILE_SPRITE,READY_TO_PAINT,Coherent ground/floor paint tile.,keep in production palette
res://assets/tilesets/pvgames_central_security_paintable/PVGamesCentralSecurityGroundRoadPaint.tres,ground_road,ground_road,ground_road_0072,CS_1618,res://assets/tilesets/cyber_city_core_tilesets/CyberCity_CentralSecurity_Tiles/CyberCity_CentralSecurity_Tiles_1/CyberCity_CentralSecurity_Tiles_1/WarRoomFloor1_7.png,WarRoomFloor1_7.png,"[0, 0, 213, 153]",213,153,"[0, 0, 213, 153]",48.314,SINGLE_TILE_SPRITE,READY_TO_PAINT,Coherent ground/floor paint tile.,keep in production palette
res://assets/tilesets/pvgames_central_security_paintable/PVGamesCentralSecurityGroundRoadPaint.tres,ground_road,ground_road,ground_road_0073,CS_1619,res://assets/tilesets/cyber_city_core_tilesets/CyberCity_CentralSecurity_Tiles/CyberCity_CentralSecurity_Tiles_1/CyberCity_CentralSecurity_Tiles_1/WarRoomFloor1_8.png,WarRoomFloor1_8.png,"[0, 0, 213, 153]",213,153,"[0, 0, 213, 153]",48.317,SINGLE_TILE_SPRITE,READY_TO_PAINT,Coherent ground/floor paint tile.,keep in production palette
res://assets/tilesets/pvgames_central_security_paintable/PVGamesCentralSecurityGroundRoadPaint.tres,ground_road,ground_road,ground_road_0074,CS_0081,res://assets/tilesets/cyber_city_core_tilesets/CyberCity_CentralSecurity_Tiles/CyberCity_CentralSecurity_Tiles_1/CyberCity_CentralSecurity_Tiles_1/BrigCellFloor1_1.png,BrigCellFloor1_1.png,"[0, 0, 229, 163]",229,163,"[0, 0, 229, 163]",7.509,SINGLE_TILE_SPRITE,READY_TO_PAINT,Coherent ground/floor paint tile.,keep in production palette
res://assets/tilesets/pvgames_central_security_paintable/PVGamesCentralSecurityGroundRoadPaint.tres,ground_road,ground_road,ground_road_0075,CS_0082,res://assets/tilesets/cyber_city_core_tilesets/CyberCity_CentralSecurity_Tiles/CyberCity_CentralSecurity_Tiles_1/CyberCity_CentralSecurity_Tiles_1/BrigCellFloor1_2.png,BrigCellFloor1_2.png,"[0, 0, 229, 163]",229,163,"[0, 0, 229, 163]",7.528,SINGLE_TILE_SPRITE,READY_TO_PAINT,Coherent ground/floor paint tile.,keep in production palette
res://assets/tilesets/pvgames_central_security_paintable/PVGamesCentralSecurityGroundRoadPaint.tres,ground_road,ground_road,ground_road_0076,CS_0083,res://assets/tilesets/cyber_city_core_tilesets/CyberCity_CentralSecurity_Tiles/CyberCity_CentralSecurity_Tiles_1/CyberCity_CentralSecurity_Tiles_1/BrigCellFloor1_3.png,BrigCellFloor1_3.png,"[0, 0, 229, 163]",229,163,"[0, 0, 229, 163]",7.493,SINGLE_TILE_SPRITE,READY_TO_PAINT,Coherent ground/floor paint tile.,keep in production palette
res://assets/tilesets/pvgames_central_security_paintable/PVGamesCentralSecurityGroundRoadPaint.tres,ground_road,ground_road,ground_road_0077,CS_0084,res://assets/tilesets/cyber_city_core_tilesets/CyberCity_CentralSecurity_Tiles/CyberCity_CentralSecurity_Tiles_1/CyberCity_CentralSecurity_Tiles_1/BrigCellFloor1_4.png,BrigCellFloor1_4.png,"[0, 0, 229, 163]",229,163,"[0, 0, 229, 163]",7.499,SINGLE_TILE_SPRITE,READY_TO_PAINT,Coherent ground/floor paint tile.,keep in production palette
res://assets/tilesets/pvgames_central_security_paintable/PVGamesCentralSecurityGroundRoadPaint.tres,ground_road,ground_road,ground_road_0078,CS_0089,res://assets/tilesets/cyber_city_core_tilesets/CyberCity_CentralSecurity_Tiles/CyberCity_CentralSecurity_Tiles_1/CyberCity_CentralSecurity_Tiles_1/BrigCellFloor2_1.png,BrigCellFloor2_1.png,"[0, 0, 229, 163]",229,163,"[0, 0, 229, 163]",7.504,SINGLE_TILE_SPRITE,READY_TO_PAINT,Coherent ground/floor paint tile.,keep in production palette
res://assets/tilesets/pvgames_central_security_paintable/PVGamesCentralSecurityGroundRoadPaint.tres,ground_road,ground_road,ground_road_0079,CS_0090,res://assets/tilesets/cyber_city_core_tilesets/CyberCity_CentralSecurity_Tiles/CyberCity_CentralSecurity_Tiles_1/CyberCity_CentralSecurity_Tiles_1/BrigCellFloor2_2.png,BrigCellFloor2_2.png,"[0, 0, 229, 163]",229,163,"[0, 0, 229, 163]",7.512,SINGLE_TILE_SPRITE,READY_TO_PAINT,Coherent ground/floor paint tile.,keep in production palette
res://assets/tilesets/pvgames_central_security_paintable/PVGamesCentralSecurityGroundRoadPaint.tres,ground_road,ground_road,ground_road_0080,CS_0091,res://assets/tilesets/cyber_city_core_tilesets/CyberCity_CentralSecurity_Tiles/CyberCity_CentralSecurity_Tiles_1/CyberCity_CentralSecurity_Tiles_1/BrigCellFloor2_3.png,BrigCellFloor2_3.png,"[0, 0, 229, 163]",229,163,"[0, 0, 229, 163]",7.496,SINGLE_TILE_SPRITE,READY_TO_PAINT,Coherent ground/floor paint tile.,keep in production palette
res://assets/tilesets/pvgames_central_security_paintable/PVGamesCentralSecurityGroundRoadPaint.tres,ground_road,ground_road,ground_road_0081,CS_0092,res://assets/tilesets/cyber_city_core_tilesets/CyberCity_CentralSecurity_Tiles/CyberCity_CentralSecurity_Tiles_1/CyberCity_CentralSecurity_Tiles_1/BrigCellFloor2_4.png,BrigCellFloor2_4.png,"[0, 0, 229, 163]",229,163,"[0, 0, 229, 163]",7.507,SINGLE_TILE_SPRITE,READY_TO_PAINT,Coherent ground/floor paint tile.,keep in production palette
res://assets/tilesets/pvgames_central_security_paintable/PVGamesCentralSecurityGroundRoadPaint.tres,ground_road,ground_road,ground_road_0082,CS_0141,res://assets/tilesets/cyber_city_core_tilesets/CyberCity_CentralSecurity_Tiles/CyberCity_CentralSecurity_Tiles_1/CyberCity_CentralSecurity_Tiles_1/BrigHallFloor1_1.png,BrigHallFloor1_1.png,"[0, 0, 229, 182]",229,182,"[0, 0, 229, 182]",7.8,SINGLE_TILE_SPRITE,READY_TO_PAINT,Coherent ground/floor paint tile.,keep in production palette
res://assets/tilesets/pvgames_central_security_paintable/PVGamesCentralSecurityGroundRoadPaint.tres,ground_road,ground_road,ground_road_0083,CS_0142,res://assets/tilesets/cyber_city_core_tilesets/CyberCity_CentralSecurity_Tiles/CyberCity_CentralSecurity_Tiles_1/CyberCity_CentralSecurity_Tiles_1/BrigHallFloor1_2.png,BrigHallFloor1_2.png,"[0, 0, 229, 182]",229,182,"[0, 0, 229, 182]",7.819,SINGLE_TILE_SPRITE,READY_TO_PAINT,Coherent ground/floor paint tile.,keep in production palette
res://assets/tilesets/pvgames_central_security_paintable/PVGamesCentralSecurityGroundRoadPaint.tres,ground_road,ground_road,ground_road_0084,CS_0143,res://assets/tilesets/cyber_city_core_tilesets/CyberCity_CentralSecurity_Tiles/CyberCity_CentralSecurity_Tiles_1/CyberCity_CentralSecurity_Tiles_1/BrigHallFloor1_3.png,BrigHallFloor1_3.png,"[0, 0, 229, 182]",229,182,"[0, 0, 229, 182]",7.913,SINGLE_TILE_SPRITE,READY_TO_PAINT,Coherent ground/floor paint tile.,keep in production palette
res://assets/tilesets/pvgames_central_security_paintable/PVGamesCentralSecurityGroundRoadPaint.tres,ground_road,ground_road,ground_road_0085,CS_0144,res://assets/tilesets/cyber_city_core_tilesets/CyberCity_CentralSecurity_Tiles/CyberCity_CentralSecurity_Tiles_1/CyberCity_CentralSecurity_Tiles_1/BrigHallFloor1_4.png,BrigHallFloor1_4.png,"[0, 0, 229, 182]",229,182,"[0, 0, 229, 182]",7.656,SINGLE_TILE_SPRITE,READY_TO_PAINT,Coherent ground/floor paint tile.,keep in production palette
res://assets/tilesets/pvgames_central_security_paintable/PVGamesCentralSecurityGroundRoadPaint.tres,ground_road,ground_road,ground_road_0086,CS_0086,res://assets/tilesets/cyber_city_core_tilesets/CyberCity_CentralSecurity_Tiles/CyberCity_CentralSecurity_Tiles_1/CyberCity_CentralSecurity_Tiles_1/BrigCellFloor1_6.png,BrigCellFloor1_6.png,"[0, 0, 309, 220]",309,220,"[0, 0, 309, 220]",49.185,SINGLE_TILE_SPRITE,READY_TO_PAINT,Coherent ground/floor paint tile.,keep in production palette
res://assets/tilesets/pvgames_central_security_paintable/PVGamesCentralSecurityGroundRoadPaint.tres,ground_road,ground_road,ground_road_0087,CS_0087,res://assets/tilesets/cyber_city_core_tilesets/CyberCity_CentralSecurity_Tiles/CyberCity_CentralSecurity_Tiles_1/CyberCity_CentralSecurity_Tiles_1/BrigCellFloor1_7.png,BrigCellFloor1_7.png,"[0, 0, 309, 220]",309,220,"[0, 0, 309, 220]",49.176,SINGLE_TILE_SPRITE,READY_TO_PAINT,Coherent ground/floor paint tile.,keep in production palette
res://assets/tilesets/pvgames_central_security_paintable/PVGamesCentralSecurityGroundRoadPaint.tres,ground_road,ground_road,ground_road_0088,CS_0093,res://assets/tilesets/cyber_city_core_tilesets/CyberCity_CentralSecurity_Tiles/CyberCity_CentralSecurity_Tiles_1/CyberCity_CentralSecurity_Tiles_1/BrigCellFloor2_5.png,BrigCellFloor2_5.png,"[0, 0, 309, 220]",309,220,"[0, 0, 309, 220]",49.181,SINGLE_TILE_SPRITE,READY_TO_PAINT,Coherent ground/floor paint tile.,keep in production palette
res://assets/tilesets/pvgames_central_security_paintable/PVGamesCentralSecurityGroundRoadPaint.tres,ground_road,ground_road,ground_road_0089,CS_0096,res://assets/tilesets/cyber_city_core_tilesets/CyberCity_CentralSecurity_Tiles/CyberCity_CentralSecurity_Tiles_1/CyberCity_CentralSecurity_Tiles_1/BrigCellFloor2_8.png,BrigCellFloor2_8.png,"[0, 0, 309, 220]",309,220,"[0, 0, 309, 220]",49.178,SINGLE_TILE_SPRITE,READY_TO_PAINT,Coherent ground/floor paint tile.,keep in production palette
res://assets/tilesets/pvgames_central_security_paintable/PVGamesCentralSecurityGroundRoadPaint.tres,ground_road,ground_road,ground_road_0090,CS_0085,res://assets/tilesets/cyber_city_core_tilesets/CyberCity_CentralSecurity_Tiles/CyberCity_CentralSecurity_Tiles_1/CyberCity_CentralSecurity_Tiles_1/BrigCellFloor1_5.png,BrigCellFloor1_5.png,"[0, 0, 312, 220]",312,220,"[0, 0, 312, 220]",49.666,SINGLE_TILE_SPRITE,READY_TO_PAINT,Coherent ground/floor paint tile.,keep in production palette
res://assets/tilesets/pvgames_central_security_paintable/PVGamesCentralSecurityGroundRoadPaint.tres,ground_road,ground_road,ground_road_0091,CS_0088,res://assets/tilesets/cyber_city_core_tilesets/CyberCity_CentralSecurity_Tiles/CyberCity_CentralSecurity_Tiles_1/CyberCity_CentralSecurity_Tiles_1/BrigCellFloor1_8.png,BrigCellFloor1_8.png,"[0, 0, 312, 220]",312,220,"[0, 0, 312, 220]",49.653,SINGLE_TILE_SPRITE,READY_TO_PAINT,Coherent ground/floor paint tile.,keep in production palette
res://assets/tilesets/pvgames_central_security_paintable/PVGamesCentralSecurityGroundRoadPaint.tres,ground_road,ground_road,ground_road_0092,CS_0094,res://assets/tilesets/cyber_city_core_tilesets/CyberCity_CentralSecurity_Tiles/CyberCity_CentralSecurity_Tiles_1/CyberCity_CentralSecurity_Tiles_1/BrigCellFloor2_6.png,BrigCellFloor2_6.png,"[0, 0, 312, 220]",312,220,"[0, 0, 312, 220]",49.658,SINGLE_TILE_SPRITE,READY_TO_PAINT,Coherent ground/floor paint tile.,keep in production palette
res://assets/tilesets/pvgames_central_security_paintable/PVGamesCentralSecurityGroundRoadPaint.tres,ground_road,ground_road,ground_road_0093,CS_0095,res://assets/tilesets/cyber_city_core_tilesets/CyberCity_CentralSecurity_Tiles/CyberCity_CentralSecurity_Tiles_1/CyberCity_CentralSecurity_Tiles_1/BrigCellFloor2_7.png,BrigCellFloor2_7.png,"[0, 0, 312, 220]",312,220,"[0, 0, 312, 220]",49.661,SINGLE_TILE_SPRITE,READY_TO_PAINT,Coherent ground/floor paint tile.,keep in production palette
res://assets/tilesets/pvgames_central_security_paintable/PVGamesCentralSecurityGroundRoadPaint.tres,ground_road,ground_road,ground_road_0094,CS_0146,res://assets/tilesets/cyber_city_core_tilesets/CyberCity_CentralSecurity_Tiles/CyberCity_CentralSecurity_Tiles_1/CyberCity_CentralSecurity_Tiles_1/BrigHallFloor1_6.png,BrigHallFloor1_6.png,"[0, 0, 317, 237]",317,237,"[0, 0, 317, 237]",46.766,SINGLE_TILE_SPRITE,READY_TO_PAINT,Coherent ground/floor paint tile.,keep in production palette
res://assets/tilesets/pvgames_central_security_paintable/PVGamesCentralSecurityGroundRoadPaint.tres,ground_road,ground_road,ground_road_0095,CS_0147,res://assets/tilesets/cyber_city_core_tilesets/CyberCity_CentralSecurity_Tiles/CyberCity_CentralSecurity_Tiles_1/CyberCity_CentralSecurity_Tiles_1/BrigHallFloor1_7.png,BrigHallFloor1_7.png,"[0, 0, 317, 237]",317,237,"[0, 0, 317, 237]",46.809,SINGLE_TILE_SPRITE,READY_TO_PAINT,Coherent ground/floor paint tile.,keep in production palette
res://assets/tilesets/pvgames_central_security_paintable/PVGamesCentralSecurityGroundRoadPaint.tres,ground_road,ground_road,ground_road_0096,CS_0148,res://assets/tilesets/cyber_city_core_tilesets/CyberCity_CentralSecurity_Tiles/CyberCity_CentralSecurity_Tiles_1/CyberCity_CentralSecurity_Tiles_1/BrigHallFloor1_8.png,BrigHallFloor1_8.png,"[0, 0, 317, 237]",317,237,"[0, 0, 317, 237]",46.761,SINGLE_TILE_SPRITE,READY_TO_PAINT,Coherent ground/floor paint tile.,keep in production palette
res://assets/tilesets/pvgames_central_security_paintable/PVGamesCentralSecurityGroundRoadPaint.tres,ground_road,ground_road,ground_road_0097,CS_0145,res://assets/tilesets/cyber_city_core_tilesets/CyberCity_CentralSecurity_Tiles/CyberCity_CentralSecurity_Tiles_1/CyberCity_CentralSecurity_Tiles_1/BrigHallFloor1_5.png,BrigHallFloor1_5.png,"[0, 0, 317, 238]",317,238,"[0, 0, 317, 238]",47.012,SINGLE_TILE_SPRITE,READY_TO_PAINT,Coherent ground/floor paint tile.,keep in production palette
res://assets/tilesets/pvgames_central_security_paintable/PVGamesCentralSecurityGroundRoadPaint.tres,ground_road,ground_road,ground_road_0098,CS_0646,res://assets/tilesets/cyber_city_core_tilesets/CyberCity_CentralSecurity_Tiles/CyberCity_CentralSecurity_Tiles_1/CyberCity_CentralSecurity_Tiles_1/Ground_Decal_CyberCity_CentralSecurity_1.png,Ground_Decal_CyberCity_CentralSecurity_1.png,"[0, 0, 512, 512]",512,512,"[0, 19, 502, 512]",20.555,SINGLE_TILE_SPRITE,READY_TO_PAINT,Coherent ground/floor paint tile.,keep in production palette
res://assets/tilesets/pvgames_central_security_paintable/PVGamesCentralSecurityGroundRoadPaint.tres,ground_road,ground_road,ground_road_0099,CS_0647,res://assets/tilesets/cyber_city_core_tilesets/CyberCity_CentralSecurity_Tiles/CyberCity_CentralSecurity_Tiles_1/CyberCity_CentralSecurity_Tiles_1/Ground_Tile_CyberCity_CentralSecurity_1.png,Ground_Tile_CyberCity_CentralSecurity_1.png,"[0, 0, 512, 512]",512,512,"[0, 0, 512, 512]",0.0,SINGLE_TILE_SPRITE,READY_TO_PAINT,Coherent ground/floor paint tile.,keep in production palette
res://assets/tilesets/pvgames_central_security_paintable/PVGamesCentralSecurityGroundRoadPaint.tres,ground_road,ground_road,ground_road_0100,CS_0522,res://assets/tilesets/cyber_city_core_tilesets/CyberCity_CentralSecurity_Tiles/CyberCity_CentralSecurity_Tiles_1/CyberCity_CentralSecurity_Tiles_1/FortFloor1_1.png,FortFloor1_1.png,"[0, 0, 583, 417]",583,417,"[0, 0, 583, 417]",4.211,SINGLE_TILE_SPRITE,READY_TO_PAINT,Coherent ground/floor paint tile.,keep in production palette
res://assets/tilesets/pvgames_central_security_paintable/PVGamesCentralSecurityGroundRoadPaint.tres,ground_road,ground_road,ground_road_0101,CS_0137,res://assets/tilesets/cyber_city_core_tilesets/CyberCity_CentralSecurity_Tiles/CyberCity_CentralSecurity_Tiles_1/CyberCity_CentralSecurity_Tiles_1/BrigFloorTrim1_1.png,BrigFloorTrim1_1.png,"[0, 0, 28, 159]",28,159,"[0, 0, 28, 159]",11.725,SINGLE_TILE_SPRITE,READY_TO_PAINT,Coherent ground/floor paint tile.,keep in production palette
res://assets/tilesets/pvgames_central_security_paintable/PVGamesCentralSecurityGroundRoadPaint.tres,ground_road,ground_road,ground_road_0102,CS_0138,res://assets/tilesets/cyber_city_core_tilesets/CyberCity_CentralSecurity_Tiles/CyberCity_CentralSecurity_Tiles_1/CyberCity_CentralSecurity_Tiles_1/BrigFloorTrim1_2.png,BrigFloorTrim1_2.png,"[0, 0, 224, 26]",224,26,"[0, 0, 224, 26]",30.031,SINGLE_TILE_SPRITE,READY_TO_PAINT,Coherent ground/floor paint tile.,keep in production palette
res://assets/tilesets/pvgames_central_security_paintable/PVGamesCentralSecurityReviewOnlyPaint.tres,ground_road,review_only,ground_road_0103,CS_0523,res://assets/tilesets/cyber_city_core_tilesets/CyberCity_CentralSecurity_Tiles/CyberCity_CentralSecurity_Tiles_1/CyberCity_CentralSecurity_Tiles_1/FortFloor1_2.png,FortFloor1_2.png,"[0, 0, 810, 573]",810,573,"[0, 0, 810, 573]",49.791,SINGLE_TILE_SPRITE,REVIEW_MANUALLY,Large object; use carefully.,move to review palette
res://assets/tilesets/pvgames_central_security_paintable/PVGamesCentralSecurityLargeStructurePaint.tres,large_structure,large_structure,large_structure_0000,CS_0971,res://assets/tilesets/cyber_city_core_tilesets/CyberCity_CentralSecurity_Tiles/CyberCity_CentralSecurity_Tiles_1/CyberCity_CentralSecurity_Tiles_1/LargeCase1_4.png,LargeCase1_4.png,"[0, 0, 48, 66]",48,66,"[0, 0, 48, 66]",12.153,LARGE_STRUCTURE_SPRITE,MODULAR_PART_OK,Large object; use carefully.,keep in production palette
res://assets/tilesets/pvgames_central_security_paintable/PVGamesCentralSecurityLargeStructurePaint.tres,large_structure,large_structure,large_structure_0001,CS_0969,res://assets/tilesets/cyber_city_core_tilesets/CyberCity_CentralSecurity_Tiles/CyberCity_CentralSecurity_Tiles_1/CyberCity_CentralSecurity_Tiles_1/LargeCase1_2.png,LargeCase1_2.png,"[0, 0, 52, 67]",52,67,"[0, 0, 52, 67]",20.608,LARGE_STRUCTURE_SPRITE,MODULAR_PART_OK,Large object; use carefully.,keep in production palette
res://assets/tilesets/pvgames_central_security_paintable/PVGamesCentralSecurityLargeStructurePaint.tres,large_structure,large_structure,large_structure_0002,CS_0964,res://assets/tilesets/cyber_city_core_tilesets/CyberCity_CentralSecurity_Tiles/CyberCity_CentralSecurity_Tiles_1/CyberCity_CentralSecurity_Tiles_1/LargeBag1_5.png,LargeBag1_5.png,"[0, 0, 69, 56]",69,56,"[0, 0, 69, 56]",41.641,LARGE_STRUCTURE_SPRITE,MODULAR_PART_OK,Large object; use carefully.,keep in production palette
res://assets/tilesets/pvgames_central_security_paintable/PVGamesCentralSecurityLargeStructurePaint.tres,large_structure,large_structure,large_structure_0003,CS_0966,res://assets/tilesets/cyber_city_core_tilesets/CyberCity_CentralSecurity_Tiles/CyberCity_CentralSecurity_Tiles_1/CyberCity_CentralSecurity_Tiles_1/LargeBag1_7.png,LargeBag1_7.png,"[0, 0, 70, 56]",70,56,"[0, 0, 70, 56]",42.755,LARGE_STRUCTURE_SPRITE,MODULAR_PART_OK,Large object; use carefully.,keep in production palette
res://assets/tilesets/pvgames_central_security_paintable/PVGamesCentralSecurityLargeStructurePaint.tres,large_structure,large_structure,large_structure_0004,CS_0967,res://assets/tilesets/cyber_city_core_tilesets/CyberCity_CentralSecurity_Tiles/CyberCity_CentralSecurity_Tiles_1/CyberCity_CentralSecurity_Tiles_1/LargeBag1_8.png,LargeBag1_8.png,"[0, 0, 71, 55]",71,55,"[0, 0, 71, 55]",42.049,LARGE_STRUCTURE_SPRITE,MODULAR_PART_OK,Large object; use carefully.,keep in production palette
res://assets/tilesets/pvgames_central_security_paintable/PVGamesCentralSecurityLargeStructurePaint.tres,large_structure,large_structure,large_structure_0005,CS_0965,res://assets/tilesets/cyber_city_core_tilesets/CyberCity_CentralSecurity_Tiles/CyberCity_CentralSecurity_Tiles_1/CyberCity_CentralSecurity_Tiles_1/LargeBag1_6.png,LargeBag1_6.png,"[0, 0, 73, 55]",73,55,"[0, 0, 73, 55]",44.159,LARGE_STRUCTURE_SPRITE,MODULAR_PART_OK,Large object; use carefully.,keep in production palette
res://assets/tilesets/pvgames_central_security_paintable/PVGamesCentralSecurityLargeStructurePaint.tres,large_structure,large_structure,large_structure_0006,CS_0973,res://assets/tilesets/cyber_city_core_tilesets/CyberCity_CentralSecurity_Tiles/CyberCity_CentralSecurity_Tiles_1/CyberCity_CentralSecurity_Tiles_1/LargeCase1_6.png,LargeCase1_6.png,"[0, 0, 77, 66]",77,66,"[0, 0, 77, 66]",42.601,LARGE_STRUCTURE_SPRITE,MODULAR_PART_OK,Large object; use carefully.,keep in production palette
res://assets/tilesets/pvgames_central_security_paintable/PVGamesCentralSecurityLargeStructurePaint.tres,large_structure,large_structure,large_structure_0007,CS_0975,res://assets/tilesets/cyber_city_core_tilesets/CyberCity_CentralSecurity_Tiles/CyberCity_CentralSecurity_Tiles_1/CyberCity_CentralSecurity_Tiles_1/LargeCase1_8.png,LargeCase1_8.png,"[0, 0, 77, 67]",77,67,"[0, 0, 77, 67]",42.314,LARGE_STRUCTURE_SPRITE,MODULAR_PART_OK,Large object; use carefully.,keep in production palette
res://assets/tilesets/pvgames_central_security_paintable/PVGamesCentralSecurityLargeStructurePaint.tres,large_structure,large_structure,large_structure_0008,CS_0974,res://assets/tilesets/cyber_city_core_tilesets/CyberCity_CentralSecurity_Tiles/CyberCity_CentralSecurity_Tiles_1/CyberCity_CentralSecurity_Tiles_1/LargeCase1_7.png,LargeCase1_7.png,"[0, 0, 78, 65]",78,65,"[0, 0, 78, 65]",42.288,LARGE_STRUCTURE_SPRITE,MODULAR_PART_OK,Large object; use carefully.,keep in production palette
res://assets/tilesets/pvgames_central_security_paintable/PVGamesCentralSecurityLargeStructurePaint.tres,large_structure,large_structure,large_structure_0009,CS_0968,res://assets/tilesets/cyber_city_core_tilesets/CyberCity_CentralSecurity_Tiles/CyberCity_CentralSecurity_Tiles_1/CyberCity_CentralSecurity_Tiles_1/LargeCase1_1.png,LargeCase1_1.png,"[0, 0, 79, 48]",79,48,"[0, 0, 79, 48]",20.385,LARGE_STRUCTURE_SPRITE,MODULAR_PART_OK,Large object; use carefully.,keep in production palette
res://assets/tilesets/pvgames_central_security_paintable/PVGamesCentralSecurityLargeStructurePaint.tres,large_structure,large_structure,large_structure_0010,CS_1258,res://assets/tilesets/cyber_city_core_tilesets/CyberCity_CentralSecurity_Tiles/CyberCity_CentralSecurity_Tiles_1/CyberCity_CentralSecurity_Tiles_1/Structure17_1.png,Structure17_1.png,"[0, 0, 60, 89]",60,89,"[0, 0, 60, 89]",39.738,LARGE_STRUCTURE_SPRITE,MODULAR_PART_OK,Large object; use carefully.,keep in production palette
res://assets/tilesets/pvgames_central_security_paintable/PVGamesCentralSecurityLargeStructurePaint.tres,large_structure,large_structure,large_structure_0011,CS_1263,res://assets/tilesets/cyber_city_core_tilesets/CyberCity_CentralSecurity_Tiles/CyberCity_CentralSecurity_Tiles_1/CyberCity_CentralSecurity_Tiles_1/Structure17_6.png,Structure17_6.png,"[0, 0, 97, 87]",97,87,"[0, 0, 97, 87]",53.976,LARGE_STRUCTURE_SPRITE,MODULAR_PART_OK,Large object; use carefully.,keep in production palette
res://assets/tilesets/pvgames_central_security_paintable/PVGamesCentralSecurityLargeStructurePaint.tres,large_structure,large_structure,large_structure_0012,CS_1262,res://assets/tilesets/cyber_city_core_tilesets/CyberCity_CentralSecurity_Tiles/CyberCity_CentralSecurity_Tiles_1/CyberCity_CentralSecurity_Tiles_1/Structure17_5.png,Structure17_5.png,"[0, 0, 116, 92]",116,92,"[0, 0, 116, 92]",56.84,LARGE_STRUCTURE_SPRITE,MODULAR_PART_OK,Large object; use carefully.,keep in production palette
res://assets/tilesets/pvgames_central_security_paintable/PVGamesCentralSecurityLargeStructurePaint.tres,large_structure,large_structure,large_structure_0013,CS_1261,res://assets/tilesets/cyber_city_core_tilesets/CyberCity_CentralSecurity_Tiles/CyberCity_CentralSecurity_Tiles_1/CyberCity_CentralSecurity_Tiles_1/Structure17_4.png,Structure17_4.png,"[0, 0, 113, 125]",113,125,"[0, 0, 113, 125]",67.561,LARGE_STRUCTURE_SPRITE,MODULAR_PART_OK,Large object; use carefully.,keep in production palette
res://assets/tilesets/pvgames_central_security_paintable/PVGamesCentralSecurityLargeStructurePaint.tres,large_structure,large_structure,large_structure_0014,CS_1259,res://assets/tilesets/cyber_city_core_tilesets/CyberCity_CentralSecurity_Tiles/CyberCity_CentralSecurity_Tiles_1/CyberCity_CentralSecurity_Tiles_1/Structure17_2.png,Structure17_2.png,"[0, 0, 132, 129]",132,129,"[0, 0, 132, 129]",69.856,LARGE_STRUCTURE_SPRITE,MODULAR_PART_OK,Large object; use carefully.,keep in production palette
res://assets/tilesets/pvgames_central_security_paintable/PVGamesCentralSecurityLargeStructurePaint.tres,large_structure,large_structure,large_structure_0015,CS_0318,res://assets/tilesets/cyber_city_core_tilesets/CyberCity_CentralSecurity_Tiles/CyberCity_CentralSecurity_Tiles_1/CyberCity_CentralSecurity_Tiles_1/ComputerStation1_6.png,ComputerStation1_6.png,"[0, 0, 153, 146]",153,146,"[0, 0, 153, 146]",48.165,LARGE_STRUCTURE_SPRITE,MODULAR_PART_OK,Large object; use carefully.,keep in production palette
res://assets/tilesets/pvgames_central_security_paintable/PVGamesCentralSecurityLargeStructurePaint.tres,large_structure,large_structure,large_structure_0016,CS_0317,res://assets/tilesets/cyber_city_core_tilesets/CyberCity_CentralSecurity_Tiles/CyberCity_CentralSecurity_Tiles_1/CyberCity_CentralSecurity_Tiles_1/ComputerStation1_5.png,ComputerStation1_5.png,"[0, 0, 154, 146]",154,146,"[0, 0, 154, 146]",48.995,LARGE_STRUCTURE_SPRITE,MODULAR_PART_OK,Large object; use carefully.,keep in production palette
res://assets/tilesets/pvgames_central_security_paintable/PVGamesCentralSecurityLargeStructurePaint.tres,large_structure,large_structure,large_structure_0017,CS_0327,res://assets/tilesets/cyber_city_core_tilesets/CyberCity_CentralSecurity_Tiles/CyberCity_CentralSecurity_Tiles_1/CyberCity_CentralSecurity_Tiles_1/ComputerStation2_7.png,ComputerStation2_7.png,"[0, 0, 150, 158]",150,158,"[0, 0, 150, 158]",33.92,LARGE_STRUCTURE_SPRITE,MODULAR_PART_OK,Large object; use carefully.,keep in production palette
res://assets/tilesets/pvgames_central_security_paintable/PVGamesCentralSecurityLargeStructurePaint.tres,large_structure,large_structure,large_structure_0018,CS_0328,res://assets/tilesets/cyber_city_core_tilesets/CyberCity_CentralSecurity_Tiles/CyberCity_CentralSecurity_Tiles_1/CyberCity_CentralSecurity_Tiles_1/ComputerStation2_8.png,ComputerStation2_8.png,"[0, 0, 157, 158]",157,158,"[0, 0, 157, 158]",39.603,LARGE_STRUCTURE_SPRITE,MODULAR_PART_OK,Large object; use carefully.,keep in production palette
res://assets/tilesets/pvgames_central_security_paintable/PVGamesCentralSecurityLargeStructurePaint.tres,large_structure,large_structure,large_structure_0019,CS_1264,res://assets/tilesets/cyber_city_core_tilesets/CyberCity_CentralSecurity_Tiles/CyberCity_CentralSecurity_Tiles_1/CyberCity_CentralSecurity_Tiles_1/Structure17_7.png,Structure17_7.png,"[0, 0, 119, 163]",119,163,"[0, 0, 119, 163]",70.918,LARGE_STRUCTURE_SPRITE,MODULAR_PART_OK,Large object; use carefully.,keep in production palette
res://assets/tilesets/pvgames_central_security_paintable/PVGamesCentralSecurityLargeStructurePaint.tres,large_structure,large_structure,large_structure_0020,CS_0322,res://assets/tilesets/cyber_city_core_tilesets/CyberCity_CentralSecurity_Tiles/CyberCity_CentralSecurity_Tiles_1/CyberCity_CentralSecurity_Tiles_1/ComputerStation2_2.png,ComputerStation2_2.png,"[0, 0, 163, 150]",163,150,"[0, 0, 163, 150]",41.059,LARGE_STRUCTURE_SPRITE,MODULAR_PART_OK,Large object; use carefully.,keep in production palette
res://assets/tilesets/pvgames_central_security_paintable/PVGamesCentralSecurityLargeStructurePaint.tres,large_structure,large_structure,large_structure_0021,CS_0320,res://assets/tilesets/cyber_city_core_tilesets/CyberCity_CentralSecurity_Tiles/CyberCity_CentralSecurity_Tiles_1/CyberCity_CentralSecurity_Tiles_1/ComputerStation1_8.png,ComputerStation1_8.png,"[0, 0, 153, 165]",153,165,"[0, 0, 153, 165]",54.454,LARGE_STRUCTURE_SPRITE,MODULAR_PART_OK,Large object; use carefully.,keep in production palette
res://assets/tilesets/pvgames_central_security_paintable/PVGamesCentralSecurityLargeStructurePaint.tres,large_structure,large_structure,large_structure_0022,CS_0319,res://assets/tilesets/cyber_city_core_tilesets/CyberCity_CentralSecurity_Tiles/CyberCity_CentralSecurity_Tiles_1/CyberCity_CentralSecurity_Tiles_1/ComputerStation1_7.png,ComputerStation1_7.png,"[0, 0, 157, 165]",157,165,"[0, 0, 157, 165]",51.268,LARGE_STRUCTURE_SPRITE,MODULAR_PART_OK,Large object; use carefully.,keep in production palette
res://assets/tilesets/pvgames_central_security_paintable/PVGamesCentralSecurityLargeStructurePaint.tres,large_structure,large_structure,large_structure_0023,CS_1234,res://assets/tilesets/cyber_city_core_tilesets/CyberCity_CentralSecurity_Tiles/CyberCity_CentralSecurity_Tiles_1/CyberCity_CentralSecurity_Tiles_1/Structure13_1.png,Structure13_1.png,"[0, 0, 158, 166]",158,166,"[0, 0, 158, 166]",28.79,LARGE_STRUCTURE_SPRITE,MODULAR_PART_OK,Large object; use carefully.,keep in production palette
res://assets/tilesets/pvgames_central_security_paintable/PVGamesCentralSecurityLargeStructurePaint.tres,large_structure,large_structure,large_structure_0024,CS_0323,res://assets/tilesets/cyber_city_core_tilesets/CyberCity_CentralSecurity_Tiles/CyberCity_CentralSecurity_Tiles_1/CyberCity_CentralSecurity_Tiles_1/ComputerStation2_3.png,ComputerStation2_3.png,"[0, 0, 147, 167]",147,167,"[0, 0, 147, 167]",41.896,LARGE_STRUCTURE_SPRITE,MODULAR_PART_OK,Large object; use carefully.,keep in production palette
res://assets/tilesets/pvgames_central_security_paintable/PVGamesCentralSecurityLargeStructurePaint.tres,large_structure,large_structure,large_structure_0025,CS_0324,res://assets/tilesets/cyber_city_core_tilesets/CyberCity_CentralSecurity_Tiles/CyberCity_CentralSecurity_Tiles_1/CyberCity_CentralSecurity_Tiles_1/ComputerStation2_4.png,ComputerStation2_4.png,"[0, 0, 167, 151]",167,151,"[0, 0, 167, 151]",42.531,LARGE_STRUCTURE_SPRITE,MODULAR_PART_OK,Large object; use carefully.,keep in production palette
res://assets/tilesets/pvgames_central_security_paintable/PVGamesCentralSecurityLargeStructurePaint.tres,large_structure,large_structure,large_structure_0026,CS_0314,res://assets/tilesets/cyber_city_core_tilesets/CyberCity_CentralSecurity_Tiles/CyberCity_CentralSecurity_Tiles_1/CyberCity_CentralSecurity_Tiles_1/ComputerStation1_2.png,ComputerStation1_2.png,"[0, 0, 131, 178]",131,178,"[0, 0, 131, 178]",53.491,LARGE_STRUCTURE_SPRITE,MODULAR_PART_OK,Large object; use carefully.,keep in production palette
res://assets/tilesets/pvgames_central_security_paintable/PVGamesCentralSecurityLargeStructurePaint.tres,large_structure,large_structure,large_structure_0027,CS_0316,res://assets/tilesets/cyber_city_core_tilesets/CyberCity_CentralSecurity_Tiles/CyberCity_CentralSecurity_Tiles_1/CyberCity_CentralSecurity_Tiles_1/ComputerStation1_4.png,ComputerStation1_4.png,"[0, 0, 131, 182]",131,182,"[0, 0, 131, 182]",54.157,LARGE_STRUCTURE_SPRITE,MODULAR_PART_OK,Large object; use carefully.,keep in production palette
res://assets/tilesets/pvgames_central_security_paintable/PVGamesCentralSecurityLargeStructurePaint.tres,large_structure,large_structure,large_structure_0028,CS_0326,res://assets/tilesets/cyber_city_core_tilesets/CyberCity_CentralSecurity_Tiles/CyberCity_CentralSecurity_Tiles_1/CyberCity_CentralSecurity_Tiles_1/ComputerStation2_6.png,ComputerStation2_6.png,"[0, 0, 157, 187]",157,187,"[0, 0, 157, 187]",52.798,LARGE_STRUCTURE_SPRITE,MODULAR_PART_OK,Large object; use carefully.,keep in production palette
res://assets/tilesets/pvgames_central_security_paintable/PVGamesCentralSecurityLargeStructurePaint.tres,large_structure,large_structure,large_structure_0029,CS_1270,res://assets/tilesets/cyber_city_core_tilesets/CyberCity_CentralSecurity_Tiles/CyberCity_CentralSecurity_Tiles_1/CyberCity_CentralSecurity_Tiles_1/Structure18_5.png,Structure18_5.png,"[0, 0, 191, 158]",191,158,"[0, 0, 191, 158]",64.544,LARGE_STRUCTURE_SPRITE,MODULAR_PART_OK,Large object; use carefully.,keep in production palette
res://assets/tilesets/pvgames_central_security_paintable/PVGamesCentralSecurityLargeStructurePaint.tres,large_structure,large_structure,large_structure_0030,CS_1271,res://assets/tilesets/cyber_city_core_tilesets/CyberCity_CentralSecurity_Tiles/CyberCity_CentralSecurity_Tiles_1/CyberCity_CentralSecurity_Tiles_1/Structure18_6.png,Structure18_6.png,"[0, 0, 194, 185]",194,185,"[0, 0, 194, 185]",71.062,LARGE_STRUCTURE_SPRITE,MODULAR_PART_OK,Large object; use carefully.,keep in production palette
res://assets/tilesets/pvgames_central_security_paintable/PVGamesCentralSecurityLargeStructurePaint.tres,large_structure,large_structure,large_structure_0031,CS_1239,res://assets/tilesets/cyber_city_core_tilesets/CyberCity_CentralSecurity_Tiles/CyberCity_CentralSecurity_Tiles_1/CyberCity_CentralSecurity_Tiles_1/Structure13_6.png,Structure13_6.png,"[0, 0, 195, 166]",195,166,"[0, 0, 195, 166]",38.848,LARGE_STRUCTURE_SPRITE,MODULAR_PART_OK,Large object; use carefully.,keep in production palette
res://assets/tilesets/pvgames_central_security_paintable/PVGamesCentralSecurityLargeStructurePaint.tres,large_structure,large_structure,large_structure_0032,CS_1266,res://assets/tilesets/cyber_city_core_tilesets/CyberCity_CentralSecurity_Tiles/CyberCity_CentralSecurity_Tiles_1/CyberCity_CentralSecurity_Tiles_1/Structure18_1.png,Structure18_1.png,"[0, 0, 196, 122]",196,122,"[0, 0, 196, 122]",66.063,LARGE_STRUCTURE_SPRITE,MODULAR_PART_OK,Large object; use carefully.,keep in production palette
res://assets/tilesets/pvgames_central_security_paintable/PVGamesCentralSecurityLargeStructurePaint.tres,large_structure,large_structure,large_structure_0033,CS_1268,res://assets/tilesets/cyber_city_core_tilesets/CyberCity_CentralSecurity_Tiles/CyberCity_CentralSecurity_Tiles_1/CyberCity_CentralSecurity_Tiles_1/Structure18_3.png,Structure18_3.png,"[0, 0, 200, 187]",200,187,"[0, 0, 200, 187]",41.471,LARGE_STRUCTURE_SPRITE,MODULAR_PART_OK,Large object; use carefully.,keep in production palette
res://assets/tilesets/pvgames_central_security_paintable/PVGamesCentralSecurityLargeStructurePaint.tres,large_structure,large_structure,large_structure_0034,CS_1272,res://assets/tilesets/cyber_city_core_tilesets/CyberCity_CentralSecurity_Tiles/CyberCity_CentralSecurity_Tiles_1/CyberCity_CentralSecurity_Tiles_1/Structure18_7.png,Structure18_7.png,"[0, 0, 206, 202]",206,202,"[0, 0, 206, 202]",53.951,LARGE_STRUCTURE_SPRITE,MODULAR_PART_OK,Large object; use carefully.,keep in production palette
res://assets/tilesets/pvgames_central_security_paintable/PVGamesCentralSecurityLargeStructurePaint.tres,large_structure,large_structure,large_structure_0035,CS_1267,res://assets/tilesets/cyber_city_core_tilesets/CyberCity_CentralSecurity_Tiles/CyberCity_CentralSecurity_Tiles_1/CyberCity_CentralSecurity_Tiles_1/Structure18_2.png,Structure18_2.png,"[0, 0, 135, 207]",135,207,"[0, 0, 135, 207]",46.91,LARGE_STRUCTURE_SPRITE,MODULAR_PART_OK,Large object; use carefully.,keep in production palette
res://assets/tilesets/pvgames_central_security_paintable/PVGamesCentralSecurityLargeStructurePaint.tres,large_structure,large_structure,large_structure_0036,CS_1238,res://assets/tilesets/cyber_city_core_tilesets/CyberCity_CentralSecurity_Tiles/CyberCity_CentralSecurity_Tiles_1/CyberCity_CentralSecurity_Tiles_1/Structure13_5.png,Structure13_5.png,"[0, 0, 213, 163]",213,163,"[0, 0, 213, 163]",41.185,LARGE_STRUCTURE_SPRITE,MODULAR_PART_OK,Large object; use carefully.,keep in production palette
res://assets/tilesets/pvgames_central_security_paintable/PVGamesCentralSecurityLargeStructurePaint.tres,large_structure,large_structure,large_structure_0037,CS_1237,res://assets/tilesets/cyber_city_core_tilesets/CyberCity_CentralSecurity_Tiles/CyberCity_CentralSecurity_Tiles_1/CyberCity_CentralSecurity_Tiles_1/Structure13_4.png,Structure13_4.png,"[0, 0, 221, 166]",221,166,"[0, 0, 221, 166]",40.896,LARGE_STRUCTURE_SPRITE,MODULAR_PART_OK,Large object; use carefully.,keep in production palette
res://assets/tilesets/pvgames_central_security_paintable/PVGamesCentralSecurityLargeStructurePaint.tres,large_structure,large_structure,large_structure_0038,CS_1240,res://assets/tilesets/cyber_city_core_tilesets/CyberCity_CentralSecurity_Tiles/CyberCity_CentralSecurity_Tiles_1/CyberCity_CentralSecurity_Tiles_1/Structure13_7.png,Structure13_7.png,"[0, 0, 214, 226]",214,226,"[0, 0, 214, 226]",53.947,LARGE_STRUCTURE_SPRITE,MODULAR_PART_OK,Large object; use carefully.,keep in production palette
res://assets/tilesets/pvgames_central_security_paintable/PVGamesCentralSecurityLargeStructurePaint.tres,large_structure,large_structure,large_structure_0039,CS_1241,res://assets/tilesets/cyber_city_core_tilesets/CyberCity_CentralSecurity_Tiles/CyberCity_CentralSecurity_Tiles_1/CyberCity_CentralSecurity_Tiles_1/Structure13_8.png,Structure13_8.png,"[0, 0, 193, 227]",193,227,"[0, 0, 193, 227]",52.151,LARGE_STRUCTURE_SPRITE,MODULAR_PART_OK,Large object; use carefully.,keep in production palette
res://assets/tilesets/pvgames_central_security_paintable/PVGamesCentralSecurityLargeStructurePaint.tres,large_structure,large_structure,large_structure_0040,CS_1226,res://assets/tilesets/cyber_city_core_tilesets/CyberCity_CentralSecurity_Tiles/CyberCity_CentralSecurity_Tiles_1/CyberCity_CentralSecurity_Tiles_1/Structure12_1.png,Structure12_1.png,"[0, 0, 266, 202]",266,202,"[0, 0, 266, 202]",22.374,LARGE_STRUCTURE_SPRITE,MODULAR_PART_OK,Large object; use carefully.,keep in production palette
res://assets/tilesets/pvgames_central_security_paintable/PVGamesCentralSecurityLargeStructurePaint.tres,large_structure,large_structure,large_structure_0041,CS_1218,res://assets/tilesets/cyber_city_core_tilesets/CyberCity_CentralSecurity_Tiles/CyberCity_CentralSecurity_Tiles_1/CyberCity_CentralSecurity_Tiles_1/Structure11_1.png,Structure11_1.png,"[0, 0, 120, 289]",120,289,"[0, 0, 120, 289]",63.999,LARGE_STRUCTURE_SPRITE,MODULAR_PART_OK,Large object; use carefully.,keep in production palette
res://assets/tilesets/pvgames_central_security_paintable/PVGamesCentralSecurityLargeStructurePaint.tres,large_structure,large_structure,large_structure_0042,CS_1221,res://assets/tilesets/cyber_city_core_tilesets/CyberCity_CentralSecurity_Tiles/CyberCity_CentralSecurity_Tiles_1/CyberCity_CentralSecurity_Tiles_1/Structure11_4.png,Structure11_4.png,"[0, 0, 123, 289]",123,289,"[0, 0, 123, 289]",64.768,LARGE_STRUCTURE_SPRITE,MODULAR_PART_OK,Large object; use carefully.,keep in production palette
res://assets/tilesets/pvgames_central_security_paintable/PVGamesCentralSecurityLargeStructurePaint.tres,large_structure,large_structure,large_structure_0043,CS_1219,res://assets/tilesets/cyber_city_core_tilesets/CyberCity_CentralSecurity_Tiles/CyberCity_CentralSecurity_Tiles_1/CyberCity_CentralSecurity_Tiles_1/Structure11_2.png,Structure11_2.png,"[0, 0, 124, 290]",124,290,"[0, 0, 124, 290]",65.039,LARGE_STRUCTURE_SPRITE,MODULAR_PART_OK,Large object; use carefully.,keep in production palette
res://assets/tilesets/pvgames_central_security_paintable/PVGamesCentralSecurityLargeStructurePaint.tres,large_structure,large_structure,large_structure_0044,CS_1220,res://assets/tilesets/cyber_city_core_tilesets/CyberCity_CentralSecurity_Tiles/CyberCity_CentralSecurity_Tiles_1/CyberCity_CentralSecurity_Tiles_1/Structure11_3.png,Structure11_3.png,"[0, 0, 121, 294]",121,294,"[0, 0, 121, 294]",64.814,LARGE_STRUCTURE_SPRITE,MODULAR_PART_OK,Large object; use carefully.,keep in production palette
res://assets/tilesets/pvgames_central_security_paintable/PVGamesCentralSecurityLargeStructurePaint.tres,large_structure,large_structure,large_structure_0045,CS_1222,res://assets/tilesets/cyber_city_core_tilesets/CyberCity_CentralSecurity_Tiles/CyberCity_CentralSecurity_Tiles_1/CyberCity_CentralSecurity_Tiles_1/Structure11_5.png,Structure11_5.png,"[0, 0, 134, 297]",134,297,"[0, 0, 134, 297]",64.496,LARGE_STRUCTURE_SPRITE,MODULAR_PART_OK,Large object; use carefully.,keep in production palette
res://assets/tilesets/pvgames_central_security_paintable/PVGamesCentralSecurityLargeStructurePaint.tres,large_structure,large_structure,large_structure_0046,CS_1223,res://assets/tilesets/cyber_city_core_tilesets/CyberCity_CentralSecurity_Tiles/CyberCity_CentralSecurity_Tiles_1/CyberCity_CentralSecurity_Tiles_1/Structure11_6.png,Structure11_6.png,"[0, 0, 135, 297]",135,297,"[0, 0, 135, 297]",64.901,LARGE_STRUCTURE_SPRITE,MODULAR_PART_OK,Large object; use carefully.,keep in production palette
res://assets/tilesets/pvgames_central_security_paintable/PVGamesCentralSecurityLargeStructurePaint.tres,large_structure,large_structure,large_structure_0047,CS_1316,res://assets/tilesets/cyber_city_core_tilesets/CyberCity_CentralSecurity_Tiles/CyberCity_CentralSecurity_Tiles_1/CyberCity_CentralSecurity_Tiles_1/Structure6_1.png,Structure6_1.png,"[0, 0, 302, 291]",302,291,"[0, 0, 302, 291]",21.652,LARGE_STRUCTURE_SPRITE,MODULAR_PART_OK,Large object; use carefully.,keep in production palette
res://assets/tilesets/pvgames_central_security_paintable/PVGamesCentralSecurityLargeStructurePaint.tres,large_structure,large_structure,large_structure_0048,CS_1254,res://assets/tilesets/cyber_city_core_tilesets/CyberCity_CentralSecurity_Tiles/CyberCity_CentralSecurity_Tiles_1/CyberCity_CentralSecurity_Tiles_1/Structure16_1.png,Structure16_1.png,"[0, 0, 311, 242]",311,242,"[0, 0, 311, 242]",13.921,LARGE_STRUCTURE_SPRITE,MODULAR_PART_OK,Large object; use carefully.,keep in production palette
res://assets/tilesets/pvgames_central_security_paintable/PVGamesCentralSecurityLargeStructurePaint.tres,large_structure,large_structure,large_structure_0049,CS_1276,res://assets/tilesets/cyber_city_core_tilesets/CyberCity_CentralSecurity_Tiles/CyberCity_CentralSecurity_Tiles_1/CyberCity_CentralSecurity_Tiles_1/Structure19_3.png,Structure19_3.png,"[0, 0, 215, 318]",215,318,"[0, 0, 215, 318]",14.201,LARGE_STRUCTURE_SPRITE,MODULAR_PART_OK,Large object; use carefully.,keep in production palette
res://assets/tilesets/pvgames_central_security_paintable/PVGamesCentralSecurityLargeStructurePaint.tres,large_structure,large_structure,large_structure_0050,CS_1274,res://assets/tilesets/cyber_city_core_tilesets/CyberCity_CentralSecurity_Tiles/CyberCity_CentralSecurity_Tiles_1/CyberCity_CentralSecurity_Tiles_1/Structure19_1.png,Structure19_1.png,"[0, 0, 211, 319]",211,319,"[0, 0, 211, 319]",14.364,LARGE_STRUCTURE_SPRITE,MODULAR_PART_OK,Large object; use carefully.,keep in production palette
res://assets/tilesets/pvgames_central_security_paintable/PVGamesCentralSecurityLargeStructurePaint.tres,large_structure,large_structure,large_structure_0051,CS_1229,res://assets/tilesets/cyber_city_core_tilesets/CyberCity_CentralSecurity_Tiles/CyberCity_CentralSecurity_Tiles_1/CyberCity_CentralSecurity_Tiles_1/Structure12_4.png,Structure12_4.png,"[0, 0, 325, 270]",325,270,"[0, 0, 325, 270]",43.803,LARGE_STRUCTURE_SPRITE,MODULAR_PART_OK,Large object; use carefully.,keep in production palette
res://assets/tilesets/pvgames_central_security_paintable/PVGamesCentralSecurityLargeStructurePaint.tres,large_structure,large_structure,large_structure_0052,CS_1255,res://assets/tilesets/cyber_city_core_tilesets/CyberCity_CentralSecurity_Tiles/CyberCity_CentralSecurity_Tiles_1/CyberCity_CentralSecurity_Tiles_1/Structure16_2.png,Structure16_2.png,"[0, 0, 328, 230]",328,230,"[0, 0, 328, 230]",16.23,LARGE_STRUCTURE_SPRITE,MODULAR_PART_OK,Large object; use carefully.,keep in production palette
res://assets/tilesets/pvgames_central_security_paintable/PVGamesCentralSecurityLargeStructurePaint.tres,large_structure,large_structure,large_structure_0053,CS_1231,res://assets/tilesets/cyber_city_core_tilesets/CyberCity_CentralSecurity_Tiles/CyberCity_CentralSecurity_Tiles_1/CyberCity_CentralSecurity_Tiles_1/Structure12_6.png,Structure12_6.png,"[0, 0, 333, 243]",333,243,"[0, 0, 333, 243]",44.706,LARGE_STRUCTURE_SPRITE,MODULAR_PART_OK,Large object; use carefully.,keep in production palette
res://assets/tilesets/pvgames_central_security_paintable/PVGamesCentralSecurityLargeStructurePaint.tres,large_structure,large_structure,large_structure_0054,CS_1277,res://assets/tilesets/cyber_city_core_tilesets/CyberCity_CentralSecurity_Tiles/CyberCity_CentralSecurity_Tiles_1/CyberCity_CentralSecurity_Tiles_1/Structure19_4.png,Structure19_4.png,"[0, 0, 338, 222]",338,222,"[0, 0, 338, 222]",15.655,LARGE_STRUCTURE_SPRITE,MODULAR_PART_OK,Large object; use carefully.,keep in production palette
res://assets/tilesets/pvgames_central_security_paintable/PVGamesCentralSecurityLargeStructurePaint.tres,large_structure,large_structure,large_structure_0055,CS_1275,res://assets/tilesets/cyber_city_core_tilesets/CyberCity_CentralSecurity_Tiles/CyberCity_CentralSecurity_Tiles_1/CyberCity_CentralSecurity_Tiles_1/Structure19_2.png,Structure19_2.png,"[0, 0, 341, 219]",341,219,"[0, 0, 341, 219]",23.381,LARGE_STRUCTURE_SPRITE,MODULAR_PART_OK,Large object; use carefully.,keep in production palette
res://assets/tilesets/pvgames_central_security_paintable/PVGamesCentralSecurityLargeStructurePaint.tres,large_structure,large_structure,large_structure_0056,CS_1228,res://assets/tilesets/cyber_city_core_tilesets/CyberCity_CentralSecurity_Tiles/CyberCity_CentralSecurity_Tiles_1/CyberCity_CentralSecurity_Tiles_1/Structure12_3.png,Structure12_3.png,"[0, 0, 265, 343]",265,343,"[0, 0, 265, 343]",44.316,LARGE_STRUCTURE_SPRITE,MODULAR_PART_OK,Large object; use carefully.,keep in production palette
res://assets/tilesets/pvgames_central_security_paintable/PVGamesCentralSecurityLargeStructurePaint.tres,large_structure,large_structure,large_structure_0057,CS_1233,res://assets/tilesets/cyber_city_core_tilesets/CyberCity_CentralSecurity_Tiles/CyberCity_CentralSecurity_Tiles_1/CyberCity_CentralSecurity_Tiles_1/Structure12_8.png,Structure12_8.png,"[0, 0, 331, 345]",331,345,"[0, 0, 331, 345]",55.36,LARGE_STRUCTURE_SPRITE,MODULAR_PART_OK,Large object; use carefully.,keep in production palette
res://assets/tilesets/pvgames_central_security_paintable/PVGamesCentralSecurityLargeStructurePaint.tres,large_structure,large_structure,large_structure_0058,CS_1318,res://assets/tilesets/cyber_city_core_tilesets/CyberCity_CentralSecurity_Tiles/CyberCity_CentralSecurity_Tiles_1/CyberCity_CentralSecurity_Tiles_1/Structure6_3.png,Structure6_3.png,"[0, 0, 306, 346]",306,346,"[0, 0, 306, 346]",31.25,LARGE_STRUCTURE_SPRITE,MODULAR_PART_OK,Large object; use carefully.,keep in production palette
res://assets/tilesets/pvgames_central_security_paintable/PVGamesCentralSecurityLargeStructurePaint.tres,large_structure,large_structure,large_structure_0059,CS_1308,res://assets/tilesets/cyber_city_core_tilesets/CyberCity_CentralSecurity_Tiles/CyberCity_CentralSecurity_Tiles_1/CyberCity_CentralSecurity_Tiles_1/Structure5_1.png,Structure5_1.png,"[0, 0, 304, 354]",304,354,"[0, 0, 304, 354]",26.106,LARGE_STRUCTURE_SPRITE,MODULAR_PART_OK,Large object; use carefully.,keep in production palette
res://assets/tilesets/pvgames_central_security_paintable/PVGamesCentralSecurityLargeStructurePaint.tres,large_structure,large_structure,large_structure_0060,CS_1310,res://assets/tilesets/cyber_city_core_tilesets/CyberCity_CentralSecurity_Tiles/CyberCity_CentralSecurity_Tiles_1/CyberCity_CentralSecurity_Tiles_1/Structure5_3.png,Structure5_3.png,"[0, 0, 306, 356]",306,356,"[0, 0, 306, 356]",26.261,LARGE_STRUCTURE_SPRITE,MODULAR_PART_OK,Large object; use carefully.,keep in production palette
res://assets/tilesets/pvgames_central_security_paintable/PVGamesCentralSecurityLargeStructurePaint.tres,large_structure,large_structure,large_structure_0061,CS_1279,res://assets/tilesets/cyber_city_core_tilesets/CyberCity_CentralSecurity_Tiles/CyberCity_CentralSecurity_Tiles_1/CyberCity_CentralSecurity_Tiles_1/Structure19_6.png,Structure19_6.png,"[0, 0, 358, 332]",358,332,"[0, 0, 358, 332]",46.192,LARGE_STRUCTURE_SPRITE,MODULAR_PART_OK,Large object; use carefully.,keep in production palette
res://assets/tilesets/pvgames_central_security_paintable/PVGamesCentralSecurityLargeStructurePaint.tres,large_structure,large_structure,large_structure_0062,CS_1227,res://assets/tilesets/cyber_city_core_tilesets/CyberCity_CentralSecurity_Tiles/CyberCity_CentralSecurity_Tiles_1/CyberCity_CentralSecurity_Tiles_1/Structure12_2.png,Structure12_2.png,"[0, 0, 359, 271]",359,271,"[0, 0, 359, 271]",46.945,LARGE_STRUCTURE_SPRITE,MODULAR_PART_OK,Large object; use carefully.,keep in production palette
res://assets/tilesets/pvgames_central_security_paintable/PVGamesCentralSecurityLargeStructurePaint.tres,large_structure,large_structure,large_structure_0063,CS_1278,res://assets/tilesets/cyber_city_core_tilesets/CyberCity_CentralSecurity_Tiles/CyberCity_CentralSecurity_Tiles_1/CyberCity_CentralSecurity_Tiles_1/Structure19_5.png,Structure19_5.png,"[0, 0, 359, 330]",359,330,"[0, 0, 359, 330]",51.89,LARGE_STRUCTURE_SPRITE,MODULAR_PART_OK,Large object; use carefully.,keep in production palette
res://assets/tilesets/pvgames_central_security_paintable/PVGamesCentralSecurityLargeStructurePaint.tres,large_structure,large_structure,large_structure_0064,CS_1019,res://assets/tilesets/cyber_city_core_tilesets/CyberCity_CentralSecurity_Tiles/CyberCity_CentralSecurity_Tiles_1/CyberCity_CentralSecurity_Tiles_1/MobileArmory1_2.png,MobileArmory1_2.png,"[0, 0, 364, 357]",364,357,"[0, 0, 364, 357]",30.774,LARGE_STRUCTURE_SPRITE,MODULAR_PART_OK,Large object; use carefully.,keep in production palette
res://assets/tilesets/pvgames_central_security_paintable/PVGamesCentralSecurityLargeStructurePaint.tres,large_structure,large_structure,large_structure_0065,CS_1320,res://assets/tilesets/cyber_city_core_tilesets/CyberCity_CentralSecurity_Tiles/CyberCity_CentralSecurity_Tiles_1/CyberCity_CentralSecurity_Tiles_1/Structure6_5.png,Structure6_5.png,"[0, 0, 337, 377]",337,377,"[0, 0, 337, 377]",38.522,LARGE_STRUCTURE_SPRITE,MODULAR_PART_OK,Large object; use carefully.,keep in production palette
res://assets/tilesets/pvgames_central_security_paintable/PVGamesCentralSecurityLargeStructurePaint.tres,large_structure,large_structure,large_structure_0066,CS_1321,res://assets/tilesets/cyber_city_core_tilesets/CyberCity_CentralSecurity_Tiles/CyberCity_CentralSecurity_Tiles_1/CyberCity_CentralSecurity_Tiles_1/Structure6_6.png,Structure6_6.png,"[0, 0, 337, 377]",337,377,"[0, 0, 337, 377]",46.549,LARGE_STRUCTURE_SPRITE,MODULAR_PART_OK,Large object; use carefully.,keep in production palette
res://assets/tilesets/pvgames_central_security_paintable/PVGamesCentralSecurityLargeStructurePaint.tres,large_structure,large_structure,large_structure_0067,CS_1021,res://assets/tilesets/cyber_city_core_tilesets/CyberCity_CentralSecurity_Tiles/CyberCity_CentralSecurity_Tiles_1/CyberCity_CentralSecurity_Tiles_1/MobileArmory1_4.png,MobileArmory1_4.png,"[0, 0, 383, 361]",383,361,"[0, 0, 383, 361]",33.119,LARGE_STRUCTURE_SPRITE,MODULAR_PART_OK,Large object; use carefully.,keep in production palette
res://assets/tilesets/pvgames_central_security_paintable/PVGamesCentralSecurityLargeStructurePaint.tres,large_structure,large_structure,large_structure_0068,CS_1317,res://assets/tilesets/cyber_city_core_tilesets/CyberCity_CentralSecurity_Tiles/CyberCity_CentralSecurity_Tiles_1/CyberCity_CentralSecurity_Tiles_1/Structure6_2.png,Structure6_2.png,"[0, 0, 233, 402]",233,402,"[0, 0, 233, 402]",27.101,LARGE_STRUCTURE_SPRITE,MODULAR_PART_OK,Large object; use carefully.,keep in production palette
res://assets/tilesets/pvgames_central_security_paintable/PVGamesCentralSecurityLargeStructurePaint.tres,large_structure,large_structure,large_structure_0069,CS_1327,res://assets/tilesets/cyber_city_core_tilesets/CyberCity_CentralSecurity_Tiles/CyberCity_CentralSecurity_Tiles_1/CyberCity_CentralSecurity_Tiles_1/Structure7_4.png,Structure7_4.png,"[0, 0, 345, 403]",345,403,"[0, 0, 345, 403]",38.853,LARGE_STRUCTURE_SPRITE,MODULAR_PART_OK,Large object; use carefully.,keep in production palette
res://assets/tilesets/pvgames_central_security_paintable/PVGamesCentralSecurityLargeStructurePaint.tres,large_structure,large_structure,large_structure_0070,CS_1319,res://assets/tilesets/cyber_city_core_tilesets/CyberCity_CentralSecurity_Tiles/CyberCity_CentralSecurity_Tiles_1/CyberCity_CentralSecurity_Tiles_1/Structure6_4.png,Structure6_4.png,"[0, 0, 233, 404]",233,404,"[0, 0, 233, 404]",29.203,LARGE_STRUCTURE_SPRITE,MODULAR_PART_OK,Large object; use carefully.,keep in production palette
res://assets/tilesets/pvgames_central_security_paintable/PVGamesCentralSecurityLargeStructurePaint.tres,large_structure,large_structure,large_structure_0071,CS_1311,res://assets/tilesets/cyber_city_core_tilesets/CyberCity_CentralSecurity_Tiles/CyberCity_CentralSecurity_Tiles_1/CyberCity_CentralSecurity_Tiles_1/Structure5_4.png,Structure5_4.png,"[0, 0, 244, 406]",244,406,"[0, 0, 244, 406]",23.361,LARGE_STRUCTURE_SPRITE,MODULAR_PART_OK,Large object; use carefully.,keep in production palette
res://assets/tilesets/pvgames_central_security_paintable/PVGamesCentralSecurityLargeStructurePaint.tres,large_structure,large_structure,large_structure_0072,CS_1309,res://assets/tilesets/cyber_city_core_tilesets/CyberCity_CentralSecurity_Tiles/CyberCity_CentralSecurity_Tiles_1/CyberCity_CentralSecurity_Tiles_1/Structure5_2.png,Structure5_2.png,"[0, 0, 251, 407]",251,407,"[0, 0, 251, 407]",24.8,LARGE_STRUCTURE_SPRITE,MODULAR_PART_OK,Large object; use carefully.,keep in production palette
res://assets/tilesets/pvgames_central_security_paintable/PVGamesCentralSecurityLargeStructurePaint.tres,large_structure,large_structure,large_structure_0073,CS_1325,res://assets/tilesets/cyber_city_core_tilesets/CyberCity_CentralSecurity_Tiles/CyberCity_CentralSecurity_Tiles_1/CyberCity_CentralSecurity_Tiles_1/Structure7_2.png,Structure7_2.png,"[0, 0, 347, 407]",347,407,"[0, 0, 347, 407]",39.815,LARGE_STRUCTURE_SPRITE,MODULAR_PART_OK,Large object; use carefully.,keep in production palette
res://assets/tilesets/pvgames_central_security_paintable/PVGamesCentralSecurityLargeStructurePaint.tres,large_structure,large_structure,large_structure_0074,CS_1020,res://assets/tilesets/cyber_city_core_tilesets/CyberCity_CentralSecurity_Tiles/CyberCity_CentralSecurity_Tiles_1/CyberCity_CentralSecurity_Tiles_1/MobileArmory1_3.png,MobileArmory1_3.png,"[0, 0, 407, 352]",407,352,"[0, 0, 407, 352]",40.716,LARGE_STRUCTURE_SPRITE,MODULAR_PART_OK,Large object; use carefully.,keep in production palette
res://assets/tilesets/pvgames_central_security_paintable/PVGamesCentralSecurityLargeStructurePaint.tres,large_structure,large_structure,large_structure_0075,CS_1324,res://assets/tilesets/cyber_city_core_tilesets/CyberCity_CentralSecurity_Tiles/CyberCity_CentralSecurity_Tiles_1/CyberCity_CentralSecurity_Tiles_1/Structure7_1.png,Structure7_1.png,"[0, 0, 303, 409]",303,409,"[0, 0, 303, 409]",34.438,LARGE_STRUCTURE_SPRITE,MODULAR_PART_OK,Large object; use carefully.,keep in production palette
res://assets/tilesets/pvgames_central_security_paintable/PVGamesCentralSecurityLargeStructurePaint.tres,large_structure,large_structure,large_structure_0076,CS_1326,res://assets/tilesets/cyber_city_core_tilesets/CyberCity_CentralSecurity_Tiles/CyberCity_CentralSecurity_Tiles_1/CyberCity_CentralSecurity_Tiles_1/Structure7_3.png,Structure7_3.png,"[0, 0, 304, 410]",304,410,"[0, 0, 304, 410]",34.771,LARGE_STRUCTURE_SPRITE,MODULAR_PART_OK,Large object; use carefully.,keep in production palette
res://assets/tilesets/pvgames_central_security_paintable/PVGamesCentralSecurityLargeStructurePaint.tres,large_structure,large_structure,large_structure_0077,CS_1257,res://assets/tilesets/cyber_city_core_tilesets/CyberCity_CentralSecurity_Tiles/CyberCity_CentralSecurity_Tiles_1/CyberCity_CentralSecurity_Tiles_1/Structure16_4.png,Structure16_4.png,"[0, 0, 412, 300]",412,300,"[0, 0, 412, 300]",48.865,LARGE_STRUCTURE_SPRITE,MODULAR_PART_OK,Large object; use carefully.,keep in production palette
res://assets/tilesets/pvgames_central_security_paintable/PVGamesCentralSecurityLargeStructurePaint.tres,large_structure,large_structure,large_structure_0078,CS_1256,res://assets/tilesets/cyber_city_core_tilesets/CyberCity_CentralSecurity_Tiles/CyberCity_CentralSecurity_Tiles_1/CyberCity_CentralSecurity_Tiles_1/Structure16_3.png,Structure16_3.png,"[0, 0, 414, 306]",414,306,"[0, 0, 414, 306]",48.454,LARGE_STRUCTURE_SPRITE,MODULAR_PART_OK,Large object; use carefully.,keep in production palette
res://assets/tilesets/pvgames_central_security_paintable/PVGamesCentralSecurityLargeStructurePaint.tres,large_structure,large_structure,large_structure_0079,CS_1018,res://assets/tilesets/cyber_city_core_tilesets/CyberCity_CentralSecurity_Tiles/CyberCity_CentralSecurity_Tiles_1/CyberCity_CentralSecurity_Tiles_1/MobileArmory1_1.png,MobileArmory1_1.png,"[0, 0, 414, 375]",414,375,"[0, 0, 414, 375]",44.408,LARGE_STRUCTURE_SPRITE,MODULAR_PART_OK,Large object; use carefully.,keep in production palette
res://assets/tilesets/pvgames_central_security_paintable/PVGamesCentralSecurityLargeStructurePaint.tres,large_structure,large_structure,large_structure_0080,CS_1312,res://assets/tilesets/cyber_city_core_tilesets/CyberCity_CentralSecurity_Tiles/CyberCity_CentralSecurity_Tiles_1/CyberCity_CentralSecurity_Tiles_1/Structure5_5.png,Structure5_5.png,"[0, 0, 340, 424]",340,424,"[0, 0, 340, 424]",39.243,LARGE_STRUCTURE_SPRITE,MODULAR_PART_OK,Large object; use carefully.,keep in production palette
res://assets/tilesets/pvgames_central_security_paintable/PVGamesCentralSecurityLargeStructurePaint.tres,large_structure,large_structure,large_structure_0081,CS_1313,res://assets/tilesets/cyber_city_core_tilesets/CyberCity_CentralSecurity_Tiles/CyberCity_CentralSecurity_Tiles_1/CyberCity_CentralSecurity_Tiles_1/Structure5_6.png,Structure5_6.png,"[0, 0, 342, 424]",342,424,"[0, 0, 342, 424]",42.487,LARGE_STRUCTURE_SPRITE,MODULAR_PART_OK,Large object; use carefully.,keep in production palette
res://assets/tilesets/pvgames_central_security_paintable/PVGamesCentralSecurityLargeStructurePaint.tres,large_structure,large_structure,large_structure_0082,CS_1023,res://assets/tilesets/cyber_city_core_tilesets/CyberCity_CentralSecurity_Tiles/CyberCity_CentralSecurity_Tiles_1/CyberCity_CentralSecurity_Tiles_1/MobileArmory1_6.png,MobileArmory1_6.png,"[0, 0, 450, 421]",450,421,"[0, 0, 450, 421]",50.4,LARGE_STRUCTURE_SPRITE,MODULAR_PART_OK,Large object; use carefully.,keep in production palette
res://assets/tilesets/pvgames_central_security_paintable/PVGamesCentralSecurityLargeStructurePaint.tres,large_structure,large_structure,large_structure_0083,CS_1025,res://assets/tilesets/cyber_city_core_tilesets/CyberCity_CentralSecurity_Tiles/CyberCity_CentralSecurity_Tiles_1/CyberCity_CentralSecurity_Tiles_1/MobileArmory1_8.png,MobileArmory1_8.png,"[0, 0, 452, 400]",452,400,"[0, 0, 452, 400]",51.208,LARGE_STRUCTURE_SPRITE,MODULAR_PART_OK,Large object; use carefully.,keep in production palette
res://assets/tilesets/pvgames_central_security_paintable/PVGamesCentralSecurityLargeStructurePaint.tres,large_structure,large_structure,large_structure_0084,CS_1331,res://assets/tilesets/cyber_city_core_tilesets/CyberCity_CentralSecurity_Tiles/CyberCity_CentralSecurity_Tiles_1/CyberCity_CentralSecurity_Tiles_1/Structure7_8.png,Structure7_8.png,"[0, 0, 395, 462]",395,462,"[0, 0, 395, 462]",50.864,LARGE_STRUCTURE_SPRITE,MODULAR_PART_OK,Large object; use carefully.,keep in production palette
res://assets/tilesets/pvgames_central_security_paintable/PVGamesCentralSecurityLargeStructurePaint.tres,large_structure,large_structure,large_structure_0085,CS_1328,res://assets/tilesets/cyber_city_core_tilesets/CyberCity_CentralSecurity_Tiles/CyberCity_CentralSecurity_Tiles_1/CyberCity_CentralSecurity_Tiles_1/Structure7_5.png,Structure7_5.png,"[0, 0, 400, 463]",400,463,"[0, 0, 400, 463]",51.565,LARGE_STRUCTURE_SPRITE,MODULAR_PART_OK,Large object; use carefully.,keep in production palette
res://assets/tilesets/pvgames_central_security_paintable/PVGamesCentralSecurityLargeStructurePaint.tres,large_structure,large_structure,large_structure_0086,CS_1242,res://assets/tilesets/cyber_city_core_tilesets/CyberCity_CentralSecurity_Tiles/CyberCity_CentralSecurity_Tiles_1/CyberCity_CentralSecurity_Tiles_1/Structure14_1.png,Structure14_1.png,"[0, 0, 315, 514]",315,514,"[0, 0, 315, 514]",50.324,LARGE_STRUCTURE_SPRITE,MODULAR_PART_OK,Large object; use carefully.,keep in production palette
res://assets/tilesets/pvgames_central_security_paintable/PVGamesCentralSecurityLargeStructurePaint.tres,large_structure,large_structure,large_structure_0087,CS_1249,res://assets/tilesets/cyber_city_core_tilesets/CyberCity_CentralSecurity_Tiles/CyberCity_CentralSecurity_Tiles_1/CyberCity_CentralSecurity_Tiles_1/Structure14_8.png,Structure14_8.png,"[0, 0, 559, 479]",559,479,"[0, 0, 559, 479]",64.702,LARGE_STRUCTURE_SPRITE,MODULAR_PART_OK,Large object; use carefully.,keep in production palette
res://assets/tilesets/pvgames_central_security_paintable/PVGamesCentralSecurityLargeStructurePaint.tres,large_structure,large_structure,large_structure_0088,CS_1247,res://assets/tilesets/cyber_city_core_tilesets/CyberCity_CentralSecurity_Tiles/CyberCity_CentralSecurity_Tiles_1/CyberCity_CentralSecurity_Tiles_1/Structure14_6.png,Structure14_6.png,"[0, 0, 560, 416]",560,416,"[0, 0, 560, 416]",61.933,LARGE_STRUCTURE_SPRITE,MODULAR_PART_OK,Large object; use carefully.,keep in production palette
res://assets/tilesets/pvgames_central_security_paintable/PVGamesCentralSecurityLargeStructurePaint.tres,large_structure,large_structure,large_structure_0089,CS_1341,res://assets/tilesets/cyber_city_core_tilesets/CyberCity_CentralSecurity_Tiles/CyberCity_CentralSecurity_Tiles_1/CyberCity_CentralSecurity_Tiles_1/Structure9__2.png,Structure9__2.png,"[0, 0, 578, 540]",578,540,"[0, 0, 578, 540]",16.141,LARGE_STRUCTURE_SPRITE,MODULAR_PART_OK,Large object; use carefully.,keep in production palette
res://assets/tilesets/pvgames_central_security_paintable/PVGamesCentralSecurityLargeStructurePaint.tres,large_structure,large_structure,large_structure_0090,CS_1342,res://assets/tilesets/cyber_city_core_tilesets/CyberCity_CentralSecurity_Tiles/CyberCity_CentralSecurity_Tiles_1/CyberCity_CentralSecurity_Tiles_1/Structure9__3.png,Structure9__3.png,"[0, 0, 513, 579]",513,579,"[0, 0, 513, 579]",17.366,LARGE_STRUCTURE_SPRITE,MODULAR_PART_OK,Large object; use carefully.,keep in production palette
res://assets/tilesets/pvgames_central_security_paintable/PVGamesCentralSecurityLargeStructurePaint.tres,large_structure,large_structure,large_structure_0091,CS_1246,res://assets/tilesets/cyber_city_core_tilesets/CyberCity_CentralSecurity_Tiles/CyberCity_CentralSecurity_Tiles_1/CyberCity_CentralSecurity_Tiles_1/Structure14_5.png,Structure14_5.png,"[0, 0, 581, 419]",581,419,"[0, 0, 581, 419]",64.333,LARGE_STRUCTURE_SPRITE,MODULAR_PART_OK,Large object; use carefully.,keep in production palette
res://assets/tilesets/pvgames_central_security_paintable/PVGamesCentralSecurityLargeStructurePaint.tres,large_structure,large_structure,large_structure_0092,CS_1248,res://assets/tilesets/cyber_city_core_tilesets/CyberCity_CentralSecurity_Tiles/CyberCity_CentralSecurity_Tiles_1/CyberCity_CentralSecurity_Tiles_1/Structure14_7.png,Structure14_7.png,"[0, 0, 585, 483]",585,483,"[0, 0, 585, 483]",63.8,LARGE_STRUCTURE_SPRITE,MODULAR_PART_OK,Large object; use carefully.,keep in production palette
res://assets/tilesets/pvgames_central_security_paintable/PVGamesCentralSecurityLargeStructurePaint.tres,large_structure,large_structure,large_structure_0093,CS_1244,res://assets/tilesets/cyber_city_core_tilesets/CyberCity_CentralSecurity_Tiles/CyberCity_CentralSecurity_Tiles_1/CyberCity_CentralSecurity_Tiles_1/Structure14_3.png,Structure14_3.png,"[0, 0, 317, 595]",317,595,"[0, 0, 317, 595]",51.543,LARGE_STRUCTURE_SPRITE,MODULAR_PART_OK,Large object; use carefully.,keep in production palette
res://assets/tilesets/pvgames_central_security_paintable/PVGamesCentralSecurityLargeStructurePaint.tres,large_structure,large_structure,large_structure_0094,CS_1293,res://assets/tilesets/cyber_city_core_tilesets/CyberCity_CentralSecurity_Tiles/CyberCity_CentralSecurity_Tiles_1/CyberCity_CentralSecurity_Tiles_1/Structure2_4.png,Structure2_4.png,"[0, 0, 439, 618]",439,618,"[0, 0, 439, 618]",36.209,LARGE_STRUCTURE_SPRITE,MODULAR_PART_OK,Large object; use carefully.,keep in production palette
res://assets/tilesets/pvgames_central_security_paintable/PVGamesCentralSecurityLargeStructurePaint.tres,large_structure,large_structure,large_structure_0095,CS_1343,res://assets/tilesets/cyber_city_core_tilesets/CyberCity_CentralSecurity_Tiles/CyberCity_CentralSecurity_Tiles_1/CyberCity_CentralSecurity_Tiles_1/Structure9__4.png,Structure9__4.png,"[0, 0, 628, 540]",628,540,"[0, 0, 628, 540]",22.854,LARGE_STRUCTURE_SPRITE,MODULAR_PART_OK,Large object; use carefully.,keep in production palette
res://assets/tilesets/pvgames_central_security_paintable/PVGamesCentralSecurityLargeStructurePaint.tres,large_structure,large_structure,large_structure_0096,CS_1291,res://assets/tilesets/cyber_city_core_tilesets/CyberCity_CentralSecurity_Tiles/CyberCity_CentralSecurity_Tiles_1/CyberCity_CentralSecurity_Tiles_1/Structure2_2.png,Structure2_2.png,"[0, 0, 441, 639]",441,639,"[0, 0, 441, 639]",37.216,LARGE_STRUCTURE_SPRITE,MODULAR_PART_OK,Large object; use carefully.,keep in production palette
res://assets/tilesets/pvgames_central_security_paintable/PVGamesCentralSecurityLargeStructurePaint.tres,large_structure,large_structure,large_structure_0097,CS_1344,res://assets/tilesets/cyber_city_core_tilesets/CyberCity_CentralSecurity_Tiles/CyberCity_CentralSecurity_Tiles_1/CyberCity_CentralSecurity_Tiles_1/Structure9__5.png,Structure9__5.png,"[0, 0, 644, 637]",644,637,"[0, 0, 644, 637]",32.618,LARGE_STRUCTURE_SPRITE,MODULAR_PART_OK,Large object; use carefully.,keep in production palette
res://assets/tilesets/pvgames_central_security_paintable/PVGamesCentralSecurityLargeStructurePaint.tres,large_structure,large_structure,large_structure_0098,CS_1701,res://assets/tilesets/cyber_city_core_tilesets/CyberCity_CentralSecurity_Tiles/CyberCity_CentralSecurity_Tiles_1/CyberCity_CentralSecurity_Tiles_1/Watchtower1_2.png,Watchtower1_2.png,"[0, 0, 513, 645]",513,645,"[0, 0, 513, 645]",22.973,LARGE_STRUCTURE_SPRITE,MODULAR_PART_OK,Large object; use carefully.,keep in production palette
res://assets/tilesets/pvgames_central_security_paintable/PVGamesCentralSecurityLargeStructurePaint.tres,large_structure,large_structure,large_structure_0099,CS_1346,res://assets/tilesets/cyber_city_core_tilesets/CyberCity_CentralSecurity_Tiles/CyberCity_CentralSecurity_Tiles_1/CyberCity_CentralSecurity_Tiles_1/Structure9__7.png,Structure9__7.png,"[0, 0, 647, 635]",647,635,"[0, 0, 647, 635]",36.091,LARGE_STRUCTURE_SPRITE,MODULAR_PART_OK,Large object; use carefully.,keep in production palette
res://assets/tilesets/pvgames_central_security_paintable/PVGamesCentralSecurityLargeStructurePaint.tres,large_structure,large_structure,large_structure_0100,CS_1703,res://assets/tilesets/cyber_city_core_tilesets/CyberCity_CentralSecurity_Tiles/CyberCity_CentralSecurity_Tiles_1/CyberCity_CentralSecurity_Tiles_1/Watchtower1_4.png,Watchtower1_4.png,"[0, 0, 511, 648]",511,648,"[0, 0, 511, 648]",26.379,LARGE_STRUCTURE_SPRITE,MODULAR_PART_OK,Large object; use carefully.,keep in production palette
res://assets/tilesets/pvgames_central_security_paintable/PVGamesCentralSecurityLargeStructurePaint.tres,large_structure,large_structure,large_structure_0101,CS_1347,res://assets/tilesets/cyber_city_core_tilesets/CyberCity_CentralSecurity_Tiles/CyberCity_CentralSecurity_Tiles_1/CyberCity_CentralSecurity_Tiles_1/Structure9__8.png,Structure9__8.png,"[0, 0, 648, 635]",648,635,"[0, 0, 648, 635]",36.454,LARGE_STRUCTURE_SPRITE,MODULAR_PART_OK,Large object; use carefully.,keep in production palette
res://assets/tilesets/pvgames_central_security_paintable/PVGamesCentralSecurityLargeStructurePaint.tres,large_structure,large_structure,large_structure_0102,CS_1290,res://assets/tilesets/cyber_city_core_tilesets/CyberCity_CentralSecurity_Tiles/CyberCity_CentralSecurity_Tiles_1/CyberCity_CentralSecurity_Tiles_1/Structure2_1.png,Structure2_1.png,"[0, 0, 405, 653]",405,653,"[0, 0, 405, 653]",38.277,LARGE_STRUCTURE_SPRITE,MODULAR_PART_OK,Large object; use carefully.,keep in production palette
res://assets/tilesets/pvgames_central_security_paintable/PVGamesCentralSecurityLargeStructurePaint.tres,large_structure,large_structure,large_structure_0103,CS_1292,res://assets/tilesets/cyber_city_core_tilesets/CyberCity_CentralSecurity_Tiles/CyberCity_CentralSecurity_Tiles_1/CyberCity_CentralSecurity_Tiles_1/Structure2_3.png,Structure2_3.png,"[0, 0, 390, 655]",390,655,"[0, 0, 390, 655]",37.21,LARGE_STRUCTURE_SPRITE,MODULAR_PART_OK,Large object; use carefully.,keep in production palette
res://assets/tilesets/pvgames_central_security_paintable/PVGamesCentralSecurityLargeStructurePaint.tres,large_structure,large_structure,large_structure_0104,CS_1296,res://assets/tilesets/cyber_city_core_tilesets/CyberCity_CentralSecurity_Tiles/CyberCity_CentralSecurity_Tiles_1/CyberCity_CentralSecurity_Tiles_1/Structure2_7.png,Structure2_7.png,"[0, 0, 452, 672]",452,672,"[0, 0, 452, 672]",41.256,LARGE_STRUCTURE_SPRITE,MODULAR_PART_OK,Large object; use carefully.,keep in production palette
res://assets/tilesets/pvgames_central_security_paintable/PVGamesCentralSecurityLargeStructurePaint.tres,large_structure,large_structure,large_structure_0105,CS_1294,res://assets/tilesets/cyber_city_core_tilesets/CyberCity_CentralSecurity_Tiles/CyberCity_CentralSecurity_Tiles_1/CyberCity_CentralSecurity_Tiles_1/Structure2_5.png,Structure2_5.png,"[0, 0, 453, 672]",453,672,"[0, 0, 453, 672]",40.427,LARGE_STRUCTURE_SPRITE,MODULAR_PART_OK,Large object; use carefully.,keep in production palette
res://assets/tilesets/pvgames_central_security_paintable/PVGamesCentralSecurityLargeStructurePaint.tres,large_structure,large_structure,large_structure_0106,CS_1700,res://assets/tilesets/cyber_city_core_tilesets/CyberCity_CentralSecurity_Tiles/CyberCity_CentralSecurity_Tiles_1/CyberCity_CentralSecurity_Tiles_1/Watchtower1_1.png,Watchtower1_1.png,"[0, 0, 430, 686]",430,686,"[0, 0, 430, 686]",23.777,LARGE_STRUCTURE_SPRITE,MODULAR_PART_OK,Large object; use carefully.,keep in production palette
res://assets/tilesets/pvgames_central_security_paintable/PVGamesCentralSecurityLargeStructurePaint.tres,large_structure,large_structure,large_structure_0107,CS_1702,res://assets/tilesets/cyber_city_core_tilesets/CyberCity_CentralSecurity_Tiles/CyberCity_CentralSecurity_Tiles_1/CyberCity_CentralSecurity_Tiles_1/Watchtower1_3.png,Watchtower1_3.png,"[0, 0, 430, 690]",430,690,"[0, 0, 430, 690]",22.344,LARGE_STRUCTURE_SPRITE,MODULAR_PART_OK,Large object; use carefully.,keep in production palette
res://assets/tilesets/pvgames_central_security_paintable/PVGamesCentralSecurityLargeStructurePaint.tres,large_structure,large_structure,large_structure_0108,CS_0963,res://assets/tilesets/cyber_city_core_tilesets/CyberCity_CentralSecurity_Tiles/CyberCity_CentralSecurity_Tiles_1/CyberCity_CentralSecurity_Tiles_1/LargeBag1_4.png,LargeBag1_4.png,"[0, 0, 43, 66]",43,66,"[0, 0, 43, 66]",25.687,LARGE_STRUCTURE_SPRITE,MODULAR_PART_OK,Large object; use carefully.,keep in production palette
res://assets/tilesets/pvgames_central_security_paintable/PVGamesCentralSecurityLargeStructurePaint.tres,large_structure,large_structure,large_structure_0109,CS_0961,res://assets/tilesets/cyber_city_core_tilesets/CyberCity_CentralSecurity_Tiles/CyberCity_CentralSecurity_Tiles_1/CyberCity_CentralSecurity_Tiles_1/LargeBag1_2.png,LargeBag1_2.png,"[0, 0, 46, 68]",46,68,"[0, 0, 46, 68]",32.705,LARGE_STRUCTURE_SPRITE,MODULAR_PART_OK,Large object; use carefully.,keep in production palette
