asset_id,path,filename,catalog_category,catalog_subcategory,width,height,alpha_bbox_width,alpha_bbox_height,transparent_pixel_percentage,candidate_pools,file_exists,reason_included
pvg_clutter_small_acunit1_1_e75301db,res://assets/tilesets/cyber_city_core_tilesets/CyberCity_Core_Tiles_1/CyberCity_Core_Tiles_1/ACUnit1_1.png,ACUnit1_1.png,CLUTTER_SMALL,industrial_prop,62,31,57,29,15.14,"[""C_LARGE_OBJECT_PAINT""]",True,C_LARGE_OBJECT_PAINT
pvg_clutter_small_acunit1_2_39f08404,res://assets/tilesets/cyber_city_core_tilesets/CyberCity_Core_Tiles_1/CyberCity_Core_Tiles_1/ACUnit1_2.png,ACUnit1_2.png,CLUTTER_SMALL,industrial_prop,21,61,16,58,33.18,"[""C_LARGE_OBJECT_PAINT""]",True,C_LARGE_OBJECT_PAINT
pvg_clutter_small_acunit1_3_0645ab4f,res://assets/tilesets/cyber_city_core_tilesets/CyberCity_Core_Tiles_1/CyberCity_Core_Tiles_1/ACUnit1_3.png,ACUnit1_3.png,CLUTTER_SMALL,industrial_prop,60,35,58,31,21.48,"[""C_LARGE_OBJECT_PAINT""]",True,C_LARGE_OBJECT_PAINT
pvg_clutter_small_acunit1_4_18a5aa02,res://assets/tilesets/cyber_city_core_tilesets/CyberCity_Core_Tiles_1/CyberCity_Core_Tiles_1/ACUnit1_4.png,ACUnit1_4.png,CLUTTER_SMALL,industrial_prop,23,60,16,58,37.97,"[""C_LARGE_OBJECT_PAINT""]",True,C_LARGE_OBJECT_PAINT
pvg_clutter_small_acunit1_5_5b40ded8,res://assets/tilesets/cyber_city_core_tilesets/CyberCity_Core_Tiles_1/CyberCity_Core_Tiles_1/ACUnit1_5.png,ACUnit1_5.png,CLUTTER_SMALL,industrial_prop,52,54,49,53,47.65,"[""C_LARGE_OBJECT_PAINT""]",True,C_LARGE_OBJECT_PAINT
pvg_clutter_small_acunit1_6_bbe94fde,res://assets/tilesets/cyber_city_core_tilesets/CyberCity_Core_Tiles_1/CyberCity_Core_Tiles_1/ACUnit1_6.png,ACUnit1_6.png,CLUTTER_SMALL,industrial_prop,53,54,49,53,48.6,"[""C_LARGE_OBJECT_PAINT""]",True,C_LARGE_OBJECT_PAINT
pvg_clutter_small_acunit1_7_46d6d3cd,res://assets/tilesets/cyber_city_core_tilesets/CyberCity_Core_Tiles_1/CyberCity_Core_Tiles_1/ACUnit1_7.png,ACUnit1_7.png,CLUTTER_SMALL,industrial_prop,55,54,49,53,50.03,"[""C_LARGE_OBJECT_PAINT""]",True,C_LARGE_OBJECT_PAINT
pvg_clutter_small_acunit1_8_fa46b760,res://assets/tilesets/cyber_city_core_tilesets/CyberCity_Core_Tiles_1/CyberCity_Core_Tiles_1/ACUnit1_8.png,ACUnit1_8.png,CLUTTER_SMALL,industrial_prop,51,54,49,52,46.22,"[""C_LARGE_OBJECT_PAINT""]",True,C_LARGE_OBJECT_PAINT
pvg_clutter_small_acunit2_1_3b63b981,res://assets/tilesets/cyber_city_core_tilesets/CyberCity_Core_Tiles_1/CyberCity_Core_Tiles_1/ACUnit2_1.png,ACUnit2_1.png,CLUTTER_SMALL,industrial_prop,65,47,64,44,18.23,"[""C_LARGE_OBJECT_PAINT""]",True,C_LARGE_OBJECT_PAINT
pvg_clutter_small_acunit2_2_95470662,res://assets/tilesets/cyber_city_core_tilesets/CyberCity_Core_Tiles_1/CyberCity_Core_Tiles_1/ACUnit2_2.png,ACUnit2_2.png,CLUTTER_SMALL,industrial_prop,27,80,21,78,32.18,"[""C_LARGE_OBJECT_PAINT""]",True,C_LARGE_OBJECT_PAINT
pvg_clutter_small_acunit2_3_243bc8c3,res://assets/tilesets/cyber_city_core_tilesets/CyberCity_Core_Tiles_1/CyberCity_Core_Tiles_1/ACUnit2_3.png,ACUnit2_3.png,CLUTTER_SMALL,industrial_prop,65,55,64,53,25.62,"[""C_LARGE_OBJECT_PAINT""]",True,C_LARGE_OBJECT_PAINT
pvg_clutter_small_acunit2_4_de265656,res://assets/tilesets/cyber_city_core_tilesets/CyberCity_Core_Tiles_1/CyberCity_Core_Tiles_1/ACUnit2_4.png,ACUnit2_4.png,CLUTTER_SMALL,industrial_prop,24,80,21,79,23.7,"[""C_LARGE_OBJECT_PAINT""]",True,C_LARGE_OBJECT_PAINT
pvg_clutter_small_acunit2_5_d7f65b5d,res://assets/tilesets/cyber_city_core_tilesets/CyberCity_Core_Tiles_1/CyberCity_Core_Tiles_1/ACUnit2_5.png,ACUnit2_5.png,CLUTTER_SMALL,industrial_prop,62,69,57,68,43.76,"[""C_LARGE_OBJECT_PAINT""]",True,C_LARGE_OBJECT_PAINT
pvg_clutter_small_acunit2_6_f83742e5,res://assets/tilesets/cyber_city_core_tilesets/CyberCity_Core_Tiles_1/CyberCity_Core_Tiles_1/ACUnit2_6.png,ACUnit2_6.png,CLUTTER_SMALL,industrial_prop,63,69,58,68,44.54,"[""C_LARGE_OBJECT_PAINT""]",True,C_LARGE_OBJECT_PAINT
pvg_clutter_small_acunit2_7_351e5a47,res://assets/tilesets/cyber_city_core_tilesets/CyberCity_Core_Tiles_1/CyberCity_Core_Tiles_1/ACUnit2_7.png,ACUnit2_7.png,CLUTTER_SMALL,industrial_prop,61,78,57,76,46.15,"[""C_LARGE_OBJECT_PAINT""]",True,C_LARGE_OBJECT_PAINT
pvg_clutter_small_acunit2_8_eb3c3817,res://assets/tilesets/cyber_city_core_tilesets/CyberCity_Core_Tiles_1/CyberCity_Core_Tiles_1/ACUnit2_8.png,ACUnit2_8.png,CLUTTER_SMALL,industrial_prop,62,78,58,76,47.11,"[""C_LARGE_OBJECT_PAINT""]",True,C_LARGE_OBJECT_PAINT
pvg_clutter_small_acunit3_1_fb0e0dc3,res://assets/tilesets/cyber_city_core_tilesets/CyberCity_Core_Tiles_1/CyberCity_Core_Tiles_1/ACUnit3_1.png,ACUnit3_1.png,CLUTTER_SMALL,industrial_prop,65,47,64,44,18.23,"[""C_LARGE_OBJECT_PAINT""]",True,C_LARGE_OBJECT_PAINT
pvg_clutter_small_acunit3_2_ada12dec,res://assets/tilesets/cyber_city_core_tilesets/CyberCity_Core_Tiles_1/CyberCity_Core_Tiles_1/ACUnit3_2.png,ACUnit3_2.png,CLUTTER_SMALL,industrial_prop,27,80,21,78,32.18,"[""C_LARGE_OBJECT_PAINT""]",True,C_LARGE_OBJECT_PAINT
pvg_clutter_small_acunit3_3_cc5012a7,res://assets/tilesets/cyber_city_core_tilesets/CyberCity_Core_Tiles_1/CyberCity_Core_Tiles_1/ACUnit3_3.png,ACUnit3_3.png,CLUTTER_SMALL,industrial_prop,65,55,64,53,25.62,"[""C_LARGE_OBJECT_PAINT""]",True,C_LARGE_OBJECT_PAINT
pvg_clutter_small_acunit3_4_5013e2c9,res://assets/tilesets/cyber_city_core_tilesets/CyberCity_Core_Tiles_1/CyberCity_Core_Tiles_1/ACUnit3_4.png,ACUnit3_4.png,CLUTTER_SMALL,industrial_prop,24,80,21,79,23.7,"[""C_LARGE_OBJECT_PAINT""]",True,C_LARGE_OBJECT_PAINT
pvg_clutter_small_acunit3_5_bc78d14b,res://assets/tilesets/cyber_city_core_tilesets/CyberCity_Core_Tiles_1/CyberCity_Core_Tiles_1/ACUnit3_5.png,ACUnit3_5.png,CLUTTER_SMALL,industrial_prop,62,69,57,68,43.76,"[""C_LARGE_OBJECT_PAINT""]",True,C_LARGE_OBJECT_PAINT
pvg_clutter_small_acunit3_6_de679415,res://assets/tilesets/cyber_city_core_tilesets/CyberCity_Core_Tiles_1/CyberCity_Core_Tiles_1/ACUnit3_6.png,ACUnit3_6.png,CLUTTER_SMALL,industrial_prop,63,69,58,68,44.54,"[""C_LARGE_OBJECT_PAINT""]",True,C_LARGE_OBJECT_PAINT
pvg_clutter_small_acunit3_7_acca880d,res://assets/tilesets/cyber_city_core_tilesets/CyberCity_Core_Tiles_1/CyberCity_Core_Tiles_1/ACUnit3_7.png,ACUnit3_7.png,CLUTTER_SMALL,industrial_prop,61,78,57,76,46.15,"[""C_LARGE_OBJECT_PAINT""]",True,C_LARGE_OBJECT_PAINT
pvg_clutter_small_acunit3_8_760223d1,res://assets/tilesets/cyber_city_core_tilesets/CyberCity_Core_Tiles_1/CyberCity_Core_Tiles_1/ACUnit3_8.png,ACUnit3_8.png,CLUTTER_SMALL,industrial_prop,62,78,58,76,47.11,"[""C_LARGE_OBJECT_PAINT""]",True,C_LARGE_OBJECT_PAINT
pvg_clutter_small_acunit4_1_6b029e69,res://assets/tilesets/cyber_city_core_tilesets/CyberCity_Core_Tiles_1/CyberCity_Core_Tiles_1/ACUnit4_1.png,ACUnit4_1.png,CLUTTER_SMALL,industrial_prop,43,47,40,44,25.14,"[""C_LARGE_OBJECT_PAINT""]",True,C_LARGE_OBJECT_PAINT
pvg_clutter_small_acunit4_2_4e51558d,res://assets/tilesets/cyber_city_core_tilesets/CyberCity_Core_Tiles_1/CyberCity_Core_Tiles_1/ACUnit4_2.png,ACUnit4_2.png,CLUTTER_SMALL,industrial_prop,24,65,21,62,27.82,"[""C_LARGE_OBJECT_PAINT""]",True,C_LARGE_OBJECT_PAINT
pvg_clutter_small_acunit4_3_7973511f,res://assets/tilesets/cyber_city_core_tilesets/CyberCity_Core_Tiles_1/CyberCity_Core_Tiles_1/ACUnit4_3.png,ACUnit4_3.png,CLUTTER_SMALL,industrial_prop,43,56,40,53,33.26,"[""C_LARGE_OBJECT_PAINT""]",True,C_LARGE_OBJECT_PAINT
pvg_clutter_small_acunit4_4_91f90489,res://assets/tilesets/cyber_city_core_tilesets/CyberCity_Core_Tiles_1/CyberCity_Core_Tiles_1/ACUnit4_4.png,ACUnit4_4.png,CLUTTER_SMALL,industrial_prop,24,65,21,62,27.76,"[""C_LARGE_OBJECT_PAINT""]",True,C_LARGE_OBJECT_PAINT
pvg_clutter_small_acunit4_5_5a29c1cb,res://assets/tilesets/cyber_city_core_tilesets/CyberCity_Core_Tiles_1/CyberCity_Core_Tiles_1/ACUnit4_5.png,ACUnit4_5.png,CLUTTER_SMALL,industrial_prop,44,58,40,56,36.72,"[""C_LARGE_OBJECT_PAINT""]",True,C_LARGE_OBJECT_PAINT
pvg_clutter_small_acunit4_6_75fa71de,res://assets/tilesets/cyber_city_core_tilesets/CyberCity_Core_Tiles_1/CyberCity_Core_Tiles_1/ACUnit4_6.png,ACUnit4_6.png,CLUTTER_SMALL,industrial_prop,43,57,40,56,35.05,"[""C_LARGE_OBJECT_PAINT""]",True,C_LARGE_OBJECT_PAINT
pvg_clutter_small_acunit4_7_bc9a086c,res://assets/tilesets/cyber_city_core_tilesets/CyberCity_Core_Tiles_1/CyberCity_Core_Tiles_1/ACUnit4_7.png,ACUnit4_7.png,CLUTTER_SMALL,industrial_prop,43,66,40,64,40.8,"[""C_LARGE_OBJECT_PAINT""]",True,C_LARGE_OBJECT_PAINT
pvg_clutter_small_acunit4_8_1409f2e2,res://assets/tilesets/cyber_city_core_tilesets/CyberCity_Core_Tiles_1/CyberCity_Core_Tiles_1/ACUnit4_8.png,ACUnit4_8.png,CLUTTER_SMALL,industrial_prop,43,66,40,64,39.82,"[""C_LARGE_OBJECT_PAINT""]",True,C_LARGE_OBJECT_PAINT
pvg_neon_sign_adboard1_1_9dbc4910,res://assets/tilesets/cyber_city_core_tilesets/CyberCity_Core_Tiles_1/CyberCity_Core_Tiles_1/AdBoard1_1.png,AdBoard1_1.png,NEON_SIGN,sign_billboard,40,81,34,76,22.28,"[""C_LARGE_OBJECT_PAINT""]",True,C_LARGE_OBJECT_PAINT
pvg_neon_sign_adboard1_2_5958554d,res://assets/tilesets/cyber_city_core_tilesets/CyberCity_Core_Tiles_1/CyberCity_Core_Tiles_1/AdBoard1_2.png,AdBoard1_2.png,NEON_SIGN,sign_billboard,10,98,7,96,38.88,"[""C_LARGE_OBJECT_PAINT""]",True,C_LARGE_OBJECT_PAINT
pvg_neon_sign_adboard1_3_e2212d1d,res://assets/tilesets/cyber_city_core_tilesets/CyberCity_Core_Tiles_1/CyberCity_Core_Tiles_1/AdBoard1_3.png,AdBoard1_3.png,NEON_SIGN,sign_billboard,44,83,34,78,28.56,"[""C_LARGE_OBJECT_PAINT""]",True,C_LARGE_OBJECT_PAINT
pvg_neon_sign_adboard1_4_d09bd337,res://assets/tilesets/cyber_city_core_tilesets/CyberCity_Core_Tiles_1/CyberCity_Core_Tiles_1/AdBoard1_4.png,AdBoard1_4.png,NEON_SIGN,sign_billboard,12,98,8,97,44.64,"[""C_LARGE_OBJECT_PAINT""]",True,C_LARGE_OBJECT_PAINT
pvg_neon_sign_adboard1_5_30d5b9a0,res://assets/tilesets/cyber_city_core_tilesets/CyberCity_Core_Tiles_1/CyberCity_Core_Tiles_1/AdBoard1_5.png,AdBoard1_5.png,NEON_SIGN,sign_billboard,30,92,27,90,30.4,"[""C_LARGE_OBJECT_PAINT""]",True,C_LARGE_OBJECT_PAINT
pvg_neon_sign_adboard1_6_4d89ba17,res://assets/tilesets/cyber_city_core_tilesets/CyberCity_Core_Tiles_1/CyberCity_Core_Tiles_1/AdBoard1_6.png,AdBoard1_6.png,NEON_SIGN,sign_billboard,31,91,26,91,31.87,"[""C_LARGE_OBJECT_PAINT""]",True,C_LARGE_OBJECT_PAINT
pvg_neon_sign_adboard1_7_30b89819,res://assets/tilesets/cyber_city_core_tilesets/CyberCity_Core_Tiles_1/CyberCity_Core_Tiles_1/AdBoard1_7.png,AdBoard1_7.png,NEON_SIGN,sign_billboard,33,91,26,91,35.2,"[""C_LARGE_OBJECT_PAINT""]",True,C_LARGE_OBJECT_PAINT
pvg_neon_sign_adboard1_8_c30e45db,res://assets/tilesets/cyber_city_core_tilesets/CyberCity_Core_Tiles_1/CyberCity_Core_Tiles_1/AdBoard1_8.png,AdBoard1_8.png,NEON_SIGN,sign_billboard,33,92,27,90,34.62,"[""C_LARGE_OBJECT_PAINT""]",True,C_LARGE_OBJECT_PAINT
pvg_neon_sign_adboard2_1_272cfd25,res://assets/tilesets/cyber_city_core_tilesets/CyberCity_Core_Tiles_1/CyberCity_Core_Tiles_1/AdBoard2_1.png,AdBoard2_1.png,NEON_SIGN,sign_billboard,37,81,34,76,16.82,"[""C_LARGE_OBJECT_PAINT""]",True,C_LARGE_OBJECT_PAINT
pvg_neon_sign_adboard2_2_bff94cf7,res://assets/tilesets/cyber_city_core_tilesets/CyberCity_Core_Tiles_1/CyberCity_Core_Tiles_1/AdBoard2_2.png,AdBoard2_2.png,NEON_SIGN,sign_billboard,10,98,8,97,38.06,"[""C_LARGE_OBJECT_PAINT""]",True,C_LARGE_OBJECT_PAINT
pvg_neon_sign_adboard2_3_5658c0b4,res://assets/tilesets/cyber_city_core_tilesets/CyberCity_Core_Tiles_1/CyberCity_Core_Tiles_1/AdBoard2_3.png,AdBoard2_3.png,NEON_SIGN,sign_billboard,44,80,34,78,26.93,"[""C_LARGE_OBJECT_PAINT""]",True,C_LARGE_OBJECT_PAINT
pvg_neon_sign_adboard2_4_bfb88262,res://assets/tilesets/cyber_city_core_tilesets/CyberCity_Core_Tiles_1/CyberCity_Core_Tiles_1/AdBoard2_4.png,AdBoard2_4.png,NEON_SIGN,sign_billboard,17,98,8,96,62.73,"[""C_LARGE_OBJECT_PAINT""]",True,C_LARGE_OBJECT_PAINT
pvg_neon_sign_adboard2_5_9d7c1a4b,res://assets/tilesets/cyber_city_core_tilesets/CyberCity_Core_Tiles_1/CyberCity_Core_Tiles_1/AdBoard2_5.png,AdBoard2_5.png,NEON_SIGN,sign_billboard,30,92,26,91,30.33,"[""C_LARGE_OBJECT_PAINT""]",True,C_LARGE_OBJECT_PAINT
pvg_neon_sign_adboard2_6_9121bfe6,res://assets/tilesets/cyber_city_core_tilesets/CyberCity_Core_Tiles_1/CyberCity_Core_Tiles_1/AdBoard2_6.png,AdBoard2_6.png,NEON_SIGN,sign_billboard,34,92,26,91,38.55,"[""C_LARGE_OBJECT_PAINT""]",True,C_LARGE_OBJECT_PAINT
pvg_neon_sign_adboard2_7_dfc15558,res://assets/tilesets/cyber_city_core_tilesets/CyberCity_Core_Tiles_1/CyberCity_Core_Tiles_1/AdBoard2_7.png,AdBoard2_7.png,NEON_SIGN,sign_billboard,30,92,26,91,28.19,"[""C_LARGE_OBJECT_PAINT""]",True,C_LARGE_OBJECT_PAINT
pvg_neon_sign_adboard2_8_472eabae,res://assets/tilesets/cyber_city_core_tilesets/CyberCity_Core_Tiles_1/CyberCity_Core_Tiles_1/AdBoard2_8.png,AdBoard2_8.png,NEON_SIGN,sign_billboard,33,92,26,91,34.62,"[""C_LARGE_OBJECT_PAINT""]",True,C_LARGE_OBJECT_PAINT
pvg_unknown_review_bandstage1_1_f4346cce,res://assets/tilesets/cyber_city_core_tilesets/CyberCity_Core_Tiles_1/CyberCity_Core_Tiles_1/BandStage1_1.png,BandStage1_1.png,UNKNOWN_REVIEW,review,370,373,367,368,44.43,"[""C_LARGE_OBJECT_PAINT""]",True,C_LARGE_OBJECT_PAINT
pvg_unknown_review_bandstage1_2_f61494b4,res://assets/tilesets/cyber_city_core_tilesets/CyberCity_Core_Tiles_1/CyberCity_Core_Tiles_1/BandStage1_2.png,BandStage1_2.png,UNKNOWN_REVIEW,review,324,377,320,376,46.91,"[""C_LARGE_OBJECT_PAINT""]",True,C_LARGE_OBJECT_PAINT
pvg_unknown_review_bandstage1_3_f7982220,res://assets/tilesets/cyber_city_core_tilesets/CyberCity_Core_Tiles_1/CyberCity_Core_Tiles_1/BandStage1_3.png,BandStage1_3.png,UNKNOWN_REVIEW,review,384,270,381,262,28.72,"[""C_LARGE_OBJECT_PAINT""]",True,C_LARGE_OBJECT_PAINT
pvg_unknown_review_bandstage1_4_223fcbbb,res://assets/tilesets/cyber_city_core_tilesets/CyberCity_Core_Tiles_1/CyberCity_Core_Tiles_1/BandStage1_4.png,BandStage1_4.png,UNKNOWN_REVIEW,review,346,384,345,381,48.36,"[""C_LARGE_OBJECT_PAINT""]",True,C_LARGE_OBJECT_PAINT
pvg_unknown_review_bandstage1_5_0d48c50d,res://assets/tilesets/cyber_city_core_tilesets/CyberCity_Core_Tiles_1/CyberCity_Core_Tiles_1/BandStage1_5.png,BandStage1_5.png,UNKNOWN_REVIEW,review,372,418,369,416,52.42,"[""C_LARGE_OBJECT_PAINT""]",True,C_LARGE_OBJECT_PAINT
pvg_unknown_review_bandstage1_6_7f8cbff8,res://assets/tilesets/cyber_city_core_tilesets/CyberCity_Core_Tiles_1/CyberCity_Core_Tiles_1/BandStage1_6.png,BandStage1_6.png,UNKNOWN_REVIEW,review,429,361,428,358,52.02,"[""C_LARGE_OBJECT_PAINT""]",True,C_LARGE_OBJECT_PAINT
pvg_unknown_review_bandstage1_7_820725b9,res://assets/tilesets/cyber_city_core_tilesets/CyberCity_Core_Tiles_1/CyberCity_Core_Tiles_1/BandStage1_7.png,BandStage1_7.png,UNKNOWN_REVIEW,review,434,364,429,362,54.02,"[""C_LARGE_OBJECT_PAINT""]",True,C_LARGE_OBJECT_PAINT
pvg_unknown_review_bandstage1_8_d4233d70,res://assets/tilesets/cyber_city_core_tilesets/CyberCity_Core_Tiles_1/CyberCity_Core_Tiles_1/BandStage1_8.png,BandStage1_8.png,UNKNOWN_REVIEW,review,382,391,379,383,52.11,"[""C_LARGE_OBJECT_PAINT""]",True,C_LARGE_OBJECT_PAINT
pvg_unknown_review_bandstage2_1_d1cd2e8a,res://assets/tilesets/cyber_city_core_tilesets/CyberCity_Core_Tiles_1/CyberCity_Core_Tiles_1/BandStage2_1.png,BandStage2_1.png,UNKNOWN_REVIEW,review,425,489,422,480,71.05,"[""C_LARGE_OBJECT_PAINT""]",True,C_LARGE_OBJECT_PAINT
pvg_tileset_atlas_bandstage2_2_31c1237b,res://assets/tilesets/cyber_city_core_tilesets/CyberCity_Core_Tiles_1/CyberCity_Core_Tiles_1/BandStage2_2.png,BandStage2_2.png,TILESET_ATLAS,atlas_or_large_sheet,297,518,290,513,69.11,"[""A_PRIMARY_ATLAS"", ""C_LARGE_OBJECT_PAINT""]",True,"A_PRIMARY_ATLAS, C_LARGE_OBJECT_PAINT"
pvg_unknown_review_bandstage2_3_9dcb09fe,res://assets/tilesets/cyber_city_core_tilesets/CyberCity_Core_Tiles_1/CyberCity_Core_Tiles_1/BandStage2_3.png,BandStage2_3.png,UNKNOWN_REVIEW,review,438,362,433,354,63.5,"[""C_LARGE_OBJECT_PAINT""]",True,C_LARGE_OBJECT_PAINT
pvg_unknown_review_bandstage2_4_3c2a3d35,res://assets/tilesets/cyber_city_core_tilesets/CyberCity_Core_Tiles_1/CyberCity_Core_Tiles_1/BandStage2_4.png,BandStage2_4.png,UNKNOWN_REVIEW,review,337,452,332,449,65.43,"[""C_LARGE_OBJECT_PAINT""]",True,C_LARGE_OBJECT_PAINT
pvg_tileset_atlas_bandstage2_5_c2056e9d,res://assets/tilesets/cyber_city_core_tilesets/CyberCity_Core_Tiles_1/CyberCity_Core_Tiles_1/BandStage2_5.png,BandStage2_5.png,TILESET_ATLAS,atlas_or_large_sheet,474,523,470,518,79.04,"[""A_PRIMARY_ATLAS"", ""C_LARGE_OBJECT_PAINT""]",True,"A_PRIMARY_ATLAS, C_LARGE_OBJECT_PAINT"
pvg_unknown_review_bandstage2_6_19037941,res://assets/tilesets/cyber_city_core_tilesets/CyberCity_Core_Tiles_1/CyberCity_Core_Tiles_1/BandStage2_6.png,BandStage2_6.png,UNKNOWN_REVIEW,review,402,509,396,504,70.17,"[""C_LARGE_OBJECT_PAINT""]",True,C_LARGE_OBJECT_PAINT
pvg_unknown_review_bandstage2_7_a19a775e,res://assets/tilesets/cyber_city_core_tilesets/CyberCity_Core_Tiles_1/CyberCity_Core_Tiles_1/BandStage2_7.png,BandStage2_7.png,UNKNOWN_REVIEW,review,384,485,378,481,68.89,"[""C_LARGE_OBJECT_PAINT""]",True,C_LARGE_OBJECT_PAINT
pvg_unknown_review_bandstage2_8_6f033a95,res://assets/tilesets/cyber_city_core_tilesets/CyberCity_Core_Tiles_1/CyberCity_Core_Tiles_1/BandStage2_8.png,BandStage2_8.png,UNKNOWN_REVIEW,review,465,400,461,398,72.99,"[""C_LARGE_OBJECT_PAINT""]",True,C_LARGE_OBJECT_PAINT
pvg_unknown_review_bandstage3_1_2c5f16aa,res://assets/tilesets/cyber_city_core_tilesets/CyberCity_Core_Tiles_1/CyberCity_Core_Tiles_1/BandStage3_1.png,BandStage3_1.png,UNKNOWN_REVIEW,review,162,147,160,142,48.85,"[""C_LARGE_OBJECT_PAINT""]",True,C_LARGE_OBJECT_PAINT
pvg_unknown_review_bandstage3_2_c69469dd,res://assets/tilesets/cyber_city_core_tilesets/CyberCity_Core_Tiles_1/CyberCity_Core_Tiles_1/BandStage3_2.png,BandStage3_2.png,UNKNOWN_REVIEW,review,111,142,106,141,40.48,"[""C_LARGE_OBJECT_PAINT""]",True,C_LARGE_OBJECT_PAINT
pvg_unknown_review_bandstage3_3_04653814,res://assets/tilesets/cyber_city_core_tilesets/CyberCity_Core_Tiles_1/CyberCity_Core_Tiles_1/BandStage3_3.png,BandStage3_3.png,UNKNOWN_REVIEW,review,155,88,151,87,36.06,"[""C_LARGE_OBJECT_PAINT""]",True,C_LARGE_OBJECT_PAINT
pvg_unknown_review_bandstage3_4_c22949c1,res://assets/tilesets/cyber_city_core_tilesets/CyberCity_Core_Tiles_1/CyberCity_Core_Tiles_1/BandStage3_4.png,BandStage3_4.png,UNKNOWN_REVIEW,review,127,158,126,154,48.53,"[""C_LARGE_OBJECT_PAINT""]",True,C_LARGE_OBJECT_PAINT
pvg_unknown_review_bandstage3_5_3c28badd,res://assets/tilesets/cyber_city_core_tilesets/CyberCity_Core_Tiles_1/CyberCity_Core_Tiles_1/BandStage3_5.png,BandStage3_5.png,UNKNOWN_REVIEW,review,170,137,168,135,49.38,"[""C_LARGE_OBJECT_PAINT""]",True,C_LARGE_OBJECT_PAINT
pvg_unknown_review_bandstage3_6_9dbfc436,res://assets/tilesets/cyber_city_core_tilesets/CyberCity_Core_Tiles_1/CyberCity_Core_Tiles_1/BandStage3_6.png,BandStage3_6.png,UNKNOWN_REVIEW,review,153,172,150,170,55.08,"[""C_LARGE_OBJECT_PAINT""]",True,C_LARGE_OBJECT_PAINT
pvg_unknown_review_bandstage3_7_02133697,res://assets/tilesets/cyber_city_core_tilesets/CyberCity_Core_Tiles_1/CyberCity_Core_Tiles_1/BandStage3_7.png,BandStage3_7.png,UNKNOWN_REVIEW,review,148,122,147,120,51.59,"[""C_LARGE_OBJECT_PAINT""]",True,C_LARGE_OBJECT_PAINT
pvg_unknown_review_bandstage3_8_f0d8a4de,res://assets/tilesets/cyber_city_core_tilesets/CyberCity_Core_Tiles_1/CyberCity_Core_Tiles_1/BandStage3_8.png,BandStage3_8.png,UNKNOWN_REVIEW,review,169,132,167,132,56.54,"[""C_LARGE_OBJECT_PAINT""]",True,C_LARGE_OBJECT_PAINT
pvg_unknown_review_bandvan1_1_923b552b,res://assets/tilesets/cyber_city_core_tilesets/CyberCity_Core_Tiles_1/CyberCity_Core_Tiles_1/BandVan1_1.png,BandVan1_1.png,UNKNOWN_REVIEW,review,510,402,508,393,49.31,"[""C_LARGE_OBJECT_PAINT""]",True,C_LARGE_OBJECT_PAINT
pvg_unknown_review_bandvan1_2_56bea70f,res://assets/tilesets/cyber_city_core_tilesets/CyberCity_Core_Tiles_1/CyberCity_Core_Tiles_1/BandVan1_2.png,BandVan1_2.png,UNKNOWN_REVIEW,review,292,450,277,447,45.36,"[""C_LARGE_OBJECT_PAINT""]",True,C_LARGE_OBJECT_PAINT
pvg_tileset_atlas_bandvan1_3_c426fae4,res://assets/tilesets/cyber_city_core_tilesets/CyberCity_Core_Tiles_1/CyberCity_Core_Tiles_1/BandVan1_3.png,BandVan1_3.png,TILESET_ATLAS,atlas_or_large_sheet,535,347,528,332,45.64,"[""A_PRIMARY_ATLAS"", ""C_LARGE_OBJECT_PAINT""]",True,"A_PRIMARY_ATLAS, C_LARGE_OBJECT_PAINT"
pvg_tileset_atlas_bandvan1_4_a8e50733,res://assets/tilesets/cyber_city_core_tilesets/CyberCity_Core_Tiles_1/CyberCity_Core_Tiles_1/BandVan1_4.png,BandVan1_4.png,TILESET_ATLAS,atlas_or_large_sheet,296,555,290,548,46.99,"[""A_PRIMARY_ATLAS"", ""C_LARGE_OBJECT_PAINT""]",True,"A_PRIMARY_ATLAS, C_LARGE_OBJECT_PAINT"
pvg_unknown_review_bandvan1_5_887e8e88,res://assets/tilesets/cyber_city_core_tilesets/CyberCity_Core_Tiles_1/CyberCity_Core_Tiles_1/BandVan1_5.png,BandVan1_5.png,UNKNOWN_REVIEW,review,428,471,414,466,54.68,"[""C_LARGE_OBJECT_PAINT""]",True,C_LARGE_OBJECT_PAINT
pvg_tileset_atlas_bandvan1_6_12ddcfff,res://assets/tilesets/cyber_city_core_tilesets/CyberCity_Core_Tiles_1/CyberCity_Core_Tiles_1/BandVan1_6.png,BandVan1_6.png,TILESET_ATLAS,atlas_or_large_sheet,479,517,470,504,58.95,"[""A_PRIMARY_ATLAS"", ""C_LARGE_OBJECT_PAINT""]",True,"A_PRIMARY_ATLAS, C_LARGE_OBJECT_PAINT"
pvg_unknown_review_bandvan1_7_12e8c75a,res://assets/tilesets/cyber_city_core_tilesets/CyberCity_Core_Tiles_1/CyberCity_Core_Tiles_1/BandVan1_7.png,BandVan1_7.png,UNKNOWN_REVIEW,review,493,412,489,409,55.22,"[""C_LARGE_OBJECT_PAINT""]",True,C_LARGE_OBJECT_PAINT
pvg_unknown_review_bandvan1_8_6bf0267e,res://assets/tilesets/cyber_city_core_tilesets/CyberCity_Core_Tiles_1/CyberCity_Core_Tiles_1/BandVan1_8.png,BandVan1_8.png,UNKNOWN_REVIEW,review,447,469,444,467,55.6,"[""C_LARGE_OBJECT_PAINT""]",True,C_LARGE_OBJECT_PAINT
pvg_clutter_small_barrier1_2_b6c482c2,res://assets/tilesets/cyber_city_core_tilesets/CyberCity_Core_Tiles_1/CyberCity_Core_Tiles_1/Barrier1_2.png,Barrier1_2.png,CLUTTER_SMALL,industrial_prop,130,60,127,56,33.05,"[""C_LARGE_OBJECT_PAINT""]",True,C_LARGE_OBJECT_PAINT
pvg_clutter_small_barrier1_4_51a0d6db,res://assets/tilesets/cyber_city_core_tilesets/CyberCity_Core_Tiles_1/CyberCity_Core_Tiles_1/Barrier1_4.png,Barrier1_4.png,CLUTTER_SMALL,industrial_prop,126,59,124,56,30.13,"[""C_LARGE_OBJECT_PAINT""]",True,C_LARGE_OBJECT_PAINT
pvg_clutter_small_barrier1_5_b04c0b87,res://assets/tilesets/cyber_city_core_tilesets/CyberCity_Core_Tiles_1/CyberCity_Core_Tiles_1/Barrier1_5.png,Barrier1_5.png,CLUTTER_SMALL,industrial_prop,94,97,92,95,52.2,"[""C_LARGE_OBJECT_PAINT""]",True,C_LARGE_OBJECT_PAINT
pvg_clutter_small_barrier1_6_c36be614,res://assets/tilesets/cyber_city_core_tilesets/CyberCity_Core_Tiles_1/CyberCity_Core_Tiles_1/Barrier1_6.png,Barrier1_6.png,CLUTTER_SMALL,industrial_prop,100,99,99,92,55.52,"[""C_LARGE_OBJECT_PAINT""]",True,C_LARGE_OBJECT_PAINT
pvg_clutter_small_barrier1_7_7735355a,res://assets/tilesets/cyber_city_core_tilesets/CyberCity_Core_Tiles_1/CyberCity_Core_Tiles_1/Barrier1_7.png,Barrier1_7.png,CLUTTER_SMALL,industrial_prop,97,97,97,95,53.27,"[""C_LARGE_OBJECT_PAINT""]",True,C_LARGE_OBJECT_PAINT
pvg_clutter_small_barrier1_8_036dfb50,res://assets/tilesets/cyber_city_core_tilesets/CyberCity_Core_Tiles_1/CyberCity_Core_Tiles_1/Barrier1_8.png,Barrier1_8.png,CLUTTER_SMALL,industrial_prop,92,97,90,93,51.32,"[""C_LARGE_OBJECT_PAINT""]",True,C_LARGE_OBJECT_PAINT
pvg_clutter_small_barrier2_1_eba7eaa1,res://assets/tilesets/cyber_city_core_tilesets/CyberCity_Core_Tiles_1/CyberCity_Core_Tiles_1/Barrier2_1.png,Barrier2_1.png,CLUTTER_SMALL,industrial_prop,119,63,117,60,48.1,"[""C_LARGE_OBJECT_PAINT""]",True,C_LARGE_OBJECT_PAINT
pvg_clutter_small_barrier2_3_8e9c222d,res://assets/tilesets/cyber_city_core_tilesets/CyberCity_Core_Tiles_1/CyberCity_Core_Tiles_1/Barrier2_3.png,Barrier2_3.png,CLUTTER_SMALL,industrial_prop,123,63,117,59,50.75,"[""C_LARGE_OBJECT_PAINT""]",True,C_LARGE_OBJECT_PAINT
pvg_clutter_small_barrier2_4_708c34d6,res://assets/tilesets/cyber_city_core_tilesets/CyberCity_Core_Tiles_1/CyberCity_Core_Tiles_1/Barrier2_4.png,Barrier2_4.png,CLUTTER_SMALL,industrial_prop,35,110,30,108,55.45,"[""C_LARGE_OBJECT_PAINT""]",True,C_LARGE_OBJECT_PAINT
pvg_clutter_small_barrier2_5_180b4d3b,res://assets/tilesets/cyber_city_core_tilesets/CyberCity_Core_Tiles_1/CyberCity_Core_Tiles_1/Barrier2_5.png,Barrier2_5.png,CLUTTER_SMALL,industrial_prop,89,93,88,92,64.04,"[""C_LARGE_OBJECT_PAINT""]",True,C_LARGE_OBJECT_PAINT
pvg_clutter_small_barrier2_6_ae605b36,res://assets/tilesets/cyber_city_core_tilesets/CyberCity_Core_Tiles_1/CyberCity_Core_Tiles_1/Barrier2_6.png,Barrier2_6.png,CLUTTER_SMALL,industrial_prop,89,93,87,92,58.96,"[""C_LARGE_OBJECT_PAINT""]",True,C_LARGE_OBJECT_PAINT
pvg_clutter_small_barrier2_7_c610002e,res://assets/tilesets/cyber_city_core_tilesets/CyberCity_Core_Tiles_1/CyberCity_Core_Tiles_1/Barrier2_7.png,Barrier2_7.png,CLUTTER_SMALL,industrial_prop,89,94,87,91,59.73,"[""C_LARGE_OBJECT_PAINT""]",True,C_LARGE_OBJECT_PAINT
pvg_clutter_small_barrier2_8_a0db8f2c,res://assets/tilesets/cyber_city_core_tilesets/CyberCity_Core_Tiles_1/CyberCity_Core_Tiles_1/Barrier2_8.png,Barrier2_8.png,CLUTTER_SMALL,industrial_prop,90,93,87,91,64.28,"[""C_LARGE_OBJECT_PAINT""]",True,C_LARGE_OBJECT_PAINT
pvg_neon_sign_billboard10_1_35809888,res://assets/tilesets/cyber_city_core_tilesets/CyberCity_Core_Tiles_1/CyberCity_Core_Tiles_1/Billboard10_1.png,Billboard10_1.png,NEON_SIGN,sign_billboard,39,103,29,98,53.85,"[""C_LARGE_OBJECT_PAINT""]",True,C_LARGE_OBJECT_PAINT
pvg_neon_sign_billboard10_2_c5f887e3,res://assets/tilesets/cyber_city_core_tilesets/CyberCity_Core_Tiles_1/CyberCity_Core_Tiles_1/Billboard10_2.png,Billboard10_2.png,NEON_SIGN,sign_billboard,61,106,53,100,70.29,"[""C_LARGE_OBJECT_PAINT""]",True,C_LARGE_OBJECT_PAINT
pvg_neon_sign_billboard10_3_9b0b23fd,res://assets/tilesets/cyber_city_core_tilesets/CyberCity_Core_Tiles_1/CyberCity_Core_Tiles_1/Billboard10_3.png,Billboard10_3.png,NEON_SIGN,sign_billboard,36,87,29,82,48.34,"[""C_LARGE_OBJECT_PAINT""]",True,C_LARGE_OBJECT_PAINT
pvg_neon_sign_billboard10_4_f4103b1f,res://assets/tilesets/cyber_city_core_tilesets/CyberCity_Core_Tiles_1/CyberCity_Core_Tiles_1/Billboard10_4.png,Billboard10_4.png,NEON_SIGN,sign_billboard,63,84,53,80,63.34,"[""C_LARGE_OBJECT_PAINT""]",True,C_LARGE_OBJECT_PAINT
pvg_neon_sign_billboard10_5_7567f09b,res://assets/tilesets/cyber_city_core_tilesets/CyberCity_Core_Tiles_1/CyberCity_Core_Tiles_1/Billboard10_5.png,Billboard10_5.png,NEON_SIGN,sign_billboard,52,106,46,105,58.85,"[""C_LARGE_OBJECT_PAINT""]",True,C_LARGE_OBJECT_PAINT
pvg_neon_sign_billboard10_6_a5fda360,res://assets/tilesets/cyber_city_core_tilesets/CyberCity_Core_Tiles_1/CyberCity_Core_Tiles_1/Billboard10_6.png,Billboard10_6.png,NEON_SIGN,sign_billboard,62,94,57,91,61.05,"[""C_LARGE_OBJECT_PAINT""]",True,C_LARGE_OBJECT_PAINT
pvg_neon_sign_billboard10_7_b7810b8e,res://assets/tilesets/cyber_city_core_tilesets/CyberCity_Core_Tiles_1/CyberCity_Core_Tiles_1/Billboard10_7.png,Billboard10_7.png,NEON_SIGN,sign_billboard,60,95,57,93,61.65,"[""C_LARGE_OBJECT_PAINT""]",True,C_LARGE_OBJECT_PAINT
pvg_neon_sign_billboard10_8_8517dda3,res://assets/tilesets/cyber_city_core_tilesets/CyberCity_Core_Tiles_1/CyberCity_Core_Tiles_1/Billboard10_8.png,Billboard10_8.png,NEON_SIGN,sign_billboard,53,81,46,79,51.06,"[""C_LARGE_OBJECT_PAINT""]",True,C_LARGE_OBJECT_PAINT
pvg_neon_sign_billboard11_1_0b3a9abe,res://assets/tilesets/cyber_city_core_tilesets/CyberCity_Core_Tiles_1/CyberCity_Core_Tiles_1/Billboard11_1.png,Billboard11_1.png,NEON_SIGN,sign_billboard,55,109,50,100,46.34,"[""C_LARGE_OBJECT_PAINT""]",True,C_LARGE_OBJECT_PAINT
pvg_neon_sign_billboard11_2_2172c8dd,res://assets/tilesets/cyber_city_core_tilesets/CyberCity_Core_Tiles_1/CyberCity_Core_Tiles_1/Billboard11_2.png,Billboard11_2.png,NEON_SIGN,sign_billboard,15,132,7,129,67.02,"[""C_LARGE_OBJECT_PAINT""]",True,C_LARGE_OBJECT_PAINT
pvg_neon_sign_billboard11_3_ec5c4720,res://assets/tilesets/cyber_city_core_tilesets/CyberCity_Core_Tiles_1/CyberCity_Core_Tiles_1/Billboard11_3.png,Billboard11_3.png,NEON_SIGN,sign_billboard,58,105,50,99,45.8,"[""C_LARGE_OBJECT_PAINT""]",True,C_LARGE_OBJECT_PAINT
pvg_neon_sign_billboard11_4_0afb431a,res://assets/tilesets/cyber_city_core_tilesets/CyberCity_Core_Tiles_1/CyberCity_Core_Tiles_1/Billboard11_4.png,Billboard11_4.png,NEON_SIGN,sign_billboard,15,130,7,124,67.08,"[""C_LARGE_OBJECT_PAINT""]",True,C_LARGE_OBJECT_PAINT
pvg_neon_sign_billboard11_5_c5f28f1d,res://assets/tilesets/cyber_city_core_tilesets/CyberCity_Core_Tiles_1/CyberCity_Core_Tiles_1/Billboard11_5.png,Billboard11_5.png,NEON_SIGN,sign_billboard,47,122,37,120,54.48,"[""C_LARGE_OBJECT_PAINT""]",True,C_LARGE_OBJECT_PAINT
pvg_neon_sign_billboard11_6_4e9c4ede,res://assets/tilesets/cyber_city_core_tilesets/CyberCity_Core_Tiles_1/CyberCity_Core_Tiles_1/Billboard11_6.png,Billboard11_6.png,NEON_SIGN,sign_billboard,45,116,38,115,50.86,"[""C_LARGE_OBJECT_PAINT""]",True,C_LARGE_OBJECT_PAINT
pvg_neon_sign_billboard11_7_3c584628,res://assets/tilesets/cyber_city_core_tilesets/CyberCity_Core_Tiles_1/CyberCity_Core_Tiles_1/Billboard11_7.png,Billboard11_7.png,NEON_SIGN,sign_billboard,45,121,38,120,52.03,"[""C_LARGE_OBJECT_PAINT""]",True,C_LARGE_OBJECT_PAINT
pvg_neon_sign_billboard11_8_48ce1ff3,res://assets/tilesets/cyber_city_core_tilesets/CyberCity_Core_Tiles_1/CyberCity_Core_Tiles_1/Billboard11_8.png,Billboard11_8.png,NEON_SIGN,sign_billboard,43,119,37,116,49.01,"[""C_LARGE_OBJECT_PAINT""]",True,C_LARGE_OBJECT_PAINT
pvg_neon_sign_billboard12_1_5f324f6e,res://assets/tilesets/cyber_city_core_tilesets/CyberCity_Core_Tiles_1/CyberCity_Core_Tiles_1/Billboard12_1.png,Billboard12_1.png,NEON_SIGN,sign_billboard,82,29,76,18,43.19,"[""C_LARGE_OBJECT_PAINT""]",True,C_LARGE_OBJECT_PAINT
pvg_neon_sign_billboard12_2_22da884f,res://assets/tilesets/cyber_city_core_tilesets/CyberCity_Core_Tiles_1/CyberCity_Core_Tiles_1/Billboard12_2.png,Billboard12_2.png,NEON_SIGN,sign_billboard,20,68,12,65,57.35,"[""C_LARGE_OBJECT_PAINT""]",True,C_LARGE_OBJECT_PAINT
pvg_neon_sign_billboard12_3_e0736675,res://assets/tilesets/cyber_city_core_tilesets/CyberCity_Core_Tiles_1/CyberCity_Core_Tiles_1/Billboard12_3.png,Billboard12_3.png,NEON_SIGN,sign_billboard,79,31,76,21,36.22,"[""C_LARGE_OBJECT_PAINT""]",True,C_LARGE_OBJECT_PAINT
pvg_neon_sign_billboard12_4_84813d3f,res://assets/tilesets/cyber_city_core_tilesets/CyberCity_Core_Tiles_1/CyberCity_Core_Tiles_1/Billboard12_4.png,Billboard12_4.png,NEON_SIGN,sign_billboard,19,68,11,66,53.79,"[""C_LARGE_OBJECT_PAINT""]",True,C_LARGE_OBJECT_PAINT
pvg_neon_sign_billboard12_5_7afba084,res://assets/tilesets/cyber_city_core_tilesets/CyberCity_Core_Tiles_1/CyberCity_Core_Tiles_1/Billboard12_5.png,Billboard12_5.png,NEON_SIGN,sign_billboard,62,56,57,51,69.56,"[""C_LARGE_OBJECT_PAINT""]",True,C_LARGE_OBJECT_PAINT
pvg_neon_sign_billboard12_6_117c422c,res://assets/tilesets/cyber_city_core_tilesets/CyberCity_Core_Tiles_1/CyberCity_Core_Tiles_1/Billboard12_6.png,Billboard12_6.png,NEON_SIGN,sign_billboard,66,56,60,52,70.83,"[""C_LARGE_OBJECT_PAINT""]",True,C_LARGE_OBJECT_PAINT
pvg_neon_sign_billboard12_7_a6c458dc,res://assets/tilesets/cyber_city_core_tilesets/CyberCity_Core_Tiles_1/CyberCity_Core_Tiles_1/Billboard12_7.png,Billboard12_7.png,NEON_SIGN,sign_billboard,68,59,59,53,67.45,"[""C_LARGE_OBJECT_PAINT""]",True,C_LARGE_OBJECT_PAINT
pvg_neon_sign_billboard12_8_6dab6bfd,res://assets/tilesets/cyber_city_core_tilesets/CyberCity_Core_Tiles_1/CyberCity_Core_Tiles_1/Billboard12_8.png,Billboard12_8.png,NEON_SIGN,sign_billboard,65,57,57,54,65.29,"[""C_LARGE_OBJECT_PAINT""]",True,C_LARGE_OBJECT_PAINT
pvg_neon_sign_billboard13_1_18e5d81e,res://assets/tilesets/cyber_city_core_tilesets/CyberCity_Core_Tiles_1/CyberCity_Core_Tiles_1/Billboard13_1.png,Billboard13_1.png,NEON_SIGN,sign_billboard,123,49,118,43,40.34,"[""C_LARGE_OBJECT_PAINT""]",True,C_LARGE_OBJECT_PAINT
pvg_neon_sign_billboard13_2_5444b9e9,res://assets/tilesets/cyber_city_core_tilesets/CyberCity_Core_Tiles_1/CyberCity_Core_Tiles_1/Billboard13_2.png,Billboard13_2.png,NEON_SIGN,sign_billboard,42,104,37,102,60.03,"[""C_LARGE_OBJECT_PAINT""]",True,C_LARGE_OBJECT_PAINT
pvg_neon_sign_billboard13_3_9900f770,res://assets/tilesets/cyber_city_core_tilesets/CyberCity_Core_Tiles_1/CyberCity_Core_Tiles_1/Billboard13_3.png,Billboard13_3.png,NEON_SIGN,sign_billboard,127,46,119,40,30.31,"[""C_LARGE_OBJECT_PAINT""]",True,C_LARGE_OBJECT_PAINT
pvg_neon_sign_billboard13_4_db86b8a9,res://assets/tilesets/cyber_city_core_tilesets/CyberCity_Core_Tiles_1/CyberCity_Core_Tiles_1/Billboard13_4.png,Billboard13_4.png,NEON_SIGN,sign_billboard,45,108,37,103,64.32,"[""C_LARGE_OBJECT_PAINT""]",True,C_LARGE_OBJECT_PAINT
pvg_neon_sign_billboard13_5_6cb9b54e,res://assets/tilesets/cyber_city_core_tilesets/CyberCity_Core_Tiles_1/CyberCity_Core_Tiles_1/Billboard13_5.png,Billboard13_5.png,NEON_SIGN,sign_billboard,102,86,96,84,66.54,"[""C_LARGE_OBJECT_PAINT""]",True,C_LARGE_OBJECT_PAINT
pvg_neon_sign_billboard13_6_ce7a8cc9,res://assets/tilesets/cyber_city_core_tilesets/CyberCity_Core_Tiles_1/CyberCity_Core_Tiles_1/Billboard13_6.png,Billboard13_6.png,NEON_SIGN,sign_billboard,93,87,89,86,63.92,"[""C_LARGE_OBJECT_PAINT""]",True,C_LARGE_OBJECT_PAINT
pvg_neon_sign_billboard13_7_d9533686,res://assets/tilesets/cyber_city_core_tilesets/CyberCity_Core_Tiles_1/CyberCity_Core_Tiles_1/Billboard13_7.png,Billboard13_7.png,NEON_SIGN,sign_billboard,91,91,89,87,59.65,"[""C_LARGE_OBJECT_PAINT""]",True,C_LARGE_OBJECT_PAINT
pvg_neon_sign_billboard13_8_8c98fc57,res://assets/tilesets/cyber_city_core_tilesets/CyberCity_Core_Tiles_1/CyberCity_Core_Tiles_1/Billboard13_8.png,Billboard13_8.png,NEON_SIGN,sign_billboard,98,90,97,86,61.71,"[""C_LARGE_OBJECT_PAINT""]",True,C_LARGE_OBJECT_PAINT
pvg_tileset_atlas_billboard14_1_fd078a73,res://assets/tilesets/cyber_city_core_tilesets/CyberCity_Core_Tiles_1/CyberCity_Core_Tiles_1/Billboard14_1.png,Billboard14_1.png,TILESET_ATLAS,atlas_or_large_sheet,524,225,516,222,34.74,"[""A_PRIMARY_ATLAS"", ""C_LARGE_OBJECT_PAINT""]",True,"A_PRIMARY_ATLAS, C_LARGE_OBJECT_PAINT"
pvg_foreground_tall_billboard14_2_d3e0b92e,res://assets/tilesets/cyber_city_core_tilesets/CyberCity_Core_Tiles_1/CyberCity_Core_Tiles_1/Billboard14_2.png,Billboard14_2.png,FOREGROUND_TALL,sign_billboard,179,414,170,407,50.35,"[""C_LARGE_OBJECT_PAINT""]",True,C_LARGE_OBJECT_PAINT
pvg_tileset_atlas_billboard14_3_ffa2dcd9,res://assets/tilesets/cyber_city_core_tilesets/CyberCity_Core_Tiles_1/CyberCity_Core_Tiles_1/Billboard14_3.png,Billboard14_3.png,TILESET_ATLAS,atlas_or_large_sheet,557,295,551,285,44.55,"[""A_PRIMARY_ATLAS"", ""C_LARGE_OBJECT_PAINT""]",True,"A_PRIMARY_ATLAS, C_LARGE_OBJECT_PAINT"
pvg_tileset_atlas_billboard14_4_7a3ffcee,res://assets/tilesets/cyber_city_core_tilesets/CyberCity_Core_Tiles_1/CyberCity_Core_Tiles_1/Billboard14_4.png,Billboard14_4.png,TILESET_ATLAS,atlas_or_large_sheet,117,544,107,538,39.71,"[""A_PRIMARY_ATLAS"", ""C_LARGE_OBJECT_PAINT""]",True,"A_PRIMARY_ATLAS, C_LARGE_OBJECT_PAINT"
pvg_neon_sign_billboard14_5_54e955fa,res://assets/tilesets/cyber_city_core_tilesets/CyberCity_Core_Tiles_1/CyberCity_Core_Tiles_1/Billboard14_5.png,Billboard14_5.png,NEON_SIGN,sign_billboard,389,333,384,326,56.34,"[""C_LARGE_OBJECT_PAINT""]",True,C_LARGE_OBJECT_PAINT
pvg_foreground_tall_billboard14_6_4a9946f0,res://assets/tilesets/cyber_city_core_tilesets/CyberCity_Core_Tiles_1/CyberCity_Core_Tiles_1/Billboard14_6.png,Billboard14_6.png,FOREGROUND_TALL,sign_billboard,404,450,403,447,68.74,"[""C_LARGE_OBJECT_PAINT""]",True,C_LARGE_OBJECT_PAINT
pvg_foreground_tall_billboard14_7_cb0f7852,res://assets/tilesets/cyber_city_core_tilesets/CyberCity_Core_Tiles_1/CyberCity_Core_Tiles_1/Billboard14_7.png,Billboard14_7.png,FOREGROUND_TALL,sign_billboard,458,362,455,355,56.99,"[""C_LARGE_OBJECT_PAINT""]",True,C_LARGE_OBJECT_PAINT
pvg_foreground_tall_billboard14_8_7dcb1f2f,res://assets/tilesets/cyber_city_core_tilesets/CyberCity_Core_Tiles_1/CyberCity_Core_Tiles_1/Billboard14_8.png,Billboard14_8.png,FOREGROUND_TALL,sign_billboard,425,488,424,486,64.89,"[""C_LARGE_OBJECT_PAINT""]",True,C_LARGE_OBJECT_PAINT
pvg_foreground_tall_billboard15_1_419939ec,res://assets/tilesets/cyber_city_core_tilesets/CyberCity_Core_Tiles_1/CyberCity_Core_Tiles_1/Billboard15_1.png,Billboard15_1.png,FOREGROUND_TALL,sign_billboard,458,143,449,137,50.66,"[""C_LARGE_OBJECT_PAINT""]",True,C_LARGE_OBJECT_PAINT
pvg_neon_sign_billboard15_2_66b9e90c,res://assets/tilesets/cyber_city_core_tilesets/CyberCity_Core_Tiles_1/CyberCity_Core_Tiles_1/Billboard15_2.png,Billboard15_2.png,NEON_SIGN,sign_billboard,184,366,174,362,47.26,"[""C_LARGE_OBJECT_PAINT""]",True,C_LARGE_OBJECT_PAINT
pvg_foreground_tall_billboard15_3_c3867352,res://assets/tilesets/cyber_city_core_tilesets/CyberCity_Core_Tiles_1/CyberCity_Core_Tiles_1/Billboard15_3.png,Billboard15_3.png,FOREGROUND_TALL,sign_billboard,456,177,449,167,53.65,"[""C_LARGE_OBJECT_PAINT""]",True,C_LARGE_OBJECT_PAINT
pvg_neon_sign_billboard15_4_baae8b83,res://assets/tilesets/cyber_city_core_tilesets/CyberCity_Core_Tiles_1/CyberCity_Core_Tiles_1/Billboard15_4.png,Billboard15_4.png,NEON_SIGN,sign_billboard,174,354,164,347,45.14,"[""C_LARGE_OBJECT_PAINT""]",True,C_LARGE_OBJECT_PAINT
pvg_foreground_tall_billboard15_5_b54016b8,res://assets/tilesets/cyber_city_core_tilesets/CyberCity_Core_Tiles_1/CyberCity_Core_Tiles_1/Billboard15_5.png,Billboard15_5.png,FOREGROUND_TALL,sign_billboard,427,311,425,305,70.65,"[""C_LARGE_OBJECT_PAINT""]",True,C_LARGE_OBJECT_PAINT
pvg_foreground_tall_billboard15_6_7267ddfe,res://assets/tilesets/cyber_city_core_tilesets/CyberCity_Core_Tiles_1/CyberCity_Core_Tiles_1/Billboard15_6.png,Billboard15_6.png,FOREGROUND_TALL,sign_billboard,402,313,393,311,70.08,"[""C_LARGE_OBJECT_PAINT""]",True,C_LARGE_OBJECT_PAINT
pvg_foreground_tall_billboard15_7_89138727,res://assets/tilesets/cyber_city_core_tilesets/CyberCity_Core_Tiles_1/CyberCity_Core_Tiles_1/Billboard15_7.png,Billboard15_7.png,FOREGROUND_TALL,sign_billboard,409,350,405,347,73.18,"[""C_LARGE_OBJECT_PAINT""]",True,C_LARGE_OBJECT_PAINT
pvg_foreground_tall_billboard15_8_9e8712f2,res://assets/tilesets/cyber_city_core_tilesets/CyberCity_Core_Tiles_1/CyberCity_Core_Tiles_1/Billboard15_8.png,Billboard15_8.png,FOREGROUND_TALL,sign_billboard,419,333,414,331,72.09,"[""C_LARGE_OBJECT_PAINT""]",True,C_LARGE_OBJECT_PAINT
pvg_neon_sign_billboard16_1_ab8d3774,res://assets/tilesets/cyber_city_core_tilesets/CyberCity_Core_Tiles_1/CyberCity_Core_Tiles_1/Billboard16_1.png,Billboard16_1.png,NEON_SIGN,sign_billboard,355,114,352,107,56.24,"[""C_LARGE_OBJECT_PAINT""]",True,C_LARGE_OBJECT_PAINT
pvg_neon_sign_billboard16_2_e9df06a1,res://assets/tilesets/cyber_city_core_tilesets/CyberCity_Core_Tiles_1/CyberCity_Core_Tiles_1/Billboard16_2.png,Billboard16_2.png,NEON_SIGN,sign_billboard,45,281,40,278,45.32,"[""C_LARGE_OBJECT_PAINT""]",True,C_LARGE_OBJECT_PAINT
pvg_neon_sign_billboard16_3_6d337046,res://assets/tilesets/cyber_city_core_tilesets/CyberCity_Core_Tiles_1/CyberCity_Core_Tiles_1/Billboard16_3.png,Billboard16_3.png,NEON_SIGN,sign_billboard,356,97,352,89,50.17,"[""C_LARGE_OBJECT_PAINT""]",True,C_LARGE_OBJECT_PAINT
pvg_neon_sign_billboard16_4_f2a832b4,res://assets/tilesets/cyber_city_core_tilesets/CyberCity_Core_Tiles_1/CyberCity_Core_Tiles_1/Billboard16_4.png,Billboard16_4.png,NEON_SIGN,sign_billboard,51,309,40,305,53.13,"[""C_LARGE_OBJECT_PAINT""]",True,C_LARGE_OBJECT_PAINT
pvg_neon_sign_billboard16_5_9aaf733b,res://assets/tilesets/cyber_city_core_tilesets/CyberCity_Core_Tiles_1/CyberCity_Core_Tiles_1/Billboard16_5.png,Billboard16_5.png,NEON_SIGN,sign_billboard,266,215,258,215,74.15,"[""C_LARGE_OBJECT_PAINT""]",True,C_LARGE_OBJECT_PAINT
pvg_neon_sign_billboard16_6_74cb2063,res://assets/tilesets/cyber_city_core_tilesets/CyberCity_Core_Tiles_1/CyberCity_Core_Tiles_1/Billboard16_6.png,Billboard16_6.png,NEON_SIGN,sign_billboard,268,242,261,235,76.89,"[""C_LARGE_OBJECT_PAINT""]",True,C_LARGE_OBJECT_PAINT
pvg_neon_sign_billboard16_7_97461ab7,res://assets/tilesets/cyber_city_core_tilesets/CyberCity_Core_Tiles_1/CyberCity_Core_Tiles_1/Billboard16_7.png,Billboard16_7.png,NEON_SIGN,sign_billboard,266,208,262,205,74.09,"[""C_LARGE_OBJECT_PAINT""]",True,C_LARGE_OBJECT_PAINT
pvg_neon_sign_billboard16_8_7fb5f0f1,res://assets/tilesets/cyber_city_core_tilesets/CyberCity_Core_Tiles_1/CyberCity_Core_Tiles_1/Billboard16_8.png,Billboard16_8.png,NEON_SIGN,sign_billboard,264,250,258,245,78.53,"[""C_LARGE_OBJECT_PAINT""]",True,C_LARGE_OBJECT_PAINT
pvg_neon_sign_billboard17_1_80f98fc7,res://assets/tilesets/cyber_city_core_tilesets/CyberCity_Core_Tiles_1/CyberCity_Core_Tiles_1/Billboard17_1.png,Billboard17_1.png,NEON_SIGN,sign_billboard,88,181,79,169,25.9,"[""C_LARGE_OBJECT_PAINT""]",True,C_LARGE_OBJECT_PAINT
pvg_neon_sign_billboard17_2_666cd5d7,res://assets/tilesets/cyber_city_core_tilesets/CyberCity_Core_Tiles_1/CyberCity_Core_Tiles_1/Billboard17_2.png,Billboard17_2.png,NEON_SIGN,sign_billboard,29,213,19,211,40.44,"[""C_LARGE_OBJECT_PAINT""]",True,C_LARGE_OBJECT_PAINT
pvg_neon_sign_billboard17_3_3aa31f16,res://assets/tilesets/cyber_city_core_tilesets/CyberCity_Core_Tiles_1/CyberCity_Core_Tiles_1/Billboard17_3.png,Billboard17_3.png,NEON_SIGN,sign_billboard,87,179,79,169,24.5,"[""C_LARGE_OBJECT_PAINT""]",True,C_LARGE_OBJECT_PAINT
pvg_neon_sign_billboard17_4_98a83367,res://assets/tilesets/cyber_city_core_tilesets/CyberCity_Core_Tiles_1/CyberCity_Core_Tiles_1/Billboard17_4.png,Billboard17_4.png,NEON_SIGN,sign_billboard,29,216,18,210,43.37,"[""C_LARGE_OBJECT_PAINT""]",True,C_LARGE_OBJECT_PAINT
pvg_neon_sign_billboard17_5_3571df4e,res://assets/tilesets/cyber_city_core_tilesets/CyberCity_Core_Tiles_1/CyberCity_Core_Tiles_1/Billboard17_5.png,Billboard17_5.png,NEON_SIGN,sign_billboard,70,201,62,199,34.54,"[""C_LARGE_OBJECT_PAINT""]",True,C_LARGE_OBJECT_PAINT
pvg_neon_sign_billboard17_6_8d26a1ea,res://assets/tilesets/cyber_city_core_tilesets/CyberCity_Core_Tiles_1/CyberCity_Core_Tiles_1/Billboard17_6.png,Billboard17_6.png,NEON_SIGN,sign_billboard,72,201,63,199,36.37,"[""C_LARGE_OBJECT_PAINT""]",True,C_LARGE_OBJECT_PAINT
pvg_neon_sign_billboard17_7_aa0401f9,res://assets/tilesets/cyber_city_core_tilesets/CyberCity_Core_Tiles_1/CyberCity_Core_Tiles_1/Billboard17_7.png,Billboard17_7.png,NEON_SIGN,sign_billboard,68,202,62,199,31.97,"[""C_LARGE_OBJECT_PAINT""]",True,C_LARGE_OBJECT_PAINT
pvg_neon_sign_billboard17_8_a7a87abb,res://assets/tilesets/cyber_city_core_tilesets/CyberCity_Core_Tiles_1/CyberCity_Core_Tiles_1/Billboard17_8.png,Billboard17_8.png,NEON_SIGN,sign_billboard,70,205,62,200,34.91,"[""C_LARGE_OBJECT_PAINT""]",True,C_LARGE_OBJECT_PAINT
pvg_neon_sign_billboard18_1_ac5ffd6f,res://assets/tilesets/cyber_city_core_tilesets/CyberCity_Core_Tiles_1/CyberCity_Core_Tiles_1/Billboard18_1.png,Billboard18_1.png,NEON_SIGN,sign_billboard,293,169,289,164,47.96,"[""C_LARGE_OBJECT_PAINT""]",True,C_LARGE_OBJECT_PAINT
pvg_neon_sign_billboard18_2_bc4438c4,res://assets/tilesets/cyber_city_core_tilesets/CyberCity_Core_Tiles_1/CyberCity_Core_Tiles_1/Billboard18_2.png,Billboard18_2.png,NEON_SIGN,sign_billboard,91,271,83,268,62.82,"[""C_LARGE_OBJECT_PAINT""]",True,C_LARGE_OBJECT_PAINT
pvg_neon_sign_billboard18_3_0a2ccb37,res://assets/tilesets/cyber_city_core_tilesets/CyberCity_Core_Tiles_1/CyberCity_Core_Tiles_1/Billboard18_3.png,Billboard18_3.png,NEON_SIGN,sign_billboard,297,161,289,156,46.43,"[""C_LARGE_OBJECT_PAINT""]",True,C_LARGE_OBJECT_PAINT
pvg_neon_sign_billboard18_4_dcdbf385,res://assets/tilesets/cyber_city_core_tilesets/CyberCity_Core_Tiles_1/CyberCity_Core_Tiles_1/Billboard18_4.png,Billboard18_4.png,NEON_SIGN,sign_billboard,92,257,83,255,62.51,"[""C_LARGE_OBJECT_PAINT""]",True,C_LARGE_OBJECT_PAINT
pvg_neon_sign_billboard18_5_32bbb582,res://assets/tilesets/cyber_city_core_tilesets/CyberCity_Core_Tiles_1/CyberCity_Core_Tiles_1/Billboard18_5.png,Billboard18_5.png,NEON_SIGN,sign_billboard,215,225,207,218,58.01,"[""C_LARGE_OBJECT_PAINT""]",True,C_LARGE_OBJECT_PAINT
pvg_neon_sign_billboard18_6_c4066327,res://assets/tilesets/cyber_city_core_tilesets/CyberCity_Core_Tiles_1/CyberCity_Core_Tiles_1/Billboard18_6.png,Billboard18_6.png,NEON_SIGN,sign_billboard,213,222,207,222,57.8,"[""C_LARGE_OBJECT_PAINT""]",True,C_LARGE_OBJECT_PAINT
pvg_neon_sign_billboard18_7_2d9671d7,res://assets/tilesets/cyber_city_core_tilesets/CyberCity_Core_Tiles_1/CyberCity_Core_Tiles_1/Billboard18_7.png,Billboard18_7.png,NEON_SIGN,sign_billboard,210,221,207,214,58.64,"[""C_LARGE_OBJECT_PAINT""]",True,C_LARGE_OBJECT_PAINT
pvg_neon_sign_billboard18_8_1a955dfb,res://assets/tilesets/cyber_city_core_tilesets/CyberCity_Core_Tiles_1/CyberCity_Core_Tiles_1/Billboard18_8.png,Billboard18_8.png,NEON_SIGN,sign_billboard,216,207,207,203,56.3,"[""C_LARGE_OBJECT_PAINT""]",True,C_LARGE_OBJECT_PAINT
pvg_neon_sign_billboard19_1_26891e81,res://assets/tilesets/cyber_city_core_tilesets/CyberCity_Core_Tiles_1/CyberCity_Core_Tiles_1/Billboard19_1.png,Billboard19_1.png,NEON_SIGN,sign_billboard,274,293,263,286,21.79,"[""C_LARGE_OBJECT_PAINT""]",True,C_LARGE_OBJECT_PAINT
pvg_foreground_tall_billboard19_2_8c8e4570,res://assets/tilesets/cyber_city_core_tilesets/CyberCity_Core_Tiles_1/CyberCity_Core_Tiles_1/Billboard19_2.png,Billboard19_2.png,FOREGROUND_TALL,sign_billboard,83,424,73,419,24.54,"[""C_LARGE_OBJECT_PAINT""]",True,C_LARGE_OBJECT_PAINT
pvg_neon_sign_billboard19_3_8ee41dbc,res://assets/tilesets/cyber_city_core_tilesets/CyberCity_Core_Tiles_1/CyberCity_Core_Tiles_1/Billboard19_3.png,Billboard19_3.png,NEON_SIGN,sign_billboard,274,292,263,286,19.14,"[""C_LARGE_OBJECT_PAINT""]",True,C_LARGE_OBJECT_PAINT
pvg_foreground_tall_billboard19_4_389925dc,res://assets/tilesets/cyber_city_core_tilesets/CyberCity_Core_Tiles_1/CyberCity_Core_Tiles_1/Billboard19_4.png,Billboard19_4.png,FOREGROUND_TALL,sign_billboard,84,422,72,419,25.83,"[""C_LARGE_OBJECT_PAINT""]",True,C_LARGE_OBJECT_PAINT
pvg_neon_sign_billboard19_5_c0cce52f,res://assets/tilesets/cyber_city_core_tilesets/CyberCity_Core_Tiles_1/CyberCity_Core_Tiles_1/Billboard19_5.png,Billboard19_5.png,NEON_SIGN,sign_billboard,198,371,186,366,39.15,"[""C_LARGE_OBJECT_PAINT""]",True,C_LARGE_OBJECT_PAINT
pvg_neon_sign_billboard19_6_ae08793d,res://assets/tilesets/cyber_city_core_tilesets/CyberCity_Core_Tiles_1/CyberCity_Core_Tiles_1/Billboard19_6.png,Billboard19_6.png,NEON_SIGN,sign_billboard,196,370,187,366,38.04,"[""C_LARGE_OBJECT_PAINT""]",True,C_LARGE_OBJECT_PAINT
pvg_neon_sign_billboard19_7_bdbb7fa6,res://assets/tilesets/cyber_city_core_tilesets/CyberCity_Core_Tiles_1/CyberCity_Core_Tiles_1/Billboard19_7.png,Billboard19_7.png,NEON_SIGN,sign_billboard,198,373,187,366,36.87,"[""C_LARGE_OBJECT_PAINT""]",True,C_LARGE_OBJECT_PAINT
pvg_neon_sign_billboard19_8_e11d91c2,res://assets/tilesets/cyber_city_core_tilesets/CyberCity_Core_Tiles_1/CyberCity_Core_Tiles_1/Billboard19_8.png,Billboard19_8.png,NEON_SIGN,sign_billboard,198,371,187,366,36.27,"[""C_LARGE_OBJECT_PAINT""]",True,C_LARGE_OBJECT_PAINT
pvg_tileset_atlas_billboard1_1_a819c845,res://assets/tilesets/cyber_city_core_tilesets/CyberCity_Core_Tiles_1/CyberCity_Core_Tiles_1/Billboard1_1.png,Billboard1_1.png,TILESET_ATLAS,atlas_or_large_sheet,834,207,830,205,39.66,"[""A_PRIMARY_ATLAS"", ""C_LARGE_OBJECT_PAINT""]",True,"A_PRIMARY_ATLAS, C_LARGE_OBJECT_PAINT"
pvg_tileset_atlas_billboard1_2_d50d94d1,res://assets/tilesets/cyber_city_core_tilesets/CyberCity_Core_Tiles_1/CyberCity_Core_Tiles_1/Billboard1_2.png,Billboard1_2.png,TILESET_ATLAS,atlas_or_large_sheet,138,661,132,657,57.89,"[""A_PRIMARY_ATLAS"", ""C_LARGE_OBJECT_PAINT""]",True,"A_PRIMARY_ATLAS, C_LARGE_OBJECT_PAINT"
pvg_tileset_atlas_billboard1_3_1c7b683e,res://assets/tilesets/cyber_city_core_tilesets/CyberCity_Core_Tiles_1/CyberCity_Core_Tiles_1/Billboard1_3.png,Billboard1_3.png,TILESET_ATLAS,atlas_or_large_sheet,854,227,847,225,45.85,"[""A_PRIMARY_ATLAS"", ""C_LARGE_OBJECT_PAINT""]",True,"A_PRIMARY_ATLAS, C_LARGE_OBJECT_PAINT"
pvg_tileset_atlas_billboard1_4_1903dea9,res://assets/tilesets/cyber_city_core_tilesets/CyberCity_Core_Tiles_1/CyberCity_Core_Tiles_1/Billboard1_4.png,Billboard1_4.png,TILESET_ATLAS,atlas_or_large_sheet,139,698,128,692,60.33,"[""A_PRIMARY_ATLAS"", ""C_LARGE_OBJECT_PAINT""]",True,"A_PRIMARY_ATLAS, C_LARGE_OBJECT_PAINT"
pvg_tileset_atlas_billboard1_5_6f9b865e,res://assets/tilesets/cyber_city_core_tilesets/CyberCity_Core_Tiles_1/CyberCity_Core_Tiles_1/Billboard1_5.png,Billboard1_5.png,TILESET_ATLAS,atlas_or_large_sheet,598,503,596,499,72.96,"[""A_PRIMARY_ATLAS"", ""C_LARGE_OBJECT_PAINT""]",True,"A_PRIMARY_ATLAS, C_LARGE_OBJECT_PAINT"
pvg_tileset_atlas_billboard1_6_a41ec40b,res://assets/tilesets/cyber_city_core_tilesets/CyberCity_Core_Tiles_1/CyberCity_Core_Tiles_1/Billboard1_6.png,Billboard1_6.png,TILESET_ATLAS,atlas_or_large_sheet,610,557,605,553,77.63,"[""A_PRIMARY_ATLAS"", ""C_LARGE_OBJECT_PAINT""]",True,"A_PRIMARY_ATLAS, C_LARGE_OBJECT_PAINT"
pvg_tileset_atlas_billboard1_7_ce86c634,res://assets/tilesets/cyber_city_core_tilesets/CyberCity_Core_Tiles_1/CyberCity_Core_Tiles_1/Billboard1_7.png,Billboard1_7.png,TILESET_ATLAS,atlas_or_large_sheet,634,499,629,492,75.57,"[""A_PRIMARY_ATLAS"", ""C_LARGE_OBJECT_PAINT""]",True,"A_PRIMARY_ATLAS, C_LARGE_OBJECT_PAINT"
pvg_tileset_atlas_billboard1_8_e73287a0,res://assets/tilesets/cyber_city_core_tilesets/CyberCity_Core_Tiles_1/CyberCity_Core_Tiles_1/Billboard1_8.png,Billboard1_8.png,TILESET_ATLAS,atlas_or_large_sheet,617,568,613,567,76.47,"[""A_PRIMARY_ATLAS"", ""C_LARGE_OBJECT_PAINT""]",True,"A_PRIMARY_ATLAS, C_LARGE_OBJECT_PAINT"
pvg_neon_sign_billboard20_1_268d0f88,res://assets/tilesets/cyber_city_core_tilesets/CyberCity_Core_Tiles_1/CyberCity_Core_Tiles_1/Billboard20_1.png,Billboard20_1.png,NEON_SIGN,sign_billboard,301,111,292,103,26.09,"[""C_LARGE_OBJECT_PAINT""]",True,C_LARGE_OBJECT_PAINT
pvg_neon_sign_billboard20_2_4275a49c,res://assets/tilesets/cyber_city_core_tilesets/CyberCity_Core_Tiles_1/CyberCity_Core_Tiles_1/Billboard20_2.png,Billboard20_2.png,NEON_SIGN,sign_billboard,20,299,14,298,82.22,"[""C_LARGE_OBJECT_PAINT""]",True,C_LARGE_OBJECT_PAINT
pvg_neon_sign_billboard20_3_1b7ae9bc,res://assets/tilesets/cyber_city_core_tilesets/CyberCity_Core_Tiles_1/CyberCity_Core_Tiles_1/Billboard20_3.png,Billboard20_3.png,NEON_SIGN,sign_billboard,304,109,293,103,18.38,"[""C_LARGE_OBJECT_PAINT""]",True,C_LARGE_OBJECT_PAINT
pvg_neon_sign_billboard20_4_fea9b94e,res://assets/tilesets/cyber_city_core_tilesets/CyberCity_Core_Tiles_1/CyberCity_Core_Tiles_1/Billboard20_4.png,Billboard20_4.png,NEON_SIGN,sign_billboard,23,299,13,298,84.7,"[""C_LARGE_OBJECT_PAINT""]",True,C_LARGE_OBJECT_PAINT
pvg_neon_sign_billboard20_5_0f3e8a0d,res://assets/tilesets/cyber_city_core_tilesets/CyberCity_Core_Tiles_1/CyberCity_Core_Tiles_1/Billboard20_5.png,Billboard20_5.png,NEON_SIGN,sign_billboard,218,241,209,239,65.86,"[""C_LARGE_OBJECT_PAINT""]",True,C_LARGE_OBJECT_PAINT
pvg_neon_sign_billboard20_6_1e7d6463,res://assets/tilesets/cyber_city_core_tilesets/CyberCity_Core_Tiles_1/CyberCity_Core_Tiles_1/Billboard20_6.png,Billboard20_6.png,NEON_SIGN,sign_billboard,217,244,208,240,66.11,"[""C_LARGE_OBJECT_PAINT""]",True,C_LARGE_OBJECT_PAINT
pvg_neon_sign_billboard20_7_cb4483d9,res://assets/tilesets/cyber_city_core_tilesets/CyberCity_Core_Tiles_1/CyberCity_Core_Tiles_1/Billboard20_7.png,Billboard20_7.png,NEON_SIGN,sign_billboard,216,242,209,240,62.71,"[""C_LARGE_OBJECT_PAINT""]",True,C_LARGE_OBJECT_PAINT
pvg_neon_sign_billboard20_8_482aeb1e,res://assets/tilesets/cyber_city_core_tilesets/CyberCity_Core_Tiles_1/CyberCity_Core_Tiles_1/Billboard20_8.png,Billboard20_8.png,NEON_SIGN,sign_billboard,216,244,209,240,62.96,"[""C_LARGE_OBJECT_PAINT""]",True,C_LARGE_OBJECT_PAINT
pvg_neon_sign_billboard21_1_c6ae697b,res://assets/tilesets/cyber_city_core_tilesets/CyberCity_Core_Tiles_1/CyberCity_Core_Tiles_1/Billboard21_1.png,Billboard21_1.png,NEON_SIGN,sign_billboard,184,58,173,47,23.87,"[""C_LARGE_OBJECT_PAINT""]",True,C_LARGE_OBJECT_PAINT
pvg_neon_sign_billboard21_2_4445ea63,res://assets/tilesets/cyber_city_core_tilesets/CyberCity_Core_Tiles_1/CyberCity_Core_Tiles_1/Billboard21_2.png,Billboard21_2.png,NEON_SIGN,sign_billboard,16,166,4,166,75.23,"[""C_LARGE_OBJECT_PAINT""]",True,C_LARGE_OBJECT_PAINT
pvg_neon_sign_billboard21_3_b86a4ce2,res://assets/tilesets/cyber_city_core_tilesets/CyberCity_Core_Tiles_1/CyberCity_Core_Tiles_1/Billboard21_3.png,Billboard21_3.png,NEON_SIGN,sign_billboard,184,58,173,48,22.4,"[""C_LARGE_OBJECT_PAINT""]",True,C_LARGE_OBJECT_PAINT
pvg_neon_sign_billboard21_4_30322b6b,res://assets/tilesets/cyber_city_core_tilesets/CyberCity_Core_Tiles_1/CyberCity_Core_Tiles_1/Billboard21_4.png,Billboard21_4.png,NEON_SIGN,sign_billboard,11,169,5,165,64.44,"[""C_LARGE_OBJECT_PAINT""]",True,C_LARGE_OBJECT_PAINT
pvg_neon_sign_billboard21_5_b990c7c3,res://assets/tilesets/cyber_city_core_tilesets/CyberCity_Core_Tiles_1/CyberCity_Core_Tiles_1/Billboard21_5.png,Billboard21_5.png,NEON_SIGN,sign_billboard,134,138,124,131,67.58,"[""C_LARGE_OBJECT_PAINT""]",True,C_LARGE_OBJECT_PAINT
pvg_neon_sign_billboard21_6_c287f3ad,res://assets/tilesets/cyber_city_core_tilesets/CyberCity_Core_Tiles_1/CyberCity_Core_Tiles_1/Billboard21_6.png,Billboard21_6.png,NEON_SIGN,sign_billboard,134,134,125,131,66.38,"[""C_LARGE_OBJECT_PAINT""]",True,C_LARGE_OBJECT_PAINT
pvg_neon_sign_billboard21_7_679322bc,res://assets/tilesets/cyber_city_core_tilesets/CyberCity_Core_Tiles_1/CyberCity_Core_Tiles_1/Billboard21_7.png,Billboard21_7.png,NEON_SIGN,sign_billboard,127,132,125,131,63.92,"[""C_LARGE_OBJECT_PAINT""]",True,C_LARGE_OBJECT_PAINT
pvg_neon_sign_billboard21_8_4b03b319,res://assets/tilesets/cyber_city_core_tilesets/CyberCity_Core_Tiles_1/CyberCity_Core_Tiles_1/Billboard21_8.png,Billboard21_8.png,NEON_SIGN,sign_billboard,127,132,124,131,64.29,"[""C_LARGE_OBJECT_PAINT""]",True,C_LARGE_OBJECT_PAINT
pvg_neon_sign_billboard22_1_feb70fd8,res://assets/tilesets/cyber_city_core_tilesets/CyberCity_Core_Tiles_1/CyberCity_Core_Tiles_1/Billboard22_1.png,Billboard22_1.png,NEON_SIGN,sign_billboard,294,99,283,91,37.85,"[""C_LARGE_OBJECT_PAINT""]",True,C_LARGE_OBJECT_PAINT
pvg_neon_sign_billboard22_2_951764b8,res://assets/tilesets/cyber_city_core_tilesets/CyberCity_Core_Tiles_1/CyberCity_Core_Tiles_1/Billboard22_2.png,Billboard22_2.png,NEON_SIGN,sign_billboard,36,255,27,252,63.22,"[""C_LARGE_OBJECT_PAINT""]",True,C_LARGE_OBJECT_PAINT
pvg_neon_sign_billboard22_3_de909192,res://assets/tilesets/cyber_city_core_tilesets/CyberCity_Core_Tiles_1/CyberCity_Core_Tiles_1/Billboard22_3.png,Billboard22_3.png,NEON_SIGN,sign_billboard,292,92,283,87,32.82,"[""C_LARGE_OBJECT_PAINT""]",True,C_LARGE_OBJECT_PAINT
pvg_neon_sign_billboard22_4_7784cda3,res://assets/tilesets/cyber_city_core_tilesets/CyberCity_Core_Tiles_1/CyberCity_Core_Tiles_1/Billboard22_4.png,Billboard22_4.png,NEON_SIGN,sign_billboard,34,277,26,273,61.17,"[""C_LARGE_OBJECT_PAINT""]",True,C_LARGE_OBJECT_PAINT
pvg_neon_sign_billboard22_5_e1acebb1,res://assets/tilesets/cyber_city_core_tilesets/CyberCity_Core_Tiles_1/CyberCity_Core_Tiles_1/Billboard22_5.png,Billboard22_5.png,NEON_SIGN,sign_billboard,225,192,215,189,66.65,"[""C_LARGE_OBJECT_PAINT""]",True,C_LARGE_OBJECT_PAINT
pvg_neon_sign_billboard22_6_72fbe066,res://assets/tilesets/cyber_city_core_tilesets/CyberCity_Core_Tiles_1/CyberCity_Core_Tiles_1/Billboard22_6.png,Billboard22_6.png,NEON_SIGN,sign_billboard,203,227,194,224,71.9,"[""C_LARGE_OBJECT_PAINT""]",True,C_LARGE_OBJECT_PAINT
pvg_neon_sign_billboard22_7_a038214c,res://assets/tilesets/cyber_city_core_tilesets/CyberCity_Core_Tiles_1/CyberCity_Core_Tiles_1/Billboard22_7.png,Billboard22_7.png,NEON_SIGN,sign_billboard,204,210,194,204,69.96,"[""C_LARGE_OBJECT_PAINT""]",True,C_LARGE_OBJECT_PAINT
pvg_neon_sign_billboard22_8_1a0261b0,res://assets/tilesets/cyber_city_core_tilesets/CyberCity_Core_Tiles_1/CyberCity_Core_Tiles_1/Billboard22_8.png,Billboard22_8.png,NEON_SIGN,sign_billboard,225,216,215,210,70.31,"[""C_LARGE_OBJECT_PAINT""]",True,C_LARGE_OBJECT_PAINT
pvg_neon_sign_billboard23_1_fee1e2d1,res://assets/tilesets/cyber_city_core_tilesets/CyberCity_Core_Tiles_1/CyberCity_Core_Tiles_1/Billboard23_1.png,Billboard23_1.png,NEON_SIGN,sign_billboard,144,38,142,32,47.15,"[""C_LARGE_OBJECT_PAINT""]",True,C_LARGE_OBJECT_PAINT
pvg_neon_sign_billboard23_2_380a6395,res://assets/tilesets/cyber_city_core_tilesets/CyberCity_Core_Tiles_1/CyberCity_Core_Tiles_1/Billboard23_2.png,Billboard23_2.png,NEON_SIGN,sign_billboard,19,127,8,118,66.43,"[""C_LARGE_OBJECT_PAINT""]",True,C_LARGE_OBJECT_PAINT
pvg_neon_sign_billboard23_3_07dc2a2e,res://assets/tilesets/cyber_city_core_tilesets/CyberCity_Core_Tiles_1/CyberCity_Core_Tiles_1/Billboard23_3.png,Billboard23_3.png,NEON_SIGN,sign_billboard,151,40,142,33,52.07,"[""C_LARGE_OBJECT_PAINT""]",True,C_LARGE_OBJECT_PAINT
pvg_neon_sign_billboard23_4_f2926ce1,res://assets/tilesets/cyber_city_core_tilesets/CyberCity_Core_Tiles_1/CyberCity_Core_Tiles_1/Billboard23_4.png,Billboard23_4.png,NEON_SIGN,sign_billboard,18,119,8,119,62.23,"[""C_LARGE_OBJECT_PAINT""]",True,C_LARGE_OBJECT_PAINT
pvg_neon_sign_billboard23_5_cc26c30f,res://assets/tilesets/cyber_city_core_tilesets/CyberCity_Core_Tiles_1/CyberCity_Core_Tiles_1/Billboard23_5.png,Billboard23_5.png,NEON_SIGN,sign_billboard,111,95,104,93,78.14,"[""C_LARGE_OBJECT_PAINT""]",True,C_LARGE_OBJECT_PAINT
pvg_neon_sign_billboard23_6_4049a963,res://assets/tilesets/cyber_city_core_tilesets/CyberCity_Core_Tiles_1/CyberCity_Core_Tiles_1/Billboard23_6.png,Billboard23_6.png,NEON_SIGN,sign_billboard,111,98,104,93,78.78,"[""C_LARGE_OBJECT_PAINT""]",True,C_LARGE_OBJECT_PAINT
pvg_neon_sign_billboard23_7_e110c75e,res://assets/tilesets/cyber_city_core_tilesets/CyberCity_Core_Tiles_1/CyberCity_Core_Tiles_1/Billboard23_7.png,Billboard23_7.png,NEON_SIGN,sign_billboard,111,98,104,94,78.73,"[""C_LARGE_OBJECT_PAINT""]",True,C_LARGE_OBJECT_PAINT
pvg_neon_sign_billboard23_8_10da574b,res://assets/tilesets/cyber_city_core_tilesets/CyberCity_Core_Tiles_1/CyberCity_Core_Tiles_1/Billboard23_8.png,Billboard23_8.png,NEON_SIGN,sign_billboard,111,96,104,94,78.29,"[""C_LARGE_OBJECT_PAINT""]",True,C_LARGE_OBJECT_PAINT
pvg_neon_sign_billboard24_1_ba058a1b,res://assets/tilesets/cyber_city_core_tilesets/CyberCity_Core_Tiles_1/CyberCity_Core_Tiles_1/Billboard24_1.png,Billboard24_1.png,NEON_SIGN,sign_billboard,199,44,196,38,29.05,"[""C_LARGE_OBJECT_PAINT""]",True,C_LARGE_OBJECT_PAINT
pvg_neon_sign_billboard24_2_5c463766,res://assets/tilesets/cyber_city_core_tilesets/CyberCity_Core_Tiles_1/CyberCity_Core_Tiles_1/Billboard24_2.png,Billboard24_2.png,NEON_SIGN,sign_billboard,26,160,21,158,38.92,"[""C_LARGE_OBJECT_PAINT""]",True,C_LARGE_OBJECT_PAINT
pvg_neon_sign_billboard24_3_bbdceb48,res://assets/tilesets/cyber_city_core_tilesets/CyberCity_Core_Tiles_1/CyberCity_Core_Tiles_1/Billboard24_3.png,Billboard24_3.png,NEON_SIGN,sign_billboard,204,46,196,38,34.1,"[""C_LARGE_OBJECT_PAINT""]",True,C_LARGE_OBJECT_PAINT
pvg_neon_sign_billboard24_4_56714479,res://assets/tilesets/cyber_city_core_tilesets/CyberCity_Core_Tiles_1/CyberCity_Core_Tiles_1/Billboard24_4.png,Billboard24_4.png,NEON_SIGN,sign_billboard,28,160,20,158,43.57,"[""C_LARGE_OBJECT_PAINT""]",True,C_LARGE_OBJECT_PAINT
pvg_neon_sign_billboard24_5_c0783671,res://assets/tilesets/cyber_city_core_tilesets/CyberCity_Core_Tiles_1/CyberCity_Core_Tiles_1/Billboard24_5.png,Billboard24_5.png,NEON_SIGN,sign_billboard,148,124,145,122,72.78,"[""C_LARGE_OBJECT_PAINT""]",True,C_LARGE_OBJECT_PAINT
pvg_neon_sign_billboard24_6_0c37b7e1,res://assets/tilesets/cyber_city_core_tilesets/CyberCity_Core_Tiles_1/CyberCity_Core_Tiles_1/Billboard24_6.png,Billboard24_6.png,NEON_SIGN,sign_billboard,154,127,144,123,76.3,"[""C_LARGE_OBJECT_PAINT""]",True,C_LARGE_OBJECT_PAINT
pvg_neon_sign_billboard24_7_2be0b1d2,res://assets/tilesets/cyber_city_core_tilesets/CyberCity_Core_Tiles_1/CyberCity_Core_Tiles_1/Billboard24_7.png,Billboard24_7.png,NEON_SIGN,sign_billboard,151,124,145,123,75.13,"[""C_LARGE_OBJECT_PAINT""]",True,C_LARGE_OBJECT_PAINT
pvg_neon_sign_billboard24_8_179dbfe1,res://assets/tilesets/cyber_city_core_tilesets/CyberCity_Core_Tiles_1/CyberCity_Core_Tiles_1/Billboard24_8.png,Billboard24_8.png,NEON_SIGN,sign_billboard,151,124,145,122,73.43,"[""C_LARGE_OBJECT_PAINT""]",True,C_LARGE_OBJECT_PAINT
pvg_neon_sign_billboard25_1_d8208b94,res://assets/tilesets/cyber_city_core_tilesets/CyberCity_Core_Tiles_1/CyberCity_Core_Tiles_1/Billboard25_1.png,Billboard25_1.png,NEON_SIGN,sign_billboard,187,61,180,53,44.24,"[""C_LARGE_OBJECT_PAINT""]",True,C_LARGE_OBJECT_PAINT
pvg_neon_sign_billboard25_2_2f27059e,res://assets/tilesets/cyber_city_core_tilesets/CyberCity_Core_Tiles_1/CyberCity_Core_Tiles_1/Billboard25_2.png,Billboard25_2.png,NEON_SIGN,sign_billboard,67,169,55,167,57.03,"[""C_LARGE_OBJECT_PAINT""]",True,C_LARGE_OBJECT_PAINT
pvg_neon_sign_billboard25_3_1e44e359,res://assets/tilesets/cyber_city_core_tilesets/CyberCity_Core_Tiles_1/CyberCity_Core_Tiles_1/Billboard25_3.png,Billboard25_3.png,NEON_SIGN,sign_billboard,189,79,181,70,30.4,"[""C_LARGE_OBJECT_PAINT""]",True,C_LARGE_OBJECT_PAINT
pvg_neon_sign_billboard25_4_ae4f13a3,res://assets/tilesets/cyber_city_core_tilesets/CyberCity_Core_Tiles_1/CyberCity_Core_Tiles_1/Billboard25_4.png,Billboard25_4.png,NEON_SIGN,sign_billboard,65,169,56,167,54.81,"[""C_LARGE_OBJECT_PAINT""]",True,C_LARGE_OBJECT_PAINT
pvg_neon_sign_billboard25_5_c60a202a,res://assets/tilesets/cyber_city_core_tilesets/CyberCity_Core_Tiles_1/CyberCity_Core_Tiles_1/Billboard25_5.png,Billboard25_5.png,NEON_SIGN,sign_billboard,157,130,156,124,75.76,"[""C_LARGE_OBJECT_PAINT""]",True,C_LARGE_OBJECT_PAINT
pvg_neon_sign_billboard25_6_94d1ef6a,res://assets/tilesets/cyber_city_core_tilesets/CyberCity_Core_Tiles_1/CyberCity_Core_Tiles_1/Billboard25_6.png,Billboard25_6.png,NEON_SIGN,sign_billboard,152,131,146,126,75.32,"[""C_LARGE_OBJECT_PAINT""]",True,C_LARGE_OBJECT_PAINT
pvg_neon_sign_billboard25_7_aaa60de1,res://assets/tilesets/cyber_city_core_tilesets/CyberCity_Core_Tiles_1/CyberCity_Core_Tiles_1/Billboard25_7.png,Billboard25_7.png,NEON_SIGN,sign_billboard,147,148,146,140,59.1,"[""C_LARGE_OBJECT_PAINT""]",True,C_LARGE_OBJECT_PAINT
pvg_neon_sign_billboard25_8_c9de4e57,res://assets/tilesets/cyber_city_core_tilesets/CyberCity_Core_Tiles_1/CyberCity_Core_Tiles_1/Billboard25_8.png,Billboard25_8.png,NEON_SIGN,sign_billboard,159,143,156,140,60.76,"[""C_LARGE_OBJECT_PAINT""]",True,C_LARGE_OBJECT_PAINT
pvg_neon_sign_billboard26_1_9e5b4575,res://assets/tilesets/cyber_city_core_tilesets/CyberCity_Core_Tiles_1/CyberCity_Core_Tiles_1/Billboard26_1.png,Billboard26_1.png,NEON_SIGN,sign_billboard,214,76,202,66,19.88,"[""C_LARGE_OBJECT_PAINT""]",True,C_LARGE_OBJECT_PAINT
pvg_neon_sign_billboard26_2_b862251e,res://assets/tilesets/cyber_city_core_tilesets/CyberCity_Core_Tiles_1/CyberCity_Core_Tiles_1/Billboard26_2.png,Billboard26_2.png,NEON_SIGN,sign_billboard,17,207,8,204,74.88,"[""C_LARGE_OBJECT_PAINT""]",True,C_LARGE_OBJECT_PAINT
pvg_neon_sign_billboard26_3_5c5d8ae3,res://assets/tilesets/cyber_city_core_tilesets/CyberCity_Core_Tiles_1/CyberCity_Core_Tiles_1/Billboard26_3.png,Billboard26_3.png,NEON_SIGN,sign_billboard,214,75,202,66,18.38,"[""C_LARGE_OBJECT_PAINT""]",True,C_LARGE_OBJECT_PAINT
pvg_neon_sign_billboard26_4_e9261128,res://assets/tilesets/cyber_city_core_tilesets/CyberCity_Core_Tiles_1/CyberCity_Core_Tiles_1/Billboard26_4.png,Billboard26_4.png,NEON_SIGN,sign_billboard,15,205,9,204,65.3,"[""C_LARGE_OBJECT_PAINT""]",True,C_LARGE_OBJECT_PAINT
pvg_neon_sign_billboard26_5_ae4b42ae,res://assets/tilesets/cyber_city_core_tilesets/CyberCity_Core_Tiles_1/CyberCity_Core_Tiles_1/Billboard26_5.png,Billboard26_5.png,NEON_SIGN,sign_billboard,155,165,146,163,62.6,"[""C_LARGE_OBJECT_PAINT""]",True,C_LARGE_OBJECT_PAINT
pvg_neon_sign_billboard26_6_44d2909b,res://assets/tilesets/cyber_city_core_tilesets/CyberCity_Core_Tiles_1/CyberCity_Core_Tiles_1/Billboard26_6.png,Billboard26_6.png,NEON_SIGN,sign_billboard,153,165,146,164,62.06,"[""C_LARGE_OBJECT_PAINT""]",True,C_LARGE_OBJECT_PAINT
pvg_neon_sign_billboard26_7_5a5b7f62,res://assets/tilesets/cyber_city_core_tilesets/CyberCity_Core_Tiles_1/CyberCity_Core_Tiles_1/Billboard26_7.png,Billboard26_7.png,NEON_SIGN,sign_billboard,155,168,146,164,63.16,"[""C_LARGE_OBJECT_PAINT""]",True,C_LARGE_OBJECT_PAINT
pvg_neon_sign_billboard26_8_547f3149,res://assets/tilesets/cyber_city_core_tilesets/CyberCity_Core_Tiles_1/CyberCity_Core_Tiles_1/Billboard26_8.png,Billboard26_8.png,NEON_SIGN,sign_billboard,155,166,147,163,62.85,"[""C_LARGE_OBJECT_PAINT""]",True,C_LARGE_OBJECT_PAINT
pvg_neon_sign_billboard27_1_2fce7a7f,res://assets/tilesets/cyber_city_core_tilesets/CyberCity_Core_Tiles_1/CyberCity_Core_Tiles_1/Billboard27_1.png,Billboard27_1.png,NEON_SIGN,sign_billboard,261,58,253,51,36.04,"[""C_LARGE_OBJECT_PAINT""]",True,C_LARGE_OBJECT_PAINT
pvg_neon_sign_billboard27_2_d226784b,res://assets/tilesets/cyber_city_core_tilesets/CyberCity_Core_Tiles_1/CyberCity_Core_Tiles_1/Billboard27_2.png,Billboard27_2.png,NEON_SIGN,sign_billboard,50,219,43,213,66.55,"[""C_LARGE_OBJECT_PAINT""]",True,C_LARGE_OBJECT_PAINT
pvg_neon_sign_billboard27_3_26b64c52,res://assets/tilesets/cyber_city_core_tilesets/CyberCity_Core_Tiles_1/CyberCity_Core_Tiles_1/Billboard27_3.png,Billboard27_3.png,NEON_SIGN,sign_billboard,260,62,253,56,39.09,"[""C_LARGE_OBJECT_PAINT""]",True,C_LARGE_OBJECT_PAINT
pvg_neon_sign_billboard27_4_baeabaab,res://assets/tilesets/cyber_city_core_tilesets/CyberCity_Core_Tiles_1/CyberCity_Core_Tiles_1/Billboard27_4.png,Billboard27_4.png,NEON_SIGN,sign_billboard,53,203,43,201,65.5,"[""C_LARGE_OBJECT_PAINT""]",True,C_LARGE_OBJECT_PAINT
pvg_neon_sign_billboard27_5_336c41ef,res://assets/tilesets/cyber_city_core_tilesets/CyberCity_Core_Tiles_1/CyberCity_Core_Tiles_1/Billboard27_5.png,Billboard27_5.png,NEON_SIGN,sign_billboard,203,168,198,165,75.93,"[""C_LARGE_OBJECT_PAINT""]",True,C_LARGE_OBJECT_PAINT
pvg_neon_sign_billboard27_6_6f83a62a,res://assets/tilesets/cyber_city_core_tilesets/CyberCity_Core_Tiles_1/CyberCity_Core_Tiles_1/Billboard27_6.png,Billboard27_6.png,NEON_SIGN,sign_billboard,194,156,184,154,73.44,"[""C_LARGE_OBJECT_PAINT""]",True,C_LARGE_OBJECT_PAINT
pvg_neon_sign_billboard27_7_981181e0,res://assets/tilesets/cyber_city_core_tilesets/CyberCity_Core_Tiles_1/CyberCity_Core_Tiles_1/Billboard27_7.png,Billboard27_7.png,NEON_SIGN,sign_billboard,193,170,184,165,74.48,"[""C_LARGE_OBJECT_PAINT""]",True,C_LARGE_OBJECT_PAINT
pvg_neon_sign_billboard27_8_19497a4b,res://assets/tilesets/cyber_city_core_tilesets/CyberCity_Core_Tiles_1/CyberCity_Core_Tiles_1/Billboard27_8.png,Billboard27_8.png,NEON_SIGN,sign_billboard,203,159,198,151,74.22,"[""C_LARGE_OBJECT_PAINT""]",True,C_LARGE_OBJECT_PAINT
pvg_neon_sign_billboard28_1_badc74c2,res://assets/tilesets/cyber_city_core_tilesets/CyberCity_Core_Tiles_1/CyberCity_Core_Tiles_1/Billboard28_1.png,Billboard28_1.png,NEON_SIGN,sign_billboard,211,35,202,23,37.39,"[""C_LARGE_OBJECT_PAINT""]",True,C_LARGE_OBJECT_PAINT
pvg_neon_sign_billboard28_2_beb642e4,res://assets/tilesets/cyber_city_core_tilesets/CyberCity_Core_Tiles_1/CyberCity_Core_Tiles_1/Billboard28_2.png,Billboard28_2.png,NEON_SIGN,sign_billboard,15,162,5,161,67.04,"[""C_LARGE_OBJECT_PAINT""]",True,C_LARGE_OBJECT_PAINT
pvg_neon_sign_billboard28_3_c5386154,res://assets/tilesets/cyber_city_core_tilesets/CyberCity_Core_Tiles_1/CyberCity_Core_Tiles_1/Billboard28_3.png,Billboard28_3.png,NEON_SIGN,sign_billboard,211,34,202,23,35.57,"[""C_LARGE_OBJECT_PAINT""]",True,C_LARGE_OBJECT_PAINT
pvg_neon_sign_billboard28_4_eb330e07,res://assets/tilesets/cyber_city_core_tilesets/CyberCity_Core_Tiles_1/CyberCity_Core_Tiles_1/Billboard28_4.png,Billboard28_4.png,NEON_SIGN,sign_billboard,15,164,5,160,67.56,"[""C_LARGE_OBJECT_PAINT""]",True,C_LARGE_OBJECT_PAINT
pvg_neon_sign_billboard28_5_7a4e85f4,res://assets/tilesets/cyber_city_core_tilesets/CyberCity_Core_Tiles_1/CyberCity_Core_Tiles_1/Billboard28_5.png,Billboard28_5.png,NEON_SIGN,sign_billboard,151,122,145,120,80.76,"[""C_LARGE_OBJECT_PAINT""]",True,C_LARGE_OBJECT_PAINT
pvg_neon_sign_billboard28_6_57277ee8,res://assets/tilesets/cyber_city_core_tilesets/CyberCity_Core_Tiles_1/CyberCity_Core_Tiles_1/Billboard28_6.png,Billboard28_6.png,NEON_SIGN,sign_billboard,150,126,145,121,81.21,"[""C_LARGE_OBJECT_PAINT""]",True,C_LARGE_OBJECT_PAINT
pvg_neon_sign_billboard28_7_f5f7fa74,res://assets/tilesets/cyber_city_core_tilesets/CyberCity_Core_Tiles_1/CyberCity_Core_Tiles_1/Billboard28_7.png,Billboard28_7.png,NEON_SIGN,sign_billboard,152,123,144,120,81.09,"[""C_LARGE_OBJECT_PAINT""]",True,C_LARGE_OBJECT_PAINT
pvg_neon_sign_billboard28_8_3b4cace7,res://assets/tilesets/cyber_city_core_tilesets/CyberCity_Core_Tiles_1/CyberCity_Core_Tiles_1/Billboard28_8.png,Billboard28_8.png,NEON_SIGN,sign_billboard,151,127,144,121,81.57,"[""C_LARGE_OBJECT_PAINT""]",True,C_LARGE_OBJECT_PAINT
pvg_neon_sign_billboard29_1_e4906b6e,res://assets/tilesets/cyber_city_core_tilesets/CyberCity_Core_Tiles_1/CyberCity_Core_Tiles_1/Billboard29_1.png,Billboard29_1.png,NEON_SIGN,sign_billboard,121,32,120,27,46.77,"[""C_LARGE_OBJECT_PAINT""]",True,C_LARGE_OBJECT_PAINT
pvg_neon_sign_billboard29_2_3f2045e6,res://assets/tilesets/cyber_city_core_tilesets/CyberCity_Core_Tiles_1/CyberCity_Core_Tiles_1/Billboard29_2.png,Billboard29_2.png,NEON_SIGN,sign_billboard,15,100,6,99,61.33,"[""C_LARGE_OBJECT_PAINT""]",True,C_LARGE_OBJECT_PAINT
pvg_neon_sign_billboard29_3_888616d2,res://assets/tilesets/cyber_city_core_tilesets/CyberCity_Core_Tiles_1/CyberCity_Core_Tiles_1/Billboard29_3.png,Billboard29_3.png,NEON_SIGN,sign_billboard,121,33,119,28,48.21,"[""C_LARGE_OBJECT_PAINT""]",True,C_LARGE_OBJECT_PAINT
pvg_neon_sign_billboard29_4_d68f9ff5,res://assets/tilesets/cyber_city_core_tilesets/CyberCity_Core_Tiles_1/CyberCity_Core_Tiles_1/Billboard29_4.png,Billboard29_4.png,NEON_SIGN,sign_billboard,15,102,6,99,62.03,"[""C_LARGE_OBJECT_PAINT""]",True,C_LARGE_OBJECT_PAINT
pvg_neon_sign_billboard29_5_e36b3e68,res://assets/tilesets/cyber_city_core_tilesets/CyberCity_Core_Tiles_1/CyberCity_Core_Tiles_1/Billboard29_5.png,Billboard29_5.png,NEON_SIGN,sign_billboard,93,82,87,78,78.44,"[""C_LARGE_OBJECT_PAINT""]",True,C_LARGE_OBJECT_PAINT
pvg_neon_sign_billboard29_6_9ecb335a,res://assets/tilesets/cyber_city_core_tilesets/CyberCity_Core_Tiles_1/CyberCity_Core_Tiles_1/Billboard29_6.png,Billboard29_6.png,NEON_SIGN,sign_billboard,97,80,87,78,78.83,"[""C_LARGE_OBJECT_PAINT""]",True,C_LARGE_OBJECT_PAINT
pvg_neon_sign_billboard29_7_5166f9dc,res://assets/tilesets/cyber_city_core_tilesets/CyberCity_Core_Tiles_1/CyberCity_Core_Tiles_1/Billboard29_7.png,Billboard29_7.png,NEON_SIGN,sign_billboard,89,80,87,78,76.88,"[""C_LARGE_OBJECT_PAINT""]",True,C_LARGE_OBJECT_PAINT
pvg_neon_sign_billboard29_8_78c6dddc,res://assets/tilesets/cyber_city_core_tilesets/CyberCity_Core_Tiles_1/CyberCity_Core_Tiles_1/Billboard29_8.png,Billboard29_8.png,NEON_SIGN,sign_billboard,89,79,87,79,76.55,"[""C_LARGE_OBJECT_PAINT""]",True,C_LARGE_OBJECT_PAINT
pvg_neon_sign_billboard2_1_63ccbe7a,res://assets/tilesets/cyber_city_core_tilesets/CyberCity_Core_Tiles_1/CyberCity_Core_Tiles_1/Billboard2_1.png,Billboard2_1.png,NEON_SIGN,sign_billboard,375,85,369,76,20.54,"[""C_LARGE_OBJECT_PAINT""]",True,C_LARGE_OBJECT_PAINT
pvg_neon_sign_billboard2_2_1b74ca8d,res://assets/tilesets/cyber_city_core_tilesets/CyberCity_Core_Tiles_1/CyberCity_Core_Tiles_1/Billboard2_2.png,Billboard2_2.png,NEON_SIGN,sign_billboard,44,310,35,308,31.28,"[""C_LARGE_OBJECT_PAINT""]",True,C_LARGE_OBJECT_PAINT
pvg_neon_sign_billboard2_3_7c8fdad4,res://assets/tilesets/cyber_city_core_tilesets/CyberCity_Core_Tiles_1/CyberCity_Core_Tiles_1/Billboard2_3.png,Billboard2_3.png,NEON_SIGN,sign_billboard,374,81,369,76,16.37,"[""C_LARGE_OBJECT_PAINT""]",True,C_LARGE_OBJECT_PAINT
pvg_neon_sign_billboard2_4_39fc2c73,res://assets/tilesets/cyber_city_core_tilesets/CyberCity_Core_Tiles_1/CyberCity_Core_Tiles_1/Billboard2_4.png,Billboard2_4.png,NEON_SIGN,sign_billboard,44,310,35,308,32.43,"[""C_LARGE_OBJECT_PAINT""]",True,C_LARGE_OBJECT_PAINT
pvg_neon_sign_billboard2_5_a8febbac,res://assets/tilesets/cyber_city_core_tilesets/CyberCity_Core_Tiles_1/CyberCity_Core_Tiles_1/Billboard2_5.png,Billboard2_5.png,NEON_SIGN,sign_billboard,273,242,271,240,70.2,"[""C_LARGE_OBJECT_PAINT""]",True,C_LARGE_OBJECT_PAINT
pvg_neon_sign_billboard2_6_98f6d520,res://assets/tilesets/cyber_city_core_tilesets/CyberCity_Core_Tiles_1/CyberCity_Core_Tiles_1/Billboard2_6.png,Billboard2_6.png,NEON_SIGN,sign_billboard,273,241,271,240,71.3,"[""C_LARGE_OBJECT_PAINT""]",True,C_LARGE_OBJECT_PAINT
pvg_neon_sign_billboard2_7_2f230cbe,res://assets/tilesets/cyber_city_core_tilesets/CyberCity_Core_Tiles_1/CyberCity_Core_Tiles_1/Billboard2_7.png,Billboard2_7.png,NEON_SIGN,sign_billboard,273,241,271,240,71.32,"[""C_LARGE_OBJECT_PAINT""]",True,C_LARGE_OBJECT_PAINT
pvg_neon_sign_billboard2_8_c7cb3f39,res://assets/tilesets/cyber_city_core_tilesets/CyberCity_Core_Tiles_1/CyberCity_Core_Tiles_1/Billboard2_8.png,Billboard2_8.png,NEON_SIGN,sign_billboard,275,241,271,240,70.28,"[""C_LARGE_OBJECT_PAINT""]",True,C_LARGE_OBJECT_PAINT
pvg_neon_sign_billboard30_1_2cd8ed4c,res://assets/tilesets/cyber_city_core_tilesets/CyberCity_Core_Tiles_1/CyberCity_Core_Tiles_1/Billboard30_1.png,Billboard30_1.png,NEON_SIGN,sign_billboard,109,21,107,13,39.32,"[""C_LARGE_OBJECT_PAINT""]",True,C_LARGE_OBJECT_PAINT
pvg_neon_sign_billboard30_2_77db0819,res://assets/tilesets/cyber_city_core_tilesets/CyberCity_Core_Tiles_1/CyberCity_Core_Tiles_1/Billboard30_2.png,Billboard30_2.png,NEON_SIGN,sign_billboard,13,88,3,86,83.3,"[""C_LARGE_OBJECT_PAINT""]",True,C_LARGE_OBJECT_PAINT
pvg_neon_sign_billboard30_3_dee7583b,res://assets/tilesets/cyber_city_core_tilesets/CyberCity_Core_Tiles_1/CyberCity_Core_Tiles_1/Billboard30_3.png,Billboard30_3.png,NEON_SIGN,sign_billboard,109,20,107,13,36.28,"[""C_LARGE_OBJECT_PAINT""]",True,C_LARGE_OBJECT_PAINT
pvg_neon_sign_billboard30_4_f48986cc,res://assets/tilesets/cyber_city_core_tilesets/CyberCity_Core_Tiles_1/CyberCity_Core_Tiles_1/Billboard30_4.png,Billboard30_4.png,NEON_SIGN,sign_billboard,9,88,3,86,67.68,"[""C_LARGE_OBJECT_PAINT""]",True,C_LARGE_OBJECT_PAINT
pvg_neon_sign_billboard30_5_7dd24b11,res://assets/tilesets/cyber_city_core_tilesets/CyberCity_Core_Tiles_1/CyberCity_Core_Tiles_1/Billboard30_5.png,Billboard30_5.png,NEON_SIGN,sign_billboard,79,66,77,65,79.84,"[""C_LARGE_OBJECT_PAINT""]",True,C_LARGE_OBJECT_PAINT
pvg_neon_sign_billboard30_6_6c93b9a8,res://assets/tilesets/cyber_city_core_tilesets/CyberCity_Core_Tiles_1/CyberCity_Core_Tiles_1/Billboard30_6.png,Billboard30_6.png,NEON_SIGN,sign_billboard,78,66,77,64,79.6,"[""C_LARGE_OBJECT_PAINT""]",True,C_LARGE_OBJECT_PAINT
pvg_neon_sign_billboard30_7_a400c910,res://assets/tilesets/cyber_city_core_tilesets/CyberCity_Core_Tiles_1/CyberCity_Core_Tiles_1/Billboard30_7.png,Billboard30_7.png,NEON_SIGN,sign_billboard,82,66,77,64,80.82,"[""C_LARGE_OBJECT_PAINT""]",True,C_LARGE_OBJECT_PAINT
pvg_neon_sign_billboard30_8_ac426089,res://assets/tilesets/cyber_city_core_tilesets/CyberCity_Core_Tiles_1/CyberCity_Core_Tiles_1/Billboard30_8.png,Billboard30_8.png,NEON_SIGN,sign_billboard,79,66,78,65,80.15,"[""C_LARGE_OBJECT_PAINT""]",True,C_LARGE_OBJECT_PAINT
pvg_neon_sign_billboard31_1_9b5c3ef5,res://assets/tilesets/cyber_city_core_tilesets/CyberCity_Core_Tiles_1/CyberCity_Core_Tiles_1/Billboard31_1.png,Billboard31_1.png,NEON_SIGN,sign_billboard,247,50,242,40,22.88,"[""C_LARGE_OBJECT_PAINT""]",True,C_LARGE_OBJECT_PAINT
pvg_neon_sign_billboard31_2_aa79ebe1,res://assets/tilesets/cyber_city_core_tilesets/CyberCity_Core_Tiles_1/CyberCity_Core_Tiles_1/Billboard31_2.png,Billboard31_2.png,NEON_SIGN,sign_billboard,17,209,6,206,65.33,"[""C_LARGE_OBJECT_PAINT""]",True,C_LARGE_OBJECT_PAINT
pvg_neon_sign_billboard31_3_73a10a32,res://assets/tilesets/cyber_city_core_tilesets/CyberCity_Core_Tiles_1/CyberCity_Core_Tiles_1/Billboard31_3.png,Billboard31_3.png,NEON_SIGN,sign_billboard,249,45,242,40,14.12,"[""C_LARGE_OBJECT_PAINT""]",True,C_LARGE_OBJECT_PAINT
pvg_neon_sign_billboard31_4_0251f34a,res://assets/tilesets/cyber_city_core_tilesets/CyberCity_Core_Tiles_1/CyberCity_Core_Tiles_1/Billboard31_4.png,Billboard31_4.png,NEON_SIGN,sign_billboard,15,206,6,204,60.49,"[""C_LARGE_OBJECT_PAINT""]",True,C_LARGE_OBJECT_PAINT
pvg_neon_sign_billboard31_5_3fab3477,res://assets/tilesets/cyber_city_core_tilesets/CyberCity_Core_Tiles_1/CyberCity_Core_Tiles_1/Billboard31_5.png,Billboard31_5.png,NEON_SIGN,sign_billboard,178,159,174,157,74.95,"[""C_LARGE_OBJECT_PAINT""]",True,C_LARGE_OBJECT_PAINT
pvg_neon_sign_billboard31_6_10d4b018,res://assets/tilesets/cyber_city_core_tilesets/CyberCity_Core_Tiles_1/CyberCity_Core_Tiles_1/Billboard31_6.png,Billboard31_6.png,NEON_SIGN,sign_billboard,182,159,173,156,75.51,"[""C_LARGE_OBJECT_PAINT""]",True,C_LARGE_OBJECT_PAINT
pvg_neon_sign_billboard31_7_b2c35bbb,res://assets/tilesets/cyber_city_core_tilesets/CyberCity_Core_Tiles_1/CyberCity_Core_Tiles_1/Billboard31_7.png,Billboard31_7.png,NEON_SIGN,sign_billboard,180,159,174,158,75.26,"[""C_LARGE_OBJECT_PAINT""]",True,C_LARGE_OBJECT_PAINT
pvg_neon_sign_billboard31_8_0852dee3,res://assets/tilesets/cyber_city_core_tilesets/CyberCity_Core_Tiles_1/CyberCity_Core_Tiles_1/Billboard31_8.png,Billboard31_8.png,NEON_SIGN,sign_billboard,176,159,173,157,74.68,"[""C_LARGE_OBJECT_PAINT""]",True,C_LARGE_OBJECT_PAINT
pvg_neon_sign_billboard32_1_eb81cb25,res://assets/tilesets/cyber_city_core_tilesets/CyberCity_Core_Tiles_1/CyberCity_Core_Tiles_1/Billboard32_1.png,Billboard32_1.png,NEON_SIGN,sign_billboard,234,48,232,40,17.91,"[""C_LARGE_OBJECT_PAINT""]",True,C_LARGE_OBJECT_PAINT
pvg_neon_sign_billboard32_2_7095f315,res://assets/tilesets/cyber_city_core_tilesets/CyberCity_Core_Tiles_1/CyberCity_Core_Tiles_1/Billboard32_2.png,Billboard32_2.png,NEON_SIGN,sign_billboard,17,200,6,199,65.06,"[""C_LARGE_OBJECT_PAINT""]",True,C_LARGE_OBJECT_PAINT
pvg_neon_sign_billboard32_3_8fdc83f6,res://assets/tilesets/cyber_city_core_tilesets/CyberCity_Core_Tiles_1/CyberCity_Core_Tiles_1/Billboard32_3.png,Billboard32_3.png,NEON_SIGN,sign_billboard,238,49,232,40,20.94,"[""C_LARGE_OBJECT_PAINT""]",True,C_LARGE_OBJECT_PAINT
pvg_neon_sign_billboard32_4_a05de8fe,res://assets/tilesets/cyber_city_core_tilesets/CyberCity_Core_Tiles_1/CyberCity_Core_Tiles_1/Billboard32_4.png,Billboard32_4.png,NEON_SIGN,sign_billboard,13,199,6,197,54.46,"[""C_LARGE_OBJECT_PAINT""]",True,C_LARGE_OBJECT_PAINT
pvg_neon_sign_billboard32_5_67146a70,res://assets/tilesets/cyber_city_core_tilesets/CyberCity_Core_Tiles_1/CyberCity_Core_Tiles_1/Billboard32_5.png,Billboard32_5.png,NEON_SIGN,sign_billboard,173,154,167,152,74.51,"[""C_LARGE_OBJECT_PAINT""]",True,C_LARGE_OBJECT_PAINT
pvg_neon_sign_billboard32_6_fcc5df27,res://assets/tilesets/cyber_city_core_tilesets/CyberCity_Core_Tiles_1/CyberCity_Core_Tiles_1/Billboard32_6.png,Billboard32_6.png,NEON_SIGN,sign_billboard,172,153,166,151,74.16,"[""C_LARGE_OBJECT_PAINT""]",True,C_LARGE_OBJECT_PAINT
pvg_neon_sign_billboard32_7_adf53be3,res://assets/tilesets/cyber_city_core_tilesets/CyberCity_Core_Tiles_1/CyberCity_Core_Tiles_1/Billboard32_7.png,Billboard32_7.png,NEON_SIGN,sign_billboard,176,155,166,153,75.07,"[""C_LARGE_OBJECT_PAINT""]",True,C_LARGE_OBJECT_PAINT
pvg_neon_sign_billboard32_8_132d5891,res://assets/tilesets/cyber_city_core_tilesets/CyberCity_Core_Tiles_1/CyberCity_Core_Tiles_1/Billboard32_8.png,Billboard32_8.png,NEON_SIGN,sign_billboard,172,153,166,152,74.24,"[""C_LARGE_OBJECT_PAINT""]",True,C_LARGE_OBJECT_PAINT
pvg_neon_sign_billboard33_1_63c6f64f,res://assets/tilesets/cyber_city_core_tilesets/CyberCity_Core_Tiles_1/CyberCity_Core_Tiles_1/Billboard33_1.png,Billboard33_1.png,NEON_SIGN,sign_billboard,275,65,269,60,21.49,"[""C_LARGE_OBJECT_PAINT""]",True,C_LARGE_OBJECT_PAINT
pvg_neon_sign_billboard33_2_e9f54b32,res://assets/tilesets/cyber_city_core_tilesets/CyberCity_Core_Tiles_1/CyberCity_Core_Tiles_1/Billboard33_2.png,Billboard33_2.png,NEON_SIGN,sign_billboard,34,229,27,227,38.22,"[""C_LARGE_OBJECT_PAINT""]",True,C_LARGE_OBJECT_PAINT
pvg_neon_sign_billboard33_3_4830066c,res://assets/tilesets/cyber_city_core_tilesets/CyberCity_Core_Tiles_1/CyberCity_Core_Tiles_1/Billboard33_3.png,Billboard33_3.png,NEON_SIGN,sign_billboard,274,69,269,59,25.99,"[""C_LARGE_OBJECT_PAINT""]",True,C_LARGE_OBJECT_PAINT
pvg_neon_sign_billboard33_4_74dcf57b,res://assets/tilesets/cyber_city_core_tilesets/CyberCity_Core_Tiles_1/CyberCity_Core_Tiles_1/Billboard33_4.png,Billboard33_4.png,NEON_SIGN,sign_billboard,33,229,26,227,36.54,"[""C_LARGE_OBJECT_PAINT""]",True,C_LARGE_OBJECT_PAINT
pvg_neon_sign_billboard33_5_e92384bf,res://assets/tilesets/cyber_city_core_tilesets/CyberCity_Core_Tiles_1/CyberCity_Core_Tiles_1/Billboard33_5.png,Billboard33_5.png,NEON_SIGN,sign_billboard,204,179,199,177,70.27,"[""C_LARGE_OBJECT_PAINT""]",True,C_LARGE_OBJECT_PAINT
pvg_neon_sign_billboard33_6_584abccc,res://assets/tilesets/cyber_city_core_tilesets/CyberCity_Core_Tiles_1/CyberCity_Core_Tiles_1/Billboard33_6.png,Billboard33_6.png,NEON_SIGN,sign_billboard,201,179,199,177,71.17,"[""C_LARGE_OBJECT_PAINT""]",True,C_LARGE_OBJECT_PAINT
pvg_neon_sign_billboard33_7_ba2e3c27,res://assets/tilesets/cyber_city_core_tilesets/CyberCity_Core_Tiles_1/CyberCity_Core_Tiles_1/Billboard33_7.png,Billboard33_7.png,NEON_SIGN,sign_billboard,205,179,199,178,71.69,"[""C_LARGE_OBJECT_PAINT""]",True,C_LARGE_OBJECT_PAINT
pvg_neon_sign_billboard33_8_bb04a54a,res://assets/tilesets/cyber_city_core_tilesets/CyberCity_Core_Tiles_1/CyberCity_Core_Tiles_1/Billboard33_8.png,Billboard33_8.png,NEON_SIGN,sign_billboard,205,179,199,177,70.51,"[""C_LARGE_OBJECT_PAINT""]",True,C_LARGE_OBJECT_PAINT
pvg_neon_sign_billboard34_1_0bf1949e,res://assets/tilesets/cyber_city_core_tilesets/CyberCity_Core_Tiles_1/CyberCity_Core_Tiles_1/Billboard34_1.png,Billboard34_1.png,NEON_SIGN,sign_billboard,274,62,266,56,46.73,"[""C_LARGE_OBJECT_PAINT""]",True,C_LARGE_OBJECT_PAINT
pvg_neon_sign_billboard34_2_1455181d,res://assets/tilesets/cyber_city_core_tilesets/CyberCity_Core_Tiles_1/CyberCity_Core_Tiles_1/Billboard34_2.png,Billboard34_2.png,NEON_SIGN,sign_billboard,43,234,36,233,29.32,"[""C_LARGE_OBJECT_PAINT""]",True,C_LARGE_OBJECT_PAINT
pvg_neon_sign_billboard34_3_30d24873,res://assets/tilesets/cyber_city_core_tilesets/CyberCity_Core_Tiles_1/CyberCity_Core_Tiles_1/Billboard34_3.png,Billboard34_3.png,NEON_SIGN,sign_billboard,270,78,267,68,14.77,"[""C_LARGE_OBJECT_PAINT""]",True,C_LARGE_OBJECT_PAINT
pvg_neon_sign_billboard34_4_cded573e,res://assets/tilesets/cyber_city_core_tilesets/CyberCity_Core_Tiles_1/CyberCity_Core_Tiles_1/Billboard34_4.png,Billboard34_4.png,NEON_SIGN,sign_billboard,46,235,36,232,34.23,"[""C_LARGE_OBJECT_PAINT""]",True,C_LARGE_OBJECT_PAINT
pvg_neon_sign_billboard34_5_33cf0fde,res://assets/tilesets/cyber_city_core_tilesets/CyberCity_Core_Tiles_1/CyberCity_Core_Tiles_1/Billboard34_5.png,Billboard34_5.png,NEON_SIGN,sign_billboard,214,168,211,166,82.39,"[""C_LARGE_OBJECT_PAINT""]",True,C_LARGE_OBJECT_PAINT
pvg_neon_sign_billboard34_6_1e45ad54,res://assets/tilesets/cyber_city_core_tilesets/CyberCity_Core_Tiles_1/CyberCity_Core_Tiles_1/Billboard34_6.png,Billboard34_6.png,NEON_SIGN,sign_billboard,213,167,212,167,82.17,"[""C_LARGE_OBJECT_PAINT""]",True,C_LARGE_OBJECT_PAINT
pvg_neon_sign_billboard34_7_6b97b277,res://assets/tilesets/cyber_city_core_tilesets/CyberCity_Core_Tiles_1/CyberCity_Core_Tiles_1/Billboard34_7.png,Billboard34_7.png,NEON_SIGN,sign_billboard,216,193,212,191,64.37,"[""C_LARGE_OBJECT_PAINT""]",True,C_LARGE_OBJECT_PAINT
pvg_neon_sign_billboard34_8_875a8ac6,res://assets/tilesets/cyber_city_core_tilesets/CyberCity_Core_Tiles_1/CyberCity_Core_Tiles_1/Billboard34_8.png,Billboard34_8.png,NEON_SIGN,sign_billboard,213,195,211,192,64.23,"[""C_LARGE_OBJECT_PAINT""]",True,C_LARGE_OBJECT_PAINT
pvg_neon_sign_billboard35_1_d9cde9d0,res://assets/tilesets/cyber_city_core_tilesets/CyberCity_Core_Tiles_1/CyberCity_Core_Tiles_1/Billboard35_1.png,Billboard35_1.png,NEON_SIGN,sign_billboard,325,84,313,78,18.52,"[""C_LARGE_OBJECT_PAINT""]",True,C_LARGE_OBJECT_PAINT
pvg_neon_sign_billboard35_2_5bc1dc76,res://assets/tilesets/cyber_city_core_tilesets/CyberCity_Core_Tiles_1/CyberCity_Core_Tiles_1/Billboard35_2.png,Billboard35_2.png,NEON_SIGN,sign_billboard,41,282,34,281,34.76,"[""C_LARGE_OBJECT_PAINT""]",True,C_LARGE_OBJECT_PAINT
pvg_neon_sign_billboard35_3_f0e03889,res://assets/tilesets/cyber_city_core_tilesets/CyberCity_Core_Tiles_1/CyberCity_Core_Tiles_1/Billboard35_3.png,Billboard35_3.png,NEON_SIGN,sign_billboard,324,85,314,75,16.84,"[""C_LARGE_OBJECT_PAINT""]",True,C_LARGE_OBJECT_PAINT
pvg_neon_sign_billboard35_4_5564e0c3,res://assets/tilesets/cyber_city_core_tilesets/CyberCity_Core_Tiles_1/CyberCity_Core_Tiles_1/Billboard35_4.png,Billboard35_4.png,NEON_SIGN,sign_billboard,42,288,33,281,39.47,"[""C_LARGE_OBJECT_PAINT""]",True,C_LARGE_OBJECT_PAINT
pvg_neon_sign_billboard35_5_b6418aa0,res://assets/tilesets/cyber_city_core_tilesets/CyberCity_Core_Tiles_1/CyberCity_Core_Tiles_1/Billboard35_5.png,Billboard35_5.png,NEON_SIGN,sign_billboard,249,229,241,224,69.32,"[""C_LARGE_OBJECT_PAINT""]",True,C_LARGE_OBJECT_PAINT
pvg_neon_sign_billboard35_6_8c10e841,res://assets/tilesets/cyber_city_core_tilesets/CyberCity_Core_Tiles_1/CyberCity_Core_Tiles_1/Billboard35_6.png,Billboard35_6.png,NEON_SIGN,sign_billboard,244,225,240,223,68.13,"[""C_LARGE_OBJECT_PAINT""]",True,C_LARGE_OBJECT_PAINT
pvg_neon_sign_billboard35_7_c93dd576,res://assets/tilesets/cyber_city_core_tilesets/CyberCity_Core_Tiles_1/CyberCity_Core_Tiles_1/Billboard35_7.png,Billboard35_7.png,NEON_SIGN,sign_billboard,248,223,239,221,65.89,"[""C_LARGE_OBJECT_PAINT""]",True,C_LARGE_OBJECT_PAINT
pvg_neon_sign_billboard35_8_5c731ab3,res://assets/tilesets/cyber_city_core_tilesets/CyberCity_Core_Tiles_1/CyberCity_Core_Tiles_1/Billboard35_8.png,Billboard35_8.png,NEON_SIGN,sign_billboard,251,229,241,220,67.14,"[""C_LARGE_OBJECT_PAINT""]",True,C_LARGE_OBJECT_PAINT
pvg_neon_sign_billboard36_1_c5447722,res://assets/tilesets/cyber_city_core_tilesets/CyberCity_Core_Tiles_1/CyberCity_Core_Tiles_1/Billboard36_1.png,Billboard36_1.png,NEON_SIGN,sign_billboard,58,120,49,117,47.37,"[""C_LARGE_OBJECT_PAINT""]",True,C_LARGE_OBJECT_PAINT
pvg_neon_sign_billboard36_2_a8144a04,res://assets/tilesets/cyber_city_core_tilesets/CyberCity_Core_Tiles_1/CyberCity_Core_Tiles_1/Billboard36_2.png,Billboard36_2.png,NEON_SIGN,sign_billboard,41,123,33,123,49.36,"[""C_LARGE_OBJECT_PAINT""]",True,C_LARGE_OBJECT_PAINT
pvg_neon_sign_billboard36_3_eb2c9d7e,res://assets/tilesets/cyber_city_core_tilesets/CyberCity_Core_Tiles_1/CyberCity_Core_Tiles_1/Billboard36_3.png,Billboard36_3.png,NEON_SIGN,sign_billboard,58,119,48,117,47.2,"[""C_LARGE_OBJECT_PAINT""]",True,C_LARGE_OBJECT_PAINT
pvg_neon_sign_billboard36_4_ade61d23,res://assets/tilesets/cyber_city_core_tilesets/CyberCity_Core_Tiles_1/CyberCity_Core_Tiles_1/Billboard36_4.png,Billboard36_4.png,NEON_SIGN,sign_billboard,43,128,33,125,53.43,"[""C_LARGE_OBJECT_PAINT""]",True,C_LARGE_OBJECT_PAINT
pvg_neon_sign_billboard36_5_967da87a,res://assets/tilesets/cyber_city_core_tilesets/CyberCity_Core_Tiles_1/CyberCity_Core_Tiles_1/Billboard36_5.png,Billboard36_5.png,NEON_SIGN,sign_billboard,34,128,23,123,57.9,"[""C_LARGE_OBJECT_PAINT""]",True,C_LARGE_OBJECT_PAINT
pvg_neon_sign_billboard36_6_a674bcb5,res://assets/tilesets/cyber_city_core_tilesets/CyberCity_Core_Tiles_1/CyberCity_Core_Tiles_1/Billboard36_6.png,Billboard36_6.png,NEON_SIGN,sign_billboard,60,118,52,112,45.4,"[""C_LARGE_OBJECT_PAINT""]",True,C_LARGE_OBJECT_PAINT
pvg_neon_sign_billboard36_7_da2914f9,res://assets/tilesets/cyber_city_core_tilesets/CyberCity_Core_Tiles_1/CyberCity_Core_Tiles_1/Billboard36_7.png,Billboard36_7.png,NEON_SIGN,sign_billboard,59,114,52,112,42.31,"[""C_LARGE_OBJECT_PAINT""]",True,C_LARGE_OBJECT_PAINT
pvg_neon_sign_billboard36_8_8c9e8196,res://assets/tilesets/cyber_city_core_tilesets/CyberCity_Core_Tiles_1/CyberCity_Core_Tiles_1/Billboard36_8.png,Billboard36_8.png,NEON_SIGN,sign_billboard,31,130,24,127,52.01,"[""C_LARGE_OBJECT_PAINT""]",True,C_LARGE_OBJECT_PAINT
pvg_neon_sign_billboard37_1_c8f99c52,res://assets/tilesets/cyber_city_core_tilesets/CyberCity_Core_Tiles_1/CyberCity_Core_Tiles_1/Billboard37_1.png,Billboard37_1.png,NEON_SIGN,sign_billboard,85,166,74,155,40.92,"[""C_LARGE_OBJECT_PAINT""]",True,C_LARGE_OBJECT_PAINT
pvg_neon_sign_billboard37_2_22c167f1,res://assets/tilesets/cyber_city_core_tilesets/CyberCity_Core_Tiles_1/CyberCity_Core_Tiles_1/Billboard37_2.png,Billboard37_2.png,NEON_SIGN,sign_billboard,28,184,18,180,56.21,"[""C_LARGE_OBJECT_PAINT""]",True,C_LARGE_OBJECT_PAINT
pvg_neon_sign_billboard37_3_06b4c8ce,res://assets/tilesets/cyber_city_core_tilesets/CyberCity_Core_Tiles_1/CyberCity_Core_Tiles_1/Billboard37_3.png,Billboard37_3.png,NEON_SIGN,sign_billboard,84,162,73,155,39.61,"[""C_LARGE_OBJECT_PAINT""]",True,C_LARGE_OBJECT_PAINT
pvg_neon_sign_billboard37_4_46baec2e,res://assets/tilesets/cyber_city_core_tilesets/CyberCity_Core_Tiles_1/CyberCity_Core_Tiles_1/Billboard37_4.png,Billboard37_4.png,NEON_SIGN,sign_billboard,26,190,18,185,53.34,"[""C_LARGE_OBJECT_PAINT""]",True,C_LARGE_OBJECT_PAINT
pvg_neon_sign_billboard37_5_b8497bf9,res://assets/tilesets/cyber_city_core_tilesets/CyberCity_Core_Tiles_1/CyberCity_Core_Tiles_1/Billboard37_5.png,Billboard37_5.png,NEON_SIGN,sign_billboard,66,176,58,174,39.75,"[""C_LARGE_OBJECT_PAINT""]",True,C_LARGE_OBJECT_PAINT
pvg_neon_sign_billboard37_6_c0b441f7,res://assets/tilesets/cyber_city_core_tilesets/CyberCity_Core_Tiles_1/CyberCity_Core_Tiles_1/Billboard37_6.png,Billboard37_6.png,NEON_SIGN,sign_billboard,67,181,58,174,42.34,"[""C_LARGE_OBJECT_PAINT""]",True,C_LARGE_OBJECT_PAINT
pvg_neon_sign_billboard37_7_da49bea0,res://assets/tilesets/cyber_city_core_tilesets/CyberCity_Core_Tiles_1/CyberCity_Core_Tiles_1/Billboard37_7.png,Billboard37_7.png,NEON_SIGN,sign_billboard,66,182,58,174,41.84,"[""C_LARGE_OBJECT_PAINT""]",True,C_LARGE_OBJECT_PAINT
pvg_neon_sign_billboard37_8_2e56a56d,res://assets/tilesets/cyber_city_core_tilesets/CyberCity_Core_Tiles_1/CyberCity_Core_Tiles_1/Billboard37_8.png,Billboard37_8.png,NEON_SIGN,sign_billboard,68,177,58,174,41.87,"[""C_LARGE_OBJECT_PAINT""]",True,C_LARGE_OBJECT_PAINT
pvg_neon_sign_billboard38_1_b212d419,res://assets/tilesets/cyber_city_core_tilesets/CyberCity_Core_Tiles_1/CyberCity_Core_Tiles_1/Billboard38_1.png,Billboard38_1.png,NEON_SIGN,sign_billboard,59,202,49,198,52.79,"[""C_LARGE_OBJECT_PAINT""]",True,C_LARGE_OBJECT_PAINT
pvg_neon_sign_billboard38_2_ad752bd4,res://assets/tilesets/cyber_city_core_tilesets/CyberCity_Core_Tiles_1/CyberCity_Core_Tiles_1/Billboard38_2.png,Billboard38_2.png,NEON_SIGN,sign_billboard,37,233,27,227,70.1,"[""C_LARGE_OBJECT_PAINT""]",True,C_LARGE_OBJECT_PAINT
pvg_neon_sign_billboard38_3_7a3bd6ca,res://assets/tilesets/cyber_city_core_tilesets/CyberCity_Core_Tiles_1/CyberCity_Core_Tiles_1/Billboard38_3.png,Billboard38_3.png,NEON_SIGN,sign_billboard,56,205,49,201,51.14,"[""C_LARGE_OBJECT_PAINT""]",True,C_LARGE_OBJECT_PAINT
pvg_neon_sign_billboard38_4_8055feb2,res://assets/tilesets/cyber_city_core_tilesets/CyberCity_Core_Tiles_1/CyberCity_Core_Tiles_1/Billboard38_4.png,Billboard38_4.png,NEON_SIGN,sign_billboard,38,192,27,189,67.96,"[""C_LARGE_OBJECT_PAINT""]",True,C_LARGE_OBJECT_PAINT
pvg_neon_sign_billboard38_5_53be0fd3,res://assets/tilesets/cyber_city_core_tilesets/CyberCity_Core_Tiles_1/CyberCity_Core_Tiles_1/Billboard38_5.png,Billboard38_5.png,NEON_SIGN,sign_billboard,48,220,37,218,59.2,"[""C_LARGE_OBJECT_PAINT""]",True,C_LARGE_OBJECT_PAINT
pvg_neon_sign_billboard38_6_dfc45ffe,res://assets/tilesets/cyber_city_core_tilesets/CyberCity_Core_Tiles_1/CyberCity_Core_Tiles_1/Billboard38_6.png,Billboard38_6.png,NEON_SIGN,sign_billboard,48,191,37,189,42.63,"[""C_LARGE_OBJECT_PAINT""]",True,C_LARGE_OBJECT_PAINT
pvg_neon_sign_billboard38_7_c3a77f6b,res://assets/tilesets/cyber_city_core_tilesets/CyberCity_Core_Tiles_1/CyberCity_Core_Tiles_1/Billboard38_7.png,Billboard38_7.png,NEON_SIGN,sign_billboard,46,222,37,219,46.24,"[""C_LARGE_OBJECT_PAINT""]",True,C_LARGE_OBJECT_PAINT
pvg_neon_sign_billboard38_8_36255a9d,res://assets/tilesets/cyber_city_core_tilesets/CyberCity_Core_Tiles_1/CyberCity_Core_Tiles_1/Billboard38_8.png,Billboard38_8.png,NEON_SIGN,sign_billboard,47,202,37,199,53.42,"[""C_LARGE_OBJECT_PAINT""]",True,C_LARGE_OBJECT_PAINT
pvg_neon_sign_billboard39_1_b5079ddc,res://assets/tilesets/cyber_city_core_tilesets/CyberCity_Core_Tiles_1/CyberCity_Core_Tiles_1/Billboard39_1.png,Billboard39_1.png,NEON_SIGN,sign_billboard,138,158,131,156,14.37,"[""C_LARGE_OBJECT_PAINT""]",True,C_LARGE_OBJECT_PAINT
pvg_neon_sign_billboard39_2_c0308c99,res://assets/tilesets/cyber_city_core_tilesets/CyberCity_Core_Tiles_1/CyberCity_Core_Tiles_1/Billboard39_2.png,Billboard39_2.png,NEON_SIGN,sign_billboard,78,237,67,235,78.9,"[""C_LARGE_OBJECT_PAINT""]",True,C_LARGE_OBJECT_PAINT
pvg_neon_sign_billboard39_3_63ec3df0,res://assets/tilesets/cyber_city_core_tilesets/CyberCity_Core_Tiles_1/CyberCity_Core_Tiles_1/Billboard39_3.png,Billboard39_3.png,NEON_SIGN,sign_billboard,139,203,131,195,31.84,"[""C_LARGE_OBJECT_PAINT""]",True,C_LARGE_OBJECT_PAINT
pvg_neon_sign_billboard39_4_561e82b8,res://assets/tilesets/cyber_city_core_tilesets/CyberCity_Core_Tiles_1/CyberCity_Core_Tiles_1/Billboard39_4.png,Billboard39_4.png,NEON_SIGN,sign_billboard,78,236,67,235,78.8,"[""C_LARGE_OBJECT_PAINT""]",True,C_LARGE_OBJECT_PAINT
pvg_neon_sign_billboard39_5_4c4964ec,res://assets/tilesets/cyber_city_core_tilesets/CyberCity_Core_Tiles_1/CyberCity_Core_Tiles_1/Billboard39_5.png,Billboard39_5.png,NEON_SIGN,sign_billboard,137,214,132,213,50.0,"[""C_LARGE_OBJECT_PAINT""]",True,C_LARGE_OBJECT_PAINT
pvg_neon_sign_billboard39_6_cc0827d8,res://assets/tilesets/cyber_city_core_tilesets/CyberCity_Core_Tiles_1/CyberCity_Core_Tiles_1/Billboard39_6.png,Billboard39_6.png,NEON_SIGN,sign_billboard,137,214,133,213,50.82,"[""C_LARGE_OBJECT_PAINT""]",True,C_LARGE_OBJECT_PAINT
pvg_neon_sign_billboard39_7_d652a5c6,res://assets/tilesets/cyber_city_core_tilesets/CyberCity_Core_Tiles_1/CyberCity_Core_Tiles_1/Billboard39_7.png,Billboard39_7.png,NEON_SIGN,sign_billboard,138,242,133,241,55.48,"[""C_LARGE_OBJECT_PAINT""]",True,C_LARGE_OBJECT_PAINT
pvg_neon_sign_billboard39_8_b28f2c9a,res://assets/tilesets/cyber_city_core_tilesets/CyberCity_Core_Tiles_1/CyberCity_Core_Tiles_1/Billboard39_8.png,Billboard39_8.png,NEON_SIGN,sign_billboard,140,243,133,241,55.99,"[""C_LARGE_OBJECT_PAINT""]",True,C_LARGE_OBJECT_PAINT
pvg_neon_sign_billboard3_1_dbc67599,res://assets/tilesets/cyber_city_core_tilesets/CyberCity_Core_Tiles_1/CyberCity_Core_Tiles_1/Billboard3_1.png,Billboard3_1.png,NEON_SIGN,sign_billboard,374,83,369,76,18.48,"[""C_LARGE_OBJECT_PAINT""]",True,C_LARGE_OBJECT_PAINT
pvg_neon_sign_billboard3_2_98f2ecaf,res://assets/tilesets/cyber_city_core_tilesets/CyberCity_Core_Tiles_1/CyberCity_Core_Tiles_1/Billboard3_2.png,Billboard3_2.png,NEON_SIGN,sign_billboard,43,309,34,308,31.63,"[""C_LARGE_OBJECT_PAINT""]",True,C_LARGE_OBJECT_PAINT
pvg_neon_sign_billboard3_3_2339071f,res://assets/tilesets/cyber_city_core_tilesets/CyberCity_Core_Tiles_1/CyberCity_Core_Tiles_1/Billboard3_3.png,Billboard3_3.png,NEON_SIGN,sign_billboard,373,81,369,75,17.27,"[""C_LARGE_OBJECT_PAINT""]",True,C_LARGE_OBJECT_PAINT
pvg_neon_sign_billboard3_4_7f117c08,res://assets/tilesets/cyber_city_core_tilesets/CyberCity_Core_Tiles_1/CyberCity_Core_Tiles_1/Billboard3_4.png,Billboard3_4.png,NEON_SIGN,sign_billboard,42,310,35,308,29.92,"[""C_LARGE_OBJECT_PAINT""]",True,C_LARGE_OBJECT_PAINT
pvg_neon_sign_billboard3_5_f7c865a7,res://assets/tilesets/cyber_city_core_tilesets/CyberCity_Core_Tiles_1/CyberCity_Core_Tiles_1/Billboard3_5.png,Billboard3_5.png,NEON_SIGN,sign_billboard,279,241,271,239,70.85,"[""C_LARGE_OBJECT_PAINT""]",True,C_LARGE_OBJECT_PAINT
pvg_neon_sign_billboard3_6_9dbfb4a5,res://assets/tilesets/cyber_city_core_tilesets/CyberCity_Core_Tiles_1/CyberCity_Core_Tiles_1/Billboard3_6.png,Billboard3_6.png,NEON_SIGN,sign_billboard,276,241,272,239,71.72,"[""C_LARGE_OBJECT_PAINT""]",True,C_LARGE_OBJECT_PAINT
pvg_neon_sign_billboard3_7_04926fa6,res://assets/tilesets/cyber_city_core_tilesets/CyberCity_Core_Tiles_1/CyberCity_Core_Tiles_1/Billboard3_7.png,Billboard3_7.png,NEON_SIGN,sign_billboard,277,240,271,239,71.7,"[""C_LARGE_OBJECT_PAINT""]",True,C_LARGE_OBJECT_PAINT
pvg_neon_sign_billboard3_8_53027862,res://assets/tilesets/cyber_city_core_tilesets/CyberCity_Core_Tiles_1/CyberCity_Core_Tiles_1/Billboard3_8.png,Billboard3_8.png,NEON_SIGN,sign_billboard,273,241,272,239,70.2,"[""C_LARGE_OBJECT_PAINT""]",True,C_LARGE_OBJECT_PAINT
pvg_neon_sign_billboard4_1_0f768176,res://assets/tilesets/cyber_city_core_tilesets/CyberCity_Core_Tiles_1/CyberCity_Core_Tiles_1/Billboard4_1.png,Billboard4_1.png,NEON_SIGN,sign_billboard,107,198,98,193,29.5,"[""C_LARGE_OBJECT_PAINT""]",True,C_LARGE_OBJECT_PAINT
pvg_neon_sign_billboard4_2_bf3c3f62,res://assets/tilesets/cyber_city_core_tilesets/CyberCity_Core_Tiles_1/CyberCity_Core_Tiles_1/Billboard4_2.png,Billboard4_2.png,NEON_SIGN,sign_billboard,63,237,52,236,63.22,"[""C_LARGE_OBJECT_PAINT""]",True,C_LARGE_OBJECT_PAINT
pvg_neon_sign_billboard4_3_02e8eb5c,res://assets/tilesets/cyber_city_core_tilesets/CyberCity_Core_Tiles_1/CyberCity_Core_Tiles_1/Billboard4_3.png,Billboard4_3.png,NEON_SIGN,sign_billboard,104,200,98,194,28.45,"[""C_LARGE_OBJECT_PAINT""]",True,C_LARGE_OBJECT_PAINT
pvg_neon_sign_billboard4_4_3224a286,res://assets/tilesets/cyber_city_core_tilesets/CyberCity_Core_Tiles_1/CyberCity_Core_Tiles_1/Billboard4_4.png,Billboard4_4.png,NEON_SIGN,sign_billboard,59,238,52,236,60.72,"[""C_LARGE_OBJECT_PAINT""]",True,C_LARGE_OBJECT_PAINT
pvg_neon_sign_billboard4_5_36dc744d,res://assets/tilesets/cyber_city_core_tilesets/CyberCity_Core_Tiles_1/CyberCity_Core_Tiles_1/Billboard4_5.png,Billboard4_5.png,NEON_SIGN,sign_billboard,107,225,98,224,47.23,"[""C_LARGE_OBJECT_PAINT""]",True,C_LARGE_OBJECT_PAINT
pvg_neon_sign_billboard4_6_c1437a22,res://assets/tilesets/cyber_city_core_tilesets/CyberCity_Core_Tiles_1/CyberCity_Core_Tiles_1/Billboard4_6.png,Billboard4_6.png,NEON_SIGN,sign_billboard,63,225,54,224,26.03,"[""C_LARGE_OBJECT_PAINT""]",True,C_LARGE_OBJECT_PAINT
pvg_neon_sign_billboard4_7_ecd9ce86,res://assets/tilesets/cyber_city_core_tilesets/CyberCity_Core_Tiles_1/CyberCity_Core_Tiles_1/Billboard4_7.png,Billboard4_7.png,NEON_SIGN,sign_billboard,65,225,54,224,27.9,"[""C_LARGE_OBJECT_PAINT""]",True,C_LARGE_OBJECT_PAINT
pvg_neon_sign_billboard4_8_c6f2593a,res://assets/tilesets/cyber_city_core_tilesets/CyberCity_Core_Tiles_1/CyberCity_Core_Tiles_1/Billboard4_8.png,Billboard4_8.png,NEON_SIGN,sign_billboard,104,226,98,224,45.8,"[""C_LARGE_OBJECT_PAINT""]",True,C_LARGE_OBJECT_PAINT
pvg_neon_sign_billboard5_1_8d746ca5,res://assets/tilesets/cyber_city_core_tilesets/CyberCity_Core_Tiles_1/CyberCity_Core_Tiles_1/Billboard5_1.png,Billboard5_1.png,NEON_SIGN,sign_billboard,75,222,65,216,27.68,"[""C_LARGE_OBJECT_PAINT""]",True,C_LARGE_OBJECT_PAINT
pvg_neon_sign_billboard5_2_cef96678,res://assets/tilesets/cyber_city_core_tilesets/CyberCity_Core_Tiles_1/CyberCity_Core_Tiles_1/Billboard5_2.png,Billboard5_2.png,NEON_SIGN,sign_billboard,20,260,14,256,55.4,"[""C_LARGE_OBJECT_PAINT""]",True,C_LARGE_OBJECT_PAINT
pvg_neon_sign_billboard5_3_15231bfe,res://assets/tilesets/cyber_city_core_tilesets/CyberCity_Core_Tiles_1/CyberCity_Core_Tiles_1/Billboard5_3.png,Billboard5_3.png,NEON_SIGN,sign_billboard,73,226,64,216,27.22,"[""C_LARGE_OBJECT_PAINT""]",True,C_LARGE_OBJECT_PAINT
pvg_neon_sign_billboard5_4_b727711f,res://assets/tilesets/cyber_city_core_tilesets/CyberCity_Core_Tiles_1/CyberCity_Core_Tiles_1/Billboard5_4.png,Billboard5_4.png,NEON_SIGN,sign_billboard,21,250,14,248,60.06,"[""C_LARGE_OBJECT_PAINT""]",True,C_LARGE_OBJECT_PAINT
pvg_neon_sign_billboard5_5_64bdd571,res://assets/tilesets/cyber_city_core_tilesets/CyberCity_Core_Tiles_1/CyberCity_Core_Tiles_1/Billboard5_5.png,Billboard5_5.png,NEON_SIGN,sign_billboard,59,247,51,244,34.98,"[""C_LARGE_OBJECT_PAINT""]",True,C_LARGE_OBJECT_PAINT
pvg_neon_sign_billboard5_6_5aff7378,res://assets/tilesets/cyber_city_core_tilesets/CyberCity_Core_Tiles_1/CyberCity_Core_Tiles_1/Billboard5_6.png,Billboard5_6.png,NEON_SIGN,sign_billboard,59,242,52,239,32.28,"[""C_LARGE_OBJECT_PAINT""]",True,C_LARGE_OBJECT_PAINT
pvg_neon_sign_billboard5_7_996f0e86,res://assets/tilesets/cyber_city_core_tilesets/CyberCity_Core_Tiles_1/CyberCity_Core_Tiles_1/Billboard5_7.png,Billboard5_7.png,NEON_SIGN,sign_billboard,60,248,51,244,36.32,"[""C_LARGE_OBJECT_PAINT""]",True,C_LARGE_OBJECT_PAINT
pvg_neon_sign_billboard5_8_ef3598c4,res://assets/tilesets/cyber_city_core_tilesets/CyberCity_Core_Tiles_1/CyberCity_Core_Tiles_1/Billboard5_8.png,Billboard5_8.png,NEON_SIGN,sign_billboard,58,246,52,240,32.39,"[""C_LARGE_OBJECT_PAINT""]",True,C_LARGE_OBJECT_PAINT
pvg_neon_sign_billboard6_1_fc43fbc2,res://assets/tilesets/cyber_city_core_tilesets/CyberCity_Core_Tiles_1/CyberCity_Core_Tiles_1/Billboard6_1.png,Billboard6_1.png,NEON_SIGN,sign_billboard,76,211,65,205,31.93,"[""C_LARGE_OBJECT_PAINT""]",True,C_LARGE_OBJECT_PAINT
pvg_neon_sign_billboard6_2_6eb73210,res://assets/tilesets/cyber_city_core_tilesets/CyberCity_Core_Tiles_1/CyberCity_Core_Tiles_1/Billboard6_2.png,Billboard6_2.png,NEON_SIGN,sign_billboard,23,240,15,233,51.9,"[""C_LARGE_OBJECT_PAINT""]",True,C_LARGE_OBJECT_PAINT
pvg_neon_sign_billboard6_3_ffebb4c1,res://assets/tilesets/cyber_city_core_tilesets/CyberCity_Core_Tiles_1/CyberCity_Core_Tiles_1/Billboard6_3.png,Billboard6_3.png,NEON_SIGN,sign_billboard,70,218,66,208,27.75,"[""C_LARGE_OBJECT_PAINT""]",True,C_LARGE_OBJECT_PAINT
pvg_neon_sign_billboard6_4_70120e57,res://assets/tilesets/cyber_city_core_tilesets/CyberCity_Core_Tiles_1/CyberCity_Core_Tiles_1/Billboard6_4.png,Billboard6_4.png,NEON_SIGN,sign_billboard,23,236,15,231,52.67,"[""C_LARGE_OBJECT_PAINT""]",True,C_LARGE_OBJECT_PAINT
pvg_neon_sign_billboard6_5_0648324d,res://assets/tilesets/cyber_city_core_tilesets/CyberCity_Core_Tiles_1/CyberCity_Core_Tiles_1/Billboard6_5.png,Billboard6_5.png,NEON_SIGN,sign_billboard,64,230,54,226,37.35,"[""C_LARGE_OBJECT_PAINT""]",True,C_LARGE_OBJECT_PAINT
pvg_neon_sign_billboard6_6_784ed855,res://assets/tilesets/cyber_city_core_tilesets/CyberCity_Core_Tiles_1/CyberCity_Core_Tiles_1/Billboard6_6.png,Billboard6_6.png,NEON_SIGN,sign_billboard,62,230,53,225,35.09,"[""C_LARGE_OBJECT_PAINT""]",True,C_LARGE_OBJECT_PAINT
pvg_neon_sign_billboard6_7_35f1a6ee,res://assets/tilesets/cyber_city_core_tilesets/CyberCity_Core_Tiles_1/CyberCity_Core_Tiles_1/Billboard6_7.png,Billboard6_7.png,NEON_SIGN,sign_billboard,62,231,53,226,34.97,"[""C_LARGE_OBJECT_PAINT""]",True,C_LARGE_OBJECT_PAINT
pvg_neon_sign_billboard6_8_b37bef96,res://assets/tilesets/cyber_city_core_tilesets/CyberCity_Core_Tiles_1/CyberCity_Core_Tiles_1/Billboard6_8.png,Billboard6_8.png,NEON_SIGN,sign_billboard,64,232,53,227,37.18,"[""C_LARGE_OBJECT_PAINT""]",True,C_LARGE_OBJECT_PAINT
pvg_neon_sign_billboard7_1_5efd0570,res://assets/tilesets/cyber_city_core_tilesets/CyberCity_Core_Tiles_1/CyberCity_Core_Tiles_1/Billboard7_1.png,Billboard7_1.png,NEON_SIGN,sign_billboard,62,114,53,107,45.67,"[""C_LARGE_OBJECT_PAINT""]",True,C_LARGE_OBJECT_PAINT
pvg_neon_sign_billboard7_2_bc0ac987,res://assets/tilesets/cyber_city_core_tilesets/CyberCity_Core_Tiles_1/CyberCity_Core_Tiles_1/Billboard7_2.png,Billboard7_2.png,NEON_SIGN,sign_billboard,22,130,19,124,58.95,"[""C_LARGE_OBJECT_PAINT""]",True,C_LARGE_OBJECT_PAINT
pvg_neon_sign_billboard7_3_e420b07c,res://assets/tilesets/cyber_city_core_tilesets/CyberCity_Core_Tiles_1/CyberCity_Core_Tiles_1/Billboard7_3.png,Billboard7_3.png,NEON_SIGN,sign_billboard,61,118,53,107,46.07,"[""C_LARGE_OBJECT_PAINT""]",True,C_LARGE_OBJECT_PAINT
pvg_neon_sign_billboard7_4_4a3b5719,res://assets/tilesets/cyber_city_core_tilesets/CyberCity_Core_Tiles_1/CyberCity_Core_Tiles_1/Billboard7_4.png,Billboard7_4.png,NEON_SIGN,sign_billboard,22,132,18,128,58.88,"[""C_LARGE_OBJECT_PAINT""]",True,C_LARGE_OBJECT_PAINT
pvg_neon_sign_billboard7_5_e8f711f4,res://assets/tilesets/cyber_city_core_tilesets/CyberCity_Core_Tiles_1/CyberCity_Core_Tiles_1/Billboard7_5.png,Billboard7_5.png,NEON_SIGN,sign_billboard,49,124,43,120,46.25,"[""C_LARGE_OBJECT_PAINT""]",True,C_LARGE_OBJECT_PAINT
pvg_neon_sign_billboard7_6_4124a58b,res://assets/tilesets/cyber_city_core_tilesets/CyberCity_Core_Tiles_1/CyberCity_Core_Tiles_1/Billboard7_6.png,Billboard7_6.png,NEON_SIGN,sign_billboard,50,125,43,120,47.73,"[""C_LARGE_OBJECT_PAINT""]",True,C_LARGE_OBJECT_PAINT
pvg_neon_sign_billboard7_7_d27e145b,res://assets/tilesets/cyber_city_core_tilesets/CyberCity_Core_Tiles_1/CyberCity_Core_Tiles_1/Billboard7_7.png,Billboard7_7.png,NEON_SIGN,sign_billboard,54,122,42,120,50.52,"[""C_LARGE_OBJECT_PAINT""]",True,C_LARGE_OBJECT_PAINT
pvg_neon_sign_billboard7_8_5fb01659,res://assets/tilesets/cyber_city_core_tilesets/CyberCity_Core_Tiles_1/CyberCity_Core_Tiles_1/Billboard7_8.png,Billboard7_8.png,NEON_SIGN,sign_billboard,49,125,42,120,46.78,"[""C_LARGE_OBJECT_PAINT""]",True,C_LARGE_OBJECT_PAINT
pvg_neon_sign_billboard8_1_278f4608,res://assets/tilesets/cyber_city_core_tilesets/CyberCity_Core_Tiles_1/CyberCity_Core_Tiles_1/Billboard8_1.png,Billboard8_1.png,NEON_SIGN,sign_billboard,48,78,38,69,37.05,"[""C_LARGE_OBJECT_PAINT""]",True,C_LARGE_OBJECT_PAINT
pvg_neon_sign_billboard8_2_acfc7183,res://assets/tilesets/cyber_city_core_tilesets/CyberCity_Core_Tiles_1/CyberCity_Core_Tiles_1/Billboard8_2.png,Billboard8_2.png,NEON_SIGN,sign_billboard,17,95,9,89,57.15,"[""C_LARGE_OBJECT_PAINT""]",True,C_LARGE_OBJECT_PAINT
pvg_neon_sign_billboard8_3_37c4449b,res://assets/tilesets/cyber_city_core_tilesets/CyberCity_Core_Tiles_1/CyberCity_Core_Tiles_1/Billboard8_3.png,Billboard8_3.png,NEON_SIGN,sign_billboard,46,77,38,69,33.31,"[""C_LARGE_OBJECT_PAINT""]",True,C_LARGE_OBJECT_PAINT
pvg_neon_sign_billboard8_4_cf2ce059,res://assets/tilesets/cyber_city_core_tilesets/CyberCity_Core_Tiles_1/CyberCity_Core_Tiles_1/Billboard8_4.png,Billboard8_4.png,NEON_SIGN,sign_billboard,19,89,9,85,61.98,"[""C_LARGE_OBJECT_PAINT""]",True,C_LARGE_OBJECT_PAINT
pvg_neon_sign_billboard8_5_590ede24,res://assets/tilesets/cyber_city_core_tilesets/CyberCity_Core_Tiles_1/CyberCity_Core_Tiles_1/Billboard8_5.png,Billboard8_5.png,NEON_SIGN,sign_billboard,42,89,31,84,45.05,"[""C_LARGE_OBJECT_PAINT""]",True,C_LARGE_OBJECT_PAINT
pvg_neon_sign_billboard8_6_d02f6f97,res://assets/tilesets/cyber_city_core_tilesets/CyberCity_Core_Tiles_1/CyberCity_Core_Tiles_1/Billboard8_6.png,Billboard8_6.png,NEON_SIGN,sign_billboard,40,87,31,81,41.35,"[""C_LARGE_OBJECT_PAINT""]",True,C_LARGE_OBJECT_PAINT
pvg_neon_sign_billboard8_7_398b9be6,res://assets/tilesets/cyber_city_core_tilesets/CyberCity_Core_Tiles_1/CyberCity_Core_Tiles_1/Billboard8_7.png,Billboard8_7.png,NEON_SIGN,sign_billboard,42,84,31,84,41.5,"[""C_LARGE_OBJECT_PAINT""]",True,C_LARGE_OBJECT_PAINT
pvg_neon_sign_billboard8_8_c720679b,res://assets/tilesets/cyber_city_core_tilesets/CyberCity_Core_Tiles_1/CyberCity_Core_Tiles_1/Billboard8_8.png,Billboard8_8.png,NEON_SIGN,sign_billboard,41,83,32,81,38.23,"[""C_LARGE_OBJECT_PAINT""]",True,C_LARGE_OBJECT_PAINT
pvg_neon_sign_billboard9_1_14516b47,res://assets/tilesets/cyber_city_core_tilesets/CyberCity_Core_Tiles_1/CyberCity_Core_Tiles_1/Billboard9_1.png,Billboard9_1.png,NEON_SIGN,sign_billboard,180,158,177,149,56.93,"[""C_LARGE_OBJECT_PAINT""]",True,C_LARGE_OBJECT_PAINT
pvg_neon_sign_billboard9_2_ed8d6472,res://assets/tilesets/cyber_city_core_tilesets/CyberCity_Core_Tiles_1/CyberCity_Core_Tiles_1/Billboard9_2.png,Billboard9_2.png,NEON_SIGN,sign_billboard,28,151,18,150,50.97,"[""C_LARGE_OBJECT_PAINT""]",True,C_LARGE_OBJECT_PAINT
pvg_neon_sign_billboard9_3_0b5c2e51,res://assets/tilesets/cyber_city_core_tilesets/CyberCity_Core_Tiles_1/CyberCity_Core_Tiles_1/Billboard9_3.png,Billboard9_3.png,NEON_SIGN,sign_billboard,186,162,177,154,59.19,"[""C_LARGE_OBJECT_PAINT""]",True,C_LARGE_OBJECT_PAINT
pvg_neon_sign_billboard9_4_d04bed54,res://assets/tilesets/cyber_city_core_tilesets/CyberCity_Core_Tiles_1/CyberCity_Core_Tiles_1/Billboard9_4.png,Billboard9_4.png,NEON_SIGN,sign_billboard,28,250,17,248,56.93,"[""C_LARGE_OBJECT_PAINT""]",True,C_LARGE_OBJECT_PAINT
pvg_neon_sign_billboard9_5_e36dbaed,res://assets/tilesets/cyber_city_core_tilesets/CyberCity_Core_Tiles_1/CyberCity_Core_Tiles_1/Billboard9_5.png,Billboard9_5.png,NEON_SIGN,sign_billboard,137,142,128,140,53.88,"[""C_LARGE_OBJECT_PAINT""]",True,C_LARGE_OBJECT_PAINT
pvg_neon_sign_billboard9_6_efb51387,res://assets/tilesets/cyber_city_core_tilesets/CyberCity_Core_Tiles_1/CyberCity_Core_Tiles_1/Billboard9_6.png,Billboard9_6.png,NEON_SIGN,sign_billboard,133,216,128,213,65.56,"[""C_LARGE_OBJECT_PAINT""]",True,C_LARGE_OBJECT_PAINT
pvg_neon_sign_billboard9_7_76fb24ac,res://assets/tilesets/cyber_city_core_tilesets/CyberCity_Core_Tiles_1/CyberCity_Core_Tiles_1/Billboard9_7.png,Billboard9_7.png,NEON_SIGN,sign_billboard,131,144,128,139,50.54,"[""C_LARGE_OBJECT_PAINT""]",True,C_LARGE_OBJECT_PAINT
pvg_neon_sign_billboard9_8_3d69794b,res://assets/tilesets/cyber_city_core_tilesets/CyberCity_Core_Tiles_1/CyberCity_Core_Tiles_1/Billboard9_8.png,Billboard9_8.png,NEON_SIGN,sign_billboard,130,226,128,222,67.26,"[""C_LARGE_OBJECT_PAINT""]",True,C_LARGE_OBJECT_PAINT
pvg_unknown_review_bridge1_1_a0ba7db7,res://assets/tilesets/cyber_city_core_tilesets/CyberCity_Core_Tiles_1/CyberCity_Core_Tiles_1/Bridge1_1.png,Bridge1_1.png,UNKNOWN_REVIEW,review,136,484,125,479,26.87,"[""C_LARGE_OBJECT_PAINT""]",True,C_LARGE_OBJECT_PAINT
pvg_tileset_atlas_bridge1_2_6d3e5991,res://assets/tilesets/cyber_city_core_tilesets/CyberCity_Core_Tiles_1/CyberCity_Core_Tiles_1/Bridge1_2.png,Bridge1_2.png,TILESET_ATLAS,atlas_or_large_sheet,582,161,575,150,22.43,"[""A_PRIMARY_ATLAS"", ""C_LARGE_OBJECT_PAINT""]",True,"A_PRIMARY_ATLAS, C_LARGE_OBJECT_PAINT"
pvg_unknown_review_bridge1_3_f19120e5,res://assets/tilesets/cyber_city_core_tilesets/CyberCity_Core_Tiles_1/CyberCity_Core_Tiles_1/Bridge1_3.png,Bridge1_3.png,UNKNOWN_REVIEW,review,133,484,125,480,25.63,"[""C_LARGE_OBJECT_PAINT""]",True,C_LARGE_OBJECT_PAINT
pvg_tileset_atlas_bridge1_4_8f87b22b,res://assets/tilesets/cyber_city_core_tilesets/CyberCity_Core_Tiles_1/CyberCity_Core_Tiles_1/Bridge1_4.png,Bridge1_4.png,TILESET_ATLAS,atlas_or_large_sheet,584,178,575,172,30.3,"[""A_PRIMARY_ATLAS"", ""C_LARGE_OBJECT_PAINT""]",True,"A_PRIMARY_ATLAS, C_LARGE_OBJECT_PAINT"
pvg_unknown_review_bridge1_5_1582e28e,res://assets/tilesets/cyber_city_core_tilesets/CyberCity_Core_Tiles_1/CyberCity_Core_Tiles_1/Bridge1_5.png,Bridge1_5.png,UNKNOWN_REVIEW,review,496,416,486,412,66.86,"[""C_LARGE_OBJECT_PAINT""]",True,C_LARGE_OBJECT_PAINT
pvg_unknown_review_bridge1_6_b9ed5410,res://assets/tilesets/cyber_city_core_tilesets/CyberCity_Core_Tiles_1/CyberCity_Core_Tiles_1/Bridge1_6.png,Bridge1_6.png,UNKNOWN_REVIEW,review,496,421,485,414,67.1,"[""C_LARGE_OBJECT_PAINT""]",True,C_LARGE_OBJECT_PAINT
pvg_unknown_review_bridge1_7_53f1b34a,res://assets/tilesets/cyber_city_core_tilesets/CyberCity_Core_Tiles_1/CyberCity_Core_Tiles_1/Bridge1_7.png,Bridge1_7.png,UNKNOWN_REVIEW,review,494,416,485,412,67.37,"[""C_LARGE_OBJECT_PAINT""]",True,C_LARGE_OBJECT_PAINT
pvg_unknown_review_bridge1_8_09d77caf,res://assets/tilesets/cyber_city_core_tilesets/CyberCity_Core_Tiles_1/CyberCity_Core_Tiles_1/Bridge1_8.png,Bridge1_8.png,UNKNOWN_REVIEW,review,494,414,485,412,66.96,"[""C_LARGE_OBJECT_PAINT""]",True,C_LARGE_OBJECT_PAINT
pvg_tileset_atlas_building10_1_43d32d38,res://assets/tilesets/cyber_city_core_tilesets/CyberCity_Core_Tiles_1/CyberCity_Core_Tiles_1/Building10_1.png,Building10_1.png,TILESET_ATLAS,atlas_or_large_sheet,750,1064,738,1050,20.51,"[""A_PRIMARY_ATLAS"", ""C_LARGE_OBJECT_PAINT""]",True,"A_PRIMARY_ATLAS, C_LARGE_OBJECT_PAINT"
pvg_tileset_atlas_building10_2_7d246360,res://assets/tilesets/cyber_city_core_tilesets/CyberCity_Core_Tiles_1/CyberCity_Core_Tiles_1/Building10_2.png,Building10_2.png,TILESET_ATLAS,atlas_or_large_sheet,842,940,833,928,19.0,"[""A_PRIMARY_ATLAS"", ""C_LARGE_OBJECT_PAINT""]",True,"A_PRIMARY_ATLAS, C_LARGE_OBJECT_PAINT"
pvg_tileset_atlas_building10_3_36549168,res://assets/tilesets/cyber_city_core_tilesets/CyberCity_Core_Tiles_1/CyberCity_Core_Tiles_1/Building10_3.png,Building10_3.png,TILESET_ATLAS,atlas_or_large_sheet,750,996,738,985,19.52,"[""A_PRIMARY_ATLAS"", ""C_LARGE_OBJECT_PAINT""]",True,"A_PRIMARY_ATLAS, C_LARGE_OBJECT_PAINT"
pvg_tileset_atlas_building10_4_c2de4168,res://assets/tilesets/cyber_city_core_tilesets/CyberCity_Core_Tiles_1/CyberCity_Core_Tiles_1/Building10_4.png,Building10_4.png,TILESET_ATLAS,atlas_or_large_sheet,882,940,871,928,18.93,"[""A_PRIMARY_ATLAS"", ""C_LARGE_OBJECT_PAINT""]",True,"A_PRIMARY_ATLAS, C_LARGE_OBJECT_PAINT"
pvg_tileset_atlas_building10_5_fe8c7c59,res://assets/tilesets/cyber_city_core_tilesets/CyberCity_Core_Tiles_1/CyberCity_Core_Tiles_1/Building10_5.png,Building10_5.png,TILESET_ATLAS,atlas_or_large_sheet,992,1140,987,1134,38.19,"[""A_PRIMARY_ATLAS"", ""C_LARGE_OBJECT_PAINT""]",True,"A_PRIMARY_ATLAS, C_LARGE_OBJECT_PAINT"
pvg_tileset_atlas_building10_6_a11948d3,res://assets/tilesets/cyber_city_core_tilesets/CyberCity_Core_Tiles_1/CyberCity_Core_Tiles_1/Building10_6.png,Building10_6.png,TILESET_ATLAS,atlas_or_large_sheet,1069,1105,1064,1095,40.27,"[""A_PRIMARY_ATLAS"", ""C_LARGE_OBJECT_PAINT""]",True,"A_PRIMARY_ATLAS, C_LARGE_OBJECT_PAINT"
pvg_tileset_atlas_building10_7_43798ccd,res://assets/tilesets/cyber_city_core_tilesets/CyberCity_Core_Tiles_1/CyberCity_Core_Tiles_1/Building10_7.png,Building10_7.png,TILESET_ATLAS,atlas_or_large_sheet,1050,1078,1042,1077,40.94,"[""A_PRIMARY_ATLAS"", ""C_LARGE_OBJECT_PAINT""]",True,"A_PRIMARY_ATLAS, C_LARGE_OBJECT_PAINT"
pvg_tileset_atlas_building10_8_1f964ccd,res://assets/tilesets/cyber_city_core_tilesets/CyberCity_Core_Tiles_1/CyberCity_Core_Tiles_1/Building10_8.png,Building10_8.png,TILESET_ATLAS,atlas_or_large_sheet,1016,1083,1008,1077,38.99,"[""A_PRIMARY_ATLAS"", ""C_LARGE_OBJECT_PAINT""]",True,"A_PRIMARY_ATLAS, C_LARGE_OBJECT_PAINT"
pvg_tileset_atlas_building11_1_3833b1f9,res://assets/tilesets/cyber_city_core_tilesets/CyberCity_Core_Tiles_1/CyberCity_Core_Tiles_1/Building11_1.png,Building11_1.png,TILESET_ATLAS,atlas_or_large_sheet,1840,1165,1828,1154,17.83,"[""A_PRIMARY_ATLAS"", ""C_LARGE_OBJECT_PAINT""]",True,"A_PRIMARY_ATLAS, C_LARGE_OBJECT_PAINT"
pvg_tileset_atlas_building11_2_70eb1017,res://assets/tilesets/cyber_city_core_tilesets/CyberCity_Core_Tiles_1/CyberCity_Core_Tiles_1/Building11_2.png,Building11_2.png,TILESET_ATLAS,atlas_or_large_sheet,894,1824,884,1812,13.87,"[""A_PRIMARY_ATLAS"", ""C_LARGE_OBJECT_PAINT""]",True,"A_PRIMARY_ATLAS, C_LARGE_OBJECT_PAINT"
pvg_tileset_atlas_building11_3_e0d5a64e,res://assets/tilesets/cyber_city_core_tilesets/CyberCity_Core_Tiles_1/CyberCity_Core_Tiles_1/Building11_3.png,Building11_3.png,TILESET_ATLAS,atlas_or_large_sheet,1926,1167,1916,1156,20.75,"[""A_PRIMARY_ATLAS"", ""C_LARGE_OBJECT_PAINT""]",True,"A_PRIMARY_ATLAS, C_LARGE_OBJECT_PAINT"
pvg_tileset_atlas_building11_4_3c3e706e,res://assets/tilesets/cyber_city_core_tilesets/CyberCity_Core_Tiles_1/CyberCity_Core_Tiles_1/Building11_4.png,Building11_4.png,TILESET_ATLAS,atlas_or_large_sheet,903,1769,893,1758,15.65,"[""A_PRIMARY_ATLAS"", ""C_LARGE_OBJECT_PAINT""]",True,"A_PRIMARY_ATLAS, C_LARGE_OBJECT_PAINT"
pvg_tileset_atlas_building11_5_71b55813,res://assets/tilesets/cyber_city_core_tilesets/CyberCity_Core_Tiles_1/CyberCity_Core_Tiles_1/Building11_5.png,Building11_5.png,TILESET_ATLAS,atlas_or_large_sheet,1824,1814,1816,1805,48.99,"[""A_PRIMARY_ATLAS"", ""C_LARGE_OBJECT_PAINT""]",True,"A_PRIMARY_ATLAS, C_LARGE_OBJECT_PAINT"
pvg_tileset_atlas_building11_6_2d676ded,res://assets/tilesets/cyber_city_core_tilesets/CyberCity_Core_Tiles_1/CyberCity_Core_Tiles_1/Building11_6.png,Building11_6.png,TILESET_ATLAS,atlas_or_large_sheet,1829,1671,1824,1663,44.63,"[""A_PRIMARY_ATLAS"", ""C_LARGE_OBJECT_PAINT""]",True,"A_PRIMARY_ATLAS, C_LARGE_OBJECT_PAINT"
pvg_tileset_atlas_building11_7_e410cb0d,res://assets/tilesets/cyber_city_core_tilesets/CyberCity_Core_Tiles_1/CyberCity_Core_Tiles_1/Building11_7.png,Building11_7.png,TILESET_ATLAS,atlas_or_large_sheet,1837,1810,1833,1802,49.1,"[""A_PRIMARY_ATLAS"", ""C_LARGE_OBJECT_PAINT""]",True,"A_PRIMARY_ATLAS, C_LARGE_OBJECT_PAINT"
pvg_tileset_atlas_building11_8_9a697ff3,res://assets/tilesets/cyber_city_core_tilesets/CyberCity_Core_Tiles_1/CyberCity_Core_Tiles_1/Building11_8.png,Building11_8.png,TILESET_ATLAS,atlas_or_large_sheet,1843,1670,1837,1665,45.28,"[""A_PRIMARY_ATLAS"", ""C_LARGE_OBJECT_PAINT""]",True,"A_PRIMARY_ATLAS, C_LARGE_OBJECT_PAINT"
pvg_tileset_atlas_building11_interior1_1_789e798c,res://assets/tilesets/cyber_city_core_tilesets/CyberCity_Core_Tiles_1/CyberCity_Core_Tiles_1/Building11_Interior1_1.png,Building11_Interior1_1.png,TILESET_ATLAS,atlas_or_large_sheet,1128,597,1115,586,4.41,"[""A_PRIMARY_ATLAS"", ""C_LARGE_OBJECT_PAINT""]",True,"A_PRIMARY_ATLAS, C_LARGE_OBJECT_PAINT"
pvg_tileset_atlas_building11_interior1_2_cd522ace,res://assets/tilesets/cyber_city_core_tilesets/CyberCity_Core_Tiles_1/CyberCity_Core_Tiles_1/Building11_Interior1_2.png,Building11_Interior1_2.png,TILESET_ATLAS,atlas_or_large_sheet,750,875,739,863,4.96,"[""A_PRIMARY_ATLAS"", ""C_LARGE_OBJECT_PAINT""]",True,"A_PRIMARY_ATLAS, C_LARGE_OBJECT_PAINT"
pvg_tileset_atlas_building11_interior1_3_d667273d,res://assets/tilesets/cyber_city_core_tilesets/CyberCity_Core_Tiles_1/CyberCity_Core_Tiles_1/Building11_Interior1_3.png,Building11_Interior1_3.png,TILESET_ATLAS,atlas_or_large_sheet,1126,603,1116,593,4.58,"[""A_PRIMARY_ATLAS"", ""C_LARGE_OBJECT_PAINT""]",True,"A_PRIMARY_ATLAS, C_LARGE_OBJECT_PAINT"
pvg_tileset_atlas_building11_interior1_4_bb710e8f,res://assets/tilesets/cyber_city_core_tilesets/CyberCity_Core_Tiles_1/CyberCity_Core_Tiles_1/Building11_Interior1_4.png,Building11_Interior1_4.png,TILESET_ATLAS,atlas_or_large_sheet,746,861,735,850,5.53,"[""A_PRIMARY_ATLAS"", ""C_LARGE_OBJECT_PAINT""]",True,"A_PRIMARY_ATLAS, C_LARGE_OBJECT_PAINT"
pvg_tileset_atlas_building11_interior1_5_7c5c137f,res://assets/tilesets/cyber_city_core_tilesets/CyberCity_Core_Tiles_1/CyberCity_Core_Tiles_1/Building11_Interior1_5.png,Building11_Interior1_5.png,TILESET_ATLAS,atlas_or_large_sheet,1178,959,1171,954,47.03,"[""A_PRIMARY_ATLAS"", ""C_LARGE_OBJECT_PAINT""]",True,"A_PRIMARY_ATLAS, C_LARGE_OBJECT_PAINT"
pvg_tileset_atlas_building11_interior1_6_d41bbe1a,res://assets/tilesets/cyber_city_core_tilesets/CyberCity_Core_Tiles_1/CyberCity_Core_Tiles_1/Building11_Interior1_6.png,Building11_Interior1_6.png,TILESET_ATLAS,atlas_or_large_sheet,1162,931,1154,929,46.69,"[""A_PRIMARY_ATLAS"", ""C_LARGE_OBJECT_PAINT""]",True,"A_PRIMARY_ATLAS, C_LARGE_OBJECT_PAINT"
pvg_tileset_atlas_building11_interior1_7_c22a931a,res://assets/tilesets/cyber_city_core_tilesets/CyberCity_Core_Tiles_1/CyberCity_Core_Tiles_1/Building11_Interior1_7.png,Building11_Interior1_7.png,TILESET_ATLAS,atlas_or_large_sheet,1189,960,1182,956,46.82,"[""A_PRIMARY_ATLAS"", ""C_LARGE_OBJECT_PAINT""]",True,"A_PRIMARY_ATLAS, C_LARGE_OBJECT_PAINT"
pvg_tileset_atlas_building11_interior1_8_5d78514b,res://assets/tilesets/cyber_city_core_tilesets/CyberCity_Core_Tiles_1/CyberCity_Core_Tiles_1/Building11_Interior1_8.png,Building11_Interior1_8.png,TILESET_ATLAS,atlas_or_large_sheet,1160,945,1153,943,46.17,"[""A_PRIMARY_ATLAS"", ""C_LARGE_OBJECT_PAINT""]",True,"A_PRIMARY_ATLAS, C_LARGE_OBJECT_PAINT"
pvg_tileset_atlas_building12_1_a452f7fd,res://assets/tilesets/cyber_city_core_tilesets/CyberCity_Core_Tiles_1/CyberCity_Core_Tiles_1/Building12_1.png,Building12_1.png,TILESET_ATLAS,atlas_or_large_sheet,1128,2119,1114,2105,28.11,"[""A_PRIMARY_ATLAS"", ""C_LARGE_OBJECT_PAINT""]",True,"A_PRIMARY_ATLAS, C_LARGE_OBJECT_PAINT"
pvg_tileset_atlas_building12_2_1426a34b,res://assets/tilesets/cyber_city_core_tilesets/CyberCity_Core_Tiles_1/CyberCity_Core_Tiles_1/Building12_2.png,Building12_2.png,TILESET_ATLAS,atlas_or_large_sheet,1551,1775,1540,1763,26.1,"[""A_PRIMARY_ATLAS"", ""C_LARGE_OBJECT_PAINT""]",True,"A_PRIMARY_ATLAS, C_LARGE_OBJECT_PAINT"
pvg_tileset_atlas_building12_3_30148539,res://assets/tilesets/cyber_city_core_tilesets/CyberCity_Core_Tiles_1/CyberCity_Core_Tiles_1/Building12_3.png,Building12_3.png,TILESET_ATLAS,atlas_or_large_sheet,1128,1933,1117,1923,20.43,"[""A_PRIMARY_ATLAS"", ""C_LARGE_OBJECT_PAINT""]",True,"A_PRIMARY_ATLAS, C_LARGE_OBJECT_PAINT"
pvg_tileset_atlas_building12_4_061201b9,res://assets/tilesets/cyber_city_core_tilesets/CyberCity_Core_Tiles_1/CyberCity_Core_Tiles_1/Building12_4.png,Building12_4.png,TILESET_ATLAS,atlas_or_large_sheet,1600,1771,1590,1757,22.96,"[""A_PRIMARY_ATLAS"", ""C_LARGE_OBJECT_PAINT""]",True,"A_PRIMARY_ATLAS, C_LARGE_OBJECT_PAINT"
pvg_tileset_atlas_building12_5_9690b0af,res://assets/tilesets/cyber_city_core_tilesets/CyberCity_Core_Tiles_1/CyberCity_Core_Tiles_1/Building12_5.png,Building12_5.png,TILESET_ATLAS,atlas_or_large_sheet,1441,2167,1433,2157,33.83,"[""A_PRIMARY_ATLAS"", ""C_LARGE_OBJECT_PAINT""]",True,"A_PRIMARY_ATLAS, C_LARGE_OBJECT_PAINT"
pvg_tileset_atlas_building12_6_4dfcde04,res://assets/tilesets/cyber_city_core_tilesets/CyberCity_Core_Tiles_1/CyberCity_Core_Tiles_1/Building12_6.png,Building12_6.png,TILESET_ATLAS,atlas_or_large_sheet,1703,1986,1694,1975,34.39,"[""A_PRIMARY_ATLAS"", ""C_LARGE_OBJECT_PAINT""]",True,"A_PRIMARY_ATLAS, C_LARGE_OBJECT_PAINT"
pvg_tileset_atlas_building12_7_ca197be5,res://assets/tilesets/cyber_city_core_tilesets/CyberCity_Core_Tiles_1/CyberCity_Core_Tiles_1/Building12_7.png,Building12_7.png,TILESET_ATLAS,atlas_or_large_sheet,1656,2006,1645,1996,35.52,"[""A_PRIMARY_ATLAS"", ""C_LARGE_OBJECT_PAINT""]",True,"A_PRIMARY_ATLAS, C_LARGE_OBJECT_PAINT"
pvg_tileset_atlas_building12_8_9db7fb41,res://assets/tilesets/cyber_city_core_tilesets/CyberCity_Core_Tiles_1/CyberCity_Core_Tiles_1/Building12_8.png,Building12_8.png,TILESET_ATLAS,atlas_or_large_sheet,1445,2034,1435,2026,35.58,"[""A_PRIMARY_ATLAS"", ""C_LARGE_OBJECT_PAINT""]",True,"A_PRIMARY_ATLAS, C_LARGE_OBJECT_PAINT"
pvg_tileset_atlas_building13_1_7b8fbadd,res://assets/tilesets/cyber_city_core_tilesets/CyberCity_Core_Tiles_1/CyberCity_Core_Tiles_1/Building13_1.png,Building13_1.png,TILESET_ATLAS,atlas_or_large_sheet,773,792,762,787,12.52,"[""A_PRIMARY_ATLAS"", ""C_LARGE_OBJECT_PAINT""]",True,"A_PRIMARY_ATLAS, C_LARGE_OBJECT_PAINT"
pvg_tileset_atlas_building13_2_47f24e7f,res://assets/tilesets/cyber_city_core_tilesets/CyberCity_Core_Tiles_1/CyberCity_Core_Tiles_1/Building13_2.png,Building13_2.png,TILESET_ATLAS,atlas_or_large_sheet,768,899,756,888,14.65,"[""A_PRIMARY_ATLAS"", ""C_LARGE_OBJECT_PAINT""]",True,"A_PRIMARY_ATLAS, C_LARGE_OBJECT_PAINT"
pvg_tileset_atlas_building13_3_2ed86694,res://assets/tilesets/cyber_city_core_tilesets/CyberCity_Core_Tiles_1/CyberCity_Core_Tiles_1/Building13_3.png,Building13_3.png,TILESET_ATLAS,atlas_or_large_sheet,784,890,775,878,12.14,"[""A_PRIMARY_ATLAS"", ""C_LARGE_OBJECT_PAINT""]",True,"A_PRIMARY_ATLAS, C_LARGE_OBJECT_PAINT"
pvg_tileset_atlas_building13_4_784de1fe,res://assets/tilesets/cyber_city_core_tilesets/CyberCity_Core_Tiles_1/CyberCity_Core_Tiles_1/Building13_4.png,Building13_4.png,TILESET_ATLAS,atlas_or_large_sheet,755,895,744,888,16.15,"[""A_PRIMARY_ATLAS"", ""C_LARGE_OBJECT_PAINT""]",True,"A_PRIMARY_ATLAS, C_LARGE_OBJECT_PAINT"
pvg_tileset_atlas_building13_5_faf0d232,res://assets/tilesets/cyber_city_core_tilesets/CyberCity_Core_Tiles_1/CyberCity_Core_Tiles_1/Building13_5.png,Building13_5.png,TILESET_ATLAS,atlas_or_large_sheet,994,975,985,970,36.28,"[""A_PRIMARY_ATLAS"", ""C_LARGE_OBJECT_PAINT""]",True,"A_PRIMARY_ATLAS, C_LARGE_OBJECT_PAINT"
pvg_tileset_atlas_building13_6_bf849af6,res://assets/tilesets/cyber_city_core_tilesets/CyberCity_Core_Tiles_1/CyberCity_Core_Tiles_1/Building13_6.png,Building13_6.png,TILESET_ATLAS,atlas_or_large_sheet,988,974,982,970,40.66,"[""A_PRIMARY_ATLAS"", ""C_LARGE_OBJECT_PAINT""]",True,"A_PRIMARY_ATLAS, C_LARGE_OBJECT_PAINT"
pvg_tileset_atlas_building13_7_8f450e29,res://assets/tilesets/cyber_city_core_tilesets/CyberCity_Core_Tiles_1/CyberCity_Core_Tiles_1/Building13_7.png,Building13_7.png,TILESET_ATLAS,atlas_or_large_sheet,993,1061,986,1055,37.96,"[""A_PRIMARY_ATLAS"", ""C_LARGE_OBJECT_PAINT""]",True,"A_PRIMARY_ATLAS, C_LARGE_OBJECT_PAINT"
pvg_tileset_atlas_building13_8_9ac65d1b,res://assets/tilesets/cyber_city_core_tilesets/CyberCity_Core_Tiles_1/CyberCity_Core_Tiles_1/Building13_8.png,Building13_8.png,TILESET_ATLAS,atlas_or_large_sheet,992,1062,981,1055,39.72,"[""A_PRIMARY_ATLAS"", ""C_LARGE_OBJECT_PAINT""]",True,"A_PRIMARY_ATLAS, C_LARGE_OBJECT_PAINT"
pvg_tileset_atlas_building14_1_5334bc73,res://assets/tilesets/cyber_city_core_tilesets/CyberCity_Core_Tiles_1/CyberCity_Core_Tiles_1/Building14_1.png,Building14_1.png,TILESET_ATLAS,atlas_or_large_sheet,2689,4047,2675,4031,12.9,"[""A_PRIMARY_ATLAS"", ""C_LARGE_OBJECT_PAINT""]",True,"A_PRIMARY_ATLAS, C_LARGE_OBJECT_PAINT"
pvg_tileset_atlas_building14_2_9d0b5662,res://assets/tilesets/cyber_city_core_tilesets/CyberCity_Core_Tiles_1/CyberCity_Core_Tiles_1/Building14_2.png,Building14_2.png,TILESET_ATLAS,atlas_or_large_sheet,3977,3385,3959,3368,15.94,"[""A_PRIMARY_ATLAS"", ""C_LARGE_OBJECT_PAINT""]",True,"A_PRIMARY_ATLAS, C_LARGE_OBJECT_PAINT"
pvg_tileset_atlas_building14_3_a8951942,res://assets/tilesets/cyber_city_core_tilesets/CyberCity_Core_Tiles_1/CyberCity_Core_Tiles_1/Building14_3.png,Building14_3.png,TILESET_ATLAS,atlas_or_large_sheet,2704,4166,2692,4151,13.03,"[""A_PRIMARY_ATLAS"", ""C_LARGE_OBJECT_PAINT""]",True,"A_PRIMARY_ATLAS, C_LARGE_OBJECT_PAINT"
pvg_tileset_atlas_building14_4_9de772cf,res://assets/tilesets/cyber_city_core_tilesets/CyberCity_Core_Tiles_1/CyberCity_Core_Tiles_1/Building14_4.png,Building14_4.png,TILESET_ATLAS,atlas_or_large_sheet,3826,3399,3814,3379,13.16,"[""A_PRIMARY_ATLAS"", ""C_LARGE_OBJECT_PAINT""]",True,"A_PRIMARY_ATLAS, C_LARGE_OBJECT_PAINT"
pvg_tileset_atlas_building14_5_ce332270,res://assets/tilesets/cyber_city_core_tilesets/CyberCity_Core_Tiles_1/CyberCity_Core_Tiles_1/Building14_5.png,Building14_5.png,TILESET_ATLAS,atlas_or_large_sheet,4382,4267,4371,4252,39.53,"[""A_PRIMARY_ATLAS"", ""C_LARGE_OBJECT_PAINT""]",True,"A_PRIMARY_ATLAS, C_LARGE_OBJECT_PAINT"
pvg_tileset_atlas_building14_6_705222aa,res://assets/tilesets/cyber_city_core_tilesets/CyberCity_Core_Tiles_1/CyberCity_Core_Tiles_1/Building14_6.png,Building14_6.png,TILESET_ATLAS,atlas_or_large_sheet,4116,4413,4107,4403,39.33,"[""A_PRIMARY_ATLAS"", ""C_LARGE_OBJECT_PAINT""]",True,"A_PRIMARY_ATLAS, C_LARGE_OBJECT_PAINT"
pvg_tileset_atlas_building14_7_0b8b769b,res://assets/tilesets/cyber_city_core_tilesets/CyberCity_Core_Tiles_1/CyberCity_Core_Tiles_1/Building14_7.png,Building14_7.png,TILESET_ATLAS,atlas_or_large_sheet,4290,4496,4279,4487,41.69,"[""A_PRIMARY_ATLAS"", ""C_LARGE_OBJECT_PAINT""]",True,"A_PRIMARY_ATLAS, C_LARGE_OBJECT_PAINT"
pvg_tileset_atlas_building14_8_accd9311,res://assets/tilesets/cyber_city_core_tilesets/CyberCity_Core_Tiles_1/CyberCity_Core_Tiles_1/Building14_8.png,Building14_8.png,TILESET_ATLAS,atlas_or_large_sheet,4392,4436,4382,4422,41.25,"[""A_PRIMARY_ATLAS"", ""C_LARGE_OBJECT_PAINT""]",True,"A_PRIMARY_ATLAS, C_LARGE_OBJECT_PAINT"
pvg_tileset_atlas_building15_1_43a7eff4,res://assets/tilesets/cyber_city_core_tilesets/CyberCity_Core_Tiles_1/CyberCity_Core_Tiles_1/Building15_1.png,Building15_1.png,TILESET_ATLAS,atlas_or_large_sheet,1295,1829,1282,1819,33.08,"[""A_PRIMARY_ATLAS"", ""C_LARGE_OBJECT_PAINT""]",True,"A_PRIMARY_ATLAS, C_LARGE_OBJECT_PAINT"
pvg_tileset_atlas_building15_2_45e0d03c,res://assets/tilesets/cyber_city_core_tilesets/CyberCity_Core_Tiles_1/CyberCity_Core_Tiles_1/Building15_2.png,Building15_2.png,TILESET_ATLAS,atlas_or_large_sheet,1349,1782,1339,1771,29.55,"[""A_PRIMARY_ATLAS"", ""C_LARGE_OBJECT_PAINT""]",True,"A_PRIMARY_ATLAS, C_LARGE_OBJECT_PAINT"
pvg_tileset_atlas_building15_3_4f54e204,res://assets/tilesets/cyber_city_core_tilesets/CyberCity_Core_Tiles_1/CyberCity_Core_Tiles_1/Building15_3.png,Building15_3.png,TILESET_ATLAS,atlas_or_large_sheet,1314,1658,1301,1646,26.99,"[""A_PRIMARY_ATLAS"", ""C_LARGE_OBJECT_PAINT""]",True,"A_PRIMARY_ATLAS, C_LARGE_OBJECT_PAINT"
pvg_tileset_atlas_building15_4_a0e13f8a,res://assets/tilesets/cyber_city_core_tilesets/CyberCity_Core_Tiles_1/CyberCity_Core_Tiles_1/Building15_4.png,Building15_4.png,TILESET_ATLAS,atlas_or_large_sheet,1497,1606,1487,1593,34.0,"[""A_PRIMARY_ATLAS"", ""C_LARGE_OBJECT_PAINT""]",True,"A_PRIMARY_ATLAS, C_LARGE_OBJECT_PAINT"
pvg_tileset_atlas_building15_5_72427121,res://assets/tilesets/cyber_city_core_tilesets/CyberCity_Core_Tiles_1/CyberCity_Core_Tiles_1/Building15_5.png,Building15_5.png,TILESET_ATLAS,atlas_or_large_sheet,1219,1949,1205,1945,33.15,"[""A_PRIMARY_ATLAS"", ""C_LARGE_OBJECT_PAINT""]",True,"A_PRIMARY_ATLAS, C_LARGE_OBJECT_PAINT"
pvg_tileset_atlas_building15_6_b5e0a7c8,res://assets/tilesets/cyber_city_core_tilesets/CyberCity_Core_Tiles_1/CyberCity_Core_Tiles_1/Building15_6.png,Building15_6.png,TILESET_ATLAS,atlas_or_large_sheet,1789,1626,1780,1622,36.99,"[""A_PRIMARY_ATLAS"", ""C_LARGE_OBJECT_PAINT""]",True,"A_PRIMARY_ATLAS, C_LARGE_OBJECT_PAINT"
pvg_tileset_atlas_building15_7_4df4d257,res://assets/tilesets/cyber_city_core_tilesets/CyberCity_Core_Tiles_1/CyberCity_Core_Tiles_1/Building15_7.png,Building15_7.png,TILESET_ATLAS,atlas_or_large_sheet,1670,1653,1661,1643,31.05,"[""A_PRIMARY_ATLAS"", ""C_LARGE_OBJECT_PAINT""]",True,"A_PRIMARY_ATLAS, C_LARGE_OBJECT_PAINT"
pvg_tileset_atlas_building15_8_9b8765be,res://assets/tilesets/cyber_city_core_tilesets/CyberCity_Core_Tiles_1/CyberCity_Core_Tiles_1/Building15_8.png,Building15_8.png,TILESET_ATLAS,atlas_or_large_sheet,1248,1862,1240,1854,34.1,"[""A_PRIMARY_ATLAS"", ""C_LARGE_OBJECT_PAINT""]",True,"A_PRIMARY_ATLAS, C_LARGE_OBJECT_PAINT"
pvg_tileset_atlas_building16_1_2480ffd5,res://assets/tilesets/cyber_city_core_tilesets/CyberCity_Core_Tiles_1/CyberCity_Core_Tiles_1/Building16_1.png,Building16_1.png,TILESET_ATLAS,atlas_or_large_sheet,1882,1869,1868,1855,19.22,"[""A_PRIMARY_ATLAS"", ""C_LARGE_OBJECT_PAINT""]",True,"A_PRIMARY_ATLAS, C_LARGE_OBJECT_PAINT"
pvg_tileset_atlas_building16_2_aa5240b9,res://assets/tilesets/cyber_city_core_tilesets/CyberCity_Core_Tiles_1/CyberCity_Core_Tiles_1/Building16_2.png,Building16_2.png,TILESET_ATLAS,atlas_or_large_sheet,1214,2433,1201,2420,32.64,"[""A_PRIMARY_ATLAS"", ""C_LARGE_OBJECT_PAINT""]",True,"A_PRIMARY_ATLAS, C_LARGE_OBJECT_PAINT"
pvg_tileset_atlas_building16_3_d8e20cc4,res://assets/tilesets/cyber_city_core_tilesets/CyberCity_Core_Tiles_1/CyberCity_Core_Tiles_1/Building16_3.png,Building16_3.png,TILESET_ATLAS,atlas_or_large_sheet,1888,1871,1873,1855,19.23,"[""A_PRIMARY_ATLAS"", ""C_LARGE_OBJECT_PAINT""]",True,"A_PRIMARY_ATLAS, C_LARGE_OBJECT_PAINT"
pvg_tileset_atlas_building16_4_b8d42f66,res://assets/tilesets/cyber_city_core_tilesets/CyberCity_Core_Tiles_1/CyberCity_Core_Tiles_1/Building16_4.png,Building16_4.png,TILESET_ATLAS,atlas_or_large_sheet,1212,2457,1201,2443,31.96,"[""A_PRIMARY_ATLAS"", ""C_LARGE_OBJECT_PAINT""]",True,"A_PRIMARY_ATLAS, C_LARGE_OBJECT_PAINT"
pvg_tileset_atlas_building16_5_f394adf2,res://assets/tilesets/cyber_city_core_tilesets/CyberCity_Core_Tiles_1/CyberCity_Core_Tiles_1/Building16_5.png,Building16_5.png,TILESET_ATLAS,atlas_or_large_sheet,1808,2357,1798,2348,37.66,"[""A_PRIMARY_ATLAS"", ""C_LARGE_OBJECT_PAINT""]",True,"A_PRIMARY_ATLAS, C_LARGE_OBJECT_PAINT"
pvg_tileset_atlas_building16_6_cecf9451,res://assets/tilesets/cyber_city_core_tilesets/CyberCity_Core_Tiles_1/CyberCity_Core_Tiles_1/Building16_6.png,Building16_6.png,TILESET_ATLAS,atlas_or_large_sheet,1807,2366,1798,2357,38.03,"[""A_PRIMARY_ATLAS"", ""C_LARGE_OBJECT_PAINT""]",True,"A_PRIMARY_ATLAS, C_LARGE_OBJECT_PAINT"
pvg_tileset_atlas_building16_7_7d3fe184,res://assets/tilesets/cyber_city_core_tilesets/CyberCity_Core_Tiles_1/CyberCity_Core_Tiles_1/Building16_7.png,Building16_7.png,TILESET_ATLAS,atlas_or_large_sheet,1809,2358,1799,2349,37.86,"[""A_PRIMARY_ATLAS"", ""C_LARGE_OBJECT_PAINT""]",True,"A_PRIMARY_ATLAS, C_LARGE_OBJECT_PAINT"
pvg_tileset_atlas_building16_8_80e4bfb4,res://assets/tilesets/cyber_city_core_tilesets/CyberCity_Core_Tiles_1/CyberCity_Core_Tiles_1/Building16_8.png,Building16_8.png,TILESET_ATLAS,atlas_or_large_sheet,1809,2364,1799,2357,37.53,"[""A_PRIMARY_ATLAS"", ""C_LARGE_OBJECT_PAINT""]",True,"A_PRIMARY_ATLAS, C_LARGE_OBJECT_PAINT"
pvg_tileset_atlas_building17_1_36d24452,res://assets/tilesets/cyber_city_core_tilesets/CyberCity_Core_Tiles_1/CyberCity_Core_Tiles_1/Building17_1.png,Building17_1.png,TILESET_ATLAS,atlas_or_large_sheet,2806,4050,2789,4029,18.49,"[""A_PRIMARY_ATLAS"", ""C_LARGE_OBJECT_PAINT""]",True,"A_PRIMARY_ATLAS, C_LARGE_OBJECT_PAINT"
pvg_tileset_atlas_building17_2_e20c2bae,res://assets/tilesets/cyber_city_core_tilesets/CyberCity_Core_Tiles_1/CyberCity_Core_Tiles_1/Building17_2.png,Building17_2.png,TILESET_ATLAS,atlas_or_large_sheet,3198,3718,3175,3698,17.22,"[""A_PRIMARY_ATLAS"", ""C_LARGE_OBJECT_PAINT""]",True,"A_PRIMARY_ATLAS, C_LARGE_OBJECT_PAINT"
pvg_tileset_atlas_building17_3_39073803,res://assets/tilesets/cyber_city_core_tilesets/CyberCity_Core_Tiles_1/CyberCity_Core_Tiles_1/Building17_3.png,Building17_3.png,TILESET_ATLAS,atlas_or_large_sheet,2776,3997,2757,3977,17.23,"[""A_PRIMARY_ATLAS"", ""C_LARGE_OBJECT_PAINT""]",True,"A_PRIMARY_ATLAS, C_LARGE_OBJECT_PAINT"
pvg_tileset_atlas_building17_4_c88ac3cf,res://assets/tilesets/cyber_city_core_tilesets/CyberCity_Core_Tiles_1/CyberCity_Core_Tiles_1/Building17_4.png,Building17_4.png,TILESET_ATLAS,atlas_or_large_sheet,3285,3688,3269,3669,17.09,"[""A_PRIMARY_ATLAS"", ""C_LARGE_OBJECT_PAINT""]",True,"A_PRIMARY_ATLAS, C_LARGE_OBJECT_PAINT"
pvg_tileset_atlas_building17_5_6aa6a267,res://assets/tilesets/cyber_city_core_tilesets/CyberCity_Core_Tiles_1/CyberCity_Core_Tiles_1/Building17_5.png,Building17_5.png,TILESET_ATLAS,atlas_or_large_sheet,3741,4196,3724,4178,32.76,"[""A_PRIMARY_ATLAS"", ""C_LARGE_OBJECT_PAINT""]",True,"A_PRIMARY_ATLAS, C_LARGE_OBJECT_PAINT"
pvg_tileset_atlas_building17_6_81e6515d,res://assets/tilesets/cyber_city_core_tilesets/CyberCity_Core_Tiles_1/CyberCity_Core_Tiles_1/Building17_6.png,Building17_6.png,TILESET_ATLAS,atlas_or_large_sheet,3432,4389,3414,4374,34.66,"[""A_PRIMARY_ATLAS"", ""C_LARGE_OBJECT_PAINT""]",True,"A_PRIMARY_ATLAS, C_LARGE_OBJECT_PAINT"
pvg_tileset_atlas_building17_7_c672bc95,res://assets/tilesets/cyber_city_core_tilesets/CyberCity_Core_Tiles_1/CyberCity_Core_Tiles_1/Building17_7.png,Building17_7.png,TILESET_ATLAS,atlas_or_large_sheet,3368,4400,3348,4381,31.78,"[""A_PRIMARY_ATLAS"", ""C_LARGE_OBJECT_PAINT""]",True,"A_PRIMARY_ATLAS, C_LARGE_OBJECT_PAINT"
pvg_tileset_atlas_building17_8_520b64ff,res://assets/tilesets/cyber_city_core_tilesets/CyberCity_Core_Tiles_1/CyberCity_Core_Tiles_1/Building17_8.png,Building17_8.png,TILESET_ATLAS,atlas_or_large_sheet,3714,4147,3697,4130,33.01,"[""A_PRIMARY_ATLAS"", ""C_LARGE_OBJECT_PAINT""]",True,"A_PRIMARY_ATLAS, C_LARGE_OBJECT_PAINT"
pvg_tileset_atlas_building18_1_347d032e,res://assets/tilesets/cyber_city_core_tilesets/CyberCity_Core_Tiles_1/CyberCity_Core_Tiles_1/Building18_1.png,Building18_1.png,TILESET_ATLAS,atlas_or_large_sheet,988,1228,979,1220,22.61,"[""A_PRIMARY_ATLAS"", ""C_LARGE_OBJECT_PAINT""]",True,"A_PRIMARY_ATLAS, C_LARGE_OBJECT_PAINT"
pvg_tileset_atlas_building18_2_3d89622f,res://assets/tilesets/cyber_city_core_tilesets/CyberCity_Core_Tiles_1/CyberCity_Core_Tiles_1/Building18_2.png,Building18_2.png,TILESET_ATLAS,atlas_or_large_sheet,1244,1241,1235,1230,30.77,"[""A_PRIMARY_ATLAS"", ""C_LARGE_OBJECT_PAINT""]",True,"A_PRIMARY_ATLAS, C_LARGE_OBJECT_PAINT"
pvg_tileset_atlas_building18_3_3e7335eb,res://assets/tilesets/cyber_city_core_tilesets/CyberCity_Core_Tiles_1/CyberCity_Core_Tiles_1/Building18_3.png,Building18_3.png,TILESET_ATLAS,atlas_or_large_sheet,997,1459,986,1449,28.15,"[""A_PRIMARY_ATLAS"", ""C_LARGE_OBJECT_PAINT""]",True,"A_PRIMARY_ATLAS, C_LARGE_OBJECT_PAINT"
pvg_tileset_atlas_building18_4_7d03f1f8,res://assets/tilesets/cyber_city_core_tilesets/CyberCity_Core_Tiles_1/CyberCity_Core_Tiles_1/Building18_4.png,Building18_4.png,TILESET_ATLAS,atlas_or_large_sheet,1148,1172,1141,1165,25.72,"[""A_PRIMARY_ATLAS"", ""C_LARGE_OBJECT_PAINT""]",True,"A_PRIMARY_ATLAS, C_LARGE_OBJECT_PAINT"
pvg_tileset_atlas_building18_5_603c1339,res://assets/tilesets/cyber_city_core_tilesets/CyberCity_Core_Tiles_1/CyberCity_Core_Tiles_1/Building18_5.png,Building18_5.png,TILESET_ATLAS,atlas_or_large_sheet,1335,1336,1330,1329,40.07,"[""A_PRIMARY_ATLAS"", ""C_LARGE_OBJECT_PAINT""]",True,"A_PRIMARY_ATLAS, C_LARGE_OBJECT_PAINT"
pvg_tileset_atlas_building18_6_6ad3c7e1,res://assets/tilesets/cyber_city_core_tilesets/CyberCity_Core_Tiles_1/CyberCity_Core_Tiles_1/Building18_6.png,Building18_6.png,TILESET_ATLAS,atlas_or_large_sheet,1287,1310,1278,1306,38.87,"[""A_PRIMARY_ATLAS"", ""C_LARGE_OBJECT_PAINT""]",True,"A_PRIMARY_ATLAS, C_LARGE_OBJECT_PAINT"
pvg_tileset_atlas_building18_7_2bfffd85,res://assets/tilesets/cyber_city_core_tilesets/CyberCity_Core_Tiles_1/CyberCity_Core_Tiles_1/Building18_7.png,Building18_7.png,TILESET_ATLAS,atlas_or_large_sheet,1275,1528,1265,1525,41.0,"[""A_PRIMARY_ATLAS"", ""C_LARGE_OBJECT_PAINT""]",True,"A_PRIMARY_ATLAS, C_LARGE_OBJECT_PAINT"
pvg_tileset_atlas_building18_8_0cffdad8,res://assets/tilesets/cyber_city_core_tilesets/CyberCity_Core_Tiles_1/CyberCity_Core_Tiles_1/Building18_8.png,Building18_8.png,TILESET_ATLAS,atlas_or_large_sheet,1265,1456,1258,1452,40.51,"[""A_PRIMARY_ATLAS"", ""C_LARGE_OBJECT_PAINT""]",True,"A_PRIMARY_ATLAS, C_LARGE_OBJECT_PAINT"
pvg_tileset_atlas_building19_1_77d0eeea,res://assets/tilesets/cyber_city_core_tilesets/CyberCity_Core_Tiles_1/CyberCity_Core_Tiles_1/Building19_1.png,Building19_1.png,TILESET_ATLAS,atlas_or_large_sheet,2024,2279,2013,2269,17.93,"[""A_PRIMARY_ATLAS"", ""C_LARGE_OBJECT_PAINT""]",True,"A_PRIMARY_ATLAS, C_LARGE_OBJECT_PAINT"
pvg_tileset_atlas_building19_2_b4271f38,res://assets/tilesets/cyber_city_core_tilesets/CyberCity_Core_Tiles_1/CyberCity_Core_Tiles_1/Building19_2.png,Building19_2.png,TILESET_ATLAS,atlas_or_large_sheet,2244,2097,2234,2084,19.47,"[""A_PRIMARY_ATLAS"", ""C_LARGE_OBJECT_PAINT""]",True,"A_PRIMARY_ATLAS, C_LARGE_OBJECT_PAINT"
pvg_tileset_atlas_building19_3_f32fbe26,res://assets/tilesets/cyber_city_core_tilesets/CyberCity_Core_Tiles_1/CyberCity_Core_Tiles_1/Building19_3.png,Building19_3.png,TILESET_ATLAS,atlas_or_large_sheet,2037,2318,2029,2307,21.71,"[""A_PRIMARY_ATLAS"", ""C_LARGE_OBJECT_PAINT""]",True,"A_PRIMARY_ATLAS, C_LARGE_OBJECT_PAINT"
pvg_tileset_atlas_building19_4_0d653fa6,res://assets/tilesets/cyber_city_core_tilesets/CyberCity_Core_Tiles_1/CyberCity_Core_Tiles_1/Building19_4.png,Building19_4.png,TILESET_ATLAS,atlas_or_large_sheet,2282,2144,2273,2135,21.53,"[""A_PRIMARY_ATLAS"", ""C_LARGE_OBJECT_PAINT""]",True,"A_PRIMARY_ATLAS, C_LARGE_OBJECT_PAINT"
pvg_tileset_atlas_building19_5_aed564d6,res://assets/tilesets/cyber_city_core_tilesets/CyberCity_Core_Tiles_1/CyberCity_Core_Tiles_1/Building19_5.png,Building19_5.png,TILESET_ATLAS,atlas_or_large_sheet,2513,2357,2503,2346,32.58,"[""A_PRIMARY_ATLAS"", ""C_LARGE_OBJECT_PAINT""]",True,"A_PRIMARY_ATLAS, C_LARGE_OBJECT_PAINT"
pvg_tileset_atlas_building19_6_9aca0233,res://assets/tilesets/cyber_city_core_tilesets/CyberCity_Core_Tiles_1/CyberCity_Core_Tiles_1/Building19_6.png,Building19_6.png,TILESET_ATLAS,atlas_or_large_sheet,2410,2472,2404,2462,35.1,"[""A_PRIMARY_ATLAS"", ""C_LARGE_OBJECT_PAINT""]",True,"A_PRIMARY_ATLAS, C_LARGE_OBJECT_PAINT"
pvg_tileset_atlas_building19_7_186051dc,res://assets/tilesets/cyber_city_core_tilesets/CyberCity_Core_Tiles_1/CyberCity_Core_Tiles_1/Building19_7.png,Building19_7.png,TILESET_ATLAS,atlas_or_large_sheet,2461,2437,2451,2426,35.04,"[""A_PRIMARY_ATLAS"", ""C_LARGE_OBJECT_PAINT""]",True,"A_PRIMARY_ATLAS, C_LARGE_OBJECT_PAINT"
pvg_tileset_atlas_building19_8_9b1ab496,res://assets/tilesets/cyber_city_core_tilesets/CyberCity_Core_Tiles_1/CyberCity_Core_Tiles_1/Building19_8.png,Building19_8.png,TILESET_ATLAS,atlas_or_large_sheet,2544,2494,2535,2485,38.39,"[""A_PRIMARY_ATLAS"", ""C_LARGE_OBJECT_PAINT""]",True,"A_PRIMARY_ATLAS, C_LARGE_OBJECT_PAINT"
pvg_tileset_atlas_building1_1_3910c583,res://assets/tilesets/cyber_city_core_tilesets/CyberCity_Core_Tiles_1/CyberCity_Core_Tiles_1/Building1_1.png,Building1_1.png,TILESET_ATLAS,atlas_or_large_sheet,778,812,771,807,36.64,"[""A_PRIMARY_ATLAS"", ""C_LARGE_OBJECT_PAINT""]",True,"A_PRIMARY_ATLAS, C_LARGE_OBJECT_PAINT"
pvg_tileset_atlas_building1_2_31925375,res://assets/tilesets/cyber_city_core_tilesets/CyberCity_Core_Tiles_1/CyberCity_Core_Tiles_1/Building1_2.png,Building1_2.png,TILESET_ATLAS,atlas_or_large_sheet,717,721,708,712,19.96,"[""A_PRIMARY_ATLAS"", ""C_LARGE_OBJECT_PAINT""]",True,"A_PRIMARY_ATLAS, C_LARGE_OBJECT_PAINT"
pvg_tileset_atlas_building1_3_cb5f8d5d,res://assets/tilesets/cyber_city_core_tilesets/CyberCity_Core_Tiles_1/CyberCity_Core_Tiles_1/Building1_3.png,Building1_3.png,TILESET_ATLAS,atlas_or_large_sheet,725,600,717,591,17.85,"[""A_PRIMARY_ATLAS"", ""C_LARGE_OBJECT_PAINT""]",True,"A_PRIMARY_ATLAS, C_LARGE_OBJECT_PAINT"
pvg_tileset_atlas_building1_4_2fc1a14e,res://assets/tilesets/cyber_city_core_tilesets/CyberCity_Core_Tiles_1/CyberCity_Core_Tiles_1/Building1_4.png,Building1_4.png,TILESET_ATLAS,atlas_or_large_sheet,781,709,773,702,37.8,"[""A_PRIMARY_ATLAS"", ""C_LARGE_OBJECT_PAINT""]",True,"A_PRIMARY_ATLAS, C_LARGE_OBJECT_PAINT"
pvg_tileset_atlas_building1_5_6d6939d6,res://assets/tilesets/cyber_city_core_tilesets/CyberCity_Core_Tiles_1/CyberCity_Core_Tiles_1/Building1_5.png,Building1_5.png,TILESET_ATLAS,atlas_or_large_sheet,915,809,908,806,41.88,"[""A_PRIMARY_ATLAS"", ""C_LARGE_OBJECT_PAINT""]",True,"A_PRIMARY_ATLAS, C_LARGE_OBJECT_PAINT"
pvg_tileset_atlas_building1_6_ba1ef657,res://assets/tilesets/cyber_city_core_tilesets/CyberCity_Core_Tiles_1/CyberCity_Core_Tiles_1/Building1_6.png,Building1_6.png,TILESET_ATLAS,atlas_or_large_sheet,905,881,902,879,51.61,"[""A_PRIMARY_ATLAS"", ""C_LARGE_OBJECT_PAINT""]",True,"A_PRIMARY_ATLAS, C_LARGE_OBJECT_PAINT"
pvg_tileset_atlas_building1_7_80a0397c,res://assets/tilesets/cyber_city_core_tilesets/CyberCity_Core_Tiles_1/CyberCity_Core_Tiles_1/Building1_7.png,Building1_7.png,TILESET_ATLAS,atlas_or_large_sheet,853,805,845,798,40.6,"[""A_PRIMARY_ATLAS"", ""C_LARGE_OBJECT_PAINT""]",True,"A_PRIMARY_ATLAS, C_LARGE_OBJECT_PAINT"
pvg_tileset_atlas_building1_8_d34e0374,res://assets/tilesets/cyber_city_core_tilesets/CyberCity_Core_Tiles_1/CyberCity_Core_Tiles_1/Building1_8.png,Building1_8.png,TILESET_ATLAS,atlas_or_large_sheet,909,794,909,791,51.21,"[""A_PRIMARY_ATLAS"", ""C_LARGE_OBJECT_PAINT""]",True,"A_PRIMARY_ATLAS, C_LARGE_OBJECT_PAINT"
pvg_tileset_atlas_building20_1_6b99a700,res://assets/tilesets/cyber_city_core_tilesets/CyberCity_Core_Tiles_1/CyberCity_Core_Tiles_1/Building20_1.png,Building20_1.png,TILESET_ATLAS,atlas_or_large_sheet,929,784,918,774,22.29,"[""A_PRIMARY_ATLAS"", ""C_LARGE_OBJECT_PAINT""]",True,"A_PRIMARY_ATLAS, C_LARGE_OBJECT_PAINT"
pvg_tileset_atlas_building20_2_a87a2f6f,res://assets/tilesets/cyber_city_core_tilesets/CyberCity_Core_Tiles_1/CyberCity_Core_Tiles_1/Building20_2.png,Building20_2.png,TILESET_ATLAS,atlas_or_large_sheet,632,1000,623,991,23.84,"[""A_PRIMARY_ATLAS"", ""C_LARGE_OBJECT_PAINT""]",True,"A_PRIMARY_ATLAS, C_LARGE_OBJECT_PAINT"
pvg_tileset_atlas_building20_3_64ac5d77,res://assets/tilesets/cyber_city_core_tilesets/CyberCity_Core_Tiles_1/CyberCity_Core_Tiles_1/Building20_3.png,Building20_3.png,TILESET_ATLAS,atlas_or_large_sheet,928,784,918,774,22.0,"[""A_PRIMARY_ATLAS"", ""C_LARGE_OBJECT_PAINT""]",True,"A_PRIMARY_ATLAS, C_LARGE_OBJECT_PAINT"
pvg_tileset_atlas_building20_4_01e5dde4,res://assets/tilesets/cyber_city_core_tilesets/CyberCity_Core_Tiles_1/CyberCity_Core_Tiles_1/Building20_4.png,Building20_4.png,TILESET_ATLAS,atlas_or_large_sheet,615,995,604,983,20.7,"[""A_PRIMARY_ATLAS"", ""C_LARGE_OBJECT_PAINT""]",True,"A_PRIMARY_ATLAS, C_LARGE_OBJECT_PAINT"
pvg_tileset_atlas_building20_5_b177a7f9,res://assets/tilesets/cyber_city_core_tilesets/CyberCity_Core_Tiles_1/CyberCity_Core_Tiles_1/Building20_5.png,Building20_5.png,TILESET_ATLAS,atlas_or_large_sheet,974,1005,968,998,42.3,"[""A_PRIMARY_ATLAS"", ""C_LARGE_OBJECT_PAINT""]",True,"A_PRIMARY_ATLAS, C_LARGE_OBJECT_PAINT"
pvg_tileset_atlas_building20_6_edf70376,res://assets/tilesets/cyber_city_core_tilesets/CyberCity_Core_Tiles_1/CyberCity_Core_Tiles_1/Building20_6.png,Building20_6.png,TILESET_ATLAS,atlas_or_large_sheet,974,1041,969,1032,46.17,"[""A_PRIMARY_ATLAS"", ""C_LARGE_OBJECT_PAINT""]",True,"A_PRIMARY_ATLAS, C_LARGE_OBJECT_PAINT"
pvg_tileset_atlas_building20_7_d5ba72e0,res://assets/tilesets/cyber_city_core_tilesets/CyberCity_Core_Tiles_1/CyberCity_Core_Tiles_1/Building20_7.png,Building20_7.png,TILESET_ATLAS,atlas_or_large_sheet,975,1002,969,998,44.28,"[""A_PRIMARY_ATLAS"", ""C_LARGE_OBJECT_PAINT""]",True,"A_PRIMARY_ATLAS, C_LARGE_OBJECT_PAINT"
pvg_tileset_atlas_building20_8_56cd0a7c,res://assets/tilesets/cyber_city_core_tilesets/CyberCity_Core_Tiles_1/CyberCity_Core_Tiles_1/Building20_8.png,Building20_8.png,TILESET_ATLAS,atlas_or_large_sheet,974,1038,969,1032,44.04,"[""A_PRIMARY_ATLAS"", ""C_LARGE_OBJECT_PAINT""]",True,"A_PRIMARY_ATLAS, C_LARGE_OBJECT_PAINT"
pvg_tileset_atlas_building21_1_c3e41bcc,res://assets/tilesets/cyber_city_core_tilesets/CyberCity_Core_Tiles_1/CyberCity_Core_Tiles_1/Building21_1.png,Building21_1.png,TILESET_ATLAS,atlas_or_large_sheet,1894,2662,1884,2642,42.86,"[""A_PRIMARY_ATLAS"", ""C_LARGE_OBJECT_PAINT""]",True,"A_PRIMARY_ATLAS, C_LARGE_OBJECT_PAINT"
pvg_tileset_atlas_building21_2_368af354,res://assets/tilesets/cyber_city_core_tilesets/CyberCity_Core_Tiles_1/CyberCity_Core_Tiles_1/Building21_2.png,Building21_2.png,TILESET_ATLAS,atlas_or_large_sheet,1163,2903,1147,2887,39.62,"[""A_PRIMARY_ATLAS"", ""C_LARGE_OBJECT_PAINT""]",True,"A_PRIMARY_ATLAS, C_LARGE_OBJECT_PAINT"
pvg_tileset_atlas_building21_3_43f4adf4,res://assets/tilesets/cyber_city_core_tilesets/CyberCity_Core_Tiles_1/CyberCity_Core_Tiles_1/Building21_3.png,Building21_3.png,TILESET_ATLAS,atlas_or_large_sheet,1804,2409,1793,2393,42.82,"[""A_PRIMARY_ATLAS"", ""C_LARGE_OBJECT_PAINT""]",True,"A_PRIMARY_ATLAS, C_LARGE_OBJECT_PAINT"
pvg_tileset_atlas_building21_4_0a43f061,res://assets/tilesets/cyber_city_core_tilesets/CyberCity_Core_Tiles_1/CyberCity_Core_Tiles_1/Building21_4.png,Building21_4.png,TILESET_ATLAS,atlas_or_large_sheet,1500,2651,1488,2636,48.41,"[""A_PRIMARY_ATLAS"", ""C_LARGE_OBJECT_PAINT""]",True,"A_PRIMARY_ATLAS, C_LARGE_OBJECT_PAINT"
pvg_tileset_atlas_building21_5_10681a62,res://assets/tilesets/cyber_city_core_tilesets/CyberCity_Core_Tiles_1/CyberCity_Core_Tiles_1/Building21_5.png,Building21_5.png,TILESET_ATLAS,atlas_or_large_sheet,1579,2894,1569,2882,44.1,"[""A_PRIMARY_ATLAS"", ""C_LARGE_OBJECT_PAINT""]",True,"A_PRIMARY_ATLAS, C_LARGE_OBJECT_PAINT"
pvg_tileset_atlas_building21_6_183482a5,res://assets/tilesets/cyber_city_core_tilesets/CyberCity_Core_Tiles_1/CyberCity_Core_Tiles_1/Building21_6.png,Building21_6.png,TILESET_ATLAS,atlas_or_large_sheet,1918,2704,1909,2689,49.65,"[""A_PRIMARY_ATLAS"", ""C_LARGE_OBJECT_PAINT""]",True,"A_PRIMARY_ATLAS, C_LARGE_OBJECT_PAINT"
pvg_tileset_atlas_building21_7_52028f8b,res://assets/tilesets/cyber_city_core_tilesets/CyberCity_Core_Tiles_1/CyberCity_Core_Tiles_1/Building21_7.png,Building21_7.png,TILESET_ATLAS,atlas_or_large_sheet,1495,2711,1488,2698,46.71,"[""A_PRIMARY_ATLAS"", ""C_LARGE_OBJECT_PAINT""]",True,"A_PRIMARY_ATLAS, C_LARGE_OBJECT_PAINT"
pvg_tileset_atlas_building21_8_b7cf0742,res://assets/tilesets/cyber_city_core_tilesets/CyberCity_Core_Tiles_1/CyberCity_Core_Tiles_1/Building21_8.png,Building21_8.png,TILESET_ATLAS,atlas_or_large_sheet,1847,2442,1836,2425,48.67,"[""A_PRIMARY_ATLAS"", ""C_LARGE_OBJECT_PAINT""]",True,"A_PRIMARY_ATLAS, C_LARGE_OBJECT_PAINT"
pvg_tileset_atlas_building22_1_32681334,res://assets/tilesets/cyber_city_core_tilesets/CyberCity_Core_Tiles_1/CyberCity_Core_Tiles_1/Building22_1.png,Building22_1.png,TILESET_ATLAS,atlas_or_large_sheet,1682,1381,1673,1371,21.12,"[""A_PRIMARY_ATLAS"", ""C_LARGE_OBJECT_PAINT""]",True,"A_PRIMARY_ATLAS, C_LARGE_OBJECT_PAINT"
pvg_tileset_atlas_building22_2_aa700535,res://assets/tilesets/cyber_city_core_tilesets/CyberCity_Core_Tiles_1/CyberCity_Core_Tiles_1/Building22_2.png,Building22_2.png,TILESET_ATLAS,atlas_or_large_sheet,1400,1568,1389,1556,24.59,"[""A_PRIMARY_ATLAS"", ""C_LARGE_OBJECT_PAINT""]",True,"A_PRIMARY_ATLAS, C_LARGE_OBJECT_PAINT"
pvg_tileset_atlas_building22_3_b3cae3a1,res://assets/tilesets/cyber_city_core_tilesets/CyberCity_Core_Tiles_1/CyberCity_Core_Tiles_1/Building22_3.png,Building22_3.png,TILESET_ATLAS,atlas_or_large_sheet,1697,1338,1686,1328,21.68,"[""A_PRIMARY_ATLAS"", ""C_LARGE_OBJECT_PAINT""]",True,"A_PRIMARY_ATLAS, C_LARGE_OBJECT_PAINT"
pvg_tileset_atlas_building22_4_f126dc8e,res://assets/tilesets/cyber_city_core_tilesets/CyberCity_Core_Tiles_1/CyberCity_Core_Tiles_1/Building22_4.png,Building22_4.png,TILESET_ATLAS,atlas_or_large_sheet,1443,1567,1432,1556,21.92,"[""A_PRIMARY_ATLAS"", ""C_LARGE_OBJECT_PAINT""]",True,"A_PRIMARY_ATLAS, C_LARGE_OBJECT_PAINT"
pvg_tileset_atlas_building22_5_7d64b918,res://assets/tilesets/cyber_city_core_tilesets/CyberCity_Core_Tiles_1/CyberCity_Core_Tiles_1/Building22_5.png,Building22_5.png,TILESET_ATLAS,atlas_or_large_sheet,1994,1701,1988,1694,44.81,"[""A_PRIMARY_ATLAS"", ""C_LARGE_OBJECT_PAINT""]",True,"A_PRIMARY_ATLAS, C_LARGE_OBJECT_PAINT"
pvg_tileset_atlas_building22_6_acced2f2,res://assets/tilesets/cyber_city_core_tilesets/CyberCity_Core_Tiles_1/CyberCity_Core_Tiles_1/Building22_6.png,Building22_6.png,TILESET_ATLAS,atlas_or_large_sheet,1869,1800,1861,1792,45.01,"[""A_PRIMARY_ATLAS"", ""C_LARGE_OBJECT_PAINT""]",True,"A_PRIMARY_ATLAS, C_LARGE_OBJECT_PAINT"
pvg_tileset_atlas_building22_7_7746017f,res://assets/tilesets/cyber_city_core_tilesets/CyberCity_Core_Tiles_1/CyberCity_Core_Tiles_1/Building22_7.png,Building22_7.png,TILESET_ATLAS,atlas_or_large_sheet,1833,1780,1827,1774,44.46,"[""A_PRIMARY_ATLAS"", ""C_LARGE_OBJECT_PAINT""]",True,"A_PRIMARY_ATLAS, C_LARGE_OBJECT_PAINT"
pvg_tileset_atlas_building22_8_f5ac44c4,res://assets/tilesets/cyber_city_core_tilesets/CyberCity_Core_Tiles_1/CyberCity_Core_Tiles_1/Building22_8.png,Building22_8.png,TILESET_ATLAS,atlas_or_large_sheet,2023,1669,2021,1664,46.52,"[""A_PRIMARY_ATLAS"", ""C_LARGE_OBJECT_PAINT""]",True,"A_PRIMARY_ATLAS, C_LARGE_OBJECT_PAINT"
pvg_tileset_atlas_building23_1_70f309ce,res://assets/tilesets/cyber_city_core_tilesets/CyberCity_Core_Tiles_1/CyberCity_Core_Tiles_1/Building23_1.png,Building23_1.png,TILESET_ATLAS,atlas_or_large_sheet,487,598,481,591,33.08,"[""A_PRIMARY_ATLAS"", ""C_LARGE_OBJECT_PAINT""]",True,"A_PRIMARY_ATLAS, C_LARGE_OBJECT_PAINT"
pvg_tileset_atlas_building23_2_b40084f1,res://assets/tilesets/cyber_city_core_tilesets/CyberCity_Core_Tiles_1/CyberCity_Core_Tiles_1/Building23_2.png,Building23_2.png,TILESET_ATLAS,atlas_or_large_sheet,526,667,516,661,40.11,"[""A_PRIMARY_ATLAS"", ""C_LARGE_OBJECT_PAINT""]",True,"A_PRIMARY_ATLAS, C_LARGE_OBJECT_PAINT"
pvg_tileset_atlas_building23_3_d8842ebd,res://assets/tilesets/cyber_city_core_tilesets/CyberCity_Core_Tiles_1/CyberCity_Core_Tiles_1/Building23_3.png,Building23_3.png,TILESET_ATLAS,atlas_or_large_sheet,470,544,460,538,24.98,"[""A_PRIMARY_ATLAS"", ""C_LARGE_OBJECT_PAINT""]",True,"A_PRIMARY_ATLAS, C_LARGE_OBJECT_PAINT"
pvg_tileset_atlas_building23_4_9c66ac43,res://assets/tilesets/cyber_city_core_tilesets/CyberCity_Core_Tiles_1/CyberCity_Core_Tiles_1/Building23_4.png,Building23_4.png,TILESET_ATLAS,atlas_or_large_sheet,513,511,505,500,19.48,"[""A_PRIMARY_ATLAS"", ""C_LARGE_OBJECT_PAINT""]",True,"A_PRIMARY_ATLAS, C_LARGE_OBJECT_PAINT"
pvg_tileset_atlas_building23_5_5cea5d0b,res://assets/tilesets/cyber_city_core_tilesets/CyberCity_Core_Tiles_1/CyberCity_Core_Tiles_1/Building23_5.png,Building23_5.png,TILESET_ATLAS,atlas_or_large_sheet,585,672,575,668,45.52,"[""A_PRIMARY_ATLAS"", ""C_LARGE_OBJECT_PAINT""]",True,"A_PRIMARY_ATLAS, C_LARGE_OBJECT_PAINT"
pvg_tileset_atlas_building23_6_8ff10fd4,res://assets/tilesets/cyber_city_core_tilesets/CyberCity_Core_Tiles_1/CyberCity_Core_Tiles_1/Building23_6.png,Building23_6.png,TILESET_ATLAS,atlas_or_large_sheet,585,586,576,579,38.81,"[""A_PRIMARY_ATLAS"", ""C_LARGE_OBJECT_PAINT""]",True,"A_PRIMARY_ATLAS, C_LARGE_OBJECT_PAINT"
pvg_tileset_atlas_building23_7_926dd40f,res://assets/tilesets/cyber_city_core_tilesets/CyberCity_Core_Tiles_1/CyberCity_Core_Tiles_1/Building23_7.png,Building23_7.png,TILESET_ATLAS,atlas_or_large_sheet,584,653,577,649,44.22,"[""A_PRIMARY_ATLAS"", ""C_LARGE_OBJECT_PAINT""]",True,"A_PRIMARY_ATLAS, C_LARGE_OBJECT_PAINT"
pvg_tileset_atlas_building23_8_ef8adb0a,res://assets/tilesets/cyber_city_core_tilesets/CyberCity_Core_Tiles_1/CyberCity_Core_Tiles_1/Building23_8.png,Building23_8.png,TILESET_ATLAS,atlas_or_large_sheet,579,556,575,551,34.54,"[""A_PRIMARY_ATLAS"", ""C_LARGE_OBJECT_PAINT""]",True,"A_PRIMARY_ATLAS, C_LARGE_OBJECT_PAINT"
pvg_tileset_atlas_building24_1_39e5c522,res://assets/tilesets/cyber_city_core_tilesets/CyberCity_Core_Tiles_1/CyberCity_Core_Tiles_1/Building24_1.png,Building24_1.png,TILESET_ATLAS,atlas_or_large_sheet,636,717,628,707,37.04,"[""A_PRIMARY_ATLAS"", ""C_LARGE_OBJECT_PAINT""]",True,"A_PRIMARY_ATLAS, C_LARGE_OBJECT_PAINT"
pvg_tileset_atlas_building24_2_6645fc37,res://assets/tilesets/cyber_city_core_tilesets/CyberCity_Core_Tiles_1/CyberCity_Core_Tiles_1/Building24_2.png,Building24_2.png,TILESET_ATLAS,atlas_or_large_sheet,671,822,661,815,46.11,"[""A_PRIMARY_ATLAS"", ""C_LARGE_OBJECT_PAINT""]",True,"A_PRIMARY_ATLAS, C_LARGE_OBJECT_PAINT"
pvg_tileset_atlas_building24_3_669e71e6,res://assets/tilesets/cyber_city_core_tilesets/CyberCity_Core_Tiles_1/CyberCity_Core_Tiles_1/Building24_3.png,Building24_3.png,TILESET_ATLAS,atlas_or_large_sheet,625,802,619,796,42.11,"[""A_PRIMARY_ATLAS"", ""C_LARGE_OBJECT_PAINT""]",True,"A_PRIMARY_ATLAS, C_LARGE_OBJECT_PAINT"
pvg_tileset_atlas_building24_4_6108c826,res://assets/tilesets/cyber_city_core_tilesets/CyberCity_Core_Tiles_1/CyberCity_Core_Tiles_1/Building24_4.png,Building24_4.png,TILESET_ATLAS,atlas_or_large_sheet,662,739,655,730,40.16,"[""A_PRIMARY_ATLAS"", ""C_LARGE_OBJECT_PAINT""]",True,"A_PRIMARY_ATLAS, C_LARGE_OBJECT_PAINT"
pvg_tileset_atlas_building24_5_4f17b2e5,res://assets/tilesets/cyber_city_core_tilesets/CyberCity_Core_Tiles_1/CyberCity_Core_Tiles_1/Building24_5.png,Building24_5.png,TILESET_ATLAS,atlas_or_large_sheet,548,834,542,827,38.63,"[""A_PRIMARY_ATLAS"", ""C_LARGE_OBJECT_PAINT""]",True,"A_PRIMARY_ATLAS, C_LARGE_OBJECT_PAINT"
pvg_tileset_atlas_building24_6_0c380343,res://assets/tilesets/cyber_city_core_tilesets/CyberCity_Core_Tiles_1/CyberCity_Core_Tiles_1/Building24_6.png,Building24_6.png,TILESET_ATLAS,atlas_or_large_sheet,724,672,715,666,34.03,"[""A_PRIMARY_ATLAS"", ""C_LARGE_OBJECT_PAINT""]",True,"A_PRIMARY_ATLAS, C_LARGE_OBJECT_PAINT"
pvg_tileset_atlas_building24_7_ac503358,res://assets/tilesets/cyber_city_core_tilesets/CyberCity_Core_Tiles_1/CyberCity_Core_Tiles_1/Building24_7.png,Building24_7.png,TILESET_ATLAS,atlas_or_large_sheet,712,832,706,825,44.4,"[""A_PRIMARY_ATLAS"", ""C_LARGE_OBJECT_PAINT""]",True,"A_PRIMARY_ATLAS, C_LARGE_OBJECT_PAINT"
pvg_tileset_atlas_building24_8_1a34b107,res://assets/tilesets/cyber_city_core_tilesets/CyberCity_Core_Tiles_1/CyberCity_Core_Tiles_1/Building24_8.png,Building24_8.png,TILESET_ATLAS,atlas_or_large_sheet,553,839,551,833,40.72,"[""A_PRIMARY_ATLAS"", ""C_LARGE_OBJECT_PAINT""]",True,"A_PRIMARY_ATLAS, C_LARGE_OBJECT_PAINT"
pvg_tileset_atlas_building25_1_0721742e,res://assets/tilesets/cyber_city_core_tilesets/CyberCity_Core_Tiles_1/CyberCity_Core_Tiles_1/Building25_1.png,Building25_1.png,TILESET_ATLAS,atlas_or_large_sheet,1607,691,1598,680,16.54,"[""A_PRIMARY_ATLAS"", ""C_LARGE_OBJECT_PAINT""]",True,"A_PRIMARY_ATLAS, C_LARGE_OBJECT_PAINT"
pvg_tileset_atlas_building25_2_152d8cbe,res://assets/tilesets/cyber_city_core_tilesets/CyberCity_Core_Tiles_1/CyberCity_Core_Tiles_1/Building25_2.png,Building25_2.png,TILESET_ATLAS,atlas_or_large_sheet,373,1523,363,1518,29.56,"[""A_PRIMARY_ATLAS"", ""C_LARGE_OBJECT_PAINT""]",True,"A_PRIMARY_ATLAS, C_LARGE_OBJECT_PAINT"
pvg_tileset_atlas_building25_3_dca57edc,res://assets/tilesets/cyber_city_core_tilesets/CyberCity_Core_Tiles_1/CyberCity_Core_Tiles_1/Building25_3.png,Building25_3.png,TILESET_ATLAS,atlas_or_large_sheet,1581,672,1571,662,17.64,"[""A_PRIMARY_ATLAS"", ""C_LARGE_OBJECT_PAINT""]",True,"A_PRIMARY_ATLAS, C_LARGE_OBJECT_PAINT"
pvg_tileset_atlas_building25_4_7b7f9a28,res://assets/tilesets/cyber_city_core_tilesets/CyberCity_Core_Tiles_1/CyberCity_Core_Tiles_1/Building25_4.png,Building25_4.png,TILESET_ATLAS,atlas_or_large_sheet,453,1435,442,1428,30.61,"[""A_PRIMARY_ATLAS"", ""C_LARGE_OBJECT_PAINT""]",True,"A_PRIMARY_ATLAS, C_LARGE_OBJECT_PAINT"
pvg_tileset_atlas_building25_5_baf00277,res://assets/tilesets/cyber_city_core_tilesets/CyberCity_Core_Tiles_1/CyberCity_Core_Tiles_1/Building25_5.png,Building25_5.png,TILESET_ATLAS,atlas_or_large_sheet,1252,1233,1244,1225,51.25,"[""A_PRIMARY_ATLAS"", ""C_LARGE_OBJECT_PAINT""]",True,"A_PRIMARY_ATLAS, C_LARGE_OBJECT_PAINT"
pvg_tileset_atlas_building25_6_dfc81da3,res://assets/tilesets/cyber_city_core_tilesets/CyberCity_Core_Tiles_1/CyberCity_Core_Tiles_1/Building25_6.png,Building25_6.png,TILESET_ATLAS,atlas_or_large_sheet,1194,1194,1185,1186,49.01,"[""A_PRIMARY_ATLAS"", ""C_LARGE_OBJECT_PAINT""]",True,"A_PRIMARY_ATLAS, C_LARGE_OBJECT_PAINT"
pvg_tileset_atlas_building25_7_50ff3bcb,res://assets/tilesets/cyber_city_core_tilesets/CyberCity_Core_Tiles_1/CyberCity_Core_Tiles_1/Building25_7.png,Building25_7.png,TILESET_ATLAS,atlas_or_large_sheet,1164,1308,1157,1301,54.07,"[""A_PRIMARY_ATLAS"", ""C_LARGE_OBJECT_PAINT""]",True,"A_PRIMARY_ATLAS, C_LARGE_OBJECT_PAINT"
pvg_tileset_atlas_building25_8_539b43c1,res://assets/tilesets/cyber_city_core_tilesets/CyberCity_Core_Tiles_1/CyberCity_Core_Tiles_1/Building25_8.png,Building25_8.png,TILESET_ATLAS,atlas_or_large_sheet,1235,1224,1231,1216,53.97,"[""A_PRIMARY_ATLAS"", ""C_LARGE_OBJECT_PAINT""]",True,"A_PRIMARY_ATLAS, C_LARGE_OBJECT_PAINT"
pvg_tileset_atlas_building26_1_b433bd19,res://assets/tilesets/cyber_city_core_tilesets/CyberCity_Core_Tiles_1/CyberCity_Core_Tiles_1/Building26_1.png,Building26_1.png,TILESET_ATLAS,atlas_or_large_sheet,620,648,614,638,21.66,"[""A_PRIMARY_ATLAS"", ""C_LARGE_OBJECT_PAINT""]",True,"A_PRIMARY_ATLAS, C_LARGE_OBJECT_PAINT"
pvg_tileset_atlas_building26_2_f2ca2a8e,res://assets/tilesets/cyber_city_core_tilesets/CyberCity_Core_Tiles_1/CyberCity_Core_Tiles_1/Building26_2.png,Building26_2.png,TILESET_ATLAS,atlas_or_large_sheet,379,802,368,793,25.18,"[""A_PRIMARY_ATLAS"", ""C_LARGE_OBJECT_PAINT""]",True,"A_PRIMARY_ATLAS, C_LARGE_OBJECT_PAINT"
pvg_tileset_atlas_building26_3_8db5b84c,res://assets/tilesets/cyber_city_core_tilesets/CyberCity_Core_Tiles_1/CyberCity_Core_Tiles_1/Building26_3.png,Building26_3.png,TILESET_ATLAS,atlas_or_large_sheet,623,630,614,619,19.72,"[""A_PRIMARY_ATLAS"", ""C_LARGE_OBJECT_PAINT""]",True,"A_PRIMARY_ATLAS, C_LARGE_OBJECT_PAINT"
pvg_tileset_atlas_building26_4_af33c88d,res://assets/tilesets/cyber_city_core_tilesets/CyberCity_Core_Tiles_1/CyberCity_Core_Tiles_1/Building26_4.png,Building26_4.png,TILESET_ATLAS,atlas_or_large_sheet,396,803,385,793,26.88,"[""A_PRIMARY_ATLAS"", ""C_LARGE_OBJECT_PAINT""]",True,"A_PRIMARY_ATLAS, C_LARGE_OBJECT_PAINT"
pvg_tileset_atlas_building26_5_05a30afd,res://assets/tilesets/cyber_city_core_tilesets/CyberCity_Core_Tiles_1/CyberCity_Core_Tiles_1/Building26_5.png,Building26_5.png,TILESET_ATLAS,atlas_or_large_sheet,625,811,621,802,40.61,"[""A_PRIMARY_ATLAS"", ""C_LARGE_OBJECT_PAINT""]",True,"A_PRIMARY_ATLAS, C_LARGE_OBJECT_PAINT"
pvg_tileset_atlas_building26_6_92e9e9d8,res://assets/tilesets/cyber_city_core_tilesets/CyberCity_Core_Tiles_1/CyberCity_Core_Tiles_1/Building26_6.png,Building26_6.png,TILESET_ATLAS,atlas_or_large_sheet,631,807,625,803,41.31,"[""A_PRIMARY_ATLAS"", ""C_LARGE_OBJECT_PAINT""]",True,"A_PRIMARY_ATLAS, C_LARGE_OBJECT_PAINT"
pvg_tileset_atlas_building26_7_c80326ff,res://assets/tilesets/cyber_city_core_tilesets/CyberCity_Core_Tiles_1/CyberCity_Core_Tiles_1/Building26_7.png,Building26_7.png,TILESET_ATLAS,atlas_or_large_sheet,626,805,621,798,40.18,"[""A_PRIMARY_ATLAS"", ""C_LARGE_OBJECT_PAINT""]",True,"A_PRIMARY_ATLAS, C_LARGE_OBJECT_PAINT"
pvg_tileset_atlas_building26_8_8fe2b63e,res://assets/tilesets/cyber_city_core_tilesets/CyberCity_Core_Tiles_1/CyberCity_Core_Tiles_1/Building26_8.png,Building26_8.png,TILESET_ATLAS,atlas_or_large_sheet,632,803,624,797,41.2,"[""A_PRIMARY_ATLAS"", ""C_LARGE_OBJECT_PAINT""]",True,"A_PRIMARY_ATLAS, C_LARGE_OBJECT_PAINT"
pvg_tileset_atlas_building27_1_17c6b584,res://assets/tilesets/cyber_city_core_tilesets/CyberCity_Core_Tiles_1/CyberCity_Core_Tiles_1/Building27_1.png,Building27_1.png,TILESET_ATLAS,atlas_or_large_sheet,1230,389,1219,379,16.49,"[""A_PRIMARY_ATLAS"", ""C_LARGE_OBJECT_PAINT""]",True,"A_PRIMARY_ATLAS, C_LARGE_OBJECT_PAINT"
pvg_tileset_atlas_building27_2_d24d39e7,res://assets/tilesets/cyber_city_core_tilesets/CyberCity_Core_Tiles_1/CyberCity_Core_Tiles_1/Building27_2.png,Building27_2.png,TILESET_ATLAS,atlas_or_large_sheet,333,964,323,953,14.21,"[""A_PRIMARY_ATLAS"", ""C_LARGE_OBJECT_PAINT""]",True,"A_PRIMARY_ATLAS, C_LARGE_OBJECT_PAINT"
pvg_tileset_atlas_building27_3_2ca3129c,res://assets/tilesets/cyber_city_core_tilesets/CyberCity_Core_Tiles_1/CyberCity_Core_Tiles_1/Building27_3.png,Building27_3.png,TILESET_ATLAS,atlas_or_large_sheet,1247,386,1238,376,12.46,"[""A_PRIMARY_ATLAS"", ""C_LARGE_OBJECT_PAINT""]",True,"A_PRIMARY_ATLAS, C_LARGE_OBJECT_PAINT"
pvg_tileset_atlas_building27_4_000231fc,res://assets/tilesets/cyber_city_core_tilesets/CyberCity_Core_Tiles_1/CyberCity_Core_Tiles_1/Building27_4.png,Building27_4.png,TILESET_ATLAS,atlas_or_large_sheet,349,1024,342,1016,15.68,"[""A_PRIMARY_ATLAS"", ""C_LARGE_OBJECT_PAINT""]",True,"A_PRIMARY_ATLAS, C_LARGE_OBJECT_PAINT"
pvg_tileset_atlas_building27_5_361423c1,res://assets/tilesets/cyber_city_core_tilesets/CyberCity_Core_Tiles_1/CyberCity_Core_Tiles_1/Building27_5.png,Building27_5.png,TILESET_ATLAS,atlas_or_large_sheet,1051,809,1044,806,56.88,"[""A_PRIMARY_ATLAS"", ""C_LARGE_OBJECT_PAINT""]",True,"A_PRIMARY_ATLAS, C_LARGE_OBJECT_PAINT"
pvg_tileset_atlas_building27_6_41da43d2,res://assets/tilesets/cyber_city_core_tilesets/CyberCity_Core_Tiles_1/CyberCity_Core_Tiles_1/Building27_6.png,Building27_6.png,TILESET_ATLAS,atlas_or_large_sheet,1023,887,1015,882,60.88,"[""A_PRIMARY_ATLAS"", ""C_LARGE_OBJECT_PAINT""]",True,"A_PRIMARY_ATLAS, C_LARGE_OBJECT_PAINT"
pvg_tileset_atlas_building27_7_be40fbac,res://assets/tilesets/cyber_city_core_tilesets/CyberCity_Core_Tiles_1/CyberCity_Core_Tiles_1/Building27_7.png,Building27_7.png,TILESET_ATLAS,atlas_or_large_sheet,1038,833,1033,827,58.18,"[""A_PRIMARY_ATLAS"", ""C_LARGE_OBJECT_PAINT""]",True,"A_PRIMARY_ATLAS, C_LARGE_OBJECT_PAINT"
pvg_tileset_atlas_building27_8_1b2abd84,res://assets/tilesets/cyber_city_core_tilesets/CyberCity_Core_Tiles_1/CyberCity_Core_Tiles_1/Building27_8.png,Building27_8.png,TILESET_ATLAS,atlas_or_large_sheet,1066,877,1061,873,59.98,"[""A_PRIMARY_ATLAS"", ""C_LARGE_OBJECT_PAINT""]",True,"A_PRIMARY_ATLAS, C_LARGE_OBJECT_PAINT"
pvg_tileset_atlas_building28_1_d774b692,res://assets/tilesets/cyber_city_core_tilesets/CyberCity_Core_Tiles_1/CyberCity_Core_Tiles_1/Building28_1.png,Building28_1.png,TILESET_ATLAS,atlas_or_large_sheet,647,912,640,906,38.39,"[""A_PRIMARY_ATLAS"", ""C_LARGE_OBJECT_PAINT""]",True,"A_PRIMARY_ATLAS, C_LARGE_OBJECT_PAINT"
pvg_tileset_atlas_building28_2_ecbbf96a,res://assets/tilesets/cyber_city_core_tilesets/CyberCity_Core_Tiles_1/CyberCity_Core_Tiles_1/Building28_2.png,Building28_2.png,TILESET_ATLAS,atlas_or_large_sheet,610,1013,599,1006,42.9,"[""A_PRIMARY_ATLAS"", ""C_LARGE_OBJECT_PAINT""]",True,"A_PRIMARY_ATLAS, C_LARGE_OBJECT_PAINT"
pvg_tileset_atlas_building28_3_ac735652,res://assets/tilesets/cyber_city_core_tilesets/CyberCity_Core_Tiles_1/CyberCity_Core_Tiles_1/Building28_3.png,Building28_3.png,TILESET_ATLAS,atlas_or_large_sheet,629,953,620,943,38.8,"[""A_PRIMARY_ATLAS"", ""C_LARGE_OBJECT_PAINT""]",True,"A_PRIMARY_ATLAS, C_LARGE_OBJECT_PAINT"
pvg_tileset_atlas_building28_4_f8195aab,res://assets/tilesets/cyber_city_core_tilesets/CyberCity_Core_Tiles_1/CyberCity_Core_Tiles_1/Building28_4.png,Building28_4.png,TILESET_ATLAS,atlas_or_large_sheet,606,914,599,905,38.73,"[""A_PRIMARY_ATLAS"", ""C_LARGE_OBJECT_PAINT""]",True,"A_PRIMARY_ATLAS, C_LARGE_OBJECT_PAINT"
pvg_tileset_atlas_building28_5_043a94f3,res://assets/tilesets/cyber_city_core_tilesets/CyberCity_Core_Tiles_1/CyberCity_Core_Tiles_1/Building28_5.png,Building28_5.png,TILESET_ATLAS,atlas_or_large_sheet,680,945,671,937,40.76,"[""A_PRIMARY_ATLAS"", ""C_LARGE_OBJECT_PAINT""]",True,"A_PRIMARY_ATLAS, C_LARGE_OBJECT_PAINT"
pvg_tileset_atlas_building28_6_1c15c768,res://assets/tilesets/cyber_city_core_tilesets/CyberCity_Core_Tiles_1/CyberCity_Core_Tiles_1/Building28_6.png,Building28_6.png,TILESET_ATLAS,atlas_or_large_sheet,643,946,635,941,40.82,"[""A_PRIMARY_ATLAS"", ""C_LARGE_OBJECT_PAINT""]",True,"A_PRIMARY_ATLAS, C_LARGE_OBJECT_PAINT"
pvg_tileset_atlas_building28_7_59a161d8,res://assets/tilesets/cyber_city_core_tilesets/CyberCity_Core_Tiles_1/CyberCity_Core_Tiles_1/Building28_7.png,Building28_7.png,TILESET_ATLAS,atlas_or_large_sheet,620,1033,615,1027,43.11,"[""A_PRIMARY_ATLAS"", ""C_LARGE_OBJECT_PAINT""]",True,"A_PRIMARY_ATLAS, C_LARGE_OBJECT_PAINT"
pvg_tileset_atlas_building28_8_050d2f75,res://assets/tilesets/cyber_city_core_tilesets/CyberCity_Core_Tiles_1/CyberCity_Core_Tiles_1/Building28_8.png,Building28_8.png,TILESET_ATLAS,atlas_or_large_sheet,647,881,638,873,34.86,"[""A_PRIMARY_ATLAS"", ""C_LARGE_OBJECT_PAINT""]",True,"A_PRIMARY_ATLAS, C_LARGE_OBJECT_PAINT"
pvg_tileset_atlas_building29_1_73b95146,res://assets/tilesets/cyber_city_core_tilesets/CyberCity_Core_Tiles_1/CyberCity_Core_Tiles_1/Building29_1.png,Building29_1.png,TILESET_ATLAS,atlas_or_large_sheet,1358,1741,1348,1733,31.32,"[""A_PRIMARY_ATLAS"", ""C_LARGE_OBJECT_PAINT""]",True,"A_PRIMARY_ATLAS, C_LARGE_OBJECT_PAINT"
pvg_tileset_atlas_building29_2_1a8afe36,res://assets/tilesets/cyber_city_core_tilesets/CyberCity_Core_Tiles_1/CyberCity_Core_Tiles_1/Building29_2.png,Building29_2.png,TILESET_ATLAS,atlas_or_large_sheet,1196,1568,1181,1558,32.65,"[""A_PRIMARY_ATLAS"", ""C_LARGE_OBJECT_PAINT""]",True,"A_PRIMARY_ATLAS, C_LARGE_OBJECT_PAINT"
pvg_tileset_atlas_building29_3_2f0c8b2e,res://assets/tilesets/cyber_city_core_tilesets/CyberCity_Core_Tiles_1/CyberCity_Core_Tiles_1/Building29_3.png,Building29_3.png,TILESET_ATLAS,atlas_or_large_sheet,1367,1230,1356,1220,25.79,"[""A_PRIMARY_ATLAS"", ""C_LARGE_OBJECT_PAINT""]",True,"A_PRIMARY_ATLAS, C_LARGE_OBJECT_PAINT"
pvg_tileset_atlas_building29_4_72630194,res://assets/tilesets/cyber_city_core_tilesets/CyberCity_Core_Tiles_1/CyberCity_Core_Tiles_1/Building29_4.png,Building29_4.png,TILESET_ATLAS,atlas_or_large_sheet,1334,1634,1323,1624,34.45,"[""A_PRIMARY_ATLAS"", ""C_LARGE_OBJECT_PAINT""]",True,"A_PRIMARY_ATLAS, C_LARGE_OBJECT_PAINT"
pvg_tileset_atlas_building29_5_9dffb4b0,res://assets/tilesets/cyber_city_core_tilesets/CyberCity_Core_Tiles_1/CyberCity_Core_Tiles_1/Building29_5.png,Building29_5.png,TILESET_ATLAS,atlas_or_large_sheet,1475,1830,1468,1820,41.39,"[""A_PRIMARY_ATLAS"", ""C_LARGE_OBJECT_PAINT""]",True,"A_PRIMARY_ATLAS, C_LARGE_OBJECT_PAINT"
pvg_tileset_atlas_building29_6_215abfa8,res://assets/tilesets/cyber_city_core_tilesets/CyberCity_Core_Tiles_1/CyberCity_Core_Tiles_1/Building29_6.png,Building29_6.png,TILESET_ATLAS,atlas_or_large_sheet,1662,1818,1655,1810,47.34,"[""A_PRIMARY_ATLAS"", ""C_LARGE_OBJECT_PAINT""]",True,"A_PRIMARY_ATLAS, C_LARGE_OBJECT_PAINT"
pvg_tileset_atlas_building29_7_26c600a1,res://assets/tilesets/cyber_city_core_tilesets/CyberCity_Core_Tiles_1/CyberCity_Core_Tiles_1/Building29_7.png,Building29_7.png,TILESET_ATLAS,atlas_or_large_sheet,1506,1461,1497,1453,39.28,"[""A_PRIMARY_ATLAS"", ""C_LARGE_OBJECT_PAINT""]",True,"A_PRIMARY_ATLAS, C_LARGE_OBJECT_PAINT"
pvg_tileset_atlas_building29_8_54050d8e,res://assets/tilesets/cyber_city_core_tilesets/CyberCity_Core_Tiles_1/CyberCity_Core_Tiles_1/Building29_8.png,Building29_8.png,TILESET_ATLAS,atlas_or_large_sheet,1637,1565,1630,1557,47.18,"[""A_PRIMARY_ATLAS"", ""C_LARGE_OBJECT_PAINT""]",True,"A_PRIMARY_ATLAS, C_LARGE_OBJECT_PAINT"
pvg_tileset_atlas_building2_1_3646b169,res://assets/tilesets/cyber_city_core_tilesets/CyberCity_Core_Tiles_1/CyberCity_Core_Tiles_1/Building2_1.png,Building2_1.png,TILESET_ATLAS,atlas_or_large_sheet,1062,562,1052,559,25.97,"[""A_PRIMARY_ATLAS"", ""C_LARGE_OBJECT_PAINT""]",True,"A_PRIMARY_ATLAS, C_LARGE_OBJECT_PAINT"
pvg_tileset_atlas_building2_2_f9c21261,res://assets/tilesets/cyber_city_core_tilesets/CyberCity_Core_Tiles_1/CyberCity_Core_Tiles_1/Building2_2.png,Building2_2.png,TILESET_ATLAS,atlas_or_large_sheet,390,880,379,871,19.44,"[""A_PRIMARY_ATLAS"", ""C_LARGE_OBJECT_PAINT""]",True,"A_PRIMARY_ATLAS, C_LARGE_OBJECT_PAINT"
pvg_tileset_atlas_building2_3_95336c32,res://assets/tilesets/cyber_city_core_tilesets/CyberCity_Core_Tiles_1/CyberCity_Core_Tiles_1/Building2_3.png,Building2_3.png,TILESET_ATLAS,atlas_or_large_sheet,1084,460,1076,453,22.48,"[""A_PRIMARY_ATLAS"", ""C_LARGE_OBJECT_PAINT""]",True,"A_PRIMARY_ATLAS, C_LARGE_OBJECT_PAINT"
pvg_tileset_atlas_building2_4_4b8e81d4,res://assets/tilesets/cyber_city_core_tilesets/CyberCity_Core_Tiles_1/CyberCity_Core_Tiles_1/Building2_4.png,Building2_4.png,TILESET_ATLAS,atlas_or_large_sheet,436,1041,432,1034,25.7,"[""A_PRIMARY_ATLAS"", ""C_LARGE_OBJECT_PAINT""]",True,"A_PRIMARY_ATLAS, C_LARGE_OBJECT_PAINT"
pvg_tileset_atlas_building2_5_1ae0dcda,res://assets/tilesets/cyber_city_core_tilesets/CyberCity_Core_Tiles_1/CyberCity_Core_Tiles_1/Building2_5.png,Building2_5.png,TILESET_ATLAS,atlas_or_large_sheet,977,806,974,804,50.88,"[""A_PRIMARY_ATLAS"", ""C_LARGE_OBJECT_PAINT""]",True,"A_PRIMARY_ATLAS, C_LARGE_OBJECT_PAINT"
pvg_tileset_atlas_building2_6_94a7c0ab,res://assets/tilesets/cyber_city_core_tilesets/CyberCity_Core_Tiles_1/CyberCity_Core_Tiles_1/Building2_6.png,Building2_6.png,TILESET_ATLAS,atlas_or_large_sheet,980,967,976,964,56.65,"[""A_PRIMARY_ATLAS"", ""C_LARGE_OBJECT_PAINT""]",True,"A_PRIMARY_ATLAS, C_LARGE_OBJECT_PAINT"
pvg_tileset_atlas_building2_7_dc72b4d9,res://assets/tilesets/cyber_city_core_tilesets/CyberCity_Core_Tiles_1/CyberCity_Core_Tiles_1/Building2_7.png,Building2_7.png,TILESET_ATLAS,atlas_or_large_sheet,978,827,974,820,58.23,"[""A_PRIMARY_ATLAS"", ""C_LARGE_OBJECT_PAINT""]",True,"A_PRIMARY_ATLAS, C_LARGE_OBJECT_PAINT"
pvg_tileset_atlas_building2_8_ce593a92,res://assets/tilesets/cyber_city_core_tilesets/CyberCity_Core_Tiles_1/CyberCity_Core_Tiles_1/Building2_8.png,Building2_8.png,TILESET_ATLAS,atlas_or_large_sheet,981,878,977,870,58.14,"[""A_PRIMARY_ATLAS"", ""C_LARGE_OBJECT_PAINT""]",True,"A_PRIMARY_ATLAS, C_LARGE_OBJECT_PAINT"
pvg_tileset_atlas_building30_1_ce0a2b3a,res://assets/tilesets/cyber_city_core_tilesets/CyberCity_Core_Tiles_1/CyberCity_Core_Tiles_1/Building30_1.png,Building30_1.png,TILESET_ATLAS,atlas_or_large_sheet,801,773,790,770,42.8,"[""A_PRIMARY_ATLAS"", ""C_LARGE_OBJECT_PAINT""]",True,"A_PRIMARY_ATLAS, C_LARGE_OBJECT_PAINT"
pvg_tileset_atlas_building30_2_e0d3cafc,res://assets/tilesets/cyber_city_core_tilesets/CyberCity_Core_Tiles_1/CyberCity_Core_Tiles_1/Building30_2.png,Building30_2.png,TILESET_ATLAS,atlas_or_large_sheet,388,725,381,713,24.47,"[""A_PRIMARY_ATLAS"", ""C_LARGE_OBJECT_PAINT""]",True,"A_PRIMARY_ATLAS, C_LARGE_OBJECT_PAINT"
pvg_tileset_atlas_building30_3_0517c15b,res://assets/tilesets/cyber_city_core_tilesets/CyberCity_Core_Tiles_1/CyberCity_Core_Tiles_1/Building30_3.png,Building30_3.png,TILESET_ATLAS,atlas_or_large_sheet,935,602,928,590,49.63,"[""A_PRIMARY_ATLAS"", ""C_LARGE_OBJECT_PAINT""]",True,"A_PRIMARY_ATLAS, C_LARGE_OBJECT_PAINT"
pvg_tileset_atlas_building30_4_c7cb03db,res://assets/tilesets/cyber_city_core_tilesets/CyberCity_Core_Tiles_1/CyberCity_Core_Tiles_1/Building30_4.png,Building30_4.png,TILESET_ATLAS,atlas_or_large_sheet,524,1035,522,1028,47.68,"[""A_PRIMARY_ATLAS"", ""C_LARGE_OBJECT_PAINT""]",True,"A_PRIMARY_ATLAS, C_LARGE_OBJECT_PAINT"
pvg_tileset_atlas_building30_5_f83e612c,res://assets/tilesets/cyber_city_core_tilesets/CyberCity_Core_Tiles_1/CyberCity_Core_Tiles_1/Building30_5.png,Building30_5.png,TILESET_ATLAS,atlas_or_large_sheet,793,759,789,755,47.58,"[""A_PRIMARY_ATLAS"", ""C_LARGE_OBJECT_PAINT""]",True,"A_PRIMARY_ATLAS, C_LARGE_OBJECT_PAINT"
pvg_tileset_atlas_building30_6_4062d2ef,res://assets/tilesets/cyber_city_core_tilesets/CyberCity_Core_Tiles_1/CyberCity_Core_Tiles_1/Building30_6.png,Building30_6.png,TILESET_ATLAS,atlas_or_large_sheet,794,1021,790,1020,58.03,"[""A_PRIMARY_ATLAS"", ""C_LARGE_OBJECT_PAINT""]",True,"A_PRIMARY_ATLAS, C_LARGE_OBJECT_PAINT"
pvg_tileset_atlas_building30_7_aba97187,res://assets/tilesets/cyber_city_core_tilesets/CyberCity_Core_Tiles_1/CyberCity_Core_Tiles_1/Building30_7.png,Building30_7.png,TILESET_ATLAS,atlas_or_large_sheet,794,737,789,733,57.5,"[""A_PRIMARY_ATLAS"", ""C_LARGE_OBJECT_PAINT""]",True,"A_PRIMARY_ATLAS, C_LARGE_OBJECT_PAINT"
pvg_tileset_atlas_building30_8_54a9ce30,res://assets/tilesets/cyber_city_core_tilesets/CyberCity_Core_Tiles_1/CyberCity_Core_Tiles_1/Building30_8.png,Building30_8.png,TILESET_ATLAS,atlas_or_large_sheet,910,890,901,888,65.6,"[""A_PRIMARY_ATLAS"", ""C_LARGE_OBJECT_PAINT""]",True,"A_PRIMARY_ATLAS, C_LARGE_OBJECT_PAINT"
pvg_tileset_atlas_building31_1_ebe0be8b,res://assets/tilesets/cyber_city_core_tilesets/CyberCity_Core_Tiles_1/CyberCity_Core_Tiles_1/Building31_1.png,Building31_1.png,TILESET_ATLAS,atlas_or_large_sheet,932,1071,921,1064,46.97,"[""A_PRIMARY_ATLAS"", ""C_LARGE_OBJECT_PAINT""]",True,"A_PRIMARY_ATLAS, C_LARGE_OBJECT_PAINT"
pvg_tileset_atlas_building31_2_6bad15da,res://assets/tilesets/cyber_city_core_tilesets/CyberCity_Core_Tiles_1/CyberCity_Core_Tiles_1/Building31_2.png,Building31_2.png,TILESET_ATLAS,atlas_or_large_sheet,459,1281,456,1272,47.76,"[""A_PRIMARY_ATLAS"", ""C_LARGE_OBJECT_PAINT""]",True,"A_PRIMARY_ATLAS, C_LARGE_OBJECT_PAINT"
pvg_tileset_atlas_building31_3_e820f3a3,res://assets/tilesets/cyber_city_core_tilesets/CyberCity_Core_Tiles_1/CyberCity_Core_Tiles_1/Building31_3.png,Building31_3.png,TILESET_ATLAS,atlas_or_large_sheet,974,910,966,900,51.58,"[""A_PRIMARY_ATLAS"", ""C_LARGE_OBJECT_PAINT""]",True,"A_PRIMARY_ATLAS, C_LARGE_OBJECT_PAINT"
pvg_tileset_atlas_building31_4_f1972b74,res://assets/tilesets/cyber_city_core_tilesets/CyberCity_Core_Tiles_1/CyberCity_Core_Tiles_1/Building31_4.png,Building31_4.png,TILESET_ATLAS,atlas_or_large_sheet,598,1107,593,1098,48.4,"[""A_PRIMARY_ATLAS"", ""C_LARGE_OBJECT_PAINT""]",True,"A_PRIMARY_ATLAS, C_LARGE_OBJECT_PAINT"
pvg_tileset_atlas_building31_5_681928fb,res://assets/tilesets/cyber_city_core_tilesets/CyberCity_Core_Tiles_1/CyberCity_Core_Tiles_1/Building31_5.png,Building31_5.png,TILESET_ATLAS,atlas_or_large_sheet,888,1290,881,1287,57.91,"[""A_PRIMARY_ATLAS"", ""C_LARGE_OBJECT_PAINT""]",True,"A_PRIMARY_ATLAS, C_LARGE_OBJECT_PAINT"
pvg_tileset_atlas_building31_6_77367680,res://assets/tilesets/cyber_city_core_tilesets/CyberCity_Core_Tiles_1/CyberCity_Core_Tiles_1/Building31_6.png,Building31_6.png,TILESET_ATLAS,atlas_or_large_sheet,918,1168,912,1164,56.99,"[""A_PRIMARY_ATLAS"", ""C_LARGE_OBJECT_PAINT""]",True,"A_PRIMARY_ATLAS, C_LARGE_OBJECT_PAINT"
pvg_tileset_atlas_building31_7_08fc03c5,res://assets/tilesets/cyber_city_core_tilesets/CyberCity_Core_Tiles_1/CyberCity_Core_Tiles_1/Building31_7.png,Building31_7.png,TILESET_ATLAS,atlas_or_large_sheet,883,1186,881,1179,64.46,"[""A_PRIMARY_ATLAS"", ""C_LARGE_OBJECT_PAINT""]",True,"A_PRIMARY_ATLAS, C_LARGE_OBJECT_PAINT"
pvg_tileset_atlas_building31_8_b342725a,res://assets/tilesets/cyber_city_core_tilesets/CyberCity_Core_Tiles_1/CyberCity_Core_Tiles_1/Building31_8.png,Building31_8.png,TILESET_ATLAS,atlas_or_large_sheet,941,1060,939,1056,60.88,"[""A_PRIMARY_ATLAS"", ""C_LARGE_OBJECT_PAINT""]",True,"A_PRIMARY_ATLAS, C_LARGE_OBJECT_PAINT"
pvg_tileset_atlas_building32_1_d6f18688,res://assets/tilesets/cyber_city_core_tilesets/CyberCity_Core_Tiles_1/CyberCity_Core_Tiles_1/Building32_1.png,Building32_1.png,TILESET_ATLAS,atlas_or_large_sheet,997,610,991,600,30.19,"[""A_PRIMARY_ATLAS"", ""C_LARGE_OBJECT_PAINT""]",True,"A_PRIMARY_ATLAS, C_LARGE_OBJECT_PAINT"
pvg_tileset_atlas_building32_2_4a0c63e7,res://assets/tilesets/cyber_city_core_tilesets/CyberCity_Core_Tiles_1/CyberCity_Core_Tiles_1/Building32_2.png,Building32_2.png,TILESET_ATLAS,atlas_or_large_sheet,340,982,330,970,21.35,"[""A_PRIMARY_ATLAS"", ""C_LARGE_OBJECT_PAINT""]",True,"A_PRIMARY_ATLAS, C_LARGE_OBJECT_PAINT"
pvg_tileset_atlas_building32_3_71f3b5b1,res://assets/tilesets/cyber_city_core_tilesets/CyberCity_Core_Tiles_1/CyberCity_Core_Tiles_1/Building32_3.png,Building32_3.png,TILESET_ATLAS,atlas_or_large_sheet,984,532,975,523,43.84,"[""A_PRIMARY_ATLAS"", ""C_LARGE_OBJECT_PAINT""]",True,"A_PRIMARY_ATLAS, C_LARGE_OBJECT_PAINT"
pvg_tileset_atlas_building32_4_552c910d,res://assets/tilesets/cyber_city_core_tilesets/CyberCity_Core_Tiles_1/CyberCity_Core_Tiles_1/Building32_4.png,Building32_4.png,TILESET_ATLAS,atlas_or_large_sheet,449,824,440,818,28.81,"[""A_PRIMARY_ATLAS"", ""C_LARGE_OBJECT_PAINT""]",True,"A_PRIMARY_ATLAS, C_LARGE_OBJECT_PAINT"
pvg_tileset_atlas_building32_5_38b1cb2c,res://assets/tilesets/cyber_city_core_tilesets/CyberCity_Core_Tiles_1/CyberCity_Core_Tiles_1/Building32_5.png,Building32_5.png,TILESET_ATLAS,atlas_or_large_sheet,888,935,882,930,53.31,"[""A_PRIMARY_ATLAS"", ""C_LARGE_OBJECT_PAINT""]",True,"A_PRIMARY_ATLAS, C_LARGE_OBJECT_PAINT"
pvg_tileset_atlas_building32_6_0d9985d8,res://assets/tilesets/cyber_city_core_tilesets/CyberCity_Core_Tiles_1/CyberCity_Core_Tiles_1/Building32_6.png,Building32_6.png,TILESET_ATLAS,atlas_or_large_sheet,908,792,906,786,48.75,"[""A_PRIMARY_ATLAS"", ""C_LARGE_OBJECT_PAINT""]",True,"A_PRIMARY_ATLAS, C_LARGE_OBJECT_PAINT"
pvg_tileset_atlas_building32_7_4b36c4b2,res://assets/tilesets/cyber_city_core_tilesets/CyberCity_Core_Tiles_1/CyberCity_Core_Tiles_1/Building32_7.png,Building32_7.png,TILESET_ATLAS,atlas_or_large_sheet,887,878,882,875,65.34,"[""A_PRIMARY_ATLAS"", ""C_LARGE_OBJECT_PAINT""]",True,"A_PRIMARY_ATLAS, C_LARGE_OBJECT_PAINT"
pvg_tileset_atlas_building32_8_3eb313f2,res://assets/tilesets/cyber_city_core_tilesets/CyberCity_Core_Tiles_1/CyberCity_Core_Tiles_1/Building32_8.png,Building32_8.png,TILESET_ATLAS,atlas_or_large_sheet,931,642,931,636,54.96,"[""A_PRIMARY_ATLAS"", ""C_LARGE_OBJECT_PAINT""]",True,"A_PRIMARY_ATLAS, C_LARGE_OBJECT_PAINT"
pvg_tileset_atlas_building33_1_4527f50a,res://assets/tilesets/cyber_city_core_tilesets/CyberCity_Core_Tiles_1/CyberCity_Core_Tiles_1/Building33_1.png,Building33_1.png,TILESET_ATLAS,atlas_or_large_sheet,1063,830,1052,820,33.78,"[""A_PRIMARY_ATLAS"", ""C_LARGE_OBJECT_PAINT""]",True,"A_PRIMARY_ATLAS, C_LARGE_OBJECT_PAINT"
pvg_tileset_atlas_building33_2_79d93573,res://assets/tilesets/cyber_city_core_tilesets/CyberCity_Core_Tiles_1/CyberCity_Core_Tiles_1/Building33_2.png,Building33_2.png,TILESET_ATLAS,atlas_or_large_sheet,655,953,644,943,17.55,"[""A_PRIMARY_ATLAS"", ""C_LARGE_OBJECT_PAINT""]",True,"A_PRIMARY_ATLAS, C_LARGE_OBJECT_PAINT"
pvg_tileset_atlas_building33_3_0369e334,res://assets/tilesets/cyber_city_core_tilesets/CyberCity_Core_Tiles_1/CyberCity_Core_Tiles_1/Building33_3.png,Building33_3.png,TILESET_ATLAS,atlas_or_large_sheet,1063,836,1052,828,33.39,"[""A_PRIMARY_ATLAS"", ""C_LARGE_OBJECT_PAINT""]",True,"A_PRIMARY_ATLAS, C_LARGE_OBJECT_PAINT"
pvg_tileset_atlas_building33_4_05ec1ef5,res://assets/tilesets/cyber_city_core_tilesets/CyberCity_Core_Tiles_1/CyberCity_Core_Tiles_1/Building33_4.png,Building33_4.png,TILESET_ATLAS,atlas_or_large_sheet,657,1016,646,1007,19.73,"[""A_PRIMARY_ATLAS"", ""C_LARGE_OBJECT_PAINT""]",True,"A_PRIMARY_ATLAS, C_LARGE_OBJECT_PAINT"
pvg_tileset_atlas_building33_5_e130915c,res://assets/tilesets/cyber_city_core_tilesets/CyberCity_Core_Tiles_1/CyberCity_Core_Tiles_1/Building33_5.png,Building33_5.png,TILESET_ATLAS,atlas_or_large_sheet,1201,1001,1196,996,54.48,"[""A_PRIMARY_ATLAS"", ""C_LARGE_OBJECT_PAINT""]",True,"A_PRIMARY_ATLAS, C_LARGE_OBJECT_PAINT"
pvg_tileset_atlas_building33_6_d82527f5,res://assets/tilesets/cyber_city_core_tilesets/CyberCity_Core_Tiles_1/CyberCity_Core_Tiles_1/Building33_6.png,Building33_6.png,TILESET_ATLAS,atlas_or_large_sheet,1203,1050,1198,1043,56.33,"[""A_PRIMARY_ATLAS"", ""C_LARGE_OBJECT_PAINT""]",True,"A_PRIMARY_ATLAS, C_LARGE_OBJECT_PAINT"
pvg_tileset_atlas_building33_7_7681ce87,res://assets/tilesets/cyber_city_core_tilesets/CyberCity_Core_Tiles_1/CyberCity_Core_Tiles_1/Building33_7.png,Building33_7.png,TILESET_ATLAS,atlas_or_large_sheet,1198,1007,1197,1003,53.64,"[""A_PRIMARY_ATLAS"", ""C_LARGE_OBJECT_PAINT""]",True,"A_PRIMARY_ATLAS, C_LARGE_OBJECT_PAINT"
pvg_tileset_atlas_building33_8_1500c427,res://assets/tilesets/cyber_city_core_tilesets/CyberCity_Core_Tiles_1/CyberCity_Core_Tiles_1/Building33_8.png,Building33_8.png,TILESET_ATLAS,atlas_or_large_sheet,1201,1053,1198,1049,56.87,"[""A_PRIMARY_ATLAS"", ""C_LARGE_OBJECT_PAINT""]",True,"A_PRIMARY_ATLAS, C_LARGE_OBJECT_PAINT"
pvg_tileset_atlas_building34_1_074ca3a3,res://assets/tilesets/cyber_city_core_tilesets/CyberCity_Core_Tiles_1/CyberCity_Core_Tiles_1/Building34_1.png,Building34_1.png,TILESET_ATLAS,atlas_or_large_sheet,1258,933,1250,926,34.79,"[""A_PRIMARY_ATLAS"", ""C_LARGE_OBJECT_PAINT""]",True,"A_PRIMARY_ATLAS, C_LARGE_OBJECT_PAINT"
pvg_tileset_atlas_building34_2_010fe2e4,res://assets/tilesets/cyber_city_core_tilesets/CyberCity_Core_Tiles_1/CyberCity_Core_Tiles_1/Building34_2.png,Building34_2.png,TILESET_ATLAS,atlas_or_large_sheet,554,1078,547,1070,35.68,"[""A_PRIMARY_ATLAS"", ""C_LARGE_OBJECT_PAINT""]",True,"A_PRIMARY_ATLAS, C_LARGE_OBJECT_PAINT"
pvg_tileset_atlas_building34_3_0a3d5668,res://assets/tilesets/cyber_city_core_tilesets/CyberCity_Core_Tiles_1/CyberCity_Core_Tiles_1/Building34_3.png,Building34_3.png,TILESET_ATLAS,atlas_or_large_sheet,1310,1006,1302,995,50.18,"[""A_PRIMARY_ATLAS"", ""C_LARGE_OBJECT_PAINT""]",True,"A_PRIMARY_ATLAS, C_LARGE_OBJECT_PAINT"
pvg_tileset_atlas_building34_4_ba6378b4,res://assets/tilesets/cyber_city_core_tilesets/CyberCity_Core_Tiles_1/CyberCity_Core_Tiles_1/Building34_4.png,Building34_4.png,TILESET_ATLAS,atlas_or_large_sheet,565,1412,561,1407,31.41,"[""A_PRIMARY_ATLAS"", ""C_LARGE_OBJECT_PAINT""]",True,"A_PRIMARY_ATLAS, C_LARGE_OBJECT_PAINT"
pvg_tileset_atlas_building34_5_4be15013,res://assets/tilesets/cyber_city_core_tilesets/CyberCity_Core_Tiles_1/CyberCity_Core_Tiles_1/Building34_5.png,Building34_5.png,TILESET_ATLAS,atlas_or_large_sheet,1071,1080,1067,1077,42.62,"[""A_PRIMARY_ATLAS"", ""C_LARGE_OBJECT_PAINT""]",True,"A_PRIMARY_ATLAS, C_LARGE_OBJECT_PAINT"
pvg_tileset_atlas_building34_6_b26221cd,res://assets/tilesets/cyber_city_core_tilesets/CyberCity_Core_Tiles_1/CyberCity_Core_Tiles_1/Building34_6.png,Building34_6.png,TILESET_ATLAS,atlas_or_large_sheet,1140,1368,1135,1364,53.42,"[""A_PRIMARY_ATLAS"", ""C_LARGE_OBJECT_PAINT""]",True,"A_PRIMARY_ATLAS, C_LARGE_OBJECT_PAINT"
pvg_tileset_atlas_building34_7_7dfa7042,res://assets/tilesets/cyber_city_core_tilesets/CyberCity_Core_Tiles_1/CyberCity_Core_Tiles_1/Building34_7.png,Building34_7.png,TILESET_ATLAS,atlas_or_large_sheet,1151,1064,1144,1060,48.55,"[""A_PRIMARY_ATLAS"", ""C_LARGE_OBJECT_PAINT""]",True,"A_PRIMARY_ATLAS, C_LARGE_OBJECT_PAINT"
pvg_tileset_atlas_building34_8_cd020b44,res://assets/tilesets/cyber_city_core_tilesets/CyberCity_Core_Tiles_1/CyberCity_Core_Tiles_1/Building34_8.png,Building34_8.png,TILESET_ATLAS,atlas_or_large_sheet,1216,1406,1212,1400,64.27,"[""A_PRIMARY_ATLAS"", ""C_LARGE_OBJECT_PAINT""]",True,"A_PRIMARY_ATLAS, C_LARGE_OBJECT_PAINT"
pvg_tileset_atlas_building35_1_9e0ab873,res://assets/tilesets/cyber_city_core_tilesets/CyberCity_Core_Tiles_1/CyberCity_Core_Tiles_1/Building35_1.png,Building35_1.png,TILESET_ATLAS,atlas_or_large_sheet,1089,938,1081,934,43.13,"[""A_PRIMARY_ATLAS"", ""C_LARGE_OBJECT_PAINT""]",True,"A_PRIMARY_ATLAS, C_LARGE_OBJECT_PAINT"
pvg_tileset_atlas_building35_2_bd2bec18,res://assets/tilesets/cyber_city_core_tilesets/CyberCity_Core_Tiles_1/CyberCity_Core_Tiles_1/Building35_2.png,Building35_2.png,TILESET_ATLAS,atlas_or_large_sheet,435,1214,427,1207,41.13,"[""A_PRIMARY_ATLAS"", ""C_LARGE_OBJECT_PAINT""]",True,"A_PRIMARY_ATLAS, C_LARGE_OBJECT_PAINT"
pvg_tileset_atlas_building35_3_99d6b172,res://assets/tilesets/cyber_city_core_tilesets/CyberCity_Core_Tiles_1/CyberCity_Core_Tiles_1/Building35_3.png,Building35_3.png,TILESET_ATLAS,atlas_or_large_sheet,1042,828,1034,817,39.89,"[""A_PRIMARY_ATLAS"", ""C_LARGE_OBJECT_PAINT""]",True,"A_PRIMARY_ATLAS, C_LARGE_OBJECT_PAINT"
pvg_tileset_atlas_building35_4_b908b311,res://assets/tilesets/cyber_city_core_tilesets/CyberCity_Core_Tiles_1/CyberCity_Core_Tiles_1/Building35_4.png,Building35_4.png,TILESET_ATLAS,atlas_or_large_sheet,540,1262,537,1253,35.96,"[""A_PRIMARY_ATLAS"", ""C_LARGE_OBJECT_PAINT""]",True,"A_PRIMARY_ATLAS, C_LARGE_OBJECT_PAINT"
pvg_tileset_atlas_building35_5_d27f1a8f,res://assets/tilesets/cyber_city_core_tilesets/CyberCity_Core_Tiles_1/CyberCity_Core_Tiles_1/Building35_5.png,Building35_5.png,TILESET_ATLAS,atlas_or_large_sheet,887,1168,881,1165,51.24,"[""A_PRIMARY_ATLAS"", ""C_LARGE_OBJECT_PAINT""]",True,"A_PRIMARY_ATLAS, C_LARGE_OBJECT_PAINT"
pvg_tileset_atlas_building35_6_8b1a8402,res://assets/tilesets/cyber_city_core_tilesets/CyberCity_Core_Tiles_1/CyberCity_Core_Tiles_1/Building35_6.png,Building35_6.png,TILESET_ATLAS,atlas_or_large_sheet,1032,1245,1028,1242,57.17,"[""A_PRIMARY_ATLAS"", ""C_LARGE_OBJECT_PAINT""]",True,"A_PRIMARY_ATLAS, C_LARGE_OBJECT_PAINT"
pvg_tileset_atlas_building35_7_a56df24f,res://assets/tilesets/cyber_city_core_tilesets/CyberCity_Core_Tiles_1/CyberCity_Core_Tiles_1/Building35_7.png,Building35_7.png,TILESET_ATLAS,atlas_or_large_sheet,886,1049,881,1042,50.85,"[""A_PRIMARY_ATLAS"", ""C_LARGE_OBJECT_PAINT""]",True,"A_PRIMARY_ATLAS, C_LARGE_OBJECT_PAINT"
pvg_tileset_atlas_building35_8_9f849909,res://assets/tilesets/cyber_city_core_tilesets/CyberCity_Core_Tiles_1/CyberCity_Core_Tiles_1/Building35_8.png,Building35_8.png,TILESET_ATLAS,atlas_or_large_sheet,1005,1153,1002,1146,59.0,"[""A_PRIMARY_ATLAS"", ""C_LARGE_OBJECT_PAINT""]",True,"A_PRIMARY_ATLAS, C_LARGE_OBJECT_PAINT"
pvg_tileset_atlas_building36_1_9b147995,res://assets/tilesets/cyber_city_core_tilesets/CyberCity_Core_Tiles_1/CyberCity_Core_Tiles_1/Building36_1.png,Building36_1.png,TILESET_ATLAS,atlas_or_large_sheet,670,1018,659,1008,37.98,"[""A_PRIMARY_ATLAS"", ""C_LARGE_OBJECT_PAINT""]",True,"A_PRIMARY_ATLAS, C_LARGE_OBJECT_PAINT"
pvg_tileset_atlas_building36_2_92910355,res://assets/tilesets/cyber_city_core_tilesets/CyberCity_Core_Tiles_1/CyberCity_Core_Tiles_1/Building36_2.png,Building36_2.png,TILESET_ATLAS,atlas_or_large_sheet,656,794,644,786,25.51,"[""A_PRIMARY_ATLAS"", ""C_LARGE_OBJECT_PAINT""]",True,"A_PRIMARY_ATLAS, C_LARGE_OBJECT_PAINT"
pvg_tileset_atlas_building36_3_71a991c6,res://assets/tilesets/cyber_city_core_tilesets/CyberCity_Core_Tiles_1/CyberCity_Core_Tiles_1/Building36_3.png,Building36_3.png,TILESET_ATLAS,atlas_or_large_sheet,693,779,687,771,26.34,"[""A_PRIMARY_ATLAS"", ""C_LARGE_OBJECT_PAINT""]",True,"A_PRIMARY_ATLAS, C_LARGE_OBJECT_PAINT"
pvg_tileset_atlas_building36_4_752ec06b,res://assets/tilesets/cyber_city_core_tilesets/CyberCity_Core_Tiles_1/CyberCity_Core_Tiles_1/Building36_4.png,Building36_4.png,TILESET_ATLAS,atlas_or_large_sheet,737,990,729,983,41.54,"[""A_PRIMARY_ATLAS"", ""C_LARGE_OBJECT_PAINT""]",True,"A_PRIMARY_ATLAS, C_LARGE_OBJECT_PAINT"
pvg_tileset_atlas_building36_5_36ef3272,res://assets/tilesets/cyber_city_core_tilesets/CyberCity_Core_Tiles_1/CyberCity_Core_Tiles_1/Building36_5.png,Building36_5.png,TILESET_ATLAS,atlas_or_large_sheet,921,1005,919,998,54.79,"[""A_PRIMARY_ATLAS"", ""C_LARGE_OBJECT_PAINT""]",True,"A_PRIMARY_ATLAS, C_LARGE_OBJECT_PAINT"
pvg_tileset_atlas_building36_6_13f3c66e,res://assets/tilesets/cyber_city_core_tilesets/CyberCity_Core_Tiles_1/CyberCity_Core_Tiles_1/Building36_6.png,Building36_6.png,TILESET_ATLAS,atlas_or_large_sheet,926,1143,920,1137,58.33,"[""A_PRIMARY_ATLAS"", ""C_LARGE_OBJECT_PAINT""]",True,"A_PRIMARY_ATLAS, C_LARGE_OBJECT_PAINT"
pvg_tileset_atlas_building36_7_e275d896,res://assets/tilesets/cyber_city_core_tilesets/CyberCity_Core_Tiles_1/CyberCity_Core_Tiles_1/Building36_7.png,Building36_7.png,TILESET_ATLAS,atlas_or_large_sheet,921,819,918,816,47.35,"[""A_PRIMARY_ATLAS"", ""C_LARGE_OBJECT_PAINT""]",True,"A_PRIMARY_ATLAS, C_LARGE_OBJECT_PAINT"
pvg_tileset_atlas_building36_8_a0e23db2,res://assets/tilesets/cyber_city_core_tilesets/CyberCity_Core_Tiles_1/CyberCity_Core_Tiles_1/Building36_8.png,Building36_8.png,TILESET_ATLAS,atlas_or_large_sheet,923,975,919,971,52.08,"[""A_PRIMARY_ATLAS"", ""C_LARGE_OBJECT_PAINT""]",True,"A_PRIMARY_ATLAS, C_LARGE_OBJECT_PAINT"
pvg_tileset_atlas_building37_1_32ef229c,res://assets/tilesets/cyber_city_core_tilesets/CyberCity_Core_Tiles_1/CyberCity_Core_Tiles_1/Building37_1.png,Building37_1.png,TILESET_ATLAS,atlas_or_large_sheet,976,578,965,571,19.22,"[""A_PRIMARY_ATLAS"", ""C_LARGE_OBJECT_PAINT""]",True,"A_PRIMARY_ATLAS, C_LARGE_OBJECT_PAINT"
pvg_tileset_atlas_building37_2_e421d49b,res://assets/tilesets/cyber_city_core_tilesets/CyberCity_Core_Tiles_1/CyberCity_Core_Tiles_1/Building37_2.png,Building37_2.png,TILESET_ATLAS,atlas_or_large_sheet,344,921,332,911,15.37,"[""A_PRIMARY_ATLAS"", ""C_LARGE_OBJECT_PAINT""]",True,"A_PRIMARY_ATLAS, C_LARGE_OBJECT_PAINT"
pvg_tileset_atlas_building37_3_60097fa6,res://assets/tilesets/cyber_city_core_tilesets/CyberCity_Core_Tiles_1/CyberCity_Core_Tiles_1/Building37_3.png,Building37_3.png,TILESET_ATLAS,atlas_or_large_sheet,1004,492,992,484,29.34,"[""A_PRIMARY_ATLAS"", ""C_LARGE_OBJECT_PAINT""]",True,"A_PRIMARY_ATLAS, C_LARGE_OBJECT_PAINT"
pvg_tileset_atlas_building37_4_3bbfa95e,res://assets/tilesets/cyber_city_core_tilesets/CyberCity_Core_Tiles_1/CyberCity_Core_Tiles_1/Building37_4.png,Building37_4.png,TILESET_ATLAS,atlas_or_large_sheet,441,868,435,858,21.47,"[""A_PRIMARY_ATLAS"", ""C_LARGE_OBJECT_PAINT""]",True,"A_PRIMARY_ATLAS, C_LARGE_OBJECT_PAINT"
pvg_tileset_atlas_building37_5_8f2ee9e4,res://assets/tilesets/cyber_city_core_tilesets/CyberCity_Core_Tiles_1/CyberCity_Core_Tiles_1/Building37_5.png,Building37_5.png,TILESET_ATLAS,atlas_or_large_sheet,895,890,893,886,49.32,"[""A_PRIMARY_ATLAS"", ""C_LARGE_OBJECT_PAINT""]",True,"A_PRIMARY_ATLAS, C_LARGE_OBJECT_PAINT"
pvg_tileset_atlas_building37_6_19635ed6,res://assets/tilesets/cyber_city_core_tilesets/CyberCity_Core_Tiles_1/CyberCity_Core_Tiles_1/Building37_6.png,Building37_6.png,TILESET_ATLAS,atlas_or_large_sheet,920,828,916,826,46.81,"[""A_PRIMARY_ATLAS"", ""C_LARGE_OBJECT_PAINT""]",True,"A_PRIMARY_ATLAS, C_LARGE_OBJECT_PAINT"
pvg_tileset_atlas_building37_7_d275f085,res://assets/tilesets/cyber_city_core_tilesets/CyberCity_Core_Tiles_1/CyberCity_Core_Tiles_1/Building37_7.png,Building37_7.png,TILESET_ATLAS,atlas_or_large_sheet,882,777,882,772,56.92,"[""A_PRIMARY_ATLAS"", ""C_LARGE_OBJECT_PAINT""]",True,"A_PRIMARY_ATLAS, C_LARGE_OBJECT_PAINT"
pvg_tileset_atlas_building37_8_e30f7a47,res://assets/tilesets/cyber_city_core_tilesets/CyberCity_Core_Tiles_1/CyberCity_Core_Tiles_1/Building37_8.png,Building37_8.png,TILESET_ATLAS,atlas_or_large_sheet,948,764,946,757,56.76,"[""A_PRIMARY_ATLAS"", ""C_LARGE_OBJECT_PAINT""]",True,"A_PRIMARY_ATLAS, C_LARGE_OBJECT_PAINT"
pvg_tileset_atlas_building38_1_91cef233,res://assets/tilesets/cyber_city_core_tilesets/CyberCity_Core_Tiles_1/CyberCity_Core_Tiles_1/Building38_1.png,Building38_1.png,TILESET_ATLAS,atlas_or_large_sheet,932,768,921,759,39.45,"[""A_PRIMARY_ATLAS"", ""C_LARGE_OBJECT_PAINT""]",True,"A_PRIMARY_ATLAS, C_LARGE_OBJECT_PAINT"
pvg_tileset_atlas_building38_2_7a5a28f5,res://assets/tilesets/cyber_city_core_tilesets/CyberCity_Core_Tiles_1/CyberCity_Core_Tiles_1/Building38_2.png,Building38_2.png,TILESET_ATLAS,atlas_or_large_sheet,498,823,492,815,38.22,"[""A_PRIMARY_ATLAS"", ""C_LARGE_OBJECT_PAINT""]",True,"A_PRIMARY_ATLAS, C_LARGE_OBJECT_PAINT"
pvg_tileset_atlas_building38_3_bf7260e1,res://assets/tilesets/cyber_city_core_tilesets/CyberCity_Core_Tiles_1/CyberCity_Core_Tiles_1/Building38_3.png,Building38_3.png,TILESET_ATLAS,atlas_or_large_sheet,976,804,968,796,50.3,"[""A_PRIMARY_ATLAS"", ""C_LARGE_OBJECT_PAINT""]",True,"A_PRIMARY_ATLAS, C_LARGE_OBJECT_PAINT"
pvg_tileset_atlas_building38_4_eb39c9ec,res://assets/tilesets/cyber_city_core_tilesets/CyberCity_Core_Tiles_1/CyberCity_Core_Tiles_1/Building38_4.png,Building38_4.png,TILESET_ATLAS,atlas_or_large_sheet,495,1182,484,1174,36.29,"[""A_PRIMARY_ATLAS"", ""C_LARGE_OBJECT_PAINT""]",True,"A_PRIMARY_ATLAS, C_LARGE_OBJECT_PAINT"
pvg_tileset_atlas_building38_5_aee1fba8,res://assets/tilesets/cyber_city_core_tilesets/CyberCity_Core_Tiles_1/CyberCity_Core_Tiles_1/Building38_5.png,Building38_5.png,TILESET_ATLAS,atlas_or_large_sheet,887,851,881,847,49.35,"[""A_PRIMARY_ATLAS"", ""C_LARGE_OBJECT_PAINT""]",True,"A_PRIMARY_ATLAS, C_LARGE_OBJECT_PAINT"
pvg_tileset_atlas_building38_6_ba4c6fa3,res://assets/tilesets/cyber_city_core_tilesets/CyberCity_Core_Tiles_1/CyberCity_Core_Tiles_1/Building38_6.png,Building38_6.png,TILESET_ATLAS,atlas_or_large_sheet,886,1098,883,1093,55.73,"[""A_PRIMARY_ATLAS"", ""C_LARGE_OBJECT_PAINT""]",True,"A_PRIMARY_ATLAS, C_LARGE_OBJECT_PAINT"
pvg_tileset_atlas_building38_7_0ffd1d7c,res://assets/tilesets/cyber_city_core_tilesets/CyberCity_Core_Tiles_1/CyberCity_Core_Tiles_1/Building38_7.png,Building38_7.png,TILESET_ATLAS,atlas_or_large_sheet,914,851,911,847,54.71,"[""A_PRIMARY_ATLAS"", ""C_LARGE_OBJECT_PAINT""]",True,"A_PRIMARY_ATLAS, C_LARGE_OBJECT_PAINT"
pvg_tileset_atlas_building38_8_fde1dc68,res://assets/tilesets/cyber_city_core_tilesets/CyberCity_Core_Tiles_1/CyberCity_Core_Tiles_1/Building38_8.png,Building38_8.png,TILESET_ATLAS,atlas_or_large_sheet,920,1110,919,1105,63.45,"[""A_PRIMARY_ATLAS"", ""C_LARGE_OBJECT_PAINT""]",True,"A_PRIMARY_ATLAS, C_LARGE_OBJECT_PAINT"
pvg_tileset_atlas_building39_1_57b1f957,res://assets/tilesets/cyber_city_core_tilesets/CyberCity_Core_Tiles_1/CyberCity_Core_Tiles_1/Building39_1.png,Building39_1.png,TILESET_ATLAS,atlas_or_large_sheet,1147,626,1140,623,29.29,"[""A_PRIMARY_ATLAS"", ""C_LARGE_OBJECT_PAINT""]",True,"A_PRIMARY_ATLAS, C_LARGE_OBJECT_PAINT"
pvg_tileset_atlas_building39_2_25bb57ee,res://assets/tilesets/cyber_city_core_tilesets/CyberCity_Core_Tiles_1/CyberCity_Core_Tiles_1/Building39_2.png,Building39_2.png,TILESET_ATLAS,atlas_or_large_sheet,380,1043,372,1036,21.93,"[""A_PRIMARY_ATLAS"", ""C_LARGE_OBJECT_PAINT""]",True,"A_PRIMARY_ATLAS, C_LARGE_OBJECT_PAINT"
pvg_tileset_atlas_building39_3_b93b6782,res://assets/tilesets/cyber_city_core_tilesets/CyberCity_Core_Tiles_1/CyberCity_Core_Tiles_1/Building39_3.png,Building39_3.png,TILESET_ATLAS,atlas_or_large_sheet,1154,569,1144,560,25.63,"[""A_PRIMARY_ATLAS"", ""C_LARGE_OBJECT_PAINT""]",True,"A_PRIMARY_ATLAS, C_LARGE_OBJECT_PAINT"
pvg_tileset_atlas_building39_4_42f29044,res://assets/tilesets/cyber_city_core_tilesets/CyberCity_Core_Tiles_1/CyberCity_Core_Tiles_1/Building39_4.png,Building39_4.png,TILESET_ATLAS,atlas_or_large_sheet,406,1094,401,1086,23.83,"[""A_PRIMARY_ATLAS"", ""C_LARGE_OBJECT_PAINT""]",True,"A_PRIMARY_ATLAS, C_LARGE_OBJECT_PAINT"
pvg_tileset_atlas_building39_5_41ddab1d,res://assets/tilesets/cyber_city_core_tilesets/CyberCity_Core_Tiles_1/CyberCity_Core_Tiles_1/Building39_5.png,Building39_5.png,TILESET_ATLAS,atlas_or_large_sheet,981,979,974,975,54.25,"[""A_PRIMARY_ATLAS"", ""C_LARGE_OBJECT_PAINT""]",True,"A_PRIMARY_ATLAS, C_LARGE_OBJECT_PAINT"
pvg_tileset_atlas_building39_6_55adfdbb,res://assets/tilesets/cyber_city_core_tilesets/CyberCity_Core_Tiles_1/CyberCity_Core_Tiles_1/Building39_6.png,Building39_6.png,TILESET_ATLAS,atlas_or_large_sheet,979,980,975,979,54.22,"[""A_PRIMARY_ATLAS"", ""C_LARGE_OBJECT_PAINT""]",True,"A_PRIMARY_ATLAS, C_LARGE_OBJECT_PAINT"
pvg_tileset_atlas_building39_7_aca14e90,res://assets/tilesets/cyber_city_core_tilesets/CyberCity_Core_Tiles_1/CyberCity_Core_Tiles_1/Building39_7.png,Building39_7.png,TILESET_ATLAS,atlas_or_large_sheet,1019,942,1010,939,56.64,"[""A_PRIMARY_ATLAS"", ""C_LARGE_OBJECT_PAINT""]",True,"A_PRIMARY_ATLAS, C_LARGE_OBJECT_PAINT"
pvg_tileset_atlas_building39_8_c6724b49,res://assets/tilesets/cyber_city_core_tilesets/CyberCity_Core_Tiles_1/CyberCity_Core_Tiles_1/Building39_8.png,Building39_8.png,TILESET_ATLAS,atlas_or_large_sheet,1034,996,1028,992,59.39,"[""A_PRIMARY_ATLAS"", ""C_LARGE_OBJECT_PAINT""]",True,"A_PRIMARY_ATLAS, C_LARGE_OBJECT_PAINT"
pvg_tileset_atlas_building3_1_3ed17cc5,res://assets/tilesets/cyber_city_core_tilesets/CyberCity_Core_Tiles_1/CyberCity_Core_Tiles_1/Building3_1.png,Building3_1.png,TILESET_ATLAS,atlas_or_large_sheet,853,898,845,891,40.38,"[""A_PRIMARY_ATLAS"", ""C_LARGE_OBJECT_PAINT""]",True,"A_PRIMARY_ATLAS, C_LARGE_OBJECT_PAINT"
pvg_tileset_atlas_building3_2_f35bf7c0,res://assets/tilesets/cyber_city_core_tilesets/CyberCity_Core_Tiles_1/CyberCity_Core_Tiles_1/Building3_2.png,Building3_2.png,TILESET_ATLAS,atlas_or_large_sheet,904,686,897,677,31.61,"[""A_PRIMARY_ATLAS"", ""C_LARGE_OBJECT_PAINT""]",True,"A_PRIMARY_ATLAS, C_LARGE_OBJECT_PAINT"
pvg_tileset_atlas_building3_3_8930f5fb,res://assets/tilesets/cyber_city_core_tilesets/CyberCity_Core_Tiles_1/CyberCity_Core_Tiles_1/Building3_3.png,Building3_3.png,TILESET_ATLAS,atlas_or_large_sheet,975,856,967,848,46.38,"[""A_PRIMARY_ATLAS"", ""C_LARGE_OBJECT_PAINT""]",True,"A_PRIMARY_ATLAS, C_LARGE_OBJECT_PAINT"
pvg_tileset_atlas_building3_4_72aa8cb1,res://assets/tilesets/cyber_city_core_tilesets/CyberCity_Core_Tiles_1/CyberCity_Core_Tiles_1/Building3_4.png,Building3_4.png,TILESET_ATLAS,atlas_or_large_sheet,908,1003,904,996,44.58,"[""A_PRIMARY_ATLAS"", ""C_LARGE_OBJECT_PAINT""]",True,"A_PRIMARY_ATLAS, C_LARGE_OBJECT_PAINT"
pvg_tileset_atlas_building3_5_0053d542,res://assets/tilesets/cyber_city_core_tilesets/CyberCity_Core_Tiles_1/CyberCity_Core_Tiles_1/Building3_5.png,Building3_5.png,TILESET_ATLAS,atlas_or_large_sheet,1014,801,1012,795,44.79,"[""A_PRIMARY_ATLAS"", ""C_LARGE_OBJECT_PAINT""]",True,"A_PRIMARY_ATLAS, C_LARGE_OBJECT_PAINT"
pvg_tileset_atlas_building3_6_a9a23d75,res://assets/tilesets/cyber_city_core_tilesets/CyberCity_Core_Tiles_1/CyberCity_Core_Tiles_1/Building3_6.png,Building3_6.png,TILESET_ATLAS,atlas_or_large_sheet,1019,1111,1018,1104,58.62,"[""A_PRIMARY_ATLAS"", ""C_LARGE_OBJECT_PAINT""]",True,"A_PRIMARY_ATLAS, C_LARGE_OBJECT_PAINT"
pvg_tileset_atlas_building3_7_71aca67a,res://assets/tilesets/cyber_city_core_tilesets/CyberCity_Core_Tiles_1/CyberCity_Core_Tiles_1/Building3_7.png,Building3_7.png,TILESET_ATLAS,atlas_or_large_sheet,1076,807,1072,806,48.79,"[""A_PRIMARY_ATLAS"", ""C_LARGE_OBJECT_PAINT""]",True,"A_PRIMARY_ATLAS, C_LARGE_OBJECT_PAINT"
pvg_tileset_atlas_building3_8_674ade66,res://assets/tilesets/cyber_city_core_tilesets/CyberCity_Core_Tiles_1/CyberCity_Core_Tiles_1/Building3_8.png,Building3_8.png,TILESET_ATLAS,atlas_or_large_sheet,1113,952,1108,948,54.92,"[""A_PRIMARY_ATLAS"", ""C_LARGE_OBJECT_PAINT""]",True,"A_PRIMARY_ATLAS, C_LARGE_OBJECT_PAINT"
pvg_tileset_atlas_building40_1_9db2dc57,res://assets/tilesets/cyber_city_core_tilesets/CyberCity_Core_Tiles_1/CyberCity_Core_Tiles_1/Building40_1.png,Building40_1.png,TILESET_ATLAS,atlas_or_large_sheet,1150,660,1140,653,17.7,"[""A_PRIMARY_ATLAS"", ""C_LARGE_OBJECT_PAINT""]",True,"A_PRIMARY_ATLAS, C_LARGE_OBJECT_PAINT"
pvg_tileset_atlas_building40_2_6dce1dfb,res://assets/tilesets/cyber_city_core_tilesets/CyberCity_Core_Tiles_1/CyberCity_Core_Tiles_1/Building40_2.png,Building40_2.png,TILESET_ATLAS,atlas_or_large_sheet,769,1042,760,1032,35.33,"[""A_PRIMARY_ATLAS"", ""C_LARGE_OBJECT_PAINT""]",True,"A_PRIMARY_ATLAS, C_LARGE_OBJECT_PAINT"
pvg_tileset_atlas_building40_3_2822143c,res://assets/tilesets/cyber_city_core_tilesets/CyberCity_Core_Tiles_1/CyberCity_Core_Tiles_1/Building40_3.png,Building40_3.png,TILESET_ATLAS,atlas_or_large_sheet,1151,875,1140,867,49.33,"[""A_PRIMARY_ATLAS"", ""C_LARGE_OBJECT_PAINT""]",True,"A_PRIMARY_ATLAS, C_LARGE_OBJECT_PAINT"
pvg_tileset_atlas_building40_4_5d6c5dfe,res://assets/tilesets/cyber_city_core_tilesets/CyberCity_Core_Tiles_1/CyberCity_Core_Tiles_1/Building40_4.png,Building40_4.png,TILESET_ATLAS,atlas_or_large_sheet,765,1043,754,1032,40.2,"[""A_PRIMARY_ATLAS"", ""C_LARGE_OBJECT_PAINT""]",True,"A_PRIMARY_ATLAS, C_LARGE_OBJECT_PAINT"
pvg_tileset_atlas_building40_5_69d18660,res://assets/tilesets/cyber_city_core_tilesets/CyberCity_Core_Tiles_1/CyberCity_Core_Tiles_1/Building40_5.png,Building40_5.png,TILESET_ATLAS,atlas_or_large_sheet,1278,992,1273,990,49.98,"[""A_PRIMARY_ATLAS"", ""C_LARGE_OBJECT_PAINT""]",True,"A_PRIMARY_ATLAS, C_LARGE_OBJECT_PAINT"
pvg_tileset_atlas_building40_6_7c6d9685,res://assets/tilesets/cyber_city_core_tilesets/CyberCity_Core_Tiles_1/CyberCity_Core_Tiles_1/Building40_6.png,Building40_6.png,TILESET_ATLAS,atlas_or_large_sheet,1087,983,1081,981,48.56,"[""A_PRIMARY_ATLAS"", ""C_LARGE_OBJECT_PAINT""]",True,"A_PRIMARY_ATLAS, C_LARGE_OBJECT_PAINT"
pvg_tileset_atlas_building40_7_faaf5636,res://assets/tilesets/cyber_city_core_tilesets/CyberCity_Core_Tiles_1/CyberCity_Core_Tiles_1/Building40_7.png,Building40_7.png,TILESET_ATLAS,atlas_or_large_sheet,1000,1099,992,1095,50.98,"[""A_PRIMARY_ATLAS"", ""C_LARGE_OBJECT_PAINT""]",True,"A_PRIMARY_ATLAS, C_LARGE_OBJECT_PAINT"
pvg_tileset_atlas_building40_8_5af662b7,res://assets/tilesets/cyber_city_core_tilesets/CyberCity_Core_Tiles_1/CyberCity_Core_Tiles_1/Building40_8.png,Building40_8.png,TILESET_ATLAS,atlas_or_large_sheet,1268,953,1266,945,57.36,"[""A_PRIMARY_ATLAS"", ""C_LARGE_OBJECT_PAINT""]",True,"A_PRIMARY_ATLAS, C_LARGE_OBJECT_PAINT"
pvg_tileset_atlas_building4_1_bdcb6130,res://assets/tilesets/cyber_city_core_tilesets/CyberCity_Core_Tiles_1/CyberCity_Core_Tiles_1/Building4_1.png,Building4_1.png,TILESET_ATLAS,atlas_or_large_sheet,822,774,816,766,18.83,"[""A_PRIMARY_ATLAS"", ""C_LARGE_OBJECT_PAINT""]",True,"A_PRIMARY_ATLAS, C_LARGE_OBJECT_PAINT"
pvg_tileset_atlas_building4_2_c82b655d,res://assets/tilesets/cyber_city_core_tilesets/CyberCity_Core_Tiles_1/CyberCity_Core_Tiles_1/Building4_2.png,Building4_2.png,TILESET_ATLAS,atlas_or_large_sheet,657,787,645,777,15.57,"[""A_PRIMARY_ATLAS"", ""C_LARGE_OBJECT_PAINT""]",True,"A_PRIMARY_ATLAS, C_LARGE_OBJECT_PAINT"
pvg_tileset_atlas_building4_3_61ab6c65,res://assets/tilesets/cyber_city_core_tilesets/CyberCity_Core_Tiles_1/CyberCity_Core_Tiles_1/Building4_3.png,Building4_3.png,TILESET_ATLAS,atlas_or_large_sheet,835,693,828,686,32.01,"[""A_PRIMARY_ATLAS"", ""C_LARGE_OBJECT_PAINT""]",True,"A_PRIMARY_ATLAS, C_LARGE_OBJECT_PAINT"
pvg_tileset_atlas_building4_4_dfaa54bb,res://assets/tilesets/cyber_city_core_tilesets/CyberCity_Core_Tiles_1/CyberCity_Core_Tiles_1/Building4_4.png,Building4_4.png,TILESET_ATLAS,atlas_or_large_sheet,731,762,719,756,17.21,"[""A_PRIMARY_ATLAS"", ""C_LARGE_OBJECT_PAINT""]",True,"A_PRIMARY_ATLAS, C_LARGE_OBJECT_PAINT"
pvg_tileset_atlas_building4_5_88411dee,res://assets/tilesets/cyber_city_core_tilesets/CyberCity_Core_Tiles_1/CyberCity_Core_Tiles_1/Building4_5.png,Building4_5.png,TILESET_ATLAS,atlas_or_large_sheet,1020,897,1011,895,44.91,"[""A_PRIMARY_ATLAS"", ""C_LARGE_OBJECT_PAINT""]",True,"A_PRIMARY_ATLAS, C_LARGE_OBJECT_PAINT"
pvg_tileset_atlas_building4_6_26b1c879,res://assets/tilesets/cyber_city_core_tilesets/CyberCity_Core_Tiles_1/CyberCity_Core_Tiles_1/Building4_6.png,Building4_6.png,TILESET_ATLAS,atlas_or_large_sheet,1039,907,1029,904,46.77,"[""A_PRIMARY_ATLAS"", ""C_LARGE_OBJECT_PAINT""]",True,"A_PRIMARY_ATLAS, C_LARGE_OBJECT_PAINT"
pvg_tileset_atlas_building4_7_cc9d7db1,res://assets/tilesets/cyber_city_core_tilesets/CyberCity_Core_Tiles_1/CyberCity_Core_Tiles_1/Building4_7.png,Building4_7.png,TILESET_ATLAS,atlas_or_large_sheet,1017,833,1011,830,50.73,"[""A_PRIMARY_ATLAS"", ""C_LARGE_OBJECT_PAINT""]",True,"A_PRIMARY_ATLAS, C_LARGE_OBJECT_PAINT"
pvg_tileset_atlas_building4_8_184ec735,res://assets/tilesets/cyber_city_core_tilesets/CyberCity_Core_Tiles_1/CyberCity_Core_Tiles_1/Building4_8.png,Building4_8.png,TILESET_ATLAS,atlas_or_large_sheet,1050,816,1044,814,51.16,"[""A_PRIMARY_ATLAS"", ""C_LARGE_OBJECT_PAINT""]",True,"A_PRIMARY_ATLAS, C_LARGE_OBJECT_PAINT"
pvg_tileset_atlas_building5_1_66cf2c0b,res://assets/tilesets/cyber_city_core_tilesets/CyberCity_Core_Tiles_1/CyberCity_Core_Tiles_1/Building5_1.png,Building5_1.png,TILESET_ATLAS,atlas_or_large_sheet,950,714,939,707,43.19,"[""A_PRIMARY_ATLAS"", ""C_LARGE_OBJECT_PAINT""]",True,"A_PRIMARY_ATLAS, C_LARGE_OBJECT_PAINT"
pvg_tileset_atlas_building5_2_15a45395,res://assets/tilesets/cyber_city_core_tilesets/CyberCity_Core_Tiles_1/CyberCity_Core_Tiles_1/Building5_2.png,Building5_2.png,TILESET_ATLAS,atlas_or_large_sheet,390,1025,383,1017,32.82,"[""A_PRIMARY_ATLAS"", ""C_LARGE_OBJECT_PAINT""]",True,"A_PRIMARY_ATLAS, C_LARGE_OBJECT_PAINT"
pvg_tileset_atlas_building5_3_c2e01c52,res://assets/tilesets/cyber_city_core_tilesets/CyberCity_Core_Tiles_1/CyberCity_Core_Tiles_1/Building5_3.png,Building5_3.png,TILESET_ATLAS,atlas_or_large_sheet,949,691,937,680,45.38,"[""A_PRIMARY_ATLAS"", ""C_LARGE_OBJECT_PAINT""]",True,"A_PRIMARY_ATLAS, C_LARGE_OBJECT_PAINT"
pvg_tileset_atlas_building5_4_7ad497c1,res://assets/tilesets/cyber_city_core_tilesets/CyberCity_Core_Tiles_1/CyberCity_Core_Tiles_1/Building5_4.png,Building5_4.png,TILESET_ATLAS,atlas_or_large_sheet,444,837,437,827,25.12,"[""A_PRIMARY_ATLAS"", ""C_LARGE_OBJECT_PAINT""]",True,"A_PRIMARY_ATLAS, C_LARGE_OBJECT_PAINT"
pvg_tileset_atlas_building5_5_ddb4a8fa,res://assets/tilesets/cyber_city_core_tilesets/CyberCity_Core_Tiles_1/CyberCity_Core_Tiles_1/Building5_5.png,Building5_5.png,TILESET_ATLAS,atlas_or_large_sheet,890,970,882,964,60.33,"[""A_PRIMARY_ATLAS"", ""C_LARGE_OBJECT_PAINT""]",True,"A_PRIMARY_ATLAS, C_LARGE_OBJECT_PAINT"
pvg_tileset_atlas_building5_6_8acc0c2b,res://assets/tilesets/cyber_city_core_tilesets/CyberCity_Core_Tiles_1/CyberCity_Core_Tiles_1/Building5_6.png,Building5_6.png,TILESET_ATLAS,atlas_or_large_sheet,891,852,883,847,52.06,"[""A_PRIMARY_ATLAS"", ""C_LARGE_OBJECT_PAINT""]",True,"A_PRIMARY_ATLAS, C_LARGE_OBJECT_PAINT"
pvg_tileset_atlas_building5_7_781ef336,res://assets/tilesets/cyber_city_core_tilesets/CyberCity_Core_Tiles_1/CyberCity_Core_Tiles_1/Building5_7.png,Building5_7.png,TILESET_ATLAS,atlas_or_large_sheet,885,950,881,947,59.67,"[""A_PRIMARY_ATLAS"", ""C_LARGE_OBJECT_PAINT""]",True,"A_PRIMARY_ATLAS, C_LARGE_OBJECT_PAINT"
pvg_tileset_atlas_building5_8_23d7c2ed,res://assets/tilesets/cyber_city_core_tilesets/CyberCity_Core_Tiles_1/CyberCity_Core_Tiles_1/Building5_8.png,Building5_8.png,TILESET_ATLAS,atlas_or_large_sheet,885,826,882,822,57.32,"[""A_PRIMARY_ATLAS"", ""C_LARGE_OBJECT_PAINT""]",True,"A_PRIMARY_ATLAS, C_LARGE_OBJECT_PAINT"
pvg_tileset_atlas_building6_1_fe76b08b,res://assets/tilesets/cyber_city_core_tilesets/CyberCity_Core_Tiles_1/CyberCity_Core_Tiles_1/Building6_1.png,Building6_1.png,TILESET_ATLAS,atlas_or_large_sheet,679,737,672,726,18.95,"[""A_PRIMARY_ATLAS"", ""C_LARGE_OBJECT_PAINT""]",True,"A_PRIMARY_ATLAS, C_LARGE_OBJECT_PAINT"
pvg_tileset_atlas_building6_2_598ecef7,res://assets/tilesets/cyber_city_core_tilesets/CyberCity_Core_Tiles_1/CyberCity_Core_Tiles_1/Building6_2.png,Building6_2.png,TILESET_ATLAS,atlas_or_large_sheet,655,774,644,765,23.48,"[""A_PRIMARY_ATLAS"", ""C_LARGE_OBJECT_PAINT""]",True,"A_PRIMARY_ATLAS, C_LARGE_OBJECT_PAINT"
pvg_tileset_atlas_building6_3_c6941ab6,res://assets/tilesets/cyber_city_core_tilesets/CyberCity_Core_Tiles_1/CyberCity_Core_Tiles_1/Building6_3.png,Building6_3.png,TILESET_ATLAS,atlas_or_large_sheet,670,685,659,676,14.5,"[""A_PRIMARY_ATLAS"", ""C_LARGE_OBJECT_PAINT""]",True,"A_PRIMARY_ATLAS, C_LARGE_OBJECT_PAINT"
pvg_tileset_atlas_building6_4_0c636e66,res://assets/tilesets/cyber_city_core_tilesets/CyberCity_Core_Tiles_1/CyberCity_Core_Tiles_1/Building6_4.png,Building6_4.png,TILESET_ATLAS,atlas_or_large_sheet,695,696,687,686,19.89,"[""A_PRIMARY_ATLAS"", ""C_LARGE_OBJECT_PAINT""]",True,"A_PRIMARY_ATLAS, C_LARGE_OBJECT_PAINT"
pvg_tileset_atlas_building6_5_6c544503,res://assets/tilesets/cyber_city_core_tilesets/CyberCity_Core_Tiles_1/CyberCity_Core_Tiles_1/Building6_5.png,Building6_5.png,TILESET_ATLAS,atlas_or_large_sheet,923,857,919,855,47.79,"[""A_PRIMARY_ATLAS"", ""C_LARGE_OBJECT_PAINT""]",True,"A_PRIMARY_ATLAS, C_LARGE_OBJECT_PAINT"
pvg_tileset_atlas_building6_6_0efc5895,res://assets/tilesets/cyber_city_core_tilesets/CyberCity_Core_Tiles_1/CyberCity_Core_Tiles_1/Building6_6.png,Building6_6.png,TILESET_ATLAS,atlas_or_large_sheet,922,839,919,836,47.42,"[""A_PRIMARY_ATLAS"", ""C_LARGE_OBJECT_PAINT""]",True,"A_PRIMARY_ATLAS, C_LARGE_OBJECT_PAINT"
pvg_tileset_atlas_building6_7_c9f57f39,res://assets/tilesets/cyber_city_core_tilesets/CyberCity_Core_Tiles_1/CyberCity_Core_Tiles_1/Building6_7.png,Building6_7.png,TILESET_ATLAS,atlas_or_large_sheet,924,820,919,814,46.6,"[""A_PRIMARY_ATLAS"", ""C_LARGE_OBJECT_PAINT""]",True,"A_PRIMARY_ATLAS, C_LARGE_OBJECT_PAINT"
pvg_tileset_atlas_building6_8_757b1dc2,res://assets/tilesets/cyber_city_core_tilesets/CyberCity_Core_Tiles_1/CyberCity_Core_Tiles_1/Building6_8.png,Building6_8.png,TILESET_ATLAS,atlas_or_large_sheet,926,824,919,817,47.99,"[""A_PRIMARY_ATLAS"", ""C_LARGE_OBJECT_PAINT""]",True,"A_PRIMARY_ATLAS, C_LARGE_OBJECT_PAINT"
pvg_tileset_atlas_building7_1_a1a5a3e6,res://assets/tilesets/cyber_city_core_tilesets/CyberCity_Core_Tiles_1/CyberCity_Core_Tiles_1/Building7_1.png,Building7_1.png,TILESET_ATLAS,atlas_or_large_sheet,823,713,817,705,32.24,"[""A_PRIMARY_ATLAS"", ""C_LARGE_OBJECT_PAINT""]",True,"A_PRIMARY_ATLAS, C_LARGE_OBJECT_PAINT"
pvg_tileset_atlas_building7_2_2d78e03c,res://assets/tilesets/cyber_city_core_tilesets/CyberCity_Core_Tiles_1/CyberCity_Core_Tiles_1/Building7_2.png,Building7_2.png,TILESET_ATLAS,atlas_or_large_sheet,377,849,369,839,23.83,"[""A_PRIMARY_ATLAS"", ""C_LARGE_OBJECT_PAINT""]",True,"A_PRIMARY_ATLAS, C_LARGE_OBJECT_PAINT"
pvg_tileset_atlas_building7_3_be1d6b93,res://assets/tilesets/cyber_city_core_tilesets/CyberCity_Core_Tiles_1/CyberCity_Core_Tiles_1/Building7_3.png,Building7_3.png,TILESET_ATLAS,atlas_or_large_sheet,823,614,815,605,29.04,"[""A_PRIMARY_ATLAS"", ""C_LARGE_OBJECT_PAINT""]",True,"A_PRIMARY_ATLAS, C_LARGE_OBJECT_PAINT"
pvg_tileset_atlas_building7_4_76893c4a,res://assets/tilesets/cyber_city_core_tilesets/CyberCity_Core_Tiles_1/CyberCity_Core_Tiles_1/Building7_4.png,Building7_4.png,TILESET_ATLAS,atlas_or_large_sheet,436,988,425,978,35.84,"[""A_PRIMARY_ATLAS"", ""C_LARGE_OBJECT_PAINT""]",True,"A_PRIMARY_ATLAS, C_LARGE_OBJECT_PAINT"
pvg_tileset_atlas_building7_5_d7285c77,res://assets/tilesets/cyber_city_core_tilesets/CyberCity_Core_Tiles_1/CyberCity_Core_Tiles_1/Building7_5.png,Building7_5.png,TILESET_ATLAS,atlas_or_large_sheet,794,866,789,862,48.68,"[""A_PRIMARY_ATLAS"", ""C_LARGE_OBJECT_PAINT""]",True,"A_PRIMARY_ATLAS, C_LARGE_OBJECT_PAINT"
pvg_tileset_atlas_building7_6_9606e85a,res://assets/tilesets/cyber_city_core_tilesets/CyberCity_Core_Tiles_1/CyberCity_Core_Tiles_1/Building7_6.png,Building7_6.png,TILESET_ATLAS,atlas_or_large_sheet,839,956,832,953,55.35,"[""A_PRIMARY_ATLAS"", ""C_LARGE_OBJECT_PAINT""]",True,"A_PRIMARY_ATLAS, C_LARGE_OBJECT_PAINT"
pvg_tileset_atlas_building7_7_70b214cf,res://assets/tilesets/cyber_city_core_tilesets/CyberCity_Core_Tiles_1/CyberCity_Core_Tiles_1/Building7_7.png,Building7_7.png,TILESET_ATLAS,atlas_or_large_sheet,794,791,789,787,47.41,"[""A_PRIMARY_ATLAS"", ""C_LARGE_OBJECT_PAINT""]",True,"A_PRIMARY_ATLAS, C_LARGE_OBJECT_PAINT"
pvg_tileset_atlas_building7_8_2376cb88,res://assets/tilesets/cyber_city_core_tilesets/CyberCity_Core_Tiles_1/CyberCity_Core_Tiles_1/Building7_8.png,Building7_8.png,TILESET_ATLAS,atlas_or_large_sheet,796,909,790,905,58.19,"[""A_PRIMARY_ATLAS"", ""C_LARGE_OBJECT_PAINT""]",True,"A_PRIMARY_ATLAS, C_LARGE_OBJECT_PAINT"
pvg_tileset_atlas_building8_1_35c18b81,res://assets/tilesets/cyber_city_core_tilesets/CyberCity_Core_Tiles_1/CyberCity_Core_Tiles_1/Building8_1.png,Building8_1.png,TILESET_ATLAS,atlas_or_large_sheet,998,821,986,813,39.22,"[""A_PRIMARY_ATLAS"", ""C_LARGE_OBJECT_PAINT""]",True,"A_PRIMARY_ATLAS, C_LARGE_OBJECT_PAINT"
pvg_tileset_atlas_building8_2_918fb2a9,res://assets/tilesets/cyber_city_core_tilesets/CyberCity_Core_Tiles_1/CyberCity_Core_Tiles_1/Building8_2.png,Building8_2.png,TILESET_ATLAS,atlas_or_large_sheet,780,849,769,841,33.5,"[""A_PRIMARY_ATLAS"", ""C_LARGE_OBJECT_PAINT""]",True,"A_PRIMARY_ATLAS, C_LARGE_OBJECT_PAINT"
pvg_tileset_atlas_building8_3_13ce2a9f,res://assets/tilesets/cyber_city_core_tilesets/CyberCity_Core_Tiles_1/CyberCity_Core_Tiles_1/Building8_3.png,Building8_3.png,TILESET_ATLAS,atlas_or_large_sheet,995,998,985,990,53.28,"[""A_PRIMARY_ATLAS"", ""C_LARGE_OBJECT_PAINT""]",True,"A_PRIMARY_ATLAS, C_LARGE_OBJECT_PAINT"
pvg_tileset_atlas_building8_4_07b25649,res://assets/tilesets/cyber_city_core_tilesets/CyberCity_Core_Tiles_1/CyberCity_Core_Tiles_1/Building8_4.png,Building8_4.png,TILESET_ATLAS,atlas_or_large_sheet,764,1155,757,1147,48.18,"[""A_PRIMARY_ATLAS"", ""C_LARGE_OBJECT_PAINT""]",True,"A_PRIMARY_ATLAS, C_LARGE_OBJECT_PAINT"
pvg_tileset_atlas_building8_5_79526122,res://assets/tilesets/cyber_city_core_tilesets/CyberCity_Core_Tiles_1/CyberCity_Core_Tiles_1/Building8_5.png,Building8_5.png,TILESET_ATLAS,atlas_or_large_sheet,1209,851,1205,844,47.69,"[""A_PRIMARY_ATLAS"", ""C_LARGE_OBJECT_PAINT""]",True,"A_PRIMARY_ATLAS, C_LARGE_OBJECT_PAINT"
pvg_tileset_atlas_building8_6_e5c46acf,res://assets/tilesets/cyber_city_core_tilesets/CyberCity_Core_Tiles_1/CyberCity_Core_Tiles_1/Building8_6.png,Building8_6.png,TILESET_ATLAS,atlas_or_large_sheet,854,1123,848,1117,49.91,"[""A_PRIMARY_ATLAS"", ""C_LARGE_OBJECT_PAINT""]",True,"A_PRIMARY_ATLAS, C_LARGE_OBJECT_PAINT"
pvg_tileset_atlas_building8_7_a5a06a74,res://assets/tilesets/cyber_city_core_tilesets/CyberCity_Core_Tiles_1/CyberCity_Core_Tiles_1/Building8_7.png,Building8_7.png,TILESET_ATLAS,atlas_or_large_sheet,855,1029,853,1027,48.23,"[""A_PRIMARY_ATLAS"", ""C_LARGE_OBJECT_PAINT""]",True,"A_PRIMARY_ATLAS, C_LARGE_OBJECT_PAINT"
pvg_tileset_atlas_building8_8_192f6fbb,res://assets/tilesets/cyber_city_core_tilesets/CyberCity_Core_Tiles_1/CyberCity_Core_Tiles_1/Building8_8.png,Building8_8.png,TILESET_ATLAS,atlas_or_large_sheet,1207,1052,1205,1046,63.21,"[""A_PRIMARY_ATLAS"", ""C_LARGE_OBJECT_PAINT""]",True,"A_PRIMARY_ATLAS, C_LARGE_OBJECT_PAINT"
pvg_tileset_atlas_building9_1_ff57729c,res://assets/tilesets/cyber_city_core_tilesets/CyberCity_Core_Tiles_1/CyberCity_Core_Tiles_1/Building9_1.png,Building9_1.png,TILESET_ATLAS,atlas_or_large_sheet,1062,577,1053,565,33.19,"[""A_PRIMARY_ATLAS"", ""C_LARGE_OBJECT_PAINT""]",True,"A_PRIMARY_ATLAS, C_LARGE_OBJECT_PAINT"
pvg_tileset_atlas_building9_2_40a530fe,res://assets/tilesets/cyber_city_core_tilesets/CyberCity_Core_Tiles_1/CyberCity_Core_Tiles_1/Building9_2.png,Building9_2.png,TILESET_ATLAS,atlas_or_large_sheet,377,792,368,781,12.96,"[""A_PRIMARY_ATLAS"", ""C_LARGE_OBJECT_PAINT""]",True,"A_PRIMARY_ATLAS, C_LARGE_OBJECT_PAINT"
pvg_tileset_atlas_building9_3_a9971fcc,res://assets/tilesets/cyber_city_core_tilesets/CyberCity_Core_Tiles_1/CyberCity_Core_Tiles_1/Building9_3.png,Building9_3.png,TILESET_ATLAS,atlas_or_large_sheet,1063,418,1052,410,20.78,"[""A_PRIMARY_ATLAS"", ""C_LARGE_OBJECT_PAINT""]",True,"A_PRIMARY_ATLAS, C_LARGE_OBJECT_PAINT"
pvg_tileset_atlas_building9_4_d280c6e5,res://assets/tilesets/cyber_city_core_tilesets/CyberCity_Core_Tiles_1/CyberCity_Core_Tiles_1/Building9_4.png,Building9_4.png,TILESET_ATLAS,atlas_or_large_sheet,405,908,393,900,13.61,"[""A_PRIMARY_ATLAS"", ""C_LARGE_OBJECT_PAINT""]",True,"A_PRIMARY_ATLAS, C_LARGE_OBJECT_PAINT"
pvg_tileset_atlas_building9_5_5e4ff3a0,res://assets/tilesets/cyber_city_core_tilesets/CyberCity_Core_Tiles_1/CyberCity_Core_Tiles_1/Building9_5.png,Building9_5.png,TILESET_ATLAS,atlas_or_large_sheet,978,749,974,747,50.64,"[""A_PRIMARY_ATLAS"", ""C_LARGE_OBJECT_PAINT""]",True,"A_PRIMARY_ATLAS, C_LARGE_OBJECT_PAINT"
pvg_tileset_atlas_building9_6_c305af15,res://assets/tilesets/cyber_city_core_tilesets/CyberCity_Core_Tiles_1/CyberCity_Core_Tiles_1/Building9_6.png,Building9_6.png,TILESET_ATLAS,atlas_or_large_sheet,978,858,975,856,54.35,"[""A_PRIMARY_ATLAS"", ""C_LARGE_OBJECT_PAINT""]",True,"A_PRIMARY_ATLAS, C_LARGE_OBJECT_PAINT"
pvg_tileset_atlas_building9_7_66ea663a,res://assets/tilesets/cyber_city_core_tilesets/CyberCity_Core_Tiles_1/CyberCity_Core_Tiles_1/Building9_7.png,Building9_7.png,TILESET_ATLAS,atlas_or_large_sheet,981,705,974,700,54.29,"[""A_PRIMARY_ATLAS"", ""C_LARGE_OBJECT_PAINT""]",True,"A_PRIMARY_ATLAS, C_LARGE_OBJECT_PAINT"
pvg_tileset_atlas_building9_8_bab21c87,res://assets/tilesets/cyber_city_core_tilesets/CyberCity_Core_Tiles_1/CyberCity_Core_Tiles_1/Building9_8.png,Building9_8.png,TILESET_ATLAS,atlas_or_large_sheet,986,825,983,819,59.93,"[""A_PRIMARY_ATLAS"", ""C_LARGE_OBJECT_PAINT""]",True,"A_PRIMARY_ATLAS, C_LARGE_OBJECT_PAINT"
pvg_tileset_atlas_building_interior1_1_e88baac6,res://assets/tilesets/cyber_city_core_tilesets/CyberCity_Core_Tiles_1/CyberCity_Core_Tiles_1/Building_Interior1_1.png,Building_Interior1_1.png,TILESET_ATLAS,atlas_or_large_sheet,1088,910,1077,899,2.3,"[""A_PRIMARY_ATLAS"", ""C_LARGE_OBJECT_PAINT""]",True,"A_PRIMARY_ATLAS, C_LARGE_OBJECT_PAINT"
pvg_tileset_atlas_building_interior1_2_f3b6f01d,res://assets/tilesets/cyber_city_core_tilesets/CyberCity_Core_Tiles_1/CyberCity_Core_Tiles_1/Building_Interior1_2.png,Building_Interior1_2.png,TILESET_ATLAS,atlas_or_large_sheet,1088,911,1077,900,2.33,"[""A_PRIMARY_ATLAS"", ""C_LARGE_OBJECT_PAINT""]",True,"A_PRIMARY_ATLAS, C_LARGE_OBJECT_PAINT"
pvg_tileset_atlas_building_interior1_3_78b46bab,res://assets/tilesets/cyber_city_core_tilesets/CyberCity_Core_Tiles_1/CyberCity_Core_Tiles_1/Building_Interior1_3.png,Building_Interior1_3.png,TILESET_ATLAS,atlas_or_large_sheet,1088,901,1077,890,2.41,"[""A_PRIMARY_ATLAS"", ""C_LARGE_OBJECT_PAINT""]",True,"A_PRIMARY_ATLAS, C_LARGE_OBJECT_PAINT"
pvg_tileset_atlas_building_interior1_4_6bed87f1,res://assets/tilesets/cyber_city_core_tilesets/CyberCity_Core_Tiles_1/CyberCity_Core_Tiles_1/Building_Interior1_4.png,Building_Interior1_4.png,TILESET_ATLAS,atlas_or_large_sheet,1088,911,1077,900,2.3,"[""A_PRIMARY_ATLAS"", ""C_LARGE_OBJECT_PAINT""]",True,"A_PRIMARY_ATLAS, C_LARGE_OBJECT_PAINT"
pvg_tileset_atlas_building_interior1_5_2fee3059,res://assets/tilesets/cyber_city_core_tilesets/CyberCity_Core_Tiles_1/CyberCity_Core_Tiles_1/Building_Interior1_5.png,Building_Interior1_5.png,TILESET_ATLAS,atlas_or_large_sheet,1515,1216,1507,1215,44.13,"[""A_PRIMARY_ATLAS"", ""C_LARGE_OBJECT_PAINT""]",True,"A_PRIMARY_ATLAS, C_LARGE_OBJECT_PAINT"
pvg_tileset_atlas_building_interior1_6_0eb53de5,res://assets/tilesets/cyber_city_core_tilesets/CyberCity_Core_Tiles_1/CyberCity_Core_Tiles_1/Building_Interior1_6.png,Building_Interior1_6.png,TILESET_ATLAS,atlas_or_large_sheet,1522,1223,1515,1219,44.28,"[""A_PRIMARY_ATLAS"", ""C_LARGE_OBJECT_PAINT""]",True,"A_PRIMARY_ATLAS, C_LARGE_OBJECT_PAINT"
pvg_tileset_atlas_building_interior1_7_6b4b6ef6,res://assets/tilesets/cyber_city_core_tilesets/CyberCity_Core_Tiles_1/CyberCity_Core_Tiles_1/Building_Interior1_7.png,Building_Interior1_7.png,TILESET_ATLAS,atlas_or_large_sheet,1520,1225,1512,1219,44.39,"[""A_PRIMARY_ATLAS"", ""C_LARGE_OBJECT_PAINT""]",True,"A_PRIMARY_ATLAS, C_LARGE_OBJECT_PAINT"
pvg_tileset_atlas_building_interior1_8_2a4781ba,res://assets/tilesets/cyber_city_core_tilesets/CyberCity_Core_Tiles_1/CyberCity_Core_Tiles_1/Building_Interior1_8.png,Building_Interior1_8.png,TILESET_ATLAS,atlas_or_large_sheet,1511,1215,1502,1211,44.33,"[""A_PRIMARY_ATLAS"", ""C_LARGE_OBJECT_PAINT""]",True,"A_PRIMARY_ATLAS, C_LARGE_OBJECT_PAINT"
pvg_tileset_atlas_building_interior2_1_2c4fc589,res://assets/tilesets/cyber_city_core_tilesets/CyberCity_Core_Tiles_1/CyberCity_Core_Tiles_1/Building_Interior2_1.png,Building_Interior2_1.png,TILESET_ATLAS,atlas_or_large_sheet,2406,4404,2395,4392,3.91,"[""A_PRIMARY_ATLAS"", ""C_LARGE_OBJECT_PAINT""]",True,"A_PRIMARY_ATLAS, C_LARGE_OBJECT_PAINT"
pvg_tileset_atlas_building_interior2_2_26809d4d,res://assets/tilesets/cyber_city_core_tilesets/CyberCity_Core_Tiles_1/CyberCity_Core_Tiles_1/Building_Interior2_2.png,Building_Interior2_2.png,TILESET_ATLAS,atlas_or_large_sheet,4072,3500,4060,3435,20.97,"[""A_PRIMARY_ATLAS"", ""C_LARGE_OBJECT_PAINT""]",True,"A_PRIMARY_ATLAS, C_LARGE_OBJECT_PAINT"
pvg_tileset_atlas_building_interior2_3_da9b4583,res://assets/tilesets/cyber_city_core_tilesets/CyberCity_Core_Tiles_1/CyberCity_Core_Tiles_1/Building_Interior2_3.png,Building_Interior2_3.png,TILESET_ATLAS,atlas_or_large_sheet,2406,3966,2395,3954,30.33,"[""A_PRIMARY_ATLAS"", ""C_LARGE_OBJECT_PAINT""]",True,"A_PRIMARY_ATLAS, C_LARGE_OBJECT_PAINT"
pvg_tileset_atlas_building_interior2_4_8fb1f295,res://assets/tilesets/cyber_city_core_tilesets/CyberCity_Core_Tiles_1/CyberCity_Core_Tiles_1/Building_Interior2_4.png,Building_Interior2_4.png,TILESET_ATLAS,atlas_or_large_sheet,4070,3435,4061,3424,19.7,"[""A_PRIMARY_ATLAS"", ""C_LARGE_OBJECT_PAINT""]",True,"A_PRIMARY_ATLAS, C_LARGE_OBJECT_PAINT"
pvg_tileset_atlas_building_interior2_5_77b37a8e,res://assets/tilesets/cyber_city_core_tilesets/CyberCity_Core_Tiles_1/CyberCity_Core_Tiles_1/Building_Interior2_5.png,Building_Interior2_5.png,TILESET_ATLAS,atlas_or_large_sheet,3986,4675,3977,4672,35.9,"[""A_PRIMARY_ATLAS"", ""C_LARGE_OBJECT_PAINT""]",True,"A_PRIMARY_ATLAS, C_LARGE_OBJECT_PAINT"
pvg_tileset_atlas_building_interior2_6_442da030,res://assets/tilesets/cyber_city_core_tilesets/CyberCity_Core_Tiles_1/CyberCity_Core_Tiles_1/Building_Interior2_6.png,Building_Interior2_6.png,TILESET_ATLAS,atlas_or_large_sheet,3989,4675,3979,4672,35.89,"[""A_PRIMARY_ATLAS"", ""C_LARGE_OBJECT_PAINT""]",True,"A_PRIMARY_ATLAS, C_LARGE_OBJECT_PAINT"
pvg_tileset_atlas_building_interior2_7_6fd5747a,res://assets/tilesets/cyber_city_core_tilesets/CyberCity_Core_Tiles_1/CyberCity_Core_Tiles_1/Building_Interior2_7.png,Building_Interior2_7.png,TILESET_ATLAS,atlas_or_large_sheet,3380,4377,3372,4371,41.43,"[""A_PRIMARY_ATLAS"", ""C_LARGE_OBJECT_PAINT""]",True,"A_PRIMARY_ATLAS, C_LARGE_OBJECT_PAINT"
pvg_tileset_atlas_building_interior2_8_fdf6b014,res://assets/tilesets/cyber_city_core_tilesets/CyberCity_Core_Tiles_1/CyberCity_Core_Tiles_1/Building_Interior2_8.png,Building_Interior2_8.png,TILESET_ATLAS,atlas_or_large_sheet,3375,4392,3365,4385,41.19,"[""A_PRIMARY_ATLAS"", ""C_LARGE_OBJECT_PAINT""]",True,"A_PRIMARY_ATLAS, C_LARGE_OBJECT_PAINT"
pvg_tileset_atlas_building_interior3_1_78683d9c,res://assets/tilesets/cyber_city_core_tilesets/CyberCity_Core_Tiles_1/CyberCity_Core_Tiles_1/Building_Interior3_1.png,Building_Interior3_1.png,TILESET_ATLAS,atlas_or_large_sheet,879,876,868,872,12.24,"[""A_PRIMARY_ATLAS"", ""C_LARGE_OBJECT_PAINT""]",True,"A_PRIMARY_ATLAS, C_LARGE_OBJECT_PAINT"
pvg_tileset_atlas_building_interior3_2_a3e73353,res://assets/tilesets/cyber_city_core_tilesets/CyberCity_Core_Tiles_1/CyberCity_Core_Tiles_1/Building_Interior3_2.png,Building_Interior3_2.png,TILESET_ATLAS,atlas_or_large_sheet,984,804,982,792,13.47,"[""A_PRIMARY_ATLAS"", ""C_LARGE_OBJECT_PAINT""]",True,"A_PRIMARY_ATLAS, C_LARGE_OBJECT_PAINT"
pvg_tileset_atlas_building_interior3_3_8447fe3d,res://assets/tilesets/cyber_city_core_tilesets/CyberCity_Core_Tiles_1/CyberCity_Core_Tiles_1/Building_Interior3_3.png,Building_Interior3_3.png,TILESET_ATLAS,atlas_or_large_sheet,880,879,868,872,13.94,"[""A_PRIMARY_ATLAS"", ""C_LARGE_OBJECT_PAINT""]",True,"A_PRIMARY_ATLAS, C_LARGE_OBJECT_PAINT"
pvg_tileset_atlas_building_interior3_4_9333f7d1,res://assets/tilesets/cyber_city_core_tilesets/CyberCity_Core_Tiles_1/CyberCity_Core_Tiles_1/Building_Interior3_4.png,Building_Interior3_4.png,TILESET_ATLAS,atlas_or_large_sheet,985,804,981,792,13.62,"[""A_PRIMARY_ATLAS"", ""C_LARGE_OBJECT_PAINT""]",True,"A_PRIMARY_ATLAS, C_LARGE_OBJECT_PAINT"
pvg_tileset_atlas_building_interior3_5_3bac26f9,res://assets/tilesets/cyber_city_core_tilesets/CyberCity_Core_Tiles_1/CyberCity_Core_Tiles_1/Building_Interior3_5.png,Building_Interior3_5.png,TILESET_ATLAS,atlas_or_large_sheet,1181,1016,1178,1011,41.34,"[""A_PRIMARY_ATLAS"", ""C_LARGE_OBJECT_PAINT""]",True,"A_PRIMARY_ATLAS, C_LARGE_OBJECT_PAINT"
pvg_tileset_atlas_building_interior3_6_979e0ca1,res://assets/tilesets/cyber_city_core_tilesets/CyberCity_Core_Tiles_1/CyberCity_Core_Tiles_1/Building_Interior3_6.png,Building_Interior3_6.png,TILESET_ATLAS,atlas_or_large_sheet,1177,1018,1173,1015,41.31,"[""A_PRIMARY_ATLAS"", ""C_LARGE_OBJECT_PAINT""]",True,"A_PRIMARY_ATLAS, C_LARGE_OBJECT_PAINT"
pvg_tileset_atlas_building_interior3_7_097af898,res://assets/tilesets/cyber_city_core_tilesets/CyberCity_Core_Tiles_1/CyberCity_Core_Tiles_1/Building_Interior3_7.png,Building_Interior3_7.png,TILESET_ATLAS,atlas_or_large_sheet,1186,1014,1185,1011,41.23,"[""A_PRIMARY_ATLAS"", ""C_LARGE_OBJECT_PAINT""]",True,"A_PRIMARY_ATLAS, C_LARGE_OBJECT_PAINT"
pvg_tileset_atlas_building_interior3_8_b65da760,res://assets/tilesets/cyber_city_core_tilesets/CyberCity_Core_Tiles_1/CyberCity_Core_Tiles_1/Building_Interior3_8.png,Building_Interior3_8.png,TILESET_ATLAS,atlas_or_large_sheet,1186,1017,1180,1015,41.64,"[""A_PRIMARY_ATLAS"", ""C_LARGE_OBJECT_PAINT""]",True,"A_PRIMARY_ATLAS, C_LARGE_OBJECT_PAINT"
pvg_tileset_atlas_building41_1_b03b48c3,res://assets/tilesets/cyber_city_core_tilesets/CyberCity_Core_Tiles_2/CyberCity_Core_Tiles_2/Building41_1.png,Building41_1.png,TILESET_ATLAS,atlas_or_large_sheet,2117,1828,2105,1814,13.85,"[""A_PRIMARY_ATLAS"", ""C_LARGE_OBJECT_PAINT""]",True,"A_PRIMARY_ATLAS, C_LARGE_OBJECT_PAINT"
pvg_tileset_atlas_building41_2_d28d19ec,res://assets/tilesets/cyber_city_core_tilesets/CyberCity_Core_Tiles_2/CyberCity_Core_Tiles_2/Building41_2.png,Building41_2.png,TILESET_ATLAS,atlas_or_large_sheet,1364,2362,1351,2349,17.02,"[""A_PRIMARY_ATLAS"", ""C_LARGE_OBJECT_PAINT""]",True,"A_PRIMARY_ATLAS, C_LARGE_OBJECT_PAINT"
pvg_tileset_atlas_building41_3_3d9b2255,res://assets/tilesets/cyber_city_core_tilesets/CyberCity_Core_Tiles_2/CyberCity_Core_Tiles_2/Building41_3.png,Building41_3.png,TILESET_ATLAS,atlas_or_large_sheet,2104,1832,2090,1817,13.53,"[""A_PRIMARY_ATLAS"", ""C_LARGE_OBJECT_PAINT""]",True,"A_PRIMARY_ATLAS, C_LARGE_OBJECT_PAINT"
pvg_tileset_atlas_building41_4_e66cdd43,res://assets/tilesets/cyber_city_core_tilesets/CyberCity_Core_Tiles_2/CyberCity_Core_Tiles_2/Building41_4.png,Building41_4.png,TILESET_ATLAS,atlas_or_large_sheet,1358,2353,1346,2339,16.77,"[""A_PRIMARY_ATLAS"", ""C_LARGE_OBJECT_PAINT""]",True,"A_PRIMARY_ATLAS, C_LARGE_OBJECT_PAINT"
pvg_tileset_atlas_building41_5_2d2bb868,res://assets/tilesets/cyber_city_core_tilesets/CyberCity_Core_Tiles_2/CyberCity_Core_Tiles_2/Building41_5.png,Building41_5.png,TILESET_ATLAS,atlas_or_large_sheet,2306,2492,2296,2484,42.92,"[""A_PRIMARY_ATLAS"", ""C_LARGE_OBJECT_PAINT""]",True,"A_PRIMARY_ATLAS, C_LARGE_OBJECT_PAINT"
pvg_tileset_atlas_building41_6_76b821c2,res://assets/tilesets/cyber_city_core_tilesets/CyberCity_Core_Tiles_2/CyberCity_Core_Tiles_2/Building41_6.png,Building41_6.png,TILESET_ATLAS,atlas_or_large_sheet,2303,2485,2295,2477,42.92,"[""A_PRIMARY_ATLAS"", ""C_LARGE_OBJECT_PAINT""]",True,"A_PRIMARY_ATLAS, C_LARGE_OBJECT_PAINT"
pvg_tileset_atlas_building41_7_adf016e7,res://assets/tilesets/cyber_city_core_tilesets/CyberCity_Core_Tiles_2/CyberCity_Core_Tiles_2/Building41_7.png,Building41_7.png,TILESET_ATLAS,atlas_or_large_sheet,2297,2495,2288,2486,42.76,"[""A_PRIMARY_ATLAS"", ""C_LARGE_OBJECT_PAINT""]",True,"A_PRIMARY_ATLAS, C_LARGE_OBJECT_PAINT"
pvg_tileset_atlas_building41_8_5666c3cd,res://assets/tilesets/cyber_city_core_tilesets/CyberCity_Core_Tiles_2/CyberCity_Core_Tiles_2/Building41_8.png,Building41_8.png,TILESET_ATLAS,atlas_or_large_sheet,2295,2488,2284,2480,42.62,"[""A_PRIMARY_ATLAS"", ""C_LARGE_OBJECT_PAINT""]",True,"A_PRIMARY_ATLAS, C_LARGE_OBJECT_PAINT"
pvg_tileset_atlas_building42_1_6fba3379,res://assets/tilesets/cyber_city_core_tilesets/CyberCity_Core_Tiles_2/CyberCity_Core_Tiles_2/Building42_1.png,Building42_1.png,TILESET_ATLAS,atlas_or_large_sheet,3013,3602,3002,3591,25.43,"[""A_PRIMARY_ATLAS"", ""C_LARGE_OBJECT_PAINT""]",True,"A_PRIMARY_ATLAS, C_LARGE_OBJECT_PAINT"
pvg_tileset_atlas_building42_2_dfac3814,res://assets/tilesets/cyber_city_core_tilesets/CyberCity_Core_Tiles_2/CyberCity_Core_Tiles_2/Building42_2.png,Building42_2.png,TILESET_ATLAS,atlas_or_large_sheet,2960,3251,2949,3237,28.69,"[""A_PRIMARY_ATLAS"", ""C_LARGE_OBJECT_PAINT""]",True,"A_PRIMARY_ATLAS, C_LARGE_OBJECT_PAINT"
pvg_tileset_atlas_building42_3_3e49ba2e,res://assets/tilesets/cyber_city_core_tilesets/CyberCity_Core_Tiles_2/CyberCity_Core_Tiles_2/Building42_3.png,Building42_3.png,TILESET_ATLAS,atlas_or_large_sheet,3013,2409,3002,2397,6.5,"[""A_PRIMARY_ATLAS"", ""C_LARGE_OBJECT_PAINT""]",True,"A_PRIMARY_ATLAS, C_LARGE_OBJECT_PAINT"
pvg_tileset_atlas_building42_4_372f2ccd,res://assets/tilesets/cyber_city_core_tilesets/CyberCity_Core_Tiles_2/CyberCity_Core_Tiles_2/Building42_4.png,Building42_4.png,TILESET_ATLAS,atlas_or_large_sheet,3228,2701,3215,2690,17.9,"[""A_PRIMARY_ATLAS"", ""C_LARGE_OBJECT_PAINT""]",True,"A_PRIMARY_ATLAS, C_LARGE_OBJECT_PAINT"
pvg_tileset_atlas_building43_1_22b55d83,res://assets/tilesets/cyber_city_core_tilesets/CyberCity_Core_Tiles_2/CyberCity_Core_Tiles_2/Building43_1.png,Building43_1.png,TILESET_ATLAS,atlas_or_large_sheet,1796,3584,1774,3564,29.86,"[""A_PRIMARY_ATLAS"", ""C_LARGE_OBJECT_PAINT""]",True,"A_PRIMARY_ATLAS, C_LARGE_OBJECT_PAINT"
pvg_tileset_atlas_building43_2_acfa0a67,res://assets/tilesets/cyber_city_core_tilesets/CyberCity_Core_Tiles_2/CyberCity_Core_Tiles_2/Building43_2.png,Building43_2.png,TILESET_ATLAS,atlas_or_large_sheet,2262,3234,2246,3209,35.36,"[""A_PRIMARY_ATLAS"", ""C_LARGE_OBJECT_PAINT""]",True,"A_PRIMARY_ATLAS, C_LARGE_OBJECT_PAINT"
pvg_tileset_atlas_building43_3_c9be4ba9,res://assets/tilesets/cyber_city_core_tilesets/CyberCity_Core_Tiles_2/CyberCity_Core_Tiles_2/Building43_3.png,Building43_3.png,TILESET_ATLAS,atlas_or_large_sheet,1798,3175,1774,3154,29.18,"[""A_PRIMARY_ATLAS"", ""C_LARGE_OBJECT_PAINT""]",True,"A_PRIMARY_ATLAS, C_LARGE_OBJECT_PAINT"
pvg_tileset_atlas_building43_4_89748b6d,res://assets/tilesets/cyber_city_core_tilesets/CyberCity_Core_Tiles_2/CyberCity_Core_Tiles_2/Building43_4.png,Building43_4.png,TILESET_ATLAS,atlas_or_large_sheet,2319,3236,2297,3210,32.17,"[""A_PRIMARY_ATLAS"", ""C_LARGE_OBJECT_PAINT""]",True,"A_PRIMARY_ATLAS, C_LARGE_OBJECT_PAINT"
pvg_tileset_atlas_building43_5_d3f98d84,res://assets/tilesets/cyber_city_core_tilesets/CyberCity_Core_Tiles_2/CyberCity_Core_Tiles_2/Building43_5.png,Building43_5.png,TILESET_ATLAS,atlas_or_large_sheet,2206,3688,2187,3673,38.45,"[""A_PRIMARY_ATLAS"", ""C_LARGE_OBJECT_PAINT""]",True,"A_PRIMARY_ATLAS, C_LARGE_OBJECT_PAINT"
pvg_tileset_atlas_building43_6_58d6a29e,res://assets/tilesets/cyber_city_core_tilesets/CyberCity_Core_Tiles_2/CyberCity_Core_Tiles_2/Building43_6.png,Building43_6.png,TILESET_ATLAS,atlas_or_large_sheet,2378,3692,2358,3674,37.49,"[""A_PRIMARY_ATLAS"", ""C_LARGE_OBJECT_PAINT""]",True,"A_PRIMARY_ATLAS, C_LARGE_OBJECT_PAINT"
pvg_tileset_atlas_building43_7_65374c7c,res://assets/tilesets/cyber_city_core_tilesets/CyberCity_Core_Tiles_2/CyberCity_Core_Tiles_2/Building43_7.png,Building43_7.png,TILESET_ATLAS,atlas_or_large_sheet,2287,3446,2265,3428,37.89,"[""A_PRIMARY_ATLAS"", ""C_LARGE_OBJECT_PAINT""]",True,"A_PRIMARY_ATLAS, C_LARGE_OBJECT_PAINT"
pvg_tileset_atlas_building43_8_ea024065,res://assets/tilesets/cyber_city_core_tilesets/CyberCity_Core_Tiles_2/CyberCity_Core_Tiles_2/Building43_8.png,Building43_8.png,TILESET_ATLAS,atlas_or_large_sheet,2455,3444,2440,3429,40.45,"[""A_PRIMARY_ATLAS"", ""C_LARGE_OBJECT_PAINT""]",True,"A_PRIMARY_ATLAS, C_LARGE_OBJECT_PAINT"
pvg_tileset_atlas_building44_1_f43f12de,res://assets/tilesets/cyber_city_core_tilesets/CyberCity_Core_Tiles_2/CyberCity_Core_Tiles_2/Building44_1.png,Building44_1.png,TILESET_ATLAS,atlas_or_large_sheet,2344,5048,2313,5029,22.25,"[""A_PRIMARY_ATLAS"", ""C_LARGE_OBJECT_PAINT""]",True,"A_PRIMARY_ATLAS, C_LARGE_OBJECT_PAINT"
pvg_tileset_atlas_building44_2_192b476d,res://assets/tilesets/cyber_city_core_tilesets/CyberCity_Core_Tiles_2/CyberCity_Core_Tiles_2/Building44_2.png,Building44_2.png,TILESET_ATLAS,atlas_or_large_sheet,3966,3983,3938,3957,19.26,"[""A_PRIMARY_ATLAS"", ""C_LARGE_OBJECT_PAINT""]",True,"A_PRIMARY_ATLAS, C_LARGE_OBJECT_PAINT"
pvg_tileset_atlas_building44_3_178b1d13,res://assets/tilesets/cyber_city_core_tilesets/CyberCity_Core_Tiles_2/CyberCity_Core_Tiles_2/Building44_3.png,Building44_3.png,TILESET_ATLAS,atlas_or_large_sheet,2347,5018,2314,4994,21.48,"[""A_PRIMARY_ATLAS"", ""C_LARGE_OBJECT_PAINT""]",True,"A_PRIMARY_ATLAS, C_LARGE_OBJECT_PAINT"
pvg_tileset_atlas_building44_4_9948ed57,res://assets/tilesets/cyber_city_core_tilesets/CyberCity_Core_Tiles_2/CyberCity_Core_Tiles_2/Building44_4.png,Building44_4.png,TILESET_ATLAS,atlas_or_large_sheet,3934,3983,3904,3958,19.67,"[""A_PRIMARY_ATLAS"", ""C_LARGE_OBJECT_PAINT""]",True,"A_PRIMARY_ATLAS, C_LARGE_OBJECT_PAINT"
pvg_tileset_atlas_building44_5_b11d2b72,res://assets/tilesets/cyber_city_core_tilesets/CyberCity_Core_Tiles_2/CyberCity_Core_Tiles_2/Building44_5.png,Building44_5.png,TILESET_ATLAS,atlas_or_large_sheet,4010,5051,3987,5030,38.47,"[""A_PRIMARY_ATLAS"", ""C_LARGE_OBJECT_PAINT""]",True,"A_PRIMARY_ATLAS, C_LARGE_OBJECT_PAINT"
pvg_tileset_atlas_building44_6_26b9a5a9,res://assets/tilesets/cyber_city_core_tilesets/CyberCity_Core_Tiles_2/CyberCity_Core_Tiles_2/Building44_6.png,Building44_6.png,TILESET_ATLAS,atlas_or_large_sheet,3854,5087,3833,5072,37.41,"[""A_PRIMARY_ATLAS"", ""C_LARGE_OBJECT_PAINT""]",True,"A_PRIMARY_ATLAS, C_LARGE_OBJECT_PAINT"
pvg_tileset_atlas_building44_7_093afe51,res://assets/tilesets/cyber_city_core_tilesets/CyberCity_Core_Tiles_2/CyberCity_Core_Tiles_2/Building44_7.png,Building44_7.png,TILESET_ATLAS,atlas_or_large_sheet,3855,5044,3833,5030,37.14,"[""A_PRIMARY_ATLAS"", ""C_LARGE_OBJECT_PAINT""]",True,"A_PRIMARY_ATLAS, C_LARGE_OBJECT_PAINT"
pvg_tileset_atlas_building44_8_dd59deef,res://assets/tilesets/cyber_city_core_tilesets/CyberCity_Core_Tiles_2/CyberCity_Core_Tiles_2/Building44_8.png,Building44_8.png,TILESET_ATLAS,atlas_or_large_sheet,3980,5053,3954,5030,37.78,"[""A_PRIMARY_ATLAS"", ""C_LARGE_OBJECT_PAINT""]",True,"A_PRIMARY_ATLAS, C_LARGE_OBJECT_PAINT"
pvg_tileset_atlas_building45_1_e560b6f7,res://assets/tilesets/cyber_city_core_tilesets/CyberCity_Core_Tiles_2/CyberCity_Core_Tiles_2/Building45_1.png,Building45_1.png,TILESET_ATLAS,atlas_or_large_sheet,2159,3295,2145,3277,17.69,"[""A_PRIMARY_ATLAS"", ""C_LARGE_OBJECT_PAINT""]",True,"A_PRIMARY_ATLAS, C_LARGE_OBJECT_PAINT"
pvg_tileset_atlas_building45_2_133cc8c5,res://assets/tilesets/cyber_city_core_tilesets/CyberCity_Core_Tiles_2/CyberCity_Core_Tiles_2/Building45_2.png,Building45_2.png,TILESET_ATLAS,atlas_or_large_sheet,2126,3107,2113,3086,17.91,"[""A_PRIMARY_ATLAS"", ""C_LARGE_OBJECT_PAINT""]",True,"A_PRIMARY_ATLAS, C_LARGE_OBJECT_PAINT"
pvg_tileset_atlas_building45_3_079b7713,res://assets/tilesets/cyber_city_core_tilesets/CyberCity_Core_Tiles_2/CyberCity_Core_Tiles_2/Building45_3.png,Building45_3.png,TILESET_ATLAS,atlas_or_large_sheet,2419,3083,2403,3064,23.37,"[""A_PRIMARY_ATLAS"", ""C_LARGE_OBJECT_PAINT""]",True,"A_PRIMARY_ATLAS, C_LARGE_OBJECT_PAINT"
pvg_tileset_atlas_building45_4_25b14d19,res://assets/tilesets/cyber_city_core_tilesets/CyberCity_Core_Tiles_2/CyberCity_Core_Tiles_2/Building45_4.png,Building45_4.png,TILESET_ATLAS,atlas_or_large_sheet,2458,3265,2445,3248,24.3,"[""A_PRIMARY_ATLAS"", ""C_LARGE_OBJECT_PAINT""]",True,"A_PRIMARY_ATLAS, C_LARGE_OBJECT_PAINT"
pvg_tileset_atlas_building45_5_1232e87b,res://assets/tilesets/cyber_city_core_tilesets/CyberCity_Core_Tiles_2/CyberCity_Core_Tiles_2/Building45_5.png,Building45_5.png,TILESET_ATLAS,atlas_or_large_sheet,2867,3577,2857,3563,40.33,"[""A_PRIMARY_ATLAS"", ""C_LARGE_OBJECT_PAINT""]",True,"A_PRIMARY_ATLAS, C_LARGE_OBJECT_PAINT"
pvg_tileset_atlas_building45_6_2a631839,res://assets/tilesets/cyber_city_core_tilesets/CyberCity_Core_Tiles_2/CyberCity_Core_Tiles_2/Building45_6.png,Building45_6.png,TILESET_ATLAS,atlas_or_large_sheet,2866,3700,2858,3685,39.49,"[""A_PRIMARY_ATLAS"", ""C_LARGE_OBJECT_PAINT""]",True,"A_PRIMARY_ATLAS, C_LARGE_OBJECT_PAINT"
pvg_tileset_atlas_building45_7_211a7bb6,res://assets/tilesets/cyber_city_core_tilesets/CyberCity_Core_Tiles_2/CyberCity_Core_Tiles_2/Building45_7.png,Building45_7.png,TILESET_ATLAS,atlas_or_large_sheet,2869,3419,2858,3405,40.96,"[""A_PRIMARY_ATLAS"", ""C_LARGE_OBJECT_PAINT""]",True,"A_PRIMARY_ATLAS, C_LARGE_OBJECT_PAINT"
pvg_tileset_atlas_building45_8_d34ed3a7,res://assets/tilesets/cyber_city_core_tilesets/CyberCity_Core_Tiles_2/CyberCity_Core_Tiles_2/Building45_8.png,Building45_8.png,TILESET_ATLAS,atlas_or_large_sheet,3040,3548,3029,3534,42.68,"[""A_PRIMARY_ATLAS"", ""C_LARGE_OBJECT_PAINT""]",True,"A_PRIMARY_ATLAS, C_LARGE_OBJECT_PAINT"
pvg_tileset_atlas_building46_1_67ca679a,res://assets/tilesets/cyber_city_core_tilesets/CyberCity_Core_Tiles_2/CyberCity_Core_Tiles_2/Building46_1.png,Building46_1.png,TILESET_ATLAS,atlas_or_large_sheet,1737,3171,1722,3150,36.51,"[""A_PRIMARY_ATLAS"", ""C_LARGE_OBJECT_PAINT""]",True,"A_PRIMARY_ATLAS, C_LARGE_OBJECT_PAINT"
pvg_tileset_atlas_building46_2_4555ddee,res://assets/tilesets/cyber_city_core_tilesets/CyberCity_Core_Tiles_2/CyberCity_Core_Tiles_2/Building46_2.png,Building46_2.png,TILESET_ATLAS,atlas_or_large_sheet,1780,3203,1763,3181,38.2,"[""A_PRIMARY_ATLAS"", ""C_LARGE_OBJECT_PAINT""]",True,"A_PRIMARY_ATLAS, C_LARGE_OBJECT_PAINT"
pvg_tileset_atlas_building46_3_fa712a16,res://assets/tilesets/cyber_city_core_tilesets/CyberCity_Core_Tiles_2/CyberCity_Core_Tiles_2/Building46_3.png,Building46_3.png,TILESET_ATLAS,atlas_or_large_sheet,1738,3233,1721,3212,36.93,"[""A_PRIMARY_ATLAS"", ""C_LARGE_OBJECT_PAINT""]",True,"A_PRIMARY_ATLAS, C_LARGE_OBJECT_PAINT"
pvg_tileset_atlas_building46_4_30c32224,res://assets/tilesets/cyber_city_core_tilesets/CyberCity_Core_Tiles_2/CyberCity_Core_Tiles_2/Building46_4.png,Building46_4.png,TILESET_ATLAS,atlas_or_large_sheet,1694,3202,1676,3182,36.23,"[""A_PRIMARY_ATLAS"", ""C_LARGE_OBJECT_PAINT""]",True,"A_PRIMARY_ATLAS, C_LARGE_OBJECT_PAINT"
pvg_tileset_atlas_building46_5_b0fe21c0,res://assets/tilesets/cyber_city_core_tilesets/CyberCity_Core_Tiles_2/CyberCity_Core_Tiles_2/Building46_5.png,Building46_5.png,TILESET_ATLAS,atlas_or_large_sheet,2151,3445,2137,3430,46.3,"[""A_PRIMARY_ATLAS"", ""C_LARGE_OBJECT_PAINT""]",True,"A_PRIMARY_ATLAS, C_LARGE_OBJECT_PAINT"
pvg_tileset_atlas_building46_6_c6299f72,res://assets/tilesets/cyber_city_core_tilesets/CyberCity_Core_Tiles_2/CyberCity_Core_Tiles_2/Building46_6.png,Building46_6.png,TILESET_ATLAS,atlas_or_large_sheet,2087,3444,2075,3431,44.6,"[""A_PRIMARY_ATLAS"", ""C_LARGE_OBJECT_PAINT""]",True,"A_PRIMARY_ATLAS, C_LARGE_OBJECT_PAINT"
pvg_tileset_atlas_building46_7_88098b03,res://assets/tilesets/cyber_city_core_tilesets/CyberCity_Core_Tiles_2/CyberCity_Core_Tiles_2/Building46_7.png,Building46_7.png,TILESET_ATLAS,atlas_or_large_sheet,2089,3488,2075,3474,45.05,"[""A_PRIMARY_ATLAS"", ""C_LARGE_OBJECT_PAINT""]",True,"A_PRIMARY_ATLAS, C_LARGE_OBJECT_PAINT"
pvg_tileset_atlas_building46_8_78f57eb5,res://assets/tilesets/cyber_city_core_tilesets/CyberCity_Core_Tiles_2/CyberCity_Core_Tiles_2/Building46_8.png,Building46_8.png,TILESET_ATLAS,atlas_or_large_sheet,2087,3446,2075,3430,43.98,"[""A_PRIMARY_ATLAS"", ""C_LARGE_OBJECT_PAINT""]",True,"A_PRIMARY_ATLAS, C_LARGE_OBJECT_PAINT"
pvg_tileset_atlas_buildingkiosk10_1_0994338a,res://assets/tilesets/cyber_city_core_tilesets/CyberCity_Core_Tiles_2/CyberCity_Core_Tiles_2/BuildingKiosk10_1.png,BuildingKiosk10_1.png,TILESET_ATLAS,atlas_or_large_sheet,757,540,750,529,18.03,"[""A_PRIMARY_ATLAS"", ""C_LARGE_OBJECT_PAINT""]",True,"A_PRIMARY_ATLAS, C_LARGE_OBJECT_PAINT"
pvg_tileset_atlas_buildingkiosk10_2_58a56c68,res://assets/tilesets/cyber_city_core_tilesets/CyberCity_Core_Tiles_2/CyberCity_Core_Tiles_2/BuildingKiosk10_2.png,BuildingKiosk10_2.png,TILESET_ATLAS,atlas_or_large_sheet,431,730,420,721,13.78,"[""A_PRIMARY_ATLAS"", ""C_LARGE_OBJECT_PAINT""]",True,"A_PRIMARY_ATLAS, C_LARGE_OBJECT_PAINT"
pvg_tileset_atlas_buildingkiosk10_3_2ea2a658,res://assets/tilesets/cyber_city_core_tilesets/CyberCity_Core_Tiles_2/CyberCity_Core_Tiles_2/BuildingKiosk10_3.png,BuildingKiosk10_3.png,TILESET_ATLAS,atlas_or_large_sheet,723,559,711,548,15.29,"[""A_PRIMARY_ATLAS"", ""C_LARGE_OBJECT_PAINT""]",True,"A_PRIMARY_ATLAS, C_LARGE_OBJECT_PAINT"
pvg_tileset_atlas_buildingkiosk10_4_c003c6dc,res://assets/tilesets/cyber_city_core_tilesets/CyberCity_Core_Tiles_2/CyberCity_Core_Tiles_2/BuildingKiosk10_4.png,BuildingKiosk10_4.png,TILESET_ATLAS,atlas_or_large_sheet,449,732,438,723,18.13,"[""A_PRIMARY_ATLAS"", ""C_LARGE_OBJECT_PAINT""]",True,"A_PRIMARY_ATLAS, C_LARGE_OBJECT_PAINT"
pvg_tileset_atlas_buildingkiosk10_5_d44f21b6,res://assets/tilesets/cyber_city_core_tilesets/CyberCity_Core_Tiles_2/CyberCity_Core_Tiles_2/BuildingKiosk10_5.png,BuildingKiosk10_5.png,TILESET_ATLAS,atlas_or_large_sheet,737,734,727,729,41.3,"[""A_PRIMARY_ATLAS"", ""C_LARGE_OBJECT_PAINT""]",True,"A_PRIMARY_ATLAS, C_LARGE_OBJECT_PAINT"
pvg_tileset_atlas_buildingkiosk10_6_4ba3710f,res://assets/tilesets/cyber_city_core_tilesets/CyberCity_Core_Tiles_2/CyberCity_Core_Tiles_2/BuildingKiosk10_6.png,BuildingKiosk10_6.png,TILESET_ATLAS,atlas_or_large_sheet,753,738,745,729,42.73,"[""A_PRIMARY_ATLAS"", ""C_LARGE_OBJECT_PAINT""]",True,"A_PRIMARY_ATLAS, C_LARGE_OBJECT_PAINT"
pvg_tileset_atlas_buildingkiosk10_7_c4343fc5,res://assets/tilesets/cyber_city_core_tilesets/CyberCity_Core_Tiles_2/CyberCity_Core_Tiles_2/BuildingKiosk10_7.png,BuildingKiosk10_7.png,TILESET_ATLAS,atlas_or_large_sheet,736,742,727,739,39.8,"[""A_PRIMARY_ATLAS"", ""C_LARGE_OBJECT_PAINT""]",True,"A_PRIMARY_ATLAS, C_LARGE_OBJECT_PAINT"
pvg_tileset_atlas_buildingkiosk10_8_eba5c433,res://assets/tilesets/cyber_city_core_tilesets/CyberCity_Core_Tiles_2/CyberCity_Core_Tiles_2/BuildingKiosk10_8.png,BuildingKiosk10_8.png,TILESET_ATLAS,atlas_or_large_sheet,743,745,738,739,41.24,"[""A_PRIMARY_ATLAS"", ""C_LARGE_OBJECT_PAINT""]",True,"A_PRIMARY_ATLAS, C_LARGE_OBJECT_PAINT"
pvg_building_large_buildingkiosk1_1_7c3b5d2c,res://assets/tilesets/cyber_city_core_tilesets/CyberCity_Core_Tiles_2/CyberCity_Core_Tiles_2/BuildingKiosk1_1.png,BuildingKiosk1_1.png,BUILDING_LARGE,building_facade,490,333,485,328,17.72,"[""C_LARGE_OBJECT_PAINT""]",True,C_LARGE_OBJECT_PAINT
pvg_building_large_buildingkiosk1_2_0ee38049,res://assets/tilesets/cyber_city_core_tilesets/CyberCity_Core_Tiles_2/CyberCity_Core_Tiles_2/BuildingKiosk1_2.png,BuildingKiosk1_2.png,BUILDING_LARGE,building_facade,368,500,364,499,30.15,"[""C_LARGE_OBJECT_PAINT""]",True,C_LARGE_OBJECT_PAINT
pvg_building_large_buildingkiosk1_3_20f21adf,res://assets/tilesets/cyber_city_core_tilesets/CyberCity_Core_Tiles_2/CyberCity_Core_Tiles_2/BuildingKiosk1_3.png,BuildingKiosk1_3.png,BUILDING_LARGE,building_facade,480,433,477,430,31.18,"[""C_LARGE_OBJECT_PAINT""]",True,C_LARGE_OBJECT_PAINT
pvg_building_large_buildingkiosk1_4_c40acc72,res://assets/tilesets/cyber_city_core_tilesets/CyberCity_Core_Tiles_2/CyberCity_Core_Tiles_2/BuildingKiosk1_4.png,BuildingKiosk1_4.png,BUILDING_LARGE,building_facade,339,473,334,466,26.99,"[""C_LARGE_OBJECT_PAINT""]",True,C_LARGE_OBJECT_PAINT
pvg_building_large_buildingkiosk1_5_61bbfb21,res://assets/tilesets/cyber_city_core_tilesets/CyberCity_Core_Tiles_2/CyberCity_Core_Tiles_2/BuildingKiosk1_5.png,BuildingKiosk1_5.png,BUILDING_LARGE,building_facade,450,476,445,474,39.54,"[""C_LARGE_OBJECT_PAINT""]",True,C_LARGE_OBJECT_PAINT
pvg_building_large_buildingkiosk1_6_77b672c0,res://assets/tilesets/cyber_city_core_tilesets/CyberCity_Core_Tiles_2/CyberCity_Core_Tiles_2/BuildingKiosk1_6.png,BuildingKiosk1_6.png,BUILDING_LARGE,building_facade,494,439,490,435,40.41,"[""C_LARGE_OBJECT_PAINT""]",True,C_LARGE_OBJECT_PAINT
pvg_building_large_buildingkiosk1_7_02d0f19d,res://assets/tilesets/cyber_city_core_tilesets/CyberCity_Core_Tiles_2/CyberCity_Core_Tiles_2/BuildingKiosk1_7.png,BuildingKiosk1_7.png,BUILDING_LARGE,building_facade,480,447,477,442,33.21,"[""C_LARGE_OBJECT_PAINT""]",True,C_LARGE_OBJECT_PAINT
pvg_building_large_buildingkiosk1_8_216b4008,res://assets/tilesets/cyber_city_core_tilesets/CyberCity_Core_Tiles_2/CyberCity_Core_Tiles_2/BuildingKiosk1_8.png,BuildingKiosk1_8.png,BUILDING_LARGE,building_facade,440,483,434,481,36.73,"[""C_LARGE_OBJECT_PAINT""]",True,C_LARGE_OBJECT_PAINT
pvg_building_large_buildingkiosk2_1_998d237a,res://assets/tilesets/cyber_city_core_tilesets/CyberCity_Core_Tiles_2/CyberCity_Core_Tiles_2/BuildingKiosk2_1.png,BuildingKiosk2_1.png,BUILDING_LARGE,building_facade,305,287,303,282,26.61,"[""C_LARGE_OBJECT_PAINT""]",True,C_LARGE_OBJECT_PAINT
pvg_building_large_buildingkiosk2_2_81c597e3,res://assets/tilesets/cyber_city_core_tilesets/CyberCity_Core_Tiles_2/CyberCity_Core_Tiles_2/BuildingKiosk2_2.png,BuildingKiosk2_2.png,BUILDING_LARGE,building_facade,209,329,203,326,23.56,"[""C_LARGE_OBJECT_PAINT""]",True,C_LARGE_OBJECT_PAINT
pvg_building_large_buildingkiosk2_3_ec6f6e7e,res://assets/tilesets/cyber_city_core_tilesets/CyberCity_Core_Tiles_2/CyberCity_Core_Tiles_2/BuildingKiosk2_3.png,BuildingKiosk2_3.png,BUILDING_LARGE,building_facade,320,267,317,264,29.83,"[""C_LARGE_OBJECT_PAINT""]",True,C_LARGE_OBJECT_PAINT
pvg_building_large_buildingkiosk2_4_ac71fa41,res://assets/tilesets/cyber_city_core_tilesets/CyberCity_Core_Tiles_2/CyberCity_Core_Tiles_2/BuildingKiosk2_4.png,BuildingKiosk2_4.png,BUILDING_LARGE,building_facade,226,337,221,333,37.98,"[""C_LARGE_OBJECT_PAINT""]",True,C_LARGE_OBJECT_PAINT
pvg_building_large_buildingkiosk2_5_90418e57,res://assets/tilesets/cyber_city_core_tilesets/CyberCity_Core_Tiles_2/CyberCity_Core_Tiles_2/BuildingKiosk2_5.png,BuildingKiosk2_5.png,BUILDING_LARGE,building_facade,294,355,293,353,42.94,"[""C_LARGE_OBJECT_PAINT""]",True,C_LARGE_OBJECT_PAINT
pvg_building_large_buildingkiosk2_6_4dd74711,res://assets/tilesets/cyber_city_core_tilesets/CyberCity_Core_Tiles_2/CyberCity_Core_Tiles_2/BuildingKiosk2_6.png,BuildingKiosk2_6.png,BUILDING_LARGE,building_facade,316,319,315,317,40.63,"[""C_LARGE_OBJECT_PAINT""]",True,C_LARGE_OBJECT_PAINT
pvg_building_large_buildingkiosk2_7_88912a67,res://assets/tilesets/cyber_city_core_tilesets/CyberCity_Core_Tiles_2/CyberCity_Core_Tiles_2/BuildingKiosk2_7.png,BuildingKiosk2_7.png,BUILDING_LARGE,building_facade,272,331,268,328,35.61,"[""C_LARGE_OBJECT_PAINT""]",True,C_LARGE_OBJECT_PAINT
pvg_building_large_buildingkiosk2_8_0d336d7d,res://assets/tilesets/cyber_city_core_tilesets/CyberCity_Core_Tiles_2/CyberCity_Core_Tiles_2/BuildingKiosk2_8.png,BuildingKiosk2_8.png,BUILDING_LARGE,building_facade,287,309,280,307,37.44,"[""C_LARGE_OBJECT_PAINT""]",True,C_LARGE_OBJECT_PAINT
pvg_building_large_buildingkiosk3_1_e965ae53,res://assets/tilesets/cyber_city_core_tilesets/CyberCity_Core_Tiles_2/CyberCity_Core_Tiles_2/BuildingKiosk3_1.png,BuildingKiosk3_1.png,BUILDING_LARGE,building_facade,413,383,405,379,15.94,"[""C_LARGE_OBJECT_PAINT""]",True,C_LARGE_OBJECT_PAINT
pvg_building_large_buildingkiosk3_2_da8d8e33,res://assets/tilesets/cyber_city_core_tilesets/CyberCity_Core_Tiles_2/CyberCity_Core_Tiles_2/BuildingKiosk3_2.png,BuildingKiosk3_2.png,BUILDING_LARGE,building_facade,374,450,363,440,23.38,"[""C_LARGE_OBJECT_PAINT""]",True,C_LARGE_OBJECT_PAINT
pvg_building_large_buildingkiosk3_3_ecd2fd4a,res://assets/tilesets/cyber_city_core_tilesets/CyberCity_Core_Tiles_2/CyberCity_Core_Tiles_2/BuildingKiosk3_3.png,BuildingKiosk3_3.png,BUILDING_LARGE,building_facade,439,416,432,409,21.34,"[""C_LARGE_OBJECT_PAINT""]",True,C_LARGE_OBJECT_PAINT
pvg_building_large_buildingkiosk3_4_c78c7c80,res://assets/tilesets/cyber_city_core_tilesets/CyberCity_Core_Tiles_2/CyberCity_Core_Tiles_2/BuildingKiosk3_4.png,BuildingKiosk3_4.png,BUILDING_LARGE,building_facade,326,469,322,458,20.93,"[""C_LARGE_OBJECT_PAINT""]",True,C_LARGE_OBJECT_PAINT
pvg_building_large_buildingkiosk3_5_070bd670,res://assets/tilesets/cyber_city_core_tilesets/CyberCity_Core_Tiles_2/CyberCity_Core_Tiles_2/BuildingKiosk3_5.png,BuildingKiosk3_5.png,BUILDING_LARGE,building_facade,459,476,456,474,39.94,"[""C_LARGE_OBJECT_PAINT""]",True,C_LARGE_OBJECT_PAINT
pvg_building_large_buildingkiosk3_6_c64e7fae,res://assets/tilesets/cyber_city_core_tilesets/CyberCity_Core_Tiles_2/CyberCity_Core_Tiles_2/BuildingKiosk3_6.png,BuildingKiosk3_6.png,BUILDING_LARGE,building_facade,462,484,458,482,40.45,"[""C_LARGE_OBJECT_PAINT""]",True,C_LARGE_OBJECT_PAINT
pvg_building_large_buildingkiosk3_7_740ea58d,res://assets/tilesets/cyber_city_core_tilesets/CyberCity_Core_Tiles_2/CyberCity_Core_Tiles_2/BuildingKiosk3_7.png,BuildingKiosk3_7.png,BUILDING_LARGE,building_facade,464,480,459,476,36.8,"[""C_LARGE_OBJECT_PAINT""]",True,C_LARGE_OBJECT_PAINT
pvg_building_large_buildingkiosk3_8_79eb5fce,res://assets/tilesets/cyber_city_core_tilesets/CyberCity_Core_Tiles_2/CyberCity_Core_Tiles_2/BuildingKiosk3_8.png,BuildingKiosk3_8.png,BUILDING_LARGE,building_facade,470,482,466,480,36.38,"[""C_LARGE_OBJECT_PAINT""]",True,C_LARGE_OBJECT_PAINT
pvg_building_large_buildingkiosk4_1_a973c98c,res://assets/tilesets/cyber_city_core_tilesets/CyberCity_Core_Tiles_2/CyberCity_Core_Tiles_2/BuildingKiosk4_1.png,BuildingKiosk4_1.png,BUILDING_LARGE,building_facade,434,354,427,348,19.43,"[""C_LARGE_OBJECT_PAINT""]",True,C_LARGE_OBJECT_PAINT
pvg_building_large_buildingkiosk4_2_af04d399,res://assets/tilesets/cyber_city_core_tilesets/CyberCity_Core_Tiles_2/CyberCity_Core_Tiles_2/BuildingKiosk4_2.png,BuildingKiosk4_2.png,BUILDING_LARGE,building_facade,366,442,364,435,26.29,"[""C_LARGE_OBJECT_PAINT""]",True,C_LARGE_OBJECT_PAINT
pvg_building_large_buildingkiosk4_3_11528716,res://assets/tilesets/cyber_city_core_tilesets/CyberCity_Core_Tiles_2/CyberCity_Core_Tiles_2/BuildingKiosk4_3.png,BuildingKiosk4_3.png,BUILDING_LARGE,building_facade,399,410,394,408,23.66,"[""C_LARGE_OBJECT_PAINT""]",True,C_LARGE_OBJECT_PAINT
pvg_building_large_buildingkiosk4_4_4de93d66,res://assets/tilesets/cyber_city_core_tilesets/CyberCity_Core_Tiles_2/CyberCity_Core_Tiles_2/BuildingKiosk4_4.png,BuildingKiosk4_4.png,BUILDING_LARGE,building_facade,349,419,344,412,22.8,"[""C_LARGE_OBJECT_PAINT""]",True,C_LARGE_OBJECT_PAINT
pvg_building_large_buildingkiosk4_5_9b74464c,res://assets/tilesets/cyber_city_core_tilesets/CyberCity_Core_Tiles_2/CyberCity_Core_Tiles_2/BuildingKiosk4_5.png,BuildingKiosk4_5.png,BUILDING_LARGE,building_facade,452,471,448,465,41.53,"[""C_LARGE_OBJECT_PAINT""]",True,C_LARGE_OBJECT_PAINT
pvg_building_large_buildingkiosk4_6_8c879a05,res://assets/tilesets/cyber_city_core_tilesets/CyberCity_Core_Tiles_2/CyberCity_Core_Tiles_2/BuildingKiosk4_6.png,BuildingKiosk4_6.png,BUILDING_LARGE,building_facade,473,441,468,440,41.21,"[""C_LARGE_OBJECT_PAINT""]",True,C_LARGE_OBJECT_PAINT
pvg_building_large_buildingkiosk4_7_d8aeb0e4,res://assets/tilesets/cyber_city_core_tilesets/CyberCity_Core_Tiles_2/CyberCity_Core_Tiles_2/BuildingKiosk4_7.png,BuildingKiosk4_7.png,BUILDING_LARGE,building_facade,450,463,448,460,39.1,"[""C_LARGE_OBJECT_PAINT""]",True,C_LARGE_OBJECT_PAINT
pvg_building_large_buildingkiosk4_8_66d070e6,res://assets/tilesets/cyber_city_core_tilesets/CyberCity_Core_Tiles_2/CyberCity_Core_Tiles_2/BuildingKiosk4_8.png,BuildingKiosk4_8.png,BUILDING_LARGE,building_facade,452,444,448,442,38.19,"[""C_LARGE_OBJECT_PAINT""]",True,C_LARGE_OBJECT_PAINT
pvg_building_large_buildingkiosk5_1_e3866061,res://assets/tilesets/cyber_city_core_tilesets/CyberCity_Core_Tiles_2/CyberCity_Core_Tiles_2/BuildingKiosk5_1.png,BuildingKiosk5_1.png,BUILDING_LARGE,building_facade,423,336,421,331,17.06,"[""C_LARGE_OBJECT_PAINT""]",True,C_LARGE_OBJECT_PAINT
pvg_building_large_buildingkiosk5_2_e9e59649,res://assets/tilesets/cyber_city_core_tilesets/CyberCity_Core_Tiles_2/CyberCity_Core_Tiles_2/BuildingKiosk5_2.png,BuildingKiosk5_2.png,BUILDING_LARGE,building_facade,401,440,399,435,32.93,"[""C_LARGE_OBJECT_PAINT""]",True,C_LARGE_OBJECT_PAINT
pvg_building_large_buildingkiosk5_3_86870b11,res://assets/tilesets/cyber_city_core_tilesets/CyberCity_Core_Tiles_2/CyberCity_Core_Tiles_2/BuildingKiosk5_3.png,BuildingKiosk5_3.png,BUILDING_LARGE,building_facade,436,413,432,410,30.48,"[""C_LARGE_OBJECT_PAINT""]",True,C_LARGE_OBJECT_PAINT
pvg_building_large_buildingkiosk5_4_36c0eb37,res://assets/tilesets/cyber_city_core_tilesets/CyberCity_Core_Tiles_2/CyberCity_Core_Tiles_2/BuildingKiosk5_4.png,BuildingKiosk5_4.png,BUILDING_LARGE,building_facade,357,423,356,419,25.31,"[""C_LARGE_OBJECT_PAINT""]",True,C_LARGE_OBJECT_PAINT
pvg_building_large_buildingkiosk5_5_f761acbb,res://assets/tilesets/cyber_city_core_tilesets/CyberCity_Core_Tiles_2/CyberCity_Core_Tiles_2/BuildingKiosk5_5.png,BuildingKiosk5_5.png,BUILDING_LARGE,building_facade,492,404,489,403,39.55,"[""C_LARGE_OBJECT_PAINT""]",True,C_LARGE_OBJECT_PAINT
pvg_building_large_buildingkiosk5_6_432c4b90,res://assets/tilesets/cyber_city_core_tilesets/CyberCity_Core_Tiles_2/CyberCity_Core_Tiles_2/BuildingKiosk5_6.png,BuildingKiosk5_6.png,BUILDING_LARGE,building_facade,404,458,404,456,40.53,"[""C_LARGE_OBJECT_PAINT""]",True,C_LARGE_OBJECT_PAINT
pvg_building_large_buildingkiosk5_7_896a7b0a,res://assets/tilesets/cyber_city_core_tilesets/CyberCity_Core_Tiles_2/CyberCity_Core_Tiles_2/BuildingKiosk5_7.png,BuildingKiosk5_7.png,BUILDING_LARGE,building_facade,406,475,404,471,35.49,"[""C_LARGE_OBJECT_PAINT""]",True,C_LARGE_OBJECT_PAINT
pvg_building_large_buildingkiosk5_8_105639a3,res://assets/tilesets/cyber_city_core_tilesets/CyberCity_Core_Tiles_2/CyberCity_Core_Tiles_2/BuildingKiosk5_8.png,BuildingKiosk5_8.png,BUILDING_LARGE,building_facade,484,399,483,398,31.99,"[""C_LARGE_OBJECT_PAINT""]",True,C_LARGE_OBJECT_PAINT
pvg_building_large_buildingkiosk6_1_df7da363,res://assets/tilesets/cyber_city_core_tilesets/CyberCity_Core_Tiles_2/CyberCity_Core_Tiles_2/BuildingKiosk6_1.png,BuildingKiosk6_1.png,BUILDING_LARGE,building_facade,372,283,368,277,29.8,"[""C_LARGE_OBJECT_PAINT""]",True,C_LARGE_OBJECT_PAINT
pvg_building_large_buildingkiosk6_2_44cb7ae5,res://assets/tilesets/cyber_city_core_tilesets/CyberCity_Core_Tiles_2/CyberCity_Core_Tiles_2/BuildingKiosk6_2.png,BuildingKiosk6_2.png,BUILDING_LARGE,building_facade,262,379,259,373,32.1,"[""C_LARGE_OBJECT_PAINT""]",True,C_LARGE_OBJECT_PAINT
pvg_building_large_buildingkiosk6_3_e86beabd,res://assets/tilesets/cyber_city_core_tilesets/CyberCity_Core_Tiles_2/CyberCity_Core_Tiles_2/BuildingKiosk6_3.png,BuildingKiosk6_3.png,BUILDING_LARGE,building_facade,335,363,328,362,38.71,"[""C_LARGE_OBJECT_PAINT""]",True,C_LARGE_OBJECT_PAINT
pvg_building_large_buildingkiosk6_4_d1ed52ed,res://assets/tilesets/cyber_city_core_tilesets/CyberCity_Core_Tiles_2/CyberCity_Core_Tiles_2/BuildingKiosk6_4.png,BuildingKiosk6_4.png,BUILDING_LARGE,building_facade,222,369,217,368,28.67,"[""C_LARGE_OBJECT_PAINT""]",True,C_LARGE_OBJECT_PAINT
pvg_building_large_buildingkiosk6_5_b9b4ec2f,res://assets/tilesets/cyber_city_core_tilesets/CyberCity_Core_Tiles_2/CyberCity_Core_Tiles_2/BuildingKiosk6_5.png,BuildingKiosk6_5.png,BUILDING_LARGE,building_facade,386,346,382,344,43.53,"[""C_LARGE_OBJECT_PAINT""]",True,C_LARGE_OBJECT_PAINT
pvg_building_large_buildingkiosk6_6_d59aae8b,res://assets/tilesets/cyber_city_core_tilesets/CyberCity_Core_Tiles_2/CyberCity_Core_Tiles_2/BuildingKiosk6_6.png,BuildingKiosk6_6.png,BUILDING_LARGE,building_facade,310,346,307,344,38.26,"[""C_LARGE_OBJECT_PAINT""]",True,C_LARGE_OBJECT_PAINT
pvg_building_large_buildingkiosk6_7_b0c98188,res://assets/tilesets/cyber_city_core_tilesets/CyberCity_Core_Tiles_2/CyberCity_Core_Tiles_2/BuildingKiosk6_7.png,BuildingKiosk6_7.png,BUILDING_LARGE,building_facade,309,398,305,390,39.4,"[""C_LARGE_OBJECT_PAINT""]",True,C_LARGE_OBJECT_PAINT
pvg_building_large_buildingkiosk6_8_b7489844,res://assets/tilesets/cyber_city_core_tilesets/CyberCity_Core_Tiles_2/CyberCity_Core_Tiles_2/BuildingKiosk6_8.png,BuildingKiosk6_8.png,BUILDING_LARGE,building_facade,354,400,346,396,46.99,"[""C_LARGE_OBJECT_PAINT""]",True,C_LARGE_OBJECT_PAINT
pvg_building_large_buildingkiosk7_1_9a7ae1b4,res://assets/tilesets/cyber_city_core_tilesets/CyberCity_Core_Tiles_2/CyberCity_Core_Tiles_2/BuildingKiosk7_1.png,BuildingKiosk7_1.png,BUILDING_LARGE,building_facade,390,268,389,262,27.28,"[""C_LARGE_OBJECT_PAINT""]",True,C_LARGE_OBJECT_PAINT
pvg_building_large_buildingkiosk7_2_c94a06fc,res://assets/tilesets/cyber_city_core_tilesets/CyberCity_Core_Tiles_2/CyberCity_Core_Tiles_2/BuildingKiosk7_2.png,BuildingKiosk7_2.png,BUILDING_LARGE,building_facade,247,376,242,374,28.96,"[""C_LARGE_OBJECT_PAINT""]",True,C_LARGE_OBJECT_PAINT
pvg_building_large_buildingkiosk7_3_1e32e699,res://assets/tilesets/cyber_city_core_tilesets/CyberCity_Core_Tiles_2/CyberCity_Core_Tiles_2/BuildingKiosk7_3.png,BuildingKiosk7_3.png,BUILDING_LARGE,building_facade,384,290,378,287,26.0,"[""C_LARGE_OBJECT_PAINT""]",True,C_LARGE_OBJECT_PAINT
pvg_building_large_buildingkiosk7_4_ea262b50,res://assets/tilesets/cyber_city_core_tilesets/CyberCity_Core_Tiles_2/CyberCity_Core_Tiles_2/BuildingKiosk7_4.png,BuildingKiosk7_4.png,BUILDING_LARGE,building_facade,220,357,212,356,19.81,"[""C_LARGE_OBJECT_PAINT""]",True,C_LARGE_OBJECT_PAINT
pvg_building_large_buildingkiosk7_5_67b3a162,res://assets/tilesets/cyber_city_core_tilesets/CyberCity_Core_Tiles_2/CyberCity_Core_Tiles_2/BuildingKiosk7_5.png,BuildingKiosk7_5.png,BUILDING_LARGE,building_facade,358,335,355,333,40.0,"[""C_LARGE_OBJECT_PAINT""]",True,C_LARGE_OBJECT_PAINT
pvg_building_large_buildingkiosk7_6_31b8f57d,res://assets/tilesets/cyber_city_core_tilesets/CyberCity_Core_Tiles_2/CyberCity_Core_Tiles_2/BuildingKiosk7_6.png,BuildingKiosk7_6.png,BUILDING_LARGE,building_facade,342,336,340,332,37.93,"[""C_LARGE_OBJECT_PAINT""]",True,C_LARGE_OBJECT_PAINT
pvg_building_large_buildingkiosk7_7_60e119d8,res://assets/tilesets/cyber_city_core_tilesets/CyberCity_Core_Tiles_2/CyberCity_Core_Tiles_2/BuildingKiosk7_7.png,BuildingKiosk7_7.png,BUILDING_LARGE,building_facade,353,366,348,364,40.94,"[""C_LARGE_OBJECT_PAINT""]",True,C_LARGE_OBJECT_PAINT
pvg_building_large_buildingkiosk7_8_8bc881f4,res://assets/tilesets/cyber_city_core_tilesets/CyberCity_Core_Tiles_2/CyberCity_Core_Tiles_2/BuildingKiosk7_8.png,BuildingKiosk7_8.png,BUILDING_LARGE,building_facade,330,355,328,354,37.15,"[""C_LARGE_OBJECT_PAINT""]",True,C_LARGE_OBJECT_PAINT
pvg_building_large_buildingkiosk8_1_c1f7ab2c,res://assets/tilesets/cyber_city_core_tilesets/CyberCity_Core_Tiles_2/CyberCity_Core_Tiles_2/BuildingKiosk8_1.png,BuildingKiosk8_1.png,BUILDING_LARGE,building_facade,470,341,468,339,37.02,"[""C_LARGE_OBJECT_PAINT""]",True,C_LARGE_OBJECT_PAINT
pvg_building_large_buildingkiosk8_2_2f07381a,res://assets/tilesets/cyber_city_core_tilesets/CyberCity_Core_Tiles_2/CyberCity_Core_Tiles_2/BuildingKiosk8_2.png,BuildingKiosk8_2.png,BUILDING_LARGE,building_facade,367,444,362,443,39.89,"[""C_LARGE_OBJECT_PAINT""]",True,C_LARGE_OBJECT_PAINT
pvg_building_large_buildingkiosk8_3_7c046471,res://assets/tilesets/cyber_city_core_tilesets/CyberCity_Core_Tiles_2/CyberCity_Core_Tiles_2/BuildingKiosk8_3.png,BuildingKiosk8_3.png,BUILDING_LARGE,building_facade,437,380,433,375,32.63,"[""C_LARGE_OBJECT_PAINT""]",True,C_LARGE_OBJECT_PAINT
pvg_building_large_buildingkiosk8_4_a4530631,res://assets/tilesets/cyber_city_core_tilesets/CyberCity_Core_Tiles_2/CyberCity_Core_Tiles_2/BuildingKiosk8_4.png,BuildingKiosk8_4.png,BUILDING_LARGE,building_facade,338,433,332,428,31.2,"[""C_LARGE_OBJECT_PAINT""]",True,C_LARGE_OBJECT_PAINT
pvg_building_large_buildingkiosk8_5_281f32af,res://assets/tilesets/cyber_city_core_tilesets/CyberCity_Core_Tiles_2/CyberCity_Core_Tiles_2/BuildingKiosk8_5.png,BuildingKiosk8_5.png,BUILDING_LARGE,building_facade,448,400,443,397,41.17,"[""C_LARGE_OBJECT_PAINT""]",True,C_LARGE_OBJECT_PAINT
pvg_building_large_buildingkiosk8_6_ea9b1f61,res://assets/tilesets/cyber_city_core_tilesets/CyberCity_Core_Tiles_2/CyberCity_Core_Tiles_2/BuildingKiosk8_6.png,BuildingKiosk8_6.png,BUILDING_LARGE,building_facade,407,438,405,437,43.83,"[""C_LARGE_OBJECT_PAINT""]",True,C_LARGE_OBJECT_PAINT
pvg_building_large_buildingkiosk8_7_c1e0ee1a,res://assets/tilesets/cyber_city_core_tilesets/CyberCity_Core_Tiles_2/CyberCity_Core_Tiles_2/BuildingKiosk8_7.png,BuildingKiosk8_7.png,BUILDING_LARGE,building_facade,401,421,395,415,41.67,"[""C_LARGE_OBJECT_PAINT""]",True,C_LARGE_OBJECT_PAINT
pvg_building_large_buildingkiosk8_8_453537da,res://assets/tilesets/cyber_city_core_tilesets/CyberCity_Core_Tiles_2/CyberCity_Core_Tiles_2/BuildingKiosk8_8.png,BuildingKiosk8_8.png,BUILDING_LARGE,building_facade,447,373,442,371,31.68,"[""C_LARGE_OBJECT_PAINT""]",True,C_LARGE_OBJECT_PAINT
pvg_building_large_buildingkiosk9_1_517828b4,res://assets/tilesets/cyber_city_core_tilesets/CyberCity_Core_Tiles_2/CyberCity_Core_Tiles_2/BuildingKiosk9_1.png,BuildingKiosk9_1.png,BUILDING_LARGE,building_facade,479,419,469,413,23.09,"[""C_LARGE_OBJECT_PAINT""]",True,C_LARGE_OBJECT_PAINT
pvg_building_large_buildingkiosk9_2_999877c5,res://assets/tilesets/cyber_city_core_tilesets/CyberCity_Core_Tiles_2/CyberCity_Core_Tiles_2/BuildingKiosk9_2.png,BuildingKiosk9_2.png,BUILDING_LARGE,building_facade,417,463,408,457,22.3,"[""C_LARGE_OBJECT_PAINT""]",True,C_LARGE_OBJECT_PAINT
pvg_building_large_buildingkiosk9_3_722c6fbb,res://assets/tilesets/cyber_city_core_tilesets/CyberCity_Core_Tiles_2/CyberCity_Core_Tiles_2/BuildingKiosk9_3.png,BuildingKiosk9_3.png,BUILDING_LARGE,building_facade,477,418,466,411,20.35,"[""C_LARGE_OBJECT_PAINT""]",True,C_LARGE_OBJECT_PAINT
pvg_building_large_buildingkiosk9_4_b0032a9d,res://assets/tilesets/cyber_city_core_tilesets/CyberCity_Core_Tiles_2/CyberCity_Core_Tiles_2/BuildingKiosk9_4.png,BuildingKiosk9_4.png,BUILDING_LARGE,building_facade,387,470,382,458,15.85,"[""C_LARGE_OBJECT_PAINT""]",True,C_LARGE_OBJECT_PAINT
pvg_tileset_atlas_buildingkiosk9_5_0d416d43,res://assets/tilesets/cyber_city_core_tilesets/CyberCity_Core_Tiles_2/CyberCity_Core_Tiles_2/BuildingKiosk9_5.png,BuildingKiosk9_5.png,TILESET_ATLAS,atlas_or_large_sheet,548,519,545,513,44.84,"[""A_PRIMARY_ATLAS"", ""C_LARGE_OBJECT_PAINT""]",True,"A_PRIMARY_ATLAS, C_LARGE_OBJECT_PAINT"
pvg_tileset_atlas_buildingkiosk9_6_475149a6,res://assets/tilesets/cyber_city_core_tilesets/CyberCity_Core_Tiles_2/CyberCity_Core_Tiles_2/BuildingKiosk9_6.png,BuildingKiosk9_6.png,TILESET_ATLAS,atlas_or_large_sheet,515,488,510,482,36.87,"[""A_PRIMARY_ATLAS"", ""C_LARGE_OBJECT_PAINT""]",True,"A_PRIMARY_ATLAS, C_LARGE_OBJECT_PAINT"
pvg_tileset_atlas_buildingkiosk9_7_58e88ed3,res://assets/tilesets/cyber_city_core_tilesets/CyberCity_Core_Tiles_2/CyberCity_Core_Tiles_2/BuildingKiosk9_7.png,BuildingKiosk9_7.png,TILESET_ATLAS,atlas_or_large_sheet,517,490,510,484,37.59,"[""A_PRIMARY_ATLAS"", ""C_LARGE_OBJECT_PAINT""]",True,"A_PRIMARY_ATLAS, C_LARGE_OBJECT_PAINT"
pvg_tileset_atlas_buildingkiosk9_8_0d35e3f2,res://assets/tilesets/cyber_city_core_tilesets/CyberCity_Core_Tiles_2/CyberCity_Core_Tiles_2/BuildingKiosk9_8.png,BuildingKiosk9_8.png,TILESET_ATLAS,atlas_or_large_sheet,516,505,512,500,37.0,"[""A_PRIMARY_ATLAS"", ""C_LARGE_OBJECT_PAINT""]",True,"A_PRIMARY_ATLAS, C_LARGE_OBJECT_PAINT"
pvg_building_large_buildinglargesign10_1_3e5189c7,res://assets/tilesets/cyber_city_core_tilesets/CyberCity_Core_Tiles_2/CyberCity_Core_Tiles_2/BuildingLargeSign10_1.png,BuildingLargeSign10_1.png,BUILDING_LARGE,building_facade,360,152,353,143,8.3,"[""C_LARGE_OBJECT_PAINT""]",True,C_LARGE_OBJECT_PAINT
pvg_building_large_buildinglargesign10_2_6cad5df1,res://assets/tilesets/cyber_city_core_tilesets/CyberCity_Core_Tiles_2/CyberCity_Core_Tiles_2/BuildingLargeSign10_2.png,BuildingLargeSign10_2.png,BUILDING_LARGE,building_facade,259,318,250,316,56.84,"[""C_LARGE_OBJECT_PAINT""]",True,C_LARGE_OBJECT_PAINT
pvg_building_large_buildinglargesign10_3_98fe804f,res://assets/tilesets/cyber_city_core_tilesets/CyberCity_Core_Tiles_2/CyberCity_Core_Tiles_2/BuildingLargeSign10_3.png,BuildingLargeSign10_3.png,BUILDING_LARGE,building_facade,261,317,250,316,56.98,"[""C_LARGE_OBJECT_PAINT""]",True,C_LARGE_OBJECT_PAINT
pvg_building_large_buildinglargesign11_1_a2289103,res://assets/tilesets/cyber_city_core_tilesets/CyberCity_Core_Tiles_2/CyberCity_Core_Tiles_2/BuildingLargeSign11_1.png,BuildingLargeSign11_1.png,BUILDING_LARGE,building_facade,360,152,353,143,8.3,"[""C_LARGE_OBJECT_PAINT""]",True,C_LARGE_OBJECT_PAINT
pvg_building_large_buildinglargesign11_2_0dcb3ad2,res://assets/tilesets/cyber_city_core_tilesets/CyberCity_Core_Tiles_2/CyberCity_Core_Tiles_2/BuildingLargeSign11_2.png,BuildingLargeSign11_2.png,BUILDING_LARGE,building_facade,259,318,250,316,56.84,"[""C_LARGE_OBJECT_PAINT""]",True,C_LARGE_OBJECT_PAINT
pvg_building_large_buildinglargesign11_3_0fb55889,res://assets/tilesets/cyber_city_core_tilesets/CyberCity_Core_Tiles_2/CyberCity_Core_Tiles_2/BuildingLargeSign11_3.png,BuildingLargeSign11_3.png,BUILDING_LARGE,building_facade,261,317,250,316,56.98,"[""C_LARGE_OBJECT_PAINT""]",True,C_LARGE_OBJECT_PAINT
pvg_building_large_buildinglargesign12_1_2a01ef1d,res://assets/tilesets/cyber_city_core_tilesets/CyberCity_Core_Tiles_2/CyberCity_Core_Tiles_2/BuildingLargeSign12_1.png,BuildingLargeSign12_1.png,BUILDING_LARGE,building_facade,360,152,353,143,8.3,"[""C_LARGE_OBJECT_PAINT""]",True,C_LARGE_OBJECT_PAINT
pvg_building_large_buildinglargesign12_2_1806b4b9,res://assets/tilesets/cyber_city_core_tilesets/CyberCity_Core_Tiles_2/CyberCity_Core_Tiles_2/BuildingLargeSign12_2.png,BuildingLargeSign12_2.png,BUILDING_LARGE,building_facade,259,318,250,316,56.84,"[""C_LARGE_OBJECT_PAINT""]",True,C_LARGE_OBJECT_PAINT
pvg_building_large_buildinglargesign12_3_0b7592b6,res://assets/tilesets/cyber_city_core_tilesets/CyberCity_Core_Tiles_2/CyberCity_Core_Tiles_2/BuildingLargeSign12_3.png,BuildingLargeSign12_3.png,BUILDING_LARGE,building_facade,261,317,250,316,56.98,"[""C_LARGE_OBJECT_PAINT""]",True,C_LARGE_OBJECT_PAINT
pvg_building_large_buildinglargesign13_1_b7dd6dd6,res://assets/tilesets/cyber_city_core_tilesets/CyberCity_Core_Tiles_2/CyberCity_Core_Tiles_2/BuildingLargeSign13_1.png,BuildingLargeSign13_1.png,BUILDING_LARGE,building_facade,360,152,353,143,8.61,"[""C_LARGE_OBJECT_PAINT""]",True,C_LARGE_OBJECT_PAINT
pvg_building_large_buildinglargesign13_2_5415a11a,res://assets/tilesets/cyber_city_core_tilesets/CyberCity_Core_Tiles_2/CyberCity_Core_Tiles_2/BuildingLargeSign13_2.png,BuildingLargeSign13_2.png,BUILDING_LARGE,building_facade,256,318,250,317,56.2,"[""C_LARGE_OBJECT_PAINT""]",True,C_LARGE_OBJECT_PAINT
pvg_building_large_buildinglargesign13_3_0197b2ab,res://assets/tilesets/cyber_city_core_tilesets/CyberCity_Core_Tiles_2/CyberCity_Core_Tiles_2/BuildingLargeSign13_3.png,BuildingLargeSign13_3.png,BUILDING_LARGE,building_facade,258,317,250,316,56.41,"[""C_LARGE_OBJECT_PAINT""]",True,C_LARGE_OBJECT_PAINT
pvg_building_large_buildinglargesign14_1_bbf6673e,res://assets/tilesets/cyber_city_core_tilesets/CyberCity_Core_Tiles_2/CyberCity_Core_Tiles_2/BuildingLargeSign14_1.png,BuildingLargeSign14_1.png,BUILDING_LARGE,building_facade,360,152,353,143,8.08,"[""C_LARGE_OBJECT_PAINT""]",True,C_LARGE_OBJECT_PAINT
pvg_building_large_buildinglargesign14_2_9467e154,res://assets/tilesets/cyber_city_core_tilesets/CyberCity_Core_Tiles_2/CyberCity_Core_Tiles_2/BuildingLargeSign14_2.png,BuildingLargeSign14_2.png,BUILDING_LARGE,building_facade,259,318,251,317,56.44,"[""C_LARGE_OBJECT_PAINT""]",True,C_LARGE_OBJECT_PAINT
pvg_building_large_buildinglargesign14_3_a3513320,res://assets/tilesets/cyber_city_core_tilesets/CyberCity_Core_Tiles_2/CyberCity_Core_Tiles_2/BuildingLargeSign14_3.png,BuildingLargeSign14_3.png,BUILDING_LARGE,building_facade,262,317,250,317,56.91,"[""C_LARGE_OBJECT_PAINT""]",True,C_LARGE_OBJECT_PAINT
pvg_building_large_buildinglargesign15_1_b433b65f,res://assets/tilesets/cyber_city_core_tilesets/CyberCity_Core_Tiles_2/CyberCity_Core_Tiles_2/BuildingLargeSign15_1.png,BuildingLargeSign15_1.png,BUILDING_LARGE,building_facade,360,152,353,142,8.57,"[""C_LARGE_OBJECT_PAINT""]",True,C_LARGE_OBJECT_PAINT
pvg_building_large_buildinglargesign15_2_a9d313bf,res://assets/tilesets/cyber_city_core_tilesets/CyberCity_Core_Tiles_2/CyberCity_Core_Tiles_2/BuildingLargeSign15_2.png,BuildingLargeSign15_2.png,BUILDING_LARGE,building_facade,256,317,250,317,56.1,"[""C_LARGE_OBJECT_PAINT""]",True,C_LARGE_OBJECT_PAINT
pvg_building_large_buildinglargesign15_3_8f792fb3,res://assets/tilesets/cyber_city_core_tilesets/CyberCity_Core_Tiles_2/CyberCity_Core_Tiles_2/BuildingLargeSign15_3.png,BuildingLargeSign15_3.png,BUILDING_LARGE,building_facade,259,317,250,317,56.63,"[""C_LARGE_OBJECT_PAINT""]",True,C_LARGE_OBJECT_PAINT
pvg_building_large_buildinglargesign16_1_3f52b741,res://assets/tilesets/cyber_city_core_tilesets/CyberCity_Core_Tiles_2/CyberCity_Core_Tiles_2/BuildingLargeSign16_1.png,BuildingLargeSign16_1.png,BUILDING_LARGE,building_facade,360,152,353,142,8.57,"[""C_LARGE_OBJECT_PAINT""]",True,C_LARGE_OBJECT_PAINT
pvg_building_large_buildinglargesign16_2_700d8dec,res://assets/tilesets/cyber_city_core_tilesets/CyberCity_Core_Tiles_2/CyberCity_Core_Tiles_2/BuildingLargeSign16_2.png,BuildingLargeSign16_2.png,BUILDING_LARGE,building_facade,256,317,250,317,56.1,"[""C_LARGE_OBJECT_PAINT""]",True,C_LARGE_OBJECT_PAINT
pvg_building_large_buildinglargesign16_3_46d48d1c,res://assets/tilesets/cyber_city_core_tilesets/CyberCity_Core_Tiles_2/CyberCity_Core_Tiles_2/BuildingLargeSign16_3.png,BuildingLargeSign16_3.png,BUILDING_LARGE,building_facade,259,317,250,317,56.63,"[""C_LARGE_OBJECT_PAINT""]",True,C_LARGE_OBJECT_PAINT
pvg_building_large_buildinglargesign17_1_62072a64,res://assets/tilesets/cyber_city_core_tilesets/CyberCity_Core_Tiles_2/CyberCity_Core_Tiles_2/BuildingLargeSign17_1.png,BuildingLargeSign17_1.png,BUILDING_LARGE,building_facade,360,152,353,142,8.57,"[""C_LARGE_OBJECT_PAINT""]",True,C_LARGE_OBJECT_PAINT
pvg_building_large_buildinglargesign17_2_160c92bf,res://assets/tilesets/cyber_city_core_tilesets/CyberCity_Core_Tiles_2/CyberCity_Core_Tiles_2/BuildingLargeSign17_2.png,BuildingLargeSign17_2.png,BUILDING_LARGE,building_facade,256,317,250,317,56.1,"[""C_LARGE_OBJECT_PAINT""]",True,C_LARGE_OBJECT_PAINT
pvg_building_large_buildinglargesign17_3_8cf6bff7,res://assets/tilesets/cyber_city_core_tilesets/CyberCity_Core_Tiles_2/CyberCity_Core_Tiles_2/BuildingLargeSign17_3.png,BuildingLargeSign17_3.png,BUILDING_LARGE,building_facade,259,317,250,317,56.63,"[""C_LARGE_OBJECT_PAINT""]",True,C_LARGE_OBJECT_PAINT
pvg_building_large_buildinglargesign18_1_50e3c386,res://assets/tilesets/cyber_city_core_tilesets/CyberCity_Core_Tiles_2/CyberCity_Core_Tiles_2/BuildingLargeSign18_1.png,BuildingLargeSign18_1.png,BUILDING_LARGE,building_facade,360,152,353,142,8.57,"[""C_LARGE_OBJECT_PAINT""]",True,C_LARGE_OBJECT_PAINT
pvg_building_large_buildinglargesign18_2_92c18b54,res://assets/tilesets/cyber_city_core_tilesets/CyberCity_Core_Tiles_2/CyberCity_Core_Tiles_2/BuildingLargeSign18_2.png,BuildingLargeSign18_2.png,BUILDING_LARGE,building_facade,256,317,250,317,56.1,"[""C_LARGE_OBJECT_PAINT""]",True,C_LARGE_OBJECT_PAINT
pvg_building_large_buildinglargesign18_3_10a307a3,res://assets/tilesets/cyber_city_core_tilesets/CyberCity_Core_Tiles_2/CyberCity_Core_Tiles_2/BuildingLargeSign18_3.png,BuildingLargeSign18_3.png,BUILDING_LARGE,building_facade,259,317,250,317,56.63,"[""C_LARGE_OBJECT_PAINT""]",True,C_LARGE_OBJECT_PAINT
pvg_building_large_buildinglargesign19_1_4e50287a,res://assets/tilesets/cyber_city_core_tilesets/CyberCity_Core_Tiles_2/CyberCity_Core_Tiles_2/BuildingLargeSign19_1.png,BuildingLargeSign19_1.png,BUILDING_LARGE,building_facade,360,152,353,142,8.57,"[""C_LARGE_OBJECT_PAINT""]",True,C_LARGE_OBJECT_PAINT
pvg_building_large_buildinglargesign19_2_a0b47774,res://assets/tilesets/cyber_city_core_tilesets/CyberCity_Core_Tiles_2/CyberCity_Core_Tiles_2/BuildingLargeSign19_2.png,BuildingLargeSign19_2.png,BUILDING_LARGE,building_facade,256,317,250,317,56.1,"[""C_LARGE_OBJECT_PAINT""]",True,C_LARGE_OBJECT_PAINT
pvg_building_large_buildinglargesign19_3_75b822a5,res://assets/tilesets/cyber_city_core_tilesets/CyberCity_Core_Tiles_2/CyberCity_Core_Tiles_2/BuildingLargeSign19_3.png,BuildingLargeSign19_3.png,BUILDING_LARGE,building_facade,259,317,250,317,56.63,"[""C_LARGE_OBJECT_PAINT""]",True,C_LARGE_OBJECT_PAINT
pvg_building_large_buildinglargesign1_1_249c15a5,res://assets/tilesets/cyber_city_core_tilesets/CyberCity_Core_Tiles_2/CyberCity_Core_Tiles_2/BuildingLargeSign1_1.png,BuildingLargeSign1_1.png,BUILDING_LARGE,building_facade,360,152,353,143,8.08,"[""C_LARGE_OBJECT_PAINT""]",True,C_LARGE_OBJECT_PAINT
pvg_building_large_buildinglargesign1_2_0d94013b,res://assets/tilesets/cyber_city_core_tilesets/CyberCity_Core_Tiles_2/CyberCity_Core_Tiles_2/BuildingLargeSign1_2.png,BuildingLargeSign1_2.png,BUILDING_LARGE,building_facade,259,318,250,317,56.51,"[""C_LARGE_OBJECT_PAINT""]",True,C_LARGE_OBJECT_PAINT
pvg_building_large_buildinglargesign1_3_5d7f2a51,res://assets/tilesets/cyber_city_core_tilesets/CyberCity_Core_Tiles_2/CyberCity_Core_Tiles_2/BuildingLargeSign1_3.png,BuildingLargeSign1_3.png,BUILDING_LARGE,building_facade,262,317,250,317,56.88,"[""C_LARGE_OBJECT_PAINT""]",True,C_LARGE_OBJECT_PAINT
pvg_building_large_buildinglargesign20_1_09da8c34,res://assets/tilesets/cyber_city_core_tilesets/CyberCity_Core_Tiles_2/CyberCity_Core_Tiles_2/BuildingLargeSign20_1.png,BuildingLargeSign20_1.png,BUILDING_LARGE,building_facade,360,152,353,143,8.21,"[""C_LARGE_OBJECT_PAINT""]",True,C_LARGE_OBJECT_PAINT
pvg_building_large_buildinglargesign20_2_44b78f31,res://assets/tilesets/cyber_city_core_tilesets/CyberCity_Core_Tiles_2/CyberCity_Core_Tiles_2/BuildingLargeSign20_2.png,BuildingLargeSign20_2.png,BUILDING_LARGE,building_facade,256,317,250,317,55.83,"[""C_LARGE_OBJECT_PAINT""]",True,C_LARGE_OBJECT_PAINT
pvg_building_large_buildinglargesign20_3_19cbb163,res://assets/tilesets/cyber_city_core_tilesets/CyberCity_Core_Tiles_2/CyberCity_Core_Tiles_2/BuildingLargeSign20_3.png,BuildingLargeSign20_3.png,BUILDING_LARGE,building_facade,259,317,250,317,56.37,"[""C_LARGE_OBJECT_PAINT""]",True,C_LARGE_OBJECT_PAINT
pvg_building_large_buildinglargesign21_1_90658019,res://assets/tilesets/cyber_city_core_tilesets/CyberCity_Core_Tiles_2/CyberCity_Core_Tiles_2/BuildingLargeSign21_1.png,BuildingLargeSign21_1.png,BUILDING_LARGE,building_facade,360,152,353,142,8.57,"[""C_LARGE_OBJECT_PAINT""]",True,C_LARGE_OBJECT_PAINT
pvg_building_large_buildinglargesign21_2_74c8d55b,res://assets/tilesets/cyber_city_core_tilesets/CyberCity_Core_Tiles_2/CyberCity_Core_Tiles_2/BuildingLargeSign21_2.png,BuildingLargeSign21_2.png,BUILDING_LARGE,building_facade,256,317,250,317,56.1,"[""C_LARGE_OBJECT_PAINT""]",True,C_LARGE_OBJECT_PAINT
pvg_building_large_buildinglargesign21_3_4c08928c,res://assets/tilesets/cyber_city_core_tilesets/CyberCity_Core_Tiles_2/CyberCity_Core_Tiles_2/BuildingLargeSign21_3.png,BuildingLargeSign21_3.png,BUILDING_LARGE,building_facade,259,317,250,317,56.63,"[""C_LARGE_OBJECT_PAINT""]",True,C_LARGE_OBJECT_PAINT
pvg_building_large_buildinglargesign22_1_12442214,res://assets/tilesets/cyber_city_core_tilesets/CyberCity_Core_Tiles_2/CyberCity_Core_Tiles_2/BuildingLargeSign22_1.png,BuildingLargeSign22_1.png,BUILDING_LARGE,building_facade,360,152,353,143,8.29,"[""C_LARGE_OBJECT_PAINT""]",True,C_LARGE_OBJECT_PAINT
pvg_building_large_buildinglargesign22_2_1a28bc3e,res://assets/tilesets/cyber_city_core_tilesets/CyberCity_Core_Tiles_2/CyberCity_Core_Tiles_2/BuildingLargeSign22_2.png,BuildingLargeSign22_2.png,BUILDING_LARGE,building_facade,259,318,250,316,56.84,"[""C_LARGE_OBJECT_PAINT""]",True,C_LARGE_OBJECT_PAINT
pvg_building_large_buildinglargesign22_3_efd7021b,res://assets/tilesets/cyber_city_core_tilesets/CyberCity_Core_Tiles_2/CyberCity_Core_Tiles_2/BuildingLargeSign22_3.png,BuildingLargeSign22_3.png,BUILDING_LARGE,building_facade,261,317,250,316,56.98,"[""C_LARGE_OBJECT_PAINT""]",True,C_LARGE_OBJECT_PAINT
pvg_building_large_buildinglargesign23_1_60341305,res://assets/tilesets/cyber_city_core_tilesets/CyberCity_Core_Tiles_2/CyberCity_Core_Tiles_2/BuildingLargeSign23_1.png,BuildingLargeSign23_1.png,BUILDING_LARGE,building_facade,360,152,353,143,8.3,"[""C_LARGE_OBJECT_PAINT""]",True,C_LARGE_OBJECT_PAINT
pvg_building_large_buildinglargesign23_2_51f17b9f,res://assets/tilesets/cyber_city_core_tilesets/CyberCity_Core_Tiles_2/CyberCity_Core_Tiles_2/BuildingLargeSign23_2.png,BuildingLargeSign23_2.png,BUILDING_LARGE,building_facade,259,318,250,316,56.84,"[""C_LARGE_OBJECT_PAINT""]",True,C_LARGE_OBJECT_PAINT
pvg_building_large_buildinglargesign23_3_b1976f0e,res://assets/tilesets/cyber_city_core_tilesets/CyberCity_Core_Tiles_2/CyberCity_Core_Tiles_2/BuildingLargeSign23_3.png,BuildingLargeSign23_3.png,BUILDING_LARGE,building_facade,261,317,250,316,56.98,"[""C_LARGE_OBJECT_PAINT""]",True,C_LARGE_OBJECT_PAINT
pvg_building_large_buildinglargesign24_1_c0a705c9,res://assets/tilesets/cyber_city_core_tilesets/CyberCity_Core_Tiles_2/CyberCity_Core_Tiles_2/BuildingLargeSign24_1.png,BuildingLargeSign24_1.png,BUILDING_LARGE,building_facade,360,152,353,143,8.06,"[""C_LARGE_OBJECT_PAINT""]",True,C_LARGE_OBJECT_PAINT
pvg_building_large_buildinglargesign24_2_d7ba4c66,res://assets/tilesets/cyber_city_core_tilesets/CyberCity_Core_Tiles_2/CyberCity_Core_Tiles_2/BuildingLargeSign24_2.png,BuildingLargeSign24_2.png,BUILDING_LARGE,building_facade,259,318,251,318,56.41,"[""C_LARGE_OBJECT_PAINT""]",True,C_LARGE_OBJECT_PAINT
pvg_building_large_buildinglargesign24_3_7c52d867,res://assets/tilesets/cyber_city_core_tilesets/CyberCity_Core_Tiles_2/CyberCity_Core_Tiles_2/BuildingLargeSign24_3.png,BuildingLargeSign24_3.png,BUILDING_LARGE,building_facade,261,318,252,316,56.68,"[""C_LARGE_OBJECT_PAINT""]",True,C_LARGE_OBJECT_PAINT
pvg_building_large_buildinglargesign25_1_2cb8872c,res://assets/tilesets/cyber_city_core_tilesets/CyberCity_Core_Tiles_2/CyberCity_Core_Tiles_2/BuildingLargeSign25_1.png,BuildingLargeSign25_1.png,BUILDING_LARGE,building_facade,360,152,353,143,8.3,"[""C_LARGE_OBJECT_PAINT""]",True,C_LARGE_OBJECT_PAINT
pvg_building_large_buildinglargesign25_2_b02c768e,res://assets/tilesets/cyber_city_core_tilesets/CyberCity_Core_Tiles_2/CyberCity_Core_Tiles_2/BuildingLargeSign25_2.png,BuildingLargeSign25_2.png,BUILDING_LARGE,building_facade,259,318,251,316,56.82,"[""C_LARGE_OBJECT_PAINT""]",True,C_LARGE_OBJECT_PAINT
pvg_building_large_buildinglargesign25_3_e8bc97fd,res://assets/tilesets/cyber_city_core_tilesets/CyberCity_Core_Tiles_2/CyberCity_Core_Tiles_2/BuildingLargeSign25_3.png,BuildingLargeSign25_3.png,BUILDING_LARGE,building_facade,261,317,252,316,56.95,"[""C_LARGE_OBJECT_PAINT""]",True,C_LARGE_OBJECT_PAINT
pvg_building_large_buildinglargesign26_1_8f04b4ab,res://assets/tilesets/cyber_city_core_tilesets/CyberCity_Core_Tiles_2/CyberCity_Core_Tiles_2/BuildingLargeSign26_1.png,BuildingLargeSign26_1.png,BUILDING_LARGE,building_facade,360,152,353,143,8.1,"[""C_LARGE_OBJECT_PAINT""]",True,C_LARGE_OBJECT_PAINT
pvg_building_large_buildinglargesign26_2_a88baad7,res://assets/tilesets/cyber_city_core_tilesets/CyberCity_Core_Tiles_2/CyberCity_Core_Tiles_2/BuildingLargeSign26_2.png,BuildingLargeSign26_2.png,BUILDING_LARGE,building_facade,259,318,251,318,56.43,"[""C_LARGE_OBJECT_PAINT""]",True,C_LARGE_OBJECT_PAINT
pvg_building_large_buildinglargesign26_3_a15cccbc,res://assets/tilesets/cyber_city_core_tilesets/CyberCity_Core_Tiles_2/CyberCity_Core_Tiles_2/BuildingLargeSign26_3.png,BuildingLargeSign26_3.png,BUILDING_LARGE,building_facade,261,318,252,316,56.7,"[""C_LARGE_OBJECT_PAINT""]",True,C_LARGE_OBJECT_PAINT
pvg_building_large_buildinglargesign27_1_3e087fb1,res://assets/tilesets/cyber_city_core_tilesets/CyberCity_Core_Tiles_2/CyberCity_Core_Tiles_2/BuildingLargeSign27_1.png,BuildingLargeSign27_1.png,BUILDING_LARGE,building_facade,360,152,353,143,8.23,"[""C_LARGE_OBJECT_PAINT""]",True,C_LARGE_OBJECT_PAINT
pvg_building_large_buildinglargesign27_2_e24f638f,res://assets/tilesets/cyber_city_core_tilesets/CyberCity_Core_Tiles_2/CyberCity_Core_Tiles_2/BuildingLargeSign27_2.png,BuildingLargeSign27_2.png,BUILDING_LARGE,building_facade,259,318,251,317,56.44,"[""C_LARGE_OBJECT_PAINT""]",True,C_LARGE_OBJECT_PAINT
pvg_building_large_buildinglargesign27_3_dad44724,res://assets/tilesets/cyber_city_core_tilesets/CyberCity_Core_Tiles_2/CyberCity_Core_Tiles_2/BuildingLargeSign27_3.png,BuildingLargeSign27_3.png,BUILDING_LARGE,building_facade,261,318,252,316,56.73,"[""C_LARGE_OBJECT_PAINT""]",True,C_LARGE_OBJECT_PAINT
pvg_building_large_buildinglargesign28_1_0027b8e8,res://assets/tilesets/cyber_city_core_tilesets/CyberCity_Core_Tiles_2/CyberCity_Core_Tiles_2/BuildingLargeSign28_1.png,BuildingLargeSign28_1.png,BUILDING_LARGE,building_facade,360,152,353,143,8.18,"[""C_LARGE_OBJECT_PAINT""]",True,C_LARGE_OBJECT_PAINT
pvg_building_large_buildinglargesign28_2_b79c4471,res://assets/tilesets/cyber_city_core_tilesets/CyberCity_Core_Tiles_2/CyberCity_Core_Tiles_2/BuildingLargeSign28_2.png,BuildingLargeSign28_2.png,BUILDING_LARGE,building_facade,259,318,251,317,56.44,"[""C_LARGE_OBJECT_PAINT""]",True,C_LARGE_OBJECT_PAINT
pvg_building_large_buildinglargesign28_3_3a411c0a,res://assets/tilesets/cyber_city_core_tilesets/CyberCity_Core_Tiles_2/CyberCity_Core_Tiles_2/BuildingLargeSign28_3.png,BuildingLargeSign28_3.png,BUILDING_LARGE,building_facade,261,318,252,316,56.73,"[""C_LARGE_OBJECT_PAINT""]",True,C_LARGE_OBJECT_PAINT
pvg_building_large_buildinglargesign29_1_12477c49,res://assets/tilesets/cyber_city_core_tilesets/CyberCity_Core_Tiles_2/CyberCity_Core_Tiles_2/BuildingLargeSign29_1.png,BuildingLargeSign29_1.png,BUILDING_LARGE,building_facade,360,152,353,143,8.23,"[""C_LARGE_OBJECT_PAINT""]",True,C_LARGE_OBJECT_PAINT
pvg_building_large_buildinglargesign29_2_59add580,res://assets/tilesets/cyber_city_core_tilesets/CyberCity_Core_Tiles_2/CyberCity_Core_Tiles_2/BuildingLargeSign29_2.png,BuildingLargeSign29_2.png,BUILDING_LARGE,building_facade,259,318,251,317,56.44,"[""C_LARGE_OBJECT_PAINT""]",True,C_LARGE_OBJECT_PAINT
pvg_building_large_buildinglargesign29_3_11a147a9,res://assets/tilesets/cyber_city_core_tilesets/CyberCity_Core_Tiles_2/CyberCity_Core_Tiles_2/BuildingLargeSign29_3.png,BuildingLargeSign29_3.png,BUILDING_LARGE,building_facade,261,318,252,316,56.73,"[""C_LARGE_OBJECT_PAINT""]",True,C_LARGE_OBJECT_PAINT
pvg_building_large_buildinglargesign2_1_093a6eb1,res://assets/tilesets/cyber_city_core_tilesets/CyberCity_Core_Tiles_2/CyberCity_Core_Tiles_2/BuildingLargeSign2_1.png,BuildingLargeSign2_1.png,BUILDING_LARGE,building_facade,360,152,353,143,8.08,"[""C_LARGE_OBJECT_PAINT""]",True,C_LARGE_OBJECT_PAINT
pvg_building_large_buildinglargesign2_2_ac892ac9,res://assets/tilesets/cyber_city_core_tilesets/CyberCity_Core_Tiles_2/CyberCity_Core_Tiles_2/BuildingLargeSign2_2.png,BuildingLargeSign2_2.png,BUILDING_LARGE,building_facade,259,318,250,317,56.51,"[""C_LARGE_OBJECT_PAINT""]",True,C_LARGE_OBJECT_PAINT
pvg_building_large_buildinglargesign2_3_6e3da509,res://assets/tilesets/cyber_city_core_tilesets/CyberCity_Core_Tiles_2/CyberCity_Core_Tiles_2/BuildingLargeSign2_3.png,BuildingLargeSign2_3.png,BUILDING_LARGE,building_facade,262,317,250,317,56.88,"[""C_LARGE_OBJECT_PAINT""]",True,C_LARGE_OBJECT_PAINT
pvg_building_large_buildinglargesign30_1_dc31facb,res://assets/tilesets/cyber_city_core_tilesets/CyberCity_Core_Tiles_2/CyberCity_Core_Tiles_2/BuildingLargeSign30_1.png,BuildingLargeSign30_1.png,BUILDING_LARGE,building_facade,360,152,353,143,8.3,"[""C_LARGE_OBJECT_PAINT""]",True,C_LARGE_OBJECT_PAINT
pvg_building_large_buildinglargesign30_2_0a9216b8,res://assets/tilesets/cyber_city_core_tilesets/CyberCity_Core_Tiles_2/CyberCity_Core_Tiles_2/BuildingLargeSign30_2.png,BuildingLargeSign30_2.png,BUILDING_LARGE,building_facade,259,318,251,316,56.82,"[""C_LARGE_OBJECT_PAINT""]",True,C_LARGE_OBJECT_PAINT
pvg_building_large_buildinglargesign30_3_9a3ef32d,res://assets/tilesets/cyber_city_core_tilesets/CyberCity_Core_Tiles_2/CyberCity_Core_Tiles_2/BuildingLargeSign30_3.png,BuildingLargeSign30_3.png,BUILDING_LARGE,building_facade,261,317,252,316,56.95,"[""C_LARGE_OBJECT_PAINT""]",True,C_LARGE_OBJECT_PAINT
pvg_building_large_buildinglargesign31_1_ff1ab0d7,res://assets/tilesets/cyber_city_core_tilesets/CyberCity_Core_Tiles_2/CyberCity_Core_Tiles_2/BuildingLargeSign31_1.png,BuildingLargeSign31_1.png,BUILDING_LARGE,building_facade,360,152,353,143,8.07,"[""C_LARGE_OBJECT_PAINT""]",True,C_LARGE_OBJECT_PAINT
pvg_building_large_buildinglargesign31_2_b5502560,res://assets/tilesets/cyber_city_core_tilesets/CyberCity_Core_Tiles_2/CyberCity_Core_Tiles_2/BuildingLargeSign31_2.png,BuildingLargeSign31_2.png,BUILDING_LARGE,building_facade,259,318,251,317,56.5,"[""C_LARGE_OBJECT_PAINT""]",True,C_LARGE_OBJECT_PAINT
pvg_building_large_buildinglargesign31_3_a3815b51,res://assets/tilesets/cyber_city_core_tilesets/CyberCity_Core_Tiles_2/CyberCity_Core_Tiles_2/BuildingLargeSign31_3.png,BuildingLargeSign31_3.png,BUILDING_LARGE,building_facade,262,317,252,317,56.86,"[""C_LARGE_OBJECT_PAINT""]",True,C_LARGE_OBJECT_PAINT
pvg_building_large_buildinglargesign32_1_376d123a,res://assets/tilesets/cyber_city_core_tilesets/CyberCity_Core_Tiles_2/CyberCity_Core_Tiles_2/BuildingLargeSign32_1.png,BuildingLargeSign32_1.png,BUILDING_LARGE,building_facade,360,152,353,142,8.57,"[""C_LARGE_OBJECT_PAINT""]",True,C_LARGE_OBJECT_PAINT
pvg_building_large_buildinglargesign32_2_edc6a879,res://assets/tilesets/cyber_city_core_tilesets/CyberCity_Core_Tiles_2/CyberCity_Core_Tiles_2/BuildingLargeSign32_2.png,BuildingLargeSign32_2.png,BUILDING_LARGE,building_facade,256,317,250,317,56.1,"[""C_LARGE_OBJECT_PAINT""]",True,C_LARGE_OBJECT_PAINT
pvg_building_large_buildinglargesign32_3_8afc01e0,res://assets/tilesets/cyber_city_core_tilesets/CyberCity_Core_Tiles_2/CyberCity_Core_Tiles_2/BuildingLargeSign32_3.png,BuildingLargeSign32_3.png,BUILDING_LARGE,building_facade,259,317,250,317,56.63,"[""C_LARGE_OBJECT_PAINT""]",True,C_LARGE_OBJECT_PAINT
pvg_building_large_buildinglargesign33_1_f6157f25,res://assets/tilesets/cyber_city_core_tilesets/CyberCity_Core_Tiles_2/CyberCity_Core_Tiles_2/BuildingLargeSign33_1.png,BuildingLargeSign33_1.png,BUILDING_LARGE,building_facade,360,152,353,142,8.57,"[""C_LARGE_OBJECT_PAINT""]",True,C_LARGE_OBJECT_PAINT
pvg_building_large_buildinglargesign33_2_5ee9731d,res://assets/tilesets/cyber_city_core_tilesets/CyberCity_Core_Tiles_2/CyberCity_Core_Tiles_2/BuildingLargeSign33_2.png,BuildingLargeSign33_2.png,BUILDING_LARGE,building_facade,256,317,250,317,56.1,"[""C_LARGE_OBJECT_PAINT""]",True,C_LARGE_OBJECT_PAINT
pvg_building_large_buildinglargesign33_3_dd116747,res://assets/tilesets/cyber_city_core_tilesets/CyberCity_Core_Tiles_2/CyberCity_Core_Tiles_2/BuildingLargeSign33_3.png,BuildingLargeSign33_3.png,BUILDING_LARGE,building_facade,259,317,250,317,56.63,"[""C_LARGE_OBJECT_PAINT""]",True,C_LARGE_OBJECT_PAINT
pvg_building_large_buildinglargesign34_1_b53ae8af,res://assets/tilesets/cyber_city_core_tilesets/CyberCity_Core_Tiles_2/CyberCity_Core_Tiles_2/BuildingLargeSign34_1.png,BuildingLargeSign34_1.png,BUILDING_LARGE,building_facade,360,152,353,143,8.35,"[""C_LARGE_OBJECT_PAINT""]",True,C_LARGE_OBJECT_PAINT
pvg_building_large_buildinglargesign34_2_3f317b8f,res://assets/tilesets/cyber_city_core_tilesets/CyberCity_Core_Tiles_2/CyberCity_Core_Tiles_2/BuildingLargeSign34_2.png,BuildingLargeSign34_2.png,BUILDING_LARGE,building_facade,256,318,250,317,56.02,"[""C_LARGE_OBJECT_PAINT""]",True,C_LARGE_OBJECT_PAINT
pvg_building_large_buildinglargesign34_3_33320bd5,res://assets/tilesets/cyber_city_core_tilesets/CyberCity_Core_Tiles_2/CyberCity_Core_Tiles_2/BuildingLargeSign34_3.png,BuildingLargeSign34_3.png,BUILDING_LARGE,building_facade,259,317,251,317,56.39,"[""C_LARGE_OBJECT_PAINT""]",True,C_LARGE_OBJECT_PAINT
pvg_building_large_buildinglargesign35_1_1b100712,res://assets/tilesets/cyber_city_core_tilesets/CyberCity_Core_Tiles_2/CyberCity_Core_Tiles_2/BuildingLargeSign35_1.png,BuildingLargeSign35_1.png,BUILDING_LARGE,building_facade,360,152,353,144,7.93,"[""C_LARGE_OBJECT_PAINT""]",True,C_LARGE_OBJECT_PAINT
pvg_building_large_buildinglargesign35_2_28d0468b,res://assets/tilesets/cyber_city_core_tilesets/CyberCity_Core_Tiles_2/CyberCity_Core_Tiles_2/BuildingLargeSign35_2.png,BuildingLargeSign35_2.png,BUILDING_LARGE,building_facade,256,318,251,318,55.57,"[""C_LARGE_OBJECT_PAINT""]",True,C_LARGE_OBJECT_PAINT
pvg_building_large_buildinglargesign35_3_56a90720,res://assets/tilesets/cyber_city_core_tilesets/CyberCity_Core_Tiles_2/CyberCity_Core_Tiles_2/BuildingLargeSign35_3.png,BuildingLargeSign35_3.png,BUILDING_LARGE,building_facade,261,318,251,317,56.42,"[""C_LARGE_OBJECT_PAINT""]",True,C_LARGE_OBJECT_PAINT
pvg_building_large_buildinglargesign36_1_9396319d,res://assets/tilesets/cyber_city_core_tilesets/CyberCity_Core_Tiles_2/CyberCity_Core_Tiles_2/BuildingLargeSign36_1.png,BuildingLargeSign36_1.png,BUILDING_LARGE,building_facade,360,152,353,143,7.97,"[""C_LARGE_OBJECT_PAINT""]",True,C_LARGE_OBJECT_PAINT
pvg_building_large_buildinglargesign36_2_b1477b42,res://assets/tilesets/cyber_city_core_tilesets/CyberCity_Core_Tiles_2/CyberCity_Core_Tiles_2/BuildingLargeSign36_2.png,BuildingLargeSign36_2.png,BUILDING_LARGE,building_facade,256,318,251,317,55.87,"[""C_LARGE_OBJECT_PAINT""]",True,C_LARGE_OBJECT_PAINT
pvg_building_large_buildinglargesign36_3_8da0050c,res://assets/tilesets/cyber_city_core_tilesets/CyberCity_Core_Tiles_2/CyberCity_Core_Tiles_2/BuildingLargeSign36_3.png,BuildingLargeSign36_3.png,BUILDING_LARGE,building_facade,258,318,251,316,56.25,"[""C_LARGE_OBJECT_PAINT""]",True,C_LARGE_OBJECT_PAINT
pvg_building_large_buildinglargesign37_1_55b0b203,res://assets/tilesets/cyber_city_core_tilesets/CyberCity_Core_Tiles_2/CyberCity_Core_Tiles_2/BuildingLargeSign37_1.png,BuildingLargeSign37_1.png,BUILDING_LARGE,building_facade,360,152,353,143,7.93,"[""C_LARGE_OBJECT_PAINT""]",True,C_LARGE_OBJECT_PAINT
pvg_building_large_buildinglargesign37_2_0015c765,res://assets/tilesets/cyber_city_core_tilesets/CyberCity_Core_Tiles_2/CyberCity_Core_Tiles_2/BuildingLargeSign37_2.png,BuildingLargeSign37_2.png,BUILDING_LARGE,building_facade,256,318,251,317,55.77,"[""C_LARGE_OBJECT_PAINT""]",True,C_LARGE_OBJECT_PAINT
pvg_building_large_buildinglargesign37_3_f668697d,res://assets/tilesets/cyber_city_core_tilesets/CyberCity_Core_Tiles_2/CyberCity_Core_Tiles_2/BuildingLargeSign37_3.png,BuildingLargeSign37_3.png,BUILDING_LARGE,building_facade,259,318,251,317,56.31,"[""C_LARGE_OBJECT_PAINT""]",True,C_LARGE_OBJECT_PAINT
pvg_building_large_buildinglargesign3_1_cb29b35b,res://assets/tilesets/cyber_city_core_tilesets/CyberCity_Core_Tiles_2/CyberCity_Core_Tiles_2/BuildingLargeSign3_1.png,BuildingLargeSign3_1.png,BUILDING_LARGE,building_facade,360,152,353,143,8.3,"[""C_LARGE_OBJECT_PAINT""]",True,C_LARGE_OBJECT_PAINT
pvg_building_large_buildinglargesign3_2_6bcb9823,res://assets/tilesets/cyber_city_core_tilesets/CyberCity_Core_Tiles_2/CyberCity_Core_Tiles_2/BuildingLargeSign3_2.png,BuildingLargeSign3_2.png,BUILDING_LARGE,building_facade,259,318,250,316,56.84,"[""C_LARGE_OBJECT_PAINT""]",True,C_LARGE_OBJECT_PAINT
pvg_building_large_buildinglargesign3_3_95689cbf,res://assets/tilesets/cyber_city_core_tilesets/CyberCity_Core_Tiles_2/CyberCity_Core_Tiles_2/BuildingLargeSign3_3.png,BuildingLargeSign3_3.png,BUILDING_LARGE,building_facade,261,317,250,316,56.98,"[""C_LARGE_OBJECT_PAINT""]",True,C_LARGE_OBJECT_PAINT
pvg_building_large_buildinglargesign4_1_6790def0,res://assets/tilesets/cyber_city_core_tilesets/CyberCity_Core_Tiles_2/CyberCity_Core_Tiles_2/BuildingLargeSign4_1.png,BuildingLargeSign4_1.png,BUILDING_LARGE,building_facade,360,152,353,143,8.3,"[""C_LARGE_OBJECT_PAINT""]",True,C_LARGE_OBJECT_PAINT
pvg_building_large_buildinglargesign4_2_53b78380,res://assets/tilesets/cyber_city_core_tilesets/CyberCity_Core_Tiles_2/CyberCity_Core_Tiles_2/BuildingLargeSign4_2.png,BuildingLargeSign4_2.png,BUILDING_LARGE,building_facade,259,318,250,316,56.84,"[""C_LARGE_OBJECT_PAINT""]",True,C_LARGE_OBJECT_PAINT
pvg_building_large_buildinglargesign4_3_b74b9f62,res://assets/tilesets/cyber_city_core_tilesets/CyberCity_Core_Tiles_2/CyberCity_Core_Tiles_2/BuildingLargeSign4_3.png,BuildingLargeSign4_3.png,BUILDING_LARGE,building_facade,261,317,250,316,56.98,"[""C_LARGE_OBJECT_PAINT""]",True,C_LARGE_OBJECT_PAINT
pvg_building_large_buildinglargesign5_1_8be0f703,res://assets/tilesets/cyber_city_core_tilesets/CyberCity_Core_Tiles_2/CyberCity_Core_Tiles_2/BuildingLargeSign5_1.png,BuildingLargeSign5_1.png,BUILDING_LARGE,building_facade,360,152,353,143,8.08,"[""C_LARGE_OBJECT_PAINT""]",True,C_LARGE_OBJECT_PAINT
pvg_building_large_buildinglargesign5_2_433ce94d,res://assets/tilesets/cyber_city_core_tilesets/CyberCity_Core_Tiles_2/CyberCity_Core_Tiles_2/BuildingLargeSign5_2.png,BuildingLargeSign5_2.png,BUILDING_LARGE,building_facade,259,318,250,317,56.51,"[""C_LARGE_OBJECT_PAINT""]",True,C_LARGE_OBJECT_PAINT
pvg_building_large_buildinglargesign5_3_f866cbdf,res://assets/tilesets/cyber_city_core_tilesets/CyberCity_Core_Tiles_2/CyberCity_Core_Tiles_2/BuildingLargeSign5_3.png,BuildingLargeSign5_3.png,BUILDING_LARGE,building_facade,262,317,250,317,56.88,"[""C_LARGE_OBJECT_PAINT""]",True,C_LARGE_OBJECT_PAINT
pvg_building_large_buildinglargesign6_1_4eade9f9,res://assets/tilesets/cyber_city_core_tilesets/CyberCity_Core_Tiles_2/CyberCity_Core_Tiles_2/BuildingLargeSign6_1.png,BuildingLargeSign6_1.png,BUILDING_LARGE,building_facade,360,152,353,142,8.57,"[""C_LARGE_OBJECT_PAINT""]",True,C_LARGE_OBJECT_PAINT
pvg_building_large_buildinglargesign6_2_f7a6ca6b,res://assets/tilesets/cyber_city_core_tilesets/CyberCity_Core_Tiles_2/CyberCity_Core_Tiles_2/BuildingLargeSign6_2.png,BuildingLargeSign6_2.png,BUILDING_LARGE,building_facade,256,317,250,317,56.1,"[""C_LARGE_OBJECT_PAINT""]",True,C_LARGE_OBJECT_PAINT
pvg_building_large_buildinglargesign6_3_c87eacc7,res://assets/tilesets/cyber_city_core_tilesets/CyberCity_Core_Tiles_2/CyberCity_Core_Tiles_2/BuildingLargeSign6_3.png,BuildingLargeSign6_3.png,BUILDING_LARGE,building_facade,259,317,250,317,56.63,"[""C_LARGE_OBJECT_PAINT""]",True,C_LARGE_OBJECT_PAINT
pvg_building_large_buildinglargesign7_1_7af18ea6,res://assets/tilesets/cyber_city_core_tilesets/CyberCity_Core_Tiles_2/CyberCity_Core_Tiles_2/BuildingLargeSign7_1.png,BuildingLargeSign7_1.png,BUILDING_LARGE,building_facade,360,152,353,143,8.18,"[""C_LARGE_OBJECT_PAINT""]",True,C_LARGE_OBJECT_PAINT
pvg_building_large_buildinglargesign7_2_0952d3ca,res://assets/tilesets/cyber_city_core_tilesets/CyberCity_Core_Tiles_2/CyberCity_Core_Tiles_2/BuildingLargeSign7_2.png,BuildingLargeSign7_2.png,BUILDING_LARGE,building_facade,256,317,250,317,55.82,"[""C_LARGE_OBJECT_PAINT""]",True,C_LARGE_OBJECT_PAINT
pvg_building_large_buildinglargesign7_3_9422e054,res://assets/tilesets/cyber_city_core_tilesets/CyberCity_Core_Tiles_2/CyberCity_Core_Tiles_2/BuildingLargeSign7_3.png,BuildingLargeSign7_3.png,BUILDING_LARGE,building_facade,259,317,250,317,56.36,"[""C_LARGE_OBJECT_PAINT""]",True,C_LARGE_OBJECT_PAINT
pvg_building_large_buildinglargesign8_1_567cefb0,res://assets/tilesets/cyber_city_core_tilesets/CyberCity_Core_Tiles_2/CyberCity_Core_Tiles_2/BuildingLargeSign8_1.png,BuildingLargeSign8_1.png,BUILDING_LARGE,building_facade,360,152,353,142,8.57,"[""C_LARGE_OBJECT_PAINT""]",True,C_LARGE_OBJECT_PAINT
pvg_building_large_buildinglargesign8_2_93fad24e,res://assets/tilesets/cyber_city_core_tilesets/CyberCity_Core_Tiles_2/CyberCity_Core_Tiles_2/BuildingLargeSign8_2.png,BuildingLargeSign8_2.png,BUILDING_LARGE,building_facade,256,317,250,317,56.1,"[""C_LARGE_OBJECT_PAINT""]",True,C_LARGE_OBJECT_PAINT
pvg_building_large_buildinglargesign8_3_5fbe02ad,res://assets/tilesets/cyber_city_core_tilesets/CyberCity_Core_Tiles_2/CyberCity_Core_Tiles_2/BuildingLargeSign8_3.png,BuildingLargeSign8_3.png,BUILDING_LARGE,building_facade,259,317,250,317,56.63,"[""C_LARGE_OBJECT_PAINT""]",True,C_LARGE_OBJECT_PAINT
pvg_building_large_buildinglargesign9_1_187cd0d9,res://assets/tilesets/cyber_city_core_tilesets/CyberCity_Core_Tiles_2/CyberCity_Core_Tiles_2/BuildingLargeSign9_1.png,BuildingLargeSign9_1.png,BUILDING_LARGE,building_facade,360,152,353,143,8.3,"[""C_LARGE_OBJECT_PAINT""]",True,C_LARGE_OBJECT_PAINT
pvg_building_large_buildinglargesign9_2_018d22b9,res://assets/tilesets/cyber_city_core_tilesets/CyberCity_Core_Tiles_2/CyberCity_Core_Tiles_2/BuildingLargeSign9_2.png,BuildingLargeSign9_2.png,BUILDING_LARGE,building_facade,259,318,250,316,56.84,"[""C_LARGE_OBJECT_PAINT""]",True,C_LARGE_OBJECT_PAINT
pvg_building_large_buildinglargesign9_3_3f73180f,res://assets/tilesets/cyber_city_core_tilesets/CyberCity_Core_Tiles_2/CyberCity_Core_Tiles_2/BuildingLargeSign9_3.png,BuildingLargeSign9_3.png,BUILDING_LARGE,building_facade,261,317,250,316,56.98,"[""C_LARGE_OBJECT_PAINT""]",True,C_LARGE_OBJECT_PAINT
pvg_building_large_buildinglargesignglitch10_1_da096129,res://assets/tilesets/cyber_city_core_tilesets/CyberCity_Core_Tiles_2/CyberCity_Core_Tiles_2/BuildingLargeSignGlitch10_1.png,BuildingLargeSignGlitch10_1.png,BUILDING_LARGE,building_facade,360,152,353,144,7.88,"[""C_LARGE_OBJECT_PAINT""]",True,C_LARGE_OBJECT_PAINT
pvg_building_large_buildinglargesignglitch10_2_cd1c50f3,res://assets/tilesets/cyber_city_core_tilesets/CyberCity_Core_Tiles_2/CyberCity_Core_Tiles_2/BuildingLargeSignGlitch10_2.png,BuildingLargeSignGlitch10_2.png,BUILDING_LARGE,building_facade,259,318,251,318,56.07,"[""C_LARGE_OBJECT_PAINT""]",True,C_LARGE_OBJECT_PAINT
pvg_building_large_buildinglargesignglitch10_3_7e15784e,res://assets/tilesets/cyber_city_core_tilesets/CyberCity_Core_Tiles_2/CyberCity_Core_Tiles_2/BuildingLargeSignGlitch10_3.png,BuildingLargeSignGlitch10_3.png,BUILDING_LARGE,building_facade,261,318,251,317,56.4,"[""C_LARGE_OBJECT_PAINT""]",True,C_LARGE_OBJECT_PAINT
pvg_building_large_buildinglargesignglitch1_1_32cb7867,res://assets/tilesets/cyber_city_core_tilesets/CyberCity_Core_Tiles_2/CyberCity_Core_Tiles_2/BuildingLargeSignGlitch1_1.png,BuildingLargeSignGlitch1_1.png,BUILDING_LARGE,building_facade,360,152,353,144,7.89,"[""C_LARGE_OBJECT_PAINT""]",True,C_LARGE_OBJECT_PAINT
pvg_building_large_buildinglargesignglitch1_2_462aad8b,res://assets/tilesets/cyber_city_core_tilesets/CyberCity_Core_Tiles_2/CyberCity_Core_Tiles_2/BuildingLargeSignGlitch1_2.png,BuildingLargeSignGlitch1_2.png,BUILDING_LARGE,building_facade,259,318,251,318,56.07,"[""C_LARGE_OBJECT_PAINT""]",True,C_LARGE_OBJECT_PAINT
pvg_building_large_buildinglargesignglitch1_3_5892bdda,res://assets/tilesets/cyber_city_core_tilesets/CyberCity_Core_Tiles_2/CyberCity_Core_Tiles_2/BuildingLargeSignGlitch1_3.png,BuildingLargeSignGlitch1_3.png,BUILDING_LARGE,building_facade,261,318,251,317,56.4,"[""C_LARGE_OBJECT_PAINT""]",True,C_LARGE_OBJECT_PAINT
pvg_building_large_buildinglargesignglitch2_1_d043b9c3,res://assets/tilesets/cyber_city_core_tilesets/CyberCity_Core_Tiles_2/CyberCity_Core_Tiles_2/BuildingLargeSignGlitch2_1.png,BuildingLargeSignGlitch2_1.png,BUILDING_LARGE,building_facade,360,152,353,144,7.89,"[""C_LARGE_OBJECT_PAINT""]",True,C_LARGE_OBJECT_PAINT
pvg_building_large_buildinglargesignglitch2_2_846a1648,res://assets/tilesets/cyber_city_core_tilesets/CyberCity_Core_Tiles_2/CyberCity_Core_Tiles_2/BuildingLargeSignGlitch2_2.png,BuildingLargeSignGlitch2_2.png,BUILDING_LARGE,building_facade,259,318,251,318,56.07,"[""C_LARGE_OBJECT_PAINT""]",True,C_LARGE_OBJECT_PAINT
pvg_building_large_buildinglargesignglitch2_3_26d8568e,res://assets/tilesets/cyber_city_core_tilesets/CyberCity_Core_Tiles_2/CyberCity_Core_Tiles_2/BuildingLargeSignGlitch2_3.png,BuildingLargeSignGlitch2_3.png,BUILDING_LARGE,building_facade,261,318,251,317,56.4,"[""C_LARGE_OBJECT_PAINT""]",True,C_LARGE_OBJECT_PAINT
pvg_building_large_buildinglargesignglitch3_1_ff424b24,res://assets/tilesets/cyber_city_core_tilesets/CyberCity_Core_Tiles_2/CyberCity_Core_Tiles_2/BuildingLargeSignGlitch3_1.png,BuildingLargeSignGlitch3_1.png,BUILDING_LARGE,building_facade,360,152,353,144,7.89,"[""C_LARGE_OBJECT_PAINT""]",True,C_LARGE_OBJECT_PAINT
pvg_building_large_buildinglargesignglitch3_2_351ed3f8,res://assets/tilesets/cyber_city_core_tilesets/CyberCity_Core_Tiles_2/CyberCity_Core_Tiles_2/BuildingLargeSignGlitch3_2.png,BuildingLargeSignGlitch3_2.png,BUILDING_LARGE,building_facade,259,318,251,318,56.07,"[""C_LARGE_OBJECT_PAINT""]",True,C_LARGE_OBJECT_PAINT
pvg_building_large_buildinglargesignglitch3_3_1d6695e8,res://assets/tilesets/cyber_city_core_tilesets/CyberCity_Core_Tiles_2/CyberCity_Core_Tiles_2/BuildingLargeSignGlitch3_3.png,BuildingLargeSignGlitch3_3.png,BUILDING_LARGE,building_facade,261,318,251,317,56.4,"[""C_LARGE_OBJECT_PAINT""]",True,C_LARGE_OBJECT_PAINT
pvg_building_large_buildinglargesignglitch4_1_1116e5d0,res://assets/tilesets/cyber_city_core_tilesets/CyberCity_Core_Tiles_2/CyberCity_Core_Tiles_2/BuildingLargeSignGlitch4_1.png,BuildingLargeSignGlitch4_1.png,BUILDING_LARGE,building_facade,360,152,353,144,7.9,"[""C_LARGE_OBJECT_PAINT""]",True,C_LARGE_OBJECT_PAINT
pvg_building_large_buildinglargesignglitch4_2_3a901fda,res://assets/tilesets/cyber_city_core_tilesets/CyberCity_Core_Tiles_2/CyberCity_Core_Tiles_2/BuildingLargeSignGlitch4_2.png,BuildingLargeSignGlitch4_2.png,BUILDING_LARGE,building_facade,259,318,251,318,56.07,"[""C_LARGE_OBJECT_PAINT""]",True,C_LARGE_OBJECT_PAINT
pvg_building_large_buildinglargesignglitch4_3_7b799b13,res://assets/tilesets/cyber_city_core_tilesets/CyberCity_Core_Tiles_2/CyberCity_Core_Tiles_2/BuildingLargeSignGlitch4_3.png,BuildingLargeSignGlitch4_3.png,BUILDING_LARGE,building_facade,261,318,251,317,56.41,"[""C_LARGE_OBJECT_PAINT""]",True,C_LARGE_OBJECT_PAINT
pvg_building_large_buildinglargesignglitch5_1_4dee8e57,res://assets/tilesets/cyber_city_core_tilesets/CyberCity_Core_Tiles_2/CyberCity_Core_Tiles_2/BuildingLargeSignGlitch5_1.png,BuildingLargeSignGlitch5_1.png,BUILDING_LARGE,building_facade,360,152,353,144,7.9,"[""C_LARGE_OBJECT_PAINT""]",True,C_LARGE_OBJECT_PAINT
pvg_building_large_buildinglargesignglitch5_2_a2a61bef,res://assets/tilesets/cyber_city_core_tilesets/CyberCity_Core_Tiles_2/CyberCity_Core_Tiles_2/BuildingLargeSignGlitch5_2.png,BuildingLargeSignGlitch5_2.png,BUILDING_LARGE,building_facade,259,318,251,318,56.07,"[""C_LARGE_OBJECT_PAINT""]",True,C_LARGE_OBJECT_PAINT
pvg_building_large_buildinglargesignglitch5_3_faf4642b,res://assets/tilesets/cyber_city_core_tilesets/CyberCity_Core_Tiles_2/CyberCity_Core_Tiles_2/BuildingLargeSignGlitch5_3.png,BuildingLargeSignGlitch5_3.png,BUILDING_LARGE,building_facade,261,318,251,317,56.41,"[""C_LARGE_OBJECT_PAINT""]",True,C_LARGE_OBJECT_PAINT
pvg_building_large_buildinglargesignglitch6_1_6fc2b8fe,res://assets/tilesets/cyber_city_core_tilesets/CyberCity_Core_Tiles_2/CyberCity_Core_Tiles_2/BuildingLargeSignGlitch6_1.png,BuildingLargeSignGlitch6_1.png,BUILDING_LARGE,building_facade,360,152,353,144,7.9,"[""C_LARGE_OBJECT_PAINT""]",True,C_LARGE_OBJECT_PAINT
pvg_building_large_buildinglargesignglitch6_2_7956dbb8,res://assets/tilesets/cyber_city_core_tilesets/CyberCity_Core_Tiles_2/CyberCity_Core_Tiles_2/BuildingLargeSignGlitch6_2.png,BuildingLargeSignGlitch6_2.png,BUILDING_LARGE,building_facade,259,318,251,318,56.07,"[""C_LARGE_OBJECT_PAINT""]",True,C_LARGE_OBJECT_PAINT
pvg_building_large_buildinglargesignglitch6_3_cccfd296,res://assets/tilesets/cyber_city_core_tilesets/CyberCity_Core_Tiles_2/CyberCity_Core_Tiles_2/BuildingLargeSignGlitch6_3.png,BuildingLargeSignGlitch6_3.png,BUILDING_LARGE,building_facade,261,318,251,317,56.41,"[""C_LARGE_OBJECT_PAINT""]",True,C_LARGE_OBJECT_PAINT
pvg_building_large_buildinglargesignglitch7_1_723ac6b6,res://assets/tilesets/cyber_city_core_tilesets/CyberCity_Core_Tiles_2/CyberCity_Core_Tiles_2/BuildingLargeSignGlitch7_1.png,BuildingLargeSignGlitch7_1.png,BUILDING_LARGE,building_facade,360,152,353,144,7.89,"[""C_LARGE_OBJECT_PAINT""]",True,C_LARGE_OBJECT_PAINT
pvg_building_large_buildinglargesignglitch7_2_b59e77d2,res://assets/tilesets/cyber_city_core_tilesets/CyberCity_Core_Tiles_2/CyberCity_Core_Tiles_2/BuildingLargeSignGlitch7_2.png,BuildingLargeSignGlitch7_2.png,BUILDING_LARGE,building_facade,259,318,251,318,56.07,"[""C_LARGE_OBJECT_PAINT""]",True,C_LARGE_OBJECT_PAINT
pvg_building_large_buildinglargesignglitch7_3_d1bd1d42,res://assets/tilesets/cyber_city_core_tilesets/CyberCity_Core_Tiles_2/CyberCity_Core_Tiles_2/BuildingLargeSignGlitch7_3.png,BuildingLargeSignGlitch7_3.png,BUILDING_LARGE,building_facade,261,318,251,317,56.4,"[""C_LARGE_OBJECT_PAINT""]",True,C_LARGE_OBJECT_PAINT
pvg_building_large_buildinglargesignglitch8_1_5fc162cc,res://assets/tilesets/cyber_city_core_tilesets/CyberCity_Core_Tiles_2/CyberCity_Core_Tiles_2/BuildingLargeSignGlitch8_1.png,BuildingLargeSignGlitch8_1.png,BUILDING_LARGE,building_facade,360,152,353,144,7.88,"[""C_LARGE_OBJECT_PAINT""]",True,C_LARGE_OBJECT_PAINT
pvg_building_large_buildinglargesignglitch8_2_04e54e61,res://assets/tilesets/cyber_city_core_tilesets/CyberCity_Core_Tiles_2/CyberCity_Core_Tiles_2/BuildingLargeSignGlitch8_2.png,BuildingLargeSignGlitch8_2.png,BUILDING_LARGE,building_facade,259,318,251,318,56.07,"[""C_LARGE_OBJECT_PAINT""]",True,C_LARGE_OBJECT_PAINT
pvg_building_large_buildinglargesignglitch8_3_1b094dbe,res://assets/tilesets/cyber_city_core_tilesets/CyberCity_Core_Tiles_2/CyberCity_Core_Tiles_2/BuildingLargeSignGlitch8_3.png,BuildingLargeSignGlitch8_3.png,BUILDING_LARGE,building_facade,261,318,251,317,56.4,"[""C_LARGE_OBJECT_PAINT""]",True,C_LARGE_OBJECT_PAINT
pvg_building_large_buildinglargesignglitch9_1_499f4909,res://assets/tilesets/cyber_city_core_tilesets/CyberCity_Core_Tiles_2/CyberCity_Core_Tiles_2/BuildingLargeSignGlitch9_1.png,BuildingLargeSignGlitch9_1.png,BUILDING_LARGE,building_facade,360,152,353,144,7.89,"[""C_LARGE_OBJECT_PAINT""]",True,C_LARGE_OBJECT_PAINT
pvg_building_large_buildinglargesignglitch9_2_6446d945,res://assets/tilesets/cyber_city_core_tilesets/CyberCity_Core_Tiles_2/CyberCity_Core_Tiles_2/BuildingLargeSignGlitch9_2.png,BuildingLargeSignGlitch9_2.png,BUILDING_LARGE,building_facade,259,318,251,318,56.07,"[""C_LARGE_OBJECT_PAINT""]",True,C_LARGE_OBJECT_PAINT
pvg_building_large_buildinglargesignglitch9_3_58a53ae0,res://assets/tilesets/cyber_city_core_tilesets/CyberCity_Core_Tiles_2/CyberCity_Core_Tiles_2/BuildingLargeSignGlitch9_3.png,BuildingLargeSignGlitch9_3.png,BUILDING_LARGE,building_facade,261,318,251,317,56.4,"[""C_LARGE_OBJECT_PAINT""]",True,C_LARGE_OBJECT_PAINT
pvg_building_large_buildinglights1_1_a63e15f6,res://assets/tilesets/cyber_city_core_tilesets/CyberCity_Core_Tiles_2/CyberCity_Core_Tiles_2/BuildingLights1_1.png,BuildingLights1_1.png,BUILDING_LARGE,building_facade,239,64,235,58,36.62,"[""C_LARGE_OBJECT_PAINT""]",True,C_LARGE_OBJECT_PAINT
pvg_building_large_buildinglights1_2_395aa2a4,res://assets/tilesets/cyber_city_core_tilesets/CyberCity_Core_Tiles_2/CyberCity_Core_Tiles_2/BuildingLights1_2.png,BuildingLights1_2.png,BUILDING_LARGE,building_facade,67,220,61,219,32.64,"[""C_LARGE_OBJECT_PAINT""]",True,C_LARGE_OBJECT_PAINT
pvg_building_large_buildinglights1_3_8ca627e1,res://assets/tilesets/cyber_city_core_tilesets/CyberCity_Core_Tiles_2/CyberCity_Core_Tiles_2/BuildingLights1_3.png,BuildingLights1_3.png,BUILDING_LARGE,building_facade,238,98,234,96,8.58,"[""C_LARGE_OBJECT_PAINT""]",True,C_LARGE_OBJECT_PAINT
pvg_building_large_buildinglights1_4_cd293105,res://assets/tilesets/cyber_city_core_tilesets/CyberCity_Core_Tiles_2/CyberCity_Core_Tiles_2/BuildingLights1_4.png,BuildingLights1_4.png,BUILDING_LARGE,building_facade,69,220,61,218,34.8,"[""C_LARGE_OBJECT_PAINT""]",True,C_LARGE_OBJECT_PAINT
pvg_building_large_buildinglights1_5_87667385,res://assets/tilesets/cyber_city_core_tilesets/CyberCity_Core_Tiles_2/CyberCity_Core_Tiles_2/BuildingLights1_5.png,BuildingLights1_5.png,BUILDING_LARGE,building_facade,205,157,202,154,74.13,"[""C_LARGE_OBJECT_PAINT""]",True,C_LARGE_OBJECT_PAINT
pvg_building_large_buildinglights1_6_93d71750,res://assets/tilesets/cyber_city_core_tilesets/CyberCity_Core_Tiles_2/CyberCity_Core_Tiles_2/BuildingLights1_6.png,BuildingLights1_6.png,BUILDING_LARGE,building_facade,202,158,202,155,73.92,"[""C_LARGE_OBJECT_PAINT""]",True,C_LARGE_OBJECT_PAINT
pvg_building_large_buildinglights1_7_f333afce,res://assets/tilesets/cyber_city_core_tilesets/CyberCity_Core_Tiles_2/CyberCity_Core_Tiles_2/BuildingLights1_7.png,BuildingLights1_7.png,BUILDING_LARGE,building_facade,203,197,202,195,55.26,"[""C_LARGE_OBJECT_PAINT""]",True,C_LARGE_OBJECT_PAINT
pvg_building_large_buildinglights1_8_3fbc4c08,res://assets/tilesets/cyber_city_core_tilesets/CyberCity_Core_Tiles_2/CyberCity_Core_Tiles_2/BuildingLights1_8.png,BuildingLights1_8.png,BUILDING_LARGE,building_facade,203,196,202,195,55.02,"[""C_LARGE_OBJECT_PAINT""]",True,C_LARGE_OBJECT_PAINT
pvg_building_large_buildinglights2_1_79c69e8a,res://assets/tilesets/cyber_city_core_tilesets/CyberCity_Core_Tiles_2/CyberCity_Core_Tiles_2/BuildingLights2_1.png,BuildingLights2_1.png,BUILDING_LARGE,building_facade,239,64,235,58,36.62,"[""C_LARGE_OBJECT_PAINT""]",True,C_LARGE_OBJECT_PAINT
pvg_building_large_buildinglights2_2_4c0f534d,res://assets/tilesets/cyber_city_core_tilesets/CyberCity_Core_Tiles_2/CyberCity_Core_Tiles_2/BuildingLights2_2.png,BuildingLights2_2.png,BUILDING_LARGE,building_facade,67,220,61,219,32.64,"[""C_LARGE_OBJECT_PAINT""]",True,C_LARGE_OBJECT_PAINT
pvg_building_large_buildinglights2_3_958a5854,res://assets/tilesets/cyber_city_core_tilesets/CyberCity_Core_Tiles_2/CyberCity_Core_Tiles_2/BuildingLights2_3.png,BuildingLights2_3.png,BUILDING_LARGE,building_facade,238,98,234,96,8.57,"[""C_LARGE_OBJECT_PAINT""]",True,C_LARGE_OBJECT_PAINT
pvg_building_large_buildinglights2_4_c91e94af,res://assets/tilesets/cyber_city_core_tilesets/CyberCity_Core_Tiles_2/CyberCity_Core_Tiles_2/BuildingLights2_4.png,BuildingLights2_4.png,BUILDING_LARGE,building_facade,69,220,61,218,34.8,"[""C_LARGE_OBJECT_PAINT""]",True,C_LARGE_OBJECT_PAINT
pvg_building_large_buildinglights2_5_fa2ec23a,res://assets/tilesets/cyber_city_core_tilesets/CyberCity_Core_Tiles_2/CyberCity_Core_Tiles_2/BuildingLights2_5.png,BuildingLights2_5.png,BUILDING_LARGE,building_facade,205,157,202,154,74.12,"[""C_LARGE_OBJECT_PAINT""]",True,C_LARGE_OBJECT_PAINT
pvg_building_large_buildinglights2_6_143cc69e,res://assets/tilesets/cyber_city_core_tilesets/CyberCity_Core_Tiles_2/CyberCity_Core_Tiles_2/BuildingLights2_6.png,BuildingLights2_6.png,BUILDING_LARGE,building_facade,202,158,202,155,73.91,"[""C_LARGE_OBJECT_PAINT""]",True,C_LARGE_OBJECT_PAINT
pvg_building_large_buildinglights2_7_460261a9,res://assets/tilesets/cyber_city_core_tilesets/CyberCity_Core_Tiles_2/CyberCity_Core_Tiles_2/BuildingLights2_7.png,BuildingLights2_7.png,BUILDING_LARGE,building_facade,203,197,202,195,55.25,"[""C_LARGE_OBJECT_PAINT""]",True,C_LARGE_OBJECT_PAINT
pvg_building_large_buildinglights2_8_4cba0a61,res://assets/tilesets/cyber_city_core_tilesets/CyberCity_Core_Tiles_2/CyberCity_Core_Tiles_2/BuildingLights2_8.png,BuildingLights2_8.png,BUILDING_LARGE,building_facade,203,196,202,195,55.02,"[""C_LARGE_OBJECT_PAINT""]",True,C_LARGE_OBJECT_PAINT
pvg_building_large_buildinglights3_1_f71ce67d,res://assets/tilesets/cyber_city_core_tilesets/CyberCity_Core_Tiles_2/CyberCity_Core_Tiles_2/BuildingLights3_1.png,BuildingLights3_1.png,BUILDING_LARGE,building_facade,239,64,235,58,36.62,"[""C_LARGE_OBJECT_PAINT""]",True,C_LARGE_OBJECT_PAINT
pvg_building_large_buildinglights3_2_35d004b3,res://assets/tilesets/cyber_city_core_tilesets/CyberCity_Core_Tiles_2/CyberCity_Core_Tiles_2/BuildingLights3_2.png,BuildingLights3_2.png,BUILDING_LARGE,building_facade,67,220,61,219,32.64,"[""C_LARGE_OBJECT_PAINT""]",True,C_LARGE_OBJECT_PAINT
pvg_building_large_buildinglights3_3_fbe8a03d,res://assets/tilesets/cyber_city_core_tilesets/CyberCity_Core_Tiles_2/CyberCity_Core_Tiles_2/BuildingLights3_3.png,BuildingLights3_3.png,BUILDING_LARGE,building_facade,238,98,234,96,8.6,"[""C_LARGE_OBJECT_PAINT""]",True,C_LARGE_OBJECT_PAINT
pvg_building_large_buildinglights3_4_2da612d9,res://assets/tilesets/cyber_city_core_tilesets/CyberCity_Core_Tiles_2/CyberCity_Core_Tiles_2/BuildingLights3_4.png,BuildingLights3_4.png,BUILDING_LARGE,building_facade,69,220,61,218,34.82,"[""C_LARGE_OBJECT_PAINT""]",True,C_LARGE_OBJECT_PAINT
pvg_building_large_buildinglights3_5_ddeedbba,res://assets/tilesets/cyber_city_core_tilesets/CyberCity_Core_Tiles_2/CyberCity_Core_Tiles_2/BuildingLights3_5.png,BuildingLights3_5.png,BUILDING_LARGE,building_facade,205,157,202,154,74.13,"[""C_LARGE_OBJECT_PAINT""]",True,C_LARGE_OBJECT_PAINT
pvg_building_large_buildinglights3_6_d39cfdce,res://assets/tilesets/cyber_city_core_tilesets/CyberCity_Core_Tiles_2/CyberCity_Core_Tiles_2/BuildingLights3_6.png,BuildingLights3_6.png,BUILDING_LARGE,building_facade,202,158,202,155,73.92,"[""C_LARGE_OBJECT_PAINT""]",True,C_LARGE_OBJECT_PAINT
pvg_building_large_buildinglights3_7_2f1b3363,res://assets/tilesets/cyber_city_core_tilesets/CyberCity_Core_Tiles_2/CyberCity_Core_Tiles_2/BuildingLights3_7.png,BuildingLights3_7.png,BUILDING_LARGE,building_facade,203,197,202,195,55.26,"[""C_LARGE_OBJECT_PAINT""]",True,C_LARGE_OBJECT_PAINT
pvg_building_large_buildinglights3_8_d5fb33f1,res://assets/tilesets/cyber_city_core_tilesets/CyberCity_Core_Tiles_2/CyberCity_Core_Tiles_2/BuildingLights3_8.png,BuildingLights3_8.png,BUILDING_LARGE,building_facade,203,196,202,195,55.02,"[""C_LARGE_OBJECT_PAINT""]",True,C_LARGE_OBJECT_PAINT
pvg_building_large_buildinglights4_1_27047eb4,res://assets/tilesets/cyber_city_core_tilesets/CyberCity_Core_Tiles_2/CyberCity_Core_Tiles_2/BuildingLights4_1.png,BuildingLights4_1.png,BUILDING_LARGE,building_facade,239,64,235,58,36.62,"[""C_LARGE_OBJECT_PAINT""]",True,C_LARGE_OBJECT_PAINT
pvg_building_large_buildinglights4_2_b39b5597,res://assets/tilesets/cyber_city_core_tilesets/CyberCity_Core_Tiles_2/CyberCity_Core_Tiles_2/BuildingLights4_2.png,BuildingLights4_2.png,BUILDING_LARGE,building_facade,67,220,61,219,32.64,"[""C_LARGE_OBJECT_PAINT""]",True,C_LARGE_OBJECT_PAINT
pvg_building_large_buildinglights4_3_fff9f39d,res://assets/tilesets/cyber_city_core_tilesets/CyberCity_Core_Tiles_2/CyberCity_Core_Tiles_2/BuildingLights4_3.png,BuildingLights4_3.png,BUILDING_LARGE,building_facade,238,98,234,96,8.57,"[""C_LARGE_OBJECT_PAINT""]",True,C_LARGE_OBJECT_PAINT
pvg_building_large_buildinglights4_4_b63e4d38,res://assets/tilesets/cyber_city_core_tilesets/CyberCity_Core_Tiles_2/CyberCity_Core_Tiles_2/BuildingLights4_4.png,BuildingLights4_4.png,BUILDING_LARGE,building_facade,69,220,61,218,34.81,"[""C_LARGE_OBJECT_PAINT""]",True,C_LARGE_OBJECT_PAINT
pvg_building_large_buildinglights4_5_36c5e73a,res://assets/tilesets/cyber_city_core_tilesets/CyberCity_Core_Tiles_2/CyberCity_Core_Tiles_2/BuildingLights4_5.png,BuildingLights4_5.png,BUILDING_LARGE,building_facade,205,157,202,154,74.13,"[""C_LARGE_OBJECT_PAINT""]",True,C_LARGE_OBJECT_PAINT
pvg_building_large_buildinglights4_6_3a46bd38,res://assets/tilesets/cyber_city_core_tilesets/CyberCity_Core_Tiles_2/CyberCity_Core_Tiles_2/BuildingLights4_6.png,BuildingLights4_6.png,BUILDING_LARGE,building_facade,202,158,202,155,73.92,"[""C_LARGE_OBJECT_PAINT""]",True,C_LARGE_OBJECT_PAINT
pvg_building_large_buildinglights4_7_fe80e43a,res://assets/tilesets/cyber_city_core_tilesets/CyberCity_Core_Tiles_2/CyberCity_Core_Tiles_2/BuildingLights4_7.png,BuildingLights4_7.png,BUILDING_LARGE,building_facade,203,197,202,195,55.25,"[""C_LARGE_OBJECT_PAINT""]",True,C_LARGE_OBJECT_PAINT
pvg_building_large_buildinglights4_8_9e299cba,res://assets/tilesets/cyber_city_core_tilesets/CyberCity_Core_Tiles_2/CyberCity_Core_Tiles_2/BuildingLights4_8.png,BuildingLights4_8.png,BUILDING_LARGE,building_facade,203,196,202,195,55.02,"[""C_LARGE_OBJECT_PAINT""]",True,C_LARGE_OBJECT_PAINT
pvg_building_large_buildingsign10_1_ccc24754,res://assets/tilesets/cyber_city_core_tilesets/CyberCity_Core_Tiles_2/CyberCity_Core_Tiles_2/BuildingSign10_1.png,BuildingSign10_1.png,BUILDING_LARGE,building_facade,197,114,193,106,35.28,"[""C_LARGE_OBJECT_PAINT""]",True,C_LARGE_OBJECT_PAINT
pvg_building_large_buildingsign10_4_73c20fd3,res://assets/tilesets/cyber_city_core_tilesets/CyberCity_Core_Tiles_2/CyberCity_Core_Tiles_2/BuildingSign10_4.png,BuildingSign10_4.png,BUILDING_LARGE,building_facade,182,160,180,156,49.54,"[""C_LARGE_OBJECT_PAINT""]",True,C_LARGE_OBJECT_PAINT
pvg_building_large_buildingsign10_5_f1031713,res://assets/tilesets/cyber_city_core_tilesets/CyberCity_Core_Tiles_2/CyberCity_Core_Tiles_2/BuildingSign10_5.png,BuildingSign10_5.png,BUILDING_LARGE,building_facade,185,158,180,156,49.76,"[""C_LARGE_OBJECT_PAINT""]",True,C_LARGE_OBJECT_PAINT
pvg_building_large_buildingsign11_1_eac5a8b7,res://assets/tilesets/cyber_city_core_tilesets/CyberCity_Core_Tiles_2/CyberCity_Core_Tiles_2/BuildingSign11_1.png,BuildingSign11_1.png,BUILDING_LARGE,building_facade,197,114,193,106,35.63,"[""C_LARGE_OBJECT_PAINT""]",True,C_LARGE_OBJECT_PAINT
pvg_building_large_buildingsign11_4_962d960d,res://assets/tilesets/cyber_city_core_tilesets/CyberCity_Core_Tiles_2/CyberCity_Core_Tiles_2/BuildingSign11_4.png,BuildingSign11_4.png,BUILDING_LARGE,building_facade,182,160,180,156,49.72,"[""C_LARGE_OBJECT_PAINT""]",True,C_LARGE_OBJECT_PAINT
pvg_building_large_buildingsign11_5_a662f879,res://assets/tilesets/cyber_city_core_tilesets/CyberCity_Core_Tiles_2/CyberCity_Core_Tiles_2/BuildingSign11_5.png,BuildingSign11_5.png,BUILDING_LARGE,building_facade,185,158,180,156,49.96,"[""C_LARGE_OBJECT_PAINT""]",True,C_LARGE_OBJECT_PAINT
pvg_building_large_buildingsign12_1_c80c077b,res://assets/tilesets/cyber_city_core_tilesets/CyberCity_Core_Tiles_2/CyberCity_Core_Tiles_2/BuildingSign12_1.png,BuildingSign12_1.png,BUILDING_LARGE,building_facade,197,114,193,106,35.28,"[""C_LARGE_OBJECT_PAINT""]",True,C_LARGE_OBJECT_PAINT
pvg_building_large_buildingsign12_4_893ae9ee,res://assets/tilesets/cyber_city_core_tilesets/CyberCity_Core_Tiles_2/CyberCity_Core_Tiles_2/BuildingSign12_4.png,BuildingSign12_4.png,BUILDING_LARGE,building_facade,182,160,180,156,49.54,"[""C_LARGE_OBJECT_PAINT""]",True,C_LARGE_OBJECT_PAINT
pvg_building_large_buildingsign12_5_107f8a41,res://assets/tilesets/cyber_city_core_tilesets/CyberCity_Core_Tiles_2/CyberCity_Core_Tiles_2/BuildingSign12_5.png,BuildingSign12_5.png,BUILDING_LARGE,building_facade,185,158,180,156,49.76,"[""C_LARGE_OBJECT_PAINT""]",True,C_LARGE_OBJECT_PAINT
pvg_building_large_buildingsign13_1_7ec27346,res://assets/tilesets/cyber_city_core_tilesets/CyberCity_Core_Tiles_2/CyberCity_Core_Tiles_2/BuildingSign13_1.png,BuildingSign13_1.png,BUILDING_LARGE,building_facade,197,114,193,106,35.28,"[""C_LARGE_OBJECT_PAINT""]",True,C_LARGE_OBJECT_PAINT
pvg_building_large_buildingsign13_4_3f96137a,res://assets/tilesets/cyber_city_core_tilesets/CyberCity_Core_Tiles_2/CyberCity_Core_Tiles_2/BuildingSign13_4.png,BuildingSign13_4.png,BUILDING_LARGE,building_facade,182,160,180,156,49.54,"[""C_LARGE_OBJECT_PAINT""]",True,C_LARGE_OBJECT_PAINT
pvg_building_large_buildingsign13_5_4dccf79a,res://assets/tilesets/cyber_city_core_tilesets/CyberCity_Core_Tiles_2/CyberCity_Core_Tiles_2/BuildingSign13_5.png,BuildingSign13_5.png,BUILDING_LARGE,building_facade,185,158,180,156,49.76,"[""C_LARGE_OBJECT_PAINT""]",True,C_LARGE_OBJECT_PAINT
pvg_building_large_buildingsign14_1_f4b6a421,res://assets/tilesets/cyber_city_core_tilesets/CyberCity_Core_Tiles_2/CyberCity_Core_Tiles_2/BuildingSign14_1.png,BuildingSign14_1.png,BUILDING_LARGE,building_facade,197,114,193,106,35.61,"[""C_LARGE_OBJECT_PAINT""]",True,C_LARGE_OBJECT_PAINT
pvg_building_large_buildingsign14_4_0840929a,res://assets/tilesets/cyber_city_core_tilesets/CyberCity_Core_Tiles_2/CyberCity_Core_Tiles_2/BuildingSign14_4.png,BuildingSign14_4.png,BUILDING_LARGE,building_facade,182,160,180,156,49.7,"[""C_LARGE_OBJECT_PAINT""]",True,C_LARGE_OBJECT_PAINT
pvg_building_large_buildingsign14_5_2d9f794e,res://assets/tilesets/cyber_city_core_tilesets/CyberCity_Core_Tiles_2/CyberCity_Core_Tiles_2/BuildingSign14_5.png,BuildingSign14_5.png,BUILDING_LARGE,building_facade,185,158,180,156,49.94,"[""C_LARGE_OBJECT_PAINT""]",True,C_LARGE_OBJECT_PAINT
pvg_building_large_buildingsign15_1_dfdcf278,res://assets/tilesets/cyber_city_core_tilesets/CyberCity_Core_Tiles_2/CyberCity_Core_Tiles_2/BuildingSign15_1.png,BuildingSign15_1.png,BUILDING_LARGE,building_facade,197,114,193,106,35.5,"[""C_LARGE_OBJECT_PAINT""]",True,C_LARGE_OBJECT_PAINT
pvg_building_large_buildingsign15_4_4bad7071,res://assets/tilesets/cyber_city_core_tilesets/CyberCity_Core_Tiles_2/CyberCity_Core_Tiles_2/BuildingSign15_4.png,BuildingSign15_4.png,BUILDING_LARGE,building_facade,182,160,180,156,49.29,"[""C_LARGE_OBJECT_PAINT""]",True,C_LARGE_OBJECT_PAINT
pvg_building_large_buildingsign15_5_54b89fc0,res://assets/tilesets/cyber_city_core_tilesets/CyberCity_Core_Tiles_2/CyberCity_Core_Tiles_2/BuildingSign15_5.png,BuildingSign15_5.png,BUILDING_LARGE,building_facade,185,158,180,156,49.53,"[""C_LARGE_OBJECT_PAINT""]",True,C_LARGE_OBJECT_PAINT
pvg_building_large_buildingsign16_1_a9cd587a,res://assets/tilesets/cyber_city_core_tilesets/CyberCity_Core_Tiles_2/CyberCity_Core_Tiles_2/BuildingSign16_1.png,BuildingSign16_1.png,BUILDING_LARGE,building_facade,197,114,193,106,35.28,"[""C_LARGE_OBJECT_PAINT""]",True,C_LARGE_OBJECT_PAINT
pvg_building_large_buildingsign16_4_45ea6784,res://assets/tilesets/cyber_city_core_tilesets/CyberCity_Core_Tiles_2/CyberCity_Core_Tiles_2/BuildingSign16_4.png,BuildingSign16_4.png,BUILDING_LARGE,building_facade,182,160,180,156,49.54,"[""C_LARGE_OBJECT_PAINT""]",True,C_LARGE_OBJECT_PAINT
pvg_building_large_buildingsign16_5_6d151887,res://assets/tilesets/cyber_city_core_tilesets/CyberCity_Core_Tiles_2/CyberCity_Core_Tiles_2/BuildingSign16_5.png,BuildingSign16_5.png,BUILDING_LARGE,building_facade,185,158,180,156,49.76,"[""C_LARGE_OBJECT_PAINT""]",True,C_LARGE_OBJECT_PAINT
pvg_building_large_buildingsign17_1_e1e170a2,res://assets/tilesets/cyber_city_core_tilesets/CyberCity_Core_Tiles_2/CyberCity_Core_Tiles_2/BuildingSign17_1.png,BuildingSign17_1.png,BUILDING_LARGE,building_facade,197,114,193,106,35.78,"[""C_LARGE_OBJECT_PAINT""]",True,C_LARGE_OBJECT_PAINT
pvg_building_large_buildingsign17_4_efea22b5,res://assets/tilesets/cyber_city_core_tilesets/CyberCity_Core_Tiles_2/CyberCity_Core_Tiles_2/BuildingSign17_4.png,BuildingSign17_4.png,BUILDING_LARGE,building_facade,182,160,180,156,49.81,"[""C_LARGE_OBJECT_PAINT""]",True,C_LARGE_OBJECT_PAINT
pvg_building_large_buildingsign17_5_eb3a4b86,res://assets/tilesets/cyber_city_core_tilesets/CyberCity_Core_Tiles_2/CyberCity_Core_Tiles_2/BuildingSign17_5.png,BuildingSign17_5.png,BUILDING_LARGE,building_facade,185,158,180,156,50.03,"[""C_LARGE_OBJECT_PAINT""]",True,C_LARGE_OBJECT_PAINT
pvg_building_large_buildingsign18_1_75eb0238,res://assets/tilesets/cyber_city_core_tilesets/CyberCity_Core_Tiles_2/CyberCity_Core_Tiles_2/BuildingSign18_1.png,BuildingSign18_1.png,BUILDING_LARGE,building_facade,197,114,193,106,35.77,"[""C_LARGE_OBJECT_PAINT""]",True,C_LARGE_OBJECT_PAINT
pvg_building_large_buildingsign18_4_74c5b088,res://assets/tilesets/cyber_city_core_tilesets/CyberCity_Core_Tiles_2/CyberCity_Core_Tiles_2/BuildingSign18_4.png,BuildingSign18_4.png,BUILDING_LARGE,building_facade,182,160,180,156,49.76,"[""C_LARGE_OBJECT_PAINT""]",True,C_LARGE_OBJECT_PAINT
pvg_building_large_buildingsign18_5_0ca72982,res://assets/tilesets/cyber_city_core_tilesets/CyberCity_Core_Tiles_2/CyberCity_Core_Tiles_2/BuildingSign18_5.png,BuildingSign18_5.png,BUILDING_LARGE,building_facade,185,158,180,156,50.0,"[""C_LARGE_OBJECT_PAINT""]",True,C_LARGE_OBJECT_PAINT
pvg_building_large_buildingsign1_1_f8109d8c,res://assets/tilesets/cyber_city_core_tilesets/CyberCity_Core_Tiles_2/CyberCity_Core_Tiles_2/BuildingSign1_1.png,BuildingSign1_1.png,BUILDING_LARGE,building_facade,197,114,193,106,35.35,"[""C_LARGE_OBJECT_PAINT""]",True,C_LARGE_OBJECT_PAINT
pvg_building_large_buildingsign1_2_4f387170,res://assets/tilesets/cyber_city_core_tilesets/CyberCity_Core_Tiles_2/CyberCity_Core_Tiles_2/BuildingSign1_2.png,BuildingSign1_2.png,BUILDING_LARGE,building_facade,116,200,112,199,39.71,"[""C_LARGE_OBJECT_PAINT""]",True,C_LARGE_OBJECT_PAINT
pvg_building_large_buildingsign1_3_57221fc2,res://assets/tilesets/cyber_city_core_tilesets/CyberCity_Core_Tiles_2/CyberCity_Core_Tiles_2/BuildingSign1_3.png,BuildingSign1_3.png,BUILDING_LARGE,building_facade,118,203,112,200,41.78,"[""C_LARGE_OBJECT_PAINT""]",True,C_LARGE_OBJECT_PAINT
pvg_building_large_buildingsign1_4_da5298e9,res://assets/tilesets/cyber_city_core_tilesets/CyberCity_Core_Tiles_2/CyberCity_Core_Tiles_2/BuildingSign1_4.png,BuildingSign1_4.png,BUILDING_LARGE,building_facade,182,160,180,156,49.46,"[""C_LARGE_OBJECT_PAINT""]",True,C_LARGE_OBJECT_PAINT
pvg_building_large_buildingsign1_5_0bff04b6,res://assets/tilesets/cyber_city_core_tilesets/CyberCity_Core_Tiles_2/CyberCity_Core_Tiles_2/BuildingSign1_5.png,BuildingSign1_5.png,BUILDING_LARGE,building_facade,185,158,180,156,49.67,"[""C_LARGE_OBJECT_PAINT""]",True,C_LARGE_OBJECT_PAINT
pvg_building_large_buildingsign2_1_56c7908e,res://assets/tilesets/cyber_city_core_tilesets/CyberCity_Core_Tiles_2/CyberCity_Core_Tiles_2/BuildingSign2_1.png,BuildingSign2_1.png,BUILDING_LARGE,building_facade,197,114,193,106,35.55,"[""C_LARGE_OBJECT_PAINT""]",True,C_LARGE_OBJECT_PAINT
pvg_building_large_buildingsign2_4_516f2424,res://assets/tilesets/cyber_city_core_tilesets/CyberCity_Core_Tiles_2/CyberCity_Core_Tiles_2/BuildingSign2_4.png,BuildingSign2_4.png,BUILDING_LARGE,building_facade,182,160,180,156,49.71,"[""C_LARGE_OBJECT_PAINT""]",True,C_LARGE_OBJECT_PAINT
pvg_building_large_buildingsign2_5_a7a6333d,res://assets/tilesets/cyber_city_core_tilesets/CyberCity_Core_Tiles_2/CyberCity_Core_Tiles_2/BuildingSign2_5.png,BuildingSign2_5.png,BUILDING_LARGE,building_facade,185,158,180,156,49.97,"[""C_LARGE_OBJECT_PAINT""]",True,C_LARGE_OBJECT_PAINT
pvg_building_large_buildingsign3_1_c20b14b7,res://assets/tilesets/cyber_city_core_tilesets/CyberCity_Core_Tiles_2/CyberCity_Core_Tiles_2/BuildingSign3_1.png,BuildingSign3_1.png,BUILDING_LARGE,building_facade,197,114,193,106,35.49,"[""C_LARGE_OBJECT_PAINT""]",True,C_LARGE_OBJECT_PAINT
pvg_building_large_buildingsign3_4_da1d525f,res://assets/tilesets/cyber_city_core_tilesets/CyberCity_Core_Tiles_2/CyberCity_Core_Tiles_2/BuildingSign3_4.png,BuildingSign3_4.png,BUILDING_LARGE,building_facade,182,160,180,156,49.59,"[""C_LARGE_OBJECT_PAINT""]",True,C_LARGE_OBJECT_PAINT
pvg_building_large_buildingsign3_5_5deede28,res://assets/tilesets/cyber_city_core_tilesets/CyberCity_Core_Tiles_2/CyberCity_Core_Tiles_2/BuildingSign3_5.png,BuildingSign3_5.png,BUILDING_LARGE,building_facade,185,158,180,156,49.81,"[""C_LARGE_OBJECT_PAINT""]",True,C_LARGE_OBJECT_PAINT
pvg_building_large_buildingsign4_1_5497623b,res://assets/tilesets/cyber_city_core_tilesets/CyberCity_Core_Tiles_2/CyberCity_Core_Tiles_2/BuildingSign4_1.png,BuildingSign4_1.png,BUILDING_LARGE,building_facade,197,114,193,106,35.66,"[""C_LARGE_OBJECT_PAINT""]",True,C_LARGE_OBJECT_PAINT
pvg_building_large_buildingsign4_4_ba75d967,res://assets/tilesets/cyber_city_core_tilesets/CyberCity_Core_Tiles_2/CyberCity_Core_Tiles_2/BuildingSign4_4.png,BuildingSign4_4.png,BUILDING_LARGE,building_facade,182,160,180,156,49.69,"[""C_LARGE_OBJECT_PAINT""]",True,C_LARGE_OBJECT_PAINT
pvg_building_large_buildingsign4_5_420348d5,res://assets/tilesets/cyber_city_core_tilesets/CyberCity_Core_Tiles_2/CyberCity_Core_Tiles_2/BuildingSign4_5.png,BuildingSign4_5.png,BUILDING_LARGE,building_facade,185,158,180,156,49.93,"[""C_LARGE_OBJECT_PAINT""]",True,C_LARGE_OBJECT_PAINT
pvg_building_large_buildingsign5_1_b32cc5fe,res://assets/tilesets/cyber_city_core_tilesets/CyberCity_Core_Tiles_2/CyberCity_Core_Tiles_2/BuildingSign5_1.png,BuildingSign5_1.png,BUILDING_LARGE,building_facade,197,114,193,106,35.76,"[""C_LARGE_OBJECT_PAINT""]",True,C_LARGE_OBJECT_PAINT
pvg_building_large_buildingsign5_4_66370d62,res://assets/tilesets/cyber_city_core_tilesets/CyberCity_Core_Tiles_2/CyberCity_Core_Tiles_2/BuildingSign5_4.png,BuildingSign5_4.png,BUILDING_LARGE,building_facade,182,160,180,156,49.79,"[""C_LARGE_OBJECT_PAINT""]",True,C_LARGE_OBJECT_PAINT
pvg_building_large_buildingsign5_5_fd02a4f8,res://assets/tilesets/cyber_city_core_tilesets/CyberCity_Core_Tiles_2/CyberCity_Core_Tiles_2/BuildingSign5_5.png,BuildingSign5_5.png,BUILDING_LARGE,building_facade,185,158,180,156,50.04,"[""C_LARGE_OBJECT_PAINT""]",True,C_LARGE_OBJECT_PAINT
pvg_building_large_buildingsign6_1_a26d21b3,res://assets/tilesets/cyber_city_core_tilesets/CyberCity_Core_Tiles_2/CyberCity_Core_Tiles_2/BuildingSign6_1.png,BuildingSign6_1.png,BUILDING_LARGE,building_facade,197,114,193,106,35.69,"[""C_LARGE_OBJECT_PAINT""]",True,C_LARGE_OBJECT_PAINT
pvg_building_large_buildingsign6_4_a88f9237,res://assets/tilesets/cyber_city_core_tilesets/CyberCity_Core_Tiles_2/CyberCity_Core_Tiles_2/BuildingSign6_4.png,BuildingSign6_4.png,BUILDING_LARGE,building_facade,182,160,180,156,49.83,"[""C_LARGE_OBJECT_PAINT""]",True,C_LARGE_OBJECT_PAINT
pvg_building_large_buildingsign6_5_f1419370,res://assets/tilesets/cyber_city_core_tilesets/CyberCity_Core_Tiles_2/CyberCity_Core_Tiles_2/BuildingSign6_5.png,BuildingSign6_5.png,BUILDING_LARGE,building_facade,185,158,180,156,50.09,"[""C_LARGE_OBJECT_PAINT""]",True,C_LARGE_OBJECT_PAINT
pvg_building_large_buildingsign7_1_c4c032ec,res://assets/tilesets/cyber_city_core_tilesets/CyberCity_Core_Tiles_2/CyberCity_Core_Tiles_2/BuildingSign7_1.png,BuildingSign7_1.png,BUILDING_LARGE,building_facade,197,114,193,106,35.4,"[""C_LARGE_OBJECT_PAINT""]",True,C_LARGE_OBJECT_PAINT
pvg_building_large_buildingsign7_4_49d0fa07,res://assets/tilesets/cyber_city_core_tilesets/CyberCity_Core_Tiles_2/CyberCity_Core_Tiles_2/BuildingSign7_4.png,BuildingSign7_4.png,BUILDING_LARGE,building_facade,182,160,180,156,49.64,"[""C_LARGE_OBJECT_PAINT""]",True,C_LARGE_OBJECT_PAINT
pvg_building_large_buildingsign7_5_806a3947,res://assets/tilesets/cyber_city_core_tilesets/CyberCity_Core_Tiles_2/CyberCity_Core_Tiles_2/BuildingSign7_5.png,BuildingSign7_5.png,BUILDING_LARGE,building_facade,185,158,180,156,49.86,"[""C_LARGE_OBJECT_PAINT""]",True,C_LARGE_OBJECT_PAINT
pvg_building_large_buildingsign8_1_1f240edb,res://assets/tilesets/cyber_city_core_tilesets/CyberCity_Core_Tiles_2/CyberCity_Core_Tiles_2/BuildingSign8_1.png,BuildingSign8_1.png,BUILDING_LARGE,building_facade,197,114,193,106,35.56,"[""C_LARGE_OBJECT_PAINT""]",True,C_LARGE_OBJECT_PAINT
pvg_building_large_buildingsign8_4_f83f8692,res://assets/tilesets/cyber_city_core_tilesets/CyberCity_Core_Tiles_2/CyberCity_Core_Tiles_2/BuildingSign8_4.png,BuildingSign8_4.png,BUILDING_LARGE,building_facade,182,160,180,156,49.76,"[""C_LARGE_OBJECT_PAINT""]",True,C_LARGE_OBJECT_PAINT
pvg_building_large_buildingsign8_5_cd88a5ef,res://assets/tilesets/cyber_city_core_tilesets/CyberCity_Core_Tiles_2/CyberCity_Core_Tiles_2/BuildingSign8_5.png,BuildingSign8_5.png,BUILDING_LARGE,building_facade,185,158,180,156,49.99,"[""C_LARGE_OBJECT_PAINT""]",True,C_LARGE_OBJECT_PAINT
pvg_building_large_buildingsign9_1_f14e532b,res://assets/tilesets/cyber_city_core_tilesets/CyberCity_Core_Tiles_2/CyberCity_Core_Tiles_2/BuildingSign9_1.png,BuildingSign9_1.png,BUILDING_LARGE,building_facade,197,114,193,106,39.22,"[""C_LARGE_OBJECT_PAINT""]",True,C_LARGE_OBJECT_PAINT
pvg_building_large_buildingsign9_4_efbe5db4,res://assets/tilesets/cyber_city_core_tilesets/CyberCity_Core_Tiles_2/CyberCity_Core_Tiles_2/BuildingSign9_4.png,BuildingSign9_4.png,BUILDING_LARGE,building_facade,182,160,180,156,51.3,"[""C_LARGE_OBJECT_PAINT""]",True,C_LARGE_OBJECT_PAINT
pvg_building_large_buildingsign9_5_717d9aa7,res://assets/tilesets/cyber_city_core_tilesets/CyberCity_Core_Tiles_2/CyberCity_Core_Tiles_2/BuildingSign9_5.png,BuildingSign9_5.png,BUILDING_LARGE,building_facade,185,158,180,156,51.95,"[""C_LARGE_OBJECT_PAINT""]",True,C_LARGE_OBJECT_PAINT
pvg_neon_sign_cardboardsign1_1_301a83e8,res://assets/tilesets/cyber_city_core_tilesets/CyberCity_Core_Tiles_2/CyberCity_Core_Tiles_2/CardboardSign1_1.png,CardboardSign1_1.png,NEON_SIGN,sign_billboard,54,83,52,78,45.43,"[""C_LARGE_OBJECT_PAINT""]",True,C_LARGE_OBJECT_PAINT
pvg_neon_sign_cardboardsign1_2_ba02e039,res://assets/tilesets/cyber_city_core_tilesets/CyberCity_Core_Tiles_2/CyberCity_Core_Tiles_2/CardboardSign1_2.png,CardboardSign1_2.png,NEON_SIGN,sign_billboard,29,84,26,84,60.43,"[""C_LARGE_OBJECT_PAINT""]",True,C_LARGE_OBJECT_PAINT
pvg_neon_sign_cardboardsign1_3_55c2563b,res://assets/tilesets/cyber_city_core_tilesets/CyberCity_Core_Tiles_2/CyberCity_Core_Tiles_2/CardboardSign1_3.png,CardboardSign1_3.png,NEON_SIGN,sign_billboard,59,71,56,70,55.98,"[""C_LARGE_OBJECT_PAINT""]",True,C_LARGE_OBJECT_PAINT
pvg_neon_sign_cardboardsign1_4_a8a8d897,res://assets/tilesets/cyber_city_core_tilesets/CyberCity_Core_Tiles_2/CyberCity_Core_Tiles_2/CardboardSign1_4.png,CardboardSign1_4.png,NEON_SIGN,sign_billboard,43,90,38,85,67.65,"[""C_LARGE_OBJECT_PAINT""]",True,C_LARGE_OBJECT_PAINT
pvg_neon_sign_cardboardsign1_5_f34b3999,res://assets/tilesets/cyber_city_core_tilesets/CyberCity_Core_Tiles_2/CyberCity_Core_Tiles_2/CardboardSign1_5.png,CardboardSign1_5.png,NEON_SIGN,sign_billboard,45,87,43,85,51.8,"[""C_LARGE_OBJECT_PAINT""]",True,C_LARGE_OBJECT_PAINT
pvg_neon_sign_cardboardsign1_6_52e00421,res://assets/tilesets/cyber_city_core_tilesets/CyberCity_Core_Tiles_2/CyberCity_Core_Tiles_2/CardboardSign1_6.png,CardboardSign1_6.png,NEON_SIGN,sign_billboard,54,88,52,86,53.98,"[""C_LARGE_OBJECT_PAINT""]",True,C_LARGE_OBJECT_PAINT
pvg_neon_sign_cardboardsign1_7_9d5ec530,res://assets/tilesets/cyber_city_core_tilesets/CyberCity_Core_Tiles_2/CyberCity_Core_Tiles_2/CardboardSign1_7.png,CardboardSign1_7.png,NEON_SIGN,sign_billboard,45,73,43,71,56.93,"[""C_LARGE_OBJECT_PAINT""]",True,C_LARGE_OBJECT_PAINT
pvg_neon_sign_cardboardsign1_8_030539b6,res://assets/tilesets/cyber_city_core_tilesets/CyberCity_Core_Tiles_2/CyberCity_Core_Tiles_2/CardboardSign1_8.png,CardboardSign1_8.png,NEON_SIGN,sign_billboard,56,77,55,74,68.11,"[""C_LARGE_OBJECT_PAINT""]",True,C_LARGE_OBJECT_PAINT
pvg_tileset_atlas_chargingstation1_1_1d12b4f1,res://assets/tilesets/cyber_city_core_tilesets/CyberCity_Core_Tiles_2/CyberCity_Core_Tiles_2/ChargingStation1_1.png,ChargingStation1_1.png,TILESET_ATLAS,atlas_or_large_sheet,518,663,507,651,31.89,"[""A_PRIMARY_ATLAS"", ""C_LARGE_OBJECT_PAINT""]",True,"A_PRIMARY_ATLAS, C_LARGE_OBJECT_PAINT"
pvg_tileset_atlas_chargingstation1_2_ec0730bd,res://assets/tilesets/cyber_city_core_tilesets/CyberCity_Core_Tiles_2/CyberCity_Core_Tiles_2/ChargingStation1_2.png,ChargingStation1_2.png,TILESET_ATLAS,atlas_or_large_sheet,542,532,530,522,27.97,"[""A_PRIMARY_ATLAS"", ""C_LARGE_OBJECT_PAINT""]",True,"A_PRIMARY_ATLAS, C_LARGE_OBJECT_PAINT"
pvg_tileset_atlas_chargingstation1_3_22126e6a,res://assets/tilesets/cyber_city_core_tilesets/CyberCity_Core_Tiles_2/CyberCity_Core_Tiles_2/ChargingStation1_3.png,ChargingStation1_3.png,TILESET_ATLAS,atlas_or_large_sheet,573,662,563,652,32.99,"[""A_PRIMARY_ATLAS"", ""C_LARGE_OBJECT_PAINT""]",True,"A_PRIMARY_ATLAS, C_LARGE_OBJECT_PAINT"
pvg_tileset_atlas_chargingstation1_4_30d342b8,res://assets/tilesets/cyber_city_core_tilesets/CyberCity_Core_Tiles_2/CyberCity_Core_Tiles_2/ChargingStation1_4.png,ChargingStation1_4.png,TILESET_ATLAS,atlas_or_large_sheet,538,687,531,675,27.77,"[""A_PRIMARY_ATLAS"", ""C_LARGE_OBJECT_PAINT""]",True,"A_PRIMARY_ATLAS, C_LARGE_OBJECT_PAINT"
pvg_tileset_atlas_chargingstation1_5_e4dab30e,res://assets/tilesets/cyber_city_core_tilesets/CyberCity_Core_Tiles_2/CyberCity_Core_Tiles_2/ChargingStation1_5.png,ChargingStation1_5.png,TILESET_ATLAS,atlas_or_large_sheet,611,595,606,588,38.67,"[""A_PRIMARY_ATLAS"", ""C_LARGE_OBJECT_PAINT""]",True,"A_PRIMARY_ATLAS, C_LARGE_OBJECT_PAINT"
pvg_tileset_atlas_chargingstation1_6_f6aa8365,res://assets/tilesets/cyber_city_core_tilesets/CyberCity_Core_Tiles_2/CyberCity_Core_Tiles_2/ChargingStation1_6.png,ChargingStation1_6.png,TILESET_ATLAS,atlas_or_large_sheet,612,787,606,782,44.68,"[""A_PRIMARY_ATLAS"", ""C_LARGE_OBJECT_PAINT""]",True,"A_PRIMARY_ATLAS, C_LARGE_OBJECT_PAINT"
pvg_tileset_atlas_chargingstation1_7_b24cbfad,res://assets/tilesets/cyber_city_core_tilesets/CyberCity_Core_Tiles_2/CyberCity_Core_Tiles_2/ChargingStation1_7.png,ChargingStation1_7.png,TILESET_ATLAS,atlas_or_large_sheet,719,591,715,588,44.14,"[""A_PRIMARY_ATLAS"", ""C_LARGE_OBJECT_PAINT""]",True,"A_PRIMARY_ATLAS, C_LARGE_OBJECT_PAINT"
pvg_tileset_atlas_chargingstation1_8_d13730f5,res://assets/tilesets/cyber_city_core_tilesets/CyberCity_Core_Tiles_2/CyberCity_Core_Tiles_2/ChargingStation1_8.png,ChargingStation1_8.png,TILESET_ATLAS,atlas_or_large_sheet,720,783,716,782,51.77,"[""A_PRIMARY_ATLAS"", ""C_LARGE_OBJECT_PAINT""]",True,"A_PRIMARY_ATLAS, C_LARGE_OBJECT_PAINT"
pvg_tileset_atlas_citywalls1_1_b439d481,res://assets/tilesets/cyber_city_core_tilesets/CyberCity_Core_Tiles_2/CyberCity_Core_Tiles_2/CityWalls1_1.png,CityWalls1_1.png,TILESET_ATLAS,atlas_or_large_sheet,460,772,455,765,35.57,"[""A_PRIMARY_ATLAS"", ""B_HIGH_VALUE_PAINT""]",True,"A_PRIMARY_ATLAS, B_HIGH_VALUE_PAINT"
pvg_tileset_atlas_citywalls1_2_5cded643,res://assets/tilesets/cyber_city_core_tilesets/CyberCity_Core_Tiles_2/CyberCity_Core_Tiles_2/CityWalls1_2.png,CityWalls1_2.png,TILESET_ATLAS,atlas_or_large_sheet,522,660,510,652,25.35,"[""A_PRIMARY_ATLAS"", ""B_HIGH_VALUE_PAINT""]",True,"A_PRIMARY_ATLAS, B_HIGH_VALUE_PAINT"
pvg_tileset_atlas_citywalls1_3_baa4a88f,res://assets/tilesets/cyber_city_core_tilesets/CyberCity_Core_Tiles_2/CyberCity_Core_Tiles_2/CityWalls1_3.png,CityWalls1_3.png,TILESET_ATLAS,atlas_or_large_sheet,458,745,456,738,35.46,"[""A_PRIMARY_ATLAS"", ""B_HIGH_VALUE_PAINT""]",True,"A_PRIMARY_ATLAS, B_HIGH_VALUE_PAINT"
pvg_tileset_atlas_citywalls1_4_6c5924ba,res://assets/tilesets/cyber_city_core_tilesets/CyberCity_Core_Tiles_2/CyberCity_Core_Tiles_2/CityWalls1_4.png,CityWalls1_4.png,TILESET_ATLAS,atlas_or_large_sheet,521,721,510,714,31.6,"[""A_PRIMARY_ATLAS"", ""B_HIGH_VALUE_PAINT""]",True,"A_PRIMARY_ATLAS, B_HIGH_VALUE_PAINT"
pvg_tileset_atlas_citywalls1_5_b289e2b2,res://assets/tilesets/cyber_city_core_tilesets/CyberCity_Core_Tiles_2/CyberCity_Core_Tiles_2/CityWalls1_5.png,CityWalls1_5.png,TILESET_ATLAS,atlas_or_large_sheet,578,758,576,756,39.6,"[""A_PRIMARY_ATLAS"", ""B_HIGH_VALUE_PAINT""]",True,"A_PRIMARY_ATLAS, B_HIGH_VALUE_PAINT"
pvg_tileset_atlas_citywalls1_6_0b3d4c49,res://assets/tilesets/cyber_city_core_tilesets/CyberCity_Core_Tiles_2/CyberCity_Core_Tiles_2/CityWalls1_6.png,CityWalls1_6.png,TILESET_ATLAS,atlas_or_large_sheet,581,805,579,803,43.11,"[""A_PRIMARY_ATLAS"", ""B_HIGH_VALUE_PAINT""]",True,"A_PRIMARY_ATLAS, B_HIGH_VALUE_PAINT"
pvg_tileset_atlas_citywalls1_7_1a545884,res://assets/tilesets/cyber_city_core_tilesets/CyberCity_Core_Tiles_2/CyberCity_Core_Tiles_2/CityWalls1_7.png,CityWalls1_7.png,TILESET_ATLAS,atlas_or_large_sheet,582,760,579,758,39.21,"[""A_PRIMARY_ATLAS"", ""B_HIGH_VALUE_PAINT""]",True,"A_PRIMARY_ATLAS, B_HIGH_VALUE_PAINT"
pvg_tileset_atlas_citywalls1_8_4b301527,res://assets/tilesets/cyber_city_core_tilesets/CyberCity_Core_Tiles_2/CyberCity_Core_Tiles_2/CityWalls1_8.png,CityWalls1_8.png,TILESET_ATLAS,atlas_or_large_sheet,578,759,576,756,39.52,"[""A_PRIMARY_ATLAS"", ""B_HIGH_VALUE_PAINT""]",True,"A_PRIMARY_ATLAS, B_HIGH_VALUE_PAINT"
pvg_tileset_atlas_citywalls2_1_b1867704,res://assets/tilesets/cyber_city_core_tilesets/CyberCity_Core_Tiles_2/CyberCity_Core_Tiles_2/CityWalls2_1.png,CityWalls2_1.png,TILESET_ATLAS,atlas_or_large_sheet,444,742,441,735,34.01,"[""A_PRIMARY_ATLAS"", ""B_HIGH_VALUE_PAINT""]",True,"A_PRIMARY_ATLAS, B_HIGH_VALUE_PAINT"
pvg_tileset_atlas_citywalls2_2_1ceb455d,res://assets/tilesets/cyber_city_core_tilesets/CyberCity_Core_Tiles_2/CyberCity_Core_Tiles_2/CityWalls2_2.png,CityWalls2_2.png,TILESET_ATLAS,atlas_or_large_sheet,521,642,510,635,23.38,"[""A_PRIMARY_ATLAS"", ""B_HIGH_VALUE_PAINT""]",True,"A_PRIMARY_ATLAS, B_HIGH_VALUE_PAINT"
pvg_tileset_atlas_citywalls2_3_f2810adf,res://assets/tilesets/cyber_city_core_tilesets/CyberCity_Core_Tiles_2/CyberCity_Core_Tiles_2/CityWalls2_3.png,CityWalls2_3.png,TILESET_ATLAS,atlas_or_large_sheet,444,745,441,738,35.13,"[""A_PRIMARY_ATLAS"", ""B_HIGH_VALUE_PAINT""]",True,"A_PRIMARY_ATLAS, B_HIGH_VALUE_PAINT"
pvg_tileset_atlas_citywalls2_4_864fe65e,res://assets/tilesets/cyber_city_core_tilesets/CyberCity_Core_Tiles_2/CyberCity_Core_Tiles_2/CityWalls2_4.png,CityWalls2_4.png,TILESET_ATLAS,atlas_or_large_sheet,521,633,510,630,22.88,"[""A_PRIMARY_ATLAS"", ""B_HIGH_VALUE_PAINT""]",True,"A_PRIMARY_ATLAS, B_HIGH_VALUE_PAINT"
pvg_tileset_atlas_citywalls2_5_eacc510e,res://assets/tilesets/cyber_city_core_tilesets/CyberCity_Core_Tiles_2/CyberCity_Core_Tiles_2/CityWalls2_5.png,CityWalls2_5.png,TILESET_ATLAS,atlas_or_large_sheet,577,759,576,755,39.95,"[""A_PRIMARY_ATLAS"", ""B_HIGH_VALUE_PAINT""]",True,"A_PRIMARY_ATLAS, B_HIGH_VALUE_PAINT"
pvg_tileset_atlas_citywalls2_6_eb92186e,res://assets/tilesets/cyber_city_core_tilesets/CyberCity_Core_Tiles_2/CyberCity_Core_Tiles_2/CityWalls2_6.png,CityWalls2_6.png,TILESET_ATLAS,atlas_or_large_sheet,584,753,579,750,40.17,"[""A_PRIMARY_ATLAS"", ""B_HIGH_VALUE_PAINT""]",True,"A_PRIMARY_ATLAS, B_HIGH_VALUE_PAINT"
pvg_tileset_atlas_citywalls2_7_76caab0f,res://assets/tilesets/cyber_city_core_tilesets/CyberCity_Core_Tiles_2/CyberCity_Core_Tiles_2/CityWalls2_7.png,CityWalls2_7.png,TILESET_ATLAS,atlas_or_large_sheet,582,760,579,757,39.95,"[""A_PRIMARY_ATLAS"", ""B_HIGH_VALUE_PAINT""]",True,"A_PRIMARY_ATLAS, B_HIGH_VALUE_PAINT"
pvg_tileset_atlas_citywalls2_8_920b39b8,res://assets/tilesets/cyber_city_core_tilesets/CyberCity_Core_Tiles_2/CyberCity_Core_Tiles_2/CityWalls2_8.png,CityWalls2_8.png,TILESET_ATLAS,atlas_or_large_sheet,578,758,575,755,40.14,"[""A_PRIMARY_ATLAS"", ""B_HIGH_VALUE_PAINT""]",True,"A_PRIMARY_ATLAS, B_HIGH_VALUE_PAINT"
pvg_tileset_atlas_citywalls3_1_d16a2859,res://assets/tilesets/cyber_city_core_tilesets/CyberCity_Core_Tiles_2/CyberCity_Core_Tiles_2/CityWalls3_1.png,CityWalls3_1.png,TILESET_ATLAS,atlas_or_large_sheet,471,741,465,735,29.09,"[""A_PRIMARY_ATLAS"", ""B_HIGH_VALUE_PAINT""]",True,"A_PRIMARY_ATLAS, B_HIGH_VALUE_PAINT"
pvg_tileset_atlas_citywalls3_2_b77a9f5c,res://assets/tilesets/cyber_city_core_tilesets/CyberCity_Core_Tiles_2/CyberCity_Core_Tiles_2/CityWalls3_2.png,CityWalls3_2.png,TILESET_ATLAS,atlas_or_large_sheet,521,653,510,648,23.69,"[""A_PRIMARY_ATLAS"", ""B_HIGH_VALUE_PAINT""]",True,"A_PRIMARY_ATLAS, B_HIGH_VALUE_PAINT"
pvg_tileset_atlas_citywalls3_3_d5e74b0d,res://assets/tilesets/cyber_city_core_tilesets/CyberCity_Core_Tiles_2/CyberCity_Core_Tiles_2/CityWalls3_3.png,CityWalls3_3.png,TILESET_ATLAS,atlas_or_large_sheet,457,744,452,738,28.86,"[""A_PRIMARY_ATLAS"", ""B_HIGH_VALUE_PAINT""]",True,"A_PRIMARY_ATLAS, B_HIGH_VALUE_PAINT"
pvg_tileset_atlas_citywalls3_4_fbb4c610,res://assets/tilesets/cyber_city_core_tilesets/CyberCity_Core_Tiles_2/CyberCity_Core_Tiles_2/CityWalls3_4.png,CityWalls3_4.png,TILESET_ATLAS,atlas_or_large_sheet,521,649,510,641,22.98,"[""A_PRIMARY_ATLAS"", ""B_HIGH_VALUE_PAINT""]",True,"A_PRIMARY_ATLAS, B_HIGH_VALUE_PAINT"
pvg_tileset_atlas_citywalls3_5_c715d092,res://assets/tilesets/cyber_city_core_tilesets/CyberCity_Core_Tiles_2/CyberCity_Core_Tiles_2/CityWalls3_5.png,CityWalls3_5.png,TILESET_ATLAS,atlas_or_large_sheet,580,756,575,755,38.0,"[""A_PRIMARY_ATLAS"", ""B_HIGH_VALUE_PAINT""]",True,"A_PRIMARY_ATLAS, B_HIGH_VALUE_PAINT"
pvg_tileset_atlas_citywalls3_6_258063e6,res://assets/tilesets/cyber_city_core_tilesets/CyberCity_Core_Tiles_2/CyberCity_Core_Tiles_2/CityWalls3_6.png,CityWalls3_6.png,TILESET_ATLAS,atlas_or_large_sheet,584,754,579,750,37.83,"[""A_PRIMARY_ATLAS"", ""B_HIGH_VALUE_PAINT""]",True,"A_PRIMARY_ATLAS, B_HIGH_VALUE_PAINT"
pvg_tileset_atlas_citywalls3_7_fa4a37bc,res://assets/tilesets/cyber_city_core_tilesets/CyberCity_Core_Tiles_2/CyberCity_Core_Tiles_2/CityWalls3_7.png,CityWalls3_7.png,TILESET_ATLAS,atlas_or_large_sheet,583,760,580,757,37.47,"[""A_PRIMARY_ATLAS"", ""B_HIGH_VALUE_PAINT""]",True,"A_PRIMARY_ATLAS, B_HIGH_VALUE_PAINT"
pvg_tileset_atlas_citywalls3_8_a62956e6,res://assets/tilesets/cyber_city_core_tilesets/CyberCity_Core_Tiles_2/CyberCity_Core_Tiles_2/CityWalls3_8.png,CityWalls3_8.png,TILESET_ATLAS,atlas_or_large_sheet,577,759,576,755,38.33,"[""A_PRIMARY_ATLAS"", ""B_HIGH_VALUE_PAINT""]",True,"A_PRIMARY_ATLAS, B_HIGH_VALUE_PAINT"
pvg_tileset_atlas_citywalls4_1_ab3e77b6,res://assets/tilesets/cyber_city_core_tilesets/CyberCity_Core_Tiles_2/CyberCity_Core_Tiles_2/CityWalls4_1.png,CityWalls4_1.png,TILESET_ATLAS,atlas_or_large_sheet,444,741,441,735,33.37,"[""A_PRIMARY_ATLAS"", ""B_HIGH_VALUE_PAINT""]",True,"A_PRIMARY_ATLAS, B_HIGH_VALUE_PAINT"
pvg_tileset_atlas_citywalls4_2_8645d6da,res://assets/tilesets/cyber_city_core_tilesets/CyberCity_Core_Tiles_2/CyberCity_Core_Tiles_2/CityWalls4_2.png,CityWalls4_2.png,TILESET_ATLAS,atlas_or_large_sheet,521,646,510,642,24.66,"[""A_PRIMARY_ATLAS"", ""B_HIGH_VALUE_PAINT""]",True,"A_PRIMARY_ATLAS, B_HIGH_VALUE_PAINT"
pvg_tileset_atlas_citywalls4_3_2b7cd468,res://assets/tilesets/cyber_city_core_tilesets/CyberCity_Core_Tiles_2/CyberCity_Core_Tiles_2/CityWalls4_3.png,CityWalls4_3.png,TILESET_ATLAS,atlas_or_large_sheet,444,745,441,737,34.7,"[""A_PRIMARY_ATLAS"", ""B_HIGH_VALUE_PAINT""]",True,"A_PRIMARY_ATLAS, B_HIGH_VALUE_PAINT"
pvg_tileset_atlas_citywalls4_4_ddcb877e,res://assets/tilesets/cyber_city_core_tilesets/CyberCity_Core_Tiles_2/CyberCity_Core_Tiles_2/CityWalls4_4.png,CityWalls4_4.png,TILESET_ATLAS,atlas_or_large_sheet,521,639,510,630,23.01,"[""A_PRIMARY_ATLAS"", ""B_HIGH_VALUE_PAINT""]",True,"A_PRIMARY_ATLAS, B_HIGH_VALUE_PAINT"
pvg_tileset_atlas_citywalls4_5_783f6197,res://assets/tilesets/cyber_city_core_tilesets/CyberCity_Core_Tiles_2/CyberCity_Core_Tiles_2/CityWalls4_5.png,CityWalls4_5.png,TILESET_ATLAS,atlas_or_large_sheet,577,758,576,756,40.27,"[""A_PRIMARY_ATLAS"", ""B_HIGH_VALUE_PAINT""]",True,"A_PRIMARY_ATLAS, B_HIGH_VALUE_PAINT"
pvg_tileset_atlas_citywalls4_6_ef699680,res://assets/tilesets/cyber_city_core_tilesets/CyberCity_Core_Tiles_2/CyberCity_Core_Tiles_2/CityWalls4_6.png,CityWalls4_6.png,TILESET_ATLAS,atlas_or_large_sheet,584,753,580,750,39.68,"[""A_PRIMARY_ATLAS"", ""B_HIGH_VALUE_PAINT""]",True,"A_PRIMARY_ATLAS, B_HIGH_VALUE_PAINT"
pvg_tileset_atlas_citywalls4_7_d2a00afe,res://assets/tilesets/cyber_city_core_tilesets/CyberCity_Core_Tiles_2/CyberCity_Core_Tiles_2/CityWalls4_7.png,CityWalls4_7.png,TILESET_ATLAS,atlas_or_large_sheet,582,760,579,757,40.18,"[""A_PRIMARY_ATLAS"", ""B_HIGH_VALUE_PAINT""]",True,"A_PRIMARY_ATLAS, B_HIGH_VALUE_PAINT"
pvg_tileset_atlas_citywalls4_8_f6ea2156,res://assets/tilesets/cyber_city_core_tilesets/CyberCity_Core_Tiles_2/CyberCity_Core_Tiles_2/CityWalls4_8.png,CityWalls4_8.png,TILESET_ATLAS,atlas_or_large_sheet,579,758,575,755,39.78,"[""A_PRIMARY_ATLAS"", ""B_HIGH_VALUE_PAINT""]",True,"A_PRIMARY_ATLAS, B_HIGH_VALUE_PAINT"
pvg_tileset_atlas_citywalls5_1_8757b7e4,res://assets/tilesets/cyber_city_core_tilesets/CyberCity_Core_Tiles_2/CyberCity_Core_Tiles_2/CityWalls5_1.png,CityWalls5_1.png,TILESET_ATLAS,atlas_or_large_sheet,381,718,377,712,43.83,"[""A_PRIMARY_ATLAS"", ""B_HIGH_VALUE_PAINT""]",True,"A_PRIMARY_ATLAS, B_HIGH_VALUE_PAINT"
pvg_tileset_atlas_citywalls5_2_9836bfe2,res://assets/tilesets/cyber_city_core_tilesets/CyberCity_Core_Tiles_2/CyberCity_Core_Tiles_2/CityWalls5_2.png,CityWalls5_2.png,TILESET_ATLAS,atlas_or_large_sheet,638,484,630,478,22.44,"[""A_PRIMARY_ATLAS"", ""B_HIGH_VALUE_PAINT""]",True,"A_PRIMARY_ATLAS, B_HIGH_VALUE_PAINT"
pvg_tileset_atlas_citywalls5_3_e67f8f66,res://assets/tilesets/cyber_city_core_tilesets/CyberCity_Core_Tiles_2/CyberCity_Core_Tiles_2/CityWalls5_3.png,CityWalls5_3.png,TILESET_ATLAS,atlas_or_large_sheet,382,719,378,712,44.01,"[""A_PRIMARY_ATLAS"", ""B_HIGH_VALUE_PAINT""]",True,"A_PRIMARY_ATLAS, B_HIGH_VALUE_PAINT"
pvg_tileset_atlas_citywalls5_4_99e782f5,res://assets/tilesets/cyber_city_core_tilesets/CyberCity_Core_Tiles_2/CyberCity_Core_Tiles_2/CityWalls5_4.png,CityWalls5_4.png,TILESET_ATLAS,atlas_or_large_sheet,640,484,630,480,22.35,"[""A_PRIMARY_ATLAS"", ""B_HIGH_VALUE_PAINT""]",True,"A_PRIMARY_ATLAS, B_HIGH_VALUE_PAINT"
pvg_tileset_atlas_citywalls5_5_248bf26c,res://assets/tilesets/cyber_city_core_tilesets/CyberCity_Core_Tiles_2/CyberCity_Core_Tiles_2/CityWalls5_5.png,CityWalls5_5.png,TILESET_ATLAS,atlas_or_large_sheet,571,662,566,659,43.37,"[""A_PRIMARY_ATLAS"", ""B_HIGH_VALUE_PAINT""]",True,"A_PRIMARY_ATLAS, B_HIGH_VALUE_PAINT"
pvg_tileset_atlas_citywalls5_6_75528459,res://assets/tilesets/cyber_city_core_tilesets/CyberCity_Core_Tiles_2/CyberCity_Core_Tiles_2/CityWalls5_6.png,CityWalls5_6.png,TILESET_ATLAS,atlas_or_large_sheet,570,664,567,660,42.56,"[""A_PRIMARY_ATLAS"", ""B_HIGH_VALUE_PAINT""]",True,"A_PRIMARY_ATLAS, B_HIGH_VALUE_PAINT"
pvg_tileset_atlas_citywalls5_7_add82dc6,res://assets/tilesets/cyber_city_core_tilesets/CyberCity_Core_Tiles_2/CyberCity_Core_Tiles_2/CityWalls5_7.png,CityWalls5_7.png,TILESET_ATLAS,atlas_or_large_sheet,573,663,569,659,43.18,"[""A_PRIMARY_ATLAS"", ""B_HIGH_VALUE_PAINT""]",True,"A_PRIMARY_ATLAS, B_HIGH_VALUE_PAINT"
pvg_tileset_atlas_citywalls5_8_c312b9f7,res://assets/tilesets/cyber_city_core_tilesets/CyberCity_Core_Tiles_2/CyberCity_Core_Tiles_2/CityWalls5_8.png,CityWalls5_8.png,TILESET_ATLAS,atlas_or_large_sheet,572,661,568,660,42.86,"[""A_PRIMARY_ATLAS"", ""B_HIGH_VALUE_PAINT""]",True,"A_PRIMARY_ATLAS, B_HIGH_VALUE_PAINT"
pvg_tileset_atlas_citywalls6_1_27c84256,res://assets/tilesets/cyber_city_core_tilesets/CyberCity_Core_Tiles_2/CyberCity_Core_Tiles_2/CityWalls6_1.png,CityWalls6_1.png,TILESET_ATLAS,atlas_or_large_sheet,380,722,378,712,44.34,"[""A_PRIMARY_ATLAS"", ""B_HIGH_VALUE_PAINT""]",True,"A_PRIMARY_ATLAS, B_HIGH_VALUE_PAINT"
pvg_tileset_atlas_citywalls6_2_d170d26a,res://assets/tilesets/cyber_city_core_tilesets/CyberCity_Core_Tiles_2/CyberCity_Core_Tiles_2/CityWalls6_2.png,CityWalls6_2.png,TILESET_ATLAS,atlas_or_large_sheet,636,485,630,478,22.43,"[""A_PRIMARY_ATLAS"", ""B_HIGH_VALUE_PAINT""]",True,"A_PRIMARY_ATLAS, B_HIGH_VALUE_PAINT"
pvg_tileset_atlas_citywalls6_3_15e8b8e8,res://assets/tilesets/cyber_city_core_tilesets/CyberCity_Core_Tiles_2/CyberCity_Core_Tiles_2/CityWalls6_3.png,CityWalls6_3.png,TILESET_ATLAS,atlas_or_large_sheet,379,719,377,712,42.88,"[""A_PRIMARY_ATLAS"", ""B_HIGH_VALUE_PAINT""]",True,"A_PRIMARY_ATLAS, B_HIGH_VALUE_PAINT"
pvg_tileset_atlas_citywalls6_4_3f958425,res://assets/tilesets/cyber_city_core_tilesets/CyberCity_Core_Tiles_2/CyberCity_Core_Tiles_2/CityWalls6_4.png,CityWalls6_4.png,TILESET_ATLAS,atlas_or_large_sheet,640,486,630,483,22.58,"[""A_PRIMARY_ATLAS"", ""B_HIGH_VALUE_PAINT""]",True,"A_PRIMARY_ATLAS, B_HIGH_VALUE_PAINT"
pvg_tileset_atlas_citywalls6_5_e49431db,res://assets/tilesets/cyber_city_core_tilesets/CyberCity_Core_Tiles_2/CyberCity_Core_Tiles_2/CityWalls6_5.png,CityWalls6_5.png,TILESET_ATLAS,atlas_or_large_sheet,568,661,566,659,43.52,"[""A_PRIMARY_ATLAS"", ""B_HIGH_VALUE_PAINT""]",True,"A_PRIMARY_ATLAS, B_HIGH_VALUE_PAINT"
pvg_tileset_atlas_citywalls6_6_ac6bdeb7,res://assets/tilesets/cyber_city_core_tilesets/CyberCity_Core_Tiles_2/CyberCity_Core_Tiles_2/CityWalls6_6.png,CityWalls6_6.png,TILESET_ATLAS,atlas_or_large_sheet,568,663,566,659,42.91,"[""A_PRIMARY_ATLAS"", ""B_HIGH_VALUE_PAINT""]",True,"A_PRIMARY_ATLAS, B_HIGH_VALUE_PAINT"
pvg_tileset_atlas_citywalls6_7_0a62bc01,res://assets/tilesets/cyber_city_core_tilesets/CyberCity_Core_Tiles_2/CyberCity_Core_Tiles_2/CityWalls6_7.png,CityWalls6_7.png,TILESET_ATLAS,atlas_or_large_sheet,578,661,573,659,44.28,"[""A_PRIMARY_ATLAS"", ""B_HIGH_VALUE_PAINT""]",True,"A_PRIMARY_ATLAS, B_HIGH_VALUE_PAINT"
pvg_tileset_atlas_citywalls6_8_0d935ec6,res://assets/tilesets/cyber_city_core_tilesets/CyberCity_Core_Tiles_2/CyberCity_Core_Tiles_2/CityWalls6_8.png,CityWalls6_8.png,TILESET_ATLAS,atlas_or_large_sheet,577,663,572,660,43.7,"[""A_PRIMARY_ATLAS"", ""B_HIGH_VALUE_PAINT""]",True,"A_PRIMARY_ATLAS, B_HIGH_VALUE_PAINT"
pvg_tileset_atlas_citywalls7_1_2d9798a5,res://assets/tilesets/cyber_city_core_tilesets/CyberCity_Core_Tiles_2/CyberCity_Core_Tiles_2/CityWalls7_1.png,CityWalls7_1.png,TILESET_ATLAS,atlas_or_large_sheet,312,860,305,857,35.74,"[""A_PRIMARY_ATLAS"", ""B_HIGH_VALUE_PAINT""]",True,"A_PRIMARY_ATLAS, B_HIGH_VALUE_PAINT"
pvg_tileset_atlas_citywalls7_2_30b7e01c,res://assets/tilesets/cyber_city_core_tilesets/CyberCity_Core_Tiles_2/CyberCity_Core_Tiles_2/CityWalls7_2.png,CityWalls7_2.png,TILESET_ATLAS,atlas_or_large_sheet,673,619,667,610,25.02,"[""A_PRIMARY_ATLAS"", ""B_HIGH_VALUE_PAINT""]",True,"A_PRIMARY_ATLAS, B_HIGH_VALUE_PAINT"
pvg_tileset_atlas_citywalls7_3_4f31399f,res://assets/tilesets/cyber_city_core_tilesets/CyberCity_Core_Tiles_2/CyberCity_Core_Tiles_2/CityWalls7_3.png,CityWalls7_3.png,TILESET_ATLAS,atlas_or_large_sheet,310,860,304,857,37.74,"[""A_PRIMARY_ATLAS"", ""B_HIGH_VALUE_PAINT""]",True,"A_PRIMARY_ATLAS, B_HIGH_VALUE_PAINT"
pvg_tileset_atlas_citywalls7_4_9fd7b6d3,res://assets/tilesets/cyber_city_core_tilesets/CyberCity_Core_Tiles_2/CyberCity_Core_Tiles_2/CityWalls7_4.png,CityWalls7_4.png,TILESET_ATLAS,atlas_or_large_sheet,674,607,667,602,23.17,"[""A_PRIMARY_ATLAS"", ""B_HIGH_VALUE_PAINT""]",True,"A_PRIMARY_ATLAS, B_HIGH_VALUE_PAINT"
pvg_tileset_atlas_citywalls7_5_1a18db40,res://assets/tilesets/cyber_city_core_tilesets/CyberCity_Core_Tiles_2/CyberCity_Core_Tiles_2/CityWalls7_5.png,CityWalls7_5.png,TILESET_ATLAS,atlas_or_large_sheet,562,787,555,784,41.34,"[""A_PRIMARY_ATLAS"", ""B_HIGH_VALUE_PAINT""]",True,"A_PRIMARY_ATLAS, B_HIGH_VALUE_PAINT"
pvg_tileset_atlas_citywalls7_6_6e208a37,res://assets/tilesets/cyber_city_core_tilesets/CyberCity_Core_Tiles_2/CyberCity_Core_Tiles_2/CityWalls7_6.png,CityWalls7_6.png,TILESET_ATLAS,atlas_or_large_sheet,560,790,556,782,43.94,"[""A_PRIMARY_ATLAS"", ""B_HIGH_VALUE_PAINT""]",True,"A_PRIMARY_ATLAS, B_HIGH_VALUE_PAINT"
pvg_tileset_atlas_citywalls7_7_d36e40c8,res://assets/tilesets/cyber_city_core_tilesets/CyberCity_Core_Tiles_2/CyberCity_Core_Tiles_2/CityWalls7_7.png,CityWalls7_7.png,TILESET_ATLAS,atlas_or_large_sheet,561,790,556,784,43.34,"[""A_PRIMARY_ATLAS"", ""B_HIGH_VALUE_PAINT""]",True,"A_PRIMARY_ATLAS, B_HIGH_VALUE_PAINT"
pvg_tileset_atlas_citywalls7_8_21c564ed,res://assets/tilesets/cyber_city_core_tilesets/CyberCity_Core_Tiles_2/CyberCity_Core_Tiles_2/CityWalls7_8.png,CityWalls7_8.png,TILESET_ATLAS,atlas_or_large_sheet,559,785,555,783,40.95,"[""A_PRIMARY_ATLAS"", ""B_HIGH_VALUE_PAINT""]",True,"A_PRIMARY_ATLAS, B_HIGH_VALUE_PAINT"
pvg_tileset_atlas_citywalls8_1_26ba9682,res://assets/tilesets/cyber_city_core_tilesets/CyberCity_Core_Tiles_2/CyberCity_Core_Tiles_2/CityWalls8_1.png,CityWalls8_1.png,TILESET_ATLAS,atlas_or_large_sheet,174,740,167,737,31.52,"[""A_PRIMARY_ATLAS"", ""B_HIGH_VALUE_PAINT""]",True,"A_PRIMARY_ATLAS, B_HIGH_VALUE_PAINT"
pvg_tileset_atlas_citywalls8_2_5556e3cf,res://assets/tilesets/cyber_city_core_tilesets/CyberCity_Core_Tiles_2/CyberCity_Core_Tiles_2/CityWalls8_2.png,CityWalls8_2.png,TILESET_ATLAS,atlas_or_large_sheet,657,405,648,396,17.56,"[""A_PRIMARY_ATLAS"", ""B_HIGH_VALUE_PAINT""]",True,"A_PRIMARY_ATLAS, B_HIGH_VALUE_PAINT"
pvg_tileset_atlas_citywalls8_3_6aaadfb2,res://assets/tilesets/cyber_city_core_tilesets/CyberCity_Core_Tiles_2/CyberCity_Core_Tiles_2/CityWalls8_3.png,CityWalls8_3.png,TILESET_ATLAS,atlas_or_large_sheet,170,743,163,738,32.29,"[""A_PRIMARY_ATLAS"", ""B_HIGH_VALUE_PAINT""]",True,"A_PRIMARY_ATLAS, B_HIGH_VALUE_PAINT"
pvg_tileset_atlas_citywalls8_4_25302a90,res://assets/tilesets/cyber_city_core_tilesets/CyberCity_Core_Tiles_2/CyberCity_Core_Tiles_2/CityWalls8_4.png,CityWalls8_4.png,TILESET_ATLAS,atlas_or_large_sheet,655,401,647,390,16.47,"[""A_PRIMARY_ATLAS"", ""B_HIGH_VALUE_PAINT""]",True,"A_PRIMARY_ATLAS, B_HIGH_VALUE_PAINT"
pvg_tileset_atlas_citywalls8_5_4345b51a,res://assets/tilesets/cyber_city_core_tilesets/CyberCity_Core_Tiles_2/CyberCity_Core_Tiles_2/CityWalls8_5.png,CityWalls8_5.png,TILESET_ATLAS,atlas_or_large_sheet,532,652,524,650,49.11,"[""A_PRIMARY_ATLAS"", ""B_HIGH_VALUE_PAINT""]",True,"A_PRIMARY_ATLAS, B_HIGH_VALUE_PAINT"
pvg_tileset_atlas_citywalls8_6_46d876e7,res://assets/tilesets/cyber_city_core_tilesets/CyberCity_Core_Tiles_2/CyberCity_Core_Tiles_2/CityWalls8_6.png,CityWalls8_6.png,TILESET_ATLAS,atlas_or_large_sheet,532,650,525,648,50.04,"[""A_PRIMARY_ATLAS"", ""B_HIGH_VALUE_PAINT""]",True,"A_PRIMARY_ATLAS, B_HIGH_VALUE_PAINT"
pvg_tileset_atlas_citywalls8_7_f1b70267,res://assets/tilesets/cyber_city_core_tilesets/CyberCity_Core_Tiles_2/CyberCity_Core_Tiles_2/CityWalls8_7.png,CityWalls8_7.png,TILESET_ATLAS,atlas_or_large_sheet,532,652,523,649,50.0,"[""A_PRIMARY_ATLAS"", ""B_HIGH_VALUE_PAINT""]",True,"A_PRIMARY_ATLAS, B_HIGH_VALUE_PAINT"
pvg_tileset_atlas_citywalls8_8_744f18ce,res://assets/tilesets/cyber_city_core_tilesets/CyberCity_Core_Tiles_2/CyberCity_Core_Tiles_2/CityWalls8_8.png,CityWalls8_8.png,TILESET_ATLAS,atlas_or_large_sheet,528,650,523,647,48.82,"[""A_PRIMARY_ATLAS"", ""B_HIGH_VALUE_PAINT""]",True,"A_PRIMARY_ATLAS, B_HIGH_VALUE_PAINT"
pvg_tileset_atlas_citywalls9_1_637e0774,res://assets/tilesets/cyber_city_core_tilesets/CyberCity_Core_Tiles_2/CyberCity_Core_Tiles_2/CityWalls9_1.png,CityWalls9_1.png,TILESET_ATLAS,atlas_or_large_sheet,257,766,254,759,43.95,"[""A_PRIMARY_ATLAS"", ""B_HIGH_VALUE_PAINT""]",True,"A_PRIMARY_ATLAS, B_HIGH_VALUE_PAINT"
pvg_tileset_atlas_citywalls9_2_4208e801,res://assets/tilesets/cyber_city_core_tilesets/CyberCity_Core_Tiles_2/CyberCity_Core_Tiles_2/CityWalls9_2.png,CityWalls9_2.png,TILESET_ATLAS,atlas_or_large_sheet,682,485,672,478,26.77,"[""A_PRIMARY_ATLAS"", ""B_HIGH_VALUE_PAINT""]",True,"A_PRIMARY_ATLAS, B_HIGH_VALUE_PAINT"
pvg_tileset_atlas_citywalls9_3_b2aa49d4,res://assets/tilesets/cyber_city_core_tilesets/CyberCity_Core_Tiles_2/CyberCity_Core_Tiles_2/CityWalls9_3.png,CityWalls9_3.png,TILESET_ATLAS,atlas_or_large_sheet,257,764,254,759,45.38,"[""A_PRIMARY_ATLAS"", ""B_HIGH_VALUE_PAINT""]",True,"A_PRIMARY_ATLAS, B_HIGH_VALUE_PAINT"
pvg_tileset_atlas_citywalls9_4_8144d738,res://assets/tilesets/cyber_city_core_tilesets/CyberCity_Core_Tiles_2/CyberCity_Core_Tiles_2/CityWalls9_4.png,CityWalls9_4.png,TILESET_ATLAS,atlas_or_large_sheet,680,483,673,477,28.31,"[""A_PRIMARY_ATLAS"", ""B_HIGH_VALUE_PAINT""]",True,"A_PRIMARY_ATLAS, B_HIGH_VALUE_PAINT"
pvg_tileset_atlas_citywalls9_5_67c2722d,res://assets/tilesets/cyber_city_core_tilesets/CyberCity_Core_Tiles_2/CyberCity_Core_Tiles_2/CityWalls9_5.png,CityWalls9_5.png,TILESET_ATLAS,atlas_or_large_sheet,543,665,536,661,45.98,"[""A_PRIMARY_ATLAS"", ""B_HIGH_VALUE_PAINT""]",True,"A_PRIMARY_ATLAS, B_HIGH_VALUE_PAINT"
pvg_tileset_atlas_citywalls9_6_3e178e52,res://assets/tilesets/cyber_city_core_tilesets/CyberCity_Core_Tiles_2/CyberCity_Core_Tiles_2/CityWalls9_6.png,CityWalls9_6.png,TILESET_ATLAS,atlas_or_large_sheet,543,666,537,661,49.22,"[""A_PRIMARY_ATLAS"", ""B_HIGH_VALUE_PAINT""]",True,"A_PRIMARY_ATLAS, B_HIGH_VALUE_PAINT"
pvg_tileset_atlas_citywalls9_7_d7f4a102,res://assets/tilesets/cyber_city_core_tilesets/CyberCity_Core_Tiles_2/CyberCity_Core_Tiles_2/CityWalls9_7.png,CityWalls9_7.png,TILESET_ATLAS,atlas_or_large_sheet,542,669,537,660,47.47,"[""A_PRIMARY_ATLAS"", ""B_HIGH_VALUE_PAINT""]",True,"A_PRIMARY_ATLAS, B_HIGH_VALUE_PAINT"
pvg_tileset_atlas_citywalls9_8_e249aa01,res://assets/tilesets/cyber_city_core_tilesets/CyberCity_Core_Tiles_2/CyberCity_Core_Tiles_2/CityWalls9_8.png,CityWalls9_8.png,TILESET_ATLAS,atlas_or_large_sheet,541,664,536,660,47.55,"[""A_PRIMARY_ATLAS"", ""B_HIGH_VALUE_PAINT""]",True,"A_PRIMARY_ATLAS, B_HIGH_VALUE_PAINT"
pvg_tileset_atlas_citywallscorner1_1_49a4bf1b,res://assets/tilesets/cyber_city_core_tilesets/CyberCity_Core_Tiles_2/CyberCity_Core_Tiles_2/CityWallsCorner1_1.png,CityWallsCorner1_1.png,TILESET_ATLAS,atlas_or_large_sheet,438,845,433,840,47.09,"[""A_PRIMARY_ATLAS"", ""B_HIGH_VALUE_PAINT""]",True,"A_PRIMARY_ATLAS, B_HIGH_VALUE_PAINT"
pvg_tileset_atlas_citywallscorner1_2_adbc8307,res://assets/tilesets/cyber_city_core_tilesets/CyberCity_Core_Tiles_2/CyberCity_Core_Tiles_2/CityWallsCorner1_2.png,CityWallsCorner1_2.png,TILESET_ATLAS,atlas_or_large_sheet,463,823,457,815,40.16,"[""A_PRIMARY_ATLAS"", ""B_HIGH_VALUE_PAINT""]",True,"A_PRIMARY_ATLAS, B_HIGH_VALUE_PAINT"
pvg_tileset_atlas_citywallscorner1_3_7d00e774,res://assets/tilesets/cyber_city_core_tilesets/CyberCity_Core_Tiles_2/CyberCity_Core_Tiles_2/CityWallsCorner1_3.png,CityWallsCorner1_3.png,TILESET_ATLAS,atlas_or_large_sheet,449,889,442,883,48.96,"[""A_PRIMARY_ATLAS"", ""B_HIGH_VALUE_PAINT""]",True,"A_PRIMARY_ATLAS, B_HIGH_VALUE_PAINT"
pvg_tileset_atlas_citywallscorner1_4_893959c5,res://assets/tilesets/cyber_city_core_tilesets/CyberCity_Core_Tiles_2/CyberCity_Core_Tiles_2/CityWallsCorner1_4.png,CityWallsCorner1_4.png,TILESET_ATLAS,atlas_or_large_sheet,522,836,514,828,47.52,"[""A_PRIMARY_ATLAS"", ""B_HIGH_VALUE_PAINT""]",True,"A_PRIMARY_ATLAS, B_HIGH_VALUE_PAINT"
pvg_tileset_atlas_citywallscorner1_5_7323832a,res://assets/tilesets/cyber_city_core_tilesets/CyberCity_Core_Tiles_2/CyberCity_Core_Tiles_2/CityWallsCorner1_5.png,CityWallsCorner1_5.png,TILESET_ATLAS,atlas_or_large_sheet,445,841,439,838,42.37,"[""A_PRIMARY_ATLAS"", ""B_HIGH_VALUE_PAINT""]",True,"A_PRIMARY_ATLAS, B_HIGH_VALUE_PAINT"
pvg_tileset_atlas_citywallscorner1_6_511ed8e2,res://assets/tilesets/cyber_city_core_tilesets/CyberCity_Core_Tiles_2/CyberCity_Core_Tiles_2/CityWallsCorner1_6.png,CityWallsCorner1_6.png,TILESET_ATLAS,atlas_or_large_sheet,472,841,467,836,41.53,"[""A_PRIMARY_ATLAS"", ""B_HIGH_VALUE_PAINT""]",True,"A_PRIMARY_ATLAS, B_HIGH_VALUE_PAINT"
pvg_tileset_atlas_citywallscorner1_7_e40d09c7,res://assets/tilesets/cyber_city_core_tilesets/CyberCity_Core_Tiles_2/CyberCity_Core_Tiles_2/CityWallsCorner1_7.png,CityWallsCorner1_7.png,TILESET_ATLAS,atlas_or_large_sheet,481,881,476,873,44.56,"[""A_PRIMARY_ATLAS"", ""B_HIGH_VALUE_PAINT""]",True,"A_PRIMARY_ATLAS, B_HIGH_VALUE_PAINT"
pvg_tileset_atlas_citywallscorner1_8_eadea2c0,res://assets/tilesets/cyber_city_core_tilesets/CyberCity_Core_Tiles_2/CyberCity_Core_Tiles_2/CityWallsCorner1_8.png,CityWallsCorner1_8.png,TILESET_ATLAS,atlas_or_large_sheet,461,905,455,899,46.2,"[""A_PRIMARY_ATLAS"", ""B_HIGH_VALUE_PAINT""]",True,"A_PRIMARY_ATLAS, B_HIGH_VALUE_PAINT"
pvg_tileset_atlas_citywallscorner2_1_200de419,res://assets/tilesets/cyber_city_core_tilesets/CyberCity_Core_Tiles_2/CyberCity_Core_Tiles_2/CityWallsCorner2_1.png,CityWallsCorner2_1.png,TILESET_ATLAS,atlas_or_large_sheet,442,888,433,883,48.85,"[""A_PRIMARY_ATLAS"", ""B_HIGH_VALUE_PAINT""]",True,"A_PRIMARY_ATLAS, B_HIGH_VALUE_PAINT"
pvg_tileset_atlas_citywallscorner2_2_f4e965e1,res://assets/tilesets/cyber_city_core_tilesets/CyberCity_Core_Tiles_2/CyberCity_Core_Tiles_2/CityWallsCorner2_2.png,CityWallsCorner2_2.png,TILESET_ATLAS,atlas_or_large_sheet,521,825,514,815,48.32,"[""A_PRIMARY_ATLAS"", ""B_HIGH_VALUE_PAINT""]",True,"A_PRIMARY_ATLAS, B_HIGH_VALUE_PAINT"
pvg_tileset_atlas_citywallscorner2_3_917cfed4,res://assets/tilesets/cyber_city_core_tilesets/CyberCity_Core_Tiles_2/CyberCity_Core_Tiles_2/CityWallsCorner2_3.png,CityWallsCorner2_3.png,TILESET_ATLAS,atlas_or_large_sheet,449,847,441,840,46.78,"[""A_PRIMARY_ATLAS"", ""B_HIGH_VALUE_PAINT""]",True,"A_PRIMARY_ATLAS, B_HIGH_VALUE_PAINT"
pvg_tileset_atlas_citywallscorner2_4_b09d8cc0,res://assets/tilesets/cyber_city_core_tilesets/CyberCity_Core_Tiles_2/CyberCity_Core_Tiles_2/CityWallsCorner2_4.png,CityWallsCorner2_4.png,TILESET_ATLAS,atlas_or_large_sheet,461,838,458,829,40.27,"[""A_PRIMARY_ATLAS"", ""B_HIGH_VALUE_PAINT""]",True,"A_PRIMARY_ATLAS, B_HIGH_VALUE_PAINT"
pvg_tileset_atlas_citywallscorner2_5_bf0f444c,res://assets/tilesets/cyber_city_core_tilesets/CyberCity_Core_Tiles_2/CyberCity_Core_Tiles_2/CityWallsCorner2_5.png,CityWallsCorner2_5.png,TILESET_ATLAS,atlas_or_large_sheet,472,881,466,874,45.43,"[""A_PRIMARY_ATLAS"", ""B_HIGH_VALUE_PAINT""]",True,"A_PRIMARY_ATLAS, B_HIGH_VALUE_PAINT"
pvg_tileset_atlas_citywallscorner2_6_83beea9d,res://assets/tilesets/cyber_city_core_tilesets/CyberCity_Core_Tiles_2/CyberCity_Core_Tiles_2/CityWallsCorner2_6.png,CityWallsCorner2_6.png,TILESET_ATLAS,atlas_or_large_sheet,445,905,438,899,44.51,"[""A_PRIMARY_ATLAS"", ""B_HIGH_VALUE_PAINT""]",True,"A_PRIMARY_ATLAS, B_HIGH_VALUE_PAINT"
pvg_tileset_atlas_citywallscorner2_7_d334489c,res://assets/tilesets/cyber_city_core_tilesets/CyberCity_Core_Tiles_2/CyberCity_Core_Tiles_2/CityWallsCorner2_7.png,CityWallsCorner2_7.png,TILESET_ATLAS,atlas_or_large_sheet,461,845,455,838,44.53,"[""A_PRIMARY_ATLAS"", ""B_HIGH_VALUE_PAINT""]",True,"A_PRIMARY_ATLAS, B_HIGH_VALUE_PAINT"
pvg_tileset_atlas_citywallscorner2_8_a5baf4ad,res://assets/tilesets/cyber_city_core_tilesets/CyberCity_Core_Tiles_2/CyberCity_Core_Tiles_2/CityWallsCorner2_8.png,CityWallsCorner2_8.png,TILESET_ATLAS,atlas_or_large_sheet,484,844,475,835,42.04,"[""A_PRIMARY_ATLAS"", ""B_HIGH_VALUE_PAINT""]",True,"A_PRIMARY_ATLAS, B_HIGH_VALUE_PAINT"
pvg_wall_corner_citywallscorner3_1_ce1b2baa,res://assets/tilesets/cyber_city_core_tilesets/CyberCity_Core_Tiles_2/CyberCity_Core_Tiles_2/CityWallsCorner3_1.png,CityWallsCorner3_1.png,WALL_CORNER,corner,314,469,306,459,29.07,"[""B_HIGH_VALUE_PAINT""]",True,B_HIGH_VALUE_PAINT
pvg_wall_corner_citywallscorner3_2_591091e7,res://assets/tilesets/cyber_city_core_tilesets/CyberCity_Core_Tiles_2/CyberCity_Core_Tiles_2/CityWallsCorner3_2.png,CityWallsCorner3_2.png,WALL_CORNER,corner,245,502,236,499,34.1,"[""B_HIGH_VALUE_PAINT""]",True,B_HIGH_VALUE_PAINT
pvg_wall_corner_citywallscorner3_3_304a7c88,res://assets/tilesets/cyber_city_core_tilesets/CyberCity_Core_Tiles_2/CyberCity_Core_Tiles_2/CityWallsCorner3_3.png,CityWallsCorner3_3.png,WALL_CORNER,corner,312,467,306,460,28.41,"[""B_HIGH_VALUE_PAINT""]",True,B_HIGH_VALUE_PAINT
pvg_wall_corner_citywallscorner3_4_dbcd7f92,res://assets/tilesets/cyber_city_core_tilesets/CyberCity_Core_Tiles_2/CyberCity_Core_Tiles_2/CityWallsCorner3_4.png,CityWallsCorner3_4.png,WALL_CORNER,corner,245,509,235,499,34.9,"[""B_HIGH_VALUE_PAINT""]",True,B_HIGH_VALUE_PAINT
pvg_tileset_atlas_citywallscorner3_5_644e2e9a,res://assets/tilesets/cyber_city_core_tilesets/CyberCity_Core_Tiles_2/CyberCity_Core_Tiles_2/CityWallsCorner3_5.png,CityWallsCorner3_5.png,TILESET_ATLAS,atlas_or_large_sheet,324,514,320,511,37.51,"[""A_PRIMARY_ATLAS"", ""B_HIGH_VALUE_PAINT""]",True,"A_PRIMARY_ATLAS, B_HIGH_VALUE_PAINT"
pvg_tileset_atlas_citywallscorner3_6_f70a6717,res://assets/tilesets/cyber_city_core_tilesets/CyberCity_Core_Tiles_2/CyberCity_Core_Tiles_2/CityWallsCorner3_6.png,CityWallsCorner3_6.png,TILESET_ATLAS,atlas_or_large_sheet,325,515,320,511,36.6,"[""A_PRIMARY_ATLAS"", ""B_HIGH_VALUE_PAINT""]",True,"A_PRIMARY_ATLAS, B_HIGH_VALUE_PAINT"
pvg_tileset_atlas_citywallscorner3_7_46dd7a61,res://assets/tilesets/cyber_city_core_tilesets/CyberCity_Core_Tiles_2/CyberCity_Core_Tiles_2/CityWallsCorner3_7.png,CityWallsCorner3_7.png,TILESET_ATLAS,atlas_or_large_sheet,324,513,320,511,36.42,"[""A_PRIMARY_ATLAS"", ""B_HIGH_VALUE_PAINT""]",True,"A_PRIMARY_ATLAS, B_HIGH_VALUE_PAINT"
pvg_tileset_atlas_citywallscorner3_8_af982dc8,res://assets/tilesets/cyber_city_core_tilesets/CyberCity_Core_Tiles_2/CyberCity_Core_Tiles_2/CityWallsCorner3_8.png,CityWallsCorner3_8.png,TILESET_ATLAS,atlas_or_large_sheet,325,515,320,511,37.96,"[""A_PRIMARY_ATLAS"", ""B_HIGH_VALUE_PAINT""]",True,"A_PRIMARY_ATLAS, B_HIGH_VALUE_PAINT"
pvg_tileset_atlas_citywallspost1_1_88b2dfb8,res://assets/tilesets/cyber_city_core_tilesets/CyberCity_Core_Tiles_2/CyberCity_Core_Tiles_2/CityWallsPost1_1.png,CityWallsPost1_1.png,TILESET_ATLAS,atlas_or_large_sheet,234,569,232,568,60.94,"[""A_PRIMARY_ATLAS"", ""B_HIGH_VALUE_PAINT""]",True,"A_PRIMARY_ATLAS, B_HIGH_VALUE_PAINT"
pvg_tileset_atlas_citywallspost1_2_9688f49b,res://assets/tilesets/cyber_city_core_tilesets/CyberCity_Core_Tiles_2/CyberCity_Core_Tiles_2/CityWallsPost1_2.png,CityWallsPost1_2.png,TILESET_ATLAS,atlas_or_large_sheet,236,577,231,567,59.63,"[""A_PRIMARY_ATLAS"", ""B_HIGH_VALUE_PAINT""]",True,"A_PRIMARY_ATLAS, B_HIGH_VALUE_PAINT"
pvg_tileset_atlas_citywallspost1_3_94ac3f82,res://assets/tilesets/cyber_city_core_tilesets/CyberCity_Core_Tiles_2/CyberCity_Core_Tiles_2/CityWallsPost1_3.png,CityWallsPost1_3.png,TILESET_ATLAS,atlas_or_large_sheet,236,570,232,567,61.26,"[""A_PRIMARY_ATLAS"", ""B_HIGH_VALUE_PAINT""]",True,"A_PRIMARY_ATLAS, B_HIGH_VALUE_PAINT"
pvg_tileset_atlas_citywallspost1_4_87e783eb,res://assets/tilesets/cyber_city_core_tilesets/CyberCity_Core_Tiles_2/CyberCity_Core_Tiles_2/CityWallsPost1_4.png,CityWallsPost1_4.png,TILESET_ATLAS,atlas_or_large_sheet,238,576,231,567,59.65,"[""A_PRIMARY_ATLAS"", ""B_HIGH_VALUE_PAINT""]",True,"A_PRIMARY_ATLAS, B_HIGH_VALUE_PAINT"
pvg_tileset_atlas_citywallspost1_5_652c359f,res://assets/tilesets/cyber_city_core_tilesets/CyberCity_Core_Tiles_2/CyberCity_Core_Tiles_2/CityWallsPost1_5.png,CityWallsPost1_5.png,TILESET_ATLAS,atlas_or_large_sheet,235,587,230,584,62.37,"[""A_PRIMARY_ATLAS"", ""B_HIGH_VALUE_PAINT""]",True,"A_PRIMARY_ATLAS, B_HIGH_VALUE_PAINT"
pvg_tileset_atlas_citywallspost1_6_0ded56ad,res://assets/tilesets/cyber_city_core_tilesets/CyberCity_Core_Tiles_2/CyberCity_Core_Tiles_2/CityWallsPost1_6.png,CityWallsPost1_6.png,TILESET_ATLAS,atlas_or_large_sheet,261,575,255,566,57.19,"[""A_PRIMARY_ATLAS"", ""B_HIGH_VALUE_PAINT""]",True,"A_PRIMARY_ATLAS, B_HIGH_VALUE_PAINT"
pvg_tileset_atlas_citywallspost1_7_e74b9ea2,res://assets/tilesets/cyber_city_core_tilesets/CyberCity_Core_Tiles_2/CyberCity_Core_Tiles_2/CityWallsPost1_7.png,CityWallsPost1_7.png,TILESET_ATLAS,atlas_or_large_sheet,259,573,255,567,56.7,"[""A_PRIMARY_ATLAS"", ""B_HIGH_VALUE_PAINT""]",True,"A_PRIMARY_ATLAS, B_HIGH_VALUE_PAINT"
pvg_tileset_atlas_citywallspost1_8_101e6252,res://assets/tilesets/cyber_city_core_tilesets/CyberCity_Core_Tiles_2/CyberCity_Core_Tiles_2/CityWallsPost1_8.png,CityWallsPost1_8.png,TILESET_ATLAS,atlas_or_large_sheet,236,588,230,583,62.51,"[""A_PRIMARY_ATLAS"", ""B_HIGH_VALUE_PAINT""]",True,"A_PRIMARY_ATLAS, B_HIGH_VALUE_PAINT"
pvg_wall_corner_citywallspost2_1_e712b757,res://assets/tilesets/cyber_city_core_tilesets/CyberCity_Core_Tiles_2/CyberCity_Core_Tiles_2/CityWallsPost2_1.png,CityWallsPost2_1.png,WALL_CORNER,post_column,179,434,170,426,58.17,"[""B_HIGH_VALUE_PAINT""]",True,B_HIGH_VALUE_PAINT
pvg_wall_corner_citywallspost2_2_3358cd71,res://assets/tilesets/cyber_city_core_tilesets/CyberCity_Core_Tiles_2/CyberCity_Core_Tiles_2/CityWallsPost2_2.png,CityWallsPost2_2.png,WALL_CORNER,post_column,194,423,188,413,51.87,"[""B_HIGH_VALUE_PAINT""]",True,B_HIGH_VALUE_PAINT
pvg_wall_corner_citywallspost2_3_13cbeab4,res://assets/tilesets/cyber_city_core_tilesets/CyberCity_Core_Tiles_2/CyberCity_Core_Tiles_2/CityWallsPost2_3.png,CityWallsPost2_3.png,WALL_CORNER,post_column,177,435,170,426,57.81,"[""B_HIGH_VALUE_PAINT""]",True,B_HIGH_VALUE_PAINT
pvg_wall_corner_citywallspost2_4_6e1a9a21,res://assets/tilesets/cyber_city_core_tilesets/CyberCity_Core_Tiles_2/CyberCity_Core_Tiles_2/CityWallsPost2_4.png,CityWallsPost2_4.png,WALL_CORNER,post_column,194,423,188,413,51.71,"[""B_HIGH_VALUE_PAINT""]",True,B_HIGH_VALUE_PAINT
pvg_wall_corner_citywallspost2_5_537b84e0,res://assets/tilesets/cyber_city_core_tilesets/CyberCity_Core_Tiles_2/CyberCity_Core_Tiles_2/CityWallsPost2_5.png,CityWallsPost2_5.png,WALL_CORNER,post_column,200,438,195,431,52.93,"[""B_HIGH_VALUE_PAINT""]",True,B_HIGH_VALUE_PAINT
pvg_wall_corner_citywallspost2_6_e94aca34,res://assets/tilesets/cyber_city_core_tilesets/CyberCity_Core_Tiles_2/CyberCity_Core_Tiles_2/CityWallsPost2_6.png,CityWallsPost2_6.png,WALL_CORNER,post_column,200,437,195,431,54.54,"[""B_HIGH_VALUE_PAINT""]",True,B_HIGH_VALUE_PAINT
pvg_wall_corner_citywallspost2_7_b34989cf,res://assets/tilesets/cyber_city_core_tilesets/CyberCity_Core_Tiles_2/CyberCity_Core_Tiles_2/CityWallsPost2_7.png,CityWallsPost2_7.png,WALL_CORNER,post_column,202,435,196,431,54.59,"[""B_HIGH_VALUE_PAINT""]",True,B_HIGH_VALUE_PAINT
pvg_wall_corner_citywallspost2_8_bf2b2e91,res://assets/tilesets/cyber_city_core_tilesets/CyberCity_Core_Tiles_2/CyberCity_Core_Tiles_2/CityWallsPost2_8.png,CityWallsPost2_8.png,WALL_CORNER,post_column,201,438,196,432,53.05,"[""B_HIGH_VALUE_PAINT""]",True,B_HIGH_VALUE_PAINT
pvg_tileset_atlas_citywallspost3_1_526e65a0,res://assets/tilesets/cyber_city_core_tilesets/CyberCity_Core_Tiles_2/CyberCity_Core_Tiles_2/CityWallsPost3_1.png,CityWallsPost3_1.png,TILESET_ATLAS,atlas_or_large_sheet,205,631,200,626,69.18,"[""A_PRIMARY_ATLAS"", ""B_HIGH_VALUE_PAINT""]",True,"A_PRIMARY_ATLAS, B_HIGH_VALUE_PAINT"
pvg_tileset_atlas_citywallspost3_2_670e4983,res://assets/tilesets/cyber_city_core_tilesets/CyberCity_Core_Tiles_2/CyberCity_Core_Tiles_2/CityWallsPost3_2.png,CityWallsPost3_2.png,TILESET_ATLAS,atlas_or_large_sheet,292,580,285,573,53.84,"[""A_PRIMARY_ATLAS"", ""B_HIGH_VALUE_PAINT""]",True,"A_PRIMARY_ATLAS, B_HIGH_VALUE_PAINT"
pvg_tileset_atlas_citywallspost3_3_6e16b949,res://assets/tilesets/cyber_city_core_tilesets/CyberCity_Core_Tiles_2/CyberCity_Core_Tiles_2/CityWallsPost3_3.png,CityWallsPost3_3.png,TILESET_ATLAS,atlas_or_large_sheet,203,639,197,631,69.34,"[""A_PRIMARY_ATLAS"", ""B_HIGH_VALUE_PAINT""]",True,"A_PRIMARY_ATLAS, B_HIGH_VALUE_PAINT"
pvg_tileset_atlas_citywallspost3_4_d7b0087e,res://assets/tilesets/cyber_city_core_tilesets/CyberCity_Core_Tiles_2/CyberCity_Core_Tiles_2/CityWallsPost3_4.png,CityWallsPost3_4.png,TILESET_ATLAS,atlas_or_large_sheet,288,578,282,570,53.02,"[""A_PRIMARY_ATLAS"", ""B_HIGH_VALUE_PAINT""]",True,"A_PRIMARY_ATLAS, B_HIGH_VALUE_PAINT"
pvg_tileset_atlas_citywallspost3_5_482f4a9b,res://assets/tilesets/cyber_city_core_tilesets/CyberCity_Core_Tiles_2/CyberCity_Core_Tiles_2/CityWallsPost3_5.png,CityWallsPost3_5.png,TILESET_ATLAS,atlas_or_large_sheet,266,609,260,606,56.47,"[""A_PRIMARY_ATLAS"", ""B_HIGH_VALUE_PAINT""]",True,"A_PRIMARY_ATLAS, B_HIGH_VALUE_PAINT"
pvg_tileset_atlas_citywallspost3_6_2126aaad,res://assets/tilesets/cyber_city_core_tilesets/CyberCity_Core_Tiles_2/CyberCity_Core_Tiles_2/CityWallsPost3_6.png,CityWallsPost3_6.png,TILESET_ATLAS,atlas_or_large_sheet,261,612,254,607,61.12,"[""A_PRIMARY_ATLAS"", ""B_HIGH_VALUE_PAINT""]",True,"A_PRIMARY_ATLAS, B_HIGH_VALUE_PAINT"
pvg_tileset_atlas_citywallspost3_7_cf35d189,res://assets/tilesets/cyber_city_core_tilesets/CyberCity_Core_Tiles_2/CyberCity_Core_Tiles_2/CityWallsPost3_7.png,CityWallsPost3_7.png,TILESET_ATLAS,atlas_or_large_sheet,267,616,259,613,62.45,"[""A_PRIMARY_ATLAS"", ""B_HIGH_VALUE_PAINT""]",True,"A_PRIMARY_ATLAS, B_HIGH_VALUE_PAINT"
pvg_tileset_atlas_citywallspost3_8_4076b8e4,res://assets/tilesets/cyber_city_core_tilesets/CyberCity_Core_Tiles_2/CyberCity_Core_Tiles_2/CityWallsPost3_8.png,CityWallsPost3_8.png,TILESET_ATLAS,atlas_or_large_sheet,260,615,254,613,56.07,"[""A_PRIMARY_ATLAS"", ""B_HIGH_VALUE_PAINT""]",True,"A_PRIMARY_ATLAS, B_HIGH_VALUE_PAINT"
pvg_tileset_atlas_citywallspost4_1_6c8152b2,res://assets/tilesets/cyber_city_core_tilesets/CyberCity_Core_Tiles_2/CyberCity_Core_Tiles_2/CityWallsPost4_1.png,CityWallsPost4_1.png,TILESET_ATLAS,atlas_or_large_sheet,209,632,206,626,69.16,"[""A_PRIMARY_ATLAS"", ""B_HIGH_VALUE_PAINT""]",True,"A_PRIMARY_ATLAS, B_HIGH_VALUE_PAINT"
pvg_tileset_atlas_citywallspost4_2_bc0c4d83,res://assets/tilesets/cyber_city_core_tilesets/CyberCity_Core_Tiles_2/CyberCity_Core_Tiles_2/CityWallsPost4_2.png,CityWallsPost4_2.png,TILESET_ATLAS,atlas_or_large_sheet,290,569,286,562,52.77,"[""A_PRIMARY_ATLAS"", ""B_HIGH_VALUE_PAINT""]",True,"A_PRIMARY_ATLAS, B_HIGH_VALUE_PAINT"
pvg_tileset_atlas_citywallspost4_3_8b013327,res://assets/tilesets/cyber_city_core_tilesets/CyberCity_Core_Tiles_2/CyberCity_Core_Tiles_2/CityWallsPost4_3.png,CityWallsPost4_3.png,TILESET_ATLAS,atlas_or_large_sheet,209,633,201,627,68.33,"[""A_PRIMARY_ATLAS"", ""B_HIGH_VALUE_PAINT""]",True,"A_PRIMARY_ATLAS, B_HIGH_VALUE_PAINT"
pvg_tileset_atlas_citywallspost4_4_aaaa7297,res://assets/tilesets/cyber_city_core_tilesets/CyberCity_Core_Tiles_2/CyberCity_Core_Tiles_2/CityWallsPost4_4.png,CityWallsPost4_4.png,TILESET_ATLAS,atlas_or_large_sheet,289,570,281,561,52.83,"[""A_PRIMARY_ATLAS"", ""B_HIGH_VALUE_PAINT""]",True,"A_PRIMARY_ATLAS, B_HIGH_VALUE_PAINT"
pvg_tileset_atlas_citywallspost4_5_2ef8c1d5,res://assets/tilesets/cyber_city_core_tilesets/CyberCity_Core_Tiles_2/CyberCity_Core_Tiles_2/CityWallsPost4_5.png,CityWallsPost4_5.png,TILESET_ATLAS,atlas_or_large_sheet,266,609,259,607,56.29,"[""A_PRIMARY_ATLAS"", ""B_HIGH_VALUE_PAINT""]",True,"A_PRIMARY_ATLAS, B_HIGH_VALUE_PAINT"
pvg_tileset_atlas_citywallspost4_6_8f791ab0,res://assets/tilesets/cyber_city_core_tilesets/CyberCity_Core_Tiles_2/CyberCity_Core_Tiles_2/CityWallsPost4_6.png,CityWallsPost4_6.png,TILESET_ATLAS,atlas_or_large_sheet,267,611,259,606,61.25,"[""A_PRIMARY_ATLAS"", ""B_HIGH_VALUE_PAINT""]",True,"A_PRIMARY_ATLAS, B_HIGH_VALUE_PAINT"
pvg_tileset_atlas_citywallspost4_7_9d01fc70,res://assets/tilesets/cyber_city_core_tilesets/CyberCity_Core_Tiles_2/CyberCity_Core_Tiles_2/CityWallsPost4_7.png,CityWallsPost4_7.png,TILESET_ATLAS,atlas_or_large_sheet,268,611,259,608,61.32,"[""A_PRIMARY_ATLAS"", ""B_HIGH_VALUE_PAINT""]",True,"A_PRIMARY_ATLAS, B_HIGH_VALUE_PAINT"
pvg_tileset_atlas_citywallspost4_8_b5e3b917,res://assets/tilesets/cyber_city_core_tilesets/CyberCity_Core_Tiles_2/CyberCity_Core_Tiles_2/CityWallsPost4_8.png,CityWallsPost4_8.png,TILESET_ATLAS,atlas_or_large_sheet,267,610,259,608,56.53,"[""A_PRIMARY_ATLAS"", ""B_HIGH_VALUE_PAINT""]",True,"A_PRIMARY_ATLAS, B_HIGH_VALUE_PAINT"
pvg_unknown_review_clutter10_1_a4857153,res://assets/tilesets/cyber_city_core_tilesets/CyberCity_Core_Tiles_2/CyberCity_Core_Tiles_2/Clutter10_1.png,Clutter10_1.png,UNKNOWN_REVIEW,review,134,112,132,107,36.31,"[""C_LARGE_OBJECT_PAINT""]",True,C_LARGE_OBJECT_PAINT
pvg_unknown_review_clutter10_2_36964291,res://assets/tilesets/cyber_city_core_tilesets/CyberCity_Core_Tiles_2/CyberCity_Core_Tiles_2/Clutter10_2.png,Clutter10_2.png,UNKNOWN_REVIEW,review,96,117,94,115,38.74,"[""C_LARGE_OBJECT_PAINT""]",True,C_LARGE_OBJECT_PAINT
pvg_unknown_review_clutter10_3_fd7b3aeb,res://assets/tilesets/cyber_city_core_tilesets/CyberCity_Core_Tiles_2/CyberCity_Core_Tiles_2/Clutter10_3.png,Clutter10_3.png,UNKNOWN_REVIEW,review,135,77,134,73,29.01,"[""C_LARGE_OBJECT_PAINT""]",True,C_LARGE_OBJECT_PAINT
pvg_unknown_review_clutter10_4_9f476c6a,res://assets/tilesets/cyber_city_core_tilesets/CyberCity_Core_Tiles_2/CyberCity_Core_Tiles_2/Clutter10_4.png,Clutter10_4.png,UNKNOWN_REVIEW,review,107,131,106,128,37.85,"[""C_LARGE_OBJECT_PAINT""]",True,C_LARGE_OBJECT_PAINT
pvg_unknown_review_clutter10_5_a41630f6,res://assets/tilesets/cyber_city_core_tilesets/CyberCity_Core_Tiles_2/CyberCity_Core_Tiles_2/Clutter10_5.png,Clutter10_5.png,UNKNOWN_REVIEW,review,126,125,126,124,43.45,"[""C_LARGE_OBJECT_PAINT""]",True,C_LARGE_OBJECT_PAINT
pvg_unknown_review_clutter10_6_abb0a1d3,res://assets/tilesets/cyber_city_core_tilesets/CyberCity_Core_Tiles_2/CyberCity_Core_Tiles_2/Clutter10_6.png,Clutter10_6.png,UNKNOWN_REVIEW,review,148,130,143,128,49.77,"[""C_LARGE_OBJECT_PAINT""]",True,C_LARGE_OBJECT_PAINT
pvg_unknown_review_clutter10_7_e944d882,res://assets/tilesets/cyber_city_core_tilesets/CyberCity_Core_Tiles_2/CyberCity_Core_Tiles_2/Clutter10_7.png,Clutter10_7.png,UNKNOWN_REVIEW,review,142,94,138,91,46.81,"[""C_LARGE_OBJECT_PAINT""]",True,C_LARGE_OBJECT_PAINT
pvg_unknown_review_clutter10_8_0f3a0b83,res://assets/tilesets/cyber_city_core_tilesets/CyberCity_Core_Tiles_2/CyberCity_Core_Tiles_2/Clutter10_8.png,Clutter10_8.png,UNKNOWN_REVIEW,review,139,113,138,111,48.74,"[""C_LARGE_OBJECT_PAINT""]",True,C_LARGE_OBJECT_PAINT
pvg_unknown_review_clutter1_1_bf67cf2b,res://assets/tilesets/cyber_city_core_tilesets/CyberCity_Core_Tiles_2/CyberCity_Core_Tiles_2/Clutter1_1.png,Clutter1_1.png,UNKNOWN_REVIEW,review,352,283,350,281,36.39,"[""C_LARGE_OBJECT_PAINT""]",True,C_LARGE_OBJECT_PAINT
pvg_unknown_review_clutter1_2_fff9c7d4,res://assets/tilesets/cyber_city_core_tilesets/CyberCity_Core_Tiles_2/CyberCity_Core_Tiles_2/Clutter1_2.png,Clutter1_2.png,UNKNOWN_REVIEW,review,270,297,268,295,35.31,"[""C_LARGE_OBJECT_PAINT""]",True,C_LARGE_OBJECT_PAINT
pvg_unknown_review_clutter1_3_fff441d7,res://assets/tilesets/cyber_city_core_tilesets/CyberCity_Core_Tiles_2/CyberCity_Core_Tiles_2/Clutter1_3.png,Clutter1_3.png,UNKNOWN_REVIEW,review,357,221,354,219,37.38,"[""C_LARGE_OBJECT_PAINT""]",True,C_LARGE_OBJECT_PAINT
pvg_unknown_review_clutter1_4_93cff79c,res://assets/tilesets/cyber_city_core_tilesets/CyberCity_Core_Tiles_2/CyberCity_Core_Tiles_2/Clutter1_4.png,Clutter1_4.png,UNKNOWN_REVIEW,review,294,303,293,300,40.11,"[""C_LARGE_OBJECT_PAINT""]",True,C_LARGE_OBJECT_PAINT
pvg_unknown_review_clutter1_5_a724206d,res://assets/tilesets/cyber_city_core_tilesets/CyberCity_Core_Tiles_2/CyberCity_Core_Tiles_2/Clutter1_5.png,Clutter1_5.png,UNKNOWN_REVIEW,review,353,308,350,305,45.94,"[""C_LARGE_OBJECT_PAINT""]",True,C_LARGE_OBJECT_PAINT
pvg_unknown_review_clutter1_6_52c305a6,res://assets/tilesets/cyber_city_core_tilesets/CyberCity_Core_Tiles_2/CyberCity_Core_Tiles_2/Clutter1_6.png,Clutter1_6.png,UNKNOWN_REVIEW,review,316,321,314,320,39.88,"[""C_LARGE_OBJECT_PAINT""]",True,C_LARGE_OBJECT_PAINT
pvg_unknown_review_clutter1_7_d5d41303,res://assets/tilesets/cyber_city_core_tilesets/CyberCity_Core_Tiles_2/CyberCity_Core_Tiles_2/Clutter1_7.png,Clutter1_7.png,UNKNOWN_REVIEW,review,294,275,284,270,43.31,"[""C_LARGE_OBJECT_PAINT""]",True,C_LARGE_OBJECT_PAINT
pvg_unknown_review_clutter1_8_ce629b21,res://assets/tilesets/cyber_city_core_tilesets/CyberCity_Core_Tiles_2/CyberCity_Core_Tiles_2/Clutter1_8.png,Clutter1_8.png,UNKNOWN_REVIEW,review,364,246,362,244,43.07,"[""C_LARGE_OBJECT_PAINT""]",True,C_LARGE_OBJECT_PAINT
pvg_unknown_review_clutter2_1_73484954,res://assets/tilesets/cyber_city_core_tilesets/CyberCity_Core_Tiles_2/CyberCity_Core_Tiles_2/Clutter2_1.png,Clutter2_1.png,UNKNOWN_REVIEW,review,120,98,117,97,41.27,"[""C_LARGE_OBJECT_PAINT""]",True,C_LARGE_OBJECT_PAINT
pvg_unknown_review_clutter2_2_22902e0d,res://assets/tilesets/cyber_city_core_tilesets/CyberCity_Core_Tiles_2/CyberCity_Core_Tiles_2/Clutter2_2.png,Clutter2_2.png,UNKNOWN_REVIEW,review,96,116,96,114,47.49,"[""C_LARGE_OBJECT_PAINT""]",True,C_LARGE_OBJECT_PAINT
pvg_unknown_review_clutter2_3_0dbb8f80,res://assets/tilesets/cyber_city_core_tilesets/CyberCity_Core_Tiles_2/CyberCity_Core_Tiles_2/Clutter2_3.png,Clutter2_3.png,UNKNOWN_REVIEW,review,115,102,113,100,50.65,"[""C_LARGE_OBJECT_PAINT""]",True,C_LARGE_OBJECT_PAINT
pvg_unknown_review_clutter2_4_298d2520,res://assets/tilesets/cyber_city_core_tilesets/CyberCity_Core_Tiles_2/CyberCity_Core_Tiles_2/Clutter2_4.png,Clutter2_4.png,UNKNOWN_REVIEW,review,95,104,93,99,42.09,"[""C_LARGE_OBJECT_PAINT""]",True,C_LARGE_OBJECT_PAINT
pvg_unknown_review_clutter2_5_71d3efac,res://assets/tilesets/cyber_city_core_tilesets/CyberCity_Core_Tiles_2/CyberCity_Core_Tiles_2/Clutter2_5.png,Clutter2_5.png,UNKNOWN_REVIEW,review,109,104,108,104,43.51,"[""C_LARGE_OBJECT_PAINT""]",True,C_LARGE_OBJECT_PAINT
pvg_unknown_review_clutter2_6_42d691c4,res://assets/tilesets/cyber_city_core_tilesets/CyberCity_Core_Tiles_2/CyberCity_Core_Tiles_2/Clutter2_6.png,Clutter2_6.png,UNKNOWN_REVIEW,review,105,100,101,97,39.33,"[""C_LARGE_OBJECT_PAINT""]",True,C_LARGE_OBJECT_PAINT
pvg_unknown_review_clutter2_7_b64c154d,res://assets/tilesets/cyber_city_core_tilesets/CyberCity_Core_Tiles_2/CyberCity_Core_Tiles_2/Clutter2_7.png,Clutter2_7.png,UNKNOWN_REVIEW,review,104,102,94,101,48.31,"[""C_LARGE_OBJECT_PAINT""]",True,C_LARGE_OBJECT_PAINT
pvg_unknown_review_clutter2_8_c3692117,res://assets/tilesets/cyber_city_core_tilesets/CyberCity_Core_Tiles_2/CyberCity_Core_Tiles_2/Clutter2_8.png,Clutter2_8.png,UNKNOWN_REVIEW,review,112,87,111,85,40.32,"[""C_LARGE_OBJECT_PAINT""]",True,C_LARGE_OBJECT_PAINT
pvg_unknown_review_clutter3_1_50e57bf1,res://assets/tilesets/cyber_city_core_tilesets/CyberCity_Core_Tiles_2/CyberCity_Core_Tiles_2/Clutter3_1.png,Clutter3_1.png,UNKNOWN_REVIEW,review,84,123,82,122,44.79,"[""C_LARGE_OBJECT_PAINT""]",True,C_LARGE_OBJECT_PAINT
pvg_unknown_review_clutter3_2_fa62ae37,res://assets/tilesets/cyber_city_core_tilesets/CyberCity_Core_Tiles_2/CyberCity_Core_Tiles_2/Clutter3_2.png,Clutter3_2.png,UNKNOWN_REVIEW,review,88,123,87,117,49.14,"[""C_LARGE_OBJECT_PAINT""]",True,C_LARGE_OBJECT_PAINT
pvg_unknown_review_clutter3_3_f9f9d5c4,res://assets/tilesets/cyber_city_core_tilesets/CyberCity_Core_Tiles_2/CyberCity_Core_Tiles_2/Clutter3_3.png,Clutter3_3.png,UNKNOWN_REVIEW,review,87,117,85,115,43.44,"[""C_LARGE_OBJECT_PAINT""]",True,C_LARGE_OBJECT_PAINT
pvg_unknown_review_clutter3_4_a0898306,res://assets/tilesets/cyber_city_core_tilesets/CyberCity_Core_Tiles_2/CyberCity_Core_Tiles_2/Clutter3_4.png,Clutter3_4.png,UNKNOWN_REVIEW,review,85,123,83,122,46.37,"[""C_LARGE_OBJECT_PAINT""]",True,C_LARGE_OBJECT_PAINT
pvg_unknown_review_clutter3_5_dcf84108,res://assets/tilesets/cyber_city_core_tilesets/CyberCity_Core_Tiles_2/CyberCity_Core_Tiles_2/Clutter3_5.png,Clutter3_5.png,UNKNOWN_REVIEW,review,100,116,98,115,49.59,"[""C_LARGE_OBJECT_PAINT""]",True,C_LARGE_OBJECT_PAINT
pvg_unknown_review_clutter3_6_d27b2576,res://assets/tilesets/cyber_city_core_tilesets/CyberCity_Core_Tiles_2/CyberCity_Core_Tiles_2/Clutter3_6.png,Clutter3_6.png,UNKNOWN_REVIEW,review,75,134,74,134,45.55,"[""C_LARGE_OBJECT_PAINT""]",True,C_LARGE_OBJECT_PAINT
pvg_unknown_review_clutter3_7_150e2b2a,res://assets/tilesets/cyber_city_core_tilesets/CyberCity_Core_Tiles_2/CyberCity_Core_Tiles_2/Clutter3_7.png,Clutter3_7.png,UNKNOWN_REVIEW,review,77,119,74,118,44.9,"[""C_LARGE_OBJECT_PAINT""]",True,C_LARGE_OBJECT_PAINT
pvg_unknown_review_clutter3_8_f9ffaa99,res://assets/tilesets/cyber_city_core_tilesets/CyberCity_Core_Tiles_2/CyberCity_Core_Tiles_2/Clutter3_8.png,Clutter3_8.png,UNKNOWN_REVIEW,review,109,121,102,115,54.66,"[""C_LARGE_OBJECT_PAINT""]",True,C_LARGE_OBJECT_PAINT
pvg_unknown_review_clutter4_1_4030c2c1,res://assets/tilesets/cyber_city_core_tilesets/CyberCity_Core_Tiles_2/CyberCity_Core_Tiles_2/Clutter4_1.png,Clutter4_1.png,UNKNOWN_REVIEW,review,74,73,72,71,39.0,"[""C_LARGE_OBJECT_PAINT""]",True,C_LARGE_OBJECT_PAINT
pvg_unknown_review_clutter4_2_813c0589,res://assets/tilesets/cyber_city_core_tilesets/CyberCity_Core_Tiles_2/CyberCity_Core_Tiles_2/Clutter4_2.png,Clutter4_2.png,UNKNOWN_REVIEW,review,55,75,53,73,43.64,"[""C_LARGE_OBJECT_PAINT""]",True,C_LARGE_OBJECT_PAINT
pvg_unknown_review_clutter4_3_7df9ed1c,res://assets/tilesets/cyber_city_core_tilesets/CyberCity_Core_Tiles_2/CyberCity_Core_Tiles_2/Clutter4_3.png,Clutter4_3.png,UNKNOWN_REVIEW,review,79,54,77,52,41.23,"[""C_LARGE_OBJECT_PAINT""]",True,C_LARGE_OBJECT_PAINT
pvg_unknown_review_clutter4_4_14a5c7ea,res://assets/tilesets/cyber_city_core_tilesets/CyberCity_Core_Tiles_2/CyberCity_Core_Tiles_2/Clutter4_4.png,Clutter4_4.png,UNKNOWN_REVIEW,review,66,70,63,69,39.81,"[""C_LARGE_OBJECT_PAINT""]",True,C_LARGE_OBJECT_PAINT
pvg_unknown_review_clutter4_5_28d60229,res://assets/tilesets/cyber_city_core_tilesets/CyberCity_Core_Tiles_2/CyberCity_Core_Tiles_2/Clutter4_5.png,Clutter4_5.png,UNKNOWN_REVIEW,review,60,85,54,82,45.0,"[""C_LARGE_OBJECT_PAINT""]",True,C_LARGE_OBJECT_PAINT
pvg_unknown_review_clutter4_6_815cb55e,res://assets/tilesets/cyber_city_core_tilesets/CyberCity_Core_Tiles_2/CyberCity_Core_Tiles_2/Clutter4_6.png,Clutter4_6.png,UNKNOWN_REVIEW,review,84,74,81,72,44.98,"[""C_LARGE_OBJECT_PAINT""]",True,C_LARGE_OBJECT_PAINT
pvg_unknown_review_clutter4_7_79461c29,res://assets/tilesets/cyber_city_core_tilesets/CyberCity_Core_Tiles_2/CyberCity_Core_Tiles_2/Clutter4_7.png,Clutter4_7.png,UNKNOWN_REVIEW,review,78,57,76,56,47.84,"[""C_LARGE_OBJECT_PAINT""]",True,C_LARGE_OBJECT_PAINT
pvg_unknown_review_clutter4_8_f5aac47f,res://assets/tilesets/cyber_city_core_tilesets/CyberCity_Core_Tiles_2/CyberCity_Core_Tiles_2/Clutter4_8.png,Clutter4_8.png,UNKNOWN_REVIEW,review,66,68,64,67,44.1,"[""C_LARGE_OBJECT_PAINT""]",True,C_LARGE_OBJECT_PAINT
pvg_unknown_review_clutter5_1_1c49bcee,res://assets/tilesets/cyber_city_core_tilesets/CyberCity_Core_Tiles_2/CyberCity_Core_Tiles_2/Clutter5_1.png,Clutter5_1.png,UNKNOWN_REVIEW,review,93,68,90,66,49.38,"[""C_LARGE_OBJECT_PAINT""]",True,C_LARGE_OBJECT_PAINT
pvg_unknown_review_clutter5_2_c1b50581,res://assets/tilesets/cyber_city_core_tilesets/CyberCity_Core_Tiles_2/CyberCity_Core_Tiles_2/Clutter5_2.png,Clutter5_2.png,UNKNOWN_REVIEW,review,58,92,54,89,44.96,"[""C_LARGE_OBJECT_PAINT""]",True,C_LARGE_OBJECT_PAINT
pvg_unknown_review_clutter5_3_9952b4d3,res://assets/tilesets/cyber_city_core_tilesets/CyberCity_Core_Tiles_2/CyberCity_Core_Tiles_2/Clutter5_3.png,Clutter5_3.png,UNKNOWN_REVIEW,review,93,80,91,78,49.96,"[""C_LARGE_OBJECT_PAINT""]",True,C_LARGE_OBJECT_PAINT
pvg_unknown_review_clutter5_4_2892c53d,res://assets/tilesets/cyber_city_core_tilesets/CyberCity_Core_Tiles_2/CyberCity_Core_Tiles_2/Clutter5_4.png,Clutter5_4.png,UNKNOWN_REVIEW,review,51,89,50,87,38.29,"[""C_LARGE_OBJECT_PAINT""]",True,C_LARGE_OBJECT_PAINT
pvg_unknown_review_clutter5_5_545de53b,res://assets/tilesets/cyber_city_core_tilesets/CyberCity_Core_Tiles_2/CyberCity_Core_Tiles_2/Clutter5_5.png,Clutter5_5.png,UNKNOWN_REVIEW,review,68,86,66,84,50.97,"[""C_LARGE_OBJECT_PAINT""]",True,C_LARGE_OBJECT_PAINT
pvg_unknown_review_clutter5_6_1a4bcabd,res://assets/tilesets/cyber_city_core_tilesets/CyberCity_Core_Tiles_2/CyberCity_Core_Tiles_2/Clutter5_6.png,Clutter5_6.png,UNKNOWN_REVIEW,review,84,81,80,78,51.62,"[""C_LARGE_OBJECT_PAINT""]",True,C_LARGE_OBJECT_PAINT
pvg_unknown_review_clutter5_7_dd4494c9,res://assets/tilesets/cyber_city_core_tilesets/CyberCity_Core_Tiles_2/CyberCity_Core_Tiles_2/Clutter5_7.png,Clutter5_7.png,UNKNOWN_REVIEW,review,87,85,81,83,51.22,"[""C_LARGE_OBJECT_PAINT""]",True,C_LARGE_OBJECT_PAINT
pvg_unknown_review_clutter5_8_debb99b0,res://assets/tilesets/cyber_city_core_tilesets/CyberCity_Core_Tiles_2/CyberCity_Core_Tiles_2/Clutter5_8.png,Clutter5_8.png,UNKNOWN_REVIEW,review,66,88,63,86,43.27,"[""C_LARGE_OBJECT_PAINT""]",True,C_LARGE_OBJECT_PAINT
pvg_unknown_review_clutter6_1_0beb5bdc,res://assets/tilesets/cyber_city_core_tilesets/CyberCity_Core_Tiles_2/CyberCity_Core_Tiles_2/Clutter6_1.png,Clutter6_1.png,UNKNOWN_REVIEW,review,85,77,83,76,37.27,"[""C_LARGE_OBJECT_PAINT""]",True,C_LARGE_OBJECT_PAINT
pvg_unknown_review_clutter6_2_6d2801fe,res://assets/tilesets/cyber_city_core_tilesets/CyberCity_Core_Tiles_2/CyberCity_Core_Tiles_2/Clutter6_2.png,Clutter6_2.png,UNKNOWN_REVIEW,review,76,80,72,78,42.93,"[""C_LARGE_OBJECT_PAINT""]",True,C_LARGE_OBJECT_PAINT
pvg_unknown_review_clutter6_3_83f8accb,res://assets/tilesets/cyber_city_core_tilesets/CyberCity_Core_Tiles_2/CyberCity_Core_Tiles_2/Clutter6_3.png,Clutter6_3.png,UNKNOWN_REVIEW,review,87,67,86,61,38.26,"[""C_LARGE_OBJECT_PAINT""]",True,C_LARGE_OBJECT_PAINT
pvg_unknown_review_clutter6_4_68ca19fe,res://assets/tilesets/cyber_city_core_tilesets/CyberCity_Core_Tiles_2/CyberCity_Core_Tiles_2/Clutter6_4.png,Clutter6_4.png,UNKNOWN_REVIEW,review,78,85,76,84,43.44,"[""C_LARGE_OBJECT_PAINT""]",True,C_LARGE_OBJECT_PAINT
pvg_unknown_review_clutter6_5_430fa5ce,res://assets/tilesets/cyber_city_core_tilesets/CyberCity_Core_Tiles_2/CyberCity_Core_Tiles_2/Clutter6_5.png,Clutter6_5.png,UNKNOWN_REVIEW,review,70,78,65,77,33.0,"[""C_LARGE_OBJECT_PAINT""]",True,C_LARGE_OBJECT_PAINT
pvg_unknown_review_clutter6_6_f28bfeeb,res://assets/tilesets/cyber_city_core_tilesets/CyberCity_Core_Tiles_2/CyberCity_Core_Tiles_2/Clutter6_6.png,Clutter6_6.png,UNKNOWN_REVIEW,review,80,71,79,70,28.54,"[""C_LARGE_OBJECT_PAINT""]",True,C_LARGE_OBJECT_PAINT
pvg_unknown_review_clutter6_7_d41f5c97,res://assets/tilesets/cyber_city_core_tilesets/CyberCity_Core_Tiles_2/CyberCity_Core_Tiles_2/Clutter6_7.png,Clutter6_7.png,UNKNOWN_REVIEW,review,80,64,79,64,32.83,"[""C_LARGE_OBJECT_PAINT""]",True,C_LARGE_OBJECT_PAINT
pvg_unknown_review_clutter6_8_5feb4f2b,res://assets/tilesets/cyber_city_core_tilesets/CyberCity_Core_Tiles_2/CyberCity_Core_Tiles_2/Clutter6_8.png,Clutter6_8.png,UNKNOWN_REVIEW,review,70,79,67,76,35.93,"[""C_LARGE_OBJECT_PAINT""]",True,C_LARGE_OBJECT_PAINT
pvg_unknown_review_clutter7_1_656ccd68,res://assets/tilesets/cyber_city_core_tilesets/CyberCity_Core_Tiles_2/CyberCity_Core_Tiles_2/Clutter7_1.png,Clutter7_1.png,UNKNOWN_REVIEW,review,50,52,45,50,40.31,"[""C_LARGE_OBJECT_PAINT""]",True,C_LARGE_OBJECT_PAINT
pvg_unknown_review_clutter7_2_b5013b3d,res://assets/tilesets/cyber_city_core_tilesets/CyberCity_Core_Tiles_2/CyberCity_Core_Tiles_2/Clutter7_2.png,Clutter7_2.png,UNKNOWN_REVIEW,review,53,44,51,41,38.21,"[""C_LARGE_OBJECT_PAINT""]",True,C_LARGE_OBJECT_PAINT
pvg_unknown_review_clutter7_3_5d6d2611,res://assets/tilesets/cyber_city_core_tilesets/CyberCity_Core_Tiles_2/CyberCity_Core_Tiles_2/Clutter7_3.png,Clutter7_3.png,UNKNOWN_REVIEW,review,48,45,47,42,34.95,"[""C_LARGE_OBJECT_PAINT""]",True,C_LARGE_OBJECT_PAINT
pvg_unknown_review_clutter7_4_d684879d,res://assets/tilesets/cyber_city_core_tilesets/CyberCity_Core_Tiles_2/CyberCity_Core_Tiles_2/Clutter7_4.png,Clutter7_4.png,UNKNOWN_REVIEW,review,58,52,54,47,45.79,"[""C_LARGE_OBJECT_PAINT""]",True,C_LARGE_OBJECT_PAINT
pvg_unknown_review_clutter7_5_6c528ed2,res://assets/tilesets/cyber_city_core_tilesets/CyberCity_Core_Tiles_2/CyberCity_Core_Tiles_2/Clutter7_5.png,Clutter7_5.png,UNKNOWN_REVIEW,review,56,44,54,43,39.2,"[""C_LARGE_OBJECT_PAINT""]",True,C_LARGE_OBJECT_PAINT
pvg_unknown_review_clutter7_6_337ae270,res://assets/tilesets/cyber_city_core_tilesets/CyberCity_Core_Tiles_2/CyberCity_Core_Tiles_2/Clutter7_6.png,Clutter7_6.png,UNKNOWN_REVIEW,review,50,53,48,52,38.68,"[""C_LARGE_OBJECT_PAINT""]",True,C_LARGE_OBJECT_PAINT
pvg_unknown_review_clutter7_7_53d255ff,res://assets/tilesets/cyber_city_core_tilesets/CyberCity_Core_Tiles_2/CyberCity_Core_Tiles_2/Clutter7_7.png,Clutter7_7.png,UNKNOWN_REVIEW,review,49,41,48,39,31.11,"[""C_LARGE_OBJECT_PAINT""]",True,C_LARGE_OBJECT_PAINT
pvg_unknown_review_clutter7_8_b3c9c478,res://assets/tilesets/cyber_city_core_tilesets/CyberCity_Core_Tiles_2/CyberCity_Core_Tiles_2/Clutter7_8.png,Clutter7_8.png,UNKNOWN_REVIEW,review,58,48,56,46,45.29,"[""C_LARGE_OBJECT_PAINT""]",True,C_LARGE_OBJECT_PAINT
pvg_unknown_review_clutter8_1_f2363be1,res://assets/tilesets/cyber_city_core_tilesets/CyberCity_Core_Tiles_2/CyberCity_Core_Tiles_2/Clutter8_1.png,Clutter8_1.png,UNKNOWN_REVIEW,review,452,470,443,464,53.39,"[""C_LARGE_OBJECT_PAINT""]",True,C_LARGE_OBJECT_PAINT
pvg_unknown_review_clutter8_2_308938f1,res://assets/tilesets/cyber_city_core_tilesets/CyberCity_Core_Tiles_2/CyberCity_Core_Tiles_2/Clutter8_2.png,Clutter8_2.png,UNKNOWN_REVIEW,review,351,467,349,461,46.1,"[""C_LARGE_OBJECT_PAINT""]",True,C_LARGE_OBJECT_PAINT
pvg_unknown_review_clutter8_3_ce02f359,res://assets/tilesets/cyber_city_core_tilesets/CyberCity_Core_Tiles_2/CyberCity_Core_Tiles_2/Clutter8_3.png,Clutter8_3.png,UNKNOWN_REVIEW,review,396,395,393,393,42.31,"[""C_LARGE_OBJECT_PAINT""]",True,C_LARGE_OBJECT_PAINT
pvg_unknown_review_clutter8_4_480a427b,res://assets/tilesets/cyber_city_core_tilesets/CyberCity_Core_Tiles_2/CyberCity_Core_Tiles_2/Clutter8_4.png,Clutter8_4.png,UNKNOWN_REVIEW,review,381,457,375,455,40.69,"[""C_LARGE_OBJECT_PAINT""]",True,C_LARGE_OBJECT_PAINT
pvg_unknown_review_clutter8_5_d111bf82,res://assets/tilesets/cyber_city_core_tilesets/CyberCity_Core_Tiles_2/CyberCity_Core_Tiles_2/Clutter8_5.png,Clutter8_5.png,UNKNOWN_REVIEW,review,473,472,471,467,58.35,"[""C_LARGE_OBJECT_PAINT""]",True,C_LARGE_OBJECT_PAINT
pvg_tileset_atlas_clutter8_6_a3fd8f05,res://assets/tilesets/cyber_city_core_tilesets/CyberCity_Core_Tiles_2/CyberCity_Core_Tiles_2/Clutter8_6.png,Clutter8_6.png,TILESET_ATLAS,atlas_or_large_sheet,455,532,452,531,56.43,"[""A_PRIMARY_ATLAS"", ""C_LARGE_OBJECT_PAINT""]",True,"A_PRIMARY_ATLAS, C_LARGE_OBJECT_PAINT"
pvg_unknown_review_clutter8_7_12615e08,res://assets/tilesets/cyber_city_core_tilesets/CyberCity_Core_Tiles_2/CyberCity_Core_Tiles_2/Clutter8_7.png,Clutter8_7.png,UNKNOWN_REVIEW,review,427,487,423,480,57.04,"[""C_LARGE_OBJECT_PAINT""]",True,C_LARGE_OBJECT_PAINT
pvg_unknown_review_clutter8_8_c6e96c55,res://assets/tilesets/cyber_city_core_tilesets/CyberCity_Core_Tiles_2/CyberCity_Core_Tiles_2/Clutter8_8.png,Clutter8_8.png,UNKNOWN_REVIEW,review,452,431,449,424,49.29,"[""C_LARGE_OBJECT_PAINT""]",True,C_LARGE_OBJECT_PAINT
pvg_tileset_atlas_clutter9_1_8b0cacba,res://assets/tilesets/cyber_city_core_tilesets/CyberCity_Core_Tiles_2/CyberCity_Core_Tiles_2/Clutter9_1.png,Clutter9_1.png,TILESET_ATLAS,atlas_or_large_sheet,681,541,678,537,64.8,"[""A_PRIMARY_ATLAS"", ""C_LARGE_OBJECT_PAINT""]",True,"A_PRIMARY_ATLAS, C_LARGE_OBJECT_PAINT"
pvg_tileset_atlas_clutter9_2_50817a2d,res://assets/tilesets/cyber_city_core_tilesets/CyberCity_Core_Tiles_2/CyberCity_Core_Tiles_2/Clutter9_2.png,Clutter9_2.png,TILESET_ATLAS,atlas_or_large_sheet,331,532,328,530,49.42,"[""A_PRIMARY_ATLAS"", ""C_LARGE_OBJECT_PAINT""]",True,"A_PRIMARY_ATLAS, C_LARGE_OBJECT_PAINT"
pvg_tileset_atlas_clutter9_3_1714899d,res://assets/tilesets/cyber_city_core_tilesets/CyberCity_Core_Tiles_2/CyberCity_Core_Tiles_2/Clutter9_3.png,Clutter9_3.png,TILESET_ATLAS,atlas_or_large_sheet,754,503,751,498,66.37,"[""A_PRIMARY_ATLAS"", ""C_LARGE_OBJECT_PAINT""]",True,"A_PRIMARY_ATLAS, C_LARGE_OBJECT_PAINT"
pvg_tileset_atlas_clutter9_4_3d67d897,res://assets/tilesets/cyber_city_core_tilesets/CyberCity_Core_Tiles_2/CyberCity_Core_Tiles_2/Clutter9_4.png,Clutter9_4.png,TILESET_ATLAS,atlas_or_large_sheet,381,798,377,794,62.94,"[""A_PRIMARY_ATLAS"", ""C_LARGE_OBJECT_PAINT""]",True,"A_PRIMARY_ATLAS, C_LARGE_OBJECT_PAINT"
pvg_tileset_atlas_clutter9_5_6f05e618,res://assets/tilesets/cyber_city_core_tilesets/CyberCity_Core_Tiles_2/CyberCity_Core_Tiles_2/Clutter9_5.png,Clutter9_5.png,TILESET_ATLAS,atlas_or_large_sheet,621,509,617,506,62.45,"[""A_PRIMARY_ATLAS"", ""C_LARGE_OBJECT_PAINT""]",True,"A_PRIMARY_ATLAS, C_LARGE_OBJECT_PAINT"
pvg_tileset_atlas_clutter9_6_2887f20c,res://assets/tilesets/cyber_city_core_tilesets/CyberCity_Core_Tiles_2/CyberCity_Core_Tiles_2/Clutter9_6.png,Clutter9_6.png,TILESET_ATLAS,atlas_or_large_sheet,564,763,558,758,69.58,"[""A_PRIMARY_ATLAS"", ""C_LARGE_OBJECT_PAINT""]",True,"A_PRIMARY_ATLAS, C_LARGE_OBJECT_PAINT"
pvg_tileset_atlas_clutter9_7_6e782d2d,res://assets/tilesets/cyber_city_core_tilesets/CyberCity_Core_Tiles_2/CyberCity_Core_Tiles_2/Clutter9_7.png,Clutter9_7.png,TILESET_ATLAS,atlas_or_large_sheet,646,449,642,447,58.97,"[""A_PRIMARY_ATLAS"", ""C_LARGE_OBJECT_PAINT""]",True,"A_PRIMARY_ATLAS, C_LARGE_OBJECT_PAINT"
pvg_tileset_atlas_clutter9_8_b11bd72c,res://assets/tilesets/cyber_city_core_tilesets/CyberCity_Core_Tiles_2/CyberCity_Core_Tiles_2/Clutter9_8.png,Clutter9_8.png,TILESET_ATLAS,atlas_or_large_sheet,694,724,690,718,75.42,"[""A_PRIMARY_ATLAS"", ""C_LARGE_OBJECT_PAINT""]",True,"A_PRIMARY_ATLAS, C_LARGE_OBJECT_PAINT"
pvg_neon_sign_directionsign1_1_d2bd507b,res://assets/tilesets/cyber_city_core_tilesets/CyberCity_Core_Tiles_2/CyberCity_Core_Tiles_2/DirectionSign1_1.png,DirectionSign1_1.png,NEON_SIGN,sign_billboard,53,21,51,18,34.86,"[""C_LARGE_OBJECT_PAINT""]",True,C_LARGE_OBJECT_PAINT
pvg_neon_sign_directionsign1_2_8e46213d,res://assets/tilesets/cyber_city_core_tilesets/CyberCity_Core_Tiles_2/CyberCity_Core_Tiles_2/DirectionSign1_2.png,DirectionSign1_2.png,NEON_SIGN,sign_billboard,16,50,14,47,69.5,"[""C_LARGE_OBJECT_PAINT""]",True,C_LARGE_OBJECT_PAINT
pvg_neon_sign_directionsign1_3_46b81a5d,res://assets/tilesets/cyber_city_core_tilesets/CyberCity_Core_Tiles_2/CyberCity_Core_Tiles_2/DirectionSign1_3.png,DirectionSign1_3.png,NEON_SIGN,sign_billboard,52,23,51,17,39.97,"[""C_LARGE_OBJECT_PAINT""]",True,C_LARGE_OBJECT_PAINT
pvg_neon_sign_directionsign1_4_fd83d9ee,res://assets/tilesets/cyber_city_core_tilesets/CyberCity_Core_Tiles_2/CyberCity_Core_Tiles_2/DirectionSign1_4.png,DirectionSign1_4.png,NEON_SIGN,sign_billboard,19,52,14,47,76.11,"[""C_LARGE_OBJECT_PAINT""]",True,C_LARGE_OBJECT_PAINT
pvg_neon_sign_directionsign1_5_25d6352f,res://assets/tilesets/cyber_city_core_tilesets/CyberCity_Core_Tiles_2/CyberCity_Core_Tiles_2/DirectionSign1_5.png,DirectionSign1_5.png,NEON_SIGN,sign_billboard,43,40,42,38,65.29,"[""C_LARGE_OBJECT_PAINT""]",True,C_LARGE_OBJECT_PAINT
pvg_neon_sign_directionsign1_6_927958ac,res://assets/tilesets/cyber_city_core_tilesets/CyberCity_Core_Tiles_2/CyberCity_Core_Tiles_2/DirectionSign1_6.png,DirectionSign1_6.png,NEON_SIGN,sign_billboard,46,39,41,38,66.72,"[""C_LARGE_OBJECT_PAINT""]",True,C_LARGE_OBJECT_PAINT
pvg_neon_sign_directionsign1_7_ba5630eb,res://assets/tilesets/cyber_city_core_tilesets/CyberCity_Core_Tiles_2/CyberCity_Core_Tiles_2/DirectionSign1_7.png,DirectionSign1_7.png,NEON_SIGN,sign_billboard,42,40,41,38,64.7,"[""C_LARGE_OBJECT_PAINT""]",True,C_LARGE_OBJECT_PAINT
pvg_neon_sign_directionsign1_8_f0e9f91b,res://assets/tilesets/cyber_city_core_tilesets/CyberCity_Core_Tiles_2/CyberCity_Core_Tiles_2/DirectionSign1_8.png,DirectionSign1_8.png,NEON_SIGN,sign_billboard,44,41,42,37,67.29,"[""C_LARGE_OBJECT_PAINT""]",True,C_LARGE_OBJECT_PAINT
pvg_neon_sign_directionsign2_1_3bae30de,res://assets/tilesets/cyber_city_core_tilesets/CyberCity_Core_Tiles_2/CyberCity_Core_Tiles_2/DirectionSign2_1.png,DirectionSign2_1.png,NEON_SIGN,sign_billboard,74,26,69,24,30.41,"[""C_LARGE_OBJECT_PAINT""]",True,C_LARGE_OBJECT_PAINT
pvg_neon_sign_directionsign2_2_5956d01e,res://assets/tilesets/cyber_city_core_tilesets/CyberCity_Core_Tiles_2/CyberCity_Core_Tiles_2/DirectionSign2_2.png,DirectionSign2_2.png,NEON_SIGN,sign_billboard,16,63,15,62,67.86,"[""C_LARGE_OBJECT_PAINT""]",True,C_LARGE_OBJECT_PAINT
pvg_neon_sign_directionsign2_3_ef598d02,res://assets/tilesets/cyber_city_core_tilesets/CyberCity_Core_Tiles_2/CyberCity_Core_Tiles_2/DirectionSign2_3.png,DirectionSign2_3.png,NEON_SIGN,sign_billboard,73,27,69,24,31.0,"[""C_LARGE_OBJECT_PAINT""]",True,C_LARGE_OBJECT_PAINT
pvg_neon_sign_directionsign2_4_2df8bebc,res://assets/tilesets/cyber_city_core_tilesets/CyberCity_Core_Tiles_2/CyberCity_Core_Tiles_2/DirectionSign2_4.png,DirectionSign2_4.png,NEON_SIGN,sign_billboard,17,64,14,62,70.77,"[""C_LARGE_OBJECT_PAINT""]",True,C_LARGE_OBJECT_PAINT
pvg_neon_sign_directionsign2_5_05b93ea2,res://assets/tilesets/cyber_city_core_tilesets/CyberCity_Core_Tiles_2/CyberCity_Core_Tiles_2/DirectionSign2_5.png,DirectionSign2_5.png,NEON_SIGN,sign_billboard,55,56,54,50,65.71,"[""C_LARGE_OBJECT_PAINT""]",True,C_LARGE_OBJECT_PAINT
pvg_neon_sign_directionsign2_6_0121196f,res://assets/tilesets/cyber_city_core_tilesets/CyberCity_Core_Tiles_2/CyberCity_Core_Tiles_2/DirectionSign2_6.png,DirectionSign2_6.png,NEON_SIGN,sign_billboard,55,52,54,50,63.04,"[""C_LARGE_OBJECT_PAINT""]",True,C_LARGE_OBJECT_PAINT
pvg_neon_sign_directionsign2_7_0ba9e9ee,res://assets/tilesets/cyber_city_core_tilesets/CyberCity_Core_Tiles_2/CyberCity_Core_Tiles_2/DirectionSign2_7.png,DirectionSign2_7.png,NEON_SIGN,sign_billboard,57,52,54,50,64.34,"[""C_LARGE_OBJECT_PAINT""]",True,C_LARGE_OBJECT_PAINT
pvg_neon_sign_directionsign2_8_0b9ba487,res://assets/tilesets/cyber_city_core_tilesets/CyberCity_Core_Tiles_2/CyberCity_Core_Tiles_2/DirectionSign2_8.png,DirectionSign2_8.png,NEON_SIGN,sign_billboard,55,54,55,50,64.24,"[""C_LARGE_OBJECT_PAINT""]",True,C_LARGE_OBJECT_PAINT
pvg_neon_sign_directionsign3_1_84801283,res://assets/tilesets/cyber_city_core_tilesets/CyberCity_Core_Tiles_2/CyberCity_Core_Tiles_2/DirectionSign3_1.png,DirectionSign3_1.png,NEON_SIGN,sign_billboard,45,21,41,18,39.15,"[""C_LARGE_OBJECT_PAINT""]",True,C_LARGE_OBJECT_PAINT
pvg_neon_sign_directionsign3_2_c825dda3,res://assets/tilesets/cyber_city_core_tilesets/CyberCity_Core_Tiles_2/CyberCity_Core_Tiles_2/DirectionSign3_2.png,DirectionSign3_2.png,NEON_SIGN,sign_billboard,18,41,14,39,67.48,"[""C_LARGE_OBJECT_PAINT""]",True,C_LARGE_OBJECT_PAINT
pvg_neon_sign_directionsign3_3_253b233e,res://assets/tilesets/cyber_city_core_tilesets/CyberCity_Core_Tiles_2/CyberCity_Core_Tiles_2/DirectionSign3_3.png,DirectionSign3_3.png,NEON_SIGN,sign_billboard,44,19,40,17,33.49,"[""C_LARGE_OBJECT_PAINT""]",True,C_LARGE_OBJECT_PAINT
pvg_neon_sign_directionsign3_4_f71baf8d,res://assets/tilesets/cyber_city_core_tilesets/CyberCity_Core_Tiles_2/CyberCity_Core_Tiles_2/DirectionSign3_4.png,DirectionSign3_4.png,NEON_SIGN,sign_billboard,16,40,14,39,62.66,"[""C_LARGE_OBJECT_PAINT""]",True,C_LARGE_OBJECT_PAINT
pvg_neon_sign_directionsign3_5_e029874a,res://assets/tilesets/cyber_city_core_tilesets/CyberCity_Core_Tiles_2/CyberCity_Core_Tiles_2/DirectionSign3_5.png,DirectionSign3_5.png,NEON_SIGN,sign_billboard,39,34,34,33,63.8,"[""C_LARGE_OBJECT_PAINT""]",True,C_LARGE_OBJECT_PAINT
pvg_neon_sign_directionsign3_6_f2949352,res://assets/tilesets/cyber_city_core_tilesets/CyberCity_Core_Tiles_2/CyberCity_Core_Tiles_2/DirectionSign3_6.png,DirectionSign3_6.png,NEON_SIGN,sign_billboard,36,34,34,33,60.62,"[""C_LARGE_OBJECT_PAINT""]",True,C_LARGE_OBJECT_PAINT
pvg_neon_sign_directionsign3_7_4d267773,res://assets/tilesets/cyber_city_core_tilesets/CyberCity_Core_Tiles_2/CyberCity_Core_Tiles_2/DirectionSign3_7.png,DirectionSign3_7.png,NEON_SIGN,sign_billboard,35,34,34,33,59.83,"[""C_LARGE_OBJECT_PAINT""]",True,C_LARGE_OBJECT_PAINT
pvg_neon_sign_directionsign3_8_4c0b77c2,res://assets/tilesets/cyber_city_core_tilesets/CyberCity_Core_Tiles_2/CyberCity_Core_Tiles_2/DirectionSign3_8.png,DirectionSign3_8.png,NEON_SIGN,sign_billboard,35,34,34,32,59.75,"[""C_LARGE_OBJECT_PAINT""]",True,C_LARGE_OBJECT_PAINT
pvg_neon_sign_directionsign4_1_1bd92f17,res://assets/tilesets/cyber_city_core_tilesets/CyberCity_Core_Tiles_2/CyberCity_Core_Tiles_2/DirectionSign4_1.png,DirectionSign4_1.png,NEON_SIGN,sign_billboard,76,26,68,24,32.14,"[""C_LARGE_OBJECT_PAINT""]",True,C_LARGE_OBJECT_PAINT
pvg_neon_sign_directionsign4_2_aff9c512,res://assets/tilesets/cyber_city_core_tilesets/CyberCity_Core_Tiles_2/CyberCity_Core_Tiles_2/DirectionSign4_2.png,DirectionSign4_2.png,NEON_SIGN,sign_billboard,19,64,14,62,73.44,"[""C_LARGE_OBJECT_PAINT""]",True,C_LARGE_OBJECT_PAINT
pvg_neon_sign_directionsign4_3_fe5cc3b6,res://assets/tilesets/cyber_city_core_tilesets/CyberCity_Core_Tiles_2/CyberCity_Core_Tiles_2/DirectionSign4_3.png,DirectionSign4_3.png,NEON_SIGN,sign_billboard,71,27,68,24,30.62,"[""C_LARGE_OBJECT_PAINT""]",True,C_LARGE_OBJECT_PAINT
pvg_neon_sign_directionsign4_4_111eaf85,res://assets/tilesets/cyber_city_core_tilesets/CyberCity_Core_Tiles_2/CyberCity_Core_Tiles_2/DirectionSign4_4.png,DirectionSign4_4.png,NEON_SIGN,sign_billboard,16,65,15,62,68.65,"[""C_LARGE_OBJECT_PAINT""]",True,C_LARGE_OBJECT_PAINT
pvg_neon_sign_directionsign4_5_9dff8e64,res://assets/tilesets/cyber_city_core_tilesets/CyberCity_Core_Tiles_2/CyberCity_Core_Tiles_2/DirectionSign4_5.png,DirectionSign4_5.png,NEON_SIGN,sign_billboard,57,52,54,50,64.51,"[""C_LARGE_OBJECT_PAINT""]",True,C_LARGE_OBJECT_PAINT
pvg_neon_sign_directionsign4_6_d5d64200,res://assets/tilesets/cyber_city_core_tilesets/CyberCity_Core_Tiles_2/CyberCity_Core_Tiles_2/DirectionSign4_6.png,DirectionSign4_6.png,NEON_SIGN,sign_billboard,55,51,54,49,62.6,"[""C_LARGE_OBJECT_PAINT""]",True,C_LARGE_OBJECT_PAINT
pvg_neon_sign_directionsign4_7_e9b0724d,res://assets/tilesets/cyber_city_core_tilesets/CyberCity_Core_Tiles_2/CyberCity_Core_Tiles_2/DirectionSign4_7.png,DirectionSign4_7.png,NEON_SIGN,sign_billboard,55,52,54,50,63.08,"[""C_LARGE_OBJECT_PAINT""]",True,C_LARGE_OBJECT_PAINT
pvg_neon_sign_directionsign4_8_4c500569,res://assets/tilesets/cyber_city_core_tilesets/CyberCity_Core_Tiles_2/CyberCity_Core_Tiles_2/DirectionSign4_8.png,DirectionSign4_8.png,NEON_SIGN,sign_billboard,59,51,54,50,65.04,"[""C_LARGE_OBJECT_PAINT""]",True,C_LARGE_OBJECT_PAINT
pvg_neon_sign_directionsign5_1_1587a832,res://assets/tilesets/cyber_city_core_tilesets/CyberCity_Core_Tiles_2/CyberCity_Core_Tiles_2/DirectionSign5_1.png,DirectionSign5_1.png,NEON_SIGN,sign_billboard,104,42,102,39,36.84,"[""C_LARGE_OBJECT_PAINT""]",True,C_LARGE_OBJECT_PAINT
pvg_neon_sign_directionsign5_2_a4f9159a,res://assets/tilesets/cyber_city_core_tilesets/CyberCity_Core_Tiles_2/CyberCity_Core_Tiles_2/DirectionSign5_2.png,DirectionSign5_2.png,NEON_SIGN,sign_billboard,17,96,14,95,70.22,"[""C_LARGE_OBJECT_PAINT""]",True,C_LARGE_OBJECT_PAINT
pvg_neon_sign_directionsign5_3_d3a9c7a4,res://assets/tilesets/cyber_city_core_tilesets/CyberCity_Core_Tiles_2/CyberCity_Core_Tiles_2/DirectionSign5_3.png,DirectionSign5_3.png,NEON_SIGN,sign_billboard,106,43,102,38,39.53,"[""C_LARGE_OBJECT_PAINT""]",True,C_LARGE_OBJECT_PAINT
pvg_neon_sign_directionsign5_4_65886328,res://assets/tilesets/cyber_city_core_tilesets/CyberCity_Core_Tiles_2/CyberCity_Core_Tiles_2/DirectionSign5_4.png,DirectionSign5_4.png,NEON_SIGN,sign_billboard,16,97,14,95,69.59,"[""C_LARGE_OBJECT_PAINT""]",True,C_LARGE_OBJECT_PAINT
pvg_neon_sign_directionsign5_5_491f76c2,res://assets/tilesets/cyber_city_core_tilesets/CyberCity_Core_Tiles_2/CyberCity_Core_Tiles_2/DirectionSign5_5.png,DirectionSign5_5.png,NEON_SIGN,sign_billboard,79,76,74,74,66.34,"[""C_LARGE_OBJECT_PAINT""]",True,C_LARGE_OBJECT_PAINT
pvg_neon_sign_directionsign5_6_c0d49143,res://assets/tilesets/cyber_city_core_tilesets/CyberCity_Core_Tiles_2/CyberCity_Core_Tiles_2/DirectionSign5_6.png,DirectionSign5_6.png,NEON_SIGN,sign_billboard,75,75,74,75,64.12,"[""C_LARGE_OBJECT_PAINT""]",True,C_LARGE_OBJECT_PAINT
pvg_neon_sign_directionsign5_7_68046db7,res://assets/tilesets/cyber_city_core_tilesets/CyberCity_Core_Tiles_2/CyberCity_Core_Tiles_2/DirectionSign5_7.png,DirectionSign5_7.png,NEON_SIGN,sign_billboard,78,77,74,75,66.42,"[""C_LARGE_OBJECT_PAINT""]",True,C_LARGE_OBJECT_PAINT
pvg_neon_sign_directionsign5_8_967938b9,res://assets/tilesets/cyber_city_core_tilesets/CyberCity_Core_Tiles_2/CyberCity_Core_Tiles_2/DirectionSign5_8.png,DirectionSign5_8.png,NEON_SIGN,sign_billboard,77,76,74,74,65.38,"[""C_LARGE_OBJECT_PAINT""]",True,C_LARGE_OBJECT_PAINT
pvg_neon_sign_directionsign6_1_fbd1c35e,res://assets/tilesets/cyber_city_core_tilesets/CyberCity_Core_Tiles_2/CyberCity_Core_Tiles_2/DirectionSign6_1.png,DirectionSign6_1.png,NEON_SIGN,sign_billboard,75,27,73,23,47.51,"[""C_LARGE_OBJECT_PAINT""]",True,C_LARGE_OBJECT_PAINT
pvg_neon_sign_directionsign6_2_2472cb21,res://assets/tilesets/cyber_city_core_tilesets/CyberCity_Core_Tiles_2/CyberCity_Core_Tiles_2/DirectionSign6_2.png,DirectionSign6_2.png,NEON_SIGN,sign_billboard,75,27,73,23,47.51,"[""C_LARGE_OBJECT_PAINT""]",True,C_LARGE_OBJECT_PAINT
pvg_neon_sign_directionsign6_3_94a70ba8,res://assets/tilesets/cyber_city_core_tilesets/CyberCity_Core_Tiles_2/CyberCity_Core_Tiles_2/DirectionSign6_3.png,DirectionSign6_3.png,NEON_SIGN,sign_billboard,75,27,73,23,47.51,"[""C_LARGE_OBJECT_PAINT""]",True,C_LARGE_OBJECT_PAINT
pvg_neon_sign_directionsign6_4_6915de0f,res://assets/tilesets/cyber_city_core_tilesets/CyberCity_Core_Tiles_2/CyberCity_Core_Tiles_2/DirectionSign6_4.png,DirectionSign6_4.png,NEON_SIGN,sign_billboard,75,27,73,23,47.51,"[""C_LARGE_OBJECT_PAINT""]",True,C_LARGE_OBJECT_PAINT
pvg_neon_sign_directionsign6_5_2d755af8,res://assets/tilesets/cyber_city_core_tilesets/CyberCity_Core_Tiles_2/CyberCity_Core_Tiles_2/DirectionSign6_5.png,DirectionSign6_5.png,NEON_SIGN,sign_billboard,75,27,73,23,47.51,"[""C_LARGE_OBJECT_PAINT""]",True,C_LARGE_OBJECT_PAINT
pvg_neon_sign_directionsign6_6_6a3b284c,res://assets/tilesets/cyber_city_core_tilesets/CyberCity_Core_Tiles_2/CyberCity_Core_Tiles_2/DirectionSign6_6.png,DirectionSign6_6.png,NEON_SIGN,sign_billboard,75,27,73,23,47.51,"[""C_LARGE_OBJECT_PAINT""]",True,C_LARGE_OBJECT_PAINT
pvg_neon_sign_directionsign6_7_f5365b5f,res://assets/tilesets/cyber_city_core_tilesets/CyberCity_Core_Tiles_2/CyberCity_Core_Tiles_2/DirectionSign6_7.png,DirectionSign6_7.png,NEON_SIGN,sign_billboard,75,27,73,23,47.51,"[""C_LARGE_OBJECT_PAINT""]",True,C_LARGE_OBJECT_PAINT
pvg_neon_sign_directionsign6_8_0770372a,res://assets/tilesets/cyber_city_core_tilesets/CyberCity_Core_Tiles_2/CyberCity_Core_Tiles_2/DirectionSign6_8.png,DirectionSign6_8.png,NEON_SIGN,sign_billboard,75,27,73,23,47.51,"[""C_LARGE_OBJECT_PAINT""]",True,C_LARGE_OBJECT_PAINT
pvg_door_window_door10_1_09f4cdf7,res://assets/tilesets/cyber_city_core_tilesets/CyberCity_Core_Tiles_2/CyberCity_Core_Tiles_2/Door10_1.png,Door10_1.png,DOOR_WINDOW,door_window,72,109,64,107,17.02,"[""B_HIGH_VALUE_PAINT""]",True,B_HIGH_VALUE_PAINT
pvg_door_window_door10_2_3443ba0e,res://assets/tilesets/cyber_city_core_tilesets/CyberCity_Core_Tiles_2/CyberCity_Core_Tiles_2/Door10_2.png,Door10_2.png,DOOR_WINDOW,door_window,25,144,15,142,42.97,"[""B_HIGH_VALUE_PAINT""]",True,B_HIGH_VALUE_PAINT
pvg_door_window_door10_3_4a5ab2b4,res://assets/tilesets/cyber_city_core_tilesets/CyberCity_Core_Tiles_2/CyberCity_Core_Tiles_2/Door10_3.png,Door10_3.png,DOOR_WINDOW,door_window,72,109,64,107,15.63,"[""B_HIGH_VALUE_PAINT""]",True,B_HIGH_VALUE_PAINT
pvg_door_window_door10_4_5857aa3e,res://assets/tilesets/cyber_city_core_tilesets/CyberCity_Core_Tiles_2/CyberCity_Core_Tiles_2/Door10_4.png,Door10_4.png,DOOR_WINDOW,door_window,25,144,15,142,42.97,"[""B_HIGH_VALUE_PAINT""]",True,B_HIGH_VALUE_PAINT
pvg_door_window_door10_5_bddffe74,res://assets/tilesets/cyber_city_core_tilesets/CyberCity_Core_Tiles_2/CyberCity_Core_Tiles_2/Door10_5.png,Door10_5.png,DOOR_WINDOW,door_window,62,137,55,135,33.13,"[""B_HIGH_VALUE_PAINT""]",True,B_HIGH_VALUE_PAINT
pvg_door_window_door10_6_02e8b86a,res://assets/tilesets/cyber_city_core_tilesets/CyberCity_Core_Tiles_2/CyberCity_Core_Tiles_2/Door10_6.png,Door10_6.png,DOOR_WINDOW,door_window,62,137,55,135,33.19,"[""B_HIGH_VALUE_PAINT""]",True,B_HIGH_VALUE_PAINT
pvg_door_window_door10_7_5b3a2fe4,res://assets/tilesets/cyber_city_core_tilesets/CyberCity_Core_Tiles_2/CyberCity_Core_Tiles_2/Door10_7.png,Door10_7.png,DOOR_WINDOW,door_window,62,137,55,135,31.81,"[""B_HIGH_VALUE_PAINT""]",True,B_HIGH_VALUE_PAINT
pvg_door_window_door10_8_c47bc3ce,res://assets/tilesets/cyber_city_core_tilesets/CyberCity_Core_Tiles_2/CyberCity_Core_Tiles_2/Door10_8.png,Door10_8.png,DOOR_WINDOW,door_window,62,137,55,135,31.78,"[""B_HIGH_VALUE_PAINT""]",True,B_HIGH_VALUE_PAINT
pvg_door_window_door11_1_21cadec6,res://assets/tilesets/cyber_city_core_tilesets/CyberCity_Core_Tiles_2/CyberCity_Core_Tiles_2/Door11_1.png,Door11_1.png,DOOR_WINDOW,door_window,72,132,64,130,40.4,"[""B_HIGH_VALUE_PAINT""]",True,B_HIGH_VALUE_PAINT
pvg_door_window_door11_2_756a436d,res://assets/tilesets/cyber_city_core_tilesets/CyberCity_Core_Tiles_2/CyberCity_Core_Tiles_2/Door11_2.png,Door11_2.png,DOOR_WINDOW,door_window,56,144,49,142,35.39,"[""B_HIGH_VALUE_PAINT""]",True,B_HIGH_VALUE_PAINT
pvg_door_window_door11_3_5e586b50,res://assets/tilesets/cyber_city_core_tilesets/CyberCity_Core_Tiles_2/CyberCity_Core_Tiles_2/Door11_3.png,Door11_3.png,DOOR_WINDOW,door_window,72,129,64,127,43.92,"[""B_HIGH_VALUE_PAINT""]",True,B_HIGH_VALUE_PAINT
pvg_door_window_door11_4_1005c695,res://assets/tilesets/cyber_city_core_tilesets/CyberCity_Core_Tiles_2/CyberCity_Core_Tiles_2/Door11_4.png,Door11_4.png,DOOR_WINDOW,door_window,56,144,49,142,34.8,"[""B_HIGH_VALUE_PAINT""]",True,B_HIGH_VALUE_PAINT
pvg_door_window_door11_5_06d678f2,res://assets/tilesets/cyber_city_core_tilesets/CyberCity_Core_Tiles_2/CyberCity_Core_Tiles_2/Door11_5.png,Door11_5.png,DOOR_WINDOW,door_window,62,144,55,142,63.58,"[""B_HIGH_VALUE_PAINT""]",True,B_HIGH_VALUE_PAINT
pvg_door_window_door11_6_290d2df7,res://assets/tilesets/cyber_city_core_tilesets/CyberCity_Core_Tiles_2/CyberCity_Core_Tiles_2/Door11_6.png,Door11_6.png,DOOR_WINDOW,door_window,69,137,65,135,24.27,"[""B_HIGH_VALUE_PAINT""]",True,B_HIGH_VALUE_PAINT
pvg_door_window_door11_7_ad867250,res://assets/tilesets/cyber_city_core_tilesets/CyberCity_Core_Tiles_2/CyberCity_Core_Tiles_2/Door11_7.png,Door11_7.png,DOOR_WINDOW,door_window,74,137,65,135,33.64,"[""B_HIGH_VALUE_PAINT""]",True,B_HIGH_VALUE_PAINT
pvg_door_window_door11_8_1b38965f,res://assets/tilesets/cyber_city_core_tilesets/CyberCity_Core_Tiles_2/CyberCity_Core_Tiles_2/Door11_8.png,Door11_8.png,DOOR_WINDOW,door_window,62,141,55,140,63.14,"[""B_HIGH_VALUE_PAINT""]",True,B_HIGH_VALUE_PAINT
pvg_door_window_door12_1_5c1ab692,res://assets/tilesets/cyber_city_core_tilesets/CyberCity_Core_Tiles_2/CyberCity_Core_Tiles_2/Door12_1.png,Door12_1.png,DOOR_WINDOW,door_window,72,144,64,142,80.02,"[""B_HIGH_VALUE_PAINT""]",True,B_HIGH_VALUE_PAINT
pvg_door_window_door12_2_936e2432,res://assets/tilesets/cyber_city_core_tilesets/CyberCity_Core_Tiles_2/CyberCity_Core_Tiles_2/Door12_2.png,Door12_2.png,DOOR_WINDOW,door_window,74,144,64,142,36.14,"[""B_HIGH_VALUE_PAINT""]",True,B_HIGH_VALUE_PAINT
pvg_door_window_door12_3_243e1ded,res://assets/tilesets/cyber_city_core_tilesets/CyberCity_Core_Tiles_2/CyberCity_Core_Tiles_2/Door12_3.png,Door12_3.png,DOOR_WINDOW,door_window,72,145,64,140,81.01,"[""B_HIGH_VALUE_PAINT""]",True,B_HIGH_VALUE_PAINT
pvg_door_window_door12_4_2ea2da08,res://assets/tilesets/cyber_city_core_tilesets/CyberCity_Core_Tiles_2/CyberCity_Core_Tiles_2/Door12_4.png,Door12_4.png,DOOR_WINDOW,door_window,73,144,64,142,34.77,"[""B_HIGH_VALUE_PAINT""]",True,B_HIGH_VALUE_PAINT
pvg_door_window_door12_5_9ff0a7a4,res://assets/tilesets/cyber_city_core_tilesets/CyberCity_Core_Tiles_2/CyberCity_Core_Tiles_2/Door12_5.png,Door12_5.png,DOOR_WINDOW,door_window,95,137,89,135,51.45,"[""B_HIGH_VALUE_PAINT""]",True,B_HIGH_VALUE_PAINT
pvg_door_window_door12_6_8c7214ed,res://assets/tilesets/cyber_city_core_tilesets/CyberCity_Core_Tiles_2/CyberCity_Core_Tiles_2/Door12_6.png,Door12_6.png,DOOR_WINDOW,door_window,62,160,55,158,35.45,"[""B_HIGH_VALUE_PAINT""]",True,B_HIGH_VALUE_PAINT
pvg_door_window_door12_7_0e1cca9e,res://assets/tilesets/cyber_city_core_tilesets/CyberCity_Core_Tiles_2/CyberCity_Core_Tiles_2/Door12_7.png,Door12_7.png,DOOR_WINDOW,door_window,62,157,55,155,39.87,"[""B_HIGH_VALUE_PAINT""]",True,B_HIGH_VALUE_PAINT
pvg_door_window_door12_8_2f353584,res://assets/tilesets/cyber_city_core_tilesets/CyberCity_Core_Tiles_2/CyberCity_Core_Tiles_2/Door12_8.png,Door12_8.png,DOOR_WINDOW,door_window,95,137,89,135,51.49,"[""B_HIGH_VALUE_PAINT""]",True,B_HIGH_VALUE_PAINT
pvg_door_window_door1_1_3c51ca69,res://assets/tilesets/cyber_city_core_tilesets/CyberCity_Core_Tiles_2/CyberCity_Core_Tiles_2/Door1_1.png,Door1_1.png,DOOR_WINDOW,door_window,73,108,65,106,19.33,"[""B_HIGH_VALUE_PAINT""]",True,B_HIGH_VALUE_PAINT
pvg_door_window_door1_2_2c95b90d,res://assets/tilesets/cyber_city_core_tilesets/CyberCity_Core_Tiles_2/CyberCity_Core_Tiles_2/Door1_2.png,Door1_2.png,DOOR_WINDOW,door_window,27,142,19,139,31.69,"[""B_HIGH_VALUE_PAINT""]",True,B_HIGH_VALUE_PAINT
pvg_door_window_door1_3_be6843fc,res://assets/tilesets/cyber_city_core_tilesets/CyberCity_Core_Tiles_2/CyberCity_Core_Tiles_2/Door1_3.png,Door1_3.png,DOOR_WINDOW,door_window,66,113,65,106,9.17,"[""B_HIGH_VALUE_PAINT""]",True,B_HIGH_VALUE_PAINT
pvg_door_window_door1_4_934f81d7,res://assets/tilesets/cyber_city_core_tilesets/CyberCity_Core_Tiles_2/CyberCity_Core_Tiles_2/Door1_4.png,Door1_4.png,DOOR_WINDOW,door_window,28,141,19,138,33.97,"[""B_HIGH_VALUE_PAINT""]",True,B_HIGH_VALUE_PAINT
pvg_door_window_door1_5_5155687b,res://assets/tilesets/cyber_city_core_tilesets/CyberCity_Core_Tiles_2/CyberCity_Core_Tiles_2/Door1_5.png,Door1_5.png,DOOR_WINDOW,door_window,64,134,58,132,33.19,"[""B_HIGH_VALUE_PAINT""]",True,B_HIGH_VALUE_PAINT
pvg_door_window_door1_6_5de08f9d,res://assets/tilesets/cyber_city_core_tilesets/CyberCity_Core_Tiles_2/CyberCity_Core_Tiles_2/Door1_6.png,Door1_6.png,DOOR_WINDOW,door_window,65,134,58,133,35.05,"[""B_HIGH_VALUE_PAINT""]",True,B_HIGH_VALUE_PAINT
pvg_door_window_door1_7_fa838904,res://assets/tilesets/cyber_city_core_tilesets/CyberCity_Core_Tiles_2/CyberCity_Core_Tiles_2/Door1_7.png,Door1_7.png,DOOR_WINDOW,door_window,63,134,57,133,27.43,"[""B_HIGH_VALUE_PAINT""]",True,B_HIGH_VALUE_PAINT
pvg_door_window_door1_8_cd43b937,res://assets/tilesets/cyber_city_core_tilesets/CyberCity_Core_Tiles_2/CyberCity_Core_Tiles_2/Door1_8.png,Door1_8.png,DOOR_WINDOW,door_window,64,134,58,133,27.48,"[""B_HIGH_VALUE_PAINT""]",True,B_HIGH_VALUE_PAINT
pvg_door_window_door2_1_d5d8add9,res://assets/tilesets/cyber_city_core_tilesets/CyberCity_Core_Tiles_2/CyberCity_Core_Tiles_2/Door2_1.png,Door2_1.png,DOOR_WINDOW,door_window,73,121,65,120,34.04,"[""B_HIGH_VALUE_PAINT""]",True,B_HIGH_VALUE_PAINT
pvg_door_window_door2_2_5d5499b8,res://assets/tilesets/cyber_city_core_tilesets/CyberCity_Core_Tiles_2/CyberCity_Core_Tiles_2/Door2_2.png,Door2_2.png,DOOR_WINDOW,door_window,43,142,39,139,27.69,"[""B_HIGH_VALUE_PAINT""]",True,B_HIGH_VALUE_PAINT
pvg_door_window_door2_3_19f59b22,res://assets/tilesets/cyber_city_core_tilesets/CyberCity_Core_Tiles_2/CyberCity_Core_Tiles_2/Door2_3.png,Door2_3.png,DOOR_WINDOW,door_window,66,116,65,116,30.21,"[""B_HIGH_VALUE_PAINT""]",True,B_HIGH_VALUE_PAINT
pvg_door_window_door2_4_d9c00044,res://assets/tilesets/cyber_city_core_tilesets/CyberCity_Core_Tiles_2/CyberCity_Core_Tiles_2/Door2_4.png,Door2_4.png,DOOR_WINDOW,door_window,49,141,39,138,36.3,"[""B_HIGH_VALUE_PAINT""]",True,B_HIGH_VALUE_PAINT
pvg_door_window_door2_5_72b647d2,res://assets/tilesets/cyber_city_core_tilesets/CyberCity_Core_Tiles_2/CyberCity_Core_Tiles_2/Door2_5.png,Door2_5.png,DOOR_WINDOW,door_window,64,134,58,132,50.52,"[""B_HIGH_VALUE_PAINT""]",True,B_HIGH_VALUE_PAINT
pvg_door_window_door2_6_9b613e3d,res://assets/tilesets/cyber_city_core_tilesets/CyberCity_Core_Tiles_2/CyberCity_Core_Tiles_2/Door2_6.png,Door2_6.png,DOOR_WINDOW,door_window,65,134,58,133,27.2,"[""B_HIGH_VALUE_PAINT""]",True,B_HIGH_VALUE_PAINT
pvg_door_window_door2_7_1db73365,res://assets/tilesets/cyber_city_core_tilesets/CyberCity_Core_Tiles_2/CyberCity_Core_Tiles_2/Door2_7.png,Door2_7.png,DOOR_WINDOW,door_window,64,134,57,133,31.61,"[""B_HIGH_VALUE_PAINT""]",True,B_HIGH_VALUE_PAINT
pvg_door_window_door2_8_75374833,res://assets/tilesets/cyber_city_core_tilesets/CyberCity_Core_Tiles_2/CyberCity_Core_Tiles_2/Door2_8.png,Door2_8.png,DOOR_WINDOW,door_window,64,134,58,133,49.97,"[""B_HIGH_VALUE_PAINT""]",True,B_HIGH_VALUE_PAINT
pvg_door_window_door3_1_4d519851,res://assets/tilesets/cyber_city_core_tilesets/CyberCity_Core_Tiles_2/CyberCity_Core_Tiles_2/Door3_1.png,Door3_1.png,DOOR_WINDOW,door_window,73,131,65,130,70.58,"[""B_HIGH_VALUE_PAINT""]",True,B_HIGH_VALUE_PAINT
pvg_door_window_door3_2_b1e5b970,res://assets/tilesets/cyber_city_core_tilesets/CyberCity_Core_Tiles_2/CyberCity_Core_Tiles_2/Door3_2.png,Door3_2.png,DOOR_WINDOW,door_window,60,142,52,139,34.42,"[""B_HIGH_VALUE_PAINT""]",True,B_HIGH_VALUE_PAINT
pvg_door_window_door3_3_4d8e3dd5,res://assets/tilesets/cyber_city_core_tilesets/CyberCity_Core_Tiles_2/CyberCity_Core_Tiles_2/Door3_3.png,Door3_3.png,DOOR_WINDOW,door_window,66,127,65,126,68.87,"[""B_HIGH_VALUE_PAINT""]",True,B_HIGH_VALUE_PAINT
pvg_door_window_door3_4_6dae8cd8,res://assets/tilesets/cyber_city_core_tilesets/CyberCity_Core_Tiles_2/CyberCity_Core_Tiles_2/Door3_4.png,Door3_4.png,DOOR_WINDOW,door_window,61,141,52,138,35.31,"[""B_HIGH_VALUE_PAINT""]",True,B_HIGH_VALUE_PAINT
pvg_door_window_door3_5_b41c15ec,res://assets/tilesets/cyber_city_core_tilesets/CyberCity_Core_Tiles_2/CyberCity_Core_Tiles_2/Door3_5.png,Door3_5.png,DOOR_WINDOW,door_window,87,134,78,132,48.54,"[""B_HIGH_VALUE_PAINT""]",True,B_HIGH_VALUE_PAINT
pvg_door_window_door3_6_92abf7da,res://assets/tilesets/cyber_city_core_tilesets/CyberCity_Core_Tiles_2/CyberCity_Core_Tiles_2/Door3_6.png,Door3_6.png,DOOR_WINDOW,door_window,65,149,58,148,35.85,"[""B_HIGH_VALUE_PAINT""]",True,B_HIGH_VALUE_PAINT
pvg_door_window_door3_7_749b444c,res://assets/tilesets/cyber_city_core_tilesets/CyberCity_Core_Tiles_2/CyberCity_Core_Tiles_2/Door3_7.png,Door3_7.png,DOOR_WINDOW,door_window,64,145,57,143,39.3,"[""B_HIGH_VALUE_PAINT""]",True,B_HIGH_VALUE_PAINT
pvg_door_window_door3_8_5143c332,res://assets/tilesets/cyber_city_core_tilesets/CyberCity_Core_Tiles_2/CyberCity_Core_Tiles_2/Door3_8.png,Door3_8.png,DOOR_WINDOW,door_window,83,134,78,133,46.15,"[""B_HIGH_VALUE_PAINT""]",True,B_HIGH_VALUE_PAINT
pvg_door_window_door4_1_db6fddc3,res://assets/tilesets/cyber_city_core_tilesets/CyberCity_Core_Tiles_2/CyberCity_Core_Tiles_2/Door4_1.png,Door4_1.png,DOOR_WINDOW,door_window,72,106,64,101,17.19,"[""B_HIGH_VALUE_PAINT""]",True,B_HIGH_VALUE_PAINT
pvg_door_window_door4_2_03859058,res://assets/tilesets/cyber_city_core_tilesets/CyberCity_Core_Tiles_2/CyberCity_Core_Tiles_2/Door4_2.png,Door4_2.png,DOOR_WINDOW,door_window,22,140,12,138,46.3,"[""B_HIGH_VALUE_PAINT""]",True,B_HIGH_VALUE_PAINT
pvg_door_window_door4_3_92cce968,res://assets/tilesets/cyber_city_core_tilesets/CyberCity_Core_Tiles_2/CyberCity_Core_Tiles_2/Door4_3.png,Door4_3.png,DOOR_WINDOW,door_window,73,106,64,102,17.77,"[""B_HIGH_VALUE_PAINT""]",True,B_HIGH_VALUE_PAINT
pvg_door_window_door4_4_1a175ace,res://assets/tilesets/cyber_city_core_tilesets/CyberCity_Core_Tiles_2/CyberCity_Core_Tiles_2/Door4_4.png,Door4_4.png,DOOR_WINDOW,door_window,21,140,12,139,43.54,"[""B_HIGH_VALUE_PAINT""]",True,B_HIGH_VALUE_PAINT
pvg_door_window_door4_5_c426a5f4,res://assets/tilesets/cyber_city_core_tilesets/CyberCity_Core_Tiles_2/CyberCity_Core_Tiles_2/Door4_5.png,Door4_5.png,DOOR_WINDOW,door_window,62,131,54,130,35.11,"[""B_HIGH_VALUE_PAINT""]",True,B_HIGH_VALUE_PAINT
pvg_door_window_door4_6_1f6bdf01,res://assets/tilesets/cyber_city_core_tilesets/CyberCity_Core_Tiles_2/CyberCity_Core_Tiles_2/Door4_6.png,Door4_6.png,DOOR_WINDOW,door_window,55,134,53,130,28.15,"[""B_HIGH_VALUE_PAINT""]",True,B_HIGH_VALUE_PAINT
pvg_door_window_door4_7_7d2c3272,res://assets/tilesets/cyber_city_core_tilesets/CyberCity_Core_Tiles_2/CyberCity_Core_Tiles_2/Door4_7.png,Door4_7.png,DOOR_WINDOW,door_window,61,131,53,130,33.35,"[""B_HIGH_VALUE_PAINT""]",True,B_HIGH_VALUE_PAINT
pvg_door_window_door4_8_d0327bae,res://assets/tilesets/cyber_city_core_tilesets/CyberCity_Core_Tiles_2/CyberCity_Core_Tiles_2/Door4_8.png,Door4_8.png,DOOR_WINDOW,door_window,58,131,53,130,29.89,"[""B_HIGH_VALUE_PAINT""]",True,B_HIGH_VALUE_PAINT
pvg_door_window_door5_1_7e4a3485,res://assets/tilesets/cyber_city_core_tilesets/CyberCity_Core_Tiles_2/CyberCity_Core_Tiles_2/Door5_1.png,Door5_1.png,DOOR_WINDOW,door_window,93,106,86,101,38.01,"[""B_HIGH_VALUE_PAINT""]",True,B_HIGH_VALUE_PAINT
pvg_door_window_door5_2_7635822e,res://assets/tilesets/cyber_city_core_tilesets/CyberCity_Core_Tiles_2/CyberCity_Core_Tiles_2/Door5_2.png,Door5_2.png,DOOR_WINDOW,door_window,22,151,12,149,49.22,"[""B_HIGH_VALUE_PAINT""]",True,B_HIGH_VALUE_PAINT
pvg_door_window_door5_3_d50afa47,res://assets/tilesets/cyber_city_core_tilesets/CyberCity_Core_Tiles_2/CyberCity_Core_Tiles_2/Door5_3.png,Door5_3.png,DOOR_WINDOW,door_window,97,105,86,102,39.72,"[""B_HIGH_VALUE_PAINT""]",True,B_HIGH_VALUE_PAINT
pvg_door_window_door5_4_65963250,res://assets/tilesets/cyber_city_core_tilesets/CyberCity_Core_Tiles_2/CyberCity_Core_Tiles_2/Door5_4.png,Door5_4.png,DOOR_WINDOW,door_window,21,158,12,154,48.52,"[""B_HIGH_VALUE_PAINT""]",True,B_HIGH_VALUE_PAINT
pvg_door_window_door5_5_5179dff0,res://assets/tilesets/cyber_city_core_tilesets/CyberCity_Core_Tiles_2/CyberCity_Core_Tiles_2/Door5_5.png,Door5_5.png,DOOR_WINDOW,door_window,76,136,66,134,48.19,"[""B_HIGH_VALUE_PAINT""]",True,B_HIGH_VALUE_PAINT
pvg_door_window_door5_6_950ce6cd,res://assets/tilesets/cyber_city_core_tilesets/CyberCity_Core_Tiles_2/CyberCity_Core_Tiles_2/Door5_6.png,Door5_6.png,DOOR_WINDOW,door_window,69,140,66,138,45.59,"[""B_HIGH_VALUE_PAINT""]",True,B_HIGH_VALUE_PAINT
pvg_door_window_door5_7_702ec225,res://assets/tilesets/cyber_city_core_tilesets/CyberCity_Core_Tiles_2/CyberCity_Core_Tiles_2/Door5_7.png,Door5_7.png,DOOR_WINDOW,door_window,74,135,66,135,46.65,"[""B_HIGH_VALUE_PAINT""]",True,B_HIGH_VALUE_PAINT
pvg_door_window_door5_8_21478c4d,res://assets/tilesets/cyber_city_core_tilesets/CyberCity_Core_Tiles_2/CyberCity_Core_Tiles_2/Door5_8.png,Door5_8.png,DOOR_WINDOW,door_window,70,140,65,139,45.68,"[""B_HIGH_VALUE_PAINT""]",True,B_HIGH_VALUE_PAINT
pvg_door_window_door6_1_861afc54,res://assets/tilesets/cyber_city_core_tilesets/CyberCity_Core_Tiles_2/CyberCity_Core_Tiles_2/Door6_1.png,Door6_1.png,DOOR_WINDOW,door_window,116,106,108,101,49.22,"[""B_HIGH_VALUE_PAINT""]",True,B_HIGH_VALUE_PAINT
pvg_door_window_door6_2_10009574,res://assets/tilesets/cyber_city_core_tilesets/CyberCity_Core_Tiles_2/CyberCity_Core_Tiles_2/Door6_2.png,Door6_2.png,DOOR_WINDOW,door_window,22,167,12,165,52.8,"[""B_HIGH_VALUE_PAINT""]",True,B_HIGH_VALUE_PAINT
pvg_door_window_door6_3_8649a8e5,res://assets/tilesets/cyber_city_core_tilesets/CyberCity_Core_Tiles_2/CyberCity_Core_Tiles_2/Door6_3.png,Door6_3.png,DOOR_WINDOW,door_window,118,105,108,102,49.5,"[""B_HIGH_VALUE_PAINT""]",True,B_HIGH_VALUE_PAINT
pvg_door_window_door6_4_6566294a,res://assets/tilesets/cyber_city_core_tilesets/CyberCity_Core_Tiles_2/CyberCity_Core_Tiles_2/Door6_4.png,Door6_4.png,DOOR_WINDOW,door_window,21,173,12,170,51.69,"[""B_HIGH_VALUE_PAINT""]",True,B_HIGH_VALUE_PAINT
pvg_door_window_door6_5_0c5d1f42,res://assets/tilesets/cyber_city_core_tilesets/CyberCity_Core_Tiles_2/CyberCity_Core_Tiles_2/Door6_5.png,Door6_5.png,DOOR_WINDOW,door_window,89,147,81,145,56.74,"[""B_HIGH_VALUE_PAINT""]",True,B_HIGH_VALUE_PAINT
pvg_door_window_door6_6_625d419a,res://assets/tilesets/cyber_city_core_tilesets/CyberCity_Core_Tiles_2/CyberCity_Core_Tiles_2/Door6_6.png,Door6_6.png,DOOR_WINDOW,door_window,88,152,82,149,57.27,"[""B_HIGH_VALUE_PAINT""]",True,B_HIGH_VALUE_PAINT
pvg_door_window_door6_7_d5b8f9b7,res://assets/tilesets/cyber_city_core_tilesets/CyberCity_Core_Tiles_2/CyberCity_Core_Tiles_2/Door6_7.png,Door6_7.png,DOOR_WINDOW,door_window,88,146,82,146,55.95,"[""B_HIGH_VALUE_PAINT""]",True,B_HIGH_VALUE_PAINT
pvg_door_window_door6_8_4fe874a3,res://assets/tilesets/cyber_city_core_tilesets/CyberCity_Core_Tiles_2/CyberCity_Core_Tiles_2/Door6_8.png,Door6_8.png,DOOR_WINDOW,door_window,85,151,81,150,55.64,"[""B_HIGH_VALUE_PAINT""]",True,B_HIGH_VALUE_PAINT
pvg_door_window_door7_1_52c98b86,res://assets/tilesets/cyber_city_core_tilesets/CyberCity_Core_Tiles_2/CyberCity_Core_Tiles_2/Door7_1.png,Door7_1.png,DOOR_WINDOW,door_window,77,106,71,103,12.56,"[""B_HIGH_VALUE_PAINT""]",True,B_HIGH_VALUE_PAINT
pvg_door_window_door7_2_e1b0811e,res://assets/tilesets/cyber_city_core_tilesets/CyberCity_Core_Tiles_2/CyberCity_Core_Tiles_2/Door7_2.png,Door7_2.png,DOOR_WINDOW,door_window,17,152,9,150,49.73,"[""B_HIGH_VALUE_PAINT""]",True,B_HIGH_VALUE_PAINT
pvg_door_window_door7_3_de6267eb,res://assets/tilesets/cyber_city_core_tilesets/CyberCity_Core_Tiles_2/CyberCity_Core_Tiles_2/Door7_3.png,Door7_3.png,DOOR_WINDOW,door_window,77,111,71,105,13.41,"[""B_HIGH_VALUE_PAINT""]",True,B_HIGH_VALUE_PAINT
pvg_door_window_door7_4_5f9ea13a,res://assets/tilesets/cyber_city_core_tilesets/CyberCity_Core_Tiles_2/CyberCity_Core_Tiles_2/Door7_4.png,Door7_4.png,DOOR_WINDOW,door_window,18,152,10,150,52.52,"[""B_HIGH_VALUE_PAINT""]",True,B_HIGH_VALUE_PAINT
pvg_door_window_door7_5_4c959aa5,res://assets/tilesets/cyber_city_core_tilesets/CyberCity_Core_Tiles_2/CyberCity_Core_Tiles_2/Door7_5.png,Door7_5.png,DOOR_WINDOW,door_window,63,137,53,137,38.95,"[""B_HIGH_VALUE_PAINT""]",True,B_HIGH_VALUE_PAINT
pvg_door_window_door7_6_131aac86,res://assets/tilesets/cyber_city_core_tilesets/CyberCity_Core_Tiles_2/CyberCity_Core_Tiles_2/Door7_6.png,Door7_6.png,DOOR_WINDOW,door_window,60,138,53,136,35.83,"[""B_HIGH_VALUE_PAINT""]",True,B_HIGH_VALUE_PAINT
pvg_door_window_door7_7_e2226035,res://assets/tilesets/cyber_city_core_tilesets/CyberCity_Core_Tiles_2/CyberCity_Core_Tiles_2/Door7_7.png,Door7_7.png,DOOR_WINDOW,door_window,62,140,53,136,35.07,"[""B_HIGH_VALUE_PAINT""]",True,B_HIGH_VALUE_PAINT
pvg_door_window_door7_8_d8e8a616,res://assets/tilesets/cyber_city_core_tilesets/CyberCity_Core_Tiles_2/CyberCity_Core_Tiles_2/Door7_8.png,Door7_8.png,DOOR_WINDOW,door_window,60,137,53,136,31.47,"[""B_HIGH_VALUE_PAINT""]",True,B_HIGH_VALUE_PAINT
pvg_door_window_door8_1_6476411d,res://assets/tilesets/cyber_city_core_tilesets/CyberCity_Core_Tiles_2/CyberCity_Core_Tiles_2/Door8_1.png,Door8_1.png,DOOR_WINDOW,door_window,104,123,95,118,43.01,"[""B_HIGH_VALUE_PAINT""]",True,B_HIGH_VALUE_PAINT
pvg_door_window_door8_2_3057c731,res://assets/tilesets/cyber_city_core_tilesets/CyberCity_Core_Tiles_2/CyberCity_Core_Tiles_2/Door8_2.png,Door8_2.png,DOOR_WINDOW,door_window,33,165,29,162,45.77,"[""B_HIGH_VALUE_PAINT""]",True,B_HIGH_VALUE_PAINT
pvg_door_window_door8_3_000111a1,res://assets/tilesets/cyber_city_core_tilesets/CyberCity_Core_Tiles_2/CyberCity_Core_Tiles_2/Door8_3.png,Door8_3.png,DOOR_WINDOW,door_window,102,112,96,108,44.6,"[""B_HIGH_VALUE_PAINT""]",True,B_HIGH_VALUE_PAINT
pvg_door_window_door8_4_036771f9,res://assets/tilesets/cyber_city_core_tilesets/CyberCity_Core_Tiles_2/CyberCity_Core_Tiles_2/Door8_4.png,Door8_4.png,DOOR_WINDOW,door_window,33,162,29,160,62.31,"[""B_HIGH_VALUE_PAINT""]",True,B_HIGH_VALUE_PAINT
pvg_door_window_door8_5_a2be5927,res://assets/tilesets/cyber_city_core_tilesets/CyberCity_Core_Tiles_2/CyberCity_Core_Tiles_2/Door8_5.png,Door8_5.png,DOOR_WINDOW,door_window,92,142,86,141,48.94,"[""B_HIGH_VALUE_PAINT""]",True,B_HIGH_VALUE_PAINT
pvg_door_window_door8_6_a78e68bf,res://assets/tilesets/cyber_city_core_tilesets/CyberCity_Core_Tiles_2/CyberCity_Core_Tiles_2/Door8_6.png,Door8_6.png,DOOR_WINDOW,door_window,73,163,64,158,51.92,"[""B_HIGH_VALUE_PAINT""]",True,B_HIGH_VALUE_PAINT
pvg_door_window_door8_7_616a1aa0,res://assets/tilesets/cyber_city_core_tilesets/CyberCity_Core_Tiles_2/CyberCity_Core_Tiles_2/Door8_7.png,Door8_7.png,DOOR_WINDOW,door_window,70,155,64,151,56.76,"[""B_HIGH_VALUE_PAINT""]",True,B_HIGH_VALUE_PAINT
pvg_door_window_door8_8_e8256b49,res://assets/tilesets/cyber_city_core_tilesets/CyberCity_Core_Tiles_2/CyberCity_Core_Tiles_2/Door8_8.png,Door8_8.png,DOOR_WINDOW,door_window,91,140,86,137,55.62,"[""B_HIGH_VALUE_PAINT""]",True,B_HIGH_VALUE_PAINT
pvg_door_window_door9_1_250cff43,res://assets/tilesets/cyber_city_core_tilesets/CyberCity_Core_Tiles_2/CyberCity_Core_Tiles_2/Door9_1.png,Door9_1.png,DOOR_WINDOW,door_window,105,123,99,119,28.58,"[""B_HIGH_VALUE_PAINT""]",True,B_HIGH_VALUE_PAINT
pvg_door_window_door9_2_40fb6dd2,res://assets/tilesets/cyber_city_core_tilesets/CyberCity_Core_Tiles_2/CyberCity_Core_Tiles_2/Door9_2.png,Door9_2.png,DOOR_WINDOW,door_window,16,161,10,159,40.49,"[""B_HIGH_VALUE_PAINT""]",True,B_HIGH_VALUE_PAINT
pvg_door_window_door9_3_fba45f20,res://assets/tilesets/cyber_city_core_tilesets/CyberCity_Core_Tiles_2/CyberCity_Core_Tiles_2/Door9_3.png,Door9_3.png,DOOR_WINDOW,door_window,105,121,99,120,28.22,"[""B_HIGH_VALUE_PAINT""]",True,B_HIGH_VALUE_PAINT
pvg_door_window_door9_4_20f063bb,res://assets/tilesets/cyber_city_core_tilesets/CyberCity_Core_Tiles_2/CyberCity_Core_Tiles_2/Door9_4.png,Door9_4.png,DOOR_WINDOW,door_window,20,166,10,164,52.29,"[""B_HIGH_VALUE_PAINT""]",True,B_HIGH_VALUE_PAINT
pvg_door_window_door9_5_b2f8e4c4,res://assets/tilesets/cyber_city_core_tilesets/CyberCity_Core_Tiles_2/CyberCity_Core_Tiles_2/Door9_5.png,Door9_5.png,DOOR_WINDOW,door_window,81,148,74,148,39.2,"[""B_HIGH_VALUE_PAINT""]",True,B_HIGH_VALUE_PAINT
pvg_door_window_door9_6_bc1e71f7,res://assets/tilesets/cyber_city_core_tilesets/CyberCity_Core_Tiles_2/CyberCity_Core_Tiles_2/Door9_6.png,Door9_6.png,DOOR_WINDOW,door_window,78,152,73,152,38.46,"[""B_HIGH_VALUE_PAINT""]",True,B_HIGH_VALUE_PAINT
pvg_door_window_door9_7_3e7e795c,res://assets/tilesets/cyber_city_core_tilesets/CyberCity_Core_Tiles_2/CyberCity_Core_Tiles_2/Door9_7.png,Door9_7.png,DOOR_WINDOW,door_window,80,148,73,148,38.34,"[""B_HIGH_VALUE_PAINT""]",True,B_HIGH_VALUE_PAINT
pvg_door_window_door9_8_5830f8bd,res://assets/tilesets/cyber_city_core_tilesets/CyberCity_Core_Tiles_2/CyberCity_Core_Tiles_2/Door9_8.png,Door9_8.png,DOOR_WINDOW,door_window,80,154,74,153,40.77,"[""B_HIGH_VALUE_PAINT""]",True,B_HIGH_VALUE_PAINT
pvg_door_window_doorgarage1_1_8bab096e,res://assets/tilesets/cyber_city_core_tilesets/CyberCity_Core_Tiles_2/CyberCity_Core_Tiles_2/DoorGarage1_1.png,DoorGarage1_1.png,DOOR_WINDOW,door_window,189,133,182,129,73.74,"[""B_HIGH_VALUE_PAINT""]",True,B_HIGH_VALUE_PAINT
pvg_door_window_doorgarage1_2_acd442b7,res://assets/tilesets/cyber_city_core_tilesets/CyberCity_Core_Tiles_2/CyberCity_Core_Tiles_2/DoorGarage1_2.png,DoorGarage1_2.png,DOOR_WINDOW,door_window,35,252,25,248,53.8,"[""B_HIGH_VALUE_PAINT""]",True,B_HIGH_VALUE_PAINT
pvg_door_window_doorgarage1_3_92882e43,res://assets/tilesets/cyber_city_core_tilesets/CyberCity_Core_Tiles_2/CyberCity_Core_Tiles_2/DoorGarage1_3.png,DoorGarage1_3.png,DOOR_WINDOW,door_window,189,142,181,137,69.91,"[""B_HIGH_VALUE_PAINT""]",True,B_HIGH_VALUE_PAINT
pvg_door_window_doorgarage1_4_617d36ec,res://assets/tilesets/cyber_city_core_tilesets/CyberCity_Core_Tiles_2/CyberCity_Core_Tiles_2/DoorGarage1_4.png,DoorGarage1_4.png,DOOR_WINDOW,door_window,35,251,25,249,51.93,"[""B_HIGH_VALUE_PAINT""]",True,B_HIGH_VALUE_PAINT
pvg_door_window_doorgarage1_5_37610d43,res://assets/tilesets/cyber_city_core_tilesets/CyberCity_Core_Tiles_2/CyberCity_Core_Tiles_2/DoorGarage1_5.png,DoorGarage1_5.png,DOOR_WINDOW,door_window,146,217,144,216,81.14,"[""B_HIGH_VALUE_PAINT""]",True,B_HIGH_VALUE_PAINT
pvg_door_window_doorgarage1_6_e2800320,res://assets/tilesets/cyber_city_core_tilesets/CyberCity_Core_Tiles_2/CyberCity_Core_Tiles_2/DoorGarage1_6.png,DoorGarage1_6.png,DOOR_WINDOW,door_window,147,217,144,216,81.42,"[""B_HIGH_VALUE_PAINT""]",True,B_HIGH_VALUE_PAINT
pvg_door_window_doorgarage1_7_028cde8c,res://assets/tilesets/cyber_city_core_tilesets/CyberCity_Core_Tiles_2/CyberCity_Core_Tiles_2/DoorGarage1_7.png,DoorGarage1_7.png,DOOR_WINDOW,door_window,152,224,145,222,78.28,"[""B_HIGH_VALUE_PAINT""]",True,B_HIGH_VALUE_PAINT
pvg_door_window_doorgarage1_8_fe7b26d9,res://assets/tilesets/cyber_city_core_tilesets/CyberCity_Core_Tiles_2/CyberCity_Core_Tiles_2/DoorGarage1_8.png,DoorGarage1_8.png,DOOR_WINDOW,door_window,151,223,145,221,78.03,"[""B_HIGH_VALUE_PAINT""]",True,B_HIGH_VALUE_PAINT
pvg_door_window_doorgarage2_1_78dbe4ca,res://assets/tilesets/cyber_city_core_tilesets/CyberCity_Core_Tiles_2/CyberCity_Core_Tiles_2/DoorGarage2_1.png,DoorGarage2_1.png,DOOR_WINDOW,door_window,106,133,96,129,74.07,"[""B_HIGH_VALUE_PAINT""]",True,B_HIGH_VALUE_PAINT
pvg_door_window_doorgarage2_2_065e746f,res://assets/tilesets/cyber_city_core_tilesets/CyberCity_Core_Tiles_2/CyberCity_Core_Tiles_2/DoorGarage2_2.png,DoorGarage2_2.png,DOOR_WINDOW,door_window,35,194,25,188,61.43,"[""B_HIGH_VALUE_PAINT""]",True,B_HIGH_VALUE_PAINT
pvg_door_window_doorgarage2_3_3ce65997,res://assets/tilesets/cyber_city_core_tilesets/CyberCity_Core_Tiles_2/CyberCity_Core_Tiles_2/DoorGarage2_3.png,DoorGarage2_3.png,DOOR_WINDOW,door_window,103,139,96,137,68.67,"[""B_HIGH_VALUE_PAINT""]",True,B_HIGH_VALUE_PAINT
pvg_door_window_doorgarage2_4_20f299ef,res://assets/tilesets/cyber_city_core_tilesets/CyberCity_Core_Tiles_2/CyberCity_Core_Tiles_2/DoorGarage2_4.png,DoorGarage2_4.png,DOOR_WINDOW,door_window,35,190,25,188,59.47,"[""B_HIGH_VALUE_PAINT""]",True,B_HIGH_VALUE_PAINT
pvg_door_window_doorgarage2_5_97f168f6,res://assets/tilesets/cyber_city_core_tilesets/CyberCity_Core_Tiles_2/CyberCity_Core_Tiles_2/DoorGarage2_5.png,DoorGarage2_5.png,DOOR_WINDOW,door_window,91,174,84,173,76.06,"[""B_HIGH_VALUE_PAINT""]",True,B_HIGH_VALUE_PAINT
pvg_door_window_doorgarage2_6_dc86f93a,res://assets/tilesets/cyber_city_core_tilesets/CyberCity_Core_Tiles_2/CyberCity_Core_Tiles_2/DoorGarage2_6.png,DoorGarage2_6.png,DOOR_WINDOW,door_window,86,175,84,173,74.58,"[""B_HIGH_VALUE_PAINT""]",True,B_HIGH_VALUE_PAINT
pvg_door_window_doorgarage2_7_2e9cea2b,res://assets/tilesets/cyber_city_core_tilesets/CyberCity_Core_Tiles_2/CyberCity_Core_Tiles_2/DoorGarage2_7.png,DoorGarage2_7.png,DOOR_WINDOW,door_window,88,180,84,179,71.35,"[""B_HIGH_VALUE_PAINT""]",True,B_HIGH_VALUE_PAINT
pvg_door_window_doorgarage2_8_384c8e56,res://assets/tilesets/cyber_city_core_tilesets/CyberCity_Core_Tiles_2/CyberCity_Core_Tiles_2/DoorGarage2_8.png,DoorGarage2_8.png,DOOR_WINDOW,door_window,87,180,84,178,71.0,"[""B_HIGH_VALUE_PAINT""]",True,B_HIGH_VALUE_PAINT
pvg_door_window_doorgarage3_1_9b5c80bf,res://assets/tilesets/cyber_city_core_tilesets/CyberCity_Core_Tiles_2/CyberCity_Core_Tiles_2/DoorGarage3_1.png,DoorGarage3_1.png,DOOR_WINDOW,door_window,92,134,80,128,28.43,"[""B_HIGH_VALUE_PAINT""]",True,B_HIGH_VALUE_PAINT
pvg_door_window_doorgarage3_2_fe4f1b24,res://assets/tilesets/cyber_city_core_tilesets/CyberCity_Core_Tiles_2/CyberCity_Core_Tiles_2/DoorGarage3_2.png,DoorGarage3_2.png,DOOR_WINDOW,door_window,31,179,24,177,55.97,"[""B_HIGH_VALUE_PAINT""]",True,B_HIGH_VALUE_PAINT
pvg_door_window_doorgarage3_3_0f1fdeaa,res://assets/tilesets/cyber_city_core_tilesets/CyberCity_Core_Tiles_2/CyberCity_Core_Tiles_2/DoorGarage3_3.png,DoorGarage3_3.png,DOOR_WINDOW,door_window,85,140,80,137,20.39,"[""B_HIGH_VALUE_PAINT""]",True,B_HIGH_VALUE_PAINT
pvg_door_window_doorgarage3_4_e707d383,res://assets/tilesets/cyber_city_core_tilesets/CyberCity_Core_Tiles_2/CyberCity_Core_Tiles_2/DoorGarage3_4.png,DoorGarage3_4.png,DOOR_WINDOW,door_window,31,178,25,177,57.25,"[""B_HIGH_VALUE_PAINT""]",True,B_HIGH_VALUE_PAINT
pvg_door_window_doorgarage3_5_4a2f373e,res://assets/tilesets/cyber_city_core_tilesets/CyberCity_Core_Tiles_2/CyberCity_Core_Tiles_2/DoorGarage3_5.png,DoorGarage3_5.png,DOOR_WINDOW,door_window,76,166,73,165,43.74,"[""B_HIGH_VALUE_PAINT""]",True,B_HIGH_VALUE_PAINT
pvg_door_window_doorgarage3_6_382630c8,res://assets/tilesets/cyber_city_core_tilesets/CyberCity_Core_Tiles_2/CyberCity_Core_Tiles_2/DoorGarage3_6.png,DoorGarage3_6.png,DOOR_WINDOW,door_window,76,167,72,165,44.88,"[""B_HIGH_VALUE_PAINT""]",True,B_HIGH_VALUE_PAINT
pvg_door_window_doorgarage3_7_5b9e813b,res://assets/tilesets/cyber_city_core_tilesets/CyberCity_Core_Tiles_2/CyberCity_Core_Tiles_2/DoorGarage3_7.png,DoorGarage3_7.png,DOOR_WINDOW,door_window,77,173,73,171,42.75,"[""B_HIGH_VALUE_PAINT""]",True,B_HIGH_VALUE_PAINT
pvg_door_window_doorgarage3_8_2383119c,res://assets/tilesets/cyber_city_core_tilesets/CyberCity_Core_Tiles_2/CyberCity_Core_Tiles_2/DoorGarage3_8.png,DoorGarage3_8.png,DOOR_WINDOW,door_window,79,172,73,171,43.2,"[""B_HIGH_VALUE_PAINT""]",True,B_HIGH_VALUE_PAINT
pvg_door_window_doorgarage4_1_16dc52df,res://assets/tilesets/cyber_city_core_tilesets/CyberCity_Core_Tiles_2/CyberCity_Core_Tiles_2/DoorGarage4_1.png,DoorGarage4_1.png,DOOR_WINDOW,door_window,124,173,114,169,29.56,"[""B_HIGH_VALUE_PAINT""]",True,B_HIGH_VALUE_PAINT
pvg_door_window_doorgarage4_2_f8217663,res://assets/tilesets/cyber_city_core_tilesets/CyberCity_Core_Tiles_2/CyberCity_Core_Tiles_2/DoorGarage4_2.png,DoorGarage4_2.png,DOOR_WINDOW,door_window,45,241,37,239,56.77,"[""B_HIGH_VALUE_PAINT""]",True,B_HIGH_VALUE_PAINT
pvg_door_window_doorgarage4_3_33e171f5,res://assets/tilesets/cyber_city_core_tilesets/CyberCity_Core_Tiles_2/CyberCity_Core_Tiles_2/DoorGarage4_3.png,DoorGarage4_3.png,DOOR_WINDOW,door_window,120,189,114,185,23.88,"[""B_HIGH_VALUE_PAINT""]",True,B_HIGH_VALUE_PAINT
pvg_door_window_doorgarage4_4_dfa30747,res://assets/tilesets/cyber_city_core_tilesets/CyberCity_Core_Tiles_2/CyberCity_Core_Tiles_2/DoorGarage4_4.png,DoorGarage4_4.png,DOOR_WINDOW,door_window,43,244,37,239,53.66,"[""B_HIGH_VALUE_PAINT""]",True,B_HIGH_VALUE_PAINT
pvg_door_window_doorgarage4_5_372d4bb1,res://assets/tilesets/cyber_city_core_tilesets/CyberCity_Core_Tiles_2/CyberCity_Core_Tiles_2/DoorGarage4_5.png,DoorGarage4_5.png,DOOR_WINDOW,door_window,114,221,105,219,51.89,"[""B_HIGH_VALUE_PAINT""]",True,B_HIGH_VALUE_PAINT
pvg_door_window_doorgarage4_6_4c63d772,res://assets/tilesets/cyber_city_core_tilesets/CyberCity_Core_Tiles_2/CyberCity_Core_Tiles_2/DoorGarage4_6.png,DoorGarage4_6.png,DOOR_WINDOW,door_window,112,222,105,221,50.62,"[""B_HIGH_VALUE_PAINT""]",True,B_HIGH_VALUE_PAINT
pvg_door_window_doorgarage4_7_ee9197a4,res://assets/tilesets/cyber_city_core_tilesets/CyberCity_Core_Tiles_2/CyberCity_Core_Tiles_2/DoorGarage4_7.png,DoorGarage4_7.png,DOOR_WINDOW,door_window,111,234,105,233,46.07,"[""B_HIGH_VALUE_PAINT""]",True,B_HIGH_VALUE_PAINT
pvg_door_window_doorgarage4_8_e59d2143,res://assets/tilesets/cyber_city_core_tilesets/CyberCity_Core_Tiles_2/CyberCity_Core_Tiles_2/DoorGarage4_8.png,DoorGarage4_8.png,DOOR_WINDOW,door_window,110,234,105,233,45.27,"[""B_HIGH_VALUE_PAINT""]",True,B_HIGH_VALUE_PAINT
pvg_door_window_doorgarage5_1_800530a8,res://assets/tilesets/cyber_city_core_tilesets/CyberCity_Core_Tiles_2/CyberCity_Core_Tiles_2/DoorGarage5_1.png,DoorGarage5_1.png,DOOR_WINDOW,door_window,91,170,80,165,24.74,"[""B_HIGH_VALUE_PAINT""]",True,B_HIGH_VALUE_PAINT
pvg_door_window_doorgarage5_2_32758758,res://assets/tilesets/cyber_city_core_tilesets/CyberCity_Core_Tiles_2/CyberCity_Core_Tiles_2/DoorGarage5_2.png,DoorGarage5_2.png,DOOR_WINDOW,door_window,42,212,37,208,57.88,"[""B_HIGH_VALUE_PAINT""]",True,B_HIGH_VALUE_PAINT
pvg_door_window_doorgarage5_3_03371aac,res://assets/tilesets/cyber_city_core_tilesets/CyberCity_Core_Tiles_2/CyberCity_Core_Tiles_2/DoorGarage5_3.png,DoorGarage5_3.png,DOOR_WINDOW,door_window,89,175,81,170,22.32,"[""B_HIGH_VALUE_PAINT""]",True,B_HIGH_VALUE_PAINT
pvg_door_window_doorgarage5_4_b92367a8,res://assets/tilesets/cyber_city_core_tilesets/CyberCity_Core_Tiles_2/CyberCity_Core_Tiles_2/DoorGarage5_4.png,DoorGarage5_4.png,DOOR_WINDOW,door_window,43,212,37,208,58.95,"[""B_HIGH_VALUE_PAINT""]",True,B_HIGH_VALUE_PAINT
pvg_door_window_doorgarage5_5_e9122e69,res://assets/tilesets/cyber_city_core_tilesets/CyberCity_Core_Tiles_2/CyberCity_Core_Tiles_2/DoorGarage5_5.png,DoorGarage5_5.png,DOOR_WINDOW,door_window,84,204,82,200,43.79,"[""B_HIGH_VALUE_PAINT""]",True,B_HIGH_VALUE_PAINT
pvg_door_window_doorgarage5_6_7b13fd72,res://assets/tilesets/cyber_city_core_tilesets/CyberCity_Core_Tiles_2/CyberCity_Core_Tiles_2/DoorGarage5_6.png,DoorGarage5_6.png,DOOR_WINDOW,door_window,84,202,81,200,43.99,"[""B_HIGH_VALUE_PAINT""]",True,B_HIGH_VALUE_PAINT
pvg_door_window_doorgarage5_7_31248ba5,res://assets/tilesets/cyber_city_core_tilesets/CyberCity_Core_Tiles_2/CyberCity_Core_Tiles_2/DoorGarage5_7.png,DoorGarage5_7.png,DOOR_WINDOW,door_window,85,205,81,203,42.7,"[""B_HIGH_VALUE_PAINT""]",True,B_HIGH_VALUE_PAINT
pvg_door_window_doorgarage5_8_d85bc6ee,res://assets/tilesets/cyber_city_core_tilesets/CyberCity_Core_Tiles_2/CyberCity_Core_Tiles_2/DoorGarage5_8.png,DoorGarage5_8.png,DOOR_WINDOW,door_window,86,205,82,203,43.24,"[""B_HIGH_VALUE_PAINT""]",True,B_HIGH_VALUE_PAINT
pvg_door_window_doorgarage6_1_014009a5,res://assets/tilesets/cyber_city_core_tilesets/CyberCity_Core_Tiles_2/CyberCity_Core_Tiles_2/DoorGarage6_1.png,DoorGarage6_1.png,DOOR_WINDOW,door_window,25,232,15,230,42.6,"[""B_HIGH_VALUE_PAINT""]",True,B_HIGH_VALUE_PAINT
pvg_door_window_doorgarage6_2_ada12dc0,res://assets/tilesets/cyber_city_core_tilesets/CyberCity_Core_Tiles_2/CyberCity_Core_Tiles_2/DoorGarage6_2.png,DoorGarage6_2.png,DOOR_WINDOW,door_window,196,111,189,107,11.57,"[""B_HIGH_VALUE_PAINT""]",True,B_HIGH_VALUE_PAINT
pvg_door_window_doorgarage6_3_4cf0a564,res://assets/tilesets/cyber_city_core_tilesets/CyberCity_Core_Tiles_2/CyberCity_Core_Tiles_2/DoorGarage6_3.png,DoorGarage6_3.png,DOOR_WINDOW,door_window,25,232,15,230,42.6,"[""B_HIGH_VALUE_PAINT""]",True,B_HIGH_VALUE_PAINT
pvg_door_window_doorgarage6_4_5d825727,res://assets/tilesets/cyber_city_core_tilesets/CyberCity_Core_Tiles_2/CyberCity_Core_Tiles_2/DoorGarage6_4.png,DoorGarage6_4.png,DOOR_WINDOW,door_window,196,111,189,107,10.0,"[""B_HIGH_VALUE_PAINT""]",True,B_HIGH_VALUE_PAINT
pvg_door_window_doorgarage6_5_072d2ef0,res://assets/tilesets/cyber_city_core_tilesets/CyberCity_Core_Tiles_2/CyberCity_Core_Tiles_2/DoorGarage6_5.png,DoorGarage6_5.png,DOOR_WINDOW,door_window,151,199,143,197,50.93,"[""B_HIGH_VALUE_PAINT""]",True,B_HIGH_VALUE_PAINT
pvg_door_window_doorgarage6_6_73452626,res://assets/tilesets/cyber_city_core_tilesets/CyberCity_Core_Tiles_2/CyberCity_Core_Tiles_2/DoorGarage6_6.png,DoorGarage6_6.png,DOOR_WINDOW,door_window,149,199,142,197,48.98,"[""B_HIGH_VALUE_PAINT""]",True,B_HIGH_VALUE_PAINT
pvg_door_window_doorgarage6_7_da99d21f,res://assets/tilesets/cyber_city_core_tilesets/CyberCity_Core_Tiles_2/CyberCity_Core_Tiles_2/DoorGarage6_7.png,DoorGarage6_7.png,DOOR_WINDOW,door_window,149,199,142,197,50.31,"[""B_HIGH_VALUE_PAINT""]",True,B_HIGH_VALUE_PAINT
pvg_door_window_doorgarage6_8_2d33c81d,res://assets/tilesets/cyber_city_core_tilesets/CyberCity_Core_Tiles_2/CyberCity_Core_Tiles_2/DoorGarage6_8.png,DoorGarage6_8.png,DOOR_WINDOW,door_window,151,199,143,197,49.62,"[""B_HIGH_VALUE_PAINT""]",True,B_HIGH_VALUE_PAINT
pvg_tileset_atlas_fence1_1_ce8ff9d8,res://assets/tilesets/cyber_city_core_tilesets/CyberCity_Core_Tiles_2/CyberCity_Core_Tiles_2/Fence1_1.png,Fence1_1.png,TILESET_ATLAS,atlas_or_large_sheet,685,241,681,235,31.52,"[""A_PRIMARY_ATLAS"", ""B_HIGH_VALUE_PAINT""]",True,"A_PRIMARY_ATLAS, B_HIGH_VALUE_PAINT"
pvg_tileset_atlas_fence1_2_3557e96c,res://assets/tilesets/cyber_city_core_tilesets/CyberCity_Core_Tiles_2/CyberCity_Core_Tiles_2/Fence1_2.png,Fence1_2.png,TILESET_ATLAS,atlas_or_large_sheet,271,637,262,635,67.98,"[""A_PRIMARY_ATLAS"", ""B_HIGH_VALUE_PAINT""]",True,"A_PRIMARY_ATLAS, B_HIGH_VALUE_PAINT"
pvg_tileset_atlas_fence1_3_f39db493,res://assets/tilesets/cyber_city_core_tilesets/CyberCity_Core_Tiles_2/CyberCity_Core_Tiles_2/Fence1_3.png,Fence1_3.png,TILESET_ATLAS,atlas_or_large_sheet,680,331,673,326,46.36,"[""A_PRIMARY_ATLAS"", ""B_HIGH_VALUE_PAINT""]",True,"A_PRIMARY_ATLAS, B_HIGH_VALUE_PAINT"
pvg_tileset_atlas_fence1_4_0ba95570,res://assets/tilesets/cyber_city_core_tilesets/CyberCity_Core_Tiles_2/CyberCity_Core_Tiles_2/Fence1_4.png,Fence1_4.png,TILESET_ATLAS,atlas_or_large_sheet,263,631,257,626,72.16,"[""A_PRIMARY_ATLAS"", ""B_HIGH_VALUE_PAINT""]",True,"A_PRIMARY_ATLAS, B_HIGH_VALUE_PAINT"
pvg_tileset_atlas_fence1_5_f3e865e8,res://assets/tilesets/cyber_city_core_tilesets/CyberCity_Core_Tiles_2/CyberCity_Core_Tiles_2/Fence1_5.png,Fence1_5.png,TILESET_ATLAS,atlas_or_large_sheet,624,517,621,511,72.36,"[""A_PRIMARY_ATLAS"", ""B_HIGH_VALUE_PAINT""]",True,"A_PRIMARY_ATLAS, B_HIGH_VALUE_PAINT"
pvg_tileset_atlas_fence1_6_bbd1192b,res://assets/tilesets/cyber_city_core_tilesets/CyberCity_Core_Tiles_2/CyberCity_Core_Tiles_2/Fence1_6.png,Fence1_6.png,TILESET_ATLAS,atlas_or_large_sheet,514,499,512,497,68.33,"[""A_PRIMARY_ATLAS"", ""B_HIGH_VALUE_PAINT""]",True,"A_PRIMARY_ATLAS, B_HIGH_VALUE_PAINT"
pvg_tileset_atlas_fence1_7_2b4f5cd6,res://assets/tilesets/cyber_city_core_tilesets/CyberCity_Core_Tiles_2/CyberCity_Core_Tiles_2/Fence1_7.png,Fence1_7.png,TILESET_ATLAS,atlas_or_large_sheet,523,583,518,580,68.95,"[""A_PRIMARY_ATLAS"", ""B_HIGH_VALUE_PAINT""]",True,"A_PRIMARY_ATLAS, B_HIGH_VALUE_PAINT"
pvg_tileset_atlas_fence1_8_905af9a2,res://assets/tilesets/cyber_city_core_tilesets/CyberCity_Core_Tiles_2/CyberCity_Core_Tiles_2/Fence1_8.png,Fence1_8.png,TILESET_ATLAS,atlas_or_large_sheet,594,522,592,519,69.3,"[""A_PRIMARY_ATLAS"", ""B_HIGH_VALUE_PAINT""]",True,"A_PRIMARY_ATLAS, B_HIGH_VALUE_PAINT"
pvg_foreground_tall_fence2_1_c0a0a0bd,res://assets/tilesets/cyber_city_core_tilesets/CyberCity_Core_Tiles_2/CyberCity_Core_Tiles_2/Fence2_1.png,Fence2_1.png,FOREGROUND_TALL,industrial_prop,257,210,254,204,35.42,"[""B_HIGH_VALUE_PAINT""]",True,B_HIGH_VALUE_PAINT
pvg_foreground_tall_fence2_2_300b9f9c,res://assets/tilesets/cyber_city_core_tilesets/CyberCity_Core_Tiles_2/CyberCity_Core_Tiles_2/Fence2_2.png,Fence2_2.png,FOREGROUND_TALL,industrial_prop,115,335,106,333,58.91,"[""B_HIGH_VALUE_PAINT""]",True,B_HIGH_VALUE_PAINT
pvg_foreground_tall_fence2_3_7347c348,res://assets/tilesets/cyber_city_core_tilesets/CyberCity_Core_Tiles_2/CyberCity_Core_Tiles_2/Fence2_3.png,Fence2_3.png,FOREGROUND_TALL,industrial_prop,252,237,247,227,36.92,"[""B_HIGH_VALUE_PAINT""]",True,B_HIGH_VALUE_PAINT
pvg_foreground_tall_fence2_4_11e87940,res://assets/tilesets/cyber_city_core_tilesets/CyberCity_Core_Tiles_2/CyberCity_Core_Tiles_2/Fence2_4.png,Fence2_4.png,FOREGROUND_TALL,industrial_prop,103,332,99,326,61.03,"[""B_HIGH_VALUE_PAINT""]",True,B_HIGH_VALUE_PAINT
pvg_foreground_tall_fence2_5_86afa643,res://assets/tilesets/cyber_city_core_tilesets/CyberCity_Core_Tiles_2/CyberCity_Core_Tiles_2/Fence2_5.png,Fence2_5.png,FOREGROUND_TALL,industrial_prop,227,300,221,295,61.6,"[""B_HIGH_VALUE_PAINT""]",True,B_HIGH_VALUE_PAINT
pvg_foreground_tall_fence2_6_c3edaeaf,res://assets/tilesets/cyber_city_core_tilesets/CyberCity_Core_Tiles_2/CyberCity_Core_Tiles_2/Fence2_6.png,Fence2_6.png,FOREGROUND_TALL,industrial_prop,213,286,212,284,54.51,"[""B_HIGH_VALUE_PAINT""]",True,B_HIGH_VALUE_PAINT
pvg_foreground_tall_fence2_7_177627e0,res://assets/tilesets/cyber_city_core_tilesets/CyberCity_Core_Tiles_2/CyberCity_Core_Tiles_2/Fence2_7.png,Fence2_7.png,FOREGROUND_TALL,industrial_prop,224,311,219,309,55.89,"[""B_HIGH_VALUE_PAINT""]",True,B_HIGH_VALUE_PAINT
pvg_foreground_tall_fence2_8_7aeaa6a3,res://assets/tilesets/cyber_city_core_tilesets/CyberCity_Core_Tiles_2/CyberCity_Core_Tiles_2/Fence2_8.png,Fence2_8.png,FOREGROUND_TALL,industrial_prop,214,309,207,308,57.32,"[""B_HIGH_VALUE_PAINT""]",True,B_HIGH_VALUE_PAINT
pvg_tileset_atlas_floor1_1_56c9f0e3,res://assets/tilesets/cyber_city_core_tilesets/CyberCity_Core_Tiles_2/CyberCity_Core_Tiles_2/Floor1_1.png,Floor1_1.png,TILESET_ATLAS,atlas_or_large_sheet,740,424,729,413,4.51,"[""A_PRIMARY_ATLAS"", ""B_HIGH_VALUE_PAINT""]",True,"A_PRIMARY_ATLAS, B_HIGH_VALUE_PAINT"
pvg_tileset_atlas_floor1_2_ff55e623,res://assets/tilesets/cyber_city_core_tilesets/CyberCity_Core_Tiles_2/CyberCity_Core_Tiles_2/Floor1_2.png,Floor1_2.png,TILESET_ATLAS,atlas_or_large_sheet,585,531,574,520,4.1,"[""A_PRIMARY_ATLAS"", ""B_HIGH_VALUE_PAINT""]",True,"A_PRIMARY_ATLAS, B_HIGH_VALUE_PAINT"
pvg_tileset_atlas_floor1_3_31f2a68e,res://assets/tilesets/cyber_city_core_tilesets/CyberCity_Core_Tiles_2/CyberCity_Core_Tiles_2/Floor1_3.png,Floor1_3.png,TILESET_ATLAS,atlas_or_large_sheet,921,656,919,654,50.37,"[""A_PRIMARY_ATLAS"", ""B_HIGH_VALUE_PAINT""]",True,"A_PRIMARY_ATLAS, B_HIGH_VALUE_PAINT"
pvg_tileset_atlas_floor1_4_5de90a48,res://assets/tilesets/cyber_city_core_tilesets/CyberCity_Core_Tiles_2/CyberCity_Core_Tiles_2/Floor1_4.png,Floor1_4.png,TILESET_ATLAS,atlas_or_large_sheet,919,657,917,656,50.22,"[""A_PRIMARY_ATLAS"", ""B_HIGH_VALUE_PAINT""]",True,"A_PRIMARY_ATLAS, B_HIGH_VALUE_PAINT"
pvg_floor_patch_floormat1_1_5af4a668,res://assets/tilesets/cyber_city_core_tilesets/CyberCity_Core_Tiles_2/CyberCity_Core_Tiles_2/FloorMat1_1.png,FloorMat1_1.png,FLOOR_PATCH,floor_patch_or_mat,49,45,45,45,19.5,"[""B_HIGH_VALUE_PAINT""]",True,B_HIGH_VALUE_PAINT
pvg_floor_diamond_floormat1_2_54ca4d73,res://assets/tilesets/cyber_city_core_tilesets/CyberCity_Core_Tiles_2/CyberCity_Core_Tiles_2/FloorMat1_2.png,FloorMat1_2.png,FLOOR_DIAMOND,diamond_floor_or_mat,67,37,62,32,28.4,"[""B_HIGH_VALUE_PAINT""]",True,B_HIGH_VALUE_PAINT
pvg_floor_patch_floormat1_3_96cd7b74,res://assets/tilesets/cyber_city_core_tilesets/CyberCity_Core_Tiles_2/CyberCity_Core_Tiles_2/FloorMat1_3.png,FloorMat1_3.png,FLOOR_PATCH,floor_patch_or_mat,49,48,45,44,24.74,"[""B_HIGH_VALUE_PAINT""]",True,B_HIGH_VALUE_PAINT
pvg_floor_diamond_floormat1_4_3156da42,res://assets/tilesets/cyber_city_core_tilesets/CyberCity_Core_Tiles_2/CyberCity_Core_Tiles_2/FloorMat1_4.png,FloorMat1_4.png,FLOOR_DIAMOND,diamond_floor_or_mat,63,36,62,34,21.25,"[""B_HIGH_VALUE_PAINT""]",True,B_HIGH_VALUE_PAINT
pvg_floor_patch_floormat1_5_4b1021d3,res://assets/tilesets/cyber_city_core_tilesets/CyberCity_Core_Tiles_2/CyberCity_Core_Tiles_2/FloorMat1_5.png,FloorMat1_5.png,FLOOR_PATCH,floor_patch_or_mat,74,53,69,50,54.44,"[""B_HIGH_VALUE_PAINT""]",True,B_HIGH_VALUE_PAINT
pvg_floor_patch_floormat1_6_c3cd6605,res://assets/tilesets/cyber_city_core_tilesets/CyberCity_Core_Tiles_2/CyberCity_Core_Tiles_2/FloorMat1_6.png,FloorMat1_6.png,FLOOR_PATCH,floor_patch_or_mat,71,52,69,51,51.3,"[""B_HIGH_VALUE_PAINT""]",True,B_HIGH_VALUE_PAINT
pvg_floor_patch_floormat1_7_5e5c97c8,res://assets/tilesets/cyber_city_core_tilesets/CyberCity_Core_Tiles_2/CyberCity_Core_Tiles_2/FloorMat1_7.png,FloorMat1_7.png,FLOOR_PATCH,floor_patch_or_mat,70,50,69,49,49.17,"[""B_HIGH_VALUE_PAINT""]",True,B_HIGH_VALUE_PAINT
pvg_floor_patch_floormat1_8_adaa4635,res://assets/tilesets/cyber_city_core_tilesets/CyberCity_Core_Tiles_2/CyberCity_Core_Tiles_2/FloorMat1_8.png,FloorMat1_8.png,FLOOR_PATCH,floor_patch_or_mat,71,51,70,49,50.76,"[""B_HIGH_VALUE_PAINT""]",True,B_HIGH_VALUE_PAINT
pvg_fx_decal_garbage1_1_6b7f18da,res://assets/tilesets/cyber_city_core_tilesets/CyberCity_Core_Tiles_2/CyberCity_Core_Tiles_2/Garbage1_1.png,Garbage1_1.png,FX_DECAL,decal_clutter,123,88,121,87,35.61,"[""C_LARGE_OBJECT_PAINT""]",True,C_LARGE_OBJECT_PAINT
pvg_fx_decal_garbage1_2_f4ba8342,res://assets/tilesets/cyber_city_core_tilesets/CyberCity_Core_Tiles_2/CyberCity_Core_Tiles_2/Garbage1_2.png,Garbage1_2.png,FX_DECAL,decal_clutter,93,106,91,102,40.87,"[""C_LARGE_OBJECT_PAINT""]",True,C_LARGE_OBJECT_PAINT
pvg_fx_decal_garbage1_3_f1776c04,res://assets/tilesets/cyber_city_core_tilesets/CyberCity_Core_Tiles_2/CyberCity_Core_Tiles_2/Garbage1_3.png,Garbage1_3.png,FX_DECAL,decal_clutter,127,69,121,67,41.95,"[""C_LARGE_OBJECT_PAINT""]",True,C_LARGE_OBJECT_PAINT
pvg_fx_decal_garbage1_4_d4013d9c,res://assets/tilesets/cyber_city_core_tilesets/CyberCity_Core_Tiles_2/CyberCity_Core_Tiles_2/Garbage1_4.png,Garbage1_4.png,FX_DECAL,decal_clutter,96,98,94,97,39.9,"[""C_LARGE_OBJECT_PAINT""]",True,C_LARGE_OBJECT_PAINT
pvg_fx_decal_garbage1_5_a32117b9,res://assets/tilesets/cyber_city_core_tilesets/CyberCity_Core_Tiles_2/CyberCity_Core_Tiles_2/Garbage1_5.png,Garbage1_5.png,FX_DECAL,decal_clutter,105,102,104,100,40.55,"[""C_LARGE_OBJECT_PAINT""]",True,C_LARGE_OBJECT_PAINT
pvg_fx_decal_garbage1_6_e92a6917,res://assets/tilesets/cyber_city_core_tilesets/CyberCity_Core_Tiles_2/CyberCity_Core_Tiles_2/Garbage1_6.png,Garbage1_6.png,FX_DECAL,decal_clutter,108,88,106,87,30.85,"[""C_LARGE_OBJECT_PAINT""]",True,C_LARGE_OBJECT_PAINT
pvg_fx_decal_garbage1_7_c4aec067,res://assets/tilesets/cyber_city_core_tilesets/CyberCity_Core_Tiles_2/CyberCity_Core_Tiles_2/Garbage1_7.png,Garbage1_7.png,FX_DECAL,decal_clutter,106,86,102,84,42.52,"[""C_LARGE_OBJECT_PAINT""]",True,C_LARGE_OBJECT_PAINT
pvg_fx_decal_garbage1_8_4b2cc6b7,res://assets/tilesets/cyber_city_core_tilesets/CyberCity_Core_Tiles_2/CyberCity_Core_Tiles_2/Garbage1_8.png,Garbage1_8.png,FX_DECAL,decal_clutter,109,79,104,75,38.35,"[""C_LARGE_OBJECT_PAINT""]",True,C_LARGE_OBJECT_PAINT
pvg_fx_decal_garbagebag1_1_66982e6c,res://assets/tilesets/cyber_city_core_tilesets/CyberCity_Core_Tiles_2/CyberCity_Core_Tiles_2/GarbageBag1_1.png,GarbageBag1_1.png,FX_DECAL,decal_clutter,32,33,31,32,33.81,"[""C_LARGE_OBJECT_PAINT""]",True,C_LARGE_OBJECT_PAINT
pvg_fx_decal_garbagebag1_2_9d76f0f1,res://assets/tilesets/cyber_city_core_tilesets/CyberCity_Core_Tiles_2/CyberCity_Core_Tiles_2/GarbageBag1_2.png,GarbageBag1_2.png,FX_DECAL,decal_clutter,31,34,30,32,34.91,"[""C_LARGE_OBJECT_PAINT""]",True,C_LARGE_OBJECT_PAINT
pvg_fx_decal_garbagebag1_3_7d17e225,res://assets/tilesets/cyber_city_core_tilesets/CyberCity_Core_Tiles_2/CyberCity_Core_Tiles_2/GarbageBag1_3.png,GarbageBag1_3.png,FX_DECAL,decal_clutter,32,34,30,34,34.28,"[""C_LARGE_OBJECT_PAINT""]",True,C_LARGE_OBJECT_PAINT
pvg_fx_decal_garbagebag1_4_8dd115c3,res://assets/tilesets/cyber_city_core_tilesets/CyberCity_Core_Tiles_2/CyberCity_Core_Tiles_2/GarbageBag1_4.png,GarbageBag1_4.png,FX_DECAL,decal_clutter,33,35,30,33,40.35,"[""C_LARGE_OBJECT_PAINT""]",True,C_LARGE_OBJECT_PAINT
pvg_fx_decal_garbagebag1_5_4137035c,res://assets/tilesets/cyber_city_core_tilesets/CyberCity_Core_Tiles_2/CyberCity_Core_Tiles_2/GarbageBag1_5.png,GarbageBag1_5.png,FX_DECAL,decal_clutter,34,33,32,33,35.29,"[""C_LARGE_OBJECT_PAINT""]",True,C_LARGE_OBJECT_PAINT
pvg_fx_decal_garbagebag1_6_9aeca1a0,res://assets/tilesets/cyber_city_core_tilesets/CyberCity_Core_Tiles_2/CyberCity_Core_Tiles_2/GarbageBag1_6.png,GarbageBag1_6.png,FX_DECAL,decal_clutter,31,35,29,32,39.35,"[""C_LARGE_OBJECT_PAINT""]",True,C_LARGE_OBJECT_PAINT
pvg_fx_decal_garbagebag1_7_45345021,res://assets/tilesets/cyber_city_core_tilesets/CyberCity_Core_Tiles_2/CyberCity_Core_Tiles_2/GarbageBag1_7.png,GarbageBag1_7.png,FX_DECAL,decal_clutter,31,34,29,32,33.97,"[""C_LARGE_OBJECT_PAINT""]",True,C_LARGE_OBJECT_PAINT
pvg_fx_decal_garbagebag1_8_6301ed2a,res://assets/tilesets/cyber_city_core_tilesets/CyberCity_Core_Tiles_2/CyberCity_Core_Tiles_2/GarbageBag1_8.png,GarbageBag1_8.png,FX_DECAL,decal_clutter,33,35,32,33,38.7,"[""C_LARGE_OBJECT_PAINT""]",True,C_LARGE_OBJECT_PAINT
pvg_fx_decal_garbagebag2_1_84845738,res://assets/tilesets/cyber_city_core_tilesets/CyberCity_Core_Tiles_2/CyberCity_Core_Tiles_2/GarbageBag2_1.png,GarbageBag2_1.png,FX_DECAL,decal_clutter,40,42,38,40,37.02,"[""C_LARGE_OBJECT_PAINT""]",True,C_LARGE_OBJECT_PAINT
pvg_fx_decal_garbagebag2_2_9ed4f84c,res://assets/tilesets/cyber_city_core_tilesets/CyberCity_Core_Tiles_2/CyberCity_Core_Tiles_2/GarbageBag2_2.png,GarbageBag2_2.png,FX_DECAL,decal_clutter,37,43,36,39,38.53,"[""C_LARGE_OBJECT_PAINT""]",True,C_LARGE_OBJECT_PAINT
pvg_fx_decal_garbagebag2_3_3c5b67cd,res://assets/tilesets/cyber_city_core_tilesets/CyberCity_Core_Tiles_2/CyberCity_Core_Tiles_2/GarbageBag2_3.png,GarbageBag2_3.png,FX_DECAL,decal_clutter,40,40,39,40,31.88,"[""C_LARGE_OBJECT_PAINT""]",True,C_LARGE_OBJECT_PAINT
pvg_fx_decal_garbagebag2_4_80484948,res://assets/tilesets/cyber_city_core_tilesets/CyberCity_Core_Tiles_2/CyberCity_Core_Tiles_2/GarbageBag2_4.png,GarbageBag2_4.png,FX_DECAL,decal_clutter,37,41,36,40,30.65,"[""C_LARGE_OBJECT_PAINT""]",True,C_LARGE_OBJECT_PAINT
pvg_fx_decal_garbagebag2_5_5fa5a52f,res://assets/tilesets/cyber_city_core_tilesets/CyberCity_Core_Tiles_2/CyberCity_Core_Tiles_2/GarbageBag2_5.png,GarbageBag2_5.png,FX_DECAL,decal_clutter,38,41,38,40,34.27,"[""C_LARGE_OBJECT_PAINT""]",True,C_LARGE_OBJECT_PAINT
pvg_fx_decal_garbagebag2_6_d8b04b85,res://assets/tilesets/cyber_city_core_tilesets/CyberCity_Core_Tiles_2/CyberCity_Core_Tiles_2/GarbageBag2_6.png,GarbageBag2_6.png,FX_DECAL,decal_clutter,39,42,37,41,34.49,"[""C_LARGE_OBJECT_PAINT""]",True,C_LARGE_OBJECT_PAINT
pvg_fx_decal_garbagebag2_7_ce83b97d,res://assets/tilesets/cyber_city_core_tilesets/CyberCity_Core_Tiles_2/CyberCity_Core_Tiles_2/GarbageBag2_7.png,GarbageBag2_7.png,FX_DECAL,decal_clutter,40,40,38,39,34.25,"[""C_LARGE_OBJECT_PAINT""]",True,C_LARGE_OBJECT_PAINT
pvg_fx_decal_garbagebag2_8_175ee688,res://assets/tilesets/cyber_city_core_tilesets/CyberCity_Core_Tiles_2/CyberCity_Core_Tiles_2/GarbageBag2_8.png,GarbageBag2_8.png,FX_DECAL,decal_clutter,39,42,37,40,37.48,"[""C_LARGE_OBJECT_PAINT""]",True,C_LARGE_OBJECT_PAINT
pvg_fx_decal_garbagebag3_1_e24e63ef,res://assets/tilesets/cyber_city_core_tilesets/CyberCity_Core_Tiles_2/CyberCity_Core_Tiles_2/GarbageBag3_1.png,GarbageBag3_1.png,FX_DECAL,decal_clutter,40,38,37,36,37.57,"[""C_LARGE_OBJECT_PAINT""]",True,C_LARGE_OBJECT_PAINT
pvg_fx_decal_garbagebag3_2_ed6af3fb,res://assets/tilesets/cyber_city_core_tilesets/CyberCity_Core_Tiles_2/CyberCity_Core_Tiles_2/GarbageBag3_2.png,GarbageBag3_2.png,FX_DECAL,decal_clutter,41,38,40,36,33.76,"[""C_LARGE_OBJECT_PAINT""]",True,C_LARGE_OBJECT_PAINT
pvg_fx_decal_garbagebag3_3_f6a0ccb1,res://assets/tilesets/cyber_city_core_tilesets/CyberCity_Core_Tiles_2/CyberCity_Core_Tiles_2/GarbageBag3_3.png,GarbageBag3_3.png,FX_DECAL,decal_clutter,38,38,37,36,30.68,"[""C_LARGE_OBJECT_PAINT""]",True,C_LARGE_OBJECT_PAINT
pvg_fx_decal_garbagebag3_4_383895fb,res://assets/tilesets/cyber_city_core_tilesets/CyberCity_Core_Tiles_2/CyberCity_Core_Tiles_2/GarbageBag3_4.png,GarbageBag3_4.png,FX_DECAL,decal_clutter,41,39,40,37,36.96,"[""C_LARGE_OBJECT_PAINT""]",True,C_LARGE_OBJECT_PAINT
pvg_fx_decal_garbagebag3_5_2d80c38f,res://assets/tilesets/cyber_city_core_tilesets/CyberCity_Core_Tiles_2/CyberCity_Core_Tiles_2/GarbageBag3_5.png,GarbageBag3_5.png,FX_DECAL,decal_clutter,41,40,39,34,39.09,"[""C_LARGE_OBJECT_PAINT""]",True,C_LARGE_OBJECT_PAINT
pvg_fx_decal_garbagebag3_6_c8fab0ae,res://assets/tilesets/cyber_city_core_tilesets/CyberCity_Core_Tiles_2/CyberCity_Core_Tiles_2/GarbageBag3_6.png,GarbageBag3_6.png,FX_DECAL,decal_clutter,39,38,39,37,33.4,"[""C_LARGE_OBJECT_PAINT""]",True,C_LARGE_OBJECT_PAINT
pvg_fx_decal_garbagebag3_7_2df87a32,res://assets/tilesets/cyber_city_core_tilesets/CyberCity_Core_Tiles_2/CyberCity_Core_Tiles_2/GarbageBag3_7.png,GarbageBag3_7.png,FX_DECAL,decal_clutter,39,38,38,36,34.82,"[""C_LARGE_OBJECT_PAINT""]",True,C_LARGE_OBJECT_PAINT
pvg_fx_decal_garbagebag3_8_f349a660,res://assets/tilesets/cyber_city_core_tilesets/CyberCity_Core_Tiles_2/CyberCity_Core_Tiles_2/GarbageBag3_8.png,GarbageBag3_8.png,FX_DECAL,decal_clutter,42,39,39,37,37.97,"[""C_LARGE_OBJECT_PAINT""]",True,C_LARGE_OBJECT_PAINT
pvg_fx_decal_garbagebag4_1_db507402,res://assets/tilesets/cyber_city_core_tilesets/CyberCity_Core_Tiles_2/CyberCity_Core_Tiles_2/GarbageBag4_1.png,GarbageBag4_1.png,FX_DECAL,decal_clutter,28,39,27,34,29.49,"[""C_LARGE_OBJECT_PAINT""]",True,C_LARGE_OBJECT_PAINT
pvg_fx_decal_garbagebag4_2_c33d6123,res://assets/tilesets/cyber_city_core_tilesets/CyberCity_Core_Tiles_2/CyberCity_Core_Tiles_2/GarbageBag4_2.png,GarbageBag4_2.png,FX_DECAL,decal_clutter,30,38,28,34,31.49,"[""C_LARGE_OBJECT_PAINT""]",True,C_LARGE_OBJECT_PAINT
pvg_fx_decal_garbagebag4_3_763ad8bd,res://assets/tilesets/cyber_city_core_tilesets/CyberCity_Core_Tiles_2/CyberCity_Core_Tiles_2/GarbageBag4_3.png,GarbageBag4_3.png,FX_DECAL,decal_clutter,30,39,28,35,34.96,"[""C_LARGE_OBJECT_PAINT""]",True,C_LARGE_OBJECT_PAINT
pvg_fx_decal_garbagebag4_4_0bc04239,res://assets/tilesets/cyber_city_core_tilesets/CyberCity_Core_Tiles_2/CyberCity_Core_Tiles_2/GarbageBag4_4.png,GarbageBag4_4.png,FX_DECAL,decal_clutter,31,38,29,34,33.62,"[""C_LARGE_OBJECT_PAINT""]",True,C_LARGE_OBJECT_PAINT
pvg_fx_decal_garbagebag4_5_025c51f4,res://assets/tilesets/cyber_city_core_tilesets/CyberCity_Core_Tiles_2/CyberCity_Core_Tiles_2/GarbageBag4_5.png,GarbageBag4_5.png,FX_DECAL,decal_clutter,35,40,33,37,42.0,"[""C_LARGE_OBJECT_PAINT""]",True,C_LARGE_OBJECT_PAINT
pvg_fx_decal_garbagebag4_6_c7a61d4d,res://assets/tilesets/cyber_city_core_tilesets/CyberCity_Core_Tiles_2/CyberCity_Core_Tiles_2/GarbageBag4_6.png,GarbageBag4_6.png,FX_DECAL,decal_clutter,34,39,32,37,40.42,"[""C_LARGE_OBJECT_PAINT""]",True,C_LARGE_OBJECT_PAINT
pvg_fx_decal_garbagebag4_7_6346af8d,res://assets/tilesets/cyber_city_core_tilesets/CyberCity_Core_Tiles_2/CyberCity_Core_Tiles_2/GarbageBag4_7.png,GarbageBag4_7.png,FX_DECAL,decal_clutter,33,39,32,37,37.37,"[""C_LARGE_OBJECT_PAINT""]",True,C_LARGE_OBJECT_PAINT
pvg_fx_decal_garbagebag4_8_9cc75784,res://assets/tilesets/cyber_city_core_tilesets/CyberCity_Core_Tiles_2/CyberCity_Core_Tiles_2/GarbageBag4_8.png,GarbageBag4_8.png,FX_DECAL,decal_clutter,34,39,32,36,38.54,"[""C_LARGE_OBJECT_PAINT""]",True,C_LARGE_OBJECT_PAINT
pvg_fx_decal_garbagebag5_1_08bec291,res://assets/tilesets/cyber_city_core_tilesets/CyberCity_Core_Tiles_2/CyberCity_Core_Tiles_2/GarbageBag5_1.png,GarbageBag5_1.png,FX_DECAL,decal_clutter,28,33,26,28,36.15,"[""C_LARGE_OBJECT_PAINT""]",True,C_LARGE_OBJECT_PAINT
pvg_fx_decal_garbagebag5_2_baefe092,res://assets/tilesets/cyber_city_core_tilesets/CyberCity_Core_Tiles_2/CyberCity_Core_Tiles_2/GarbageBag5_2.png,GarbageBag5_2.png,FX_DECAL,decal_clutter,30,34,28,29,37.75,"[""C_LARGE_OBJECT_PAINT""]",True,C_LARGE_OBJECT_PAINT
pvg_fx_decal_garbagebag5_3_5fe52774,res://assets/tilesets/cyber_city_core_tilesets/CyberCity_Core_Tiles_2/CyberCity_Core_Tiles_2/GarbageBag5_3.png,GarbageBag5_3.png,FX_DECAL,decal_clutter,27,34,26,29,38.89,"[""C_LARGE_OBJECT_PAINT""]",True,C_LARGE_OBJECT_PAINT
pvg_fx_decal_garbagebag5_4_d5db03cd,res://assets/tilesets/cyber_city_core_tilesets/CyberCity_Core_Tiles_2/CyberCity_Core_Tiles_2/GarbageBag5_4.png,GarbageBag5_4.png,FX_DECAL,decal_clutter,30,30,28,26,36.89,"[""C_LARGE_OBJECT_PAINT""]",True,C_LARGE_OBJECT_PAINT
pvg_fx_decal_garbagebag5_5_953efb31,res://assets/tilesets/cyber_city_core_tilesets/CyberCity_Core_Tiles_2/CyberCity_Core_Tiles_2/GarbageBag5_5.png,GarbageBag5_5.png,FX_DECAL,decal_clutter,30,34,28,31,40.29,"[""C_LARGE_OBJECT_PAINT""]",True,C_LARGE_OBJECT_PAINT
pvg_fx_decal_garbagebag5_6_98d7dada,res://assets/tilesets/cyber_city_core_tilesets/CyberCity_Core_Tiles_2/CyberCity_Core_Tiles_2/GarbageBag5_6.png,GarbageBag5_6.png,FX_DECAL,decal_clutter,30,32,29,29,40.1,"[""C_LARGE_OBJECT_PAINT""]",True,C_LARGE_OBJECT_PAINT
pvg_fx_decal_garbagebag5_7_ca7ac91e,res://assets/tilesets/cyber_city_core_tilesets/CyberCity_Core_Tiles_2/CyberCity_Core_Tiles_2/GarbageBag5_7.png,GarbageBag5_7.png,FX_DECAL,decal_clutter,30,34,29,30,40.69,"[""C_LARGE_OBJECT_PAINT""]",True,C_LARGE_OBJECT_PAINT
pvg_fx_decal_garbagebag5_8_a5d3e65d,res://assets/tilesets/cyber_city_core_tilesets/CyberCity_Core_Tiles_2/CyberCity_Core_Tiles_2/GarbageBag5_8.png,GarbageBag5_8.png,FX_DECAL,decal_clutter,29,33,28,29,40.96,"[""C_LARGE_OBJECT_PAINT""]",True,C_LARGE_OBJECT_PAINT
pvg_fx_decal_garbagebag6_1_a4f887a5,res://assets/tilesets/cyber_city_core_tilesets/CyberCity_Core_Tiles_2/CyberCity_Core_Tiles_2/GarbageBag6_1.png,GarbageBag6_1.png,FX_DECAL,decal_clutter,28,31,27,27,38.59,"[""C_LARGE_OBJECT_PAINT""]",True,C_LARGE_OBJECT_PAINT
pvg_fx_decal_garbagebag6_2_b4403620,res://assets/tilesets/cyber_city_core_tilesets/CyberCity_Core_Tiles_2/CyberCity_Core_Tiles_2/GarbageBag6_2.png,GarbageBag6_2.png,FX_DECAL,decal_clutter,28,31,28,28,33.99,"[""C_LARGE_OBJECT_PAINT""]",True,C_LARGE_OBJECT_PAINT
pvg_fx_decal_garbagebag6_3_76faa361,res://assets/tilesets/cyber_city_core_tilesets/CyberCity_Core_Tiles_2/CyberCity_Core_Tiles_2/GarbageBag6_3.png,GarbageBag6_3.png,FX_DECAL,decal_clutter,28,34,26,31,39.08,"[""C_LARGE_OBJECT_PAINT""]",True,C_LARGE_OBJECT_PAINT
pvg_fx_decal_garbagebag6_4_04d25e0b,res://assets/tilesets/cyber_city_core_tilesets/CyberCity_Core_Tiles_2/CyberCity_Core_Tiles_2/GarbageBag6_4.png,GarbageBag6_4.png,FX_DECAL,decal_clutter,27,32,26,29,37.5,"[""C_LARGE_OBJECT_PAINT""]",True,C_LARGE_OBJECT_PAINT
pvg_fx_decal_garbagebag6_5_472b670f,res://assets/tilesets/cyber_city_core_tilesets/CyberCity_Core_Tiles_2/CyberCity_Core_Tiles_2/GarbageBag6_5.png,GarbageBag6_5.png,FX_DECAL,decal_clutter,31,30,30,26,39.14,"[""C_LARGE_OBJECT_PAINT""]",True,C_LARGE_OBJECT_PAINT
pvg_fx_decal_garbagebag6_6_fd81fbd0,res://assets/tilesets/cyber_city_core_tilesets/CyberCity_Core_Tiles_2/CyberCity_Core_Tiles_2/GarbageBag6_6.png,GarbageBag6_6.png,FX_DECAL,decal_clutter,29,31,28,28,40.27,"[""C_LARGE_OBJECT_PAINT""]",True,C_LARGE_OBJECT_PAINT
pvg_fx_decal_garbagebag6_7_397179fb,res://assets/tilesets/cyber_city_core_tilesets/CyberCity_Core_Tiles_2/CyberCity_Core_Tiles_2/GarbageBag6_7.png,GarbageBag6_7.png,FX_DECAL,decal_clutter,30,34,28,30,43.04,"[""C_LARGE_OBJECT_PAINT""]",True,C_LARGE_OBJECT_PAINT
pvg_fx_decal_garbagebag6_8_9b07960a,res://assets/tilesets/cyber_city_core_tilesets/CyberCity_Core_Tiles_2/CyberCity_Core_Tiles_2/GarbageBag6_8.png,GarbageBag6_8.png,FX_DECAL,decal_clutter,30,33,30,29,38.79,"[""C_LARGE_OBJECT_PAINT""]",True,C_LARGE_OBJECT_PAINT
pvg_fx_decal_garbagebin1_1_e74967c6,res://assets/tilesets/cyber_city_core_tilesets/CyberCity_Core_Tiles_2/CyberCity_Core_Tiles_2/GarbageBin1_1.png,GarbageBin1_1.png,FX_DECAL,decal_clutter,46,58,42,57,26.99,"[""C_LARGE_OBJECT_PAINT""]",True,C_LARGE_OBJECT_PAINT
pvg_fx_decal_garbagebin1_2_07274ea1,res://assets/tilesets/cyber_city_core_tilesets/CyberCity_Core_Tiles_2/CyberCity_Core_Tiles_2/GarbageBin1_2.png,GarbageBin1_2.png,FX_DECAL,decal_clutter,67,57,65,53,28.96,"[""C_LARGE_OBJECT_PAINT""]",True,C_LARGE_OBJECT_PAINT
pvg_fx_decal_garbagebin1_3_f59eedd4,res://assets/tilesets/cyber_city_core_tilesets/CyberCity_Core_Tiles_2/CyberCity_Core_Tiles_2/GarbageBin1_3.png,GarbageBin1_3.png,FX_DECAL,decal_clutter,46,72,42,66,28.14,"[""C_LARGE_OBJECT_PAINT""]",True,C_LARGE_OBJECT_PAINT
pvg_fx_decal_garbagebin1_4_efd69594,res://assets/tilesets/cyber_city_core_tilesets/CyberCity_Core_Tiles_2/CyberCity_Core_Tiles_2/GarbageBin1_4.png,GarbageBin1_4.png,FX_DECAL,decal_clutter,65,57,59,53,32.23,"[""C_LARGE_OBJECT_PAINT""]",True,C_LARGE_OBJECT_PAINT
pvg_fx_decal_garbagebin1_5_b727c923,res://assets/tilesets/cyber_city_core_tilesets/CyberCity_Core_Tiles_2/CyberCity_Core_Tiles_2/GarbageBin1_5.png,GarbageBin1_5.png,FX_DECAL,decal_clutter,67,62,66,61,46.53,"[""C_LARGE_OBJECT_PAINT""]",True,C_LARGE_OBJECT_PAINT
pvg_fx_decal_garbagebin1_6_764d54bf,res://assets/tilesets/cyber_city_core_tilesets/CyberCity_Core_Tiles_2/CyberCity_Core_Tiles_2/GarbageBin1_6.png,GarbageBin1_6.png,FX_DECAL,decal_clutter,67,63,60,62,46.79,"[""C_LARGE_OBJECT_PAINT""]",True,C_LARGE_OBJECT_PAINT
pvg_fx_decal_garbagebin1_7_351ac269,res://assets/tilesets/cyber_city_core_tilesets/CyberCity_Core_Tiles_2/CyberCity_Core_Tiles_2/GarbageBin1_7.png,GarbageBin1_7.png,FX_DECAL,decal_clutter,67,67,65,66,39.63,"[""C_LARGE_OBJECT_PAINT""]",True,C_LARGE_OBJECT_PAINT
pvg_fx_decal_garbagebin1_8_aba9e596,res://assets/tilesets/cyber_city_core_tilesets/CyberCity_Core_Tiles_2/CyberCity_Core_Tiles_2/GarbageBin1_8.png,GarbageBin1_8.png,FX_DECAL,decal_clutter,66,70,61,65,43.85,"[""C_LARGE_OBJECT_PAINT""]",True,C_LARGE_OBJECT_PAINT
pvg_fx_decal_garbagecan1_1_d4066623,res://assets/tilesets/cyber_city_core_tilesets/CyberCity_Core_Tiles_2/CyberCity_Core_Tiles_2/GarbageCan1_1.png,GarbageCan1_1.png,FX_DECAL,decal_clutter,48,57,44,54,36.33,"[""C_LARGE_OBJECT_PAINT""]",True,C_LARGE_OBJECT_PAINT
pvg_fx_decal_garbagecan1_2_5e836133,res://assets/tilesets/cyber_city_core_tilesets/CyberCity_Core_Tiles_2/CyberCity_Core_Tiles_2/GarbageCan1_2.png,GarbageCan1_2.png,FX_DECAL,decal_clutter,46,57,43,55,34.52,"[""C_LARGE_OBJECT_PAINT""]",True,C_LARGE_OBJECT_PAINT
pvg_fx_decal_garbagecan1_3_b9d48a6e,res://assets/tilesets/cyber_city_core_tilesets/CyberCity_Core_Tiles_2/CyberCity_Core_Tiles_2/GarbageCan1_3.png,GarbageCan1_3.png,FX_DECAL,decal_clutter,47,56,44,54,33.62,"[""C_LARGE_OBJECT_PAINT""]",True,C_LARGE_OBJECT_PAINT
pvg_fx_decal_garbagecan1_4_19ad9439,res://assets/tilesets/cyber_city_core_tilesets/CyberCity_Core_Tiles_2/CyberCity_Core_Tiles_2/GarbageCan1_4.png,GarbageCan1_4.png,FX_DECAL,decal_clutter,45,58,43,55,33.95,"[""C_LARGE_OBJECT_PAINT""]",True,C_LARGE_OBJECT_PAINT
pvg_fx_decal_garbagecan1_5_6943dc06,res://assets/tilesets/cyber_city_core_tilesets/CyberCity_Core_Tiles_2/CyberCity_Core_Tiles_2/GarbageCan1_5.png,GarbageCan1_5.png,FX_DECAL,decal_clutter,47,57,43,55,35.76,"[""C_LARGE_OBJECT_PAINT""]",True,C_LARGE_OBJECT_PAINT
pvg_fx_decal_garbagecan1_6_c2c3e70f,res://assets/tilesets/cyber_city_core_tilesets/CyberCity_Core_Tiles_2/CyberCity_Core_Tiles_2/GarbageCan1_6.png,GarbageCan1_6.png,FX_DECAL,decal_clutter,45,57,43,55,32.44,"[""C_LARGE_OBJECT_PAINT""]",True,C_LARGE_OBJECT_PAINT
pvg_fx_decal_garbagecan1_7_a0464f55,res://assets/tilesets/cyber_city_core_tilesets/CyberCity_Core_Tiles_2/CyberCity_Core_Tiles_2/GarbageCan1_7.png,GarbageCan1_7.png,FX_DECAL,decal_clutter,46,56,43,55,32.73,"[""C_LARGE_OBJECT_PAINT""]",True,C_LARGE_OBJECT_PAINT
pvg_fx_decal_garbagecan1_8_2ec30bd9,res://assets/tilesets/cyber_city_core_tilesets/CyberCity_Core_Tiles_2/CyberCity_Core_Tiles_2/GarbageCan1_8.png,GarbageCan1_8.png,FX_DECAL,decal_clutter,47,56,43,55,34.76,"[""C_LARGE_OBJECT_PAINT""]",True,C_LARGE_OBJECT_PAINT
pvg_fx_decal_garbagecan2_1_a7873407,res://assets/tilesets/cyber_city_core_tilesets/CyberCity_Core_Tiles_2/CyberCity_Core_Tiles_2/GarbageCan2_1.png,GarbageCan2_1.png,FX_DECAL,decal_clutter,47,66,44,64,33.11,"[""C_LARGE_OBJECT_PAINT""]",True,C_LARGE_OBJECT_PAINT
pvg_fx_decal_garbagecan2_2_ddb8b5f4,res://assets/tilesets/cyber_city_core_tilesets/CyberCity_Core_Tiles_2/CyberCity_Core_Tiles_2/GarbageCan2_2.png,GarbageCan2_2.png,FX_DECAL,decal_clutter,47,66,43,64,33.78,"[""C_LARGE_OBJECT_PAINT""]",True,C_LARGE_OBJECT_PAINT
pvg_fx_decal_garbagecan2_3_50ac84b9,res://assets/tilesets/cyber_city_core_tilesets/CyberCity_Core_Tiles_2/CyberCity_Core_Tiles_2/GarbageCan2_3.png,GarbageCan2_3.png,FX_DECAL,decal_clutter,46,66,43,64,32.21,"[""C_LARGE_OBJECT_PAINT""]",True,C_LARGE_OBJECT_PAINT
pvg_fx_decal_garbagecan2_4_9c71941b,res://assets/tilesets/cyber_city_core_tilesets/CyberCity_Core_Tiles_2/CyberCity_Core_Tiles_2/GarbageCan2_4.png,GarbageCan2_4.png,FX_DECAL,decal_clutter,48,68,44,64,36.58,"[""C_LARGE_OBJECT_PAINT""]",True,C_LARGE_OBJECT_PAINT
pvg_fx_decal_garbagecan2_5_4470f562,res://assets/tilesets/cyber_city_core_tilesets/CyberCity_Core_Tiles_2/CyberCity_Core_Tiles_2/GarbageCan2_5.png,GarbageCan2_5.png,FX_DECAL,decal_clutter,48,65,44,65,33.27,"[""C_LARGE_OBJECT_PAINT""]",True,C_LARGE_OBJECT_PAINT
pvg_fx_decal_garbagecan2_6_cd47b489,res://assets/tilesets/cyber_city_core_tilesets/CyberCity_Core_Tiles_2/CyberCity_Core_Tiles_2/GarbageCan2_6.png,GarbageCan2_6.png,FX_DECAL,decal_clutter,46,68,44,64,33.28,"[""C_LARGE_OBJECT_PAINT""]",True,C_LARGE_OBJECT_PAINT
pvg_fx_decal_garbagecan2_7_c9461fdd,res://assets/tilesets/cyber_city_core_tilesets/CyberCity_Core_Tiles_2/CyberCity_Core_Tiles_2/GarbageCan2_7.png,GarbageCan2_7.png,FX_DECAL,decal_clutter,47,67,44,64,33.44,"[""C_LARGE_OBJECT_PAINT""]",True,C_LARGE_OBJECT_PAINT
pvg_fx_decal_garbagecan2_8_b5fc3731,res://assets/tilesets/cyber_city_core_tilesets/CyberCity_Core_Tiles_2/CyberCity_Core_Tiles_2/GarbageCan2_8.png,GarbageCan2_8.png,FX_DECAL,decal_clutter,48,66,44,64,34.15,"[""C_LARGE_OBJECT_PAINT""]",True,C_LARGE_OBJECT_PAINT
pvg_fx_decal_garbagepile1_1_3fb3ca37,res://assets/tilesets/cyber_city_core_tilesets/CyberCity_Core_Tiles_2/CyberCity_Core_Tiles_2/GarbagePile1_1.png,GarbagePile1_1.png,FX_DECAL,decal_clutter,148,150,146,148,47.61,"[""C_LARGE_OBJECT_PAINT""]",True,C_LARGE_OBJECT_PAINT
pvg_fx_decal_garbagepile1_2_a7109906,res://assets/tilesets/cyber_city_core_tilesets/CyberCity_Core_Tiles_2/CyberCity_Core_Tiles_2/GarbagePile1_2.png,GarbagePile1_2.png,FX_DECAL,decal_clutter,194,151,192,147,49.19,"[""C_LARGE_OBJECT_PAINT""]",True,C_LARGE_OBJECT_PAINT
pvg_fx_decal_garbagepile1_3_023ac2fe,res://assets/tilesets/cyber_city_core_tilesets/CyberCity_Core_Tiles_2/CyberCity_Core_Tiles_2/GarbagePile1_3.png,GarbagePile1_3.png,FX_DECAL,decal_clutter,145,160,143,155,35.55,"[""C_LARGE_OBJECT_PAINT""]",True,C_LARGE_OBJECT_PAINT
pvg_fx_decal_garbagepile1_4_e1dcf690,res://assets/tilesets/cyber_city_core_tilesets/CyberCity_Core_Tiles_2/CyberCity_Core_Tiles_2/GarbagePile1_4.png,GarbagePile1_4.png,FX_DECAL,decal_clutter,191,146,189,145,50.82,"[""C_LARGE_OBJECT_PAINT""]",True,C_LARGE_OBJECT_PAINT
pvg_fx_decal_garbagepile1_5_b03f14e1,res://assets/tilesets/cyber_city_core_tilesets/CyberCity_Core_Tiles_2/CyberCity_Core_Tiles_2/GarbagePile1_5.png,GarbagePile1_5.png,FX_DECAL,decal_clutter,158,163,155,161,48.23,"[""C_LARGE_OBJECT_PAINT""]",True,C_LARGE_OBJECT_PAINT
pvg_fx_decal_garbagepile1_6_339e4086,res://assets/tilesets/cyber_city_core_tilesets/CyberCity_Core_Tiles_2/CyberCity_Core_Tiles_2/GarbagePile1_6.png,GarbagePile1_6.png,FX_DECAL,decal_clutter,202,127,200,125,46.46,"[""C_LARGE_OBJECT_PAINT""]",True,C_LARGE_OBJECT_PAINT
pvg_fx_decal_garbagepile1_7_1fcd2754,res://assets/tilesets/cyber_city_core_tilesets/CyberCity_Core_Tiles_2/CyberCity_Core_Tiles_2/GarbagePile1_7.png,GarbagePile1_7.png,FX_DECAL,decal_clutter,202,155,199,153,49.41,"[""C_LARGE_OBJECT_PAINT""]",True,C_LARGE_OBJECT_PAINT
pvg_fx_decal_garbagepile1_8_d0d17c8e,res://assets/tilesets/cyber_city_core_tilesets/CyberCity_Core_Tiles_2/CyberCity_Core_Tiles_2/GarbagePile1_8.png,GarbagePile1_8.png,FX_DECAL,decal_clutter,140,163,138,162,36.84,"[""C_LARGE_OBJECT_PAINT""]",True,C_LARGE_OBJECT_PAINT
pvg_door_window_glass1_1_08b9fe49,res://assets/tilesets/cyber_city_core_tilesets/CyberCity_Core_Tiles_2/CyberCity_Core_Tiles_2/Glass1_1.png,Glass1_1.png,DOOR_WINDOW,door_window,8,9,7,8,44.44,"[""B_HIGH_VALUE_PAINT""]",True,B_HIGH_VALUE_PAINT
pvg_tileset_atlas_ground_decal_cybercitycore_1_c2b8e8d2,res://assets/tilesets/cyber_city_core_tilesets/CyberCity_Core_Tiles_2/CyberCity_Core_Tiles_2/Ground_Decal_CyberCityCore_1.png,Ground_Decal_CyberCityCore_1.png,TILESET_ATLAS,atlas_or_large_sheet,512,512,490,495,23.06,"[""A_PRIMARY_ATLAS"", ""B_HIGH_VALUE_PAINT""]",True,"A_PRIMARY_ATLAS, B_HIGH_VALUE_PAINT"
pvg_tileset_atlas_ground_decal_cybercitycore_2_06d7974c,res://assets/tilesets/cyber_city_core_tilesets/CyberCity_Core_Tiles_2/CyberCity_Core_Tiles_2/Ground_Decal_CyberCityCore_2.png,Ground_Decal_CyberCityCore_2.png,TILESET_ATLAS,atlas_or_large_sheet,512,512,486,497,32.38,"[""A_PRIMARY_ATLAS"", ""B_HIGH_VALUE_PAINT""]",True,"A_PRIMARY_ATLAS, B_HIGH_VALUE_PAINT"
pvg_tileset_atlas_ground_decal_cybercitycore_3_50463445,res://assets/tilesets/cyber_city_core_tilesets/CyberCity_Core_Tiles_2/CyberCity_Core_Tiles_2/Ground_Decal_CyberCityCore_3.png,Ground_Decal_CyberCityCore_3.png,TILESET_ATLAS,atlas_or_large_sheet,512,512,464,459,35.05,"[""A_PRIMARY_ATLAS"", ""B_HIGH_VALUE_PAINT""]",True,"A_PRIMARY_ATLAS, B_HIGH_VALUE_PAINT"
pvg_tileset_atlas_ground_decal_cybercitycore_4_057a6170,res://assets/tilesets/cyber_city_core_tilesets/CyberCity_Core_Tiles_2/CyberCity_Core_Tiles_2/Ground_Decal_CyberCityCore_4.png,Ground_Decal_CyberCityCore_4.png,TILESET_ATLAS,atlas_or_large_sheet,512,512,462,463,30.63,"[""A_PRIMARY_ATLAS"", ""B_HIGH_VALUE_PAINT""]",True,"A_PRIMARY_ATLAS, B_HIGH_VALUE_PAINT"
pvg_tileset_atlas_ground_decal_cybercitycore_5_173d2cea,res://assets/tilesets/cyber_city_core_tilesets/CyberCity_Core_Tiles_2/CyberCity_Core_Tiles_2/Ground_Decal_CyberCityCore_5.png,Ground_Decal_CyberCityCore_5.png,TILESET_ATLAS,atlas_or_large_sheet,512,512,490,487,23.49,"[""A_PRIMARY_ATLAS"", ""B_HIGH_VALUE_PAINT""]",True,"A_PRIMARY_ATLAS, B_HIGH_VALUE_PAINT"
pvg_tileset_atlas_ground_decal_cybercitycore_6_3f74977b,res://assets/tilesets/cyber_city_core_tilesets/CyberCity_Core_Tiles_2/CyberCity_Core_Tiles_2/Ground_Decal_CyberCityCore_6.png,Ground_Decal_CyberCityCore_6.png,TILESET_ATLAS,atlas_or_large_sheet,512,512,484,485,28.75,"[""A_PRIMARY_ATLAS"", ""B_HIGH_VALUE_PAINT""]",True,"A_PRIMARY_ATLAS, B_HIGH_VALUE_PAINT"
pvg_tileset_atlas_ground_decal_cybercitycore_7_077c8bf2,res://assets/tilesets/cyber_city_core_tilesets/CyberCity_Core_Tiles_2/CyberCity_Core_Tiles_2/Ground_Decal_CyberCityCore_7.png,Ground_Decal_CyberCityCore_7.png,TILESET_ATLAS,atlas_or_large_sheet,512,512,481,491,26.55,"[""A_PRIMARY_ATLAS"", ""B_HIGH_VALUE_PAINT""]",True,"A_PRIMARY_ATLAS, B_HIGH_VALUE_PAINT"
pvg_tileset_atlas_ground_decal_cybercitycore_8_03dd9c60,res://assets/tilesets/cyber_city_core_tilesets/CyberCity_Core_Tiles_2/CyberCity_Core_Tiles_2/Ground_Decal_CyberCityCore_8.png,Ground_Decal_CyberCityCore_8.png,TILESET_ATLAS,atlas_or_large_sheet,512,512,476,474,32.52,"[""A_PRIMARY_ATLAS"", ""B_HIGH_VALUE_PAINT""]",True,"A_PRIMARY_ATLAS, B_HIGH_VALUE_PAINT"
pvg_tileset_atlas_ground_decal_cybercitycore_9_beeedf20,res://assets/tilesets/cyber_city_core_tilesets/CyberCity_Core_Tiles_2/CyberCity_Core_Tiles_2/Ground_Decal_CyberCityCore_9.png,Ground_Decal_CyberCityCore_9.png,TILESET_ATLAS,atlas_or_large_sheet,512,512,479,474,30.35,"[""A_PRIMARY_ATLAS"", ""B_HIGH_VALUE_PAINT""]",True,"A_PRIMARY_ATLAS, B_HIGH_VALUE_PAINT"
pvg_tileset_atlas_ground_largestreetchunk1_1_2ef24295,res://assets/tilesets/cyber_city_core_tilesets/CyberCity_Core_Tiles_2/CyberCity_Core_Tiles_2/Ground_LargeStreetChunk1_1.png,Ground_LargeStreetChunk1_1.png,TILESET_ATLAS,atlas_or_large_sheet,3404,1715,3393,1704,1.2,"[""A_PRIMARY_ATLAS"", ""B_HIGH_VALUE_PAINT""]",True,"A_PRIMARY_ATLAS, B_HIGH_VALUE_PAINT"
pvg_tileset_atlas_ground_largestreetchunk1_2_79353a10,res://assets/tilesets/cyber_city_core_tilesets/CyberCity_Core_Tiles_2/CyberCity_Core_Tiles_2/Ground_LargeStreetChunk1_2.png,Ground_LargeStreetChunk1_2.png,TILESET_ATLAS,atlas_or_large_sheet,2412,2412,2402,2401,1.12,"[""A_PRIMARY_ATLAS"", ""B_HIGH_VALUE_PAINT""]",True,"A_PRIMARY_ATLAS, B_HIGH_VALUE_PAINT"
pvg_tileset_atlas_ground_largestreetchunk1_3_5d9d3c37,res://assets/tilesets/cyber_city_core_tilesets/CyberCity_Core_Tiles_2/CyberCity_Core_Tiles_2/Ground_LargeStreetChunk1_3.png,Ground_LargeStreetChunk1_3.png,TILESET_ATLAS,atlas_or_large_sheet,3404,1716,3393,1704,1.38,"[""A_PRIMARY_ATLAS"", ""B_HIGH_VALUE_PAINT""]",True,"A_PRIMARY_ATLAS, B_HIGH_VALUE_PAINT"
pvg_tileset_atlas_ground_largestreetchunk1_4_17f23843,res://assets/tilesets/cyber_city_core_tilesets/CyberCity_Core_Tiles_2/CyberCity_Core_Tiles_2/Ground_LargeStreetChunk1_4.png,Ground_LargeStreetChunk1_4.png,TILESET_ATLAS,atlas_or_large_sheet,2412,2412,2401,2400,1.09,"[""A_PRIMARY_ATLAS"", ""B_HIGH_VALUE_PAINT""]",True,"A_PRIMARY_ATLAS, B_HIGH_VALUE_PAINT"
pvg_tileset_atlas_ground_largestreetchunk1_5_2d29acff,res://assets/tilesets/cyber_city_core_tilesets/CyberCity_Core_Tiles_2/CyberCity_Core_Tiles_2/Ground_LargeStreetChunk1_5.png,Ground_LargeStreetChunk1_5.png,TILESET_ATLAS,atlas_or_large_sheet,4100,2903,4095,2897,51.57,"[""A_PRIMARY_ATLAS"", ""B_HIGH_VALUE_PAINT""]",True,"A_PRIMARY_ATLAS, B_HIGH_VALUE_PAINT"
pvg_tileset_atlas_ground_largestreetchunk1_6_52f546b8,res://assets/tilesets/cyber_city_core_tilesets/CyberCity_Core_Tiles_2/CyberCity_Core_Tiles_2/Ground_LargeStreetChunk1_6.png,Ground_LargeStreetChunk1_6.png,TILESET_ATLAS,atlas_or_large_sheet,4100,2905,4096,2897,51.61,"[""A_PRIMARY_ATLAS"", ""B_HIGH_VALUE_PAINT""]",True,"A_PRIMARY_ATLAS, B_HIGH_VALUE_PAINT"
pvg_tileset_atlas_ground_largestreetchunk1_7_8dafeee3,res://assets/tilesets/cyber_city_core_tilesets/CyberCity_Core_Tiles_2/CyberCity_Core_Tiles_2/Ground_LargeStreetChunk1_7.png,Ground_LargeStreetChunk1_7.png,TILESET_ATLAS,atlas_or_large_sheet,4098,2904,4095,2897,51.63,"[""A_PRIMARY_ATLAS"", ""B_HIGH_VALUE_PAINT""]",True,"A_PRIMARY_ATLAS, B_HIGH_VALUE_PAINT"
pvg_tileset_atlas_ground_largestreetchunk1_8_b9fb2e93,res://assets/tilesets/cyber_city_core_tilesets/CyberCity_Core_Tiles_2/CyberCity_Core_Tiles_2/Ground_LargeStreetChunk1_8.png,Ground_LargeStreetChunk1_8.png,TILESET_ATLAS,atlas_or_large_sheet,4097,2904,4095,2897,51.61,"[""A_PRIMARY_ATLAS"", ""B_HIGH_VALUE_PAINT""]",True,"A_PRIMARY_ATLAS, B_HIGH_VALUE_PAINT"
pvg_tileset_atlas_ground_tile_cybercitycore_1_89baf8ab,res://assets/tilesets/cyber_city_core_tilesets/CyberCity_Core_Tiles_2/CyberCity_Core_Tiles_2/Ground_Tile_CyberCityCore_1.png,Ground_Tile_CyberCityCore_1.png,TILESET_ATLAS,atlas_or_large_sheet,512,512,512,512,0.0,"[""A_PRIMARY_ATLAS"", ""B_HIGH_VALUE_PAINT""]",True,"A_PRIMARY_ATLAS, B_HIGH_VALUE_PAINT"
pvg_tileset_atlas_ground_tile_cybercitycore_2_d06942e6,res://assets/tilesets/cyber_city_core_tilesets/CyberCity_Core_Tiles_2/CyberCity_Core_Tiles_2/Ground_Tile_CyberCityCore_2.png,Ground_Tile_CyberCityCore_2.png,TILESET_ATLAS,atlas_or_large_sheet,512,512,512,512,0.0,"[""A_PRIMARY_ATLAS"", ""B_HIGH_VALUE_PAINT""]",True,"A_PRIMARY_ATLAS, B_HIGH_VALUE_PAINT"
pvg_tileset_atlas_ground_tile_cybercitycore_3_bcc0d928,res://assets/tilesets/cyber_city_core_tilesets/CyberCity_Core_Tiles_2/CyberCity_Core_Tiles_2/Ground_Tile_CyberCityCore_3.png,Ground_Tile_CyberCityCore_3.png,TILESET_ATLAS,atlas_or_large_sheet,512,512,512,512,0.0,"[""A_PRIMARY_ATLAS"", ""B_HIGH_VALUE_PAINT""]",True,"A_PRIMARY_ATLAS, B_HIGH_VALUE_PAINT"
pvg_tileset_atlas_ground_tile_cybercitycore_4_5593c9a9,res://assets/tilesets/cyber_city_core_tilesets/CyberCity_Core_Tiles_2/CyberCity_Core_Tiles_2/Ground_Tile_CyberCityCore_4.png,Ground_Tile_CyberCityCore_4.png,TILESET_ATLAS,atlas_or_large_sheet,512,512,512,512,0.0,"[""A_PRIMARY_ATLAS"", ""B_HIGH_VALUE_PAINT""]",True,"A_PRIMARY_ATLAS, B_HIGH_VALUE_PAINT"
pvg_tileset_atlas_ground_tile_cybercitycore_5_ccfad468,res://assets/tilesets/cyber_city_core_tilesets/CyberCity_Core_Tiles_2/CyberCity_Core_Tiles_2/Ground_Tile_CyberCityCore_5.png,Ground_Tile_CyberCityCore_5.png,TILESET_ATLAS,atlas_or_large_sheet,512,512,512,512,0.0,"[""A_PRIMARY_ATLAS"", ""B_HIGH_VALUE_PAINT""]",True,"A_PRIMARY_ATLAS, B_HIGH_VALUE_PAINT"
pvg_tileset_atlas_ground_tile_cybercitycore_6_94baa2d3,res://assets/tilesets/cyber_city_core_tilesets/CyberCity_Core_Tiles_2/CyberCity_Core_Tiles_2/Ground_Tile_CyberCityCore_6.png,Ground_Tile_CyberCityCore_6.png,TILESET_ATLAS,atlas_or_large_sheet,512,512,512,512,0.0,"[""A_PRIMARY_ATLAS"", ""B_HIGH_VALUE_PAINT""]",True,"A_PRIMARY_ATLAS, B_HIGH_VALUE_PAINT"
pvg_tileset_atlas_ground_tile_cybercitycore_7_edba4711,res://assets/tilesets/cyber_city_core_tilesets/CyberCity_Core_Tiles_2/CyberCity_Core_Tiles_2/Ground_Tile_CyberCityCore_7.png,Ground_Tile_CyberCityCore_7.png,TILESET_ATLAS,atlas_or_large_sheet,512,512,512,512,0.0,"[""A_PRIMARY_ATLAS"", ""B_HIGH_VALUE_PAINT""]",True,"A_PRIMARY_ATLAS, B_HIGH_VALUE_PAINT"
pvg_tileset_atlas_ground_tile_cybercitycore_8_778f030d,res://assets/tilesets/cyber_city_core_tilesets/CyberCity_Core_Tiles_2/CyberCity_Core_Tiles_2/Ground_Tile_CyberCityCore_8.png,Ground_Tile_CyberCityCore_8.png,TILESET_ATLAS,atlas_or_large_sheet,512,512,512,512,0.0,"[""A_PRIMARY_ATLAS"", ""B_HIGH_VALUE_PAINT""]",True,"A_PRIMARY_ATLAS, B_HIGH_VALUE_PAINT"
pvg_tileset_atlas_ground_tile_cybercitycore_9_27063481,res://assets/tilesets/cyber_city_core_tilesets/CyberCity_Core_Tiles_2/CyberCity_Core_Tiles_2/Ground_Tile_CyberCityCore_9.png,Ground_Tile_CyberCityCore_9.png,TILESET_ATLAS,atlas_or_large_sheet,512,512,512,512,0.0,"[""A_PRIMARY_ATLAS"", ""B_HIGH_VALUE_PAINT""]",True,"A_PRIMARY_ATLAS, B_HIGH_VALUE_PAINT"
pvg_unknown_review_hologrampedestal1_1_bfaaf2c7,res://assets/tilesets/cyber_city_core_tilesets/CyberCity_Core_Tiles_2/CyberCity_Core_Tiles_2/HologramPedestal1_1.png,HologramPedestal1_1.png,UNKNOWN_REVIEW,review,231,173,229,170,23.54,"[""B_HIGH_VALUE_PAINT""]",True,B_HIGH_VALUE_PAINT
pvg_floor_patch_interior_floor10_1_7f00114f,res://assets/tilesets/cyber_city_core_tilesets/CyberCity_Core_Tiles_2/CyberCity_Core_Tiles_2/Interior_Floor10_1.png,Interior_Floor10_1.png,FLOOR_PATCH,floor_patch_or_mat,322,233,312,222,7.68,"[""B_HIGH_VALUE_PAINT""]",True,B_HIGH_VALUE_PAINT
pvg_floor_patch_interior_floor10_2_f5b01d3e,res://assets/tilesets/cyber_city_core_tilesets/CyberCity_Core_Tiles_2/CyberCity_Core_Tiles_2/Interior_Floor10_2.png,Interior_Floor10_2.png,FLOOR_PATCH,floor_patch_or_mat,321,231,313,222,6.3,"[""B_HIGH_VALUE_PAINT""]",True,B_HIGH_VALUE_PAINT
pvg_floor_patch_interior_floor10_3_42582756,res://assets/tilesets/cyber_city_core_tilesets/CyberCity_Core_Tiles_2/CyberCity_Core_Tiles_2/Interior_Floor10_3.png,Interior_Floor10_3.png,FLOOR_PATCH,floor_patch_or_mat,442,314,441,313,49.92,"[""B_HIGH_VALUE_PAINT""]",True,B_HIGH_VALUE_PAINT
pvg_floor_patch_interior_floor10_4_90736966,res://assets/tilesets/cyber_city_core_tilesets/CyberCity_Core_Tiles_2/CyberCity_Core_Tiles_2/Interior_Floor10_4.png,Interior_Floor10_4.png,FLOOR_PATCH,floor_patch_or_mat,442,314,440,313,49.92,"[""B_HIGH_VALUE_PAINT""]",True,B_HIGH_VALUE_PAINT
pvg_floor_patch_interior_floor11_1_8cd15e1a,res://assets/tilesets/cyber_city_core_tilesets/CyberCity_Core_Tiles_2/CyberCity_Core_Tiles_2/Interior_Floor11_1.png,Interior_Floor11_1.png,FLOOR_PATCH,floor_patch_or_mat,322,233,312,222,7.68,"[""B_HIGH_VALUE_PAINT""]",True,B_HIGH_VALUE_PAINT
pvg_floor_patch_interior_floor11_2_bbcce079,res://assets/tilesets/cyber_city_core_tilesets/CyberCity_Core_Tiles_2/CyberCity_Core_Tiles_2/Interior_Floor11_2.png,Interior_Floor11_2.png,FLOOR_PATCH,floor_patch_or_mat,321,231,313,222,6.3,"[""B_HIGH_VALUE_PAINT""]",True,B_HIGH_VALUE_PAINT
pvg_floor_patch_interior_floor11_3_2ad0e2f9,res://assets/tilesets/cyber_city_core_tilesets/CyberCity_Core_Tiles_2/CyberCity_Core_Tiles_2/Interior_Floor11_3.png,Interior_Floor11_3.png,FLOOR_PATCH,floor_patch_or_mat,442,314,441,313,49.92,"[""B_HIGH_VALUE_PAINT""]",True,B_HIGH_VALUE_PAINT
pvg_floor_patch_interior_floor11_4_658a479a,res://assets/tilesets/cyber_city_core_tilesets/CyberCity_Core_Tiles_2/CyberCity_Core_Tiles_2/Interior_Floor11_4.png,Interior_Floor11_4.png,FLOOR_PATCH,floor_patch_or_mat,442,314,440,313,49.92,"[""B_HIGH_VALUE_PAINT""]",True,B_HIGH_VALUE_PAINT
pvg_floor_patch_interior_floor1_1_9275c849,res://assets/tilesets/cyber_city_core_tilesets/CyberCity_Core_Tiles_2/CyberCity_Core_Tiles_2/Interior_Floor1_1.png,Interior_Floor1_1.png,FLOOR_PATCH,floor_patch_or_mat,322,233,312,223,7.31,"[""B_HIGH_VALUE_PAINT""]",True,B_HIGH_VALUE_PAINT
pvg_floor_patch_interior_floor1_2_4eb43657,res://assets/tilesets/cyber_city_core_tilesets/CyberCity_Core_Tiles_2/CyberCity_Core_Tiles_2/Interior_Floor1_2.png,Interior_Floor1_2.png,FLOOR_PATCH,floor_patch_or_mat,321,233,313,222,7.1,"[""B_HIGH_VALUE_PAINT""]",True,B_HIGH_VALUE_PAINT
pvg_floor_patch_interior_floor1_3_9fec593c,res://assets/tilesets/cyber_city_core_tilesets/CyberCity_Core_Tiles_2/CyberCity_Core_Tiles_2/Interior_Floor1_3.png,Interior_Floor1_3.png,FLOOR_PATCH,floor_patch_or_mat,443,314,441,313,49.83,"[""B_HIGH_VALUE_PAINT""]",True,B_HIGH_VALUE_PAINT
pvg_floor_patch_interior_floor1_4_41fde01f,res://assets/tilesets/cyber_city_core_tilesets/CyberCity_Core_Tiles_2/CyberCity_Core_Tiles_2/Interior_Floor1_4.png,Interior_Floor1_4.png,FLOOR_PATCH,floor_patch_or_mat,442,315,442,313,49.87,"[""B_HIGH_VALUE_PAINT""]",True,B_HIGH_VALUE_PAINT
pvg_floor_patch_interior_floor22_1_8571c8e3,res://assets/tilesets/cyber_city_core_tilesets/CyberCity_Core_Tiles_2/CyberCity_Core_Tiles_2/Interior_Floor22_1.png,Interior_Floor22_1.png,FLOOR_PATCH,floor_patch_or_mat,322,233,312,222,7.68,"[""B_HIGH_VALUE_PAINT""]",True,B_HIGH_VALUE_PAINT
pvg_floor_patch_interior_floor22_2_3056c13d,res://assets/tilesets/cyber_city_core_tilesets/CyberCity_Core_Tiles_2/CyberCity_Core_Tiles_2/Interior_Floor22_2.png,Interior_Floor22_2.png,FLOOR_PATCH,floor_patch_or_mat,321,231,313,222,6.3,"[""B_HIGH_VALUE_PAINT""]",True,B_HIGH_VALUE_PAINT
pvg_floor_patch_interior_floor22_3_87f3a996,res://assets/tilesets/cyber_city_core_tilesets/CyberCity_Core_Tiles_2/CyberCity_Core_Tiles_2/Interior_Floor22_3.png,Interior_Floor22_3.png,FLOOR_PATCH,floor_patch_or_mat,442,314,441,313,49.92,"[""B_HIGH_VALUE_PAINT""]",True,B_HIGH_VALUE_PAINT
pvg_floor_patch_interior_floor22_4_e62aa773,res://assets/tilesets/cyber_city_core_tilesets/CyberCity_Core_Tiles_2/CyberCity_Core_Tiles_2/Interior_Floor22_4.png,Interior_Floor22_4.png,FLOOR_PATCH,floor_patch_or_mat,442,314,440,313,49.92,"[""B_HIGH_VALUE_PAINT""]",True,B_HIGH_VALUE_PAINT
pvg_floor_patch_interior_floor23_1_6da46e2e,res://assets/tilesets/cyber_city_core_tilesets/CyberCity_Core_Tiles_2/CyberCity_Core_Tiles_2/Interior_Floor23_1.png,Interior_Floor23_1.png,FLOOR_PATCH,floor_patch_or_mat,322,233,312,222,7.68,"[""B_HIGH_VALUE_PAINT""]",True,B_HIGH_VALUE_PAINT
pvg_floor_patch_interior_floor23_2_db20130c,res://assets/tilesets/cyber_city_core_tilesets/CyberCity_Core_Tiles_2/CyberCity_Core_Tiles_2/Interior_Floor23_2.png,Interior_Floor23_2.png,FLOOR_PATCH,floor_patch_or_mat,321,231,313,222,6.3,"[""B_HIGH_VALUE_PAINT""]",True,B_HIGH_VALUE_PAINT
pvg_floor_patch_interior_floor23_3_ba10d143,res://assets/tilesets/cyber_city_core_tilesets/CyberCity_Core_Tiles_2/CyberCity_Core_Tiles_2/Interior_Floor23_3.png,Interior_Floor23_3.png,FLOOR_PATCH,floor_patch_or_mat,442,314,441,313,49.92,"[""B_HIGH_VALUE_PAINT""]",True,B_HIGH_VALUE_PAINT
pvg_floor_patch_interior_floor23_4_457eafcd,res://assets/tilesets/cyber_city_core_tilesets/CyberCity_Core_Tiles_2/CyberCity_Core_Tiles_2/Interior_Floor23_4.png,Interior_Floor23_4.png,FLOOR_PATCH,floor_patch_or_mat,442,314,440,313,49.92,"[""B_HIGH_VALUE_PAINT""]",True,B_HIGH_VALUE_PAINT
pvg_floor_patch_interior_floor24_1_be3c3aa3,res://assets/tilesets/cyber_city_core_tilesets/CyberCity_Core_Tiles_2/CyberCity_Core_Tiles_2/Interior_Floor24_1.png,Interior_Floor24_1.png,FLOOR_PATCH,floor_patch_or_mat,322,233,312,222,7.68,"[""B_HIGH_VALUE_PAINT""]",True,B_HIGH_VALUE_PAINT
pvg_floor_patch_interior_floor24_2_4bd2a46b,res://assets/tilesets/cyber_city_core_tilesets/CyberCity_Core_Tiles_2/CyberCity_Core_Tiles_2/Interior_Floor24_2.png,Interior_Floor24_2.png,FLOOR_PATCH,floor_patch_or_mat,321,230,313,222,5.89,"[""B_HIGH_VALUE_PAINT""]",True,B_HIGH_VALUE_PAINT
pvg_floor_patch_interior_floor24_3_2626a54e,res://assets/tilesets/cyber_city_core_tilesets/CyberCity_Core_Tiles_2/CyberCity_Core_Tiles_2/Interior_Floor24_3.png,Interior_Floor24_3.png,FLOOR_PATCH,floor_patch_or_mat,442,314,441,313,49.91,"[""B_HIGH_VALUE_PAINT""]",True,B_HIGH_VALUE_PAINT
pvg_floor_patch_interior_floor24_4_ed183e61,res://assets/tilesets/cyber_city_core_tilesets/CyberCity_Core_Tiles_2/CyberCity_Core_Tiles_2/Interior_Floor24_4.png,Interior_Floor24_4.png,FLOOR_PATCH,floor_patch_or_mat,442,314,440,313,49.92,"[""B_HIGH_VALUE_PAINT""]",True,B_HIGH_VALUE_PAINT
pvg_floor_patch_interior_floor25_1_a6b35744,res://assets/tilesets/cyber_city_core_tilesets/CyberCity_Core_Tiles_2/CyberCity_Core_Tiles_2/Interior_Floor25_1.png,Interior_Floor25_1.png,FLOOR_PATCH,floor_patch_or_mat,322,233,312,222,7.68,"[""B_HIGH_VALUE_PAINT""]",True,B_HIGH_VALUE_PAINT
pvg_floor_patch_interior_floor25_2_4ec92ac5,res://assets/tilesets/cyber_city_core_tilesets/CyberCity_Core_Tiles_2/CyberCity_Core_Tiles_2/Interior_Floor25_2.png,Interior_Floor25_2.png,FLOOR_PATCH,floor_patch_or_mat,321,231,313,222,6.3,"[""B_HIGH_VALUE_PAINT""]",True,B_HIGH_VALUE_PAINT
pvg_floor_patch_interior_floor25_3_41d09aea,res://assets/tilesets/cyber_city_core_tilesets/CyberCity_Core_Tiles_2/CyberCity_Core_Tiles_2/Interior_Floor25_3.png,Interior_Floor25_3.png,FLOOR_PATCH,floor_patch_or_mat,442,314,441,313,49.92,"[""B_HIGH_VALUE_PAINT""]",True,B_HIGH_VALUE_PAINT
pvg_floor_patch_interior_floor25_4_f3119b13,res://assets/tilesets/cyber_city_core_tilesets/CyberCity_Core_Tiles_2/CyberCity_Core_Tiles_2/Interior_Floor25_4.png,Interior_Floor25_4.png,FLOOR_PATCH,floor_patch_or_mat,442,314,440,313,49.92,"[""B_HIGH_VALUE_PAINT""]",True,B_HIGH_VALUE_PAINT
pvg_floor_patch_interior_floor26_1_1c015f45,res://assets/tilesets/cyber_city_core_tilesets/CyberCity_Core_Tiles_2/CyberCity_Core_Tiles_2/Interior_Floor26_1.png,Interior_Floor26_1.png,FLOOR_PATCH,floor_patch_or_mat,322,233,312,222,7.68,"[""B_HIGH_VALUE_PAINT""]",True,B_HIGH_VALUE_PAINT
pvg_floor_patch_interior_floor26_2_5559c339,res://assets/tilesets/cyber_city_core_tilesets/CyberCity_Core_Tiles_2/CyberCity_Core_Tiles_2/Interior_Floor26_2.png,Interior_Floor26_2.png,FLOOR_PATCH,floor_patch_or_mat,321,231,313,222,6.3,"[""B_HIGH_VALUE_PAINT""]",True,B_HIGH_VALUE_PAINT
pvg_floor_patch_interior_floor26_3_6d98c96f,res://assets/tilesets/cyber_city_core_tilesets/CyberCity_Core_Tiles_2/CyberCity_Core_Tiles_2/Interior_Floor26_3.png,Interior_Floor26_3.png,FLOOR_PATCH,floor_patch_or_mat,442,314,441,313,49.92,"[""B_HIGH_VALUE_PAINT""]",True,B_HIGH_VALUE_PAINT
pvg_floor_patch_interior_floor26_4_de657c3e,res://assets/tilesets/cyber_city_core_tilesets/CyberCity_Core_Tiles_2/CyberCity_Core_Tiles_2/Interior_Floor26_4.png,Interior_Floor26_4.png,FLOOR_PATCH,floor_patch_or_mat,442,314,440,313,49.92,"[""B_HIGH_VALUE_PAINT""]",True,B_HIGH_VALUE_PAINT
pvg_floor_patch_interior_floor27_1_f37b3f5b,res://assets/tilesets/cyber_city_core_tilesets/CyberCity_Core_Tiles_2/CyberCity_Core_Tiles_2/Interior_Floor27_1.png,Interior_Floor27_1.png,FLOOR_PATCH,floor_patch_or_mat,322,233,312,222,7.68,"[""B_HIGH_VALUE_PAINT""]",True,B_HIGH_VALUE_PAINT
pvg_floor_patch_interior_floor27_2_ffc995b6,res://assets/tilesets/cyber_city_core_tilesets/CyberCity_Core_Tiles_2/CyberCity_Core_Tiles_2/Interior_Floor27_2.png,Interior_Floor27_2.png,FLOOR_PATCH,floor_patch_or_mat,321,231,313,222,6.3,"[""B_HIGH_VALUE_PAINT""]",True,B_HIGH_VALUE_PAINT
pvg_floor_patch_interior_floor27_3_e9544d15,res://assets/tilesets/cyber_city_core_tilesets/CyberCity_Core_Tiles_2/CyberCity_Core_Tiles_2/Interior_Floor27_3.png,Interior_Floor27_3.png,FLOOR_PATCH,floor_patch_or_mat,442,314,441,313,49.91,"[""B_HIGH_VALUE_PAINT""]",True,B_HIGH_VALUE_PAINT
pvg_floor_patch_interior_floor27_4_4949f0f0,res://assets/tilesets/cyber_city_core_tilesets/CyberCity_Core_Tiles_2/CyberCity_Core_Tiles_2/Interior_Floor27_4.png,Interior_Floor27_4.png,FLOOR_PATCH,floor_patch_or_mat,442,314,440,313,49.92,"[""B_HIGH_VALUE_PAINT""]",True,B_HIGH_VALUE_PAINT
pvg_floor_patch_interior_floor2_1_cb143ec3,res://assets/tilesets/cyber_city_core_tilesets/CyberCity_Core_Tiles_2/CyberCity_Core_Tiles_2/Interior_Floor2_1.png,Interior_Floor2_1.png,FLOOR_PATCH,floor_patch_or_mat,322,233,312,222,7.68,"[""B_HIGH_VALUE_PAINT""]",True,B_HIGH_VALUE_PAINT
pvg_floor_patch_interior_floor2_2_81136525,res://assets/tilesets/cyber_city_core_tilesets/CyberCity_Core_Tiles_2/CyberCity_Core_Tiles_2/Interior_Floor2_2.png,Interior_Floor2_2.png,FLOOR_PATCH,floor_patch_or_mat,321,230,313,222,5.89,"[""B_HIGH_VALUE_PAINT""]",True,B_HIGH_VALUE_PAINT
pvg_floor_patch_interior_floor2_3_641d544c,res://assets/tilesets/cyber_city_core_tilesets/CyberCity_Core_Tiles_2/CyberCity_Core_Tiles_2/Interior_Floor2_3.png,Interior_Floor2_3.png,FLOOR_PATCH,floor_patch_or_mat,442,314,441,313,49.92,"[""B_HIGH_VALUE_PAINT""]",True,B_HIGH_VALUE_PAINT
pvg_floor_patch_interior_floor2_4_ac7d47e8,res://assets/tilesets/cyber_city_core_tilesets/CyberCity_Core_Tiles_2/CyberCity_Core_Tiles_2/Interior_Floor2_4.png,Interior_Floor2_4.png,FLOOR_PATCH,floor_patch_or_mat,442,314,440,313,49.93,"[""B_HIGH_VALUE_PAINT""]",True,B_HIGH_VALUE_PAINT
pvg_floor_patch_interior_floor31_1_c44a5f66,res://assets/tilesets/cyber_city_core_tilesets/CyberCity_Core_Tiles_2/CyberCity_Core_Tiles_2/Interior_Floor31_1.png,Interior_Floor31_1.png,FLOOR_PATCH,floor_patch_or_mat,322,233,312,222,7.68,"[""B_HIGH_VALUE_PAINT""]",True,B_HIGH_VALUE_PAINT
pvg_floor_patch_interior_floor31_2_0e851d83,res://assets/tilesets/cyber_city_core_tilesets/CyberCity_Core_Tiles_2/CyberCity_Core_Tiles_2/Interior_Floor31_2.png,Interior_Floor31_2.png,FLOOR_PATCH,floor_patch_or_mat,321,231,313,222,6.3,"[""B_HIGH_VALUE_PAINT""]",True,B_HIGH_VALUE_PAINT
pvg_floor_patch_interior_floor31_3_bd7450e2,res://assets/tilesets/cyber_city_core_tilesets/CyberCity_Core_Tiles_2/CyberCity_Core_Tiles_2/Interior_Floor31_3.png,Interior_Floor31_3.png,FLOOR_PATCH,floor_patch_or_mat,442,314,441,313,49.92,"[""B_HIGH_VALUE_PAINT""]",True,B_HIGH_VALUE_PAINT
pvg_floor_patch_interior_floor31_4_d998d890,res://assets/tilesets/cyber_city_core_tilesets/CyberCity_Core_Tiles_2/CyberCity_Core_Tiles_2/Interior_Floor31_4.png,Interior_Floor31_4.png,FLOOR_PATCH,floor_patch_or_mat,442,314,440,313,49.92,"[""B_HIGH_VALUE_PAINT""]",True,B_HIGH_VALUE_PAINT
pvg_floor_patch_interior_floor34_1_4be72007,res://assets/tilesets/cyber_city_core_tilesets/CyberCity_Core_Tiles_2/CyberCity_Core_Tiles_2/Interior_Floor34_1.png,Interior_Floor34_1.png,FLOOR_PATCH,floor_patch_or_mat,322,233,312,222,7.68,"[""B_HIGH_VALUE_PAINT""]",True,B_HIGH_VALUE_PAINT
pvg_floor_patch_interior_floor34_2_a7fa8230,res://assets/tilesets/cyber_city_core_tilesets/CyberCity_Core_Tiles_2/CyberCity_Core_Tiles_2/Interior_Floor34_2.png,Interior_Floor34_2.png,FLOOR_PATCH,floor_patch_or_mat,321,231,313,222,6.3,"[""B_HIGH_VALUE_PAINT""]",True,B_HIGH_VALUE_PAINT
pvg_floor_patch_interior_floor34_3_db65c2b2,res://assets/tilesets/cyber_city_core_tilesets/CyberCity_Core_Tiles_2/CyberCity_Core_Tiles_2/Interior_Floor34_3.png,Interior_Floor34_3.png,FLOOR_PATCH,floor_patch_or_mat,442,314,441,313,49.92,"[""B_HIGH_VALUE_PAINT""]",True,B_HIGH_VALUE_PAINT
pvg_floor_patch_interior_floor34_4_767b0ffa,res://assets/tilesets/cyber_city_core_tilesets/CyberCity_Core_Tiles_2/CyberCity_Core_Tiles_2/Interior_Floor34_4.png,Interior_Floor34_4.png,FLOOR_PATCH,floor_patch_or_mat,442,314,440,313,49.92,"[""B_HIGH_VALUE_PAINT""]",True,B_HIGH_VALUE_PAINT
pvg_floor_patch_interior_floor36_1_c55b6eca,res://assets/tilesets/cyber_city_core_tilesets/CyberCity_Core_Tiles_2/CyberCity_Core_Tiles_2/Interior_Floor36_1.png,Interior_Floor36_1.png,FLOOR_PATCH,floor_patch_or_mat,322,233,312,222,7.68,"[""B_HIGH_VALUE_PAINT""]",True,B_HIGH_VALUE_PAINT
pvg_floor_patch_interior_floor36_2_64ede52a,res://assets/tilesets/cyber_city_core_tilesets/CyberCity_Core_Tiles_2/CyberCity_Core_Tiles_2/Interior_Floor36_2.png,Interior_Floor36_2.png,FLOOR_PATCH,floor_patch_or_mat,321,231,313,222,6.3,"[""B_HIGH_VALUE_PAINT""]",True,B_HIGH_VALUE_PAINT
pvg_floor_patch_interior_floor36_3_2e753523,res://assets/tilesets/cyber_city_core_tilesets/CyberCity_Core_Tiles_2/CyberCity_Core_Tiles_2/Interior_Floor36_3.png,Interior_Floor36_3.png,FLOOR_PATCH,floor_patch_or_mat,442,314,441,313,49.92,"[""B_HIGH_VALUE_PAINT""]",True,B_HIGH_VALUE_PAINT
pvg_floor_patch_interior_floor36_4_892a1f40,res://assets/tilesets/cyber_city_core_tilesets/CyberCity_Core_Tiles_2/CyberCity_Core_Tiles_2/Interior_Floor36_4.png,Interior_Floor36_4.png,FLOOR_PATCH,floor_patch_or_mat,442,314,440,313,49.92,"[""B_HIGH_VALUE_PAINT""]",True,B_HIGH_VALUE_PAINT
pvg_floor_patch_interior_floor37_1_f32a20f9,res://assets/tilesets/cyber_city_core_tilesets/CyberCity_Core_Tiles_2/CyberCity_Core_Tiles_2/Interior_Floor37_1.png,Interior_Floor37_1.png,FLOOR_PATCH,floor_patch_or_mat,322,233,312,222,7.68,"[""B_HIGH_VALUE_PAINT""]",True,B_HIGH_VALUE_PAINT
pvg_floor_patch_interior_floor37_2_eceb5bea,res://assets/tilesets/cyber_city_core_tilesets/CyberCity_Core_Tiles_2/CyberCity_Core_Tiles_2/Interior_Floor37_2.png,Interior_Floor37_2.png,FLOOR_PATCH,floor_patch_or_mat,321,231,313,222,6.3,"[""B_HIGH_VALUE_PAINT""]",True,B_HIGH_VALUE_PAINT
pvg_floor_patch_interior_floor37_3_fa87795b,res://assets/tilesets/cyber_city_core_tilesets/CyberCity_Core_Tiles_2/CyberCity_Core_Tiles_2/Interior_Floor37_3.png,Interior_Floor37_3.png,FLOOR_PATCH,floor_patch_or_mat,442,314,441,313,49.92,"[""B_HIGH_VALUE_PAINT""]",True,B_HIGH_VALUE_PAINT
pvg_floor_patch_interior_floor37_4_0d52a6b4,res://assets/tilesets/cyber_city_core_tilesets/CyberCity_Core_Tiles_2/CyberCity_Core_Tiles_2/Interior_Floor37_4.png,Interior_Floor37_4.png,FLOOR_PATCH,floor_patch_or_mat,442,314,440,313,49.92,"[""B_HIGH_VALUE_PAINT""]",True,B_HIGH_VALUE_PAINT
pvg_floor_patch_interior_floor39_1_4cd169bd,res://assets/tilesets/cyber_city_core_tilesets/CyberCity_Core_Tiles_2/CyberCity_Core_Tiles_2/Interior_Floor39_1.png,Interior_Floor39_1.png,FLOOR_PATCH,floor_patch_or_mat,322,233,312,222,7.68,"[""B_HIGH_VALUE_PAINT""]",True,B_HIGH_VALUE_PAINT
pvg_floor_patch_interior_floor39_2_d44f08d9,res://assets/tilesets/cyber_city_core_tilesets/CyberCity_Core_Tiles_2/CyberCity_Core_Tiles_2/Interior_Floor39_2.png,Interior_Floor39_2.png,FLOOR_PATCH,floor_patch_or_mat,321,231,313,222,6.3,"[""B_HIGH_VALUE_PAINT""]",True,B_HIGH_VALUE_PAINT
pvg_floor_patch_interior_floor39_3_dbf0bb60,res://assets/tilesets/cyber_city_core_tilesets/CyberCity_Core_Tiles_2/CyberCity_Core_Tiles_2/Interior_Floor39_3.png,Interior_Floor39_3.png,FLOOR_PATCH,floor_patch_or_mat,442,314,441,313,49.92,"[""B_HIGH_VALUE_PAINT""]",True,B_HIGH_VALUE_PAINT
pvg_floor_patch_interior_floor39_4_413b6d88,res://assets/tilesets/cyber_city_core_tilesets/CyberCity_Core_Tiles_2/CyberCity_Core_Tiles_2/Interior_Floor39_4.png,Interior_Floor39_4.png,FLOOR_PATCH,floor_patch_or_mat,442,314,440,313,49.92,"[""B_HIGH_VALUE_PAINT""]",True,B_HIGH_VALUE_PAINT
pvg_floor_patch_interior_floor40_1_c3678424,res://assets/tilesets/cyber_city_core_tilesets/CyberCity_Core_Tiles_2/CyberCity_Core_Tiles_2/Interior_Floor40_1.png,Interior_Floor40_1.png,FLOOR_PATCH,floor_patch_or_mat,322,233,312,222,7.68,"[""B_HIGH_VALUE_PAINT""]",True,B_HIGH_VALUE_PAINT
pvg_floor_patch_interior_floor40_2_e74f60e1,res://assets/tilesets/cyber_city_core_tilesets/CyberCity_Core_Tiles_2/CyberCity_Core_Tiles_2/Interior_Floor40_2.png,Interior_Floor40_2.png,FLOOR_PATCH,floor_patch_or_mat,321,231,313,222,6.3,"[""B_HIGH_VALUE_PAINT""]",True,B_HIGH_VALUE_PAINT
pvg_floor_patch_interior_floor40_3_d600657b,res://assets/tilesets/cyber_city_core_tilesets/CyberCity_Core_Tiles_2/CyberCity_Core_Tiles_2/Interior_Floor40_3.png,Interior_Floor40_3.png,FLOOR_PATCH,floor_patch_or_mat,442,314,441,313,49.92,"[""B_HIGH_VALUE_PAINT""]",True,B_HIGH_VALUE_PAINT
pvg_floor_patch_interior_floor40_4_167f62f3,res://assets/tilesets/cyber_city_core_tilesets/CyberCity_Core_Tiles_2/CyberCity_Core_Tiles_2/Interior_Floor40_4.png,Interior_Floor40_4.png,FLOOR_PATCH,floor_patch_or_mat,442,314,440,313,49.92,"[""B_HIGH_VALUE_PAINT""]",True,B_HIGH_VALUE_PAINT
pvg_floor_patch_interior_floor41_1_bb893b04,res://assets/tilesets/cyber_city_core_tilesets/CyberCity_Core_Tiles_2/CyberCity_Core_Tiles_2/Interior_Floor41_1.png,Interior_Floor41_1.png,FLOOR_PATCH,floor_patch_or_mat,322,233,312,222,7.68,"[""B_HIGH_VALUE_PAINT""]",True,B_HIGH_VALUE_PAINT
pvg_floor_patch_interior_floor41_2_1e1d8f59,res://assets/tilesets/cyber_city_core_tilesets/CyberCity_Core_Tiles_2/CyberCity_Core_Tiles_2/Interior_Floor41_2.png,Interior_Floor41_2.png,FLOOR_PATCH,floor_patch_or_mat,321,231,313,222,6.3,"[""B_HIGH_VALUE_PAINT""]",True,B_HIGH_VALUE_PAINT
pvg_floor_patch_interior_floor41_3_853600f5,res://assets/tilesets/cyber_city_core_tilesets/CyberCity_Core_Tiles_2/CyberCity_Core_Tiles_2/Interior_Floor41_3.png,Interior_Floor41_3.png,FLOOR_PATCH,floor_patch_or_mat,442,314,441,313,49.92,"[""B_HIGH_VALUE_PAINT""]",True,B_HIGH_VALUE_PAINT
pvg_floor_patch_interior_floor41_4_f02e55af,res://assets/tilesets/cyber_city_core_tilesets/CyberCity_Core_Tiles_2/CyberCity_Core_Tiles_2/Interior_Floor41_4.png,Interior_Floor41_4.png,FLOOR_PATCH,floor_patch_or_mat,442,314,440,313,49.92,"[""B_HIGH_VALUE_PAINT""]",True,B_HIGH_VALUE_PAINT
pvg_floor_patch_interior_floor42_1_13f7cc8b,res://assets/tilesets/cyber_city_core_tilesets/CyberCity_Core_Tiles_2/CyberCity_Core_Tiles_2/Interior_Floor42_1.png,Interior_Floor42_1.png,FLOOR_PATCH,floor_patch_or_mat,322,233,312,222,7.68,"[""B_HIGH_VALUE_PAINT""]",True,B_HIGH_VALUE_PAINT
pvg_floor_patch_interior_floor42_2_877c06bd,res://assets/tilesets/cyber_city_core_tilesets/CyberCity_Core_Tiles_2/CyberCity_Core_Tiles_2/Interior_Floor42_2.png,Interior_Floor42_2.png,FLOOR_PATCH,floor_patch_or_mat,321,231,313,222,6.3,"[""B_HIGH_VALUE_PAINT""]",True,B_HIGH_VALUE_PAINT
pvg_floor_patch_interior_floor42_3_f9655bce,res://assets/tilesets/cyber_city_core_tilesets/CyberCity_Core_Tiles_2/CyberCity_Core_Tiles_2/Interior_Floor42_3.png,Interior_Floor42_3.png,FLOOR_PATCH,floor_patch_or_mat,442,314,441,313,49.92,"[""B_HIGH_VALUE_PAINT""]",True,B_HIGH_VALUE_PAINT
pvg_floor_patch_interior_floor42_4_4c70842f,res://assets/tilesets/cyber_city_core_tilesets/CyberCity_Core_Tiles_2/CyberCity_Core_Tiles_2/Interior_Floor42_4.png,Interior_Floor42_4.png,FLOOR_PATCH,floor_patch_or_mat,442,314,440,313,49.92,"[""B_HIGH_VALUE_PAINT""]",True,B_HIGH_VALUE_PAINT
pvg_floor_patch_interior_floor45_1_eb06d02b,res://assets/tilesets/cyber_city_core_tilesets/CyberCity_Core_Tiles_2/CyberCity_Core_Tiles_2/Interior_Floor45_1.png,Interior_Floor45_1.png,FLOOR_PATCH,floor_patch_or_mat,322,233,312,222,7.68,"[""B_HIGH_VALUE_PAINT""]",True,B_HIGH_VALUE_PAINT
pvg_floor_patch_interior_floor45_2_bb5311a0,res://assets/tilesets/cyber_city_core_tilesets/CyberCity_Core_Tiles_2/CyberCity_Core_Tiles_2/Interior_Floor45_2.png,Interior_Floor45_2.png,FLOOR_PATCH,floor_patch_or_mat,321,231,313,222,6.3,"[""B_HIGH_VALUE_PAINT""]",True,B_HIGH_VALUE_PAINT
pvg_floor_patch_interior_floor45_3_992e58be,res://assets/tilesets/cyber_city_core_tilesets/CyberCity_Core_Tiles_2/CyberCity_Core_Tiles_2/Interior_Floor45_3.png,Interior_Floor45_3.png,FLOOR_PATCH,floor_patch_or_mat,442,314,441,313,49.92,"[""B_HIGH_VALUE_PAINT""]",True,B_HIGH_VALUE_PAINT
pvg_floor_patch_interior_floor45_4_098d943c,res://assets/tilesets/cyber_city_core_tilesets/CyberCity_Core_Tiles_2/CyberCity_Core_Tiles_2/Interior_Floor45_4.png,Interior_Floor45_4.png,FLOOR_PATCH,floor_patch_or_mat,442,314,440,313,49.92,"[""B_HIGH_VALUE_PAINT""]",True,B_HIGH_VALUE_PAINT
pvg_floor_patch_interior_floor56_1_3627b8da,res://assets/tilesets/cyber_city_core_tilesets/CyberCity_Core_Tiles_2/CyberCity_Core_Tiles_2/Interior_Floor56_1.png,Interior_Floor56_1.png,FLOOR_PATCH,floor_patch_or_mat,322,233,312,222,7.68,"[""B_HIGH_VALUE_PAINT""]",True,B_HIGH_VALUE_PAINT
pvg_floor_patch_interior_floor56_2_7d62f878,res://assets/tilesets/cyber_city_core_tilesets/CyberCity_Core_Tiles_2/CyberCity_Core_Tiles_2/Interior_Floor56_2.png,Interior_Floor56_2.png,FLOOR_PATCH,floor_patch_or_mat,321,231,313,222,6.3,"[""B_HIGH_VALUE_PAINT""]",True,B_HIGH_VALUE_PAINT
pvg_floor_patch_interior_floor56_3_9685745c,res://assets/tilesets/cyber_city_core_tilesets/CyberCity_Core_Tiles_2/CyberCity_Core_Tiles_2/Interior_Floor56_3.png,Interior_Floor56_3.png,FLOOR_PATCH,floor_patch_or_mat,442,314,441,313,49.92,"[""B_HIGH_VALUE_PAINT""]",True,B_HIGH_VALUE_PAINT
pvg_floor_patch_interior_floor56_4_546d3513,res://assets/tilesets/cyber_city_core_tilesets/CyberCity_Core_Tiles_2/CyberCity_Core_Tiles_2/Interior_Floor56_4.png,Interior_Floor56_4.png,FLOOR_PATCH,floor_patch_or_mat,442,314,440,313,49.92,"[""B_HIGH_VALUE_PAINT""]",True,B_HIGH_VALUE_PAINT
pvg_floor_patch_interior_floor60_1_bc62a106,res://assets/tilesets/cyber_city_core_tilesets/CyberCity_Core_Tiles_2/CyberCity_Core_Tiles_2/Interior_Floor60_1.png,Interior_Floor60_1.png,FLOOR_PATCH,floor_patch_or_mat,322,233,312,222,7.68,"[""B_HIGH_VALUE_PAINT""]",True,B_HIGH_VALUE_PAINT
pvg_floor_patch_interior_floor60_2_01cefddd,res://assets/tilesets/cyber_city_core_tilesets/CyberCity_Core_Tiles_2/CyberCity_Core_Tiles_2/Interior_Floor60_2.png,Interior_Floor60_2.png,FLOOR_PATCH,floor_patch_or_mat,321,231,313,222,6.3,"[""B_HIGH_VALUE_PAINT""]",True,B_HIGH_VALUE_PAINT
pvg_floor_patch_interior_floor60_3_d88e73cb,res://assets/tilesets/cyber_city_core_tilesets/CyberCity_Core_Tiles_2/CyberCity_Core_Tiles_2/Interior_Floor60_3.png,Interior_Floor60_3.png,FLOOR_PATCH,floor_patch_or_mat,442,314,441,313,49.92,"[""B_HIGH_VALUE_PAINT""]",True,B_HIGH_VALUE_PAINT
pvg_floor_patch_interior_floor60_4_9efe39de,res://assets/tilesets/cyber_city_core_tilesets/CyberCity_Core_Tiles_2/CyberCity_Core_Tiles_2/Interior_Floor60_4.png,Interior_Floor60_4.png,FLOOR_PATCH,floor_patch_or_mat,442,314,440,313,49.92,"[""B_HIGH_VALUE_PAINT""]",True,B_HIGH_VALUE_PAINT
pvg_floor_patch_interior_floor6_1_85a744b0,res://assets/tilesets/cyber_city_core_tilesets/CyberCity_Core_Tiles_2/CyberCity_Core_Tiles_2/Interior_Floor6_1.png,Interior_Floor6_1.png,FLOOR_PATCH,floor_patch_or_mat,322,233,312,222,7.68,"[""B_HIGH_VALUE_PAINT""]",True,B_HIGH_VALUE_PAINT
pvg_floor_patch_interior_floor6_2_1b2b5578,res://assets/tilesets/cyber_city_core_tilesets/CyberCity_Core_Tiles_2/CyberCity_Core_Tiles_2/Interior_Floor6_2.png,Interior_Floor6_2.png,FLOOR_PATCH,floor_patch_or_mat,321,231,313,222,6.3,"[""B_HIGH_VALUE_PAINT""]",True,B_HIGH_VALUE_PAINT
pvg_floor_patch_interior_floor6_3_89e800e1,res://assets/tilesets/cyber_city_core_tilesets/CyberCity_Core_Tiles_2/CyberCity_Core_Tiles_2/Interior_Floor6_3.png,Interior_Floor6_3.png,FLOOR_PATCH,floor_patch_or_mat,442,314,441,313,49.92,"[""B_HIGH_VALUE_PAINT""]",True,B_HIGH_VALUE_PAINT
pvg_floor_patch_interior_floor6_4_52e9335d,res://assets/tilesets/cyber_city_core_tilesets/CyberCity_Core_Tiles_2/CyberCity_Core_Tiles_2/Interior_Floor6_4.png,Interior_Floor6_4.png,FLOOR_PATCH,floor_patch_or_mat,442,314,440,313,49.92,"[""B_HIGH_VALUE_PAINT""]",True,B_HIGH_VALUE_PAINT
pvg_floor_patch_interior_floor7_1_f594e4d2,res://assets/tilesets/cyber_city_core_tilesets/CyberCity_Core_Tiles_2/CyberCity_Core_Tiles_2/Interior_Floor7_1.png,Interior_Floor7_1.png,FLOOR_PATCH,floor_patch_or_mat,322,234,312,223,7.66,"[""B_HIGH_VALUE_PAINT""]",True,B_HIGH_VALUE_PAINT
pvg_floor_patch_interior_floor7_2_6c3414ae,res://assets/tilesets/cyber_city_core_tilesets/CyberCity_Core_Tiles_2/CyberCity_Core_Tiles_2/Interior_Floor7_2.png,Interior_Floor7_2.png,FLOOR_PATCH,floor_patch_or_mat,321,233,313,224,6.27,"[""B_HIGH_VALUE_PAINT""]",True,B_HIGH_VALUE_PAINT
pvg_floor_patch_interior_floor7_3_bb779bdb,res://assets/tilesets/cyber_city_core_tilesets/CyberCity_Core_Tiles_2/CyberCity_Core_Tiles_2/Interior_Floor7_3.png,Interior_Floor7_3.png,FLOOR_PATCH,floor_patch_or_mat,444,314,442,313,49.71,"[""B_HIGH_VALUE_PAINT""]",True,B_HIGH_VALUE_PAINT
pvg_floor_patch_interior_floor7_4_0d56c1e3,res://assets/tilesets/cyber_city_core_tilesets/CyberCity_Core_Tiles_2/CyberCity_Core_Tiles_2/Interior_Floor7_4.png,Interior_Floor7_4.png,FLOOR_PATCH,floor_patch_or_mat,443,315,442,313,49.76,"[""B_HIGH_VALUE_PAINT""]",True,B_HIGH_VALUE_PAINT
pvg_floor_patch_interior_floor8_1_49b59949,res://assets/tilesets/cyber_city_core_tilesets/CyberCity_Core_Tiles_2/CyberCity_Core_Tiles_2/Interior_Floor8_1.png,Interior_Floor8_1.png,FLOOR_PATCH,floor_patch_or_mat,322,233,312,222,7.68,"[""B_HIGH_VALUE_PAINT""]",True,B_HIGH_VALUE_PAINT
pvg_floor_patch_interior_floor8_2_a1d7740a,res://assets/tilesets/cyber_city_core_tilesets/CyberCity_Core_Tiles_2/CyberCity_Core_Tiles_2/Interior_Floor8_2.png,Interior_Floor8_2.png,FLOOR_PATCH,floor_patch_or_mat,321,231,313,222,6.3,"[""B_HIGH_VALUE_PAINT""]",True,B_HIGH_VALUE_PAINT
pvg_floor_patch_interior_floor8_3_562891b8,res://assets/tilesets/cyber_city_core_tilesets/CyberCity_Core_Tiles_2/CyberCity_Core_Tiles_2/Interior_Floor8_3.png,Interior_Floor8_3.png,FLOOR_PATCH,floor_patch_or_mat,442,314,441,313,49.92,"[""B_HIGH_VALUE_PAINT""]",True,B_HIGH_VALUE_PAINT
pvg_floor_patch_interior_floor8_4_c4a81ef2,res://assets/tilesets/cyber_city_core_tilesets/CyberCity_Core_Tiles_2/CyberCity_Core_Tiles_2/Interior_Floor8_4.png,Interior_Floor8_4.png,FLOOR_PATCH,floor_patch_or_mat,442,314,440,313,49.92,"[""B_HIGH_VALUE_PAINT""]",True,B_HIGH_VALUE_PAINT
pvg_floor_patch_interior_floor9_1_aa3a9c4a,res://assets/tilesets/cyber_city_core_tilesets/CyberCity_Core_Tiles_2/CyberCity_Core_Tiles_2/Interior_Floor9_1.png,Interior_Floor9_1.png,FLOOR_PATCH,floor_patch_or_mat,322,233,312,222,7.68,"[""B_HIGH_VALUE_PAINT""]",True,B_HIGH_VALUE_PAINT
pvg_floor_patch_interior_floor9_2_1c810778,res://assets/tilesets/cyber_city_core_tilesets/CyberCity_Core_Tiles_2/CyberCity_Core_Tiles_2/Interior_Floor9_2.png,Interior_Floor9_2.png,FLOOR_PATCH,floor_patch_or_mat,321,231,313,222,6.3,"[""B_HIGH_VALUE_PAINT""]",True,B_HIGH_VALUE_PAINT
pvg_floor_patch_interior_floor9_3_a1c62ccb,res://assets/tilesets/cyber_city_core_tilesets/CyberCity_Core_Tiles_2/CyberCity_Core_Tiles_2/Interior_Floor9_3.png,Interior_Floor9_3.png,FLOOR_PATCH,floor_patch_or_mat,442,314,441,313,49.92,"[""B_HIGH_VALUE_PAINT""]",True,B_HIGH_VALUE_PAINT
pvg_floor_patch_interior_floor9_4_5c43c66a,res://assets/tilesets/cyber_city_core_tilesets/CyberCity_Core_Tiles_2/CyberCity_Core_Tiles_2/Interior_Floor9_4.png,Interior_Floor9_4.png,FLOOR_PATCH,floor_patch_or_mat,442,314,440,313,49.92,"[""B_HIGH_VALUE_PAINT""]",True,B_HIGH_VALUE_PAINT
pvg_wall_side_interior_wall11_1_92460ab6,res://assets/tilesets/cyber_city_core_tilesets/CyberCity_Core_Tiles_2/CyberCity_Core_Tiles_2/Interior_Wall11_1.png,Interior_Wall11_1.png,WALL_SIDE,wall_piece,18,373,7,372,61.38,"[""B_HIGH_VALUE_PAINT""]",True,B_HIGH_VALUE_PAINT
pvg_wall_back_interior_wall11_2_2dab58eb,res://assets/tilesets/cyber_city_core_tilesets/CyberCity_Core_Tiles_2/CyberCity_Core_Tiles_2/Interior_Wall11_2.png,Interior_Wall11_2.png,WALL_BACK,wall_piece,321,163,313,155,7.28,"[""B_HIGH_VALUE_PAINT""]",True,B_HIGH_VALUE_PAINT
pvg_wall_side_interior_wall11_3_38986757,res://assets/tilesets/cyber_city_core_tilesets/CyberCity_Core_Tiles_2/CyberCity_Core_Tiles_2/Interior_Wall11_3.png,Interior_Wall11_3.png,WALL_SIDE,wall_piece,236,309,226,309,51.57,"[""B_HIGH_VALUE_PAINT""]",True,B_HIGH_VALUE_PAINT
pvg_wall_side_interior_wall11_4_c13e365f,res://assets/tilesets/cyber_city_core_tilesets/CyberCity_Core_Tiles_2/CyberCity_Core_Tiles_2/Interior_Wall11_4.png,Interior_Wall11_4.png,WALL_SIDE,wall_piece,235,310,225,308,51.73,"[""B_HIGH_VALUE_PAINT""]",True,B_HIGH_VALUE_PAINT
pvg_wall_side_interior_wall15_1_eba2a478,res://assets/tilesets/cyber_city_core_tilesets/CyberCity_Core_Tiles_2/CyberCity_Core_Tiles_2/Interior_Wall15_1.png,Interior_Wall15_1.png,WALL_SIDE,wall_piece,18,373,7,372,61.38,"[""B_HIGH_VALUE_PAINT""]",True,B_HIGH_VALUE_PAINT
pvg_wall_back_interior_wall15_2_27f5681f,res://assets/tilesets/cyber_city_core_tilesets/CyberCity_Core_Tiles_2/CyberCity_Core_Tiles_2/Interior_Wall15_2.png,Interior_Wall15_2.png,WALL_BACK,wall_piece,321,163,313,155,7.28,"[""B_HIGH_VALUE_PAINT""]",True,B_HIGH_VALUE_PAINT
pvg_wall_side_interior_wall15_3_422ecec7,res://assets/tilesets/cyber_city_core_tilesets/CyberCity_Core_Tiles_2/CyberCity_Core_Tiles_2/Interior_Wall15_3.png,Interior_Wall15_3.png,WALL_SIDE,wall_piece,236,309,226,309,51.58,"[""B_HIGH_VALUE_PAINT""]",True,B_HIGH_VALUE_PAINT
pvg_wall_side_interior_wall15_4_09d2bec2,res://assets/tilesets/cyber_city_core_tilesets/CyberCity_Core_Tiles_2/CyberCity_Core_Tiles_2/Interior_Wall15_4.png,Interior_Wall15_4.png,WALL_SIDE,wall_piece,235,310,225,308,51.73,"[""B_HIGH_VALUE_PAINT""]",True,B_HIGH_VALUE_PAINT
pvg_wall_side_interior_wall17_1_3be4661a,res://assets/tilesets/cyber_city_core_tilesets/CyberCity_Core_Tiles_2/CyberCity_Core_Tiles_2/Interior_Wall17_1.png,Interior_Wall17_1.png,WALL_SIDE,wall_piece,18,373,7,372,61.38,"[""B_HIGH_VALUE_PAINT""]",True,B_HIGH_VALUE_PAINT
pvg_wall_back_interior_wall17_2_56e2174e,res://assets/tilesets/cyber_city_core_tilesets/CyberCity_Core_Tiles_2/CyberCity_Core_Tiles_2/Interior_Wall17_2.png,Interior_Wall17_2.png,WALL_BACK,wall_piece,321,163,313,155,7.28,"[""B_HIGH_VALUE_PAINT""]",True,B_HIGH_VALUE_PAINT
pvg_wall_side_interior_wall17_3_36591eac,res://assets/tilesets/cyber_city_core_tilesets/CyberCity_Core_Tiles_2/CyberCity_Core_Tiles_2/Interior_Wall17_3.png,Interior_Wall17_3.png,WALL_SIDE,wall_piece,236,309,226,309,51.57,"[""B_HIGH_VALUE_PAINT""]",True,B_HIGH_VALUE_PAINT
pvg_wall_side_interior_wall17_4_0bb06c69,res://assets/tilesets/cyber_city_core_tilesets/CyberCity_Core_Tiles_2/CyberCity_Core_Tiles_2/Interior_Wall17_4.png,Interior_Wall17_4.png,WALL_SIDE,wall_piece,235,310,225,308,51.73,"[""B_HIGH_VALUE_PAINT""]",True,B_HIGH_VALUE_PAINT
pvg_wall_side_interior_wall18_1_1f83cac6,res://assets/tilesets/cyber_city_core_tilesets/CyberCity_Core_Tiles_2/CyberCity_Core_Tiles_2/Interior_Wall18_1.png,Interior_Wall18_1.png,WALL_SIDE,wall_piece,18,373,7,372,61.38,"[""B_HIGH_VALUE_PAINT""]",True,B_HIGH_VALUE_PAINT
pvg_wall_back_interior_wall18_2_0a3fb927,res://assets/tilesets/cyber_city_core_tilesets/CyberCity_Core_Tiles_2/CyberCity_Core_Tiles_2/Interior_Wall18_2.png,Interior_Wall18_2.png,WALL_BACK,wall_piece,321,163,313,155,7.28,"[""B_HIGH_VALUE_PAINT""]",True,B_HIGH_VALUE_PAINT
pvg_wall_side_interior_wall18_3_198dbe3f,res://assets/tilesets/cyber_city_core_tilesets/CyberCity_Core_Tiles_2/CyberCity_Core_Tiles_2/Interior_Wall18_3.png,Interior_Wall18_3.png,WALL_SIDE,wall_piece,236,309,226,309,51.57,"[""B_HIGH_VALUE_PAINT""]",True,B_HIGH_VALUE_PAINT
pvg_wall_side_interior_wall18_4_4d185ee8,res://assets/tilesets/cyber_city_core_tilesets/CyberCity_Core_Tiles_2/CyberCity_Core_Tiles_2/Interior_Wall18_4.png,Interior_Wall18_4.png,WALL_SIDE,wall_piece,234,310,225,308,51.52,"[""B_HIGH_VALUE_PAINT""]",True,B_HIGH_VALUE_PAINT
pvg_wall_side_interior_wall19_1_4a7e07ef,res://assets/tilesets/cyber_city_core_tilesets/CyberCity_Core_Tiles_2/CyberCity_Core_Tiles_2/Interior_Wall19_1.png,Interior_Wall19_1.png,WALL_SIDE,wall_piece,18,373,7,372,61.38,"[""B_HIGH_VALUE_PAINT""]",True,B_HIGH_VALUE_PAINT
pvg_wall_back_interior_wall19_2_4ad02452,res://assets/tilesets/cyber_city_core_tilesets/CyberCity_Core_Tiles_2/CyberCity_Core_Tiles_2/Interior_Wall19_2.png,Interior_Wall19_2.png,WALL_BACK,wall_piece,321,163,313,155,7.28,"[""B_HIGH_VALUE_PAINT""]",True,B_HIGH_VALUE_PAINT
pvg_wall_side_interior_wall19_3_54bf5311,res://assets/tilesets/cyber_city_core_tilesets/CyberCity_Core_Tiles_2/CyberCity_Core_Tiles_2/Interior_Wall19_3.png,Interior_Wall19_3.png,WALL_SIDE,wall_piece,236,309,226,309,51.57,"[""B_HIGH_VALUE_PAINT""]",True,B_HIGH_VALUE_PAINT
pvg_wall_side_interior_wall19_4_3f02175e,res://assets/tilesets/cyber_city_core_tilesets/CyberCity_Core_Tiles_2/CyberCity_Core_Tiles_2/Interior_Wall19_4.png,Interior_Wall19_4.png,WALL_SIDE,wall_piece,235,310,225,308,51.73,"[""B_HIGH_VALUE_PAINT""]",True,B_HIGH_VALUE_PAINT
pvg_wall_side_interior_wall1_1_254fd77c,res://assets/tilesets/cyber_city_core_tilesets/CyberCity_Core_Tiles_2/CyberCity_Core_Tiles_2/Interior_Wall1_1.png,Interior_Wall1_1.png,WALL_SIDE,wall_piece,18,374,7,372,61.38,"[""B_HIGH_VALUE_PAINT""]",True,B_HIGH_VALUE_PAINT
pvg_wall_back_interior_wall1_2_8dcfe591,res://assets/tilesets/cyber_city_core_tilesets/CyberCity_Core_Tiles_2/CyberCity_Core_Tiles_2/Interior_Wall1_2.png,Interior_Wall1_2.png,WALL_BACK,wall_piece,321,164,314,155,7.77,"[""B_HIGH_VALUE_PAINT""]",True,B_HIGH_VALUE_PAINT
pvg_wall_side_interior_wall1_3_22f8700f,res://assets/tilesets/cyber_city_core_tilesets/CyberCity_Core_Tiles_2/CyberCity_Core_Tiles_2/Interior_Wall1_3.png,Interior_Wall1_3.png,WALL_SIDE,wall_piece,237,310,226,309,51.86,"[""B_HIGH_VALUE_PAINT""]",True,B_HIGH_VALUE_PAINT
pvg_wall_side_interior_wall1_4_2ff8e03e,res://assets/tilesets/cyber_city_core_tilesets/CyberCity_Core_Tiles_2/CyberCity_Core_Tiles_2/Interior_Wall1_4.png,Interior_Wall1_4.png,WALL_SIDE,wall_piece,234,310,226,309,51.23,"[""B_HIGH_VALUE_PAINT""]",True,B_HIGH_VALUE_PAINT
pvg_wall_side_interior_wall20_1_d655c5e2,res://assets/tilesets/cyber_city_core_tilesets/CyberCity_Core_Tiles_2/CyberCity_Core_Tiles_2/Interior_Wall20_1.png,Interior_Wall20_1.png,WALL_SIDE,wall_piece,18,373,7,372,61.38,"[""B_HIGH_VALUE_PAINT""]",True,B_HIGH_VALUE_PAINT
pvg_wall_back_interior_wall20_2_6c5dbdae,res://assets/tilesets/cyber_city_core_tilesets/CyberCity_Core_Tiles_2/CyberCity_Core_Tiles_2/Interior_Wall20_2.png,Interior_Wall20_2.png,WALL_BACK,wall_piece,321,163,313,155,7.28,"[""B_HIGH_VALUE_PAINT""]",True,B_HIGH_VALUE_PAINT
pvg_wall_side_interior_wall20_3_aacf5ac2,res://assets/tilesets/cyber_city_core_tilesets/CyberCity_Core_Tiles_2/CyberCity_Core_Tiles_2/Interior_Wall20_3.png,Interior_Wall20_3.png,WALL_SIDE,wall_piece,236,309,226,309,51.57,"[""B_HIGH_VALUE_PAINT""]",True,B_HIGH_VALUE_PAINT
pvg_wall_side_interior_wall20_4_71634e96,res://assets/tilesets/cyber_city_core_tilesets/CyberCity_Core_Tiles_2/CyberCity_Core_Tiles_2/Interior_Wall20_4.png,Interior_Wall20_4.png,WALL_SIDE,wall_piece,235,310,225,308,51.73,"[""B_HIGH_VALUE_PAINT""]",True,B_HIGH_VALUE_PAINT
pvg_wall_side_interior_wall22_1_9c35068e,res://assets/tilesets/cyber_city_core_tilesets/CyberCity_Core_Tiles_2/CyberCity_Core_Tiles_2/Interior_Wall22_1.png,Interior_Wall22_1.png,WALL_SIDE,wall_piece,18,373,7,372,61.38,"[""B_HIGH_VALUE_PAINT""]",True,B_HIGH_VALUE_PAINT
pvg_wall_back_interior_wall22_2_a4d175cd,res://assets/tilesets/cyber_city_core_tilesets/CyberCity_Core_Tiles_2/CyberCity_Core_Tiles_2/Interior_Wall22_2.png,Interior_Wall22_2.png,WALL_BACK,wall_piece,321,163,313,155,7.28,"[""B_HIGH_VALUE_PAINT""]",True,B_HIGH_VALUE_PAINT
pvg_wall_side_interior_wall22_3_e4998d14,res://assets/tilesets/cyber_city_core_tilesets/CyberCity_Core_Tiles_2/CyberCity_Core_Tiles_2/Interior_Wall22_3.png,Interior_Wall22_3.png,WALL_SIDE,wall_piece,236,309,226,309,51.57,"[""B_HIGH_VALUE_PAINT""]",True,B_HIGH_VALUE_PAINT
pvg_wall_side_interior_wall22_4_6ff124e8,res://assets/tilesets/cyber_city_core_tilesets/CyberCity_Core_Tiles_2/CyberCity_Core_Tiles_2/Interior_Wall22_4.png,Interior_Wall22_4.png,WALL_SIDE,wall_piece,235,310,225,308,51.73,"[""B_HIGH_VALUE_PAINT""]",True,B_HIGH_VALUE_PAINT
pvg_wall_side_interior_wall25_1_e13e38e6,res://assets/tilesets/cyber_city_core_tilesets/CyberCity_Core_Tiles_2/CyberCity_Core_Tiles_2/Interior_Wall25_1.png,Interior_Wall25_1.png,WALL_SIDE,wall_piece,18,373,7,372,61.38,"[""B_HIGH_VALUE_PAINT""]",True,B_HIGH_VALUE_PAINT
pvg_wall_back_interior_wall25_2_c07fc13f,res://assets/tilesets/cyber_city_core_tilesets/CyberCity_Core_Tiles_2/CyberCity_Core_Tiles_2/Interior_Wall25_2.png,Interior_Wall25_2.png,WALL_BACK,wall_piece,321,163,313,155,7.28,"[""B_HIGH_VALUE_PAINT""]",True,B_HIGH_VALUE_PAINT
pvg_wall_side_interior_wall25_3_c37baef2,res://assets/tilesets/cyber_city_core_tilesets/CyberCity_Core_Tiles_2/CyberCity_Core_Tiles_2/Interior_Wall25_3.png,Interior_Wall25_3.png,WALL_SIDE,wall_piece,236,309,226,309,51.57,"[""B_HIGH_VALUE_PAINT""]",True,B_HIGH_VALUE_PAINT
pvg_wall_side_interior_wall25_4_07a35d0b,res://assets/tilesets/cyber_city_core_tilesets/CyberCity_Core_Tiles_2/CyberCity_Core_Tiles_2/Interior_Wall25_4.png,Interior_Wall25_4.png,WALL_SIDE,wall_piece,235,310,225,308,51.73,"[""B_HIGH_VALUE_PAINT""]",True,B_HIGH_VALUE_PAINT
pvg_wall_side_interior_wall27_1_16f3046c,res://assets/tilesets/cyber_city_core_tilesets/CyberCity_Core_Tiles_2/CyberCity_Core_Tiles_2/Interior_Wall27_1.png,Interior_Wall27_1.png,WALL_SIDE,wall_piece,18,373,7,372,61.38,"[""B_HIGH_VALUE_PAINT""]",True,B_HIGH_VALUE_PAINT
pvg_wall_back_interior_wall27_2_5d67d309,res://assets/tilesets/cyber_city_core_tilesets/CyberCity_Core_Tiles_2/CyberCity_Core_Tiles_2/Interior_Wall27_2.png,Interior_Wall27_2.png,WALL_BACK,wall_piece,321,163,313,155,7.28,"[""B_HIGH_VALUE_PAINT""]",True,B_HIGH_VALUE_PAINT
pvg_wall_side_interior_wall27_3_47f94359,res://assets/tilesets/cyber_city_core_tilesets/CyberCity_Core_Tiles_2/CyberCity_Core_Tiles_2/Interior_Wall27_3.png,Interior_Wall27_3.png,WALL_SIDE,wall_piece,236,309,226,309,51.57,"[""B_HIGH_VALUE_PAINT""]",True,B_HIGH_VALUE_PAINT
pvg_wall_side_interior_wall27_4_ba84d1c5,res://assets/tilesets/cyber_city_core_tilesets/CyberCity_Core_Tiles_2/CyberCity_Core_Tiles_2/Interior_Wall27_4.png,Interior_Wall27_4.png,WALL_SIDE,wall_piece,235,310,225,308,51.73,"[""B_HIGH_VALUE_PAINT""]",True,B_HIGH_VALUE_PAINT
pvg_wall_side_interior_wall28_1_e0747dd7,res://assets/tilesets/cyber_city_core_tilesets/CyberCity_Core_Tiles_2/CyberCity_Core_Tiles_2/Interior_Wall28_1.png,Interior_Wall28_1.png,WALL_SIDE,wall_piece,18,373,7,372,61.38,"[""B_HIGH_VALUE_PAINT""]",True,B_HIGH_VALUE_PAINT
pvg_wall_back_interior_wall28_2_29fd4093,res://assets/tilesets/cyber_city_core_tilesets/CyberCity_Core_Tiles_2/CyberCity_Core_Tiles_2/Interior_Wall28_2.png,Interior_Wall28_2.png,WALL_BACK,wall_piece,321,163,313,155,7.28,"[""B_HIGH_VALUE_PAINT""]",True,B_HIGH_VALUE_PAINT
pvg_wall_side_interior_wall28_3_2aae09fc,res://assets/tilesets/cyber_city_core_tilesets/CyberCity_Core_Tiles_2/CyberCity_Core_Tiles_2/Interior_Wall28_3.png,Interior_Wall28_3.png,WALL_SIDE,wall_piece,236,309,226,309,51.57,"[""B_HIGH_VALUE_PAINT""]",True,B_HIGH_VALUE_PAINT
pvg_wall_side_interior_wall28_4_7b7b247c,res://assets/tilesets/cyber_city_core_tilesets/CyberCity_Core_Tiles_2/CyberCity_Core_Tiles_2/Interior_Wall28_4.png,Interior_Wall28_4.png,WALL_SIDE,wall_piece,235,310,225,308,51.73,"[""B_HIGH_VALUE_PAINT""]",True,B_HIGH_VALUE_PAINT
pvg_wall_side_interior_wall2_1_b91fb598,res://assets/tilesets/cyber_city_core_tilesets/CyberCity_Core_Tiles_2/CyberCity_Core_Tiles_2/Interior_Wall2_1.png,Interior_Wall2_1.png,WALL_SIDE,wall_piece,18,373,7,372,61.38,"[""B_HIGH_VALUE_PAINT""]",True,B_HIGH_VALUE_PAINT
pvg_wall_back_interior_wall2_2_d5f6c81d,res://assets/tilesets/cyber_city_core_tilesets/CyberCity_Core_Tiles_2/CyberCity_Core_Tiles_2/Interior_Wall2_2.png,Interior_Wall2_2.png,WALL_BACK,wall_piece,321,163,313,155,7.29,"[""B_HIGH_VALUE_PAINT""]",True,B_HIGH_VALUE_PAINT
pvg_wall_side_interior_wall2_3_0c7c9771,res://assets/tilesets/cyber_city_core_tilesets/CyberCity_Core_Tiles_2/CyberCity_Core_Tiles_2/Interior_Wall2_3.png,Interior_Wall2_3.png,WALL_SIDE,wall_piece,236,309,226,309,51.56,"[""B_HIGH_VALUE_PAINT""]",True,B_HIGH_VALUE_PAINT
pvg_wall_side_interior_wall2_4_4f82dfee,res://assets/tilesets/cyber_city_core_tilesets/CyberCity_Core_Tiles_2/CyberCity_Core_Tiles_2/Interior_Wall2_4.png,Interior_Wall2_4.png,WALL_SIDE,wall_piece,233,310,225,309,51.33,"[""B_HIGH_VALUE_PAINT""]",True,B_HIGH_VALUE_PAINT
pvg_wall_side_interior_wall32_1_a37a290e,res://assets/tilesets/cyber_city_core_tilesets/CyberCity_Core_Tiles_2/CyberCity_Core_Tiles_2/Interior_Wall32_1.png,Interior_Wall32_1.png,WALL_SIDE,wall_piece,18,373,7,372,61.38,"[""B_HIGH_VALUE_PAINT""]",True,B_HIGH_VALUE_PAINT
pvg_wall_back_interior_wall32_2_45998648,res://assets/tilesets/cyber_city_core_tilesets/CyberCity_Core_Tiles_2/CyberCity_Core_Tiles_2/Interior_Wall32_2.png,Interior_Wall32_2.png,WALL_BACK,wall_piece,321,163,313,155,7.28,"[""B_HIGH_VALUE_PAINT""]",True,B_HIGH_VALUE_PAINT
pvg_wall_side_interior_wall32_3_5fd02c16,res://assets/tilesets/cyber_city_core_tilesets/CyberCity_Core_Tiles_2/CyberCity_Core_Tiles_2/Interior_Wall32_3.png,Interior_Wall32_3.png,WALL_SIDE,wall_piece,236,309,226,309,51.57,"[""B_HIGH_VALUE_PAINT""]",True,B_HIGH_VALUE_PAINT
pvg_wall_side_interior_wall32_4_86aac41e,res://assets/tilesets/cyber_city_core_tilesets/CyberCity_Core_Tiles_2/CyberCity_Core_Tiles_2/Interior_Wall32_4.png,Interior_Wall32_4.png,WALL_SIDE,wall_piece,235,310,225,308,51.73,"[""B_HIGH_VALUE_PAINT""]",True,B_HIGH_VALUE_PAINT
pvg_wall_side_interior_wall41_1_d8391655,res://assets/tilesets/cyber_city_core_tilesets/CyberCity_Core_Tiles_2/CyberCity_Core_Tiles_2/Interior_Wall41_1.png,Interior_Wall41_1.png,WALL_SIDE,wall_piece,18,373,7,372,61.38,"[""B_HIGH_VALUE_PAINT""]",True,B_HIGH_VALUE_PAINT
pvg_wall_back_interior_wall41_2_a87519f6,res://assets/tilesets/cyber_city_core_tilesets/CyberCity_Core_Tiles_2/CyberCity_Core_Tiles_2/Interior_Wall41_2.png,Interior_Wall41_2.png,WALL_BACK,wall_piece,321,163,313,155,7.28,"[""B_HIGH_VALUE_PAINT""]",True,B_HIGH_VALUE_PAINT
pvg_wall_side_interior_wall41_3_d33e9d43,res://assets/tilesets/cyber_city_core_tilesets/CyberCity_Core_Tiles_2/CyberCity_Core_Tiles_2/Interior_Wall41_3.png,Interior_Wall41_3.png,WALL_SIDE,wall_piece,236,309,226,309,51.56,"[""B_HIGH_VALUE_PAINT""]",True,B_HIGH_VALUE_PAINT
pvg_wall_side_interior_wall41_4_3fa00f33,res://assets/tilesets/cyber_city_core_tilesets/CyberCity_Core_Tiles_2/CyberCity_Core_Tiles_2/Interior_Wall41_4.png,Interior_Wall41_4.png,WALL_SIDE,wall_piece,234,310,225,308,51.53,"[""B_HIGH_VALUE_PAINT""]",True,B_HIGH_VALUE_PAINT
pvg_wall_side_interior_wall6_1_be998bb7,res://assets/tilesets/cyber_city_core_tilesets/CyberCity_Core_Tiles_2/CyberCity_Core_Tiles_2/Interior_Wall6_1.png,Interior_Wall6_1.png,WALL_SIDE,wall_piece,18,373,7,372,61.38,"[""B_HIGH_VALUE_PAINT""]",True,B_HIGH_VALUE_PAINT
pvg_wall_back_interior_wall6_2_9f7f94ac,res://assets/tilesets/cyber_city_core_tilesets/CyberCity_Core_Tiles_2/CyberCity_Core_Tiles_2/Interior_Wall6_2.png,Interior_Wall6_2.png,WALL_BACK,wall_piece,321,163,313,155,7.28,"[""B_HIGH_VALUE_PAINT""]",True,B_HIGH_VALUE_PAINT
pvg_wall_side_interior_wall6_3_f8310420,res://assets/tilesets/cyber_city_core_tilesets/CyberCity_Core_Tiles_2/CyberCity_Core_Tiles_2/Interior_Wall6_3.png,Interior_Wall6_3.png,WALL_SIDE,wall_piece,236,309,226,309,51.57,"[""B_HIGH_VALUE_PAINT""]",True,B_HIGH_VALUE_PAINT
pvg_wall_side_interior_wall6_4_8a068a5b,res://assets/tilesets/cyber_city_core_tilesets/CyberCity_Core_Tiles_2/CyberCity_Core_Tiles_2/Interior_Wall6_4.png,Interior_Wall6_4.png,WALL_SIDE,wall_piece,235,310,225,308,51.73,"[""B_HIGH_VALUE_PAINT""]",True,B_HIGH_VALUE_PAINT
pvg_wall_side_interior_wall7_1_8f6b822f,res://assets/tilesets/cyber_city_core_tilesets/CyberCity_Core_Tiles_2/CyberCity_Core_Tiles_2/Interior_Wall7_1.png,Interior_Wall7_1.png,WALL_SIDE,wall_piece,18,374,7,372,61.35,"[""B_HIGH_VALUE_PAINT""]",True,B_HIGH_VALUE_PAINT
pvg_wall_back_interior_wall7_2_4f9044bb,res://assets/tilesets/cyber_city_core_tilesets/CyberCity_Core_Tiles_2/CyberCity_Core_Tiles_2/Interior_Wall7_2.png,Interior_Wall7_2.png,WALL_BACK,wall_piece,321,164,313,155,7.85,"[""B_HIGH_VALUE_PAINT""]",True,B_HIGH_VALUE_PAINT
pvg_wall_side_interior_wall7_3_39d58fc8,res://assets/tilesets/cyber_city_core_tilesets/CyberCity_Core_Tiles_2/CyberCity_Core_Tiles_2/Interior_Wall7_3.png,Interior_Wall7_3.png,WALL_SIDE,wall_piece,237,311,226,309,51.86,"[""B_HIGH_VALUE_PAINT""]",True,B_HIGH_VALUE_PAINT
pvg_wall_side_interior_wall7_4_5e92550c,res://assets/tilesets/cyber_city_core_tilesets/CyberCity_Core_Tiles_2/CyberCity_Core_Tiles_2/Interior_Wall7_4.png,Interior_Wall7_4.png,WALL_SIDE,wall_piece,238,310,227,309,51.88,"[""B_HIGH_VALUE_PAINT""]",True,B_HIGH_VALUE_PAINT
pvg_tileset_atlas_largepipe1_1_24368090,res://assets/tilesets/cyber_city_core_tilesets/CyberCity_Core_Tiles_2/CyberCity_Core_Tiles_2/LargePipe1_1.png,LargePipe1_1.png,TILESET_ATLAS,atlas_or_large_sheet,559,326,555,318,63.94,"[""A_PRIMARY_ATLAS"", ""C_LARGE_OBJECT_PAINT""]",True,"A_PRIMARY_ATLAS, C_LARGE_OBJECT_PAINT"
pvg_tileset_atlas_largepipe1_2_d6baa18e,res://assets/tilesets/cyber_city_core_tilesets/CyberCity_Core_Tiles_2/CyberCity_Core_Tiles_2/LargePipe1_2.png,LargePipe1_2.png,TILESET_ATLAS,atlas_or_large_sheet,161,570,153,566,47.0,"[""A_PRIMARY_ATLAS"", ""C_LARGE_OBJECT_PAINT""]",True,"A_PRIMARY_ATLAS, C_LARGE_OBJECT_PAINT"
pvg_foreground_tall_largepipe1_3_72fc4f09,res://assets/tilesets/cyber_city_core_tilesets/CyberCity_Core_Tiles_2/CyberCity_Core_Tiles_2/LargePipe1_3.png,LargePipe1_3.png,FOREGROUND_TALL,industrial_prop,433,488,428,479,71.81,"[""C_LARGE_OBJECT_PAINT""]",True,C_LARGE_OBJECT_PAINT
pvg_foreground_tall_largepipe1_4_5baf44a6,res://assets/tilesets/cyber_city_core_tilesets/CyberCity_Core_Tiles_2/CyberCity_Core_Tiles_2/LargePipe1_4.png,LargePipe1_4.png,FOREGROUND_TALL,industrial_prop,432,484,428,479,70.42,"[""C_LARGE_OBJECT_PAINT""]",True,C_LARGE_OBJECT_PAINT
pvg_tileset_atlas_metroline1_1_ea12800e,res://assets/tilesets/cyber_city_core_tilesets/CyberCity_Core_Tiles_2/CyberCity_Core_Tiles_2/MetroLine1_1.png,MetroLine1_1.png,TILESET_ATLAS,atlas_or_large_sheet,1274,671,1268,660,24.35,"[""A_PRIMARY_ATLAS"", ""C_LARGE_OBJECT_PAINT""]",True,"A_PRIMARY_ATLAS, C_LARGE_OBJECT_PAINT"
pvg_tileset_atlas_metroline1_2_5a78ec8a,res://assets/tilesets/cyber_city_core_tilesets/CyberCity_Core_Tiles_2/CyberCity_Core_Tiles_2/MetroLine1_2.png,MetroLine1_2.png,TILESET_ATLAS,atlas_or_large_sheet,503,1188,494,1180,20.93,"[""A_PRIMARY_ATLAS"", ""C_LARGE_OBJECT_PAINT""]",True,"A_PRIMARY_ATLAS, C_LARGE_OBJECT_PAINT"
pvg_tileset_atlas_metroline1_3_6c7ef265,res://assets/tilesets/cyber_city_core_tilesets/CyberCity_Core_Tiles_2/CyberCity_Core_Tiles_2/MetroLine1_3.png,MetroLine1_3.png,TILESET_ATLAS,atlas_or_large_sheet,1162,1134,1158,1130,52.86,"[""A_PRIMARY_ATLAS"", ""C_LARGE_OBJECT_PAINT""]",True,"A_PRIMARY_ATLAS, C_LARGE_OBJECT_PAINT"
pvg_tileset_atlas_metroline1_4_facdde0e,res://assets/tilesets/cyber_city_core_tilesets/CyberCity_Core_Tiles_2/CyberCity_Core_Tiles_2/MetroLine1_4.png,MetroLine1_4.png,TILESET_ATLAS,atlas_or_large_sheet,1160,1135,1158,1131,57.35,"[""A_PRIMARY_ATLAS"", ""C_LARGE_OBJECT_PAINT""]",True,"A_PRIMARY_ATLAS, C_LARGE_OBJECT_PAINT"
pvg_tileset_atlas_metrostationlarge1_1_3f28da5d,res://assets/tilesets/cyber_city_core_tilesets/CyberCity_Core_Tiles_2/CyberCity_Core_Tiles_2/MetroStationLarge1_1.png,MetroStationLarge1_1.png,TILESET_ATLAS,atlas_or_large_sheet,3796,1052,3787,1039,45.88,"[""A_PRIMARY_ATLAS"", ""C_LARGE_OBJECT_PAINT""]",True,"A_PRIMARY_ATLAS, C_LARGE_OBJECT_PAINT"
pvg_tileset_atlas_metrostationlarge1_2_8c1817b1,res://assets/tilesets/cyber_city_core_tilesets/CyberCity_Core_Tiles_2/CyberCity_Core_Tiles_2/MetroStationLarge1_2.png,MetroStationLarge1_2.png,TILESET_ATLAS,atlas_or_large_sheet,1028,2967,1016,2955,42.77,"[""A_PRIMARY_ATLAS"", ""C_LARGE_OBJECT_PAINT""]",True,"A_PRIMARY_ATLAS, C_LARGE_OBJECT_PAINT"
pvg_tileset_atlas_metrostationlarge1_3_f32a75dd,res://assets/tilesets/cyber_city_core_tilesets/CyberCity_Core_Tiles_2/CyberCity_Core_Tiles_2/MetroStationLarge1_3.png,MetroStationLarge1_3.png,TILESET_ATLAS,atlas_or_large_sheet,3799,910,3788,900,35.88,"[""A_PRIMARY_ATLAS"", ""C_LARGE_OBJECT_PAINT""]",True,"A_PRIMARY_ATLAS, C_LARGE_OBJECT_PAINT"
pvg_tileset_atlas_metrostationlarge1_4_e909aa19,res://assets/tilesets/cyber_city_core_tilesets/CyberCity_Core_Tiles_2/CyberCity_Core_Tiles_2/MetroStationLarge1_4.png,MetroStationLarge1_4.png,TILESET_ATLAS,atlas_or_large_sheet,1091,2968,1078,2955,46.18,"[""A_PRIMARY_ATLAS"", ""C_LARGE_OBJECT_PAINT""]",True,"A_PRIMARY_ATLAS, C_LARGE_OBJECT_PAINT"
pvg_tileset_atlas_metrostationlarge1_5_eccb08e2,res://assets/tilesets/cyber_city_core_tilesets/CyberCity_Core_Tiles_2/CyberCity_Core_Tiles_2/MetroStationLarge1_5.png,MetroStationLarge1_5.png,TILESET_ATLAS,atlas_or_large_sheet,2992,2396,2983,2387,71.1,"[""A_PRIMARY_ATLAS"", ""C_LARGE_OBJECT_PAINT""]",True,"A_PRIMARY_ATLAS, C_LARGE_OBJECT_PAINT"
pvg_tileset_atlas_metrostationlarge1_6_5c4cabe1,res://assets/tilesets/cyber_city_core_tilesets/CyberCity_Core_Tiles_2/CyberCity_Core_Tiles_2/MetroStationLarge1_6.png,MetroStationLarge1_6.png,TILESET_ATLAS,atlas_or_large_sheet,2989,2392,2984,2388,73.29,"[""A_PRIMARY_ATLAS"", ""C_LARGE_OBJECT_PAINT""]",True,"A_PRIMARY_ATLAS, C_LARGE_OBJECT_PAINT"
pvg_tileset_atlas_metrostationlarge1_7_c419215d,res://assets/tilesets/cyber_city_core_tilesets/CyberCity_Core_Tiles_2/CyberCity_Core_Tiles_2/MetroStationLarge1_7.png,MetroStationLarge1_7.png,TILESET_ATLAS,atlas_or_large_sheet,2993,2394,2985,2387,72.57,"[""A_PRIMARY_ATLAS"", ""C_LARGE_OBJECT_PAINT""]",True,"A_PRIMARY_ATLAS, C_LARGE_OBJECT_PAINT"
pvg_tileset_atlas_metrostationlarge1_8_cd452505,res://assets/tilesets/cyber_city_core_tilesets/CyberCity_Core_Tiles_2/CyberCity_Core_Tiles_2/MetroStationLarge1_8.png,MetroStationLarge1_8.png,TILESET_ATLAS,atlas_or_large_sheet,2993,2395,2984,2387,70.72,"[""A_PRIMARY_ATLAS"", ""C_LARGE_OBJECT_PAINT""]",True,"A_PRIMARY_ATLAS, C_LARGE_OBJECT_PAINT"
pvg_tileset_atlas_metrotrain1_1_3eea4f3b,res://assets/tilesets/cyber_city_core_tilesets/CyberCity_Core_Tiles_2/CyberCity_Core_Tiles_2/MetroTrain1_1.png,MetroTrain1_1.png,TILESET_ATLAS,atlas_or_large_sheet,1098,191,1088,179,12.57,"[""A_PRIMARY_ATLAS"", ""C_LARGE_OBJECT_PAINT""]",True,"A_PRIMARY_ATLAS, C_LARGE_OBJECT_PAINT"
pvg_tileset_atlas_metrotrain1_2_7061f596,res://assets/tilesets/cyber_city_core_tilesets/CyberCity_Core_Tiles_2/CyberCity_Core_Tiles_2/MetroTrain1_2.png,MetroTrain1_2.png,TILESET_ATLAS,atlas_or_large_sheet,198,784,186,773,11.77,"[""A_PRIMARY_ATLAS"", ""C_LARGE_OBJECT_PAINT""]",True,"A_PRIMARY_ATLAS, C_LARGE_OBJECT_PAINT"
pvg_tileset_atlas_metrotrain1_3_e96c5e30,res://assets/tilesets/cyber_city_core_tilesets/CyberCity_Core_Tiles_2/CyberCity_Core_Tiles_2/MetroTrain1_3.png,MetroTrain1_3.png,TILESET_ATLAS,atlas_or_large_sheet,1095,190,1088,179,11.86,"[""A_PRIMARY_ATLAS"", ""C_LARGE_OBJECT_PAINT""]",True,"A_PRIMARY_ATLAS, C_LARGE_OBJECT_PAINT"
pvg_tileset_atlas_metrotrain1_4_c8356d43,res://assets/tilesets/cyber_city_core_tilesets/CyberCity_Core_Tiles_2/CyberCity_Core_Tiles_2/MetroTrain1_4.png,MetroTrain1_4.png,TILESET_ATLAS,atlas_or_large_sheet,198,864,186,854,16.35,"[""A_PRIMARY_ATLAS"", ""C_LARGE_OBJECT_PAINT""]",True,"A_PRIMARY_ATLAS, C_LARGE_OBJECT_PAINT"
pvg_tileset_atlas_metrotrain1_5_8366738b,res://assets/tilesets/cyber_city_core_tilesets/CyberCity_Core_Tiles_2/CyberCity_Core_Tiles_2/MetroTrain1_5.png,MetroTrain1_5.png,TILESET_ATLAS,atlas_or_large_sheet,830,626,824,620,69.82,"[""A_PRIMARY_ATLAS"", ""C_LARGE_OBJECT_PAINT""]",True,"A_PRIMARY_ATLAS, C_LARGE_OBJECT_PAINT"
pvg_tileset_atlas_metrotrain1_6_979eda63,res://assets/tilesets/cyber_city_core_tilesets/CyberCity_Core_Tiles_2/CyberCity_Core_Tiles_2/MetroTrain1_6.png,MetroTrain1_6.png,TILESET_ATLAS,atlas_or_large_sheet,831,669,824,665,70.54,"[""A_PRIMARY_ATLAS"", ""C_LARGE_OBJECT_PAINT""]",True,"A_PRIMARY_ATLAS, C_LARGE_OBJECT_PAINT"
pvg_tileset_atlas_metrotrain1_7_33b6920a,res://assets/tilesets/cyber_city_core_tilesets/CyberCity_Core_Tiles_2/CyberCity_Core_Tiles_2/MetroTrain1_7.png,MetroTrain1_7.png,TILESET_ATLAS,atlas_or_large_sheet,834,623,824,620,69.81,"[""A_PRIMARY_ATLAS"", ""C_LARGE_OBJECT_PAINT""]",True,"A_PRIMARY_ATLAS, C_LARGE_OBJECT_PAINT"
pvg_tileset_atlas_metrotrain1_8_c89bc869,res://assets/tilesets/cyber_city_core_tilesets/CyberCity_Core_Tiles_2/CyberCity_Core_Tiles_2/MetroTrain1_8.png,MetroTrain1_8.png,TILESET_ATLAS,atlas_or_large_sheet,830,673,824,665,70.67,"[""A_PRIMARY_ATLAS"", ""C_LARGE_OBJECT_PAINT""]",True,"A_PRIMARY_ATLAS, C_LARGE_OBJECT_PAINT"
pvg_road_street_pavement1_1_fe54e97e,res://assets/tilesets/cyber_city_core_tilesets/CyberCity_Core_Tiles_2/CyberCity_Core_Tiles_2/Pavement1_1.png,Pavement1_1.png,ROAD_STREET,road_street,199,76,192,67,17.8,"[""B_HIGH_VALUE_PAINT""]",True,B_HIGH_VALUE_PAINT
pvg_road_street_pavement1_2_4cd2ecca,res://assets/tilesets/cyber_city_core_tilesets/CyberCity_Core_Tiles_2/CyberCity_Core_Tiles_2/Pavement1_2.png,Pavement1_2.png,ROAD_STREET,road_street,98,144,93,137,11.13,"[""B_HIGH_VALUE_PAINT""]",True,B_HIGH_VALUE_PAINT
pvg_road_street_pavement1_3_2ca25545,res://assets/tilesets/cyber_city_core_tilesets/CyberCity_Core_Tiles_2/CyberCity_Core_Tiles_2/Pavement1_3.png,Pavement1_3.png,ROAD_STREET,road_street,199,76,192,67,16.67,"[""B_HIGH_VALUE_PAINT""]",True,B_HIGH_VALUE_PAINT
pvg_road_street_pavement1_4_40ae035b,res://assets/tilesets/cyber_city_core_tilesets/CyberCity_Core_Tiles_2/CyberCity_Core_Tiles_2/Pavement1_4.png,Pavement1_4.png,ROAD_STREET,road_street,98,144,93,137,11.52,"[""B_HIGH_VALUE_PAINT""]",True,B_HIGH_VALUE_PAINT
pvg_road_street_pavement1_5_5616b7c0,res://assets/tilesets/cyber_city_core_tilesets/CyberCity_Core_Tiles_2/CyberCity_Core_Tiles_2/Pavement1_5.png,Pavement1_5.png,ROAD_STREET,road_street,198,142,197,140,55.74,"[""B_HIGH_VALUE_PAINT""]",True,B_HIGH_VALUE_PAINT
pvg_road_street_pavement1_6_48cb131e,res://assets/tilesets/cyber_city_core_tilesets/CyberCity_Core_Tiles_2/CyberCity_Core_Tiles_2/Pavement1_6.png,Pavement1_6.png,ROAD_STREET,road_street,198,142,197,140,55.77,"[""B_HIGH_VALUE_PAINT""]",True,B_HIGH_VALUE_PAINT
pvg_road_street_pavement1_7_45c2547d,res://assets/tilesets/cyber_city_core_tilesets/CyberCity_Core_Tiles_2/CyberCity_Core_Tiles_2/Pavement1_7.png,Pavement1_7.png,ROAD_STREET,road_street,199,141,197,140,55.39,"[""B_HIGH_VALUE_PAINT""]",True,B_HIGH_VALUE_PAINT
pvg_road_street_pavement1_8_edc0c237,res://assets/tilesets/cyber_city_core_tilesets/CyberCity_Core_Tiles_2/CyberCity_Core_Tiles_2/Pavement1_8.png,Pavement1_8.png,ROAD_STREET,road_street,199,141,197,140,55.3,"[""B_HIGH_VALUE_PAINT""]",True,B_HIGH_VALUE_PAINT
pvg_foreground_tall_pipe1_1_1f204672,res://assets/tilesets/cyber_city_core_tilesets/CyberCity_Core_Tiles_2/CyberCity_Core_Tiles_2/Pipe1_1.png,Pipe1_1.png,FOREGROUND_TALL,industrial_prop,34,379,25,376,57.59,"[""C_LARGE_OBJECT_PAINT""]",True,C_LARGE_OBJECT_PAINT
pvg_tileset_atlas_pipe1_2_5aaacb35,res://assets/tilesets/cyber_city_core_tilesets/CyberCity_Core_Tiles_2/CyberCity_Core_Tiles_2/Pipe1_2.png,Pipe1_2.png,TILESET_ATLAS,atlas_or_large_sheet,526,30,516,27,52.48,"[""A_PRIMARY_ATLAS"", ""C_LARGE_OBJECT_PAINT""]",True,"A_PRIMARY_ATLAS, C_LARGE_OBJECT_PAINT"
pvg_foreground_tall_pipe1_3_3fcad4be,res://assets/tilesets/cyber_city_core_tilesets/CyberCity_Core_Tiles_2/CyberCity_Core_Tiles_2/Pipe1_3.png,Pipe1_3.png,FOREGROUND_TALL,industrial_prop,380,276,375,275,93.74,"[""C_LARGE_OBJECT_PAINT""]",True,C_LARGE_OBJECT_PAINT
pvg_foreground_tall_pipe1_4_098add3f,res://assets/tilesets/cyber_city_core_tilesets/CyberCity_Core_Tiles_2/CyberCity_Core_Tiles_2/Pipe1_4.png,Pipe1_4.png,FOREGROUND_TALL,industrial_prop,380,279,376,275,93.79,"[""C_LARGE_OBJECT_PAINT""]",True,C_LARGE_OBJECT_PAINT
pvg_wall_corner_poster1_1_4f951cc5,res://assets/tilesets/cyber_city_core_tilesets/CyberCity_Core_Tiles_2/CyberCity_Core_Tiles_2/Poster1_1.png,Poster1_1.png,WALL_CORNER,post_column,16,17,15,15,20.22,"[""B_HIGH_VALUE_PAINT""]",True,B_HIGH_VALUE_PAINT
pvg_wall_corner_poster1_2_ef7f1e15,res://assets/tilesets/cyber_city_core_tilesets/CyberCity_Core_Tiles_2/CyberCity_Core_Tiles_2/Poster1_2.png,Poster1_2.png,WALL_CORNER,post_column,3,19,3,18,56.14,"[""B_HIGH_VALUE_PAINT""]",True,B_HIGH_VALUE_PAINT
pvg_wall_corner_poster1_3_de8659ce,res://assets/tilesets/cyber_city_core_tilesets/CyberCity_Core_Tiles_2/CyberCity_Core_Tiles_2/Poster1_3.png,Poster1_3.png,WALL_CORNER,post_column,13,21,11,20,41.03,"[""B_HIGH_VALUE_PAINT""]",True,B_HIGH_VALUE_PAINT
pvg_wall_corner_poster1_4_2e3bb035,res://assets/tilesets/cyber_city_core_tilesets/CyberCity_Core_Tiles_2/CyberCity_Core_Tiles_2/Poster1_4.png,Poster1_4.png,WALL_CORNER,post_column,13,22,11,19,46.15,"[""B_HIGH_VALUE_PAINT""]",True,B_HIGH_VALUE_PAINT
pvg_wall_corner_poster2_1_89f8fe46,res://assets/tilesets/cyber_city_core_tilesets/CyberCity_Core_Tiles_2/CyberCity_Core_Tiles_2/Poster2_1.png,Poster2_1.png,WALL_CORNER,post_column,17,17,15,15,24.22,"[""B_HIGH_VALUE_PAINT""]",True,B_HIGH_VALUE_PAINT
pvg_wall_corner_poster2_2_e125b22b,res://assets/tilesets/cyber_city_core_tilesets/CyberCity_Core_Tiles_2/CyberCity_Core_Tiles_2/Poster2_2.png,Poster2_2.png,WALL_CORNER,post_column,3,20,3,18,63.33,"[""B_HIGH_VALUE_PAINT""]",True,B_HIGH_VALUE_PAINT
pvg_wall_corner_poster2_3_06afb968,res://assets/tilesets/cyber_city_core_tilesets/CyberCity_Core_Tiles_2/CyberCity_Core_Tiles_2/Poster2_3.png,Poster2_3.png,WALL_CORNER,post_column,13,22,11,20,43.01,"[""B_HIGH_VALUE_PAINT""]",True,B_HIGH_VALUE_PAINT
pvg_wall_corner_poster2_4_0f687a97,res://assets/tilesets/cyber_city_core_tilesets/CyberCity_Core_Tiles_2/CyberCity_Core_Tiles_2/Poster2_4.png,Poster2_4.png,WALL_CORNER,post_column,13,22,11,19,45.45,"[""B_HIGH_VALUE_PAINT""]",True,B_HIGH_VALUE_PAINT
pvg_wall_corner_poster3_1_a5964c16,res://assets/tilesets/cyber_city_core_tilesets/CyberCity_Core_Tiles_2/CyberCity_Core_Tiles_2/Poster3_1.png,Poster3_1.png,WALL_CORNER,post_column,17,17,15,15,23.88,"[""B_HIGH_VALUE_PAINT""]",True,B_HIGH_VALUE_PAINT
pvg_wall_corner_poster3_2_860028e5,res://assets/tilesets/cyber_city_core_tilesets/CyberCity_Core_Tiles_2/CyberCity_Core_Tiles_2/Poster3_2.png,Poster3_2.png,WALL_CORNER,post_column,3,19,3,17,61.4,"[""B_HIGH_VALUE_PAINT""]",True,B_HIGH_VALUE_PAINT
pvg_wall_corner_poster3_3_3a891c9a,res://assets/tilesets/cyber_city_core_tilesets/CyberCity_Core_Tiles_2/CyberCity_Core_Tiles_2/Poster3_3.png,Poster3_3.png,WALL_CORNER,post_column,13,21,11,20,40.29,"[""B_HIGH_VALUE_PAINT""]",True,B_HIGH_VALUE_PAINT
pvg_wall_corner_poster3_4_bfae049d,res://assets/tilesets/cyber_city_core_tilesets/CyberCity_Core_Tiles_2/CyberCity_Core_Tiles_2/Poster3_4.png,Poster3_4.png,WALL_CORNER,post_column,13,22,11,19,45.45,"[""B_HIGH_VALUE_PAINT""]",True,B_HIGH_VALUE_PAINT
pvg_wall_corner_poster4_1_2692d9f3,res://assets/tilesets/cyber_city_core_tilesets/CyberCity_Core_Tiles_2/CyberCity_Core_Tiles_2/Poster4_1.png,Poster4_1.png,WALL_CORNER,post_column,17,17,17,15,27.68,"[""B_HIGH_VALUE_PAINT""]",True,B_HIGH_VALUE_PAINT
pvg_wall_corner_poster4_2_5abd6b60,res://assets/tilesets/cyber_city_core_tilesets/CyberCity_Core_Tiles_2/CyberCity_Core_Tiles_2/Poster4_2.png,Poster4_2.png,WALL_CORNER,post_column,3,19,3,18,57.89,"[""B_HIGH_VALUE_PAINT""]",True,B_HIGH_VALUE_PAINT
pvg_wall_corner_poster4_3_b19fb323,res://assets/tilesets/cyber_city_core_tilesets/CyberCity_Core_Tiles_2/CyberCity_Core_Tiles_2/Poster4_3.png,Poster4_3.png,WALL_CORNER,post_column,13,22,13,20,44.76,"[""B_HIGH_VALUE_PAINT""]",True,B_HIGH_VALUE_PAINT
pvg_wall_corner_poster4_4_b1e88d43,res://assets/tilesets/cyber_city_core_tilesets/CyberCity_Core_Tiles_2/CyberCity_Core_Tiles_2/Poster4_4.png,Poster4_4.png,WALL_CORNER,post_column,13,23,12,20,49.83,"[""B_HIGH_VALUE_PAINT""]",True,B_HIGH_VALUE_PAINT
pvg_wall_corner_poster5_1_3e3ddf7f,res://assets/tilesets/cyber_city_core_tilesets/CyberCity_Core_Tiles_2/CyberCity_Core_Tiles_2/Poster5_1.png,Poster5_1.png,WALL_CORNER,post_column,19,17,17,17,32.82,"[""B_HIGH_VALUE_PAINT""]",True,B_HIGH_VALUE_PAINT
pvg_wall_corner_poster5_2_11674592,res://assets/tilesets/cyber_city_core_tilesets/CyberCity_Core_Tiles_2/CyberCity_Core_Tiles_2/Poster5_2.png,Poster5_2.png,WALL_CORNER,post_column,3,21,3,16,66.67,"[""B_HIGH_VALUE_PAINT""]",True,B_HIGH_VALUE_PAINT
pvg_wall_corner_poster5_3_355c9969,res://assets/tilesets/cyber_city_core_tilesets/CyberCity_Core_Tiles_2/CyberCity_Core_Tiles_2/Poster5_3.png,Poster5_3.png,WALL_CORNER,post_column,14,21,13,21,43.2,"[""B_HIGH_VALUE_PAINT""]",True,B_HIGH_VALUE_PAINT
pvg_wall_corner_poster5_4_828f9275,res://assets/tilesets/cyber_city_core_tilesets/CyberCity_Core_Tiles_2/CyberCity_Core_Tiles_2/Poster5_4.png,Poster5_4.png,WALL_CORNER,post_column,14,22,13,20,48.7,"[""B_HIGH_VALUE_PAINT""]",True,B_HIGH_VALUE_PAINT
pvg_wall_corner_poster6_1_e4e0a642,res://assets/tilesets/cyber_city_core_tilesets/CyberCity_Core_Tiles_2/CyberCity_Core_Tiles_2/Poster6_1.png,Poster6_1.png,WALL_CORNER,post_column,17,17,17,15,28.37,"[""B_HIGH_VALUE_PAINT""]",True,B_HIGH_VALUE_PAINT
pvg_wall_corner_poster6_2_553c2803,res://assets/tilesets/cyber_city_core_tilesets/CyberCity_Core_Tiles_2/CyberCity_Core_Tiles_2/Poster6_2.png,Poster6_2.png,WALL_CORNER,post_column,3,20,3,18,40.0,"[""B_HIGH_VALUE_PAINT""]",True,B_HIGH_VALUE_PAINT
pvg_wall_corner_poster6_3_2d6969a9,res://assets/tilesets/cyber_city_core_tilesets/CyberCity_Core_Tiles_2/CyberCity_Core_Tiles_2/Poster6_3.png,Poster6_3.png,WALL_CORNER,post_column,14,22,12,20,49.35,"[""B_HIGH_VALUE_PAINT""]",True,B_HIGH_VALUE_PAINT
pvg_wall_corner_poster6_4_3bc3cf42,res://assets/tilesets/cyber_city_core_tilesets/CyberCity_Core_Tiles_2/CyberCity_Core_Tiles_2/Poster6_4.png,Poster6_4.png,WALL_CORNER,post_column,13,23,11,20,51.51,"[""B_HIGH_VALUE_PAINT""]",True,B_HIGH_VALUE_PAINT
pvg_wall_corner_poster7_1_5465793c,res://assets/tilesets/cyber_city_core_tilesets/CyberCity_Core_Tiles_2/CyberCity_Core_Tiles_2/Poster7_1.png,Poster7_1.png,WALL_CORNER,post_column,17,20,16,15,37.35,"[""B_HIGH_VALUE_PAINT""]",True,B_HIGH_VALUE_PAINT
pvg_wall_corner_poster7_2_f58699eb,res://assets/tilesets/cyber_city_core_tilesets/CyberCity_Core_Tiles_2/CyberCity_Core_Tiles_2/Poster7_2.png,Poster7_2.png,WALL_CORNER,post_column,3,19,3,17,52.63,"[""B_HIGH_VALUE_PAINT""]",True,B_HIGH_VALUE_PAINT
pvg_wall_corner_poster7_3_581f101f,res://assets/tilesets/cyber_city_core_tilesets/CyberCity_Core_Tiles_2/CyberCity_Core_Tiles_2/Poster7_3.png,Poster7_3.png,WALL_CORNER,post_column,12,22,11,20,39.02,"[""B_HIGH_VALUE_PAINT""]",True,B_HIGH_VALUE_PAINT
pvg_wall_corner_poster7_4_2d800260,res://assets/tilesets/cyber_city_core_tilesets/CyberCity_Core_Tiles_2/CyberCity_Core_Tiles_2/Poster7_4.png,Poster7_4.png,WALL_CORNER,post_column,12,22,12,20,41.29,"[""B_HIGH_VALUE_PAINT""]",True,B_HIGH_VALUE_PAINT
pvg_wall_corner_poster8_1_e671247d,res://assets/tilesets/cyber_city_core_tilesets/CyberCity_Core_Tiles_2/CyberCity_Core_Tiles_2/Poster8_1.png,Poster8_1.png,WALL_CORNER,post_column,16,17,15,15,19.12,"[""B_HIGH_VALUE_PAINT""]",True,B_HIGH_VALUE_PAINT
pvg_wall_corner_poster8_2_d12507f5,res://assets/tilesets/cyber_city_core_tilesets/CyberCity_Core_Tiles_2/CyberCity_Core_Tiles_2/Poster8_2.png,Poster8_2.png,WALL_CORNER,post_column,3,20,3,18,56.67,"[""B_HIGH_VALUE_PAINT""]",True,B_HIGH_VALUE_PAINT
pvg_wall_corner_poster8_3_9daff79f,res://assets/tilesets/cyber_city_core_tilesets/CyberCity_Core_Tiles_2/CyberCity_Core_Tiles_2/Poster8_3.png,Poster8_3.png,WALL_CORNER,post_column,13,21,11,20,40.29,"[""B_HIGH_VALUE_PAINT""]",True,B_HIGH_VALUE_PAINT
pvg_wall_corner_poster8_4_a481e28b,res://assets/tilesets/cyber_city_core_tilesets/CyberCity_Core_Tiles_2/CyberCity_Core_Tiles_2/Poster8_4.png,Poster8_4.png,WALL_CORNER,post_column,13,22,11,19,45.8,"[""B_HIGH_VALUE_PAINT""]",True,B_HIGH_VALUE_PAINT
pvg_wall_corner_poster9_1_e84baa23,res://assets/tilesets/cyber_city_core_tilesets/CyberCity_Core_Tiles_2/CyberCity_Core_Tiles_2/Poster9_1.png,Poster9_1.png,WALL_CORNER,post_column,21,17,20,11,40.9,"[""B_HIGH_VALUE_PAINT""]",True,B_HIGH_VALUE_PAINT
pvg_wall_corner_poster9_2_e62d66d6,res://assets/tilesets/cyber_city_core_tilesets/CyberCity_Core_Tiles_2/CyberCity_Core_Tiles_2/Poster9_2.png,Poster9_2.png,WALL_CORNER,post_column,3,22,2,13,74.24,"[""B_HIGH_VALUE_PAINT""]",True,B_HIGH_VALUE_PAINT
pvg_wall_corner_poster9_3_aef06401,res://assets/tilesets/cyber_city_core_tilesets/CyberCity_Core_Tiles_2/CyberCity_Core_Tiles_2/Poster9_3.png,Poster9_3.png,WALL_CORNER,post_column,17,20,15,19,52.35,"[""B_HIGH_VALUE_PAINT""]",True,B_HIGH_VALUE_PAINT
pvg_wall_corner_poster9_4_31cc4557,res://assets/tilesets/cyber_city_core_tilesets/CyberCity_Core_Tiles_2/CyberCity_Core_Tiles_2/Poster9_4.png,Poster9_4.png,WALL_CORNER,post_column,16,21,15,19,52.98,"[""B_HIGH_VALUE_PAINT""]",True,B_HIGH_VALUE_PAINT
pvg_wall_corner_posters1_1_a8fd3e59,res://assets/tilesets/cyber_city_core_tilesets/CyberCity_Core_Tiles_2/CyberCity_Core_Tiles_2/Posters1_1.png,Posters1_1.png,WALL_CORNER,post_column,69,60,62,55,43.67,"[""B_HIGH_VALUE_PAINT""]",True,B_HIGH_VALUE_PAINT
pvg_wall_corner_posters1_2_b5ce1eb4,res://assets/tilesets/cyber_city_core_tilesets/CyberCity_Core_Tiles_2/CyberCity_Core_Tiles_2/Posters1_2.png,Posters1_2.png,WALL_CORNER,post_column,9,81,3,75,80.8,"[""B_HIGH_VALUE_PAINT""]",True,B_HIGH_VALUE_PAINT
pvg_wall_corner_posters1_3_6dddeadb,res://assets/tilesets/cyber_city_core_tilesets/CyberCity_Core_Tiles_2/CyberCity_Core_Tiles_2/Posters1_3.png,Posters1_3.png,WALL_CORNER,post_column,68,57,62,54,41.28,"[""B_HIGH_VALUE_PAINT""]",True,B_HIGH_VALUE_PAINT
pvg_wall_corner_posters1_4_e1c2f6e6,res://assets/tilesets/cyber_city_core_tilesets/CyberCity_Core_Tiles_2/CyberCity_Core_Tiles_2/Posters1_4.png,Posters1_4.png,WALL_CORNER,post_column,7,84,3,79,75.34,"[""B_HIGH_VALUE_PAINT""]",True,B_HIGH_VALUE_PAINT
pvg_wall_corner_posters1_5_d951aa7f,res://assets/tilesets/cyber_city_core_tilesets/CyberCity_Core_Tiles_2/CyberCity_Core_Tiles_2/Posters1_5.png,Posters1_5.png,WALL_CORNER,post_column,50,71,45,70,51.94,"[""B_HIGH_VALUE_PAINT""]",True,B_HIGH_VALUE_PAINT
pvg_wall_corner_posters1_6_1489bc91,res://assets/tilesets/cyber_city_core_tilesets/CyberCity_Core_Tiles_2/CyberCity_Core_Tiles_2/Posters1_6.png,Posters1_6.png,WALL_CORNER,post_column,51,75,45,71,55.95,"[""B_HIGH_VALUE_PAINT""]",True,B_HIGH_VALUE_PAINT
pvg_wall_corner_posters1_7_867ba94f,res://assets/tilesets/cyber_city_core_tilesets/CyberCity_Core_Tiles_2/CyberCity_Core_Tiles_2/Posters1_7.png,Posters1_7.png,WALL_CORNER,post_column,52,71,44,70,54.82,"[""B_HIGH_VALUE_PAINT""]",True,B_HIGH_VALUE_PAINT
pvg_wall_corner_posters1_8_57c477bb,res://assets/tilesets/cyber_city_core_tilesets/CyberCity_Core_Tiles_2/CyberCity_Core_Tiles_2/Posters1_8.png,Posters1_8.png,WALL_CORNER,post_column,50,73,45,71,53.45,"[""B_HIGH_VALUE_PAINT""]",True,B_HIGH_VALUE_PAINT
pvg_tileset_atlas_ramp1_1_e43b2674,res://assets/tilesets/cyber_city_core_tilesets/CyberCity_Core_Tiles_2/CyberCity_Core_Tiles_2/Ramp1_1.png,Ramp1_1.png,TILESET_ATLAS,atlas_or_large_sheet,2195,1150,2186,1141,57.91,"[""A_PRIMARY_ATLAS"", ""B_HIGH_VALUE_PAINT""]",True,"A_PRIMARY_ATLAS, B_HIGH_VALUE_PAINT"
pvg_tileset_atlas_ramp1_2_bd76b565,res://assets/tilesets/cyber_city_core_tilesets/CyberCity_Core_Tiles_2/CyberCity_Core_Tiles_2/Ramp1_2.png,Ramp1_2.png,TILESET_ATLAS,atlas_or_large_sheet,1201,1664,1194,1654,52.4,"[""A_PRIMARY_ATLAS"", ""B_HIGH_VALUE_PAINT""]",True,"A_PRIMARY_ATLAS, B_HIGH_VALUE_PAINT"
pvg_tileset_atlas_ramp1_3_9cd701c0,res://assets/tilesets/cyber_city_core_tilesets/CyberCity_Core_Tiles_2/CyberCity_Core_Tiles_2/Ramp1_3.png,Ramp1_3.png,TILESET_ATLAS,atlas_or_large_sheet,2197,920,2186,914,52.66,"[""A_PRIMARY_ATLAS"", ""B_HIGH_VALUE_PAINT""]",True,"A_PRIMARY_ATLAS, B_HIGH_VALUE_PAINT"
pvg_tileset_atlas_ramp1_4_20b7cbf3,res://assets/tilesets/cyber_city_core_tilesets/CyberCity_Core_Tiles_2/CyberCity_Core_Tiles_2/Ramp1_4.png,Ramp1_4.png,TILESET_ATLAS,atlas_or_large_sheet,1261,1672,1255,1662,53.16,"[""A_PRIMARY_ATLAS"", ""B_HIGH_VALUE_PAINT""]",True,"A_PRIMARY_ATLAS, B_HIGH_VALUE_PAINT"
pvg_tileset_atlas_ramp1_5_0d051d38,res://assets/tilesets/cyber_city_core_tilesets/CyberCity_Core_Tiles_2/CyberCity_Core_Tiles_2/Ramp1_5.png,Ramp1_5.png,TILESET_ATLAS,atlas_or_large_sheet,1757,1401,1747,1394,57.62,"[""A_PRIMARY_ATLAS"", ""B_HIGH_VALUE_PAINT""]",True,"A_PRIMARY_ATLAS, B_HIGH_VALUE_PAINT"
pvg_tileset_atlas_ramp1_6_2e30fdc1,res://assets/tilesets/cyber_city_core_tilesets/CyberCity_Core_Tiles_2/CyberCity_Core_Tiles_2/Ramp1_6.png,Ramp1_6.png,TILESET_ATLAS,atlas_or_large_sheet,1755,1355,1748,1348,56.45,"[""A_PRIMARY_ATLAS"", ""B_HIGH_VALUE_PAINT""]",True,"A_PRIMARY_ATLAS, B_HIGH_VALUE_PAINT"
pvg_tileset_atlas_ramp1_7_1634efb3,res://assets/tilesets/cyber_city_core_tilesets/CyberCity_Core_Tiles_2/CyberCity_Core_Tiles_2/Ramp1_7.png,Ramp1_7.png,TILESET_ATLAS,atlas_or_large_sheet,1755,1351,1749,1343,60.73,"[""A_PRIMARY_ATLAS"", ""B_HIGH_VALUE_PAINT""]",True,"A_PRIMARY_ATLAS, B_HIGH_VALUE_PAINT"
pvg_tileset_atlas_ramp1_8_42f8d02c,res://assets/tilesets/cyber_city_core_tilesets/CyberCity_Core_Tiles_2/CyberCity_Core_Tiles_2/Ramp1_8.png,Ramp1_8.png,TILESET_ATLAS,atlas_or_large_sheet,1754,1353,1748,1348,57.9,"[""A_PRIMARY_ATLAS"", ""B_HIGH_VALUE_PAINT""]",True,"A_PRIMARY_ATLAS, B_HIGH_VALUE_PAINT"
pvg_store_tech_register1_1_fa948dcb,res://assets/tilesets/cyber_city_core_tilesets/CyberCity_Core_Tiles_2/CyberCity_Core_Tiles_2/Register1_1.png,Register1_1.png,STORE_TECH,terminal_kiosk,36,38,32,36,25.88,"[""C_LARGE_OBJECT_PAINT""]",True,C_LARGE_OBJECT_PAINT
pvg_store_tech_register1_2_526f0cec,res://assets/tilesets/cyber_city_core_tilesets/CyberCity_Core_Tiles_2/CyberCity_Core_Tiles_2/Register1_2.png,Register1_2.png,STORE_TECH,terminal_kiosk,38,38,31,32,38.02,"[""C_LARGE_OBJECT_PAINT""]",True,C_LARGE_OBJECT_PAINT
pvg_store_tech_register1_3_42a9ca32,res://assets/tilesets/cyber_city_core_tilesets/CyberCity_Core_Tiles_2/CyberCity_Core_Tiles_2/Register1_3.png,Register1_3.png,STORE_TECH,terminal_kiosk,37,30,32,28,22.16,"[""C_LARGE_OBJECT_PAINT""]",True,C_LARGE_OBJECT_PAINT
pvg_store_tech_register1_4_d958ec5d,res://assets/tilesets/cyber_city_core_tilesets/CyberCity_Core_Tiles_2/CyberCity_Core_Tiles_2/Register1_4.png,Register1_4.png,STORE_TECH,terminal_kiosk,34,42,32,36,34.87,"[""C_LARGE_OBJECT_PAINT""]",True,C_LARGE_OBJECT_PAINT
pvg_store_tech_register1_5_b4147fca,res://assets/tilesets/cyber_city_core_tilesets/CyberCity_Core_Tiles_2/CyberCity_Core_Tiles_2/Register1_5.png,Register1_5.png,STORE_TECH,terminal_kiosk,46,40,43,39,45.0,"[""C_LARGE_OBJECT_PAINT""]",True,C_LARGE_OBJECT_PAINT
pvg_store_tech_register1_6_8ad45133,res://assets/tilesets/cyber_city_core_tilesets/CyberCity_Core_Tiles_2/CyberCity_Core_Tiles_2/Register1_6.png,Register1_6.png,STORE_TECH,terminal_kiosk,45,44,43,44,48.28,"[""C_LARGE_OBJECT_PAINT""]",True,C_LARGE_OBJECT_PAINT
pvg_store_tech_register1_7_2ed3b7ca,res://assets/tilesets/cyber_city_core_tilesets/CyberCity_Core_Tiles_2/CyberCity_Core_Tiles_2/Register1_7.png,Register1_7.png,STORE_TECH,terminal_kiosk,45,36,43,34,44.14,"[""C_LARGE_OBJECT_PAINT""]",True,C_LARGE_OBJECT_PAINT
pvg_store_tech_register1_8_67e6348d,res://assets/tilesets/cyber_city_core_tilesets/CyberCity_Core_Tiles_2/CyberCity_Core_Tiles_2/Register1_8.png,Register1_8.png,STORE_TECH,terminal_kiosk,44,39,43,34,46.97,"[""C_LARGE_OBJECT_PAINT""]",True,C_LARGE_OBJECT_PAINT
pvg_store_tech_register2_1_40ff0a27,res://assets/tilesets/cyber_city_core_tilesets/CyberCity_Core_Tiles_2/CyberCity_Core_Tiles_2/Register2_1.png,Register2_1.png,STORE_TECH,terminal_kiosk,34,39,34,37,22.78,"[""C_LARGE_OBJECT_PAINT""]",True,C_LARGE_OBJECT_PAINT
pvg_store_tech_register2_2_a4fef9d1,res://assets/tilesets/cyber_city_core_tilesets/CyberCity_Core_Tiles_2/CyberCity_Core_Tiles_2/Register2_2.png,Register2_2.png,STORE_TECH,terminal_kiosk,33,35,33,33,22.16,"[""C_LARGE_OBJECT_PAINT""]",True,C_LARGE_OBJECT_PAINT
pvg_store_tech_register2_3_f8806c46,res://assets/tilesets/cyber_city_core_tilesets/CyberCity_Core_Tiles_2/CyberCity_Core_Tiles_2/Register2_3.png,Register2_3.png,STORE_TECH,terminal_kiosk,36,33,33,28,27.86,"[""C_LARGE_OBJECT_PAINT""]",True,C_LARGE_OBJECT_PAINT
pvg_store_tech_register2_4_e144ea4e,res://assets/tilesets/cyber_city_core_tilesets/CyberCity_Core_Tiles_2/CyberCity_Core_Tiles_2/Register2_4.png,Register2_4.png,STORE_TECH,terminal_kiosk,36,40,32,36,35.56,"[""C_LARGE_OBJECT_PAINT""]",True,C_LARGE_OBJECT_PAINT
pvg_store_tech_register2_5_af42864b,res://assets/tilesets/cyber_city_core_tilesets/CyberCity_Core_Tiles_2/CyberCity_Core_Tiles_2/Register2_5.png,Register2_5.png,STORE_TECH,terminal_kiosk,44,43,42,39,46.41,"[""C_LARGE_OBJECT_PAINT""]",True,C_LARGE_OBJECT_PAINT
pvg_store_tech_register2_6_e4bbc74b,res://assets/tilesets/cyber_city_core_tilesets/CyberCity_Core_Tiles_2/CyberCity_Core_Tiles_2/Register2_6.png,Register2_6.png,STORE_TECH,terminal_kiosk,45,47,42,43,51.87,"[""C_LARGE_OBJECT_PAINT""]",True,C_LARGE_OBJECT_PAINT
pvg_store_tech_register2_7_0012dc77,res://assets/tilesets/cyber_city_core_tilesets/CyberCity_Core_Tiles_2/CyberCity_Core_Tiles_2/Register2_7.png,Register2_7.png,STORE_TECH,terminal_kiosk,44,37,42,34,44.29,"[""C_LARGE_OBJECT_PAINT""]",True,C_LARGE_OBJECT_PAINT
pvg_store_tech_register2_8_a9f2ca25,res://assets/tilesets/cyber_city_core_tilesets/CyberCity_Core_Tiles_2/CyberCity_Core_Tiles_2/Register2_8.png,Register2_8.png,STORE_TECH,terminal_kiosk,45,39,43,34,48.6,"[""C_LARGE_OBJECT_PAINT""]",True,C_LARGE_OBJECT_PAINT
pvg_road_street_road1_1_9ba65708,res://assets/tilesets/cyber_city_core_tilesets/CyberCity_Core_Tiles_2/CyberCity_Core_Tiles_2/Road1_1.png,Road1_1.png,ROAD_STREET,road_street,201,226,193,217,7.92,"[""B_HIGH_VALUE_PAINT""]",True,B_HIGH_VALUE_PAINT
pvg_road_street_road1_2_c7b5c367,res://assets/tilesets/cyber_city_core_tilesets/CyberCity_Core_Tiles_2/CyberCity_Core_Tiles_2/Road1_2.png,Road1_2.png,ROAD_STREET,road_street,315,148,304,139,9.99,"[""B_HIGH_VALUE_PAINT""]",True,B_HIGH_VALUE_PAINT
pvg_road_street_road1_3_ff12b99d,res://assets/tilesets/cyber_city_core_tilesets/CyberCity_Core_Tiles_2/CyberCity_Core_Tiles_2/Road1_3.png,Road1_3.png,ROAD_STREET,road_street,201,228,194,217,8.62,"[""B_HIGH_VALUE_PAINT""]",True,B_HIGH_VALUE_PAINT
pvg_road_street_road1_4_e01be176,res://assets/tilesets/cyber_city_core_tilesets/CyberCity_Core_Tiles_2/CyberCity_Core_Tiles_2/Road1_4.png,Road1_4.png,ROAD_STREET,road_street,315,148,304,139,9.4,"[""B_HIGH_VALUE_PAINT""]",True,B_HIGH_VALUE_PAINT
pvg_road_street_road1_5_80db13f3,res://assets/tilesets/cyber_city_core_tilesets/CyberCity_Core_Tiles_2/CyberCity_Core_Tiles_2/Road1_5.png,Road1_5.png,ROAD_STREET,road_street,350,252,350,248,52.3,"[""B_HIGH_VALUE_PAINT""]",True,B_HIGH_VALUE_PAINT
pvg_road_street_road1_6_99fd2ce6,res://assets/tilesets/cyber_city_core_tilesets/CyberCity_Core_Tiles_2/CyberCity_Core_Tiles_2/Road1_6.png,Road1_6.png,ROAD_STREET,road_street,351,250,349,248,51.93,"[""B_HIGH_VALUE_PAINT""]",True,B_HIGH_VALUE_PAINT
pvg_road_street_road1_7_d1c56d62,res://assets/tilesets/cyber_city_core_tilesets/CyberCity_Core_Tiles_2/CyberCity_Core_Tiles_2/Road1_7.png,Road1_7.png,ROAD_STREET,road_street,351,251,350,249,52.25,"[""B_HIGH_VALUE_PAINT""]",True,B_HIGH_VALUE_PAINT
pvg_road_street_road1_8_6c0d5b98,res://assets/tilesets/cyber_city_core_tilesets/CyberCity_Core_Tiles_2/CyberCity_Core_Tiles_2/Road1_8.png,Road1_8.png,ROAD_STREET,road_street,351,252,349,249,52.27,"[""B_HIGH_VALUE_PAINT""]",True,B_HIGH_VALUE_PAINT
pvg_tileset_atlas_road2_1_abf17437,res://assets/tilesets/cyber_city_core_tilesets/CyberCity_Core_Tiles_2/CyberCity_Core_Tiles_2/Road2_1.png,Road2_1.png,TILESET_ATLAS,atlas_or_large_sheet,636,240,625,231,6.56,"[""A_PRIMARY_ATLAS"", ""B_HIGH_VALUE_PAINT""]",True,"A_PRIMARY_ATLAS, B_HIGH_VALUE_PAINT"
pvg_road_street_road2_2_b145597c,res://assets/tilesets/cyber_city_core_tilesets/CyberCity_Core_Tiles_2/CyberCity_Core_Tiles_2/Road2_2.png,Road2_2.png,ROAD_STREET,road_street,325,463,313,451,6.19,"[""B_HIGH_VALUE_PAINT""]",True,B_HIGH_VALUE_PAINT
pvg_tileset_atlas_road2_3_cf3ff2c5,res://assets/tilesets/cyber_city_core_tilesets/CyberCity_Core_Tiles_2/CyberCity_Core_Tiles_2/Road2_3.png,Road2_3.png,TILESET_ATLAS,atlas_or_large_sheet,636,240,625,231,6.56,"[""A_PRIMARY_ATLAS"", ""B_HIGH_VALUE_PAINT""]",True,"A_PRIMARY_ATLAS, B_HIGH_VALUE_PAINT"
pvg_road_street_road2_4_384cffc4,res://assets/tilesets/cyber_city_core_tilesets/CyberCity_Core_Tiles_2/CyberCity_Core_Tiles_2/Road2_4.png,Road2_4.png,ROAD_STREET,road_street,325,463,313,451,6.19,"[""B_HIGH_VALUE_PAINT""]",True,B_HIGH_VALUE_PAINT
pvg_tileset_atlas_road2_5_2767dedd,res://assets/tilesets/cyber_city_core_tilesets/CyberCity_Core_Tiles_2/CyberCity_Core_Tiles_2/Road2_5.png,Road2_5.png,TILESET_ATLAS,atlas_or_large_sheet,665,480,663,477,55.11,"[""A_PRIMARY_ATLAS"", ""B_HIGH_VALUE_PAINT""]",True,"A_PRIMARY_ATLAS, B_HIGH_VALUE_PAINT"
pvg_tileset_atlas_road2_6_605c3310,res://assets/tilesets/cyber_city_core_tilesets/CyberCity_Core_Tiles_2/CyberCity_Core_Tiles_2/Road2_6.png,Road2_6.png,TILESET_ATLAS,atlas_or_large_sheet,668,482,663,477,55.5,"[""A_PRIMARY_ATLAS"", ""B_HIGH_VALUE_PAINT""]",True,"A_PRIMARY_ATLAS, B_HIGH_VALUE_PAINT"
pvg_tileset_atlas_road2_7_f34cae41,res://assets/tilesets/cyber_city_core_tilesets/CyberCity_Core_Tiles_2/CyberCity_Core_Tiles_2/Road2_7.png,Road2_7.png,TILESET_ATLAS,atlas_or_large_sheet,668,482,663,477,55.5,"[""A_PRIMARY_ATLAS"", ""B_HIGH_VALUE_PAINT""]",True,"A_PRIMARY_ATLAS, B_HIGH_VALUE_PAINT"
pvg_tileset_atlas_road2_8_eb4b5244,res://assets/tilesets/cyber_city_core_tilesets/CyberCity_Core_Tiles_2/CyberCity_Core_Tiles_2/Road2_8.png,Road2_8.png,TILESET_ATLAS,atlas_or_large_sheet,665,480,663,477,55.11,"[""A_PRIMARY_ATLAS"", ""B_HIGH_VALUE_PAINT""]",True,"A_PRIMARY_ATLAS, B_HIGH_VALUE_PAINT"
pvg_tileset_atlas_road3_1_fc3d8f96,res://assets/tilesets/cyber_city_core_tilesets/CyberCity_Core_Tiles_2/CyberCity_Core_Tiles_2/Road3_1.png,Road3_1.png,TILESET_ATLAS,atlas_or_large_sheet,792,573,781,561,7.24,"[""A_PRIMARY_ATLAS"", ""B_HIGH_VALUE_PAINT""]",True,"A_PRIMARY_ATLAS, B_HIGH_VALUE_PAINT"
pvg_tileset_atlas_road3_2_fc0a9c77,res://assets/tilesets/cyber_city_core_tilesets/CyberCity_Core_Tiles_2/CyberCity_Core_Tiles_2/Road3_2.png,Road3_2.png,TILESET_ATLAS,atlas_or_large_sheet,793,573,781,561,7.35,"[""A_PRIMARY_ATLAS"", ""B_HIGH_VALUE_PAINT""]",True,"A_PRIMARY_ATLAS, B_HIGH_VALUE_PAINT"
pvg_tileset_atlas_road3_3_d1e8f6c9,res://assets/tilesets/cyber_city_core_tilesets/CyberCity_Core_Tiles_2/CyberCity_Core_Tiles_2/Road3_3.png,Road3_3.png,TILESET_ATLAS,atlas_or_large_sheet,793,573,781,561,7.74,"[""A_PRIMARY_ATLAS"", ""B_HIGH_VALUE_PAINT""]",True,"A_PRIMARY_ATLAS, B_HIGH_VALUE_PAINT"
pvg_tileset_atlas_road3_4_2d57681a,res://assets/tilesets/cyber_city_core_tilesets/CyberCity_Core_Tiles_2/CyberCity_Core_Tiles_2/Road3_4.png,Road3_4.png,TILESET_ATLAS,atlas_or_large_sheet,792,573,781,561,7.62,"[""A_PRIMARY_ATLAS"", ""B_HIGH_VALUE_PAINT""]",True,"A_PRIMARY_ATLAS, B_HIGH_VALUE_PAINT"
pvg_tileset_atlas_road3_5_f4aed533,res://assets/tilesets/cyber_city_core_tilesets/CyberCity_Core_Tiles_2/CyberCity_Core_Tiles_2/Road3_5.png,Road3_5.png,TILESET_ATLAS,atlas_or_large_sheet,1105,713,1103,711,46.2,"[""A_PRIMARY_ATLAS"", ""B_HIGH_VALUE_PAINT""]",True,"A_PRIMARY_ATLAS, B_HIGH_VALUE_PAINT"
pvg_tileset_atlas_road3_6_dd8b9b97,res://assets/tilesets/cyber_city_core_tilesets/CyberCity_Core_Tiles_2/CyberCity_Core_Tiles_2/Road3_6.png,Road3_6.png,TILESET_ATLAS,atlas_or_large_sheet,1001,792,993,789,46.69,"[""A_PRIMARY_ATLAS"", ""B_HIGH_VALUE_PAINT""]",True,"A_PRIMARY_ATLAS, B_HIGH_VALUE_PAINT"
pvg_tileset_atlas_road3_7_d5565841,res://assets/tilesets/cyber_city_core_tilesets/CyberCity_Core_Tiles_2/CyberCity_Core_Tiles_2/Road3_7.png,Road3_7.png,TILESET_ATLAS,atlas_or_large_sheet,999,790,993,789,46.44,"[""A_PRIMARY_ATLAS"", ""B_HIGH_VALUE_PAINT""]",True,"A_PRIMARY_ATLAS, B_HIGH_VALUE_PAINT"
pvg_tileset_atlas_road3_8_7beea970,res://assets/tilesets/cyber_city_core_tilesets/CyberCity_Core_Tiles_2/CyberCity_Core_Tiles_2/Road3_8.png,Road3_8.png,TILESET_ATLAS,atlas_or_large_sheet,1111,714,1103,711,46.86,"[""A_PRIMARY_ATLAS"", ""B_HIGH_VALUE_PAINT""]",True,"A_PRIMARY_ATLAS, B_HIGH_VALUE_PAINT"
pvg_tileset_atlas_road4_1_b608b68f,res://assets/tilesets/cyber_city_core_tilesets/CyberCity_Core_Tiles_2/CyberCity_Core_Tiles_2/Road4_1.png,Road4_1.png,TILESET_ATLAS,atlas_or_large_sheet,792,683,781,672,9.77,"[""A_PRIMARY_ATLAS"", ""B_HIGH_VALUE_PAINT""]",True,"A_PRIMARY_ATLAS, B_HIGH_VALUE_PAINT"
pvg_tileset_atlas_road4_2_75455ab8,res://assets/tilesets/cyber_city_core_tilesets/CyberCity_Core_Tiles_2/CyberCity_Core_Tiles_2/Road4_2.png,Road4_2.png,TILESET_ATLAS,atlas_or_large_sheet,948,571,937,561,9.53,"[""A_PRIMARY_ATLAS"", ""B_HIGH_VALUE_PAINT""]",True,"A_PRIMARY_ATLAS, B_HIGH_VALUE_PAINT"
pvg_tileset_atlas_road4_3_bb8fd452,res://assets/tilesets/cyber_city_core_tilesets/CyberCity_Core_Tiles_2/CyberCity_Core_Tiles_2/Road4_3.png,Road4_3.png,TILESET_ATLAS,atlas_or_large_sheet,792,682,781,672,9.56,"[""A_PRIMARY_ATLAS"", ""B_HIGH_VALUE_PAINT""]",True,"A_PRIMARY_ATLAS, B_HIGH_VALUE_PAINT"
pvg_tileset_atlas_road4_4_8c323dc7,res://assets/tilesets/cyber_city_core_tilesets/CyberCity_Core_Tiles_2/CyberCity_Core_Tiles_2/Road4_4.png,Road4_4.png,TILESET_ATLAS,atlas_or_large_sheet,948,573,937,561,9.55,"[""A_PRIMARY_ATLAS"", ""B_HIGH_VALUE_PAINT""]",True,"A_PRIMARY_ATLAS, B_HIGH_VALUE_PAINT"
pvg_tileset_atlas_road4_5_a57cc6a5,res://assets/tilesets/cyber_city_core_tilesets/CyberCity_Core_Tiles_2/CyberCity_Core_Tiles_2/Road4_5.png,Road4_5.png,TILESET_ATLAS,atlas_or_large_sheet,1113,791,1103,789,44.2,"[""A_PRIMARY_ATLAS"", ""B_HIGH_VALUE_PAINT""]",True,"A_PRIMARY_ATLAS, B_HIGH_VALUE_PAINT"
pvg_tileset_atlas_road4_6_22e702b0,res://assets/tilesets/cyber_city_core_tilesets/CyberCity_Core_Tiles_2/CyberCity_Core_Tiles_2/Road4_6.png,Road4_6.png,TILESET_ATLAS,atlas_or_large_sheet,1113,791,1104,789,44.07,"[""A_PRIMARY_ATLAS"", ""B_HIGH_VALUE_PAINT""]",True,"A_PRIMARY_ATLAS, B_HIGH_VALUE_PAINT"
pvg_tileset_atlas_road4_7_0259554c,res://assets/tilesets/cyber_city_core_tilesets/CyberCity_Core_Tiles_2/CyberCity_Core_Tiles_2/Road4_7.png,Road4_7.png,TILESET_ATLAS,atlas_or_large_sheet,1113,793,1104,789,44.33,"[""A_PRIMARY_ATLAS"", ""B_HIGH_VALUE_PAINT""]",True,"A_PRIMARY_ATLAS, B_HIGH_VALUE_PAINT"
pvg_tileset_atlas_road4_8_f91243f5,res://assets/tilesets/cyber_city_core_tilesets/CyberCity_Core_Tiles_2/CyberCity_Core_Tiles_2/Road4_8.png,Road4_8.png,TILESET_ATLAS,atlas_or_large_sheet,1114,792,1104,789,44.18,"[""A_PRIMARY_ATLAS"", ""B_HIGH_VALUE_PAINT""]",True,"A_PRIMARY_ATLAS, B_HIGH_VALUE_PAINT"
pvg_tileset_atlas_road5_1_e4c5ea01,res://assets/tilesets/cyber_city_core_tilesets/CyberCity_Core_Tiles_2/CyberCity_Core_Tiles_2/Road5_1.png,Road5_1.png,TILESET_ATLAS,atlas_or_large_sheet,948,683,937,671,13.77,"[""A_PRIMARY_ATLAS"", ""B_HIGH_VALUE_PAINT""]",True,"A_PRIMARY_ATLAS, B_HIGH_VALUE_PAINT"
pvg_tileset_atlas_road5_2_4e223aea,res://assets/tilesets/cyber_city_core_tilesets/CyberCity_Core_Tiles_2/CyberCity_Core_Tiles_2/Road5_2.png,Road5_2.png,TILESET_ATLAS,atlas_or_large_sheet,1108,792,1103,789,36.06,"[""A_PRIMARY_ATLAS"", ""B_HIGH_VALUE_PAINT""]",True,"A_PRIMARY_ATLAS, B_HIGH_VALUE_PAINT"
pvg_road_street_roadbarrier1_1_ded9fd69,res://assets/tilesets/cyber_city_core_tilesets/CyberCity_Core_Tiles_2/CyberCity_Core_Tiles_2/RoadBarrier1_1.png,RoadBarrier1_1.png,ROAD_STREET,road_street,127,66,120,57,24.62,"[""B_HIGH_VALUE_PAINT""]",True,B_HIGH_VALUE_PAINT
pvg_road_street_roadbarrier1_2_545871d9,res://assets/tilesets/cyber_city_core_tilesets/CyberCity_Core_Tiles_2/CyberCity_Core_Tiles_2/RoadBarrier1_2.png,RoadBarrier1_2.png,ROAD_STREET,road_street,49,118,42,114,29.63,"[""B_HIGH_VALUE_PAINT""]",True,B_HIGH_VALUE_PAINT
pvg_road_street_roadbarrier1_3_dffd8344,res://assets/tilesets/cyber_city_core_tilesets/CyberCity_Core_Tiles_2/CyberCity_Core_Tiles_2/RoadBarrier1_3.png,RoadBarrier1_3.png,ROAD_STREET,road_street,123,65,120,58,21.43,"[""B_HIGH_VALUE_PAINT""]",True,B_HIGH_VALUE_PAINT
pvg_road_street_roadbarrier1_4_ab927844,res://assets/tilesets/cyber_city_core_tilesets/CyberCity_Core_Tiles_2/CyberCity_Core_Tiles_2/RoadBarrier1_4.png,RoadBarrier1_4.png,ROAD_STREET,road_street,47,119,42,113,27.59,"[""B_HIGH_VALUE_PAINT""]",True,B_HIGH_VALUE_PAINT
pvg_road_street_roadbarrier1_5_36c690dc,res://assets/tilesets/cyber_city_core_tilesets/CyberCity_Core_Tiles_2/CyberCity_Core_Tiles_2/RoadBarrier1_5.png,RoadBarrier1_5.png,ROAD_STREET,road_street,104,103,103,101,48.05,"[""B_HIGH_VALUE_PAINT""]",True,B_HIGH_VALUE_PAINT
pvg_road_street_roadbarrier1_6_8dfa4991,res://assets/tilesets/cyber_city_core_tilesets/CyberCity_Core_Tiles_2/CyberCity_Core_Tiles_2/RoadBarrier1_6.png,RoadBarrier1_6.png,ROAD_STREET,road_street,108,104,104,103,51.07,"[""B_HIGH_VALUE_PAINT""]",True,B_HIGH_VALUE_PAINT
pvg_road_street_roadbarrier1_7_ac7820c6,res://assets/tilesets/cyber_city_core_tilesets/CyberCity_Core_Tiles_2/CyberCity_Core_Tiles_2/RoadBarrier1_7.png,RoadBarrier1_7.png,ROAD_STREET,road_street,108,103,105,101,50.22,"[""B_HIGH_VALUE_PAINT""]",True,B_HIGH_VALUE_PAINT
pvg_road_street_roadbarrier1_8_8788f3fe,res://assets/tilesets/cyber_city_core_tilesets/CyberCity_Core_Tiles_2/CyberCity_Core_Tiles_2/RoadBarrier1_8.png,RoadBarrier1_8.png,ROAD_STREET,road_street,106,104,105,103,49.1,"[""B_HIGH_VALUE_PAINT""]",True,B_HIGH_VALUE_PAINT
pvg_road_street_roadbarrier2_1_b020d217,res://assets/tilesets/cyber_city_core_tilesets/CyberCity_Core_Tiles_2/CyberCity_Core_Tiles_2/RoadBarrier2_1.png,RoadBarrier2_1.png,ROAD_STREET,road_street,132,64,130,55,59.21,"[""B_HIGH_VALUE_PAINT""]",True,B_HIGH_VALUE_PAINT
pvg_road_street_roadbarrier2_2_7b6d3037,res://assets/tilesets/cyber_city_core_tilesets/CyberCity_Core_Tiles_2/CyberCity_Core_Tiles_2/RoadBarrier2_2.png,RoadBarrier2_2.png,ROAD_STREET,road_street,30,123,27,121,55.42,"[""B_HIGH_VALUE_PAINT""]",True,B_HIGH_VALUE_PAINT
pvg_road_street_roadbarrier2_3_1953dbd8,res://assets/tilesets/cyber_city_core_tilesets/CyberCity_Core_Tiles_2/CyberCity_Core_Tiles_2/RoadBarrier2_3.png,RoadBarrier2_3.png,ROAD_STREET,road_street,132,60,130,55,58.18,"[""B_HIGH_VALUE_PAINT""]",True,B_HIGH_VALUE_PAINT
pvg_road_street_roadbarrier2_4_a09ef37c,res://assets/tilesets/cyber_city_core_tilesets/CyberCity_Core_Tiles_2/CyberCity_Core_Tiles_2/RoadBarrier2_4.png,RoadBarrier2_4.png,ROAD_STREET,road_street,30,123,27,122,55.53,"[""B_HIGH_VALUE_PAINT""]",True,B_HIGH_VALUE_PAINT
pvg_road_street_roadbarrier2_5_384054f8,res://assets/tilesets/cyber_city_core_tilesets/CyberCity_Core_Tiles_2/CyberCity_Core_Tiles_2/RoadBarrier2_5.png,RoadBarrier2_5.png,ROAD_STREET,road_street,103,107,100,103,75.19,"[""B_HIGH_VALUE_PAINT""]",True,B_HIGH_VALUE_PAINT
pvg_road_street_roadbarrier2_6_1b47b7cf,res://assets/tilesets/cyber_city_core_tilesets/CyberCity_Core_Tiles_2/CyberCity_Core_Tiles_2/RoadBarrier2_6.png,RoadBarrier2_6.png,ROAD_STREET,road_street,104,106,100,104,73.06,"[""B_HIGH_VALUE_PAINT""]",True,B_HIGH_VALUE_PAINT
pvg_road_street_roadbarrier2_7_23928cad,res://assets/tilesets/cyber_city_core_tilesets/CyberCity_Core_Tiles_2/CyberCity_Core_Tiles_2/RoadBarrier2_7.png,RoadBarrier2_7.png,ROAD_STREET,road_street,103,107,101,104,72.07,"[""B_HIGH_VALUE_PAINT""]",True,B_HIGH_VALUE_PAINT
pvg_road_street_roadbarrier2_8_0d7ca1d5,res://assets/tilesets/cyber_city_core_tilesets/CyberCity_Core_Tiles_2/CyberCity_Core_Tiles_2/RoadBarrier2_8.png,RoadBarrier2_8.png,ROAD_STREET,road_street,102,105,100,104,74.43,"[""B_HIGH_VALUE_PAINT""]",True,B_HIGH_VALUE_PAINT
pvg_road_street_roadbarrier3_1_4301561d,res://assets/tilesets/cyber_city_core_tilesets/CyberCity_Core_Tiles_2/CyberCity_Core_Tiles_2/RoadBarrier3_1.png,RoadBarrier3_1.png,ROAD_STREET,road_street,115,104,114,102,64.41,"[""B_HIGH_VALUE_PAINT""]",True,B_HIGH_VALUE_PAINT
pvg_road_street_roadbarrier3_2_99b2e1b0,res://assets/tilesets/cyber_city_core_tilesets/CyberCity_Core_Tiles_2/CyberCity_Core_Tiles_2/RoadBarrier3_2.png,RoadBarrier3_2.png,ROAD_STREET,road_street,129,92,128,92,72.21,"[""B_HIGH_VALUE_PAINT""]",True,B_HIGH_VALUE_PAINT
pvg_road_street_roadbarrier3_3_c6806fe9,res://assets/tilesets/cyber_city_core_tilesets/CyberCity_Core_Tiles_2/CyberCity_Core_Tiles_2/RoadBarrier3_3.png,RoadBarrier3_3.png,ROAD_STREET,road_street,120,94,113,92,65.22,"[""B_HIGH_VALUE_PAINT""]",True,B_HIGH_VALUE_PAINT
pvg_road_street_roadbarrier3_4_165310c1,res://assets/tilesets/cyber_city_core_tilesets/CyberCity_Core_Tiles_2/CyberCity_Core_Tiles_2/RoadBarrier3_4.png,RoadBarrier3_4.png,ROAD_STREET,road_street,131,83,130,82,70.71,"[""B_HIGH_VALUE_PAINT""]",True,B_HIGH_VALUE_PAINT
pvg_road_street_roadbarrier3_5_896a49aa,res://assets/tilesets/cyber_city_core_tilesets/CyberCity_Core_Tiles_2/CyberCity_Core_Tiles_2/RoadBarrier3_5.png,RoadBarrier3_5.png,ROAD_STREET,road_street,130,75,128,73,61.66,"[""B_HIGH_VALUE_PAINT""]",True,B_HIGH_VALUE_PAINT
pvg_road_street_roadbarrier3_6_6e6a2bcc,res://assets/tilesets/cyber_city_core_tilesets/CyberCity_Core_Tiles_2/CyberCity_Core_Tiles_2/RoadBarrier3_6.png,RoadBarrier3_6.png,ROAD_STREET,road_street,89,94,88,93,50.04,"[""B_HIGH_VALUE_PAINT""]",True,B_HIGH_VALUE_PAINT
pvg_road_street_roadbarrier3_7_8e5f5087,res://assets/tilesets/cyber_city_core_tilesets/CyberCity_Core_Tiles_2/CyberCity_Core_Tiles_2/RoadBarrier3_7.png,RoadBarrier3_7.png,ROAD_STREET,road_street,89,103,87,101,55.63,"[""B_HIGH_VALUE_PAINT""]",True,B_HIGH_VALUE_PAINT
pvg_road_street_roadbarrier3_8_a6397f86,res://assets/tilesets/cyber_city_core_tilesets/CyberCity_Core_Tiles_2/CyberCity_Core_Tiles_2/RoadBarrier3_8.png,RoadBarrier3_8.png,ROAD_STREET,road_street,131,65,126,63,61.82,"[""B_HIGH_VALUE_PAINT""]",True,B_HIGH_VALUE_PAINT
pvg_road_street_roadbarrier4_1_e43bc175,res://assets/tilesets/cyber_city_core_tilesets/CyberCity_Core_Tiles_2/CyberCity_Core_Tiles_2/RoadBarrier4_1.png,RoadBarrier4_1.png,ROAD_STREET,road_street,134,60,131,54,48.78,"[""B_HIGH_VALUE_PAINT""]",True,B_HIGH_VALUE_PAINT
pvg_road_street_roadbarrier4_2_e643d14d,res://assets/tilesets/cyber_city_core_tilesets/CyberCity_Core_Tiles_2/CyberCity_Core_Tiles_2/RoadBarrier4_2.png,RoadBarrier4_2.png,ROAD_STREET,road_street,29,123,27,122,52.26,"[""B_HIGH_VALUE_PAINT""]",True,B_HIGH_VALUE_PAINT
pvg_road_street_roadbarrier4_3_9424a5f7,res://assets/tilesets/cyber_city_core_tilesets/CyberCity_Core_Tiles_2/CyberCity_Core_Tiles_2/RoadBarrier4_3.png,RoadBarrier4_3.png,ROAD_STREET,road_street,132,59,130,55,46.65,"[""B_HIGH_VALUE_PAINT""]",True,B_HIGH_VALUE_PAINT
pvg_road_street_roadbarrier4_4_bc8379a0,res://assets/tilesets/cyber_city_core_tilesets/CyberCity_Core_Tiles_2/CyberCity_Core_Tiles_2/RoadBarrier4_4.png,RoadBarrier4_4.png,ROAD_STREET,road_street,29,125,26,121,50.54,"[""B_HIGH_VALUE_PAINT""]",True,B_HIGH_VALUE_PAINT
pvg_road_street_roadbarrier4_5_b3d6569e,res://assets/tilesets/cyber_city_core_tilesets/CyberCity_Core_Tiles_2/CyberCity_Core_Tiles_2/RoadBarrier4_5.png,RoadBarrier4_5.png,ROAD_STREET,road_street,102,105,101,103,68.71,"[""B_HIGH_VALUE_PAINT""]",True,B_HIGH_VALUE_PAINT
pvg_road_street_roadbarrier4_6_d3ac535c,res://assets/tilesets/cyber_city_core_tilesets/CyberCity_Core_Tiles_2/CyberCity_Core_Tiles_2/RoadBarrier4_6.png,RoadBarrier4_6.png,ROAD_STREET,road_street,102,106,100,104,68.27,"[""B_HIGH_VALUE_PAINT""]",True,B_HIGH_VALUE_PAINT
pvg_road_street_roadbarrier4_7_1373ad27,res://assets/tilesets/cyber_city_core_tilesets/CyberCity_Core_Tiles_2/CyberCity_Core_Tiles_2/RoadBarrier4_7.png,RoadBarrier4_7.png,ROAD_STREET,road_street,103,106,101,105,67.48,"[""B_HIGH_VALUE_PAINT""]",True,B_HIGH_VALUE_PAINT
pvg_road_street_roadbarrier4_8_f7916302,res://assets/tilesets/cyber_city_core_tilesets/CyberCity_Core_Tiles_2/CyberCity_Core_Tiles_2/RoadBarrier4_8.png,RoadBarrier4_8.png,ROAD_STREET,road_street,103,106,101,104,67.85,"[""B_HIGH_VALUE_PAINT""]",True,B_HIGH_VALUE_PAINT
pvg_road_street_roadbarrier5_1_f9b0531d,res://assets/tilesets/cyber_city_core_tilesets/CyberCity_Core_Tiles_2/CyberCity_Core_Tiles_2/RoadBarrier5_1.png,RoadBarrier5_1.png,ROAD_STREET,road_street,131,60,131,55,46.12,"[""B_HIGH_VALUE_PAINT""]",True,B_HIGH_VALUE_PAINT
pvg_road_street_roadbarrier5_2_2b53e303,res://assets/tilesets/cyber_city_core_tilesets/CyberCity_Core_Tiles_2/CyberCity_Core_Tiles_2/RoadBarrier5_2.png,RoadBarrier5_2.png,ROAD_STREET,road_street,32,124,27,122,57.08,"[""B_HIGH_VALUE_PAINT""]",True,B_HIGH_VALUE_PAINT
pvg_road_street_roadbarrier5_3_1e39319e,res://assets/tilesets/cyber_city_core_tilesets/CyberCity_Core_Tiles_2/CyberCity_Core_Tiles_2/RoadBarrier5_3.png,RoadBarrier5_3.png,ROAD_STREET,road_street,132,57,130,55,44.51,"[""B_HIGH_VALUE_PAINT""]",True,B_HIGH_VALUE_PAINT
pvg_road_street_roadbarrier5_4_7df30a0a,res://assets/tilesets/cyber_city_core_tilesets/CyberCity_Core_Tiles_2/CyberCity_Core_Tiles_2/RoadBarrier5_4.png,RoadBarrier5_4.png,ROAD_STREET,road_street,28,123,27,121,48.81,"[""B_HIGH_VALUE_PAINT""]",True,B_HIGH_VALUE_PAINT
pvg_road_street_roadbarrier5_5_4c65b785,res://assets/tilesets/cyber_city_core_tilesets/CyberCity_Core_Tiles_2/CyberCity_Core_Tiles_2/RoadBarrier5_5.png,RoadBarrier5_5.png,ROAD_STREET,road_street,103,105,101,104,67.41,"[""B_HIGH_VALUE_PAINT""]",True,B_HIGH_VALUE_PAINT
pvg_road_street_roadbarrier5_6_47107f2c,res://assets/tilesets/cyber_city_core_tilesets/CyberCity_Core_Tiles_2/CyberCity_Core_Tiles_2/RoadBarrier5_6.png,RoadBarrier5_6.png,ROAD_STREET,road_street,102,105,100,104,68.51,"[""B_HIGH_VALUE_PAINT""]",True,B_HIGH_VALUE_PAINT
pvg_road_street_roadbarrier5_7_1f08be03,res://assets/tilesets/cyber_city_core_tilesets/CyberCity_Core_Tiles_2/CyberCity_Core_Tiles_2/RoadBarrier5_7.png,RoadBarrier5_7.png,ROAD_STREET,road_street,102,106,100,104,68.13,"[""B_HIGH_VALUE_PAINT""]",True,B_HIGH_VALUE_PAINT
pvg_road_street_roadbarrier5_8_572185aa,res://assets/tilesets/cyber_city_core_tilesets/CyberCity_Core_Tiles_2/CyberCity_Core_Tiles_2/RoadBarrier5_8.png,RoadBarrier5_8.png,ROAD_STREET,road_street,102,105,101,104,68.03,"[""B_HIGH_VALUE_PAINT""]",True,B_HIGH_VALUE_PAINT
pvg_road_street_roadbarrier6_1_7a57706c,res://assets/tilesets/cyber_city_core_tilesets/CyberCity_Core_Tiles_2/CyberCity_Core_Tiles_2/RoadBarrier6_1.png,RoadBarrier6_1.png,ROAD_STREET,road_street,160,59,156,53,68.71,"[""B_HIGH_VALUE_PAINT""]",True,B_HIGH_VALUE_PAINT
pvg_road_street_roadbarrier6_2_95dcae74,res://assets/tilesets/cyber_city_core_tilesets/CyberCity_Core_Tiles_2/CyberCity_Core_Tiles_2/RoadBarrier6_2.png,RoadBarrier6_2.png,ROAD_STREET,road_street,31,146,27,144,52.41,"[""B_HIGH_VALUE_PAINT""]",True,B_HIGH_VALUE_PAINT
pvg_road_street_roadbarrier6_3_dde9a15c,res://assets/tilesets/cyber_city_core_tilesets/CyberCity_Core_Tiles_2/CyberCity_Core_Tiles_2/RoadBarrier6_3.png,RoadBarrier6_3.png,ROAD_STREET,road_street,158,54,155,53,64.87,"[""B_HIGH_VALUE_PAINT""]",True,B_HIGH_VALUE_PAINT
pvg_road_street_roadbarrier6_4_fdfd0e96,res://assets/tilesets/cyber_city_core_tilesets/CyberCity_Core_Tiles_2/CyberCity_Core_Tiles_2/RoadBarrier6_4.png,RoadBarrier6_4.png,ROAD_STREET,road_street,32,147,30,145,54.44,"[""B_HIGH_VALUE_PAINT""]",True,B_HIGH_VALUE_PAINT
pvg_road_street_roadbarrier6_5_5f12d281,res://assets/tilesets/cyber_city_core_tilesets/CyberCity_Core_Tiles_2/CyberCity_Core_Tiles_2/RoadBarrier6_5.png,RoadBarrier6_5.png,ROAD_STREET,road_street,119,120,117,118,80.82,"[""B_HIGH_VALUE_PAINT""]",True,B_HIGH_VALUE_PAINT
pvg_road_street_roadbarrier6_6_62eb3db5,res://assets/tilesets/cyber_city_core_tilesets/CyberCity_Core_Tiles_2/CyberCity_Core_Tiles_2/RoadBarrier6_6.png,RoadBarrier6_6.png,ROAD_STREET,road_street,121,119,118,118,81.02,"[""B_HIGH_VALUE_PAINT""]",True,B_HIGH_VALUE_PAINT
pvg_road_street_roadbarrier6_7_a754ac44,res://assets/tilesets/cyber_city_core_tilesets/CyberCity_Core_Tiles_2/CyberCity_Core_Tiles_2/RoadBarrier6_7.png,RoadBarrier6_7.png,ROAD_STREET,road_street,124,119,118,118,80.75,"[""B_HIGH_VALUE_PAINT""]",True,B_HIGH_VALUE_PAINT
pvg_road_street_roadbarrier6_8_caf85d7e,res://assets/tilesets/cyber_city_core_tilesets/CyberCity_Core_Tiles_2/CyberCity_Core_Tiles_2/RoadBarrier6_8.png,RoadBarrier6_8.png,ROAD_STREET,road_street,128,120,117,117,80.94,"[""B_HIGH_VALUE_PAINT""]",True,B_HIGH_VALUE_PAINT
pvg_road_street_roadblock1_1_a4f05589,res://assets/tilesets/cyber_city_core_tilesets/CyberCity_Core_Tiles_2/CyberCity_Core_Tiles_2/RoadBlock1_1.png,RoadBlock1_1.png,ROAD_STREET,road_street,153,88,151,87,53.47,"[""B_HIGH_VALUE_PAINT""]",True,B_HIGH_VALUE_PAINT
pvg_road_street_roadblock1_2_cfb1098e,res://assets/tilesets/cyber_city_core_tilesets/CyberCity_Core_Tiles_2/CyberCity_Core_Tiles_2/RoadBlock1_2.png,RoadBlock1_2.png,ROAD_STREET,road_street,69,144,68,142,55.73,"[""B_HIGH_VALUE_PAINT""]",True,B_HIGH_VALUE_PAINT
pvg_road_street_roadblock1_3_0fd5fba3,res://assets/tilesets/cyber_city_core_tilesets/CyberCity_Core_Tiles_2/CyberCity_Core_Tiles_2/RoadBlock1_3.png,RoadBlock1_3.png,ROAD_STREET,road_street,160,85,158,83,53.0,"[""B_HIGH_VALUE_PAINT""]",True,B_HIGH_VALUE_PAINT
pvg_road_street_roadblock1_4_d9afba62,res://assets/tilesets/cyber_city_core_tilesets/CyberCity_Core_Tiles_2/CyberCity_Core_Tiles_2/RoadBlock1_4.png,RoadBlock1_4.png,ROAD_STREET,road_street,71,141,69,140,59.27,"[""B_HIGH_VALUE_PAINT""]",True,B_HIGH_VALUE_PAINT
pvg_road_street_roadblock1_5_0c2e5101,res://assets/tilesets/cyber_city_core_tilesets/CyberCity_Core_Tiles_2/CyberCity_Core_Tiles_2/RoadBlock1_5.png,RoadBlock1_5.png,ROAD_STREET,road_street,136,101,134,100,56.73,"[""B_HIGH_VALUE_PAINT""]",True,B_HIGH_VALUE_PAINT
pvg_road_street_roadblock1_6_cc2cfdf0,res://assets/tilesets/cyber_city_core_tilesets/CyberCity_Core_Tiles_2/CyberCity_Core_Tiles_2/RoadBlock1_6.png,RoadBlock1_6.png,ROAD_STREET,road_street,99,125,97,124,60.27,"[""B_HIGH_VALUE_PAINT""]",True,B_HIGH_VALUE_PAINT
pvg_road_street_roadblock1_7_70a58522,res://assets/tilesets/cyber_city_core_tilesets/CyberCity_Core_Tiles_2/CyberCity_Core_Tiles_2/RoadBlock1_7.png,RoadBlock1_7.png,ROAD_STREET,road_street,106,132,105,131,62.91,"[""B_HIGH_VALUE_PAINT""]",True,B_HIGH_VALUE_PAINT
pvg_road_street_roadblock1_8_8252dd2c,res://assets/tilesets/cyber_city_core_tilesets/CyberCity_Core_Tiles_2/CyberCity_Core_Tiles_2/RoadBlock1_8.png,RoadBlock1_8.png,ROAD_STREET,road_street,133,108,130,106,60.08,"[""B_HIGH_VALUE_PAINT""]",True,B_HIGH_VALUE_PAINT
pvg_road_street_roadsign1_1_46c7a704,res://assets/tilesets/cyber_city_core_tilesets/CyberCity_Core_Tiles_2/CyberCity_Core_Tiles_2/RoadSign1_1.png,RoadSign1_1.png,ROAD_STREET,road_street,72,74,68,73,40.47,"[""B_HIGH_VALUE_PAINT""]",True,B_HIGH_VALUE_PAINT
pvg_road_street_roadsign1_2_064652d8,res://assets/tilesets/cyber_city_core_tilesets/CyberCity_Core_Tiles_2/CyberCity_Core_Tiles_2/RoadSign1_2.png,RoadSign1_2.png,ROAD_STREET,road_street,38,88,36,84,59.54,"[""B_HIGH_VALUE_PAINT""]",True,B_HIGH_VALUE_PAINT
pvg_road_street_roadsign1_3_53193409,res://assets/tilesets/cyber_city_core_tilesets/CyberCity_Core_Tiles_2/CyberCity_Core_Tiles_2/RoadSign1_3.png,RoadSign1_3.png,ROAD_STREET,road_street,70,70,68,68,35.8,"[""B_HIGH_VALUE_PAINT""]",True,B_HIGH_VALUE_PAINT
pvg_road_street_roadsign1_4_62507bc1,res://assets/tilesets/cyber_city_core_tilesets/CyberCity_Core_Tiles_2/CyberCity_Core_Tiles_2/RoadSign1_4.png,RoadSign1_4.png,ROAD_STREET,road_street,44,92,41,90,63.93,"[""B_HIGH_VALUE_PAINT""]",True,B_HIGH_VALUE_PAINT
pvg_road_street_roadsign1_5_ce5960df,res://assets/tilesets/cyber_city_core_tilesets/CyberCity_Core_Tiles_2/CyberCity_Core_Tiles_2/RoadSign1_5.png,RoadSign1_5.png,ROAD_STREET,road_street,64,87,62,85,54.35,"[""B_HIGH_VALUE_PAINT""]",True,B_HIGH_VALUE_PAINT
pvg_road_street_roadsign1_6_17c42f00,res://assets/tilesets/cyber_city_core_tilesets/CyberCity_Core_Tiles_2/CyberCity_Core_Tiles_2/RoadSign1_6.png,RoadSign1_6.png,ROAD_STREET,road_street,74,93,68,91,61.96,"[""B_HIGH_VALUE_PAINT""]",True,B_HIGH_VALUE_PAINT
pvg_road_street_roadsign1_7_af59543d,res://assets/tilesets/cyber_city_core_tilesets/CyberCity_Core_Tiles_2/CyberCity_Core_Tiles_2/RoadSign1_7.png,RoadSign1_7.png,ROAD_STREET,road_street,67,82,62,81,52.58,"[""B_HIGH_VALUE_PAINT""]",True,B_HIGH_VALUE_PAINT
pvg_road_street_roadsign1_8_28e81666,res://assets/tilesets/cyber_city_core_tilesets/CyberCity_Core_Tiles_2/CyberCity_Core_Tiles_2/RoadSign1_8.png,RoadSign1_8.png,ROAD_STREET,road_street,69,89,67,88,59.14,"[""B_HIGH_VALUE_PAINT""]",True,B_HIGH_VALUE_PAINT
pvg_tileset_atlas_satelitedish1_1_7e2ccb14,res://assets/tilesets/cyber_city_core_tilesets/CyberCity_Core_Tiles_2/CyberCity_Core_Tiles_2/SateliteDish1_1.png,SateliteDish1_1.png,TILESET_ATLAS,atlas_or_large_sheet,612,630,602,621,31.44,"[""A_PRIMARY_ATLAS"", ""C_LARGE_OBJECT_PAINT""]",True,"A_PRIMARY_ATLAS, C_LARGE_OBJECT_PAINT"
pvg_tileset_atlas_satelitedish1_2_4a187567,res://assets/tilesets/cyber_city_core_tilesets/CyberCity_Core_Tiles_2/CyberCity_Core_Tiles_2/SateliteDish1_2.png,SateliteDish1_2.png,TILESET_ATLAS,atlas_or_large_sheet,512,628,502,621,34.87,"[""A_PRIMARY_ATLAS"", ""C_LARGE_OBJECT_PAINT""]",True,"A_PRIMARY_ATLAS, C_LARGE_OBJECT_PAINT"
pvg_tileset_atlas_satelitedish1_3_385d4333,res://assets/tilesets/cyber_city_core_tilesets/CyberCity_Core_Tiles_2/CyberCity_Core_Tiles_2/SateliteDish1_3.png,SateliteDish1_3.png,TILESET_ATLAS,atlas_or_large_sheet,611,694,603,683,56.39,"[""A_PRIMARY_ATLAS"", ""C_LARGE_OBJECT_PAINT""]",True,"A_PRIMARY_ATLAS, C_LARGE_OBJECT_PAINT"
pvg_tileset_atlas_satelitedish1_4_1d7f44d6,res://assets/tilesets/cyber_city_core_tilesets/CyberCity_Core_Tiles_2/CyberCity_Core_Tiles_2/SateliteDish1_4.png,SateliteDish1_4.png,TILESET_ATLAS,atlas_or_large_sheet,483,683,476,673,34.88,"[""A_PRIMARY_ATLAS"", ""C_LARGE_OBJECT_PAINT""]",True,"A_PRIMARY_ATLAS, C_LARGE_OBJECT_PAINT"
pvg_tileset_atlas_satelitedish1_5_c2ff40f8,res://assets/tilesets/cyber_city_core_tilesets/CyberCity_Core_Tiles_2/CyberCity_Core_Tiles_2/SateliteDish1_5.png,SateliteDish1_5.png,TILESET_ATLAS,atlas_or_large_sheet,524,641,515,634,27.42,"[""A_PRIMARY_ATLAS"", ""C_LARGE_OBJECT_PAINT""]",True,"A_PRIMARY_ATLAS, C_LARGE_OBJECT_PAINT"
pvg_tileset_atlas_satelitedish1_6_4344bad5,res://assets/tilesets/cyber_city_core_tilesets/CyberCity_Core_Tiles_2/CyberCity_Core_Tiles_2/SateliteDish1_6.png,SateliteDish1_6.png,TILESET_ATLAS,atlas_or_large_sheet,554,650,548,644,33.35,"[""A_PRIMARY_ATLAS"", ""C_LARGE_OBJECT_PAINT""]",True,"A_PRIMARY_ATLAS, C_LARGE_OBJECT_PAINT"
pvg_tileset_atlas_satelitedish1_7_3a36e789,res://assets/tilesets/cyber_city_core_tilesets/CyberCity_Core_Tiles_2/CyberCity_Core_Tiles_2/SateliteDish1_7.png,SateliteDish1_7.png,TILESET_ATLAS,atlas_or_large_sheet,575,652,567,647,48.96,"[""A_PRIMARY_ATLAS"", ""C_LARGE_OBJECT_PAINT""]",True,"A_PRIMARY_ATLAS, C_LARGE_OBJECT_PAINT"
pvg_tileset_atlas_satelitedish1_8_e9005224,res://assets/tilesets/cyber_city_core_tilesets/CyberCity_Core_Tiles_2/CyberCity_Core_Tiles_2/SateliteDish1_8.png,SateliteDish1_8.png,TILESET_ATLAS,atlas_or_large_sheet,551,687,548,683,50.24,"[""A_PRIMARY_ATLAS"", ""C_LARGE_OBJECT_PAINT""]",True,"A_PRIMARY_ATLAS, C_LARGE_OBJECT_PAINT"
pvg_unknown_review_satelitedish2_1_0aefa455,res://assets/tilesets/cyber_city_core_tilesets/CyberCity_Core_Tiles_2/CyberCity_Core_Tiles_2/SateliteDish2_1.png,SateliteDish2_1.png,UNKNOWN_REVIEW,review,58,49,57,48,65.83,"[""C_LARGE_OBJECT_PAINT""]",True,C_LARGE_OBJECT_PAINT
pvg_unknown_review_satelitedish2_2_55e5e1b1,res://assets/tilesets/cyber_city_core_tilesets/CyberCity_Core_Tiles_2/CyberCity_Core_Tiles_2/SateliteDish2_2.png,SateliteDish2_2.png,UNKNOWN_REVIEW,review,65,69,63,67,44.24,"[""C_LARGE_OBJECT_PAINT""]",True,C_LARGE_OBJECT_PAINT
pvg_unknown_review_satelitedish2_3_7b2f185d,res://assets/tilesets/cyber_city_core_tilesets/CyberCity_Core_Tiles_2/CyberCity_Core_Tiles_2/SateliteDish2_3.png,SateliteDish2_3.png,UNKNOWN_REVIEW,review,63,68,57,62,53.22,"[""C_LARGE_OBJECT_PAINT""]",True,C_LARGE_OBJECT_PAINT
pvg_unknown_review_satelitedish2_4_0feffa59,res://assets/tilesets/cyber_city_core_tilesets/CyberCity_Core_Tiles_2/CyberCity_Core_Tiles_2/SateliteDish2_4.png,SateliteDish2_4.png,UNKNOWN_REVIEW,review,64,63,64,60,65.18,"[""C_LARGE_OBJECT_PAINT""]",True,C_LARGE_OBJECT_PAINT
pvg_unknown_review_satelitedish2_5_47bbee91,res://assets/tilesets/cyber_city_core_tilesets/CyberCity_Core_Tiles_2/CyberCity_Core_Tiles_2/SateliteDish2_5.png,SateliteDish2_5.png,UNKNOWN_REVIEW,review,60,59,58,58,54.29,"[""C_LARGE_OBJECT_PAINT""]",True,C_LARGE_OBJECT_PAINT
pvg_unknown_review_satelitedish2_6_8be72165,res://assets/tilesets/cyber_city_core_tilesets/CyberCity_Core_Tiles_2/CyberCity_Core_Tiles_2/SateliteDish2_6.png,SateliteDish2_6.png,UNKNOWN_REVIEW,review,71,64,69,60,66.92,"[""C_LARGE_OBJECT_PAINT""]",True,C_LARGE_OBJECT_PAINT
pvg_unknown_review_satelitedish2_7_fc32a2d0,res://assets/tilesets/cyber_city_core_tilesets/CyberCity_Core_Tiles_2/CyberCity_Core_Tiles_2/SateliteDish2_7.png,SateliteDish2_7.png,UNKNOWN_REVIEW,review,71,71,70,69,47.55,"[""C_LARGE_OBJECT_PAINT""]",True,C_LARGE_OBJECT_PAINT
pvg_unknown_review_satelitedish2_8_9c53de17,res://assets/tilesets/cyber_city_core_tilesets/CyberCity_Core_Tiles_2/CyberCity_Core_Tiles_2/SateliteDish2_8.png,SateliteDish2_8.png,UNKNOWN_REVIEW,review,60,56,58,54,72.29,"[""C_LARGE_OBJECT_PAINT""]",True,C_LARGE_OBJECT_PAINT
pvg_unknown_review_satelitedishes1_1_11b52da2,res://assets/tilesets/cyber_city_core_tilesets/CyberCity_Core_Tiles_2/CyberCity_Core_Tiles_2/SateliteDishes1_1.png,SateliteDishes1_1.png,UNKNOWN_REVIEW,review,150,160,147,159,46.38,"[""C_LARGE_OBJECT_PAINT""]",True,C_LARGE_OBJECT_PAINT
pvg_unknown_review_satelitedishes1_2_2ce5e7db,res://assets/tilesets/cyber_city_core_tilesets/CyberCity_Core_Tiles_2/CyberCity_Core_Tiles_2/SateliteDishes1_2.png,SateliteDishes1_2.png,UNKNOWN_REVIEW,review,188,174,188,171,59.54,"[""C_LARGE_OBJECT_PAINT""]",True,C_LARGE_OBJECT_PAINT
pvg_unknown_review_satelitedishes1_3_a0f6870d,res://assets/tilesets/cyber_city_core_tilesets/CyberCity_Core_Tiles_2/CyberCity_Core_Tiles_2/SateliteDishes1_3.png,SateliteDishes1_3.png,UNKNOWN_REVIEW,review,154,192,148,190,46.08,"[""C_LARGE_OBJECT_PAINT""]",True,C_LARGE_OBJECT_PAINT
pvg_unknown_review_satelitedishes1_4_ccc97ea7,res://assets/tilesets/cyber_city_core_tilesets/CyberCity_Core_Tiles_2/CyberCity_Core_Tiles_2/SateliteDishes1_4.png,SateliteDishes1_4.png,UNKNOWN_REVIEW,review,177,165,174,155,32.49,"[""C_LARGE_OBJECT_PAINT""]",True,C_LARGE_OBJECT_PAINT
pvg_unknown_review_satelitedishes1_5_ff4dda0c,res://assets/tilesets/cyber_city_core_tilesets/CyberCity_Core_Tiles_2/CyberCity_Core_Tiles_2/SateliteDishes1_5.png,SateliteDishes1_5.png,UNKNOWN_REVIEW,review,194,143,193,142,56.21,"[""C_LARGE_OBJECT_PAINT""]",True,C_LARGE_OBJECT_PAINT
pvg_unknown_review_satelitedishes1_6_2815dd7b,res://assets/tilesets/cyber_city_core_tilesets/CyberCity_Core_Tiles_2/CyberCity_Core_Tiles_2/SateliteDishes1_6.png,SateliteDishes1_6.png,UNKNOWN_REVIEW,review,168,161,165,155,36.52,"[""C_LARGE_OBJECT_PAINT""]",True,C_LARGE_OBJECT_PAINT
pvg_unknown_review_satelitedishes1_7_3dae3628,res://assets/tilesets/cyber_city_core_tilesets/CyberCity_Core_Tiles_2/CyberCity_Core_Tiles_2/SateliteDishes1_7.png,SateliteDishes1_7.png,UNKNOWN_REVIEW,review,179,202,177,200,61.17,"[""C_LARGE_OBJECT_PAINT""]",True,C_LARGE_OBJECT_PAINT
pvg_unknown_review_satelitedishes1_8_39e2a03e,res://assets/tilesets/cyber_city_core_tilesets/CyberCity_Core_Tiles_2/CyberCity_Core_Tiles_2/SateliteDishes1_8.png,SateliteDishes1_8.png,UNKNOWN_REVIEW,review,180,187,178,182,45.12,"[""C_LARGE_OBJECT_PAINT""]",True,C_LARGE_OBJECT_PAINT
pvg_clutter_small_scaffoldpipe1_1_dcf9ce9d,res://assets/tilesets/cyber_city_core_tilesets/CyberCity_Core_Tiles_2/CyberCity_Core_Tiles_2/ScaffoldPipe1_1.png,ScaffoldPipe1_1.png,CLUTTER_SMALL,industrial_prop,476,59,470,57,25.06,"[""C_LARGE_OBJECT_PAINT""]",True,C_LARGE_OBJECT_PAINT
pvg_foreground_tall_scaffoldpipe1_2_c7310a14,res://assets/tilesets/cyber_city_core_tilesets/CyberCity_Core_Tiles_2/CyberCity_Core_Tiles_2/ScaffoldPipe1_2.png,ScaffoldPipe1_2.png,FOREGROUND_TALL,industrial_prop,54,355,46,352,25.83,"[""C_LARGE_OBJECT_PAINT""]",True,C_LARGE_OBJECT_PAINT
pvg_clutter_small_scaffoldpipe1_3_34516170,res://assets/tilesets/cyber_city_core_tilesets/CyberCity_Core_Tiles_2/CyberCity_Core_Tiles_2/ScaffoldPipe1_3.png,ScaffoldPipe1_3.png,CLUTTER_SMALL,industrial_prop,474,58,470,53,21.81,"[""C_LARGE_OBJECT_PAINT""]",True,C_LARGE_OBJECT_PAINT
pvg_foreground_tall_scaffoldpipe1_4_a2f69b12,res://assets/tilesets/cyber_city_core_tilesets/CyberCity_Core_Tiles_2/CyberCity_Core_Tiles_2/ScaffoldPipe1_4.png,ScaffoldPipe1_4.png,FOREGROUND_TALL,industrial_prop,52,353,49,352,24.37,"[""C_LARGE_OBJECT_PAINT""]",True,C_LARGE_OBJECT_PAINT
pvg_foreground_tall_scaffoldpipe1_5_73529501,res://assets/tilesets/cyber_city_core_tilesets/CyberCity_Core_Tiles_2/CyberCity_Core_Tiles_2/ScaffoldPipe1_5.png,ScaffoldPipe1_5.png,FOREGROUND_TALL,industrial_prop,358,278,356,273,81.17,"[""C_LARGE_OBJECT_PAINT""]",True,C_LARGE_OBJECT_PAINT
pvg_foreground_tall_scaffoldpipe1_6_04915ef1,res://assets/tilesets/cyber_city_core_tilesets/CyberCity_Core_Tiles_2/CyberCity_Core_Tiles_2/ScaffoldPipe1_6.png,ScaffoldPipe1_6.png,FOREGROUND_TALL,industrial_prop,359,273,358,271,81.2,"[""C_LARGE_OBJECT_PAINT""]",True,C_LARGE_OBJECT_PAINT
pvg_foreground_tall_scaffoldpipe1_7_1dc52206,res://assets/tilesets/cyber_city_core_tilesets/CyberCity_Core_Tiles_2/CyberCity_Core_Tiles_2/ScaffoldPipe1_7.png,ScaffoldPipe1_7.png,FOREGROUND_TALL,industrial_prop,359,272,357,270,81.18,"[""C_LARGE_OBJECT_PAINT""]",True,C_LARGE_OBJECT_PAINT
pvg_foreground_tall_scaffoldpipe1_8_a0757cd6,res://assets/tilesets/cyber_city_core_tilesets/CyberCity_Core_Tiles_2/CyberCity_Core_Tiles_2/ScaffoldPipe1_8.png,ScaffoldPipe1_8.png,FOREGROUND_TALL,industrial_prop,357,278,356,273,81.28,"[""C_LARGE_OBJECT_PAINT""]",True,C_LARGE_OBJECT_PAINT
pvg_unknown_review_shack1_1_14c51895,res://assets/tilesets/cyber_city_core_tilesets/CyberCity_Core_Tiles_2/CyberCity_Core_Tiles_2/Shack1_1.png,Shack1_1.png,UNKNOWN_REVIEW,review,350,355,345,344,33.22,"[""C_LARGE_OBJECT_PAINT""]",True,C_LARGE_OBJECT_PAINT
pvg_unknown_review_shack1_2_6a4e96c1,res://assets/tilesets/cyber_city_core_tilesets/CyberCity_Core_Tiles_2/CyberCity_Core_Tiles_2/Shack1_2.png,Shack1_2.png,UNKNOWN_REVIEW,review,370,419,361,417,49.42,"[""C_LARGE_OBJECT_PAINT""]",True,C_LARGE_OBJECT_PAINT
pvg_unknown_review_shack1_3_4c39cffe,res://assets/tilesets/cyber_city_core_tilesets/CyberCity_Core_Tiles_2/CyberCity_Core_Tiles_2/Shack1_3.png,Shack1_3.png,UNKNOWN_REVIEW,review,362,313,358,303,25.65,"[""C_LARGE_OBJECT_PAINT""]",True,C_LARGE_OBJECT_PAINT
pvg_unknown_review_shack1_4_0e8ae4c8,res://assets/tilesets/cyber_city_core_tilesets/CyberCity_Core_Tiles_2/CyberCity_Core_Tiles_2/Shack1_4.png,Shack1_4.png,UNKNOWN_REVIEW,review,370,366,363,361,33.45,"[""C_LARGE_OBJECT_PAINT""]",True,C_LARGE_OBJECT_PAINT
pvg_unknown_review_shack1_5_ee467085,res://assets/tilesets/cyber_city_core_tilesets/CyberCity_Core_Tiles_2/CyberCity_Core_Tiles_2/Shack1_5.png,Shack1_5.png,UNKNOWN_REVIEW,review,414,375,409,374,47.84,"[""C_LARGE_OBJECT_PAINT""]",True,C_LARGE_OBJECT_PAINT
pvg_unknown_review_shack1_6_57788860,res://assets/tilesets/cyber_city_core_tilesets/CyberCity_Core_Tiles_2/CyberCity_Core_Tiles_2/Shack1_6.png,Shack1_6.png,UNKNOWN_REVIEW,review,401,402,399,401,46.57,"[""C_LARGE_OBJECT_PAINT""]",True,C_LARGE_OBJECT_PAINT
pvg_unknown_review_shack1_7_300050fe,res://assets/tilesets/cyber_city_core_tilesets/CyberCity_Core_Tiles_2/CyberCity_Core_Tiles_2/Shack1_7.png,Shack1_7.png,UNKNOWN_REVIEW,review,400,383,398,377,48.03,"[""C_LARGE_OBJECT_PAINT""]",True,C_LARGE_OBJECT_PAINT
pvg_unknown_review_shack1_8_32fbf3c2,res://assets/tilesets/cyber_city_core_tilesets/CyberCity_Core_Tiles_2/CyberCity_Core_Tiles_2/Shack1_8.png,Shack1_8.png,UNKNOWN_REVIEW,review,417,388,415,384,45.97,"[""C_LARGE_OBJECT_PAINT""]",True,C_LARGE_OBJECT_PAINT
pvg_unknown_review_shack2_1_3695f3df,res://assets/tilesets/cyber_city_core_tilesets/CyberCity_Core_Tiles_2/CyberCity_Core_Tiles_2/Shack2_1.png,Shack2_1.png,UNKNOWN_REVIEW,review,381,364,373,360,49.42,"[""C_LARGE_OBJECT_PAINT""]",True,C_LARGE_OBJECT_PAINT
pvg_unknown_review_shack2_2_f37730f3,res://assets/tilesets/cyber_city_core_tilesets/CyberCity_Core_Tiles_2/CyberCity_Core_Tiles_2/Shack2_2.png,Shack2_2.png,UNKNOWN_REVIEW,review,373,406,364,397,51.6,"[""C_LARGE_OBJECT_PAINT""]",True,C_LARGE_OBJECT_PAINT
pvg_unknown_review_shack2_3_61c625fb,res://assets/tilesets/cyber_city_core_tilesets/CyberCity_Core_Tiles_2/CyberCity_Core_Tiles_2/Shack2_3.png,Shack2_3.png,UNKNOWN_REVIEW,review,383,355,381,351,44.75,"[""C_LARGE_OBJECT_PAINT""]",True,C_LARGE_OBJECT_PAINT
pvg_unknown_review_shack2_4_1ac01d12,res://assets/tilesets/cyber_city_core_tilesets/CyberCity_Core_Tiles_2/CyberCity_Core_Tiles_2/Shack2_4.png,Shack2_4.png,UNKNOWN_REVIEW,review,347,343,338,311,40.78,"[""C_LARGE_OBJECT_PAINT""]",True,C_LARGE_OBJECT_PAINT
pvg_unknown_review_shack2_5_4b23d088,res://assets/tilesets/cyber_city_core_tilesets/CyberCity_Core_Tiles_2/CyberCity_Core_Tiles_2/Shack2_5.png,Shack2_5.png,UNKNOWN_REVIEW,review,448,391,445,374,55.75,"[""C_LARGE_OBJECT_PAINT""]",True,C_LARGE_OBJECT_PAINT
pvg_unknown_review_shack2_6_8cda45e7,res://assets/tilesets/cyber_city_core_tilesets/CyberCity_Core_Tiles_2/CyberCity_Core_Tiles_2/Shack2_6.png,Shack2_6.png,UNKNOWN_REVIEW,review,403,402,402,387,57.88,"[""C_LARGE_OBJECT_PAINT""]",True,C_LARGE_OBJECT_PAINT
pvg_unknown_review_shack2_7_0c179b6e,res://assets/tilesets/cyber_city_core_tilesets/CyberCity_Core_Tiles_2/CyberCity_Core_Tiles_2/Shack2_7.png,Shack2_7.png,UNKNOWN_REVIEW,review,442,429,439,412,58.63,"[""C_LARGE_OBJECT_PAINT""]",True,C_LARGE_OBJECT_PAINT
pvg_unknown_review_shack2_8_8580e6f4,res://assets/tilesets/cyber_city_core_tilesets/CyberCity_Core_Tiles_2/CyberCity_Core_Tiles_2/Shack2_8.png,Shack2_8.png,UNKNOWN_REVIEW,review,446,404,440,397,58.66,"[""C_LARGE_OBJECT_PAINT""]",True,C_LARGE_OBJECT_PAINT
pvg_tileset_atlas_shack3_1_3728c956,res://assets/tilesets/cyber_city_core_tilesets/CyberCity_Core_Tiles_2/CyberCity_Core_Tiles_2/Shack3_1.png,Shack3_1.png,TILESET_ATLAS,atlas_or_large_sheet,683,450,680,447,50.2,"[""A_PRIMARY_ATLAS"", ""C_LARGE_OBJECT_PAINT""]",True,"A_PRIMARY_ATLAS, C_LARGE_OBJECT_PAINT"
pvg_tileset_atlas_shack3_2_f57b188e,res://assets/tilesets/cyber_city_core_tilesets/CyberCity_Core_Tiles_2/CyberCity_Core_Tiles_2/Shack3_2.png,Shack3_2.png,TILESET_ATLAS,atlas_or_large_sheet,428,706,421,704,50.04,"[""A_PRIMARY_ATLAS"", ""C_LARGE_OBJECT_PAINT""]",True,"A_PRIMARY_ATLAS, C_LARGE_OBJECT_PAINT"
pvg_tileset_atlas_shack3_3_bb949f64,res://assets/tilesets/cyber_city_core_tilesets/CyberCity_Core_Tiles_2/CyberCity_Core_Tiles_2/Shack3_3.png,Shack3_3.png,TILESET_ATLAS,atlas_or_large_sheet,637,564,629,561,53.41,"[""A_PRIMARY_ATLAS"", ""C_LARGE_OBJECT_PAINT""]",True,"A_PRIMARY_ATLAS, C_LARGE_OBJECT_PAINT"
pvg_unknown_review_shack3_4_0470417b,res://assets/tilesets/cyber_city_core_tilesets/CyberCity_Core_Tiles_2/CyberCity_Core_Tiles_2/Shack3_4.png,Shack3_4.png,UNKNOWN_REVIEW,review,371,489,361,485,26.13,"[""C_LARGE_OBJECT_PAINT""]",True,C_LARGE_OBJECT_PAINT
pvg_tileset_atlas_shack3_5_bf3e68a2,res://assets/tilesets/cyber_city_core_tilesets/CyberCity_Core_Tiles_2/CyberCity_Core_Tiles_2/Shack3_5.png,Shack3_5.png,TILESET_ATLAS,atlas_or_large_sheet,648,598,646,595,58.85,"[""A_PRIMARY_ATLAS"", ""C_LARGE_OBJECT_PAINT""]",True,"A_PRIMARY_ATLAS, C_LARGE_OBJECT_PAINT"
pvg_tileset_atlas_shack3_6_d48f22e6,res://assets/tilesets/cyber_city_core_tilesets/CyberCity_Core_Tiles_2/CyberCity_Core_Tiles_2/Shack3_6.png,Shack3_6.png,TILESET_ATLAS,atlas_or_large_sheet,578,495,572,492,53.1,"[""A_PRIMARY_ATLAS"", ""C_LARGE_OBJECT_PAINT""]",True,"A_PRIMARY_ATLAS, C_LARGE_OBJECT_PAINT"
pvg_tileset_atlas_shack3_7_0c7a17af,res://assets/tilesets/cyber_city_core_tilesets/CyberCity_Core_Tiles_2/CyberCity_Core_Tiles_2/Shack3_7.png,Shack3_7.png,TILESET_ATLAS,atlas_or_large_sheet,539,725,533,723,60.3,"[""A_PRIMARY_ATLAS"", ""C_LARGE_OBJECT_PAINT""]",True,"A_PRIMARY_ATLAS, C_LARGE_OBJECT_PAINT"
pvg_tileset_atlas_shack3_8_5f0dc443,res://assets/tilesets/cyber_city_core_tilesets/CyberCity_Core_Tiles_2/CyberCity_Core_Tiles_2/Shack3_8.png,Shack3_8.png,TILESET_ATLAS,atlas_or_large_sheet,587,489,585,486,44.37,"[""A_PRIMARY_ATLAS"", ""C_LARGE_OBJECT_PAINT""]",True,"A_PRIMARY_ATLAS, C_LARGE_OBJECT_PAINT"
pvg_tileset_atlas_shack4_1_5958f637,res://assets/tilesets/cyber_city_core_tilesets/CyberCity_Core_Tiles_2/CyberCity_Core_Tiles_2/Shack4_1.png,Shack4_1.png,TILESET_ATLAS,atlas_or_large_sheet,604,414,601,412,51.68,"[""A_PRIMARY_ATLAS"", ""C_LARGE_OBJECT_PAINT""]",True,"A_PRIMARY_ATLAS, C_LARGE_OBJECT_PAINT"
pvg_tileset_atlas_shack4_2_b1edad44,res://assets/tilesets/cyber_city_core_tilesets/CyberCity_Core_Tiles_2/CyberCity_Core_Tiles_2/Shack4_2.png,Shack4_2.png,TILESET_ATLAS,atlas_or_large_sheet,370,717,366,712,48.94,"[""A_PRIMARY_ATLAS"", ""C_LARGE_OBJECT_PAINT""]",True,"A_PRIMARY_ATLAS, C_LARGE_OBJECT_PAINT"
pvg_tileset_atlas_shack4_3_83baf93a,res://assets/tilesets/cyber_city_core_tilesets/CyberCity_Core_Tiles_2/CyberCity_Core_Tiles_2/Shack4_3.png,Shack4_3.png,TILESET_ATLAS,atlas_or_large_sheet,548,525,543,520,44.54,"[""A_PRIMARY_ATLAS"", ""C_LARGE_OBJECT_PAINT""]",True,"A_PRIMARY_ATLAS, C_LARGE_OBJECT_PAINT"
pvg_tileset_atlas_shack4_4_ecc6f0ae,res://assets/tilesets/cyber_city_core_tilesets/CyberCity_Core_Tiles_2/CyberCity_Core_Tiles_2/Shack4_4.png,Shack4_4.png,TILESET_ATLAS,atlas_or_large_sheet,295,524,289,520,31.67,"[""A_PRIMARY_ATLAS"", ""C_LARGE_OBJECT_PAINT""]",True,"A_PRIMARY_ATLAS, C_LARGE_OBJECT_PAINT"
pvg_tileset_atlas_shack4_5_de61fd67,res://assets/tilesets/cyber_city_core_tilesets/CyberCity_Core_Tiles_2/CyberCity_Core_Tiles_2/Shack4_5.png,Shack4_5.png,TILESET_ATLAS,atlas_or_large_sheet,600,610,594,603,62.62,"[""A_PRIMARY_ATLAS"", ""C_LARGE_OBJECT_PAINT""]",True,"A_PRIMARY_ATLAS, C_LARGE_OBJECT_PAINT"
pvg_tileset_atlas_shack4_6_47ce0e14,res://assets/tilesets/cyber_city_core_tilesets/CyberCity_Core_Tiles_2/CyberCity_Core_Tiles_2/Shack4_6.png,Shack4_6.png,TILESET_ATLAS,atlas_or_large_sheet,527,462,525,458,54.13,"[""A_PRIMARY_ATLAS"", ""C_LARGE_OBJECT_PAINT""]",True,"A_PRIMARY_ATLAS, C_LARGE_OBJECT_PAINT"
pvg_tileset_atlas_shack4_7_59d2b915,res://assets/tilesets/cyber_city_core_tilesets/CyberCity_Core_Tiles_2/CyberCity_Core_Tiles_2/Shack4_7.png,Shack4_7.png,TILESET_ATLAS,atlas_or_large_sheet,532,689,530,685,58.53,"[""A_PRIMARY_ATLAS"", ""C_LARGE_OBJECT_PAINT""]",True,"A_PRIMARY_ATLAS, C_LARGE_OBJECT_PAINT"
pvg_tileset_atlas_shack4_8_9ae12af4,res://assets/tilesets/cyber_city_core_tilesets/CyberCity_Core_Tiles_2/CyberCity_Core_Tiles_2/Shack4_8.png,Shack4_8.png,TILESET_ATLAS,atlas_or_large_sheet,524,503,518,502,43.19,"[""A_PRIMARY_ATLAS"", ""C_LARGE_OBJECT_PAINT""]",True,"A_PRIMARY_ATLAS, C_LARGE_OBJECT_PAINT"
pvg_neon_sign_shopsign1_1_0ecfa55d,res://assets/tilesets/cyber_city_core_tilesets/CyberCity_Core_Tiles_2/CyberCity_Core_Tiles_2/ShopSign1_1.png,ShopSign1_1.png,NEON_SIGN,sign_billboard,83,195,78,191,28.54,"[""C_LARGE_OBJECT_PAINT""]",True,C_LARGE_OBJECT_PAINT
pvg_neon_sign_shopsign1_2_263b8b94,res://assets/tilesets/cyber_city_core_tilesets/CyberCity_Core_Tiles_2/CyberCity_Core_Tiles_2/ShopSign1_2.png,ShopSign1_2.png,NEON_SIGN,sign_billboard,15,235,7,230,57.28,"[""C_LARGE_OBJECT_PAINT""]",True,C_LARGE_OBJECT_PAINT
pvg_neon_sign_shopsign1_3_0b1990ce,res://assets/tilesets/cyber_city_core_tilesets/CyberCity_Core_Tiles_2/CyberCity_Core_Tiles_2/ShopSign1_3.png,ShopSign1_3.png,NEON_SIGN,sign_billboard,83,197,77,191,30.01,"[""C_LARGE_OBJECT_PAINT""]",True,C_LARGE_OBJECT_PAINT
pvg_neon_sign_shopsign1_4_bc3c5fc1,res://assets/tilesets/cyber_city_core_tilesets/CyberCity_Core_Tiles_2/CyberCity_Core_Tiles_2/ShopSign1_4.png,ShopSign1_4.png,NEON_SIGN,sign_billboard,16,234,7,230,59.8,"[""C_LARGE_OBJECT_PAINT""]",True,C_LARGE_OBJECT_PAINT
pvg_neon_sign_shopsign1_5_c75499c3,res://assets/tilesets/cyber_city_core_tilesets/CyberCity_Core_Tiles_2/CyberCity_Core_Tiles_2/ShopSign1_5.png,ShopSign1_5.png,NEON_SIGN,sign_billboard,63,221,57,219,35.98,"[""C_LARGE_OBJECT_PAINT""]",True,C_LARGE_OBJECT_PAINT
pvg_neon_sign_shopsign1_6_ad72aec0,res://assets/tilesets/cyber_city_core_tilesets/CyberCity_Core_Tiles_2/CyberCity_Core_Tiles_2/ShopSign1_6.png,ShopSign1_6.png,NEON_SIGN,sign_billboard,62,221,58,219,34.97,"[""C_LARGE_OBJECT_PAINT""]",True,C_LARGE_OBJECT_PAINT
pvg_neon_sign_shopsign1_7_06786994,res://assets/tilesets/cyber_city_core_tilesets/CyberCity_Core_Tiles_2/CyberCity_Core_Tiles_2/ShopSign1_7.png,ShopSign1_7.png,NEON_SIGN,sign_billboard,64,220,58,219,37.78,"[""C_LARGE_OBJECT_PAINT""]",True,C_LARGE_OBJECT_PAINT
pvg_neon_sign_shopsign1_8_7d1dddbe,res://assets/tilesets/cyber_city_core_tilesets/CyberCity_Core_Tiles_2/CyberCity_Core_Tiles_2/ShopSign1_8.png,ShopSign1_8.png,NEON_SIGN,sign_billboard,63,221,58,219,37.14,"[""C_LARGE_OBJECT_PAINT""]",True,C_LARGE_OBJECT_PAINT
pvg_neon_sign_shopsign2_1_d8c66807,res://assets/tilesets/cyber_city_core_tilesets/CyberCity_Core_Tiles_2/CyberCity_Core_Tiles_2/ShopSign2_1.png,ShopSign2_1.png,NEON_SIGN,sign_billboard,70,181,61,176,15.74,"[""C_LARGE_OBJECT_PAINT""]",True,C_LARGE_OBJECT_PAINT
pvg_neon_sign_shopsign2_2_b50414c4,res://assets/tilesets/cyber_city_core_tilesets/CyberCity_Core_Tiles_2/CyberCity_Core_Tiles_2/ShopSign2_2.png,ShopSign2_2.png,NEON_SIGN,sign_billboard,15,217,7,215,54.01,"[""C_LARGE_OBJECT_PAINT""]",True,C_LARGE_OBJECT_PAINT
pvg_neon_sign_shopsign2_3_4f59d812,res://assets/tilesets/cyber_city_core_tilesets/CyberCity_Core_Tiles_2/CyberCity_Core_Tiles_2/ShopSign2_3.png,ShopSign2_3.png,NEON_SIGN,sign_billboard,70,181,61,176,15.74,"[""C_LARGE_OBJECT_PAINT""]",True,C_LARGE_OBJECT_PAINT
pvg_neon_sign_shopsign2_4_23c554cb,res://assets/tilesets/cyber_city_core_tilesets/CyberCity_Core_Tiles_2/CyberCity_Core_Tiles_2/ShopSign2_4.png,ShopSign2_4.png,NEON_SIGN,sign_billboard,15,217,7,215,54.01,"[""C_LARGE_OBJECT_PAINT""]",True,C_LARGE_OBJECT_PAINT
pvg_neon_sign_shopsign2_5_01674278,res://assets/tilesets/cyber_city_core_tilesets/CyberCity_Core_Tiles_2/CyberCity_Core_Tiles_2/ShopSign2_5.png,ShopSign2_5.png,NEON_SIGN,sign_billboard,53,209,47,205,26.55,"[""C_LARGE_OBJECT_PAINT""]",True,C_LARGE_OBJECT_PAINT
pvg_neon_sign_shopsign2_6_62efe65c,res://assets/tilesets/cyber_city_core_tilesets/CyberCity_Core_Tiles_2/CyberCity_Core_Tiles_2/ShopSign2_6.png,ShopSign2_6.png,NEON_SIGN,sign_billboard,53,207,47,204,25.81,"[""C_LARGE_OBJECT_PAINT""]",True,C_LARGE_OBJECT_PAINT
pvg_neon_sign_shopsign2_7_f6d1a570,res://assets/tilesets/cyber_city_core_tilesets/CyberCity_Core_Tiles_2/CyberCity_Core_Tiles_2/ShopSign2_7.png,ShopSign2_7.png,NEON_SIGN,sign_billboard,53,207,47,204,25.81,"[""C_LARGE_OBJECT_PAINT""]",True,C_LARGE_OBJECT_PAINT
pvg_neon_sign_shopsign2_8_f3f7c08f,res://assets/tilesets/cyber_city_core_tilesets/CyberCity_Core_Tiles_2/CyberCity_Core_Tiles_2/ShopSign2_8.png,ShopSign2_8.png,NEON_SIGN,sign_billboard,53,209,47,205,26.55,"[""C_LARGE_OBJECT_PAINT""]",True,C_LARGE_OBJECT_PAINT
pvg_neon_sign_shopsign3_1_27b11989,res://assets/tilesets/cyber_city_core_tilesets/CyberCity_Core_Tiles_2/CyberCity_Core_Tiles_2/ShopSign3_1.png,ShopSign3_1.png,NEON_SIGN,sign_billboard,86,66,83,62,47.53,"[""C_LARGE_OBJECT_PAINT""]",True,C_LARGE_OBJECT_PAINT
pvg_neon_sign_shopsign3_2_c43ce225,res://assets/tilesets/cyber_city_core_tilesets/CyberCity_Core_Tiles_2/CyberCity_Core_Tiles_2/ShopSign3_2.png,ShopSign3_2.png,NEON_SIGN,sign_billboard,49,76,45,75,48.87,"[""C_LARGE_OBJECT_PAINT""]",True,C_LARGE_OBJECT_PAINT
pvg_neon_sign_shopsign3_3_13912f4d,res://assets/tilesets/cyber_city_core_tilesets/CyberCity_Core_Tiles_2/CyberCity_Core_Tiles_2/ShopSign3_3.png,ShopSign3_3.png,NEON_SIGN,sign_billboard,87,65,83,61,50.75,"[""C_LARGE_OBJECT_PAINT""]",True,C_LARGE_OBJECT_PAINT
pvg_neon_sign_shopsign3_4_ae6f9f2c,res://assets/tilesets/cyber_city_core_tilesets/CyberCity_Core_Tiles_2/CyberCity_Core_Tiles_2/ShopSign3_4.png,ShopSign3_4.png,NEON_SIGN,sign_billboard,49,72,45,71,46.23,"[""C_LARGE_OBJECT_PAINT""]",True,C_LARGE_OBJECT_PAINT
pvg_neon_sign_shopsign3_5_743661af,res://assets/tilesets/cyber_city_core_tilesets/CyberCity_Core_Tiles_2/CyberCity_Core_Tiles_2/ShopSign3_5.png,ShopSign3_5.png,NEON_SIGN,sign_billboard,50,75,50,73,53.73,"[""C_LARGE_OBJECT_PAINT""]",True,C_LARGE_OBJECT_PAINT
pvg_neon_sign_shopsign3_6_03baa2d3,res://assets/tilesets/cyber_city_core_tilesets/CyberCity_Core_Tiles_2/CyberCity_Core_Tiles_2/ShopSign3_6.png,ShopSign3_6.png,NEON_SIGN,sign_billboard,78,68,73,67,45.61,"[""C_LARGE_OBJECT_PAINT""]",True,C_LARGE_OBJECT_PAINT
pvg_neon_sign_shopsign3_7_8d89912a,res://assets/tilesets/cyber_city_core_tilesets/CyberCity_Core_Tiles_2/CyberCity_Core_Tiles_2/ShopSign3_7.png,ShopSign3_7.png,NEON_SIGN,sign_billboard,76,69,74,67,43.97,"[""C_LARGE_OBJECT_PAINT""]",True,C_LARGE_OBJECT_PAINT
pvg_neon_sign_shopsign3_8_e77358af,res://assets/tilesets/cyber_city_core_tilesets/CyberCity_Core_Tiles_2/CyberCity_Core_Tiles_2/ShopSign3_8.png,ShopSign3_8.png,NEON_SIGN,sign_billboard,51,70,50,67,52.8,"[""C_LARGE_OBJECT_PAINT""]",True,C_LARGE_OBJECT_PAINT
pvg_neon_sign_shopsign4_1_531779cd,res://assets/tilesets/cyber_city_core_tilesets/CyberCity_Core_Tiles_2/CyberCity_Core_Tiles_2/ShopSign4_1.png,ShopSign4_1.png,NEON_SIGN,sign_billboard,78,59,72,58,33.64,"[""C_LARGE_OBJECT_PAINT""]",True,C_LARGE_OBJECT_PAINT
pvg_neon_sign_shopsign4_2_f111bc3e,res://assets/tilesets/cyber_city_core_tilesets/CyberCity_Core_Tiles_2/CyberCity_Core_Tiles_2/ShopSign4_2.png,ShopSign4_2.png,NEON_SIGN,sign_billboard,16,73,6,71,64.47,"[""C_LARGE_OBJECT_PAINT""]",True,C_LARGE_OBJECT_PAINT
pvg_neon_sign_shopsign4_3_9aa0d181,res://assets/tilesets/cyber_city_core_tilesets/CyberCity_Core_Tiles_2/CyberCity_Core_Tiles_2/ShopSign4_3.png,ShopSign4_3.png,NEON_SIGN,sign_billboard,74,61,71,58,32.3,"[""C_LARGE_OBJECT_PAINT""]",True,C_LARGE_OBJECT_PAINT
pvg_neon_sign_shopsign4_4_e56d2495,res://assets/tilesets/cyber_city_core_tilesets/CyberCity_Core_Tiles_2/CyberCity_Core_Tiles_2/ShopSign4_4.png,ShopSign4_4.png,NEON_SIGN,sign_billboard,15,73,7,71,60.64,"[""C_LARGE_OBJECT_PAINT""]",True,C_LARGE_OBJECT_PAINT
pvg_neon_sign_shopsign4_5_d569e25f,res://assets/tilesets/cyber_city_core_tilesets/CyberCity_Core_Tiles_2/CyberCity_Core_Tiles_2/ShopSign4_5.png,ShopSign4_5.png,NEON_SIGN,sign_billboard,59,67,53,64,42.68,"[""C_LARGE_OBJECT_PAINT""]",True,C_LARGE_OBJECT_PAINT
pvg_neon_sign_shopsign4_6_dd936c72,res://assets/tilesets/cyber_city_core_tilesets/CyberCity_Core_Tiles_2/CyberCity_Core_Tiles_2/ShopSign4_6.png,ShopSign4_6.png,NEON_SIGN,sign_billboard,56,66,53,65,38.66,"[""C_LARGE_OBJECT_PAINT""]",True,C_LARGE_OBJECT_PAINT
pvg_neon_sign_shopsign4_7_3c6c2c61,res://assets/tilesets/cyber_city_core_tilesets/CyberCity_Core_Tiles_2/CyberCity_Core_Tiles_2/ShopSign4_7.png,ShopSign4_7.png,NEON_SIGN,sign_billboard,57,66,53,64,39.63,"[""C_LARGE_OBJECT_PAINT""]",True,C_LARGE_OBJECT_PAINT
pvg_neon_sign_shopsign4_8_f961369a,res://assets/tilesets/cyber_city_core_tilesets/CyberCity_Core_Tiles_2/CyberCity_Core_Tiles_2/ShopSign4_8.png,ShopSign4_8.png,NEON_SIGN,sign_billboard,54,67,53,65,37.34,"[""C_LARGE_OBJECT_PAINT""]",True,C_LARGE_OBJECT_PAINT
pvg_neon_sign_shopsign5_1_204ac8c7,res://assets/tilesets/cyber_city_core_tilesets/CyberCity_Core_Tiles_2/CyberCity_Core_Tiles_2/ShopSign5_1.png,ShopSign5_1.png,NEON_SIGN,sign_billboard,13,176,7,172,51.44,"[""C_LARGE_OBJECT_PAINT""]",True,C_LARGE_OBJECT_PAINT
pvg_neon_sign_shopsign5_2_1576901e,res://assets/tilesets/cyber_city_core_tilesets/CyberCity_Core_Tiles_2/CyberCity_Core_Tiles_2/ShopSign5_2.png,ShopSign5_2.png,NEON_SIGN,sign_billboard,64,145,56,138,25.2,"[""C_LARGE_OBJECT_PAINT""]",True,C_LARGE_OBJECT_PAINT
pvg_neon_sign_shopsign5_3_5083e739,res://assets/tilesets/cyber_city_core_tilesets/CyberCity_Core_Tiles_2/CyberCity_Core_Tiles_2/ShopSign5_3.png,ShopSign5_3.png,NEON_SIGN,sign_billboard,16,174,6,172,63.22,"[""C_LARGE_OBJECT_PAINT""]",True,C_LARGE_OBJECT_PAINT
pvg_neon_sign_shopsign5_4_19aaf9a7,res://assets/tilesets/cyber_city_core_tilesets/CyberCity_Core_Tiles_2/CyberCity_Core_Tiles_2/ShopSign5_4.png,ShopSign5_4.png,NEON_SIGN,sign_billboard,60,142,56,138,18.57,"[""C_LARGE_OBJECT_PAINT""]",True,C_LARGE_OBJECT_PAINT
pvg_neon_sign_shopsign5_5_38a6b4a6,res://assets/tilesets/cyber_city_core_tilesets/CyberCity_Core_Tiles_2/CyberCity_Core_Tiles_2/ShopSign5_5.png,ShopSign5_5.png,NEON_SIGN,sign_billboard,48,164,42,162,34.11,"[""C_LARGE_OBJECT_PAINT""]",True,C_LARGE_OBJECT_PAINT
pvg_neon_sign_shopsign5_6_a7f41333,res://assets/tilesets/cyber_city_core_tilesets/CyberCity_Core_Tiles_2/CyberCity_Core_Tiles_2/ShopSign5_6.png,ShopSign5_6.png,NEON_SIGN,sign_billboard,47,163,41,162,33.99,"[""C_LARGE_OBJECT_PAINT""]",True,C_LARGE_OBJECT_PAINT
pvg_neon_sign_shopsign5_7_29160a41,res://assets/tilesets/cyber_city_core_tilesets/CyberCity_Core_Tiles_2/CyberCity_Core_Tiles_2/ShopSign5_7.png,ShopSign5_7.png,NEON_SIGN,sign_billboard,47,164,41,162,32.94,"[""C_LARGE_OBJECT_PAINT""]",True,C_LARGE_OBJECT_PAINT
pvg_neon_sign_shopsign5_8_cbe11dd9,res://assets/tilesets/cyber_city_core_tilesets/CyberCity_Core_Tiles_2/CyberCity_Core_Tiles_2/ShopSign5_8.png,ShopSign5_8.png,NEON_SIGN,sign_billboard,48,163,42,162,33.74,"[""C_LARGE_OBJECT_PAINT""]",True,C_LARGE_OBJECT_PAINT
pvg_road_street_sidewalk1_1_0946341e,res://assets/tilesets/cyber_city_core_tilesets/CyberCity_Core_Tiles_2/CyberCity_Core_Tiles_2/Sidewalk1_1.png,Sidewalk1_1.png,ROAD_STREET,road_street,201,185,192,174,10.25,"[""B_HIGH_VALUE_PAINT""]",True,B_HIGH_VALUE_PAINT
pvg_road_street_sidewalk1_2_b2228a07,res://assets/tilesets/cyber_city_core_tilesets/CyberCity_Core_Tiles_2/CyberCity_Core_Tiles_2/Sidewalk1_2.png,Sidewalk1_2.png,ROAD_STREET,road_street,251,146,243,138,8.53,"[""B_HIGH_VALUE_PAINT""]",True,B_HIGH_VALUE_PAINT
pvg_road_street_sidewalk1_3_6387ce3e,res://assets/tilesets/cyber_city_core_tilesets/CyberCity_Core_Tiles_2/CyberCity_Core_Tiles_2/Sidewalk1_3.png,Sidewalk1_3.png,ROAD_STREET,road_street,201,185,192,174,10.19,"[""B_HIGH_VALUE_PAINT""]",True,B_HIGH_VALUE_PAINT
pvg_road_street_sidewalk1_4_df4260f9,res://assets/tilesets/cyber_city_core_tilesets/CyberCity_Core_Tiles_2/CyberCity_Core_Tiles_2/Sidewalk1_4.png,Sidewalk1_4.png,ROAD_STREET,road_street,251,148,243,138,9.91,"[""B_HIGH_VALUE_PAINT""]",True,B_HIGH_VALUE_PAINT
pvg_road_street_sidewalk1_5_d5db71f9,res://assets/tilesets/cyber_city_core_tilesets/CyberCity_Core_Tiles_2/CyberCity_Core_Tiles_2/Sidewalk1_5.png,Sidewalk1_5.png,ROAD_STREET,road_street,307,219,305,218,50.25,"[""B_HIGH_VALUE_PAINT""]",True,B_HIGH_VALUE_PAINT
pvg_road_street_sidewalk1_6_61d01f6d,res://assets/tilesets/cyber_city_core_tilesets/CyberCity_Core_Tiles_2/CyberCity_Core_Tiles_2/Sidewalk1_6.png,Sidewalk1_6.png,ROAD_STREET,road_street,307,220,306,218,50.33,"[""B_HIGH_VALUE_PAINT""]",True,B_HIGH_VALUE_PAINT
pvg_road_street_sidewalk1_7_aa7aa9e0,res://assets/tilesets/cyber_city_core_tilesets/CyberCity_Core_Tiles_2/CyberCity_Core_Tiles_2/Sidewalk1_7.png,Sidewalk1_7.png,ROAD_STREET,road_street,307,220,306,218,50.35,"[""B_HIGH_VALUE_PAINT""]",True,B_HIGH_VALUE_PAINT
pvg_road_street_sidewalk1_8_79c43f6c,res://assets/tilesets/cyber_city_core_tilesets/CyberCity_Core_Tiles_2/CyberCity_Core_Tiles_2/Sidewalk1_8.png,Sidewalk1_8.png,ROAD_STREET,road_street,306,220,306,218,50.04,"[""B_HIGH_VALUE_PAINT""]",True,B_HIGH_VALUE_PAINT
pvg_neon_sign_sign1_1_35447c3c,res://assets/tilesets/cyber_city_core_tilesets/CyberCity_Core_Tiles_2/CyberCity_Core_Tiles_2/Sign1_1.png,Sign1_1.png,NEON_SIGN,sign_billboard,82,120,81,119,58.51,"[""C_LARGE_OBJECT_PAINT""]",True,C_LARGE_OBJECT_PAINT
pvg_neon_sign_sign1_2_6bd38051,res://assets/tilesets/cyber_city_core_tilesets/CyberCity_Core_Tiles_2/CyberCity_Core_Tiles_2/Sign1_2.png,Sign1_2.png,NEON_SIGN,sign_billboard,14,136,6,136,64.18,"[""C_LARGE_OBJECT_PAINT""]",True,C_LARGE_OBJECT_PAINT
pvg_neon_sign_sign1_3_25bedc1d,res://assets/tilesets/cyber_city_core_tilesets/CyberCity_Core_Tiles_2/CyberCity_Core_Tiles_2/Sign1_3.png,Sign1_3.png,NEON_SIGN,sign_billboard,82,120,82,119,58.38,"[""C_LARGE_OBJECT_PAINT""]",True,C_LARGE_OBJECT_PAINT
pvg_neon_sign_sign1_4_3fa222f3,res://assets/tilesets/cyber_city_core_tilesets/CyberCity_Core_Tiles_2/CyberCity_Core_Tiles_2/Sign1_4.png,Sign1_4.png,NEON_SIGN,sign_billboard,15,151,6,147,66.49,"[""C_LARGE_OBJECT_PAINT""]",True,C_LARGE_OBJECT_PAINT
pvg_neon_sign_sign1_5_bc792d5c,res://assets/tilesets/cyber_city_core_tilesets/CyberCity_Core_Tiles_2/CyberCity_Core_Tiles_2/Sign1_5.png,Sign1_5.png,NEON_SIGN,sign_billboard,59,131,59,130,57.55,"[""C_LARGE_OBJECT_PAINT""]",True,C_LARGE_OBJECT_PAINT
pvg_neon_sign_sign1_6_afb0b4fb,res://assets/tilesets/cyber_city_core_tilesets/CyberCity_Core_Tiles_2/CyberCity_Core_Tiles_2/Sign1_6.png,Sign1_6.png,NEON_SIGN,sign_billboard,60,139,58,138,60.49,"[""C_LARGE_OBJECT_PAINT""]",True,C_LARGE_OBJECT_PAINT
pvg_neon_sign_sign1_7_e5458338,res://assets/tilesets/cyber_city_core_tilesets/CyberCity_Core_Tiles_2/CyberCity_Core_Tiles_2/Sign1_7.png,Sign1_7.png,NEON_SIGN,sign_billboard,61,131,58,130,58.75,"[""C_LARGE_OBJECT_PAINT""]",True,C_LARGE_OBJECT_PAINT
pvg_neon_sign_sign1_8_552e767f,res://assets/tilesets/cyber_city_core_tilesets/CyberCity_Core_Tiles_2/CyberCity_Core_Tiles_2/Sign1_8.png,Sign1_8.png,NEON_SIGN,sign_billboard,61,139,58,138,61.25,"[""C_LARGE_OBJECT_PAINT""]",True,C_LARGE_OBJECT_PAINT
pvg_neon_sign_sign2_1_65a3f003,res://assets/tilesets/cyber_city_core_tilesets/CyberCity_Core_Tiles_2/CyberCity_Core_Tiles_2/Sign2_1.png,Sign2_1.png,NEON_SIGN,sign_billboard,275,163,274,163,76.9,"[""C_LARGE_OBJECT_PAINT""]",True,C_LARGE_OBJECT_PAINT
pvg_neon_sign_sign2_3_9f79c872,res://assets/tilesets/cyber_city_core_tilesets/CyberCity_Core_Tiles_2/CyberCity_Core_Tiles_2/Sign2_3.png,Sign2_3.png,NEON_SIGN,sign_billboard,274,168,274,162,77.56,"[""C_LARGE_OBJECT_PAINT""]",True,C_LARGE_OBJECT_PAINT
pvg_neon_sign_sign2_5_a3039d94,res://assets/tilesets/cyber_city_core_tilesets/CyberCity_Core_Tiles_2/CyberCity_Core_Tiles_2/Sign2_5.png,Sign2_5.png,NEON_SIGN,sign_billboard,199,191,194,180,78.75,"[""C_LARGE_OBJECT_PAINT""]",True,C_LARGE_OBJECT_PAINT
pvg_neon_sign_sign2_6_2cd2f9ad,res://assets/tilesets/cyber_city_core_tilesets/CyberCity_Core_Tiles_2/CyberCity_Core_Tiles_2/Sign2_6.png,Sign2_6.png,NEON_SIGN,sign_billboard,199,281,194,275,85.54,"[""C_LARGE_OBJECT_PAINT""]",True,C_LARGE_OBJECT_PAINT
pvg_neon_sign_sign2_7_ca65c0ca,res://assets/tilesets/cyber_city_core_tilesets/CyberCity_Core_Tiles_2/CyberCity_Core_Tiles_2/Sign2_7.png,Sign2_7.png,NEON_SIGN,sign_billboard,197,226,193,221,81.45,"[""C_LARGE_OBJECT_PAINT""]",True,C_LARGE_OBJECT_PAINT
pvg_neon_sign_sign2_8_ac62ae19,res://assets/tilesets/cyber_city_core_tilesets/CyberCity_Core_Tiles_2/CyberCity_Core_Tiles_2/Sign2_8.png,Sign2_8.png,NEON_SIGN,sign_billboard,195,276,194,275,84.89,"[""C_LARGE_OBJECT_PAINT""]",True,C_LARGE_OBJECT_PAINT
pvg_neon_sign_sign3_1_1fd21835,res://assets/tilesets/cyber_city_core_tilesets/CyberCity_Core_Tiles_2/CyberCity_Core_Tiles_2/Sign3_1.png,Sign3_1.png,NEON_SIGN,sign_billboard,236,167,234,162,80.78,"[""C_LARGE_OBJECT_PAINT""]",True,C_LARGE_OBJECT_PAINT
pvg_neon_sign_sign3_3_8c15b44f,res://assets/tilesets/cyber_city_core_tilesets/CyberCity_Core_Tiles_2/CyberCity_Core_Tiles_2/Sign3_3.png,Sign3_3.png,NEON_SIGN,sign_billboard,238,178,234,178,78.93,"[""C_LARGE_OBJECT_PAINT""]",True,C_LARGE_OBJECT_PAINT
pvg_neon_sign_sign3_5_4bbda1d7,res://assets/tilesets/cyber_city_core_tilesets/CyberCity_Core_Tiles_2/CyberCity_Core_Tiles_2/Sign3_5.png,Sign3_5.png,NEON_SIGN,sign_billboard,171,229,166,227,84.56,"[""C_LARGE_OBJECT_PAINT""]",True,C_LARGE_OBJECT_PAINT
pvg_neon_sign_sign3_6_e5bdf132,res://assets/tilesets/cyber_city_core_tilesets/CyberCity_Core_Tiles_2/CyberCity_Core_Tiles_2/Sign3_6.png,Sign3_6.png,NEON_SIGN,sign_billboard,171,262,166,261,86.52,"[""C_LARGE_OBJECT_PAINT""]",True,C_LARGE_OBJECT_PAINT
pvg_neon_sign_sign3_7_b4eda2a9,res://assets/tilesets/cyber_city_core_tilesets/CyberCity_Core_Tiles_2/CyberCity_Core_Tiles_2/Sign3_7.png,Sign3_7.png,NEON_SIGN,sign_billboard,170,231,167,227,84.58,"[""C_LARGE_OBJECT_PAINT""]",True,C_LARGE_OBJECT_PAINT
pvg_neon_sign_sign3_8_426fb353,res://assets/tilesets/cyber_city_core_tilesets/CyberCity_Core_Tiles_2/CyberCity_Core_Tiles_2/Sign3_8.png,Sign3_8.png,NEON_SIGN,sign_billboard,170,252,167,249,83.45,"[""C_LARGE_OBJECT_PAINT""]",True,C_LARGE_OBJECT_PAINT
pvg_neon_sign_sign4_1_8d776082,res://assets/tilesets/cyber_city_core_tilesets/CyberCity_Core_Tiles_2/CyberCity_Core_Tiles_2/Sign4_1.png,Sign4_1.png,NEON_SIGN,sign_billboard,144,30,139,25,19.65,"[""C_LARGE_OBJECT_PAINT""]",True,C_LARGE_OBJECT_PAINT
pvg_neon_sign_sign4_2_bb28e8f5,res://assets/tilesets/cyber_city_core_tilesets/CyberCity_Core_Tiles_2/CyberCity_Core_Tiles_2/Sign4_2.png,Sign4_2.png,NEON_SIGN,sign_billboard,15,122,7,120,56.23,"[""C_LARGE_OBJECT_PAINT""]",True,C_LARGE_OBJECT_PAINT
pvg_neon_sign_sign4_3_46976143,res://assets/tilesets/cyber_city_core_tilesets/CyberCity_Core_Tiles_2/CyberCity_Core_Tiles_2/Sign4_3.png,Sign4_3.png,NEON_SIGN,sign_billboard,144,32,139,25,24.67,"[""C_LARGE_OBJECT_PAINT""]",True,C_LARGE_OBJECT_PAINT
pvg_neon_sign_sign4_4_1713377c,res://assets/tilesets/cyber_city_core_tilesets/CyberCity_Core_Tiles_2/CyberCity_Core_Tiles_2/Sign4_4.png,Sign4_4.png,NEON_SIGN,sign_billboard,15,122,7,120,56.45,"[""C_LARGE_OBJECT_PAINT""]",True,C_LARGE_OBJECT_PAINT
pvg_neon_sign_sign4_5_f9a24de9,res://assets/tilesets/cyber_city_core_tilesets/CyberCity_Core_Tiles_2/CyberCity_Core_Tiles_2/Sign4_5.png,Sign4_5.png,NEON_SIGN,sign_billboard,109,94,100,93,74.06,"[""C_LARGE_OBJECT_PAINT""]",True,C_LARGE_OBJECT_PAINT
pvg_neon_sign_sign4_6_8250f6ef,res://assets/tilesets/cyber_city_core_tilesets/CyberCity_Core_Tiles_2/CyberCity_Core_Tiles_2/Sign4_6.png,Sign4_6.png,NEON_SIGN,sign_billboard,107,94,100,93,73.67,"[""C_LARGE_OBJECT_PAINT""]",True,C_LARGE_OBJECT_PAINT
pvg_neon_sign_sign4_7_da91735a,res://assets/tilesets/cyber_city_core_tilesets/CyberCity_Core_Tiles_2/CyberCity_Core_Tiles_2/Sign4_7.png,Sign4_7.png,NEON_SIGN,sign_billboard,104,94,100,93,72.86,"[""C_LARGE_OBJECT_PAINT""]",True,C_LARGE_OBJECT_PAINT
pvg_neon_sign_sign4_8_81159162,res://assets/tilesets/cyber_city_core_tilesets/CyberCity_Core_Tiles_2/CyberCity_Core_Tiles_2/Sign4_8.png,Sign4_8.png,NEON_SIGN,sign_billboard,105,94,100,93,73.07,"[""C_LARGE_OBJECT_PAINT""]",True,C_LARGE_OBJECT_PAINT
pvg_neon_sign_sign5_1_d5c03a2e,res://assets/tilesets/cyber_city_core_tilesets/CyberCity_Core_Tiles_2/CyberCity_Core_Tiles_2/Sign5_1.png,Sign5_1.png,NEON_SIGN,sign_billboard,65,64,62,62,60.72,"[""C_LARGE_OBJECT_PAINT""]",True,C_LARGE_OBJECT_PAINT
pvg_neon_sign_sign5_2_6885dfb2,res://assets/tilesets/cyber_city_core_tilesets/CyberCity_Core_Tiles_2/CyberCity_Core_Tiles_2/Sign5_2.png,Sign5_2.png,NEON_SIGN,sign_billboard,13,101,5,99,66.03,"[""C_LARGE_OBJECT_PAINT""]",True,C_LARGE_OBJECT_PAINT
pvg_neon_sign_sign5_3_407192d2,res://assets/tilesets/cyber_city_core_tilesets/CyberCity_Core_Tiles_2/CyberCity_Core_Tiles_2/Sign5_3.png,Sign5_3.png,NEON_SIGN,sign_billboard,65,64,63,62,60.58,"[""C_LARGE_OBJECT_PAINT""]",True,C_LARGE_OBJECT_PAINT
pvg_neon_sign_sign5_4_492b14fd,res://assets/tilesets/cyber_city_core_tilesets/CyberCity_Core_Tiles_2/CyberCity_Core_Tiles_2/Sign5_4.png,Sign5_4.png,NEON_SIGN,sign_billboard,15,77,5,75,69.52,"[""C_LARGE_OBJECT_PAINT""]",True,C_LARGE_OBJECT_PAINT
pvg_neon_sign_sign5_5_22337976,res://assets/tilesets/cyber_city_core_tilesets/CyberCity_Core_Tiles_2/CyberCity_Core_Tiles_2/Sign5_5.png,Sign5_5.png,NEON_SIGN,sign_billboard,48,90,47,88,70.07,"[""C_LARGE_OBJECT_PAINT""]",True,C_LARGE_OBJECT_PAINT
pvg_neon_sign_sign5_6_ff467892,res://assets/tilesets/cyber_city_core_tilesets/CyberCity_Core_Tiles_2/CyberCity_Core_Tiles_2/Sign5_6.png,Sign5_6.png,NEON_SIGN,sign_billboard,49,72,47,70,62.64,"[""C_LARGE_OBJECT_PAINT""]",True,C_LARGE_OBJECT_PAINT
pvg_neon_sign_sign5_7_5be65986,res://assets/tilesets/cyber_city_core_tilesets/CyberCity_Core_Tiles_2/CyberCity_Core_Tiles_2/Sign5_7.png,Sign5_7.png,NEON_SIGN,sign_billboard,49,95,47,88,72.16,"[""C_LARGE_OBJECT_PAINT""]",True,C_LARGE_OBJECT_PAINT
pvg_neon_sign_sign5_8_8cc14fe1,res://assets/tilesets/cyber_city_core_tilesets/CyberCity_Core_Tiles_2/CyberCity_Core_Tiles_2/Sign5_8.png,Sign5_8.png,NEON_SIGN,sign_billboard,49,73,47,70,63.32,"[""C_LARGE_OBJECT_PAINT""]",True,C_LARGE_OBJECT_PAINT
pvg_neon_sign_sign6_1_2d65f865,res://assets/tilesets/cyber_city_core_tilesets/CyberCity_Core_Tiles_2/CyberCity_Core_Tiles_2/Sign6_1.png,Sign6_1.png,NEON_SIGN,sign_billboard,15,105,5,104,69.65,"[""C_LARGE_OBJECT_PAINT""]",True,C_LARGE_OBJECT_PAINT
pvg_neon_sign_sign6_2_c2b31224,res://assets/tilesets/cyber_city_core_tilesets/CyberCity_Core_Tiles_2/CyberCity_Core_Tiles_2/Sign6_2.png,Sign6_2.png,NEON_SIGN,sign_billboard,66,75,63,71,59.17,"[""C_LARGE_OBJECT_PAINT""]",True,C_LARGE_OBJECT_PAINT
pvg_neon_sign_sign6_3_f8d63f65,res://assets/tilesets/cyber_city_core_tilesets/CyberCity_Core_Tiles_2/CyberCity_Core_Tiles_2/Sign6_3.png,Sign6_3.png,NEON_SIGN,sign_billboard,13,89,5,89,64.48,"[""C_LARGE_OBJECT_PAINT""]",True,C_LARGE_OBJECT_PAINT
pvg_neon_sign_sign6_4_19a31ff3,res://assets/tilesets/cyber_city_core_tilesets/CyberCity_Core_Tiles_2/CyberCity_Core_Tiles_2/Sign6_4.png,Sign6_4.png,NEON_SIGN,sign_billboard,66,75,63,71,59.03,"[""C_LARGE_OBJECT_PAINT""]",True,C_LARGE_OBJECT_PAINT
pvg_neon_sign_sign6_5_9f1f8929,res://assets/tilesets/cyber_city_core_tilesets/CyberCity_Core_Tiles_2/CyberCity_Core_Tiles_2/Sign6_5.png,Sign6_5.png,NEON_SIGN,sign_billboard,49,96,47,94,64.94,"[""C_LARGE_OBJECT_PAINT""]",True,C_LARGE_OBJECT_PAINT
pvg_neon_sign_sign6_6_e9f11015,res://assets/tilesets/cyber_city_core_tilesets/CyberCity_Core_Tiles_2/CyberCity_Core_Tiles_2/Sign6_6.png,Sign6_6.png,NEON_SIGN,sign_billboard,51,96,47,94,66.28,"[""C_LARGE_OBJECT_PAINT""]",True,C_LARGE_OBJECT_PAINT
pvg_neon_sign_sign6_7_5ff65c3f,res://assets/tilesets/cyber_city_core_tilesets/CyberCity_Core_Tiles_2/CyberCity_Core_Tiles_2/Sign6_7.png,Sign6_7.png,NEON_SIGN,sign_billboard,52,85,47,83,62.35,"[""C_LARGE_OBJECT_PAINT""]",True,C_LARGE_OBJECT_PAINT
pvg_neon_sign_sign6_8_182cc429,res://assets/tilesets/cyber_city_core_tilesets/CyberCity_Core_Tiles_2/CyberCity_Core_Tiles_2/Sign6_8.png,Sign6_8.png,NEON_SIGN,sign_billboard,49,85,47,84,59.86,"[""C_LARGE_OBJECT_PAINT""]",True,C_LARGE_OBJECT_PAINT
pvg_neon_sign_sign7_1_5c00248f,res://assets/tilesets/cyber_city_core_tilesets/CyberCity_Core_Tiles_2/CyberCity_Core_Tiles_2/Sign7_1.png,Sign7_1.png,NEON_SIGN,sign_billboard,67,65,63,62,37.84,"[""C_LARGE_OBJECT_PAINT""]",True,C_LARGE_OBJECT_PAINT
pvg_neon_sign_sign7_2_8b4a904f,res://assets/tilesets/cyber_city_core_tilesets/CyberCity_Core_Tiles_2/CyberCity_Core_Tiles_2/Sign7_2.png,Sign7_2.png,NEON_SIGN,sign_billboard,16,95,9,90,52.11,"[""C_LARGE_OBJECT_PAINT""]",True,C_LARGE_OBJECT_PAINT
pvg_neon_sign_sign7_3_5dc93dd4,res://assets/tilesets/cyber_city_core_tilesets/CyberCity_Core_Tiles_2/CyberCity_Core_Tiles_2/Sign7_3.png,Sign7_3.png,NEON_SIGN,sign_billboard,70,65,63,62,40.11,"[""C_LARGE_OBJECT_PAINT""]",True,C_LARGE_OBJECT_PAINT
pvg_neon_sign_sign7_4_f1683a7b,res://assets/tilesets/cyber_city_core_tilesets/CyberCity_Core_Tiles_2/CyberCity_Core_Tiles_2/Sign7_4.png,Sign7_4.png,NEON_SIGN,sign_billboard,16,104,9,100,52.16,"[""C_LARGE_OBJECT_PAINT""]",True,C_LARGE_OBJECT_PAINT
pvg_neon_sign_sign7_5_cbce702f,res://assets/tilesets/cyber_city_core_tilesets/CyberCity_Core_Tiles_2/CyberCity_Core_Tiles_2/Sign7_5.png,Sign7_5.png,NEON_SIGN,sign_billboard,51,82,48,80,46.17,"[""C_LARGE_OBJECT_PAINT""]",True,C_LARGE_OBJECT_PAINT
pvg_neon_sign_sign7_6_7d7b4449,res://assets/tilesets/cyber_city_core_tilesets/CyberCity_Core_Tiles_2/CyberCity_Core_Tiles_2/Sign7_6.png,Sign7_6.png,NEON_SIGN,sign_billboard,50,95,48,90,52.0,"[""C_LARGE_OBJECT_PAINT""]",True,C_LARGE_OBJECT_PAINT
pvg_neon_sign_sign7_7_74d35cf3,res://assets/tilesets/cyber_city_core_tilesets/CyberCity_Core_Tiles_2/CyberCity_Core_Tiles_2/Sign7_7.png,Sign7_7.png,NEON_SIGN,sign_billboard,51,81,48,80,45.63,"[""C_LARGE_OBJECT_PAINT""]",True,C_LARGE_OBJECT_PAINT
pvg_neon_sign_sign7_8_bbb9b135,res://assets/tilesets/cyber_city_core_tilesets/CyberCity_Core_Tiles_2/CyberCity_Core_Tiles_2/Sign7_8.png,Sign7_8.png,NEON_SIGN,sign_billboard,53,91,48,91,52.56,"[""C_LARGE_OBJECT_PAINT""]",True,C_LARGE_OBJECT_PAINT
pvg_neon_sign_sign8_1_5ddffc74,res://assets/tilesets/cyber_city_core_tilesets/CyberCity_Core_Tiles_2/CyberCity_Core_Tiles_2/Sign8_1.png,Sign8_1.png,NEON_SIGN,sign_billboard,12,174,5,172,58.91,"[""C_LARGE_OBJECT_PAINT""]",True,C_LARGE_OBJECT_PAINT
pvg_neon_sign_sign8_2_d6babd80,res://assets/tilesets/cyber_city_core_tilesets/CyberCity_Core_Tiles_2/CyberCity_Core_Tiles_2/Sign8_2.png,Sign8_2.png,NEON_SIGN,sign_billboard,58,140,56,138,14.62,"[""C_LARGE_OBJECT_PAINT""]",True,C_LARGE_OBJECT_PAINT
pvg_neon_sign_sign8_3_41904d49,res://assets/tilesets/cyber_city_core_tilesets/CyberCity_Core_Tiles_2/CyberCity_Core_Tiles_2/Sign8_3.png,Sign8_3.png,NEON_SIGN,sign_billboard,16,174,5,172,69.25,"[""C_LARGE_OBJECT_PAINT""]",True,C_LARGE_OBJECT_PAINT
pvg_neon_sign_sign8_4_ab3e18b9,res://assets/tilesets/cyber_city_core_tilesets/CyberCity_Core_Tiles_2/CyberCity_Core_Tiles_2/Sign8_4.png,Sign8_4.png,NEON_SIGN,sign_billboard,65,143,56,138,25.37,"[""C_LARGE_OBJECT_PAINT""]",True,C_LARGE_OBJECT_PAINT
pvg_neon_sign_sign8_5_c1d2e014,res://assets/tilesets/cyber_city_core_tilesets/CyberCity_Core_Tiles_2/CyberCity_Core_Tiles_2/Sign8_5.png,Sign8_5.png,NEON_SIGN,sign_billboard,47,164,41,162,33.83,"[""C_LARGE_OBJECT_PAINT""]",True,C_LARGE_OBJECT_PAINT
pvg_neon_sign_sign8_6_c9da1e36,res://assets/tilesets/cyber_city_core_tilesets/CyberCity_Core_Tiles_2/CyberCity_Core_Tiles_2/Sign8_6.png,Sign8_6.png,NEON_SIGN,sign_billboard,49,164,42,162,35.45,"[""C_LARGE_OBJECT_PAINT""]",True,C_LARGE_OBJECT_PAINT
pvg_neon_sign_sign8_7_a457b9c9,res://assets/tilesets/cyber_city_core_tilesets/CyberCity_Core_Tiles_2/CyberCity_Core_Tiles_2/Sign8_7.png,Sign8_7.png,NEON_SIGN,sign_billboard,46,164,42,162,31.26,"[""C_LARGE_OBJECT_PAINT""]",True,C_LARGE_OBJECT_PAINT
pvg_neon_sign_sign8_8_b94ccedd,res://assets/tilesets/cyber_city_core_tilesets/CyberCity_Core_Tiles_2/CyberCity_Core_Tiles_2/Sign8_8.png,Sign8_8.png,NEON_SIGN,sign_billboard,46,170,42,162,35.26,"[""C_LARGE_OBJECT_PAINT""]",True,C_LARGE_OBJECT_PAINT
pvg_neon_sign_sign9_1_cbd4274e,res://assets/tilesets/cyber_city_core_tilesets/CyberCity_Core_Tiles_2/CyberCity_Core_Tiles_2/Sign9_1.png,Sign9_1.png,NEON_SIGN,sign_billboard,60,94,58,90,26.77,"[""C_LARGE_OBJECT_PAINT""]",True,C_LARGE_OBJECT_PAINT
pvg_neon_sign_sign9_2_2ebde127,res://assets/tilesets/cyber_city_core_tilesets/CyberCity_Core_Tiles_2/CyberCity_Core_Tiles_2/Sign9_2.png,Sign9_2.png,NEON_SIGN,sign_billboard,17,126,6,124,69.61,"[""C_LARGE_OBJECT_PAINT""]",True,C_LARGE_OBJECT_PAINT
pvg_neon_sign_sign9_3_888418c6,res://assets/tilesets/cyber_city_core_tilesets/CyberCity_Core_Tiles_2/CyberCity_Core_Tiles_2/Sign9_3.png,Sign9_3.png,NEON_SIGN,sign_billboard,64,94,58,91,30.12,"[""C_LARGE_OBJECT_PAINT""]",True,C_LARGE_OBJECT_PAINT
pvg_neon_sign_sign9_4_3e2d00d4,res://assets/tilesets/cyber_city_core_tilesets/CyberCity_Core_Tiles_2/CyberCity_Core_Tiles_2/Sign9_4.png,Sign9_4.png,NEON_SIGN,sign_billboard,14,125,6,123,62.91,"[""C_LARGE_OBJECT_PAINT""]",True,C_LARGE_OBJECT_PAINT
pvg_neon_sign_sign9_5_b7f74dea,res://assets/tilesets/cyber_city_core_tilesets/CyberCity_Core_Tiles_2/CyberCity_Core_Tiles_2/Sign9_5.png,Sign9_5.png,NEON_SIGN,sign_billboard,46,115,44,114,41.21,"[""C_LARGE_OBJECT_PAINT""]",True,C_LARGE_OBJECT_PAINT
pvg_neon_sign_sign9_6_43eadbb4,res://assets/tilesets/cyber_city_core_tilesets/CyberCity_Core_Tiles_2/CyberCity_Core_Tiles_2/Sign9_6.png,Sign9_6.png,NEON_SIGN,sign_billboard,46,115,44,114,40.3,"[""C_LARGE_OBJECT_PAINT""]",True,C_LARGE_OBJECT_PAINT
pvg_neon_sign_sign9_7_f003c63e,res://assets/tilesets/cyber_city_core_tilesets/CyberCity_Core_Tiles_2/CyberCity_Core_Tiles_2/Sign9_7.png,Sign9_7.png,NEON_SIGN,sign_billboard,47,115,44,113,42.52,"[""C_LARGE_OBJECT_PAINT""]",True,C_LARGE_OBJECT_PAINT
pvg_neon_sign_sign9_8_95712724,res://assets/tilesets/cyber_city_core_tilesets/CyberCity_Core_Tiles_2/CyberCity_Core_Tiles_2/Sign9_8.png,Sign9_8.png,NEON_SIGN,sign_billboard,45,114,44,114,39.01,"[""C_LARGE_OBJECT_PAINT""]",True,C_LARGE_OBJECT_PAINT
pvg_road_street_streetfood1_1_a9f8bf6f,res://assets/tilesets/cyber_city_core_tilesets/CyberCity_Core_Tiles_2/CyberCity_Core_Tiles_2/StreetFood1_1.png,StreetFood1_1.png,ROAD_STREET,road_street,15,18,13,17,41.11,"[""B_HIGH_VALUE_PAINT""]",True,B_HIGH_VALUE_PAINT
pvg_road_street_streetfood1_2_0848d963,res://assets/tilesets/cyber_city_core_tilesets/CyberCity_Core_Tiles_2/CyberCity_Core_Tiles_2/StreetFood1_2.png,StreetFood1_2.png,ROAD_STREET,road_street,11,21,8,19,67.1,"[""B_HIGH_VALUE_PAINT""]",True,B_HIGH_VALUE_PAINT
pvg_road_street_streetfood1_3_679b5591,res://assets/tilesets/cyber_city_core_tilesets/CyberCity_Core_Tiles_2/CyberCity_Core_Tiles_2/StreetFood1_3.png,StreetFood1_3.png,ROAD_STREET,road_street,16,19,14,17,47.04,"[""B_HIGH_VALUE_PAINT""]",True,B_HIGH_VALUE_PAINT
pvg_road_street_streetfood1_4_0bf939cb,res://assets/tilesets/cyber_city_core_tilesets/CyberCity_Core_Tiles_2/CyberCity_Core_Tiles_2/StreetFood1_4.png,StreetFood1_4.png,ROAD_STREET,road_street,9,24,8,22,57.41,"[""B_HIGH_VALUE_PAINT""]",True,B_HIGH_VALUE_PAINT
pvg_road_street_streetfood1_5_5a759fd6,res://assets/tilesets/cyber_city_core_tilesets/CyberCity_Core_Tiles_2/CyberCity_Core_Tiles_2/StreetFood1_5.png,StreetFood1_5.png,ROAD_STREET,road_street,13,20,11,18,53.85,"[""B_HIGH_VALUE_PAINT""]",True,B_HIGH_VALUE_PAINT
pvg_road_street_streetfood1_6_c604316c,res://assets/tilesets/cyber_city_core_tilesets/CyberCity_Core_Tiles_2/CyberCity_Core_Tiles_2/StreetFood1_6.png,StreetFood1_6.png,ROAD_STREET,road_street,13,21,12,20,46.52,"[""B_HIGH_VALUE_PAINT""]",True,B_HIGH_VALUE_PAINT
pvg_road_street_streetfood1_7_2532413c,res://assets/tilesets/cyber_city_core_tilesets/CyberCity_Core_Tiles_2/CyberCity_Core_Tiles_2/StreetFood1_7.png,StreetFood1_7.png,ROAD_STREET,road_street,15,20,13,18,51.33,"[""B_HIGH_VALUE_PAINT""]",True,B_HIGH_VALUE_PAINT
pvg_road_street_streetfood1_8_ad84fe92,res://assets/tilesets/cyber_city_core_tilesets/CyberCity_Core_Tiles_2/CyberCity_Core_Tiles_2/StreetFood1_8.png,StreetFood1_8.png,ROAD_STREET,road_street,15,22,12,20,62.12,"[""B_HIGH_VALUE_PAINT""]",True,B_HIGH_VALUE_PAINT
pvg_road_street_streetfood2_1_d833c558,res://assets/tilesets/cyber_city_core_tilesets/CyberCity_Core_Tiles_2/CyberCity_Core_Tiles_2/StreetFood2_1.png,StreetFood2_1.png,ROAD_STREET,road_street,22,21,21,19,40.48,"[""B_HIGH_VALUE_PAINT""]",True,B_HIGH_VALUE_PAINT
pvg_road_street_streetfood2_2_aa2dea71,res://assets/tilesets/cyber_city_core_tilesets/CyberCity_Core_Tiles_2/CyberCity_Core_Tiles_2/StreetFood2_2.png,StreetFood2_2.png,ROAD_STREET,road_street,27,18,26,16,39.3,"[""B_HIGH_VALUE_PAINT""]",True,B_HIGH_VALUE_PAINT
pvg_road_street_streetfood2_3_0491cb48,res://assets/tilesets/cyber_city_core_tilesets/CyberCity_Core_Tiles_2/CyberCity_Core_Tiles_2/StreetFood2_3.png,StreetFood2_3.png,ROAD_STREET,road_street,25,23,21,21,48.52,"[""B_HIGH_VALUE_PAINT""]",True,B_HIGH_VALUE_PAINT
pvg_road_street_streetfood2_4_3772294b,res://assets/tilesets/cyber_city_core_tilesets/CyberCity_Core_Tiles_2/CyberCity_Core_Tiles_2/StreetFood2_4.png,StreetFood2_4.png,ROAD_STREET,road_street,27,20,26,17,45.93,"[""B_HIGH_VALUE_PAINT""]",True,B_HIGH_VALUE_PAINT
pvg_road_street_streetfood2_5_b4e090a5,res://assets/tilesets/cyber_city_core_tilesets/CyberCity_Core_Tiles_2/CyberCity_Core_Tiles_2/StreetFood2_5.png,StreetFood2_5.png,ROAD_STREET,road_street,22,21,21,18,39.83,"[""B_HIGH_VALUE_PAINT""]",True,B_HIGH_VALUE_PAINT
pvg_road_street_streetfood2_6_7f40f862,res://assets/tilesets/cyber_city_core_tilesets/CyberCity_Core_Tiles_2/CyberCity_Core_Tiles_2/StreetFood2_6.png,StreetFood2_6.png,ROAD_STREET,road_street,26,23,26,16,51.17,"[""B_HIGH_VALUE_PAINT""]",True,B_HIGH_VALUE_PAINT
pvg_road_street_streetfood2_7_74012c9e,res://assets/tilesets/cyber_city_core_tilesets/CyberCity_Core_Tiles_2/CyberCity_Core_Tiles_2/StreetFood2_7.png,StreetFood2_7.png,ROAD_STREET,road_street,27,21,25,17,46.91,"[""B_HIGH_VALUE_PAINT""]",True,B_HIGH_VALUE_PAINT
pvg_road_street_streetfood2_8_f352c1ee,res://assets/tilesets/cyber_city_core_tilesets/CyberCity_Core_Tiles_2/CyberCity_Core_Tiles_2/StreetFood2_8.png,StreetFood2_8.png,ROAD_STREET,road_street,23,24,21,22,47.46,"[""B_HIGH_VALUE_PAINT""]",True,B_HIGH_VALUE_PAINT
pvg_road_street_streetfood3_1_4d1f1bfa,res://assets/tilesets/cyber_city_core_tilesets/CyberCity_Core_Tiles_2/CyberCity_Core_Tiles_2/StreetFood3_1.png,StreetFood3_1.png,ROAD_STREET,road_street,13,11,11,9,46.15,"[""B_HIGH_VALUE_PAINT""]",True,B_HIGH_VALUE_PAINT
pvg_road_street_streetfood3_2_ce7b2207,res://assets/tilesets/cyber_city_core_tilesets/CyberCity_Core_Tiles_2/CyberCity_Core_Tiles_2/StreetFood3_2.png,StreetFood3_2.png,ROAD_STREET,road_street,12,10,10,9,37.5,"[""B_HIGH_VALUE_PAINT""]",True,B_HIGH_VALUE_PAINT
pvg_road_street_streetfood3_3_9f83938d,res://assets/tilesets/cyber_city_core_tilesets/CyberCity_Core_Tiles_2/CyberCity_Core_Tiles_2/StreetFood3_3.png,StreetFood3_3.png,ROAD_STREET,road_street,13,11,11,9,45.45,"[""B_HIGH_VALUE_PAINT""]",True,B_HIGH_VALUE_PAINT
pvg_road_street_streetfood3_4_331f8e9a,res://assets/tilesets/cyber_city_core_tilesets/CyberCity_Core_Tiles_2/CyberCity_Core_Tiles_2/StreetFood3_4.png,StreetFood3_4.png,ROAD_STREET,road_street,14,10,11,9,42.86,"[""B_HIGH_VALUE_PAINT""]",True,B_HIGH_VALUE_PAINT
pvg_road_street_streetfood3_5_01b633ea,res://assets/tilesets/cyber_city_core_tilesets/CyberCity_Core_Tiles_2/CyberCity_Core_Tiles_2/StreetFood3_5.png,StreetFood3_5.png,ROAD_STREET,road_street,13,11,11,9,44.76,"[""B_HIGH_VALUE_PAINT""]",True,B_HIGH_VALUE_PAINT
pvg_road_street_streetfood3_6_8c6b566c,res://assets/tilesets/cyber_city_core_tilesets/CyberCity_Core_Tiles_2/CyberCity_Core_Tiles_2/StreetFood3_6.png,StreetFood3_6.png,ROAD_STREET,road_street,17,13,11,10,64.25,"[""B_HIGH_VALUE_PAINT""]",True,B_HIGH_VALUE_PAINT
pvg_road_street_streetfood3_7_4fd1d323,res://assets/tilesets/cyber_city_core_tilesets/CyberCity_Core_Tiles_2/CyberCity_Core_Tiles_2/StreetFood3_7.png,StreetFood3_7.png,ROAD_STREET,road_street,15,10,11,10,46.0,"[""B_HIGH_VALUE_PAINT""]",True,B_HIGH_VALUE_PAINT
pvg_road_street_streetfood3_8_da52473d,res://assets/tilesets/cyber_city_core_tilesets/CyberCity_Core_Tiles_2/CyberCity_Core_Tiles_2/StreetFood3_8.png,StreetFood3_8.png,ROAD_STREET,road_street,12,11,11,9,39.39,"[""B_HIGH_VALUE_PAINT""]",True,B_HIGH_VALUE_PAINT
pvg_road_street_streetfood4_1_65625a99,res://assets/tilesets/cyber_city_core_tilesets/CyberCity_Core_Tiles_2/CyberCity_Core_Tiles_2/StreetFood4_1.png,StreetFood4_1.png,ROAD_STREET,road_street,23,17,21,15,41.43,"[""B_HIGH_VALUE_PAINT""]",True,B_HIGH_VALUE_PAINT
pvg_road_street_streetfood4_2_1cd0b8e6,res://assets/tilesets/cyber_city_core_tilesets/CyberCity_Core_Tiles_2/CyberCity_Core_Tiles_2/StreetFood4_2.png,StreetFood4_2.png,ROAD_STREET,road_street,22,20,19,19,45.68,"[""B_HIGH_VALUE_PAINT""]",True,B_HIGH_VALUE_PAINT
pvg_road_street_streetfood4_3_54f24b91,res://assets/tilesets/cyber_city_core_tilesets/CyberCity_Core_Tiles_2/CyberCity_Core_Tiles_2/StreetFood4_3.png,StreetFood4_3.png,ROAD_STREET,road_street,22,19,21,17,43.78,"[""B_HIGH_VALUE_PAINT""]",True,B_HIGH_VALUE_PAINT
pvg_road_street_streetfood4_4_4f9e6458,res://assets/tilesets/cyber_city_core_tilesets/CyberCity_Core_Tiles_2/CyberCity_Core_Tiles_2/StreetFood4_4.png,StreetFood4_4.png,ROAD_STREET,road_street,20,17,18,15,35.29,"[""B_HIGH_VALUE_PAINT""]",True,B_HIGH_VALUE_PAINT
pvg_road_street_streetfood4_5_c85a87eb,res://assets/tilesets/cyber_city_core_tilesets/CyberCity_Core_Tiles_2/CyberCity_Core_Tiles_2/StreetFood4_5.png,StreetFood4_5.png,ROAD_STREET,road_street,24,17,22,15,41.18,"[""B_HIGH_VALUE_PAINT""]",True,B_HIGH_VALUE_PAINT
pvg_road_street_streetfood4_6_40d4e8d3,res://assets/tilesets/cyber_city_core_tilesets/CyberCity_Core_Tiles_2/CyberCity_Core_Tiles_2/StreetFood4_6.png,StreetFood4_6.png,ROAD_STREET,road_street,20,20,18,17,44.25,"[""B_HIGH_VALUE_PAINT""]",True,B_HIGH_VALUE_PAINT
pvg_road_street_streetfood4_7_7578596a,res://assets/tilesets/cyber_city_core_tilesets/CyberCity_Core_Tiles_2/CyberCity_Core_Tiles_2/StreetFood4_7.png,StreetFood4_7.png,ROAD_STREET,road_street,20,20,18,19,42.0,"[""B_HIGH_VALUE_PAINT""]",True,B_HIGH_VALUE_PAINT
pvg_road_street_streetfood4_8_08a73cb1,res://assets/tilesets/cyber_city_core_tilesets/CyberCity_Core_Tiles_2/CyberCity_Core_Tiles_2/StreetFood4_8.png,StreetFood4_8.png,ROAD_STREET,road_street,27,17,23,15,48.8,"[""B_HIGH_VALUE_PAINT""]",True,B_HIGH_VALUE_PAINT
pvg_road_street_streetfood5_1_5cb449fc,res://assets/tilesets/cyber_city_core_tilesets/CyberCity_Core_Tiles_2/CyberCity_Core_Tiles_2/StreetFood5_1.png,StreetFood5_1.png,ROAD_STREET,road_street,24,17,22,15,43.38,"[""B_HIGH_VALUE_PAINT""]",True,B_HIGH_VALUE_PAINT
pvg_road_street_streetfood5_2_73a3637e,res://assets/tilesets/cyber_city_core_tilesets/CyberCity_Core_Tiles_2/CyberCity_Core_Tiles_2/StreetFood5_2.png,StreetFood5_2.png,ROAD_STREET,road_street,23,20,20,20,49.13,"[""B_HIGH_VALUE_PAINT""]",True,B_HIGH_VALUE_PAINT
pvg_road_street_streetfood5_3_62661bb6,res://assets/tilesets/cyber_city_core_tilesets/CyberCity_Core_Tiles_2/CyberCity_Core_Tiles_2/StreetFood5_3.png,StreetFood5_3.png,ROAD_STREET,road_street,23,19,22,18,45.54,"[""B_HIGH_VALUE_PAINT""]",True,B_HIGH_VALUE_PAINT
pvg_road_street_streetfood5_4_aa756294,res://assets/tilesets/cyber_city_core_tilesets/CyberCity_Core_Tiles_2/CyberCity_Core_Tiles_2/StreetFood5_4.png,StreetFood5_4.png,ROAD_STREET,road_street,29,17,20,15,56.19,"[""B_HIGH_VALUE_PAINT""]",True,B_HIGH_VALUE_PAINT
pvg_road_street_streetfood5_5_42d14294,res://assets/tilesets/cyber_city_core_tilesets/CyberCity_Core_Tiles_2/CyberCity_Core_Tiles_2/StreetFood5_5.png,StreetFood5_5.png,ROAD_STREET,road_street,29,15,25,14,46.21,"[""B_HIGH_VALUE_PAINT""]",True,B_HIGH_VALUE_PAINT
pvg_road_street_streetfood5_6_3e2f6bcb,res://assets/tilesets/cyber_city_core_tilesets/CyberCity_Core_Tiles_2/CyberCity_Core_Tiles_2/StreetFood5_6.png,StreetFood5_6.png,ROAD_STREET,road_street,18,18,16,17,36.42,"[""B_HIGH_VALUE_PAINT""]",True,B_HIGH_VALUE_PAINT
pvg_road_street_streetfood5_7_970d710d,res://assets/tilesets/cyber_city_core_tilesets/CyberCity_Core_Tiles_2/CyberCity_Core_Tiles_2/StreetFood5_7.png,StreetFood5_7.png,ROAD_STREET,road_street,17,23,16,21,40.15,"[""B_HIGH_VALUE_PAINT""]",True,B_HIGH_VALUE_PAINT
pvg_road_street_streetfood5_8_8fc9a3c9,res://assets/tilesets/cyber_city_core_tilesets/CyberCity_Core_Tiles_2/CyberCity_Core_Tiles_2/StreetFood5_8.png,StreetFood5_8.png,ROAD_STREET,road_street,26,15,25,14,40.0,"[""B_HIGH_VALUE_PAINT""]",True,B_HIGH_VALUE_PAINT
pvg_road_street_streetfood6_1_97d583ed,res://assets/tilesets/cyber_city_core_tilesets/CyberCity_Core_Tiles_2/CyberCity_Core_Tiles_2/StreetFood6_1.png,StreetFood6_1.png,ROAD_STREET,road_street,33,22,32,21,39.67,"[""B_HIGH_VALUE_PAINT""]",True,B_HIGH_VALUE_PAINT
pvg_road_street_streetfood6_2_aaf3f87f,res://assets/tilesets/cyber_city_core_tilesets/CyberCity_Core_Tiles_2/CyberCity_Core_Tiles_2/StreetFood6_2.png,StreetFood6_2.png,ROAD_STREET,road_street,27,23,25,23,34.78,"[""B_HIGH_VALUE_PAINT""]",True,B_HIGH_VALUE_PAINT
pvg_road_street_streetfood6_3_5b9c0233,res://assets/tilesets/cyber_city_core_tilesets/CyberCity_Core_Tiles_2/CyberCity_Core_Tiles_2/StreetFood6_3.png,StreetFood6_3.png,ROAD_STREET,road_street,41,25,33,23,55.32,"[""B_HIGH_VALUE_PAINT""]",True,B_HIGH_VALUE_PAINT
pvg_road_street_streetfood6_4_c6ed85f6,res://assets/tilesets/cyber_city_core_tilesets/CyberCity_Core_Tiles_2/CyberCity_Core_Tiles_2/StreetFood6_4.png,StreetFood6_4.png,ROAD_STREET,road_street,26,30,23,29,40.38,"[""B_HIGH_VALUE_PAINT""]",True,B_HIGH_VALUE_PAINT
pvg_road_street_streetfood6_5_7c8bbbc4,res://assets/tilesets/cyber_city_core_tilesets/CyberCity_Core_Tiles_2/CyberCity_Core_Tiles_2/StreetFood6_5.png,StreetFood6_5.png,ROAD_STREET,road_street,30,26,28,23,46.79,"[""B_HIGH_VALUE_PAINT""]",True,B_HIGH_VALUE_PAINT
pvg_road_street_streetfood6_6_beadff6c,res://assets/tilesets/cyber_city_core_tilesets/CyberCity_Core_Tiles_2/CyberCity_Core_Tiles_2/StreetFood6_6.png,StreetFood6_6.png,ROAD_STREET,road_street,34,29,32,26,54.56,"[""B_HIGH_VALUE_PAINT""]",True,B_HIGH_VALUE_PAINT
pvg_road_street_streetfood6_7_2599ac62,res://assets/tilesets/cyber_city_core_tilesets/CyberCity_Core_Tiles_2/CyberCity_Core_Tiles_2/StreetFood6_7.png,StreetFood6_7.png,ROAD_STREET,road_street,35,22,34,20,42.34,"[""B_HIGH_VALUE_PAINT""]",True,B_HIGH_VALUE_PAINT
pvg_road_street_streetfood6_8_bffab46a,res://assets/tilesets/cyber_city_core_tilesets/CyberCity_Core_Tiles_2/CyberCity_Core_Tiles_2/StreetFood6_8.png,StreetFood6_8.png,ROAD_STREET,road_street,32,30,30,28,51.25,"[""B_HIGH_VALUE_PAINT""]",True,B_HIGH_VALUE_PAINT
pvg_road_street_streetfood7_1_e362bcb2,res://assets/tilesets/cyber_city_core_tilesets/CyberCity_Core_Tiles_2/CyberCity_Core_Tiles_2/StreetFood7_1.png,StreetFood7_1.png,ROAD_STREET,road_street,25,22,24,21,48.18,"[""B_HIGH_VALUE_PAINT""]",True,B_HIGH_VALUE_PAINT
pvg_road_street_streetfood7_2_4bad8c3b,res://assets/tilesets/cyber_city_core_tilesets/CyberCity_Core_Tiles_2/CyberCity_Core_Tiles_2/StreetFood7_2.png,StreetFood7_2.png,ROAD_STREET,road_street,33,22,31,21,60.47,"[""B_HIGH_VALUE_PAINT""]",True,B_HIGH_VALUE_PAINT
pvg_road_street_streetfood7_3_2b2c7bd1,res://assets/tilesets/cyber_city_core_tilesets/CyberCity_Core_Tiles_2/CyberCity_Core_Tiles_2/StreetFood7_3.png,StreetFood7_3.png,ROAD_STREET,road_street,25,27,24,26,59.26,"[""B_HIGH_VALUE_PAINT""]",True,B_HIGH_VALUE_PAINT
pvg_road_street_streetfood7_4_7bab49b4,res://assets/tilesets/cyber_city_core_tilesets/CyberCity_Core_Tiles_2/CyberCity_Core_Tiles_2/StreetFood7_4.png,StreetFood7_4.png,ROAD_STREET,road_street,33,17,31,17,54.01,"[""B_HIGH_VALUE_PAINT""]",True,B_HIGH_VALUE_PAINT
pvg_road_street_streetfood7_5_81a0e492,res://assets/tilesets/cyber_city_core_tilesets/CyberCity_Core_Tiles_2/CyberCity_Core_Tiles_2/StreetFood7_5.png,StreetFood7_5.png,ROAD_STREET,road_street,27,21,26,21,49.74,"[""B_HIGH_VALUE_PAINT""]",True,B_HIGH_VALUE_PAINT
pvg_road_street_streetfood7_6_cba2b029,res://assets/tilesets/cyber_city_core_tilesets/CyberCity_Core_Tiles_2/CyberCity_Core_Tiles_2/StreetFood7_6.png,StreetFood7_6.png,ROAD_STREET,road_street,32,14,31,14,44.42,"[""B_HIGH_VALUE_PAINT""]",True,B_HIGH_VALUE_PAINT
pvg_road_street_streetfood7_7_f3e686cd,res://assets/tilesets/cyber_city_core_tilesets/CyberCity_Core_Tiles_2/CyberCity_Core_Tiles_2/StreetFood7_7.png,StreetFood7_7.png,ROAD_STREET,road_street,33,24,31,23,64.14,"[""B_HIGH_VALUE_PAINT""]",True,B_HIGH_VALUE_PAINT
pvg_road_street_streetfood7_8_022a1507,res://assets/tilesets/cyber_city_core_tilesets/CyberCity_Core_Tiles_2/CyberCity_Core_Tiles_2/StreetFood7_8.png,StreetFood7_8.png,ROAD_STREET,road_street,28,25,26,25,60.43,"[""B_HIGH_VALUE_PAINT""]",True,B_HIGH_VALUE_PAINT
pvg_road_street_streetfood8_1_345d19f9,res://assets/tilesets/cyber_city_core_tilesets/CyberCity_Core_Tiles_2/CyberCity_Core_Tiles_2/StreetFood8_1.png,StreetFood8_1.png,ROAD_STREET,road_street,27,18,25,16,38.48,"[""B_HIGH_VALUE_PAINT""]",True,B_HIGH_VALUE_PAINT
pvg_road_street_streetfood8_2_f626f0c7,res://assets/tilesets/cyber_city_core_tilesets/CyberCity_Core_Tiles_2/CyberCity_Core_Tiles_2/StreetFood8_2.png,StreetFood8_2.png,ROAD_STREET,road_street,25,23,23,21,46.09,"[""B_HIGH_VALUE_PAINT""]",True,B_HIGH_VALUE_PAINT
pvg_road_street_streetfood8_3_c215d1e1,res://assets/tilesets/cyber_city_core_tilesets/CyberCity_Core_Tiles_2/CyberCity_Core_Tiles_2/StreetFood8_3.png,StreetFood8_3.png,ROAD_STREET,road_street,26,27,24,20,55.84,"[""B_HIGH_VALUE_PAINT""]",True,B_HIGH_VALUE_PAINT
pvg_road_street_streetfood8_4_9957c9c1,res://assets/tilesets/cyber_city_core_tilesets/CyberCity_Core_Tiles_2/CyberCity_Core_Tiles_2/StreetFood8_4.png,StreetFood8_4.png,ROAD_STREET,road_street,23,21,21,19,37.06,"[""B_HIGH_VALUE_PAINT""]",True,B_HIGH_VALUE_PAINT
pvg_road_street_streetfood8_5_41324f88,res://assets/tilesets/cyber_city_core_tilesets/CyberCity_Core_Tiles_2/CyberCity_Core_Tiles_2/StreetFood8_5.png,StreetFood8_5.png,ROAD_STREET,road_street,28,21,27,17,47.45,"[""B_HIGH_VALUE_PAINT""]",True,B_HIGH_VALUE_PAINT
pvg_road_street_streetfood8_6_d451eb05,res://assets/tilesets/cyber_city_core_tilesets/CyberCity_Core_Tiles_2/CyberCity_Core_Tiles_2/StreetFood8_6.png,StreetFood8_6.png,ROAD_STREET,road_street,26,21,25,19,46.89,"[""B_HIGH_VALUE_PAINT""]",True,B_HIGH_VALUE_PAINT
pvg_road_street_streetfood8_7_d0459ef5,res://assets/tilesets/cyber_city_core_tilesets/CyberCity_Core_Tiles_2/CyberCity_Core_Tiles_2/StreetFood8_7.png,StreetFood8_7.png,ROAD_STREET,road_street,28,26,25,23,56.87,"[""B_HIGH_VALUE_PAINT""]",True,B_HIGH_VALUE_PAINT
pvg_road_street_streetfood8_8_adfddaa0,res://assets/tilesets/cyber_city_core_tilesets/CyberCity_Core_Tiles_2/CyberCity_Core_Tiles_2/StreetFood8_8.png,StreetFood8_8.png,ROAD_STREET,road_street,27,23,26,21,48.95,"[""B_HIGH_VALUE_PAINT""]",True,B_HIGH_VALUE_PAINT
pvg_road_street_streetfoodbottle1_1_e5135469,res://assets/tilesets/cyber_city_core_tilesets/CyberCity_Core_Tiles_2/CyberCity_Core_Tiles_2/StreetFoodBottle1_1.png,StreetFoodBottle1_1.png,ROAD_STREET,road_street,11,19,9,18,49.76,"[""B_HIGH_VALUE_PAINT""]",True,B_HIGH_VALUE_PAINT
pvg_road_street_streetfoodbottle1_2_2f10d69d,res://assets/tilesets/cyber_city_core_tilesets/CyberCity_Core_Tiles_2/CyberCity_Core_Tiles_2/StreetFoodBottle1_2.png,StreetFoodBottle1_2.png,ROAD_STREET,road_street,10,19,10,17,45.79,"[""B_HIGH_VALUE_PAINT""]",True,B_HIGH_VALUE_PAINT
pvg_road_street_streetfoodbottle1_3_5a857ddb,res://assets/tilesets/cyber_city_core_tilesets/CyberCity_Core_Tiles_2/CyberCity_Core_Tiles_2/StreetFoodBottle1_3.png,StreetFoodBottle1_3.png,ROAD_STREET,road_street,13,20,9,18,59.23,"[""B_HIGH_VALUE_PAINT""]",True,B_HIGH_VALUE_PAINT
pvg_road_street_streetfoodbottle1_4_2bbfc18d,res://assets/tilesets/cyber_city_core_tilesets/CyberCity_Core_Tiles_2/CyberCity_Core_Tiles_2/StreetFoodBottle1_4.png,StreetFoodBottle1_4.png,ROAD_STREET,road_street,11,20,9,18,50.91,"[""B_HIGH_VALUE_PAINT""]",True,B_HIGH_VALUE_PAINT
pvg_road_street_streetfoodbottle1_5_32eb806f,res://assets/tilesets/cyber_city_core_tilesets/CyberCity_Core_Tiles_2/CyberCity_Core_Tiles_2/StreetFoodBottle1_5.png,StreetFoodBottle1_5.png,ROAD_STREET,road_street,11,25,9,18,60.73,"[""B_HIGH_VALUE_PAINT""]",True,B_HIGH_VALUE_PAINT
pvg_road_street_streetfoodbottle1_6_96850db2,res://assets/tilesets/cyber_city_core_tilesets/CyberCity_Core_Tiles_2/CyberCity_Core_Tiles_2/StreetFoodBottle1_6.png,StreetFoodBottle1_6.png,ROAD_STREET,road_street,13,19,9,18,56.28,"[""B_HIGH_VALUE_PAINT""]",True,B_HIGH_VALUE_PAINT
pvg_road_street_streetfoodbottle1_7_4ebf805c,res://assets/tilesets/cyber_city_core_tilesets/CyberCity_Core_Tiles_2/CyberCity_Core_Tiles_2/StreetFoodBottle1_7.png,StreetFoodBottle1_7.png,ROAD_STREET,road_street,11,20,9,17,54.09,"[""B_HIGH_VALUE_PAINT""]",True,B_HIGH_VALUE_PAINT
pvg_road_street_streetfoodbottle1_8_b752a511,res://assets/tilesets/cyber_city_core_tilesets/CyberCity_Core_Tiles_2/CyberCity_Core_Tiles_2/StreetFoodBottle1_8.png,StreetFoodBottle1_8.png,ROAD_STREET,road_street,11,19,9,18,49.76,"[""B_HIGH_VALUE_PAINT""]",True,B_HIGH_VALUE_PAINT
pvg_road_street_streetfoodcarton1_1_2120d5c8,res://assets/tilesets/cyber_city_core_tilesets/CyberCity_Core_Tiles_2/CyberCity_Core_Tiles_2/StreetFoodCarton1_1.png,StreetFoodCarton1_1.png,ROAD_STREET,road_street,27,24,25,23,42.75,"[""B_HIGH_VALUE_PAINT""]",True,B_HIGH_VALUE_PAINT
pvg_road_street_streetfoodcarton1_2_8c5c1857,res://assets/tilesets/cyber_city_core_tilesets/CyberCity_Core_Tiles_2/CyberCity_Core_Tiles_2/StreetFoodCarton1_2.png,StreetFoodCarton1_2.png,ROAD_STREET,road_street,23,25,21,24,44.17,"[""B_HIGH_VALUE_PAINT""]",True,B_HIGH_VALUE_PAINT
pvg_road_street_streetfoodcarton1_3_e0ed080a,res://assets/tilesets/cyber_city_core_tilesets/CyberCity_Core_Tiles_2/CyberCity_Core_Tiles_2/StreetFoodCarton1_3.png,StreetFoodCarton1_3.png,ROAD_STREET,road_street,28,20,24,18,47.68,"[""B_HIGH_VALUE_PAINT""]",True,B_HIGH_VALUE_PAINT
pvg_road_street_streetfoodcarton1_4_f0cdbb3b,res://assets/tilesets/cyber_city_core_tilesets/CyberCity_Core_Tiles_2/CyberCity_Core_Tiles_2/StreetFoodCarton1_4.png,StreetFoodCarton1_4.png,ROAD_STREET,road_street,26,25,22,22,50.62,"[""B_HIGH_VALUE_PAINT""]",True,B_HIGH_VALUE_PAINT
pvg_road_street_streetfoodcarton1_5_7f553bb0,res://assets/tilesets/cyber_city_core_tilesets/CyberCity_Core_Tiles_2/CyberCity_Core_Tiles_2/StreetFoodCarton1_5.png,StreetFoodCarton1_5.png,ROAD_STREET,road_street,23,28,22,23,45.19,"[""B_HIGH_VALUE_PAINT""]",True,B_HIGH_VALUE_PAINT
pvg_road_street_streetfoodcarton1_6_21dab204,res://assets/tilesets/cyber_city_core_tilesets/CyberCity_Core_Tiles_2/CyberCity_Core_Tiles_2/StreetFoodCarton1_6.png,StreetFoodCarton1_6.png,ROAD_STREET,road_street,25,24,23,22,39.67,"[""B_HIGH_VALUE_PAINT""]",True,B_HIGH_VALUE_PAINT
pvg_road_street_streetfoodcarton1_7_12eab9ff,res://assets/tilesets/cyber_city_core_tilesets/CyberCity_Core_Tiles_2/CyberCity_Core_Tiles_2/StreetFoodCarton1_7.png,StreetFoodCarton1_7.png,ROAD_STREET,road_street,22,27,21,22,50.51,"[""B_HIGH_VALUE_PAINT""]",True,B_HIGH_VALUE_PAINT
pvg_road_street_streetfoodcarton1_8_b7aaf1a4,res://assets/tilesets/cyber_city_core_tilesets/CyberCity_Core_Tiles_2/CyberCity_Core_Tiles_2/StreetFoodCarton1_8.png,StreetFoodCarton1_8.png,ROAD_STREET,road_street,24,20,24,18,36.88,"[""B_HIGH_VALUE_PAINT""]",True,B_HIGH_VALUE_PAINT
pvg_road_street_streetfoodcarton2_1_96b52548,res://assets/tilesets/cyber_city_core_tilesets/CyberCity_Core_Tiles_2/CyberCity_Core_Tiles_2/StreetFoodCarton2_1.png,StreetFoodCarton2_1.png,ROAD_STREET,road_street,38,30,37,25,44.82,"[""B_HIGH_VALUE_PAINT""]",True,B_HIGH_VALUE_PAINT
pvg_road_street_streetfoodcarton2_2_9d5ca9f7,res://assets/tilesets/cyber_city_core_tilesets/CyberCity_Core_Tiles_2/CyberCity_Core_Tiles_2/StreetFoodCarton2_2.png,StreetFoodCarton2_2.png,ROAD_STREET,road_street,27,36,26,33,42.08,"[""B_HIGH_VALUE_PAINT""]",True,B_HIGH_VALUE_PAINT
pvg_road_street_streetfoodcarton2_3_955f32d4,res://assets/tilesets/cyber_city_core_tilesets/CyberCity_Core_Tiles_2/CyberCity_Core_Tiles_2/StreetFoodCarton2_3.png,StreetFoodCarton2_3.png,ROAD_STREET,road_street,41,34,37,32,48.49,"[""B_HIGH_VALUE_PAINT""]",True,B_HIGH_VALUE_PAINT
pvg_road_street_streetfoodcarton2_4_cc7be5ac,res://assets/tilesets/cyber_city_core_tilesets/CyberCity_Core_Tiles_2/CyberCity_Core_Tiles_2/StreetFoodCarton2_4.png,StreetFoodCarton2_4.png,ROAD_STREET,road_street,29,38,25,36,45.55,"[""B_HIGH_VALUE_PAINT""]",True,B_HIGH_VALUE_PAINT
pvg_road_street_streetfoodcarton2_5_cf9f198c,res://assets/tilesets/cyber_city_core_tilesets/CyberCity_Core_Tiles_2/CyberCity_Core_Tiles_2/StreetFoodCarton2_5.png,StreetFoodCarton2_5.png,ROAD_STREET,road_street,39,31,36,29,44.83,"[""B_HIGH_VALUE_PAINT""]",True,B_HIGH_VALUE_PAINT
pvg_road_street_streetfoodcarton2_6_6dcd3260,res://assets/tilesets/cyber_city_core_tilesets/CyberCity_Core_Tiles_2/CyberCity_Core_Tiles_2/StreetFoodCarton2_6.png,StreetFoodCarton2_6.png,ROAD_STREET,road_street,33,35,32,33,41.47,"[""B_HIGH_VALUE_PAINT""]",True,B_HIGH_VALUE_PAINT
pvg_road_street_streetfoodcarton2_7_1e0f6fdf,res://assets/tilesets/cyber_city_core_tilesets/CyberCity_Core_Tiles_2/CyberCity_Core_Tiles_2/StreetFoodCarton2_7.png,StreetFoodCarton2_7.png,ROAD_STREET,road_street,37,33,32,32,41.93,"[""B_HIGH_VALUE_PAINT""]",True,B_HIGH_VALUE_PAINT
pvg_road_street_streetfoodcarton2_8_de5fbae4,res://assets/tilesets/cyber_city_core_tilesets/CyberCity_Core_Tiles_2/CyberCity_Core_Tiles_2/StreetFoodCarton2_8.png,StreetFoodCarton2_8.png,ROAD_STREET,road_street,42,38,36,34,55.58,"[""B_HIGH_VALUE_PAINT""]",True,B_HIGH_VALUE_PAINT
pvg_road_street_streetfoodchopsticks1_1_a8e54df5,res://assets/tilesets/cyber_city_core_tilesets/CyberCity_Core_Tiles_2/CyberCity_Core_Tiles_2/StreetFoodChopsticks1_1.png,StreetFoodChopsticks1_1.png,ROAD_STREET,road_street,14,19,10,18,59.77,"[""B_HIGH_VALUE_PAINT""]",True,B_HIGH_VALUE_PAINT
pvg_road_street_streetfoodchopsticks1_2_002b9c83,res://assets/tilesets/cyber_city_core_tilesets/CyberCity_Core_Tiles_2/CyberCity_Core_Tiles_2/StreetFoodChopsticks1_2.png,StreetFoodChopsticks1_2.png,ROAD_STREET,road_street,16,18,14,16,54.17,"[""B_HIGH_VALUE_PAINT""]",True,B_HIGH_VALUE_PAINT
pvg_road_street_streetfoodchopsticks1_3_f98b5f48,res://assets/tilesets/cyber_city_core_tilesets/CyberCity_Core_Tiles_2/CyberCity_Core_Tiles_2/StreetFoodChopsticks1_3.png,StreetFoodChopsticks1_3.png,ROAD_STREET,road_street,14,23,13,21,53.11,"[""B_HIGH_VALUE_PAINT""]",True,B_HIGH_VALUE_PAINT
pvg_road_street_streetfoodchopsticks1_4_416bd207,res://assets/tilesets/cyber_city_core_tilesets/CyberCity_Core_Tiles_2/CyberCity_Core_Tiles_2/StreetFoodChopsticks1_4.png,StreetFoodChopsticks1_4.png,ROAD_STREET,road_street,16,21,14,20,55.65,"[""B_HIGH_VALUE_PAINT""]",True,B_HIGH_VALUE_PAINT
pvg_road_street_streetfoodchopsticks1_5_99e758dd,res://assets/tilesets/cyber_city_core_tilesets/CyberCity_Core_Tiles_2/CyberCity_Core_Tiles_2/StreetFoodChopsticks1_5.png,StreetFoodChopsticks1_5.png,ROAD_STREET,road_street,14,19,13,17,58.65,"[""B_HIGH_VALUE_PAINT""]",True,B_HIGH_VALUE_PAINT
pvg_road_street_streetfoodchopsticks1_6_58973abe,res://assets/tilesets/cyber_city_core_tilesets/CyberCity_Core_Tiles_2/CyberCity_Core_Tiles_2/StreetFoodChopsticks1_6.png,StreetFoodChopsticks1_6.png,ROAD_STREET,road_street,14,20,12,18,54.29,"[""B_HIGH_VALUE_PAINT""]",True,B_HIGH_VALUE_PAINT
pvg_road_street_streetfoodchopsticks1_7_aa288327,res://assets/tilesets/cyber_city_core_tilesets/CyberCity_Core_Tiles_2/CyberCity_Core_Tiles_2/StreetFoodChopsticks1_7.png,StreetFoodChopsticks1_7.png,ROAD_STREET,road_street,16,21,14,20,55.95,"[""B_HIGH_VALUE_PAINT""]",True,B_HIGH_VALUE_PAINT
pvg_road_street_streetfoodchopsticks1_8_c1f8d342,res://assets/tilesets/cyber_city_core_tilesets/CyberCity_Core_Tiles_2/CyberCity_Core_Tiles_2/StreetFoodChopsticks1_8.png,StreetFoodChopsticks1_8.png,ROAD_STREET,road_street,15,27,13,21,61.98,"[""B_HIGH_VALUE_PAINT""]",True,B_HIGH_VALUE_PAINT
pvg_road_street_streetfoodcooker1_1_ac725a3d,res://assets/tilesets/cyber_city_core_tilesets/CyberCity_Core_Tiles_2/CyberCity_Core_Tiles_2/StreetFoodCooker1_1.png,StreetFoodCooker1_1.png,ROAD_STREET,road_street,61,75,58,73,35.96,"[""B_HIGH_VALUE_PAINT""]",True,B_HIGH_VALUE_PAINT
pvg_road_street_streetfoodcooker1_2_8ae4ae70,res://assets/tilesets/cyber_city_core_tilesets/CyberCity_Core_Tiles_2/CyberCity_Core_Tiles_2/StreetFoodCooker1_2.png,StreetFoodCooker1_2.png,ROAD_STREET,road_street,60,79,59,78,35.17,"[""B_HIGH_VALUE_PAINT""]",True,B_HIGH_VALUE_PAINT
pvg_road_street_streetfoodcooker1_3_d2d82e09,res://assets/tilesets/cyber_city_core_tilesets/CyberCity_Core_Tiles_2/CyberCity_Core_Tiles_2/StreetFoodCooker1_3.png,StreetFoodCooker1_3.png,ROAD_STREET,road_street,60,79,59,78,33.1,"[""B_HIGH_VALUE_PAINT""]",True,B_HIGH_VALUE_PAINT
pvg_road_street_streetfoodcooker1_4_6a06c366,res://assets/tilesets/cyber_city_core_tilesets/CyberCity_Core_Tiles_2/CyberCity_Core_Tiles_2/StreetFoodCooker1_4.png,StreetFoodCooker1_4.png,ROAD_STREET,road_street,60,80,58,78,38.46,"[""B_HIGH_VALUE_PAINT""]",True,B_HIGH_VALUE_PAINT
pvg_road_street_streetfoodcooker1_5_0af57f83,res://assets/tilesets/cyber_city_core_tilesets/CyberCity_Core_Tiles_2/CyberCity_Core_Tiles_2/StreetFoodCooker1_5.png,StreetFoodCooker1_5.png,ROAD_STREET,road_street,60,75,59,74,33.36,"[""B_HIGH_VALUE_PAINT""]",True,B_HIGH_VALUE_PAINT
pvg_road_street_streetfoodcooker1_6_adc1145d,res://assets/tilesets/cyber_city_core_tilesets/CyberCity_Core_Tiles_2/CyberCity_Core_Tiles_2/StreetFoodCooker1_6.png,StreetFoodCooker1_6.png,ROAD_STREET,road_street,62,76,59,74,38.75,"[""B_HIGH_VALUE_PAINT""]",True,B_HIGH_VALUE_PAINT
pvg_road_street_streetfoodcooker1_7_9a8b1f10,res://assets/tilesets/cyber_city_core_tilesets/CyberCity_Core_Tiles_2/CyberCity_Core_Tiles_2/StreetFoodCooker1_7.png,StreetFoodCooker1_7.png,ROAD_STREET,road_street,62,81,58,77,36.84,"[""B_HIGH_VALUE_PAINT""]",True,B_HIGH_VALUE_PAINT
pvg_road_street_streetfoodcooker1_8_933d7eac,res://assets/tilesets/cyber_city_core_tilesets/CyberCity_Core_Tiles_2/CyberCity_Core_Tiles_2/StreetFoodCooker1_8.png,StreetFoodCooker1_8.png,ROAD_STREET,road_street,60,79,58,78,35.51,"[""B_HIGH_VALUE_PAINT""]",True,B_HIGH_VALUE_PAINT
pvg_road_street_streetfoodcooker2_1_79def189,res://assets/tilesets/cyber_city_core_tilesets/CyberCity_Core_Tiles_2/CyberCity_Core_Tiles_2/StreetFoodCooker2_1.png,StreetFoodCooker2_1.png,ROAD_STREET,road_street,61,76,59,73,38.5,"[""B_HIGH_VALUE_PAINT""]",True,B_HIGH_VALUE_PAINT
pvg_road_street_streetfoodcooker2_2_8bd8391f,res://assets/tilesets/cyber_city_core_tilesets/CyberCity_Core_Tiles_2/CyberCity_Core_Tiles_2/StreetFoodCooker2_2.png,StreetFoodCooker2_2.png,ROAD_STREET,road_street,56,80,53,78,35.98,"[""B_HIGH_VALUE_PAINT""]",True,B_HIGH_VALUE_PAINT
pvg_road_street_streetfoodcooker2_3_b89e125a,res://assets/tilesets/cyber_city_core_tilesets/CyberCity_Core_Tiles_2/CyberCity_Core_Tiles_2/StreetFoodCooker2_3.png,StreetFoodCooker2_3.png,ROAD_STREET,road_street,64,78,59,77,39.94,"[""B_HIGH_VALUE_PAINT""]",True,B_HIGH_VALUE_PAINT
pvg_road_street_streetfoodcooker2_4_620f6203,res://assets/tilesets/cyber_city_core_tilesets/CyberCity_Core_Tiles_2/CyberCity_Core_Tiles_2/StreetFoodCooker2_4.png,StreetFoodCooker2_4.png,ROAD_STREET,road_street,56,83,54,78,39.76,"[""B_HIGH_VALUE_PAINT""]",True,B_HIGH_VALUE_PAINT
pvg_road_street_streetfoodcooker2_5_cd4c05ea,res://assets/tilesets/cyber_city_core_tilesets/CyberCity_Core_Tiles_2/CyberCity_Core_Tiles_2/StreetFoodCooker2_5.png,StreetFoodCooker2_5.png,ROAD_STREET,road_street,57,76,54,74,34.28,"[""B_HIGH_VALUE_PAINT""]",True,B_HIGH_VALUE_PAINT
pvg_road_street_streetfoodcooker2_6_c8ef48f2,res://assets/tilesets/cyber_city_core_tilesets/CyberCity_Core_Tiles_2/CyberCity_Core_Tiles_2/StreetFoodCooker2_6.png,StreetFoodCooker2_6.png,ROAD_STREET,road_street,59,78,53,74,39.79,"[""B_HIGH_VALUE_PAINT""]",True,B_HIGH_VALUE_PAINT
pvg_road_street_streetfoodcooker2_7_62d157fe,res://assets/tilesets/cyber_city_core_tilesets/CyberCity_Core_Tiles_2/CyberCity_Core_Tiles_2/StreetFoodCooker2_7.png,StreetFoodCooker2_7.png,ROAD_STREET,road_street,55,82,53,76,34.94,"[""B_HIGH_VALUE_PAINT""]",True,B_HIGH_VALUE_PAINT
pvg_road_street_streetfoodcooker2_8_7f6b7004,res://assets/tilesets/cyber_city_core_tilesets/CyberCity_Core_Tiles_2/CyberCity_Core_Tiles_2/StreetFoodCooker2_8.png,StreetFoodCooker2_8.png,ROAD_STREET,road_street,56,78,53,76,34.25,"[""B_HIGH_VALUE_PAINT""]",True,B_HIGH_VALUE_PAINT
pvg_road_street_streetfoodfish1_1_89830449,res://assets/tilesets/cyber_city_core_tilesets/CyberCity_Core_Tiles_2/CyberCity_Core_Tiles_2/StreetFoodFish1_1.png,StreetFoodFish1_1.png,ROAD_STREET,road_street,87,73,80,68,17.49,"[""B_HIGH_VALUE_PAINT""]",True,B_HIGH_VALUE_PAINT
pvg_road_street_streetfoodfish1_2_72afd5dd,res://assets/tilesets/cyber_city_core_tilesets/CyberCity_Core_Tiles_2/CyberCity_Core_Tiles_2/StreetFoodFish1_2.png,StreetFoodFish1_2.png,ROAD_STREET,road_street,75,80,71,76,14.3,"[""B_HIGH_VALUE_PAINT""]",True,B_HIGH_VALUE_PAINT
pvg_road_street_streetfoodfish1_3_f7a23a91,res://assets/tilesets/cyber_city_core_tilesets/CyberCity_Core_Tiles_2/CyberCity_Core_Tiles_2/StreetFoodFish1_3.png,StreetFoodFish1_3.png,ROAD_STREET,road_street,88,75,81,68,20.02,"[""B_HIGH_VALUE_PAINT""]",True,B_HIGH_VALUE_PAINT
pvg_road_street_streetfoodfish1_4_667badae,res://assets/tilesets/cyber_city_core_tilesets/CyberCity_Core_Tiles_2/CyberCity_Core_Tiles_2/StreetFoodFish1_4.png,StreetFoodFish1_4.png,ROAD_STREET,road_street,73,80,70,76,12.67,"[""B_HIGH_VALUE_PAINT""]",True,B_HIGH_VALUE_PAINT
pvg_road_street_streetfoodfish1_5_4d040c8b,res://assets/tilesets/cyber_city_core_tilesets/CyberCity_Core_Tiles_2/CyberCity_Core_Tiles_2/StreetFoodFish1_5.png,StreetFoodFish1_5.png,ROAD_STREET,road_street,98,89,97,88,37.67,"[""B_HIGH_VALUE_PAINT""]",True,B_HIGH_VALUE_PAINT
pvg_road_street_streetfoodfish1_6_15641157,res://assets/tilesets/cyber_city_core_tilesets/CyberCity_Core_Tiles_2/CyberCity_Core_Tiles_2/StreetFoodFish1_6.png,StreetFoodFish1_6.png,ROAD_STREET,road_street,106,91,97,87,43.79,"[""B_HIGH_VALUE_PAINT""]",True,B_HIGH_VALUE_PAINT
pvg_road_street_streetfoodfish1_7_d1d501de,res://assets/tilesets/cyber_city_core_tilesets/CyberCity_Core_Tiles_2/CyberCity_Core_Tiles_2/StreetFoodFish1_7.png,StreetFoodFish1_7.png,ROAD_STREET,road_street,100,94,97,87,42.28,"[""B_HIGH_VALUE_PAINT""]",True,B_HIGH_VALUE_PAINT
pvg_road_street_streetfoodfish1_8_7a4ba484,res://assets/tilesets/cyber_city_core_tilesets/CyberCity_Core_Tiles_2/CyberCity_Core_Tiles_2/StreetFoodFish1_8.png,StreetFoodFish1_8.png,ROAD_STREET,road_street,102,89,97,87,40.13,"[""B_HIGH_VALUE_PAINT""]",True,B_HIGH_VALUE_PAINT
pvg_road_street_streetfoodfish2_1_91dbf373,res://assets/tilesets/cyber_city_core_tilesets/CyberCity_Core_Tiles_2/CyberCity_Core_Tiles_2/StreetFoodFish2_1.png,StreetFoodFish2_1.png,ROAD_STREET,road_street,69,64,68,62,60.48,"[""B_HIGH_VALUE_PAINT""]",True,B_HIGH_VALUE_PAINT
pvg_road_street_streetfoodfish2_2_318f1497,res://assets/tilesets/cyber_city_core_tilesets/CyberCity_Core_Tiles_2/CyberCity_Core_Tiles_2/StreetFoodFish2_2.png,StreetFoodFish2_2.png,ROAD_STREET,road_street,16,90,14,88,50.56,"[""B_HIGH_VALUE_PAINT""]",True,B_HIGH_VALUE_PAINT
pvg_road_street_streetfoodfish2_3_8d7f1d85,res://assets/tilesets/cyber_city_core_tilesets/CyberCity_Core_Tiles_2/CyberCity_Core_Tiles_2/StreetFoodFish2_3.png,StreetFoodFish2_3.png,ROAD_STREET,road_street,70,63,68,62,60.11,"[""B_HIGH_VALUE_PAINT""]",True,B_HIGH_VALUE_PAINT
pvg_road_street_streetfoodfish2_4_f9eedce3,res://assets/tilesets/cyber_city_core_tilesets/CyberCity_Core_Tiles_2/CyberCity_Core_Tiles_2/StreetFoodFish2_4.png,StreetFoodFish2_4.png,ROAD_STREET,road_street,22,90,14,89,62.88,"[""B_HIGH_VALUE_PAINT""]",True,B_HIGH_VALUE_PAINT
pvg_road_street_streetfoodfish2_5_6000edd8,res://assets/tilesets/cyber_city_core_tilesets/CyberCity_Core_Tiles_2/CyberCity_Core_Tiles_2/StreetFoodFish2_5.png,StreetFoodFish2_5.png,ROAD_STREET,road_street,50,81,49,78,64.22,"[""B_HIGH_VALUE_PAINT""]",True,B_HIGH_VALUE_PAINT
pvg_road_street_streetfoodfish2_6_64ac261d,res://assets/tilesets/cyber_city_core_tilesets/CyberCity_Core_Tiles_2/CyberCity_Core_Tiles_2/StreetFoodFish2_6.png,StreetFoodFish2_6.png,ROAD_STREET,road_street,52,81,50,79,62.35,"[""B_HIGH_VALUE_PAINT""]",True,B_HIGH_VALUE_PAINT
pvg_road_street_streetfoodfish2_7_7cedcbbb,res://assets/tilesets/cyber_city_core_tilesets/CyberCity_Core_Tiles_2/CyberCity_Core_Tiles_2/StreetFoodFish2_7.png,StreetFoodFish2_7.png,ROAD_STREET,road_street,52,82,50,80,62.24,"[""B_HIGH_VALUE_PAINT""]",True,B_HIGH_VALUE_PAINT
pvg_road_street_streetfoodfish2_8_04f77524,res://assets/tilesets/cyber_city_core_tilesets/CyberCity_Core_Tiles_2/CyberCity_Core_Tiles_2/StreetFoodFish2_8.png,StreetFoodFish2_8.png,ROAD_STREET,road_street,52,83,48,82,66.66,"[""B_HIGH_VALUE_PAINT""]",True,B_HIGH_VALUE_PAINT
pvg_road_street_streetfoodfish3_1_d6d916f0,res://assets/tilesets/cyber_city_core_tilesets/CyberCity_Core_Tiles_2/CyberCity_Core_Tiles_2/StreetFoodFish3_1.png,StreetFoodFish3_1.png,ROAD_STREET,road_street,65,60,63,59,73.15,"[""B_HIGH_VALUE_PAINT""]",True,B_HIGH_VALUE_PAINT
pvg_road_street_streetfoodfish3_2_597f3858,res://assets/tilesets/cyber_city_core_tilesets/CyberCity_Core_Tiles_2/CyberCity_Core_Tiles_2/StreetFoodFish3_2.png,StreetFoodFish3_2.png,ROAD_STREET,road_street,16,91,13,89,61.06,"[""B_HIGH_VALUE_PAINT""]",True,B_HIGH_VALUE_PAINT
pvg_road_street_streetfoodfish3_3_7234382e,res://assets/tilesets/cyber_city_core_tilesets/CyberCity_Core_Tiles_2/CyberCity_Core_Tiles_2/StreetFoodFish3_3.png,StreetFoodFish3_3.png,ROAD_STREET,road_street,64,62,64,59,73.59,"[""B_HIGH_VALUE_PAINT""]",True,B_HIGH_VALUE_PAINT
pvg_road_street_streetfoodfish3_4_39949064,res://assets/tilesets/cyber_city_core_tilesets/CyberCity_Core_Tiles_2/CyberCity_Core_Tiles_2/StreetFoodFish3_4.png,StreetFoodFish3_4.png,ROAD_STREET,road_street,15,80,13,78,54.67,"[""B_HIGH_VALUE_PAINT""]",True,B_HIGH_VALUE_PAINT
pvg_road_street_streetfoodfish3_5_8c01f260,res://assets/tilesets/cyber_city_core_tilesets/CyberCity_Core_Tiles_2/CyberCity_Core_Tiles_2/StreetFoodFish3_5.png,StreetFoodFish3_5.png,ROAD_STREET,road_street,48,82,46,81,78.33,"[""B_HIGH_VALUE_PAINT""]",True,B_HIGH_VALUE_PAINT
pvg_road_street_streetfoodfish3_6_c9d008cb,res://assets/tilesets/cyber_city_core_tilesets/CyberCity_Core_Tiles_2/CyberCity_Core_Tiles_2/StreetFoodFish3_6.png,StreetFoodFish3_6.png,ROAD_STREET,road_street,47,71,45,69,67.94,"[""B_HIGH_VALUE_PAINT""]",True,B_HIGH_VALUE_PAINT
pvg_road_street_streetfoodfish3_7_522d0b12,res://assets/tilesets/cyber_city_core_tilesets/CyberCity_Core_Tiles_2/CyberCity_Core_Tiles_2/StreetFoodFish3_7.png,StreetFoodFish3_7.png,ROAD_STREET,road_street,47,82,46,80,72.52,"[""B_HIGH_VALUE_PAINT""]",True,B_HIGH_VALUE_PAINT
pvg_road_street_streetfoodfish3_8_9ea093d0,res://assets/tilesets/cyber_city_core_tilesets/CyberCity_Core_Tiles_2/CyberCity_Core_Tiles_2/StreetFoodFish3_8.png,StreetFoodFish3_8.png,ROAD_STREET,road_street,47,73,45,71,75.28,"[""B_HIGH_VALUE_PAINT""]",True,B_HIGH_VALUE_PAINT
pvg_road_street_streetfoodfish4_1_247b7dda,res://assets/tilesets/cyber_city_core_tilesets/CyberCity_Core_Tiles_2/CyberCity_Core_Tiles_2/StreetFoodFish4_1.png,StreetFoodFish4_1.png,ROAD_STREET,road_street,66,62,63,60,64.83,"[""B_HIGH_VALUE_PAINT""]",True,B_HIGH_VALUE_PAINT
pvg_road_street_streetfoodfish4_2_934c3824,res://assets/tilesets/cyber_city_core_tilesets/CyberCity_Core_Tiles_2/CyberCity_Core_Tiles_2/StreetFoodFish4_2.png,StreetFoodFish4_2.png,ROAD_STREET,road_street,16,91,14,89,51.58,"[""B_HIGH_VALUE_PAINT""]",True,B_HIGH_VALUE_PAINT
pvg_road_street_streetfoodfish4_3_81bfaf96,res://assets/tilesets/cyber_city_core_tilesets/CyberCity_Core_Tiles_2/CyberCity_Core_Tiles_2/StreetFoodFish4_3.png,StreetFoodFish4_3.png,ROAD_STREET,road_street,68,62,64,59,65.99,"[""B_HIGH_VALUE_PAINT""]",True,B_HIGH_VALUE_PAINT
pvg_road_street_streetfoodfish4_4_7f3d1d18,res://assets/tilesets/cyber_city_core_tilesets/CyberCity_Core_Tiles_2/CyberCity_Core_Tiles_2/StreetFoodFish4_4.png,StreetFoodFish4_4.png,ROAD_STREET,road_street,16,77,15,75,47.56,"[""B_HIGH_VALUE_PAINT""]",True,B_HIGH_VALUE_PAINT
pvg_road_street_streetfoodfish4_5_1583b9a9,res://assets/tilesets/cyber_city_core_tilesets/CyberCity_Core_Tiles_2/CyberCity_Core_Tiles_2/StreetFoodFish4_5.png,StreetFoodFish4_5.png,ROAD_STREET,road_street,49,83,47,81,71.06,"[""B_HIGH_VALUE_PAINT""]",True,B_HIGH_VALUE_PAINT
pvg_road_street_streetfoodfish4_6_1cae96e5,res://assets/tilesets/cyber_city_core_tilesets/CyberCity_Core_Tiles_2/CyberCity_Core_Tiles_2/StreetFoodFish4_6.png,StreetFoodFish4_6.png,ROAD_STREET,road_street,50,74,49,70,62.86,"[""B_HIGH_VALUE_PAINT""]",True,B_HIGH_VALUE_PAINT
pvg_road_street_streetfoodfish4_7_b1e1d7d0,res://assets/tilesets/cyber_city_core_tilesets/CyberCity_Core_Tiles_2/CyberCity_Core_Tiles_2/StreetFoodFish4_7.png,StreetFoodFish4_7.png,ROAD_STREET,road_street,54,83,50,81,69.54,"[""B_HIGH_VALUE_PAINT""]",True,B_HIGH_VALUE_PAINT
pvg_road_street_streetfoodfish4_8_8134c9ce,res://assets/tilesets/cyber_city_core_tilesets/CyberCity_Core_Tiles_2/CyberCity_Core_Tiles_2/StreetFoodFish4_8.png,StreetFoodFish4_8.png,ROAD_STREET,road_street,48,72,47,70,65.22,"[""B_HIGH_VALUE_PAINT""]",True,B_HIGH_VALUE_PAINT
pvg_road_street_streetfoodpizza1_1_4c87cd14,res://assets/tilesets/cyber_city_core_tilesets/CyberCity_Core_Tiles_2/CyberCity_Core_Tiles_2/StreetFoodPizza1_1.png,StreetFoodPizza1_1.png,ROAD_STREET,road_street,53,41,51,40,30.79,"[""B_HIGH_VALUE_PAINT""]",True,B_HIGH_VALUE_PAINT
pvg_road_street_streetfoodpizza1_2_5806d32f,res://assets/tilesets/cyber_city_core_tilesets/CyberCity_Core_Tiles_2/CyberCity_Core_Tiles_2/StreetFoodPizza1_2.png,StreetFoodPizza1_2.png,ROAD_STREET,road_street,54,41,52,39,31.62,"[""B_HIGH_VALUE_PAINT""]",True,B_HIGH_VALUE_PAINT
pvg_road_street_streetfoodpizza1_3_6f3206d8,res://assets/tilesets/cyber_city_core_tilesets/CyberCity_Core_Tiles_2/CyberCity_Core_Tiles_2/StreetFoodPizza1_3.png,StreetFoodPizza1_3.png,ROAD_STREET,road_street,53,42,51,40,31.72,"[""B_HIGH_VALUE_PAINT""]",True,B_HIGH_VALUE_PAINT
pvg_road_street_streetfoodpizza1_4_4dda77f3,res://assets/tilesets/cyber_city_core_tilesets/CyberCity_Core_Tiles_2/CyberCity_Core_Tiles_2/StreetFoodPizza1_4.png,StreetFoodPizza1_4.png,ROAD_STREET,road_street,54,43,52,40,34.8,"[""B_HIGH_VALUE_PAINT""]",True,B_HIGH_VALUE_PAINT
pvg_road_street_streetfoodpizza1_5_5ba5af26,res://assets/tilesets/cyber_city_core_tilesets/CyberCity_Core_Tiles_2/CyberCity_Core_Tiles_2/StreetFoodPizza1_5.png,StreetFoodPizza1_5.png,ROAD_STREET,road_street,59,46,55,44,43.81,"[""B_HIGH_VALUE_PAINT""]",True,B_HIGH_VALUE_PAINT
pvg_road_street_streetfoodpizza1_6_d97b7df5,res://assets/tilesets/cyber_city_core_tilesets/CyberCity_Core_Tiles_2/CyberCity_Core_Tiles_2/StreetFoodPizza1_6.png,StreetFoodPizza1_6.png,ROAD_STREET,road_street,57,46,55,44,41.76,"[""B_HIGH_VALUE_PAINT""]",True,B_HIGH_VALUE_PAINT
pvg_road_street_streetfoodpizza1_7_3ec8b422,res://assets/tilesets/cyber_city_core_tilesets/CyberCity_Core_Tiles_2/CyberCity_Core_Tiles_2/StreetFoodPizza1_7.png,StreetFoodPizza1_7.png,ROAD_STREET,road_street,61,45,56,44,43.75,"[""B_HIGH_VALUE_PAINT""]",True,B_HIGH_VALUE_PAINT
pvg_road_street_streetfoodpizza1_8_68106434,res://assets/tilesets/cyber_city_core_tilesets/CyberCity_Core_Tiles_2/CyberCity_Core_Tiles_2/StreetFoodPizza1_8.png,StreetFoodPizza1_8.png,ROAD_STREET,road_street,58,45,56,43,40.96,"[""B_HIGH_VALUE_PAINT""]",True,B_HIGH_VALUE_PAINT
pvg_road_street_streetfoodplates1_1_b2fb8f73,res://assets/tilesets/cyber_city_core_tilesets/CyberCity_Core_Tiles_2/CyberCity_Core_Tiles_2/StreetFoodPlates1_1.png,StreetFoodPlates1_1.png,ROAD_STREET,road_street,75,49,61,33,65.63,"[""B_HIGH_VALUE_PAINT""]",True,B_HIGH_VALUE_PAINT
pvg_road_street_streetfoodplates1_2_579c4b6c,res://assets/tilesets/cyber_city_core_tilesets/CyberCity_Core_Tiles_2/CyberCity_Core_Tiles_2/StreetFoodPlates1_2.png,StreetFoodPlates1_2.png,ROAD_STREET,road_street,37,48,35,46,42.4,"[""B_HIGH_VALUE_PAINT""]",True,B_HIGH_VALUE_PAINT
pvg_road_street_streetfoodplates1_3_55428451,res://assets/tilesets/cyber_city_core_tilesets/CyberCity_Core_Tiles_2/CyberCity_Core_Tiles_2/StreetFoodPlates1_3.png,StreetFoodPlates1_3.png,ROAD_STREET,road_street,65,36,63,35,50.81,"[""B_HIGH_VALUE_PAINT""]",True,B_HIGH_VALUE_PAINT
pvg_road_street_streetfoodplates1_4_2a5f53e7,res://assets/tilesets/cyber_city_core_tilesets/CyberCity_Core_Tiles_2/CyberCity_Core_Tiles_2/StreetFoodPlates1_4.png,StreetFoodPlates1_4.png,ROAD_STREET,road_street,44,50,35,48,48.91,"[""B_HIGH_VALUE_PAINT""]",True,B_HIGH_VALUE_PAINT
pvg_road_street_streetfoodplates1_5_a72af0b3,res://assets/tilesets/cyber_city_core_tilesets/CyberCity_Core_Tiles_2/CyberCity_Core_Tiles_2/StreetFoodPlates1_5.png,StreetFoodPlates1_5.png,ROAD_STREET,road_street,53,42,52,36,48.52,"[""B_HIGH_VALUE_PAINT""]",True,B_HIGH_VALUE_PAINT
pvg_road_street_streetfoodplates1_6_190e57a6,res://assets/tilesets/cyber_city_core_tilesets/CyberCity_Core_Tiles_2/CyberCity_Core_Tiles_2/StreetFoodPlates1_6.png,StreetFoodPlates1_6.png,ROAD_STREET,road_street,55,46,47,41,52.61,"[""B_HIGH_VALUE_PAINT""]",True,B_HIGH_VALUE_PAINT
pvg_road_street_streetfoodplates1_7_2173e697,res://assets/tilesets/cyber_city_core_tilesets/CyberCity_Core_Tiles_2/CyberCity_Core_Tiles_2/StreetFoodPlates1_7.png,StreetFoodPlates1_7.png,ROAD_STREET,road_street,51,52,48,51,58.94,"[""B_HIGH_VALUE_PAINT""]",True,B_HIGH_VALUE_PAINT
pvg_road_street_streetfoodplates1_8_e53c9f46,res://assets/tilesets/cyber_city_core_tilesets/CyberCity_Core_Tiles_2/CyberCity_Core_Tiles_2/StreetFoodPlates1_8.png,StreetFoodPlates1_8.png,ROAD_STREET,road_street,55,50,52,41,58.04,"[""B_HIGH_VALUE_PAINT""]",True,B_HIGH_VALUE_PAINT
pvg_road_street_streetlight1_1_a29341a6,res://assets/tilesets/cyber_city_core_tilesets/CyberCity_Core_Tiles_2/CyberCity_Core_Tiles_2/StreetLight1_1.png,StreetLight1_1.png,ROAD_STREET,road_street,281,266,279,260,78.27,"[""B_HIGH_VALUE_PAINT""]",True,B_HIGH_VALUE_PAINT
pvg_road_street_streetlight1_2_791a0252,res://assets/tilesets/cyber_city_core_tilesets/CyberCity_Core_Tiles_2/CyberCity_Core_Tiles_2/StreetLight1_2.png,StreetLight1_2.png,ROAD_STREET,road_street,106,316,100,310,68.44,"[""B_HIGH_VALUE_PAINT""]",True,B_HIGH_VALUE_PAINT
pvg_road_street_streetlight1_3_c1976b2d,res://assets/tilesets/cyber_city_core_tilesets/CyberCity_Core_Tiles_2/CyberCity_Core_Tiles_2/StreetLight1_3.png,StreetLight1_3.png,ROAD_STREET,road_street,282,265,279,259,78.54,"[""B_HIGH_VALUE_PAINT""]",True,B_HIGH_VALUE_PAINT
pvg_road_street_streetlight1_4_1e1cd789,res://assets/tilesets/cyber_city_core_tilesets/CyberCity_Core_Tiles_2/CyberCity_Core_Tiles_2/StreetLight1_4.png,StreetLight1_4.png,ROAD_STREET,road_street,105,313,102,310,65.45,"[""B_HIGH_VALUE_PAINT""]",True,B_HIGH_VALUE_PAINT
pvg_road_street_streetlight1_5_ee7031d1,res://assets/tilesets/cyber_city_core_tilesets/CyberCity_Core_Tiles_2/CyberCity_Core_Tiles_2/StreetLight1_5.png,StreetLight1_5.png,ROAD_STREET,road_street,230,296,228,295,79.38,"[""B_HIGH_VALUE_PAINT""]",True,B_HIGH_VALUE_PAINT
pvg_road_street_streetlight1_6_8880e22d,res://assets/tilesets/cyber_city_core_tilesets/CyberCity_Core_Tiles_2/CyberCity_Core_Tiles_2/StreetLight1_6.png,StreetLight1_6.png,ROAD_STREET,road_street,229,297,228,295,77.67,"[""B_HIGH_VALUE_PAINT""]",True,B_HIGH_VALUE_PAINT
pvg_road_street_streetlight1_7_cfda69c8,res://assets/tilesets/cyber_city_core_tilesets/CyberCity_Core_Tiles_2/CyberCity_Core_Tiles_2/StreetLight1_7.png,StreetLight1_7.png,ROAD_STREET,road_street,229,297,227,294,77.97,"[""B_HIGH_VALUE_PAINT""]",True,B_HIGH_VALUE_PAINT
pvg_road_street_streetlight1_8_6a53d5ec,res://assets/tilesets/cyber_city_core_tilesets/CyberCity_Core_Tiles_2/CyberCity_Core_Tiles_2/StreetLight1_8.png,StreetLight1_8.png,ROAD_STREET,road_street,230,297,227,295,79.5,"[""B_HIGH_VALUE_PAINT""]",True,B_HIGH_VALUE_PAINT
pvg_road_street_streetlight2_1_8879e75c,res://assets/tilesets/cyber_city_core_tilesets/CyberCity_Core_Tiles_2/CyberCity_Core_Tiles_2/Streetlight2_1.png,Streetlight2_1.png,ROAD_STREET,road_street,80,178,78,174,70.93,"[""B_HIGH_VALUE_PAINT""]",True,B_HIGH_VALUE_PAINT
pvg_road_street_streetlight2_2_b6bb3bdd,res://assets/tilesets/cyber_city_core_tilesets/CyberCity_Core_Tiles_2/CyberCity_Core_Tiles_2/Streetlight2_2.png,Streetlight2_2.png,ROAD_STREET,road_street,112,174,111,172,72.48,"[""B_HIGH_VALUE_PAINT""]",True,B_HIGH_VALUE_PAINT
pvg_road_street_streetlight2_3_64654598,res://assets/tilesets/cyber_city_core_tilesets/CyberCity_Core_Tiles_2/CyberCity_Core_Tiles_2/Streetlight2_3.png,Streetlight2_3.png,ROAD_STREET,road_street,80,179,78,178,68.85,"[""B_HIGH_VALUE_PAINT""]",True,B_HIGH_VALUE_PAINT
pvg_road_street_streetlight2_4_006d440c,res://assets/tilesets/cyber_city_core_tilesets/CyberCity_Core_Tiles_2/CyberCity_Core_Tiles_2/Streetlight2_4.png,Streetlight2_4.png,ROAD_STREET,road_street,115,173,107,172,73.39,"[""B_HIGH_VALUE_PAINT""]",True,B_HIGH_VALUE_PAINT
pvg_road_street_streetlight2_5_57e740de,res://assets/tilesets/cyber_city_core_tilesets/CyberCity_Core_Tiles_2/CyberCity_Core_Tiles_2/Streetlight2_5.png,Streetlight2_5.png,ROAD_STREET,road_street,98,179,98,175,70.54,"[""B_HIGH_VALUE_PAINT""]",True,B_HIGH_VALUE_PAINT
pvg_road_street_streetlight2_6_36cfce7e,res://assets/tilesets/cyber_city_core_tilesets/CyberCity_Core_Tiles_2/CyberCity_Core_Tiles_2/Streetlight2_6.png,Streetlight2_6.png,ROAD_STREET,road_street,95,179,92,175,72.11,"[""B_HIGH_VALUE_PAINT""]",True,B_HIGH_VALUE_PAINT
pvg_road_street_streetlight2_7_b02ae922,res://assets/tilesets/cyber_city_core_tilesets/CyberCity_Core_Tiles_2/CyberCity_Core_Tiles_2/Streetlight2_7.png,Streetlight2_7.png,ROAD_STREET,road_street,103,179,98,178,72.89,"[""B_HIGH_VALUE_PAINT""]",True,B_HIGH_VALUE_PAINT
pvg_road_street_streetlight2_8_77aea4d5,res://assets/tilesets/cyber_city_core_tilesets/CyberCity_Core_Tiles_2/CyberCity_Core_Tiles_2/Streetlight2_8.png,Streetlight2_8.png,ROAD_STREET,road_street,95,179,93,178,69.39,"[""B_HIGH_VALUE_PAINT""]",True,B_HIGH_VALUE_PAINT
pvg_road_street_streetlight3_1_706afe5e,res://assets/tilesets/cyber_city_core_tilesets/CyberCity_Core_Tiles_2/CyberCity_Core_Tiles_2/StreetLight3_1.png,StreetLight3_1.png,ROAD_STREET,road_street,83,205,80,204,75.6,"[""B_HIGH_VALUE_PAINT""]",True,B_HIGH_VALUE_PAINT
pvg_road_street_streetlight3_2_d0e2a53a,res://assets/tilesets/cyber_city_core_tilesets/CyberCity_Core_Tiles_2/CyberCity_Core_Tiles_2/StreetLight3_2.png,StreetLight3_2.png,ROAD_STREET,road_street,124,201,120,199,74.7,"[""B_HIGH_VALUE_PAINT""]",True,B_HIGH_VALUE_PAINT
pvg_road_street_streetlight3_3_ce5072d2,res://assets/tilesets/cyber_city_core_tilesets/CyberCity_Core_Tiles_2/CyberCity_Core_Tiles_2/StreetLight3_3.png,StreetLight3_3.png,ROAD_STREET,road_street,83,229,81,227,77.03,"[""B_HIGH_VALUE_PAINT""]",True,B_HIGH_VALUE_PAINT
pvg_road_street_streetlight3_4_bcec5392,res://assets/tilesets/cyber_city_core_tilesets/CyberCity_Core_Tiles_2/CyberCity_Core_Tiles_2/StreetLight3_4.png,StreetLight3_4.png,ROAD_STREET,road_street,111,201,108,199,71.22,"[""B_HIGH_VALUE_PAINT""]",True,B_HIGH_VALUE_PAINT
pvg_road_street_streetlight3_5_5262723c,res://assets/tilesets/cyber_city_core_tilesets/CyberCity_Core_Tiles_2/CyberCity_Core_Tiles_2/StreetLight3_5.png,StreetLight3_5.png,ROAD_STREET,road_street,114,203,112,202,75.2,"[""B_HIGH_VALUE_PAINT""]",True,B_HIGH_VALUE_PAINT
pvg_road_street_streetlight3_6_b7bcbc7d,res://assets/tilesets/cyber_city_core_tilesets/CyberCity_Core_Tiles_2/CyberCity_Core_Tiles_2/StreetLight3_6.png,StreetLight3_6.png,ROAD_STREET,road_street,100,203,99,201,74.08,"[""B_HIGH_VALUE_PAINT""]",True,B_HIGH_VALUE_PAINT
pvg_road_street_streetlight3_7_5976e81d,res://assets/tilesets/cyber_city_core_tilesets/CyberCity_Core_Tiles_2/CyberCity_Core_Tiles_2/StreetLight3_7.png,StreetLight3_7.png,ROAD_STREET,road_street,114,222,112,221,78.76,"[""B_HIGH_VALUE_PAINT""]",True,B_HIGH_VALUE_PAINT
pvg_road_street_streetlight3_8_b271feb2,res://assets/tilesets/cyber_city_core_tilesets/CyberCity_Core_Tiles_2/CyberCity_Core_Tiles_2/StreetLight3_8.png,StreetLight3_8.png,ROAD_STREET,road_street,99,221,97,221,73.22,"[""B_HIGH_VALUE_PAINT""]",True,B_HIGH_VALUE_PAINT
pvg_road_street_streetlight4_1_fe2c408c,res://assets/tilesets/cyber_city_core_tilesets/CyberCity_Core_Tiles_2/CyberCity_Core_Tiles_2/StreetLight4_1.png,StreetLight4_1.png,ROAD_STREET,road_street,155,210,153,206,73.08,"[""B_HIGH_VALUE_PAINT""]",True,B_HIGH_VALUE_PAINT
pvg_road_street_streetlight4_2_d402d381,res://assets/tilesets/cyber_city_core_tilesets/CyberCity_Core_Tiles_2/CyberCity_Core_Tiles_2/StreetLight4_2.png,StreetLight4_2.png,ROAD_STREET,road_street,219,263,213,260,86.42,"[""B_HIGH_VALUE_PAINT""]",True,B_HIGH_VALUE_PAINT
pvg_road_street_streetlight4_3_30887221,res://assets/tilesets/cyber_city_core_tilesets/CyberCity_Core_Tiles_2/CyberCity_Core_Tiles_2/StreetLight4_3.png,StreetLight4_3.png,ROAD_STREET,road_street,114,297,111,291,72.76,"[""B_HIGH_VALUE_PAINT""]",True,B_HIGH_VALUE_PAINT
pvg_road_street_streetlight4_4_762909a4,res://assets/tilesets/cyber_city_core_tilesets/CyberCity_Core_Tiles_2/CyberCity_Core_Tiles_2/StreetLight4_4.png,StreetLight4_4.png,ROAD_STREET,road_street,206,206,203,204,83.63,"[""B_HIGH_VALUE_PAINT""]",True,B_HIGH_VALUE_PAINT
pvg_road_street_streetlight4_5_74921ea7,res://assets/tilesets/cyber_city_core_tilesets/CyberCity_Core_Tiles_2/CyberCity_Core_Tiles_2/StreetLight4_5.png,StreetLight4_5.png,ROAD_STREET,road_street,233,240,230,238,83.51,"[""B_HIGH_VALUE_PAINT""]",True,B_HIGH_VALUE_PAINT
pvg_road_street_streetlight4_6_2c797609,res://assets/tilesets/cyber_city_core_tilesets/CyberCity_Core_Tiles_2/CyberCity_Core_Tiles_2/StreetLight4_6.png,StreetLight4_6.png,ROAD_STREET,road_street,165,193,164,192,73.05,"[""B_HIGH_VALUE_PAINT""]",True,B_HIGH_VALUE_PAINT
pvg_road_street_streetlight4_7_0d7d03a0,res://assets/tilesets/cyber_city_core_tilesets/CyberCity_Core_Tiles_2/CyberCity_Core_Tiles_2/StreetLight4_7.png,StreetLight4_7.png,ROAD_STREET,road_street,176,307,174,304,82.79,"[""B_HIGH_VALUE_PAINT""]",True,B_HIGH_VALUE_PAINT
pvg_road_street_streetlight4_8_c4ee26a3,res://assets/tilesets/cyber_city_core_tilesets/CyberCity_Core_Tiles_2/CyberCity_Core_Tiles_2/StreetLight4_8.png,StreetLight4_8.png,ROAD_STREET,road_street,188,268,186,262,83.0,"[""B_HIGH_VALUE_PAINT""]",True,B_HIGH_VALUE_PAINT
pvg_road_street_streetlighttotem1_1_94144360,res://assets/tilesets/cyber_city_core_tilesets/CyberCity_Core_Tiles_2/CyberCity_Core_Tiles_2/StreetLightTotem1_1.png,StreetLightTotem1_1.png,ROAD_STREET,road_street,209,269,207,264,60.72,"[""B_HIGH_VALUE_PAINT""]",True,B_HIGH_VALUE_PAINT
pvg_road_street_streetlighttotem1_2_84eac9e1,res://assets/tilesets/cyber_city_core_tilesets/CyberCity_Core_Tiles_2/CyberCity_Core_Tiles_2/StreetLightTotem1_2.png,StreetLightTotem1_2.png,ROAD_STREET,road_street,208,269,205,264,55.95,"[""B_HIGH_VALUE_PAINT""]",True,B_HIGH_VALUE_PAINT
pvg_road_street_streetlighttotem1_3_e9b6cf9a,res://assets/tilesets/cyber_city_core_tilesets/CyberCity_Core_Tiles_2/CyberCity_Core_Tiles_2/StreetLightTotem1_3.png,StreetLightTotem1_3.png,ROAD_STREET,road_street,211,253,206,246,60.61,"[""B_HIGH_VALUE_PAINT""]",True,B_HIGH_VALUE_PAINT
pvg_road_street_streetlighttotem1_4_b7d99511,res://assets/tilesets/cyber_city_core_tilesets/CyberCity_Core_Tiles_2/CyberCity_Core_Tiles_2/StreetLightTotem1_4.png,StreetLightTotem1_4.png,ROAD_STREET,road_street,208,252,206,247,52.83,"[""B_HIGH_VALUE_PAINT""]",True,B_HIGH_VALUE_PAINT
pvg_road_street_streetlighttotem1_5_9ca9efc4,res://assets/tilesets/cyber_city_core_tilesets/CyberCity_Core_Tiles_2/CyberCity_Core_Tiles_2/StreetLightTotem1_5.png,StreetLightTotem1_5.png,ROAD_STREET,road_street,206,264,199,260,57.26,"[""B_HIGH_VALUE_PAINT""]",True,B_HIGH_VALUE_PAINT
pvg_road_street_streetlighttotem1_6_976b40e4,res://assets/tilesets/cyber_city_core_tilesets/CyberCity_Core_Tiles_2/CyberCity_Core_Tiles_2/StreetLightTotem1_6.png,StreetLightTotem1_6.png,ROAD_STREET,road_street,211,265,206,259,55.43,"[""B_HIGH_VALUE_PAINT""]",True,B_HIGH_VALUE_PAINT
pvg_road_street_streetlighttotem1_7_cfb6c55d,res://assets/tilesets/cyber_city_core_tilesets/CyberCity_Core_Tiles_2/CyberCity_Core_Tiles_2/StreetLightTotem1_7.png,StreetLightTotem1_7.png,ROAD_STREET,road_street,223,265,221,259,61.78,"[""B_HIGH_VALUE_PAINT""]",True,B_HIGH_VALUE_PAINT
pvg_road_street_streetlighttotem1_8_8421370e,res://assets/tilesets/cyber_city_core_tilesets/CyberCity_Core_Tiles_2/CyberCity_Core_Tiles_2/StreetLightTotem1_8.png,StreetLightTotem1_8.png,ROAD_STREET,road_street,186,277,184,275,54.87,"[""B_HIGH_VALUE_PAINT""]",True,B_HIGH_VALUE_PAINT
pvg_road_street_streetpole1_1_980922c2,res://assets/tilesets/cyber_city_core_tilesets/CyberCity_Core_Tiles_2/CyberCity_Core_Tiles_2/StreetPole1_1.png,StreetPole1_1.png,ROAD_STREET,road_street,279,407,273,402,77.58,"[""B_HIGH_VALUE_PAINT""]",True,B_HIGH_VALUE_PAINT
pvg_road_street_streetpole1_2_90c34156,res://assets/tilesets/cyber_city_core_tilesets/CyberCity_Core_Tiles_2/CyberCity_Core_Tiles_2/StreetPole1_2.png,StreetPole1_2.png,ROAD_STREET,road_street,262,460,255,456,76.2,"[""B_HIGH_VALUE_PAINT""]",True,B_HIGH_VALUE_PAINT
pvg_road_street_streetpole1_3_2e001d69,res://assets/tilesets/cyber_city_core_tilesets/CyberCity_Core_Tiles_2/CyberCity_Core_Tiles_2/StreetPole1_3.png,StreetPole1_3.png,ROAD_STREET,road_street,276,418,273,414,78.56,"[""B_HIGH_VALUE_PAINT""]",True,B_HIGH_VALUE_PAINT
pvg_road_street_streetpole1_4_fe409b8b,res://assets/tilesets/cyber_city_core_tilesets/CyberCity_Core_Tiles_2/CyberCity_Core_Tiles_2/StreetPole1_4.png,StreetPole1_4.png,ROAD_STREET,road_street,260,404,255,401,74.11,"[""B_HIGH_VALUE_PAINT""]",True,B_HIGH_VALUE_PAINT
pvg_road_street_streetpole1_5_ec04dda5,res://assets/tilesets/cyber_city_core_tilesets/CyberCity_Core_Tiles_2/CyberCity_Core_Tiles_2/StreetPole1_5.png,StreetPole1_5.png,ROAD_STREET,road_street,266,428,264,423,75.21,"[""B_HIGH_VALUE_PAINT""]",True,B_HIGH_VALUE_PAINT
pvg_road_street_streetpole1_6_79f4e905,res://assets/tilesets/cyber_city_core_tilesets/CyberCity_Core_Tiles_2/CyberCity_Core_Tiles_2/StreetPole1_6.png,StreetPole1_6.png,ROAD_STREET,road_street,267,407,265,401,75.57,"[""B_HIGH_VALUE_PAINT""]",True,B_HIGH_VALUE_PAINT
pvg_road_street_streetpole1_7_f9244da6,res://assets/tilesets/cyber_city_core_tilesets/CyberCity_Core_Tiles_2/CyberCity_Core_Tiles_2/StreetPole1_7.png,StreetPole1_7.png,ROAD_STREET,road_street,272,438,265,432,77.4,"[""B_HIGH_VALUE_PAINT""]",True,B_HIGH_VALUE_PAINT
pvg_road_street_streetpole1_8_be34d07a,res://assets/tilesets/cyber_city_core_tilesets/CyberCity_Core_Tiles_2/CyberCity_Core_Tiles_2/StreetPole1_8.png,StreetPole1_8.png,ROAD_STREET,road_street,258,407,256,402,73.92,"[""B_HIGH_VALUE_PAINT""]",True,B_HIGH_VALUE_PAINT
pvg_tileset_atlas_subwayplatform1_1_1fc7464a,res://assets/tilesets/cyber_city_core_tilesets/CyberCity_Core_Tiles_2/CyberCity_Core_Tiles_2/SubwayPlatform1_1.png,SubwayPlatform1_1.png,TILESET_ATLAS,atlas_or_large_sheet,3525,629,3515,618,10.77,"[""A_PRIMARY_ATLAS"", ""C_LARGE_OBJECT_PAINT""]",True,"A_PRIMARY_ATLAS, C_LARGE_OBJECT_PAINT"
pvg_tileset_atlas_subwayplatform1_2_6c414921,res://assets/tilesets/cyber_city_core_tilesets/CyberCity_Core_Tiles_2/CyberCity_Core_Tiles_2/SubwayPlatform1_2.png,SubwayPlatform1_2.png,TILESET_ATLAS,atlas_or_large_sheet,560,2642,549,2631,22.76,"[""A_PRIMARY_ATLAS"", ""C_LARGE_OBJECT_PAINT""]",True,"A_PRIMARY_ATLAS, C_LARGE_OBJECT_PAINT"
pvg_tileset_atlas_subwayplatform1_3_88b7f346,res://assets/tilesets/cyber_city_core_tilesets/CyberCity_Core_Tiles_2/CyberCity_Core_Tiles_2/SubwayPlatform1_3.png,SubwayPlatform1_3.png,TILESET_ATLAS,atlas_or_large_sheet,3526,631,3514,620,16.09,"[""A_PRIMARY_ATLAS"", ""C_LARGE_OBJECT_PAINT""]",True,"A_PRIMARY_ATLAS, C_LARGE_OBJECT_PAINT"
pvg_tileset_atlas_subwayplatform1_4_aeb82fe1,res://assets/tilesets/cyber_city_core_tilesets/CyberCity_Core_Tiles_2/CyberCity_Core_Tiles_2/SubwayPlatform1_4.png,SubwayPlatform1_4.png,TILESET_ATLAS,atlas_or_large_sheet,558,2642,549,2631,22.47,"[""A_PRIMARY_ATLAS"", ""C_LARGE_OBJECT_PAINT""]",True,"A_PRIMARY_ATLAS, C_LARGE_OBJECT_PAINT"
pvg_tileset_atlas_subwayplatform1_5_c205a54c,res://assets/tilesets/cyber_city_core_tilesets/CyberCity_Core_Tiles_2/CyberCity_Core_Tiles_2/SubwayPlatform1_5.png,SubwayPlatform1_5.png,TILESET_ATLAS,atlas_or_large_sheet,2804,2125,2792,2118,71.44,"[""A_PRIMARY_ATLAS"", ""C_LARGE_OBJECT_PAINT""]",True,"A_PRIMARY_ATLAS, C_LARGE_OBJECT_PAINT"
pvg_tileset_atlas_subwayplatform1_6_7aa9dc89,res://assets/tilesets/cyber_city_core_tilesets/CyberCity_Core_Tiles_2/CyberCity_Core_Tiles_2/SubwayPlatform1_6.png,SubwayPlatform1_6.png,TILESET_ATLAS,atlas_or_large_sheet,2799,2128,2789,2121,71.45,"[""A_PRIMARY_ATLAS"", ""C_LARGE_OBJECT_PAINT""]",True,"A_PRIMARY_ATLAS, C_LARGE_OBJECT_PAINT"
pvg_tileset_atlas_subwayplatform1_7_41071ce5,res://assets/tilesets/cyber_city_core_tilesets/CyberCity_Core_Tiles_2/CyberCity_Core_Tiles_2/SubwayPlatform1_7.png,SubwayPlatform1_7.png,TILESET_ATLAS,atlas_or_large_sheet,2800,2146,2788,2137,72.81,"[""A_PRIMARY_ATLAS"", ""C_LARGE_OBJECT_PAINT""]",True,"A_PRIMARY_ATLAS, C_LARGE_OBJECT_PAINT"
pvg_tileset_atlas_subwayplatform1_8_03eee5bc,res://assets/tilesets/cyber_city_core_tilesets/CyberCity_Core_Tiles_2/CyberCity_Core_Tiles_2/SubwayPlatform1_8.png,SubwayPlatform1_8.png,TILESET_ATLAS,atlas_or_large_sheet,2804,2140,2792,2134,72.76,"[""A_PRIMARY_ATLAS"", ""C_LARGE_OBJECT_PAINT""]",True,"A_PRIMARY_ATLAS, C_LARGE_OBJECT_PAINT"
pvg_unknown_review_subwayplatform2_1_2bb61066,res://assets/tilesets/cyber_city_core_tilesets/CyberCity_Core_Tiles_2/CyberCity_Core_Tiles_2/SubwayPlatform2_1.png,SubwayPlatform2_1.png,UNKNOWN_REVIEW,review,438,452,427,446,11.23,"[""C_LARGE_OBJECT_PAINT""]",True,C_LARGE_OBJECT_PAINT
pvg_tileset_atlas_subwayplatform2_2_eff187fd,res://assets/tilesets/cyber_city_core_tilesets/CyberCity_Core_Tiles_2/CyberCity_Core_Tiles_2/SubwayPlatform2_2.png,SubwayPlatform2_2.png,TILESET_ATLAS,atlas_or_large_sheet,553,358,542,348,6.06,"[""A_PRIMARY_ATLAS"", ""C_LARGE_OBJECT_PAINT""]",True,"A_PRIMARY_ATLAS, C_LARGE_OBJECT_PAINT"
pvg_tileset_atlas_subwayplatform2_3_fec26971,res://assets/tilesets/cyber_city_core_tilesets/CyberCity_Core_Tiles_2/CyberCity_Core_Tiles_2/SubwayPlatform2_3.png,SubwayPlatform2_3.png,TILESET_ATLAS,atlas_or_large_sheet,679,528,673,526,48.3,"[""A_PRIMARY_ATLAS"", ""C_LARGE_OBJECT_PAINT""]",True,"A_PRIMARY_ATLAS, C_LARGE_OBJECT_PAINT"
pvg_tileset_atlas_subwayplatform2_4_84a927b3,res://assets/tilesets/cyber_city_core_tilesets/CyberCity_Core_Tiles_2/CyberCity_Core_Tiles_2/SubwayPlatform2_4.png,SubwayPlatform2_4.png,TILESET_ATLAS,atlas_or_large_sheet,678,530,673,526,49.44,"[""A_PRIMARY_ATLAS"", ""C_LARGE_OBJECT_PAINT""]",True,"A_PRIMARY_ATLAS, C_LARGE_OBJECT_PAINT"
pvg_unknown_review_subwayplatformrail1_1_5ff2e281,res://assets/tilesets/cyber_city_core_tilesets/CyberCity_Core_Tiles_2/CyberCity_Core_Tiles_2/SubwayPlatformRail1_1.png,SubwayPlatformRail1_1.png,UNKNOWN_REVIEW,review,120,54,118,47,41.88,"[""C_LARGE_OBJECT_PAINT""]",True,C_LARGE_OBJECT_PAINT
pvg_unknown_review_subwayplatformrail1_2_545f1055,res://assets/tilesets/cyber_city_core_tilesets/CyberCity_Core_Tiles_2/CyberCity_Core_Tiles_2/SubwayPlatformRail1_2.png,SubwayPlatformRail1_2.png,UNKNOWN_REVIEW,review,37,114,27,113,50.24,"[""C_LARGE_OBJECT_PAINT""]",True,C_LARGE_OBJECT_PAINT
pvg_unknown_review_subwayplatformrail1_3_73d7ad66,res://assets/tilesets/cyber_city_core_tilesets/CyberCity_Core_Tiles_2/CyberCity_Core_Tiles_2/SubwayPlatformRail1_3.png,SubwayPlatformRail1_3.png,UNKNOWN_REVIEW,review,120,53,118,49,40.5,"[""C_LARGE_OBJECT_PAINT""]",True,C_LARGE_OBJECT_PAINT
pvg_unknown_review_subwayplatformrail1_4_cf88b5e8,res://assets/tilesets/cyber_city_core_tilesets/CyberCity_Core_Tiles_2/CyberCity_Core_Tiles_2/SubwayPlatformRail1_4.png,SubwayPlatformRail1_4.png,UNKNOWN_REVIEW,review,27,118,21,113,41.24,"[""C_LARGE_OBJECT_PAINT""]",True,C_LARGE_OBJECT_PAINT
pvg_unknown_review_subwayplatformrail1_5_4b9df451,res://assets/tilesets/cyber_city_core_tilesets/CyberCity_Core_Tiles_2/CyberCity_Core_Tiles_2/SubwayPlatformRail1_5.png,SubwayPlatformRail1_5.png,UNKNOWN_REVIEW,review,97,95,90,94,65.09,"[""C_LARGE_OBJECT_PAINT""]",True,C_LARGE_OBJECT_PAINT
pvg_unknown_review_subwayplatformrail1_6_b3441b69,res://assets/tilesets/cyber_city_core_tilesets/CyberCity_Core_Tiles_2/CyberCity_Core_Tiles_2/SubwayPlatformRail1_6.png,SubwayPlatformRail1_6.png,UNKNOWN_REVIEW,review,94,98,88,93,67.89,"[""C_LARGE_OBJECT_PAINT""]",True,C_LARGE_OBJECT_PAINT
pvg_unknown_review_subwayplatformrail1_7_131fb8e7,res://assets/tilesets/cyber_city_core_tilesets/CyberCity_Core_Tiles_2/CyberCity_Core_Tiles_2/SubwayPlatformRail1_7.png,SubwayPlatformRail1_7.png,UNKNOWN_REVIEW,review,97,96,90,94,63.56,"[""C_LARGE_OBJECT_PAINT""]",True,C_LARGE_OBJECT_PAINT
pvg_unknown_review_subwayplatformrail1_8_ad63208e,res://assets/tilesets/cyber_city_core_tilesets/CyberCity_Core_Tiles_2/CyberCity_Core_Tiles_2/SubwayPlatformRail1_8.png,SubwayPlatformRail1_8.png,UNKNOWN_REVIEW,review,91,95,89,93,64.09,"[""C_LARGE_OBJECT_PAINT""]",True,C_LARGE_OBJECT_PAINT
pvg_unknown_review_subwayplatformrail2_1_01d9959b,res://assets/tilesets/cyber_city_core_tilesets/CyberCity_Core_Tiles_2/CyberCity_Core_Tiles_2/SubwayPlatformRail2_1.png,SubwayPlatformRail2_1.png,UNKNOWN_REVIEW,review,119,51,118,48,23.99,"[""C_LARGE_OBJECT_PAINT""]",True,C_LARGE_OBJECT_PAINT
pvg_unknown_review_subwayplatformrail2_2_6722be3f,res://assets/tilesets/cyber_city_core_tilesets/CyberCity_Core_Tiles_2/CyberCity_Core_Tiles_2/SubwayPlatformRail2_2.png,SubwayPlatformRail2_2.png,UNKNOWN_REVIEW,review,31,115,28,113,34.67,"[""C_LARGE_OBJECT_PAINT""]",True,C_LARGE_OBJECT_PAINT
pvg_unknown_review_subwayplatformrail2_3_959eeb3d,res://assets/tilesets/cyber_city_core_tilesets/CyberCity_Core_Tiles_2/CyberCity_Core_Tiles_2/SubwayPlatformRail2_3.png,SubwayPlatformRail2_3.png,UNKNOWN_REVIEW,review,124,55,118,49,30.35,"[""C_LARGE_OBJECT_PAINT""]",True,C_LARGE_OBJECT_PAINT
pvg_unknown_review_subwayplatformrail2_4_cf3ca3b0,res://assets/tilesets/cyber_city_core_tilesets/CyberCity_Core_Tiles_2/CyberCity_Core_Tiles_2/SubwayPlatformRail2_4.png,SubwayPlatformRail2_4.png,UNKNOWN_REVIEW,review,27,114,22,113,35.32,"[""C_LARGE_OBJECT_PAINT""]",True,C_LARGE_OBJECT_PAINT
pvg_unknown_review_subwayplatformrail2_5_0f817235,res://assets/tilesets/cyber_city_core_tilesets/CyberCity_Core_Tiles_2/CyberCity_Core_Tiles_2/SubwayPlatformRail2_5.png,SubwayPlatformRail2_5.png,UNKNOWN_REVIEW,review,94,96,90,94,59.24,"[""C_LARGE_OBJECT_PAINT""]",True,C_LARGE_OBJECT_PAINT
pvg_unknown_review_subwayplatformrail2_6_9a3ab022,res://assets/tilesets/cyber_city_core_tilesets/CyberCity_Core_Tiles_2/CyberCity_Core_Tiles_2/SubwayPlatformRail2_6.png,SubwayPlatformRail2_6.png,UNKNOWN_REVIEW,review,94,95,88,94,60.06,"[""C_LARGE_OBJECT_PAINT""]",True,C_LARGE_OBJECT_PAINT
pvg_unknown_review_subwayplatformrail2_7_b50d5542,res://assets/tilesets/cyber_city_core_tilesets/CyberCity_Core_Tiles_2/CyberCity_Core_Tiles_2/SubwayPlatformRail2_7.png,SubwayPlatformRail2_7.png,UNKNOWN_REVIEW,review,92,96,91,94,56.42,"[""C_LARGE_OBJECT_PAINT""]",True,C_LARGE_OBJECT_PAINT
pvg_unknown_review_subwayplatformrail2_8_5cf3a85b,res://assets/tilesets/cyber_city_core_tilesets/CyberCity_Core_Tiles_2/CyberCity_Core_Tiles_2/SubwayPlatformRail2_8.png,SubwayPlatformRail2_8.png,UNKNOWN_REVIEW,review,89,95,88,94,52.44,"[""C_LARGE_OBJECT_PAINT""]",True,C_LARGE_OBJECT_PAINT
pvg_unknown_review_subwayplatformrailway1_1_05f2bc09,res://assets/tilesets/cyber_city_core_tilesets/CyberCity_Core_Tiles_2/CyberCity_Core_Tiles_2/SubwayPlatformRailway1_1.png,SubwayPlatformRailway1_1.png,UNKNOWN_REVIEW,review,299,399,287,390,8.88,"[""C_LARGE_OBJECT_PAINT""]",True,C_LARGE_OBJECT_PAINT
pvg_tileset_atlas_subwayplatformrailway1_2_9ac476e2,res://assets/tilesets/cyber_city_core_tilesets/CyberCity_Core_Tiles_2/CyberCity_Core_Tiles_2/SubwayPlatformRailway1_2.png,SubwayPlatformRailway1_2.png,TILESET_ATLAS,atlas_or_large_sheet,542,215,530,203,7.67,"[""A_PRIMARY_ATLAS"", ""C_LARGE_OBJECT_PAINT""]",True,"A_PRIMARY_ATLAS, C_LARGE_OBJECT_PAINT"
pvg_unknown_review_subwayplatformrailway1_3_00708692,res://assets/tilesets/cyber_city_core_tilesets/CyberCity_Core_Tiles_2/CyberCity_Core_Tiles_2/SubwayPlatformRailway1_3.png,SubwayPlatformRailway1_3.png,UNKNOWN_REVIEW,review,298,256,287,252,9.6,"[""C_LARGE_OBJECT_PAINT""]",True,C_LARGE_OBJECT_PAINT
pvg_tileset_atlas_subwayplatformrailway1_4_595530a0,res://assets/tilesets/cyber_city_core_tilesets/CyberCity_Core_Tiles_2/CyberCity_Core_Tiles_2/SubwayPlatformRailway1_4.png,SubwayPlatformRailway1_4.png,TILESET_ATLAS,atlas_or_large_sheet,542,214,531,204,6.61,"[""A_PRIMARY_ATLAS"", ""C_LARGE_OBJECT_PAINT""]",True,"A_PRIMARY_ATLAS, C_LARGE_OBJECT_PAINT"
pvg_tileset_atlas_subwayplatformrailway1_5_6c060fb9,res://assets/tilesets/cyber_city_core_tilesets/CyberCity_Core_Tiles_2/CyberCity_Core_Tiles_2/SubwayPlatformRailway1_5.png,SubwayPlatformRailway1_5.png,TILESET_ATLAS,atlas_or_large_sheet,577,410,576,408,54.25,"[""A_PRIMARY_ATLAS"", ""C_LARGE_OBJECT_PAINT""]",True,"A_PRIMARY_ATLAS, C_LARGE_OBJECT_PAINT"
pvg_tileset_atlas_subwayplatformrailway1_6_3314db4a,res://assets/tilesets/cyber_city_core_tilesets/CyberCity_Core_Tiles_2/CyberCity_Core_Tiles_2/SubwayPlatformRailway1_6.png,SubwayPlatformRailway1_6.png,TILESET_ATLAS,atlas_or_large_sheet,578,415,576,408,54.88,"[""A_PRIMARY_ATLAS"", ""C_LARGE_OBJECT_PAINT""]",True,"A_PRIMARY_ATLAS, C_LARGE_OBJECT_PAINT"
pvg_tileset_atlas_subwayplatformrailway1_7_08ebc7c4,res://assets/tilesets/cyber_city_core_tilesets/CyberCity_Core_Tiles_2/CyberCity_Core_Tiles_2/SubwayPlatformRailway1_7.png,SubwayPlatformRailway1_7.png,TILESET_ATLAS,atlas_or_large_sheet,577,363,576,362,49.77,"[""A_PRIMARY_ATLAS"", ""C_LARGE_OBJECT_PAINT""]",True,"A_PRIMARY_ATLAS, C_LARGE_OBJECT_PAINT"
pvg_tileset_atlas_subwayplatformrailway1_8_ecaebae0,res://assets/tilesets/cyber_city_core_tilesets/CyberCity_Core_Tiles_2/CyberCity_Core_Tiles_2/SubwayPlatformRailway1_8.png,SubwayPlatformRailway1_8.png,TILESET_ATLAS,atlas_or_large_sheet,577,335,577,334,48.02,"[""A_PRIMARY_ATLAS"", ""C_LARGE_OBJECT_PAINT""]",True,"A_PRIMARY_ATLAS, C_LARGE_OBJECT_PAINT"
pvg_tileset_atlas_subwayrail1_1_7e88cde0,res://assets/tilesets/cyber_city_core_tilesets/CyberCity_Core_Tiles_2/CyberCity_Core_Tiles_2/SubwayRail1_1.png,SubwayRail1_1.png,TILESET_ATLAS,atlas_or_large_sheet,293,1456,281,1447,5.41,"[""A_PRIMARY_ATLAS"", ""C_LARGE_OBJECT_PAINT""]",True,"A_PRIMARY_ATLAS, C_LARGE_OBJECT_PAINT"
pvg_tileset_atlas_subwayrail1_2_8c19d636,res://assets/tilesets/cyber_city_core_tilesets/CyberCity_Core_Tiles_2/CyberCity_Core_Tiles_2/SubwayRail1_2.png,SubwayRail1_2.png,TILESET_ATLAS,atlas_or_large_sheet,2037,210,2025,199,5.8,"[""A_PRIMARY_ATLAS"", ""C_LARGE_OBJECT_PAINT""]",True,"A_PRIMARY_ATLAS, C_LARGE_OBJECT_PAINT"
pvg_tileset_atlas_subwayrail1_3_6dbe9518,res://assets/tilesets/cyber_city_core_tilesets/CyberCity_Core_Tiles_2/CyberCity_Core_Tiles_2/SubwayRail1_3.png,SubwayRail1_3.png,TILESET_ATLAS,atlas_or_large_sheet,293,1454,281,1446,5.34,"[""A_PRIMARY_ATLAS"", ""C_LARGE_OBJECT_PAINT""]",True,"A_PRIMARY_ATLAS, C_LARGE_OBJECT_PAINT"
pvg_tileset_atlas_subwayrail1_4_13833f83,res://assets/tilesets/cyber_city_core_tilesets/CyberCity_Core_Tiles_2/CyberCity_Core_Tiles_2/SubwayRail1_4.png,SubwayRail1_4.png,TILESET_ATLAS,atlas_or_large_sheet,2037,210,2025,200,5.64,"[""A_PRIMARY_ATLAS"", ""C_LARGE_OBJECT_PAINT""]",True,"A_PRIMARY_ATLAS, C_LARGE_OBJECT_PAINT"
pvg_tileset_atlas_subwayrail1_5_60993e2c,res://assets/tilesets/cyber_city_core_tilesets/CyberCity_Core_Tiles_2/CyberCity_Core_Tiles_2/SubwayRail1_5.png,SubwayRail1_5.png,TILESET_ATLAS,atlas_or_large_sheet,1632,1158,1629,1152,78.67,"[""A_PRIMARY_ATLAS"", ""C_LARGE_OBJECT_PAINT""]",True,"A_PRIMARY_ATLAS, C_LARGE_OBJECT_PAINT"
pvg_tileset_atlas_subwayrail1_6_7c4d729d,res://assets/tilesets/cyber_city_core_tilesets/CyberCity_Core_Tiles_2/CyberCity_Core_Tiles_2/SubwayRail1_6.png,SubwayRail1_6.png,TILESET_ATLAS,atlas_or_large_sheet,1635,1157,1629,1152,78.69,"[""A_PRIMARY_ATLAS"", ""C_LARGE_OBJECT_PAINT""]",True,"A_PRIMARY_ATLAS, C_LARGE_OBJECT_PAINT"
pvg_tileset_atlas_subwayrail1_7_8c76c282,res://assets/tilesets/cyber_city_core_tilesets/CyberCity_Core_Tiles_2/CyberCity_Core_Tiles_2/SubwayRail1_7.png,SubwayRail1_7.png,TILESET_ATLAS,atlas_or_large_sheet,1638,1158,1630,1153,78.75,"[""A_PRIMARY_ATLAS"", ""C_LARGE_OBJECT_PAINT""]",True,"A_PRIMARY_ATLAS, C_LARGE_OBJECT_PAINT"
pvg_tileset_atlas_subwayrail1_8_c1f0b463,res://assets/tilesets/cyber_city_core_tilesets/CyberCity_Core_Tiles_2/CyberCity_Core_Tiles_2/SubwayRail1_8.png,SubwayRail1_8.png,TILESET_ATLAS,atlas_or_large_sheet,1635,1162,1629,1153,78.78,"[""A_PRIMARY_ATLAS"", ""C_LARGE_OBJECT_PAINT""]",True,"A_PRIMARY_ATLAS, C_LARGE_OBJECT_PAINT"
pvg_tileset_atlas_subwaywall1_1_48b0071f,res://assets/tilesets/cyber_city_core_tilesets/CyberCity_Core_Tiles_2/CyberCity_Core_Tiles_2/SubwayWall1_1.png,SubwayWall1_1.png,TILESET_ATLAS,atlas_or_large_sheet,373,2430,361,2420,65.06,"[""A_PRIMARY_ATLAS"", ""B_HIGH_VALUE_PAINT""]",True,"A_PRIMARY_ATLAS, B_HIGH_VALUE_PAINT"
pvg_tileset_atlas_subwaywall1_2_f35aa84c,res://assets/tilesets/cyber_city_core_tilesets/CyberCity_Core_Tiles_2/CyberCity_Core_Tiles_2/SubwayWall1_2.png,SubwayWall1_2.png,TILESET_ATLAS,atlas_or_large_sheet,3151,361,3142,349,32.85,"[""A_PRIMARY_ATLAS"", ""B_HIGH_VALUE_PAINT""]",True,"A_PRIMARY_ATLAS, B_HIGH_VALUE_PAINT"
pvg_tileset_atlas_subwaywall1_3_302057cf,res://assets/tilesets/cyber_city_core_tilesets/CyberCity_Core_Tiles_2/CyberCity_Core_Tiles_2/SubwayWall1_3.png,SubwayWall1_3.png,TILESET_ATLAS,atlas_or_large_sheet,384,2431,374,2422,63.22,"[""A_PRIMARY_ATLAS"", ""B_HIGH_VALUE_PAINT""]",True,"A_PRIMARY_ATLAS, B_HIGH_VALUE_PAINT"
pvg_tileset_atlas_subwaywall1_4_653869f4,res://assets/tilesets/cyber_city_core_tilesets/CyberCity_Core_Tiles_2/CyberCity_Core_Tiles_2/SubwayWall1_4.png,SubwayWall1_4.png,TILESET_ATLAS,atlas_or_large_sheet,3148,469,3142,462,39.0,"[""A_PRIMARY_ATLAS"", ""B_HIGH_VALUE_PAINT""]",True,"A_PRIMARY_ATLAS, B_HIGH_VALUE_PAINT"
pvg_tileset_atlas_subwaywall1_5_d6a9c4ca,res://assets/tilesets/cyber_city_core_tilesets/CyberCity_Core_Tiles_2/CyberCity_Core_Tiles_2/SubwayWall1_5.png,SubwayWall1_5.png,TILESET_ATLAS,atlas_or_large_sheet,2267,1800,2261,1792,86.7,"[""A_PRIMARY_ATLAS"", ""B_HIGH_VALUE_PAINT""]",True,"A_PRIMARY_ATLAS, B_HIGH_VALUE_PAINT"
pvg_tileset_atlas_subwaywall1_6_f002cd7d,res://assets/tilesets/cyber_city_core_tilesets/CyberCity_Core_Tiles_2/CyberCity_Core_Tiles_2/SubwayWall1_6.png,SubwayWall1_6.png,TILESET_ATLAS,atlas_or_large_sheet,2265,1810,2259,1805,82.94,"[""A_PRIMARY_ATLAS"", ""B_HIGH_VALUE_PAINT""]",True,"A_PRIMARY_ATLAS, B_HIGH_VALUE_PAINT"
pvg_tileset_atlas_subwaywall1_7_ebfa27f2,res://assets/tilesets/cyber_city_core_tilesets/CyberCity_Core_Tiles_2/CyberCity_Core_Tiles_2/SubwayWall1_7.png,SubwayWall1_7.png,TILESET_ATLAS,atlas_or_large_sheet,2281,1801,2273,1793,85.83,"[""A_PRIMARY_ATLAS"", ""B_HIGH_VALUE_PAINT""]",True,"A_PRIMARY_ATLAS, B_HIGH_VALUE_PAINT"
pvg_tileset_atlas_subwaywall1_8_62cf1f7d,res://assets/tilesets/cyber_city_core_tilesets/CyberCity_Core_Tiles_2/CyberCity_Core_Tiles_2/SubwayWall1_8.png,SubwayWall1_8.png,TILESET_ATLAS,atlas_or_large_sheet,2279,1810,2273,1806,82.92,"[""A_PRIMARY_ATLAS"", ""B_HIGH_VALUE_PAINT""]",True,"A_PRIMARY_ATLAS, B_HIGH_VALUE_PAINT"
pvg_tileset_atlas_subwaywall2_1_4f1dfe15,res://assets/tilesets/cyber_city_core_tilesets/CyberCity_Core_Tiles_2/CyberCity_Core_Tiles_2/SubwayWall2_1.png,SubwayWall2_1.png,TILESET_ATLAS,atlas_or_large_sheet,530,257,519,246,6.7,"[""A_PRIMARY_ATLAS"", ""B_HIGH_VALUE_PAINT""]",True,"A_PRIMARY_ATLAS, B_HIGH_VALUE_PAINT"
pvg_tileset_atlas_subwaywall2_2_5af4c5c1,res://assets/tilesets/cyber_city_core_tilesets/CyberCity_Core_Tiles_2/CyberCity_Core_Tiles_2/SubwayWall2_2.png,SubwayWall2_2.png,TILESET_ATLAS,atlas_or_large_sheet,73,587,62,580,25.13,"[""A_PRIMARY_ATLAS"", ""B_HIGH_VALUE_PAINT""]",True,"A_PRIMARY_ATLAS, B_HIGH_VALUE_PAINT"
pvg_tileset_atlas_subwaywall2_3_2c51f302,res://assets/tilesets/cyber_city_core_tilesets/CyberCity_Core_Tiles_2/CyberCity_Core_Tiles_2/SubwayWall2_3.png,SubwayWall2_3.png,TILESET_ATLAS,atlas_or_large_sheet,530,261,519,254,15.81,"[""A_PRIMARY_ATLAS"", ""B_HIGH_VALUE_PAINT""]",True,"A_PRIMARY_ATLAS, B_HIGH_VALUE_PAINT"
pvg_tileset_atlas_subwaywall2_4_952a6831,res://assets/tilesets/cyber_city_core_tilesets/CyberCity_Core_Tiles_2/CyberCity_Core_Tiles_2/SubwayWall2_4.png,SubwayWall2_4.png,TILESET_ATLAS,atlas_or_large_sheet,71,591,62,580,23.43,"[""A_PRIMARY_ATLAS"", ""B_HIGH_VALUE_PAINT""]",True,"A_PRIMARY_ATLAS, B_HIGH_VALUE_PAINT"
pvg_wall_side_subwaywall2_5_bcf98c8a,res://assets/tilesets/cyber_city_core_tilesets/CyberCity_Core_Tiles_2/CyberCity_Core_Tiles_2/SubwayWall2_5.png,SubwayWall2_5.png,WALL_SIDE,wall_piece,415,495,408,493,50.8,"[""B_HIGH_VALUE_PAINT""]",True,B_HIGH_VALUE_PAINT
pvg_wall_side_subwaywall2_6_f674ee37,res://assets/tilesets/cyber_city_core_tilesets/CyberCity_Core_Tiles_2/CyberCity_Core_Tiles_2/SubwayWall2_6.png,SubwayWall2_6.png,WALL_SIDE,wall_piece,417,502,409,494,51.7,"[""B_HIGH_VALUE_PAINT""]",True,B_HIGH_VALUE_PAINT
pvg_wall_side_subwaywall2_7_697a1b4a,res://assets/tilesets/cyber_city_core_tilesets/CyberCity_Core_Tiles_2/CyberCity_Core_Tiles_2/SubwayWall2_7.png,SubwayWall2_7.png,WALL_SIDE,wall_piece,415,504,408,500,56.41,"[""B_HIGH_VALUE_PAINT""]",True,B_HIGH_VALUE_PAINT
pvg_wall_side_subwaywall2_8_e310073a,res://assets/tilesets/cyber_city_core_tilesets/CyberCity_Core_Tiles_2/CyberCity_Core_Tiles_2/SubwayWall2_8.png,SubwayWall2_8.png,WALL_SIDE,wall_piece,414,505,408,499,56.38,"[""B_HIGH_VALUE_PAINT""]",True,B_HIGH_VALUE_PAINT
pvg_tileset_atlas_subwaywall3_1_8c06bd81,res://assets/tilesets/cyber_city_core_tilesets/CyberCity_Core_Tiles_2/CyberCity_Core_Tiles_2/SubwayWall3_1.png,SubwayWall3_1.png,TILESET_ATLAS,atlas_or_large_sheet,524,363,515,353,8.71,"[""A_PRIMARY_ATLAS"", ""B_HIGH_VALUE_PAINT""]",True,"A_PRIMARY_ATLAS, B_HIGH_VALUE_PAINT"
pvg_tileset_atlas_subwaywall3_2_5012bfd1,res://assets/tilesets/cyber_city_core_tilesets/CyberCity_Core_Tiles_2/CyberCity_Core_Tiles_2/SubwayWall3_2.png,SubwayWall3_2.png,TILESET_ATLAS,atlas_or_large_sheet,68,705,57,700,33.82,"[""A_PRIMARY_ATLAS"", ""B_HIGH_VALUE_PAINT""]",True,"A_PRIMARY_ATLAS, B_HIGH_VALUE_PAINT"
pvg_tileset_atlas_subwaywall3_3_737ca000,res://assets/tilesets/cyber_city_core_tilesets/CyberCity_Core_Tiles_2/CyberCity_Core_Tiles_2/SubwayWall3_3.png,SubwayWall3_3.png,TILESET_ATLAS,atlas_or_large_sheet,524,380,515,371,8.69,"[""A_PRIMARY_ATLAS"", ""B_HIGH_VALUE_PAINT""]",True,"A_PRIMARY_ATLAS, B_HIGH_VALUE_PAINT"
pvg_tileset_atlas_subwaywall3_4_8978bba8,res://assets/tilesets/cyber_city_core_tilesets/CyberCity_Core_Tiles_2/CyberCity_Core_Tiles_2/SubwayWall3_4.png,SubwayWall3_4.png,TILESET_ATLAS,atlas_or_large_sheet,68,703,58,697,33.39,"[""A_PRIMARY_ATLAS"", ""B_HIGH_VALUE_PAINT""]",True,"A_PRIMARY_ATLAS, B_HIGH_VALUE_PAINT"
pvg_tileset_atlas_subwaywall3_5_794a3a52,res://assets/tilesets/cyber_city_core_tilesets/CyberCity_Core_Tiles_2/CyberCity_Core_Tiles_2/SubwayWall3_5.png,SubwayWall3_5.png,TILESET_ATLAS,atlas_or_large_sheet,402,602,394,598,46.89,"[""A_PRIMARY_ATLAS"", ""B_HIGH_VALUE_PAINT""]",True,"A_PRIMARY_ATLAS, B_HIGH_VALUE_PAINT"
pvg_tileset_atlas_subwaywall3_6_481a8f18,res://assets/tilesets/cyber_city_core_tilesets/CyberCity_Core_Tiles_2/CyberCity_Core_Tiles_2/SubwayWall3_6.png,SubwayWall3_6.png,TILESET_ATLAS,atlas_or_large_sheet,402,605,397,600,47.14,"[""A_PRIMARY_ATLAS"", ""B_HIGH_VALUE_PAINT""]",True,"A_PRIMARY_ATLAS, B_HIGH_VALUE_PAINT"
pvg_tileset_atlas_subwaywall3_7_75bb410e,res://assets/tilesets/cyber_city_core_tilesets/CyberCity_Core_Tiles_2/CyberCity_Core_Tiles_2/SubwayWall3_7.png,SubwayWall3_7.png,TILESET_ATLAS,atlas_or_large_sheet,400,618,397,612,43.42,"[""A_PRIMARY_ATLAS"", ""B_HIGH_VALUE_PAINT""]",True,"A_PRIMARY_ATLAS, B_HIGH_VALUE_PAINT"
pvg_tileset_atlas_subwaywall3_8_71a02ae4,res://assets/tilesets/cyber_city_core_tilesets/CyberCity_Core_Tiles_2/CyberCity_Core_Tiles_2/SubwayWall3_8.png,SubwayWall3_8.png,TILESET_ATLAS,atlas_or_large_sheet,399,617,394,614,43.22,"[""A_PRIMARY_ATLAS"", ""B_HIGH_VALUE_PAINT""]",True,"A_PRIMARY_ATLAS, B_HIGH_VALUE_PAINT"
pvg_store_tech_terminal1_1_2d8293cd,res://assets/tilesets/cyber_city_core_tilesets/CyberCity_Core_Tiles_2/CyberCity_Core_Tiles_2/Terminal1_1.png,Terminal1_1.png,STORE_TECH,terminal_kiosk,37,38,36,35,29.09,"[""C_LARGE_OBJECT_PAINT""]",True,C_LARGE_OBJECT_PAINT
pvg_store_tech_terminal1_2_cfb9ed30,res://assets/tilesets/cyber_city_core_tilesets/CyberCity_Core_Tiles_2/CyberCity_Core_Tiles_2/Terminal1_2.png,Terminal1_2.png,STORE_TECH,terminal_kiosk,28,46,24,43,47.2,"[""C_LARGE_OBJECT_PAINT""]",True,C_LARGE_OBJECT_PAINT
pvg_store_tech_terminal1_3_639e575f,res://assets/tilesets/cyber_city_core_tilesets/CyberCity_Core_Tiles_2/CyberCity_Core_Tiles_2/Terminal1_3.png,Terminal1_3.png,STORE_TECH,terminal_kiosk,37,38,36,32,37.06,"[""C_LARGE_OBJECT_PAINT""]",True,C_LARGE_OBJECT_PAINT
pvg_store_tech_terminal1_4_1eadad88,res://assets/tilesets/cyber_city_core_tilesets/CyberCity_Core_Tiles_2/CyberCity_Core_Tiles_2/Terminal1_4.png,Terminal1_4.png,STORE_TECH,terminal_kiosk,26,46,24,43,38.96,"[""C_LARGE_OBJECT_PAINT""]",True,C_LARGE_OBJECT_PAINT
pvg_store_tech_terminal1_5_e03767f8,res://assets/tilesets/cyber_city_core_tilesets/CyberCity_Core_Tiles_2/CyberCity_Core_Tiles_2/Terminal1_5.png,Terminal1_5.png,STORE_TECH,terminal_kiosk,32,43,30,42,33.79,"[""C_LARGE_OBJECT_PAINT""]",True,C_LARGE_OBJECT_PAINT
pvg_store_tech_terminal1_6_976b1708,res://assets/tilesets/cyber_city_core_tilesets/CyberCity_Core_Tiles_2/CyberCity_Core_Tiles_2/Terminal1_6.png,Terminal1_6.png,STORE_TECH,terminal_kiosk,35,43,35,42,39.34,"[""C_LARGE_OBJECT_PAINT""]",True,C_LARGE_OBJECT_PAINT
pvg_store_tech_terminal1_7_c14a5f11,res://assets/tilesets/cyber_city_core_tilesets/CyberCity_Core_Tiles_2/CyberCity_Core_Tiles_2/Terminal1_7.png,Terminal1_7.png,STORE_TECH,terminal_kiosk,32,43,30,41,42.44,"[""C_LARGE_OBJECT_PAINT""]",True,C_LARGE_OBJECT_PAINT
pvg_store_tech_terminal1_8_44925767,res://assets/tilesets/cyber_city_core_tilesets/CyberCity_Core_Tiles_2/CyberCity_Core_Tiles_2/Terminal1_8.png,Terminal1_8.png,STORE_TECH,terminal_kiosk,35,43,34,41,45.78,"[""C_LARGE_OBJECT_PAINT""]",True,C_LARGE_OBJECT_PAINT
pvg_store_tech_terminal2_1_487c36e9,res://assets/tilesets/cyber_city_core_tilesets/CyberCity_Core_Tiles_2/CyberCity_Core_Tiles_2/Terminal2_1.png,Terminal2_1.png,STORE_TECH,terminal_kiosk,81,158,78,149,34.98,"[""C_LARGE_OBJECT_PAINT""]",True,C_LARGE_OBJECT_PAINT
pvg_store_tech_terminal2_2_4ec3d951,res://assets/tilesets/cyber_city_core_tilesets/CyberCity_Core_Tiles_2/CyberCity_Core_Tiles_2/Terminal2_2.png,Terminal2_2.png,STORE_TECH,terminal_kiosk,99,128,91,125,42.33,"[""C_LARGE_OBJECT_PAINT""]",True,C_LARGE_OBJECT_PAINT
pvg_store_tech_terminal2_3_9056aa76,res://assets/tilesets/cyber_city_core_tilesets/CyberCity_Core_Tiles_2/CyberCity_Core_Tiles_2/Terminal2_3.png,Terminal2_3.png,STORE_TECH,terminal_kiosk,81,113,78,110,31.61,"[""C_LARGE_OBJECT_PAINT""]",True,C_LARGE_OBJECT_PAINT
pvg_store_tech_terminal2_4_49117ff1,res://assets/tilesets/cyber_city_core_tilesets/CyberCity_Core_Tiles_2/CyberCity_Core_Tiles_2/Terminal2_4.png,Terminal2_4.png,STORE_TECH,terminal_kiosk,123,129,114,125,50.15,"[""C_LARGE_OBJECT_PAINT""]",True,C_LARGE_OBJECT_PAINT
pvg_store_tech_terminal2_5_b900df0e,res://assets/tilesets/cyber_city_core_tilesets/CyberCity_Core_Tiles_2/CyberCity_Core_Tiles_2/Terminal2_5.png,Terminal2_5.png,STORE_TECH,terminal_kiosk,112,157,110,156,52.51,"[""C_LARGE_OBJECT_PAINT""]",True,C_LARGE_OBJECT_PAINT
pvg_store_tech_terminal2_6_2230f511,res://assets/tilesets/cyber_city_core_tilesets/CyberCity_Core_Tiles_2/CyberCity_Core_Tiles_2/Terminal2_6.png,Terminal2_6.png,STORE_TECH,terminal_kiosk,125,157,123,156,55.68,"[""C_LARGE_OBJECT_PAINT""]",True,C_LARGE_OBJECT_PAINT
pvg_store_tech_terminal2_7_ac345dcf,res://assets/tilesets/cyber_city_core_tilesets/CyberCity_Core_Tiles_2/CyberCity_Core_Tiles_2/Terminal2_7.png,Terminal2_7.png,STORE_TECH,terminal_kiosk,112,130,110,128,52.84,"[""C_LARGE_OBJECT_PAINT""]",True,C_LARGE_OBJECT_PAINT
pvg_store_tech_terminal2_8_50adec2e,res://assets/tilesets/cyber_city_core_tilesets/CyberCity_Core_Tiles_2/CyberCity_Core_Tiles_2/Terminal2_8.png,Terminal2_8.png,STORE_TECH,terminal_kiosk,124,130,123,128,53.13,"[""C_LARGE_OBJECT_PAINT""]",True,C_LARGE_OBJECT_PAINT
pvg_store_tech_terminal3_1_648d689c,res://assets/tilesets/cyber_city_core_tilesets/CyberCity_Core_Tiles_2/CyberCity_Core_Tiles_2/Terminal3_1.png,Terminal3_1.png,STORE_TECH,terminal_kiosk,84,111,77,104,30.85,"[""C_LARGE_OBJECT_PAINT""]",True,C_LARGE_OBJECT_PAINT
pvg_store_tech_terminal3_2_c71dc692,res://assets/tilesets/cyber_city_core_tilesets/CyberCity_Core_Tiles_2/CyberCity_Core_Tiles_2/Terminal3_2.png,Terminal3_2.png,STORE_TECH,terminal_kiosk,94,116,89,111,28.71,"[""C_LARGE_OBJECT_PAINT""]",True,C_LARGE_OBJECT_PAINT
pvg_store_tech_terminal3_3_24b292e9,res://assets/tilesets/cyber_city_core_tilesets/CyberCity_Core_Tiles_2/CyberCity_Core_Tiles_2/Terminal3_3.png,Terminal3_3.png,STORE_TECH,terminal_kiosk,83,130,78,124,26.02,"[""C_LARGE_OBJECT_PAINT""]",True,C_LARGE_OBJECT_PAINT
pvg_store_tech_terminal3_4_fb0e6e9c,res://assets/tilesets/cyber_city_core_tilesets/CyberCity_Core_Tiles_2/CyberCity_Core_Tiles_2/Terminal3_4.png,Terminal3_4.png,STORE_TECH,terminal_kiosk,95,113,89,111,34.06,"[""C_LARGE_OBJECT_PAINT""]",True,C_LARGE_OBJECT_PAINT
pvg_store_tech_terminal3_5_1dd49dbd,res://assets/tilesets/cyber_city_core_tilesets/CyberCity_Core_Tiles_2/CyberCity_Core_Tiles_2/Terminal3_5.png,Terminal3_5.png,STORE_TECH,terminal_kiosk,107,116,105,113,36.78,"[""C_LARGE_OBJECT_PAINT""]",True,C_LARGE_OBJECT_PAINT
pvg_store_tech_terminal3_6_ef01043f,res://assets/tilesets/cyber_city_core_tilesets/CyberCity_Core_Tiles_2/CyberCity_Core_Tiles_2/Terminal3_6.png,Terminal3_6.png,STORE_TECH,terminal_kiosk,109,115,104,113,44.35,"[""C_LARGE_OBJECT_PAINT""]",True,C_LARGE_OBJECT_PAINT
pvg_store_tech_terminal3_7_ea292242,res://assets/tilesets/cyber_city_core_tilesets/CyberCity_Core_Tiles_2/CyberCity_Core_Tiles_2/Terminal3_7.png,Terminal3_7.png,STORE_TECH,terminal_kiosk,111,133,104,133,39.48,"[""C_LARGE_OBJECT_PAINT""]",True,C_LARGE_OBJECT_PAINT
pvg_store_tech_terminal3_8_30100d48,res://assets/tilesets/cyber_city_core_tilesets/CyberCity_Core_Tiles_2/CyberCity_Core_Tiles_2/Terminal3_8.png,Terminal3_8.png,STORE_TECH,terminal_kiosk,106,133,105,132,42.76,"[""C_LARGE_OBJECT_PAINT""]",True,C_LARGE_OBJECT_PAINT
pvg_neon_sign_trafficsign1_1_38e76bc1,res://assets/tilesets/cyber_city_core_tilesets/CyberCity_Core_Tiles_2/CyberCity_Core_Tiles_2/TrafficSign1_1.png,TrafficSign1_1.png,NEON_SIGN,sign_billboard,40,69,38,67,38.08,"[""C_LARGE_OBJECT_PAINT""]",True,C_LARGE_OBJECT_PAINT
pvg_neon_sign_trafficsign1_2_9ce893e0,res://assets/tilesets/cyber_city_core_tilesets/CyberCity_Core_Tiles_2/CyberCity_Core_Tiles_2/TrafficSign1_2.png,TrafficSign1_2.png,NEON_SIGN,sign_billboard,29,65,29,63,54.43,"[""C_LARGE_OBJECT_PAINT""]",True,C_LARGE_OBJECT_PAINT
pvg_neon_sign_trafficsign1_3_5c626ed0,res://assets/tilesets/cyber_city_core_tilesets/CyberCity_Core_Tiles_2/CyberCity_Core_Tiles_2/TrafficSign1_3.png,TrafficSign1_3.png,NEON_SIGN,sign_billboard,40,62,38,61,48.95,"[""C_LARGE_OBJECT_PAINT""]",True,C_LARGE_OBJECT_PAINT
pvg_neon_sign_trafficsign1_4_981d759e,res://assets/tilesets/cyber_city_core_tilesets/CyberCity_Core_Tiles_2/CyberCity_Core_Tiles_2/TrafficSign1_4.png,TrafficSign1_4.png,NEON_SIGN,sign_billboard,39,66,36,63,58.12,"[""C_LARGE_OBJECT_PAINT""]",True,C_LARGE_OBJECT_PAINT
pvg_neon_sign_trafficsign1_5_ad4ee2f4,res://assets/tilesets/cyber_city_core_tilesets/CyberCity_Core_Tiles_2/CyberCity_Core_Tiles_2/TrafficSign1_5.png,TrafficSign1_5.png,NEON_SIGN,sign_billboard,37,71,33,69,47.85,"[""C_LARGE_OBJECT_PAINT""]",True,C_LARGE_OBJECT_PAINT
pvg_neon_sign_trafficsign1_6_3af75ae7,res://assets/tilesets/cyber_city_core_tilesets/CyberCity_Core_Tiles_2/CyberCity_Core_Tiles_2/TrafficSign1_6.png,TrafficSign1_6.png,NEON_SIGN,sign_billboard,45,71,43,69,50.86,"[""C_LARGE_OBJECT_PAINT""]",True,C_LARGE_OBJECT_PAINT
pvg_neon_sign_trafficsign1_7_78a538fe,res://assets/tilesets/cyber_city_core_tilesets/CyberCity_Core_Tiles_2/CyberCity_Core_Tiles_2/TrafficSign1_7.png,TrafficSign1_7.png,NEON_SIGN,sign_billboard,35,62,33,61,50.69,"[""C_LARGE_OBJECT_PAINT""]",True,C_LARGE_OBJECT_PAINT
pvg_neon_sign_trafficsign1_8_4a505a8f,res://assets/tilesets/cyber_city_core_tilesets/CyberCity_Core_Tiles_2/CyberCity_Core_Tiles_2/TrafficSign1_8.png,TrafficSign1_8.png,NEON_SIGN,sign_billboard,45,61,43,61,59.27,"[""C_LARGE_OBJECT_PAINT""]",True,C_LARGE_OBJECT_PAINT
pvg_fx_decal_trash10_1_d155b1a4,res://assets/tilesets/cyber_city_core_tilesets/CyberCity_Core_Tiles_2/CyberCity_Core_Tiles_2/Trash10_1.png,Trash10_1.png,FX_DECAL,decal_clutter,10,8,6,7,53.75,"[""C_LARGE_OBJECT_PAINT""]",True,C_LARGE_OBJECT_PAINT
pvg_fx_decal_trash10_2_22225f0b,res://assets/tilesets/cyber_city_core_tilesets/CyberCity_Core_Tiles_2/CyberCity_Core_Tiles_2/Trash10_2.png,Trash10_2.png,FX_DECAL,decal_clutter,13,12,9,6,72.44,"[""C_LARGE_OBJECT_PAINT""]",True,C_LARGE_OBJECT_PAINT
pvg_fx_decal_trash10_3_69999b17,res://assets/tilesets/cyber_city_core_tilesets/CyberCity_Core_Tiles_2/CyberCity_Core_Tiles_2/Trash10_3.png,Trash10_3.png,FX_DECAL,decal_clutter,8,11,7,7,50.0,"[""C_LARGE_OBJECT_PAINT""]",True,C_LARGE_OBJECT_PAINT
pvg_fx_decal_trash10_4_a851d0cb,res://assets/tilesets/cyber_city_core_tilesets/CyberCity_Core_Tiles_2/CyberCity_Core_Tiles_2/Trash10_4.png,Trash10_4.png,FX_DECAL,decal_clutter,11,6,9,5,36.36,"[""C_LARGE_OBJECT_PAINT""]",True,C_LARGE_OBJECT_PAINT
pvg_fx_decal_trash10_5_cd93f0f2,res://assets/tilesets/cyber_city_core_tilesets/CyberCity_Core_Tiles_2/CyberCity_Core_Tiles_2/Trash10_5.png,Trash10_5.png,FX_DECAL,decal_clutter,10,8,9,7,50.0,"[""C_LARGE_OBJECT_PAINT""]",True,C_LARGE_OBJECT_PAINT
pvg_fx_decal_trash10_6_dc196b82,res://assets/tilesets/cyber_city_core_tilesets/CyberCity_Core_Tiles_2/CyberCity_Core_Tiles_2/Trash10_6.png,Trash10_6.png,FX_DECAL,decal_clutter,11,9,10,7,57.58,"[""C_LARGE_OBJECT_PAINT""]",True,C_LARGE_OBJECT_PAINT
pvg_fx_decal_trash10_7_9c2e7ab5,res://assets/tilesets/cyber_city_core_tilesets/CyberCity_Core_Tiles_2/CyberCity_Core_Tiles_2/Trash10_7.png,Trash10_7.png,FX_DECAL,decal_clutter,10,9,10,7,48.89,"[""C_LARGE_OBJECT_PAINT""]",True,C_LARGE_OBJECT_PAINT
pvg_fx_decal_trash10_8_7130968c,res://assets/tilesets/cyber_city_core_tilesets/CyberCity_Core_Tiles_2/CyberCity_Core_Tiles_2/Trash10_8.png,Trash10_8.png,FX_DECAL,decal_clutter,11,9,9,8,54.55,"[""C_LARGE_OBJECT_PAINT""]",True,C_LARGE_OBJECT_PAINT
pvg_fx_decal_trash11_1_1141884d,res://assets/tilesets/cyber_city_core_tilesets/CyberCity_Core_Tiles_2/CyberCity_Core_Tiles_2/Trash11_1.png,Trash11_1.png,FX_DECAL,decal_clutter,11,9,10,7,41.41,"[""C_LARGE_OBJECT_PAINT""]",True,C_LARGE_OBJECT_PAINT
pvg_fx_decal_trash11_2_729332e3,res://assets/tilesets/cyber_city_core_tilesets/CyberCity_Core_Tiles_2/CyberCity_Core_Tiles_2/Trash11_2.png,Trash11_2.png,FX_DECAL,decal_clutter,11,10,9,9,49.09,"[""C_LARGE_OBJECT_PAINT""]",True,C_LARGE_OBJECT_PAINT
pvg_fx_decal_trash11_3_76faadb9,res://assets/tilesets/cyber_city_core_tilesets/CyberCity_Core_Tiles_2/CyberCity_Core_Tiles_2/Trash11_3.png,Trash11_3.png,FX_DECAL,decal_clutter,11,9,10,7,44.44,"[""C_LARGE_OBJECT_PAINT""]",True,C_LARGE_OBJECT_PAINT
pvg_fx_decal_trash11_4_463930a0,res://assets/tilesets/cyber_city_core_tilesets/CyberCity_Core_Tiles_2/CyberCity_Core_Tiles_2/Trash11_4.png,Trash11_4.png,FX_DECAL,decal_clutter,10,10,9,9,40.0,"[""C_LARGE_OBJECT_PAINT""]",True,C_LARGE_OBJECT_PAINT
pvg_fx_decal_trash11_5_c164b881,res://assets/tilesets/cyber_city_core_tilesets/CyberCity_Core_Tiles_2/CyberCity_Core_Tiles_2/Trash11_5.png,Trash11_5.png,FX_DECAL,decal_clutter,12,10,10,9,48.33,"[""C_LARGE_OBJECT_PAINT""]",True,C_LARGE_OBJECT_PAINT
pvg_fx_decal_trash11_6_6c21ab8a,res://assets/tilesets/cyber_city_core_tilesets/CyberCity_Core_Tiles_2/CyberCity_Core_Tiles_2/Trash11_6.png,Trash11_6.png,FX_DECAL,decal_clutter,10,11,10,9,42.73,"[""C_LARGE_OBJECT_PAINT""]",True,C_LARGE_OBJECT_PAINT
pvg_fx_decal_trash11_7_f575568b,res://assets/tilesets/cyber_city_core_tilesets/CyberCity_Core_Tiles_2/CyberCity_Core_Tiles_2/Trash11_7.png,Trash11_7.png,FX_DECAL,decal_clutter,11,10,9,8,50.91,"[""C_LARGE_OBJECT_PAINT""]",True,C_LARGE_OBJECT_PAINT
pvg_fx_decal_trash11_8_71482e28,res://assets/tilesets/cyber_city_core_tilesets/CyberCity_Core_Tiles_2/CyberCity_Core_Tiles_2/Trash11_8.png,Trash11_8.png,FX_DECAL,decal_clutter,11,9,10,8,41.41,"[""C_LARGE_OBJECT_PAINT""]",True,C_LARGE_OBJECT_PAINT
pvg_fx_decal_trash12_1_de072b6e,res://assets/tilesets/cyber_city_core_tilesets/CyberCity_Core_Tiles_2/CyberCity_Core_Tiles_2/Trash12_1.png,Trash12_1.png,FX_DECAL,decal_clutter,11,10,9,8,54.55,"[""C_LARGE_OBJECT_PAINT""]",True,C_LARGE_OBJECT_PAINT
pvg_fx_decal_trash12_2_24b839fd,res://assets/tilesets/cyber_city_core_tilesets/CyberCity_Core_Tiles_2/CyberCity_Core_Tiles_2/Trash12_2.png,Trash12_2.png,FX_DECAL,decal_clutter,11,11,9,10,50.41,"[""C_LARGE_OBJECT_PAINT""]",True,C_LARGE_OBJECT_PAINT
pvg_fx_decal_trash12_3_58ff5d88,res://assets/tilesets/cyber_city_core_tilesets/CyberCity_Core_Tiles_2/CyberCity_Core_Tiles_2/Trash12_3.png,Trash12_3.png,FX_DECAL,decal_clutter,11,10,9,8,50.91,"[""C_LARGE_OBJECT_PAINT""]",True,C_LARGE_OBJECT_PAINT
pvg_fx_decal_trash12_4_b2c55247,res://assets/tilesets/cyber_city_core_tilesets/CyberCity_Core_Tiles_2/CyberCity_Core_Tiles_2/Trash12_4.png,Trash12_4.png,FX_DECAL,decal_clutter,10,10,9,8,50.0,"[""C_LARGE_OBJECT_PAINT""]",True,C_LARGE_OBJECT_PAINT
pvg_fx_decal_trash12_5_a1e1991e,res://assets/tilesets/cyber_city_core_tilesets/CyberCity_Core_Tiles_2/CyberCity_Core_Tiles_2/Trash12_5.png,Trash12_5.png,FX_DECAL,decal_clutter,11,9,10,7,43.43,"[""C_LARGE_OBJECT_PAINT""]",True,C_LARGE_OBJECT_PAINT
pvg_fx_decal_trash12_6_d0dd1b85,res://assets/tilesets/cyber_city_core_tilesets/CyberCity_Core_Tiles_2/CyberCity_Core_Tiles_2/Trash12_6.png,Trash12_6.png,FX_DECAL,decal_clutter,8,10,8,9,37.5,"[""C_LARGE_OBJECT_PAINT""]",True,C_LARGE_OBJECT_PAINT
pvg_fx_decal_trash12_7_d4a9dcea,res://assets/tilesets/cyber_city_core_tilesets/CyberCity_Core_Tiles_2/CyberCity_Core_Tiles_2/Trash12_7.png,Trash12_7.png,FX_DECAL,decal_clutter,9,12,7,10,49.07,"[""C_LARGE_OBJECT_PAINT""]",True,C_LARGE_OBJECT_PAINT
pvg_fx_decal_trash12_8_06b2c3dd,res://assets/tilesets/cyber_city_core_tilesets/CyberCity_Core_Tiles_2/CyberCity_Core_Tiles_2/Trash12_8.png,Trash12_8.png,FX_DECAL,decal_clutter,11,8,10,8,39.77,"[""C_LARGE_OBJECT_PAINT""]",True,C_LARGE_OBJECT_PAINT
pvg_fx_decal_trash13_1_de07864b,res://assets/tilesets/cyber_city_core_tilesets/CyberCity_Core_Tiles_2/CyberCity_Core_Tiles_2/Trash13_1.png,Trash13_1.png,FX_DECAL,decal_clutter,10,9,8,7,51.11,"[""C_LARGE_OBJECT_PAINT""]",True,C_LARGE_OBJECT_PAINT
pvg_fx_decal_trash13_2_9b1b9f98,res://assets/tilesets/cyber_city_core_tilesets/CyberCity_Core_Tiles_2/CyberCity_Core_Tiles_2/Trash13_2.png,Trash13_2.png,FX_DECAL,decal_clutter,10,9,8,7,52.22,"[""C_LARGE_OBJECT_PAINT""]",True,C_LARGE_OBJECT_PAINT
pvg_fx_decal_trash13_3_1d66548f,res://assets/tilesets/cyber_city_core_tilesets/CyberCity_Core_Tiles_2/CyberCity_Core_Tiles_2/Trash13_3.png,Trash13_3.png,FX_DECAL,decal_clutter,10,8,8,7,47.5,"[""C_LARGE_OBJECT_PAINT""]",True,C_LARGE_OBJECT_PAINT
pvg_fx_decal_trash13_4_c4bbf5a5,res://assets/tilesets/cyber_city_core_tilesets/CyberCity_Core_Tiles_2/CyberCity_Core_Tiles_2/Trash13_4.png,Trash13_4.png,FX_DECAL,decal_clutter,9,9,8,7,45.68,"[""C_LARGE_OBJECT_PAINT""]",True,C_LARGE_OBJECT_PAINT
pvg_fx_decal_trash13_5_59e87201,res://assets/tilesets/cyber_city_core_tilesets/CyberCity_Core_Tiles_2/CyberCity_Core_Tiles_2/Trash13_5.png,Trash13_5.png,FX_DECAL,decal_clutter,10,9,8,8,50.0,"[""C_LARGE_OBJECT_PAINT""]",True,C_LARGE_OBJECT_PAINT
pvg_fx_decal_trash13_6_eef5c59b,res://assets/tilesets/cyber_city_core_tilesets/CyberCity_Core_Tiles_2/CyberCity_Core_Tiles_2/Trash13_6.png,Trash13_6.png,FX_DECAL,decal_clutter,9,10,8,8,46.67,"[""C_LARGE_OBJECT_PAINT""]",True,C_LARGE_OBJECT_PAINT
pvg_fx_decal_trash13_7_5e28fc88,res://assets/tilesets/cyber_city_core_tilesets/CyberCity_Core_Tiles_2/CyberCity_Core_Tiles_2/Trash13_7.png,Trash13_7.png,FX_DECAL,decal_clutter,10,8,8,7,43.75,"[""C_LARGE_OBJECT_PAINT""]",True,C_LARGE_OBJECT_PAINT
pvg_fx_decal_trash13_8_8639047e,res://assets/tilesets/cyber_city_core_tilesets/CyberCity_Core_Tiles_2/CyberCity_Core_Tiles_2/Trash13_8.png,Trash13_8.png,FX_DECAL,decal_clutter,9,9,8,7,46.91,"[""C_LARGE_OBJECT_PAINT""]",True,C_LARGE_OBJECT_PAINT
pvg_fx_decal_trash14_1_713fab2f,res://assets/tilesets/cyber_city_core_tilesets/CyberCity_Core_Tiles_2/CyberCity_Core_Tiles_2/Trash14_1.png,Trash14_1.png,FX_DECAL,decal_clutter,45,68,44,65,64.18,"[""C_LARGE_OBJECT_PAINT""]",True,C_LARGE_OBJECT_PAINT
pvg_fx_decal_trash14_2_18d0e589,res://assets/tilesets/cyber_city_core_tilesets/CyberCity_Core_Tiles_2/CyberCity_Core_Tiles_2/Trash14_2.png,Trash14_2.png,FX_DECAL,decal_clutter,91,36,89,31,68.28,"[""C_LARGE_OBJECT_PAINT""]",True,C_LARGE_OBJECT_PAINT
pvg_fx_decal_trash14_3_f3bd6d71,res://assets/tilesets/cyber_city_core_tilesets/CyberCity_Core_Tiles_2/CyberCity_Core_Tiles_2/Trash14_3.png,Trash14_3.png,FX_DECAL,decal_clutter,47,65,44,63,64.26,"[""C_LARGE_OBJECT_PAINT""]",True,C_LARGE_OBJECT_PAINT
pvg_fx_decal_trash14_4_ebe637ad,res://assets/tilesets/cyber_city_core_tilesets/CyberCity_Core_Tiles_2/CyberCity_Core_Tiles_2/Trash14_4.png,Trash14_4.png,FX_DECAL,decal_clutter,91,35,89,33,64.43,"[""C_LARGE_OBJECT_PAINT""]",True,C_LARGE_OBJECT_PAINT
pvg_fx_decal_trash14_5_6b1129fc,res://assets/tilesets/cyber_city_core_tilesets/CyberCity_Core_Tiles_2/CyberCity_Core_Tiles_2/Trash14_5.png,Trash14_5.png,FX_DECAL,decal_clutter,69,57,67,55,72.72,"[""C_LARGE_OBJECT_PAINT""]",True,C_LARGE_OBJECT_PAINT
pvg_fx_decal_trash14_6_24a96f8f,res://assets/tilesets/cyber_city_core_tilesets/CyberCity_Core_Tiles_2/CyberCity_Core_Tiles_2/Trash14_6.png,Trash14_6.png,FX_DECAL,decal_clutter,80,51,78,49,72.16,"[""C_LARGE_OBJECT_PAINT""]",True,C_LARGE_OBJECT_PAINT
pvg_fx_decal_trash14_7_bc256410,res://assets/tilesets/cyber_city_core_tilesets/CyberCity_Core_Tiles_2/CyberCity_Core_Tiles_2/Trash14_7.png,Trash14_7.png,FX_DECAL,decal_clutter,80,49,79,48,73.52,"[""C_LARGE_OBJECT_PAINT""]",True,C_LARGE_OBJECT_PAINT
pvg_fx_decal_trash14_8_3877a358,res://assets/tilesets/cyber_city_core_tilesets/CyberCity_Core_Tiles_2/CyberCity_Core_Tiles_2/Trash14_8.png,Trash14_8.png,FX_DECAL,decal_clutter,71,60,68,58,74.2,"[""C_LARGE_OBJECT_PAINT""]",True,C_LARGE_OBJECT_PAINT
pvg_fx_decal_trash15_1_91ed42a6,res://assets/tilesets/cyber_city_core_tilesets/CyberCity_Core_Tiles_2/CyberCity_Core_Tiles_2/Trash15_1.png,Trash15_1.png,FX_DECAL,decal_clutter,52,89,51,88,63.96,"[""C_LARGE_OBJECT_PAINT""]",True,C_LARGE_OBJECT_PAINT
pvg_fx_decal_trash15_2_6098cd4b,res://assets/tilesets/cyber_city_core_tilesets/CyberCity_Core_Tiles_2/CyberCity_Core_Tiles_2/Trash15_2.png,Trash15_2.png,FX_DECAL,decal_clutter,123,39,121,37,66.1,"[""C_LARGE_OBJECT_PAINT""]",True,C_LARGE_OBJECT_PAINT
pvg_fx_decal_trash15_3_19a8c734,res://assets/tilesets/cyber_city_core_tilesets/CyberCity_Core_Tiles_2/CyberCity_Core_Tiles_2/Trash15_3.png,Trash15_3.png,FX_DECAL,decal_clutter,52,89,50,87,62.1,"[""C_LARGE_OBJECT_PAINT""]",True,C_LARGE_OBJECT_PAINT
pvg_fx_decal_trash15_4_daa4acbd,res://assets/tilesets/cyber_city_core_tilesets/CyberCity_Core_Tiles_2/CyberCity_Core_Tiles_2/Trash15_4.png,Trash15_4.png,FX_DECAL,decal_clutter,123,45,121,43,68.6,"[""C_LARGE_OBJECT_PAINT""]",True,C_LARGE_OBJECT_PAINT
pvg_fx_decal_trash15_5_94da0c70,res://assets/tilesets/cyber_city_core_tilesets/CyberCity_Core_Tiles_2/CyberCity_Core_Tiles_2/Trash15_5.png,Trash15_5.png,FX_DECAL,decal_clutter,93,71,92,69,75.28,"[""C_LARGE_OBJECT_PAINT""]",True,C_LARGE_OBJECT_PAINT
pvg_fx_decal_trash15_6_5e654f97,res://assets/tilesets/cyber_city_core_tilesets/CyberCity_Core_Tiles_2/CyberCity_Core_Tiles_2/Trash15_6.png,Trash15_6.png,FX_DECAL,decal_clutter,96,70,94,65,74.46,"[""C_LARGE_OBJECT_PAINT""]",True,C_LARGE_OBJECT_PAINT
pvg_fx_decal_trash15_7_66d9132c,res://assets/tilesets/cyber_city_core_tilesets/CyberCity_Core_Tiles_2/CyberCity_Core_Tiles_2/Trash15_7.png,Trash15_7.png,FX_DECAL,decal_clutter,96,70,94,67,74.49,"[""C_LARGE_OBJECT_PAINT""]",True,C_LARGE_OBJECT_PAINT
pvg_fx_decal_trash15_8_9d367ae4,res://assets/tilesets/cyber_city_core_tilesets/CyberCity_Core_Tiles_2/CyberCity_Core_Tiles_2/Trash15_8.png,Trash15_8.png,FX_DECAL,decal_clutter,94,70,92,68,73.56,"[""C_LARGE_OBJECT_PAINT""]",True,C_LARGE_OBJECT_PAINT
pvg_fx_decal_trash16_1_48b84a1d,res://assets/tilesets/cyber_city_core_tilesets/CyberCity_Core_Tiles_2/CyberCity_Core_Tiles_2/Trash16_1.png,Trash16_1.png,FX_DECAL,decal_clutter,32,52,30,50,86.36,"[""C_LARGE_OBJECT_PAINT""]",True,C_LARGE_OBJECT_PAINT
pvg_fx_decal_trash16_2_0015b7bb,res://assets/tilesets/cyber_city_core_tilesets/CyberCity_Core_Tiles_2/CyberCity_Core_Tiles_2/Trash16_2.png,Trash16_2.png,FX_DECAL,decal_clutter,69,25,67,24,86.67,"[""C_LARGE_OBJECT_PAINT""]",True,C_LARGE_OBJECT_PAINT
pvg_fx_decal_trash16_3_3c15c030,res://assets/tilesets/cyber_city_core_tilesets/CyberCity_Core_Tiles_2/CyberCity_Core_Tiles_2/Trash16_3.png,Trash16_3.png,FX_DECAL,decal_clutter,32,52,30,48,86.24,"[""C_LARGE_OBJECT_PAINT""]",True,C_LARGE_OBJECT_PAINT
pvg_fx_decal_trash16_4_ddf7c4ff,res://assets/tilesets/cyber_city_core_tilesets/CyberCity_Core_Tiles_2/CyberCity_Core_Tiles_2/Trash16_4.png,Trash16_4.png,FX_DECAL,decal_clutter,69,28,67,24,88.15,"[""C_LARGE_OBJECT_PAINT""]",True,C_LARGE_OBJECT_PAINT
pvg_fx_decal_trash16_5_a90570df,res://assets/tilesets/cyber_city_core_tilesets/CyberCity_Core_Tiles_2/CyberCity_Core_Tiles_2/Trash16_5.png,Trash16_5.png,FX_DECAL,decal_clutter,59,38,58,37,89.96,"[""C_LARGE_OBJECT_PAINT""]",True,C_LARGE_OBJECT_PAINT
pvg_fx_decal_trash16_6_4e099730,res://assets/tilesets/cyber_city_core_tilesets/CyberCity_Core_Tiles_2/CyberCity_Core_Tiles_2/Trash16_6.png,Trash16_6.png,FX_DECAL,decal_clutter,51,44,50,43,89.75,"[""C_LARGE_OBJECT_PAINT""]",True,C_LARGE_OBJECT_PAINT
pvg_fx_decal_trash16_7_61962ee1,res://assets/tilesets/cyber_city_core_tilesets/CyberCity_Core_Tiles_2/CyberCity_Core_Tiles_2/Trash16_7.png,Trash16_7.png,FX_DECAL,decal_clutter,52,43,50,41,89.94,"[""C_LARGE_OBJECT_PAINT""]",True,C_LARGE_OBJECT_PAINT
pvg_fx_decal_trash16_8_1124aea5,res://assets/tilesets/cyber_city_core_tilesets/CyberCity_Core_Tiles_2/CyberCity_Core_Tiles_2/Trash16_8.png,Trash16_8.png,FX_DECAL,decal_clutter,59,38,59,38,89.65,"[""C_LARGE_OBJECT_PAINT""]",True,C_LARGE_OBJECT_PAINT
pvg_fx_decal_trash17_1_e16b8f36,res://assets/tilesets/cyber_city_core_tilesets/CyberCity_Core_Tiles_2/CyberCity_Core_Tiles_2/Trash17_1.png,Trash17_1.png,FX_DECAL,decal_clutter,45,36,42,34,59.44,"[""C_LARGE_OBJECT_PAINT""]",True,C_LARGE_OBJECT_PAINT
pvg_fx_decal_trash17_2_6c9c4de4,res://assets/tilesets/cyber_city_core_tilesets/CyberCity_Core_Tiles_2/CyberCity_Core_Tiles_2/Trash17_2.png,Trash17_2.png,FX_DECAL,decal_clutter,50,32,49,30,58.44,"[""C_LARGE_OBJECT_PAINT""]",True,C_LARGE_OBJECT_PAINT
pvg_fx_decal_trash17_3_096f914d,res://assets/tilesets/cyber_city_core_tilesets/CyberCity_Core_Tiles_2/CyberCity_Core_Tiles_2/Trash17_3.png,Trash17_3.png,FX_DECAL,decal_clutter,42,39,42,36,58.06,"[""C_LARGE_OBJECT_PAINT""]",True,C_LARGE_OBJECT_PAINT
pvg_fx_decal_trash17_4_a7884a36,res://assets/tilesets/cyber_city_core_tilesets/CyberCity_Core_Tiles_2/CyberCity_Core_Tiles_2/Trash17_4.png,Trash17_4.png,FX_DECAL,decal_clutter,51,32,49,30,58.95,"[""C_LARGE_OBJECT_PAINT""]",True,C_LARGE_OBJECT_PAINT
pvg_fx_decal_trash17_5_9395baea,res://assets/tilesets/cyber_city_core_tilesets/CyberCity_Core_Tiles_2/CyberCity_Core_Tiles_2/Trash17_5.png,Trash17_5.png,FX_DECAL,decal_clutter,50,29,49,25,55.03,"[""C_LARGE_OBJECT_PAINT""]",True,C_LARGE_OBJECT_PAINT
pvg_fx_decal_trash17_6_67b0a7c2,res://assets/tilesets/cyber_city_core_tilesets/CyberCity_Core_Tiles_2/CyberCity_Core_Tiles_2/Trash17_6.png,Trash17_6.png,FX_DECAL,decal_clutter,42,37,37,35,57.08,"[""C_LARGE_OBJECT_PAINT""]",True,C_LARGE_OBJECT_PAINT
pvg_fx_decal_trash17_7_eac6e289,res://assets/tilesets/cyber_city_core_tilesets/CyberCity_Core_Tiles_2/CyberCity_Core_Tiles_2/Trash17_7.png,Trash17_7.png,FX_DECAL,decal_clutter,37,41,37,35,55.31,"[""C_LARGE_OBJECT_PAINT""]",True,C_LARGE_OBJECT_PAINT
pvg_fx_decal_trash17_8_19abd187,res://assets/tilesets/cyber_city_core_tilesets/CyberCity_Core_Tiles_2/CyberCity_Core_Tiles_2/Trash17_8.png,Trash17_8.png,FX_DECAL,decal_clutter,51,31,49,27,57.12,"[""C_LARGE_OBJECT_PAINT""]",True,C_LARGE_OBJECT_PAINT
pvg_fx_decal_trash18_1_f6f2297b,res://assets/tilesets/cyber_city_core_tilesets/CyberCity_Core_Tiles_2/CyberCity_Core_Tiles_2/Trash18_1.png,Trash18_1.png,FX_DECAL,decal_clutter,37,60,35,58,67.79,"[""C_LARGE_OBJECT_PAINT""]",True,C_LARGE_OBJECT_PAINT
pvg_fx_decal_trash18_2_9179692f,res://assets/tilesets/cyber_city_core_tilesets/CyberCity_Core_Tiles_2/CyberCity_Core_Tiles_2/Trash18_2.png,Trash18_2.png,FX_DECAL,decal_clutter,83,28,81,27,68.24,"[""C_LARGE_OBJECT_PAINT""]",True,C_LARGE_OBJECT_PAINT
pvg_fx_decal_trash18_3_4d2917c3,res://assets/tilesets/cyber_city_core_tilesets/CyberCity_Core_Tiles_2/CyberCity_Core_Tiles_2/Trash18_3.png,Trash18_3.png,FX_DECAL,decal_clutter,37,61,35,60,68.63,"[""C_LARGE_OBJECT_PAINT""]",True,C_LARGE_OBJECT_PAINT
pvg_fx_decal_trash18_4_18e6e62c,res://assets/tilesets/cyber_city_core_tilesets/CyberCity_Core_Tiles_2/CyberCity_Core_Tiles_2/Trash18_4.png,Trash18_4.png,FX_DECAL,decal_clutter,82,25,81,25,66.15,"[""C_LARGE_OBJECT_PAINT""]",True,C_LARGE_OBJECT_PAINT
pvg_fx_decal_trash18_5_107c8b2a,res://assets/tilesets/cyber_city_core_tilesets/CyberCity_Core_Tiles_2/CyberCity_Core_Tiles_2/Trash18_5.png,Trash18_5.png,FX_DECAL,decal_clutter,69,44,67,40,75.82,"[""C_LARGE_OBJECT_PAINT""]",True,C_LARGE_OBJECT_PAINT
pvg_fx_decal_trash18_6_c019d1bc,res://assets/tilesets/cyber_city_core_tilesets/CyberCity_Core_Tiles_2/CyberCity_Core_Tiles_2/Trash18_6.png,Trash18_6.png,FX_DECAL,decal_clutter,57,50,57,47,74.91,"[""C_LARGE_OBJECT_PAINT""]",True,C_LARGE_OBJECT_PAINT
pvg_fx_decal_trash18_7_4f7cbaf9,res://assets/tilesets/cyber_city_core_tilesets/CyberCity_Core_Tiles_2/CyberCity_Core_Tiles_2/Trash18_7.png,Trash18_7.png,FX_DECAL,decal_clutter,57,51,56,50,75.23,"[""C_LARGE_OBJECT_PAINT""]",True,C_LARGE_OBJECT_PAINT
pvg_fx_decal_trash18_8_f7a267f1,res://assets/tilesets/cyber_city_core_tilesets/CyberCity_Core_Tiles_2/CyberCity_Core_Tiles_2/Trash18_8.png,Trash18_8.png,FX_DECAL,decal_clutter,68,42,67,42,75.39,"[""C_LARGE_OBJECT_PAINT""]",True,C_LARGE_OBJECT_PAINT
pvg_fx_decal_trash19_1_0544be7d,res://assets/tilesets/cyber_city_core_tilesets/CyberCity_Core_Tiles_2/CyberCity_Core_Tiles_2/Trash19_1.png,Trash19_1.png,FX_DECAL,decal_clutter,91,58,87,56,73.66,"[""C_LARGE_OBJECT_PAINT""]",True,C_LARGE_OBJECT_PAINT
pvg_fx_decal_trash19_2_9816071f,res://assets/tilesets/cyber_city_core_tilesets/CyberCity_Core_Tiles_2/CyberCity_Core_Tiles_2/Trash19_2.png,Trash19_2.png,FX_DECAL,decal_clutter,80,64,78,62,73.73,"[""C_LARGE_OBJECT_PAINT""]",True,C_LARGE_OBJECT_PAINT
pvg_fx_decal_trash19_3_110a7b23,res://assets/tilesets/cyber_city_core_tilesets/CyberCity_Core_Tiles_2/CyberCity_Core_Tiles_2/Trash19_3.png,Trash19_3.png,FX_DECAL,decal_clutter,89,61,88,60,74.42,"[""C_LARGE_OBJECT_PAINT""]",True,C_LARGE_OBJECT_PAINT
pvg_fx_decal_trash19_4_7e627fd5,res://assets/tilesets/cyber_city_core_tilesets/CyberCity_Core_Tiles_2/CyberCity_Core_Tiles_2/Trash19_4.png,Trash19_4.png,FX_DECAL,decal_clutter,79,70,78,68,74.83,"[""C_LARGE_OBJECT_PAINT""]",True,C_LARGE_OBJECT_PAINT
pvg_fx_decal_trash19_5_5f01878e,res://assets/tilesets/cyber_city_core_tilesets/CyberCity_Core_Tiles_2/CyberCity_Core_Tiles_2/Trash19_5.png,Trash19_5.png,FX_DECAL,decal_clutter,100,65,98,63,79.57,"[""C_LARGE_OBJECT_PAINT""]",True,C_LARGE_OBJECT_PAINT
pvg_fx_decal_trash19_6_ab6622b4,res://assets/tilesets/cyber_city_core_tilesets/CyberCity_Core_Tiles_2/CyberCity_Core_Tiles_2/Trash19_6.png,Trash19_6.png,FX_DECAL,decal_clutter,90,72,88,71,78.29,"[""C_LARGE_OBJECT_PAINT""]",True,C_LARGE_OBJECT_PAINT
pvg_fx_decal_trash19_7_7e634e1e,res://assets/tilesets/cyber_city_core_tilesets/CyberCity_Core_Tiles_2/CyberCity_Core_Tiles_2/Trash19_7.png,Trash19_7.png,FX_DECAL,decal_clutter,92,71,90,69,79.03,"[""C_LARGE_OBJECT_PAINT""]",True,C_LARGE_OBJECT_PAINT
pvg_fx_decal_trash19_8_a802923f,res://assets/tilesets/cyber_city_core_tilesets/CyberCity_Core_Tiles_2/CyberCity_Core_Tiles_2/Trash19_8.png,Trash19_8.png,FX_DECAL,decal_clutter,100,71,98,70,80.55,"[""C_LARGE_OBJECT_PAINT""]",True,C_LARGE_OBJECT_PAINT
pvg_fx_decal_trash1_1_153eaac6,res://assets/tilesets/cyber_city_core_tilesets/CyberCity_Core_Tiles_2/CyberCity_Core_Tiles_2/Trash1_1.png,Trash1_1.png,FX_DECAL,decal_clutter,19,11,17,9,55.5,"[""C_LARGE_OBJECT_PAINT""]",True,C_LARGE_OBJECT_PAINT
pvg_fx_decal_trash1_2_9e1fe826,res://assets/tilesets/cyber_city_core_tilesets/CyberCity_Core_Tiles_2/CyberCity_Core_Tiles_2/Trash1_2.png,Trash1_2.png,FX_DECAL,decal_clutter,12,16,11,12,58.33,"[""C_LARGE_OBJECT_PAINT""]",True,C_LARGE_OBJECT_PAINT
pvg_fx_decal_trash1_3_ea602196,res://assets/tilesets/cyber_city_core_tilesets/CyberCity_Core_Tiles_2/CyberCity_Core_Tiles_2/Trash1_3.png,Trash1_3.png,FX_DECAL,decal_clutter,20,11,18,8,56.36,"[""C_LARGE_OBJECT_PAINT""]",True,C_LARGE_OBJECT_PAINT
pvg_fx_decal_trash1_4_73870ef6,res://assets/tilesets/cyber_city_core_tilesets/CyberCity_Core_Tiles_2/CyberCity_Core_Tiles_2/Trash1_4.png,Trash1_4.png,FX_DECAL,decal_clutter,12,17,10,15,56.37,"[""C_LARGE_OBJECT_PAINT""]",True,C_LARGE_OBJECT_PAINT
pvg_fx_decal_trash1_5_44c86a8b,res://assets/tilesets/cyber_city_core_tilesets/CyberCity_Core_Tiles_2/CyberCity_Core_Tiles_2/Trash1_5.png,Trash1_5.png,FX_DECAL,decal_clutter,18,12,17,8,56.48,"[""C_LARGE_OBJECT_PAINT""]",True,C_LARGE_OBJECT_PAINT
pvg_fx_decal_trash1_6_bf1bd3aa,res://assets/tilesets/cyber_city_core_tilesets/CyberCity_Core_Tiles_2/CyberCity_Core_Tiles_2/Trash1_6.png,Trash1_6.png,FX_DECAL,decal_clutter,14,16,10,15,62.5,"[""C_LARGE_OBJECT_PAINT""]",True,C_LARGE_OBJECT_PAINT
pvg_fx_decal_trash1_7_5ce5dfaa,res://assets/tilesets/cyber_city_core_tilesets/CyberCity_Core_Tiles_2/CyberCity_Core_Tiles_2/Trash1_7.png,Trash1_7.png,FX_DECAL,decal_clutter,13,13,11,11,55.03,"[""C_LARGE_OBJECT_PAINT""]",True,C_LARGE_OBJECT_PAINT
pvg_fx_decal_trash1_8_81df9636,res://assets/tilesets/cyber_city_core_tilesets/CyberCity_Core_Tiles_2/CyberCity_Core_Tiles_2/Trash1_8.png,Trash1_8.png,FX_DECAL,decal_clutter,20,12,17,10,57.92,"[""C_LARGE_OBJECT_PAINT""]",True,C_LARGE_OBJECT_PAINT
pvg_fx_decal_trash20_1_7315770c,res://assets/tilesets/cyber_city_core_tilesets/CyberCity_Core_Tiles_2/CyberCity_Core_Tiles_2/Trash20_1.png,Trash20_1.png,FX_DECAL,decal_clutter,113,40,107,39,72.96,"[""C_LARGE_OBJECT_PAINT""]",True,C_LARGE_OBJECT_PAINT
pvg_fx_decal_trash20_2_8a052267,res://assets/tilesets/cyber_city_core_tilesets/CyberCity_Core_Tiles_2/CyberCity_Core_Tiles_2/Trash20_2.png,Trash20_2.png,FX_DECAL,decal_clutter,55,78,51,76,70.98,"[""C_LARGE_OBJECT_PAINT""]",True,C_LARGE_OBJECT_PAINT
pvg_fx_decal_trash20_3_d9ee7724,res://assets/tilesets/cyber_city_core_tilesets/CyberCity_Core_Tiles_2/CyberCity_Core_Tiles_2/Trash20_3.png,Trash20_3.png,FX_DECAL,decal_clutter,110,41,108,39,72.59,"[""C_LARGE_OBJECT_PAINT""]",True,C_LARGE_OBJECT_PAINT
pvg_fx_decal_trash20_4_3a4df405,res://assets/tilesets/cyber_city_core_tilesets/CyberCity_Core_Tiles_2/CyberCity_Core_Tiles_2/Trash20_4.png,Trash20_4.png,FX_DECAL,decal_clutter,52,80,51,79,70.36,"[""C_LARGE_OBJECT_PAINT""]",True,C_LARGE_OBJECT_PAINT
pvg_fx_decal_trash20_5_5165f401,res://assets/tilesets/cyber_city_core_tilesets/CyberCity_Core_Tiles_2/CyberCity_Core_Tiles_2/Trash20_5.png,Trash20_5.png,FX_DECAL,decal_clutter,84,63,83,60,77.17,"[""C_LARGE_OBJECT_PAINT""]",True,C_LARGE_OBJECT_PAINT
pvg_fx_decal_trash20_6_bdd24d26,res://assets/tilesets/cyber_city_core_tilesets/CyberCity_Core_Tiles_2/CyberCity_Core_Tiles_2/Trash20_6.png,Trash20_6.png,FX_DECAL,decal_clutter,86,61,85,59,76.67,"[""C_LARGE_OBJECT_PAINT""]",True,C_LARGE_OBJECT_PAINT
pvg_fx_decal_trash20_7_4614be74,res://assets/tilesets/cyber_city_core_tilesets/CyberCity_Core_Tiles_2/CyberCity_Core_Tiles_2/Trash20_7.png,Trash20_7.png,FX_DECAL,decal_clutter,85,66,84,60,77.91,"[""C_LARGE_OBJECT_PAINT""]",True,C_LARGE_OBJECT_PAINT
pvg_fx_decal_trash20_8_b38fcec5,res://assets/tilesets/cyber_city_core_tilesets/CyberCity_Core_Tiles_2/CyberCity_Core_Tiles_2/Trash20_8.png,Trash20_8.png,FX_DECAL,decal_clutter,88,62,83,60,77.8,"[""C_LARGE_OBJECT_PAINT""]",True,C_LARGE_OBJECT_PAINT
pvg_fx_decal_trash21_1_fa5198a5,res://assets/tilesets/cyber_city_core_tilesets/CyberCity_Core_Tiles_2/CyberCity_Core_Tiles_2/Trash21_1.png,Trash21_1.png,FX_DECAL,decal_clutter,74,51,73,49,82.03,"[""C_LARGE_OBJECT_PAINT""]",True,C_LARGE_OBJECT_PAINT
pvg_fx_decal_trash21_2_c9915a54,res://assets/tilesets/cyber_city_core_tilesets/CyberCity_Core_Tiles_2/CyberCity_Core_Tiles_2/Trash21_2.png,Trash21_2.png,FX_DECAL,decal_clutter,67,57,66,54,81.54,"[""C_LARGE_OBJECT_PAINT""]",True,C_LARGE_OBJECT_PAINT
pvg_fx_decal_trash21_3_df907e75,res://assets/tilesets/cyber_city_core_tilesets/CyberCity_Core_Tiles_2/CyberCity_Core_Tiles_2/Trash21_3.png,Trash21_3.png,FX_DECAL,decal_clutter,73,50,72,46,81.18,"[""C_LARGE_OBJECT_PAINT""]",True,C_LARGE_OBJECT_PAINT
pvg_fx_decal_trash21_4_8bcf4391,res://assets/tilesets/cyber_city_core_tilesets/CyberCity_Core_Tiles_2/CyberCity_Core_Tiles_2/Trash21_4.png,Trash21_4.png,FX_DECAL,decal_clutter,67,53,66,51,80.63,"[""C_LARGE_OBJECT_PAINT""]",True,C_LARGE_OBJECT_PAINT
pvg_fx_decal_trash21_5_31d7f3c6,res://assets/tilesets/cyber_city_core_tilesets/CyberCity_Core_Tiles_2/CyberCity_Core_Tiles_2/Trash21_5.png,Trash21_5.png,FX_DECAL,decal_clutter,70,48,68,47,79.26,"[""C_LARGE_OBJECT_PAINT""]",True,C_LARGE_OBJECT_PAINT
pvg_fx_decal_trash21_6_e114f98c,res://assets/tilesets/cyber_city_core_tilesets/CyberCity_Core_Tiles_2/CyberCity_Core_Tiles_2/Trash21_6.png,Trash21_6.png,FX_DECAL,decal_clutter,66,53,63,52,80.82,"[""C_LARGE_OBJECT_PAINT""]",True,C_LARGE_OBJECT_PAINT
pvg_fx_decal_trash21_7_f83eab89,res://assets/tilesets/cyber_city_core_tilesets/CyberCity_Core_Tiles_2/CyberCity_Core_Tiles_2/Trash21_7.png,Trash21_7.png,FX_DECAL,decal_clutter,64,52,62,50,79.36,"[""C_LARGE_OBJECT_PAINT""]",True,C_LARGE_OBJECT_PAINT
pvg_fx_decal_trash21_8_5e6d5b80,res://assets/tilesets/cyber_city_core_tilesets/CyberCity_Core_Tiles_2/CyberCity_Core_Tiles_2/Trash21_8.png,Trash21_8.png,FX_DECAL,decal_clutter,71,47,69,44,79.11,"[""C_LARGE_OBJECT_PAINT""]",True,C_LARGE_OBJECT_PAINT
pvg_fx_decal_trash22_1_53343ae9,res://assets/tilesets/cyber_city_core_tilesets/CyberCity_Core_Tiles_2/CyberCity_Core_Tiles_2/Trash22_1.png,Trash22_1.png,FX_DECAL,decal_clutter,78,44,77,39,77.1,"[""C_LARGE_OBJECT_PAINT""]",True,C_LARGE_OBJECT_PAINT
pvg_fx_decal_trash22_2_ef07a78f,res://assets/tilesets/cyber_city_core_tilesets/CyberCity_Core_Tiles_2/CyberCity_Core_Tiles_2/Trash22_2.png,Trash22_2.png,FX_DECAL,decal_clutter,56,57,55,54,75.72,"[""C_LARGE_OBJECT_PAINT""]",True,C_LARGE_OBJECT_PAINT
pvg_fx_decal_trash22_3_a8da8313,res://assets/tilesets/cyber_city_core_tilesets/CyberCity_Core_Tiles_2/CyberCity_Core_Tiles_2/Trash22_3.png,Trash22_3.png,FX_DECAL,decal_clutter,79,41,78,40,74.13,"[""C_LARGE_OBJECT_PAINT""]",True,C_LARGE_OBJECT_PAINT
pvg_fx_decal_trash22_4_0d1fd04e,res://assets/tilesets/cyber_city_core_tilesets/CyberCity_Core_Tiles_2/CyberCity_Core_Tiles_2/Trash22_4.png,Trash22_4.png,FX_DECAL,decal_clutter,56,58,54,58,74.29,"[""C_LARGE_OBJECT_PAINT""]",True,C_LARGE_OBJECT_PAINT
pvg_fx_decal_trash22_5_c3794ec1,res://assets/tilesets/cyber_city_core_tilesets/CyberCity_Core_Tiles_2/CyberCity_Core_Tiles_2/Trash22_5.png,Trash22_5.png,FX_DECAL,decal_clutter,67,47,65,45,76.34,"[""C_LARGE_OBJECT_PAINT""]",True,C_LARGE_OBJECT_PAINT
pvg_fx_decal_trash22_6_c2eee906,res://assets/tilesets/cyber_city_core_tilesets/CyberCity_Core_Tiles_2/CyberCity_Core_Tiles_2/Trash22_6.png,Trash22_6.png,FX_DECAL,decal_clutter,65,51,63,49,75.51,"[""C_LARGE_OBJECT_PAINT""]",True,C_LARGE_OBJECT_PAINT
pvg_fx_decal_trash22_7_b859d736,res://assets/tilesets/cyber_city_core_tilesets/CyberCity_Core_Tiles_2/CyberCity_Core_Tiles_2/Trash22_7.png,Trash22_7.png,FX_DECAL,decal_clutter,64,48,63,46,73.05,"[""C_LARGE_OBJECT_PAINT""]",True,C_LARGE_OBJECT_PAINT
pvg_fx_decal_trash22_8_c40aa7f7,res://assets/tilesets/cyber_city_core_tilesets/CyberCity_Core_Tiles_2/CyberCity_Core_Tiles_2/Trash22_8.png,Trash22_8.png,FX_DECAL,decal_clutter,67,47,66,45,72.98,"[""C_LARGE_OBJECT_PAINT""]",True,C_LARGE_OBJECT_PAINT
pvg_fx_decal_trash23_1_8c3ea2db,res://assets/tilesets/cyber_city_core_tilesets/CyberCity_Core_Tiles_2/CyberCity_Core_Tiles_2/Trash23_1.png,Trash23_1.png,FX_DECAL,decal_clutter,154,69,152,68,62.02,"[""C_LARGE_OBJECT_PAINT""]",True,C_LARGE_OBJECT_PAINT
pvg_fx_decal_trash23_2_46be6266,res://assets/tilesets/cyber_city_core_tilesets/CyberCity_Core_Tiles_2/CyberCity_Core_Tiles_2/Trash23_2.png,Trash23_2.png,FX_DECAL,decal_clutter,90,113,84,112,61.63,"[""C_LARGE_OBJECT_PAINT""]",True,C_LARGE_OBJECT_PAINT
pvg_fx_decal_trash23_3_0e204971,res://assets/tilesets/cyber_city_core_tilesets/CyberCity_Core_Tiles_2/CyberCity_Core_Tiles_2/Trash23_3.png,Trash23_3.png,FX_DECAL,decal_clutter,153,62,152,60,56.63,"[""C_LARGE_OBJECT_PAINT""]",True,C_LARGE_OBJECT_PAINT
pvg_fx_decal_trash23_4_8d0cd384,res://assets/tilesets/cyber_city_core_tilesets/CyberCity_Core_Tiles_2/CyberCity_Core_Tiles_2/Trash23_4.png,Trash23_4.png,FX_DECAL,decal_clutter,85,110,84,109,58.37,"[""C_LARGE_OBJECT_PAINT""]",True,C_LARGE_OBJECT_PAINT
pvg_fx_decal_trash23_5_8ee453ed,res://assets/tilesets/cyber_city_core_tilesets/CyberCity_Core_Tiles_2/CyberCity_Core_Tiles_2/Trash23_5.png,Trash23_5.png,FX_DECAL,decal_clutter,133,92,131,90,68.0,"[""C_LARGE_OBJECT_PAINT""]",True,C_LARGE_OBJECT_PAINT
pvg_fx_decal_trash23_6_b713b0db,res://assets/tilesets/cyber_city_core_tilesets/CyberCity_Core_Tiles_2/CyberCity_Core_Tiles_2/Trash23_6.png,Trash23_6.png,FX_DECAL,decal_clutter,123,99,121,97,66.45,"[""C_LARGE_OBJECT_PAINT""]",True,C_LARGE_OBJECT_PAINT
pvg_fx_decal_trash23_7_60191b2a,res://assets/tilesets/cyber_city_core_tilesets/CyberCity_Core_Tiles_2/CyberCity_Core_Tiles_2/Trash23_7.png,Trash23_7.png,FX_DECAL,decal_clutter,122,95,120,93,63.65,"[""C_LARGE_OBJECT_PAINT""]",True,C_LARGE_OBJECT_PAINT
pvg_fx_decal_trash23_8_ce6e9b71,res://assets/tilesets/cyber_city_core_tilesets/CyberCity_Core_Tiles_2/CyberCity_Core_Tiles_2/Trash23_8.png,Trash23_8.png,FX_DECAL,decal_clutter,133,88,131,87,67.1,"[""C_LARGE_OBJECT_PAINT""]",True,C_LARGE_OBJECT_PAINT
pvg_fx_decal_trash2_1_24cc7c83,res://assets/tilesets/cyber_city_core_tilesets/CyberCity_Core_Tiles_2/CyberCity_Core_Tiles_2/Trash2_1.png,Trash2_1.png,FX_DECAL,decal_clutter,12,13,10,11,32.05,"[""C_LARGE_OBJECT_PAINT""]",True,C_LARGE_OBJECT_PAINT
pvg_fx_decal_trash2_2_a36f230e,res://assets/tilesets/cyber_city_core_tilesets/CyberCity_Core_Tiles_2/CyberCity_Core_Tiles_2/Trash2_2.png,Trash2_2.png,FX_DECAL,decal_clutter,17,14,15,8,55.04,"[""C_LARGE_OBJECT_PAINT""]",True,C_LARGE_OBJECT_PAINT
pvg_fx_decal_trash2_3_1e742e6c,res://assets/tilesets/cyber_city_core_tilesets/CyberCity_Core_Tiles_2/CyberCity_Core_Tiles_2/Trash2_3.png,Trash2_3.png,FX_DECAL,decal_clutter,15,13,10,12,43.59,"[""C_LARGE_OBJECT_PAINT""]",True,C_LARGE_OBJECT_PAINT
pvg_fx_decal_trash2_4_0c678af9,res://assets/tilesets/cyber_city_core_tilesets/CyberCity_Core_Tiles_2/CyberCity_Core_Tiles_2/Trash2_4.png,Trash2_4.png,FX_DECAL,decal_clutter,21,10,15,8,45.24,"[""C_LARGE_OBJECT_PAINT""]",True,C_LARGE_OBJECT_PAINT
pvg_fx_decal_trash2_5_5288bcbf,res://assets/tilesets/cyber_city_core_tilesets/CyberCity_Core_Tiles_2/CyberCity_Core_Tiles_2/Trash2_5.png,Trash2_5.png,FX_DECAL,decal_clutter,17,15,16,11,58.04,"[""C_LARGE_OBJECT_PAINT""]",True,C_LARGE_OBJECT_PAINT
pvg_fx_decal_trash2_6_2a498e7c,res://assets/tilesets/cyber_city_core_tilesets/CyberCity_Core_Tiles_2/CyberCity_Core_Tiles_2/Trash2_6.png,Trash2_6.png,FX_DECAL,decal_clutter,18,13,17,11,51.71,"[""C_LARGE_OBJECT_PAINT""]",True,C_LARGE_OBJECT_PAINT
pvg_fx_decal_trash2_7_89c0491d,res://assets/tilesets/cyber_city_core_tilesets/CyberCity_Core_Tiles_2/CyberCity_Core_Tiles_2/Trash2_7.png,Trash2_7.png,FX_DECAL,decal_clutter,18,13,17,12,52.14,"[""C_LARGE_OBJECT_PAINT""]",True,C_LARGE_OBJECT_PAINT
pvg_fx_decal_trash2_8_56d917f5,res://assets/tilesets/cyber_city_core_tilesets/CyberCity_Core_Tiles_2/CyberCity_Core_Tiles_2/Trash2_8.png,Trash2_8.png,FX_DECAL,decal_clutter,17,14,15,12,50.84,"[""C_LARGE_OBJECT_PAINT""]",True,C_LARGE_OBJECT_PAINT
pvg_fx_decal_trash3_1_1c07381e,res://assets/tilesets/cyber_city_core_tilesets/CyberCity_Core_Tiles_2/CyberCity_Core_Tiles_2/Trash3_1.png,Trash3_1.png,FX_DECAL,decal_clutter,14,14,10,11,51.53,"[""C_LARGE_OBJECT_PAINT""]",True,C_LARGE_OBJECT_PAINT
pvg_fx_decal_trash3_2_fd8808ff,res://assets/tilesets/cyber_city_core_tilesets/CyberCity_Core_Tiles_2/CyberCity_Core_Tiles_2/Trash3_2.png,Trash3_2.png,FX_DECAL,decal_clutter,18,11,15,8,45.96,"[""C_LARGE_OBJECT_PAINT""]",True,C_LARGE_OBJECT_PAINT
pvg_fx_decal_trash3_3_1f7a63ee,res://assets/tilesets/cyber_city_core_tilesets/CyberCity_Core_Tiles_2/CyberCity_Core_Tiles_2/Trash3_3.png,Trash3_3.png,FX_DECAL,decal_clutter,12,14,10,11,40.48,"[""C_LARGE_OBJECT_PAINT""]",True,C_LARGE_OBJECT_PAINT
pvg_fx_decal_trash3_4_98b338a8,res://assets/tilesets/cyber_city_core_tilesets/CyberCity_Core_Tiles_2/CyberCity_Core_Tiles_2/Trash3_4.png,Trash3_4.png,FX_DECAL,decal_clutter,19,11,15,8,51.2,"[""C_LARGE_OBJECT_PAINT""]",True,C_LARGE_OBJECT_PAINT
pvg_fx_decal_trash3_5_8b689379,res://assets/tilesets/cyber_city_core_tilesets/CyberCity_Core_Tiles_2/CyberCity_Core_Tiles_2/Trash3_5.png,Trash3_5.png,FX_DECAL,decal_clutter,17,17,15,12,64.36,"[""C_LARGE_OBJECT_PAINT""]",True,C_LARGE_OBJECT_PAINT
pvg_fx_decal_trash3_6_a2134719,res://assets/tilesets/cyber_city_core_tilesets/CyberCity_Core_Tiles_2/CyberCity_Core_Tiles_2/Trash3_6.png,Trash3_6.png,FX_DECAL,decal_clutter,17,15,15,11,62.75,"[""C_LARGE_OBJECT_PAINT""]",True,C_LARGE_OBJECT_PAINT
pvg_fx_decal_trash3_7_bd940552,res://assets/tilesets/cyber_city_core_tilesets/CyberCity_Core_Tiles_2/CyberCity_Core_Tiles_2/Trash3_7.png,Trash3_7.png,FX_DECAL,decal_clutter,19,14,16,12,59.02,"[""C_LARGE_OBJECT_PAINT""]",True,C_LARGE_OBJECT_PAINT
pvg_fx_decal_trash3_8_355cab43,res://assets/tilesets/cyber_city_core_tilesets/CyberCity_Core_Tiles_2/CyberCity_Core_Tiles_2/Trash3_8.png,Trash3_8.png,FX_DECAL,decal_clutter,16,12,15,12,47.4,"[""C_LARGE_OBJECT_PAINT""]",True,C_LARGE_OBJECT_PAINT
pvg_fx_decal_trash4_1_b6fcc7b5,res://assets/tilesets/cyber_city_core_tilesets/CyberCity_Core_Tiles_2/CyberCity_Core_Tiles_2/Trash4_1.png,Trash4_1.png,FX_DECAL,decal_clutter,17,12,12,12,40.69,"[""C_LARGE_OBJECT_PAINT""]",True,C_LARGE_OBJECT_PAINT
pvg_fx_decal_trash4_2_b58b3c71,res://assets/tilesets/cyber_city_core_tilesets/CyberCity_Core_Tiles_2/CyberCity_Core_Tiles_2/Trash4_2.png,Trash4_2.png,FX_DECAL,decal_clutter,16,12,15,10,30.73,"[""C_LARGE_OBJECT_PAINT""]",True,C_LARGE_OBJECT_PAINT
pvg_fx_decal_trash4_3_0aa136be,res://assets/tilesets/cyber_city_core_tilesets/CyberCity_Core_Tiles_2/CyberCity_Core_Tiles_2/Trash4_3.png,Trash4_3.png,FX_DECAL,decal_clutter,13,13,12,11,28.4,"[""C_LARGE_OBJECT_PAINT""]",True,C_LARGE_OBJECT_PAINT
pvg_fx_decal_trash4_4_c04db08c,res://assets/tilesets/cyber_city_core_tilesets/CyberCity_Core_Tiles_2/CyberCity_Core_Tiles_2/Trash4_4.png,Trash4_4.png,FX_DECAL,decal_clutter,16,12,16,8,40.62,"[""C_LARGE_OBJECT_PAINT""]",True,C_LARGE_OBJECT_PAINT
pvg_fx_decal_trash4_5_4ab4eafd,res://assets/tilesets/cyber_city_core_tilesets/CyberCity_Core_Tiles_2/CyberCity_Core_Tiles_2/Trash4_5.png,Trash4_5.png,FX_DECAL,decal_clutter,18,15,17,13,53.33,"[""C_LARGE_OBJECT_PAINT""]",True,C_LARGE_OBJECT_PAINT
pvg_fx_decal_trash4_6_6930de37,res://assets/tilesets/cyber_city_core_tilesets/CyberCity_Core_Tiles_2/CyberCity_Core_Tiles_2/Trash4_6.png,Trash4_6.png,FX_DECAL,decal_clutter,18,13,17,11,51.28,"[""C_LARGE_OBJECT_PAINT""]",True,C_LARGE_OBJECT_PAINT
pvg_fx_decal_trash4_7_9f0bb47f,res://assets/tilesets/cyber_city_core_tilesets/CyberCity_Core_Tiles_2/CyberCity_Core_Tiles_2/Trash4_7.png,Trash4_7.png,FX_DECAL,decal_clutter,18,14,17,12,48.41,"[""C_LARGE_OBJECT_PAINT""]",True,C_LARGE_OBJECT_PAINT
pvg_fx_decal_trash4_8_8bc153f9,res://assets/tilesets/cyber_city_core_tilesets/CyberCity_Core_Tiles_2/CyberCity_Core_Tiles_2/Trash4_8.png,Trash4_8.png,FX_DECAL,decal_clutter,19,13,16,13,51.42,"[""C_LARGE_OBJECT_PAINT""]",True,C_LARGE_OBJECT_PAINT
pvg_fx_decal_trash5_1_50a9cba2,res://assets/tilesets/cyber_city_core_tilesets/CyberCity_Core_Tiles_2/CyberCity_Core_Tiles_2/Trash5_1.png,Trash5_1.png,FX_DECAL,decal_clutter,11,13,10,11,29.37,"[""C_LARGE_OBJECT_PAINT""]",True,C_LARGE_OBJECT_PAINT
pvg_fx_decal_trash5_2_7633ff66,res://assets/tilesets/cyber_city_core_tilesets/CyberCity_Core_Tiles_2/CyberCity_Core_Tiles_2/Trash5_2.png,Trash5_2.png,FX_DECAL,decal_clutter,17,10,15,8,35.29,"[""C_LARGE_OBJECT_PAINT""]",True,C_LARGE_OBJECT_PAINT
pvg_fx_decal_trash5_3_f9598464,res://assets/tilesets/cyber_city_core_tilesets/CyberCity_Core_Tiles_2/CyberCity_Core_Tiles_2/Trash5_3.png,Trash5_3.png,FX_DECAL,decal_clutter,16,13,10,11,49.52,"[""C_LARGE_OBJECT_PAINT""]",True,C_LARGE_OBJECT_PAINT
pvg_fx_decal_trash5_4_cf9d3749,res://assets/tilesets/cyber_city_core_tilesets/CyberCity_Core_Tiles_2/CyberCity_Core_Tiles_2/Trash5_4.png,Trash5_4.png,FX_DECAL,decal_clutter,17,9,15,7,35.29,"[""C_LARGE_OBJECT_PAINT""]",True,C_LARGE_OBJECT_PAINT
pvg_fx_decal_trash5_5_be9ea96e,res://assets/tilesets/cyber_city_core_tilesets/CyberCity_Core_Tiles_2/CyberCity_Core_Tiles_2/Trash5_5.png,Trash5_5.png,FX_DECAL,decal_clutter,17,13,15,12,52.94,"[""C_LARGE_OBJECT_PAINT""]",True,C_LARGE_OBJECT_PAINT
pvg_fx_decal_trash5_6_afb69364,res://assets/tilesets/cyber_city_core_tilesets/CyberCity_Core_Tiles_2/CyberCity_Core_Tiles_2/Trash5_6.png,Trash5_6.png,FX_DECAL,decal_clutter,17,13,16,11,56.11,"[""C_LARGE_OBJECT_PAINT""]",True,C_LARGE_OBJECT_PAINT
pvg_fx_decal_trash5_7_228786f5,res://assets/tilesets/cyber_city_core_tilesets/CyberCity_Core_Tiles_2/CyberCity_Core_Tiles_2/Trash5_7.png,Trash5_7.png,FX_DECAL,decal_clutter,18,14,16,12,56.75,"[""C_LARGE_OBJECT_PAINT""]",True,C_LARGE_OBJECT_PAINT
pvg_fx_decal_trash5_8_52b0e7a0,res://assets/tilesets/cyber_city_core_tilesets/CyberCity_Core_Tiles_2/CyberCity_Core_Tiles_2/Trash5_8.png,Trash5_8.png,FX_DECAL,decal_clutter,16,12,16,12,48.44,"[""C_LARGE_OBJECT_PAINT""]",True,C_LARGE_OBJECT_PAINT
pvg_fx_decal_trash6_1_a6522c44,res://assets/tilesets/cyber_city_core_tilesets/CyberCity_Core_Tiles_2/CyberCity_Core_Tiles_2/Trash6_1.png,Trash6_1.png,FX_DECAL,decal_clutter,19,15,12,12,58.95,"[""C_LARGE_OBJECT_PAINT""]",True,C_LARGE_OBJECT_PAINT
pvg_fx_decal_trash6_2_9ff96638,res://assets/tilesets/cyber_city_core_tilesets/CyberCity_Core_Tiles_2/CyberCity_Core_Tiles_2/Trash6_2.png,Trash6_2.png,FX_DECAL,decal_clutter,17,12,15,9,36.27,"[""C_LARGE_OBJECT_PAINT""]",True,C_LARGE_OBJECT_PAINT
pvg_fx_decal_trash6_3_6081e592,res://assets/tilesets/cyber_city_core_tilesets/CyberCity_Core_Tiles_2/CyberCity_Core_Tiles_2/Trash6_3.png,Trash6_3.png,FX_DECAL,decal_clutter,13,13,12,11,26.04,"[""C_LARGE_OBJECT_PAINT""]",True,C_LARGE_OBJECT_PAINT
pvg_fx_decal_trash6_4_2df7e725,res://assets/tilesets/cyber_city_core_tilesets/CyberCity_Core_Tiles_2/CyberCity_Core_Tiles_2/Trash6_4.png,Trash6_4.png,FX_DECAL,decal_clutter,17,10,15,8,33.53,"[""C_LARGE_OBJECT_PAINT""]",True,C_LARGE_OBJECT_PAINT
pvg_fx_decal_trash6_5_2ef1004b,res://assets/tilesets/cyber_city_core_tilesets/CyberCity_Core_Tiles_2/CyberCity_Core_Tiles_2/Trash6_5.png,Trash6_5.png,FX_DECAL,decal_clutter,19,14,16,13,51.88,"[""C_LARGE_OBJECT_PAINT""]",True,C_LARGE_OBJECT_PAINT
pvg_fx_decal_trash6_6_e4372361,res://assets/tilesets/cyber_city_core_tilesets/CyberCity_Core_Tiles_2/CyberCity_Core_Tiles_2/Trash6_6.png,Trash6_6.png,FX_DECAL,decal_clutter,18,13,16,12,50.0,"[""C_LARGE_OBJECT_PAINT""]",True,C_LARGE_OBJECT_PAINT
pvg_fx_decal_trash6_7_ac5909cf,res://assets/tilesets/cyber_city_core_tilesets/CyberCity_Core_Tiles_2/CyberCity_Core_Tiles_2/Trash6_7.png,Trash6_7.png,FX_DECAL,decal_clutter,20,15,17,13,56.67,"[""C_LARGE_OBJECT_PAINT""]",True,C_LARGE_OBJECT_PAINT
pvg_fx_decal_trash6_8_7ac94b05,res://assets/tilesets/cyber_city_core_tilesets/CyberCity_Core_Tiles_2/CyberCity_Core_Tiles_2/Trash6_8.png,Trash6_8.png,FX_DECAL,decal_clutter,18,14,17,13,51.98,"[""C_LARGE_OBJECT_PAINT""]",True,C_LARGE_OBJECT_PAINT
pvg_fx_decal_trash7_1_911623d5,res://assets/tilesets/cyber_city_core_tilesets/CyberCity_Core_Tiles_2/CyberCity_Core_Tiles_2/Trash7_1.png,Trash7_1.png,FX_DECAL,decal_clutter,15,14,10,10,56.19,"[""C_LARGE_OBJECT_PAINT""]",True,C_LARGE_OBJECT_PAINT
pvg_fx_decal_trash7_2_1feab9c7,res://assets/tilesets/cyber_city_core_tilesets/CyberCity_Core_Tiles_2/CyberCity_Core_Tiles_2/Trash7_2.png,Trash7_2.png,FX_DECAL,decal_clutter,16,9,14,9,34.03,"[""C_LARGE_OBJECT_PAINT""]",True,C_LARGE_OBJECT_PAINT
pvg_fx_decal_trash7_3_735976d1,res://assets/tilesets/cyber_city_core_tilesets/CyberCity_Core_Tiles_2/CyberCity_Core_Tiles_2/Trash7_3.png,Trash7_3.png,FX_DECAL,decal_clutter,16,12,10,11,47.4,"[""C_LARGE_OBJECT_PAINT""]",True,C_LARGE_OBJECT_PAINT
pvg_fx_decal_trash7_4_0fa600b5,res://assets/tilesets/cyber_city_core_tilesets/CyberCity_Core_Tiles_2/CyberCity_Core_Tiles_2/Trash7_4.png,Trash7_4.png,FX_DECAL,decal_clutter,18,9,14,7,42.59,"[""C_LARGE_OBJECT_PAINT""]",True,C_LARGE_OBJECT_PAINT
pvg_fx_decal_trash7_5_4da1702f,res://assets/tilesets/cyber_city_core_tilesets/CyberCity_Core_Tiles_2/CyberCity_Core_Tiles_2/Trash7_5.png,Trash7_5.png,FX_DECAL,decal_clutter,19,11,15,10,55.98,"[""C_LARGE_OBJECT_PAINT""]",True,C_LARGE_OBJECT_PAINT
pvg_fx_decal_trash7_6_415d4c04,res://assets/tilesets/cyber_city_core_tilesets/CyberCity_Core_Tiles_2/CyberCity_Core_Tiles_2/Trash7_6.png,Trash7_6.png,FX_DECAL,decal_clutter,16,16,14,11,63.67,"[""C_LARGE_OBJECT_PAINT""]",True,C_LARGE_OBJECT_PAINT
pvg_fx_decal_trash7_7_e07042f8,res://assets/tilesets/cyber_city_core_tilesets/CyberCity_Core_Tiles_2/CyberCity_Core_Tiles_2/Trash7_7.png,Trash7_7.png,FX_DECAL,decal_clutter,18,13,15,12,57.26,"[""C_LARGE_OBJECT_PAINT""]",True,C_LARGE_OBJECT_PAINT
pvg_fx_decal_trash7_8_f9c7367d,res://assets/tilesets/cyber_city_core_tilesets/CyberCity_Core_Tiles_2/CyberCity_Core_Tiles_2/Trash7_8.png,Trash7_8.png,FX_DECAL,decal_clutter,16,14,15,12,55.8,"[""C_LARGE_OBJECT_PAINT""]",True,C_LARGE_OBJECT_PAINT
pvg_fx_decal_trash8_1_1ce3b3c5,res://assets/tilesets/cyber_city_core_tilesets/CyberCity_Core_Tiles_2/CyberCity_Core_Tiles_2/Trash8_1.png,Trash8_1.png,FX_DECAL,decal_clutter,10,10,9,8,38.0,"[""C_LARGE_OBJECT_PAINT""]",True,C_LARGE_OBJECT_PAINT
pvg_fx_decal_trash8_2_a25b057b,res://assets/tilesets/cyber_city_core_tilesets/CyberCity_Core_Tiles_2/CyberCity_Core_Tiles_2/Trash8_2.png,Trash8_2.png,FX_DECAL,decal_clutter,13,9,13,7,44.44,"[""C_LARGE_OBJECT_PAINT""]",True,C_LARGE_OBJECT_PAINT
pvg_fx_decal_trash8_3_db5ed86a,res://assets/tilesets/cyber_city_core_tilesets/CyberCity_Core_Tiles_2/CyberCity_Core_Tiles_2/Trash8_3.png,Trash8_3.png,FX_DECAL,decal_clutter,11,11,9,9,41.32,"[""C_LARGE_OBJECT_PAINT""]",True,C_LARGE_OBJECT_PAINT
pvg_fx_decal_trash8_4_54c7216e,res://assets/tilesets/cyber_city_core_tilesets/CyberCity_Core_Tiles_2/CyberCity_Core_Tiles_2/Trash8_4.png,Trash8_4.png,FX_DECAL,decal_clutter,15,11,12,7,58.79,"[""C_LARGE_OBJECT_PAINT""]",True,C_LARGE_OBJECT_PAINT
pvg_fx_decal_trash8_5_af91792c,res://assets/tilesets/cyber_city_core_tilesets/CyberCity_Core_Tiles_2/CyberCity_Core_Tiles_2/Trash8_5.png,Trash8_5.png,FX_DECAL,decal_clutter,13,10,13,9,50.0,"[""C_LARGE_OBJECT_PAINT""]",True,C_LARGE_OBJECT_PAINT
pvg_fx_decal_trash8_6_1da7d3f0,res://assets/tilesets/cyber_city_core_tilesets/CyberCity_Core_Tiles_2/CyberCity_Core_Tiles_2/Trash8_6.png,Trash8_6.png,FX_DECAL,decal_clutter,13,10,12,9,46.92,"[""C_LARGE_OBJECT_PAINT""]",True,C_LARGE_OBJECT_PAINT
pvg_fx_decal_trash8_7_dcbba80c,res://assets/tilesets/cyber_city_core_tilesets/CyberCity_Core_Tiles_2/CyberCity_Core_Tiles_2/Trash8_7.png,Trash8_7.png,FX_DECAL,decal_clutter,13,11,12,10,53.15,"[""C_LARGE_OBJECT_PAINT""]",True,C_LARGE_OBJECT_PAINT
pvg_fx_decal_trash8_8_d798bc84,res://assets/tilesets/cyber_city_core_tilesets/CyberCity_Core_Tiles_2/CyberCity_Core_Tiles_2/Trash8_8.png,Trash8_8.png,FX_DECAL,decal_clutter,13,11,12,10,48.25,"[""C_LARGE_OBJECT_PAINT""]",True,C_LARGE_OBJECT_PAINT
pvg_fx_decal_trash9_1_6cdae523,res://assets/tilesets/cyber_city_core_tilesets/CyberCity_Core_Tiles_2/CyberCity_Core_Tiles_2/Trash9_1.png,Trash9_1.png,FX_DECAL,decal_clutter,8,8,7,6,40.62,"[""C_LARGE_OBJECT_PAINT""]",True,C_LARGE_OBJECT_PAINT
pvg_fx_decal_trash9_2_6756c40c,res://assets/tilesets/cyber_city_core_tilesets/CyberCity_Core_Tiles_2/CyberCity_Core_Tiles_2/Trash9_2.png,Trash9_2.png,FX_DECAL,decal_clutter,11,7,9,6,41.56,"[""C_LARGE_OBJECT_PAINT""]",True,C_LARGE_OBJECT_PAINT
pvg_fx_decal_trash9_3_1e801cab,res://assets/tilesets/cyber_city_core_tilesets/CyberCity_Core_Tiles_2/CyberCity_Core_Tiles_2/Trash9_3.png,Trash9_3.png,FX_DECAL,decal_clutter,10,9,7,7,48.89,"[""C_LARGE_OBJECT_PAINT""]",True,C_LARGE_OBJECT_PAINT
pvg_fx_decal_trash9_4_49afb218,res://assets/tilesets/cyber_city_core_tilesets/CyberCity_Core_Tiles_2/CyberCity_Core_Tiles_2/Trash9_4.png,Trash9_4.png,FX_DECAL,decal_clutter,11,6,9,6,27.27,"[""C_LARGE_OBJECT_PAINT""]",True,C_LARGE_OBJECT_PAINT
pvg_fx_decal_trash9_5_930a126d,res://assets/tilesets/cyber_city_core_tilesets/CyberCity_Core_Tiles_2/CyberCity_Core_Tiles_2/Trash9_5.png,Trash9_5.png,FX_DECAL,decal_clutter,11,8,10,7,53.41,"[""C_LARGE_OBJECT_PAINT""]",True,C_LARGE_OBJECT_PAINT
pvg_fx_decal_trash9_6_efa52c25,res://assets/tilesets/cyber_city_core_tilesets/CyberCity_Core_Tiles_2/CyberCity_Core_Tiles_2/Trash9_6.png,Trash9_6.png,FX_DECAL,decal_clutter,11,8,9,7,52.27,"[""C_LARGE_OBJECT_PAINT""]",True,C_LARGE_OBJECT_PAINT
pvg_fx_decal_trash9_7_0ef12981,res://assets/tilesets/cyber_city_core_tilesets/CyberCity_Core_Tiles_2/CyberCity_Core_Tiles_2/Trash9_7.png,Trash9_7.png,FX_DECAL,decal_clutter,10,9,9,8,50.0,"[""C_LARGE_OBJECT_PAINT""]",True,C_LARGE_OBJECT_PAINT
pvg_fx_decal_trash9_8_fa061ea0,res://assets/tilesets/cyber_city_core_tilesets/CyberCity_Core_Tiles_2/CyberCity_Core_Tiles_2/Trash9_8.png,Trash9_8.png,FX_DECAL,decal_clutter,11,10,9,8,60.0,"[""C_LARGE_OBJECT_PAINT""]",True,C_LARGE_OBJECT_PAINT
pvg_fx_decal_trashbag1_1_bb824826,res://assets/tilesets/cyber_city_core_tilesets/CyberCity_Core_Tiles_2/CyberCity_Core_Tiles_2/TrashBag1_1.png,TrashBag1_1.png,FX_DECAL,decal_clutter,45,52,41,50,38.42,"[""C_LARGE_OBJECT_PAINT""]",True,C_LARGE_OBJECT_PAINT
pvg_fx_decal_trashbag1_2_812c989a,res://assets/tilesets/cyber_city_core_tilesets/CyberCity_Core_Tiles_2/CyberCity_Core_Tiles_2/TrashBag1_2.png,TrashBag1_2.png,FX_DECAL,decal_clutter,60,48,58,46,38.89,"[""C_LARGE_OBJECT_PAINT""]",True,C_LARGE_OBJECT_PAINT
pvg_fx_decal_trashbag1_3_bb4d9658,res://assets/tilesets/cyber_city_core_tilesets/CyberCity_Core_Tiles_2/CyberCity_Core_Tiles_2/TrashBag1_3.png,TrashBag1_3.png,FX_DECAL,decal_clutter,41,62,38,61,36.74,"[""C_LARGE_OBJECT_PAINT""]",True,C_LARGE_OBJECT_PAINT
pvg_fx_decal_trashbag1_4_2288bc85,res://assets/tilesets/cyber_city_core_tilesets/CyberCity_Core_Tiles_2/CyberCity_Core_Tiles_2/TrashBag1_4.png,TrashBag1_4.png,FX_DECAL,decal_clutter,57,50,55,48,40.6,"[""C_LARGE_OBJECT_PAINT""]",True,C_LARGE_OBJECT_PAINT
pvg_fx_decal_trashbag1_5_ffde3031,res://assets/tilesets/cyber_city_core_tilesets/CyberCity_Core_Tiles_2/CyberCity_Core_Tiles_2/TrashBag1_5.png,TrashBag1_5.png,FX_DECAL,decal_clutter,54,47,52,45,34.4,"[""C_LARGE_OBJECT_PAINT""]",True,C_LARGE_OBJECT_PAINT
pvg_fx_decal_trashbag1_6_0c411dc0,res://assets/tilesets/cyber_city_core_tilesets/CyberCity_Core_Tiles_2/CyberCity_Core_Tiles_2/TrashBag1_6.png,TrashBag1_6.png,FX_DECAL,decal_clutter,42,46,41,44,24.02,"[""C_LARGE_OBJECT_PAINT""]",True,C_LARGE_OBJECT_PAINT
pvg_fx_decal_trashbag1_7_dd45ef7b,res://assets/tilesets/cyber_city_core_tilesets/CyberCity_Core_Tiles_2/CyberCity_Core_Tiles_2/TrashBag1_7.png,TrashBag1_7.png,FX_DECAL,decal_clutter,47,59,45,56,39.52,"[""C_LARGE_OBJECT_PAINT""]",True,C_LARGE_OBJECT_PAINT
pvg_fx_decal_trashbag1_8_163cab34,res://assets/tilesets/cyber_city_core_tilesets/CyberCity_Core_Tiles_2/CyberCity_Core_Tiles_2/TrashBag1_8.png,TrashBag1_8.png,FX_DECAL,decal_clutter,50,53,48,51,39.06,"[""C_LARGE_OBJECT_PAINT""]",True,C_LARGE_OBJECT_PAINT
pvg_fx_decal_trashcan1_1_347eb579,res://assets/tilesets/cyber_city_core_tilesets/CyberCity_Core_Tiles_2/CyberCity_Core_Tiles_2/TrashCan1_1.png,TrashCan1_1.png,FX_DECAL,decal_clutter,30,45,26,41,35.56,"[""C_LARGE_OBJECT_PAINT""]",True,C_LARGE_OBJECT_PAINT
pvg_fx_decal_trashcan1_2_7097aa56,res://assets/tilesets/cyber_city_core_tilesets/CyberCity_Core_Tiles_2/CyberCity_Core_Tiles_2/TrashCan1_2.png,TrashCan1_2.png,FX_DECAL,decal_clutter,31,43,30,41,24.68,"[""C_LARGE_OBJECT_PAINT""]",True,C_LARGE_OBJECT_PAINT
pvg_fx_decal_trashcan1_3_217482f4,res://assets/tilesets/cyber_city_core_tilesets/CyberCity_Core_Tiles_2/CyberCity_Core_Tiles_2/TrashCan1_3.png,TrashCan1_3.png,FX_DECAL,decal_clutter,29,45,27,42,30.42,"[""C_LARGE_OBJECT_PAINT""]",True,C_LARGE_OBJECT_PAINT
pvg_fx_decal_trashcan1_4_4461a210,res://assets/tilesets/cyber_city_core_tilesets/CyberCity_Core_Tiles_2/CyberCity_Core_Tiles_2/TrashCan1_4.png,TrashCan1_4.png,FX_DECAL,decal_clutter,31,43,29,41,25.96,"[""C_LARGE_OBJECT_PAINT""]",True,C_LARGE_OBJECT_PAINT
pvg_fx_decal_trashcan1_5_ed1a4c89,res://assets/tilesets/cyber_city_core_tilesets/CyberCity_Core_Tiles_2/CyberCity_Core_Tiles_2/TrashCan1_5.png,TrashCan1_5.png,FX_DECAL,decal_clutter,36,46,33,45,38.71,"[""C_LARGE_OBJECT_PAINT""]",True,C_LARGE_OBJECT_PAINT
pvg_fx_decal_trashcan1_6_188807b3,res://assets/tilesets/cyber_city_core_tilesets/CyberCity_Core_Tiles_2/CyberCity_Core_Tiles_2/TrashCan1_6.png,TrashCan1_6.png,FX_DECAL,decal_clutter,36,46,34,45,39.49,"[""C_LARGE_OBJECT_PAINT""]",True,C_LARGE_OBJECT_PAINT
pvg_fx_decal_trashcan1_7_f0b766f5,res://assets/tilesets/cyber_city_core_tilesets/CyberCity_Core_Tiles_2/CyberCity_Core_Tiles_2/TrashCan1_7.png,TrashCan1_7.png,FX_DECAL,decal_clutter,37,47,34,45,41.86,"[""C_LARGE_OBJECT_PAINT""]",True,C_LARGE_OBJECT_PAINT
pvg_fx_decal_trashcan1_8_77707019,res://assets/tilesets/cyber_city_core_tilesets/CyberCity_Core_Tiles_2/CyberCity_Core_Tiles_2/TrashCan1_8.png,TrashCan1_8.png,FX_DECAL,decal_clutter,36,46,34,45,38.04,"[""C_LARGE_OBJECT_PAINT""]",True,C_LARGE_OBJECT_PAINT
pvg_fx_decal_trashcan2_1_7324f5b0,res://assets/tilesets/cyber_city_core_tilesets/CyberCity_Core_Tiles_2/CyberCity_Core_Tiles_2/TrashCan2_1.png,TrashCan2_1.png,FX_DECAL,decal_clutter,26,35,24,30,39.01,"[""C_LARGE_OBJECT_PAINT""]",True,C_LARGE_OBJECT_PAINT
pvg_fx_decal_trashcan3_1_1cf8cd34,res://assets/tilesets/cyber_city_core_tilesets/CyberCity_Core_Tiles_2/CyberCity_Core_Tiles_2/TrashCan3_1.png,TrashCan3_1.png,FX_DECAL,decal_clutter,29,35,27,33,37.04,"[""C_LARGE_OBJECT_PAINT""]",True,C_LARGE_OBJECT_PAINT
pvg_fx_decal_trashcan3_2_dd4307e3,res://assets/tilesets/cyber_city_core_tilesets/CyberCity_Core_Tiles_2/CyberCity_Core_Tiles_2/TrashCan3_2.png,TrashCan3_2.png,FX_DECAL,decal_clutter,26,37,24,35,35.14,"[""C_LARGE_OBJECT_PAINT""]",True,C_LARGE_OBJECT_PAINT
pvg_fx_decal_trashcan3_3_b7ba9cbb,res://assets/tilesets/cyber_city_core_tilesets/CyberCity_Core_Tiles_2/CyberCity_Core_Tiles_2/TrashCan3_3.png,TrashCan3_3.png,FX_DECAL,decal_clutter,25,35,24,33,30.06,"[""C_LARGE_OBJECT_PAINT""]",True,C_LARGE_OBJECT_PAINT
pvg_fx_decal_trashcan3_4_674ba5d7,res://assets/tilesets/cyber_city_core_tilesets/CyberCity_Core_Tiles_2/CyberCity_Core_Tiles_2/TrashCan3_4.png,TrashCan3_4.png,FX_DECAL,decal_clutter,26,35,24,34,32.09,"[""C_LARGE_OBJECT_PAINT""]",True,C_LARGE_OBJECT_PAINT
pvg_fx_decal_trashcan3_5_5be2c9e8,res://assets/tilesets/cyber_city_core_tilesets/CyberCity_Core_Tiles_2/CyberCity_Core_Tiles_2/TrashCan3_5.png,TrashCan3_5.png,FX_DECAL,decal_clutter,26,35,24,33,30.77,"[""C_LARGE_OBJECT_PAINT""]",True,C_LARGE_OBJECT_PAINT
pvg_fx_decal_trashcan3_6_f43bcd5b,res://assets/tilesets/cyber_city_core_tilesets/CyberCity_Core_Tiles_2/CyberCity_Core_Tiles_2/TrashCan3_6.png,TrashCan3_6.png,FX_DECAL,decal_clutter,26,35,24,33,32.42,"[""C_LARGE_OBJECT_PAINT""]",True,C_LARGE_OBJECT_PAINT
pvg_fx_decal_trashcan3_7_eff28b08,res://assets/tilesets/cyber_city_core_tilesets/CyberCity_Core_Tiles_2/CyberCity_Core_Tiles_2/TrashCan3_7.png,TrashCan3_7.png,FX_DECAL,decal_clutter,26,35,24,33,31.43,"[""C_LARGE_OBJECT_PAINT""]",True,C_LARGE_OBJECT_PAINT
pvg_fx_decal_trashcan3_8_ba138f04,res://assets/tilesets/cyber_city_core_tilesets/CyberCity_Core_Tiles_2/CyberCity_Core_Tiles_2/TrashCan3_8.png,TrashCan3_8.png,FX_DECAL,decal_clutter,29,36,24,34,41.48,"[""C_LARGE_OBJECT_PAINT""]",True,C_LARGE_OBJECT_PAINT
pvg_fx_decal_trashcan4_1_8dc41d3e,res://assets/tilesets/cyber_city_core_tilesets/CyberCity_Core_Tiles_2/CyberCity_Core_Tiles_2/TrashCan4_1.png,TrashCan4_1.png,FX_DECAL,decal_clutter,59,72,55,66,40.75,"[""C_LARGE_OBJECT_PAINT""]",True,C_LARGE_OBJECT_PAINT
pvg_fx_decal_trashcan4_2_c5562a8a,res://assets/tilesets/cyber_city_core_tilesets/CyberCity_Core_Tiles_2/CyberCity_Core_Tiles_2/TrashCan4_2.png,TrashCan4_2.png,FX_DECAL,decal_clutter,57,68,55,66,35.24,"[""C_LARGE_OBJECT_PAINT""]",True,C_LARGE_OBJECT_PAINT
pvg_fx_decal_trashcan4_3_7773fb84,res://assets/tilesets/cyber_city_core_tilesets/CyberCity_Core_Tiles_2/CyberCity_Core_Tiles_2/TrashCan4_3.png,TrashCan4_3.png,FX_DECAL,decal_clutter,62,71,55,67,42.89,"[""C_LARGE_OBJECT_PAINT""]",True,C_LARGE_OBJECT_PAINT
pvg_fx_decal_trashcan4_4_4f6b95d3,res://assets/tilesets/cyber_city_core_tilesets/CyberCity_Core_Tiles_2/CyberCity_Core_Tiles_2/TrashCan4_4.png,TrashCan4_4.png,FX_DECAL,decal_clutter,59,70,55,67,38.69,"[""C_LARGE_OBJECT_PAINT""]",True,C_LARGE_OBJECT_PAINT
pvg_fx_decal_trashcan4_5_0be5226b,res://assets/tilesets/cyber_city_core_tilesets/CyberCity_Core_Tiles_2/CyberCity_Core_Tiles_2/TrashCan4_5.png,TrashCan4_5.png,FX_DECAL,decal_clutter,57,71,55,66,37.95,"[""C_LARGE_OBJECT_PAINT""]",True,C_LARGE_OBJECT_PAINT
pvg_fx_decal_trashcan4_6_52df4aef,res://assets/tilesets/cyber_city_core_tilesets/CyberCity_Core_Tiles_2/CyberCity_Core_Tiles_2/TrashCan4_6.png,TrashCan4_6.png,FX_DECAL,decal_clutter,57,68,55,66,35.09,"[""C_LARGE_OBJECT_PAINT""]",True,C_LARGE_OBJECT_PAINT
pvg_fx_decal_trashcan4_7_051403b3,res://assets/tilesets/cyber_city_core_tilesets/CyberCity_Core_Tiles_2/CyberCity_Core_Tiles_2/TrashCan4_7.png,TrashCan4_7.png,FX_DECAL,decal_clutter,58,71,54,67,38.61,"[""C_LARGE_OBJECT_PAINT""]",True,C_LARGE_OBJECT_PAINT
pvg_fx_decal_trashcan4_8_070d484f,res://assets/tilesets/cyber_city_core_tilesets/CyberCity_Core_Tiles_2/CyberCity_Core_Tiles_2/TrashCan4_8.png,TrashCan4_8.png,FX_DECAL,decal_clutter,56,69,54,67,34.63,"[""C_LARGE_OBJECT_PAINT""]",True,C_LARGE_OBJECT_PAINT
pvg_fx_decal_trashcan5_1_31a45fad,res://assets/tilesets/cyber_city_core_tilesets/CyberCity_Core_Tiles_2/CyberCity_Core_Tiles_2/TrashCan5_1.png,TrashCan5_1.png,FX_DECAL,decal_clutter,54,70,51,64,38.15,"[""C_LARGE_OBJECT_PAINT""]",True,C_LARGE_OBJECT_PAINT
pvg_fx_decal_trashcan5_2_9dd4ee68,res://assets/tilesets/cyber_city_core_tilesets/CyberCity_Core_Tiles_2/CyberCity_Core_Tiles_2/TrashCan5_2.png,TrashCan5_2.png,FX_DECAL,decal_clutter,52,65,49,64,32.16,"[""C_LARGE_OBJECT_PAINT""]",True,C_LARGE_OBJECT_PAINT
pvg_fx_decal_trashcan5_3_f5e7e643,res://assets/tilesets/cyber_city_core_tilesets/CyberCity_Core_Tiles_2/CyberCity_Core_Tiles_2/TrashCan5_3.png,TrashCan5_3.png,FX_DECAL,decal_clutter,51,70,49,64,35.83,"[""C_LARGE_OBJECT_PAINT""]",True,C_LARGE_OBJECT_PAINT
pvg_fx_decal_trashcan5_4_fc78edf3,res://assets/tilesets/cyber_city_core_tilesets/CyberCity_Core_Tiles_2/CyberCity_Core_Tiles_2/TrashCan5_4.png,TrashCan5_4.png,FX_DECAL,decal_clutter,56,67,49,64,38.33,"[""C_LARGE_OBJECT_PAINT""]",True,C_LARGE_OBJECT_PAINT
pvg_fx_decal_trashcan5_5_49dd647f,res://assets/tilesets/cyber_city_core_tilesets/CyberCity_Core_Tiles_2/CyberCity_Core_Tiles_2/TrashCan5_5.png,TrashCan5_5.png,FX_DECAL,decal_clutter,52,68,49,64,34.93,"[""C_LARGE_OBJECT_PAINT""]",True,C_LARGE_OBJECT_PAINT
pvg_fx_decal_trashcan5_6_5fed9885,res://assets/tilesets/cyber_city_core_tilesets/CyberCity_Core_Tiles_2/CyberCity_Core_Tiles_2/TrashCan5_6.png,TrashCan5_6.png,FX_DECAL,decal_clutter,56,68,52,64,38.13,"[""C_LARGE_OBJECT_PAINT""]",True,C_LARGE_OBJECT_PAINT
pvg_fx_decal_trashcan5_7_fa72adee,res://assets/tilesets/cyber_city_core_tilesets/CyberCity_Core_Tiles_2/CyberCity_Core_Tiles_2/TrashCan5_7.png,TrashCan5_7.png,FX_DECAL,decal_clutter,52,65,50,64,31.6,"[""C_LARGE_OBJECT_PAINT""]",True,C_LARGE_OBJECT_PAINT
pvg_fx_decal_trashcan5_8_be5f2904,res://assets/tilesets/cyber_city_core_tilesets/CyberCity_Core_Tiles_2/CyberCity_Core_Tiles_2/TrashCan5_8.png,TrashCan5_8.png,FX_DECAL,decal_clutter,51,66,49,65,32.0,"[""C_LARGE_OBJECT_PAINT""]",True,C_LARGE_OBJECT_PAINT
pvg_fx_decal_trashdecal1_1_ceb1d001,res://assets/tilesets/cyber_city_core_tilesets/CyberCity_Core_Tiles_2/CyberCity_Core_Tiles_2/TrashDecal1_1.png,TrashDecal1_1.png,FX_DECAL,decal_clutter,408,321,399,318,97.91,"[""C_LARGE_OBJECT_PAINT""]",True,C_LARGE_OBJECT_PAINT
pvg_fx_decal_trashdecal1_2_e050c6fb,res://assets/tilesets/cyber_city_core_tilesets/CyberCity_Core_Tiles_2/CyberCity_Core_Tiles_2/TrashDecal1_2.png,TrashDecal1_2.png,FX_DECAL,decal_clutter,404,321,400,319,96.72,"[""C_LARGE_OBJECT_PAINT""]",True,C_LARGE_OBJECT_PAINT
pvg_fx_decal_trashdecal1_3_3a7f9741,res://assets/tilesets/cyber_city_core_tilesets/CyberCity_Core_Tiles_2/CyberCity_Core_Tiles_2/TrashDecal1_3.png,TrashDecal1_3.png,FX_DECAL,decal_clutter,408,320,400,304,97.22,"[""C_LARGE_OBJECT_PAINT""]",True,C_LARGE_OBJECT_PAINT
pvg_fx_decal_trashdecal1_4_71b38dea,res://assets/tilesets/cyber_city_core_tilesets/CyberCity_Core_Tiles_2/CyberCity_Core_Tiles_2/TrashDecal1_4.png,TrashDecal1_4.png,FX_DECAL,decal_clutter,404,316,393,314,96.99,"[""C_LARGE_OBJECT_PAINT""]",True,C_LARGE_OBJECT_PAINT
pvg_fx_decal_trashdecal2_1_4783e442,res://assets/tilesets/cyber_city_core_tilesets/CyberCity_Core_Tiles_2/CyberCity_Core_Tiles_2/TrashDecal2_1.png,TrashDecal2_1.png,FX_DECAL,decal_clutter,177,101,175,100,79.61,"[""C_LARGE_OBJECT_PAINT""]",True,C_LARGE_OBJECT_PAINT
pvg_fx_decal_trashdecal2_2_638c1cd7,res://assets/tilesets/cyber_city_core_tilesets/CyberCity_Core_Tiles_2/CyberCity_Core_Tiles_2/TrashDecal2_2.png,TrashDecal2_2.png,FX_DECAL,decal_clutter,140,130,139,128,79.85,"[""C_LARGE_OBJECT_PAINT""]",True,C_LARGE_OBJECT_PAINT
pvg_fx_decal_trashdecal2_3_24bc9538,res://assets/tilesets/cyber_city_core_tilesets/CyberCity_Core_Tiles_2/CyberCity_Core_Tiles_2/TrashDecal2_3.png,TrashDecal2_3.png,FX_DECAL,decal_clutter,177,104,176,102,80.13,"[""C_LARGE_OBJECT_PAINT""]",True,C_LARGE_OBJECT_PAINT
pvg_fx_decal_trashdecal2_4_3f802f60,res://assets/tilesets/cyber_city_core_tilesets/CyberCity_Core_Tiles_2/CyberCity_Core_Tiles_2/TrashDecal2_4.png,TrashDecal2_4.png,FX_DECAL,decal_clutter,140,127,138,126,79.4,"[""C_LARGE_OBJECT_PAINT""]",True,C_LARGE_OBJECT_PAINT
pvg_fx_decal_trashdecal2_5_9325e7cf,res://assets/tilesets/cyber_city_core_tilesets/CyberCity_Core_Tiles_2/CyberCity_Core_Tiles_2/TrashDecal2_5.png,TrashDecal2_5.png,FX_DECAL,decal_clutter,184,129,183,128,84.85,"[""C_LARGE_OBJECT_PAINT""]",True,C_LARGE_OBJECT_PAINT
pvg_fx_decal_trashdecal2_6_c8a3272c,res://assets/tilesets/cyber_city_core_tilesets/CyberCity_Core_Tiles_2/CyberCity_Core_Tiles_2/TrashDecal2_6.png,TrashDecal2_6.png,FX_DECAL,decal_clutter,181,131,180,129,84.58,"[""C_LARGE_OBJECT_PAINT""]",True,C_LARGE_OBJECT_PAINT
pvg_fx_decal_trashdecal2_7_2cde35f6,res://assets/tilesets/cyber_city_core_tilesets/CyberCity_Core_Tiles_2/CyberCity_Core_Tiles_2/TrashDecal2_7.png,TrashDecal2_7.png,FX_DECAL,decal_clutter,181,134,180,132,84.88,"[""C_LARGE_OBJECT_PAINT""]",True,C_LARGE_OBJECT_PAINT
pvg_fx_decal_trashdecal2_8_f65e7776,res://assets/tilesets/cyber_city_core_tilesets/CyberCity_Core_Tiles_2/CyberCity_Core_Tiles_2/TrashDecal2_8.png,TrashDecal2_8.png,FX_DECAL,decal_clutter,184,129,182,128,84.74,"[""C_LARGE_OBJECT_PAINT""]",True,C_LARGE_OBJECT_PAINT
pvg_tileset_atlas_wall1_1_6281dec0,res://assets/tilesets/cyber_city_core_tilesets/CyberCity_Core_Tiles_2/CyberCity_Core_Tiles_2/Wall1_1.png,Wall1_1.png,TILESET_ATLAS,atlas_or_large_sheet,566,262,557,253,20.41,"[""A_PRIMARY_ATLAS"", ""B_HIGH_VALUE_PAINT""]",True,"A_PRIMARY_ATLAS, B_HIGH_VALUE_PAINT"
pvg_tileset_atlas_wall1_2_58cce35f,res://assets/tilesets/cyber_city_core_tilesets/CyberCity_Core_Tiles_2/CyberCity_Core_Tiles_2/Wall1_2.png,Wall1_2.png,TILESET_ATLAS,atlas_or_large_sheet,187,556,177,550,31.28,"[""A_PRIMARY_ATLAS"", ""B_HIGH_VALUE_PAINT""]",True,"A_PRIMARY_ATLAS, B_HIGH_VALUE_PAINT"
pvg_tileset_atlas_wall1_3_efd06aad,res://assets/tilesets/cyber_city_core_tilesets/CyberCity_Core_Tiles_2/CyberCity_Core_Tiles_2/Wall1_3.png,Wall1_3.png,TILESET_ATLAS,atlas_or_large_sheet,556,281,545,270,19.82,"[""A_PRIMARY_ATLAS"", ""B_HIGH_VALUE_PAINT""]",True,"A_PRIMARY_ATLAS, B_HIGH_VALUE_PAINT"
pvg_tileset_atlas_wall1_4_46f6b475,res://assets/tilesets/cyber_city_core_tilesets/CyberCity_Core_Tiles_2/CyberCity_Core_Tiles_2/Wall1_4.png,Wall1_4.png,TILESET_ATLAS,atlas_or_large_sheet,185,535,177,528,36.76,"[""A_PRIMARY_ATLAS"", ""B_HIGH_VALUE_PAINT""]",True,"A_PRIMARY_ATLAS, B_HIGH_VALUE_PAINT"
pvg_wall_side_wall1_5_2027f208,res://assets/tilesets/cyber_city_core_tilesets/CyberCity_Core_Tiles_2/CyberCity_Core_Tiles_2/Wall1_5.png,Wall1_5.png,WALL_SIDE,wall_piece,466,472,463,465,55.24,"[""B_HIGH_VALUE_PAINT""]",True,B_HIGH_VALUE_PAINT
pvg_wall_side_wall1_6_0b3c2a7e,res://assets/tilesets/cyber_city_core_tilesets/CyberCity_Core_Tiles_2/CyberCity_Core_Tiles_2/Wall1_6.png,Wall1_6.png,WALL_SIDE,wall_piece,451,454,449,446,53.78,"[""B_HIGH_VALUE_PAINT""]",True,B_HIGH_VALUE_PAINT
pvg_wall_side_wall1_7_5cd038e1,res://assets/tilesets/cyber_city_core_tilesets/CyberCity_Core_Tiles_2/CyberCity_Core_Tiles_2/Wall1_7.png,Wall1_7.png,WALL_SIDE,wall_piece,452,477,448,476,51.31,"[""B_HIGH_VALUE_PAINT""]",True,B_HIGH_VALUE_PAINT
pvg_wall_side_wall1_8_0460c62d,res://assets/tilesets/cyber_city_core_tilesets/CyberCity_Core_Tiles_2/CyberCity_Core_Tiles_2/Wall1_8.png,Wall1_8.png,WALL_SIDE,wall_piece,454,464,450,459,51.73,"[""B_HIGH_VALUE_PAINT""]",True,B_HIGH_VALUE_PAINT
pvg_tileset_atlas_wall2_1_1af87e9b,res://assets/tilesets/cyber_city_core_tilesets/CyberCity_Core_Tiles_2/CyberCity_Core_Tiles_2/Wall2_1.png,Wall2_1.png,TILESET_ATLAS,atlas_or_large_sheet,565,239,557,234,15.75,"[""A_PRIMARY_ATLAS"", ""B_HIGH_VALUE_PAINT""]",True,"A_PRIMARY_ATLAS, B_HIGH_VALUE_PAINT"
pvg_tileset_atlas_wall2_2_fabeec01,res://assets/tilesets/cyber_city_core_tilesets/CyberCity_Core_Tiles_2/CyberCity_Core_Tiles_2/Wall2_2.png,Wall2_2.png,TILESET_ATLAS,atlas_or_large_sheet,121,554,110,550,29.36,"[""A_PRIMARY_ATLAS"", ""B_HIGH_VALUE_PAINT""]",True,"A_PRIMARY_ATLAS, B_HIGH_VALUE_PAINT"
pvg_tileset_atlas_wall2_3_038d617c,res://assets/tilesets/cyber_city_core_tilesets/CyberCity_Core_Tiles_2/CyberCity_Core_Tiles_2/Wall2_3.png,Wall2_3.png,TILESET_ATLAS,atlas_or_large_sheet,554,241,545,233,16.66,"[""A_PRIMARY_ATLAS"", ""B_HIGH_VALUE_PAINT""]",True,"A_PRIMARY_ATLAS, B_HIGH_VALUE_PAINT"
pvg_tileset_atlas_wall2_4_c2b71bb3,res://assets/tilesets/cyber_city_core_tilesets/CyberCity_Core_Tiles_2/CyberCity_Core_Tiles_2/Wall2_4.png,Wall2_4.png,TILESET_ATLAS,atlas_or_large_sheet,122,534,111,528,26.45,"[""A_PRIMARY_ATLAS"", ""B_HIGH_VALUE_PAINT""]",True,"A_PRIMARY_ATLAS, B_HIGH_VALUE_PAINT"
pvg_wall_side_wall2_5_83e0c4a6,res://assets/tilesets/cyber_city_core_tilesets/CyberCity_Core_Tiles_2/CyberCity_Core_Tiles_2/Wall2_5.png,Wall2_5.png,WALL_SIDE,wall_piece,443,470,434,462,56.95,"[""B_HIGH_VALUE_PAINT""]",True,B_HIGH_VALUE_PAINT
pvg_wall_side_wall2_6_f96c4c70,res://assets/tilesets/cyber_city_core_tilesets/CyberCity_Core_Tiles_2/CyberCity_Core_Tiles_2/Wall2_6.png,Wall2_6.png,WALL_SIDE,wall_piece,444,448,439,446,54.45,"[""B_HIGH_VALUE_PAINT""]",True,B_HIGH_VALUE_PAINT
pvg_wall_side_wall2_7_2cdaa167,res://assets/tilesets/cyber_city_core_tilesets/CyberCity_Core_Tiles_2/CyberCity_Core_Tiles_2/Wall2_7.png,Wall2_7.png,WALL_SIDE,wall_piece,434,465,429,460,56.18,"[""B_HIGH_VALUE_PAINT""]",True,B_HIGH_VALUE_PAINT
pvg_wall_side_wall2_8_5ad40f0d,res://assets/tilesets/cyber_city_core_tilesets/CyberCity_Core_Tiles_2/CyberCity_Core_Tiles_2/Wall2_8.png,Wall2_8.png,WALL_SIDE,wall_piece,433,449,425,446,55.83,"[""B_HIGH_VALUE_PAINT""]",True,B_HIGH_VALUE_PAINT
pvg_wall_back_wall3_1_c0d73b8d,res://assets/tilesets/cyber_city_core_tilesets/CyberCity_Core_Tiles_2/CyberCity_Core_Tiles_2/Wall3_1.png,Wall3_1.png,WALL_BACK,wall_piece,406,149,402,142,18.71,"[""B_HIGH_VALUE_PAINT""]",True,B_HIGH_VALUE_PAINT
pvg_wall_side_wall3_2_03a98b4a,res://assets/tilesets/cyber_city_core_tilesets/CyberCity_Core_Tiles_2/CyberCity_Core_Tiles_2/Wall3_2.png,Wall3_2.png,WALL_SIDE,wall_piece,73,380,67,379,42.71,"[""B_HIGH_VALUE_PAINT""]",True,B_HIGH_VALUE_PAINT
pvg_wall_back_wall3_3_028919d4,res://assets/tilesets/cyber_city_core_tilesets/CyberCity_Core_Tiles_2/CyberCity_Core_Tiles_2/Wall3_3.png,Wall3_3.png,WALL_BACK,wall_piece,410,126,402,118,20.91,"[""B_HIGH_VALUE_PAINT""]",True,B_HIGH_VALUE_PAINT
pvg_wall_side_wall3_4_4223205f,res://assets/tilesets/cyber_city_core_tilesets/CyberCity_Core_Tiles_2/CyberCity_Core_Tiles_2/Wall3_4.png,Wall3_4.png,WALL_SIDE,wall_piece,75,379,73,378,31.19,"[""B_HIGH_VALUE_PAINT""]",True,B_HIGH_VALUE_PAINT
pvg_wall_side_wall3_5_be4e4a8e,res://assets/tilesets/cyber_city_core_tilesets/CyberCity_Core_Tiles_2/CyberCity_Core_Tiles_2/Wall3_5.png,Wall3_5.png,WALL_SIDE,wall_piece,315,318,314,317,63.03,"[""B_HIGH_VALUE_PAINT""]",True,B_HIGH_VALUE_PAINT
pvg_wall_back_wall3_6_e1dece9a,res://assets/tilesets/cyber_city_core_tilesets/CyberCity_Core_Tiles_2/CyberCity_Core_Tiles_2/Wall3_6.png,Wall3_6.png,WALL_BACK,wall_piece,320,318,319,317,62.63,"[""B_HIGH_VALUE_PAINT""]",True,B_HIGH_VALUE_PAINT
pvg_wall_back_wall3_7_162609cb,res://assets/tilesets/cyber_city_core_tilesets/CyberCity_Core_Tiles_2/CyberCity_Core_Tiles_2/Wall3_7.png,Wall3_7.png,WALL_BACK,wall_piece,318,296,314,295,68.46,"[""B_HIGH_VALUE_PAINT""]",True,B_HIGH_VALUE_PAINT
pvg_wall_back_wall3_8_bf37ab18,res://assets/tilesets/cyber_city_core_tilesets/CyberCity_Core_Tiles_2/CyberCity_Core_Tiles_2/Wall3_8.png,Wall3_8.png,WALL_BACK,wall_piece,320,296,319,296,67.62,"[""B_HIGH_VALUE_PAINT""]",True,B_HIGH_VALUE_PAINT
pvg_wall_back_wall4_1_1325e0c5,res://assets/tilesets/cyber_city_core_tilesets/CyberCity_Core_Tiles_2/CyberCity_Core_Tiles_2/Wall4_1.png,Wall4_1.png,WALL_BACK,wall_piece,406,235,402,233,29.11,"[""B_HIGH_VALUE_PAINT""]",True,B_HIGH_VALUE_PAINT
pvg_wall_side_wall4_2_12cc93ee,res://assets/tilesets/cyber_city_core_tilesets/CyberCity_Core_Tiles_2/CyberCity_Core_Tiles_2/Wall4_2.png,Wall4_2.png,WALL_SIDE,wall_piece,226,414,223,413,57.77,"[""B_HIGH_VALUE_PAINT""]",True,B_HIGH_VALUE_PAINT
pvg_wall_back_wall4_3_ea60e27a,res://assets/tilesets/cyber_city_core_tilesets/CyberCity_Core_Tiles_2/CyberCity_Core_Tiles_2/Wall4_3.png,Wall4_3.png,WALL_BACK,wall_piece,410,221,402,219,34.37,"[""B_HIGH_VALUE_PAINT""]",True,B_HIGH_VALUE_PAINT
pvg_wall_side_wall4_4_266f0c55,res://assets/tilesets/cyber_city_core_tilesets/CyberCity_Core_Tiles_2/CyberCity_Core_Tiles_2/Wall4_4.png,Wall4_4.png,WALL_SIDE,wall_piece,228,415,223,413,55.31,"[""B_HIGH_VALUE_PAINT""]",True,B_HIGH_VALUE_PAINT
pvg_wall_side_wall4_5_1cdbde2b,res://assets/tilesets/cyber_city_core_tilesets/CyberCity_Core_Tiles_2/CyberCity_Core_Tiles_2/Wall4_5.png,Wall4_5.png,WALL_SIDE,wall_piece,315,371,314,369,52.02,"[""B_HIGH_VALUE_PAINT""]",True,B_HIGH_VALUE_PAINT
pvg_wall_side_wall4_6_a7b94738,res://assets/tilesets/cyber_city_core_tilesets/CyberCity_Core_Tiles_2/CyberCity_Core_Tiles_2/Wall4_6.png,Wall4_6.png,WALL_SIDE,wall_piece,320,371,319,371,52.48,"[""B_HIGH_VALUE_PAINT""]",True,B_HIGH_VALUE_PAINT
pvg_wall_side_wall4_7_d5a6ec39,res://assets/tilesets/cyber_city_core_tilesets/CyberCity_Core_Tiles_2/CyberCity_Core_Tiles_2/Wall4_7.png,Wall4_7.png,WALL_SIDE,wall_piece,322,335,321,333,53.74,"[""B_HIGH_VALUE_PAINT""]",True,B_HIGH_VALUE_PAINT
pvg_wall_side_wall4_8_04947ae6,res://assets/tilesets/cyber_city_core_tilesets/CyberCity_Core_Tiles_2/CyberCity_Core_Tiles_2/Wall4_8.png,Wall4_8.png,WALL_SIDE,wall_piece,321,335,319,335,50.72,"[""B_HIGH_VALUE_PAINT""]",True,B_HIGH_VALUE_PAINT
pvg_wall_back_wallad1_1_16881983,res://assets/tilesets/cyber_city_core_tilesets/CyberCity_Core_Tiles_2/CyberCity_Core_Tiles_2/WallAd1_1.png,WallAd1_1.png,WALL_BACK,wall_piece,82,49,77,41,21.48,"[""B_HIGH_VALUE_PAINT""]",True,B_HIGH_VALUE_PAINT
pvg_wall_side_wallad1_2_28f3d80a,res://assets/tilesets/cyber_city_core_tilesets/CyberCity_Core_Tiles_2/CyberCity_Core_Tiles_2/WallAd1_2.png,WallAd1_2.png,WALL_SIDE,wall_piece,12,96,4,92,68.06,"[""B_HIGH_VALUE_PAINT""]",True,B_HIGH_VALUE_PAINT
pvg_wall_side_wallad1_3_a1acd4d6,res://assets/tilesets/cyber_city_core_tilesets/CyberCity_Core_Tiles_2/CyberCity_Core_Tiles_2/WallAd1_3.png,WallAd1_3.png,WALL_SIDE,wall_piece,61,79,56,78,51.17,"[""B_HIGH_VALUE_PAINT""]",True,B_HIGH_VALUE_PAINT
pvg_wall_side_wallad1_4_b5a4aeff,res://assets/tilesets/cyber_city_core_tilesets/CyberCity_Core_Tiles_2/CyberCity_Core_Tiles_2/WallAd1_4.png,WallAd1_4.png,WALL_SIDE,wall_piece,65,78,56,78,53.59,"[""B_HIGH_VALUE_PAINT""]",True,B_HIGH_VALUE_PAINT
pvg_wall_back_wallad2_1_3c898a9d,res://assets/tilesets/cyber_city_core_tilesets/CyberCity_Core_Tiles_2/CyberCity_Core_Tiles_2/WallAd2_1.png,WallAd2_1.png,WALL_BACK,wall_piece,81,49,76,40,23.41,"[""B_HIGH_VALUE_PAINT""]",True,B_HIGH_VALUE_PAINT
pvg_wall_side_wallad2_2_a3bb82f7,res://assets/tilesets/cyber_city_core_tilesets/CyberCity_Core_Tiles_2/CyberCity_Core_Tiles_2/WallAd2_2.png,WallAd2_2.png,WALL_SIDE,wall_piece,10,93,4,92,62.69,"[""B_HIGH_VALUE_PAINT""]",True,B_HIGH_VALUE_PAINT
pvg_wall_side_wallad2_3_92c02dd3,res://assets/tilesets/cyber_city_core_tilesets/CyberCity_Core_Tiles_2/CyberCity_Core_Tiles_2/WallAd2_3.png,WallAd2_3.png,WALL_SIDE,wall_piece,61,78,55,77,52.31,"[""B_HIGH_VALUE_PAINT""]",True,B_HIGH_VALUE_PAINT
pvg_wall_side_wallad2_4_ceaa1251,res://assets/tilesets/cyber_city_core_tilesets/CyberCity_Core_Tiles_2/CyberCity_Core_Tiles_2/WallAd2_4.png,WallAd2_4.png,WALL_SIDE,wall_piece,59,79,56,77,50.53,"[""B_HIGH_VALUE_PAINT""]",True,B_HIGH_VALUE_PAINT
pvg_wall_back_wallad3_1_02eb5a29,res://assets/tilesets/cyber_city_core_tilesets/CyberCity_Core_Tiles_2/CyberCity_Core_Tiles_2/WallAd3_1.png,WallAd3_1.png,WALL_BACK,wall_piece,61,61,55,55,18.76,"[""B_HIGH_VALUE_PAINT""]",True,B_HIGH_VALUE_PAINT
pvg_wall_side_wallad3_2_c220169f,res://assets/tilesets/cyber_city_core_tilesets/CyberCity_Core_Tiles_2/CyberCity_Core_Tiles_2/WallAd3_2.png,WallAd3_2.png,WALL_SIDE,wall_piece,13,93,3,92,77.34,"[""B_HIGH_VALUE_PAINT""]",True,B_HIGH_VALUE_PAINT
pvg_wall_side_wallad3_3_267fd8da,res://assets/tilesets/cyber_city_core_tilesets/CyberCity_Core_Tiles_2/CyberCity_Core_Tiles_2/WallAd3_3.png,WallAd3_3.png,WALL_SIDE,wall_piece,49,82,40,80,44.45,"[""B_HIGH_VALUE_PAINT""]",True,B_HIGH_VALUE_PAINT
pvg_wall_side_wallad3_4_c09f1845,res://assets/tilesets/cyber_city_core_tilesets/CyberCity_Core_Tiles_2/CyberCity_Core_Tiles_2/WallAd3_4.png,WallAd3_4.png,WALL_SIDE,wall_piece,47,82,40,81,42.03,"[""B_HIGH_VALUE_PAINT""]",True,B_HIGH_VALUE_PAINT
pvg_wall_back_wallad4_1_fd7ecb34,res://assets/tilesets/cyber_city_core_tilesets/CyberCity_Core_Tiles_2/CyberCity_Core_Tiles_2/WallAd4_1.png,WallAd4_1.png,WALL_BACK,wall_piece,297,103,289,101,17.41,"[""B_HIGH_VALUE_PAINT""]",True,B_HIGH_VALUE_PAINT
pvg_wall_side_wallad4_2_9f6cce46,res://assets/tilesets/cyber_city_core_tilesets/CyberCity_Core_Tiles_2/CyberCity_Core_Tiles_2/WallAd4_2.png,WallAd4_2.png,WALL_SIDE,wall_piece,22,245,18,101,76.59,"[""B_HIGH_VALUE_PAINT""]",True,B_HIGH_VALUE_PAINT
pvg_wall_back_wallad4_3_92918218,res://assets/tilesets/cyber_city_core_tilesets/CyberCity_Core_Tiles_2/CyberCity_Core_Tiles_2/WallAd4_3.png,WallAd4_3.png,WALL_BACK,wall_piece,295,104,289,100,17.0,"[""B_HIGH_VALUE_PAINT""]",True,B_HIGH_VALUE_PAINT
pvg_wall_side_wallad4_4_e18f3860,res://assets/tilesets/cyber_city_core_tilesets/CyberCity_Core_Tiles_2/CyberCity_Core_Tiles_2/WallAd4_4.png,WallAd4_4.png,WALL_SIDE,wall_piece,28,278,18,100,83.81,"[""B_HIGH_VALUE_PAINT""]",True,B_HIGH_VALUE_PAINT
pvg_wall_side_wallad4_5_66ad2dd7,res://assets/tilesets/cyber_city_core_tilesets/CyberCity_Core_Tiles_2/CyberCity_Core_Tiles_2/WallAd4_5.png,WallAd4_5.png,WALL_SIDE,wall_piece,214,237,207,236,63.46,"[""B_HIGH_VALUE_PAINT""]",True,B_HIGH_VALUE_PAINT
pvg_wall_side_wallad4_6_8ba3c5a0,res://assets/tilesets/cyber_city_core_tilesets/CyberCity_Core_Tiles_2/CyberCity_Core_Tiles_2/WallAd4_6.png,WallAd4_6.png,WALL_SIDE,wall_piece,216,238,212,236,63.75,"[""B_HIGH_VALUE_PAINT""]",True,B_HIGH_VALUE_PAINT
pvg_wall_side_wallad4_7_29bad20c,res://assets/tilesets/cyber_city_core_tilesets/CyberCity_Core_Tiles_2/CyberCity_Core_Tiles_2/WallAd4_7.png,WallAd4_7.png,WALL_SIDE,wall_piece,216,238,212,236,63.76,"[""B_HIGH_VALUE_PAINT""]",True,B_HIGH_VALUE_PAINT
pvg_wall_side_wallad4_8_3e85d563,res://assets/tilesets/cyber_city_core_tilesets/CyberCity_Core_Tiles_2/CyberCity_Core_Tiles_2/WallAd4_8.png,WallAd4_8.png,WALL_SIDE,wall_piece,210,238,207,236,62.88,"[""B_HIGH_VALUE_PAINT""]",True,B_HIGH_VALUE_PAINT
pvg_wall_back_wallad5_1_c9fa57d5,res://assets/tilesets/cyber_city_core_tilesets/CyberCity_Core_Tiles_2/CyberCity_Core_Tiles_2/WallAd5_1.png,WallAd5_1.png,WALL_BACK,wall_piece,401,102,395,101,26.46,"[""B_HIGH_VALUE_PAINT""]",True,B_HIGH_VALUE_PAINT
pvg_wall_side_wallad5_2_0ca0425c,res://assets/tilesets/cyber_city_core_tilesets/CyberCity_Core_Tiles_2/CyberCity_Core_Tiles_2/WallAd5_2.png,WallAd5_2.png,WALL_SIDE,wall_piece,19,317,13,101,81.67,"[""B_HIGH_VALUE_PAINT""]",True,B_HIGH_VALUE_PAINT
pvg_wall_back_wallad5_3_b3b80053,res://assets/tilesets/cyber_city_core_tilesets/CyberCity_Core_Tiles_2/CyberCity_Core_Tiles_2/WallAd5_3.png,WallAd5_3.png,WALL_BACK,wall_piece,400,102,396,100,25.82,"[""B_HIGH_VALUE_PAINT""]",True,B_HIGH_VALUE_PAINT
pvg_wall_side_wallad5_4_96e2799a,res://assets/tilesets/cyber_city_core_tilesets/CyberCity_Core_Tiles_2/CyberCity_Core_Tiles_2/WallAd5_4.png,WallAd5_4.png,WALL_SIDE,wall_piece,21,310,13,101,83.1,"[""B_HIGH_VALUE_PAINT""]",True,B_HIGH_VALUE_PAINT
pvg_wall_back_wallad5_5_02ed21de,res://assets/tilesets/cyber_city_core_tilesets/CyberCity_Core_Tiles_2/CyberCity_Core_Tiles_2/WallAd5_5.png,WallAd5_5.png,WALL_BACK,wall_piece,288,281,283,281,72.81,"[""B_HIGH_VALUE_PAINT""]",True,B_HIGH_VALUE_PAINT
pvg_wall_back_wallad5_6_34740505,res://assets/tilesets/cyber_city_core_tilesets/CyberCity_Core_Tiles_2/CyberCity_Core_Tiles_2/WallAd5_6.png,WallAd5_6.png,WALL_BACK,wall_piece,292,282,282,280,73.42,"[""B_HIGH_VALUE_PAINT""]",True,B_HIGH_VALUE_PAINT
pvg_wall_back_wallad5_7_83b21ab4,res://assets/tilesets/cyber_city_core_tilesets/CyberCity_Core_Tiles_2/CyberCity_Core_Tiles_2/WallAd5_7.png,WallAd5_7.png,WALL_BACK,wall_piece,284,281,282,281,72.53,"[""B_HIGH_VALUE_PAINT""]",True,B_HIGH_VALUE_PAINT
pvg_wall_back_wallad5_8_c8d75c31,res://assets/tilesets/cyber_city_core_tilesets/CyberCity_Core_Tiles_2/CyberCity_Core_Tiles_2/WallAd5_8.png,WallAd5_8.png,WALL_BACK,wall_piece,288,282,283,281,72.98,"[""B_HIGH_VALUE_PAINT""]",True,B_HIGH_VALUE_PAINT
pvg_wall_back_walldevice1_1_822cdd31,res://assets/tilesets/cyber_city_core_tilesets/CyberCity_Core_Tiles_2/CyberCity_Core_Tiles_2/WallDevice1_1.png,WallDevice1_1.png,WALL_BACK,wall_piece,17,17,14,15,31.14,"[""B_HIGH_VALUE_PAINT""]",True,B_HIGH_VALUE_PAINT
pvg_wall_side_walldevice1_2_3c749cb6,res://assets/tilesets/cyber_city_core_tilesets/CyberCity_Core_Tiles_2/CyberCity_Core_Tiles_2/WallDevice1_2.png,WallDevice1_2.png,WALL_SIDE,wall_piece,11,22,6,21,53.72,"[""B_HIGH_VALUE_PAINT""]",True,B_HIGH_VALUE_PAINT
pvg_wall_back_walldevice1_3_107adce5,res://assets/tilesets/cyber_city_core_tilesets/CyberCity_Core_Tiles_2/CyberCity_Core_Tiles_2/WallDevice1_3.png,WallDevice1_3.png,WALL_BACK,wall_piece,21,19,14,18,41.6,"[""B_HIGH_VALUE_PAINT""]",True,B_HIGH_VALUE_PAINT
pvg_wall_side_walldevice1_4_72f50ad2,res://assets/tilesets/cyber_city_core_tilesets/CyberCity_Core_Tiles_2/CyberCity_Core_Tiles_2/WallDevice1_4.png,WallDevice1_4.png,WALL_SIDE,wall_piece,13,22,7,21,55.24,"[""B_HIGH_VALUE_PAINT""]",True,B_HIGH_VALUE_PAINT
pvg_wall_side_walldevice1_5_268a8f89,res://assets/tilesets/cyber_city_core_tilesets/CyberCity_Core_Tiles_2/CyberCity_Core_Tiles_2/WallDevice1_5.png,WallDevice1_5.png,WALL_SIDE,wall_piece,18,21,14,19,50.26,"[""B_HIGH_VALUE_PAINT""]",True,B_HIGH_VALUE_PAINT
pvg_wall_side_walldevice1_6_16ee3643,res://assets/tilesets/cyber_city_core_tilesets/CyberCity_Core_Tiles_2/CyberCity_Core_Tiles_2/WallDevice1_6.png,WallDevice1_6.png,WALL_SIDE,wall_piece,16,21,14,20,44.35,"[""B_HIGH_VALUE_PAINT""]",True,B_HIGH_VALUE_PAINT
pvg_wall_side_walldevice1_7_301efbfc,res://assets/tilesets/cyber_city_core_tilesets/CyberCity_Core_Tiles_2/CyberCity_Core_Tiles_2/WallDevice1_7.png,WallDevice1_7.png,WALL_SIDE,wall_piece,18,22,14,20,45.45,"[""B_HIGH_VALUE_PAINT""]",True,B_HIGH_VALUE_PAINT
pvg_wall_side_walldevice1_8_84477af8,res://assets/tilesets/cyber_city_core_tilesets/CyberCity_Core_Tiles_2/CyberCity_Core_Tiles_2/WallDevice1_8.png,WallDevice1_8.png,WALL_SIDE,wall_piece,18,22,14,21,45.71,"[""B_HIGH_VALUE_PAINT""]",True,B_HIGH_VALUE_PAINT
pvg_wall_back_wallfan1_1_0da78c0b,res://assets/tilesets/cyber_city_core_tilesets/CyberCity_Core_Tiles_2/CyberCity_Core_Tiles_2/WallFan1_1.png,WallFan1_1.png,WALL_BACK,wall_piece,110,86,105,84,42.54,"[""B_HIGH_VALUE_PAINT""]",True,B_HIGH_VALUE_PAINT
pvg_wall_side_wallfan1_2_1d5f0eee,res://assets/tilesets/cyber_city_core_tilesets/CyberCity_Core_Tiles_2/CyberCity_Core_Tiles_2/WallFan1_2.png,WallFan1_2.png,WALL_SIDE,wall_piece,64,109,62,106,43.78,"[""B_HIGH_VALUE_PAINT""]",True,B_HIGH_VALUE_PAINT
pvg_wall_back_wallfan1_3_3630cb1e,res://assets/tilesets/cyber_city_core_tilesets/CyberCity_Core_Tiles_2/CyberCity_Core_Tiles_2/WallFan1_3.png,WallFan1_3.png,WALL_BACK,wall_piece,106,69,102,67,35.14,"[""B_HIGH_VALUE_PAINT""]",True,B_HIGH_VALUE_PAINT
pvg_wall_side_wallfan1_4_e1b4fc2c,res://assets/tilesets/cyber_city_core_tilesets/CyberCity_Core_Tiles_2/CyberCity_Core_Tiles_2/WallFan1_4.png,WallFan1_4.png,WALL_SIDE,wall_piece,71,100,71,94,44.79,"[""B_HIGH_VALUE_PAINT""]",True,B_HIGH_VALUE_PAINT
pvg_wall_side_wallfan1_5_b36c83bb,res://assets/tilesets/cyber_city_core_tilesets/CyberCity_Core_Tiles_2/CyberCity_Core_Tiles_2/WallFan1_5.png,WallFan1_5.png,WALL_SIDE,wall_piece,82,106,78,104,41.88,"[""B_HIGH_VALUE_PAINT""]",True,B_HIGH_VALUE_PAINT
pvg_wall_back_wallfan1_6_8166d005,res://assets/tilesets/cyber_city_core_tilesets/CyberCity_Core_Tiles_2/CyberCity_Core_Tiles_2/WallFan1_6.png,WallFan1_6.png,WALL_BACK,wall_piece,108,93,106,88,50.69,"[""B_HIGH_VALUE_PAINT""]",True,B_HIGH_VALUE_PAINT
pvg_wall_back_wallfan1_7_c0690a41,res://assets/tilesets/cyber_city_core_tilesets/CyberCity_Core_Tiles_2/CyberCity_Core_Tiles_2/WallFan1_7.png,WallFan1_7.png,WALL_BACK,wall_piece,105,93,103,91,53.59,"[""B_HIGH_VALUE_PAINT""]",True,B_HIGH_VALUE_PAINT
pvg_wall_side_wallfan1_8_67e6cfb6,res://assets/tilesets/cyber_city_core_tilesets/CyberCity_Core_Tiles_2/CyberCity_Core_Tiles_2/WallFan1_8.png,WallFan1_8.png,WALL_SIDE,wall_piece,80,93,78,92,45.08,"[""B_HIGH_VALUE_PAINT""]",True,B_HIGH_VALUE_PAINT
pvg_wall_back_wallfan2_1_11d45dca,res://assets/tilesets/cyber_city_core_tilesets/CyberCity_Core_Tiles_2/CyberCity_Core_Tiles_2/WallFan2_1.png,WallFan2_1.png,WALL_BACK,wall_piece,79,53,76,51,22.69,"[""B_HIGH_VALUE_PAINT""]",True,B_HIGH_VALUE_PAINT
pvg_wall_side_wallfan2_2_9cb3503c,res://assets/tilesets/cyber_city_core_tilesets/CyberCity_Core_Tiles_2/CyberCity_Core_Tiles_2/WallFan2_2.png,WallFan2_2.png,WALL_SIDE,wall_piece,36,95,34,93,33.71,"[""B_HIGH_VALUE_PAINT""]",True,B_HIGH_VALUE_PAINT
pvg_wall_back_wallfan2_3_582d45ab,res://assets/tilesets/cyber_city_core_tilesets/CyberCity_Core_Tiles_2/CyberCity_Core_Tiles_2/WallFan2_3.png,WallFan2_3.png,WALL_BACK,wall_piece,82,66,76,64,37.53,"[""B_HIGH_VALUE_PAINT""]",True,B_HIGH_VALUE_PAINT
pvg_wall_side_wallfan2_4_dea65af2,res://assets/tilesets/cyber_city_core_tilesets/CyberCity_Core_Tiles_2/CyberCity_Core_Tiles_2/WallFan2_4.png,WallFan2_4.png,WALL_SIDE,wall_piece,37,101,34,94,38.16,"[""B_HIGH_VALUE_PAINT""]",True,B_HIGH_VALUE_PAINT
pvg_wall_side_wallfan2_5_b6731baf,res://assets/tilesets/cyber_city_core_tilesets/CyberCity_Core_Tiles_2/CyberCity_Core_Tiles_2/WallFan2_5.png,WallFan2_5.png,WALL_SIDE,wall_piece,66,85,64,82,44.69,"[""B_HIGH_VALUE_PAINT""]",True,B_HIGH_VALUE_PAINT
pvg_wall_side_wallfan2_6_05ee2f81,res://assets/tilesets/cyber_city_core_tilesets/CyberCity_Core_Tiles_2/CyberCity_Core_Tiles_2/WallFan2_6.png,WallFan2_6.png,WALL_SIDE,wall_piece,78,86,76,82,51.8,"[""B_HIGH_VALUE_PAINT""]",True,B_HIGH_VALUE_PAINT
pvg_wall_side_wallfan2_7_c817c22e,res://assets/tilesets/cyber_city_core_tilesets/CyberCity_Core_Tiles_2/CyberCity_Core_Tiles_2/WallFan2_7.png,WallFan2_7.png,WALL_SIDE,wall_piece,81,97,75,92,56.9,"[""B_HIGH_VALUE_PAINT""]",True,B_HIGH_VALUE_PAINT
pvg_wall_side_wallfan2_8_cee1fa26,res://assets/tilesets/cyber_city_core_tilesets/CyberCity_Core_Tiles_2/CyberCity_Core_Tiles_2/WallFan2_8.png,WallFan2_8.png,WALL_SIDE,wall_piece,71,94,64,91,51.66,"[""B_HIGH_VALUE_PAINT""]",True,B_HIGH_VALUE_PAINT
pvg_wall_back_walllight1_1_8b830158,res://assets/tilesets/cyber_city_core_tilesets/CyberCity_Core_Tiles_2/CyberCity_Core_Tiles_2/WallLight1_1.png,WallLight1_1.png,WALL_BACK,wall_piece,149,35,148,29,77.09,"[""B_HIGH_VALUE_PAINT""]",True,B_HIGH_VALUE_PAINT
pvg_wall_side_walllight1_2_56a6e901,res://assets/tilesets/cyber_city_core_tilesets/CyberCity_Core_Tiles_2/CyberCity_Core_Tiles_2/WallLight1_2.png,WallLight1_2.png,WALL_SIDE,wall_piece,13,118,4,117,76.47,"[""B_HIGH_VALUE_PAINT""]",True,B_HIGH_VALUE_PAINT
pvg_wall_back_walllight1_3_3dbd0f9a,res://assets/tilesets/cyber_city_core_tilesets/CyberCity_Core_Tiles_2/CyberCity_Core_Tiles_2/WallLight1_3.png,WallLight1_3.png,WALL_BACK,wall_piece,150,35,148,30,77.01,"[""B_HIGH_VALUE_PAINT""]",True,B_HIGH_VALUE_PAINT
pvg_wall_side_walllight1_4_f813b558,res://assets/tilesets/cyber_city_core_tilesets/CyberCity_Core_Tiles_2/CyberCity_Core_Tiles_2/WallLight1_4.png,WallLight1_4.png,WALL_SIDE,wall_piece,13,129,4,129,75.91,"[""B_HIGH_VALUE_PAINT""]",True,B_HIGH_VALUE_PAINT
pvg_wall_back_walllight1_5_11c89f35,res://assets/tilesets/cyber_city_core_tilesets/CyberCity_Core_Tiles_2/CyberCity_Core_Tiles_2/WallLight1_5.png,WallLight1_5.png,WALL_BACK,wall_piece,109,89,106,87,89.82,"[""B_HIGH_VALUE_PAINT""]",True,B_HIGH_VALUE_PAINT
pvg_wall_back_walllight1_6_b95945d1,res://assets/tilesets/cyber_city_core_tilesets/CyberCity_Core_Tiles_2/CyberCity_Core_Tiles_2/WallLight1_6.png,WallLight1_6.png,WALL_BACK,wall_piece,108,102,106,100,90.57,"[""B_HIGH_VALUE_PAINT""]",True,B_HIGH_VALUE_PAINT
pvg_wall_back_walllight1_7_6eabd3e5,res://assets/tilesets/cyber_city_core_tilesets/CyberCity_Core_Tiles_2/CyberCity_Core_Tiles_2/WallLight1_7.png,WallLight1_7.png,WALL_BACK,wall_piece,110,89,106,87,89.81,"[""B_HIGH_VALUE_PAINT""]",True,B_HIGH_VALUE_PAINT
pvg_wall_back_walllight1_8_46293d70,res://assets/tilesets/cyber_city_core_tilesets/CyberCity_Core_Tiles_2/CyberCity_Core_Tiles_2/WallLight1_8.png,WallLight1_8.png,WALL_BACK,wall_piece,107,100,106,99,90.23,"[""B_HIGH_VALUE_PAINT""]",True,B_HIGH_VALUE_PAINT
pvg_wall_side_walllight2_1_67227c19,res://assets/tilesets/cyber_city_core_tilesets/CyberCity_Core_Tiles_2/CyberCity_Core_Tiles_2/WallLight2_1.png,WallLight2_1.png,WALL_SIDE,wall_piece,15,84,7,81,67.62,"[""B_HIGH_VALUE_PAINT""]",True,B_HIGH_VALUE_PAINT
pvg_wall_back_wallscreen1_1_2ce45649,res://assets/tilesets/cyber_city_core_tilesets/CyberCity_Core_Tiles_2/CyberCity_Core_Tiles_2/WallScreen1_1.png,WallScreen1_1.png,WALL_BACK,wall_piece,52,28,45,26,19.64,"[""B_HIGH_VALUE_PAINT""]",True,B_HIGH_VALUE_PAINT
pvg_wall_side_wallscreen1_2_ad20aa59,res://assets/tilesets/cyber_city_core_tilesets/CyberCity_Core_Tiles_2/CyberCity_Core_Tiles_2/WallScreen1_2.png,WallScreen1_2.png,WALL_SIDE,wall_piece,7,58,3,57,58.37,"[""B_HIGH_VALUE_PAINT""]",True,B_HIGH_VALUE_PAINT
pvg_wall_side_wallscreen1_3_02d4239f,res://assets/tilesets/cyber_city_core_tilesets/CyberCity_Core_Tiles_2/CyberCity_Core_Tiles_2/WallScreen1_3.png,WallScreen1_3.png,WALL_SIDE,wall_piece,37,49,34,47,49.26,"[""B_HIGH_VALUE_PAINT""]",True,B_HIGH_VALUE_PAINT
pvg_wall_side_wallscreen1_4_23b7d0f2,res://assets/tilesets/cyber_city_core_tilesets/CyberCity_Core_Tiles_2/CyberCity_Core_Tiles_2/WallScreen1_4.png,WallScreen1_4.png,WALL_SIDE,wall_piece,38,49,33,48,51.93,"[""B_HIGH_VALUE_PAINT""]",True,B_HIGH_VALUE_PAINT
pvg_wall_back_walltable1_1_c5ada794,res://assets/tilesets/cyber_city_core_tilesets/CyberCity_Core_Tiles_2/CyberCity_Core_Tiles_2/WallTable1_1.png,WallTable1_1.png,WALL_BACK,wall_piece,132,65,127,61,24.3,"[""B_HIGH_VALUE_PAINT""]",True,B_HIGH_VALUE_PAINT
pvg_wall_side_walltable1_2_49386c55,res://assets/tilesets/cyber_city_core_tilesets/CyberCity_Core_Tiles_2/CyberCity_Core_Tiles_2/WallTable1_2.png,WallTable1_2.png,WALL_SIDE,wall_piece,66,110,62,106,19.63,"[""B_HIGH_VALUE_PAINT""]",True,B_HIGH_VALUE_PAINT
pvg_wall_back_walltable1_3_497c9805,res://assets/tilesets/cyber_city_core_tilesets/CyberCity_Core_Tiles_2/CyberCity_Core_Tiles_2/WallTable1_3.png,WallTable1_3.png,WALL_BACK,wall_piece,127,63,125,61,19.04,"[""B_HIGH_VALUE_PAINT""]",True,B_HIGH_VALUE_PAINT
pvg_wall_side_walltable1_4_cc76e99b,res://assets/tilesets/cyber_city_core_tilesets/CyberCity_Core_Tiles_2/CyberCity_Core_Tiles_2/WallTable1_4.png,WallTable1_4.png,WALL_SIDE,wall_piece,69,110,61,104,25.2,"[""B_HIGH_VALUE_PAINT""]",True,B_HIGH_VALUE_PAINT
pvg_wall_back_walltable1_5_8cef4748,res://assets/tilesets/cyber_city_core_tilesets/CyberCity_Core_Tiles_2/CyberCity_Core_Tiles_2/WallTable1_5.png,WallTable1_5.png,WALL_BACK,wall_piece,119,100,118,100,45.09,"[""B_HIGH_VALUE_PAINT""]",True,B_HIGH_VALUE_PAINT
pvg_wall_back_walltable1_6_d8ccab80,res://assets/tilesets/cyber_city_core_tilesets/CyberCity_Core_Tiles_2/CyberCity_Core_Tiles_2/WallTable1_6.png,WallTable1_6.png,WALL_BACK,wall_piece,120,102,118,97,52.3,"[""B_HIGH_VALUE_PAINT""]",True,B_HIGH_VALUE_PAINT
pvg_wall_back_walltable1_7_2ff9945c,res://assets/tilesets/cyber_city_core_tilesets/CyberCity_Core_Tiles_2/CyberCity_Core_Tiles_2/WallTable1_7.png,WallTable1_7.png,WALL_BACK,wall_piece,120,104,117,100,52.5,"[""B_HIGH_VALUE_PAINT""]",True,B_HIGH_VALUE_PAINT
pvg_wall_back_walltable1_8_e29f7d51,res://assets/tilesets/cyber_city_core_tilesets/CyberCity_Core_Tiles_2/CyberCity_Core_Tiles_2/WallTable1_8.png,WallTable1_8.png,WALL_BACK,wall_piece,122,99,117,97,46.28,"[""B_HIGH_VALUE_PAINT""]",True,B_HIGH_VALUE_PAINT
pvg_wall_back_walltech1_1_79db8949,res://assets/tilesets/cyber_city_core_tilesets/CyberCity_Core_Tiles_2/CyberCity_Core_Tiles_2/WallTech1_1.png,WallTech1_1.png,WALL_BACK,wall_piece,58,45,53,42,29.27,"[""B_HIGH_VALUE_PAINT""]",True,B_HIGH_VALUE_PAINT
pvg_wall_side_walltech1_2_1f31c3b2,res://assets/tilesets/cyber_city_core_tilesets/CyberCity_Core_Tiles_2/CyberCity_Core_Tiles_2/WallTech1_2.png,WallTech1_2.png,WALL_SIDE,wall_piece,30,65,26,63,45.79,"[""B_HIGH_VALUE_PAINT""]",True,B_HIGH_VALUE_PAINT
pvg_wall_back_walltech1_3_3c52061d,res://assets/tilesets/cyber_city_core_tilesets/CyberCity_Core_Tiles_2/CyberCity_Core_Tiles_2/WallTech1_3.png,WallTech1_3.png,WALL_BACK,wall_piece,57,56,53,50,38.94,"[""B_HIGH_VALUE_PAINT""]",True,B_HIGH_VALUE_PAINT
pvg_wall_side_walltech1_4_cbb23de8,res://assets/tilesets/cyber_city_core_tilesets/CyberCity_Core_Tiles_2/CyberCity_Core_Tiles_2/WallTech1_4.png,WallTech1_4.png,WALL_SIDE,wall_piece,28,68,26,67,41.65,"[""B_HIGH_VALUE_PAINT""]",True,B_HIGH_VALUE_PAINT
pvg_wall_side_walltech1_5_64189cb3,res://assets/tilesets/cyber_city_core_tilesets/CyberCity_Core_Tiles_2/CyberCity_Core_Tiles_2/WallTech1_5.png,WallTech1_5.png,WALL_SIDE,wall_piece,58,59,52,56,49.09,"[""B_HIGH_VALUE_PAINT""]",True,B_HIGH_VALUE_PAINT
pvg_wall_side_walltech1_6_09c9fbfa,res://assets/tilesets/cyber_city_core_tilesets/CyberCity_Core_Tiles_2/CyberCity_Core_Tiles_2/WallTech1_6.png,WallTech1_6.png,WALL_SIDE,wall_piece,46,62,40,60,41.55,"[""B_HIGH_VALUE_PAINT""]",True,B_HIGH_VALUE_PAINT
pvg_wall_side_walltech1_7_d8235e58,res://assets/tilesets/cyber_city_core_tilesets/CyberCity_Core_Tiles_2/CyberCity_Core_Tiles_2/WallTech1_7.png,WallTech1_7.png,WALL_SIDE,wall_piece,46,64,40,63,43.17,"[""B_HIGH_VALUE_PAINT""]",True,B_HIGH_VALUE_PAINT
pvg_wall_side_walltech1_8_8ad26cb7,res://assets/tilesets/cyber_city_core_tilesets/CyberCity_Core_Tiles_2/CyberCity_Core_Tiles_2/WallTech1_8.png,WallTech1_8.png,WALL_SIDE,wall_piece,58,64,52,62,51.24,"[""B_HIGH_VALUE_PAINT""]",True,B_HIGH_VALUE_PAINT
pvg_wall_side_walltech2_1_7093ab7d,res://assets/tilesets/cyber_city_core_tilesets/CyberCity_Core_Tiles_2/CyberCity_Core_Tiles_2/WallTech2_1.png,WallTech2_1.png,WALL_SIDE,wall_piece,36,37,30,34,26.35,"[""B_HIGH_VALUE_PAINT""]",True,B_HIGH_VALUE_PAINT
pvg_wall_side_walltech2_2_cd26ea80,res://assets/tilesets/cyber_city_core_tilesets/CyberCity_Core_Tiles_2/CyberCity_Core_Tiles_2/WallTech2_2.png,WallTech2_2.png,WALL_SIDE,wall_piece,22,47,15,44,44.2,"[""B_HIGH_VALUE_PAINT""]",True,B_HIGH_VALUE_PAINT
pvg_wall_side_walltech2_3_91d15634,res://assets/tilesets/cyber_city_core_tilesets/CyberCity_Core_Tiles_2/CyberCity_Core_Tiles_2/WallTech2_3.png,WallTech2_3.png,WALL_SIDE,wall_piece,31,38,30,37,9.76,"[""B_HIGH_VALUE_PAINT""]",True,B_HIGH_VALUE_PAINT
pvg_wall_side_walltech2_4_93d1fe80,res://assets/tilesets/cyber_city_core_tilesets/CyberCity_Core_Tiles_2/CyberCity_Core_Tiles_2/WallTech2_4.png,WallTech2_4.png,WALL_SIDE,wall_piece,20,50,14,48,38.5,"[""B_HIGH_VALUE_PAINT""]",True,B_HIGH_VALUE_PAINT
pvg_wall_side_walltech2_5_008b3538,res://assets/tilesets/cyber_city_core_tilesets/CyberCity_Core_Tiles_2/CyberCity_Core_Tiles_2/WallTech2_5.png,WallTech2_5.png,WALL_SIDE,wall_piece,33,44,30,44,36.02,"[""B_HIGH_VALUE_PAINT""]",True,B_HIGH_VALUE_PAINT
pvg_wall_side_walltech2_6_eaa14d6a,res://assets/tilesets/cyber_city_core_tilesets/CyberCity_Core_Tiles_2/CyberCity_Core_Tiles_2/WallTech2_6.png,WallTech2_6.png,WALL_SIDE,wall_piece,35,49,31,46,42.92,"[""B_HIGH_VALUE_PAINT""]",True,B_HIGH_VALUE_PAINT
pvg_wall_side_walltech2_7_10378aac,res://assets/tilesets/cyber_city_core_tilesets/CyberCity_Core_Tiles_2/CyberCity_Core_Tiles_2/WallTech2_7.png,WallTech2_7.png,WALL_SIDE,wall_piece,31,47,30,44,31.71,"[""B_HIGH_VALUE_PAINT""]",True,B_HIGH_VALUE_PAINT
pvg_wall_side_walltech2_8_2a21e1be,res://assets/tilesets/cyber_city_core_tilesets/CyberCity_Core_Tiles_2/CyberCity_Core_Tiles_2/WallTech2_8.png,WallTech2_8.png,WALL_SIDE,wall_piece,34,49,30,47,38.18,"[""B_HIGH_VALUE_PAINT""]",True,B_HIGH_VALUE_PAINT
pvg_wall_side_walltech3_1_3d826482,res://assets/tilesets/cyber_city_core_tilesets/CyberCity_Core_Tiles_2/CyberCity_Core_Tiles_2/WallTech3_1.png,WallTech3_1.png,WALL_SIDE,wall_piece,23,75,21,74,27.48,"[""B_HIGH_VALUE_PAINT""]",True,B_HIGH_VALUE_PAINT
pvg_wall_side_walltech3_2_6a45ef34,res://assets/tilesets/cyber_city_core_tilesets/CyberCity_Core_Tiles_2/CyberCity_Core_Tiles_2/WallTech3_2.png,WallTech3_2.png,WALL_SIDE,wall_piece,49,63,41,57,33.79,"[""B_HIGH_VALUE_PAINT""]",True,B_HIGH_VALUE_PAINT
pvg_wall_side_walltech3_3_973bb207,res://assets/tilesets/cyber_city_core_tilesets/CyberCity_Core_Tiles_2/CyberCity_Core_Tiles_2/WallTech3_3.png,WallTech3_3.png,WALL_SIDE,wall_piece,28,76,21,75,40.84,"[""B_HIGH_VALUE_PAINT""]",True,B_HIGH_VALUE_PAINT
pvg_wall_side_walltech3_4_0f681496,res://assets/tilesets/cyber_city_core_tilesets/CyberCity_Core_Tiles_2/CyberCity_Core_Tiles_2/WallTech3_4.png,WallTech3_4.png,WALL_SIDE,wall_piece,45,62,41,57,25.88,"[""B_HIGH_VALUE_PAINT""]",True,B_HIGH_VALUE_PAINT
pvg_wall_side_walltech3_5_e7b5e95e,res://assets/tilesets/cyber_city_core_tilesets/CyberCity_Core_Tiles_2/CyberCity_Core_Tiles_2/WallTech3_5.png,WallTech3_5.png,WALL_SIDE,wall_piece,46,72,36,71,46.2,"[""B_HIGH_VALUE_PAINT""]",True,B_HIGH_VALUE_PAINT
pvg_wall_side_walltech3_6_97bd7657,res://assets/tilesets/cyber_city_core_tilesets/CyberCity_Core_Tiles_2/CyberCity_Core_Tiles_2/WallTech3_6.png,WallTech3_6.png,WALL_SIDE,wall_piece,44,74,37,71,45.24,"[""B_HIGH_VALUE_PAINT""]",True,B_HIGH_VALUE_PAINT
pvg_wall_side_walltech3_7_88336a47,res://assets/tilesets/cyber_city_core_tilesets/CyberCity_Core_Tiles_2/CyberCity_Core_Tiles_2/WallTech3_7.png,WallTech3_7.png,WALL_SIDE,wall_piece,43,72,37,71,42.34,"[""B_HIGH_VALUE_PAINT""]",True,B_HIGH_VALUE_PAINT
pvg_wall_side_walltech3_8_a448efcc,res://assets/tilesets/cyber_city_core_tilesets/CyberCity_Core_Tiles_2/CyberCity_Core_Tiles_2/WallTech3_8.png,WallTech3_8.png,WALL_SIDE,wall_piece,42,75,37,71,43.14,"[""B_HIGH_VALUE_PAINT""]",True,B_HIGH_VALUE_PAINT
pvg_neon_sign_woodensign1_1_1acf2ec8,res://assets/tilesets/cyber_city_core_tilesets/CyberCity_Core_Tiles_2/CyberCity_Core_Tiles_2/WoodenSign1_1.png,WoodenSign1_1.png,NEON_SIGN,sign_billboard,121,112,119,110,63.12,"[""C_LARGE_OBJECT_PAINT""]",True,C_LARGE_OBJECT_PAINT
pvg_neon_sign_woodensign1_2_c60d03cf,res://assets/tilesets/cyber_city_core_tilesets/CyberCity_Core_Tiles_2/CyberCity_Core_Tiles_2/WoodenSign1_2.png,WoodenSign1_2.png,NEON_SIGN,sign_billboard,53,146,51,145,73.74,"[""C_LARGE_OBJECT_PAINT""]",True,C_LARGE_OBJECT_PAINT
pvg_neon_sign_woodensign1_3_ac14cb7b,res://assets/tilesets/cyber_city_core_tilesets/CyberCity_Core_Tiles_2/CyberCity_Core_Tiles_2/WoodenSign1_3.png,WoodenSign1_3.png,NEON_SIGN,sign_billboard,109,114,107,109,61.93,"[""C_LARGE_OBJECT_PAINT""]",True,C_LARGE_OBJECT_PAINT
pvg_neon_sign_woodensign1_4_4336307d,res://assets/tilesets/cyber_city_core_tilesets/CyberCity_Core_Tiles_2/CyberCity_Core_Tiles_2/WoodenSign1_4.png,WoodenSign1_4.png,NEON_SIGN,sign_billboard,53,93,51,89,65.08,"[""C_LARGE_OBJECT_PAINT""]",True,C_LARGE_OBJECT_PAINT
pvg_neon_sign_woodensign1_5_33df8b72,res://assets/tilesets/cyber_city_core_tilesets/CyberCity_Core_Tiles_2/CyberCity_Core_Tiles_2/WoodenSign1_5.png,WoodenSign1_5.png,NEON_SIGN,sign_billboard,94,136,90,131,72.57,"[""C_LARGE_OBJECT_PAINT""]",True,C_LARGE_OBJECT_PAINT
pvg_neon_sign_woodensign1_6_8c56f6fb,res://assets/tilesets/cyber_city_core_tilesets/CyberCity_Core_Tiles_2/CyberCity_Core_Tiles_2/WoodenSign1_6.png,WoodenSign1_6.png,NEON_SIGN,sign_billboard,102,85,97,83,53.48,"[""C_LARGE_OBJECT_PAINT""]",True,C_LARGE_OBJECT_PAINT
pvg_neon_sign_woodensign1_7_a0ba3fd7,res://assets/tilesets/cyber_city_core_tilesets/CyberCity_Core_Tiles_2/CyberCity_Core_Tiles_2/WoodenSign1_7.png,WoodenSign1_7.png,NEON_SIGN,sign_billboard,86,133,84,132,66.87,"[""C_LARGE_OBJECT_PAINT""]",True,C_LARGE_OBJECT_PAINT
pvg_neon_sign_woodensign1_8_87991095,res://assets/tilesets/cyber_city_core_tilesets/CyberCity_Core_Tiles_2/CyberCity_Core_Tiles_2/WoodenSign1_8.png,WoodenSign1_8.png,NEON_SIGN,sign_billboard,79,85,78,83,50.22,"[""C_LARGE_OBJECT_PAINT""]",True,C_LARGE_OBJECT_PAINT
