object_id,source_set,original_asset_id,source_png_path,filename,width,height,object_category,recommended_container,recommended_z_index,recommended_default_scale,pivot_mode,quality_classification,rotation_warning,notes,palette_warning,source_exists
pvg_obj_core_foreground_pipe1_2_0560,core,pvg_tileset_atlas_pipe1_2_5aaacb35,res://assets/tilesets/cyber_city_core_tilesets/CyberCity_Core_Tiles_2/CyberCity_Core_Tiles_2/Pipe1_2.png,Pipe1_2.png,526,30,foreground,ForegroundObjects,160,1.0,VISIBLE_ALPHA_CENTER,SPRITE_STAMP_BETTER,"no, baked perspective warning",Use as an individually transformable Node2D/Sprite2D object; visual-only.,"no, baked perspective warning",True
pvg_obj_central_security_furniture_chair1_1_0935,central_security,CS_0265,res://assets/tilesets/cyber_city_core_tilesets/CyberCity_CentralSecurity_Tiles/CyberCity_CentralSecurity_Tiles_1/CyberCity_CentralSecurity_Tiles_1/Chair1_1.png,Chair1_1.png,54,65,furniture,OccludableObjects,90,1.0,VISIBLE_ALPHA_CENTER,READY_TO_PAINT,maybe,Use as an individually transformable Node2D/Sprite2D object; visual-only.,,True
pvg_obj_central_security_furniture_chair1_3_0939,central_security,CS_0267,res://assets/tilesets/cyber_city_core_tilesets/CyberCity_CentralSecurity_Tiles/CyberCity_CentralSecurity_Tiles_1/CyberCity_CentralSecurity_Tiles_1/Chair1_3.png,Chair1_3.png,65,66,furniture,OccludableObjects,90,1.0,VISIBLE_ALPHA_CENTER,READY_TO_PAINT,maybe,Use as an individually transformable Node2D/Sprite2D object; visual-only.,,True
pvg_obj_central_security_furniture_chair1_5_0929,central_security,CS_0269,res://assets/tilesets/cyber_city_core_tilesets/CyberCity_CentralSecurity_Tiles/CyberCity_CentralSecurity_Tiles_1/CyberCity_CentralSecurity_Tiles_1/Chair1_5.png,Chair1_5.png,59,54,furniture,OccludableObjects,90,1.0,VISIBLE_ALPHA_CENTER,READY_TO_PAINT,maybe,Use as an individually transformable Node2D/Sprite2D object; visual-only.,,True
pvg_obj_central_security_furniture_chair1_6_0950,central_security,CS_0270,res://assets/tilesets/cyber_city_core_tilesets/CyberCity_CentralSecurity_Tiles/CyberCity_CentralSecurity_Tiles_1/CyberCity_CentralSecurity_Tiles_1/Chair1_6.png,Chair1_6.png,59,77,furniture,OccludableObjects,90,1.0,VISIBLE_ALPHA_CENTER,READY_TO_PAINT,maybe,Use as an individually transformable Node2D/Sprite2D object; visual-only.,,True
pvg_obj_central_security_furniture_chair1_7_0940,central_security,CS_0271,res://assets/tilesets/cyber_city_core_tilesets/CyberCity_CentralSecurity_Tiles/CyberCity_CentralSecurity_Tiles_1/CyberCity_CentralSecurity_Tiles_1/Chair1_7.png,Chair1_7.png,67,55,furniture,OccludableObjects,90,1.0,VISIBLE_ALPHA_CENTER,READY_TO_PAINT,maybe,Use as an individually transformable Node2D/Sprite2D object; visual-only.,,True
pvg_obj_central_security_furniture_chair1_8_0951,central_security,CS_0272,res://assets/tilesets/cyber_city_core_tilesets/CyberCity_CentralSecurity_Tiles/CyberCity_CentralSecurity_Tiles_1/CyberCity_CentralSecurity_Tiles_1/Chair1_8.png,Chair1_8.png,72,77,furniture,OccludableObjects,90,1.0,VISIBLE_ALPHA_CENTER,READY_TO_PAINT,maybe,Use as an individually transformable Node2D/Sprite2D object; visual-only.,,True
pvg_obj_central_security_furniture_chair2_1_0941,central_security,CS_0273,res://assets/tilesets/cyber_city_core_tilesets/CyberCity_CentralSecurity_Tiles/CyberCity_CentralSecurity_Tiles_1/CyberCity_CentralSecurity_Tiles_1/Chair2_1.png,Chair2_1.png,52,70,furniture,OccludableObjects,90,1.0,VISIBLE_ALPHA_CENTER,READY_TO_PAINT,maybe,Use as an individually transformable Node2D/Sprite2D object; visual-only.,,True
pvg_obj_central_security_furniture_chair2_3_0942,central_security,CS_0275,res://assets/tilesets/cyber_city_core_tilesets/CyberCity_CentralSecurity_Tiles/CyberCity_CentralSecurity_Tiles_1/CyberCity_CentralSecurity_Tiles_1/Chair2_3.png,Chair2_3.png,58,70,furniture,OccludableObjects,90,1.0,VISIBLE_ALPHA_CENTER,READY_TO_PAINT,maybe,Use as an individually transformable Node2D/Sprite2D object; visual-only.,,True
pvg_obj_central_security_furniture_chair2_5_0931,central_security,CS_0277,res://assets/tilesets/cyber_city_core_tilesets/CyberCity_CentralSecurity_Tiles/CyberCity_CentralSecurity_Tiles_1/CyberCity_CentralSecurity_Tiles_1/Chair2_5.png,Chair2_5.png,48,62,furniture,OccludableObjects,90,1.0,VISIBLE_ALPHA_CENTER,READY_TO_PAINT,maybe,Use as an individually transformable Node2D/Sprite2D object; visual-only.,,True
pvg_obj_central_security_furniture_chair2_6_0948,central_security,CS_0278,res://assets/tilesets/cyber_city_core_tilesets/CyberCity_CentralSecurity_Tiles/CyberCity_CentralSecurity_Tiles_1/CyberCity_CentralSecurity_Tiles_1/Chair2_6.png,Chair2_6.png,50,77,furniture,OccludableObjects,90,1.0,VISIBLE_ALPHA_CENTER,READY_TO_PAINT,maybe,Use as an individually transformable Node2D/Sprite2D object; visual-only.,,True
pvg_obj_central_security_furniture_chair2_7_0930,central_security,CS_0279,res://assets/tilesets/cyber_city_core_tilesets/CyberCity_CentralSecurity_Tiles/CyberCity_CentralSecurity_Tiles_1/CyberCity_CentralSecurity_Tiles_1/Chair2_7.png,Chair2_7.png,56,61,furniture,OccludableObjects,90,1.0,VISIBLE_ALPHA_CENTER,READY_TO_PAINT,maybe,Use as an individually transformable Node2D/Sprite2D object; visual-only.,,True
pvg_obj_central_security_furniture_chair2_8_0949,central_security,CS_0280,res://assets/tilesets/cyber_city_core_tilesets/CyberCity_CentralSecurity_Tiles/CyberCity_CentralSecurity_Tiles_1/CyberCity_CentralSecurity_Tiles_1/Chair2_8.png,Chair2_8.png,55,77,furniture,OccludableObjects,90,1.0,VISIBLE_ALPHA_CENTER,READY_TO_PAINT,maybe,Use as an individually transformable Node2D/Sprite2D object; visual-only.,,True
pvg_obj_central_security_furniture_chairassembly1_2_1001,central_security,CS_0282,res://assets/tilesets/cyber_city_core_tilesets/CyberCity_CentralSecurity_Tiles/CyberCity_CentralSecurity_Tiles_1/CyberCity_CentralSecurity_Tiles_1/ChairAssembly1_2.png,ChairAssembly1_2.png,105,101,furniture,OccludableObjects,90,1.0,VISIBLE_ALPHA_CENTER,READY_TO_PAINT,maybe,Use as an individually transformable Node2D/Sprite2D object; visual-only.,,True
pvg_obj_central_security_furniture_chairassembly1_3_0957,central_security,CS_0283,res://assets/tilesets/cyber_city_core_tilesets/CyberCity_CentralSecurity_Tiles/CyberCity_CentralSecurity_Tiles_1/CyberCity_CentralSecurity_Tiles_1/ChairAssembly1_3.png,ChairAssembly1_3.png,63,86,furniture,OccludableObjects,90,1.0,VISIBLE_ALPHA_CENTER,READY_TO_PAINT,maybe,Use as an individually transformable Node2D/Sprite2D object; visual-only.,,True
pvg_obj_central_security_furniture_chairassembly1_4_1022,central_security,CS_0284,res://assets/tilesets/cyber_city_core_tilesets/CyberCity_CentralSecurity_Tiles/CyberCity_CentralSecurity_Tiles_1/CyberCity_CentralSecurity_Tiles_1/ChairAssembly1_4.png,ChairAssembly1_4.png,123,102,furniture,OccludableObjects,90,1.0,VISIBLE_ALPHA_CENTER,READY_TO_PAINT,maybe,Use as an individually transformable Node2D/Sprite2D object; visual-only.,,True
pvg_obj_central_security_furniture_chairassembly1_5_1023,central_security,CS_0285,res://assets/tilesets/cyber_city_core_tilesets/CyberCity_CentralSecurity_Tiles/CyberCity_CentralSecurity_Tiles_1/CyberCity_CentralSecurity_Tiles_1/ChairAssembly1_5.png,ChairAssembly1_5.png,94,126,furniture,OccludableObjects,90,1.0,VISIBLE_ALPHA_CENTER,READY_TO_PAINT,maybe,Use as an individually transformable Node2D/Sprite2D object; visual-only.,,True
pvg_obj_central_security_furniture_chairassembly1_7_0975,central_security,CS_0287,res://assets/tilesets/cyber_city_core_tilesets/CyberCity_CentralSecurity_Tiles/CyberCity_CentralSecurity_Tiles_1/CyberCity_CentralSecurity_Tiles_1/ChairAssembly1_7.png,ChairAssembly1_7.png,95,93,furniture,OccludableObjects,90,1.0,VISIBLE_ALPHA_CENTER,READY_TO_PAINT,maybe,Use as an individually transformable Node2D/Sprite2D object; visual-only.,,True
pvg_obj_central_security_furniture_chairassembly1_8_1011,central_security,CS_0288,res://assets/tilesets/cyber_city_core_tilesets/CyberCity_CentralSecurity_Tiles/CyberCity_CentralSecurity_Tiles_1/CyberCity_CentralSecurity_Tiles_1/ChairAssembly1_8.png,ChairAssembly1_8.png,112,93,furniture,OccludableObjects,90,1.0,VISIBLE_ALPHA_CENTER,READY_TO_PAINT,maybe,Use as an individually transformable Node2D/Sprite2D object; visual-only.,,True
pvg_obj_central_security_furniture_chairassembly2_2_0991,central_security,CS_0290,res://assets/tilesets/cyber_city_core_tilesets/CyberCity_CentralSecurity_Tiles/CyberCity_CentralSecurity_Tiles_1/CyberCity_CentralSecurity_Tiles_1/ChairAssembly2_2.png,ChairAssembly2_2.png,73,101,furniture,OccludableObjects,90,1.0,VISIBLE_ALPHA_CENTER,READY_TO_PAINT,maybe,Use as an individually transformable Node2D/Sprite2D object; visual-only.,,True
pvg_obj_central_security_furniture_chairassembly2_3_0958,central_security,CS_0291,res://assets/tilesets/cyber_city_core_tilesets/CyberCity_CentralSecurity_Tiles/CyberCity_CentralSecurity_Tiles_1/CyberCity_CentralSecurity_Tiles_1/ChairAssembly2_3.png,ChairAssembly2_3.png,63,86,furniture,OccludableObjects,90,1.0,VISIBLE_ALPHA_CENTER,READY_TO_PAINT,maybe,Use as an individually transformable Node2D/Sprite2D object; visual-only.,,True
pvg_obj_central_security_furniture_chairassembly2_4_0994,central_security,CS_0292,res://assets/tilesets/cyber_city_core_tilesets/CyberCity_CentralSecurity_Tiles/CyberCity_CentralSecurity_Tiles_1/CyberCity_CentralSecurity_Tiles_1/ChairAssembly2_4.png,ChairAssembly2_4.png,88,102,furniture,OccludableObjects,90,1.0,VISIBLE_ALPHA_CENTER,READY_TO_PAINT,maybe,Use as an individually transformable Node2D/Sprite2D object; visual-only.,,True
pvg_obj_central_security_furniture_chairassembly2_5_1003,central_security,CS_0293,res://assets/tilesets/cyber_city_core_tilesets/CyberCity_CentralSecurity_Tiles/CyberCity_CentralSecurity_Tiles_1/CyberCity_CentralSecurity_Tiles_1/ChairAssembly2_5.png,ChairAssembly2_5.png,78,106,furniture,OccludableObjects,90,1.0,VISIBLE_ALPHA_CENTER,READY_TO_PAINT,maybe,Use as an individually transformable Node2D/Sprite2D object; visual-only.,,True
pvg_obj_central_security_furniture_chairassembly2_7_0967,central_security,CS_0295,res://assets/tilesets/cyber_city_core_tilesets/CyberCity_CentralSecurity_Tiles/CyberCity_CentralSecurity_Tiles_1/CyberCity_CentralSecurity_Tiles_1/ChairAssembly2_7.png,ChairAssembly2_7.png,77,93,furniture,OccludableObjects,90,1.0,VISIBLE_ALPHA_CENTER,READY_TO_PAINT,maybe,Use as an individually transformable Node2D/Sprite2D object; visual-only.,,True
pvg_obj_central_security_furniture_chairassembly2_8_0970,central_security,CS_0296,res://assets/tilesets/cyber_city_core_tilesets/CyberCity_CentralSecurity_Tiles/CyberCity_CentralSecurity_Tiles_1/CyberCity_CentralSecurity_Tiles_1/ChairAssembly2_8.png,ChairAssembly2_8.png,90,93,furniture,OccludableObjects,90,1.0,VISIBLE_ALPHA_CENTER,READY_TO_PAINT,maybe,Use as an individually transformable Node2D/Sprite2D object; visual-only.,,True
pvg_obj_central_security_furniture_light1_1_0959,central_security,CS_0976,res://assets/tilesets/cyber_city_core_tilesets/CyberCity_CentralSecurity_Tiles/CyberCity_CentralSecurity_Tiles_1/CyberCity_CentralSecurity_Tiles_1/Light1_1.png,Light1_1.png,86,77,furniture,OccludableObjects,90,1.0,VISIBLE_ALPHA_CENTER,READY_TO_PAINT,maybe,Use as an individually transformable Node2D/Sprite2D object; visual-only.,,True
pvg_obj_central_security_furniture_light1_3_0969,central_security,CS_0978,res://assets/tilesets/cyber_city_core_tilesets/CyberCity_CentralSecurity_Tiles/CyberCity_CentralSecurity_Tiles_1/CyberCity_CentralSecurity_Tiles_1/Light1_3.png,Light1_3.png,93,79,furniture,OccludableObjects,90,1.0,VISIBLE_ALPHA_CENTER,READY_TO_PAINT,maybe,Use as an individually transformable Node2D/Sprite2D object; visual-only.,,True
pvg_obj_central_security_furniture_light1_5_0964,central_security,CS_0980,res://assets/tilesets/cyber_city_core_tilesets/CyberCity_CentralSecurity_Tiles/CyberCity_CentralSecurity_Tiles_1/CyberCity_CentralSecurity_Tiles_1/Light1_5.png,Light1_5.png,69,92,furniture,OccludableObjects,90,1.0,VISIBLE_ALPHA_CENTER,READY_TO_PAINT,maybe,Use as an individually transformable Node2D/Sprite2D object; visual-only.,,True
pvg_obj_central_security_furniture_light1_6_0977,central_security,CS_0981,res://assets/tilesets/cyber_city_core_tilesets/CyberCity_CentralSecurity_Tiles/CyberCity_CentralSecurity_Tiles_1/CyberCity_CentralSecurity_Tiles_1/Light1_6.png,Light1_6.png,68,96,furniture,OccludableObjects,90,1.0,VISIBLE_ALPHA_CENTER,READY_TO_PAINT,maybe,Use as an individually transformable Node2D/Sprite2D object; visual-only.,,True
pvg_obj_central_security_furniture_light1_7_0963,central_security,CS_0982,res://assets/tilesets/cyber_city_core_tilesets/CyberCity_CentralSecurity_Tiles/CyberCity_CentralSecurity_Tiles_1/CyberCity_CentralSecurity_Tiles_1/Light1_7.png,Light1_7.png,68,92,furniture,OccludableObjects,90,1.0,VISIBLE_ALPHA_CENTER,READY_TO_PAINT,maybe,Use as an individually transformable Node2D/Sprite2D object; visual-only.,,True
pvg_obj_central_security_furniture_light1_8_0974,central_security,CS_0983,res://assets/tilesets/cyber_city_core_tilesets/CyberCity_CentralSecurity_Tiles/CyberCity_CentralSecurity_Tiles_1/CyberCity_CentralSecurity_Tiles_1/Light1_8.png,Light1_8.png,68,95,furniture,OccludableObjects,90,1.0,VISIBLE_ALPHA_CENTER,READY_TO_PAINT,maybe,Use as an individually transformable Node2D/Sprite2D object; visual-only.,,True
pvg_obj_central_security_furniture_spotlight1_1_0932,central_security,CS_1194,res://assets/tilesets/cyber_city_core_tilesets/CyberCity_CentralSecurity_Tiles/CyberCity_CentralSecurity_Tiles_1/CyberCity_CentralSecurity_Tiles_1/Spotlight1_1.png,Spotlight1_1.png,54,63,furniture,OccludableObjects,90,1.0,VISIBLE_ALPHA_CENTER,READY_TO_PAINT,maybe,Use as an individually transformable Node2D/Sprite2D object; visual-only.,,True
pvg_obj_central_security_furniture_spotlight1_3_0934,central_security,CS_1196,res://assets/tilesets/cyber_city_core_tilesets/CyberCity_CentralSecurity_Tiles/CyberCity_CentralSecurity_Tiles_1/CyberCity_CentralSecurity_Tiles_1/Spotlight1_3.png,Spotlight1_3.png,54,64,furniture,OccludableObjects,90,1.0,VISIBLE_ALPHA_CENTER,READY_TO_PAINT,maybe,Use as an individually transformable Node2D/Sprite2D object; visual-only.,,True
pvg_obj_central_security_furniture_spotlight1_4_0937,central_security,CS_1197,res://assets/tilesets/cyber_city_core_tilesets/CyberCity_CentralSecurity_Tiles/CyberCity_CentralSecurity_Tiles_1/CyberCity_CentralSecurity_Tiles_1/Spotlight1_4.png,Spotlight1_4.png,55,66,furniture,OccludableObjects,90,1.0,VISIBLE_ALPHA_CENTER,READY_TO_PAINT,maybe,Use as an individually transformable Node2D/Sprite2D object; visual-only.,,True
pvg_obj_central_security_furniture_spotlight1_5_0936,central_security,CS_1198,res://assets/tilesets/cyber_city_core_tilesets/CyberCity_CentralSecurity_Tiles/CyberCity_CentralSecurity_Tiles_1/CyberCity_CentralSecurity_Tiles_1/Spotlight1_5.png,Spotlight1_5.png,56,65,furniture,OccludableObjects,90,1.0,VISIBLE_ALPHA_CENTER,READY_TO_PAINT,maybe,Use as an individually transformable Node2D/Sprite2D object; visual-only.,,True
pvg_obj_central_security_furniture_spotlight1_6_0933,central_security,CS_1199,res://assets/tilesets/cyber_city_core_tilesets/CyberCity_CentralSecurity_Tiles/CyberCity_CentralSecurity_Tiles_1/CyberCity_CentralSecurity_Tiles_1/Spotlight1_6.png,Spotlight1_6.png,56,63,furniture,OccludableObjects,90,1.0,VISIBLE_ALPHA_CENTER,READY_TO_PAINT,maybe,Use as an individually transformable Node2D/Sprite2D object; visual-only.,,True
pvg_obj_central_security_furniture_spotlight1_8_0938,central_security,CS_1201,res://assets/tilesets/cyber_city_core_tilesets/CyberCity_CentralSecurity_Tiles/CyberCity_CentralSecurity_Tiles_1/CyberCity_CentralSecurity_Tiles_1/Spotlight1_8.png,Spotlight1_8.png,58,66,furniture,OccludableObjects,90,1.0,VISIBLE_ALPHA_CENTER,READY_TO_PAINT,maybe,Use as an individually transformable Node2D/Sprite2D object; visual-only.,,True
pvg_obj_central_security_furniture_table1_1_1025,central_security,CS_1348,res://assets/tilesets/cyber_city_core_tilesets/CyberCity_CentralSecurity_Tiles/CyberCity_CentralSecurity_Tiles_1/CyberCity_CentralSecurity_Tiles_1/Table1_1.png,Table1_1.png,79,134,furniture,OccludableObjects,90,1.0,VISIBLE_ALPHA_CENTER,READY_TO_PAINT,maybe,Use as an individually transformable Node2D/Sprite2D object; visual-only.,,True
pvg_obj_central_security_furniture_table1_3_1028,central_security,CS_1350,res://assets/tilesets/cyber_city_core_tilesets/CyberCity_CentralSecurity_Tiles/CyberCity_CentralSecurity_Tiles_1/CyberCity_CentralSecurity_Tiles_1/Table1_3.png,Table1_3.png,77,138,furniture,OccludableObjects,90,1.0,VISIBLE_ALPHA_CENTER,READY_TO_PAINT,maybe,Use as an individually transformable Node2D/Sprite2D object; visual-only.,,True
pvg_obj_central_security_furniture_table1_5_1051,central_security,CS_1352,res://assets/tilesets/cyber_city_core_tilesets/CyberCity_CentralSecurity_Tiles/CyberCity_CentralSecurity_Tiles_1/CyberCity_CentralSecurity_Tiles_1/Table1_5.png,Table1_5.png,172,131,furniture,OccludableObjects,90,1.0,VISIBLE_ALPHA_CENTER,READY_TO_PAINT,maybe,Use as an individually transformable Node2D/Sprite2D object; visual-only.,,True
pvg_obj_central_security_furniture_table1_6_1049,central_security,CS_1353,res://assets/tilesets/cyber_city_core_tilesets/CyberCity_CentralSecurity_Tiles/CyberCity_CentralSecurity_Tiles_1/CyberCity_CentralSecurity_Tiles_1/Table1_6.png,Table1_6.png,171,131,furniture,OccludableObjects,90,1.0,VISIBLE_ALPHA_CENTER,READY_TO_PAINT,maybe,Use as an individually transformable Node2D/Sprite2D object; visual-only.,,True
pvg_obj_central_security_furniture_table1_7_1052,central_security,CS_1354,res://assets/tilesets/cyber_city_core_tilesets/CyberCity_CentralSecurity_Tiles/CyberCity_CentralSecurity_Tiles_1/CyberCity_CentralSecurity_Tiles_1/Table1_7.png,Table1_7.png,174,131,furniture,OccludableObjects,90,1.0,VISIBLE_ALPHA_CENTER,READY_TO_PAINT,maybe,Use as an individually transformable Node2D/Sprite2D object; visual-only.,,True
pvg_obj_central_security_furniture_table1_8_1050,central_security,CS_1355,res://assets/tilesets/cyber_city_core_tilesets/CyberCity_CentralSecurity_Tiles/CyberCity_CentralSecurity_Tiles_1/CyberCity_CentralSecurity_Tiles_1/Table1_8.png,Table1_8.png,171,132,furniture,OccludableObjects,90,1.0,VISIBLE_ALPHA_CENTER,READY_TO_PAINT,maybe,Use as an individually transformable Node2D/Sprite2D object; visual-only.,,True
pvg_obj_central_security_furniture_table2_1_0995,central_security,CS_1356,res://assets/tilesets/cyber_city_core_tilesets/CyberCity_CentralSecurity_Tiles/CyberCity_CentralSecurity_Tiles_1/CyberCity_CentralSecurity_Tiles_1/Table2_1.png,Table2_1.png,102,98,furniture,OccludableObjects,90,1.0,VISIBLE_ALPHA_CENTER,READY_TO_PAINT,maybe,Use as an individually transformable Node2D/Sprite2D object; visual-only.,,True
pvg_obj_central_security_furniture_table2_2_1005,central_security,CS_1357,res://assets/tilesets/cyber_city_core_tilesets/CyberCity_CentralSecurity_Tiles/CyberCity_CentralSecurity_Tiles_1/CyberCity_CentralSecurity_Tiles_1/Table2_2.png,Table2_2.png,107,86,furniture,OccludableObjects,90,1.0,VISIBLE_ALPHA_CENTER,READY_TO_PAINT,maybe,Use as an individually transformable Node2D/Sprite2D object; visual-only.,,True
pvg_obj_central_security_furniture_table2_3_1000,central_security,CS_1358,res://assets/tilesets/cyber_city_core_tilesets/CyberCity_CentralSecurity_Tiles/CyberCity_CentralSecurity_Tiles_1/CyberCity_CentralSecurity_Tiles_1/Table2_3.png,Table2_3.png,105,94,furniture,OccludableObjects,90,1.0,VISIBLE_ALPHA_CENTER,READY_TO_PAINT,maybe,Use as an individually transformable Node2D/Sprite2D object; visual-only.,,True
pvg_obj_central_security_furniture_table2_4_1009,central_security,CS_1359,res://assets/tilesets/cyber_city_core_tilesets/CyberCity_CentralSecurity_Tiles/CyberCity_CentralSecurity_Tiles_1/CyberCity_CentralSecurity_Tiles_1/Table2_4.png,Table2_4.png,110,108,furniture,OccludableObjects,90,1.0,VISIBLE_ALPHA_CENTER,READY_TO_PAINT,maybe,Use as an individually transformable Node2D/Sprite2D object; visual-only.,,True
pvg_obj_central_security_furniture_table2_5_1018,central_security,CS_1360,res://assets/tilesets/cyber_city_core_tilesets/CyberCity_CentralSecurity_Tiles/CyberCity_CentralSecurity_Tiles_1/CyberCity_CentralSecurity_Tiles_1/Table2_5.png,Table2_5.png,115,97,furniture,OccludableObjects,90,1.0,VISIBLE_ALPHA_CENTER,READY_TO_PAINT,maybe,Use as an individually transformable Node2D/Sprite2D object; visual-only.,,True
pvg_obj_central_security_furniture_table2_6_1020,central_security,CS_1361,res://assets/tilesets/cyber_city_core_tilesets/CyberCity_CentralSecurity_Tiles/CyberCity_CentralSecurity_Tiles_1/CyberCity_CentralSecurity_Tiles_1/Table2_6.png,Table2_6.png,116,112,furniture,OccludableObjects,90,1.0,VISIBLE_ALPHA_CENTER,READY_TO_PAINT,maybe,Use as an individually transformable Node2D/Sprite2D object; visual-only.,,True
pvg_obj_central_security_furniture_table3_1_0983,central_security,CS_1364,res://assets/tilesets/cyber_city_core_tilesets/CyberCity_CentralSecurity_Tiles/CyberCity_CentralSecurity_Tiles_1/CyberCity_CentralSecurity_Tiles_1/Table3_1.png,Table3_1.png,68,98,furniture,OccludableObjects,90,1.0,VISIBLE_ALPHA_CENTER,READY_TO_PAINT,maybe,Use as an individually transformable Node2D/Sprite2D object; visual-only.,,True
pvg_obj_central_security_furniture_table3_2_1004,central_security,CS_1365,res://assets/tilesets/cyber_city_core_tilesets/CyberCity_CentralSecurity_Tiles/CyberCity_CentralSecurity_Tiles_1/CyberCity_CentralSecurity_Tiles_1/Table3_2.png,Table3_2.png,107,62,furniture,OccludableObjects,90,1.0,VISIBLE_ALPHA_CENTER,READY_TO_PAINT,maybe,Use as an individually transformable Node2D/Sprite2D object; visual-only.,,True
pvg_obj_central_security_furniture_table3_3_0972,central_security,CS_1366,res://assets/tilesets/cyber_city_core_tilesets/CyberCity_CentralSecurity_Tiles/CyberCity_CentralSecurity_Tiles_1/CyberCity_CentralSecurity_Tiles_1/Table3_3.png,Table3_3.png,68,94,furniture,OccludableObjects,90,1.0,VISIBLE_ALPHA_CENTER,READY_TO_PAINT,maybe,Use as an individually transformable Node2D/Sprite2D object; visual-only.,,True
pvg_obj_central_security_furniture_table3_4_1008,central_security,CS_1367,res://assets/tilesets/cyber_city_core_tilesets/CyberCity_CentralSecurity_Tiles/CyberCity_CentralSecurity_Tiles_1/CyberCity_CentralSecurity_Tiles_1/Table3_4.png,Table3_4.png,110,70,furniture,OccludableObjects,90,1.0,VISIBLE_ALPHA_CENTER,READY_TO_PAINT,maybe,Use as an individually transformable Node2D/Sprite2D object; visual-only.,,True
pvg_obj_central_security_furniture_table3_5_1012,central_security,CS_1368,res://assets/tilesets/cyber_city_core_tilesets/CyberCity_CentralSecurity_Tiles/CyberCity_CentralSecurity_Tiles_1/CyberCity_CentralSecurity_Tiles_1/Table3_5.png,Table3_5.png,113,97,furniture,OccludableObjects,90,1.0,VISIBLE_ALPHA_CENTER,READY_TO_PAINT,maybe,Use as an individually transformable Node2D/Sprite2D object; visual-only.,,True
pvg_obj_central_security_furniture_table3_6_1016,central_security,CS_1369,res://assets/tilesets/cyber_city_core_tilesets/CyberCity_CentralSecurity_Tiles/CyberCity_CentralSecurity_Tiles_1/CyberCity_CentralSecurity_Tiles_1/Table3_6.png,Table3_6.png,114,97,furniture,OccludableObjects,90,1.0,VISIBLE_ALPHA_CENTER,READY_TO_PAINT,maybe,Use as an individually transformable Node2D/Sprite2D object; visual-only.,,True
pvg_obj_central_security_furniture_table4_1_1036,central_security,CS_1372,res://assets/tilesets/cyber_city_core_tilesets/CyberCity_CentralSecurity_Tiles/CyberCity_CentralSecurity_Tiles_1/CyberCity_CentralSecurity_Tiles_1/Table4_1.png,Table4_1.png,150,105,furniture,OccludableObjects,90,1.0,VISIBLE_ALPHA_CENTER,READY_TO_PAINT,maybe,Use as an individually transformable Node2D/Sprite2D object; visual-only.,,True
pvg_obj_central_security_furniture_table4_2_1029,central_security,CS_1373,res://assets/tilesets/cyber_city_core_tilesets/CyberCity_CentralSecurity_Tiles/CyberCity_CentralSecurity_Tiles_1/CyberCity_CentralSecurity_Tiles_1/Table4_2.png,Table4_2.png,109,138,furniture,OccludableObjects,90,1.0,VISIBLE_ALPHA_CENTER,READY_TO_PAINT,maybe,Use as an individually transformable Node2D/Sprite2D object; visual-only.,,True
pvg_obj_central_security_furniture_table4_3_1040,central_security,CS_1374,res://assets/tilesets/cyber_city_core_tilesets/CyberCity_CentralSecurity_Tiles/CyberCity_CentralSecurity_Tiles_1/CyberCity_CentralSecurity_Tiles_1/Table4_3.png,Table4_3.png,153,105,furniture,OccludableObjects,90,1.0,VISIBLE_ALPHA_CENTER,READY_TO_PAINT,maybe,Use as an individually transformable Node2D/Sprite2D object; visual-only.,,True
pvg_obj_central_security_furniture_table4_4_1026,central_security,CS_1375,res://assets/tilesets/cyber_city_core_tilesets/CyberCity_CentralSecurity_Tiles/CyberCity_CentralSecurity_Tiles_1/CyberCity_CentralSecurity_Tiles_1/Table4_4.png,Table4_4.png,109,134,furniture,OccludableObjects,90,1.0,VISIBLE_ALPHA_CENTER,READY_TO_PAINT,maybe,Use as an individually transformable Node2D/Sprite2D object; visual-only.,,True
pvg_obj_central_security_furniture_table4_6_1046,central_security,CS_1377,res://assets/tilesets/cyber_city_core_tilesets/CyberCity_CentralSecurity_Tiles/CyberCity_CentralSecurity_Tiles_1/CyberCity_CentralSecurity_Tiles_1/Table4_6.png,Table4_6.png,156,141,furniture,OccludableObjects,90,1.0,VISIBLE_ALPHA_CENTER,READY_TO_PAINT,maybe,Use as an individually transformable Node2D/Sprite2D object; visual-only.,,True
pvg_obj_central_security_furniture_table4_7_1042,central_security,CS_1378,res://assets/tilesets/cyber_city_core_tilesets/CyberCity_CentralSecurity_Tiles/CyberCity_CentralSecurity_Tiles_1/CyberCity_CentralSecurity_Tiles_1/Table4_7.png,Table4_7.png,155,142,furniture,OccludableObjects,90,1.0,VISIBLE_ALPHA_CENTER,READY_TO_PAINT,maybe,Use as an individually transformable Node2D/Sprite2D object; visual-only.,,True
pvg_obj_central_security_furniture_vent1_1_0954,central_security,CS_1540,res://assets/tilesets/cyber_city_core_tilesets/CyberCity_CentralSecurity_Tiles/CyberCity_CentralSecurity_Tiles_1/CyberCity_CentralSecurity_Tiles_1/Vent1_1.png,Vent1_1.png,83,52,furniture,OccludableObjects,90,1.0,VISIBLE_ALPHA_CENTER,READY_TO_PAINT,maybe,Use as an individually transformable Node2D/Sprite2D object; visual-only.,,True
pvg_obj_central_security_furniture_vent1_2_0952,central_security,CS_1541,res://assets/tilesets/cyber_city_core_tilesets/CyberCity_CentralSecurity_Tiles/CyberCity_CentralSecurity_Tiles_1/CyberCity_CentralSecurity_Tiles_1/Vent1_2.png,Vent1_2.png,48,78,furniture,OccludableObjects,90,1.0,VISIBLE_ALPHA_CENTER,READY_TO_PAINT,maybe,Use as an individually transformable Node2D/Sprite2D object; visual-only.,,True
pvg_obj_central_security_furniture_vent1_3_0953,central_security,CS_1542,res://assets/tilesets/cyber_city_core_tilesets/CyberCity_CentralSecurity_Tiles/CyberCity_CentralSecurity_Tiles_1/CyberCity_CentralSecurity_Tiles_1/Vent1_3.png,Vent1_3.png,81,50,furniture,OccludableObjects,90,1.0,VISIBLE_ALPHA_CENTER,READY_TO_PAINT,maybe,Use as an individually transformable Node2D/Sprite2D object; visual-only.,,True
pvg_obj_central_security_furniture_vent1_4_0945,central_security,CS_1543,res://assets/tilesets/cyber_city_core_tilesets/CyberCity_CentralSecurity_Tiles/CyberCity_CentralSecurity_Tiles_1/CyberCity_CentralSecurity_Tiles_1/Vent1_4.png,Vent1_4.png,50,75,furniture,OccludableObjects,90,1.0,VISIBLE_ALPHA_CENTER,READY_TO_PAINT,maybe,Use as an individually transformable Node2D/Sprite2D object; visual-only.,,True
pvg_obj_central_security_furniture_vent1_5_0960,central_security,CS_1544,res://assets/tilesets/cyber_city_core_tilesets/CyberCity_CentralSecurity_Tiles/CyberCity_CentralSecurity_Tiles_1/CyberCity_CentralSecurity_Tiles_1/Vent1_5.png,Vent1_5.png,86,78,furniture,OccludableObjects,90,1.0,VISIBLE_ALPHA_CENTER,READY_TO_PAINT,maybe,Use as an individually transformable Node2D/Sprite2D object; visual-only.,,True
pvg_obj_central_security_furniture_vent1_7_0956,central_security,CS_1546,res://assets/tilesets/cyber_city_core_tilesets/CyberCity_CentralSecurity_Tiles/CyberCity_CentralSecurity_Tiles_1/CyberCity_CentralSecurity_Tiles_1/Vent1_7.png,Vent1_7.png,85,78,furniture,OccludableObjects,90,1.0,VISIBLE_ALPHA_CENTER,READY_TO_PAINT,maybe,Use as an individually transformable Node2D/Sprite2D object; visual-only.,,True
pvg_obj_central_security_furniture_vent2_1_0946,central_security,CS_1548,res://assets/tilesets/cyber_city_core_tilesets/CyberCity_CentralSecurity_Tiles/CyberCity_CentralSecurity_Tiles_1/CyberCity_CentralSecurity_Tiles_1/Vent2_1.png,Vent2_1.png,62,75,furniture,OccludableObjects,90,1.0,VISIBLE_ALPHA_CENTER,READY_TO_PAINT,maybe,Use as an individually transformable Node2D/Sprite2D object; visual-only.,,True
pvg_obj_central_security_furniture_vent2_3_0943,central_security,CS_1550,res://assets/tilesets/cyber_city_core_tilesets/CyberCity_CentralSecurity_Tiles/CyberCity_CentralSecurity_Tiles_1/CyberCity_CentralSecurity_Tiles_1/Vent2_3.png,Vent2_3.png,61,74,furniture,OccludableObjects,90,1.0,VISIBLE_ALPHA_CENTER,READY_TO_PAINT,maybe,Use as an individually transformable Node2D/Sprite2D object; visual-only.,,True
pvg_obj_central_security_furniture_vent2_4_0955,central_security,CS_1551,res://assets/tilesets/cyber_city_core_tilesets/CyberCity_CentralSecurity_Tiles/CyberCity_CentralSecurity_Tiles_1/CyberCity_CentralSecurity_Tiles_1/Vent2_4.png,Vent2_4.png,51,84,furniture,OccludableObjects,90,1.0,VISIBLE_ALPHA_CENTER,READY_TO_PAINT,maybe,Use as an individually transformable Node2D/Sprite2D object; visual-only.,,True
pvg_obj_central_security_furniture_vent2_5_0947,central_security,CS_1552,res://assets/tilesets/cyber_city_core_tilesets/CyberCity_CentralSecurity_Tiles/CyberCity_CentralSecurity_Tiles_1/CyberCity_CentralSecurity_Tiles_1/Vent2_5.png,Vent2_5.png,75,63,furniture,OccludableObjects,90,1.0,VISIBLE_ALPHA_CENTER,READY_TO_PAINT,maybe,Use as an individually transformable Node2D/Sprite2D object; visual-only.,,True
pvg_obj_central_security_furniture_vent2_6_0965,central_security,CS_1553,res://assets/tilesets/cyber_city_core_tilesets/CyberCity_CentralSecurity_Tiles/CyberCity_CentralSecurity_Tiles_1/CyberCity_CentralSecurity_Tiles_1/Vent2_6.png,Vent2_6.png,76,92,furniture,OccludableObjects,90,1.0,VISIBLE_ALPHA_CENTER,READY_TO_PAINT,maybe,Use as an individually transformable Node2D/Sprite2D object; visual-only.,,True
pvg_obj_central_security_furniture_vent2_7_0944,central_security,CS_1554,res://assets/tilesets/cyber_city_core_tilesets/CyberCity_CentralSecurity_Tiles/CyberCity_CentralSecurity_Tiles_1/CyberCity_CentralSecurity_Tiles_1/Vent2_7.png,Vent2_7.png,74,64,furniture,OccludableObjects,90,1.0,VISIBLE_ALPHA_CENTER,READY_TO_PAINT,maybe,Use as an individually transformable Node2D/Sprite2D object; visual-only.,,True
pvg_obj_central_security_large_structure_largebag1_2_1272,central_security,CS_0961,res://assets/tilesets/cyber_city_core_tilesets/CyberCity_CentralSecurity_Tiles/CyberCity_CentralSecurity_Tiles_1/CyberCity_CentralSecurity_Tiles_1/LargeBag1_2.png,LargeBag1_2.png,46,68,large_structure,OccludableObjects,95,1.0,VISIBLE_ALPHA_CENTER,MODULAR_PART_OK,"no, baked perspective warning",Use as an individually transformable Node2D/Sprite2D object; visual-only.,"no, baked perspective warning",True
pvg_obj_central_security_large_structure_largebag1_4_1271,central_security,CS_0963,res://assets/tilesets/cyber_city_core_tilesets/CyberCity_CentralSecurity_Tiles/CyberCity_CentralSecurity_Tiles_1/CyberCity_CentralSecurity_Tiles_1/LargeBag1_4.png,LargeBag1_4.png,43,66,large_structure,OccludableObjects,95,1.0,VISIBLE_ALPHA_CENTER,MODULAR_PART_OK,"no, baked perspective warning",Use as an individually transformable Node2D/Sprite2D object; visual-only.,"no, baked perspective warning",True
pvg_obj_central_security_large_structure_largebag1_5_1165,central_security,CS_0964,res://assets/tilesets/cyber_city_core_tilesets/CyberCity_CentralSecurity_Tiles/CyberCity_CentralSecurity_Tiles_1/CyberCity_CentralSecurity_Tiles_1/LargeBag1_5.png,LargeBag1_5.png,69,56,large_structure,OccludableObjects,95,1.0,VISIBLE_ALPHA_CENTER,MODULAR_PART_OK,"no, baked perspective warning",Use as an individually transformable Node2D/Sprite2D object; visual-only.,"no, baked perspective warning",True
pvg_obj_central_security_large_structure_largebag1_6_1168,central_security,CS_0965,res://assets/tilesets/cyber_city_core_tilesets/CyberCity_CentralSecurity_Tiles/CyberCity_CentralSecurity_Tiles_1/CyberCity_CentralSecurity_Tiles_1/LargeBag1_6.png,LargeBag1_6.png,73,55,large_structure,OccludableObjects,95,1.0,VISIBLE_ALPHA_CENTER,MODULAR_PART_OK,"no, baked perspective warning",Use as an individually transformable Node2D/Sprite2D object; visual-only.,"no, baked perspective warning",True
pvg_obj_central_security_large_structure_largebag1_7_1166,central_security,CS_0966,res://assets/tilesets/cyber_city_core_tilesets/CyberCity_CentralSecurity_Tiles/CyberCity_CentralSecurity_Tiles_1/CyberCity_CentralSecurity_Tiles_1/LargeBag1_7.png,LargeBag1_7.png,70,56,large_structure,OccludableObjects,95,1.0,VISIBLE_ALPHA_CENTER,MODULAR_PART_OK,"no, baked perspective warning",Use as an individually transformable Node2D/Sprite2D object; visual-only.,"no, baked perspective warning",True
pvg_obj_central_security_large_structure_largebag1_8_1167,central_security,CS_0967,res://assets/tilesets/cyber_city_core_tilesets/CyberCity_CentralSecurity_Tiles/CyberCity_CentralSecurity_Tiles_1/CyberCity_CentralSecurity_Tiles_1/LargeBag1_8.png,LargeBag1_8.png,71,55,large_structure,OccludableObjects,95,1.0,VISIBLE_ALPHA_CENTER,MODULAR_PART_OK,"no, baked perspective warning",Use as an individually transformable Node2D/Sprite2D object; visual-only.,"no, baked perspective warning",True
pvg_obj_central_security_large_structure_largecase1_1_1172,central_security,CS_0968,res://assets/tilesets/cyber_city_core_tilesets/CyberCity_CentralSecurity_Tiles/CyberCity_CentralSecurity_Tiles_1/CyberCity_CentralSecurity_Tiles_1/LargeCase1_1.png,LargeCase1_1.png,79,48,large_structure,OccludableObjects,95,1.0,VISIBLE_ALPHA_CENTER,MODULAR_PART_OK,"no, baked perspective warning",Use as an individually transformable Node2D/Sprite2D object; visual-only.,"no, baked perspective warning",True
pvg_obj_central_security_large_structure_largecase1_2_1164,central_security,CS_0969,res://assets/tilesets/cyber_city_core_tilesets/CyberCity_CentralSecurity_Tiles/CyberCity_CentralSecurity_Tiles_1/CyberCity_CentralSecurity_Tiles_1/LargeCase1_2.png,LargeCase1_2.png,52,67,large_structure,OccludableObjects,95,1.0,VISIBLE_ALPHA_CENTER,MODULAR_PART_OK,"no, baked perspective warning",Use as an individually transformable Node2D/Sprite2D object; visual-only.,"no, baked perspective warning",True
pvg_obj_central_security_large_structure_largecase1_4_1163,central_security,CS_0971,res://assets/tilesets/cyber_city_core_tilesets/CyberCity_CentralSecurity_Tiles/CyberCity_CentralSecurity_Tiles_1/CyberCity_CentralSecurity_Tiles_1/LargeCase1_4.png,LargeCase1_4.png,48,66,large_structure,OccludableObjects,95,1.0,VISIBLE_ALPHA_CENTER,MODULAR_PART_OK,"no, baked perspective warning",Use as an individually transformable Node2D/Sprite2D object; visual-only.,"no, baked perspective warning",True
pvg_obj_central_security_large_structure_largecase1_6_1169,central_security,CS_0973,res://assets/tilesets/cyber_city_core_tilesets/CyberCity_CentralSecurity_Tiles/CyberCity_CentralSecurity_Tiles_1/CyberCity_CentralSecurity_Tiles_1/LargeCase1_6.png,LargeCase1_6.png,77,66,large_structure,OccludableObjects,95,1.0,VISIBLE_ALPHA_CENTER,MODULAR_PART_OK,"no, baked perspective warning",Use as an individually transformable Node2D/Sprite2D object; visual-only.,"no, baked perspective warning",True
pvg_obj_central_security_large_structure_largecase1_7_1171,central_security,CS_0974,res://assets/tilesets/cyber_city_core_tilesets/CyberCity_CentralSecurity_Tiles/CyberCity_CentralSecurity_Tiles_1/CyberCity_CentralSecurity_Tiles_1/LargeCase1_7.png,LargeCase1_7.png,78,65,large_structure,OccludableObjects,95,1.0,VISIBLE_ALPHA_CENTER,MODULAR_PART_OK,"no, baked perspective warning",Use as an individually transformable Node2D/Sprite2D object; visual-only.,"no, baked perspective warning",True
pvg_obj_central_security_large_structure_largecase1_8_1170,central_security,CS_0975,res://assets/tilesets/cyber_city_core_tilesets/CyberCity_CentralSecurity_Tiles/CyberCity_CentralSecurity_Tiles_1/CyberCity_CentralSecurity_Tiles_1/LargeCase1_8.png,LargeCase1_8.png,77,67,large_structure,OccludableObjects,95,1.0,VISIBLE_ALPHA_CENTER,MODULAR_PART_OK,"no, baked perspective warning",Use as an individually transformable Node2D/Sprite2D object; visual-only.,"no, baked perspective warning",True
pvg_obj_central_security_large_structure_mobilearmory1_1_1242,central_security,CS_1018,res://assets/tilesets/cyber_city_core_tilesets/CyberCity_CentralSecurity_Tiles/CyberCity_CentralSecurity_Tiles_1/CyberCity_CentralSecurity_Tiles_1/MobileArmory1_1.png,MobileArmory1_1.png,414,375,large_structure,OccludableObjects,95,1.0,VISIBLE_ALPHA_CENTER,MODULAR_PART_OK,"no, baked perspective warning",Use as an individually transformable Node2D/Sprite2D object; visual-only.,"no, baked perspective warning",True
pvg_obj_central_security_large_structure_mobilearmory1_2_1227,central_security,CS_1019,res://assets/tilesets/cyber_city_core_tilesets/CyberCity_CentralSecurity_Tiles/CyberCity_CentralSecurity_Tiles_1/CyberCity_CentralSecurity_Tiles_1/MobileArmory1_2.png,MobileArmory1_2.png,364,357,large_structure,OccludableObjects,95,1.0,VISIBLE_ALPHA_CENTER,MODULAR_PART_OK,"no, baked perspective warning",Use as an individually transformable Node2D/Sprite2D object; visual-only.,"no, baked perspective warning",True
pvg_obj_central_security_large_structure_mobilearmory1_3_1237,central_security,CS_1020,res://assets/tilesets/cyber_city_core_tilesets/CyberCity_CentralSecurity_Tiles/CyberCity_CentralSecurity_Tiles_1/CyberCity_CentralSecurity_Tiles_1/MobileArmory1_3.png,MobileArmory1_3.png,407,352,large_structure,OccludableObjects,95,1.0,VISIBLE_ALPHA_CENTER,MODULAR_PART_OK,"no, baked perspective warning",Use as an individually transformable Node2D/Sprite2D object; visual-only.,"no, baked perspective warning",True
pvg_obj_central_security_large_structure_mobilearmory1_4_1230,central_security,CS_1021,res://assets/tilesets/cyber_city_core_tilesets/CyberCity_CentralSecurity_Tiles/CyberCity_CentralSecurity_Tiles_1/CyberCity_CentralSecurity_Tiles_1/MobileArmory1_4.png,MobileArmory1_4.png,383,361,large_structure,OccludableObjects,95,1.0,VISIBLE_ALPHA_CENTER,MODULAR_PART_OK,"no, baked perspective warning",Use as an individually transformable Node2D/Sprite2D object; visual-only.,"no, baked perspective warning",True
pvg_obj_central_security_large_structure_mobilearmory1_6_1245,central_security,CS_1023,res://assets/tilesets/cyber_city_core_tilesets/CyberCity_CentralSecurity_Tiles/CyberCity_CentralSecurity_Tiles_1/CyberCity_CentralSecurity_Tiles_1/MobileArmory1_6.png,MobileArmory1_6.png,450,421,large_structure,OccludableObjects,95,1.0,VISIBLE_ALPHA_CENTER,MODULAR_PART_OK,"no, baked perspective warning",Use as an individually transformable Node2D/Sprite2D object; visual-only.,"no, baked perspective warning",True
pvg_obj_central_security_large_structure_mobilearmory1_8_1246,central_security,CS_1025,res://assets/tilesets/cyber_city_core_tilesets/CyberCity_CentralSecurity_Tiles/CyberCity_CentralSecurity_Tiles_1/CyberCity_CentralSecurity_Tiles_1/MobileArmory1_8.png,MobileArmory1_8.png,452,400,large_structure,OccludableObjects,95,1.0,VISIBLE_ALPHA_CENTER,MODULAR_PART_OK,"no, baked perspective warning",Use as an individually transformable Node2D/Sprite2D object; visual-only.,"no, baked perspective warning",True
pvg_obj_central_security_large_structure_rocketplatform1_1_1074,central_security,CS_1070,res://assets/tilesets/cyber_city_core_tilesets/CyberCity_CentralSecurity_Tiles/CyberCity_CentralSecurity_Tiles_1/CyberCity_CentralSecurity_Tiles_1/RocketPlatform1_1.png,RocketPlatform1_1.png,79,124,large_structure,OccludableObjects,95,1.0,VISIBLE_ALPHA_CENTER,READY_TO_PAINT,"no, baked perspective warning",Use as an individually transformable Node2D/Sprite2D object; visual-only.,"no, baked perspective warning",True
pvg_obj_central_security_large_structure_rocketplatform1_2_1061,central_security,CS_1071,res://assets/tilesets/cyber_city_core_tilesets/CyberCity_CentralSecurity_Tiles/CyberCity_CentralSecurity_Tiles_1/CyberCity_CentralSecurity_Tiles_1/RocketPlatform1_2.png,RocketPlatform1_2.png,93,107,large_structure,OccludableObjects,95,1.0,VISIBLE_ALPHA_CENTER,READY_TO_PAINT,"no, baked perspective warning",Use as an individually transformable Node2D/Sprite2D object; visual-only.,"no, baked perspective warning",True
pvg_obj_central_security_large_structure_rocketplatform1_3_1066,central_security,CS_1072,res://assets/tilesets/cyber_city_core_tilesets/CyberCity_CentralSecurity_Tiles/CyberCity_CentralSecurity_Tiles_1/CyberCity_CentralSecurity_Tiles_1/RocketPlatform1_3.png,RocketPlatform1_3.png,79,113,large_structure,OccludableObjects,95,1.0,VISIBLE_ALPHA_CENTER,READY_TO_PAINT,"no, baked perspective warning",Use as an individually transformable Node2D/Sprite2D object; visual-only.,"no, baked perspective warning",True
pvg_obj_central_security_large_structure_rocketplatform1_4_1060,central_security,CS_1073,res://assets/tilesets/cyber_city_core_tilesets/CyberCity_CentralSecurity_Tiles/CyberCity_CentralSecurity_Tiles_1/CyberCity_CentralSecurity_Tiles_1/RocketPlatform1_4.png,RocketPlatform1_4.png,89,107,large_structure,OccludableObjects,95,1.0,VISIBLE_ALPHA_CENTER,READY_TO_PAINT,"no, baked perspective warning",Use as an individually transformable Node2D/Sprite2D object; visual-only.,"no, baked perspective warning",True
pvg_obj_central_security_large_structure_rocketplatform1_5_1070,central_security,CS_1074,res://assets/tilesets/cyber_city_core_tilesets/CyberCity_CentralSecurity_Tiles/CyberCity_CentralSecurity_Tiles_1/CyberCity_CentralSecurity_Tiles_1/RocketPlatform1_5.png,RocketPlatform1_5.png,87,116,large_structure,OccludableObjects,95,1.0,VISIBLE_ALPHA_CENTER,READY_TO_PAINT,"no, baked perspective warning",Use as an individually transformable Node2D/Sprite2D object; visual-only.,"no, baked perspective warning",True
pvg_obj_central_security_large_structure_rocketplatform1_6_1064,central_security,CS_1075,res://assets/tilesets/cyber_city_core_tilesets/CyberCity_CentralSecurity_Tiles/CyberCity_CentralSecurity_Tiles_1/CyberCity_CentralSecurity_Tiles_1/RocketPlatform1_6.png,RocketPlatform1_6.png,92,111,large_structure,OccludableObjects,95,1.0,VISIBLE_ALPHA_CENTER,READY_TO_PAINT,"no, baked perspective warning",Use as an individually transformable Node2D/Sprite2D object; visual-only.,"no, baked perspective warning",True
pvg_obj_central_security_large_structure_rocketplatform1_7_1071,central_security,CS_1076,res://assets/tilesets/cyber_city_core_tilesets/CyberCity_CentralSecurity_Tiles/CyberCity_CentralSecurity_Tiles_1/CyberCity_CentralSecurity_Tiles_1/RocketPlatform1_7.png,RocketPlatform1_7.png,87,116,large_structure,OccludableObjects,95,1.0,VISIBLE_ALPHA_CENTER,READY_TO_PAINT,"no, baked perspective warning",Use as an individually transformable Node2D/Sprite2D object; visual-only.,"no, baked perspective warning",True
pvg_obj_central_security_large_structure_rocketplatform1_8_1072,central_security,CS_1077,res://assets/tilesets/cyber_city_core_tilesets/CyberCity_CentralSecurity_Tiles/CyberCity_CentralSecurity_Tiles_1/CyberCity_CentralSecurity_Tiles_1/RocketPlatform1_8.png,RocketPlatform1_8.png,92,116,large_structure,OccludableObjects,95,1.0,VISIBLE_ALPHA_CENTER,READY_TO_PAINT,"no, baked perspective warning",Use as an individually transformable Node2D/Sprite2D object; visual-only.,"no, baked perspective warning",True
pvg_obj_central_security_large_structure_rocketplatform2_1_1062,central_security,CS_1078,res://assets/tilesets/cyber_city_core_tilesets/CyberCity_CentralSecurity_Tiles/CyberCity_CentralSecurity_Tiles_1/CyberCity_CentralSecurity_Tiles_1/RocketPlatform2_1.png,RocketPlatform2_1.png,79,109,large_structure,OccludableObjects,95,1.0,VISIBLE_ALPHA_CENTER,READY_TO_PAINT,"no, baked perspective warning",Use as an individually transformable Node2D/Sprite2D object; visual-only.,"no, baked perspective warning",True
pvg_obj_central_security_large_structure_rocketplatform2_2_1068,central_security,CS_1079,res://assets/tilesets/cyber_city_core_tilesets/CyberCity_CentralSecurity_Tiles/CyberCity_CentralSecurity_Tiles_1/CyberCity_CentralSecurity_Tiles_1/RocketPlatform2_2.png,RocketPlatform2_2.png,93,113,large_structure,OccludableObjects,95,1.0,VISIBLE_ALPHA_CENTER,READY_TO_PAINT,"no, baked perspective warning",Use as an individually transformable Node2D/Sprite2D object; visual-only.,"no, baked perspective warning",True
pvg_obj_central_security_large_structure_rocketplatform2_3_1065,central_security,CS_1080,res://assets/tilesets/cyber_city_core_tilesets/CyberCity_CentralSecurity_Tiles/CyberCity_CentralSecurity_Tiles_1/CyberCity_CentralSecurity_Tiles_1/RocketPlatform2_3.png,RocketPlatform2_3.png,79,112,large_structure,OccludableObjects,95,1.0,VISIBLE_ALPHA_CENTER,READY_TO_PAINT,"no, baked perspective warning",Use as an individually transformable Node2D/Sprite2D object; visual-only.,"no, baked perspective warning",True
pvg_obj_central_security_large_structure_rocketplatform2_4_1067,central_security,CS_1081,res://assets/tilesets/cyber_city_core_tilesets/CyberCity_CentralSecurity_Tiles/CyberCity_CentralSecurity_Tiles_1/CyberCity_CentralSecurity_Tiles_1/RocketPlatform2_4.png,RocketPlatform2_4.png,85,113,large_structure,OccludableObjects,95,1.0,VISIBLE_ALPHA_CENTER,READY_TO_PAINT,"no, baked perspective warning",Use as an individually transformable Node2D/Sprite2D object; visual-only.,"no, baked perspective warning",True
pvg_obj_central_security_large_structure_rocketplatform2_5_1059,central_security,CS_1082,res://assets/tilesets/cyber_city_core_tilesets/CyberCity_CentralSecurity_Tiles/CyberCity_CentralSecurity_Tiles_1/CyberCity_CentralSecurity_Tiles_1/RocketPlatform2_5.png,RocketPlatform2_5.png,87,107,large_structure,OccludableObjects,95,1.0,VISIBLE_ALPHA_CENTER,READY_TO_PAINT,"no, baked perspective warning",Use as an individually transformable Node2D/Sprite2D object; visual-only.,"no, baked perspective warning",True
pvg_obj_central_security_large_structure_rocketplatform2_6_1063,central_security,CS_1083,res://assets/tilesets/cyber_city_core_tilesets/CyberCity_CentralSecurity_Tiles/CyberCity_CentralSecurity_Tiles_1/CyberCity_CentralSecurity_Tiles_1/RocketPlatform2_6.png,RocketPlatform2_6.png,87,110,large_structure,OccludableObjects,95,1.0,VISIBLE_ALPHA_CENTER,READY_TO_PAINT,"no, baked perspective warning",Use as an individually transformable Node2D/Sprite2D object; visual-only.,"no, baked perspective warning",True
pvg_obj_central_security_large_structure_rocketplatform2_7_1073,central_security,CS_1084,res://assets/tilesets/cyber_city_core_tilesets/CyberCity_CentralSecurity_Tiles/CyberCity_CentralSecurity_Tiles_1/CyberCity_CentralSecurity_Tiles_1/RocketPlatform2_7.png,RocketPlatform2_7.png,87,117,large_structure,OccludableObjects,95,1.0,VISIBLE_ALPHA_CENTER,READY_TO_PAINT,"no, baked perspective warning",Use as an individually transformable Node2D/Sprite2D object; visual-only.,"no, baked perspective warning",True
pvg_obj_central_security_large_structure_rocketplatform2_8_1069,central_security,CS_1085,res://assets/tilesets/cyber_city_core_tilesets/CyberCity_CentralSecurity_Tiles/CyberCity_CentralSecurity_Tiles_1/CyberCity_CentralSecurity_Tiles_1/RocketPlatform2_8.png,RocketPlatform2_8.png,83,116,large_structure,OccludableObjects,95,1.0,VISIBLE_ALPHA_CENTER,READY_TO_PAINT,"no, baked perspective warning",Use as an individually transformable Node2D/Sprite2D object; visual-only.,"no, baked perspective warning",True
pvg_obj_central_security_large_structure_structure11_1_1204,central_security,CS_1218,res://assets/tilesets/cyber_city_core_tilesets/CyberCity_CentralSecurity_Tiles/CyberCity_CentralSecurity_Tiles_1/CyberCity_CentralSecurity_Tiles_1/Structure11_1.png,Structure11_1.png,120,289,large_structure,OccludableObjects,95,1.0,VISIBLE_ALPHA_CENTER,MODULAR_PART_OK,"no, baked perspective warning",Use as an individually transformable Node2D/Sprite2D object; visual-only.,"no, baked perspective warning",True
pvg_obj_central_security_large_structure_structure11_2_1206,central_security,CS_1219,res://assets/tilesets/cyber_city_core_tilesets/CyberCity_CentralSecurity_Tiles/CyberCity_CentralSecurity_Tiles_1/CyberCity_CentralSecurity_Tiles_1/Structure11_2.png,Structure11_2.png,124,290,large_structure,OccludableObjects,95,1.0,VISIBLE_ALPHA_CENTER,MODULAR_PART_OK,"no, baked perspective warning",Use as an individually transformable Node2D/Sprite2D object; visual-only.,"no, baked perspective warning",True
pvg_obj_central_security_large_structure_structure11_3_1207,central_security,CS_1220,res://assets/tilesets/cyber_city_core_tilesets/CyberCity_CentralSecurity_Tiles/CyberCity_CentralSecurity_Tiles_1/CyberCity_CentralSecurity_Tiles_1/Structure11_3.png,Structure11_3.png,121,294,large_structure,OccludableObjects,95,1.0,VISIBLE_ALPHA_CENTER,MODULAR_PART_OK,"no, baked perspective warning",Use as an individually transformable Node2D/Sprite2D object; visual-only.,"no, baked perspective warning",True
pvg_obj_central_security_large_structure_structure11_4_1205,central_security,CS_1221,res://assets/tilesets/cyber_city_core_tilesets/CyberCity_CentralSecurity_Tiles/CyberCity_CentralSecurity_Tiles_1/CyberCity_CentralSecurity_Tiles_1/Structure11_4.png,Structure11_4.png,123,289,large_structure,OccludableObjects,95,1.0,VISIBLE_ALPHA_CENTER,MODULAR_PART_OK,"no, baked perspective warning",Use as an individually transformable Node2D/Sprite2D object; visual-only.,"no, baked perspective warning",True
pvg_obj_central_security_large_structure_structure11_5_1208,central_security,CS_1222,res://assets/tilesets/cyber_city_core_tilesets/CyberCity_CentralSecurity_Tiles/CyberCity_CentralSecurity_Tiles_1/CyberCity_CentralSecurity_Tiles_1/Structure11_5.png,Structure11_5.png,134,297,large_structure,OccludableObjects,95,1.0,VISIBLE_ALPHA_CENTER,MODULAR_PART_OK,"no, baked perspective warning",Use as an individually transformable Node2D/Sprite2D object; visual-only.,"no, baked perspective warning",True
pvg_obj_central_security_large_structure_structure11_6_1209,central_security,CS_1223,res://assets/tilesets/cyber_city_core_tilesets/CyberCity_CentralSecurity_Tiles/CyberCity_CentralSecurity_Tiles_1/CyberCity_CentralSecurity_Tiles_1/Structure11_6.png,Structure11_6.png,135,297,large_structure,OccludableObjects,95,1.0,VISIBLE_ALPHA_CENTER,MODULAR_PART_OK,"no, baked perspective warning",Use as an individually transformable Node2D/Sprite2D object; visual-only.,"no, baked perspective warning",True
pvg_obj_central_security_large_structure_structure12_1_1203,central_security,CS_1226,res://assets/tilesets/cyber_city_core_tilesets/CyberCity_CentralSecurity_Tiles/CyberCity_CentralSecurity_Tiles_1/CyberCity_CentralSecurity_Tiles_1/Structure12_1.png,Structure12_1.png,266,202,large_structure,OccludableObjects,95,1.0,VISIBLE_ALPHA_CENTER,MODULAR_PART_OK,"no, baked perspective warning",Use as an individually transformable Node2D/Sprite2D object; visual-only.,"no, baked perspective warning",True
pvg_obj_central_security_large_structure_structure12_2_1225,central_security,CS_1227,res://assets/tilesets/cyber_city_core_tilesets/CyberCity_CentralSecurity_Tiles/CyberCity_CentralSecurity_Tiles_1/CyberCity_CentralSecurity_Tiles_1/Structure12_2.png,Structure12_2.png,359,271,large_structure,OccludableObjects,95,1.0,VISIBLE_ALPHA_CENTER,MODULAR_PART_OK,"no, baked perspective warning",Use as an individually transformable Node2D/Sprite2D object; visual-only.,"no, baked perspective warning",True
pvg_obj_central_security_large_structure_structure12_3_1219,central_security,CS_1228,res://assets/tilesets/cyber_city_core_tilesets/CyberCity_CentralSecurity_Tiles/CyberCity_CentralSecurity_Tiles_1/CyberCity_CentralSecurity_Tiles_1/Structure12_3.png,Structure12_3.png,265,343,large_structure,OccludableObjects,95,1.0,VISIBLE_ALPHA_CENTER,MODULAR_PART_OK,"no, baked perspective warning",Use as an individually transformable Node2D/Sprite2D object; visual-only.,"no, baked perspective warning",True
pvg_obj_central_security_large_structure_structure12_4_1214,central_security,CS_1229,res://assets/tilesets/cyber_city_core_tilesets/CyberCity_CentralSecurity_Tiles/CyberCity_CentralSecurity_Tiles_1/CyberCity_CentralSecurity_Tiles_1/Structure12_4.png,Structure12_4.png,325,270,large_structure,OccludableObjects,95,1.0,VISIBLE_ALPHA_CENTER,MODULAR_PART_OK,"no, baked perspective warning",Use as an individually transformable Node2D/Sprite2D object; visual-only.,"no, baked perspective warning",True
pvg_obj_central_security_large_structure_structure12_6_1216,central_security,CS_1231,res://assets/tilesets/cyber_city_core_tilesets/CyberCity_CentralSecurity_Tiles/CyberCity_CentralSecurity_Tiles_1/CyberCity_CentralSecurity_Tiles_1/Structure12_6.png,Structure12_6.png,333,243,large_structure,OccludableObjects,95,1.0,VISIBLE_ALPHA_CENTER,MODULAR_PART_OK,"no, baked perspective warning",Use as an individually transformable Node2D/Sprite2D object; visual-only.,"no, baked perspective warning",True
pvg_obj_central_security_large_structure_structure12_8_1220,central_security,CS_1233,res://assets/tilesets/cyber_city_core_tilesets/CyberCity_CentralSecurity_Tiles/CyberCity_CentralSecurity_Tiles_1/CyberCity_CentralSecurity_Tiles_1/Structure12_8.png,Structure12_8.png,331,345,large_structure,OccludableObjects,95,1.0,VISIBLE_ALPHA_CENTER,MODULAR_PART_OK,"no, baked perspective warning",Use as an individually transformable Node2D/Sprite2D object; visual-only.,"no, baked perspective warning",True
pvg_obj_central_security_large_structure_structure13_1_1186,central_security,CS_1234,res://assets/tilesets/cyber_city_core_tilesets/CyberCity_CentralSecurity_Tiles/CyberCity_CentralSecurity_Tiles_1/CyberCity_CentralSecurity_Tiles_1/Structure13_1.png,Structure13_1.png,158,166,large_structure,OccludableObjects,95,1.0,VISIBLE_ALPHA_CENTER,MODULAR_PART_OK,"no, baked perspective warning",Use as an individually transformable Node2D/Sprite2D object; visual-only.,"no, baked perspective warning",True
pvg_obj_central_security_large_structure_structure13_4_1200,central_security,CS_1237,res://assets/tilesets/cyber_city_core_tilesets/CyberCity_CentralSecurity_Tiles/CyberCity_CentralSecurity_Tiles_1/CyberCity_CentralSecurity_Tiles_1/Structure13_4.png,Structure13_4.png,221,166,large_structure,OccludableObjects,95,1.0,VISIBLE_ALPHA_CENTER,MODULAR_PART_OK,"no, baked perspective warning",Use as an individually transformable Node2D/Sprite2D object; visual-only.,"no, baked perspective warning",True
pvg_obj_central_security_large_structure_structure13_5_1199,central_security,CS_1238,res://assets/tilesets/cyber_city_core_tilesets/CyberCity_CentralSecurity_Tiles/CyberCity_CentralSecurity_Tiles_1/CyberCity_CentralSecurity_Tiles_1/Structure13_5.png,Structure13_5.png,213,163,large_structure,OccludableObjects,95,1.0,VISIBLE_ALPHA_CENTER,MODULAR_PART_OK,"no, baked perspective warning",Use as an individually transformable Node2D/Sprite2D object; visual-only.,"no, baked perspective warning",True
pvg_obj_central_security_large_structure_structure13_6_1194,central_security,CS_1239,res://assets/tilesets/cyber_city_core_tilesets/CyberCity_CentralSecurity_Tiles/CyberCity_CentralSecurity_Tiles_1/CyberCity_CentralSecurity_Tiles_1/Structure13_6.png,Structure13_6.png,195,166,large_structure,OccludableObjects,95,1.0,VISIBLE_ALPHA_CENTER,MODULAR_PART_OK,"no, baked perspective warning",Use as an individually transformable Node2D/Sprite2D object; visual-only.,"no, baked perspective warning",True
pvg_obj_central_security_large_structure_structure13_7_1201,central_security,CS_1240,res://assets/tilesets/cyber_city_core_tilesets/CyberCity_CentralSecurity_Tiles/CyberCity_CentralSecurity_Tiles_1/CyberCity_CentralSecurity_Tiles_1/Structure13_7.png,Structure13_7.png,214,226,large_structure,OccludableObjects,95,1.0,VISIBLE_ALPHA_CENTER,MODULAR_PART_OK,"no, baked perspective warning",Use as an individually transformable Node2D/Sprite2D object; visual-only.,"no, baked perspective warning",True
pvg_obj_central_security_large_structure_structure13_8_1202,central_security,CS_1241,res://assets/tilesets/cyber_city_core_tilesets/CyberCity_CentralSecurity_Tiles/CyberCity_CentralSecurity_Tiles_1/CyberCity_CentralSecurity_Tiles_1/Structure13_8.png,Structure13_8.png,193,227,large_structure,OccludableObjects,95,1.0,VISIBLE_ALPHA_CENTER,MODULAR_PART_OK,"no, baked perspective warning",Use as an individually transformable Node2D/Sprite2D object; visual-only.,"no, baked perspective warning",True
pvg_obj_central_security_large_structure_structure14_1_1249,central_security,CS_1242,res://assets/tilesets/cyber_city_core_tilesets/CyberCity_CentralSecurity_Tiles/CyberCity_CentralSecurity_Tiles_1/CyberCity_CentralSecurity_Tiles_1/Structure14_1.png,Structure14_1.png,315,514,large_structure,OccludableObjects,95,1.0,VISIBLE_ALPHA_CENTER,MODULAR_PART_OK,"no, baked perspective warning",Use as an individually transformable Node2D/Sprite2D object; visual-only.,"no, baked perspective warning",True
pvg_obj_central_security_large_structure_structure14_3_1256,central_security,CS_1244,res://assets/tilesets/cyber_city_core_tilesets/CyberCity_CentralSecurity_Tiles/CyberCity_CentralSecurity_Tiles_1/CyberCity_CentralSecurity_Tiles_1/Structure14_3.png,Structure14_3.png,317,595,large_structure,OccludableObjects,95,1.0,VISIBLE_ALPHA_CENTER,MODULAR_PART_OK,"no, baked perspective warning",Use as an individually transformable Node2D/Sprite2D object; visual-only.,"no, baked perspective warning",True
pvg_obj_central_security_large_structure_structure14_5_1254,central_security,CS_1246,res://assets/tilesets/cyber_city_core_tilesets/CyberCity_CentralSecurity_Tiles/CyberCity_CentralSecurity_Tiles_1/CyberCity_CentralSecurity_Tiles_1/Structure14_5.png,Structure14_5.png,581,419,large_structure,OccludableObjects,95,1.0,VISIBLE_ALPHA_CENTER,MODULAR_PART_OK,"no, baked perspective warning",Use as an individually transformable Node2D/Sprite2D object; visual-only.,"no, baked perspective warning",True
pvg_obj_central_security_large_structure_structure14_6_1251,central_security,CS_1247,res://assets/tilesets/cyber_city_core_tilesets/CyberCity_CentralSecurity_Tiles/CyberCity_CentralSecurity_Tiles_1/CyberCity_CentralSecurity_Tiles_1/Structure14_6.png,Structure14_6.png,560,416,large_structure,OccludableObjects,95,1.0,VISIBLE_ALPHA_CENTER,MODULAR_PART_OK,"no, baked perspective warning",Use as an individually transformable Node2D/Sprite2D object; visual-only.,"no, baked perspective warning",True
pvg_obj_central_security_large_structure_structure14_7_1255,central_security,CS_1248,res://assets/tilesets/cyber_city_core_tilesets/CyberCity_CentralSecurity_Tiles/CyberCity_CentralSecurity_Tiles_1/CyberCity_CentralSecurity_Tiles_1/Structure14_7.png,Structure14_7.png,585,483,large_structure,OccludableObjects,95,1.0,VISIBLE_ALPHA_CENTER,MODULAR_PART_OK,"no, baked perspective warning",Use as an individually transformable Node2D/Sprite2D object; visual-only.,"no, baked perspective warning",True
pvg_obj_central_security_large_structure_structure14_8_1250,central_security,CS_1249,res://assets/tilesets/cyber_city_core_tilesets/CyberCity_CentralSecurity_Tiles/CyberCity_CentralSecurity_Tiles_1/CyberCity_CentralSecurity_Tiles_1/Structure14_8.png,Structure14_8.png,559,479,large_structure,OccludableObjects,95,1.0,VISIBLE_ALPHA_CENTER,MODULAR_PART_OK,"no, baked perspective warning",Use as an individually transformable Node2D/Sprite2D object; visual-only.,"no, baked perspective warning",True
pvg_obj_central_security_large_structure_structure16_1_1211,central_security,CS_1254,res://assets/tilesets/cyber_city_core_tilesets/CyberCity_CentralSecurity_Tiles/CyberCity_CentralSecurity_Tiles_1/CyberCity_CentralSecurity_Tiles_1/Structure16_1.png,Structure16_1.png,311,242,large_structure,OccludableObjects,95,1.0,VISIBLE_ALPHA_CENTER,MODULAR_PART_OK,"no, baked perspective warning",Use as an individually transformable Node2D/Sprite2D object; visual-only.,"no, baked perspective warning",True
pvg_obj_central_security_large_structure_structure16_2_1215,central_security,CS_1255,res://assets/tilesets/cyber_city_core_tilesets/CyberCity_CentralSecurity_Tiles/CyberCity_CentralSecurity_Tiles_1/CyberCity_CentralSecurity_Tiles_1/Structure16_2.png,Structure16_2.png,328,230,large_structure,OccludableObjects,95,1.0,VISIBLE_ALPHA_CENTER,MODULAR_PART_OK,"no, baked perspective warning",Use as an individually transformable Node2D/Sprite2D object; visual-only.,"no, baked perspective warning",True
pvg_obj_central_security_large_structure_structure16_3_1241,central_security,CS_1256,res://assets/tilesets/cyber_city_core_tilesets/CyberCity_CentralSecurity_Tiles/CyberCity_CentralSecurity_Tiles_1/CyberCity_CentralSecurity_Tiles_1/Structure16_3.png,Structure16_3.png,414,306,large_structure,OccludableObjects,95,1.0,VISIBLE_ALPHA_CENTER,MODULAR_PART_OK,"no, baked perspective warning",Use as an individually transformable Node2D/Sprite2D object; visual-only.,"no, baked perspective warning",True
pvg_obj_central_security_large_structure_structure16_4_1240,central_security,CS_1257,res://assets/tilesets/cyber_city_core_tilesets/CyberCity_CentralSecurity_Tiles/CyberCity_CentralSecurity_Tiles_1/CyberCity_CentralSecurity_Tiles_1/Structure16_4.png,Structure16_4.png,412,300,large_structure,OccludableObjects,95,1.0,VISIBLE_ALPHA_CENTER,MODULAR_PART_OK,"no, baked perspective warning",Use as an individually transformable Node2D/Sprite2D object; visual-only.,"no, baked perspective warning",True
pvg_obj_central_security_large_structure_structure17_1_1173,central_security,CS_1258,res://assets/tilesets/cyber_city_core_tilesets/CyberCity_CentralSecurity_Tiles/CyberCity_CentralSecurity_Tiles_1/CyberCity_CentralSecurity_Tiles_1/Structure17_1.png,Structure17_1.png,60,89,large_structure,OccludableObjects,95,1.0,VISIBLE_ALPHA_CENTER,MODULAR_PART_OK,"no, baked perspective warning",Use as an individually transformable Node2D/Sprite2D object; visual-only.,"no, baked perspective warning",True
pvg_obj_central_security_large_structure_structure17_2_1177,central_security,CS_1259,res://assets/tilesets/cyber_city_core_tilesets/CyberCity_CentralSecurity_Tiles/CyberCity_CentralSecurity_Tiles_1/CyberCity_CentralSecurity_Tiles_1/Structure17_2.png,Structure17_2.png,132,129,large_structure,OccludableObjects,95,1.0,VISIBLE_ALPHA_CENTER,MODULAR_PART_OK,"no, baked perspective warning",Use as an individually transformable Node2D/Sprite2D object; visual-only.,"no, baked perspective warning",True
pvg_obj_central_security_large_structure_structure17_4_1176,central_security,CS_1261,res://assets/tilesets/cyber_city_core_tilesets/CyberCity_CentralSecurity_Tiles/CyberCity_CentralSecurity_Tiles_1/CyberCity_CentralSecurity_Tiles_1/Structure17_4.png,Structure17_4.png,113,125,large_structure,OccludableObjects,95,1.0,VISIBLE_ALPHA_CENTER,MODULAR_PART_OK,"no, baked perspective warning",Use as an individually transformable Node2D/Sprite2D object; visual-only.,"no, baked perspective warning",True
pvg_obj_central_security_large_structure_structure17_5_1175,central_security,CS_1262,res://assets/tilesets/cyber_city_core_tilesets/CyberCity_CentralSecurity_Tiles/CyberCity_CentralSecurity_Tiles_1/CyberCity_CentralSecurity_Tiles_1/Structure17_5.png,Structure17_5.png,116,92,large_structure,OccludableObjects,95,1.0,VISIBLE_ALPHA_CENTER,MODULAR_PART_OK,"no, baked perspective warning",Use as an individually transformable Node2D/Sprite2D object; visual-only.,"no, baked perspective warning",True
pvg_obj_central_security_large_structure_structure17_6_1174,central_security,CS_1263,res://assets/tilesets/cyber_city_core_tilesets/CyberCity_CentralSecurity_Tiles/CyberCity_CentralSecurity_Tiles_1/CyberCity_CentralSecurity_Tiles_1/Structure17_6.png,Structure17_6.png,97,87,large_structure,OccludableObjects,95,1.0,VISIBLE_ALPHA_CENTER,MODULAR_PART_OK,"no, baked perspective warning",Use as an individually transformable Node2D/Sprite2D object; visual-only.,"no, baked perspective warning",True
pvg_obj_central_security_large_structure_structure17_7_1182,central_security,CS_1264,res://assets/tilesets/cyber_city_core_tilesets/CyberCity_CentralSecurity_Tiles/CyberCity_CentralSecurity_Tiles_1/CyberCity_CentralSecurity_Tiles_1/Structure17_7.png,Structure17_7.png,119,163,large_structure,OccludableObjects,95,1.0,VISIBLE_ALPHA_CENTER,MODULAR_PART_OK,"no, baked perspective warning",Use as an individually transformable Node2D/Sprite2D object; visual-only.,"no, baked perspective warning",True
pvg_obj_central_security_large_structure_structure18_1_1195,central_security,CS_1266,res://assets/tilesets/cyber_city_core_tilesets/CyberCity_CentralSecurity_Tiles/CyberCity_CentralSecurity_Tiles_1/CyberCity_CentralSecurity_Tiles_1/Structure18_1.png,Structure18_1.png,196,122,large_structure,OccludableObjects,95,1.0,VISIBLE_ALPHA_CENTER,MODULAR_PART_OK,"no, baked perspective warning",Use as an individually transformable Node2D/Sprite2D object; visual-only.,"no, baked perspective warning",True
pvg_obj_central_security_large_structure_structure18_2_1198,central_security,CS_1267,res://assets/tilesets/cyber_city_core_tilesets/CyberCity_CentralSecurity_Tiles/CyberCity_CentralSecurity_Tiles_1/CyberCity_CentralSecurity_Tiles_1/Structure18_2.png,Structure18_2.png,135,207,large_structure,OccludableObjects,95,1.0,VISIBLE_ALPHA_CENTER,MODULAR_PART_OK,"no, baked perspective warning",Use as an individually transformable Node2D/Sprite2D object; visual-only.,"no, baked perspective warning",True
pvg_obj_central_security_large_structure_structure18_3_1196,central_security,CS_1268,res://assets/tilesets/cyber_city_core_tilesets/CyberCity_CentralSecurity_Tiles/CyberCity_CentralSecurity_Tiles_1/CyberCity_CentralSecurity_Tiles_1/Structure18_3.png,Structure18_3.png,200,187,large_structure,OccludableObjects,95,1.0,VISIBLE_ALPHA_CENTER,MODULAR_PART_OK,"no, baked perspective warning",Use as an individually transformable Node2D/Sprite2D object; visual-only.,"no, baked perspective warning",True
pvg_obj_central_security_large_structure_structure18_5_1192,central_security,CS_1270,res://assets/tilesets/cyber_city_core_tilesets/CyberCity_CentralSecurity_Tiles/CyberCity_CentralSecurity_Tiles_1/CyberCity_CentralSecurity_Tiles_1/Structure18_5.png,Structure18_5.png,191,158,large_structure,OccludableObjects,95,1.0,VISIBLE_ALPHA_CENTER,MODULAR_PART_OK,"no, baked perspective warning",Use as an individually transformable Node2D/Sprite2D object; visual-only.,"no, baked perspective warning",True
pvg_obj_central_security_large_structure_structure18_6_1193,central_security,CS_1271,res://assets/tilesets/cyber_city_core_tilesets/CyberCity_CentralSecurity_Tiles/CyberCity_CentralSecurity_Tiles_1/CyberCity_CentralSecurity_Tiles_1/Structure18_6.png,Structure18_6.png,194,185,large_structure,OccludableObjects,95,1.0,VISIBLE_ALPHA_CENTER,MODULAR_PART_OK,"no, baked perspective warning",Use as an individually transformable Node2D/Sprite2D object; visual-only.,"no, baked perspective warning",True
pvg_obj_central_security_large_structure_structure18_7_1197,central_security,CS_1272,res://assets/tilesets/cyber_city_core_tilesets/CyberCity_CentralSecurity_Tiles/CyberCity_CentralSecurity_Tiles_1/CyberCity_CentralSecurity_Tiles_1/Structure18_7.png,Structure18_7.png,206,202,large_structure,OccludableObjects,95,1.0,VISIBLE_ALPHA_CENTER,MODULAR_PART_OK,"no, baked perspective warning",Use as an individually transformable Node2D/Sprite2D object; visual-only.,"no, baked perspective warning",True
pvg_obj_central_security_large_structure_structure19_1_1213,central_security,CS_1274,res://assets/tilesets/cyber_city_core_tilesets/CyberCity_CentralSecurity_Tiles/CyberCity_CentralSecurity_Tiles_1/CyberCity_CentralSecurity_Tiles_1/Structure19_1.png,Structure19_1.png,211,319,large_structure,OccludableObjects,95,1.0,VISIBLE_ALPHA_CENTER,MODULAR_PART_OK,"no, baked perspective warning",Use as an individually transformable Node2D/Sprite2D object; visual-only.,"no, baked perspective warning",True
pvg_obj_central_security_large_structure_structure19_2_1218,central_security,CS_1275,res://assets/tilesets/cyber_city_core_tilesets/CyberCity_CentralSecurity_Tiles/CyberCity_CentralSecurity_Tiles_1/CyberCity_CentralSecurity_Tiles_1/Structure19_2.png,Structure19_2.png,341,219,large_structure,OccludableObjects,95,1.0,VISIBLE_ALPHA_CENTER,MODULAR_PART_OK,"no, baked perspective warning",Use as an individually transformable Node2D/Sprite2D object; visual-only.,"no, baked perspective warning",True
pvg_obj_central_security_large_structure_structure19_3_1212,central_security,CS_1276,res://assets/tilesets/cyber_city_core_tilesets/CyberCity_CentralSecurity_Tiles/CyberCity_CentralSecurity_Tiles_1/CyberCity_CentralSecurity_Tiles_1/Structure19_3.png,Structure19_3.png,215,318,large_structure,OccludableObjects,95,1.0,VISIBLE_ALPHA_CENTER,MODULAR_PART_OK,"no, baked perspective warning",Use as an individually transformable Node2D/Sprite2D object; visual-only.,"no, baked perspective warning",True
pvg_obj_central_security_large_structure_structure19_4_1217,central_security,CS_1277,res://assets/tilesets/cyber_city_core_tilesets/CyberCity_CentralSecurity_Tiles/CyberCity_CentralSecurity_Tiles_1/CyberCity_CentralSecurity_Tiles_1/Structure19_4.png,Structure19_4.png,338,222,large_structure,OccludableObjects,95,1.0,VISIBLE_ALPHA_CENTER,MODULAR_PART_OK,"no, baked perspective warning",Use as an individually transformable Node2D/Sprite2D object; visual-only.,"no, baked perspective warning",True
pvg_obj_central_security_large_structure_structure19_5_1226,central_security,CS_1278,res://assets/tilesets/cyber_city_core_tilesets/CyberCity_CentralSecurity_Tiles/CyberCity_CentralSecurity_Tiles_1/CyberCity_CentralSecurity_Tiles_1/Structure19_5.png,Structure19_5.png,359,330,large_structure,OccludableObjects,95,1.0,VISIBLE_ALPHA_CENTER,MODULAR_PART_OK,"no, baked perspective warning",Use as an individually transformable Node2D/Sprite2D object; visual-only.,"no, baked perspective warning",True
pvg_obj_central_security_large_structure_structure19_6_1224,central_security,CS_1279,res://assets/tilesets/cyber_city_core_tilesets/CyberCity_CentralSecurity_Tiles/CyberCity_CentralSecurity_Tiles_1/CyberCity_CentralSecurity_Tiles_1/Structure19_6.png,Structure19_6.png,358,332,large_structure,OccludableObjects,95,1.0,VISIBLE_ALPHA_CENTER,MODULAR_PART_OK,"no, baked perspective warning",Use as an individually transformable Node2D/Sprite2D object; visual-only.,"no, baked perspective warning",True
pvg_obj_central_security_large_structure_structure2_1_1265,central_security,CS_1290,res://assets/tilesets/cyber_city_core_tilesets/CyberCity_CentralSecurity_Tiles/CyberCity_CentralSecurity_Tiles_1/CyberCity_CentralSecurity_Tiles_1/Structure2_1.png,Structure2_1.png,405,653,large_structure,OccludableObjects,95,1.0,VISIBLE_ALPHA_CENTER,MODULAR_PART_OK,"no, baked perspective warning",Use as an individually transformable Node2D/Sprite2D object; visual-only.,"no, baked perspective warning",True
pvg_obj_central_security_large_structure_structure2_2_1259,central_security,CS_1291,res://assets/tilesets/cyber_city_core_tilesets/CyberCity_CentralSecurity_Tiles/CyberCity_CentralSecurity_Tiles_1/CyberCity_CentralSecurity_Tiles_1/Structure2_2.png,Structure2_2.png,441,639,large_structure,OccludableObjects,95,1.0,VISIBLE_ALPHA_CENTER,MODULAR_PART_OK,"no, baked perspective warning",Use as an individually transformable Node2D/Sprite2D object; visual-only.,"no, baked perspective warning",True
pvg_obj_central_security_large_structure_structure2_3_1266,central_security,CS_1292,res://assets/tilesets/cyber_city_core_tilesets/CyberCity_CentralSecurity_Tiles/CyberCity_CentralSecurity_Tiles_1/CyberCity_CentralSecurity_Tiles_1/Structure2_3.png,Structure2_3.png,390,655,large_structure,OccludableObjects,95,1.0,VISIBLE_ALPHA_CENTER,MODULAR_PART_OK,"no, baked perspective warning",Use as an individually transformable Node2D/Sprite2D object; visual-only.,"no, baked perspective warning",True
pvg_obj_central_security_large_structure_structure2_4_1257,central_security,CS_1293,res://assets/tilesets/cyber_city_core_tilesets/CyberCity_CentralSecurity_Tiles/CyberCity_CentralSecurity_Tiles_1/CyberCity_CentralSecurity_Tiles_1/Structure2_4.png,Structure2_4.png,439,618,large_structure,OccludableObjects,95,1.0,VISIBLE_ALPHA_CENTER,MODULAR_PART_OK,"no, baked perspective warning",Use as an individually transformable Node2D/Sprite2D object; visual-only.,"no, baked perspective warning",True
pvg_obj_central_security_large_structure_structure2_5_1268,central_security,CS_1294,res://assets/tilesets/cyber_city_core_tilesets/CyberCity_CentralSecurity_Tiles/CyberCity_CentralSecurity_Tiles_1/CyberCity_CentralSecurity_Tiles_1/Structure2_5.png,Structure2_5.png,453,672,large_structure,OccludableObjects,95,1.0,VISIBLE_ALPHA_CENTER,MODULAR_PART_OK,"no, baked perspective warning",Use as an individually transformable Node2D/Sprite2D object; visual-only.,"no, baked perspective warning",True
pvg_obj_central_security_large_structure_structure2_7_1267,central_security,CS_1296,res://assets/tilesets/cyber_city_core_tilesets/CyberCity_CentralSecurity_Tiles/CyberCity_CentralSecurity_Tiles_1/CyberCity_CentralSecurity_Tiles_1/Structure2_7.png,Structure2_7.png,452,672,large_structure,OccludableObjects,95,1.0,VISIBLE_ALPHA_CENTER,MODULAR_PART_OK,"no, baked perspective warning",Use as an individually transformable Node2D/Sprite2D object; visual-only.,"no, baked perspective warning",True
pvg_obj_central_security_large_structure_structure5_1_1222,central_security,CS_1308,res://assets/tilesets/cyber_city_core_tilesets/CyberCity_CentralSecurity_Tiles/CyberCity_CentralSecurity_Tiles_1/CyberCity_CentralSecurity_Tiles_1/Structure5_1.png,Structure5_1.png,304,354,large_structure,OccludableObjects,95,1.0,VISIBLE_ALPHA_CENTER,MODULAR_PART_OK,"no, baked perspective warning",Use as an individually transformable Node2D/Sprite2D object; visual-only.,"no, baked perspective warning",True
pvg_obj_central_security_large_structure_structure5_2_1235,central_security,CS_1309,res://assets/tilesets/cyber_city_core_tilesets/CyberCity_CentralSecurity_Tiles/CyberCity_CentralSecurity_Tiles_1/CyberCity_CentralSecurity_Tiles_1/Structure5_2.png,Structure5_2.png,251,407,large_structure,OccludableObjects,95,1.0,VISIBLE_ALPHA_CENTER,MODULAR_PART_OK,"no, baked perspective warning",Use as an individually transformable Node2D/Sprite2D object; visual-only.,"no, baked perspective warning",True
pvg_obj_central_security_large_structure_structure5_3_1223,central_security,CS_1310,res://assets/tilesets/cyber_city_core_tilesets/CyberCity_CentralSecurity_Tiles/CyberCity_CentralSecurity_Tiles_1/CyberCity_CentralSecurity_Tiles_1/Structure5_3.png,Structure5_3.png,306,356,large_structure,OccludableObjects,95,1.0,VISIBLE_ALPHA_CENTER,MODULAR_PART_OK,"no, baked perspective warning",Use as an individually transformable Node2D/Sprite2D object; visual-only.,"no, baked perspective warning",True
pvg_obj_central_security_large_structure_structure5_4_1234,central_security,CS_1311,res://assets/tilesets/cyber_city_core_tilesets/CyberCity_CentralSecurity_Tiles/CyberCity_CentralSecurity_Tiles_1/CyberCity_CentralSecurity_Tiles_1/Structure5_4.png,Structure5_4.png,244,406,large_structure,OccludableObjects,95,1.0,VISIBLE_ALPHA_CENTER,MODULAR_PART_OK,"no, baked perspective warning",Use as an individually transformable Node2D/Sprite2D object; visual-only.,"no, baked perspective warning",True
pvg_obj_central_security_large_structure_structure5_5_1243,central_security,CS_1312,res://assets/tilesets/cyber_city_core_tilesets/CyberCity_CentralSecurity_Tiles/CyberCity_CentralSecurity_Tiles_1/CyberCity_CentralSecurity_Tiles_1/Structure5_5.png,Structure5_5.png,340,424,large_structure,OccludableObjects,95,1.0,VISIBLE_ALPHA_CENTER,MODULAR_PART_OK,"no, baked perspective warning",Use as an individually transformable Node2D/Sprite2D object; visual-only.,"no, baked perspective warning",True
pvg_obj_central_security_large_structure_structure5_6_1244,central_security,CS_1313,res://assets/tilesets/cyber_city_core_tilesets/CyberCity_CentralSecurity_Tiles/CyberCity_CentralSecurity_Tiles_1/CyberCity_CentralSecurity_Tiles_1/Structure5_6.png,Structure5_6.png,342,424,large_structure,OccludableObjects,95,1.0,VISIBLE_ALPHA_CENTER,MODULAR_PART_OK,"no, baked perspective warning",Use as an individually transformable Node2D/Sprite2D object; visual-only.,"no, baked perspective warning",True
pvg_obj_central_security_large_structure_structure6_1_1210,central_security,CS_1316,res://assets/tilesets/cyber_city_core_tilesets/CyberCity_CentralSecurity_Tiles/CyberCity_CentralSecurity_Tiles_1/CyberCity_CentralSecurity_Tiles_1/Structure6_1.png,Structure6_1.png,302,291,large_structure,OccludableObjects,95,1.0,VISIBLE_ALPHA_CENTER,MODULAR_PART_OK,"no, baked perspective warning",Use as an individually transformable Node2D/Sprite2D object; visual-only.,"no, baked perspective warning",True
pvg_obj_central_security_large_structure_structure6_2_1231,central_security,CS_1317,res://assets/tilesets/cyber_city_core_tilesets/CyberCity_CentralSecurity_Tiles/CyberCity_CentralSecurity_Tiles_1/CyberCity_CentralSecurity_Tiles_1/Structure6_2.png,Structure6_2.png,233,402,large_structure,OccludableObjects,95,1.0,VISIBLE_ALPHA_CENTER,MODULAR_PART_OK,"no, baked perspective warning",Use as an individually transformable Node2D/Sprite2D object; visual-only.,"no, baked perspective warning",True
pvg_obj_central_security_large_structure_structure6_3_1221,central_security,CS_1318,res://assets/tilesets/cyber_city_core_tilesets/CyberCity_CentralSecurity_Tiles/CyberCity_CentralSecurity_Tiles_1/CyberCity_CentralSecurity_Tiles_1/Structure6_3.png,Structure6_3.png,306,346,large_structure,OccludableObjects,95,1.0,VISIBLE_ALPHA_CENTER,MODULAR_PART_OK,"no, baked perspective warning",Use as an individually transformable Node2D/Sprite2D object; visual-only.,"no, baked perspective warning",True
pvg_obj_central_security_large_structure_structure6_4_1233,central_security,CS_1319,res://assets/tilesets/cyber_city_core_tilesets/CyberCity_CentralSecurity_Tiles/CyberCity_CentralSecurity_Tiles_1/CyberCity_CentralSecurity_Tiles_1/Structure6_4.png,Structure6_4.png,233,404,large_structure,OccludableObjects,95,1.0,VISIBLE_ALPHA_CENTER,MODULAR_PART_OK,"no, baked perspective warning",Use as an individually transformable Node2D/Sprite2D object; visual-only.,"no, baked perspective warning",True
pvg_obj_central_security_large_structure_structure6_5_1228,central_security,CS_1320,res://assets/tilesets/cyber_city_core_tilesets/CyberCity_CentralSecurity_Tiles/CyberCity_CentralSecurity_Tiles_1/CyberCity_CentralSecurity_Tiles_1/Structure6_5.png,Structure6_5.png,337,377,large_structure,OccludableObjects,95,1.0,VISIBLE_ALPHA_CENTER,MODULAR_PART_OK,"no, baked perspective warning",Use as an individually transformable Node2D/Sprite2D object; visual-only.,"no, baked perspective warning",True
pvg_obj_central_security_large_structure_structure6_6_1229,central_security,CS_1321,res://assets/tilesets/cyber_city_core_tilesets/CyberCity_CentralSecurity_Tiles/CyberCity_CentralSecurity_Tiles_1/CyberCity_CentralSecurity_Tiles_1/Structure6_6.png,Structure6_6.png,337,377,large_structure,OccludableObjects,95,1.0,VISIBLE_ALPHA_CENTER,MODULAR_PART_OK,"no, baked perspective warning",Use as an individually transformable Node2D/Sprite2D object; visual-only.,"no, baked perspective warning",True
pvg_obj_central_security_large_structure_structure7_1_1238,central_security,CS_1324,res://assets/tilesets/cyber_city_core_tilesets/CyberCity_CentralSecurity_Tiles/CyberCity_CentralSecurity_Tiles_1/CyberCity_CentralSecurity_Tiles_1/Structure7_1.png,Structure7_1.png,303,409,large_structure,OccludableObjects,95,1.0,VISIBLE_ALPHA_CENTER,MODULAR_PART_OK,"no, baked perspective warning",Use as an individually transformable Node2D/Sprite2D object; visual-only.,"no, baked perspective warning",True
pvg_obj_central_security_large_structure_structure7_2_1236,central_security,CS_1325,res://assets/tilesets/cyber_city_core_tilesets/CyberCity_CentralSecurity_Tiles/CyberCity_CentralSecurity_Tiles_1/CyberCity_CentralSecurity_Tiles_1/Structure7_2.png,Structure7_2.png,347,407,large_structure,OccludableObjects,95,1.0,VISIBLE_ALPHA_CENTER,MODULAR_PART_OK,"no, baked perspective warning",Use as an individually transformable Node2D/Sprite2D object; visual-only.,"no, baked perspective warning",True
pvg_obj_central_security_large_structure_structure7_3_1239,central_security,CS_1326,res://assets/tilesets/cyber_city_core_tilesets/CyberCity_CentralSecurity_Tiles/CyberCity_CentralSecurity_Tiles_1/CyberCity_CentralSecurity_Tiles_1/Structure7_3.png,Structure7_3.png,304,410,large_structure,OccludableObjects,95,1.0,VISIBLE_ALPHA_CENTER,MODULAR_PART_OK,"no, baked perspective warning",Use as an individually transformable Node2D/Sprite2D object; visual-only.,"no, baked perspective warning",True
pvg_obj_central_security_large_structure_structure7_4_1232,central_security,CS_1327,res://assets/tilesets/cyber_city_core_tilesets/CyberCity_CentralSecurity_Tiles/CyberCity_CentralSecurity_Tiles_1/CyberCity_CentralSecurity_Tiles_1/Structure7_4.png,Structure7_4.png,345,403,large_structure,OccludableObjects,95,1.0,VISIBLE_ALPHA_CENTER,MODULAR_PART_OK,"no, baked perspective warning",Use as an individually transformable Node2D/Sprite2D object; visual-only.,"no, baked perspective warning",True
pvg_obj_central_security_large_structure_structure7_5_1248,central_security,CS_1328,res://assets/tilesets/cyber_city_core_tilesets/CyberCity_CentralSecurity_Tiles/CyberCity_CentralSecurity_Tiles_1/CyberCity_CentralSecurity_Tiles_1/Structure7_5.png,Structure7_5.png,400,463,large_structure,OccludableObjects,95,1.0,VISIBLE_ALPHA_CENTER,MODULAR_PART_OK,"no, baked perspective warning",Use as an individually transformable Node2D/Sprite2D object; visual-only.,"no, baked perspective warning",True
pvg_obj_central_security_large_structure_structure7_8_1247,central_security,CS_1331,res://assets/tilesets/cyber_city_core_tilesets/CyberCity_CentralSecurity_Tiles/CyberCity_CentralSecurity_Tiles_1/CyberCity_CentralSecurity_Tiles_1/Structure7_8.png,Structure7_8.png,395,462,large_structure,OccludableObjects,95,1.0,VISIBLE_ALPHA_CENTER,MODULAR_PART_OK,"no, baked perspective warning",Use as an individually transformable Node2D/Sprite2D object; visual-only.,"no, baked perspective warning",True
pvg_obj_central_security_large_structure_structure9_2_1252,central_security,CS_1341,res://assets/tilesets/cyber_city_core_tilesets/CyberCity_CentralSecurity_Tiles/CyberCity_CentralSecurity_Tiles_1/CyberCity_CentralSecurity_Tiles_1/Structure9__2.png,Structure9__2.png,578,540,large_structure,OccludableObjects,95,1.0,VISIBLE_ALPHA_CENTER,MODULAR_PART_OK,"no, baked perspective warning",Use as an individually transformable Node2D/Sprite2D object; visual-only.,"no, baked perspective warning",True
pvg_obj_central_security_large_structure_structure9_3_1253,central_security,CS_1342,res://assets/tilesets/cyber_city_core_tilesets/CyberCity_CentralSecurity_Tiles/CyberCity_CentralSecurity_Tiles_1/CyberCity_CentralSecurity_Tiles_1/Structure9__3.png,Structure9__3.png,513,579,large_structure,OccludableObjects,95,1.0,VISIBLE_ALPHA_CENTER,MODULAR_PART_OK,"no, baked perspective warning",Use as an individually transformable Node2D/Sprite2D object; visual-only.,"no, baked perspective warning",True
pvg_obj_central_security_large_structure_structure9_4_1258,central_security,CS_1343,res://assets/tilesets/cyber_city_core_tilesets/CyberCity_CentralSecurity_Tiles/CyberCity_CentralSecurity_Tiles_1/CyberCity_CentralSecurity_Tiles_1/Structure9__4.png,Structure9__4.png,628,540,large_structure,OccludableObjects,95,1.0,VISIBLE_ALPHA_CENTER,MODULAR_PART_OK,"no, baked perspective warning",Use as an individually transformable Node2D/Sprite2D object; visual-only.,"no, baked perspective warning",True
pvg_obj_central_security_large_structure_structure9_5_1260,central_security,CS_1344,res://assets/tilesets/cyber_city_core_tilesets/CyberCity_CentralSecurity_Tiles/CyberCity_CentralSecurity_Tiles_1/CyberCity_CentralSecurity_Tiles_1/Structure9__5.png,Structure9__5.png,644,637,large_structure,OccludableObjects,95,1.0,VISIBLE_ALPHA_CENTER,MODULAR_PART_OK,"no, baked perspective warning",Use as an individually transformable Node2D/Sprite2D object; visual-only.,"no, baked perspective warning",True
pvg_obj_central_security_large_structure_structure9_7_1262,central_security,CS_1346,res://assets/tilesets/cyber_city_core_tilesets/CyberCity_CentralSecurity_Tiles/CyberCity_CentralSecurity_Tiles_1/CyberCity_CentralSecurity_Tiles_1/Structure9__7.png,Structure9__7.png,647,635,large_structure,OccludableObjects,95,1.0,VISIBLE_ALPHA_CENTER,MODULAR_PART_OK,"no, baked perspective warning",Use as an individually transformable Node2D/Sprite2D object; visual-only.,"no, baked perspective warning",True
pvg_obj_central_security_large_structure_structure9_8_1264,central_security,CS_1347,res://assets/tilesets/cyber_city_core_tilesets/CyberCity_CentralSecurity_Tiles/CyberCity_CentralSecurity_Tiles_1/CyberCity_CentralSecurity_Tiles_1/Structure9__8.png,Structure9__8.png,648,635,large_structure,OccludableObjects,95,1.0,VISIBLE_ALPHA_CENTER,MODULAR_PART_OK,"no, baked perspective warning",Use as an individually transformable Node2D/Sprite2D object; visual-only.,"no, baked perspective warning",True
pvg_obj_central_security_large_structure_watchtower1_1_1269,central_security,CS_1700,res://assets/tilesets/cyber_city_core_tilesets/CyberCity_CentralSecurity_Tiles/CyberCity_CentralSecurity_Tiles_1/CyberCity_CentralSecurity_Tiles_1/Watchtower1_1.png,Watchtower1_1.png,430,686,large_structure,OccludableObjects,95,1.0,VISIBLE_ALPHA_CENTER,MODULAR_PART_OK,"no, baked perspective warning",Use as an individually transformable Node2D/Sprite2D object; visual-only.,"no, baked perspective warning",True
pvg_obj_central_security_large_structure_watchtower1_2_1261,central_security,CS_1701,res://assets/tilesets/cyber_city_core_tilesets/CyberCity_CentralSecurity_Tiles/CyberCity_CentralSecurity_Tiles_1/CyberCity_CentralSecurity_Tiles_1/Watchtower1_2.png,Watchtower1_2.png,513,645,large_structure,OccludableObjects,95,1.0,VISIBLE_ALPHA_CENTER,MODULAR_PART_OK,"no, baked perspective warning",Use as an individually transformable Node2D/Sprite2D object; visual-only.,"no, baked perspective warning",True
pvg_obj_central_security_large_structure_watchtower1_3_1270,central_security,CS_1702,res://assets/tilesets/cyber_city_core_tilesets/CyberCity_CentralSecurity_Tiles/CyberCity_CentralSecurity_Tiles_1/CyberCity_CentralSecurity_Tiles_1/Watchtower1_3.png,Watchtower1_3.png,430,690,large_structure,OccludableObjects,95,1.0,VISIBLE_ALPHA_CENTER,MODULAR_PART_OK,"no, baked perspective warning",Use as an individually transformable Node2D/Sprite2D object; visual-only.,"no, baked perspective warning",True
pvg_obj_central_security_large_structure_watchtower1_4_1263,central_security,CS_1703,res://assets/tilesets/cyber_city_core_tilesets/CyberCity_CentralSecurity_Tiles/CyberCity_CentralSecurity_Tiles_1/CyberCity_CentralSecurity_Tiles_1/Watchtower1_4.png,Watchtower1_4.png,511,648,large_structure,OccludableObjects,95,1.0,VISIBLE_ALPHA_CENTER,MODULAR_PART_OK,"no, baked perspective warning",Use as an individually transformable Node2D/Sprite2D object; visual-only.,"no, baked perspective warning",True
pvg_obj_central_security_prop_brigcellfloor1_1_1133,central_security,CS_0081,res://assets/tilesets/cyber_city_core_tilesets/CyberCity_CentralSecurity_Tiles/CyberCity_CentralSecurity_Tiles_1/CyberCity_CentralSecurity_Tiles_1/BrigCellFloor1_1.png,BrigCellFloor1_1.png,229,163,prop,OccludableObjects,90,1.0,VISIBLE_ALPHA_CENTER,READY_TO_PAINT,maybe,Use as an individually transformable Node2D/Sprite2D object; visual-only.,,True
pvg_obj_central_security_prop_brigcellfloor1_2_1134,central_security,CS_0082,res://assets/tilesets/cyber_city_core_tilesets/CyberCity_CentralSecurity_Tiles/CyberCity_CentralSecurity_Tiles_1/CyberCity_CentralSecurity_Tiles_1/BrigCellFloor1_2.png,BrigCellFloor1_2.png,229,163,prop,OccludableObjects,90,1.0,VISIBLE_ALPHA_CENTER,READY_TO_PAINT,maybe,Use as an individually transformable Node2D/Sprite2D object; visual-only.,,True
pvg_obj_central_security_prop_brigcellfloor1_3_1135,central_security,CS_0083,res://assets/tilesets/cyber_city_core_tilesets/CyberCity_CentralSecurity_Tiles/CyberCity_CentralSecurity_Tiles_1/CyberCity_CentralSecurity_Tiles_1/BrigCellFloor1_3.png,BrigCellFloor1_3.png,229,163,prop,OccludableObjects,90,1.0,VISIBLE_ALPHA_CENTER,READY_TO_PAINT,maybe,Use as an individually transformable Node2D/Sprite2D object; visual-only.,,True
pvg_obj_central_security_prop_brigcellfloor1_4_1136,central_security,CS_0084,res://assets/tilesets/cyber_city_core_tilesets/CyberCity_CentralSecurity_Tiles/CyberCity_CentralSecurity_Tiles_1/CyberCity_CentralSecurity_Tiles_1/BrigCellFloor1_4.png,BrigCellFloor1_4.png,229,163,prop,OccludableObjects,90,1.0,VISIBLE_ALPHA_CENTER,READY_TO_PAINT,maybe,Use as an individually transformable Node2D/Sprite2D object; visual-only.,,True
pvg_obj_central_security_prop_brigcellfloor1_5_1149,central_security,CS_0085,res://assets/tilesets/cyber_city_core_tilesets/CyberCity_CentralSecurity_Tiles/CyberCity_CentralSecurity_Tiles_1/CyberCity_CentralSecurity_Tiles_1/BrigCellFloor1_5.png,BrigCellFloor1_5.png,312,220,prop,OccludableObjects,90,1.0,VISIBLE_ALPHA_CENTER,READY_TO_PAINT,maybe,Use as an individually transformable Node2D/Sprite2D object; visual-only.,,True
pvg_obj_central_security_prop_brigcellfloor1_6_1145,central_security,CS_0086,res://assets/tilesets/cyber_city_core_tilesets/CyberCity_CentralSecurity_Tiles/CyberCity_CentralSecurity_Tiles_1/CyberCity_CentralSecurity_Tiles_1/BrigCellFloor1_6.png,BrigCellFloor1_6.png,309,220,prop,OccludableObjects,90,1.0,VISIBLE_ALPHA_CENTER,READY_TO_PAINT,maybe,Use as an individually transformable Node2D/Sprite2D object; visual-only.,,True
pvg_obj_central_security_prop_brigcellfloor1_7_1146,central_security,CS_0087,res://assets/tilesets/cyber_city_core_tilesets/CyberCity_CentralSecurity_Tiles/CyberCity_CentralSecurity_Tiles_1/CyberCity_CentralSecurity_Tiles_1/BrigCellFloor1_7.png,BrigCellFloor1_7.png,309,220,prop,OccludableObjects,90,1.0,VISIBLE_ALPHA_CENTER,READY_TO_PAINT,maybe,Use as an individually transformable Node2D/Sprite2D object; visual-only.,,True
pvg_obj_central_security_prop_brigcellfloor1_8_1150,central_security,CS_0088,res://assets/tilesets/cyber_city_core_tilesets/CyberCity_CentralSecurity_Tiles/CyberCity_CentralSecurity_Tiles_1/CyberCity_CentralSecurity_Tiles_1/BrigCellFloor1_8.png,BrigCellFloor1_8.png,312,220,prop,OccludableObjects,90,1.0,VISIBLE_ALPHA_CENTER,READY_TO_PAINT,maybe,Use as an individually transformable Node2D/Sprite2D object; visual-only.,,True
pvg_obj_central_security_prop_brigcellfloor2_1_1137,central_security,CS_0089,res://assets/tilesets/cyber_city_core_tilesets/CyberCity_CentralSecurity_Tiles/CyberCity_CentralSecurity_Tiles_1/CyberCity_CentralSecurity_Tiles_1/BrigCellFloor2_1.png,BrigCellFloor2_1.png,229,163,prop,OccludableObjects,90,1.0,VISIBLE_ALPHA_CENTER,READY_TO_PAINT,maybe,Use as an individually transformable Node2D/Sprite2D object; visual-only.,,True
pvg_obj_central_security_prop_brigcellfloor2_2_1138,central_security,CS_0090,res://assets/tilesets/cyber_city_core_tilesets/CyberCity_CentralSecurity_Tiles/CyberCity_CentralSecurity_Tiles_1/CyberCity_CentralSecurity_Tiles_1/BrigCellFloor2_2.png,BrigCellFloor2_2.png,229,163,prop,OccludableObjects,90,1.0,VISIBLE_ALPHA_CENTER,READY_TO_PAINT,maybe,Use as an individually transformable Node2D/Sprite2D object; visual-only.,,True
pvg_obj_central_security_prop_brigcellfloor2_3_1139,central_security,CS_0091,res://assets/tilesets/cyber_city_core_tilesets/CyberCity_CentralSecurity_Tiles/CyberCity_CentralSecurity_Tiles_1/CyberCity_CentralSecurity_Tiles_1/BrigCellFloor2_3.png,BrigCellFloor2_3.png,229,163,prop,OccludableObjects,90,1.0,VISIBLE_ALPHA_CENTER,READY_TO_PAINT,maybe,Use as an individually transformable Node2D/Sprite2D object; visual-only.,,True
pvg_obj_central_security_prop_brigcellfloor2_4_1140,central_security,CS_0092,res://assets/tilesets/cyber_city_core_tilesets/CyberCity_CentralSecurity_Tiles/CyberCity_CentralSecurity_Tiles_1/CyberCity_CentralSecurity_Tiles_1/BrigCellFloor2_4.png,BrigCellFloor2_4.png,229,163,prop,OccludableObjects,90,1.0,VISIBLE_ALPHA_CENTER,READY_TO_PAINT,maybe,Use as an individually transformable Node2D/Sprite2D object; visual-only.,,True
pvg_obj_central_security_prop_brigcellfloor2_5_1147,central_security,CS_0093,res://assets/tilesets/cyber_city_core_tilesets/CyberCity_CentralSecurity_Tiles/CyberCity_CentralSecurity_Tiles_1/CyberCity_CentralSecurity_Tiles_1/BrigCellFloor2_5.png,BrigCellFloor2_5.png,309,220,prop,OccludableObjects,90,1.0,VISIBLE_ALPHA_CENTER,READY_TO_PAINT,maybe,Use as an individually transformable Node2D/Sprite2D object; visual-only.,,True
pvg_obj_central_security_prop_brigcellfloor2_6_1151,central_security,CS_0094,res://assets/tilesets/cyber_city_core_tilesets/CyberCity_CentralSecurity_Tiles/CyberCity_CentralSecurity_Tiles_1/CyberCity_CentralSecurity_Tiles_1/BrigCellFloor2_6.png,BrigCellFloor2_6.png,312,220,prop,OccludableObjects,90,1.0,VISIBLE_ALPHA_CENTER,READY_TO_PAINT,maybe,Use as an individually transformable Node2D/Sprite2D object; visual-only.,,True
pvg_obj_central_security_prop_brigcellfloor2_7_1152,central_security,CS_0095,res://assets/tilesets/cyber_city_core_tilesets/CyberCity_CentralSecurity_Tiles/CyberCity_CentralSecurity_Tiles_1/CyberCity_CentralSecurity_Tiles_1/BrigCellFloor2_7.png,BrigCellFloor2_7.png,312,220,prop,OccludableObjects,90,1.0,VISIBLE_ALPHA_CENTER,READY_TO_PAINT,maybe,Use as an individually transformable Node2D/Sprite2D object; visual-only.,,True
pvg_obj_central_security_prop_brigcellfloor2_8_1148,central_security,CS_0096,res://assets/tilesets/cyber_city_core_tilesets/CyberCity_CentralSecurity_Tiles/CyberCity_CentralSecurity_Tiles_1/CyberCity_CentralSecurity_Tiles_1/BrigCellFloor2_8.png,BrigCellFloor2_8.png,309,220,prop,OccludableObjects,90,1.0,VISIBLE_ALPHA_CENTER,READY_TO_PAINT,maybe,Use as an individually transformable Node2D/Sprite2D object; visual-only.,,True
pvg_obj_central_security_prop_brigfloortrim1_1_1160,central_security,CS_0137,res://assets/tilesets/cyber_city_core_tilesets/CyberCity_CentralSecurity_Tiles/CyberCity_CentralSecurity_Tiles_1/CyberCity_CentralSecurity_Tiles_1/BrigFloorTrim1_1.png,BrigFloorTrim1_1.png,28,159,prop,OccludableObjects,90,1.0,VISIBLE_ALPHA_CENTER,READY_TO_PAINT,maybe,Use as an individually transformable Node2D/Sprite2D object; visual-only.,,True
pvg_obj_central_security_prop_brigfloortrim1_2_1161,central_security,CS_0138,res://assets/tilesets/cyber_city_core_tilesets/CyberCity_CentralSecurity_Tiles/CyberCity_CentralSecurity_Tiles_1/CyberCity_CentralSecurity_Tiles_1/BrigFloorTrim1_2.png,BrigFloorTrim1_2.png,224,26,prop,OccludableObjects,90,1.0,VISIBLE_ALPHA_CENTER,READY_TO_PAINT,maybe,Use as an individually transformable Node2D/Sprite2D object; visual-only.,,True
pvg_obj_central_security_prop_brigfloortrim1_3_1104,central_security,CS_0139,res://assets/tilesets/cyber_city_core_tilesets/CyberCity_CentralSecurity_Tiles/CyberCity_CentralSecurity_Tiles_1/CyberCity_CentralSecurity_Tiles_1/BrigFloorTrim1_3.png,BrigFloorTrim1_3.png,172,122,prop,OccludableObjects,90,1.0,VISIBLE_ALPHA_CENTER,READY_TO_PAINT,maybe,Use as an individually transformable Node2D/Sprite2D object; visual-only.,,True
pvg_obj_central_security_prop_brigfloortrim1_4_1103,central_security,CS_0140,res://assets/tilesets/cyber_city_core_tilesets/CyberCity_CentralSecurity_Tiles/CyberCity_CentralSecurity_Tiles_1/CyberCity_CentralSecurity_Tiles_1/BrigFloorTrim1_4.png,BrigFloorTrim1_4.png,171,123,prop,OccludableObjects,90,1.0,VISIBLE_ALPHA_CENTER,READY_TO_PAINT,maybe,Use as an individually transformable Node2D/Sprite2D object; visual-only.,,True
pvg_obj_central_security_prop_brighallfloor1_1_1141,central_security,CS_0141,res://assets/tilesets/cyber_city_core_tilesets/CyberCity_CentralSecurity_Tiles/CyberCity_CentralSecurity_Tiles_1/CyberCity_CentralSecurity_Tiles_1/BrigHallFloor1_1.png,BrigHallFloor1_1.png,229,182,prop,OccludableObjects,90,1.0,VISIBLE_ALPHA_CENTER,READY_TO_PAINT,maybe,Use as an individually transformable Node2D/Sprite2D object; visual-only.,,True
pvg_obj_central_security_prop_brighallfloor1_2_1142,central_security,CS_0142,res://assets/tilesets/cyber_city_core_tilesets/CyberCity_CentralSecurity_Tiles/CyberCity_CentralSecurity_Tiles_1/CyberCity_CentralSecurity_Tiles_1/BrigHallFloor1_2.png,BrigHallFloor1_2.png,229,182,prop,OccludableObjects,90,1.0,VISIBLE_ALPHA_CENTER,READY_TO_PAINT,maybe,Use as an individually transformable Node2D/Sprite2D object; visual-only.,,True
pvg_obj_central_security_prop_brighallfloor1_3_1143,central_security,CS_0143,res://assets/tilesets/cyber_city_core_tilesets/CyberCity_CentralSecurity_Tiles/CyberCity_CentralSecurity_Tiles_1/CyberCity_CentralSecurity_Tiles_1/BrigHallFloor1_3.png,BrigHallFloor1_3.png,229,182,prop,OccludableObjects,90,1.0,VISIBLE_ALPHA_CENTER,READY_TO_PAINT,maybe,Use as an individually transformable Node2D/Sprite2D object; visual-only.,,True
pvg_obj_central_security_prop_brighallfloor1_4_1144,central_security,CS_0144,res://assets/tilesets/cyber_city_core_tilesets/CyberCity_CentralSecurity_Tiles/CyberCity_CentralSecurity_Tiles_1/CyberCity_CentralSecurity_Tiles_1/BrigHallFloor1_4.png,BrigHallFloor1_4.png,229,182,prop,OccludableObjects,90,1.0,VISIBLE_ALPHA_CENTER,READY_TO_PAINT,maybe,Use as an individually transformable Node2D/Sprite2D object; visual-only.,,True
pvg_obj_central_security_prop_brighallfloor1_5_1156,central_security,CS_0145,res://assets/tilesets/cyber_city_core_tilesets/CyberCity_CentralSecurity_Tiles/CyberCity_CentralSecurity_Tiles_1/CyberCity_CentralSecurity_Tiles_1/BrigHallFloor1_5.png,BrigHallFloor1_5.png,317,238,prop,OccludableObjects,90,1.0,VISIBLE_ALPHA_CENTER,READY_TO_PAINT,maybe,Use as an individually transformable Node2D/Sprite2D object; visual-only.,,True
pvg_obj_central_security_prop_brighallfloor1_6_1153,central_security,CS_0146,res://assets/tilesets/cyber_city_core_tilesets/CyberCity_CentralSecurity_Tiles/CyberCity_CentralSecurity_Tiles_1/CyberCity_CentralSecurity_Tiles_1/BrigHallFloor1_6.png,BrigHallFloor1_6.png,317,237,prop,OccludableObjects,90,1.0,VISIBLE_ALPHA_CENTER,READY_TO_PAINT,maybe,Use as an individually transformable Node2D/Sprite2D object; visual-only.,,True
pvg_obj_central_security_prop_brighallfloor1_7_1154,central_security,CS_0147,res://assets/tilesets/cyber_city_core_tilesets/CyberCity_CentralSecurity_Tiles/CyberCity_CentralSecurity_Tiles_1/CyberCity_CentralSecurity_Tiles_1/BrigHallFloor1_7.png,BrigHallFloor1_7.png,317,237,prop,OccludableObjects,90,1.0,VISIBLE_ALPHA_CENTER,READY_TO_PAINT,maybe,Use as an individually transformable Node2D/Sprite2D object; visual-only.,,True
pvg_obj_central_security_prop_brighallfloor1_8_1155,central_security,CS_0148,res://assets/tilesets/cyber_city_core_tilesets/CyberCity_CentralSecurity_Tiles/CyberCity_CentralSecurity_Tiles_1/CyberCity_CentralSecurity_Tiles_1/BrigHallFloor1_8.png,BrigHallFloor1_8.png,317,237,prop,OccludableObjects,90,1.0,VISIBLE_ALPHA_CENTER,READY_TO_PAINT,maybe,Use as an individually transformable Node2D/Sprite2D object; visual-only.,,True
pvg_obj_central_security_prop_fortfloor1_1_1159,central_security,CS_0522,res://assets/tilesets/cyber_city_core_tilesets/CyberCity_CentralSecurity_Tiles/CyberCity_CentralSecurity_Tiles_1/CyberCity_CentralSecurity_Tiles_1/FortFloor1_1.png,FortFloor1_1.png,583,417,prop,OccludableObjects,90,1.0,VISIBLE_ALPHA_CENTER,READY_TO_PAINT,maybe,Use as an individually transformable Node2D/Sprite2D object; visual-only.,,True
pvg_obj_central_security_prop_ground_decal_cybercity_centralsecurity_1_1157,central_security,CS_0646,res://assets/tilesets/cyber_city_core_tilesets/CyberCity_CentralSecurity_Tiles/CyberCity_CentralSecurity_Tiles_1/CyberCity_CentralSecurity_Tiles_1/Ground_Decal_CyberCity_CentralSecurity_1.png,Ground_Decal_CyberCity_CentralSecurity_1.png,512,512,prop,OccludableObjects,90,1.0,VISIBLE_ALPHA_CENTER,READY_TO_PAINT,maybe,Use as an individually transformable Node2D/Sprite2D object; visual-only.,,True
pvg_obj_central_security_prop_ground_tile_cybercity_centralsecurity_1_1158,central_security,CS_0647,res://assets/tilesets/cyber_city_core_tilesets/CyberCity_CentralSecurity_Tiles/CyberCity_CentralSecurity_Tiles_1/CyberCity_CentralSecurity_Tiles_1/Ground_Tile_CyberCity_CentralSecurity_1.png,Ground_Tile_CyberCity_CentralSecurity_1.png,512,512,prop,OccludableObjects,90,1.0,VISIBLE_ALPHA_CENTER,READY_TO_PAINT,maybe,Use as an individually transformable Node2D/Sprite2D object; visual-only.,,True
pvg_obj_central_security_prop_warroomfloor1_1_1099,central_security,CS_1612,res://assets/tilesets/cyber_city_core_tilesets/CyberCity_CentralSecurity_Tiles/CyberCity_CentralSecurity_Tiles_1/CyberCity_CentralSecurity_Tiles_1/WarRoomFloor1_1.png,WarRoomFloor1_1.png,150,123,prop,OccludableObjects,90,1.0,VISIBLE_ALPHA_CENTER,READY_TO_PAINT,maybe,Use as an individually transformable Node2D/Sprite2D object; visual-only.,,True
pvg_obj_central_security_prop_warroomfloor1_2_1101,central_security,CS_1613,res://assets/tilesets/cyber_city_core_tilesets/CyberCity_CentralSecurity_Tiles/CyberCity_CentralSecurity_Tiles_1/CyberCity_CentralSecurity_Tiles_1/WarRoomFloor1_2.png,WarRoomFloor1_2.png,169,110,prop,OccludableObjects,90,1.0,VISIBLE_ALPHA_CENTER,READY_TO_PAINT,maybe,Use as an individually transformable Node2D/Sprite2D object; visual-only.,,True
pvg_obj_central_security_prop_warroomfloor1_3_1100,central_security,CS_1614,res://assets/tilesets/cyber_city_core_tilesets/CyberCity_CentralSecurity_Tiles/CyberCity_CentralSecurity_Tiles_1/CyberCity_CentralSecurity_Tiles_1/WarRoomFloor1_3.png,WarRoomFloor1_3.png,150,123,prop,OccludableObjects,90,1.0,VISIBLE_ALPHA_CENTER,READY_TO_PAINT,maybe,Use as an individually transformable Node2D/Sprite2D object; visual-only.,,True
pvg_obj_central_security_prop_warroomfloor1_4_1102,central_security,CS_1615,res://assets/tilesets/cyber_city_core_tilesets/CyberCity_CentralSecurity_Tiles/CyberCity_CentralSecurity_Tiles_1/CyberCity_CentralSecurity_Tiles_1/WarRoomFloor1_4.png,WarRoomFloor1_4.png,169,110,prop,OccludableObjects,90,1.0,VISIBLE_ALPHA_CENTER,READY_TO_PAINT,maybe,Use as an individually transformable Node2D/Sprite2D object; visual-only.,,True
pvg_obj_central_security_prop_warroomfloor1_5_1129,central_security,CS_1616,res://assets/tilesets/cyber_city_core_tilesets/CyberCity_CentralSecurity_Tiles/CyberCity_CentralSecurity_Tiles_1/CyberCity_CentralSecurity_Tiles_1/WarRoomFloor1_5.png,WarRoomFloor1_5.png,213,153,prop,OccludableObjects,90,1.0,VISIBLE_ALPHA_CENTER,READY_TO_PAINT,maybe,Use as an individually transformable Node2D/Sprite2D object; visual-only.,,True
pvg_obj_central_security_prop_warroomfloor1_6_1130,central_security,CS_1617,res://assets/tilesets/cyber_city_core_tilesets/CyberCity_CentralSecurity_Tiles/CyberCity_CentralSecurity_Tiles_1/CyberCity_CentralSecurity_Tiles_1/WarRoomFloor1_6.png,WarRoomFloor1_6.png,213,153,prop,OccludableObjects,90,1.0,VISIBLE_ALPHA_CENTER,READY_TO_PAINT,maybe,Use as an individually transformable Node2D/Sprite2D object; visual-only.,,True
pvg_obj_central_security_prop_warroomfloor1_7_1131,central_security,CS_1618,res://assets/tilesets/cyber_city_core_tilesets/CyberCity_CentralSecurity_Tiles/CyberCity_CentralSecurity_Tiles_1/CyberCity_CentralSecurity_Tiles_1/WarRoomFloor1_7.png,WarRoomFloor1_7.png,213,153,prop,OccludableObjects,90,1.0,VISIBLE_ALPHA_CENTER,READY_TO_PAINT,maybe,Use as an individually transformable Node2D/Sprite2D object; visual-only.,,True
pvg_obj_central_security_prop_warroomfloor1_8_1132,central_security,CS_1619,res://assets/tilesets/cyber_city_core_tilesets/CyberCity_CentralSecurity_Tiles/CyberCity_CentralSecurity_Tiles_1/CyberCity_CentralSecurity_Tiles_1/WarRoomFloor1_8.png,WarRoomFloor1_8.png,213,153,prop,OccludableObjects,90,1.0,VISIBLE_ALPHA_CENTER,READY_TO_PAINT,maybe,Use as an individually transformable Node2D/Sprite2D object; visual-only.,,True
pvg_obj_central_security_sign_generator1_1_1273,central_security,CS_0636,res://assets/tilesets/cyber_city_core_tilesets/CyberCity_CentralSecurity_Tiles/CyberCity_CentralSecurity_Tiles_1/CyberCity_CentralSecurity_Tiles_1/Generator1_1.png,Generator1_1.png,0,0,sign,OccludableObjects,90,1.0,TEXTURE_CENTER,SPRITE_STAMP_BETTER,maybe,Use as an individually transformable Node2D/Sprite2D object; visual-only.,,True
pvg_obj_central_security_sign_sign1_1_0971,central_security,CS_1154,res://assets/tilesets/cyber_city_core_tilesets/CyberCity_CentralSecurity_Tiles/CyberCity_CentralSecurity_Tiles_1/CyberCity_CentralSecurity_Tiles_1/Sign1_1.png,Sign1_1.png,65,94,sign,OccludableObjects,90,1.0,VISIBLE_ALPHA_CENTER,READY_TO_PAINT,maybe,Use as an individually transformable Node2D/Sprite2D object; visual-only.,,True
pvg_obj_central_security_sign_sign1_3_0982,central_security,CS_1156,res://assets/tilesets/cyber_city_core_tilesets/CyberCity_CentralSecurity_Tiles/CyberCity_CentralSecurity_Tiles_1/CyberCity_CentralSecurity_Tiles_1/Sign1_3.png,Sign1_3.png,67,98,sign,OccludableObjects,90,1.0,VISIBLE_ALPHA_CENTER,READY_TO_PAINT,maybe,Use as an individually transformable Node2D/Sprite2D object; visual-only.,,True
pvg_obj_central_security_sign_sign1_5_0976,central_security,CS_1158,res://assets/tilesets/cyber_city_core_tilesets/CyberCity_CentralSecurity_Tiles/CyberCity_CentralSecurity_Tiles_1/CyberCity_CentralSecurity_Tiles_1/Sign1_5.png,Sign1_5.png,58,96,sign,OccludableObjects,90,1.0,VISIBLE_ALPHA_CENTER,READY_TO_PAINT,maybe,Use as an individually transformable Node2D/Sprite2D object; visual-only.,,True
pvg_obj_central_security_sign_sign1_6_1007,central_security,CS_1159,res://assets/tilesets/cyber_city_core_tilesets/CyberCity_CentralSecurity_Tiles/CyberCity_CentralSecurity_Tiles_1/CyberCity_CentralSecurity_Tiles_1/Sign1_6.png,Sign1_6.png,59,108,sign,OccludableObjects,90,1.0,VISIBLE_ALPHA_CENTER,READY_TO_PAINT,maybe,Use as an individually transformable Node2D/Sprite2D object; visual-only.,,True
pvg_obj_central_security_sign_sign1_7_0979,central_security,CS_1160,res://assets/tilesets/cyber_city_core_tilesets/CyberCity_CentralSecurity_Tiles/CyberCity_CentralSecurity_Tiles_1/CyberCity_CentralSecurity_Tiles_1/Sign1_7.png,Sign1_7.png,58,97,sign,OccludableObjects,90,1.0,VISIBLE_ALPHA_CENTER,READY_TO_PAINT,maybe,Use as an individually transformable Node2D/Sprite2D object; visual-only.,,True
pvg_obj_central_security_sign_sign1_8_1006,central_security,CS_1161,res://assets/tilesets/cyber_city_core_tilesets/CyberCity_CentralSecurity_Tiles/CyberCity_CentralSecurity_Tiles_1/CyberCity_CentralSecurity_Tiles_1/Sign1_8.png,Sign1_8.png,58,108,sign,OccludableObjects,90,1.0,VISIBLE_ALPHA_CENTER,READY_TO_PAINT,maybe,Use as an individually transformable Node2D/Sprite2D object; visual-only.,,True
pvg_obj_central_security_sign_sign2_1_0962,central_security,CS_1162,res://assets/tilesets/cyber_city_core_tilesets/CyberCity_CentralSecurity_Tiles/CyberCity_CentralSecurity_Tiles_1/CyberCity_CentralSecurity_Tiles_1/Sign2_1.png,Sign2_1.png,64,92,sign,OccludableObjects,90,1.0,VISIBLE_ALPHA_CENTER,READY_TO_PAINT,maybe,Use as an individually transformable Node2D/Sprite2D object; visual-only.,,True
pvg_obj_central_security_sign_sign2_3_0961,central_security,CS_1164,res://assets/tilesets/cyber_city_core_tilesets/CyberCity_CentralSecurity_Tiles/CyberCity_CentralSecurity_Tiles_1/CyberCity_CentralSecurity_Tiles_1/Sign2_3.png,Sign2_3.png,65,90,sign,OccludableObjects,90,1.0,VISIBLE_ALPHA_CENTER,READY_TO_PAINT,maybe,Use as an individually transformable Node2D/Sprite2D object; visual-only.,,True
pvg_obj_central_security_sign_sign2_5_0992,central_security,CS_1166,res://assets/tilesets/cyber_city_core_tilesets/CyberCity_CentralSecurity_Tiles/CyberCity_CentralSecurity_Tiles_1/CyberCity_CentralSecurity_Tiles_1/Sign2_5.png,Sign2_5.png,53,102,sign,OccludableObjects,90,1.0,VISIBLE_ALPHA_CENTER,READY_TO_PAINT,maybe,Use as an individually transformable Node2D/Sprite2D object; visual-only.,,True
pvg_obj_central_security_sign_sign2_6_0996,central_security,CS_1167,res://assets/tilesets/cyber_city_core_tilesets/CyberCity_CentralSecurity_Tiles/CyberCity_CentralSecurity_Tiles_1/CyberCity_CentralSecurity_Tiles_1/Sign2_6.png,Sign2_6.png,55,103,sign,OccludableObjects,90,1.0,VISIBLE_ALPHA_CENTER,READY_TO_PAINT,maybe,Use as an individually transformable Node2D/Sprite2D object; visual-only.,,True
pvg_obj_central_security_sign_sign2_7_0997,central_security,CS_1168,res://assets/tilesets/cyber_city_core_tilesets/CyberCity_CentralSecurity_Tiles/CyberCity_CentralSecurity_Tiles_1/CyberCity_CentralSecurity_Tiles_1/Sign2_7.png,Sign2_7.png,56,103,sign,OccludableObjects,90,1.0,VISIBLE_ALPHA_CENTER,READY_TO_PAINT,maybe,Use as an individually transformable Node2D/Sprite2D object; visual-only.,,True
pvg_obj_central_security_sign_sign2_8_0993,central_security,CS_1169,res://assets/tilesets/cyber_city_core_tilesets/CyberCity_CentralSecurity_Tiles/CyberCity_CentralSecurity_Tiles_1/CyberCity_CentralSecurity_Tiles_1/Sign2_8.png,Sign2_8.png,54,102,sign,OccludableObjects,90,1.0,VISIBLE_ALPHA_CENTER,READY_TO_PAINT,maybe,Use as an individually transformable Node2D/Sprite2D object; visual-only.,,True
pvg_obj_central_security_sign_sign3_5_1015,central_security,CS_1174,res://assets/tilesets/cyber_city_core_tilesets/CyberCity_CentralSecurity_Tiles/CyberCity_CentralSecurity_Tiles_1/CyberCity_CentralSecurity_Tiles_1/Sign3_5.png,Sign3_5.png,113,101,sign,OccludableObjects,90,1.0,VISIBLE_ALPHA_CENTER,READY_TO_PAINT,maybe,Use as an individually transformable Node2D/Sprite2D object; visual-only.,,True
pvg_obj_central_security_sign_sign3_6_1010,central_security,CS_1175,res://assets/tilesets/cyber_city_core_tilesets/CyberCity_CentralSecurity_Tiles/CyberCity_CentralSecurity_Tiles_1/CyberCity_CentralSecurity_Tiles_1/Sign3_6.png,Sign3_6.png,111,103,sign,OccludableObjects,90,1.0,VISIBLE_ALPHA_CENTER,READY_TO_PAINT,maybe,Use as an individually transformable Node2D/Sprite2D object; visual-only.,,True
pvg_obj_central_security_sign_sign3_7_1013,central_security,CS_1176,res://assets/tilesets/cyber_city_core_tilesets/CyberCity_CentralSecurity_Tiles/CyberCity_CentralSecurity_Tiles_1/CyberCity_CentralSecurity_Tiles_1/Sign3_7.png,Sign3_7.png,113,99,sign,OccludableObjects,90,1.0,VISIBLE_ALPHA_CENTER,READY_TO_PAINT,maybe,Use as an individually transformable Node2D/Sprite2D object; visual-only.,,True
pvg_obj_central_security_sign_sign3_8_1014,central_security,CS_1177,res://assets/tilesets/cyber_city_core_tilesets/CyberCity_CentralSecurity_Tiles/CyberCity_CentralSecurity_Tiles_1/CyberCity_CentralSecurity_Tiles_1/Sign3_8.png,Sign3_8.png,113,99,sign,OccludableObjects,90,1.0,VISIBLE_ALPHA_CENTER,READY_TO_PAINT,maybe,Use as an individually transformable Node2D/Sprite2D object; visual-only.,,True
pvg_obj_central_security_sign_sign4_1_1017,central_security,CS_1178,res://assets/tilesets/cyber_city_core_tilesets/CyberCity_CentralSecurity_Tiles/CyberCity_CentralSecurity_Tiles_1/CyberCity_CentralSecurity_Tiles_1/Sign4_1.png,Sign4_1.png,115,65,sign,OccludableObjects,90,1.0,VISIBLE_ALPHA_CENTER,READY_TO_PAINT,maybe,Use as an individually transformable Node2D/Sprite2D object; visual-only.,,True
pvg_obj_central_security_sign_sign4_2_0978,central_security,CS_1179,res://assets/tilesets/cyber_city_core_tilesets/CyberCity_CentralSecurity_Tiles/CyberCity_CentralSecurity_Tiles_1/CyberCity_CentralSecurity_Tiles_1/Sign4_2.png,Sign4_2.png,77,96,sign,OccludableObjects,90,1.0,VISIBLE_ALPHA_CENTER,READY_TO_PAINT,maybe,Use as an individually transformable Node2D/Sprite2D object; visual-only.,,True
pvg_obj_central_security_sign_sign4_3_1019,central_security,CS_1180,res://assets/tilesets/cyber_city_core_tilesets/CyberCity_CentralSecurity_Tiles/CyberCity_CentralSecurity_Tiles_1/CyberCity_CentralSecurity_Tiles_1/Sign4_3.png,Sign4_3.png,116,73,sign,OccludableObjects,90,1.0,VISIBLE_ALPHA_CENTER,READY_TO_PAINT,maybe,Use as an individually transformable Node2D/Sprite2D object; visual-only.,,True
pvg_obj_central_security_sign_sign4_4_0968,central_security,CS_1181,res://assets/tilesets/cyber_city_core_tilesets/CyberCity_CentralSecurity_Tiles/CyberCity_CentralSecurity_Tiles_1/CyberCity_CentralSecurity_Tiles_1/Sign4_4.png,Sign4_4.png,78,93,sign,OccludableObjects,90,1.0,VISIBLE_ALPHA_CENTER,READY_TO_PAINT,maybe,Use as an individually transformable Node2D/Sprite2D object; visual-only.,,True
pvg_obj_central_security_sign_sign4_5_0999,central_security,CS_1182,res://assets/tilesets/cyber_city_core_tilesets/CyberCity_CentralSecurity_Tiles/CyberCity_CentralSecurity_Tiles_1/CyberCity_CentralSecurity_Tiles_1/Sign4_5.png,Sign4_5.png,64,104,sign,OccludableObjects,90,1.0,VISIBLE_ALPHA_CENTER,READY_TO_PAINT,maybe,Use as an individually transformable Node2D/Sprite2D object; visual-only.,,True
pvg_obj_central_security_sign_sign4_8_1002,central_security,CS_1185,res://assets/tilesets/cyber_city_core_tilesets/CyberCity_CentralSecurity_Tiles/CyberCity_CentralSecurity_Tiles_1/CyberCity_CentralSecurity_Tiles_1/Sign4_8.png,Sign4_8.png,64,106,sign,OccludableObjects,90,1.0,VISIBLE_ALPHA_CENTER,READY_TO_PAINT,maybe,Use as an individually transformable Node2D/Sprite2D object; visual-only.,,True
pvg_obj_central_security_terminal_biometricscanner1_2_0985,central_security,CS_0050,res://assets/tilesets/cyber_city_core_tilesets/CyberCity_CentralSecurity_Tiles/CyberCity_CentralSecurity_Tiles_1/CyberCity_CentralSecurity_Tiles_1/BiometricScanner1_2.png,BiometricScanner1_2.png,73,98,terminal,OccludableObjects,90,1.0,VISIBLE_ALPHA_CENTER,READY_TO_PAINT,maybe,Use as an individually transformable Node2D/Sprite2D object; visual-only.,,True
pvg_obj_central_security_terminal_biometricscanner1_3_0966,central_security,CS_0051,res://assets/tilesets/cyber_city_core_tilesets/CyberCity_CentralSecurity_Tiles/CyberCity_CentralSecurity_Tiles_1/CyberCity_CentralSecurity_Tiles_1/BiometricScanner1_3.png,BiometricScanner1_3.png,63,93,terminal,OccludableObjects,90,1.0,VISIBLE_ALPHA_CENTER,READY_TO_PAINT,maybe,Use as an individually transformable Node2D/Sprite2D object; visual-only.,,True
pvg_obj_central_security_terminal_biometricscanner1_4_0986,central_security,CS_0052,res://assets/tilesets/cyber_city_core_tilesets/CyberCity_CentralSecurity_Tiles/CyberCity_CentralSecurity_Tiles_1/CyberCity_CentralSecurity_Tiles_1/BiometricScanner1_4.png,BiometricScanner1_4.png,77,98,terminal,OccludableObjects,90,1.0,VISIBLE_ALPHA_CENTER,READY_TO_PAINT,maybe,Use as an individually transformable Node2D/Sprite2D object; visual-only.,,True
pvg_obj_central_security_terminal_biometricscanner1_5_0989,central_security,CS_0053,res://assets/tilesets/cyber_city_core_tilesets/CyberCity_CentralSecurity_Tiles/CyberCity_CentralSecurity_Tiles_1/CyberCity_CentralSecurity_Tiles_1/BiometricScanner1_5.png,BiometricScanner1_5.png,76,99,terminal,OccludableObjects,90,1.0,VISIBLE_ALPHA_CENTER,READY_TO_PAINT,maybe,Use as an individually transformable Node2D/Sprite2D object; visual-only.,,True
pvg_obj_central_security_terminal_biometricscanner1_6_0990,central_security,CS_0054,res://assets/tilesets/cyber_city_core_tilesets/CyberCity_CentralSecurity_Tiles/CyberCity_CentralSecurity_Tiles_1/CyberCity_CentralSecurity_Tiles_1/BiometricScanner1_6.png,BiometricScanner1_6.png,78,99,terminal,OccludableObjects,90,1.0,VISIBLE_ALPHA_CENTER,READY_TO_PAINT,maybe,Use as an individually transformable Node2D/Sprite2D object; visual-only.,,True
pvg_obj_central_security_terminal_biometricscanner1_7_0988,central_security,CS_0055,res://assets/tilesets/cyber_city_core_tilesets/CyberCity_CentralSecurity_Tiles/CyberCity_CentralSecurity_Tiles_1/CyberCity_CentralSecurity_Tiles_1/BiometricScanner1_7.png,BiometricScanner1_7.png,75,99,terminal,OccludableObjects,90,1.0,VISIBLE_ALPHA_CENTER,READY_TO_PAINT,maybe,Use as an individually transformable Node2D/Sprite2D object; visual-only.,,True
pvg_obj_central_security_terminal_computerstation1_2_1189,central_security,CS_0314,res://assets/tilesets/cyber_city_core_tilesets/CyberCity_CentralSecurity_Tiles/CyberCity_CentralSecurity_Tiles_1/CyberCity_CentralSecurity_Tiles_1/ComputerStation1_2.png,ComputerStation1_2.png,131,178,terminal,OccludableObjects,90,1.0,VISIBLE_ALPHA_CENTER,MODULAR_PART_OK,maybe,Use as an individually transformable Node2D/Sprite2D object; visual-only.,,True
pvg_obj_central_security_terminal_computerstation1_4_1190,central_security,CS_0316,res://assets/tilesets/cyber_city_core_tilesets/CyberCity_CentralSecurity_Tiles/CyberCity_CentralSecurity_Tiles_1/CyberCity_CentralSecurity_Tiles_1/ComputerStation1_4.png,ComputerStation1_4.png,131,182,terminal,OccludableObjects,90,1.0,VISIBLE_ALPHA_CENTER,MODULAR_PART_OK,maybe,Use as an individually transformable Node2D/Sprite2D object; visual-only.,,True
pvg_obj_central_security_terminal_computerstation1_5_1179,central_security,CS_0317,res://assets/tilesets/cyber_city_core_tilesets/CyberCity_CentralSecurity_Tiles/CyberCity_CentralSecurity_Tiles_1/CyberCity_CentralSecurity_Tiles_1/ComputerStation1_5.png,ComputerStation1_5.png,154,146,terminal,OccludableObjects,90,1.0,VISIBLE_ALPHA_CENTER,MODULAR_PART_OK,maybe,Use as an individually transformable Node2D/Sprite2D object; visual-only.,,True
pvg_obj_central_security_terminal_computerstation1_6_1178,central_security,CS_0318,res://assets/tilesets/cyber_city_core_tilesets/CyberCity_CentralSecurity_Tiles/CyberCity_CentralSecurity_Tiles_1/CyberCity_CentralSecurity_Tiles_1/ComputerStation1_6.png,ComputerStation1_6.png,153,146,terminal,OccludableObjects,90,1.0,VISIBLE_ALPHA_CENTER,MODULAR_PART_OK,maybe,Use as an individually transformable Node2D/Sprite2D object; visual-only.,,True
pvg_obj_central_security_terminal_computerstation1_7_1185,central_security,CS_0319,res://assets/tilesets/cyber_city_core_tilesets/CyberCity_CentralSecurity_Tiles/CyberCity_CentralSecurity_Tiles_1/CyberCity_CentralSecurity_Tiles_1/ComputerStation1_7.png,ComputerStation1_7.png,157,165,terminal,OccludableObjects,90,1.0,VISIBLE_ALPHA_CENTER,MODULAR_PART_OK,maybe,Use as an individually transformable Node2D/Sprite2D object; visual-only.,,True
pvg_obj_central_security_terminal_computerstation1_8_1184,central_security,CS_0320,res://assets/tilesets/cyber_city_core_tilesets/CyberCity_CentralSecurity_Tiles/CyberCity_CentralSecurity_Tiles_1/CyberCity_CentralSecurity_Tiles_1/ComputerStation1_8.png,ComputerStation1_8.png,153,165,terminal,OccludableObjects,90,1.0,VISIBLE_ALPHA_CENTER,MODULAR_PART_OK,maybe,Use as an individually transformable Node2D/Sprite2D object; visual-only.,,True
pvg_obj_central_security_terminal_computerstation2_2_1183,central_security,CS_0322,res://assets/tilesets/cyber_city_core_tilesets/CyberCity_CentralSecurity_Tiles/CyberCity_CentralSecurity_Tiles_1/CyberCity_CentralSecurity_Tiles_1/ComputerStation2_2.png,ComputerStation2_2.png,163,150,terminal,OccludableObjects,90,1.0,VISIBLE_ALPHA_CENTER,MODULAR_PART_OK,maybe,Use as an individually transformable Node2D/Sprite2D object; visual-only.,,True
pvg_obj_central_security_terminal_computerstation2_3_1187,central_security,CS_0323,res://assets/tilesets/cyber_city_core_tilesets/CyberCity_CentralSecurity_Tiles/CyberCity_CentralSecurity_Tiles_1/CyberCity_CentralSecurity_Tiles_1/ComputerStation2_3.png,ComputerStation2_3.png,147,167,terminal,OccludableObjects,90,1.0,VISIBLE_ALPHA_CENTER,MODULAR_PART_OK,maybe,Use as an individually transformable Node2D/Sprite2D object; visual-only.,,True
pvg_obj_central_security_terminal_computerstation2_4_1188,central_security,CS_0324,res://assets/tilesets/cyber_city_core_tilesets/CyberCity_CentralSecurity_Tiles/CyberCity_CentralSecurity_Tiles_1/CyberCity_CentralSecurity_Tiles_1/ComputerStation2_4.png,ComputerStation2_4.png,167,151,terminal,OccludableObjects,90,1.0,VISIBLE_ALPHA_CENTER,MODULAR_PART_OK,maybe,Use as an individually transformable Node2D/Sprite2D object; visual-only.,,True
pvg_obj_central_security_terminal_computerstation2_6_1191,central_security,CS_0326,res://assets/tilesets/cyber_city_core_tilesets/CyberCity_CentralSecurity_Tiles/CyberCity_CentralSecurity_Tiles_1/CyberCity_CentralSecurity_Tiles_1/ComputerStation2_6.png,ComputerStation2_6.png,157,187,terminal,OccludableObjects,90,1.0,VISIBLE_ALPHA_CENTER,MODULAR_PART_OK,maybe,Use as an individually transformable Node2D/Sprite2D object; visual-only.,,True
pvg_obj_central_security_terminal_computerstation2_7_1180,central_security,CS_0327,res://assets/tilesets/cyber_city_core_tilesets/CyberCity_CentralSecurity_Tiles/CyberCity_CentralSecurity_Tiles_1/CyberCity_CentralSecurity_Tiles_1/ComputerStation2_7.png,ComputerStation2_7.png,150,158,terminal,OccludableObjects,90,1.0,VISIBLE_ALPHA_CENTER,MODULAR_PART_OK,maybe,Use as an individually transformable Node2D/Sprite2D object; visual-only.,,True
pvg_obj_central_security_terminal_computerstation2_8_1181,central_security,CS_0328,res://assets/tilesets/cyber_city_core_tilesets/CyberCity_CentralSecurity_Tiles/CyberCity_CentralSecurity_Tiles_1/CyberCity_CentralSecurity_Tiles_1/ComputerStation2_8.png,ComputerStation2_8.png,157,158,terminal,OccludableObjects,90,1.0,VISIBLE_ALPHA_CENTER,MODULAR_PART_OK,maybe,Use as an individually transformable Node2D/Sprite2D object; visual-only.,,True
pvg_obj_central_security_terminal_terminal1_1_0980,central_security,CS_1492,res://assets/tilesets/cyber_city_core_tilesets/CyberCity_CentralSecurity_Tiles/CyberCity_CentralSecurity_Tiles_1/CyberCity_CentralSecurity_Tiles_1/Terminal1_1.png,Terminal1_1.png,64,97,terminal,OccludableObjects,90,1.0,VISIBLE_ALPHA_CENTER,READY_TO_PAINT,maybe,Use as an individually transformable Node2D/Sprite2D object; visual-only.,,True
pvg_obj_central_security_terminal_terminal1_2_0981,central_security,CS_1493,res://assets/tilesets/cyber_city_core_tilesets/CyberCity_CentralSecurity_Tiles/CyberCity_CentralSecurity_Tiles_1/CyberCity_CentralSecurity_Tiles_1/Terminal1_2.png,Terminal1_2.png,58,98,terminal,OccludableObjects,90,1.0,VISIBLE_ALPHA_CENTER,READY_TO_PAINT,maybe,Use as an individually transformable Node2D/Sprite2D object; visual-only.,,True
pvg_obj_central_security_terminal_terminal1_3_0973,central_security,CS_1494,res://assets/tilesets/cyber_city_core_tilesets/CyberCity_CentralSecurity_Tiles/CyberCity_CentralSecurity_Tiles_1/CyberCity_CentralSecurity_Tiles_1/Terminal1_3.png,Terminal1_3.png,69,94,terminal,OccludableObjects,90,1.0,VISIBLE_ALPHA_CENTER,READY_TO_PAINT,maybe,Use as an individually transformable Node2D/Sprite2D object; visual-only.,,True
pvg_obj_central_security_terminal_terminal1_5_0987,central_security,CS_1496,res://assets/tilesets/cyber_city_core_tilesets/CyberCity_CentralSecurity_Tiles/CyberCity_CentralSecurity_Tiles_1/CyberCity_CentralSecurity_Tiles_1/Terminal1_5.png,Terminal1_5.png,64,99,terminal,OccludableObjects,90,1.0,VISIBLE_ALPHA_CENTER,READY_TO_PAINT,maybe,Use as an individually transformable Node2D/Sprite2D object; visual-only.,,True
pvg_obj_central_security_terminal_terminal1_7_0984,central_security,CS_1498,res://assets/tilesets/cyber_city_core_tilesets/CyberCity_CentralSecurity_Tiles/CyberCity_CentralSecurity_Tiles_1/CyberCity_CentralSecurity_Tiles_1/Terminal1_7.png,Terminal1_7.png,69,98,terminal,OccludableObjects,90,1.0,VISIBLE_ALPHA_CENTER,READY_TO_PAINT,maybe,Use as an individually transformable Node2D/Sprite2D object; visual-only.,,True
pvg_obj_central_security_terminal_terminal1_8_0998,central_security,CS_1499,res://assets/tilesets/cyber_city_core_tilesets/CyberCity_CentralSecurity_Tiles/CyberCity_CentralSecurity_Tiles_1/CyberCity_CentralSecurity_Tiles_1/Terminal1_8.png,Terminal1_8.png,69,103,terminal,OccludableObjects,90,1.0,VISIBLE_ALPHA_CENTER,READY_TO_PAINT,maybe,Use as an individually transformable Node2D/Sprite2D object; visual-only.,,True
pvg_obj_central_security_terminal_warroomoverheadscreen1_1_1034,central_security,CS_1652,res://assets/tilesets/cyber_city_core_tilesets/CyberCity_CentralSecurity_Tiles/CyberCity_CentralSecurity_Tiles_1/CyberCity_CentralSecurity_Tiles_1/WarRoomOverheadScreen1_1.png,WarRoomOverheadScreen1_1.png,134,145,terminal,OccludableObjects,90,1.0,VISIBLE_ALPHA_CENTER,READY_TO_PAINT,maybe,Use as an individually transformable Node2D/Sprite2D object; visual-only.,,True
pvg_obj_central_security_terminal_warroomoverheadscreen1_3_1035,central_security,CS_1654,res://assets/tilesets/cyber_city_core_tilesets/CyberCity_CentralSecurity_Tiles/CyberCity_CentralSecurity_Tiles_1/CyberCity_CentralSecurity_Tiles_1/WarRoomOverheadScreen1_3.png,WarRoomOverheadScreen1_3.png,134,145,terminal,OccludableObjects,90,1.0,VISIBLE_ALPHA_CENTER,READY_TO_PAINT,maybe,Use as an individually transformable Node2D/Sprite2D object; visual-only.,,True
pvg_obj_central_security_terminal_warroomoverheadscreen1_5_1047,central_security,CS_1656,res://assets/tilesets/cyber_city_core_tilesets/CyberCity_CentralSecurity_Tiles/CyberCity_CentralSecurity_Tiles_1/CyberCity_CentralSecurity_Tiles_1/WarRoomOverheadScreen1_5.png,WarRoomOverheadScreen1_5.png,157,146,terminal,OccludableObjects,90,1.0,VISIBLE_ALPHA_CENTER,READY_TO_PAINT,maybe,Use as an individually transformable Node2D/Sprite2D object; visual-only.,,True
pvg_obj_central_security_terminal_warroomoverheadscreen1_6_1043,central_security,CS_1657,res://assets/tilesets/cyber_city_core_tilesets/CyberCity_CentralSecurity_Tiles/CyberCity_CentralSecurity_Tiles_1/CyberCity_CentralSecurity_Tiles_1/WarRoomOverheadScreen1_6.png,WarRoomOverheadScreen1_6.png,155,147,terminal,OccludableObjects,90,1.0,VISIBLE_ALPHA_CENTER,READY_TO_PAINT,maybe,Use as an individually transformable Node2D/Sprite2D object; visual-only.,,True
pvg_obj_central_security_terminal_warroomoverheadscreen1_7_1044,central_security,CS_1658,res://assets/tilesets/cyber_city_core_tilesets/CyberCity_CentralSecurity_Tiles/CyberCity_CentralSecurity_Tiles_1/CyberCity_CentralSecurity_Tiles_1/WarRoomOverheadScreen1_7.png,WarRoomOverheadScreen1_7.png,155,148,terminal,OccludableObjects,90,1.0,VISIBLE_ALPHA_CENTER,READY_TO_PAINT,maybe,Use as an individually transformable Node2D/Sprite2D object; visual-only.,,True
pvg_obj_central_security_terminal_warroomoverheadscreen1_8_1048,central_security,CS_1659,res://assets/tilesets/cyber_city_core_tilesets/CyberCity_CentralSecurity_Tiles/CyberCity_CentralSecurity_Tiles_1/CyberCity_CentralSecurity_Tiles_1/WarRoomOverheadScreen1_8.png,WarRoomOverheadScreen1_8.png,157,146,terminal,OccludableObjects,90,1.0,VISIBLE_ALPHA_CENTER,READY_TO_PAINT,maybe,Use as an individually transformable Node2D/Sprite2D object; visual-only.,,True
pvg_obj_central_security_wall_barrier3_1_0924,central_security,CS_0025,res://assets/tilesets/cyber_city_core_tilesets/CyberCity_CentralSecurity_Tiles/CyberCity_CentralSecurity_Tiles_1/CyberCity_CentralSecurity_Tiles_1/Barrier3_1.png,Barrier3_1.png,208,84,wall,OccludableObjects,90,1.0,VISIBLE_ALPHA_CENTER,MODULAR_PART_OK,"no, baked perspective warning",Use as an individually transformable Node2D/Sprite2D object; visual-only.,"no, baked perspective warning",True
pvg_obj_central_security_wall_barrier3_3_0926,central_security,CS_0027,res://assets/tilesets/cyber_city_core_tilesets/CyberCity_CentralSecurity_Tiles/CyberCity_CentralSecurity_Tiles_1/CyberCity_CentralSecurity_Tiles_1/Barrier3_3.png,Barrier3_3.png,211,80,wall,OccludableObjects,90,1.0,VISIBLE_ALPHA_CENTER,MODULAR_PART_OK,"no, baked perspective warning",Use as an individually transformable Node2D/Sprite2D object; visual-only.,"no, baked perspective warning",True
pvg_obj_central_security_wall_barrier3_4_0912,central_security,CS_0028,res://assets/tilesets/cyber_city_core_tilesets/CyberCity_CentralSecurity_Tiles/CyberCity_CentralSecurity_Tiles_1/CyberCity_CentralSecurity_Tiles_1/Barrier3_4.png,Barrier3_4.png,50,195,wall,OccludableObjects,90,1.0,VISIBLE_ALPHA_CENTER,MODULAR_PART_OK,"no, baked perspective warning",Use as an individually transformable Node2D/Sprite2D object; visual-only.,"no, baked perspective warning",True
pvg_obj_central_security_wall_barrier3_5_0888,central_security,CS_0029,res://assets/tilesets/cyber_city_core_tilesets/CyberCity_CentralSecurity_Tiles/CyberCity_CentralSecurity_Tiles_1/CyberCity_CentralSecurity_Tiles_1/Barrier3_5.png,Barrier3_5.png,159,161,wall,OccludableObjects,90,1.0,VISIBLE_ALPHA_CENTER,MODULAR_PART_OK,"no, baked perspective warning",Use as an individually transformable Node2D/Sprite2D object; visual-only.,"no, baked perspective warning",True
pvg_obj_central_security_wall_barrier3_6_0896,central_security,CS_0030,res://assets/tilesets/cyber_city_core_tilesets/CyberCity_CentralSecurity_Tiles/CyberCity_CentralSecurity_Tiles_1/CyberCity_CentralSecurity_Tiles_1/Barrier3_6.png,Barrier3_6.png,166,162,wall,OccludableObjects,90,1.0,VISIBLE_ALPHA_CENTER,MODULAR_PART_OK,"no, baked perspective warning",Use as an individually transformable Node2D/Sprite2D object; visual-only.,"no, baked perspective warning",True
pvg_obj_central_security_wall_barrier3_7_0889,central_security,CS_0031,res://assets/tilesets/cyber_city_core_tilesets/CyberCity_CentralSecurity_Tiles/CyberCity_CentralSecurity_Tiles_1/CyberCity_CentralSecurity_Tiles_1/Barrier3_7.png,Barrier3_7.png,163,160,wall,OccludableObjects,90,1.0,VISIBLE_ALPHA_CENTER,MODULAR_PART_OK,"no, baked perspective warning",Use as an individually transformable Node2D/Sprite2D object; visual-only.,"no, baked perspective warning",True
pvg_obj_central_security_wall_barrier3_8_0890,central_security,CS_0032,res://assets/tilesets/cyber_city_core_tilesets/CyberCity_CentralSecurity_Tiles/CyberCity_CentralSecurity_Tiles_1/CyberCity_CentralSecurity_Tiles_1/Barrier3_8.png,Barrier3_8.png,161,163,wall,OccludableObjects,90,1.0,VISIBLE_ALPHA_CENTER,MODULAR_PART_OK,"no, baked perspective warning",Use as an individually transformable Node2D/Sprite2D object; visual-only.,"no, baked perspective warning",True
pvg_obj_central_security_wall_celldoor1_2_0814,central_security,CS_0262,res://assets/tilesets/cyber_city_core_tilesets/CyberCity_CentralSecurity_Tiles/CyberCity_CentralSecurity_Tiles_1/CyberCity_CentralSecurity_Tiles_1/CellDoor1_2.png,CellDoor1_2.png,104,112,wall,OccludableObjects,90,1.0,VISIBLE_ALPHA_CENTER,MODULAR_PART_OK,"no, baked perspective warning",Use as an individually transformable Node2D/Sprite2D object; visual-only.,"no, baked perspective warning",True
pvg_obj_central_security_wall_celldoor1_3_0876,central_security,CS_0263,res://assets/tilesets/cyber_city_core_tilesets/CyberCity_CentralSecurity_Tiles/CyberCity_CentralSecurity_Tiles_1/CyberCity_CentralSecurity_Tiles_1/CellDoor1_3.png,CellDoor1_3.png,77,146,wall,OccludableObjects,90,1.0,VISIBLE_ALPHA_CENTER,MODULAR_PART_OK,"no, baked perspective warning",Use as an individually transformable Node2D/Sprite2D object; visual-only.,"no, baked perspective warning",True
pvg_obj_central_security_wall_celldoor1_4_0877,central_security,CS_0264,res://assets/tilesets/cyber_city_core_tilesets/CyberCity_CentralSecurity_Tiles/CyberCity_CentralSecurity_Tiles_1/CyberCity_CentralSecurity_Tiles_1/CellDoor1_4.png,CellDoor1_4.png,82,146,wall,OccludableObjects,90,1.0,VISIBLE_ALPHA_CENTER,MODULAR_PART_OK,"no, baked perspective warning",Use as an individually transformable Node2D/Sprite2D object; visual-only.,"no, baked perspective warning",True
pvg_obj_central_security_wall_door5_1_0871,central_security,CS_0449,res://assets/tilesets/cyber_city_core_tilesets/CyberCity_CentralSecurity_Tiles/CyberCity_CentralSecurity_Tiles_1/CyberCity_CentralSecurity_Tiles_1/Door5_1.png,Door5_1.png,135,144,wall,OccludableObjects,90,1.0,VISIBLE_ALPHA_CENTER,MODULAR_PART_OK,"no, baked perspective warning",Use as an individually transformable Node2D/Sprite2D object; visual-only.,"no, baked perspective warning",True
pvg_obj_central_security_wall_door5_2_0909,central_security,CS_0450,res://assets/tilesets/cyber_city_core_tilesets/CyberCity_CentralSecurity_Tiles/CyberCity_CentralSecurity_Tiles_1/CyberCity_CentralSecurity_Tiles_1/Door5_2.png,Door5_2.png,80,187,wall,OccludableObjects,90,1.0,VISIBLE_ALPHA_CENTER,MODULAR_PART_OK,"no, baked perspective warning",Use as an individually transformable Node2D/Sprite2D object; visual-only.,"no, baked perspective warning",True
pvg_obj_central_security_wall_door5_3_0870,central_security,CS_0451,res://assets/tilesets/cyber_city_core_tilesets/CyberCity_CentralSecurity_Tiles/CyberCity_CentralSecurity_Tiles_1/CyberCity_CentralSecurity_Tiles_1/Door5_3.png,Door5_3.png,134,143,wall,OccludableObjects,90,1.0,VISIBLE_ALPHA_CENTER,MODULAR_PART_OK,"no, baked perspective warning",Use as an individually transformable Node2D/Sprite2D object; visual-only.,"no, baked perspective warning",True
pvg_obj_central_security_wall_door5_4_0908,central_security,CS_0452,res://assets/tilesets/cyber_city_core_tilesets/CyberCity_CentralSecurity_Tiles/CyberCity_CentralSecurity_Tiles_1/CyberCity_CentralSecurity_Tiles_1/Door5_4.png,Door5_4.png,84,182,wall,OccludableObjects,90,1.0,VISIBLE_ALPHA_CENTER,MODULAR_PART_OK,"no, baked perspective warning",Use as an individually transformable Node2D/Sprite2D object; visual-only.,"no, baked perspective warning",True
pvg_obj_central_security_wall_door5_5_0905,central_security,CS_0453,res://assets/tilesets/cyber_city_core_tilesets/CyberCity_CentralSecurity_Tiles/CyberCity_CentralSecurity_Tiles_1/CyberCity_CentralSecurity_Tiles_1/Door5_5.png,Door5_5.png,129,178,wall,OccludableObjects,90,1.0,VISIBLE_ALPHA_CENTER,MODULAR_PART_OK,"no, baked perspective warning",Use as an individually transformable Node2D/Sprite2D object; visual-only.,"no, baked perspective warning",True
pvg_obj_central_security_wall_door5_6_0902,central_security,CS_0454,res://assets/tilesets/cyber_city_core_tilesets/CyberCity_CentralSecurity_Tiles/CyberCity_CentralSecurity_Tiles_1/CyberCity_CentralSecurity_Tiles_1/Door5_6.png,Door5_6.png,128,175,wall,OccludableObjects,90,1.0,VISIBLE_ALPHA_CENTER,MODULAR_PART_OK,"no, baked perspective warning",Use as an individually transformable Node2D/Sprite2D object; visual-only.,"no, baked perspective warning",True
pvg_obj_central_security_wall_door5_7_0903,central_security,CS_0455,res://assets/tilesets/cyber_city_core_tilesets/CyberCity_CentralSecurity_Tiles/CyberCity_CentralSecurity_Tiles_1/CyberCity_CentralSecurity_Tiles_1/Door5_7.png,Door5_7.png,132,175,wall,OccludableObjects,90,1.0,VISIBLE_ALPHA_CENTER,MODULAR_PART_OK,"no, baked perspective warning",Use as an individually transformable Node2D/Sprite2D object; visual-only.,"no, baked perspective warning",True
pvg_obj_central_security_wall_door5_8_0901,central_security,CS_0456,res://assets/tilesets/cyber_city_core_tilesets/CyberCity_CentralSecurity_Tiles/CyberCity_CentralSecurity_Tiles_1/CyberCity_CentralSecurity_Tiles_1/Door5_8.png,Door5_8.png,128,174,wall,OccludableObjects,90,1.0,VISIBLE_ALPHA_CENTER,MODULAR_PART_OK,"no, baked perspective warning",Use as an individually transformable Node2D/Sprite2D object; visual-only.,"no, baked perspective warning",True
pvg_obj_central_security_wall_door6_1_0811,central_security,CS_0457,res://assets/tilesets/cyber_city_core_tilesets/CyberCity_CentralSecurity_Tiles/CyberCity_CentralSecurity_Tiles_1/CyberCity_CentralSecurity_Tiles_1/Door6_1.png,Door6_1.png,110,109,wall,OccludableObjects,90,1.0,VISIBLE_ALPHA_CENTER,MODULAR_PART_OK,"no, baked perspective warning",Use as an individually transformable Node2D/Sprite2D object; visual-only.,"no, baked perspective warning",True
pvg_obj_central_security_wall_door6_2_0868,central_security,CS_0458,res://assets/tilesets/cyber_city_core_tilesets/CyberCity_CentralSecurity_Tiles/CyberCity_CentralSecurity_Tiles_1/CyberCity_CentralSecurity_Tiles_1/Door6_2.png,Door6_2.png,57,143,wall,OccludableObjects,90,1.0,VISIBLE_ALPHA_CENTER,MODULAR_PART_OK,"no, baked perspective warning",Use as an individually transformable Node2D/Sprite2D object; visual-only.,"no, baked perspective warning",True
pvg_obj_central_security_wall_door6_3_0815,central_security,CS_0459,res://assets/tilesets/cyber_city_core_tilesets/CyberCity_CentralSecurity_Tiles/CyberCity_CentralSecurity_Tiles_1/CyberCity_CentralSecurity_Tiles_1/Door6_3.png,Door6_3.png,109,113,wall,OccludableObjects,90,1.0,VISIBLE_ALPHA_CENTER,MODULAR_PART_OK,"no, baked perspective warning",Use as an individually transformable Node2D/Sprite2D object; visual-only.,"no, baked perspective warning",True
pvg_obj_central_security_wall_door6_4_0869,central_security,CS_0460,res://assets/tilesets/cyber_city_core_tilesets/CyberCity_CentralSecurity_Tiles/CyberCity_CentralSecurity_Tiles_1/CyberCity_CentralSecurity_Tiles_1/Door6_4.png,Door6_4.png,57,143,wall,OccludableObjects,90,1.0,VISIBLE_ALPHA_CENTER,MODULAR_PART_OK,"no, baked perspective warning",Use as an individually transformable Node2D/Sprite2D object; visual-only.,"no, baked perspective warning",True
pvg_obj_central_security_wall_door6_5_0860,central_security,CS_0461,res://assets/tilesets/cyber_city_core_tilesets/CyberCity_CentralSecurity_Tiles/CyberCity_CentralSecurity_Tiles_1/CyberCity_CentralSecurity_Tiles_1/Door6_5.png,Door6_5.png,101,138,wall,OccludableObjects,90,1.0,VISIBLE_ALPHA_CENTER,MODULAR_PART_OK,"no, baked perspective warning",Use as an individually transformable Node2D/Sprite2D object; visual-only.,"no, baked perspective warning",True
pvg_obj_central_security_wall_door6_6_0861,central_security,CS_0462,res://assets/tilesets/cyber_city_core_tilesets/CyberCity_CentralSecurity_Tiles/CyberCity_CentralSecurity_Tiles_1/CyberCity_CentralSecurity_Tiles_1/Door6_6.png,Door6_6.png,100,139,wall,OccludableObjects,90,1.0,VISIBLE_ALPHA_CENTER,MODULAR_PART_OK,"no, baked perspective warning",Use as an individually transformable Node2D/Sprite2D object; visual-only.,"no, baked perspective warning",True
pvg_obj_central_security_wall_door6_7_0863,central_security,CS_0463,res://assets/tilesets/cyber_city_core_tilesets/CyberCity_CentralSecurity_Tiles/CyberCity_CentralSecurity_Tiles_1/CyberCity_CentralSecurity_Tiles_1/Door6_7.png,Door6_7.png,101,139,wall,OccludableObjects,90,1.0,VISIBLE_ALPHA_CENTER,MODULAR_PART_OK,"no, baked perspective warning",Use as an individually transformable Node2D/Sprite2D object; visual-only.,"no, baked perspective warning",True
pvg_obj_central_security_wall_door6_8_0862,central_security,CS_0464,res://assets/tilesets/cyber_city_core_tilesets/CyberCity_CentralSecurity_Tiles/CyberCity_CentralSecurity_Tiles_1/CyberCity_CentralSecurity_Tiles_1/Door6_8.png,Door6_8.png,100,139,wall,OccludableObjects,90,1.0,VISIBLE_ALPHA_CENTER,MODULAR_PART_OK,"no, baked perspective warning",Use as an individually transformable Node2D/Sprite2D object; visual-only.,"no, baked perspective warning",True
pvg_obj_central_security_wall_door7_1_0882,central_security,CS_0465,res://assets/tilesets/cyber_city_core_tilesets/CyberCity_CentralSecurity_Tiles/CyberCity_CentralSecurity_Tiles_1/CyberCity_CentralSecurity_Tiles_1/Door7_1.png,Door7_1.png,145,159,wall,OccludableObjects,90,1.0,VISIBLE_ALPHA_CENTER,MODULAR_PART_OK,"no, baked perspective warning",Use as an individually transformable Node2D/Sprite2D object; visual-only.,"no, baked perspective warning",True
pvg_obj_central_security_wall_door7_2_0923,central_security,CS_0466,res://assets/tilesets/cyber_city_core_tilesets/CyberCity_CentralSecurity_Tiles/CyberCity_CentralSecurity_Tiles_1/CyberCity_CentralSecurity_Tiles_1/Door7_2.png,Door7_2.png,100,206,wall,OccludableObjects,90,1.0,VISIBLE_ALPHA_CENTER,MODULAR_PART_OK,"no, baked perspective warning",Use as an individually transformable Node2D/Sprite2D object; visual-only.,"no, baked perspective warning",True
pvg_obj_central_security_wall_door7_3_0906,central_security,CS_0467,res://assets/tilesets/cyber_city_core_tilesets/CyberCity_CentralSecurity_Tiles/CyberCity_CentralSecurity_Tiles_1/CyberCity_CentralSecurity_Tiles_1/Door7_3.png,Door7_3.png,144,178,wall,OccludableObjects,90,1.0,VISIBLE_ALPHA_CENTER,MODULAR_PART_OK,"no, baked perspective warning",Use as an individually transformable Node2D/Sprite2D object; visual-only.,"no, baked perspective warning",True
pvg_obj_central_security_wall_door7_4_0925,central_security,CS_0468,res://assets/tilesets/cyber_city_core_tilesets/CyberCity_CentralSecurity_Tiles/CyberCity_CentralSecurity_Tiles_1/CyberCity_CentralSecurity_Tiles_1/Door7_4.png,Door7_4.png,87,210,wall,OccludableObjects,90,1.0,VISIBLE_ALPHA_CENTER,MODULAR_PART_OK,"no, baked perspective warning",Use as an individually transformable Node2D/Sprite2D object; visual-only.,"no, baked perspective warning",True
pvg_obj_central_security_wall_door7_5_0911,central_security,CS_0469,res://assets/tilesets/cyber_city_core_tilesets/CyberCity_CentralSecurity_Tiles/CyberCity_CentralSecurity_Tiles_1/CyberCity_CentralSecurity_Tiles_1/Door7_5.png,Door7_5.png,141,192,wall,OccludableObjects,90,1.0,VISIBLE_ALPHA_CENTER,MODULAR_PART_OK,"no, baked perspective warning",Use as an individually transformable Node2D/Sprite2D object; visual-only.,"no, baked perspective warning",True
pvg_obj_central_security_wall_door7_6_0910,central_security,CS_0470,res://assets/tilesets/cyber_city_core_tilesets/CyberCity_CentralSecurity_Tiles/CyberCity_CentralSecurity_Tiles_1/CyberCity_CentralSecurity_Tiles_1/Door7_6.png,Door7_6.png,136,191,wall,OccludableObjects,90,1.0,VISIBLE_ALPHA_CENTER,MODULAR_PART_OK,"no, baked perspective warning",Use as an individually transformable Node2D/Sprite2D object; visual-only.,"no, baked perspective warning",True
pvg_obj_central_security_wall_door7_7_0922,central_security,CS_0471,res://assets/tilesets/cyber_city_core_tilesets/CyberCity_CentralSecurity_Tiles/CyberCity_CentralSecurity_Tiles_1/CyberCity_CentralSecurity_Tiles_1/Door7_7.png,Door7_7.png,139,205,wall,OccludableObjects,90,1.0,VISIBLE_ALPHA_CENTER,MODULAR_PART_OK,"no, baked perspective warning",Use as an individually transformable Node2D/Sprite2D object; visual-only.,"no, baked perspective warning",True
pvg_obj_central_security_wall_door7_8_0921,central_security,CS_0472,res://assets/tilesets/cyber_city_core_tilesets/CyberCity_CentralSecurity_Tiles/CyberCity_CentralSecurity_Tiles_1/CyberCity_CentralSecurity_Tiles_1/Door7_8.png,Door7_8.png,134,204,wall,OccludableObjects,90,1.0,VISIBLE_ALPHA_CENTER,MODULAR_PART_OK,"no, baked perspective warning",Use as an individually transformable Node2D/Sprite2D object; visual-only.,"no, baked perspective warning",True
pvg_obj_central_security_wall_interior_door1_2_0891,central_security,CS_0665,res://assets/tilesets/cyber_city_core_tilesets/CyberCity_CentralSecurity_Tiles/CyberCity_CentralSecurity_Tiles_1/CyberCity_CentralSecurity_Tiles_1/Interior_Door1_2.png,Interior_Door1_2.png,136,164,wall,OccludableObjects,90,1.0,VISIBLE_ALPHA_CENTER,MODULAR_PART_OK,"no, baked perspective warning",Use as an individually transformable Node2D/Sprite2D object; visual-only.,"no, baked perspective warning",True
pvg_obj_central_security_wall_interior_door1_4_0883,central_security,CS_0667,res://assets/tilesets/cyber_city_core_tilesets/CyberCity_CentralSecurity_Tiles/CyberCity_CentralSecurity_Tiles_1/CyberCity_CentralSecurity_Tiles_1/Interior_Door1_4.png,Interior_Door1_4.png,135,161,wall,OccludableObjects,90,1.0,VISIBLE_ALPHA_CENTER,MODULAR_PART_OK,"no, baked perspective warning",Use as an individually transformable Node2D/Sprite2D object; visual-only.,"no, baked perspective warning",True
pvg_obj_central_security_wall_interior_door1_6_0927,central_security,CS_0669,res://assets/tilesets/cyber_city_core_tilesets/CyberCity_CentralSecurity_Tiles/CyberCity_CentralSecurity_Tiles_1/CyberCity_CentralSecurity_Tiles_1/Interior_Door1_6.png,Interior_Door1_6.png,120,212,wall,OccludableObjects,90,1.0,VISIBLE_ALPHA_CENTER,MODULAR_PART_OK,"no, baked perspective warning",Use as an individually transformable Node2D/Sprite2D object; visual-only.,"no, baked perspective warning",True
pvg_obj_central_security_wall_interior_door2_2_0892,central_security,CS_0673,res://assets/tilesets/cyber_city_core_tilesets/CyberCity_CentralSecurity_Tiles/CyberCity_CentralSecurity_Tiles_1/CyberCity_CentralSecurity_Tiles_1/Interior_Door2_2.png,Interior_Door2_2.png,136,164,wall,OccludableObjects,90,1.0,VISIBLE_ALPHA_CENTER,MODULAR_PART_OK,"no, baked perspective warning",Use as an individually transformable Node2D/Sprite2D object; visual-only.,"no, baked perspective warning",True
pvg_obj_central_security_wall_interior_door2_4_0884,central_security,CS_0675,res://assets/tilesets/cyber_city_core_tilesets/CyberCity_CentralSecurity_Tiles/CyberCity_CentralSecurity_Tiles_1/CyberCity_CentralSecurity_Tiles_1/Interior_Door2_4.png,Interior_Door2_4.png,135,161,wall,OccludableObjects,90,1.0,VISIBLE_ALPHA_CENTER,MODULAR_PART_OK,"no, baked perspective warning",Use as an individually transformable Node2D/Sprite2D object; visual-only.,"no, baked perspective warning",True
pvg_obj_central_security_wall_interior_door2_6_0928,central_security,CS_0677,res://assets/tilesets/cyber_city_core_tilesets/CyberCity_CentralSecurity_Tiles/CyberCity_CentralSecurity_Tiles_1/CyberCity_CentralSecurity_Tiles_1/Interior_Door2_6.png,Interior_Door2_6.png,120,212,wall,OccludableObjects,90,1.0,VISIBLE_ALPHA_CENTER,MODULAR_PART_OK,"no, baked perspective warning",Use as an individually transformable Node2D/Sprite2D object; visual-only.,"no, baked perspective warning",True
pvg_obj_central_security_wall_interior_door3_2_0893,central_security,CS_0681,res://assets/tilesets/cyber_city_core_tilesets/CyberCity_CentralSecurity_Tiles/CyberCity_CentralSecurity_Tiles_1/CyberCity_CentralSecurity_Tiles_1/Interior_Door3_2.png,Interior_Door3_2.png,136,164,wall,OccludableObjects,90,1.0,VISIBLE_ALPHA_CENTER,MODULAR_PART_OK,"no, baked perspective warning",Use as an individually transformable Node2D/Sprite2D object; visual-only.,"no, baked perspective warning",True
pvg_obj_central_security_wall_interior_door3_4_0885,central_security,CS_0683,res://assets/tilesets/cyber_city_core_tilesets/CyberCity_CentralSecurity_Tiles/CyberCity_CentralSecurity_Tiles_1/CyberCity_CentralSecurity_Tiles_1/Interior_Door3_4.png,Interior_Door3_4.png,135,161,wall,OccludableObjects,90,1.0,VISIBLE_ALPHA_CENTER,MODULAR_PART_OK,"no, baked perspective warning",Use as an individually transformable Node2D/Sprite2D object; visual-only.,"no, baked perspective warning",True
pvg_obj_central_security_wall_interior_door4_2_0894,central_security,CS_0689,res://assets/tilesets/cyber_city_core_tilesets/CyberCity_CentralSecurity_Tiles/CyberCity_CentralSecurity_Tiles_1/CyberCity_CentralSecurity_Tiles_1/Interior_Door4_2.png,Interior_Door4_2.png,136,164,wall,OccludableObjects,90,1.0,VISIBLE_ALPHA_CENTER,MODULAR_PART_OK,"no, baked perspective warning",Use as an individually transformable Node2D/Sprite2D object; visual-only.,"no, baked perspective warning",True
pvg_obj_central_security_wall_interior_door4_4_0886,central_security,CS_0691,res://assets/tilesets/cyber_city_core_tilesets/CyberCity_CentralSecurity_Tiles/CyberCity_CentralSecurity_Tiles_1/CyberCity_CentralSecurity_Tiles_1/Interior_Door4_4.png,Interior_Door4_4.png,135,161,wall,OccludableObjects,90,1.0,VISIBLE_ALPHA_CENTER,MODULAR_PART_OK,"no, baked perspective warning",Use as an individually transformable Node2D/Sprite2D object; visual-only.,"no, baked perspective warning",True
pvg_obj_central_security_wall_interior_door5_2_0895,central_security,CS_0697,res://assets/tilesets/cyber_city_core_tilesets/CyberCity_CentralSecurity_Tiles/CyberCity_CentralSecurity_Tiles_1/CyberCity_CentralSecurity_Tiles_1/Interior_Door5_2.png,Interior_Door5_2.png,136,164,wall,OccludableObjects,90,1.0,VISIBLE_ALPHA_CENTER,MODULAR_PART_OK,"no, baked perspective warning",Use as an individually transformable Node2D/Sprite2D object; visual-only.,"no, baked perspective warning",True
pvg_obj_central_security_wall_interior_door5_4_0887,central_security,CS_0699,res://assets/tilesets/cyber_city_core_tilesets/CyberCity_CentralSecurity_Tiles/CyberCity_CentralSecurity_Tiles_1/CyberCity_CentralSecurity_Tiles_1/Interior_Door5_4.png,Interior_Door5_4.png,135,161,wall,OccludableObjects,90,1.0,VISIBLE_ALPHA_CENTER,MODULAR_PART_OK,"no, baked perspective warning",Use as an individually transformable Node2D/Sprite2D object; visual-only.,"no, baked perspective warning",True
pvg_obj_central_security_wall_interior_floorpanel1_1_1075,central_security,CS_0712,res://assets/tilesets/cyber_city_core_tilesets/CyberCity_CentralSecurity_Tiles/CyberCity_CentralSecurity_Tiles_1/CyberCity_CentralSecurity_Tiles_1/Interior_FloorPanel1_1.png,Interior_FloorPanel1_1.png,132,97,wall,OccludableObjects,90,1.0,VISIBLE_ALPHA_CENTER,MODULAR_PART_OK,"no, baked perspective warning",Use as an individually transformable Node2D/Sprite2D object; visual-only.,"no, baked perspective warning",True
pvg_obj_central_security_wall_interior_floorpanel1_2_1093,central_security,CS_0713,res://assets/tilesets/cyber_city_core_tilesets/CyberCity_CentralSecurity_Tiles/CyberCity_CentralSecurity_Tiles_1/CyberCity_CentralSecurity_Tiles_1/Interior_FloorPanel1_2.png,Interior_FloorPanel1_2.png,136,99,wall,OccludableObjects,90,1.0,VISIBLE_ALPHA_CENTER,MODULAR_PART_OK,"no, baked perspective warning",Use as an individually transformable Node2D/Sprite2D object; visual-only.,"no, baked perspective warning",True
pvg_obj_central_security_wall_interior_floorpanel1_3_1087,central_security,CS_0714,res://assets/tilesets/cyber_city_core_tilesets/CyberCity_CentralSecurity_Tiles/CyberCity_CentralSecurity_Tiles_1/CyberCity_CentralSecurity_Tiles_1/Interior_FloorPanel1_3.png,Interior_FloorPanel1_3.png,134,100,wall,OccludableObjects,90,1.0,VISIBLE_ALPHA_CENTER,MODULAR_PART_OK,"no, baked perspective warning",Use as an individually transformable Node2D/Sprite2D object; visual-only.,"no, baked perspective warning",True
pvg_obj_central_security_wall_interior_floorpanel1_4_1081,central_security,CS_0715,res://assets/tilesets/cyber_city_core_tilesets/CyberCity_CentralSecurity_Tiles/CyberCity_CentralSecurity_Tiles_1/CyberCity_CentralSecurity_Tiles_1/Interior_FloorPanel1_4.png,Interior_FloorPanel1_4.png,133,98,wall,OccludableObjects,90,1.0,VISIBLE_ALPHA_CENTER,MODULAR_PART_OK,"no, baked perspective warning",Use as an individually transformable Node2D/Sprite2D object; visual-only.,"no, baked perspective warning",True
pvg_obj_central_security_wall_interior_floorpanel1_5_1105,central_security,CS_0716,res://assets/tilesets/cyber_city_core_tilesets/CyberCity_CentralSecurity_Tiles/CyberCity_CentralSecurity_Tiles_1/CyberCity_CentralSecurity_Tiles_1/Interior_FloorPanel1_5.png,Interior_FloorPanel1_5.png,179,127,wall,OccludableObjects,90,1.0,VISIBLE_ALPHA_CENTER,MODULAR_PART_OK,"no, baked perspective warning",Use as an individually transformable Node2D/Sprite2D object; visual-only.,"no, baked perspective warning",True
pvg_obj_central_security_wall_interior_floorpanel1_6_1106,central_security,CS_0717,res://assets/tilesets/cyber_city_core_tilesets/CyberCity_CentralSecurity_Tiles/CyberCity_CentralSecurity_Tiles_1/CyberCity_CentralSecurity_Tiles_1/Interior_FloorPanel1_6.png,Interior_FloorPanel1_6.png,179,127,wall,OccludableObjects,90,1.0,VISIBLE_ALPHA_CENTER,MODULAR_PART_OK,"no, baked perspective warning",Use as an individually transformable Node2D/Sprite2D object; visual-only.,"no, baked perspective warning",True
pvg_obj_central_security_wall_interior_floorpanel1_7_1107,central_security,CS_0718,res://assets/tilesets/cyber_city_core_tilesets/CyberCity_CentralSecurity_Tiles/CyberCity_CentralSecurity_Tiles_1/CyberCity_CentralSecurity_Tiles_1/Interior_FloorPanel1_7.png,Interior_FloorPanel1_7.png,179,127,wall,OccludableObjects,90,1.0,VISIBLE_ALPHA_CENTER,MODULAR_PART_OK,"no, baked perspective warning",Use as an individually transformable Node2D/Sprite2D object; visual-only.,"no, baked perspective warning",True
pvg_obj_central_security_wall_interior_floorpanel1_8_1108,central_security,CS_0719,res://assets/tilesets/cyber_city_core_tilesets/CyberCity_CentralSecurity_Tiles/CyberCity_CentralSecurity_Tiles_1/CyberCity_CentralSecurity_Tiles_1/Interior_FloorPanel1_8.png,Interior_FloorPanel1_8.png,179,127,wall,OccludableObjects,90,1.0,VISIBLE_ALPHA_CENTER,MODULAR_PART_OK,"no, baked perspective warning",Use as an individually transformable Node2D/Sprite2D object; visual-only.,"no, baked perspective warning",True
pvg_obj_central_security_wall_interior_floorpanel2_1_1076,central_security,CS_0720,res://assets/tilesets/cyber_city_core_tilesets/CyberCity_CentralSecurity_Tiles/CyberCity_CentralSecurity_Tiles_1/CyberCity_CentralSecurity_Tiles_1/Interior_FloorPanel2_1.png,Interior_FloorPanel2_1.png,132,97,wall,OccludableObjects,90,1.0,VISIBLE_ALPHA_CENTER,MODULAR_PART_OK,"no, baked perspective warning",Use as an individually transformable Node2D/Sprite2D object; visual-only.,"no, baked perspective warning",True
pvg_obj_central_security_wall_interior_floorpanel2_2_1094,central_security,CS_0721,res://assets/tilesets/cyber_city_core_tilesets/CyberCity_CentralSecurity_Tiles/CyberCity_CentralSecurity_Tiles_1/CyberCity_CentralSecurity_Tiles_1/Interior_FloorPanel2_2.png,Interior_FloorPanel2_2.png,136,99,wall,OccludableObjects,90,1.0,VISIBLE_ALPHA_CENTER,MODULAR_PART_OK,"no, baked perspective warning",Use as an individually transformable Node2D/Sprite2D object; visual-only.,"no, baked perspective warning",True
pvg_obj_central_security_wall_interior_floorpanel2_3_1088,central_security,CS_0722,res://assets/tilesets/cyber_city_core_tilesets/CyberCity_CentralSecurity_Tiles/CyberCity_CentralSecurity_Tiles_1/CyberCity_CentralSecurity_Tiles_1/Interior_FloorPanel2_3.png,Interior_FloorPanel2_3.png,134,100,wall,OccludableObjects,90,1.0,VISIBLE_ALPHA_CENTER,MODULAR_PART_OK,"no, baked perspective warning",Use as an individually transformable Node2D/Sprite2D object; visual-only.,"no, baked perspective warning",True
pvg_obj_central_security_wall_interior_floorpanel2_4_1082,central_security,CS_0723,res://assets/tilesets/cyber_city_core_tilesets/CyberCity_CentralSecurity_Tiles/CyberCity_CentralSecurity_Tiles_1/CyberCity_CentralSecurity_Tiles_1/Interior_FloorPanel2_4.png,Interior_FloorPanel2_4.png,133,98,wall,OccludableObjects,90,1.0,VISIBLE_ALPHA_CENTER,MODULAR_PART_OK,"no, baked perspective warning",Use as an individually transformable Node2D/Sprite2D object; visual-only.,"no, baked perspective warning",True
pvg_obj_central_security_wall_interior_floorpanel2_5_1109,central_security,CS_0724,res://assets/tilesets/cyber_city_core_tilesets/CyberCity_CentralSecurity_Tiles/CyberCity_CentralSecurity_Tiles_1/CyberCity_CentralSecurity_Tiles_1/Interior_FloorPanel2_5.png,Interior_FloorPanel2_5.png,179,127,wall,OccludableObjects,90,1.0,VISIBLE_ALPHA_CENTER,MODULAR_PART_OK,"no, baked perspective warning",Use as an individually transformable Node2D/Sprite2D object; visual-only.,"no, baked perspective warning",True
pvg_obj_central_security_wall_interior_floorpanel2_6_1110,central_security,CS_0725,res://assets/tilesets/cyber_city_core_tilesets/CyberCity_CentralSecurity_Tiles/CyberCity_CentralSecurity_Tiles_1/CyberCity_CentralSecurity_Tiles_1/Interior_FloorPanel2_6.png,Interior_FloorPanel2_6.png,179,127,wall,OccludableObjects,90,1.0,VISIBLE_ALPHA_CENTER,MODULAR_PART_OK,"no, baked perspective warning",Use as an individually transformable Node2D/Sprite2D object; visual-only.,"no, baked perspective warning",True
pvg_obj_central_security_wall_interior_floorpanel2_7_1111,central_security,CS_0726,res://assets/tilesets/cyber_city_core_tilesets/CyberCity_CentralSecurity_Tiles/CyberCity_CentralSecurity_Tiles_1/CyberCity_CentralSecurity_Tiles_1/Interior_FloorPanel2_7.png,Interior_FloorPanel2_7.png,179,127,wall,OccludableObjects,90,1.0,VISIBLE_ALPHA_CENTER,MODULAR_PART_OK,"no, baked perspective warning",Use as an individually transformable Node2D/Sprite2D object; visual-only.,"no, baked perspective warning",True
pvg_obj_central_security_wall_interior_floorpanel2_8_1112,central_security,CS_0727,res://assets/tilesets/cyber_city_core_tilesets/CyberCity_CentralSecurity_Tiles/CyberCity_CentralSecurity_Tiles_1/CyberCity_CentralSecurity_Tiles_1/Interior_FloorPanel2_8.png,Interior_FloorPanel2_8.png,179,127,wall,OccludableObjects,90,1.0,VISIBLE_ALPHA_CENTER,MODULAR_PART_OK,"no, baked perspective warning",Use as an individually transformable Node2D/Sprite2D object; visual-only.,"no, baked perspective warning",True
pvg_obj_central_security_wall_interior_floorpanel3_1_1077,central_security,CS_0728,res://assets/tilesets/cyber_city_core_tilesets/CyberCity_CentralSecurity_Tiles/CyberCity_CentralSecurity_Tiles_1/CyberCity_CentralSecurity_Tiles_1/Interior_FloorPanel3_1.png,Interior_FloorPanel3_1.png,132,97,wall,OccludableObjects,90,1.0,VISIBLE_ALPHA_CENTER,MODULAR_PART_OK,"no, baked perspective warning",Use as an individually transformable Node2D/Sprite2D object; visual-only.,"no, baked perspective warning",True
pvg_obj_central_security_wall_interior_floorpanel3_2_1095,central_security,CS_0729,res://assets/tilesets/cyber_city_core_tilesets/CyberCity_CentralSecurity_Tiles/CyberCity_CentralSecurity_Tiles_1/CyberCity_CentralSecurity_Tiles_1/Interior_FloorPanel3_2.png,Interior_FloorPanel3_2.png,136,99,wall,OccludableObjects,90,1.0,VISIBLE_ALPHA_CENTER,MODULAR_PART_OK,"no, baked perspective warning",Use as an individually transformable Node2D/Sprite2D object; visual-only.,"no, baked perspective warning",True
pvg_obj_central_security_wall_interior_floorpanel3_3_1089,central_security,CS_0730,res://assets/tilesets/cyber_city_core_tilesets/CyberCity_CentralSecurity_Tiles/CyberCity_CentralSecurity_Tiles_1/CyberCity_CentralSecurity_Tiles_1/Interior_FloorPanel3_3.png,Interior_FloorPanel3_3.png,134,100,wall,OccludableObjects,90,1.0,VISIBLE_ALPHA_CENTER,MODULAR_PART_OK,"no, baked perspective warning",Use as an individually transformable Node2D/Sprite2D object; visual-only.,"no, baked perspective warning",True
pvg_obj_central_security_wall_interior_floorpanel3_4_1083,central_security,CS_0731,res://assets/tilesets/cyber_city_core_tilesets/CyberCity_CentralSecurity_Tiles/CyberCity_CentralSecurity_Tiles_1/CyberCity_CentralSecurity_Tiles_1/Interior_FloorPanel3_4.png,Interior_FloorPanel3_4.png,133,98,wall,OccludableObjects,90,1.0,VISIBLE_ALPHA_CENTER,MODULAR_PART_OK,"no, baked perspective warning",Use as an individually transformable Node2D/Sprite2D object; visual-only.,"no, baked perspective warning",True
pvg_obj_central_security_wall_interior_floorpanel3_5_1113,central_security,CS_0732,res://assets/tilesets/cyber_city_core_tilesets/CyberCity_CentralSecurity_Tiles/CyberCity_CentralSecurity_Tiles_1/CyberCity_CentralSecurity_Tiles_1/Interior_FloorPanel3_5.png,Interior_FloorPanel3_5.png,179,127,wall,OccludableObjects,90,1.0,VISIBLE_ALPHA_CENTER,MODULAR_PART_OK,"no, baked perspective warning",Use as an individually transformable Node2D/Sprite2D object; visual-only.,"no, baked perspective warning",True
pvg_obj_central_security_wall_interior_floorpanel3_6_1114,central_security,CS_0733,res://assets/tilesets/cyber_city_core_tilesets/CyberCity_CentralSecurity_Tiles/CyberCity_CentralSecurity_Tiles_1/CyberCity_CentralSecurity_Tiles_1/Interior_FloorPanel3_6.png,Interior_FloorPanel3_6.png,179,127,wall,OccludableObjects,90,1.0,VISIBLE_ALPHA_CENTER,MODULAR_PART_OK,"no, baked perspective warning",Use as an individually transformable Node2D/Sprite2D object; visual-only.,"no, baked perspective warning",True
pvg_obj_central_security_wall_interior_floorpanel3_7_1115,central_security,CS_0734,res://assets/tilesets/cyber_city_core_tilesets/CyberCity_CentralSecurity_Tiles/CyberCity_CentralSecurity_Tiles_1/CyberCity_CentralSecurity_Tiles_1/Interior_FloorPanel3_7.png,Interior_FloorPanel3_7.png,179,127,wall,OccludableObjects,90,1.0,VISIBLE_ALPHA_CENTER,MODULAR_PART_OK,"no, baked perspective warning",Use as an individually transformable Node2D/Sprite2D object; visual-only.,"no, baked perspective warning",True
pvg_obj_central_security_wall_interior_floorpanel3_8_1116,central_security,CS_0735,res://assets/tilesets/cyber_city_core_tilesets/CyberCity_CentralSecurity_Tiles/CyberCity_CentralSecurity_Tiles_1/CyberCity_CentralSecurity_Tiles_1/Interior_FloorPanel3_8.png,Interior_FloorPanel3_8.png,179,127,wall,OccludableObjects,90,1.0,VISIBLE_ALPHA_CENTER,MODULAR_PART_OK,"no, baked perspective warning",Use as an individually transformable Node2D/Sprite2D object; visual-only.,"no, baked perspective warning",True
pvg_obj_central_security_wall_interior_floorpanel4_1_1078,central_security,CS_0736,res://assets/tilesets/cyber_city_core_tilesets/CyberCity_CentralSecurity_Tiles/CyberCity_CentralSecurity_Tiles_1/CyberCity_CentralSecurity_Tiles_1/Interior_FloorPanel4_1.png,Interior_FloorPanel4_1.png,132,97,wall,OccludableObjects,90,1.0,VISIBLE_ALPHA_CENTER,MODULAR_PART_OK,"no, baked perspective warning",Use as an individually transformable Node2D/Sprite2D object; visual-only.,"no, baked perspective warning",True
pvg_obj_central_security_wall_interior_floorpanel4_2_1096,central_security,CS_0737,res://assets/tilesets/cyber_city_core_tilesets/CyberCity_CentralSecurity_Tiles/CyberCity_CentralSecurity_Tiles_1/CyberCity_CentralSecurity_Tiles_1/Interior_FloorPanel4_2.png,Interior_FloorPanel4_2.png,136,99,wall,OccludableObjects,90,1.0,VISIBLE_ALPHA_CENTER,MODULAR_PART_OK,"no, baked perspective warning",Use as an individually transformable Node2D/Sprite2D object; visual-only.,"no, baked perspective warning",True
pvg_obj_central_security_wall_interior_floorpanel4_3_1090,central_security,CS_0738,res://assets/tilesets/cyber_city_core_tilesets/CyberCity_CentralSecurity_Tiles/CyberCity_CentralSecurity_Tiles_1/CyberCity_CentralSecurity_Tiles_1/Interior_FloorPanel4_3.png,Interior_FloorPanel4_3.png,134,100,wall,OccludableObjects,90,1.0,VISIBLE_ALPHA_CENTER,MODULAR_PART_OK,"no, baked perspective warning",Use as an individually transformable Node2D/Sprite2D object; visual-only.,"no, baked perspective warning",True
pvg_obj_central_security_wall_interior_floorpanel4_4_1084,central_security,CS_0739,res://assets/tilesets/cyber_city_core_tilesets/CyberCity_CentralSecurity_Tiles/CyberCity_CentralSecurity_Tiles_1/CyberCity_CentralSecurity_Tiles_1/Interior_FloorPanel4_4.png,Interior_FloorPanel4_4.png,133,98,wall,OccludableObjects,90,1.0,VISIBLE_ALPHA_CENTER,MODULAR_PART_OK,"no, baked perspective warning",Use as an individually transformable Node2D/Sprite2D object; visual-only.,"no, baked perspective warning",True
pvg_obj_central_security_wall_interior_floorpanel4_5_1117,central_security,CS_0740,res://assets/tilesets/cyber_city_core_tilesets/CyberCity_CentralSecurity_Tiles/CyberCity_CentralSecurity_Tiles_1/CyberCity_CentralSecurity_Tiles_1/Interior_FloorPanel4_5.png,Interior_FloorPanel4_5.png,179,127,wall,OccludableObjects,90,1.0,VISIBLE_ALPHA_CENTER,MODULAR_PART_OK,"no, baked perspective warning",Use as an individually transformable Node2D/Sprite2D object; visual-only.,"no, baked perspective warning",True
pvg_obj_central_security_wall_interior_floorpanel4_6_1118,central_security,CS_0741,res://assets/tilesets/cyber_city_core_tilesets/CyberCity_CentralSecurity_Tiles/CyberCity_CentralSecurity_Tiles_1/CyberCity_CentralSecurity_Tiles_1/Interior_FloorPanel4_6.png,Interior_FloorPanel4_6.png,179,127,wall,OccludableObjects,90,1.0,VISIBLE_ALPHA_CENTER,MODULAR_PART_OK,"no, baked perspective warning",Use as an individually transformable Node2D/Sprite2D object; visual-only.,"no, baked perspective warning",True
pvg_obj_central_security_wall_interior_floorpanel4_7_1119,central_security,CS_0742,res://assets/tilesets/cyber_city_core_tilesets/CyberCity_CentralSecurity_Tiles/CyberCity_CentralSecurity_Tiles_1/CyberCity_CentralSecurity_Tiles_1/Interior_FloorPanel4_7.png,Interior_FloorPanel4_7.png,179,127,wall,OccludableObjects,90,1.0,VISIBLE_ALPHA_CENTER,MODULAR_PART_OK,"no, baked perspective warning",Use as an individually transformable Node2D/Sprite2D object; visual-only.,"no, baked perspective warning",True
pvg_obj_central_security_wall_interior_floorpanel4_8_1120,central_security,CS_0743,res://assets/tilesets/cyber_city_core_tilesets/CyberCity_CentralSecurity_Tiles/CyberCity_CentralSecurity_Tiles_1/CyberCity_CentralSecurity_Tiles_1/Interior_FloorPanel4_8.png,Interior_FloorPanel4_8.png,179,127,wall,OccludableObjects,90,1.0,VISIBLE_ALPHA_CENTER,MODULAR_PART_OK,"no, baked perspective warning",Use as an individually transformable Node2D/Sprite2D object; visual-only.,"no, baked perspective warning",True
pvg_obj_central_security_wall_interior_floorpanel5_1_1079,central_security,CS_0744,res://assets/tilesets/cyber_city_core_tilesets/CyberCity_CentralSecurity_Tiles/CyberCity_CentralSecurity_Tiles_1/CyberCity_CentralSecurity_Tiles_1/Interior_FloorPanel5_1.png,Interior_FloorPanel5_1.png,132,97,wall,OccludableObjects,90,1.0,VISIBLE_ALPHA_CENTER,MODULAR_PART_OK,"no, baked perspective warning",Use as an individually transformable Node2D/Sprite2D object; visual-only.,"no, baked perspective warning",True
pvg_obj_central_security_wall_interior_floorpanel5_2_1097,central_security,CS_0745,res://assets/tilesets/cyber_city_core_tilesets/CyberCity_CentralSecurity_Tiles/CyberCity_CentralSecurity_Tiles_1/CyberCity_CentralSecurity_Tiles_1/Interior_FloorPanel5_2.png,Interior_FloorPanel5_2.png,136,99,wall,OccludableObjects,90,1.0,VISIBLE_ALPHA_CENTER,MODULAR_PART_OK,"no, baked perspective warning",Use as an individually transformable Node2D/Sprite2D object; visual-only.,"no, baked perspective warning",True
pvg_obj_central_security_wall_interior_floorpanel5_3_1091,central_security,CS_0746,res://assets/tilesets/cyber_city_core_tilesets/CyberCity_CentralSecurity_Tiles/CyberCity_CentralSecurity_Tiles_1/CyberCity_CentralSecurity_Tiles_1/Interior_FloorPanel5_3.png,Interior_FloorPanel5_3.png,134,100,wall,OccludableObjects,90,1.0,VISIBLE_ALPHA_CENTER,MODULAR_PART_OK,"no, baked perspective warning",Use as an individually transformable Node2D/Sprite2D object; visual-only.,"no, baked perspective warning",True
pvg_obj_central_security_wall_interior_floorpanel5_4_1085,central_security,CS_0747,res://assets/tilesets/cyber_city_core_tilesets/CyberCity_CentralSecurity_Tiles/CyberCity_CentralSecurity_Tiles_1/CyberCity_CentralSecurity_Tiles_1/Interior_FloorPanel5_4.png,Interior_FloorPanel5_4.png,133,98,wall,OccludableObjects,90,1.0,VISIBLE_ALPHA_CENTER,MODULAR_PART_OK,"no, baked perspective warning",Use as an individually transformable Node2D/Sprite2D object; visual-only.,"no, baked perspective warning",True
pvg_obj_central_security_wall_interior_floorpanel5_5_1121,central_security,CS_0748,res://assets/tilesets/cyber_city_core_tilesets/CyberCity_CentralSecurity_Tiles/CyberCity_CentralSecurity_Tiles_1/CyberCity_CentralSecurity_Tiles_1/Interior_FloorPanel5_5.png,Interior_FloorPanel5_5.png,179,127,wall,OccludableObjects,90,1.0,VISIBLE_ALPHA_CENTER,MODULAR_PART_OK,"no, baked perspective warning",Use as an individually transformable Node2D/Sprite2D object; visual-only.,"no, baked perspective warning",True
pvg_obj_central_security_wall_interior_floorpanel5_6_1122,central_security,CS_0749,res://assets/tilesets/cyber_city_core_tilesets/CyberCity_CentralSecurity_Tiles/CyberCity_CentralSecurity_Tiles_1/CyberCity_CentralSecurity_Tiles_1/Interior_FloorPanel5_6.png,Interior_FloorPanel5_6.png,179,127,wall,OccludableObjects,90,1.0,VISIBLE_ALPHA_CENTER,MODULAR_PART_OK,"no, baked perspective warning",Use as an individually transformable Node2D/Sprite2D object; visual-only.,"no, baked perspective warning",True
pvg_obj_central_security_wall_interior_floorpanel5_7_1123,central_security,CS_0750,res://assets/tilesets/cyber_city_core_tilesets/CyberCity_CentralSecurity_Tiles/CyberCity_CentralSecurity_Tiles_1/CyberCity_CentralSecurity_Tiles_1/Interior_FloorPanel5_7.png,Interior_FloorPanel5_7.png,179,127,wall,OccludableObjects,90,1.0,VISIBLE_ALPHA_CENTER,MODULAR_PART_OK,"no, baked perspective warning",Use as an individually transformable Node2D/Sprite2D object; visual-only.,"no, baked perspective warning",True
pvg_obj_central_security_wall_interior_floorpanel5_8_1124,central_security,CS_0751,res://assets/tilesets/cyber_city_core_tilesets/CyberCity_CentralSecurity_Tiles/CyberCity_CentralSecurity_Tiles_1/CyberCity_CentralSecurity_Tiles_1/Interior_FloorPanel5_8.png,Interior_FloorPanel5_8.png,179,127,wall,OccludableObjects,90,1.0,VISIBLE_ALPHA_CENTER,MODULAR_PART_OK,"no, baked perspective warning",Use as an individually transformable Node2D/Sprite2D object; visual-only.,"no, baked perspective warning",True
pvg_obj_central_security_wall_interior_floorpanel6_1_1080,central_security,CS_0752,res://assets/tilesets/cyber_city_core_tilesets/CyberCity_CentralSecurity_Tiles/CyberCity_CentralSecurity_Tiles_1/CyberCity_CentralSecurity_Tiles_1/Interior_FloorPanel6_1.png,Interior_FloorPanel6_1.png,132,97,wall,OccludableObjects,90,1.0,VISIBLE_ALPHA_CENTER,MODULAR_PART_OK,"no, baked perspective warning",Use as an individually transformable Node2D/Sprite2D object; visual-only.,"no, baked perspective warning",True
pvg_obj_central_security_wall_interior_floorpanel6_2_1098,central_security,CS_0753,res://assets/tilesets/cyber_city_core_tilesets/CyberCity_CentralSecurity_Tiles/CyberCity_CentralSecurity_Tiles_1/CyberCity_CentralSecurity_Tiles_1/Interior_FloorPanel6_2.png,Interior_FloorPanel6_2.png,136,99,wall,OccludableObjects,90,1.0,VISIBLE_ALPHA_CENTER,MODULAR_PART_OK,"no, baked perspective warning",Use as an individually transformable Node2D/Sprite2D object; visual-only.,"no, baked perspective warning",True
pvg_obj_central_security_wall_interior_floorpanel6_3_1092,central_security,CS_0754,res://assets/tilesets/cyber_city_core_tilesets/CyberCity_CentralSecurity_Tiles/CyberCity_CentralSecurity_Tiles_1/CyberCity_CentralSecurity_Tiles_1/Interior_FloorPanel6_3.png,Interior_FloorPanel6_3.png,134,100,wall,OccludableObjects,90,1.0,VISIBLE_ALPHA_CENTER,MODULAR_PART_OK,"no, baked perspective warning",Use as an individually transformable Node2D/Sprite2D object; visual-only.,"no, baked perspective warning",True
pvg_obj_central_security_wall_interior_floorpanel6_4_1086,central_security,CS_0755,res://assets/tilesets/cyber_city_core_tilesets/CyberCity_CentralSecurity_Tiles/CyberCity_CentralSecurity_Tiles_1/CyberCity_CentralSecurity_Tiles_1/Interior_FloorPanel6_4.png,Interior_FloorPanel6_4.png,133,98,wall,OccludableObjects,90,1.0,VISIBLE_ALPHA_CENTER,MODULAR_PART_OK,"no, baked perspective warning",Use as an individually transformable Node2D/Sprite2D object; visual-only.,"no, baked perspective warning",True
pvg_obj_central_security_wall_interior_floorpanel6_5_1125,central_security,CS_0756,res://assets/tilesets/cyber_city_core_tilesets/CyberCity_CentralSecurity_Tiles/CyberCity_CentralSecurity_Tiles_1/CyberCity_CentralSecurity_Tiles_1/Interior_FloorPanel6_5.png,Interior_FloorPanel6_5.png,179,127,wall,OccludableObjects,90,1.0,VISIBLE_ALPHA_CENTER,MODULAR_PART_OK,"no, baked perspective warning",Use as an individually transformable Node2D/Sprite2D object; visual-only.,"no, baked perspective warning",True
pvg_obj_central_security_wall_interior_floorpanel6_6_1126,central_security,CS_0757,res://assets/tilesets/cyber_city_core_tilesets/CyberCity_CentralSecurity_Tiles/CyberCity_CentralSecurity_Tiles_1/CyberCity_CentralSecurity_Tiles_1/Interior_FloorPanel6_6.png,Interior_FloorPanel6_6.png,179,127,wall,OccludableObjects,90,1.0,VISIBLE_ALPHA_CENTER,MODULAR_PART_OK,"no, baked perspective warning",Use as an individually transformable Node2D/Sprite2D object; visual-only.,"no, baked perspective warning",True
pvg_obj_central_security_wall_interior_floorpanel6_7_1127,central_security,CS_0758,res://assets/tilesets/cyber_city_core_tilesets/CyberCity_CentralSecurity_Tiles/CyberCity_CentralSecurity_Tiles_1/CyberCity_CentralSecurity_Tiles_1/Interior_FloorPanel6_7.png,Interior_FloorPanel6_7.png,179,127,wall,OccludableObjects,90,1.0,VISIBLE_ALPHA_CENTER,MODULAR_PART_OK,"no, baked perspective warning",Use as an individually transformable Node2D/Sprite2D object; visual-only.,"no, baked perspective warning",True
pvg_obj_central_security_wall_interior_floorpanel6_8_1128,central_security,CS_0759,res://assets/tilesets/cyber_city_core_tilesets/CyberCity_CentralSecurity_Tiles/CyberCity_CentralSecurity_Tiles_1/CyberCity_CentralSecurity_Tiles_1/Interior_FloorPanel6_8.png,Interior_FloorPanel6_8.png,179,127,wall,OccludableObjects,90,1.0,VISIBLE_ALPHA_CENTER,MODULAR_PART_OK,"no, baked perspective warning",Use as an individually transformable Node2D/Sprite2D object; visual-only.,"no, baked perspective warning",True
pvg_obj_central_security_wall_interior_wallpanel10_1_0824,central_security,CS_0760,res://assets/tilesets/cyber_city_core_tilesets/CyberCity_CentralSecurity_Tiles/CyberCity_CentralSecurity_Tiles_1/CyberCity_CentralSecurity_Tiles_1/Interior_WallPanel10_1.png,Interior_WallPanel10_1.png,131,54,wall,OccludableObjects,90,1.0,VISIBLE_ALPHA_CENTER,MODULAR_PART_OK,"no, baked perspective warning",Use as an individually transformable Node2D/Sprite2D object; visual-only.,"no, baked perspective warning",True
pvg_obj_central_security_wall_interior_wallpanel10_3_0839,central_security,CS_0762,res://assets/tilesets/cyber_city_core_tilesets/CyberCity_CentralSecurity_Tiles/CyberCity_CentralSecurity_Tiles_1/CyberCity_CentralSecurity_Tiles_1/Interior_WallPanel10_3.png,Interior_WallPanel10_3.png,134,59,wall,OccludableObjects,90,1.0,VISIBLE_ALPHA_CENTER,MODULAR_PART_OK,"no, baked perspective warning",Use as an individually transformable Node2D/Sprite2D object; visual-only.,"no, baked perspective warning",True
pvg_obj_central_security_wall_interior_wallpanel10_5_0768,central_security,CS_0764,res://assets/tilesets/cyber_city_core_tilesets/CyberCity_CentralSecurity_Tiles/CyberCity_CentralSecurity_Tiles_1/CyberCity_CentralSecurity_Tiles_1/Interior_WallPanel10_5.png,Interior_WallPanel10_5.png,97,110,wall,OccludableObjects,90,1.0,VISIBLE_ALPHA_CENTER,MODULAR_PART_OK,"no, baked perspective warning",Use as an individually transformable Node2D/Sprite2D object; visual-only.,"no, baked perspective warning",True
pvg_obj_central_security_wall_interior_wallpanel10_6_0752,central_security,CS_0765,res://assets/tilesets/cyber_city_core_tilesets/CyberCity_CentralSecurity_Tiles/CyberCity_CentralSecurity_Tiles_1/CyberCity_CentralSecurity_Tiles_1/Interior_WallPanel10_6.png,Interior_WallPanel10_6.png,94,110,wall,OccludableObjects,90,1.0,VISIBLE_ALPHA_CENTER,MODULAR_PART_OK,"no, baked perspective warning",Use as an individually transformable Node2D/Sprite2D object; visual-only.,"no, baked perspective warning",True
pvg_obj_central_security_wall_interior_wallpanel10_7_0797,central_security,CS_0766,res://assets/tilesets/cyber_city_core_tilesets/CyberCity_CentralSecurity_Tiles/CyberCity_CentralSecurity_Tiles_1/CyberCity_CentralSecurity_Tiles_1/Interior_WallPanel10_7.png,Interior_WallPanel10_7.png,101,110,wall,OccludableObjects,90,1.0,VISIBLE_ALPHA_CENTER,MODULAR_PART_OK,"no, baked perspective warning",Use as an individually transformable Node2D/Sprite2D object; visual-only.,"no, baked perspective warning",True
pvg_obj_central_security_wall_interior_wallpanel10_8_0782,central_security,CS_0767,res://assets/tilesets/cyber_city_core_tilesets/CyberCity_CentralSecurity_Tiles/CyberCity_CentralSecurity_Tiles_1/CyberCity_CentralSecurity_Tiles_1/Interior_WallPanel10_8.png,Interior_WallPanel10_8.png,100,110,wall,OccludableObjects,90,1.0,VISIBLE_ALPHA_CENTER,MODULAR_PART_OK,"no, baked perspective warning",Use as an individually transformable Node2D/Sprite2D object; visual-only.,"no, baked perspective warning",True
pvg_obj_central_security_wall_interior_wallpanel11_1_0825,central_security,CS_0768,res://assets/tilesets/cyber_city_core_tilesets/CyberCity_CentralSecurity_Tiles/CyberCity_CentralSecurity_Tiles_1/CyberCity_CentralSecurity_Tiles_1/Interior_WallPanel11_1.png,Interior_WallPanel11_1.png,131,54,wall,OccludableObjects,90,1.0,VISIBLE_ALPHA_CENTER,MODULAR_PART_OK,"no, baked perspective warning",Use as an individually transformable Node2D/Sprite2D object; visual-only.,"no, baked perspective warning",True
pvg_obj_central_security_wall_interior_wallpanel11_3_0840,central_security,CS_0770,res://assets/tilesets/cyber_city_core_tilesets/CyberCity_CentralSecurity_Tiles/CyberCity_CentralSecurity_Tiles_1/CyberCity_CentralSecurity_Tiles_1/Interior_WallPanel11_3.png,Interior_WallPanel11_3.png,134,59,wall,OccludableObjects,90,1.0,VISIBLE_ALPHA_CENTER,MODULAR_PART_OK,"no, baked perspective warning",Use as an individually transformable Node2D/Sprite2D object; visual-only.,"no, baked perspective warning",True
pvg_obj_central_security_wall_interior_wallpanel11_5_0769,central_security,CS_0772,res://assets/tilesets/cyber_city_core_tilesets/CyberCity_CentralSecurity_Tiles/CyberCity_CentralSecurity_Tiles_1/CyberCity_CentralSecurity_Tiles_1/Interior_WallPanel11_5.png,Interior_WallPanel11_5.png,97,110,wall,OccludableObjects,90,1.0,VISIBLE_ALPHA_CENTER,MODULAR_PART_OK,"no, baked perspective warning",Use as an individually transformable Node2D/Sprite2D object; visual-only.,"no, baked perspective warning",True
pvg_obj_central_security_wall_interior_wallpanel11_6_0753,central_security,CS_0773,res://assets/tilesets/cyber_city_core_tilesets/CyberCity_CentralSecurity_Tiles/CyberCity_CentralSecurity_Tiles_1/CyberCity_CentralSecurity_Tiles_1/Interior_WallPanel11_6.png,Interior_WallPanel11_6.png,94,110,wall,OccludableObjects,90,1.0,VISIBLE_ALPHA_CENTER,MODULAR_PART_OK,"no, baked perspective warning",Use as an individually transformable Node2D/Sprite2D object; visual-only.,"no, baked perspective warning",True
pvg_obj_central_security_wall_interior_wallpanel11_7_0798,central_security,CS_0774,res://assets/tilesets/cyber_city_core_tilesets/CyberCity_CentralSecurity_Tiles/CyberCity_CentralSecurity_Tiles_1/CyberCity_CentralSecurity_Tiles_1/Interior_WallPanel11_7.png,Interior_WallPanel11_7.png,101,110,wall,OccludableObjects,90,1.0,VISIBLE_ALPHA_CENTER,MODULAR_PART_OK,"no, baked perspective warning",Use as an individually transformable Node2D/Sprite2D object; visual-only.,"no, baked perspective warning",True
pvg_obj_central_security_wall_interior_wallpanel11_8_0783,central_security,CS_0775,res://assets/tilesets/cyber_city_core_tilesets/CyberCity_CentralSecurity_Tiles/CyberCity_CentralSecurity_Tiles_1/CyberCity_CentralSecurity_Tiles_1/Interior_WallPanel11_8.png,Interior_WallPanel11_8.png,100,110,wall,OccludableObjects,90,1.0,VISIBLE_ALPHA_CENTER,MODULAR_PART_OK,"no, baked perspective warning",Use as an individually transformable Node2D/Sprite2D object; visual-only.,"no, baked perspective warning",True
pvg_obj_central_security_wall_interior_wallpanel12_1_0826,central_security,CS_0776,res://assets/tilesets/cyber_city_core_tilesets/CyberCity_CentralSecurity_Tiles/CyberCity_CentralSecurity_Tiles_1/CyberCity_CentralSecurity_Tiles_1/Interior_WallPanel12_1.png,Interior_WallPanel12_1.png,131,54,wall,OccludableObjects,90,1.0,VISIBLE_ALPHA_CENTER,MODULAR_PART_OK,"no, baked perspective warning",Use as an individually transformable Node2D/Sprite2D object; visual-only.,"no, baked perspective warning",True
pvg_obj_central_security_wall_interior_wallpanel12_3_0841,central_security,CS_0778,res://assets/tilesets/cyber_city_core_tilesets/CyberCity_CentralSecurity_Tiles/CyberCity_CentralSecurity_Tiles_1/CyberCity_CentralSecurity_Tiles_1/Interior_WallPanel12_3.png,Interior_WallPanel12_3.png,134,59,wall,OccludableObjects,90,1.0,VISIBLE_ALPHA_CENTER,MODULAR_PART_OK,"no, baked perspective warning",Use as an individually transformable Node2D/Sprite2D object; visual-only.,"no, baked perspective warning",True
pvg_obj_central_security_wall_interior_wallpanel12_5_0770,central_security,CS_0780,res://assets/tilesets/cyber_city_core_tilesets/CyberCity_CentralSecurity_Tiles/CyberCity_CentralSecurity_Tiles_1/CyberCity_CentralSecurity_Tiles_1/Interior_WallPanel12_5.png,Interior_WallPanel12_5.png,97,110,wall,OccludableObjects,90,1.0,VISIBLE_ALPHA_CENTER,MODULAR_PART_OK,"no, baked perspective warning",Use as an individually transformable Node2D/Sprite2D object; visual-only.,"no, baked perspective warning",True
pvg_obj_central_security_wall_interior_wallpanel12_6_0754,central_security,CS_0781,res://assets/tilesets/cyber_city_core_tilesets/CyberCity_CentralSecurity_Tiles/CyberCity_CentralSecurity_Tiles_1/CyberCity_CentralSecurity_Tiles_1/Interior_WallPanel12_6.png,Interior_WallPanel12_6.png,94,110,wall,OccludableObjects,90,1.0,VISIBLE_ALPHA_CENTER,MODULAR_PART_OK,"no, baked perspective warning",Use as an individually transformable Node2D/Sprite2D object; visual-only.,"no, baked perspective warning",True
pvg_obj_central_security_wall_interior_wallpanel12_7_0799,central_security,CS_0782,res://assets/tilesets/cyber_city_core_tilesets/CyberCity_CentralSecurity_Tiles/CyberCity_CentralSecurity_Tiles_1/CyberCity_CentralSecurity_Tiles_1/Interior_WallPanel12_7.png,Interior_WallPanel12_7.png,101,110,wall,OccludableObjects,90,1.0,VISIBLE_ALPHA_CENTER,MODULAR_PART_OK,"no, baked perspective warning",Use as an individually transformable Node2D/Sprite2D object; visual-only.,"no, baked perspective warning",True
pvg_obj_central_security_wall_interior_wallpanel12_8_0784,central_security,CS_0783,res://assets/tilesets/cyber_city_core_tilesets/CyberCity_CentralSecurity_Tiles/CyberCity_CentralSecurity_Tiles_1/CyberCity_CentralSecurity_Tiles_1/Interior_WallPanel12_8.png,Interior_WallPanel12_8.png,100,110,wall,OccludableObjects,90,1.0,VISIBLE_ALPHA_CENTER,MODULAR_PART_OK,"no, baked perspective warning",Use as an individually transformable Node2D/Sprite2D object; visual-only.,"no, baked perspective warning",True
pvg_obj_central_security_wall_interior_wallpanel13_1_0827,central_security,CS_0784,res://assets/tilesets/cyber_city_core_tilesets/CyberCity_CentralSecurity_Tiles/CyberCity_CentralSecurity_Tiles_1/CyberCity_CentralSecurity_Tiles_1/Interior_WallPanel13_1.png,Interior_WallPanel13_1.png,131,54,wall,OccludableObjects,90,1.0,VISIBLE_ALPHA_CENTER,MODULAR_PART_OK,"no, baked perspective warning",Use as an individually transformable Node2D/Sprite2D object; visual-only.,"no, baked perspective warning",True
pvg_obj_central_security_wall_interior_wallpanel13_3_0842,central_security,CS_0786,res://assets/tilesets/cyber_city_core_tilesets/CyberCity_CentralSecurity_Tiles/CyberCity_CentralSecurity_Tiles_1/CyberCity_CentralSecurity_Tiles_1/Interior_WallPanel13_3.png,Interior_WallPanel13_3.png,134,59,wall,OccludableObjects,90,1.0,VISIBLE_ALPHA_CENTER,MODULAR_PART_OK,"no, baked perspective warning",Use as an individually transformable Node2D/Sprite2D object; visual-only.,"no, baked perspective warning",True
pvg_obj_central_security_wall_interior_wallpanel13_5_0771,central_security,CS_0788,res://assets/tilesets/cyber_city_core_tilesets/CyberCity_CentralSecurity_Tiles/CyberCity_CentralSecurity_Tiles_1/CyberCity_CentralSecurity_Tiles_1/Interior_WallPanel13_5.png,Interior_WallPanel13_5.png,97,110,wall,OccludableObjects,90,1.0,VISIBLE_ALPHA_CENTER,MODULAR_PART_OK,"no, baked perspective warning",Use as an individually transformable Node2D/Sprite2D object; visual-only.,"no, baked perspective warning",True
pvg_obj_central_security_wall_interior_wallpanel13_6_0755,central_security,CS_0789,res://assets/tilesets/cyber_city_core_tilesets/CyberCity_CentralSecurity_Tiles/CyberCity_CentralSecurity_Tiles_1/CyberCity_CentralSecurity_Tiles_1/Interior_WallPanel13_6.png,Interior_WallPanel13_6.png,94,110,wall,OccludableObjects,90,1.0,VISIBLE_ALPHA_CENTER,MODULAR_PART_OK,"no, baked perspective warning",Use as an individually transformable Node2D/Sprite2D object; visual-only.,"no, baked perspective warning",True
pvg_obj_central_security_wall_interior_wallpanel13_7_0800,central_security,CS_0790,res://assets/tilesets/cyber_city_core_tilesets/CyberCity_CentralSecurity_Tiles/CyberCity_CentralSecurity_Tiles_1/CyberCity_CentralSecurity_Tiles_1/Interior_WallPanel13_7.png,Interior_WallPanel13_7.png,101,110,wall,OccludableObjects,90,1.0,VISIBLE_ALPHA_CENTER,MODULAR_PART_OK,"no, baked perspective warning",Use as an individually transformable Node2D/Sprite2D object; visual-only.,"no, baked perspective warning",True
pvg_obj_central_security_wall_interior_wallpanel13_8_0785,central_security,CS_0791,res://assets/tilesets/cyber_city_core_tilesets/CyberCity_CentralSecurity_Tiles/CyberCity_CentralSecurity_Tiles_1/CyberCity_CentralSecurity_Tiles_1/Interior_WallPanel13_8.png,Interior_WallPanel13_8.png,100,110,wall,OccludableObjects,90,1.0,VISIBLE_ALPHA_CENTER,MODULAR_PART_OK,"no, baked perspective warning",Use as an individually transformable Node2D/Sprite2D object; visual-only.,"no, baked perspective warning",True
pvg_obj_central_security_wall_interior_wallpanel14_1_0828,central_security,CS_0792,res://assets/tilesets/cyber_city_core_tilesets/CyberCity_CentralSecurity_Tiles/CyberCity_CentralSecurity_Tiles_1/CyberCity_CentralSecurity_Tiles_1/Interior_WallPanel14_1.png,Interior_WallPanel14_1.png,131,54,wall,OccludableObjects,90,1.0,VISIBLE_ALPHA_CENTER,MODULAR_PART_OK,"no, baked perspective warning",Use as an individually transformable Node2D/Sprite2D object; visual-only.,"no, baked perspective warning",True
pvg_obj_central_security_wall_interior_wallpanel14_3_0843,central_security,CS_0794,res://assets/tilesets/cyber_city_core_tilesets/CyberCity_CentralSecurity_Tiles/CyberCity_CentralSecurity_Tiles_1/CyberCity_CentralSecurity_Tiles_1/Interior_WallPanel14_3.png,Interior_WallPanel14_3.png,134,59,wall,OccludableObjects,90,1.0,VISIBLE_ALPHA_CENTER,MODULAR_PART_OK,"no, baked perspective warning",Use as an individually transformable Node2D/Sprite2D object; visual-only.,"no, baked perspective warning",True
pvg_obj_central_security_wall_interior_wallpanel14_5_0772,central_security,CS_0796,res://assets/tilesets/cyber_city_core_tilesets/CyberCity_CentralSecurity_Tiles/CyberCity_CentralSecurity_Tiles_1/CyberCity_CentralSecurity_Tiles_1/Interior_WallPanel14_5.png,Interior_WallPanel14_5.png,97,110,wall,OccludableObjects,90,1.0,VISIBLE_ALPHA_CENTER,MODULAR_PART_OK,"no, baked perspective warning",Use as an individually transformable Node2D/Sprite2D object; visual-only.,"no, baked perspective warning",True
pvg_obj_central_security_wall_interior_wallpanel14_6_0756,central_security,CS_0797,res://assets/tilesets/cyber_city_core_tilesets/CyberCity_CentralSecurity_Tiles/CyberCity_CentralSecurity_Tiles_1/CyberCity_CentralSecurity_Tiles_1/Interior_WallPanel14_6.png,Interior_WallPanel14_6.png,94,110,wall,OccludableObjects,90,1.0,VISIBLE_ALPHA_CENTER,MODULAR_PART_OK,"no, baked perspective warning",Use as an individually transformable Node2D/Sprite2D object; visual-only.,"no, baked perspective warning",True
pvg_obj_central_security_wall_interior_wallpanel14_7_0801,central_security,CS_0798,res://assets/tilesets/cyber_city_core_tilesets/CyberCity_CentralSecurity_Tiles/CyberCity_CentralSecurity_Tiles_1/CyberCity_CentralSecurity_Tiles_1/Interior_WallPanel14_7.png,Interior_WallPanel14_7.png,101,110,wall,OccludableObjects,90,1.0,VISIBLE_ALPHA_CENTER,MODULAR_PART_OK,"no, baked perspective warning",Use as an individually transformable Node2D/Sprite2D object; visual-only.,"no, baked perspective warning",True
pvg_obj_central_security_wall_interior_wallpanel14_8_0786,central_security,CS_0799,res://assets/tilesets/cyber_city_core_tilesets/CyberCity_CentralSecurity_Tiles/CyberCity_CentralSecurity_Tiles_1/CyberCity_CentralSecurity_Tiles_1/Interior_WallPanel14_8.png,Interior_WallPanel14_8.png,100,110,wall,OccludableObjects,90,1.0,VISIBLE_ALPHA_CENTER,MODULAR_PART_OK,"no, baked perspective warning",Use as an individually transformable Node2D/Sprite2D object; visual-only.,"no, baked perspective warning",True
pvg_obj_central_security_wall_interior_wallpanel15_1_0829,central_security,CS_0800,res://assets/tilesets/cyber_city_core_tilesets/CyberCity_CentralSecurity_Tiles/CyberCity_CentralSecurity_Tiles_1/CyberCity_CentralSecurity_Tiles_1/Interior_WallPanel15_1.png,Interior_WallPanel15_1.png,131,54,wall,OccludableObjects,90,1.0,VISIBLE_ALPHA_CENTER,MODULAR_PART_OK,"no, baked perspective warning",Use as an individually transformable Node2D/Sprite2D object; visual-only.,"no, baked perspective warning",True
pvg_obj_central_security_wall_interior_wallpanel15_3_0844,central_security,CS_0802,res://assets/tilesets/cyber_city_core_tilesets/CyberCity_CentralSecurity_Tiles/CyberCity_CentralSecurity_Tiles_1/CyberCity_CentralSecurity_Tiles_1/Interior_WallPanel15_3.png,Interior_WallPanel15_3.png,134,59,wall,OccludableObjects,90,1.0,VISIBLE_ALPHA_CENTER,MODULAR_PART_OK,"no, baked perspective warning",Use as an individually transformable Node2D/Sprite2D object; visual-only.,"no, baked perspective warning",True
pvg_obj_central_security_wall_interior_wallpanel15_5_0767,central_security,CS_0804,res://assets/tilesets/cyber_city_core_tilesets/CyberCity_CentralSecurity_Tiles/CyberCity_CentralSecurity_Tiles_1/CyberCity_CentralSecurity_Tiles_1/Interior_WallPanel15_5.png,Interior_WallPanel15_5.png,96,110,wall,OccludableObjects,90,1.0,VISIBLE_ALPHA_CENTER,MODULAR_PART_OK,"no, baked perspective warning",Use as an individually transformable Node2D/Sprite2D object; visual-only.,"no, baked perspective warning",True
pvg_obj_central_security_wall_interior_wallpanel15_6_0757,central_security,CS_0805,res://assets/tilesets/cyber_city_core_tilesets/CyberCity_CentralSecurity_Tiles/CyberCity_CentralSecurity_Tiles_1/CyberCity_CentralSecurity_Tiles_1/Interior_WallPanel15_6.png,Interior_WallPanel15_6.png,94,110,wall,OccludableObjects,90,1.0,VISIBLE_ALPHA_CENTER,MODULAR_PART_OK,"no, baked perspective warning",Use as an individually transformable Node2D/Sprite2D object; visual-only.,"no, baked perspective warning",True
pvg_obj_central_security_wall_interior_wallpanel15_7_0751,central_security,CS_0806,res://assets/tilesets/cyber_city_core_tilesets/CyberCity_CentralSecurity_Tiles/CyberCity_CentralSecurity_Tiles_1/CyberCity_CentralSecurity_Tiles_1/Interior_WallPanel15_7.png,Interior_WallPanel15_7.png,101,109,wall,OccludableObjects,90,1.0,VISIBLE_ALPHA_CENTER,MODULAR_PART_OK,"no, baked perspective warning",Use as an individually transformable Node2D/Sprite2D object; visual-only.,"no, baked perspective warning",True
pvg_obj_central_security_wall_interior_wallpanel15_8_0787,central_security,CS_0807,res://assets/tilesets/cyber_city_core_tilesets/CyberCity_CentralSecurity_Tiles/CyberCity_CentralSecurity_Tiles_1/CyberCity_CentralSecurity_Tiles_1/Interior_WallPanel15_8.png,Interior_WallPanel15_8.png,100,110,wall,OccludableObjects,90,1.0,VISIBLE_ALPHA_CENTER,MODULAR_PART_OK,"no, baked perspective warning",Use as an individually transformable Node2D/Sprite2D object; visual-only.,"no, baked perspective warning",True
pvg_obj_central_security_wall_interior_wallpanel16_1_0830,central_security,CS_0808,res://assets/tilesets/cyber_city_core_tilesets/CyberCity_CentralSecurity_Tiles/CyberCity_CentralSecurity_Tiles_1/CyberCity_CentralSecurity_Tiles_1/Interior_WallPanel16_1.png,Interior_WallPanel16_1.png,131,54,wall,OccludableObjects,90,1.0,VISIBLE_ALPHA_CENTER,MODULAR_PART_OK,"no, baked perspective warning",Use as an individually transformable Node2D/Sprite2D object; visual-only.,"no, baked perspective warning",True
pvg_obj_central_security_wall_interior_wallpanel16_3_0845,central_security,CS_0810,res://assets/tilesets/cyber_city_core_tilesets/CyberCity_CentralSecurity_Tiles/CyberCity_CentralSecurity_Tiles_1/CyberCity_CentralSecurity_Tiles_1/Interior_WallPanel16_3.png,Interior_WallPanel16_3.png,134,59,wall,OccludableObjects,90,1.0,VISIBLE_ALPHA_CENTER,MODULAR_PART_OK,"no, baked perspective warning",Use as an individually transformable Node2D/Sprite2D object; visual-only.,"no, baked perspective warning",True
pvg_obj_central_security_wall_interior_wallpanel16_5_0773,central_security,CS_0812,res://assets/tilesets/cyber_city_core_tilesets/CyberCity_CentralSecurity_Tiles/CyberCity_CentralSecurity_Tiles_1/CyberCity_CentralSecurity_Tiles_1/Interior_WallPanel16_5.png,Interior_WallPanel16_5.png,97,110,wall,OccludableObjects,90,1.0,VISIBLE_ALPHA_CENTER,MODULAR_PART_OK,"no, baked perspective warning",Use as an individually transformable Node2D/Sprite2D object; visual-only.,"no, baked perspective warning",True
pvg_obj_central_security_wall_interior_wallpanel16_6_0758,central_security,CS_0813,res://assets/tilesets/cyber_city_core_tilesets/CyberCity_CentralSecurity_Tiles/CyberCity_CentralSecurity_Tiles_1/CyberCity_CentralSecurity_Tiles_1/Interior_WallPanel16_6.png,Interior_WallPanel16_6.png,94,110,wall,OccludableObjects,90,1.0,VISIBLE_ALPHA_CENTER,MODULAR_PART_OK,"no, baked perspective warning",Use as an individually transformable Node2D/Sprite2D object; visual-only.,"no, baked perspective warning",True
pvg_obj_central_security_wall_interior_wallpanel16_7_0802,central_security,CS_0814,res://assets/tilesets/cyber_city_core_tilesets/CyberCity_CentralSecurity_Tiles/CyberCity_CentralSecurity_Tiles_1/CyberCity_CentralSecurity_Tiles_1/Interior_WallPanel16_7.png,Interior_WallPanel16_7.png,101,110,wall,OccludableObjects,90,1.0,VISIBLE_ALPHA_CENTER,MODULAR_PART_OK,"no, baked perspective warning",Use as an individually transformable Node2D/Sprite2D object; visual-only.,"no, baked perspective warning",True
pvg_obj_central_security_wall_interior_wallpanel16_8_0788,central_security,CS_0815,res://assets/tilesets/cyber_city_core_tilesets/CyberCity_CentralSecurity_Tiles/CyberCity_CentralSecurity_Tiles_1/CyberCity_CentralSecurity_Tiles_1/Interior_WallPanel16_8.png,Interior_WallPanel16_8.png,100,110,wall,OccludableObjects,90,1.0,VISIBLE_ALPHA_CENTER,MODULAR_PART_OK,"no, baked perspective warning",Use as an individually transformable Node2D/Sprite2D object; visual-only.,"no, baked perspective warning",True
pvg_obj_central_security_wall_interior_wallpanel17_1_0859,central_security,CS_0816,res://assets/tilesets/cyber_city_core_tilesets/CyberCity_CentralSecurity_Tiles/CyberCity_CentralSecurity_Tiles_1/CyberCity_CentralSecurity_Tiles_1/Interior_WallPanel17_1.png,Interior_WallPanel17_1.png,136,100,wall,OccludableObjects,90,1.0,VISIBLE_ALPHA_CENTER,MODULAR_PART_OK,"no, baked perspective warning",Use as an individually transformable Node2D/Sprite2D object; visual-only.,"no, baked perspective warning",True
pvg_obj_central_security_wall_interior_wallpanel17_3_0856,central_security,CS_0818,res://assets/tilesets/cyber_city_core_tilesets/CyberCity_CentralSecurity_Tiles/CyberCity_CentralSecurity_Tiles_1/CyberCity_CentralSecurity_Tiles_1/Interior_WallPanel17_3.png,Interior_WallPanel17_3.png,134,103,wall,OccludableObjects,90,1.0,VISIBLE_ALPHA_CENTER,MODULAR_PART_OK,"no, baked perspective warning",Use as an individually transformable Node2D/Sprite2D object; visual-only.,"no, baked perspective warning",True
pvg_obj_central_security_wall_interior_wallpanel17_5_0878,central_security,CS_0820,res://assets/tilesets/cyber_city_core_tilesets/CyberCity_CentralSecurity_Tiles/CyberCity_CentralSecurity_Tiles_1/CyberCity_CentralSecurity_Tiles_1/Interior_WallPanel17_5.png,Interior_WallPanel17_5.png,99,154,wall,OccludableObjects,90,1.0,VISIBLE_ALPHA_CENTER,MODULAR_PART_OK,"no, baked perspective warning",Use as an individually transformable Node2D/Sprite2D object; visual-only.,"no, baked perspective warning",True
pvg_obj_central_security_wall_interior_wallpanel17_6_0879,central_security,CS_0821,res://assets/tilesets/cyber_city_core_tilesets/CyberCity_CentralSecurity_Tiles/CyberCity_CentralSecurity_Tiles_1/CyberCity_CentralSecurity_Tiles_1/Interior_WallPanel17_6.png,Interior_WallPanel17_6.png,100,154,wall,OccludableObjects,90,1.0,VISIBLE_ALPHA_CENTER,MODULAR_PART_OK,"no, baked perspective warning",Use as an individually transformable Node2D/Sprite2D object; visual-only.,"no, baked perspective warning",True
pvg_obj_central_security_wall_interior_wallpanel17_7_0880,central_security,CS_0822,res://assets/tilesets/cyber_city_core_tilesets/CyberCity_CentralSecurity_Tiles/CyberCity_CentralSecurity_Tiles_1/CyberCity_CentralSecurity_Tiles_1/Interior_WallPanel17_7.png,Interior_WallPanel17_7.png,101,154,wall,OccludableObjects,90,1.0,VISIBLE_ALPHA_CENTER,MODULAR_PART_OK,"no, baked perspective warning",Use as an individually transformable Node2D/Sprite2D object; visual-only.,"no, baked perspective warning",True
pvg_obj_central_security_wall_interior_wallpanel17_8_0881,central_security,CS_0823,res://assets/tilesets/cyber_city_core_tilesets/CyberCity_CentralSecurity_Tiles/CyberCity_CentralSecurity_Tiles_1/CyberCity_CentralSecurity_Tiles_1/Interior_WallPanel17_8.png,Interior_WallPanel17_8.png,101,155,wall,OccludableObjects,90,1.0,VISIBLE_ALPHA_CENTER,MODULAR_PART_OK,"no, baked perspective warning",Use as an individually transformable Node2D/Sprite2D object; visual-only.,"no, baked perspective warning",True
pvg_obj_central_security_wall_interior_wallpanel18_1_0872,central_security,CS_0824,res://assets/tilesets/cyber_city_core_tilesets/CyberCity_CentralSecurity_Tiles/CyberCity_CentralSecurity_Tiles_1/CyberCity_CentralSecurity_Tiles_1/Interior_WallPanel18_1.png,Interior_WallPanel18_1.png,136,144,wall,OccludableObjects,90,1.0,VISIBLE_ALPHA_CENTER,MODULAR_PART_OK,"no, baked perspective warning",Use as an individually transformable Node2D/Sprite2D object; visual-only.,"no, baked perspective warning",True
pvg_obj_central_security_wall_interior_wallpanel18_3_0874,central_security,CS_0826,res://assets/tilesets/cyber_city_core_tilesets/CyberCity_CentralSecurity_Tiles/CyberCity_CentralSecurity_Tiles_1/CyberCity_CentralSecurity_Tiles_1/Interior_WallPanel18_3.png,Interior_WallPanel18_3.png,135,145,wall,OccludableObjects,90,1.0,VISIBLE_ALPHA_CENTER,MODULAR_PART_OK,"no, baked perspective warning",Use as an individually transformable Node2D/Sprite2D object; visual-only.,"no, baked perspective warning",True
pvg_obj_central_security_wall_interior_wallpanel18_5_0919,central_security,CS_0828,res://assets/tilesets/cyber_city_core_tilesets/CyberCity_CentralSecurity_Tiles/CyberCity_CentralSecurity_Tiles_1/CyberCity_CentralSecurity_Tiles_1/Interior_WallPanel18_5.png,Interior_WallPanel18_5.png,100,201,wall,OccludableObjects,90,1.0,VISIBLE_ALPHA_CENTER,MODULAR_PART_OK,"no, baked perspective warning",Use as an individually transformable Node2D/Sprite2D object; visual-only.,"no, baked perspective warning",True
pvg_obj_central_security_wall_interior_wallpanel18_6_0913,central_security,CS_0829,res://assets/tilesets/cyber_city_core_tilesets/CyberCity_CentralSecurity_Tiles/CyberCity_CentralSecurity_Tiles_1/CyberCity_CentralSecurity_Tiles_1/Interior_WallPanel18_6.png,Interior_WallPanel18_6.png,100,198,wall,OccludableObjects,90,1.0,VISIBLE_ALPHA_CENTER,MODULAR_PART_OK,"no, baked perspective warning",Use as an individually transformable Node2D/Sprite2D object; visual-only.,"no, baked perspective warning",True
pvg_obj_central_security_wall_interior_wallpanel18_7_0915,central_security,CS_0830,res://assets/tilesets/cyber_city_core_tilesets/CyberCity_CentralSecurity_Tiles/CyberCity_CentralSecurity_Tiles_1/CyberCity_CentralSecurity_Tiles_1/Interior_WallPanel18_7.png,Interior_WallPanel18_7.png,101,198,wall,OccludableObjects,90,1.0,VISIBLE_ALPHA_CENTER,MODULAR_PART_OK,"no, baked perspective warning",Use as an individually transformable Node2D/Sprite2D object; visual-only.,"no, baked perspective warning",True
pvg_obj_central_security_wall_interior_wallpanel18_8_0916,central_security,CS_0831,res://assets/tilesets/cyber_city_core_tilesets/CyberCity_CentralSecurity_Tiles/CyberCity_CentralSecurity_Tiles_1/CyberCity_CentralSecurity_Tiles_1/Interior_WallPanel18_8.png,Interior_WallPanel18_8.png,101,198,wall,OccludableObjects,90,1.0,VISIBLE_ALPHA_CENTER,MODULAR_PART_OK,"no, baked perspective warning",Use as an individually transformable Node2D/Sprite2D object; visual-only.,"no, baked perspective warning",True
pvg_obj_central_security_wall_interior_wallpanel19_1_0873,central_security,CS_0832,res://assets/tilesets/cyber_city_core_tilesets/CyberCity_CentralSecurity_Tiles/CyberCity_CentralSecurity_Tiles_1/CyberCity_CentralSecurity_Tiles_1/Interior_WallPanel19_1.png,Interior_WallPanel19_1.png,136,144,wall,OccludableObjects,90,1.0,VISIBLE_ALPHA_CENTER,MODULAR_PART_OK,"no, baked perspective warning",Use as an individually transformable Node2D/Sprite2D object; visual-only.,"no, baked perspective warning",True
pvg_obj_central_security_wall_interior_wallpanel19_3_0875,central_security,CS_0834,res://assets/tilesets/cyber_city_core_tilesets/CyberCity_CentralSecurity_Tiles/CyberCity_CentralSecurity_Tiles_1/CyberCity_CentralSecurity_Tiles_1/Interior_WallPanel19_3.png,Interior_WallPanel19_3.png,135,145,wall,OccludableObjects,90,1.0,VISIBLE_ALPHA_CENTER,MODULAR_PART_OK,"no, baked perspective warning",Use as an individually transformable Node2D/Sprite2D object; visual-only.,"no, baked perspective warning",True
pvg_obj_central_security_wall_interior_wallpanel19_5_0920,central_security,CS_0836,res://assets/tilesets/cyber_city_core_tilesets/CyberCity_CentralSecurity_Tiles/CyberCity_CentralSecurity_Tiles_1/CyberCity_CentralSecurity_Tiles_1/Interior_WallPanel19_5.png,Interior_WallPanel19_5.png,100,201,wall,OccludableObjects,90,1.0,VISIBLE_ALPHA_CENTER,MODULAR_PART_OK,"no, baked perspective warning",Use as an individually transformable Node2D/Sprite2D object; visual-only.,"no, baked perspective warning",True
pvg_obj_central_security_wall_interior_wallpanel19_6_0914,central_security,CS_0837,res://assets/tilesets/cyber_city_core_tilesets/CyberCity_CentralSecurity_Tiles/CyberCity_CentralSecurity_Tiles_1/CyberCity_CentralSecurity_Tiles_1/Interior_WallPanel19_6.png,Interior_WallPanel19_6.png,100,198,wall,OccludableObjects,90,1.0,VISIBLE_ALPHA_CENTER,MODULAR_PART_OK,"no, baked perspective warning",Use as an individually transformable Node2D/Sprite2D object; visual-only.,"no, baked perspective warning",True
pvg_obj_central_security_wall_interior_wallpanel19_7_0917,central_security,CS_0838,res://assets/tilesets/cyber_city_core_tilesets/CyberCity_CentralSecurity_Tiles/CyberCity_CentralSecurity_Tiles_1/CyberCity_CentralSecurity_Tiles_1/Interior_WallPanel19_7.png,Interior_WallPanel19_7.png,101,198,wall,OccludableObjects,90,1.0,VISIBLE_ALPHA_CENTER,MODULAR_PART_OK,"no, baked perspective warning",Use as an individually transformable Node2D/Sprite2D object; visual-only.,"no, baked perspective warning",True
pvg_obj_central_security_wall_interior_wallpanel19_8_0918,central_security,CS_0839,res://assets/tilesets/cyber_city_core_tilesets/CyberCity_CentralSecurity_Tiles/CyberCity_CentralSecurity_Tiles_1/CyberCity_CentralSecurity_Tiles_1/Interior_WallPanel19_8.png,Interior_WallPanel19_8.png,101,198,wall,OccludableObjects,90,1.0,VISIBLE_ALPHA_CENTER,MODULAR_PART_OK,"no, baked perspective warning",Use as an individually transformable Node2D/Sprite2D object; visual-only.,"no, baked perspective warning",True
pvg_obj_central_security_wall_interior_wallpanel5_1_0831,central_security,CS_0872,res://assets/tilesets/cyber_city_core_tilesets/CyberCity_CentralSecurity_Tiles/CyberCity_CentralSecurity_Tiles_1/CyberCity_CentralSecurity_Tiles_1/Interior_WallPanel5_1.png,Interior_WallPanel5_1.png,131,54,wall,OccludableObjects,90,1.0,VISIBLE_ALPHA_CENTER,MODULAR_PART_OK,"no, baked perspective warning",Use as an individually transformable Node2D/Sprite2D object; visual-only.,"no, baked perspective warning",True
pvg_obj_central_security_wall_interior_wallpanel5_3_0846,central_security,CS_0874,res://assets/tilesets/cyber_city_core_tilesets/CyberCity_CentralSecurity_Tiles/CyberCity_CentralSecurity_Tiles_1/CyberCity_CentralSecurity_Tiles_1/Interior_WallPanel5_3.png,Interior_WallPanel5_3.png,134,59,wall,OccludableObjects,90,1.0,VISIBLE_ALPHA_CENTER,MODULAR_PART_OK,"no, baked perspective warning",Use as an individually transformable Node2D/Sprite2D object; visual-only.,"no, baked perspective warning",True
pvg_obj_central_security_wall_interior_wallpanel5_5_0774,central_security,CS_0876,res://assets/tilesets/cyber_city_core_tilesets/CyberCity_CentralSecurity_Tiles/CyberCity_CentralSecurity_Tiles_1/CyberCity_CentralSecurity_Tiles_1/Interior_WallPanel5_5.png,Interior_WallPanel5_5.png,97,110,wall,OccludableObjects,90,1.0,VISIBLE_ALPHA_CENTER,MODULAR_PART_OK,"no, baked perspective warning",Use as an individually transformable Node2D/Sprite2D object; visual-only.,"no, baked perspective warning",True
pvg_obj_central_security_wall_interior_wallpanel5_6_0759,central_security,CS_0877,res://assets/tilesets/cyber_city_core_tilesets/CyberCity_CentralSecurity_Tiles/CyberCity_CentralSecurity_Tiles_1/CyberCity_CentralSecurity_Tiles_1/Interior_WallPanel5_6.png,Interior_WallPanel5_6.png,94,110,wall,OccludableObjects,90,1.0,VISIBLE_ALPHA_CENTER,MODULAR_PART_OK,"no, baked perspective warning",Use as an individually transformable Node2D/Sprite2D object; visual-only.,"no, baked perspective warning",True
pvg_obj_central_security_wall_interior_wallpanel5_7_0803,central_security,CS_0878,res://assets/tilesets/cyber_city_core_tilesets/CyberCity_CentralSecurity_Tiles/CyberCity_CentralSecurity_Tiles_1/CyberCity_CentralSecurity_Tiles_1/Interior_WallPanel5_7.png,Interior_WallPanel5_7.png,101,110,wall,OccludableObjects,90,1.0,VISIBLE_ALPHA_CENTER,MODULAR_PART_OK,"no, baked perspective warning",Use as an individually transformable Node2D/Sprite2D object; visual-only.,"no, baked perspective warning",True
pvg_obj_central_security_wall_interior_wallpanel5_8_0789,central_security,CS_0879,res://assets/tilesets/cyber_city_core_tilesets/CyberCity_CentralSecurity_Tiles/CyberCity_CentralSecurity_Tiles_1/CyberCity_CentralSecurity_Tiles_1/Interior_WallPanel5_8.png,Interior_WallPanel5_8.png,100,110,wall,OccludableObjects,90,1.0,VISIBLE_ALPHA_CENTER,MODULAR_PART_OK,"no, baked perspective warning",Use as an individually transformable Node2D/Sprite2D object; visual-only.,"no, baked perspective warning",True
pvg_obj_central_security_wall_interior_wallpanel6_1_0832,central_security,CS_0880,res://assets/tilesets/cyber_city_core_tilesets/CyberCity_CentralSecurity_Tiles/CyberCity_CentralSecurity_Tiles_1/CyberCity_CentralSecurity_Tiles_1/Interior_WallPanel6_1.png,Interior_WallPanel6_1.png,131,54,wall,OccludableObjects,90,1.0,VISIBLE_ALPHA_CENTER,MODULAR_PART_OK,"no, baked perspective warning",Use as an individually transformable Node2D/Sprite2D object; visual-only.,"no, baked perspective warning",True
pvg_obj_central_security_wall_interior_wallpanel6_3_0847,central_security,CS_0882,res://assets/tilesets/cyber_city_core_tilesets/CyberCity_CentralSecurity_Tiles/CyberCity_CentralSecurity_Tiles_1/CyberCity_CentralSecurity_Tiles_1/Interior_WallPanel6_3.png,Interior_WallPanel6_3.png,134,59,wall,OccludableObjects,90,1.0,VISIBLE_ALPHA_CENTER,MODULAR_PART_OK,"no, baked perspective warning",Use as an individually transformable Node2D/Sprite2D object; visual-only.,"no, baked perspective warning",True
pvg_obj_central_security_wall_interior_wallpanel6_5_0775,central_security,CS_0884,res://assets/tilesets/cyber_city_core_tilesets/CyberCity_CentralSecurity_Tiles/CyberCity_CentralSecurity_Tiles_1/CyberCity_CentralSecurity_Tiles_1/Interior_WallPanel6_5.png,Interior_WallPanel6_5.png,97,110,wall,OccludableObjects,90,1.0,VISIBLE_ALPHA_CENTER,MODULAR_PART_OK,"no, baked perspective warning",Use as an individually transformable Node2D/Sprite2D object; visual-only.,"no, baked perspective warning",True
pvg_obj_central_security_wall_interior_wallpanel6_6_0760,central_security,CS_0885,res://assets/tilesets/cyber_city_core_tilesets/CyberCity_CentralSecurity_Tiles/CyberCity_CentralSecurity_Tiles_1/CyberCity_CentralSecurity_Tiles_1/Interior_WallPanel6_6.png,Interior_WallPanel6_6.png,94,110,wall,OccludableObjects,90,1.0,VISIBLE_ALPHA_CENTER,MODULAR_PART_OK,"no, baked perspective warning",Use as an individually transformable Node2D/Sprite2D object; visual-only.,"no, baked perspective warning",True
pvg_obj_central_security_wall_interior_wallpanel6_7_0804,central_security,CS_0886,res://assets/tilesets/cyber_city_core_tilesets/CyberCity_CentralSecurity_Tiles/CyberCity_CentralSecurity_Tiles_1/CyberCity_CentralSecurity_Tiles_1/Interior_WallPanel6_7.png,Interior_WallPanel6_7.png,101,110,wall,OccludableObjects,90,1.0,VISIBLE_ALPHA_CENTER,MODULAR_PART_OK,"no, baked perspective warning",Use as an individually transformable Node2D/Sprite2D object; visual-only.,"no, baked perspective warning",True
pvg_obj_central_security_wall_interior_wallpanel6_8_0790,central_security,CS_0887,res://assets/tilesets/cyber_city_core_tilesets/CyberCity_CentralSecurity_Tiles/CyberCity_CentralSecurity_Tiles_1/CyberCity_CentralSecurity_Tiles_1/Interior_WallPanel6_8.png,Interior_WallPanel6_8.png,100,110,wall,OccludableObjects,90,1.0,VISIBLE_ALPHA_CENTER,MODULAR_PART_OK,"no, baked perspective warning",Use as an individually transformable Node2D/Sprite2D object; visual-only.,"no, baked perspective warning",True
pvg_obj_central_security_wall_interior_wallpanel7_1_0833,central_security,CS_0888,res://assets/tilesets/cyber_city_core_tilesets/CyberCity_CentralSecurity_Tiles/CyberCity_CentralSecurity_Tiles_1/CyberCity_CentralSecurity_Tiles_1/Interior_WallPanel7_1.png,Interior_WallPanel7_1.png,131,54,wall,OccludableObjects,90,1.0,VISIBLE_ALPHA_CENTER,MODULAR_PART_OK,"no, baked perspective warning",Use as an individually transformable Node2D/Sprite2D object; visual-only.,"no, baked perspective warning",True
pvg_obj_central_security_wall_interior_wallpanel7_3_0848,central_security,CS_0890,res://assets/tilesets/cyber_city_core_tilesets/CyberCity_CentralSecurity_Tiles/CyberCity_CentralSecurity_Tiles_1/CyberCity_CentralSecurity_Tiles_1/Interior_WallPanel7_3.png,Interior_WallPanel7_3.png,134,59,wall,OccludableObjects,90,1.0,VISIBLE_ALPHA_CENTER,MODULAR_PART_OK,"no, baked perspective warning",Use as an individually transformable Node2D/Sprite2D object; visual-only.,"no, baked perspective warning",True
pvg_obj_central_security_wall_interior_wallpanel7_5_0776,central_security,CS_0892,res://assets/tilesets/cyber_city_core_tilesets/CyberCity_CentralSecurity_Tiles/CyberCity_CentralSecurity_Tiles_1/CyberCity_CentralSecurity_Tiles_1/Interior_WallPanel7_5.png,Interior_WallPanel7_5.png,97,110,wall,OccludableObjects,90,1.0,VISIBLE_ALPHA_CENTER,MODULAR_PART_OK,"no, baked perspective warning",Use as an individually transformable Node2D/Sprite2D object; visual-only.,"no, baked perspective warning",True
pvg_obj_central_security_wall_interior_wallpanel7_6_0761,central_security,CS_0893,res://assets/tilesets/cyber_city_core_tilesets/CyberCity_CentralSecurity_Tiles/CyberCity_CentralSecurity_Tiles_1/CyberCity_CentralSecurity_Tiles_1/Interior_WallPanel7_6.png,Interior_WallPanel7_6.png,94,110,wall,OccludableObjects,90,1.0,VISIBLE_ALPHA_CENTER,MODULAR_PART_OK,"no, baked perspective warning",Use as an individually transformable Node2D/Sprite2D object; visual-only.,"no, baked perspective warning",True
pvg_obj_central_security_wall_interior_wallpanel7_7_0805,central_security,CS_0894,res://assets/tilesets/cyber_city_core_tilesets/CyberCity_CentralSecurity_Tiles/CyberCity_CentralSecurity_Tiles_1/CyberCity_CentralSecurity_Tiles_1/Interior_WallPanel7_7.png,Interior_WallPanel7_7.png,101,110,wall,OccludableObjects,90,1.0,VISIBLE_ALPHA_CENTER,MODULAR_PART_OK,"no, baked perspective warning",Use as an individually transformable Node2D/Sprite2D object; visual-only.,"no, baked perspective warning",True
pvg_obj_central_security_wall_interior_wallpanel7_8_0791,central_security,CS_0895,res://assets/tilesets/cyber_city_core_tilesets/CyberCity_CentralSecurity_Tiles/CyberCity_CentralSecurity_Tiles_1/CyberCity_CentralSecurity_Tiles_1/Interior_WallPanel7_8.png,Interior_WallPanel7_8.png,100,110,wall,OccludableObjects,90,1.0,VISIBLE_ALPHA_CENTER,MODULAR_PART_OK,"no, baked perspective warning",Use as an individually transformable Node2D/Sprite2D object; visual-only.,"no, baked perspective warning",True
pvg_obj_central_security_wall_interior_wallpanel8_1_0834,central_security,CS_0896,res://assets/tilesets/cyber_city_core_tilesets/CyberCity_CentralSecurity_Tiles/CyberCity_CentralSecurity_Tiles_1/CyberCity_CentralSecurity_Tiles_1/Interior_WallPanel8_1.png,Interior_WallPanel8_1.png,131,54,wall,OccludableObjects,90,1.0,VISIBLE_ALPHA_CENTER,MODULAR_PART_OK,"no, baked perspective warning",Use as an individually transformable Node2D/Sprite2D object; visual-only.,"no, baked perspective warning",True
pvg_obj_central_security_wall_interior_wallpanel8_3_0849,central_security,CS_0898,res://assets/tilesets/cyber_city_core_tilesets/CyberCity_CentralSecurity_Tiles/CyberCity_CentralSecurity_Tiles_1/CyberCity_CentralSecurity_Tiles_1/Interior_WallPanel8_3.png,Interior_WallPanel8_3.png,134,59,wall,OccludableObjects,90,1.0,VISIBLE_ALPHA_CENTER,MODULAR_PART_OK,"no, baked perspective warning",Use as an individually transformable Node2D/Sprite2D object; visual-only.,"no, baked perspective warning",True
pvg_obj_central_security_wall_interior_wallpanel8_5_0777,central_security,CS_0900,res://assets/tilesets/cyber_city_core_tilesets/CyberCity_CentralSecurity_Tiles/CyberCity_CentralSecurity_Tiles_1/CyberCity_CentralSecurity_Tiles_1/Interior_WallPanel8_5.png,Interior_WallPanel8_5.png,97,110,wall,OccludableObjects,90,1.0,VISIBLE_ALPHA_CENTER,MODULAR_PART_OK,"no, baked perspective warning",Use as an individually transformable Node2D/Sprite2D object; visual-only.,"no, baked perspective warning",True
pvg_obj_central_security_wall_interior_wallpanel8_6_0762,central_security,CS_0901,res://assets/tilesets/cyber_city_core_tilesets/CyberCity_CentralSecurity_Tiles/CyberCity_CentralSecurity_Tiles_1/CyberCity_CentralSecurity_Tiles_1/Interior_WallPanel8_6.png,Interior_WallPanel8_6.png,94,110,wall,OccludableObjects,90,1.0,VISIBLE_ALPHA_CENTER,MODULAR_PART_OK,"no, baked perspective warning",Use as an individually transformable Node2D/Sprite2D object; visual-only.,"no, baked perspective warning",True
pvg_obj_central_security_wall_interior_wallpanel8_7_0806,central_security,CS_0902,res://assets/tilesets/cyber_city_core_tilesets/CyberCity_CentralSecurity_Tiles/CyberCity_CentralSecurity_Tiles_1/CyberCity_CentralSecurity_Tiles_1/Interior_WallPanel8_7.png,Interior_WallPanel8_7.png,101,110,wall,OccludableObjects,90,1.0,VISIBLE_ALPHA_CENTER,MODULAR_PART_OK,"no, baked perspective warning",Use as an individually transformable Node2D/Sprite2D object; visual-only.,"no, baked perspective warning",True
pvg_obj_central_security_wall_interior_wallpanel8_8_0792,central_security,CS_0903,res://assets/tilesets/cyber_city_core_tilesets/CyberCity_CentralSecurity_Tiles/CyberCity_CentralSecurity_Tiles_1/CyberCity_CentralSecurity_Tiles_1/Interior_WallPanel8_8.png,Interior_WallPanel8_8.png,100,110,wall,OccludableObjects,90,1.0,VISIBLE_ALPHA_CENTER,MODULAR_PART_OK,"no, baked perspective warning",Use as an individually transformable Node2D/Sprite2D object; visual-only.,"no, baked perspective warning",True
pvg_obj_central_security_wall_interior_wallpanel9_1_0835,central_security,CS_0904,res://assets/tilesets/cyber_city_core_tilesets/CyberCity_CentralSecurity_Tiles/CyberCity_CentralSecurity_Tiles_1/CyberCity_CentralSecurity_Tiles_1/Interior_WallPanel9_1.png,Interior_WallPanel9_1.png,131,54,wall,OccludableObjects,90,1.0,VISIBLE_ALPHA_CENTER,MODULAR_PART_OK,"no, baked perspective warning",Use as an individually transformable Node2D/Sprite2D object; visual-only.,"no, baked perspective warning",True
pvg_obj_central_security_wall_interior_wallpanel9_3_0850,central_security,CS_0906,res://assets/tilesets/cyber_city_core_tilesets/CyberCity_CentralSecurity_Tiles/CyberCity_CentralSecurity_Tiles_1/CyberCity_CentralSecurity_Tiles_1/Interior_WallPanel9_3.png,Interior_WallPanel9_3.png,134,59,wall,OccludableObjects,90,1.0,VISIBLE_ALPHA_CENTER,MODULAR_PART_OK,"no, baked perspective warning",Use as an individually transformable Node2D/Sprite2D object; visual-only.,"no, baked perspective warning",True
pvg_obj_central_security_wall_interior_wallpanel9_5_0778,central_security,CS_0908,res://assets/tilesets/cyber_city_core_tilesets/CyberCity_CentralSecurity_Tiles/CyberCity_CentralSecurity_Tiles_1/CyberCity_CentralSecurity_Tiles_1/Interior_WallPanel9_5.png,Interior_WallPanel9_5.png,97,110,wall,OccludableObjects,90,1.0,VISIBLE_ALPHA_CENTER,MODULAR_PART_OK,"no, baked perspective warning",Use as an individually transformable Node2D/Sprite2D object; visual-only.,"no, baked perspective warning",True
pvg_obj_central_security_wall_interior_wallpanel9_6_0763,central_security,CS_0909,res://assets/tilesets/cyber_city_core_tilesets/CyberCity_CentralSecurity_Tiles/CyberCity_CentralSecurity_Tiles_1/CyberCity_CentralSecurity_Tiles_1/Interior_WallPanel9_6.png,Interior_WallPanel9_6.png,94,110,wall,OccludableObjects,90,1.0,VISIBLE_ALPHA_CENTER,MODULAR_PART_OK,"no, baked perspective warning",Use as an individually transformable Node2D/Sprite2D object; visual-only.,"no, baked perspective warning",True
pvg_obj_central_security_wall_interior_wallpanel9_7_0807,central_security,CS_0910,res://assets/tilesets/cyber_city_core_tilesets/CyberCity_CentralSecurity_Tiles/CyberCity_CentralSecurity_Tiles_1/CyberCity_CentralSecurity_Tiles_1/Interior_WallPanel9_7.png,Interior_WallPanel9_7.png,101,110,wall,OccludableObjects,90,1.0,VISIBLE_ALPHA_CENTER,MODULAR_PART_OK,"no, baked perspective warning",Use as an individually transformable Node2D/Sprite2D object; visual-only.,"no, baked perspective warning",True
pvg_obj_central_security_wall_interior_wallpanel9_8_0793,central_security,CS_0911,res://assets/tilesets/cyber_city_core_tilesets/CyberCity_CentralSecurity_Tiles/CyberCity_CentralSecurity_Tiles_1/CyberCity_CentralSecurity_Tiles_1/Interior_WallPanel9_8.png,Interior_WallPanel9_8.png,100,110,wall,OccludableObjects,90,1.0,VISIBLE_ALPHA_CENTER,MODULAR_PART_OK,"no, baked perspective warning",Use as an individually transformable Node2D/Sprite2D object; visual-only.,"no, baked perspective warning",True
pvg_obj_central_security_wall_interior_window1_1_0836,central_security,CS_0912,res://assets/tilesets/cyber_city_core_tilesets/CyberCity_CentralSecurity_Tiles/CyberCity_CentralSecurity_Tiles_1/CyberCity_CentralSecurity_Tiles_1/Interior_Window1_1.png,Interior_Window1_1.png,131,54,wall,OccludableObjects,90,1.0,VISIBLE_ALPHA_CENTER,MODULAR_PART_OK,"no, baked perspective warning",Use as an individually transformable Node2D/Sprite2D object; visual-only.,"no, baked perspective warning",True
pvg_obj_central_security_wall_interior_window1_3_0851,central_security,CS_0914,res://assets/tilesets/cyber_city_core_tilesets/CyberCity_CentralSecurity_Tiles/CyberCity_CentralSecurity_Tiles_1/CyberCity_CentralSecurity_Tiles_1/Interior_Window1_3.png,Interior_Window1_3.png,134,59,wall,OccludableObjects,90,1.0,VISIBLE_ALPHA_CENTER,MODULAR_PART_OK,"no, baked perspective warning",Use as an individually transformable Node2D/Sprite2D object; visual-only.,"no, baked perspective warning",True
pvg_obj_central_security_wall_interior_window1_5_0779,central_security,CS_0916,res://assets/tilesets/cyber_city_core_tilesets/CyberCity_CentralSecurity_Tiles/CyberCity_CentralSecurity_Tiles_1/CyberCity_CentralSecurity_Tiles_1/Interior_Window1_5.png,Interior_Window1_5.png,97,110,wall,OccludableObjects,90,1.0,VISIBLE_ALPHA_CENTER,MODULAR_PART_OK,"no, baked perspective warning",Use as an individually transformable Node2D/Sprite2D object; visual-only.,"no, baked perspective warning",True
pvg_obj_central_security_wall_interior_window1_6_0764,central_security,CS_0917,res://assets/tilesets/cyber_city_core_tilesets/CyberCity_CentralSecurity_Tiles/CyberCity_CentralSecurity_Tiles_1/CyberCity_CentralSecurity_Tiles_1/Interior_Window1_6.png,Interior_Window1_6.png,94,110,wall,OccludableObjects,90,1.0,VISIBLE_ALPHA_CENTER,MODULAR_PART_OK,"no, baked perspective warning",Use as an individually transformable Node2D/Sprite2D object; visual-only.,"no, baked perspective warning",True
pvg_obj_central_security_wall_interior_window1_7_0808,central_security,CS_0918,res://assets/tilesets/cyber_city_core_tilesets/CyberCity_CentralSecurity_Tiles/CyberCity_CentralSecurity_Tiles_1/CyberCity_CentralSecurity_Tiles_1/Interior_Window1_7.png,Interior_Window1_7.png,101,110,wall,OccludableObjects,90,1.0,VISIBLE_ALPHA_CENTER,MODULAR_PART_OK,"no, baked perspective warning",Use as an individually transformable Node2D/Sprite2D object; visual-only.,"no, baked perspective warning",True
pvg_obj_central_security_wall_interior_window1_8_0794,central_security,CS_0919,res://assets/tilesets/cyber_city_core_tilesets/CyberCity_CentralSecurity_Tiles/CyberCity_CentralSecurity_Tiles_1/CyberCity_CentralSecurity_Tiles_1/Interior_Window1_8.png,Interior_Window1_8.png,100,110,wall,OccludableObjects,90,1.0,VISIBLE_ALPHA_CENTER,MODULAR_PART_OK,"no, baked perspective warning",Use as an individually transformable Node2D/Sprite2D object; visual-only.,"no, baked perspective warning",True
pvg_obj_central_security_wall_interior_window2_1_0837,central_security,CS_0920,res://assets/tilesets/cyber_city_core_tilesets/CyberCity_CentralSecurity_Tiles/CyberCity_CentralSecurity_Tiles_1/CyberCity_CentralSecurity_Tiles_1/Interior_Window2_1.png,Interior_Window2_1.png,131,54,wall,OccludableObjects,90,1.0,VISIBLE_ALPHA_CENTER,MODULAR_PART_OK,"no, baked perspective warning",Use as an individually transformable Node2D/Sprite2D object; visual-only.,"no, baked perspective warning",True
pvg_obj_central_security_wall_interior_window2_3_0852,central_security,CS_0922,res://assets/tilesets/cyber_city_core_tilesets/CyberCity_CentralSecurity_Tiles/CyberCity_CentralSecurity_Tiles_1/CyberCity_CentralSecurity_Tiles_1/Interior_Window2_3.png,Interior_Window2_3.png,134,59,wall,OccludableObjects,90,1.0,VISIBLE_ALPHA_CENTER,MODULAR_PART_OK,"no, baked perspective warning",Use as an individually transformable Node2D/Sprite2D object; visual-only.,"no, baked perspective warning",True
pvg_obj_central_security_wall_interior_window2_5_0780,central_security,CS_0924,res://assets/tilesets/cyber_city_core_tilesets/CyberCity_CentralSecurity_Tiles/CyberCity_CentralSecurity_Tiles_1/CyberCity_CentralSecurity_Tiles_1/Interior_Window2_5.png,Interior_Window2_5.png,97,110,wall,OccludableObjects,90,1.0,VISIBLE_ALPHA_CENTER,MODULAR_PART_OK,"no, baked perspective warning",Use as an individually transformable Node2D/Sprite2D object; visual-only.,"no, baked perspective warning",True
pvg_obj_central_security_wall_interior_window2_6_0765,central_security,CS_0925,res://assets/tilesets/cyber_city_core_tilesets/CyberCity_CentralSecurity_Tiles/CyberCity_CentralSecurity_Tiles_1/CyberCity_CentralSecurity_Tiles_1/Interior_Window2_6.png,Interior_Window2_6.png,94,110,wall,OccludableObjects,90,1.0,VISIBLE_ALPHA_CENTER,MODULAR_PART_OK,"no, baked perspective warning",Use as an individually transformable Node2D/Sprite2D object; visual-only.,"no, baked perspective warning",True
pvg_obj_central_security_wall_interior_window2_7_0809,central_security,CS_0926,res://assets/tilesets/cyber_city_core_tilesets/CyberCity_CentralSecurity_Tiles/CyberCity_CentralSecurity_Tiles_1/CyberCity_CentralSecurity_Tiles_1/Interior_Window2_7.png,Interior_Window2_7.png,101,110,wall,OccludableObjects,90,1.0,VISIBLE_ALPHA_CENTER,MODULAR_PART_OK,"no, baked perspective warning",Use as an individually transformable Node2D/Sprite2D object; visual-only.,"no, baked perspective warning",True
pvg_obj_central_security_wall_interior_window2_8_0795,central_security,CS_0927,res://assets/tilesets/cyber_city_core_tilesets/CyberCity_CentralSecurity_Tiles/CyberCity_CentralSecurity_Tiles_1/CyberCity_CentralSecurity_Tiles_1/Interior_Window2_8.png,Interior_Window2_8.png,100,110,wall,OccludableObjects,90,1.0,VISIBLE_ALPHA_CENTER,MODULAR_PART_OK,"no, baked perspective warning",Use as an individually transformable Node2D/Sprite2D object; visual-only.,"no, baked perspective warning",True
pvg_obj_central_security_wall_interior_window3_1_0838,central_security,CS_0928,res://assets/tilesets/cyber_city_core_tilesets/CyberCity_CentralSecurity_Tiles/CyberCity_CentralSecurity_Tiles_1/CyberCity_CentralSecurity_Tiles_1/Interior_Window3_1.png,Interior_Window3_1.png,131,54,wall,OccludableObjects,90,1.0,VISIBLE_ALPHA_CENTER,MODULAR_PART_OK,"no, baked perspective warning",Use as an individually transformable Node2D/Sprite2D object; visual-only.,"no, baked perspective warning",True
pvg_obj_central_security_wall_interior_window3_3_0853,central_security,CS_0930,res://assets/tilesets/cyber_city_core_tilesets/CyberCity_CentralSecurity_Tiles/CyberCity_CentralSecurity_Tiles_1/CyberCity_CentralSecurity_Tiles_1/Interior_Window3_3.png,Interior_Window3_3.png,134,59,wall,OccludableObjects,90,1.0,VISIBLE_ALPHA_CENTER,MODULAR_PART_OK,"no, baked perspective warning",Use as an individually transformable Node2D/Sprite2D object; visual-only.,"no, baked perspective warning",True
pvg_obj_central_security_wall_interior_window3_5_0781,central_security,CS_0932,res://assets/tilesets/cyber_city_core_tilesets/CyberCity_CentralSecurity_Tiles/CyberCity_CentralSecurity_Tiles_1/CyberCity_CentralSecurity_Tiles_1/Interior_Window3_5.png,Interior_Window3_5.png,97,110,wall,OccludableObjects,90,1.0,VISIBLE_ALPHA_CENTER,MODULAR_PART_OK,"no, baked perspective warning",Use as an individually transformable Node2D/Sprite2D object; visual-only.,"no, baked perspective warning",True
pvg_obj_central_security_wall_interior_window3_6_0766,central_security,CS_0933,res://assets/tilesets/cyber_city_core_tilesets/CyberCity_CentralSecurity_Tiles/CyberCity_CentralSecurity_Tiles_1/CyberCity_CentralSecurity_Tiles_1/Interior_Window3_6.png,Interior_Window3_6.png,94,110,wall,OccludableObjects,90,1.0,VISIBLE_ALPHA_CENTER,MODULAR_PART_OK,"no, baked perspective warning",Use as an individually transformable Node2D/Sprite2D object; visual-only.,"no, baked perspective warning",True
pvg_obj_central_security_wall_interior_window3_7_0810,central_security,CS_0934,res://assets/tilesets/cyber_city_core_tilesets/CyberCity_CentralSecurity_Tiles/CyberCity_CentralSecurity_Tiles_1/CyberCity_CentralSecurity_Tiles_1/Interior_Window3_7.png,Interior_Window3_7.png,101,110,wall,OccludableObjects,90,1.0,VISIBLE_ALPHA_CENTER,MODULAR_PART_OK,"no, baked perspective warning",Use as an individually transformable Node2D/Sprite2D object; visual-only.,"no, baked perspective warning",True
pvg_obj_central_security_wall_interior_window3_8_0796,central_security,CS_0935,res://assets/tilesets/cyber_city_core_tilesets/CyberCity_CentralSecurity_Tiles/CyberCity_CentralSecurity_Tiles_1/CyberCity_CentralSecurity_Tiles_1/Interior_Window3_8.png,Interior_Window3_8.png,100,110,wall,OccludableObjects,90,1.0,VISIBLE_ALPHA_CENTER,MODULAR_PART_OK,"no, baked perspective warning",Use as an individually transformable Node2D/Sprite2D object; visual-only.,"no, baked perspective warning",True
pvg_obj_central_security_wall_solarpanel1_2_1021,central_security,CS_1187,res://assets/tilesets/cyber_city_core_tilesets/CyberCity_CentralSecurity_Tiles/CyberCity_CentralSecurity_Tiles_1/CyberCity_CentralSecurity_Tiles_1/SolarPanel1_2.png,SolarPanel1_2.png,109,120,wall,OccludableObjects,90,1.0,VISIBLE_ALPHA_CENTER,MODULAR_PART_OK,"no, baked perspective warning",Use as an individually transformable Node2D/Sprite2D object; visual-only.,"no, baked perspective warning",True
pvg_obj_central_security_wall_solarpanel1_4_1045,central_security,CS_1189,res://assets/tilesets/cyber_city_core_tilesets/CyberCity_CentralSecurity_Tiles/CyberCity_CentralSecurity_Tiles_1/CyberCity_CentralSecurity_Tiles_1/SolarPanel1_4.png,SolarPanel1_4.png,110,156,wall,OccludableObjects,90,1.0,VISIBLE_ALPHA_CENTER,MODULAR_PART_OK,"no, baked perspective warning",Use as an individually transformable Node2D/Sprite2D object; visual-only.,"no, baked perspective warning",True
pvg_obj_central_security_wall_solarpanel1_5_1024,central_security,CS_1190,res://assets/tilesets/cyber_city_core_tilesets/CyberCity_CentralSecurity_Tiles/CyberCity_CentralSecurity_Tiles_1/CyberCity_CentralSecurity_Tiles_1/SolarPanel1_5.png,SolarPanel1_5.png,127,131,wall,OccludableObjects,90,1.0,VISIBLE_ALPHA_CENTER,MODULAR_PART_OK,"no, baked perspective warning",Use as an individually transformable Node2D/Sprite2D object; visual-only.,"no, baked perspective warning",True
pvg_obj_central_security_wall_solarpanel1_6_1031,central_security,CS_1191,res://assets/tilesets/cyber_city_core_tilesets/CyberCity_CentralSecurity_Tiles/CyberCity_CentralSecurity_Tiles_1/CyberCity_CentralSecurity_Tiles_1/SolarPanel1_6.png,SolarPanel1_6.png,141,138,wall,OccludableObjects,90,1.0,VISIBLE_ALPHA_CENTER,MODULAR_PART_OK,"no, baked perspective warning",Use as an individually transformable Node2D/Sprite2D object; visual-only.,"no, baked perspective warning",True
pvg_obj_central_security_wall_solarpanel1_7_1030,central_security,CS_1192,res://assets/tilesets/cyber_city_core_tilesets/CyberCity_CentralSecurity_Tiles/CyberCity_CentralSecurity_Tiles_1/CyberCity_CentralSecurity_Tiles_1/SolarPanel1_7.png,SolarPanel1_7.png,141,116,wall,OccludableObjects,90,1.0,VISIBLE_ALPHA_CENTER,MODULAR_PART_OK,"no, baked perspective warning",Use as an individually transformable Node2D/Sprite2D object; visual-only.,"no, baked perspective warning",True
pvg_obj_central_security_wall_solarpanel1_8_1027,central_security,CS_1193,res://assets/tilesets/cyber_city_core_tilesets/CyberCity_CentralSecurity_Tiles/CyberCity_CentralSecurity_Tiles_1/CyberCity_CentralSecurity_Tiles_1/SolarPanel1_8.png,SolarPanel1_8.png,136,129,wall,OccludableObjects,90,1.0,VISIBLE_ALPHA_CENTER,MODULAR_PART_OK,"no, baked perspective warning",Use as an individually transformable Node2D/Sprite2D object; visual-only.,"no, baked perspective warning",True
pvg_obj_central_security_wall_walltech1_1_0812,central_security,CS_1556,res://assets/tilesets/cyber_city_core_tilesets/CyberCity_CentralSecurity_Tiles/CyberCity_CentralSecurity_Tiles_1/CyberCity_CentralSecurity_Tiles_1/WallTech1_1.png,WallTech1_1.png,111,101,wall,OccludableObjects,90,1.0,VISIBLE_ALPHA_CENTER,MODULAR_PART_OK,"no, baked perspective warning",Use as an individually transformable Node2D/Sprite2D object; visual-only.,"no, baked perspective warning",True
pvg_obj_central_security_wall_walltech1_2_0857,central_security,CS_1557,res://assets/tilesets/cyber_city_core_tilesets/CyberCity_CentralSecurity_Tiles/CyberCity_CentralSecurity_Tiles_1/CyberCity_CentralSecurity_Tiles_1/WallTech1_2.png,WallTech1_2.png,50,136,wall,OccludableObjects,90,1.0,VISIBLE_ALPHA_CENTER,MODULAR_PART_OK,"no, baked perspective warning",Use as an individually transformable Node2D/Sprite2D object; visual-only.,"no, baked perspective warning",True
pvg_obj_central_security_wall_walltech1_3_0813,central_security,CS_1558,res://assets/tilesets/cyber_city_core_tilesets/CyberCity_CentralSecurity_Tiles/CyberCity_CentralSecurity_Tiles_1/CyberCity_CentralSecurity_Tiles_1/WallTech1_3.png,WallTech1_3.png,111,104,wall,OccludableObjects,90,1.0,VISIBLE_ALPHA_CENTER,MODULAR_PART_OK,"no, baked perspective warning",Use as an individually transformable Node2D/Sprite2D object; visual-only.,"no, baked perspective warning",True
pvg_obj_central_security_wall_walltech1_4_0858,central_security,CS_1559,res://assets/tilesets/cyber_city_core_tilesets/CyberCity_CentralSecurity_Tiles/CyberCity_CentralSecurity_Tiles_1/CyberCity_CentralSecurity_Tiles_1/WallTech1_4.png,WallTech1_4.png,52,136,wall,OccludableObjects,90,1.0,VISIBLE_ALPHA_CENTER,MODULAR_PART_OK,"no, baked perspective warning",Use as an individually transformable Node2D/Sprite2D object; visual-only.,"no, baked perspective warning",True
pvg_obj_central_security_wall_walltech1_5_0820,central_security,CS_1560,res://assets/tilesets/cyber_city_core_tilesets/CyberCity_CentralSecurity_Tiles/CyberCity_CentralSecurity_Tiles_1/CyberCity_CentralSecurity_Tiles_1/WallTech1_5.png,WallTech1_5.png,96,125,wall,OccludableObjects,90,1.0,VISIBLE_ALPHA_CENTER,MODULAR_PART_OK,"no, baked perspective warning",Use as an individually transformable Node2D/Sprite2D object; visual-only.,"no, baked perspective warning",True
pvg_obj_central_security_wall_walltech1_6_0822,central_security,CS_1561,res://assets/tilesets/cyber_city_core_tilesets/CyberCity_CentralSecurity_Tiles/CyberCity_CentralSecurity_Tiles_1/CyberCity_CentralSecurity_Tiles_1/WallTech1_6.png,WallTech1_6.png,97,126,wall,OccludableObjects,90,1.0,VISIBLE_ALPHA_CENTER,MODULAR_PART_OK,"no, baked perspective warning",Use as an individually transformable Node2D/Sprite2D object; visual-only.,"no, baked perspective warning",True
pvg_obj_central_security_wall_walltech1_7_0821,central_security,CS_1562,res://assets/tilesets/cyber_city_core_tilesets/CyberCity_CentralSecurity_Tiles/CyberCity_CentralSecurity_Tiles_1/CyberCity_CentralSecurity_Tiles_1/WallTech1_7.png,WallTech1_7.png,98,125,wall,OccludableObjects,90,1.0,VISIBLE_ALPHA_CENTER,MODULAR_PART_OK,"no, baked perspective warning",Use as an individually transformable Node2D/Sprite2D object; visual-only.,"no, baked perspective warning",True
pvg_obj_central_security_wall_walltech1_8_0823,central_security,CS_1563,res://assets/tilesets/cyber_city_core_tilesets/CyberCity_CentralSecurity_Tiles/CyberCity_CentralSecurity_Tiles_1/CyberCity_CentralSecurity_Tiles_1/WallTech1_8.png,WallTech1_8.png,97,127,wall,OccludableObjects,90,1.0,VISIBLE_ALPHA_CENTER,MODULAR_PART_OK,"no, baked perspective warning",Use as an individually transformable Node2D/Sprite2D object; visual-only.,"no, baked perspective warning",True
pvg_obj_central_security_wall_walltech2_1_0749,central_security,CS_1564,res://assets/tilesets/cyber_city_core_tilesets/CyberCity_CentralSecurity_Tiles/CyberCity_CentralSecurity_Tiles_1/CyberCity_CentralSecurity_Tiles_1/WallTech2_1.png,WallTech2_1.png,102,94,wall,OccludableObjects,90,1.0,VISIBLE_ALPHA_CENTER,MODULAR_PART_OK,"no, baked perspective warning",Use as an individually transformable Node2D/Sprite2D object; visual-only.,"no, baked perspective warning",True
pvg_obj_central_security_wall_walltech2_3_0750,central_security,CS_1566,res://assets/tilesets/cyber_city_core_tilesets/CyberCity_CentralSecurity_Tiles/CyberCity_CentralSecurity_Tiles_1/CyberCity_CentralSecurity_Tiles_1/WallTech2_3.png,WallTech2_3.png,103,91,wall,OccludableObjects,90,1.0,VISIBLE_ALPHA_CENTER,MODULAR_PART_OK,"no, baked perspective warning",Use as an individually transformable Node2D/Sprite2D object; visual-only.,"no, baked perspective warning",True
pvg_obj_central_security_wall_walltech2_5_0818,central_security,CS_1568,res://assets/tilesets/cyber_city_core_tilesets/CyberCity_CentralSecurity_Tiles/CyberCity_CentralSecurity_Tiles_1/CyberCity_CentralSecurity_Tiles_1/WallTech2_5.png,WallTech2_5.png,92,115,wall,OccludableObjects,90,1.0,VISIBLE_ALPHA_CENTER,MODULAR_PART_OK,"no, baked perspective warning",Use as an individually transformable Node2D/Sprite2D object; visual-only.,"no, baked perspective warning",True
pvg_obj_central_security_wall_walltech2_6_0816,central_security,CS_1569,res://assets/tilesets/cyber_city_core_tilesets/CyberCity_CentralSecurity_Tiles/CyberCity_CentralSecurity_Tiles_1/CyberCity_CentralSecurity_Tiles_1/WallTech2_6.png,WallTech2_6.png,91,114,wall,OccludableObjects,90,1.0,VISIBLE_ALPHA_CENTER,MODULAR_PART_OK,"no, baked perspective warning",Use as an individually transformable Node2D/Sprite2D object; visual-only.,"no, baked perspective warning",True
pvg_obj_central_security_wall_walltech2_7_0819,central_security,CS_1570,res://assets/tilesets/cyber_city_core_tilesets/CyberCity_CentralSecurity_Tiles/CyberCity_CentralSecurity_Tiles_1/CyberCity_CentralSecurity_Tiles_1/WallTech2_7.png,WallTech2_7.png,90,118,wall,OccludableObjects,90,1.0,VISIBLE_ALPHA_CENTER,MODULAR_PART_OK,"no, baked perspective warning",Use as an individually transformable Node2D/Sprite2D object; visual-only.,"no, baked perspective warning",True
pvg_obj_central_security_wall_walltech2_8_0817,central_security,CS_1571,res://assets/tilesets/cyber_city_core_tilesets/CyberCity_CentralSecurity_Tiles/CyberCity_CentralSecurity_Tiles_1/CyberCity_CentralSecurity_Tiles_1/WallTech2_8.png,WallTech2_8.png,91,115,wall,OccludableObjects,90,1.0,VISIBLE_ALPHA_CENTER,MODULAR_PART_OK,"no, baked perspective warning",Use as an individually transformable Node2D/Sprite2D object; visual-only.,"no, baked perspective warning",True
pvg_obj_central_security_wall_warroomcontrolpanel1_1_1057,central_security,CS_1572,res://assets/tilesets/cyber_city_core_tilesets/CyberCity_CentralSecurity_Tiles/CyberCity_CentralSecurity_Tiles_1/CyberCity_CentralSecurity_Tiles_1/WarRoomControlPanel1_1.png,WarRoomControlPanel1_1.png,93,189,wall,OccludableObjects,90,1.0,VISIBLE_ALPHA_CENTER,MODULAR_PART_OK,"no, baked perspective warning",Use as an individually transformable Node2D/Sprite2D object; visual-only.,"no, baked perspective warning",True
pvg_obj_central_security_wall_warroomcontrolpanel1_3_1053,central_security,CS_1574,res://assets/tilesets/cyber_city_core_tilesets/CyberCity_CentralSecurity_Tiles/CyberCity_CentralSecurity_Tiles_1/CyberCity_CentralSecurity_Tiles_1/WarRoomControlPanel1_3.png,WarRoomControlPanel1_3.png,89,188,wall,OccludableObjects,90,1.0,VISIBLE_ALPHA_CENTER,MODULAR_PART_OK,"no, baked perspective warning",Use as an individually transformable Node2D/Sprite2D object; visual-only.,"no, baked perspective warning",True
pvg_obj_central_security_wall_warroomcontrolpanel2_2_1054,central_security,CS_1581,res://assets/tilesets/cyber_city_core_tilesets/CyberCity_CentralSecurity_Tiles/CyberCity_CentralSecurity_Tiles_1/CyberCity_CentralSecurity_Tiles_1/WarRoomControlPanel2_2.png,WarRoomControlPanel2_2.png,89,188,wall,OccludableObjects,90,1.0,VISIBLE_ALPHA_CENTER,MODULAR_PART_OK,"no, baked perspective warning",Use as an individually transformable Node2D/Sprite2D object; visual-only.,"no, baked perspective warning",True
pvg_obj_central_security_wall_warroomcontrolpanel2_4_1058,central_security,CS_1583,res://assets/tilesets/cyber_city_core_tilesets/CyberCity_CentralSecurity_Tiles/CyberCity_CentralSecurity_Tiles_1/CyberCity_CentralSecurity_Tiles_1/WarRoomControlPanel2_4.png,WarRoomControlPanel2_4.png,93,189,wall,OccludableObjects,90,1.0,VISIBLE_ALPHA_CENTER,MODULAR_PART_OK,"no, baked perspective warning",Use as an individually transformable Node2D/Sprite2D object; visual-only.,"no, baked perspective warning",True
pvg_obj_central_security_wall_warroomcontrolpanel3_1_1032,central_security,CS_1588,res://assets/tilesets/cyber_city_core_tilesets/CyberCity_CentralSecurity_Tiles/CyberCity_CentralSecurity_Tiles_1/CyberCity_CentralSecurity_Tiles_1/WarRoomControlPanel3_1.png,WarRoomControlPanel3_1.png,88,144,wall,OccludableObjects,90,1.0,VISIBLE_ALPHA_CENTER,MODULAR_PART_OK,"no, baked perspective warning",Use as an individually transformable Node2D/Sprite2D object; visual-only.,"no, baked perspective warning",True
pvg_obj_central_security_wall_warroomcontrolpanel3_2_1037,central_security,CS_1589,res://assets/tilesets/cyber_city_core_tilesets/CyberCity_CentralSecurity_Tiles/CyberCity_CentralSecurity_Tiles_1/CyberCity_CentralSecurity_Tiles_1/WarRoomControlPanel3_2.png,WarRoomControlPanel3_2.png,151,91,wall,OccludableObjects,90,1.0,VISIBLE_ALPHA_CENTER,MODULAR_PART_OK,"no, baked perspective warning",Use as an individually transformable Node2D/Sprite2D object; visual-only.,"no, baked perspective warning",True
pvg_obj_central_security_wall_warroomcontrolpanel3_3_1033,central_security,CS_1590,res://assets/tilesets/cyber_city_core_tilesets/CyberCity_CentralSecurity_Tiles/CyberCity_CentralSecurity_Tiles_1/CyberCity_CentralSecurity_Tiles_1/WarRoomControlPanel3_3.png,WarRoomControlPanel3_3.png,93,144,wall,OccludableObjects,90,1.0,VISIBLE_ALPHA_CENTER,MODULAR_PART_OK,"no, baked perspective warning",Use as an individually transformable Node2D/Sprite2D object; visual-only.,"no, baked perspective warning",True
pvg_obj_central_security_wall_warroomcontrolpanel3_4_1038,central_security,CS_1591,res://assets/tilesets/cyber_city_core_tilesets/CyberCity_CentralSecurity_Tiles/CyberCity_CentralSecurity_Tiles_1/CyberCity_CentralSecurity_Tiles_1/WarRoomControlPanel3_4.png,WarRoomControlPanel3_4.png,151,105,wall,OccludableObjects,90,1.0,VISIBLE_ALPHA_CENTER,MODULAR_PART_OK,"no, baked perspective warning",Use as an individually transformable Node2D/Sprite2D object; visual-only.,"no, baked perspective warning",True
pvg_obj_central_security_wall_warroomcontrolpanel3_5_1041,central_security,CS_1592,res://assets/tilesets/cyber_city_core_tilesets/CyberCity_CentralSecurity_Tiles/CyberCity_CentralSecurity_Tiles_1/CyberCity_CentralSecurity_Tiles_1/WarRoomControlPanel3_5.png,WarRoomControlPanel3_5.png,153,137,wall,OccludableObjects,90,1.0,VISIBLE_ALPHA_CENTER,MODULAR_PART_OK,"no, baked perspective warning",Use as an individually transformable Node2D/Sprite2D object; visual-only.,"no, baked perspective warning",True
pvg_obj_central_security_wall_warroomcontrolpanel3_6_1039,central_security,CS_1593,res://assets/tilesets/cyber_city_core_tilesets/CyberCity_CentralSecurity_Tiles/CyberCity_CentralSecurity_Tiles_1/CyberCity_CentralSecurity_Tiles_1/WarRoomControlPanel3_6.png,WarRoomControlPanel3_6.png,152,146,wall,OccludableObjects,90,1.0,VISIBLE_ALPHA_CENTER,MODULAR_PART_OK,"no, baked perspective warning",Use as an individually transformable Node2D/Sprite2D object; visual-only.,"no, baked perspective warning",True
pvg_obj_central_security_wall_warroomcontrolpanel4_1_1055,central_security,CS_1596,res://assets/tilesets/cyber_city_core_tilesets/CyberCity_CentralSecurity_Tiles/CyberCity_CentralSecurity_Tiles_1/CyberCity_CentralSecurity_Tiles_1/WarRoomControlPanel4_1.png,WarRoomControlPanel4_1.png,89,188,wall,OccludableObjects,90,1.0,VISIBLE_ALPHA_CENTER,MODULAR_PART_OK,"no, baked perspective warning",Use as an individually transformable Node2D/Sprite2D object; visual-only.,"no, baked perspective warning",True
pvg_obj_central_security_wall_warroomcontrolpanel4_3_1056,central_security,CS_1598,res://assets/tilesets/cyber_city_core_tilesets/CyberCity_CentralSecurity_Tiles/CyberCity_CentralSecurity_Tiles_1/CyberCity_CentralSecurity_Tiles_1/WarRoomControlPanel4_3.png,WarRoomControlPanel4_3.png,91,189,wall,OccludableObjects,90,1.0,VISIBLE_ALPHA_CENTER,MODULAR_PART_OK,"no, baked perspective warning",Use as an individually transformable Node2D/Sprite2D object; visual-only.,"no, baked perspective warning",True
pvg_obj_central_security_wall_warroomdoor1_1_0854,central_security,CS_1604,res://assets/tilesets/cyber_city_core_tilesets/CyberCity_CentralSecurity_Tiles/CyberCity_CentralSecurity_Tiles_1/CyberCity_CentralSecurity_Tiles_1/WarRoomDoor1_1.png,WarRoomDoor1_1.png,94,134,wall,OccludableObjects,90,1.0,VISIBLE_ALPHA_CENTER,MODULAR_PART_OK,"no, baked perspective warning",Use as an individually transformable Node2D/Sprite2D object; visual-only.,"no, baked perspective warning",True
pvg_obj_central_security_wall_warroomdoor1_3_0855,central_security,CS_1606,res://assets/tilesets/cyber_city_core_tilesets/CyberCity_CentralSecurity_Tiles/CyberCity_CentralSecurity_Tiles_1/CyberCity_CentralSecurity_Tiles_1/WarRoomDoor1_3.png,WarRoomDoor1_3.png,97,134,wall,OccludableObjects,90,1.0,VISIBLE_ALPHA_CENTER,MODULAR_PART_OK,"no, baked perspective warning",Use as an individually transformable Node2D/Sprite2D object; visual-only.,"no, baked perspective warning",True
pvg_obj_central_security_wall_warroomdoor1_5_0898,central_security,CS_1608,res://assets/tilesets/cyber_city_core_tilesets/CyberCity_CentralSecurity_Tiles/CyberCity_CentralSecurity_Tiles_1/CyberCity_CentralSecurity_Tiles_1/WarRoomDoor1_5.png,WarRoomDoor1_5.png,75,167,wall,OccludableObjects,90,1.0,VISIBLE_ALPHA_CENTER,MODULAR_PART_OK,"no, baked perspective warning",Use as an individually transformable Node2D/Sprite2D object; visual-only.,"no, baked perspective warning",True
pvg_obj_central_security_wall_warroomdoor1_6_0900,central_security,CS_1609,res://assets/tilesets/cyber_city_core_tilesets/CyberCity_CentralSecurity_Tiles/CyberCity_CentralSecurity_Tiles_1/CyberCity_CentralSecurity_Tiles_1/WarRoomDoor1_6.png,WarRoomDoor1_6.png,77,168,wall,OccludableObjects,90,1.0,VISIBLE_ALPHA_CENTER,MODULAR_PART_OK,"no, baked perspective warning",Use as an individually transformable Node2D/Sprite2D object; visual-only.,"no, baked perspective warning",True
pvg_obj_central_security_wall_warroomdoor1_7_0897,central_security,CS_1610,res://assets/tilesets/cyber_city_core_tilesets/CyberCity_CentralSecurity_Tiles/CyberCity_CentralSecurity_Tiles_1/CyberCity_CentralSecurity_Tiles_1/WarRoomDoor1_7.png,WarRoomDoor1_7.png,71,167,wall,OccludableObjects,90,1.0,VISIBLE_ALPHA_CENTER,MODULAR_PART_OK,"no, baked perspective warning",Use as an individually transformable Node2D/Sprite2D object; visual-only.,"no, baked perspective warning",True
pvg_obj_central_security_wall_warroomdoor1_8_0899,central_security,CS_1611,res://assets/tilesets/cyber_city_core_tilesets/CyberCity_CentralSecurity_Tiles/CyberCity_CentralSecurity_Tiles_1/CyberCity_CentralSecurity_Tiles_1/WarRoomDoor1_8.png,WarRoomDoor1_8.png,74,168,wall,OccludableObjects,90,1.0,VISIBLE_ALPHA_CENTER,MODULAR_PART_OK,"no, baked perspective warning",Use as an individually transformable Node2D/Sprite2D object; visual-only.,"no, baked perspective warning",True
pvg_obj_central_security_wall_warroomwall1_2_0907,central_security,CS_1669,res://assets/tilesets/cyber_city_core_tilesets/CyberCity_CentralSecurity_Tiles/CyberCity_CentralSecurity_Tiles_1/CyberCity_CentralSecurity_Tiles_1/WarRoomWall1_2.png,WarRoomWall1_2.png,181,66,wall,OccludableObjects,90,1.0,VISIBLE_ALPHA_CENTER,MODULAR_PART_OK,"no, baked perspective warning",Use as an individually transformable Node2D/Sprite2D object; visual-only.,"no, baked perspective warning",True
pvg_obj_central_security_wall_warroomwall1_4_0904,central_security,CS_1671,res://assets/tilesets/cyber_city_core_tilesets/CyberCity_CentralSecurity_Tiles/CyberCity_CentralSecurity_Tiles_1/CyberCity_CentralSecurity_Tiles_1/WarRoomWall1_4.png,WarRoomWall1_4.png,178,59,wall,OccludableObjects,90,1.0,VISIBLE_ALPHA_CENTER,MODULAR_PART_OK,"no, baked perspective warning",Use as an individually transformable Node2D/Sprite2D object; visual-only.,"no, baked perspective warning",True
pvg_obj_central_security_wall_warroomwall1_5_0866,central_security,CS_1672,res://assets/tilesets/cyber_city_core_tilesets/CyberCity_CentralSecurity_Tiles/CyberCity_CentralSecurity_Tiles_1/CyberCity_CentralSecurity_Tiles_1/WarRoomWall1_5.png,WarRoomWall1_5.png,138,140,wall,OccludableObjects,90,1.0,VISIBLE_ALPHA_CENTER,MODULAR_PART_OK,"no, baked perspective warning",Use as an individually transformable Node2D/Sprite2D object; visual-only.,"no, baked perspective warning",True
pvg_obj_central_security_wall_warroomwall1_6_0865,central_security,CS_1673,res://assets/tilesets/cyber_city_core_tilesets/CyberCity_CentralSecurity_Tiles/CyberCity_CentralSecurity_Tiles_1/CyberCity_CentralSecurity_Tiles_1/WarRoomWall1_6.png,WarRoomWall1_6.png,135,140,wall,OccludableObjects,90,1.0,VISIBLE_ALPHA_CENTER,MODULAR_PART_OK,"no, baked perspective warning",Use as an individually transformable Node2D/Sprite2D object; visual-only.,"no, baked perspective warning",True
pvg_obj_central_security_wall_warroomwall1_7_0867,central_security,CS_1674,res://assets/tilesets/cyber_city_core_tilesets/CyberCity_CentralSecurity_Tiles/CyberCity_CentralSecurity_Tiles_1/CyberCity_CentralSecurity_Tiles_1/WarRoomWall1_7.png,WarRoomWall1_7.png,138,140,wall,OccludableObjects,90,1.0,VISIBLE_ALPHA_CENTER,MODULAR_PART_OK,"no, baked perspective warning",Use as an individually transformable Node2D/Sprite2D object; visual-only.,"no, baked perspective warning",True
pvg_obj_central_security_wall_warroomwall1_8_0864,central_security,CS_1675,res://assets/tilesets/cyber_city_core_tilesets/CyberCity_CentralSecurity_Tiles/CyberCity_CentralSecurity_Tiles_1/CyberCity_CentralSecurity_Tiles_1/WarRoomWall1_8.png,WarRoomWall1_8.png,133,139,wall,OccludableObjects,90,1.0,VISIBLE_ALPHA_CENTER,MODULAR_PART_OK,"no, baked perspective warning",Use as an individually transformable Node2D/Sprite2D object; visual-only.,"no, baked perspective warning",True
pvg_obj_core_barrier_barrier1_2_0513,core,pvg_clutter_small_barrier1_2_b6c482c2,res://assets/tilesets/cyber_city_core_tilesets/CyberCity_Core_Tiles_1/CyberCity_Core_Tiles_1/Barrier1_2.png,Barrier1_2.png,130,60,barrier,OccludableObjects,90,1.0,VISIBLE_ALPHA_CENTER,SPRITE_STAMP_BETTER,"no, baked perspective warning",Use as an individually transformable Node2D/Sprite2D object; visual-only.,"no, baked perspective warning",True
pvg_obj_core_barrier_barrier1_4_0514,core,pvg_clutter_small_barrier1_4_51a0d6db,res://assets/tilesets/cyber_city_core_tilesets/CyberCity_Core_Tiles_1/CyberCity_Core_Tiles_1/Barrier1_4.png,Barrier1_4.png,126,59,barrier,OccludableObjects,90,1.0,VISIBLE_ALPHA_CENTER,SPRITE_STAMP_BETTER,"no, baked perspective warning",Use as an individually transformable Node2D/Sprite2D object; visual-only.,"no, baked perspective warning",True
pvg_obj_core_barrier_barrier1_5_0515,core,pvg_clutter_small_barrier1_5_b04c0b87,res://assets/tilesets/cyber_city_core_tilesets/CyberCity_Core_Tiles_1/CyberCity_Core_Tiles_1/Barrier1_5.png,Barrier1_5.png,94,97,barrier,OccludableObjects,90,1.0,VISIBLE_ALPHA_CENTER,SPRITE_STAMP_BETTER,"no, baked perspective warning",Use as an individually transformable Node2D/Sprite2D object; visual-only.,"no, baked perspective warning",True
pvg_obj_core_barrier_barrier1_6_0516,core,pvg_clutter_small_barrier1_6_c36be614,res://assets/tilesets/cyber_city_core_tilesets/CyberCity_Core_Tiles_1/CyberCity_Core_Tiles_1/Barrier1_6.png,Barrier1_6.png,100,99,barrier,OccludableObjects,90,1.0,VISIBLE_ALPHA_CENTER,SPRITE_STAMP_BETTER,"no, baked perspective warning",Use as an individually transformable Node2D/Sprite2D object; visual-only.,"no, baked perspective warning",True
pvg_obj_core_barrier_barrier1_7_0517,core,pvg_clutter_small_barrier1_7_7735355a,res://assets/tilesets/cyber_city_core_tilesets/CyberCity_Core_Tiles_1/CyberCity_Core_Tiles_1/Barrier1_7.png,Barrier1_7.png,97,97,barrier,OccludableObjects,90,1.0,VISIBLE_ALPHA_CENTER,SPRITE_STAMP_BETTER,"no, baked perspective warning",Use as an individually transformable Node2D/Sprite2D object; visual-only.,"no, baked perspective warning",True
pvg_obj_core_barrier_barrier1_8_0518,core,pvg_clutter_small_barrier1_8_036dfb50,res://assets/tilesets/cyber_city_core_tilesets/CyberCity_Core_Tiles_1/CyberCity_Core_Tiles_1/Barrier1_8.png,Barrier1_8.png,92,97,barrier,OccludableObjects,90,1.0,VISIBLE_ALPHA_CENTER,SPRITE_STAMP_BETTER,"no, baked perspective warning",Use as an individually transformable Node2D/Sprite2D object; visual-only.,"no, baked perspective warning",True
pvg_obj_core_barrier_barrier2_1_0519,core,pvg_clutter_small_barrier2_1_eba7eaa1,res://assets/tilesets/cyber_city_core_tilesets/CyberCity_Core_Tiles_1/CyberCity_Core_Tiles_1/Barrier2_1.png,Barrier2_1.png,119,63,barrier,OccludableObjects,90,1.0,VISIBLE_ALPHA_CENTER,SPRITE_STAMP_BETTER,"no, baked perspective warning",Use as an individually transformable Node2D/Sprite2D object; visual-only.,"no, baked perspective warning",True
pvg_obj_core_barrier_barrier2_3_0520,core,pvg_clutter_small_barrier2_3_8e9c222d,res://assets/tilesets/cyber_city_core_tilesets/CyberCity_Core_Tiles_1/CyberCity_Core_Tiles_1/Barrier2_3.png,Barrier2_3.png,123,63,barrier,OccludableObjects,90,1.0,VISIBLE_ALPHA_CENTER,SPRITE_STAMP_BETTER,"no, baked perspective warning",Use as an individually transformable Node2D/Sprite2D object; visual-only.,"no, baked perspective warning",True
pvg_obj_core_barrier_barrier2_4_0521,core,pvg_clutter_small_barrier2_4_708c34d6,res://assets/tilesets/cyber_city_core_tilesets/CyberCity_Core_Tiles_1/CyberCity_Core_Tiles_1/Barrier2_4.png,Barrier2_4.png,35,110,barrier,OccludableObjects,90,1.0,VISIBLE_ALPHA_CENTER,SPRITE_STAMP_BETTER,"no, baked perspective warning",Use as an individually transformable Node2D/Sprite2D object; visual-only.,"no, baked perspective warning",True
pvg_obj_core_barrier_barrier2_5_0522,core,pvg_clutter_small_barrier2_5_180b4d3b,res://assets/tilesets/cyber_city_core_tilesets/CyberCity_Core_Tiles_1/CyberCity_Core_Tiles_1/Barrier2_5.png,Barrier2_5.png,89,93,barrier,OccludableObjects,90,1.0,VISIBLE_ALPHA_CENTER,SPRITE_STAMP_BETTER,"no, baked perspective warning",Use as an individually transformable Node2D/Sprite2D object; visual-only.,"no, baked perspective warning",True
pvg_obj_core_barrier_barrier2_6_0523,core,pvg_clutter_small_barrier2_6_ae605b36,res://assets/tilesets/cyber_city_core_tilesets/CyberCity_Core_Tiles_1/CyberCity_Core_Tiles_1/Barrier2_6.png,Barrier2_6.png,89,93,barrier,OccludableObjects,90,1.0,VISIBLE_ALPHA_CENTER,SPRITE_STAMP_BETTER,"no, baked perspective warning",Use as an individually transformable Node2D/Sprite2D object; visual-only.,"no, baked perspective warning",True
pvg_obj_core_barrier_barrier2_7_0524,core,pvg_clutter_small_barrier2_7_c610002e,res://assets/tilesets/cyber_city_core_tilesets/CyberCity_Core_Tiles_1/CyberCity_Core_Tiles_1/Barrier2_7.png,Barrier2_7.png,89,94,barrier,OccludableObjects,90,1.0,VISIBLE_ALPHA_CENTER,SPRITE_STAMP_BETTER,"no, baked perspective warning",Use as an individually transformable Node2D/Sprite2D object; visual-only.,"no, baked perspective warning",True
pvg_obj_core_barrier_barrier2_8_0525,core,pvg_clutter_small_barrier2_8_a0db8f2c,res://assets/tilesets/cyber_city_core_tilesets/CyberCity_Core_Tiles_1/CyberCity_Core_Tiles_1/Barrier2_8.png,Barrier2_8.png,90,93,barrier,OccludableObjects,90,1.0,VISIBLE_ALPHA_CENTER,SPRITE_STAMP_BETTER,"no, baked perspective warning",Use as an individually transformable Node2D/Sprite2D object; visual-only.,"no, baked perspective warning",True
pvg_obj_core_barrier_roadbarrier1_3_0418,core,pvg_road_street_roadbarrier1_3_dffd8344,res://assets/tilesets/cyber_city_core_tilesets/CyberCity_Core_Tiles_2/CyberCity_Core_Tiles_2/RoadBarrier1_3.png,RoadBarrier1_3.png,123,65,barrier,OccludableObjects,90,1.0,VISIBLE_ALPHA_CENTER,MODULAR_PART_OK,"no, baked perspective warning",Use as an individually transformable Node2D/Sprite2D object; visual-only.,"no, baked perspective warning",True
pvg_obj_core_furniture_floormat1_1_0417,core,pvg_floor_patch_floormat1_1_5af4a668,res://assets/tilesets/cyber_city_core_tilesets/CyberCity_Core_Tiles_2/CyberCity_Core_Tiles_2/FloorMat1_1.png,FloorMat1_1.png,49,45,furniture,OccludableObjects,90,1.0,VISIBLE_ALPHA_CENTER,MODULAR_PART_OK,maybe,Use as an individually transformable Node2D/Sprite2D object; visual-only.,,True
pvg_obj_core_furniture_floormat1_4_0419,core,pvg_floor_diamond_floormat1_4_3156da42,res://assets/tilesets/cyber_city_core_tilesets/CyberCity_Core_Tiles_2/CyberCity_Core_Tiles_2/FloorMat1_4.png,FloorMat1_4.png,63,36,furniture,OccludableObjects,90,1.0,VISIBLE_ALPHA_CENTER,MODULAR_PART_OK,maybe,Use as an individually transformable Node2D/Sprite2D object; visual-only.,,True
pvg_obj_core_furniture_interior_floor10_1_0378,core,pvg_floor_patch_interior_floor10_1_7f00114f,res://assets/tilesets/cyber_city_core_tilesets/CyberCity_Core_Tiles_2/CyberCity_Core_Tiles_2/Interior_Floor10_1.png,Interior_Floor10_1.png,322,233,furniture,OccludableObjects,90,1.0,VISIBLE_ALPHA_CENTER,MODULAR_PART_OK,maybe,Use as an individually transformable Node2D/Sprite2D object; visual-only.,,True
pvg_obj_core_furniture_interior_floor10_2_0354,core,pvg_floor_patch_interior_floor10_2_f5b01d3e,res://assets/tilesets/cyber_city_core_tilesets/CyberCity_Core_Tiles_2/CyberCity_Core_Tiles_2/Interior_Floor10_2.png,Interior_Floor10_2.png,321,231,furniture,OccludableObjects,90,1.0,VISIBLE_ALPHA_CENTER,MODULAR_PART_OK,maybe,Use as an individually transformable Node2D/Sprite2D object; visual-only.,,True
pvg_obj_core_furniture_interior_floor10_3_0426,core,pvg_floor_patch_interior_floor10_3_42582756,res://assets/tilesets/cyber_city_core_tilesets/CyberCity_Core_Tiles_2/CyberCity_Core_Tiles_2/Interior_Floor10_3.png,Interior_Floor10_3.png,442,314,furniture,OccludableObjects,90,1.0,VISIBLE_ALPHA_CENTER,MODULAR_PART_OK,maybe,Use as an individually transformable Node2D/Sprite2D object; visual-only.,,True
pvg_obj_core_furniture_interior_floor10_4_0447,core,pvg_floor_patch_interior_floor10_4_90736966,res://assets/tilesets/cyber_city_core_tilesets/CyberCity_Core_Tiles_2/CyberCity_Core_Tiles_2/Interior_Floor10_4.png,Interior_Floor10_4.png,442,314,furniture,OccludableObjects,90,1.0,VISIBLE_ALPHA_CENTER,MODULAR_PART_OK,maybe,Use as an individually transformable Node2D/Sprite2D object; visual-only.,,True
pvg_obj_core_furniture_interior_floor11_1_0379,core,pvg_floor_patch_interior_floor11_1_8cd15e1a,res://assets/tilesets/cyber_city_core_tilesets/CyberCity_Core_Tiles_2/CyberCity_Core_Tiles_2/Interior_Floor11_1.png,Interior_Floor11_1.png,322,233,furniture,OccludableObjects,90,1.0,VISIBLE_ALPHA_CENTER,MODULAR_PART_OK,maybe,Use as an individually transformable Node2D/Sprite2D object; visual-only.,,True
pvg_obj_core_furniture_interior_floor11_2_0355,core,pvg_floor_patch_interior_floor11_2_bbcce079,res://assets/tilesets/cyber_city_core_tilesets/CyberCity_Core_Tiles_2/CyberCity_Core_Tiles_2/Interior_Floor11_2.png,Interior_Floor11_2.png,321,231,furniture,OccludableObjects,90,1.0,VISIBLE_ALPHA_CENTER,MODULAR_PART_OK,maybe,Use as an individually transformable Node2D/Sprite2D object; visual-only.,,True
pvg_obj_core_furniture_interior_floor11_3_0427,core,pvg_floor_patch_interior_floor11_3_2ad0e2f9,res://assets/tilesets/cyber_city_core_tilesets/CyberCity_Core_Tiles_2/CyberCity_Core_Tiles_2/Interior_Floor11_3.png,Interior_Floor11_3.png,442,314,furniture,OccludableObjects,90,1.0,VISIBLE_ALPHA_CENTER,MODULAR_PART_OK,maybe,Use as an individually transformable Node2D/Sprite2D object; visual-only.,,True
pvg_obj_core_furniture_interior_floor11_4_0448,core,pvg_floor_patch_interior_floor11_4_658a479a,res://assets/tilesets/cyber_city_core_tilesets/CyberCity_Core_Tiles_2/CyberCity_Core_Tiles_2/Interior_Floor11_4.png,Interior_Floor11_4.png,442,314,furniture,OccludableObjects,90,1.0,VISIBLE_ALPHA_CENTER,MODULAR_PART_OK,maybe,Use as an individually transformable Node2D/Sprite2D object; visual-only.,,True
pvg_obj_core_furniture_interior_floor1_1_0376,core,pvg_floor_patch_interior_floor1_1_9275c849,res://assets/tilesets/cyber_city_core_tilesets/CyberCity_Core_Tiles_2/CyberCity_Core_Tiles_2/Interior_Floor1_1.png,Interior_Floor1_1.png,322,233,furniture,OccludableObjects,90,1.0,VISIBLE_ALPHA_CENTER,MODULAR_PART_OK,maybe,Use as an individually transformable Node2D/Sprite2D object; visual-only.,,True
pvg_obj_core_furniture_interior_floor1_2_0375,core,pvg_floor_patch_interior_floor1_2_4eb43657,res://assets/tilesets/cyber_city_core_tilesets/CyberCity_Core_Tiles_2/CyberCity_Core_Tiles_2/Interior_Floor1_2.png,Interior_Floor1_2.png,321,233,furniture,OccludableObjects,90,1.0,VISIBLE_ALPHA_CENTER,MODULAR_PART_OK,maybe,Use as an individually transformable Node2D/Sprite2D object; visual-only.,,True
pvg_obj_core_furniture_interior_floor1_3_0423,core,pvg_floor_patch_interior_floor1_3_9fec593c,res://assets/tilesets/cyber_city_core_tilesets/CyberCity_Core_Tiles_2/CyberCity_Core_Tiles_2/Interior_Floor1_3.png,Interior_Floor1_3.png,443,314,furniture,OccludableObjects,90,1.0,VISIBLE_ALPHA_CENTER,MODULAR_PART_OK,maybe,Use as an individually transformable Node2D/Sprite2D object; visual-only.,,True
pvg_obj_core_furniture_interior_floor1_4_0422,core,pvg_floor_patch_interior_floor1_4_41fde01f,res://assets/tilesets/cyber_city_core_tilesets/CyberCity_Core_Tiles_2/CyberCity_Core_Tiles_2/Interior_Floor1_4.png,Interior_Floor1_4.png,442,315,furniture,OccludableObjects,90,1.0,VISIBLE_ALPHA_CENTER,MODULAR_PART_OK,maybe,Use as an individually transformable Node2D/Sprite2D object; visual-only.,,True
pvg_obj_core_furniture_interior_floor22_1_0380,core,pvg_floor_patch_interior_floor22_1_8571c8e3,res://assets/tilesets/cyber_city_core_tilesets/CyberCity_Core_Tiles_2/CyberCity_Core_Tiles_2/Interior_Floor22_1.png,Interior_Floor22_1.png,322,233,furniture,OccludableObjects,90,1.0,VISIBLE_ALPHA_CENTER,MODULAR_PART_OK,maybe,Use as an individually transformable Node2D/Sprite2D object; visual-only.,,True
pvg_obj_core_furniture_interior_floor22_2_0356,core,pvg_floor_patch_interior_floor22_2_3056c13d,res://assets/tilesets/cyber_city_core_tilesets/CyberCity_Core_Tiles_2/CyberCity_Core_Tiles_2/Interior_Floor22_2.png,Interior_Floor22_2.png,321,231,furniture,OccludableObjects,90,1.0,VISIBLE_ALPHA_CENTER,MODULAR_PART_OK,maybe,Use as an individually transformable Node2D/Sprite2D object; visual-only.,,True
pvg_obj_core_furniture_interior_floor22_3_0428,core,pvg_floor_patch_interior_floor22_3_87f3a996,res://assets/tilesets/cyber_city_core_tilesets/CyberCity_Core_Tiles_2/CyberCity_Core_Tiles_2/Interior_Floor22_3.png,Interior_Floor22_3.png,442,314,furniture,OccludableObjects,90,1.0,VISIBLE_ALPHA_CENTER,MODULAR_PART_OK,maybe,Use as an individually transformable Node2D/Sprite2D object; visual-only.,,True
pvg_obj_core_furniture_interior_floor22_4_0449,core,pvg_floor_patch_interior_floor22_4_e62aa773,res://assets/tilesets/cyber_city_core_tilesets/CyberCity_Core_Tiles_2/CyberCity_Core_Tiles_2/Interior_Floor22_4.png,Interior_Floor22_4.png,442,314,furniture,OccludableObjects,90,1.0,VISIBLE_ALPHA_CENTER,MODULAR_PART_OK,maybe,Use as an individually transformable Node2D/Sprite2D object; visual-only.,,True
pvg_obj_core_furniture_interior_floor23_1_0381,core,pvg_floor_patch_interior_floor23_1_6da46e2e,res://assets/tilesets/cyber_city_core_tilesets/CyberCity_Core_Tiles_2/CyberCity_Core_Tiles_2/Interior_Floor23_1.png,Interior_Floor23_1.png,322,233,furniture,OccludableObjects,90,1.0,VISIBLE_ALPHA_CENTER,MODULAR_PART_OK,maybe,Use as an individually transformable Node2D/Sprite2D object; visual-only.,,True
pvg_obj_core_furniture_interior_floor23_2_0357,core,pvg_floor_patch_interior_floor23_2_db20130c,res://assets/tilesets/cyber_city_core_tilesets/CyberCity_Core_Tiles_2/CyberCity_Core_Tiles_2/Interior_Floor23_2.png,Interior_Floor23_2.png,321,231,furniture,OccludableObjects,90,1.0,VISIBLE_ALPHA_CENTER,MODULAR_PART_OK,maybe,Use as an individually transformable Node2D/Sprite2D object; visual-only.,,True
pvg_obj_core_furniture_interior_floor23_3_0429,core,pvg_floor_patch_interior_floor23_3_ba10d143,res://assets/tilesets/cyber_city_core_tilesets/CyberCity_Core_Tiles_2/CyberCity_Core_Tiles_2/Interior_Floor23_3.png,Interior_Floor23_3.png,442,314,furniture,OccludableObjects,90,1.0,VISIBLE_ALPHA_CENTER,MODULAR_PART_OK,maybe,Use as an individually transformable Node2D/Sprite2D object; visual-only.,,True
pvg_obj_core_furniture_interior_floor23_4_0450,core,pvg_floor_patch_interior_floor23_4_457eafcd,res://assets/tilesets/cyber_city_core_tilesets/CyberCity_Core_Tiles_2/CyberCity_Core_Tiles_2/Interior_Floor23_4.png,Interior_Floor23_4.png,442,314,furniture,OccludableObjects,90,1.0,VISIBLE_ALPHA_CENTER,MODULAR_PART_OK,maybe,Use as an individually transformable Node2D/Sprite2D object; visual-only.,,True
pvg_obj_core_furniture_interior_floor24_1_0382,core,pvg_floor_patch_interior_floor24_1_be3c3aa3,res://assets/tilesets/cyber_city_core_tilesets/CyberCity_Core_Tiles_2/CyberCity_Core_Tiles_2/Interior_Floor24_1.png,Interior_Floor24_1.png,322,233,furniture,OccludableObjects,90,1.0,VISIBLE_ALPHA_CENTER,MODULAR_PART_OK,maybe,Use as an individually transformable Node2D/Sprite2D object; visual-only.,,True
pvg_obj_core_furniture_interior_floor24_2_0351,core,pvg_floor_patch_interior_floor24_2_4bd2a46b,res://assets/tilesets/cyber_city_core_tilesets/CyberCity_Core_Tiles_2/CyberCity_Core_Tiles_2/Interior_Floor24_2.png,Interior_Floor24_2.png,321,230,furniture,OccludableObjects,90,1.0,VISIBLE_ALPHA_CENTER,MODULAR_PART_OK,maybe,Use as an individually transformable Node2D/Sprite2D object; visual-only.,,True
pvg_obj_core_furniture_interior_floor24_3_0424,core,pvg_floor_patch_interior_floor24_3_2626a54e,res://assets/tilesets/cyber_city_core_tilesets/CyberCity_Core_Tiles_2/CyberCity_Core_Tiles_2/Interior_Floor24_3.png,Interior_Floor24_3.png,442,314,furniture,OccludableObjects,90,1.0,VISIBLE_ALPHA_CENTER,MODULAR_PART_OK,maybe,Use as an individually transformable Node2D/Sprite2D object; visual-only.,,True
pvg_obj_core_furniture_interior_floor24_4_0451,core,pvg_floor_patch_interior_floor24_4_ed183e61,res://assets/tilesets/cyber_city_core_tilesets/CyberCity_Core_Tiles_2/CyberCity_Core_Tiles_2/Interior_Floor24_4.png,Interior_Floor24_4.png,442,314,furniture,OccludableObjects,90,1.0,VISIBLE_ALPHA_CENTER,MODULAR_PART_OK,maybe,Use as an individually transformable Node2D/Sprite2D object; visual-only.,,True
pvg_obj_core_furniture_interior_floor25_1_0383,core,pvg_floor_patch_interior_floor25_1_a6b35744,res://assets/tilesets/cyber_city_core_tilesets/CyberCity_Core_Tiles_2/CyberCity_Core_Tiles_2/Interior_Floor25_1.png,Interior_Floor25_1.png,322,233,furniture,OccludableObjects,90,1.0,VISIBLE_ALPHA_CENTER,MODULAR_PART_OK,maybe,Use as an individually transformable Node2D/Sprite2D object; visual-only.,,True
pvg_obj_core_furniture_interior_floor25_2_0358,core,pvg_floor_patch_interior_floor25_2_4ec92ac5,res://assets/tilesets/cyber_city_core_tilesets/CyberCity_Core_Tiles_2/CyberCity_Core_Tiles_2/Interior_Floor25_2.png,Interior_Floor25_2.png,321,231,furniture,OccludableObjects,90,1.0,VISIBLE_ALPHA_CENTER,MODULAR_PART_OK,maybe,Use as an individually transformable Node2D/Sprite2D object; visual-only.,,True
pvg_obj_core_furniture_interior_floor25_3_0430,core,pvg_floor_patch_interior_floor25_3_41d09aea,res://assets/tilesets/cyber_city_core_tilesets/CyberCity_Core_Tiles_2/CyberCity_Core_Tiles_2/Interior_Floor25_3.png,Interior_Floor25_3.png,442,314,furniture,OccludableObjects,90,1.0,VISIBLE_ALPHA_CENTER,MODULAR_PART_OK,maybe,Use as an individually transformable Node2D/Sprite2D object; visual-only.,,True
pvg_obj_core_furniture_interior_floor25_4_0452,core,pvg_floor_patch_interior_floor25_4_f3119b13,res://assets/tilesets/cyber_city_core_tilesets/CyberCity_Core_Tiles_2/CyberCity_Core_Tiles_2/Interior_Floor25_4.png,Interior_Floor25_4.png,442,314,furniture,OccludableObjects,90,1.0,VISIBLE_ALPHA_CENTER,MODULAR_PART_OK,maybe,Use as an individually transformable Node2D/Sprite2D object; visual-only.,,True
pvg_obj_core_furniture_interior_floor26_1_0384,core,pvg_floor_patch_interior_floor26_1_1c015f45,res://assets/tilesets/cyber_city_core_tilesets/CyberCity_Core_Tiles_2/CyberCity_Core_Tiles_2/Interior_Floor26_1.png,Interior_Floor26_1.png,322,233,furniture,OccludableObjects,90,1.0,VISIBLE_ALPHA_CENTER,MODULAR_PART_OK,maybe,Use as an individually transformable Node2D/Sprite2D object; visual-only.,,True
pvg_obj_core_furniture_interior_floor26_2_0359,core,pvg_floor_patch_interior_floor26_2_5559c339,res://assets/tilesets/cyber_city_core_tilesets/CyberCity_Core_Tiles_2/CyberCity_Core_Tiles_2/Interior_Floor26_2.png,Interior_Floor26_2.png,321,231,furniture,OccludableObjects,90,1.0,VISIBLE_ALPHA_CENTER,MODULAR_PART_OK,maybe,Use as an individually transformable Node2D/Sprite2D object; visual-only.,,True
pvg_obj_core_furniture_interior_floor26_3_0431,core,pvg_floor_patch_interior_floor26_3_6d98c96f,res://assets/tilesets/cyber_city_core_tilesets/CyberCity_Core_Tiles_2/CyberCity_Core_Tiles_2/Interior_Floor26_3.png,Interior_Floor26_3.png,442,314,furniture,OccludableObjects,90,1.0,VISIBLE_ALPHA_CENTER,MODULAR_PART_OK,maybe,Use as an individually transformable Node2D/Sprite2D object; visual-only.,,True
pvg_obj_core_furniture_interior_floor26_4_0453,core,pvg_floor_patch_interior_floor26_4_de657c3e,res://assets/tilesets/cyber_city_core_tilesets/CyberCity_Core_Tiles_2/CyberCity_Core_Tiles_2/Interior_Floor26_4.png,Interior_Floor26_4.png,442,314,furniture,OccludableObjects,90,1.0,VISIBLE_ALPHA_CENTER,MODULAR_PART_OK,maybe,Use as an individually transformable Node2D/Sprite2D object; visual-only.,,True
pvg_obj_core_furniture_interior_floor27_1_0385,core,pvg_floor_patch_interior_floor27_1_f37b3f5b,res://assets/tilesets/cyber_city_core_tilesets/CyberCity_Core_Tiles_2/CyberCity_Core_Tiles_2/Interior_Floor27_1.png,Interior_Floor27_1.png,322,233,furniture,OccludableObjects,90,1.0,VISIBLE_ALPHA_CENTER,MODULAR_PART_OK,maybe,Use as an individually transformable Node2D/Sprite2D object; visual-only.,,True
pvg_obj_core_furniture_interior_floor27_2_0360,core,pvg_floor_patch_interior_floor27_2_ffc995b6,res://assets/tilesets/cyber_city_core_tilesets/CyberCity_Core_Tiles_2/CyberCity_Core_Tiles_2/Interior_Floor27_2.png,Interior_Floor27_2.png,321,231,furniture,OccludableObjects,90,1.0,VISIBLE_ALPHA_CENTER,MODULAR_PART_OK,maybe,Use as an individually transformable Node2D/Sprite2D object; visual-only.,,True
pvg_obj_core_furniture_interior_floor27_3_0425,core,pvg_floor_patch_interior_floor27_3_e9544d15,res://assets/tilesets/cyber_city_core_tilesets/CyberCity_Core_Tiles_2/CyberCity_Core_Tiles_2/Interior_Floor27_3.png,Interior_Floor27_3.png,442,314,furniture,OccludableObjects,90,1.0,VISIBLE_ALPHA_CENTER,MODULAR_PART_OK,maybe,Use as an individually transformable Node2D/Sprite2D object; visual-only.,,True
pvg_obj_core_furniture_interior_floor27_4_0454,core,pvg_floor_patch_interior_floor27_4_4949f0f0,res://assets/tilesets/cyber_city_core_tilesets/CyberCity_Core_Tiles_2/CyberCity_Core_Tiles_2/Interior_Floor27_4.png,Interior_Floor27_4.png,442,314,furniture,OccludableObjects,90,1.0,VISIBLE_ALPHA_CENTER,MODULAR_PART_OK,maybe,Use as an individually transformable Node2D/Sprite2D object; visual-only.,,True
pvg_obj_core_furniture_interior_floor2_1_0386,core,pvg_floor_patch_interior_floor2_1_cb143ec3,res://assets/tilesets/cyber_city_core_tilesets/CyberCity_Core_Tiles_2/CyberCity_Core_Tiles_2/Interior_Floor2_1.png,Interior_Floor2_1.png,322,233,furniture,OccludableObjects,90,1.0,VISIBLE_ALPHA_CENTER,MODULAR_PART_OK,maybe,Use as an individually transformable Node2D/Sprite2D object; visual-only.,,True
pvg_obj_core_furniture_interior_floor2_2_0352,core,pvg_floor_patch_interior_floor2_2_81136525,res://assets/tilesets/cyber_city_core_tilesets/CyberCity_Core_Tiles_2/CyberCity_Core_Tiles_2/Interior_Floor2_2.png,Interior_Floor2_2.png,321,230,furniture,OccludableObjects,90,1.0,VISIBLE_ALPHA_CENTER,MODULAR_PART_OK,maybe,Use as an individually transformable Node2D/Sprite2D object; visual-only.,,True
pvg_obj_core_furniture_interior_floor2_3_0432,core,pvg_floor_patch_interior_floor2_3_641d544c,res://assets/tilesets/cyber_city_core_tilesets/CyberCity_Core_Tiles_2/CyberCity_Core_Tiles_2/Interior_Floor2_3.png,Interior_Floor2_3.png,442,314,furniture,OccludableObjects,90,1.0,VISIBLE_ALPHA_CENTER,MODULAR_PART_OK,maybe,Use as an individually transformable Node2D/Sprite2D object; visual-only.,,True
pvg_obj_core_furniture_interior_floor31_1_0387,core,pvg_floor_patch_interior_floor31_1_c44a5f66,res://assets/tilesets/cyber_city_core_tilesets/CyberCity_Core_Tiles_2/CyberCity_Core_Tiles_2/Interior_Floor31_1.png,Interior_Floor31_1.png,322,233,furniture,OccludableObjects,90,1.0,VISIBLE_ALPHA_CENTER,MODULAR_PART_OK,maybe,Use as an individually transformable Node2D/Sprite2D object; visual-only.,,True
pvg_obj_core_furniture_interior_floor31_2_0361,core,pvg_floor_patch_interior_floor31_2_0e851d83,res://assets/tilesets/cyber_city_core_tilesets/CyberCity_Core_Tiles_2/CyberCity_Core_Tiles_2/Interior_Floor31_2.png,Interior_Floor31_2.png,321,231,furniture,OccludableObjects,90,1.0,VISIBLE_ALPHA_CENTER,MODULAR_PART_OK,maybe,Use as an individually transformable Node2D/Sprite2D object; visual-only.,,True
pvg_obj_core_furniture_interior_floor31_3_0433,core,pvg_floor_patch_interior_floor31_3_bd7450e2,res://assets/tilesets/cyber_city_core_tilesets/CyberCity_Core_Tiles_2/CyberCity_Core_Tiles_2/Interior_Floor31_3.png,Interior_Floor31_3.png,442,314,furniture,OccludableObjects,90,1.0,VISIBLE_ALPHA_CENTER,MODULAR_PART_OK,maybe,Use as an individually transformable Node2D/Sprite2D object; visual-only.,,True
pvg_obj_core_furniture_interior_floor31_4_0455,core,pvg_floor_patch_interior_floor31_4_d998d890,res://assets/tilesets/cyber_city_core_tilesets/CyberCity_Core_Tiles_2/CyberCity_Core_Tiles_2/Interior_Floor31_4.png,Interior_Floor31_4.png,442,314,furniture,OccludableObjects,90,1.0,VISIBLE_ALPHA_CENTER,MODULAR_PART_OK,maybe,Use as an individually transformable Node2D/Sprite2D object; visual-only.,,True
pvg_obj_core_furniture_interior_floor34_1_0388,core,pvg_floor_patch_interior_floor34_1_4be72007,res://assets/tilesets/cyber_city_core_tilesets/CyberCity_Core_Tiles_2/CyberCity_Core_Tiles_2/Interior_Floor34_1.png,Interior_Floor34_1.png,322,233,furniture,OccludableObjects,90,1.0,VISIBLE_ALPHA_CENTER,MODULAR_PART_OK,maybe,Use as an individually transformable Node2D/Sprite2D object; visual-only.,,True
pvg_obj_core_furniture_interior_floor34_2_0362,core,pvg_floor_patch_interior_floor34_2_a7fa8230,res://assets/tilesets/cyber_city_core_tilesets/CyberCity_Core_Tiles_2/CyberCity_Core_Tiles_2/Interior_Floor34_2.png,Interior_Floor34_2.png,321,231,furniture,OccludableObjects,90,1.0,VISIBLE_ALPHA_CENTER,MODULAR_PART_OK,maybe,Use as an individually transformable Node2D/Sprite2D object; visual-only.,,True
pvg_obj_core_furniture_interior_floor34_3_0434,core,pvg_floor_patch_interior_floor34_3_db65c2b2,res://assets/tilesets/cyber_city_core_tilesets/CyberCity_Core_Tiles_2/CyberCity_Core_Tiles_2/Interior_Floor34_3.png,Interior_Floor34_3.png,442,314,furniture,OccludableObjects,90,1.0,VISIBLE_ALPHA_CENTER,MODULAR_PART_OK,maybe,Use as an individually transformable Node2D/Sprite2D object; visual-only.,,True
pvg_obj_core_furniture_interior_floor34_4_0456,core,pvg_floor_patch_interior_floor34_4_767b0ffa,res://assets/tilesets/cyber_city_core_tilesets/CyberCity_Core_Tiles_2/CyberCity_Core_Tiles_2/Interior_Floor34_4.png,Interior_Floor34_4.png,442,314,furniture,OccludableObjects,90,1.0,VISIBLE_ALPHA_CENTER,MODULAR_PART_OK,maybe,Use as an individually transformable Node2D/Sprite2D object; visual-only.,,True
pvg_obj_core_furniture_interior_floor36_1_0389,core,pvg_floor_patch_interior_floor36_1_c55b6eca,res://assets/tilesets/cyber_city_core_tilesets/CyberCity_Core_Tiles_2/CyberCity_Core_Tiles_2/Interior_Floor36_1.png,Interior_Floor36_1.png,322,233,furniture,OccludableObjects,90,1.0,VISIBLE_ALPHA_CENTER,MODULAR_PART_OK,maybe,Use as an individually transformable Node2D/Sprite2D object; visual-only.,,True
pvg_obj_core_furniture_interior_floor36_2_0363,core,pvg_floor_patch_interior_floor36_2_64ede52a,res://assets/tilesets/cyber_city_core_tilesets/CyberCity_Core_Tiles_2/CyberCity_Core_Tiles_2/Interior_Floor36_2.png,Interior_Floor36_2.png,321,231,furniture,OccludableObjects,90,1.0,VISIBLE_ALPHA_CENTER,MODULAR_PART_OK,maybe,Use as an individually transformable Node2D/Sprite2D object; visual-only.,,True
pvg_obj_core_furniture_interior_floor36_3_0435,core,pvg_floor_patch_interior_floor36_3_2e753523,res://assets/tilesets/cyber_city_core_tilesets/CyberCity_Core_Tiles_2/CyberCity_Core_Tiles_2/Interior_Floor36_3.png,Interior_Floor36_3.png,442,314,furniture,OccludableObjects,90,1.0,VISIBLE_ALPHA_CENTER,MODULAR_PART_OK,maybe,Use as an individually transformable Node2D/Sprite2D object; visual-only.,,True
pvg_obj_core_furniture_interior_floor36_4_0457,core,pvg_floor_patch_interior_floor36_4_892a1f40,res://assets/tilesets/cyber_city_core_tilesets/CyberCity_Core_Tiles_2/CyberCity_Core_Tiles_2/Interior_Floor36_4.png,Interior_Floor36_4.png,442,314,furniture,OccludableObjects,90,1.0,VISIBLE_ALPHA_CENTER,MODULAR_PART_OK,maybe,Use as an individually transformable Node2D/Sprite2D object; visual-only.,,True
pvg_obj_core_furniture_interior_floor37_1_0390,core,pvg_floor_patch_interior_floor37_1_f32a20f9,res://assets/tilesets/cyber_city_core_tilesets/CyberCity_Core_Tiles_2/CyberCity_Core_Tiles_2/Interior_Floor37_1.png,Interior_Floor37_1.png,322,233,furniture,OccludableObjects,90,1.0,VISIBLE_ALPHA_CENTER,MODULAR_PART_OK,maybe,Use as an individually transformable Node2D/Sprite2D object; visual-only.,,True
pvg_obj_core_furniture_interior_floor37_2_0364,core,pvg_floor_patch_interior_floor37_2_eceb5bea,res://assets/tilesets/cyber_city_core_tilesets/CyberCity_Core_Tiles_2/CyberCity_Core_Tiles_2/Interior_Floor37_2.png,Interior_Floor37_2.png,321,231,furniture,OccludableObjects,90,1.0,VISIBLE_ALPHA_CENTER,MODULAR_PART_OK,maybe,Use as an individually transformable Node2D/Sprite2D object; visual-only.,,True
pvg_obj_core_furniture_interior_floor37_3_0436,core,pvg_floor_patch_interior_floor37_3_fa87795b,res://assets/tilesets/cyber_city_core_tilesets/CyberCity_Core_Tiles_2/CyberCity_Core_Tiles_2/Interior_Floor37_3.png,Interior_Floor37_3.png,442,314,furniture,OccludableObjects,90,1.0,VISIBLE_ALPHA_CENTER,MODULAR_PART_OK,maybe,Use as an individually transformable Node2D/Sprite2D object; visual-only.,,True
pvg_obj_core_furniture_interior_floor37_4_0458,core,pvg_floor_patch_interior_floor37_4_0d52a6b4,res://assets/tilesets/cyber_city_core_tilesets/CyberCity_Core_Tiles_2/CyberCity_Core_Tiles_2/Interior_Floor37_4.png,Interior_Floor37_4.png,442,314,furniture,OccludableObjects,90,1.0,VISIBLE_ALPHA_CENTER,MODULAR_PART_OK,maybe,Use as an individually transformable Node2D/Sprite2D object; visual-only.,,True
pvg_obj_core_furniture_interior_floor39_1_0391,core,pvg_floor_patch_interior_floor39_1_4cd169bd,res://assets/tilesets/cyber_city_core_tilesets/CyberCity_Core_Tiles_2/CyberCity_Core_Tiles_2/Interior_Floor39_1.png,Interior_Floor39_1.png,322,233,furniture,OccludableObjects,90,1.0,VISIBLE_ALPHA_CENTER,MODULAR_PART_OK,maybe,Use as an individually transformable Node2D/Sprite2D object; visual-only.,,True
pvg_obj_core_furniture_interior_floor39_2_0365,core,pvg_floor_patch_interior_floor39_2_d44f08d9,res://assets/tilesets/cyber_city_core_tilesets/CyberCity_Core_Tiles_2/CyberCity_Core_Tiles_2/Interior_Floor39_2.png,Interior_Floor39_2.png,321,231,furniture,OccludableObjects,90,1.0,VISIBLE_ALPHA_CENTER,MODULAR_PART_OK,maybe,Use as an individually transformable Node2D/Sprite2D object; visual-only.,,True
pvg_obj_core_furniture_interior_floor39_3_0437,core,pvg_floor_patch_interior_floor39_3_dbf0bb60,res://assets/tilesets/cyber_city_core_tilesets/CyberCity_Core_Tiles_2/CyberCity_Core_Tiles_2/Interior_Floor39_3.png,Interior_Floor39_3.png,442,314,furniture,OccludableObjects,90,1.0,VISIBLE_ALPHA_CENTER,MODULAR_PART_OK,maybe,Use as an individually transformable Node2D/Sprite2D object; visual-only.,,True
pvg_obj_core_furniture_interior_floor39_4_0459,core,pvg_floor_patch_interior_floor39_4_413b6d88,res://assets/tilesets/cyber_city_core_tilesets/CyberCity_Core_Tiles_2/CyberCity_Core_Tiles_2/Interior_Floor39_4.png,Interior_Floor39_4.png,442,314,furniture,OccludableObjects,90,1.0,VISIBLE_ALPHA_CENTER,MODULAR_PART_OK,maybe,Use as an individually transformable Node2D/Sprite2D object; visual-only.,,True
pvg_obj_core_furniture_interior_floor40_1_0392,core,pvg_floor_patch_interior_floor40_1_c3678424,res://assets/tilesets/cyber_city_core_tilesets/CyberCity_Core_Tiles_2/CyberCity_Core_Tiles_2/Interior_Floor40_1.png,Interior_Floor40_1.png,322,233,furniture,OccludableObjects,90,1.0,VISIBLE_ALPHA_CENTER,MODULAR_PART_OK,maybe,Use as an individually transformable Node2D/Sprite2D object; visual-only.,,True
pvg_obj_core_furniture_interior_floor40_2_0366,core,pvg_floor_patch_interior_floor40_2_e74f60e1,res://assets/tilesets/cyber_city_core_tilesets/CyberCity_Core_Tiles_2/CyberCity_Core_Tiles_2/Interior_Floor40_2.png,Interior_Floor40_2.png,321,231,furniture,OccludableObjects,90,1.0,VISIBLE_ALPHA_CENTER,MODULAR_PART_OK,maybe,Use as an individually transformable Node2D/Sprite2D object; visual-only.,,True
pvg_obj_core_furniture_interior_floor40_3_0438,core,pvg_floor_patch_interior_floor40_3_d600657b,res://assets/tilesets/cyber_city_core_tilesets/CyberCity_Core_Tiles_2/CyberCity_Core_Tiles_2/Interior_Floor40_3.png,Interior_Floor40_3.png,442,314,furniture,OccludableObjects,90,1.0,VISIBLE_ALPHA_CENTER,MODULAR_PART_OK,maybe,Use as an individually transformable Node2D/Sprite2D object; visual-only.,,True
pvg_obj_core_furniture_interior_floor40_4_0460,core,pvg_floor_patch_interior_floor40_4_167f62f3,res://assets/tilesets/cyber_city_core_tilesets/CyberCity_Core_Tiles_2/CyberCity_Core_Tiles_2/Interior_Floor40_4.png,Interior_Floor40_4.png,442,314,furniture,OccludableObjects,90,1.0,VISIBLE_ALPHA_CENTER,MODULAR_PART_OK,maybe,Use as an individually transformable Node2D/Sprite2D object; visual-only.,,True
pvg_obj_core_furniture_interior_floor41_1_0393,core,pvg_floor_patch_interior_floor41_1_bb893b04,res://assets/tilesets/cyber_city_core_tilesets/CyberCity_Core_Tiles_2/CyberCity_Core_Tiles_2/Interior_Floor41_1.png,Interior_Floor41_1.png,322,233,furniture,OccludableObjects,90,1.0,VISIBLE_ALPHA_CENTER,MODULAR_PART_OK,maybe,Use as an individually transformable Node2D/Sprite2D object; visual-only.,,True
pvg_obj_core_furniture_interior_floor41_2_0367,core,pvg_floor_patch_interior_floor41_2_1e1d8f59,res://assets/tilesets/cyber_city_core_tilesets/CyberCity_Core_Tiles_2/CyberCity_Core_Tiles_2/Interior_Floor41_2.png,Interior_Floor41_2.png,321,231,furniture,OccludableObjects,90,1.0,VISIBLE_ALPHA_CENTER,MODULAR_PART_OK,maybe,Use as an individually transformable Node2D/Sprite2D object; visual-only.,,True
pvg_obj_core_furniture_interior_floor41_3_0439,core,pvg_floor_patch_interior_floor41_3_853600f5,res://assets/tilesets/cyber_city_core_tilesets/CyberCity_Core_Tiles_2/CyberCity_Core_Tiles_2/Interior_Floor41_3.png,Interior_Floor41_3.png,442,314,furniture,OccludableObjects,90,1.0,VISIBLE_ALPHA_CENTER,MODULAR_PART_OK,maybe,Use as an individually transformable Node2D/Sprite2D object; visual-only.,,True
pvg_obj_core_furniture_interior_floor41_4_0461,core,pvg_floor_patch_interior_floor41_4_f02e55af,res://assets/tilesets/cyber_city_core_tilesets/CyberCity_Core_Tiles_2/CyberCity_Core_Tiles_2/Interior_Floor41_4.png,Interior_Floor41_4.png,442,314,furniture,OccludableObjects,90,1.0,VISIBLE_ALPHA_CENTER,MODULAR_PART_OK,maybe,Use as an individually transformable Node2D/Sprite2D object; visual-only.,,True
pvg_obj_core_furniture_interior_floor42_1_0394,core,pvg_floor_patch_interior_floor42_1_13f7cc8b,res://assets/tilesets/cyber_city_core_tilesets/CyberCity_Core_Tiles_2/CyberCity_Core_Tiles_2/Interior_Floor42_1.png,Interior_Floor42_1.png,322,233,furniture,OccludableObjects,90,1.0,VISIBLE_ALPHA_CENTER,MODULAR_PART_OK,maybe,Use as an individually transformable Node2D/Sprite2D object; visual-only.,,True
pvg_obj_core_furniture_interior_floor42_2_0368,core,pvg_floor_patch_interior_floor42_2_877c06bd,res://assets/tilesets/cyber_city_core_tilesets/CyberCity_Core_Tiles_2/CyberCity_Core_Tiles_2/Interior_Floor42_2.png,Interior_Floor42_2.png,321,231,furniture,OccludableObjects,90,1.0,VISIBLE_ALPHA_CENTER,MODULAR_PART_OK,maybe,Use as an individually transformable Node2D/Sprite2D object; visual-only.,,True
pvg_obj_core_furniture_interior_floor42_3_0440,core,pvg_floor_patch_interior_floor42_3_f9655bce,res://assets/tilesets/cyber_city_core_tilesets/CyberCity_Core_Tiles_2/CyberCity_Core_Tiles_2/Interior_Floor42_3.png,Interior_Floor42_3.png,442,314,furniture,OccludableObjects,90,1.0,VISIBLE_ALPHA_CENTER,MODULAR_PART_OK,maybe,Use as an individually transformable Node2D/Sprite2D object; visual-only.,,True
pvg_obj_core_furniture_interior_floor42_4_0462,core,pvg_floor_patch_interior_floor42_4_4c70842f,res://assets/tilesets/cyber_city_core_tilesets/CyberCity_Core_Tiles_2/CyberCity_Core_Tiles_2/Interior_Floor42_4.png,Interior_Floor42_4.png,442,314,furniture,OccludableObjects,90,1.0,VISIBLE_ALPHA_CENTER,MODULAR_PART_OK,maybe,Use as an individually transformable Node2D/Sprite2D object; visual-only.,,True
pvg_obj_core_furniture_interior_floor45_1_0395,core,pvg_floor_patch_interior_floor45_1_eb06d02b,res://assets/tilesets/cyber_city_core_tilesets/CyberCity_Core_Tiles_2/CyberCity_Core_Tiles_2/Interior_Floor45_1.png,Interior_Floor45_1.png,322,233,furniture,OccludableObjects,90,1.0,VISIBLE_ALPHA_CENTER,MODULAR_PART_OK,maybe,Use as an individually transformable Node2D/Sprite2D object; visual-only.,,True
pvg_obj_core_furniture_interior_floor45_2_0369,core,pvg_floor_patch_interior_floor45_2_bb5311a0,res://assets/tilesets/cyber_city_core_tilesets/CyberCity_Core_Tiles_2/CyberCity_Core_Tiles_2/Interior_Floor45_2.png,Interior_Floor45_2.png,321,231,furniture,OccludableObjects,90,1.0,VISIBLE_ALPHA_CENTER,MODULAR_PART_OK,maybe,Use as an individually transformable Node2D/Sprite2D object; visual-only.,,True
pvg_obj_core_furniture_interior_floor45_3_0441,core,pvg_floor_patch_interior_floor45_3_992e58be,res://assets/tilesets/cyber_city_core_tilesets/CyberCity_Core_Tiles_2/CyberCity_Core_Tiles_2/Interior_Floor45_3.png,Interior_Floor45_3.png,442,314,furniture,OccludableObjects,90,1.0,VISIBLE_ALPHA_CENTER,MODULAR_PART_OK,maybe,Use as an individually transformable Node2D/Sprite2D object; visual-only.,,True
pvg_obj_core_furniture_interior_floor45_4_0463,core,pvg_floor_patch_interior_floor45_4_098d943c,res://assets/tilesets/cyber_city_core_tilesets/CyberCity_Core_Tiles_2/CyberCity_Core_Tiles_2/Interior_Floor45_4.png,Interior_Floor45_4.png,442,314,furniture,OccludableObjects,90,1.0,VISIBLE_ALPHA_CENTER,MODULAR_PART_OK,maybe,Use as an individually transformable Node2D/Sprite2D object; visual-only.,,True
pvg_obj_core_furniture_interior_floor56_1_0396,core,pvg_floor_patch_interior_floor56_1_3627b8da,res://assets/tilesets/cyber_city_core_tilesets/CyberCity_Core_Tiles_2/CyberCity_Core_Tiles_2/Interior_Floor56_1.png,Interior_Floor56_1.png,322,233,furniture,OccludableObjects,90,1.0,VISIBLE_ALPHA_CENTER,MODULAR_PART_OK,maybe,Use as an individually transformable Node2D/Sprite2D object; visual-only.,,True
pvg_obj_core_furniture_interior_floor56_2_0370,core,pvg_floor_patch_interior_floor56_2_7d62f878,res://assets/tilesets/cyber_city_core_tilesets/CyberCity_Core_Tiles_2/CyberCity_Core_Tiles_2/Interior_Floor56_2.png,Interior_Floor56_2.png,321,231,furniture,OccludableObjects,90,1.0,VISIBLE_ALPHA_CENTER,MODULAR_PART_OK,maybe,Use as an individually transformable Node2D/Sprite2D object; visual-only.,,True
pvg_obj_core_furniture_interior_floor56_3_0442,core,pvg_floor_patch_interior_floor56_3_9685745c,res://assets/tilesets/cyber_city_core_tilesets/CyberCity_Core_Tiles_2/CyberCity_Core_Tiles_2/Interior_Floor56_3.png,Interior_Floor56_3.png,442,314,furniture,OccludableObjects,90,1.0,VISIBLE_ALPHA_CENTER,MODULAR_PART_OK,maybe,Use as an individually transformable Node2D/Sprite2D object; visual-only.,,True
pvg_obj_core_furniture_interior_floor56_4_0464,core,pvg_floor_patch_interior_floor56_4_546d3513,res://assets/tilesets/cyber_city_core_tilesets/CyberCity_Core_Tiles_2/CyberCity_Core_Tiles_2/Interior_Floor56_4.png,Interior_Floor56_4.png,442,314,furniture,OccludableObjects,90,1.0,VISIBLE_ALPHA_CENTER,MODULAR_PART_OK,maybe,Use as an individually transformable Node2D/Sprite2D object; visual-only.,,True
pvg_obj_core_furniture_interior_floor60_1_0397,core,pvg_floor_patch_interior_floor60_1_bc62a106,res://assets/tilesets/cyber_city_core_tilesets/CyberCity_Core_Tiles_2/CyberCity_Core_Tiles_2/Interior_Floor60_1.png,Interior_Floor60_1.png,322,233,furniture,OccludableObjects,90,1.0,VISIBLE_ALPHA_CENTER,MODULAR_PART_OK,maybe,Use as an individually transformable Node2D/Sprite2D object; visual-only.,,True
pvg_obj_core_furniture_interior_floor60_2_0371,core,pvg_floor_patch_interior_floor60_2_01cefddd,res://assets/tilesets/cyber_city_core_tilesets/CyberCity_Core_Tiles_2/CyberCity_Core_Tiles_2/Interior_Floor60_2.png,Interior_Floor60_2.png,321,231,furniture,OccludableObjects,90,1.0,VISIBLE_ALPHA_CENTER,MODULAR_PART_OK,maybe,Use as an individually transformable Node2D/Sprite2D object; visual-only.,,True
pvg_obj_core_furniture_interior_floor60_3_0443,core,pvg_floor_patch_interior_floor60_3_d88e73cb,res://assets/tilesets/cyber_city_core_tilesets/CyberCity_Core_Tiles_2/CyberCity_Core_Tiles_2/Interior_Floor60_3.png,Interior_Floor60_3.png,442,314,furniture,OccludableObjects,90,1.0,VISIBLE_ALPHA_CENTER,MODULAR_PART_OK,maybe,Use as an individually transformable Node2D/Sprite2D object; visual-only.,,True
pvg_obj_core_furniture_interior_floor60_4_0465,core,pvg_floor_patch_interior_floor60_4_9efe39de,res://assets/tilesets/cyber_city_core_tilesets/CyberCity_Core_Tiles_2/CyberCity_Core_Tiles_2/Interior_Floor60_4.png,Interior_Floor60_4.png,442,314,furniture,OccludableObjects,90,1.0,VISIBLE_ALPHA_CENTER,MODULAR_PART_OK,maybe,Use as an individually transformable Node2D/Sprite2D object; visual-only.,,True
pvg_obj_core_furniture_interior_floor6_1_0398,core,pvg_floor_patch_interior_floor6_1_85a744b0,res://assets/tilesets/cyber_city_core_tilesets/CyberCity_Core_Tiles_2/CyberCity_Core_Tiles_2/Interior_Floor6_1.png,Interior_Floor6_1.png,322,233,furniture,OccludableObjects,90,1.0,VISIBLE_ALPHA_CENTER,MODULAR_PART_OK,maybe,Use as an individually transformable Node2D/Sprite2D object; visual-only.,,True
pvg_obj_core_furniture_interior_floor6_2_0372,core,pvg_floor_patch_interior_floor6_2_1b2b5578,res://assets/tilesets/cyber_city_core_tilesets/CyberCity_Core_Tiles_2/CyberCity_Core_Tiles_2/Interior_Floor6_2.png,Interior_Floor6_2.png,321,231,furniture,OccludableObjects,90,1.0,VISIBLE_ALPHA_CENTER,MODULAR_PART_OK,maybe,Use as an individually transformable Node2D/Sprite2D object; visual-only.,,True
pvg_obj_core_furniture_interior_floor6_3_0444,core,pvg_floor_patch_interior_floor6_3_89e800e1,res://assets/tilesets/cyber_city_core_tilesets/CyberCity_Core_Tiles_2/CyberCity_Core_Tiles_2/Interior_Floor6_3.png,Interior_Floor6_3.png,442,314,furniture,OccludableObjects,90,1.0,VISIBLE_ALPHA_CENTER,MODULAR_PART_OK,maybe,Use as an individually transformable Node2D/Sprite2D object; visual-only.,,True
pvg_obj_core_furniture_interior_floor6_4_0466,core,pvg_floor_patch_interior_floor6_4_52e9335d,res://assets/tilesets/cyber_city_core_tilesets/CyberCity_Core_Tiles_2/CyberCity_Core_Tiles_2/Interior_Floor6_4.png,Interior_Floor6_4.png,442,314,furniture,OccludableObjects,90,1.0,VISIBLE_ALPHA_CENTER,MODULAR_PART_OK,maybe,Use as an individually transformable Node2D/Sprite2D object; visual-only.,,True
pvg_obj_core_furniture_interior_floor7_1_0377,core,pvg_floor_patch_interior_floor7_1_f594e4d2,res://assets/tilesets/cyber_city_core_tilesets/CyberCity_Core_Tiles_2/CyberCity_Core_Tiles_2/Interior_Floor7_1.png,Interior_Floor7_1.png,322,234,furniture,OccludableObjects,90,1.0,VISIBLE_ALPHA_CENTER,MODULAR_PART_OK,maybe,Use as an individually transformable Node2D/Sprite2D object; visual-only.,,True
pvg_obj_core_furniture_interior_floor7_2_0353,core,pvg_floor_patch_interior_floor7_2_6c3414ae,res://assets/tilesets/cyber_city_core_tilesets/CyberCity_Core_Tiles_2/CyberCity_Core_Tiles_2/Interior_Floor7_2.png,Interior_Floor7_2.png,321,233,furniture,OccludableObjects,90,1.0,VISIBLE_ALPHA_CENTER,MODULAR_PART_OK,maybe,Use as an individually transformable Node2D/Sprite2D object; visual-only.,,True
pvg_obj_core_furniture_interior_floor7_3_0420,core,pvg_floor_patch_interior_floor7_3_bb779bdb,res://assets/tilesets/cyber_city_core_tilesets/CyberCity_Core_Tiles_2/CyberCity_Core_Tiles_2/Interior_Floor7_3.png,Interior_Floor7_3.png,444,314,furniture,OccludableObjects,90,1.0,VISIBLE_ALPHA_CENTER,MODULAR_PART_OK,maybe,Use as an individually transformable Node2D/Sprite2D object; visual-only.,,True
pvg_obj_core_furniture_interior_floor7_4_0421,core,pvg_floor_patch_interior_floor7_4_0d56c1e3,res://assets/tilesets/cyber_city_core_tilesets/CyberCity_Core_Tiles_2/CyberCity_Core_Tiles_2/Interior_Floor7_4.png,Interior_Floor7_4.png,443,315,furniture,OccludableObjects,90,1.0,VISIBLE_ALPHA_CENTER,MODULAR_PART_OK,maybe,Use as an individually transformable Node2D/Sprite2D object; visual-only.,,True
pvg_obj_core_furniture_interior_floor8_1_0399,core,pvg_floor_patch_interior_floor8_1_49b59949,res://assets/tilesets/cyber_city_core_tilesets/CyberCity_Core_Tiles_2/CyberCity_Core_Tiles_2/Interior_Floor8_1.png,Interior_Floor8_1.png,322,233,furniture,OccludableObjects,90,1.0,VISIBLE_ALPHA_CENTER,MODULAR_PART_OK,maybe,Use as an individually transformable Node2D/Sprite2D object; visual-only.,,True
pvg_obj_core_furniture_interior_floor8_2_0373,core,pvg_floor_patch_interior_floor8_2_a1d7740a,res://assets/tilesets/cyber_city_core_tilesets/CyberCity_Core_Tiles_2/CyberCity_Core_Tiles_2/Interior_Floor8_2.png,Interior_Floor8_2.png,321,231,furniture,OccludableObjects,90,1.0,VISIBLE_ALPHA_CENTER,MODULAR_PART_OK,maybe,Use as an individually transformable Node2D/Sprite2D object; visual-only.,,True
pvg_obj_core_furniture_interior_floor8_3_0445,core,pvg_floor_patch_interior_floor8_3_562891b8,res://assets/tilesets/cyber_city_core_tilesets/CyberCity_Core_Tiles_2/CyberCity_Core_Tiles_2/Interior_Floor8_3.png,Interior_Floor8_3.png,442,314,furniture,OccludableObjects,90,1.0,VISIBLE_ALPHA_CENTER,MODULAR_PART_OK,maybe,Use as an individually transformable Node2D/Sprite2D object; visual-only.,,True
pvg_obj_core_furniture_interior_floor8_4_0467,core,pvg_floor_patch_interior_floor8_4_c4a81ef2,res://assets/tilesets/cyber_city_core_tilesets/CyberCity_Core_Tiles_2/CyberCity_Core_Tiles_2/Interior_Floor8_4.png,Interior_Floor8_4.png,442,314,furniture,OccludableObjects,90,1.0,VISIBLE_ALPHA_CENTER,MODULAR_PART_OK,maybe,Use as an individually transformable Node2D/Sprite2D object; visual-only.,,True
pvg_obj_core_furniture_interior_floor9_1_0400,core,pvg_floor_patch_interior_floor9_1_aa3a9c4a,res://assets/tilesets/cyber_city_core_tilesets/CyberCity_Core_Tiles_2/CyberCity_Core_Tiles_2/Interior_Floor9_1.png,Interior_Floor9_1.png,322,233,furniture,OccludableObjects,90,1.0,VISIBLE_ALPHA_CENTER,MODULAR_PART_OK,maybe,Use as an individually transformable Node2D/Sprite2D object; visual-only.,,True
pvg_obj_core_furniture_interior_floor9_2_0374,core,pvg_floor_patch_interior_floor9_2_1c810778,res://assets/tilesets/cyber_city_core_tilesets/CyberCity_Core_Tiles_2/CyberCity_Core_Tiles_2/Interior_Floor9_2.png,Interior_Floor9_2.png,321,231,furniture,OccludableObjects,90,1.0,VISIBLE_ALPHA_CENTER,MODULAR_PART_OK,maybe,Use as an individually transformable Node2D/Sprite2D object; visual-only.,,True
pvg_obj_core_furniture_interior_floor9_3_0446,core,pvg_floor_patch_interior_floor9_3_a1c62ccb,res://assets/tilesets/cyber_city_core_tilesets/CyberCity_Core_Tiles_2/CyberCity_Core_Tiles_2/Interior_Floor9_3.png,Interior_Floor9_3.png,442,314,furniture,OccludableObjects,90,1.0,VISIBLE_ALPHA_CENTER,MODULAR_PART_OK,maybe,Use as an individually transformable Node2D/Sprite2D object; visual-only.,,True
pvg_obj_core_furniture_interior_floor9_4_0468,core,pvg_floor_patch_interior_floor9_4_5c43c66a,res://assets/tilesets/cyber_city_core_tilesets/CyberCity_Core_Tiles_2/CyberCity_Core_Tiles_2/Interior_Floor9_4.png,Interior_Floor9_4.png,442,314,furniture,OccludableObjects,90,1.0,VISIBLE_ALPHA_CENTER,MODULAR_PART_OK,maybe,Use as an individually transformable Node2D/Sprite2D object; visual-only.,,True
pvg_obj_core_furniture_pavement1_1_0414,core,pvg_road_street_pavement1_1_fe54e97e,res://assets/tilesets/cyber_city_core_tilesets/CyberCity_Core_Tiles_2/CyberCity_Core_Tiles_2/Pavement1_1.png,Pavement1_1.png,199,76,furniture,OccludableObjects,90,1.0,VISIBLE_ALPHA_CENTER,MODULAR_PART_OK,maybe,Use as an individually transformable Node2D/Sprite2D object; visual-only.,,True
pvg_obj_core_furniture_pavement1_2_0409,core,pvg_road_street_pavement1_2_4cd2ecca,res://assets/tilesets/cyber_city_core_tilesets/CyberCity_Core_Tiles_2/CyberCity_Core_Tiles_2/Pavement1_2.png,Pavement1_2.png,98,144,furniture,OccludableObjects,90,1.0,VISIBLE_ALPHA_CENTER,MODULAR_PART_OK,maybe,Use as an individually transformable Node2D/Sprite2D object; visual-only.,,True
pvg_obj_core_furniture_pavement1_3_0413,core,pvg_road_street_pavement1_3_2ca25545,res://assets/tilesets/cyber_city_core_tilesets/CyberCity_Core_Tiles_2/CyberCity_Core_Tiles_2/Pavement1_3.png,Pavement1_3.png,199,76,furniture,OccludableObjects,90,1.0,VISIBLE_ALPHA_CENTER,MODULAR_PART_OK,maybe,Use as an individually transformable Node2D/Sprite2D object; visual-only.,,True
pvg_obj_core_furniture_pavement1_4_0410,core,pvg_road_street_pavement1_4_40ae035b,res://assets/tilesets/cyber_city_core_tilesets/CyberCity_Core_Tiles_2/CyberCity_Core_Tiles_2/Pavement1_4.png,Pavement1_4.png,98,144,furniture,OccludableObjects,90,1.0,VISIBLE_ALPHA_CENTER,MODULAR_PART_OK,maybe,Use as an individually transformable Node2D/Sprite2D object; visual-only.,,True
pvg_obj_core_furniture_road1_1_0401,core,pvg_road_street_road1_1_9ba65708,res://assets/tilesets/cyber_city_core_tilesets/CyberCity_Core_Tiles_2/CyberCity_Core_Tiles_2/Road1_1.png,Road1_1.png,201,226,furniture,OccludableObjects,90,1.0,VISIBLE_ALPHA_CENTER,MODULAR_PART_OK,maybe,Use as an individually transformable Node2D/Sprite2D object; visual-only.,,True
pvg_obj_core_furniture_road1_2_0404,core,pvg_road_street_road1_2_c7b5c367,res://assets/tilesets/cyber_city_core_tilesets/CyberCity_Core_Tiles_2/CyberCity_Core_Tiles_2/Road1_2.png,Road1_2.png,315,148,furniture,OccludableObjects,90,1.0,VISIBLE_ALPHA_CENTER,MODULAR_PART_OK,maybe,Use as an individually transformable Node2D/Sprite2D object; visual-only.,,True
pvg_obj_core_furniture_road1_3_0402,core,pvg_road_street_road1_3_ff12b99d,res://assets/tilesets/cyber_city_core_tilesets/CyberCity_Core_Tiles_2/CyberCity_Core_Tiles_2/Road1_3.png,Road1_3.png,201,228,furniture,OccludableObjects,90,1.0,VISIBLE_ALPHA_CENTER,MODULAR_PART_OK,maybe,Use as an individually transformable Node2D/Sprite2D object; visual-only.,,True
pvg_obj_core_furniture_road1_4_0403,core,pvg_road_street_road1_4_e01be176,res://assets/tilesets/cyber_city_core_tilesets/CyberCity_Core_Tiles_2/CyberCity_Core_Tiles_2/Road1_4.png,Road1_4.png,315,148,furniture,OccludableObjects,90,1.0,VISIBLE_ALPHA_CENTER,MODULAR_PART_OK,maybe,Use as an individually transformable Node2D/Sprite2D object; visual-only.,,True
pvg_obj_core_furniture_road2_2_0349,core,pvg_road_street_road2_2_b145597c,res://assets/tilesets/cyber_city_core_tilesets/CyberCity_Core_Tiles_2/CyberCity_Core_Tiles_2/Road2_2.png,Road2_2.png,325,463,furniture,OccludableObjects,90,1.0,VISIBLE_ALPHA_CENTER,MODULAR_PART_OK,maybe,Use as an individually transformable Node2D/Sprite2D object; visual-only.,,True
pvg_obj_core_furniture_road2_4_0350,core,pvg_road_street_road2_4_384cffc4,res://assets/tilesets/cyber_city_core_tilesets/CyberCity_Core_Tiles_2/CyberCity_Core_Tiles_2/Road2_4.png,Road2_4.png,325,463,furniture,OccludableObjects,90,1.0,VISIBLE_ALPHA_CENTER,MODULAR_PART_OK,maybe,Use as an individually transformable Node2D/Sprite2D object; visual-only.,,True
pvg_obj_core_furniture_sidewalk1_1_0408,core,pvg_road_street_sidewalk1_1_0946341e,res://assets/tilesets/cyber_city_core_tilesets/CyberCity_Core_Tiles_2/CyberCity_Core_Tiles_2/Sidewalk1_1.png,Sidewalk1_1.png,201,185,furniture,OccludableObjects,90,1.0,VISIBLE_ALPHA_CENTER,MODULAR_PART_OK,maybe,Use as an individually transformable Node2D/Sprite2D object; visual-only.,,True
pvg_obj_core_furniture_sidewalk1_2_0405,core,pvg_road_street_sidewalk1_2_b2228a07,res://assets/tilesets/cyber_city_core_tilesets/CyberCity_Core_Tiles_2/CyberCity_Core_Tiles_2/Sidewalk1_2.png,Sidewalk1_2.png,251,146,furniture,OccludableObjects,90,1.0,VISIBLE_ALPHA_CENTER,MODULAR_PART_OK,maybe,Use as an individually transformable Node2D/Sprite2D object; visual-only.,,True
pvg_obj_core_furniture_sidewalk1_3_0407,core,pvg_road_street_sidewalk1_3_6387ce3e,res://assets/tilesets/cyber_city_core_tilesets/CyberCity_Core_Tiles_2/CyberCity_Core_Tiles_2/Sidewalk1_3.png,Sidewalk1_3.png,201,185,furniture,OccludableObjects,90,1.0,VISIBLE_ALPHA_CENTER,MODULAR_PART_OK,maybe,Use as an individually transformable Node2D/Sprite2D object; visual-only.,,True
pvg_obj_core_furniture_sidewalk1_4_0406,core,pvg_road_street_sidewalk1_4_df4260f9,res://assets/tilesets/cyber_city_core_tilesets/CyberCity_Core_Tiles_2/CyberCity_Core_Tiles_2/Sidewalk1_4.png,Sidewalk1_4.png,251,148,furniture,OccludableObjects,90,1.0,VISIBLE_ALPHA_CENTER,MODULAR_PART_OK,maybe,Use as an individually transformable Node2D/Sprite2D object; visual-only.,,True
pvg_obj_core_furniture_streetfoodfish1_1_0415,core,pvg_road_street_streetfoodfish1_1_89830449,res://assets/tilesets/cyber_city_core_tilesets/CyberCity_Core_Tiles_2/CyberCity_Core_Tiles_2/StreetFoodFish1_1.png,StreetFoodFish1_1.png,87,73,furniture,OccludableObjects,90,1.0,VISIBLE_ALPHA_CENTER,MODULAR_PART_OK,maybe,Use as an individually transformable Node2D/Sprite2D object; visual-only.,,True
pvg_obj_core_furniture_streetfoodfish1_2_0412,core,pvg_road_street_streetfoodfish1_2_72afd5dd,res://assets/tilesets/cyber_city_core_tilesets/CyberCity_Core_Tiles_2/CyberCity_Core_Tiles_2/StreetFoodFish1_2.png,StreetFoodFish1_2.png,75,80,furniture,OccludableObjects,90,1.0,VISIBLE_ALPHA_CENTER,MODULAR_PART_OK,maybe,Use as an individually transformable Node2D/Sprite2D object; visual-only.,,True
pvg_obj_core_furniture_streetfoodfish1_3_0416,core,pvg_road_street_streetfoodfish1_3_f7a23a91,res://assets/tilesets/cyber_city_core_tilesets/CyberCity_Core_Tiles_2/CyberCity_Core_Tiles_2/StreetFoodFish1_3.png,StreetFoodFish1_3.png,88,75,furniture,OccludableObjects,90,1.0,VISIBLE_ALPHA_CENTER,MODULAR_PART_OK,maybe,Use as an individually transformable Node2D/Sprite2D object; visual-only.,,True
pvg_obj_core_furniture_streetfoodfish1_4_0411,core,pvg_road_street_streetfoodfish1_4_667badae,res://assets/tilesets/cyber_city_core_tilesets/CyberCity_Core_Tiles_2/CyberCity_Core_Tiles_2/StreetFoodFish1_4.png,StreetFoodFish1_4.png,73,80,furniture,OccludableObjects,90,1.0,VISIBLE_ALPHA_CENTER,MODULAR_PART_OK,maybe,Use as an individually transformable Node2D/Sprite2D object; visual-only.,,True
pvg_obj_core_large_structure_building13_1_0001,core,pvg_tileset_atlas_building13_1_7b8fbadd,res://assets/tilesets/cyber_city_core_tilesets/CyberCity_Core_Tiles_1/CyberCity_Core_Tiles_1/Building13_1.png,Building13_1.png,773,792,large_structure,OccludableObjects,95,0.65,VISIBLE_ALPHA_CENTER,READY_TO_PAINT,"no, baked perspective warning",Use as an individually transformable Node2D/Sprite2D object; visual-only.,"no, baked perspective warning",True
pvg_obj_core_large_structure_building1_2_0004,core,pvg_tileset_atlas_building1_2_31925375,res://assets/tilesets/cyber_city_core_tilesets/CyberCity_Core_Tiles_1/CyberCity_Core_Tiles_1/Building1_2.png,Building1_2.png,717,721,large_structure,OccludableObjects,95,0.65,VISIBLE_ALPHA_CENTER,READY_TO_PAINT,"no, baked perspective warning",Use as an individually transformable Node2D/Sprite2D object; visual-only.,"no, baked perspective warning",True
pvg_obj_core_large_structure_building1_3_0011,core,pvg_tileset_atlas_building1_3_cb5f8d5d,res://assets/tilesets/cyber_city_core_tilesets/CyberCity_Core_Tiles_1/CyberCity_Core_Tiles_1/Building1_3.png,Building1_3.png,725,600,large_structure,OccludableObjects,95,0.65,VISIBLE_ALPHA_CENTER,READY_TO_PAINT,"no, baked perspective warning",Use as an individually transformable Node2D/Sprite2D object; visual-only.,"no, baked perspective warning",True
pvg_obj_core_large_structure_building1_4_0013,core,pvg_tileset_atlas_building1_4_2fc1a14e,res://assets/tilesets/cyber_city_core_tilesets/CyberCity_Core_Tiles_1/CyberCity_Core_Tiles_1/Building1_4.png,Building1_4.png,781,709,large_structure,OccludableObjects,95,0.65,VISIBLE_ALPHA_CENTER,READY_TO_PAINT,"no, baked perspective warning",Use as an individually transformable Node2D/Sprite2D object; visual-only.,"no, baked perspective warning",True
pvg_obj_core_large_structure_building23_2_0034,core,pvg_tileset_atlas_building23_2_b40084f1,res://assets/tilesets/cyber_city_core_tilesets/CyberCity_Core_Tiles_1/CyberCity_Core_Tiles_1/Building23_2.png,Building23_2.png,526,667,large_structure,OccludableObjects,95,1.0,VISIBLE_ALPHA_CENTER,READY_TO_PAINT,"no, baked perspective warning",Use as an individually transformable Node2D/Sprite2D object; visual-only.,"no, baked perspective warning",True
pvg_obj_core_large_structure_building23_4_0030,core,pvg_tileset_atlas_building23_4_9c66ac43,res://assets/tilesets/cyber_city_core_tilesets/CyberCity_Core_Tiles_1/CyberCity_Core_Tiles_1/Building23_4.png,Building23_4.png,513,511,large_structure,OccludableObjects,95,1.0,VISIBLE_ALPHA_CENTER,READY_TO_PAINT,"no, baked perspective warning",Use as an individually transformable Node2D/Sprite2D object; visual-only.,"no, baked perspective warning",True
pvg_obj_core_large_structure_building23_5_0029,core,pvg_tileset_atlas_building23_5_5cea5d0b,res://assets/tilesets/cyber_city_core_tilesets/CyberCity_Core_Tiles_1/CyberCity_Core_Tiles_1/Building23_5.png,Building23_5.png,585,672,large_structure,OccludableObjects,95,1.0,VISIBLE_ALPHA_CENTER,READY_TO_PAINT,"no, baked perspective warning",Use as an individually transformable Node2D/Sprite2D object; visual-only.,"no, baked perspective warning",True
pvg_obj_core_large_structure_building23_6_0035,core,pvg_tileset_atlas_building23_6_8ff10fd4,res://assets/tilesets/cyber_city_core_tilesets/CyberCity_Core_Tiles_1/CyberCity_Core_Tiles_1/Building23_6.png,Building23_6.png,585,586,large_structure,OccludableObjects,95,1.0,VISIBLE_ALPHA_CENTER,READY_TO_PAINT,"no, baked perspective warning",Use as an individually transformable Node2D/Sprite2D object; visual-only.,"no, baked perspective warning",True
pvg_obj_core_large_structure_building23_7_0031,core,pvg_tileset_atlas_building23_7_926dd40f,res://assets/tilesets/cyber_city_core_tilesets/CyberCity_Core_Tiles_1/CyberCity_Core_Tiles_1/Building23_7.png,Building23_7.png,584,653,large_structure,OccludableObjects,95,1.0,VISIBLE_ALPHA_CENTER,READY_TO_PAINT,"no, baked perspective warning",Use as an individually transformable Node2D/Sprite2D object; visual-only.,"no, baked perspective warning",True
pvg_obj_core_large_structure_building23_8_0033,core,pvg_tileset_atlas_building23_8_ef8adb0a,res://assets/tilesets/cyber_city_core_tilesets/CyberCity_Core_Tiles_1/CyberCity_Core_Tiles_1/Building23_8.png,Building23_8.png,579,556,large_structure,OccludableObjects,95,1.0,VISIBLE_ALPHA_CENTER,READY_TO_PAINT,"no, baked perspective warning",Use as an individually transformable Node2D/Sprite2D object; visual-only.,"no, baked perspective warning",True
pvg_obj_core_large_structure_building24_1_0025,core,pvg_tileset_atlas_building24_1_39e5c522,res://assets/tilesets/cyber_city_core_tilesets/CyberCity_Core_Tiles_1/CyberCity_Core_Tiles_1/Building24_1.png,Building24_1.png,636,717,large_structure,OccludableObjects,95,0.65,VISIBLE_ALPHA_CENTER,READY_TO_PAINT,"no, baked perspective warning",Use as an individually transformable Node2D/Sprite2D object; visual-only.,"no, baked perspective warning",True
pvg_obj_core_large_structure_building24_4_0022,core,pvg_tileset_atlas_building24_4_6108c826,res://assets/tilesets/cyber_city_core_tilesets/CyberCity_Core_Tiles_1/CyberCity_Core_Tiles_1/Building24_4.png,Building24_4.png,662,739,large_structure,OccludableObjects,95,0.65,VISIBLE_ALPHA_CENTER,READY_TO_PAINT,"no, baked perspective warning",Use as an individually transformable Node2D/Sprite2D object; visual-only.,"no, baked perspective warning",True
pvg_obj_core_large_structure_building24_6_0015,core,pvg_tileset_atlas_building24_6_0c380343,res://assets/tilesets/cyber_city_core_tilesets/CyberCity_Core_Tiles_1/CyberCity_Core_Tiles_1/Building24_6.png,Building24_6.png,724,672,large_structure,OccludableObjects,95,0.65,VISIBLE_ALPHA_CENTER,READY_TO_PAINT,"no, baked perspective warning",Use as an individually transformable Node2D/Sprite2D object; visual-only.,"no, baked perspective warning",True
pvg_obj_core_large_structure_building26_1_0020,core,pvg_tileset_atlas_building26_1_b433bd19,res://assets/tilesets/cyber_city_core_tilesets/CyberCity_Core_Tiles_1/CyberCity_Core_Tiles_1/Building26_1.png,Building26_1.png,620,648,large_structure,OccludableObjects,95,1.0,VISIBLE_ALPHA_CENTER,READY_TO_PAINT,"no, baked perspective warning",Use as an individually transformable Node2D/Sprite2D object; visual-only.,"no, baked perspective warning",True
pvg_obj_core_large_structure_building26_3_0021,core,pvg_tileset_atlas_building26_3_8db5b84c,res://assets/tilesets/cyber_city_core_tilesets/CyberCity_Core_Tiles_1/CyberCity_Core_Tiles_1/Building26_3.png,Building26_3.png,623,630,large_structure,OccludableObjects,95,1.0,VISIBLE_ALPHA_CENTER,READY_TO_PAINT,"no, baked perspective warning",Use as an individually transformable Node2D/Sprite2D object; visual-only.,"no, baked perspective warning",True
pvg_obj_core_large_structure_building30_2_0032,core,pvg_tileset_atlas_building30_2_e0d3cafc,res://assets/tilesets/cyber_city_core_tilesets/CyberCity_Core_Tiles_1/CyberCity_Core_Tiles_1/Building30_2.png,Building30_2.png,388,725,large_structure,OccludableObjects,95,0.65,VISIBLE_ALPHA_CENTER,READY_TO_PAINT,"no, baked perspective warning",Use as an individually transformable Node2D/Sprite2D object; visual-only.,"no, baked perspective warning",True
pvg_obj_core_large_structure_building30_5_0024,core,pvg_tileset_atlas_building30_5_f83e612c,res://assets/tilesets/cyber_city_core_tilesets/CyberCity_Core_Tiles_1/CyberCity_Core_Tiles_1/Building30_5.png,Building30_5.png,793,759,large_structure,OccludableObjects,95,0.65,VISIBLE_ALPHA_CENTER,READY_TO_PAINT,"no, baked perspective warning",Use as an individually transformable Node2D/Sprite2D object; visual-only.,"no, baked perspective warning",True
pvg_obj_core_large_structure_building30_7_0027,core,pvg_tileset_atlas_building30_7_aba97187,res://assets/tilesets/cyber_city_core_tilesets/CyberCity_Core_Tiles_1/CyberCity_Core_Tiles_1/Building30_7.png,Building30_7.png,794,737,large_structure,OccludableObjects,95,0.65,VISIBLE_ALPHA_CENTER,READY_TO_PAINT,"no, baked perspective warning",Use as an individually transformable Node2D/Sprite2D object; visual-only.,"no, baked perspective warning",True
pvg_obj_core_large_structure_building36_2_0008,core,pvg_tileset_atlas_building36_2_92910355,res://assets/tilesets/cyber_city_core_tilesets/CyberCity_Core_Tiles_1/CyberCity_Core_Tiles_1/Building36_2.png,Building36_2.png,656,794,large_structure,OccludableObjects,95,0.65,VISIBLE_ALPHA_CENTER,READY_TO_PAINT,"no, baked perspective warning",Use as an individually transformable Node2D/Sprite2D object; visual-only.,"no, baked perspective warning",True
pvg_obj_core_large_structure_building36_3_0010,core,pvg_tileset_atlas_building36_3_71a991c6,res://assets/tilesets/cyber_city_core_tilesets/CyberCity_Core_Tiles_1/CyberCity_Core_Tiles_1/Building36_3.png,Building36_3.png,693,779,large_structure,OccludableObjects,95,0.65,VISIBLE_ALPHA_CENTER,READY_TO_PAINT,"no, baked perspective warning",Use as an individually transformable Node2D/Sprite2D object; visual-only.,"no, baked perspective warning",True
pvg_obj_core_large_structure_building4_2_0002,core,pvg_tileset_atlas_building4_2_c82b655d,res://assets/tilesets/cyber_city_core_tilesets/CyberCity_Core_Tiles_1/CyberCity_Core_Tiles_1/Building4_2.png,Building4_2.png,657,787,large_structure,OccludableObjects,95,0.65,VISIBLE_ALPHA_CENTER,READY_TO_PAINT,"no, baked perspective warning",Use as an individually transformable Node2D/Sprite2D object; visual-only.,"no, baked perspective warning",True
pvg_obj_core_large_structure_building4_4_0003,core,pvg_tileset_atlas_building4_4_dfaa54bb,res://assets/tilesets/cyber_city_core_tilesets/CyberCity_Core_Tiles_1/CyberCity_Core_Tiles_1/Building4_4.png,Building4_4.png,731,762,large_structure,OccludableObjects,95,0.65,VISIBLE_ALPHA_CENTER,READY_TO_PAINT,"no, baked perspective warning",Use as an individually transformable Node2D/Sprite2D object; visual-only.,"no, baked perspective warning",True
pvg_obj_core_large_structure_building6_1_0005,core,pvg_tileset_atlas_building6_1_fe76b08b,res://assets/tilesets/cyber_city_core_tilesets/CyberCity_Core_Tiles_1/CyberCity_Core_Tiles_1/Building6_1.png,Building6_1.png,679,737,large_structure,OccludableObjects,95,0.65,VISIBLE_ALPHA_CENTER,READY_TO_PAINT,"no, baked perspective warning",Use as an individually transformable Node2D/Sprite2D object; visual-only.,"no, baked perspective warning",True
pvg_obj_core_large_structure_building6_2_0006,core,pvg_tileset_atlas_building6_2_598ecef7,res://assets/tilesets/cyber_city_core_tilesets/CyberCity_Core_Tiles_1/CyberCity_Core_Tiles_1/Building6_2.png,Building6_2.png,655,774,large_structure,OccludableObjects,95,0.65,VISIBLE_ALPHA_CENTER,READY_TO_PAINT,"no, baked perspective warning",Use as an individually transformable Node2D/Sprite2D object; visual-only.,"no, baked perspective warning",True
pvg_obj_core_large_structure_building6_3_0007,core,pvg_tileset_atlas_building6_3_c6941ab6,res://assets/tilesets/cyber_city_core_tilesets/CyberCity_Core_Tiles_1/CyberCity_Core_Tiles_1/Building6_3.png,Building6_3.png,670,685,large_structure,OccludableObjects,95,1.0,VISIBLE_ALPHA_CENTER,READY_TO_PAINT,"no, baked perspective warning",Use as an individually transformable Node2D/Sprite2D object; visual-only.,"no, baked perspective warning",True
pvg_obj_core_large_structure_building6_4_0009,core,pvg_tileset_atlas_building6_4_0c636e66,res://assets/tilesets/cyber_city_core_tilesets/CyberCity_Core_Tiles_1/CyberCity_Core_Tiles_1/Building6_4.png,Building6_4.png,695,696,large_structure,OccludableObjects,95,1.0,VISIBLE_ALPHA_CENTER,READY_TO_PAINT,"no, baked perspective warning",Use as an individually transformable Node2D/Sprite2D object; visual-only.,"no, baked perspective warning",True
pvg_obj_core_large_structure_building7_7_0023,core,pvg_tileset_atlas_building7_7_70b214cf,res://assets/tilesets/cyber_city_core_tilesets/CyberCity_Core_Tiles_1/CyberCity_Core_Tiles_1/Building7_7.png,Building7_7.png,794,791,large_structure,OccludableObjects,95,0.65,VISIBLE_ALPHA_CENTER,READY_TO_PAINT,"no, baked perspective warning",Use as an individually transformable Node2D/Sprite2D object; visual-only.,"no, baked perspective warning",True
pvg_obj_core_large_structure_building9_2_0026,core,pvg_tileset_atlas_building9_2_40a530fe,res://assets/tilesets/cyber_city_core_tilesets/CyberCity_Core_Tiles_1/CyberCity_Core_Tiles_1/Building9_2.png,Building9_2.png,377,792,large_structure,OccludableObjects,95,0.65,VISIBLE_ALPHA_CENTER,READY_TO_PAINT,"no, baked perspective warning",Use as an individually transformable Node2D/Sprite2D object; visual-only.,"no, baked perspective warning",True
pvg_obj_core_large_structure_buildingkiosk10_1_0014,core,pvg_tileset_atlas_buildingkiosk10_1_0994338a,res://assets/tilesets/cyber_city_core_tilesets/CyberCity_Core_Tiles_2/CyberCity_Core_Tiles_2/BuildingKiosk10_1.png,BuildingKiosk10_1.png,757,540,large_structure,OccludableObjects,95,0.65,VISIBLE_ALPHA_CENTER,READY_TO_PAINT,"no, baked perspective warning",Use as an individually transformable Node2D/Sprite2D object; visual-only.,"no, baked perspective warning",True
pvg_obj_core_large_structure_buildingkiosk10_3_0012,core,pvg_tileset_atlas_buildingkiosk10_3_2ea2a658,res://assets/tilesets/cyber_city_core_tilesets/CyberCity_Core_Tiles_2/CyberCity_Core_Tiles_2/BuildingKiosk10_3.png,BuildingKiosk10_3.png,723,559,large_structure,OccludableObjects,95,0.65,VISIBLE_ALPHA_CENTER,READY_TO_PAINT,"no, baked perspective warning",Use as an individually transformable Node2D/Sprite2D object; visual-only.,"no, baked perspective warning",True
pvg_obj_core_large_structure_buildingkiosk10_5_0018,core,pvg_tileset_atlas_buildingkiosk10_5_d44f21b6,res://assets/tilesets/cyber_city_core_tilesets/CyberCity_Core_Tiles_2/CyberCity_Core_Tiles_2/BuildingKiosk10_5.png,BuildingKiosk10_5.png,737,734,large_structure,OccludableObjects,95,0.65,VISIBLE_ALPHA_CENTER,READY_TO_PAINT,"no, baked perspective warning",Use as an individually transformable Node2D/Sprite2D object; visual-only.,"no, baked perspective warning",True
pvg_obj_core_large_structure_buildingkiosk10_6_0019,core,pvg_tileset_atlas_buildingkiosk10_6_4ba3710f,res://assets/tilesets/cyber_city_core_tilesets/CyberCity_Core_Tiles_2/CyberCity_Core_Tiles_2/BuildingKiosk10_6.png,BuildingKiosk10_6.png,753,738,large_structure,OccludableObjects,95,0.65,VISIBLE_ALPHA_CENTER,READY_TO_PAINT,"no, baked perspective warning",Use as an individually transformable Node2D/Sprite2D object; visual-only.,"no, baked perspective warning",True
pvg_obj_core_large_structure_buildingkiosk10_7_0016,core,pvg_tileset_atlas_buildingkiosk10_7_c4343fc5,res://assets/tilesets/cyber_city_core_tilesets/CyberCity_Core_Tiles_2/CyberCity_Core_Tiles_2/BuildingKiosk10_7.png,BuildingKiosk10_7.png,736,742,large_structure,OccludableObjects,95,0.65,VISIBLE_ALPHA_CENTER,READY_TO_PAINT,"no, baked perspective warning",Use as an individually transformable Node2D/Sprite2D object; visual-only.,"no, baked perspective warning",True
pvg_obj_core_large_structure_buildingkiosk10_8_0017,core,pvg_tileset_atlas_buildingkiosk10_8_eba5c433,res://assets/tilesets/cyber_city_core_tilesets/CyberCity_Core_Tiles_2/CyberCity_Core_Tiles_2/BuildingKiosk10_8.png,BuildingKiosk10_8.png,743,745,large_structure,OccludableObjects,95,0.65,VISIBLE_ALPHA_CENTER,READY_TO_PAINT,"no, baked perspective warning",Use as an individually transformable Node2D/Sprite2D object; visual-only.,"no, baked perspective warning",True
pvg_obj_core_large_structure_buildingkiosk1_1_0056,core,pvg_building_large_buildingkiosk1_1_7c3b5d2c,res://assets/tilesets/cyber_city_core_tilesets/CyberCity_Core_Tiles_2/CyberCity_Core_Tiles_2/BuildingKiosk1_1.png,BuildingKiosk1_1.png,490,333,large_structure,OccludableObjects,95,1.0,VISIBLE_ALPHA_CENTER,READY_TO_PAINT,"no, baked perspective warning",Use as an individually transformable Node2D/Sprite2D object; visual-only.,"no, baked perspective warning",True
pvg_obj_core_large_structure_buildingkiosk1_2_0082,core,pvg_building_large_buildingkiosk1_2_0ee38049,res://assets/tilesets/cyber_city_core_tilesets/CyberCity_Core_Tiles_2/CyberCity_Core_Tiles_2/BuildingKiosk1_2.png,BuildingKiosk1_2.png,368,500,large_structure,OccludableObjects,95,1.0,VISIBLE_ALPHA_CENTER,READY_TO_PAINT,"no, baked perspective warning",Use as an individually transformable Node2D/Sprite2D object; visual-only.,"no, baked perspective warning",True
pvg_obj_core_large_structure_buildingkiosk1_3_0067,core,pvg_building_large_buildingkiosk1_3_20f21adf,res://assets/tilesets/cyber_city_core_tilesets/CyberCity_Core_Tiles_2/CyberCity_Core_Tiles_2/BuildingKiosk1_3.png,BuildingKiosk1_3.png,480,433,large_structure,OccludableObjects,95,1.0,VISIBLE_ALPHA_CENTER,READY_TO_PAINT,"no, baked perspective warning",Use as an individually transformable Node2D/Sprite2D object; visual-only.,"no, baked perspective warning",True
pvg_obj_core_large_structure_buildingkiosk1_7_0070,core,pvg_building_large_buildingkiosk1_7_02d0f19d,res://assets/tilesets/cyber_city_core_tilesets/CyberCity_Core_Tiles_2/CyberCity_Core_Tiles_2/BuildingKiosk1_7.png,BuildingKiosk1_7.png,480,447,large_structure,OccludableObjects,95,1.0,VISIBLE_ALPHA_CENTER,READY_TO_PAINT,"no, baked perspective warning",Use as an individually transformable Node2D/Sprite2D object; visual-only.,"no, baked perspective warning",True
pvg_obj_core_large_structure_buildingkiosk1_8_0087,core,pvg_building_large_buildingkiosk1_8_216b4008,res://assets/tilesets/cyber_city_core_tilesets/CyberCity_Core_Tiles_2/CyberCity_Core_Tiles_2/BuildingKiosk1_8.png,BuildingKiosk1_8.png,440,483,large_structure,OccludableObjects,95,1.0,VISIBLE_ALPHA_CENTER,READY_TO_PAINT,"no, baked perspective warning",Use as an individually transformable Node2D/Sprite2D object; visual-only.,"no, baked perspective warning",True
pvg_obj_core_large_structure_buildingkiosk3_1_0053,core,pvg_building_large_buildingkiosk3_1_e965ae53,res://assets/tilesets/cyber_city_core_tilesets/CyberCity_Core_Tiles_2/CyberCity_Core_Tiles_2/BuildingKiosk3_1.png,BuildingKiosk3_1.png,413,383,large_structure,OccludableObjects,95,1.0,VISIBLE_ALPHA_CENTER,READY_TO_PAINT,"no, baked perspective warning",Use as an individually transformable Node2D/Sprite2D object; visual-only.,"no, baked perspective warning",True
pvg_obj_core_large_structure_buildingkiosk3_2_0073,core,pvg_building_large_buildingkiosk3_2_da8d8e33,res://assets/tilesets/cyber_city_core_tilesets/CyberCity_Core_Tiles_2/CyberCity_Core_Tiles_2/BuildingKiosk3_2.png,BuildingKiosk3_2.png,374,450,large_structure,OccludableObjects,95,1.0,VISIBLE_ALPHA_CENTER,READY_TO_PAINT,"no, baked perspective warning",Use as an individually transformable Node2D/Sprite2D object; visual-only.,"no, baked perspective warning",True
pvg_obj_core_large_structure_buildingkiosk3_3_0058,core,pvg_building_large_buildingkiosk3_3_ecd2fd4a,res://assets/tilesets/cyber_city_core_tilesets/CyberCity_Core_Tiles_2/CyberCity_Core_Tiles_2/BuildingKiosk3_3.png,BuildingKiosk3_3.png,439,416,large_structure,OccludableObjects,95,1.0,VISIBLE_ALPHA_CENTER,READY_TO_PAINT,"no, baked perspective warning",Use as an individually transformable Node2D/Sprite2D object; visual-only.,"no, baked perspective warning",True
pvg_obj_core_large_structure_buildingkiosk3_4_0072,core,pvg_building_large_buildingkiosk3_4_c78c7c80,res://assets/tilesets/cyber_city_core_tilesets/CyberCity_Core_Tiles_2/CyberCity_Core_Tiles_2/BuildingKiosk3_4.png,BuildingKiosk3_4.png,326,469,large_structure,OccludableObjects,95,1.0,VISIBLE_ALPHA_CENTER,READY_TO_PAINT,"no, baked perspective warning",Use as an individually transformable Node2D/Sprite2D object; visual-only.,"no, baked perspective warning",True
pvg_obj_core_large_structure_buildingkiosk3_7_0078,core,pvg_building_large_buildingkiosk3_7_740ea58d,res://assets/tilesets/cyber_city_core_tilesets/CyberCity_Core_Tiles_2/CyberCity_Core_Tiles_2/BuildingKiosk3_7.png,BuildingKiosk3_7.png,464,480,large_structure,OccludableObjects,95,1.0,VISIBLE_ALPHA_CENTER,READY_TO_PAINT,"no, baked perspective warning",Use as an individually transformable Node2D/Sprite2D object; visual-only.,"no, baked perspective warning",True
pvg_obj_core_large_structure_buildingkiosk3_8_0075,core,pvg_building_large_buildingkiosk3_8_79eb5fce,res://assets/tilesets/cyber_city_core_tilesets/CyberCity_Core_Tiles_2/CyberCity_Core_Tiles_2/BuildingKiosk3_8.png,BuildingKiosk3_8.png,470,482,large_structure,OccludableObjects,95,1.0,VISIBLE_ALPHA_CENTER,READY_TO_PAINT,"no, baked perspective warning",Use as an individually transformable Node2D/Sprite2D object; visual-only.,"no, baked perspective warning",True
pvg_obj_core_large_structure_buildingkiosk4_1_0066,core,pvg_building_large_buildingkiosk4_1_a973c98c,res://assets/tilesets/cyber_city_core_tilesets/CyberCity_Core_Tiles_2/CyberCity_Core_Tiles_2/BuildingKiosk4_1.png,BuildingKiosk4_1.png,434,354,large_structure,OccludableObjects,95,1.0,VISIBLE_ALPHA_CENTER,READY_TO_PAINT,"no, baked perspective warning",Use as an individually transformable Node2D/Sprite2D object; visual-only.,"no, baked perspective warning",True
pvg_obj_core_large_structure_buildingkiosk4_2_0085,core,pvg_building_large_buildingkiosk4_2_af04d399,res://assets/tilesets/cyber_city_core_tilesets/CyberCity_Core_Tiles_2/CyberCity_Core_Tiles_2/BuildingKiosk4_2.png,BuildingKiosk4_2.png,366,442,large_structure,OccludableObjects,95,1.0,VISIBLE_ALPHA_CENTER,READY_TO_PAINT,"no, baked perspective warning",Use as an individually transformable Node2D/Sprite2D object; visual-only.,"no, baked perspective warning",True
pvg_obj_core_large_structure_buildingkiosk4_3_0074,core,pvg_building_large_buildingkiosk4_3_11528716,res://assets/tilesets/cyber_city_core_tilesets/CyberCity_Core_Tiles_2/CyberCity_Core_Tiles_2/BuildingKiosk4_3.png,BuildingKiosk4_3.png,399,410,large_structure,OccludableObjects,95,1.0,VISIBLE_ALPHA_CENTER,READY_TO_PAINT,"no, baked perspective warning",Use as an individually transformable Node2D/Sprite2D object; visual-only.,"no, baked perspective warning",True
pvg_obj_core_large_structure_buildingkiosk4_4_0084,core,pvg_building_large_buildingkiosk4_4_4de93d66,res://assets/tilesets/cyber_city_core_tilesets/CyberCity_Core_Tiles_2/CyberCity_Core_Tiles_2/BuildingKiosk4_4.png,BuildingKiosk4_4.png,349,419,large_structure,OccludableObjects,95,1.0,VISIBLE_ALPHA_CENTER,READY_TO_PAINT,"no, baked perspective warning",Use as an individually transformable Node2D/Sprite2D object; visual-only.,"no, baked perspective warning",True
pvg_obj_core_large_structure_buildingkiosk5_1_0064,core,pvg_building_large_buildingkiosk5_1_e3866061,res://assets/tilesets/cyber_city_core_tilesets/CyberCity_Core_Tiles_2/CyberCity_Core_Tiles_2/BuildingKiosk5_1.png,BuildingKiosk5_1.png,423,336,large_structure,OccludableObjects,95,1.0,VISIBLE_ALPHA_CENTER,READY_TO_PAINT,"no, baked perspective warning",Use as an individually transformable Node2D/Sprite2D object; visual-only.,"no, baked perspective warning",True
pvg_obj_core_large_structure_buildingkiosk5_3_0088,core,pvg_building_large_buildingkiosk5_3_86870b11,res://assets/tilesets/cyber_city_core_tilesets/CyberCity_Core_Tiles_2/CyberCity_Core_Tiles_2/BuildingKiosk5_3.png,BuildingKiosk5_3.png,436,413,large_structure,OccludableObjects,95,1.0,VISIBLE_ALPHA_CENTER,READY_TO_PAINT,"no, baked perspective warning",Use as an individually transformable Node2D/Sprite2D object; visual-only.,"no, baked perspective warning",True
pvg_obj_core_large_structure_buildingkiosk5_8_0080,core,pvg_building_large_buildingkiosk5_8_105639a3,res://assets/tilesets/cyber_city_core_tilesets/CyberCity_Core_Tiles_2/CyberCity_Core_Tiles_2/BuildingKiosk5_8.png,BuildingKiosk5_8.png,484,399,large_structure,OccludableObjects,95,1.0,VISIBLE_ALPHA_CENTER,READY_TO_PAINT,"no, baked perspective warning",Use as an individually transformable Node2D/Sprite2D object; visual-only.,"no, baked perspective warning",True
pvg_obj_core_large_structure_buildingkiosk9_1_0049,core,pvg_building_large_buildingkiosk9_1_517828b4,res://assets/tilesets/cyber_city_core_tilesets/CyberCity_Core_Tiles_2/CyberCity_Core_Tiles_2/BuildingKiosk9_1.png,BuildingKiosk9_1.png,479,419,large_structure,OccludableObjects,95,1.0,VISIBLE_ALPHA_CENTER,READY_TO_PAINT,"no, baked perspective warning",Use as an individually transformable Node2D/Sprite2D object; visual-only.,"no, baked perspective warning",True
pvg_obj_core_large_structure_buildingkiosk9_2_0052,core,pvg_building_large_buildingkiosk9_2_999877c5,res://assets/tilesets/cyber_city_core_tilesets/CyberCity_Core_Tiles_2/CyberCity_Core_Tiles_2/BuildingKiosk9_2.png,BuildingKiosk9_2.png,417,463,large_structure,OccludableObjects,95,1.0,VISIBLE_ALPHA_CENTER,READY_TO_PAINT,"no, baked perspective warning",Use as an individually transformable Node2D/Sprite2D object; visual-only.,"no, baked perspective warning",True
pvg_obj_core_large_structure_buildingkiosk9_3_0041,core,pvg_building_large_buildingkiosk9_3_722c6fbb,res://assets/tilesets/cyber_city_core_tilesets/CyberCity_Core_Tiles_2/CyberCity_Core_Tiles_2/BuildingKiosk9_3.png,BuildingKiosk9_3.png,477,418,large_structure,OccludableObjects,95,1.0,VISIBLE_ALPHA_CENTER,READY_TO_PAINT,"no, baked perspective warning",Use as an individually transformable Node2D/Sprite2D object; visual-only.,"no, baked perspective warning",True
pvg_obj_core_large_structure_buildingkiosk9_4_0039,core,pvg_building_large_buildingkiosk9_4_b0032a9d,res://assets/tilesets/cyber_city_core_tilesets/CyberCity_Core_Tiles_2/CyberCity_Core_Tiles_2/BuildingKiosk9_4.png,BuildingKiosk9_4.png,387,470,large_structure,OccludableObjects,95,1.0,VISIBLE_ALPHA_CENTER,READY_TO_PAINT,"no, baked perspective warning",Use as an individually transformable Node2D/Sprite2D object; visual-only.,"no, baked perspective warning",True
pvg_obj_core_large_structure_buildingkiosk9_6_0062,core,pvg_tileset_atlas_buildingkiosk9_6_475149a6,res://assets/tilesets/cyber_city_core_tilesets/CyberCity_Core_Tiles_2/CyberCity_Core_Tiles_2/BuildingKiosk9_6.png,BuildingKiosk9_6.png,515,488,large_structure,OccludableObjects,95,1.0,VISIBLE_ALPHA_CENTER,READY_TO_PAINT,"no, baked perspective warning",Use as an individually transformable Node2D/Sprite2D object; visual-only.,"no, baked perspective warning",True
pvg_obj_core_large_structure_buildingkiosk9_8_0055,core,pvg_tileset_atlas_buildingkiosk9_8_0d35e3f2,res://assets/tilesets/cyber_city_core_tilesets/CyberCity_Core_Tiles_2/CyberCity_Core_Tiles_2/BuildingKiosk9_8.png,BuildingKiosk9_8.png,516,505,large_structure,OccludableObjects,95,1.0,VISIBLE_ALPHA_CENTER,READY_TO_PAINT,"no, baked perspective warning",Use as an individually transformable Node2D/Sprite2D object; visual-only.,"no, baked perspective warning",True
pvg_obj_core_large_structure_largepipe1_1_0554,core,pvg_tileset_atlas_largepipe1_1_24368090,res://assets/tilesets/cyber_city_core_tilesets/CyberCity_Core_Tiles_2/CyberCity_Core_Tiles_2/LargePipe1_1.png,LargePipe1_1.png,559,326,large_structure,OccludableObjects,95,1.0,VISIBLE_ALPHA_CENTER,SPRITE_STAMP_BETTER,"no, baked perspective warning",Use as an individually transformable Node2D/Sprite2D object; visual-only.,"no, baked perspective warning",True
pvg_obj_core_large_structure_largepipe1_2_0555,core,pvg_tileset_atlas_largepipe1_2_d6baa18e,res://assets/tilesets/cyber_city_core_tilesets/CyberCity_Core_Tiles_2/CyberCity_Core_Tiles_2/LargePipe1_2.png,LargePipe1_2.png,161,570,large_structure,OccludableObjects,95,1.0,VISIBLE_ALPHA_CENTER,SPRITE_STAMP_BETTER,"no, baked perspective warning",Use as an individually transformable Node2D/Sprite2D object; visual-only.,"no, baked perspective warning",True
pvg_obj_core_large_structure_metrotrain1_2_0047,core,pvg_tileset_atlas_metrotrain1_2_7061f596,res://assets/tilesets/cyber_city_core_tilesets/CyberCity_Core_Tiles_2/CyberCity_Core_Tiles_2/MetroTrain1_2.png,MetroTrain1_2.png,198,784,large_structure,OccludableObjects,95,0.65,VISIBLE_ALPHA_CENTER,READY_TO_PAINT,"no, baked perspective warning",Use as an individually transformable Node2D/Sprite2D object; visual-only.,"no, baked perspective warning",True
pvg_obj_core_large_structure_shack3_1_0065,core,pvg_tileset_atlas_shack3_1_3728c956,res://assets/tilesets/cyber_city_core_tilesets/CyberCity_Core_Tiles_2/CyberCity_Core_Tiles_2/Shack3_1.png,Shack3_1.png,683,450,large_structure,OccludableObjects,95,1.0,VISIBLE_ALPHA_CENTER,READY_TO_PAINT,"no, baked perspective warning",Use as an individually transformable Node2D/Sprite2D object; visual-only.,"no, baked perspective warning",True
pvg_obj_core_large_structure_shack3_2_0068,core,pvg_tileset_atlas_shack3_2_f57b188e,res://assets/tilesets/cyber_city_core_tilesets/CyberCity_Core_Tiles_2/CyberCity_Core_Tiles_2/Shack3_2.png,Shack3_2.png,428,706,large_structure,OccludableObjects,95,0.65,VISIBLE_ALPHA_CENTER,READY_TO_PAINT,"no, baked perspective warning",Use as an individually transformable Node2D/Sprite2D object; visual-only.,"no, baked perspective warning",True
pvg_obj_core_large_structure_shack3_3_0046,core,pvg_tileset_atlas_shack3_3_bb949f64,res://assets/tilesets/cyber_city_core_tilesets/CyberCity_Core_Tiles_2/CyberCity_Core_Tiles_2/Shack3_3.png,Shack3_3.png,637,564,large_structure,OccludableObjects,95,1.0,VISIBLE_ALPHA_CENTER,READY_TO_PAINT,"no, baked perspective warning",Use as an individually transformable Node2D/Sprite2D object; visual-only.,"no, baked perspective warning",True
pvg_obj_core_large_structure_shack3_5_0040,core,pvg_tileset_atlas_shack3_5_bf3e68a2,res://assets/tilesets/cyber_city_core_tilesets/CyberCity_Core_Tiles_2/CyberCity_Core_Tiles_2/Shack3_5.png,Shack3_5.png,648,598,large_structure,OccludableObjects,95,1.0,VISIBLE_ALPHA_CENTER,READY_TO_PAINT,"no, baked perspective warning",Use as an individually transformable Node2D/Sprite2D object; visual-only.,"no, baked perspective warning",True
pvg_obj_core_large_structure_shack3_7_0048,core,pvg_tileset_atlas_shack3_7_0c7a17af,res://assets/tilesets/cyber_city_core_tilesets/CyberCity_Core_Tiles_2/CyberCity_Core_Tiles_2/Shack3_7.png,Shack3_7.png,539,725,large_structure,OccludableObjects,95,0.65,VISIBLE_ALPHA_CENTER,READY_TO_PAINT,"no, baked perspective warning",Use as an individually transformable Node2D/Sprite2D object; visual-only.,"no, baked perspective warning",True
pvg_obj_core_large_structure_shack3_8_0061,core,pvg_tileset_atlas_shack3_8_5f0dc443,res://assets/tilesets/cyber_city_core_tilesets/CyberCity_Core_Tiles_2/CyberCity_Core_Tiles_2/Shack3_8.png,Shack3_8.png,587,489,large_structure,OccludableObjects,95,1.0,VISIBLE_ALPHA_CENTER,READY_TO_PAINT,"no, baked perspective warning",Use as an individually transformable Node2D/Sprite2D object; visual-only.,"no, baked perspective warning",True
pvg_obj_core_large_structure_shack4_3_0063,core,pvg_tileset_atlas_shack4_3_83baf93a,res://assets/tilesets/cyber_city_core_tilesets/CyberCity_Core_Tiles_2/CyberCity_Core_Tiles_2/Shack4_3.png,Shack4_3.png,548,525,large_structure,OccludableObjects,95,1.0,VISIBLE_ALPHA_CENTER,READY_TO_PAINT,"no, baked perspective warning",Use as an individually transformable Node2D/Sprite2D object; visual-only.,"no, baked perspective warning",True
pvg_obj_core_large_structure_shack4_5_0069,core,pvg_tileset_atlas_shack4_5_de61fd67,res://assets/tilesets/cyber_city_core_tilesets/CyberCity_Core_Tiles_2/CyberCity_Core_Tiles_2/Shack4_5.png,Shack4_5.png,600,610,large_structure,OccludableObjects,95,1.0,VISIBLE_ALPHA_CENTER,READY_TO_PAINT,"no, baked perspective warning",Use as an individually transformable Node2D/Sprite2D object; visual-only.,"no, baked perspective warning",True
pvg_obj_core_large_structure_shack4_7_0057,core,pvg_tileset_atlas_shack4_7_59d2b915,res://assets/tilesets/cyber_city_core_tilesets/CyberCity_Core_Tiles_2/CyberCity_Core_Tiles_2/Shack4_7.png,Shack4_7.png,532,689,large_structure,OccludableObjects,95,1.0,VISIBLE_ALPHA_CENTER,READY_TO_PAINT,"no, baked perspective warning",Use as an individually transformable Node2D/Sprite2D object; visual-only.,"no, baked perspective warning",True
pvg_obj_core_large_structure_shack4_8_0071,core,pvg_tileset_atlas_shack4_8_9ae12af4,res://assets/tilesets/cyber_city_core_tilesets/CyberCity_Core_Tiles_2/CyberCity_Core_Tiles_2/Shack4_8.png,Shack4_8.png,524,503,large_structure,OccludableObjects,95,1.0,VISIBLE_ALPHA_CENTER,READY_TO_PAINT,"no, baked perspective warning",Use as an individually transformable Node2D/Sprite2D object; visual-only.,"no, baked perspective warning",True
pvg_obj_core_large_structure_subwayplatform2_1_0036,core,pvg_unknown_review_subwayplatform2_1_2bb61066,res://assets/tilesets/cyber_city_core_tilesets/CyberCity_Core_Tiles_2/CyberCity_Core_Tiles_2/SubwayPlatform2_1.png,SubwayPlatform2_1.png,438,452,large_structure,OccludableObjects,95,1.0,VISIBLE_ALPHA_CENTER,READY_TO_PAINT,"no, baked perspective warning",Use as an individually transformable Node2D/Sprite2D object; visual-only.,"no, baked perspective warning",True
pvg_obj_core_large_structure_subwayplatform2_2_0028,core,pvg_tileset_atlas_subwayplatform2_2_eff187fd,res://assets/tilesets/cyber_city_core_tilesets/CyberCity_Core_Tiles_2/CyberCity_Core_Tiles_2/SubwayPlatform2_2.png,SubwayPlatform2_2.png,553,358,large_structure,OccludableObjects,95,1.0,VISIBLE_ALPHA_CENTER,READY_TO_PAINT,"no, baked perspective warning",Use as an individually transformable Node2D/Sprite2D object; visual-only.,"no, baked perspective warning",True
pvg_obj_core_large_structure_subwayplatform2_3_0037,core,pvg_tileset_atlas_subwayplatform2_3_fec26971,res://assets/tilesets/cyber_city_core_tilesets/CyberCity_Core_Tiles_2/CyberCity_Core_Tiles_2/SubwayPlatform2_3.png,SubwayPlatform2_3.png,679,528,large_structure,OccludableObjects,95,1.0,VISIBLE_ALPHA_CENTER,READY_TO_PAINT,"no, baked perspective warning",Use as an individually transformable Node2D/Sprite2D object; visual-only.,"no, baked perspective warning",True
pvg_obj_core_large_structure_subwayplatform2_4_0038,core,pvg_tileset_atlas_subwayplatform2_4_84a927b3,res://assets/tilesets/cyber_city_core_tilesets/CyberCity_Core_Tiles_2/CyberCity_Core_Tiles_2/SubwayPlatform2_4.png,SubwayPlatform2_4.png,678,530,large_structure,OccludableObjects,95,1.0,VISIBLE_ALPHA_CENTER,READY_TO_PAINT,"no, baked perspective warning",Use as an individually transformable Node2D/Sprite2D object; visual-only.,"no, baked perspective warning",True
pvg_obj_core_large_structure_subwayplatformrailway1_1_0060,core,pvg_unknown_review_subwayplatformrailway1_1_05f2bc09,res://assets/tilesets/cyber_city_core_tilesets/CyberCity_Core_Tiles_2/CyberCity_Core_Tiles_2/SubwayPlatformRailway1_1.png,SubwayPlatformRailway1_1.png,299,399,large_structure,OccludableObjects,95,1.0,VISIBLE_ALPHA_CENTER,READY_TO_PAINT,"no, baked perspective warning",Use as an individually transformable Node2D/Sprite2D object; visual-only.,"no, baked perspective warning",True
pvg_obj_core_large_structure_subwayplatformrailway1_2_0059,core,pvg_tileset_atlas_subwayplatformrailway1_2_9ac476e2,res://assets/tilesets/cyber_city_core_tilesets/CyberCity_Core_Tiles_2/CyberCity_Core_Tiles_2/SubwayPlatformRailway1_2.png,SubwayPlatformRailway1_2.png,542,215,large_structure,OccludableObjects,95,1.0,VISIBLE_ALPHA_CENTER,READY_TO_PAINT,"no, baked perspective warning",Use as an individually transformable Node2D/Sprite2D object; visual-only.,"no, baked perspective warning",True
pvg_obj_core_large_structure_subwayplatformrailway1_4_0050,core,pvg_tileset_atlas_subwayplatformrailway1_4_595530a0,res://assets/tilesets/cyber_city_core_tilesets/CyberCity_Core_Tiles_2/CyberCity_Core_Tiles_2/SubwayPlatformRailway1_4.png,SubwayPlatformRailway1_4.png,542,214,large_structure,OccludableObjects,95,1.0,VISIBLE_ALPHA_CENTER,READY_TO_PAINT,"no, baked perspective warning",Use as an individually transformable Node2D/Sprite2D object; visual-only.,"no, baked perspective warning",True
pvg_obj_core_prop_acunit1_1_0469,core,pvg_clutter_small_acunit1_1_e75301db,res://assets/tilesets/cyber_city_core_tilesets/CyberCity_Core_Tiles_1/CyberCity_Core_Tiles_1/ACUnit1_1.png,ACUnit1_1.png,62,31,prop,OccludableObjects,90,1.0,VISIBLE_ALPHA_CENTER,SPRITE_STAMP_BETTER,maybe,Use as an individually transformable Node2D/Sprite2D object; visual-only.,,True
pvg_obj_core_prop_acunit1_2_0470,core,pvg_clutter_small_acunit1_2_39f08404,res://assets/tilesets/cyber_city_core_tilesets/CyberCity_Core_Tiles_1/CyberCity_Core_Tiles_1/ACUnit1_2.png,ACUnit1_2.png,21,61,prop,OccludableObjects,90,1.0,VISIBLE_ALPHA_CENTER,SPRITE_STAMP_BETTER,maybe,Use as an individually transformable Node2D/Sprite2D object; visual-only.,,True
pvg_obj_core_prop_acunit1_3_0471,core,pvg_clutter_small_acunit1_3_0645ab4f,res://assets/tilesets/cyber_city_core_tilesets/CyberCity_Core_Tiles_1/CyberCity_Core_Tiles_1/ACUnit1_3.png,ACUnit1_3.png,60,35,prop,OccludableObjects,90,1.0,VISIBLE_ALPHA_CENTER,SPRITE_STAMP_BETTER,maybe,Use as an individually transformable Node2D/Sprite2D object; visual-only.,,True
pvg_obj_core_prop_acunit1_4_0472,core,pvg_clutter_small_acunit1_4_18a5aa02,res://assets/tilesets/cyber_city_core_tilesets/CyberCity_Core_Tiles_1/CyberCity_Core_Tiles_1/ACUnit1_4.png,ACUnit1_4.png,23,60,prop,OccludableObjects,90,1.0,VISIBLE_ALPHA_CENTER,SPRITE_STAMP_BETTER,maybe,Use as an individually transformable Node2D/Sprite2D object; visual-only.,,True
pvg_obj_core_prop_acunit1_5_0473,core,pvg_clutter_small_acunit1_5_5b40ded8,res://assets/tilesets/cyber_city_core_tilesets/CyberCity_Core_Tiles_1/CyberCity_Core_Tiles_1/ACUnit1_5.png,ACUnit1_5.png,52,54,prop,OccludableObjects,90,1.0,VISIBLE_ALPHA_CENTER,SPRITE_STAMP_BETTER,maybe,Use as an individually transformable Node2D/Sprite2D object; visual-only.,,True
pvg_obj_core_prop_acunit1_6_0474,core,pvg_clutter_small_acunit1_6_bbe94fde,res://assets/tilesets/cyber_city_core_tilesets/CyberCity_Core_Tiles_1/CyberCity_Core_Tiles_1/ACUnit1_6.png,ACUnit1_6.png,53,54,prop,OccludableObjects,90,1.0,VISIBLE_ALPHA_CENTER,SPRITE_STAMP_BETTER,maybe,Use as an individually transformable Node2D/Sprite2D object; visual-only.,,True
pvg_obj_core_prop_acunit1_7_0475,core,pvg_clutter_small_acunit1_7_46d6d3cd,res://assets/tilesets/cyber_city_core_tilesets/CyberCity_Core_Tiles_1/CyberCity_Core_Tiles_1/ACUnit1_7.png,ACUnit1_7.png,55,54,prop,OccludableObjects,90,1.0,VISIBLE_ALPHA_CENTER,SPRITE_STAMP_BETTER,maybe,Use as an individually transformable Node2D/Sprite2D object; visual-only.,,True
pvg_obj_core_prop_acunit1_8_0476,core,pvg_clutter_small_acunit1_8_fa46b760,res://assets/tilesets/cyber_city_core_tilesets/CyberCity_Core_Tiles_1/CyberCity_Core_Tiles_1/ACUnit1_8.png,ACUnit1_8.png,51,54,prop,OccludableObjects,90,1.0,VISIBLE_ALPHA_CENTER,SPRITE_STAMP_BETTER,maybe,Use as an individually transformable Node2D/Sprite2D object; visual-only.,,True
pvg_obj_core_prop_acunit2_1_0477,core,pvg_clutter_small_acunit2_1_3b63b981,res://assets/tilesets/cyber_city_core_tilesets/CyberCity_Core_Tiles_1/CyberCity_Core_Tiles_1/ACUnit2_1.png,ACUnit2_1.png,65,47,prop,OccludableObjects,90,1.0,VISIBLE_ALPHA_CENTER,SPRITE_STAMP_BETTER,maybe,Use as an individually transformable Node2D/Sprite2D object; visual-only.,,True
pvg_obj_core_prop_acunit2_2_0478,core,pvg_clutter_small_acunit2_2_95470662,res://assets/tilesets/cyber_city_core_tilesets/CyberCity_Core_Tiles_1/CyberCity_Core_Tiles_1/ACUnit2_2.png,ACUnit2_2.png,27,80,prop,OccludableObjects,90,1.0,VISIBLE_ALPHA_CENTER,SPRITE_STAMP_BETTER,maybe,Use as an individually transformable Node2D/Sprite2D object; visual-only.,,True
pvg_obj_core_prop_acunit2_3_0479,core,pvg_clutter_small_acunit2_3_243bc8c3,res://assets/tilesets/cyber_city_core_tilesets/CyberCity_Core_Tiles_1/CyberCity_Core_Tiles_1/ACUnit2_3.png,ACUnit2_3.png,65,55,prop,OccludableObjects,90,1.0,VISIBLE_ALPHA_CENTER,SPRITE_STAMP_BETTER,maybe,Use as an individually transformable Node2D/Sprite2D object; visual-only.,,True
pvg_obj_core_prop_acunit2_4_0480,core,pvg_clutter_small_acunit2_4_de265656,res://assets/tilesets/cyber_city_core_tilesets/CyberCity_Core_Tiles_1/CyberCity_Core_Tiles_1/ACUnit2_4.png,ACUnit2_4.png,24,80,prop,OccludableObjects,90,1.0,VISIBLE_ALPHA_CENTER,SPRITE_STAMP_BETTER,maybe,Use as an individually transformable Node2D/Sprite2D object; visual-only.,,True
pvg_obj_core_prop_acunit2_5_0481,core,pvg_clutter_small_acunit2_5_d7f65b5d,res://assets/tilesets/cyber_city_core_tilesets/CyberCity_Core_Tiles_1/CyberCity_Core_Tiles_1/ACUnit2_5.png,ACUnit2_5.png,62,69,prop,OccludableObjects,90,1.0,VISIBLE_ALPHA_CENTER,SPRITE_STAMP_BETTER,maybe,Use as an individually transformable Node2D/Sprite2D object; visual-only.,,True
pvg_obj_core_prop_acunit2_6_0482,core,pvg_clutter_small_acunit2_6_f83742e5,res://assets/tilesets/cyber_city_core_tilesets/CyberCity_Core_Tiles_1/CyberCity_Core_Tiles_1/ACUnit2_6.png,ACUnit2_6.png,63,69,prop,OccludableObjects,90,1.0,VISIBLE_ALPHA_CENTER,SPRITE_STAMP_BETTER,maybe,Use as an individually transformable Node2D/Sprite2D object; visual-only.,,True
pvg_obj_core_prop_acunit2_7_0483,core,pvg_clutter_small_acunit2_7_351e5a47,res://assets/tilesets/cyber_city_core_tilesets/CyberCity_Core_Tiles_1/CyberCity_Core_Tiles_1/ACUnit2_7.png,ACUnit2_7.png,61,78,prop,OccludableObjects,90,1.0,VISIBLE_ALPHA_CENTER,SPRITE_STAMP_BETTER,maybe,Use as an individually transformable Node2D/Sprite2D object; visual-only.,,True
pvg_obj_core_prop_acunit2_8_0484,core,pvg_clutter_small_acunit2_8_eb3c3817,res://assets/tilesets/cyber_city_core_tilesets/CyberCity_Core_Tiles_1/CyberCity_Core_Tiles_1/ACUnit2_8.png,ACUnit2_8.png,62,78,prop,OccludableObjects,90,1.0,VISIBLE_ALPHA_CENTER,SPRITE_STAMP_BETTER,maybe,Use as an individually transformable Node2D/Sprite2D object; visual-only.,,True
pvg_obj_core_prop_acunit3_1_0485,core,pvg_clutter_small_acunit3_1_fb0e0dc3,res://assets/tilesets/cyber_city_core_tilesets/CyberCity_Core_Tiles_1/CyberCity_Core_Tiles_1/ACUnit3_1.png,ACUnit3_1.png,65,47,prop,OccludableObjects,90,1.0,VISIBLE_ALPHA_CENTER,SPRITE_STAMP_BETTER,maybe,Use as an individually transformable Node2D/Sprite2D object; visual-only.,,True
pvg_obj_core_prop_acunit3_2_0486,core,pvg_clutter_small_acunit3_2_ada12dec,res://assets/tilesets/cyber_city_core_tilesets/CyberCity_Core_Tiles_1/CyberCity_Core_Tiles_1/ACUnit3_2.png,ACUnit3_2.png,27,80,prop,OccludableObjects,90,1.0,VISIBLE_ALPHA_CENTER,SPRITE_STAMP_BETTER,maybe,Use as an individually transformable Node2D/Sprite2D object; visual-only.,,True
pvg_obj_core_prop_acunit3_3_0487,core,pvg_clutter_small_acunit3_3_cc5012a7,res://assets/tilesets/cyber_city_core_tilesets/CyberCity_Core_Tiles_1/CyberCity_Core_Tiles_1/ACUnit3_3.png,ACUnit3_3.png,65,55,prop,OccludableObjects,90,1.0,VISIBLE_ALPHA_CENTER,SPRITE_STAMP_BETTER,maybe,Use as an individually transformable Node2D/Sprite2D object; visual-only.,,True
pvg_obj_core_prop_acunit3_4_0488,core,pvg_clutter_small_acunit3_4_5013e2c9,res://assets/tilesets/cyber_city_core_tilesets/CyberCity_Core_Tiles_1/CyberCity_Core_Tiles_1/ACUnit3_4.png,ACUnit3_4.png,24,80,prop,OccludableObjects,90,1.0,VISIBLE_ALPHA_CENTER,SPRITE_STAMP_BETTER,maybe,Use as an individually transformable Node2D/Sprite2D object; visual-only.,,True
pvg_obj_core_prop_acunit3_5_0489,core,pvg_clutter_small_acunit3_5_bc78d14b,res://assets/tilesets/cyber_city_core_tilesets/CyberCity_Core_Tiles_1/CyberCity_Core_Tiles_1/ACUnit3_5.png,ACUnit3_5.png,62,69,prop,OccludableObjects,90,1.0,VISIBLE_ALPHA_CENTER,SPRITE_STAMP_BETTER,maybe,Use as an individually transformable Node2D/Sprite2D object; visual-only.,,True
pvg_obj_core_prop_acunit3_6_0490,core,pvg_clutter_small_acunit3_6_de679415,res://assets/tilesets/cyber_city_core_tilesets/CyberCity_Core_Tiles_1/CyberCity_Core_Tiles_1/ACUnit3_6.png,ACUnit3_6.png,63,69,prop,OccludableObjects,90,1.0,VISIBLE_ALPHA_CENTER,SPRITE_STAMP_BETTER,maybe,Use as an individually transformable Node2D/Sprite2D object; visual-only.,,True
pvg_obj_core_prop_acunit3_7_0491,core,pvg_clutter_small_acunit3_7_acca880d,res://assets/tilesets/cyber_city_core_tilesets/CyberCity_Core_Tiles_1/CyberCity_Core_Tiles_1/ACUnit3_7.png,ACUnit3_7.png,61,78,prop,OccludableObjects,90,1.0,VISIBLE_ALPHA_CENTER,SPRITE_STAMP_BETTER,maybe,Use as an individually transformable Node2D/Sprite2D object; visual-only.,,True
pvg_obj_core_prop_acunit3_8_0492,core,pvg_clutter_small_acunit3_8_760223d1,res://assets/tilesets/cyber_city_core_tilesets/CyberCity_Core_Tiles_1/CyberCity_Core_Tiles_1/ACUnit3_8.png,ACUnit3_8.png,62,78,prop,OccludableObjects,90,1.0,VISIBLE_ALPHA_CENTER,SPRITE_STAMP_BETTER,maybe,Use as an individually transformable Node2D/Sprite2D object; visual-only.,,True
pvg_obj_core_prop_acunit4_1_0493,core,pvg_clutter_small_acunit4_1_6b029e69,res://assets/tilesets/cyber_city_core_tilesets/CyberCity_Core_Tiles_1/CyberCity_Core_Tiles_1/ACUnit4_1.png,ACUnit4_1.png,43,47,prop,OccludableObjects,90,1.0,VISIBLE_ALPHA_CENTER,SPRITE_STAMP_BETTER,maybe,Use as an individually transformable Node2D/Sprite2D object; visual-only.,,True
pvg_obj_core_prop_acunit4_2_0494,core,pvg_clutter_small_acunit4_2_4e51558d,res://assets/tilesets/cyber_city_core_tilesets/CyberCity_Core_Tiles_1/CyberCity_Core_Tiles_1/ACUnit4_2.png,ACUnit4_2.png,24,65,prop,OccludableObjects,90,1.0,VISIBLE_ALPHA_CENTER,SPRITE_STAMP_BETTER,maybe,Use as an individually transformable Node2D/Sprite2D object; visual-only.,,True
pvg_obj_core_prop_acunit4_3_0495,core,pvg_clutter_small_acunit4_3_7973511f,res://assets/tilesets/cyber_city_core_tilesets/CyberCity_Core_Tiles_1/CyberCity_Core_Tiles_1/ACUnit4_3.png,ACUnit4_3.png,43,56,prop,OccludableObjects,90,1.0,VISIBLE_ALPHA_CENTER,SPRITE_STAMP_BETTER,maybe,Use as an individually transformable Node2D/Sprite2D object; visual-only.,,True
pvg_obj_core_prop_acunit4_4_0496,core,pvg_clutter_small_acunit4_4_91f90489,res://assets/tilesets/cyber_city_core_tilesets/CyberCity_Core_Tiles_1/CyberCity_Core_Tiles_1/ACUnit4_4.png,ACUnit4_4.png,24,65,prop,OccludableObjects,90,1.0,VISIBLE_ALPHA_CENTER,SPRITE_STAMP_BETTER,maybe,Use as an individually transformable Node2D/Sprite2D object; visual-only.,,True
pvg_obj_core_prop_acunit4_5_0497,core,pvg_clutter_small_acunit4_5_5a29c1cb,res://assets/tilesets/cyber_city_core_tilesets/CyberCity_Core_Tiles_1/CyberCity_Core_Tiles_1/ACUnit4_5.png,ACUnit4_5.png,44,58,prop,OccludableObjects,90,1.0,VISIBLE_ALPHA_CENTER,SPRITE_STAMP_BETTER,maybe,Use as an individually transformable Node2D/Sprite2D object; visual-only.,,True
pvg_obj_core_prop_acunit4_6_0498,core,pvg_clutter_small_acunit4_6_75fa71de,res://assets/tilesets/cyber_city_core_tilesets/CyberCity_Core_Tiles_1/CyberCity_Core_Tiles_1/ACUnit4_6.png,ACUnit4_6.png,43,57,prop,OccludableObjects,90,1.0,VISIBLE_ALPHA_CENTER,SPRITE_STAMP_BETTER,maybe,Use as an individually transformable Node2D/Sprite2D object; visual-only.,,True
pvg_obj_core_prop_acunit4_7_0499,core,pvg_clutter_small_acunit4_7_bc9a086c,res://assets/tilesets/cyber_city_core_tilesets/CyberCity_Core_Tiles_1/CyberCity_Core_Tiles_1/ACUnit4_7.png,ACUnit4_7.png,43,66,prop,OccludableObjects,90,1.0,VISIBLE_ALPHA_CENTER,SPRITE_STAMP_BETTER,maybe,Use as an individually transformable Node2D/Sprite2D object; visual-only.,,True
pvg_obj_core_prop_acunit4_8_0500,core,pvg_clutter_small_acunit4_8_1409f2e2,res://assets/tilesets/cyber_city_core_tilesets/CyberCity_Core_Tiles_1/CyberCity_Core_Tiles_1/ACUnit4_8.png,ACUnit4_8.png,43,66,prop,OccludableObjects,90,1.0,VISIBLE_ALPHA_CENTER,SPRITE_STAMP_BETTER,maybe,Use as an individually transformable Node2D/Sprite2D object; visual-only.,,True
pvg_obj_core_prop_adboard1_1_0501,core,pvg_neon_sign_adboard1_1_9dbc4910,res://assets/tilesets/cyber_city_core_tilesets/CyberCity_Core_Tiles_1/CyberCity_Core_Tiles_1/AdBoard1_1.png,AdBoard1_1.png,40,81,prop,OccludableObjects,90,1.0,VISIBLE_ALPHA_CENTER,SPRITE_STAMP_BETTER,maybe,Use as an individually transformable Node2D/Sprite2D object; visual-only.,,True
pvg_obj_core_prop_adboard1_3_0502,core,pvg_neon_sign_adboard1_3_e2212d1d,res://assets/tilesets/cyber_city_core_tilesets/CyberCity_Core_Tiles_1/CyberCity_Core_Tiles_1/AdBoard1_3.png,AdBoard1_3.png,44,83,prop,OccludableObjects,90,1.0,VISIBLE_ALPHA_CENTER,SPRITE_STAMP_BETTER,maybe,Use as an individually transformable Node2D/Sprite2D object; visual-only.,,True
pvg_obj_core_prop_adboard1_5_0503,core,pvg_neon_sign_adboard1_5_30d5b9a0,res://assets/tilesets/cyber_city_core_tilesets/CyberCity_Core_Tiles_1/CyberCity_Core_Tiles_1/AdBoard1_5.png,AdBoard1_5.png,30,92,prop,OccludableObjects,90,1.0,VISIBLE_ALPHA_CENTER,SPRITE_STAMP_BETTER,maybe,Use as an individually transformable Node2D/Sprite2D object; visual-only.,,True
pvg_obj_core_prop_adboard1_6_0504,core,pvg_neon_sign_adboard1_6_4d89ba17,res://assets/tilesets/cyber_city_core_tilesets/CyberCity_Core_Tiles_1/CyberCity_Core_Tiles_1/AdBoard1_6.png,AdBoard1_6.png,31,91,prop,OccludableObjects,90,1.0,VISIBLE_ALPHA_CENTER,SPRITE_STAMP_BETTER,maybe,Use as an individually transformable Node2D/Sprite2D object; visual-only.,,True
pvg_obj_core_prop_adboard1_7_0505,core,pvg_neon_sign_adboard1_7_30b89819,res://assets/tilesets/cyber_city_core_tilesets/CyberCity_Core_Tiles_1/CyberCity_Core_Tiles_1/AdBoard1_7.png,AdBoard1_7.png,33,91,prop,OccludableObjects,90,1.0,VISIBLE_ALPHA_CENTER,SPRITE_STAMP_BETTER,maybe,Use as an individually transformable Node2D/Sprite2D object; visual-only.,,True
pvg_obj_core_prop_adboard1_8_0506,core,pvg_neon_sign_adboard1_8_c30e45db,res://assets/tilesets/cyber_city_core_tilesets/CyberCity_Core_Tiles_1/CyberCity_Core_Tiles_1/AdBoard1_8.png,AdBoard1_8.png,33,92,prop,OccludableObjects,90,1.0,VISIBLE_ALPHA_CENTER,SPRITE_STAMP_BETTER,maybe,Use as an individually transformable Node2D/Sprite2D object; visual-only.,,True
pvg_obj_core_prop_adboard2_1_0507,core,pvg_neon_sign_adboard2_1_272cfd25,res://assets/tilesets/cyber_city_core_tilesets/CyberCity_Core_Tiles_1/CyberCity_Core_Tiles_1/AdBoard2_1.png,AdBoard2_1.png,37,81,prop,OccludableObjects,90,1.0,VISIBLE_ALPHA_CENTER,SPRITE_STAMP_BETTER,maybe,Use as an individually transformable Node2D/Sprite2D object; visual-only.,,True
pvg_obj_core_prop_adboard2_3_0508,core,pvg_neon_sign_adboard2_3_5658c0b4,res://assets/tilesets/cyber_city_core_tilesets/CyberCity_Core_Tiles_1/CyberCity_Core_Tiles_1/AdBoard2_3.png,AdBoard2_3.png,44,80,prop,OccludableObjects,90,1.0,VISIBLE_ALPHA_CENTER,SPRITE_STAMP_BETTER,maybe,Use as an individually transformable Node2D/Sprite2D object; visual-only.,,True
pvg_obj_core_prop_adboard2_5_0509,core,pvg_neon_sign_adboard2_5_9d7c1a4b,res://assets/tilesets/cyber_city_core_tilesets/CyberCity_Core_Tiles_1/CyberCity_Core_Tiles_1/AdBoard2_5.png,AdBoard2_5.png,30,92,prop,OccludableObjects,90,1.0,VISIBLE_ALPHA_CENTER,SPRITE_STAMP_BETTER,maybe,Use as an individually transformable Node2D/Sprite2D object; visual-only.,,True
pvg_obj_core_prop_adboard2_6_0510,core,pvg_neon_sign_adboard2_6_9121bfe6,res://assets/tilesets/cyber_city_core_tilesets/CyberCity_Core_Tiles_1/CyberCity_Core_Tiles_1/AdBoard2_6.png,AdBoard2_6.png,34,92,prop,OccludableObjects,90,1.0,VISIBLE_ALPHA_CENTER,SPRITE_STAMP_BETTER,maybe,Use as an individually transformable Node2D/Sprite2D object; visual-only.,,True
pvg_obj_core_prop_adboard2_7_0511,core,pvg_neon_sign_adboard2_7_dfc15558,res://assets/tilesets/cyber_city_core_tilesets/CyberCity_Core_Tiles_1/CyberCity_Core_Tiles_1/AdBoard2_7.png,AdBoard2_7.png,30,92,prop,OccludableObjects,90,1.0,VISIBLE_ALPHA_CENTER,SPRITE_STAMP_BETTER,maybe,Use as an individually transformable Node2D/Sprite2D object; visual-only.,,True
pvg_obj_core_prop_adboard2_8_0512,core,pvg_neon_sign_adboard2_8_472eabae,res://assets/tilesets/cyber_city_core_tilesets/CyberCity_Core_Tiles_1/CyberCity_Core_Tiles_1/AdBoard2_8.png,AdBoard2_8.png,33,92,prop,OccludableObjects,90,1.0,VISIBLE_ALPHA_CENTER,SPRITE_STAMP_BETTER,maybe,Use as an individually transformable Node2D/Sprite2D object; visual-only.,,True
pvg_obj_core_prop_chargingstation1_1_0537,core,pvg_tileset_atlas_chargingstation1_1_1d12b4f1,res://assets/tilesets/cyber_city_core_tilesets/CyberCity_Core_Tiles_2/CyberCity_Core_Tiles_2/ChargingStation1_1.png,ChargingStation1_1.png,518,663,prop,OccludableObjects,90,1.0,VISIBLE_ALPHA_CENTER,SPRITE_STAMP_BETTER,maybe,Use as an individually transformable Node2D/Sprite2D object; visual-only.,,True
pvg_obj_core_prop_chargingstation1_2_0538,core,pvg_tileset_atlas_chargingstation1_2_ec0730bd,res://assets/tilesets/cyber_city_core_tilesets/CyberCity_Core_Tiles_2/CyberCity_Core_Tiles_2/ChargingStation1_2.png,ChargingStation1_2.png,542,532,prop,OccludableObjects,90,1.0,VISIBLE_ALPHA_CENTER,SPRITE_STAMP_BETTER,maybe,Use as an individually transformable Node2D/Sprite2D object; visual-only.,,True
pvg_obj_core_prop_chargingstation1_3_0539,core,pvg_tileset_atlas_chargingstation1_3_22126e6a,res://assets/tilesets/cyber_city_core_tilesets/CyberCity_Core_Tiles_2/CyberCity_Core_Tiles_2/ChargingStation1_3.png,ChargingStation1_3.png,573,662,prop,OccludableObjects,90,1.0,VISIBLE_ALPHA_CENTER,SPRITE_STAMP_BETTER,maybe,Use as an individually transformable Node2D/Sprite2D object; visual-only.,,True
pvg_obj_core_prop_chargingstation1_4_0540,core,pvg_tileset_atlas_chargingstation1_4_30d342b8,res://assets/tilesets/cyber_city_core_tilesets/CyberCity_Core_Tiles_2/CyberCity_Core_Tiles_2/ChargingStation1_4.png,ChargingStation1_4.png,538,687,prop,OccludableObjects,90,1.0,VISIBLE_ALPHA_CENTER,SPRITE_STAMP_BETTER,maybe,Use as an individually transformable Node2D/Sprite2D object; visual-only.,,True
pvg_obj_core_prop_chargingstation1_5_0541,core,pvg_tileset_atlas_chargingstation1_5_e4dab30e,res://assets/tilesets/cyber_city_core_tilesets/CyberCity_Core_Tiles_2/CyberCity_Core_Tiles_2/ChargingStation1_5.png,ChargingStation1_5.png,611,595,prop,OccludableObjects,90,1.0,VISIBLE_ALPHA_CENTER,SPRITE_STAMP_BETTER,maybe,Use as an individually transformable Node2D/Sprite2D object; visual-only.,,True
pvg_obj_core_prop_chargingstation1_6_0542,core,pvg_tileset_atlas_chargingstation1_6_f6aa8365,res://assets/tilesets/cyber_city_core_tilesets/CyberCity_Core_Tiles_2/CyberCity_Core_Tiles_2/ChargingStation1_6.png,ChargingStation1_6.png,612,787,prop,OccludableObjects,90,0.65,VISIBLE_ALPHA_CENTER,SPRITE_STAMP_BETTER,maybe,Use as an individually transformable Node2D/Sprite2D object; visual-only.,,True
pvg_obj_core_prop_chargingstation1_7_0543,core,pvg_tileset_atlas_chargingstation1_7_b24cbfad,res://assets/tilesets/cyber_city_core_tilesets/CyberCity_Core_Tiles_2/CyberCity_Core_Tiles_2/ChargingStation1_7.png,ChargingStation1_7.png,719,591,prop,OccludableObjects,90,0.65,VISIBLE_ALPHA_CENTER,SPRITE_STAMP_BETTER,maybe,Use as an individually transformable Node2D/Sprite2D object; visual-only.,,True
pvg_obj_core_prop_chargingstation1_8_0544,core,pvg_tileset_atlas_chargingstation1_8_d13730f5,res://assets/tilesets/cyber_city_core_tilesets/CyberCity_Core_Tiles_2/CyberCity_Core_Tiles_2/ChargingStation1_8.png,ChargingStation1_8.png,720,783,prop,OccludableObjects,90,0.65,VISIBLE_ALPHA_CENTER,SPRITE_STAMP_BETTER,maybe,Use as an individually transformable Node2D/Sprite2D object; visual-only.,,True
pvg_obj_core_prop_clutter8_6_0545,core,pvg_tileset_atlas_clutter8_6_a3fd8f05,res://assets/tilesets/cyber_city_core_tilesets/CyberCity_Core_Tiles_2/CyberCity_Core_Tiles_2/Clutter8_6.png,Clutter8_6.png,455,532,prop,OccludableObjects,90,1.0,VISIBLE_ALPHA_CENTER,SPRITE_STAMP_BETTER,maybe,Use as an individually transformable Node2D/Sprite2D object; visual-only.,,True
pvg_obj_core_prop_clutter9_1_0546,core,pvg_tileset_atlas_clutter9_1_8b0cacba,res://assets/tilesets/cyber_city_core_tilesets/CyberCity_Core_Tiles_2/CyberCity_Core_Tiles_2/Clutter9_1.png,Clutter9_1.png,681,541,prop,OccludableObjects,90,1.0,VISIBLE_ALPHA_CENTER,SPRITE_STAMP_BETTER,maybe,Use as an individually transformable Node2D/Sprite2D object; visual-only.,,True
pvg_obj_core_prop_clutter9_2_0547,core,pvg_tileset_atlas_clutter9_2_50817a2d,res://assets/tilesets/cyber_city_core_tilesets/CyberCity_Core_Tiles_2/CyberCity_Core_Tiles_2/Clutter9_2.png,Clutter9_2.png,331,532,prop,OccludableObjects,90,1.0,VISIBLE_ALPHA_CENTER,SPRITE_STAMP_BETTER,maybe,Use as an individually transformable Node2D/Sprite2D object; visual-only.,,True
pvg_obj_core_prop_clutter9_3_0548,core,pvg_tileset_atlas_clutter9_3_1714899d,res://assets/tilesets/cyber_city_core_tilesets/CyberCity_Core_Tiles_2/CyberCity_Core_Tiles_2/Clutter9_3.png,Clutter9_3.png,754,503,prop,OccludableObjects,90,0.65,VISIBLE_ALPHA_CENTER,SPRITE_STAMP_BETTER,maybe,Use as an individually transformable Node2D/Sprite2D object; visual-only.,,True
pvg_obj_core_prop_clutter9_4_0549,core,pvg_tileset_atlas_clutter9_4_3d67d897,res://assets/tilesets/cyber_city_core_tilesets/CyberCity_Core_Tiles_2/CyberCity_Core_Tiles_2/Clutter9_4.png,Clutter9_4.png,381,798,prop,OccludableObjects,90,0.65,VISIBLE_ALPHA_CENTER,SPRITE_STAMP_BETTER,maybe,Use as an individually transformable Node2D/Sprite2D object; visual-only.,,True
pvg_obj_core_prop_clutter9_5_0550,core,pvg_tileset_atlas_clutter9_5_6f05e618,res://assets/tilesets/cyber_city_core_tilesets/CyberCity_Core_Tiles_2/CyberCity_Core_Tiles_2/Clutter9_5.png,Clutter9_5.png,621,509,prop,OccludableObjects,90,1.0,VISIBLE_ALPHA_CENTER,SPRITE_STAMP_BETTER,maybe,Use as an individually transformable Node2D/Sprite2D object; visual-only.,,True
pvg_obj_core_prop_clutter9_6_0551,core,pvg_tileset_atlas_clutter9_6_2887f20c,res://assets/tilesets/cyber_city_core_tilesets/CyberCity_Core_Tiles_2/CyberCity_Core_Tiles_2/Clutter9_6.png,Clutter9_6.png,564,763,prop,OccludableObjects,90,0.65,VISIBLE_ALPHA_CENTER,SPRITE_STAMP_BETTER,maybe,Use as an individually transformable Node2D/Sprite2D object; visual-only.,,True
pvg_obj_core_prop_clutter9_7_0552,core,pvg_tileset_atlas_clutter9_7_6e782d2d,res://assets/tilesets/cyber_city_core_tilesets/CyberCity_Core_Tiles_2/CyberCity_Core_Tiles_2/Clutter9_7.png,Clutter9_7.png,646,449,prop,OccludableObjects,90,1.0,VISIBLE_ALPHA_CENTER,SPRITE_STAMP_BETTER,maybe,Use as an individually transformable Node2D/Sprite2D object; visual-only.,,True
pvg_obj_core_prop_clutter9_8_0553,core,pvg_tileset_atlas_clutter9_8_b11bd72c,res://assets/tilesets/cyber_city_core_tilesets/CyberCity_Core_Tiles_2/CyberCity_Core_Tiles_2/Clutter9_8.png,Clutter9_8.png,694,724,prop,OccludableObjects,90,0.65,VISIBLE_ALPHA_CENTER,SPRITE_STAMP_BETTER,maybe,Use as an individually transformable Node2D/Sprite2D object; visual-only.,,True
pvg_obj_core_prop_metroline1_1_0556,core,pvg_tileset_atlas_metroline1_1_ea12800e,res://assets/tilesets/cyber_city_core_tilesets/CyberCity_Core_Tiles_2/CyberCity_Core_Tiles_2/MetroLine1_1.png,MetroLine1_1.png,1274,671,prop,OccludableObjects,90,0.5,VISIBLE_ALPHA_CENTER,SPRITE_STAMP_BETTER,maybe,Use as an individually transformable Node2D/Sprite2D object; visual-only.,,True
pvg_obj_core_prop_metroline1_2_0557,core,pvg_tileset_atlas_metroline1_2_5a78ec8a,res://assets/tilesets/cyber_city_core_tilesets/CyberCity_Core_Tiles_2/CyberCity_Core_Tiles_2/MetroLine1_2.png,MetroLine1_2.png,503,1188,prop,OccludableObjects,90,0.5,VISIBLE_ALPHA_CENTER,SPRITE_STAMP_BETTER,maybe,Use as an individually transformable Node2D/Sprite2D object; visual-only.,,True
pvg_obj_core_prop_metroline1_3_0558,core,pvg_tileset_atlas_metroline1_3_6c7ef265,res://assets/tilesets/cyber_city_core_tilesets/CyberCity_Core_Tiles_2/CyberCity_Core_Tiles_2/MetroLine1_3.png,MetroLine1_3.png,1162,1134,prop,OccludableObjects,90,0.5,VISIBLE_ALPHA_CENTER,SPRITE_STAMP_BETTER,maybe,Use as an individually transformable Node2D/Sprite2D object; visual-only.,,True
pvg_obj_core_prop_metroline1_4_0559,core,pvg_tileset_atlas_metroline1_4_facdde0e,res://assets/tilesets/cyber_city_core_tilesets/CyberCity_Core_Tiles_2/CyberCity_Core_Tiles_2/MetroLine1_4.png,MetroLine1_4.png,1160,1135,prop,OccludableObjects,90,0.5,VISIBLE_ALPHA_CENTER,SPRITE_STAMP_BETTER,maybe,Use as an individually transformable Node2D/Sprite2D object; visual-only.,,True
pvg_obj_core_prop_register1_1_0561,core,pvg_store_tech_register1_1_fa948dcb,res://assets/tilesets/cyber_city_core_tilesets/CyberCity_Core_Tiles_2/CyberCity_Core_Tiles_2/Register1_1.png,Register1_1.png,36,38,prop,OccludableObjects,90,1.0,VISIBLE_ALPHA_CENTER,SPRITE_STAMP_BETTER,maybe,Use as an individually transformable Node2D/Sprite2D object; visual-only.,,True
pvg_obj_core_prop_register1_2_0562,core,pvg_store_tech_register1_2_526f0cec,res://assets/tilesets/cyber_city_core_tilesets/CyberCity_Core_Tiles_2/CyberCity_Core_Tiles_2/Register1_2.png,Register1_2.png,38,38,prop,OccludableObjects,90,1.0,VISIBLE_ALPHA_CENTER,SPRITE_STAMP_BETTER,maybe,Use as an individually transformable Node2D/Sprite2D object; visual-only.,,True
pvg_obj_core_prop_register1_3_0563,core,pvg_store_tech_register1_3_42a9ca32,res://assets/tilesets/cyber_city_core_tilesets/CyberCity_Core_Tiles_2/CyberCity_Core_Tiles_2/Register1_3.png,Register1_3.png,37,30,prop,OccludableObjects,90,1.0,VISIBLE_ALPHA_CENTER,SPRITE_STAMP_BETTER,maybe,Use as an individually transformable Node2D/Sprite2D object; visual-only.,,True
pvg_obj_core_prop_register1_4_0564,core,pvg_store_tech_register1_4_d958ec5d,res://assets/tilesets/cyber_city_core_tilesets/CyberCity_Core_Tiles_2/CyberCity_Core_Tiles_2/Register1_4.png,Register1_4.png,34,42,prop,OccludableObjects,90,1.0,VISIBLE_ALPHA_CENTER,SPRITE_STAMP_BETTER,maybe,Use as an individually transformable Node2D/Sprite2D object; visual-only.,,True
pvg_obj_core_prop_register1_5_0565,core,pvg_store_tech_register1_5_b4147fca,res://assets/tilesets/cyber_city_core_tilesets/CyberCity_Core_Tiles_2/CyberCity_Core_Tiles_2/Register1_5.png,Register1_5.png,46,40,prop,OccludableObjects,90,1.0,VISIBLE_ALPHA_CENTER,SPRITE_STAMP_BETTER,maybe,Use as an individually transformable Node2D/Sprite2D object; visual-only.,,True
pvg_obj_core_prop_register1_6_0566,core,pvg_store_tech_register1_6_8ad45133,res://assets/tilesets/cyber_city_core_tilesets/CyberCity_Core_Tiles_2/CyberCity_Core_Tiles_2/Register1_6.png,Register1_6.png,45,44,prop,OccludableObjects,90,1.0,VISIBLE_ALPHA_CENTER,SPRITE_STAMP_BETTER,maybe,Use as an individually transformable Node2D/Sprite2D object; visual-only.,,True
pvg_obj_core_prop_register1_7_0567,core,pvg_store_tech_register1_7_2ed3b7ca,res://assets/tilesets/cyber_city_core_tilesets/CyberCity_Core_Tiles_2/CyberCity_Core_Tiles_2/Register1_7.png,Register1_7.png,45,36,prop,OccludableObjects,90,1.0,VISIBLE_ALPHA_CENTER,SPRITE_STAMP_BETTER,maybe,Use as an individually transformable Node2D/Sprite2D object; visual-only.,,True
pvg_obj_core_prop_register1_8_0568,core,pvg_store_tech_register1_8_67e6348d,res://assets/tilesets/cyber_city_core_tilesets/CyberCity_Core_Tiles_2/CyberCity_Core_Tiles_2/Register1_8.png,Register1_8.png,44,39,prop,OccludableObjects,90,1.0,VISIBLE_ALPHA_CENTER,SPRITE_STAMP_BETTER,maybe,Use as an individually transformable Node2D/Sprite2D object; visual-only.,,True
pvg_obj_core_prop_register2_1_0569,core,pvg_store_tech_register2_1_40ff0a27,res://assets/tilesets/cyber_city_core_tilesets/CyberCity_Core_Tiles_2/CyberCity_Core_Tiles_2/Register2_1.png,Register2_1.png,34,39,prop,OccludableObjects,90,1.0,VISIBLE_ALPHA_CENTER,SPRITE_STAMP_BETTER,maybe,Use as an individually transformable Node2D/Sprite2D object; visual-only.,,True
pvg_obj_core_prop_register2_2_0570,core,pvg_store_tech_register2_2_a4fef9d1,res://assets/tilesets/cyber_city_core_tilesets/CyberCity_Core_Tiles_2/CyberCity_Core_Tiles_2/Register2_2.png,Register2_2.png,33,35,prop,OccludableObjects,90,1.0,VISIBLE_ALPHA_CENTER,SPRITE_STAMP_BETTER,maybe,Use as an individually transformable Node2D/Sprite2D object; visual-only.,,True
pvg_obj_core_prop_register2_3_0571,core,pvg_store_tech_register2_3_f8806c46,res://assets/tilesets/cyber_city_core_tilesets/CyberCity_Core_Tiles_2/CyberCity_Core_Tiles_2/Register2_3.png,Register2_3.png,36,33,prop,OccludableObjects,90,1.0,VISIBLE_ALPHA_CENTER,SPRITE_STAMP_BETTER,maybe,Use as an individually transformable Node2D/Sprite2D object; visual-only.,,True
pvg_obj_core_prop_register2_4_0572,core,pvg_store_tech_register2_4_e144ea4e,res://assets/tilesets/cyber_city_core_tilesets/CyberCity_Core_Tiles_2/CyberCity_Core_Tiles_2/Register2_4.png,Register2_4.png,36,40,prop,OccludableObjects,90,1.0,VISIBLE_ALPHA_CENTER,SPRITE_STAMP_BETTER,maybe,Use as an individually transformable Node2D/Sprite2D object; visual-only.,,True
pvg_obj_core_prop_register2_5_0573,core,pvg_store_tech_register2_5_af42864b,res://assets/tilesets/cyber_city_core_tilesets/CyberCity_Core_Tiles_2/CyberCity_Core_Tiles_2/Register2_5.png,Register2_5.png,44,43,prop,OccludableObjects,90,1.0,VISIBLE_ALPHA_CENTER,SPRITE_STAMP_BETTER,maybe,Use as an individually transformable Node2D/Sprite2D object; visual-only.,,True
pvg_obj_core_prop_register2_6_0574,core,pvg_store_tech_register2_6_e4bbc74b,res://assets/tilesets/cyber_city_core_tilesets/CyberCity_Core_Tiles_2/CyberCity_Core_Tiles_2/Register2_6.png,Register2_6.png,45,47,prop,OccludableObjects,90,1.0,VISIBLE_ALPHA_CENTER,SPRITE_STAMP_BETTER,maybe,Use as an individually transformable Node2D/Sprite2D object; visual-only.,,True
pvg_obj_core_prop_register2_7_0575,core,pvg_store_tech_register2_7_0012dc77,res://assets/tilesets/cyber_city_core_tilesets/CyberCity_Core_Tiles_2/CyberCity_Core_Tiles_2/Register2_7.png,Register2_7.png,44,37,prop,OccludableObjects,90,1.0,VISIBLE_ALPHA_CENTER,SPRITE_STAMP_BETTER,maybe,Use as an individually transformable Node2D/Sprite2D object; visual-only.,,True
pvg_obj_core_prop_register2_8_0576,core,pvg_store_tech_register2_8_a9f2ca25,res://assets/tilesets/cyber_city_core_tilesets/CyberCity_Core_Tiles_2/CyberCity_Core_Tiles_2/Register2_8.png,Register2_8.png,45,39,prop,OccludableObjects,90,1.0,VISIBLE_ALPHA_CENTER,SPRITE_STAMP_BETTER,maybe,Use as an individually transformable Node2D/Sprite2D object; visual-only.,,True
pvg_obj_core_prop_satelitedish1_1_0577,core,pvg_tileset_atlas_satelitedish1_1_7e2ccb14,res://assets/tilesets/cyber_city_core_tilesets/CyberCity_Core_Tiles_2/CyberCity_Core_Tiles_2/SateliteDish1_1.png,SateliteDish1_1.png,612,630,prop,OccludableObjects,90,1.0,VISIBLE_ALPHA_CENTER,SPRITE_STAMP_BETTER,maybe,Use as an individually transformable Node2D/Sprite2D object; visual-only.,,True
pvg_obj_core_prop_satelitedish1_2_0578,core,pvg_tileset_atlas_satelitedish1_2_4a187567,res://assets/tilesets/cyber_city_core_tilesets/CyberCity_Core_Tiles_2/CyberCity_Core_Tiles_2/SateliteDish1_2.png,SateliteDish1_2.png,512,628,prop,OccludableObjects,90,1.0,VISIBLE_ALPHA_CENTER,SPRITE_STAMP_BETTER,maybe,Use as an individually transformable Node2D/Sprite2D object; visual-only.,,True
pvg_obj_core_prop_satelitedish1_3_0579,core,pvg_tileset_atlas_satelitedish1_3_385d4333,res://assets/tilesets/cyber_city_core_tilesets/CyberCity_Core_Tiles_2/CyberCity_Core_Tiles_2/SateliteDish1_3.png,SateliteDish1_3.png,611,694,prop,OccludableObjects,90,1.0,VISIBLE_ALPHA_CENTER,SPRITE_STAMP_BETTER,maybe,Use as an individually transformable Node2D/Sprite2D object; visual-only.,,True
pvg_obj_core_prop_satelitedish1_4_0580,core,pvg_tileset_atlas_satelitedish1_4_1d7f44d6,res://assets/tilesets/cyber_city_core_tilesets/CyberCity_Core_Tiles_2/CyberCity_Core_Tiles_2/SateliteDish1_4.png,SateliteDish1_4.png,483,683,prop,OccludableObjects,90,1.0,VISIBLE_ALPHA_CENTER,SPRITE_STAMP_BETTER,maybe,Use as an individually transformable Node2D/Sprite2D object; visual-only.,,True
pvg_obj_core_prop_satelitedish1_5_0581,core,pvg_tileset_atlas_satelitedish1_5_c2ff40f8,res://assets/tilesets/cyber_city_core_tilesets/CyberCity_Core_Tiles_2/CyberCity_Core_Tiles_2/SateliteDish1_5.png,SateliteDish1_5.png,524,641,prop,OccludableObjects,90,1.0,VISIBLE_ALPHA_CENTER,SPRITE_STAMP_BETTER,maybe,Use as an individually transformable Node2D/Sprite2D object; visual-only.,,True
pvg_obj_core_prop_satelitedish1_6_0582,core,pvg_tileset_atlas_satelitedish1_6_4344bad5,res://assets/tilesets/cyber_city_core_tilesets/CyberCity_Core_Tiles_2/CyberCity_Core_Tiles_2/SateliteDish1_6.png,SateliteDish1_6.png,554,650,prop,OccludableObjects,90,1.0,VISIBLE_ALPHA_CENTER,SPRITE_STAMP_BETTER,maybe,Use as an individually transformable Node2D/Sprite2D object; visual-only.,,True
pvg_obj_core_prop_satelitedish1_7_0583,core,pvg_tileset_atlas_satelitedish1_7_3a36e789,res://assets/tilesets/cyber_city_core_tilesets/CyberCity_Core_Tiles_2/CyberCity_Core_Tiles_2/SateliteDish1_7.png,SateliteDish1_7.png,575,652,prop,OccludableObjects,90,1.0,VISIBLE_ALPHA_CENTER,SPRITE_STAMP_BETTER,maybe,Use as an individually transformable Node2D/Sprite2D object; visual-only.,,True
pvg_obj_core_prop_satelitedish1_8_0584,core,pvg_tileset_atlas_satelitedish1_8_e9005224,res://assets/tilesets/cyber_city_core_tilesets/CyberCity_Core_Tiles_2/CyberCity_Core_Tiles_2/SateliteDish1_8.png,SateliteDish1_8.png,551,687,prop,OccludableObjects,90,1.0,VISIBLE_ALPHA_CENTER,SPRITE_STAMP_BETTER,maybe,Use as an individually transformable Node2D/Sprite2D object; visual-only.,,True
pvg_obj_core_sign_billboard13_3_0165,core,pvg_neon_sign_billboard13_3_9900f770,res://assets/tilesets/cyber_city_core_tilesets/CyberCity_Core_Tiles_1/CyberCity_Core_Tiles_1/Billboard13_3.png,Billboard13_3.png,127,46,sign,OccludableObjects,90,1.0,VISIBLE_ALPHA_CENTER,READY_TO_PAINT,maybe,Use as an individually transformable Node2D/Sprite2D object; visual-only.,,True
pvg_obj_core_sign_billboard14_1_0526,core,pvg_tileset_atlas_billboard14_1_fd078a73,res://assets/tilesets/cyber_city_core_tilesets/CyberCity_Core_Tiles_1/CyberCity_Core_Tiles_1/Billboard14_1.png,Billboard14_1.png,524,225,sign,OccludableObjects,90,1.0,VISIBLE_ALPHA_CENTER,SPRITE_STAMP_BETTER,maybe,Use as an individually transformable Node2D/Sprite2D object; visual-only.,,True
pvg_obj_core_sign_billboard14_3_0527,core,pvg_tileset_atlas_billboard14_3_ffa2dcd9,res://assets/tilesets/cyber_city_core_tilesets/CyberCity_Core_Tiles_1/CyberCity_Core_Tiles_1/Billboard14_3.png,Billboard14_3.png,557,295,sign,OccludableObjects,90,1.0,VISIBLE_ALPHA_CENTER,SPRITE_STAMP_BETTER,maybe,Use as an individually transformable Node2D/Sprite2D object; visual-only.,,True
pvg_obj_core_sign_billboard14_4_0528,core,pvg_tileset_atlas_billboard14_4_7a3ffcee,res://assets/tilesets/cyber_city_core_tilesets/CyberCity_Core_Tiles_1/CyberCity_Core_Tiles_1/Billboard14_4.png,Billboard14_4.png,117,544,sign,OccludableObjects,90,1.0,VISIBLE_ALPHA_CENTER,SPRITE_STAMP_BETTER,maybe,Use as an individually transformable Node2D/Sprite2D object; visual-only.,,True
pvg_obj_core_sign_billboard14_5_0176,core,pvg_neon_sign_billboard14_5_54e955fa,res://assets/tilesets/cyber_city_core_tilesets/CyberCity_Core_Tiles_1/CyberCity_Core_Tiles_1/Billboard14_5.png,Billboard14_5.png,389,333,sign,OccludableObjects,90,1.0,VISIBLE_ALPHA_CENTER,READY_TO_PAINT,maybe,Use as an individually transformable Node2D/Sprite2D object; visual-only.,,True
pvg_obj_core_sign_billboard17_1_0132,core,pvg_neon_sign_billboard17_1_80f98fc7,res://assets/tilesets/cyber_city_core_tilesets/CyberCity_Core_Tiles_1/CyberCity_Core_Tiles_1/Billboard17_1.png,Billboard17_1.png,88,181,sign,OccludableObjects,90,1.0,VISIBLE_ALPHA_CENTER,READY_TO_PAINT,maybe,Use as an individually transformable Node2D/Sprite2D object; visual-only.,,True
pvg_obj_core_sign_billboard17_3_0125,core,pvg_neon_sign_billboard17_3_3aa31f16,res://assets/tilesets/cyber_city_core_tilesets/CyberCity_Core_Tiles_1/CyberCity_Core_Tiles_1/Billboard17_3.png,Billboard17_3.png,87,179,sign,OccludableObjects,90,1.0,VISIBLE_ALPHA_CENTER,READY_TO_PAINT,maybe,Use as an individually transformable Node2D/Sprite2D object; visual-only.,,True
pvg_obj_core_sign_billboard17_5_0183,core,pvg_neon_sign_billboard17_5_3571df4e,res://assets/tilesets/cyber_city_core_tilesets/CyberCity_Core_Tiles_1/CyberCity_Core_Tiles_1/Billboard17_5.png,Billboard17_5.png,70,201,sign,OccludableObjects,90,1.0,VISIBLE_ALPHA_CENTER,READY_TO_PAINT,maybe,Use as an individually transformable Node2D/Sprite2D object; visual-only.,,True
pvg_obj_core_sign_billboard17_7_0166,core,pvg_neon_sign_billboard17_7_aa0401f9,res://assets/tilesets/cyber_city_core_tilesets/CyberCity_Core_Tiles_1/CyberCity_Core_Tiles_1/Billboard17_7.png,Billboard17_7.png,68,202,sign,OccludableObjects,90,1.0,VISIBLE_ALPHA_CENTER,READY_TO_PAINT,maybe,Use as an individually transformable Node2D/Sprite2D object; visual-only.,,True
pvg_obj_core_sign_billboard17_8_0186,core,pvg_neon_sign_billboard17_8_a7a87abb,res://assets/tilesets/cyber_city_core_tilesets/CyberCity_Core_Tiles_1/CyberCity_Core_Tiles_1/Billboard17_8.png,Billboard17_8.png,70,205,sign,OccludableObjects,90,1.0,VISIBLE_ALPHA_CENTER,READY_TO_PAINT,maybe,Use as an individually transformable Node2D/Sprite2D object; visual-only.,,True
pvg_obj_core_sign_billboard19_1_0091,core,pvg_neon_sign_billboard19_1_26891e81,res://assets/tilesets/cyber_city_core_tilesets/CyberCity_Core_Tiles_1/CyberCity_Core_Tiles_1/Billboard19_1.png,Billboard19_1.png,274,293,sign,OccludableObjects,90,1.0,VISIBLE_ALPHA_CENTER,READY_TO_PAINT,maybe,Use as an individually transformable Node2D/Sprite2D object; visual-only.,,True
pvg_obj_core_sign_billboard19_3_0089,core,pvg_neon_sign_billboard19_3_8ee41dbc,res://assets/tilesets/cyber_city_core_tilesets/CyberCity_Core_Tiles_1/CyberCity_Core_Tiles_1/Billboard19_3.png,Billboard19_3.png,274,292,sign,OccludableObjects,90,1.0,VISIBLE_ALPHA_CENTER,READY_TO_PAINT,maybe,Use as an individually transformable Node2D/Sprite2D object; visual-only.,,True
pvg_obj_core_sign_billboard19_5_0148,core,pvg_neon_sign_billboard19_5_c0cce52f,res://assets/tilesets/cyber_city_core_tilesets/CyberCity_Core_Tiles_1/CyberCity_Core_Tiles_1/Billboard19_5.png,Billboard19_5.png,198,371,sign,OccludableObjects,90,1.0,VISIBLE_ALPHA_CENTER,READY_TO_PAINT,maybe,Use as an individually transformable Node2D/Sprite2D object; visual-only.,,True
pvg_obj_core_sign_billboard19_6_0139,core,pvg_neon_sign_billboard19_6_ae08793d,res://assets/tilesets/cyber_city_core_tilesets/CyberCity_Core_Tiles_1/CyberCity_Core_Tiles_1/Billboard19_6.png,Billboard19_6.png,196,370,sign,OccludableObjects,90,1.0,VISIBLE_ALPHA_CENTER,READY_TO_PAINT,maybe,Use as an individually transformable Node2D/Sprite2D object; visual-only.,,True
pvg_obj_core_sign_billboard19_7_0131,core,pvg_neon_sign_billboard19_7_bdbb7fa6,res://assets/tilesets/cyber_city_core_tilesets/CyberCity_Core_Tiles_1/CyberCity_Core_Tiles_1/Billboard19_7.png,Billboard19_7.png,198,373,sign,OccludableObjects,90,1.0,VISIBLE_ALPHA_CENTER,READY_TO_PAINT,maybe,Use as an individually transformable Node2D/Sprite2D object; visual-only.,,True
pvg_obj_core_sign_billboard19_8_0129,core,pvg_neon_sign_billboard19_8_e11d91c2,res://assets/tilesets/cyber_city_core_tilesets/CyberCity_Core_Tiles_1/CyberCity_Core_Tiles_1/Billboard19_8.png,Billboard19_8.png,198,371,sign,OccludableObjects,90,1.0,VISIBLE_ALPHA_CENTER,READY_TO_PAINT,maybe,Use as an individually transformable Node2D/Sprite2D object; visual-only.,,True
pvg_obj_core_sign_billboard1_1_0529,core,pvg_tileset_atlas_billboard1_1_a819c845,res://assets/tilesets/cyber_city_core_tilesets/CyberCity_Core_Tiles_1/CyberCity_Core_Tiles_1/Billboard1_1.png,Billboard1_1.png,834,207,sign,OccludableObjects,90,0.65,VISIBLE_ALPHA_CENTER,SPRITE_STAMP_BETTER,maybe,Use as an individually transformable Node2D/Sprite2D object; visual-only.,,True
pvg_obj_core_sign_billboard1_2_0530,core,pvg_tileset_atlas_billboard1_2_d50d94d1,res://assets/tilesets/cyber_city_core_tilesets/CyberCity_Core_Tiles_1/CyberCity_Core_Tiles_1/Billboard1_2.png,Billboard1_2.png,138,661,sign,OccludableObjects,90,1.0,VISIBLE_ALPHA_CENTER,SPRITE_STAMP_BETTER,maybe,Use as an individually transformable Node2D/Sprite2D object; visual-only.,,True
pvg_obj_core_sign_billboard1_3_0531,core,pvg_tileset_atlas_billboard1_3_1c7b683e,res://assets/tilesets/cyber_city_core_tilesets/CyberCity_Core_Tiles_1/CyberCity_Core_Tiles_1/Billboard1_3.png,Billboard1_3.png,854,227,sign,OccludableObjects,90,0.65,VISIBLE_ALPHA_CENTER,SPRITE_STAMP_BETTER,maybe,Use as an individually transformable Node2D/Sprite2D object; visual-only.,,True
pvg_obj_core_sign_billboard1_4_0532,core,pvg_tileset_atlas_billboard1_4_1903dea9,res://assets/tilesets/cyber_city_core_tilesets/CyberCity_Core_Tiles_1/CyberCity_Core_Tiles_1/Billboard1_4.png,Billboard1_4.png,139,698,sign,OccludableObjects,90,1.0,VISIBLE_ALPHA_CENTER,SPRITE_STAMP_BETTER,maybe,Use as an individually transformable Node2D/Sprite2D object; visual-only.,,True
pvg_obj_core_sign_billboard1_5_0533,core,pvg_tileset_atlas_billboard1_5_6f9b865e,res://assets/tilesets/cyber_city_core_tilesets/CyberCity_Core_Tiles_1/CyberCity_Core_Tiles_1/Billboard1_5.png,Billboard1_5.png,598,503,sign,OccludableObjects,90,1.0,VISIBLE_ALPHA_CENTER,SPRITE_STAMP_BETTER,maybe,Use as an individually transformable Node2D/Sprite2D object; visual-only.,,True
pvg_obj_core_sign_billboard1_6_0534,core,pvg_tileset_atlas_billboard1_6_a41ec40b,res://assets/tilesets/cyber_city_core_tilesets/CyberCity_Core_Tiles_1/CyberCity_Core_Tiles_1/Billboard1_6.png,Billboard1_6.png,610,557,sign,OccludableObjects,90,1.0,VISIBLE_ALPHA_CENTER,SPRITE_STAMP_BETTER,maybe,Use as an individually transformable Node2D/Sprite2D object; visual-only.,,True
pvg_obj_core_sign_billboard1_7_0535,core,pvg_tileset_atlas_billboard1_7_ce86c634,res://assets/tilesets/cyber_city_core_tilesets/CyberCity_Core_Tiles_1/CyberCity_Core_Tiles_1/Billboard1_7.png,Billboard1_7.png,634,499,sign,OccludableObjects,90,1.0,VISIBLE_ALPHA_CENTER,SPRITE_STAMP_BETTER,maybe,Use as an individually transformable Node2D/Sprite2D object; visual-only.,,True
pvg_obj_core_sign_billboard1_8_0536,core,pvg_tileset_atlas_billboard1_8_e73287a0,res://assets/tilesets/cyber_city_core_tilesets/CyberCity_Core_Tiles_1/CyberCity_Core_Tiles_1/Billboard1_8.png,Billboard1_8.png,617,568,sign,OccludableObjects,90,1.0,VISIBLE_ALPHA_CENTER,SPRITE_STAMP_BETTER,maybe,Use as an individually transformable Node2D/Sprite2D object; visual-only.,,True
pvg_obj_core_sign_billboard20_1_0122,core,pvg_neon_sign_billboard20_1_268d0f88,res://assets/tilesets/cyber_city_core_tilesets/CyberCity_Core_Tiles_1/CyberCity_Core_Tiles_1/Billboard20_1.png,Billboard20_1.png,301,111,sign,OccludableObjects,90,1.0,VISIBLE_ALPHA_CENTER,READY_TO_PAINT,maybe,Use as an individually transformable Node2D/Sprite2D object; visual-only.,,True
pvg_obj_core_sign_billboard20_3_0101,core,pvg_neon_sign_billboard20_3_1b7ae9bc,res://assets/tilesets/cyber_city_core_tilesets/CyberCity_Core_Tiles_1/CyberCity_Core_Tiles_1/Billboard20_3.png,Billboard20_3.png,304,109,sign,OccludableObjects,90,1.0,VISIBLE_ALPHA_CENTER,READY_TO_PAINT,maybe,Use as an individually transformable Node2D/Sprite2D object; visual-only.,,True
pvg_obj_core_sign_billboard21_1_0127,core,pvg_neon_sign_billboard21_1_c6ae697b,res://assets/tilesets/cyber_city_core_tilesets/CyberCity_Core_Tiles_1/CyberCity_Core_Tiles_1/Billboard21_1.png,Billboard21_1.png,184,58,sign,OccludableObjects,90,1.0,VISIBLE_ALPHA_CENTER,READY_TO_PAINT,maybe,Use as an individually transformable Node2D/Sprite2D object; visual-only.,,True
pvg_obj_core_sign_billboard21_3_0123,core,pvg_neon_sign_billboard21_3_b86a4ce2,res://assets/tilesets/cyber_city_core_tilesets/CyberCity_Core_Tiles_1/CyberCity_Core_Tiles_1/Billboard21_3.png,Billboard21_3.png,184,58,sign,OccludableObjects,90,1.0,VISIBLE_ALPHA_CENTER,READY_TO_PAINT,maybe,Use as an individually transformable Node2D/Sprite2D object; visual-only.,,True
pvg_obj_core_sign_billboard22_3_0161,core,pvg_neon_sign_billboard22_3_de909192,res://assets/tilesets/cyber_city_core_tilesets/CyberCity_Core_Tiles_1/CyberCity_Core_Tiles_1/Billboard22_3.png,Billboard22_3.png,292,92,sign,OccludableObjects,90,1.0,VISIBLE_ALPHA_CENTER,READY_TO_PAINT,maybe,Use as an individually transformable Node2D/Sprite2D object; visual-only.,,True
pvg_obj_core_sign_billboard24_1_0157,core,pvg_neon_sign_billboard24_1_ba058a1b,res://assets/tilesets/cyber_city_core_tilesets/CyberCity_Core_Tiles_1/CyberCity_Core_Tiles_1/Billboard24_1.png,Billboard24_1.png,199,44,sign,OccludableObjects,90,1.0,VISIBLE_ALPHA_CENTER,READY_TO_PAINT,maybe,Use as an individually transformable Node2D/Sprite2D object; visual-only.,,True
pvg_obj_core_sign_billboard25_3_0160,core,pvg_neon_sign_billboard25_3_1e44e359,res://assets/tilesets/cyber_city_core_tilesets/CyberCity_Core_Tiles_1/CyberCity_Core_Tiles_1/Billboard25_3.png,Billboard25_3.png,189,79,sign,OccludableObjects,90,1.0,VISIBLE_ALPHA_CENTER,READY_TO_PAINT,maybe,Use as an individually transformable Node2D/Sprite2D object; visual-only.,,True
pvg_obj_core_sign_billboard26_1_0115,core,pvg_neon_sign_billboard26_1_9e5b4575,res://assets/tilesets/cyber_city_core_tilesets/CyberCity_Core_Tiles_1/CyberCity_Core_Tiles_1/Billboard26_1.png,Billboard26_1.png,214,76,sign,OccludableObjects,90,1.0,VISIBLE_ALPHA_CENTER,READY_TO_PAINT,maybe,Use as an individually transformable Node2D/Sprite2D object; visual-only.,,True
pvg_obj_core_sign_billboard26_3_0110,core,pvg_neon_sign_billboard26_3_5c5d8ae3,res://assets/tilesets/cyber_city_core_tilesets/CyberCity_Core_Tiles_1/CyberCity_Core_Tiles_1/Billboard26_3.png,Billboard26_3.png,214,75,sign,OccludableObjects,90,1.0,VISIBLE_ALPHA_CENTER,READY_TO_PAINT,maybe,Use as an individually transformable Node2D/Sprite2D object; visual-only.,,True
pvg_obj_core_sign_billboard2_1_0109,core,pvg_neon_sign_billboard2_1_63ccbe7a,res://assets/tilesets/cyber_city_core_tilesets/CyberCity_Core_Tiles_1/CyberCity_Core_Tiles_1/Billboard2_1.png,Billboard2_1.png,375,85,sign,OccludableObjects,90,1.0,VISIBLE_ALPHA_CENTER,READY_TO_PAINT,maybe,Use as an individually transformable Node2D/Sprite2D object; visual-only.,,True
pvg_obj_core_sign_billboard2_2_0163,core,pvg_neon_sign_billboard2_2_1b74ca8d,res://assets/tilesets/cyber_city_core_tilesets/CyberCity_Core_Tiles_1/CyberCity_Core_Tiles_1/Billboard2_2.png,Billboard2_2.png,44,310,sign,OccludableObjects,90,1.0,VISIBLE_ALPHA_CENTER,READY_TO_PAINT,maybe,Use as an individually transformable Node2D/Sprite2D object; visual-only.,,True
pvg_obj_core_sign_billboard2_3_0093,core,pvg_neon_sign_billboard2_3_7c8fdad4,res://assets/tilesets/cyber_city_core_tilesets/CyberCity_Core_Tiles_1/CyberCity_Core_Tiles_1/Billboard2_3.png,Billboard2_3.png,374,81,sign,OccludableObjects,90,1.0,VISIBLE_ALPHA_CENTER,READY_TO_PAINT,maybe,Use as an individually transformable Node2D/Sprite2D object; visual-only.,,True
pvg_obj_core_sign_billboard2_4_0172,core,pvg_neon_sign_billboard2_4_39fc2c73,res://assets/tilesets/cyber_city_core_tilesets/CyberCity_Core_Tiles_1/CyberCity_Core_Tiles_1/Billboard2_4.png,Billboard2_4.png,44,310,sign,OccludableObjects,90,1.0,VISIBLE_ALPHA_CENTER,READY_TO_PAINT,maybe,Use as an individually transformable Node2D/Sprite2D object; visual-only.,,True
pvg_obj_core_sign_billboard31_1_0124,core,pvg_neon_sign_billboard31_1_9b5c3ef5,res://assets/tilesets/cyber_city_core_tilesets/CyberCity_Core_Tiles_1/CyberCity_Core_Tiles_1/Billboard31_1.png,Billboard31_1.png,247,50,sign,OccludableObjects,90,1.0,VISIBLE_ALPHA_CENTER,READY_TO_PAINT,maybe,Use as an individually transformable Node2D/Sprite2D object; visual-only.,,True
pvg_obj_core_sign_billboard31_3_0099,core,pvg_neon_sign_billboard31_3_73a10a32,res://assets/tilesets/cyber_city_core_tilesets/CyberCity_Core_Tiles_1/CyberCity_Core_Tiles_1/Billboard31_3.png,Billboard31_3.png,249,45,sign,OccludableObjects,90,1.0,VISIBLE_ALPHA_CENTER,READY_TO_PAINT,maybe,Use as an individually transformable Node2D/Sprite2D object; visual-only.,,True
pvg_obj_core_sign_billboard32_1_0111,core,pvg_neon_sign_billboard32_1_eb81cb25,res://assets/tilesets/cyber_city_core_tilesets/CyberCity_Core_Tiles_1/CyberCity_Core_Tiles_1/Billboard32_1.png,Billboard32_1.png,234,48,sign,OccludableObjects,90,1.0,VISIBLE_ALPHA_CENTER,READY_TO_PAINT,maybe,Use as an individually transformable Node2D/Sprite2D object; visual-only.,,True
pvg_obj_core_sign_billboard32_3_0118,core,pvg_neon_sign_billboard32_3_8fdc83f6,res://assets/tilesets/cyber_city_core_tilesets/CyberCity_Core_Tiles_1/CyberCity_Core_Tiles_1/Billboard32_3.png,Billboard32_3.png,238,49,sign,OccludableObjects,90,1.0,VISIBLE_ALPHA_CENTER,READY_TO_PAINT,maybe,Use as an individually transformable Node2D/Sprite2D object; visual-only.,,True
pvg_obj_core_sign_billboard33_1_0116,core,pvg_neon_sign_billboard33_1_63c6f64f,res://assets/tilesets/cyber_city_core_tilesets/CyberCity_Core_Tiles_1/CyberCity_Core_Tiles_1/Billboard33_1.png,Billboard33_1.png,275,65,sign,OccludableObjects,90,1.0,VISIBLE_ALPHA_CENTER,READY_TO_PAINT,maybe,Use as an individually transformable Node2D/Sprite2D object; visual-only.,,True
pvg_obj_core_sign_billboard33_3_0130,core,pvg_neon_sign_billboard33_3_4830066c,res://assets/tilesets/cyber_city_core_tilesets/CyberCity_Core_Tiles_1/CyberCity_Core_Tiles_1/Billboard33_3.png,Billboard33_3.png,274,69,sign,OccludableObjects,90,1.0,VISIBLE_ALPHA_CENTER,READY_TO_PAINT,maybe,Use as an individually transformable Node2D/Sprite2D object; visual-only.,,True
pvg_obj_core_sign_billboard34_2_0158,core,pvg_neon_sign_billboard34_2_1455181d,res://assets/tilesets/cyber_city_core_tilesets/CyberCity_Core_Tiles_1/CyberCity_Core_Tiles_1/Billboard34_2.png,Billboard34_2.png,43,234,sign,OccludableObjects,90,1.0,VISIBLE_ALPHA_CENTER,READY_TO_PAINT,maybe,Use as an individually transformable Node2D/Sprite2D object; visual-only.,,True
pvg_obj_core_sign_billboard34_3_0094,core,pvg_neon_sign_billboard34_3_30d24873,res://assets/tilesets/cyber_city_core_tilesets/CyberCity_Core_Tiles_1/CyberCity_Core_Tiles_1/Billboard34_3.png,Billboard34_3.png,270,78,sign,OccludableObjects,90,1.0,VISIBLE_ALPHA_CENTER,READY_TO_PAINT,maybe,Use as an individually transformable Node2D/Sprite2D object; visual-only.,,True
pvg_obj_core_sign_billboard35_1_0106,core,pvg_neon_sign_billboard35_1_d9cde9d0,res://assets/tilesets/cyber_city_core_tilesets/CyberCity_Core_Tiles_1/CyberCity_Core_Tiles_1/Billboard35_1.png,Billboard35_1.png,325,84,sign,OccludableObjects,90,1.0,VISIBLE_ALPHA_CENTER,READY_TO_PAINT,maybe,Use as an individually transformable Node2D/Sprite2D object; visual-only.,,True
pvg_obj_core_sign_billboard35_3_0098,core,pvg_neon_sign_billboard35_3_f0e03889,res://assets/tilesets/cyber_city_core_tilesets/CyberCity_Core_Tiles_1/CyberCity_Core_Tiles_1/Billboard35_3.png,Billboard35_3.png,324,85,sign,OccludableObjects,90,1.0,VISIBLE_ALPHA_CENTER,READY_TO_PAINT,maybe,Use as an individually transformable Node2D/Sprite2D object; visual-only.,,True
pvg_obj_core_sign_billboard39_1_0092,core,pvg_neon_sign_billboard39_1_b5079ddc,res://assets/tilesets/cyber_city_core_tilesets/CyberCity_Core_Tiles_1/CyberCity_Core_Tiles_1/Billboard39_1.png,Billboard39_1.png,138,158,sign,OccludableObjects,90,1.0,VISIBLE_ALPHA_CENTER,READY_TO_PAINT,maybe,Use as an individually transformable Node2D/Sprite2D object; visual-only.,,True
pvg_obj_core_sign_billboard39_3_0152,core,pvg_neon_sign_billboard39_3_63ec3df0,res://assets/tilesets/cyber_city_core_tilesets/CyberCity_Core_Tiles_1/CyberCity_Core_Tiles_1/Billboard39_3.png,Billboard39_3.png,139,203,sign,OccludableObjects,90,1.0,VISIBLE_ALPHA_CENTER,READY_TO_PAINT,maybe,Use as an individually transformable Node2D/Sprite2D object; visual-only.,,True
pvg_obj_core_sign_billboard3_1_0102,core,pvg_neon_sign_billboard3_1_dbc67599,res://assets/tilesets/cyber_city_core_tilesets/CyberCity_Core_Tiles_1/CyberCity_Core_Tiles_1/Billboard3_1.png,Billboard3_1.png,374,83,sign,OccludableObjects,90,1.0,VISIBLE_ALPHA_CENTER,READY_TO_PAINT,maybe,Use as an individually transformable Node2D/Sprite2D object; visual-only.,,True
pvg_obj_core_sign_billboard3_2_0167,core,pvg_neon_sign_billboard3_2_98f2ecaf,res://assets/tilesets/cyber_city_core_tilesets/CyberCity_Core_Tiles_1/CyberCity_Core_Tiles_1/Billboard3_2.png,Billboard3_2.png,43,309,sign,OccludableObjects,90,1.0,VISIBLE_ALPHA_CENTER,READY_TO_PAINT,maybe,Use as an individually transformable Node2D/Sprite2D object; visual-only.,,True
pvg_obj_core_sign_billboard3_3_0097,core,pvg_neon_sign_billboard3_3_2339071f,res://assets/tilesets/cyber_city_core_tilesets/CyberCity_Core_Tiles_1/CyberCity_Core_Tiles_1/Billboard3_3.png,Billboard3_3.png,373,81,sign,OccludableObjects,90,1.0,VISIBLE_ALPHA_CENTER,READY_TO_PAINT,maybe,Use as an individually transformable Node2D/Sprite2D object; visual-only.,,True
pvg_obj_core_sign_billboard3_4_0159,core,pvg_neon_sign_billboard3_4_7f117c08,res://assets/tilesets/cyber_city_core_tilesets/CyberCity_Core_Tiles_1/CyberCity_Core_Tiles_1/Billboard3_4.png,Billboard3_4.png,42,310,sign,OccludableObjects,90,1.0,VISIBLE_ALPHA_CENTER,READY_TO_PAINT,maybe,Use as an individually transformable Node2D/Sprite2D object; visual-only.,,True
pvg_obj_core_sign_billboard4_1_0150,core,pvg_neon_sign_billboard4_1_0f768176,res://assets/tilesets/cyber_city_core_tilesets/CyberCity_Core_Tiles_1/CyberCity_Core_Tiles_1/Billboard4_1.png,Billboard4_1.png,107,198,sign,OccludableObjects,90,1.0,VISIBLE_ALPHA_CENTER,READY_TO_PAINT,maybe,Use as an individually transformable Node2D/Sprite2D object; visual-only.,,True
pvg_obj_core_sign_billboard4_3_0144,core,pvg_neon_sign_billboard4_3_02e8eb5c,res://assets/tilesets/cyber_city_core_tilesets/CyberCity_Core_Tiles_1/CyberCity_Core_Tiles_1/Billboard4_3.png,Billboard4_3.png,104,200,sign,OccludableObjects,90,1.0,VISIBLE_ALPHA_CENTER,READY_TO_PAINT,maybe,Use as an individually transformable Node2D/Sprite2D object; visual-only.,,True
pvg_obj_core_sign_billboard4_6_0133,core,pvg_neon_sign_billboard4_6_c1437a22,res://assets/tilesets/cyber_city_core_tilesets/CyberCity_Core_Tiles_1/CyberCity_Core_Tiles_1/Billboard4_6.png,Billboard4_6.png,63,225,sign,OccludableObjects,90,1.0,VISIBLE_ALPHA_CENTER,READY_TO_PAINT,maybe,Use as an individually transformable Node2D/Sprite2D object; visual-only.,,True
pvg_obj_core_sign_billboard4_7_0147,core,pvg_neon_sign_billboard4_7_ecd9ce86,res://assets/tilesets/cyber_city_core_tilesets/CyberCity_Core_Tiles_1/CyberCity_Core_Tiles_1/Billboard4_7.png,Billboard4_7.png,65,225,sign,OccludableObjects,90,1.0,VISIBLE_ALPHA_CENTER,READY_TO_PAINT,maybe,Use as an individually transformable Node2D/Sprite2D object; visual-only.,,True
pvg_obj_core_sign_billboard5_1_0145,core,pvg_neon_sign_billboard5_1_8d746ca5,res://assets/tilesets/cyber_city_core_tilesets/CyberCity_Core_Tiles_1/CyberCity_Core_Tiles_1/Billboard5_1.png,Billboard5_1.png,75,222,sign,OccludableObjects,90,1.0,VISIBLE_ALPHA_CENTER,READY_TO_PAINT,maybe,Use as an individually transformable Node2D/Sprite2D object; visual-only.,,True
pvg_obj_core_sign_billboard5_3_0140,core,pvg_neon_sign_billboard5_3_15231bfe,res://assets/tilesets/cyber_city_core_tilesets/CyberCity_Core_Tiles_1/CyberCity_Core_Tiles_1/Billboard5_3.png,Billboard5_3.png,73,226,sign,OccludableObjects,90,1.0,VISIBLE_ALPHA_CENTER,READY_TO_PAINT,maybe,Use as an individually transformable Node2D/Sprite2D object; visual-only.,,True
pvg_obj_core_sign_billboard5_5_0187,core,pvg_neon_sign_billboard5_5_64bdd571,res://assets/tilesets/cyber_city_core_tilesets/CyberCity_Core_Tiles_1/CyberCity_Core_Tiles_1/Billboard5_5.png,Billboard5_5.png,59,247,sign,OccludableObjects,90,1.0,VISIBLE_ALPHA_CENTER,READY_TO_PAINT,maybe,Use as an individually transformable Node2D/Sprite2D object; visual-only.,,True
pvg_obj_core_sign_billboard5_6_0168,core,pvg_neon_sign_billboard5_6_5aff7378,res://assets/tilesets/cyber_city_core_tilesets/CyberCity_Core_Tiles_1/CyberCity_Core_Tiles_1/Billboard5_6.png,Billboard5_6.png,59,242,sign,OccludableObjects,90,1.0,VISIBLE_ALPHA_CENTER,READY_TO_PAINT,maybe,Use as an individually transformable Node2D/Sprite2D object; visual-only.,,True
pvg_obj_core_sign_billboard5_8_0169,core,pvg_neon_sign_billboard5_8_ef3598c4,res://assets/tilesets/cyber_city_core_tilesets/CyberCity_Core_Tiles_1/CyberCity_Core_Tiles_1/Billboard5_8.png,Billboard5_8.png,58,246,sign,OccludableObjects,90,1.0,VISIBLE_ALPHA_CENTER,READY_TO_PAINT,maybe,Use as an individually transformable Node2D/Sprite2D object; visual-only.,,True
pvg_obj_core_sign_billboard6_1_0164,core,pvg_neon_sign_billboard6_1_fc43fbc2,res://assets/tilesets/cyber_city_core_tilesets/CyberCity_Core_Tiles_1/CyberCity_Core_Tiles_1/Billboard6_1.png,Billboard6_1.png,76,211,sign,OccludableObjects,90,1.0,VISIBLE_ALPHA_CENTER,READY_TO_PAINT,maybe,Use as an individually transformable Node2D/Sprite2D object; visual-only.,,True
pvg_obj_core_sign_billboard6_3_0146,core,pvg_neon_sign_billboard6_3_ffebb4c1,res://assets/tilesets/cyber_city_core_tilesets/CyberCity_Core_Tiles_1/CyberCity_Core_Tiles_1/Billboard6_3.png,Billboard6_3.png,70,218,sign,OccludableObjects,90,1.0,VISIBLE_ALPHA_CENTER,READY_TO_PAINT,maybe,Use as an individually transformable Node2D/Sprite2D object; visual-only.,,True
pvg_obj_core_sign_clutter10_3_0153,core,pvg_unknown_review_clutter10_3_fd7b3aeb,res://assets/tilesets/cyber_city_core_tilesets/CyberCity_Core_Tiles_2/CyberCity_Core_Tiles_2/Clutter10_3.png,Clutter10_3.png,135,77,sign,OccludableObjects,90,1.0,VISIBLE_ALPHA_CENTER,READY_TO_PAINT,maybe,Use as an individually transformable Node2D/Sprite2D object; visual-only.,,True
pvg_obj_core_sign_clutter1_1_0112,core,pvg_unknown_review_clutter1_1_bf67cf2b,res://assets/tilesets/cyber_city_core_tilesets/CyberCity_Core_Tiles_2/CyberCity_Core_Tiles_2/Clutter1_1.png,Clutter1_1.png,352,283,sign,OccludableObjects,90,1.0,VISIBLE_ALPHA_CENTER,READY_TO_PAINT,maybe,Use as an individually transformable Node2D/Sprite2D object; visual-only.,,True
pvg_obj_core_sign_clutter1_2_0119,core,pvg_unknown_review_clutter1_2_fff9c7d4,res://assets/tilesets/cyber_city_core_tilesets/CyberCity_Core_Tiles_2/CyberCity_Core_Tiles_2/Clutter1_2.png,Clutter1_2.png,270,297,sign,OccludableObjects,90,1.0,VISIBLE_ALPHA_CENTER,READY_TO_PAINT,maybe,Use as an individually transformable Node2D/Sprite2D object; visual-only.,,True
pvg_obj_core_sign_clutter1_3_0126,core,pvg_unknown_review_clutter1_3_fff441d7,res://assets/tilesets/cyber_city_core_tilesets/CyberCity_Core_Tiles_2/CyberCity_Core_Tiles_2/Clutter1_3.png,Clutter1_3.png,357,221,sign,OccludableObjects,90,1.0,VISIBLE_ALPHA_CENTER,READY_TO_PAINT,maybe,Use as an individually transformable Node2D/Sprite2D object; visual-only.,,True
pvg_obj_core_sign_clutter1_4_0128,core,pvg_unknown_review_clutter1_4_93cff79c,res://assets/tilesets/cyber_city_core_tilesets/CyberCity_Core_Tiles_2/CyberCity_Core_Tiles_2/Clutter1_4.png,Clutter1_4.png,294,303,sign,OccludableObjects,90,1.0,VISIBLE_ALPHA_CENTER,READY_TO_PAINT,maybe,Use as an individually transformable Node2D/Sprite2D object; visual-only.,,True
pvg_obj_core_sign_clutter1_5_0141,core,pvg_unknown_review_clutter1_5_a724206d,res://assets/tilesets/cyber_city_core_tilesets/CyberCity_Core_Tiles_2/CyberCity_Core_Tiles_2/Clutter1_5.png,Clutter1_5.png,353,308,sign,OccludableObjects,90,1.0,VISIBLE_ALPHA_CENTER,READY_TO_PAINT,maybe,Use as an individually transformable Node2D/Sprite2D object; visual-only.,,True
pvg_obj_core_sign_clutter1_6_0121,core,pvg_unknown_review_clutter1_6_52c305a6,res://assets/tilesets/cyber_city_core_tilesets/CyberCity_Core_Tiles_2/CyberCity_Core_Tiles_2/Clutter1_6.png,Clutter1_6.png,316,321,sign,OccludableObjects,90,1.0,VISIBLE_ALPHA_CENTER,READY_TO_PAINT,maybe,Use as an individually transformable Node2D/Sprite2D object; visual-only.,,True
pvg_obj_core_sign_clutter6_5_0182,core,pvg_unknown_review_clutter6_5_430fa5ce,res://assets/tilesets/cyber_city_core_tilesets/CyberCity_Core_Tiles_2/CyberCity_Core_Tiles_2/Clutter6_5.png,Clutter6_5.png,70,78,sign,OccludableObjects,90,1.0,VISIBLE_ALPHA_CENTER,READY_TO_PAINT,maybe,Use as an individually transformable Node2D/Sprite2D object; visual-only.,,True
pvg_obj_core_sign_clutter6_6_0156,core,pvg_unknown_review_clutter6_6_f28bfeeb,res://assets/tilesets/cyber_city_core_tilesets/CyberCity_Core_Tiles_2/CyberCity_Core_Tiles_2/Clutter6_6.png,Clutter6_6.png,80,71,sign,OccludableObjects,90,1.0,VISIBLE_ALPHA_CENTER,READY_TO_PAINT,maybe,Use as an individually transformable Node2D/Sprite2D object; visual-only.,,True
pvg_obj_core_sign_clutter6_7_0181,core,pvg_unknown_review_clutter6_7_d41f5c97,res://assets/tilesets/cyber_city_core_tilesets/CyberCity_Core_Tiles_2/CyberCity_Core_Tiles_2/Clutter6_7.png,Clutter6_7.png,80,64,sign,OccludableObjects,90,1.0,VISIBLE_ALPHA_CENTER,READY_TO_PAINT,maybe,Use as an individually transformable Node2D/Sprite2D object; visual-only.,,True
pvg_obj_core_sign_clutter7_7_0175,core,pvg_unknown_review_clutter7_7_53d255ff,res://assets/tilesets/cyber_city_core_tilesets/CyberCity_Core_Tiles_2/CyberCity_Core_Tiles_2/Clutter7_7.png,Clutter7_7.png,49,41,sign,OccludableObjects,90,1.0,VISIBLE_ALPHA_CENTER,READY_TO_PAINT,maybe,Use as an individually transformable Node2D/Sprite2D object; visual-only.,,True
pvg_obj_core_sign_clutter8_1_0100,core,pvg_unknown_review_clutter8_1_f2363be1,res://assets/tilesets/cyber_city_core_tilesets/CyberCity_Core_Tiles_2/CyberCity_Core_Tiles_2/Clutter8_1.png,Clutter8_1.png,452,470,sign,OccludableObjects,90,1.0,VISIBLE_ALPHA_CENTER,READY_TO_PAINT,maybe,Use as an individually transformable Node2D/Sprite2D object; visual-only.,,True
pvg_obj_core_sign_clutter8_2_0107,core,pvg_unknown_review_clutter8_2_308938f1,res://assets/tilesets/cyber_city_core_tilesets/CyberCity_Core_Tiles_2/CyberCity_Core_Tiles_2/Clutter8_2.png,Clutter8_2.png,351,467,sign,OccludableObjects,90,1.0,VISIBLE_ALPHA_CENTER,READY_TO_PAINT,maybe,Use as an individually transformable Node2D/Sprite2D object; visual-only.,,True
pvg_obj_core_sign_clutter8_3_0096,core,pvg_unknown_review_clutter8_3_ce02f359,res://assets/tilesets/cyber_city_core_tilesets/CyberCity_Core_Tiles_2/CyberCity_Core_Tiles_2/Clutter8_3.png,Clutter8_3.png,396,395,sign,OccludableObjects,90,1.0,VISIBLE_ALPHA_CENTER,READY_TO_PAINT,maybe,Use as an individually transformable Node2D/Sprite2D object; visual-only.,,True
pvg_obj_core_sign_clutter8_4_0090,core,pvg_unknown_review_clutter8_4_480a427b,res://assets/tilesets/cyber_city_core_tilesets/CyberCity_Core_Tiles_2/CyberCity_Core_Tiles_2/Clutter8_4.png,Clutter8_4.png,381,457,sign,OccludableObjects,90,1.0,VISIBLE_ALPHA_CENTER,READY_TO_PAINT,maybe,Use as an individually transformable Node2D/Sprite2D object; visual-only.,,True
pvg_obj_core_sign_clutter8_5_0108,core,pvg_unknown_review_clutter8_5_d111bf82,res://assets/tilesets/cyber_city_core_tilesets/CyberCity_Core_Tiles_2/CyberCity_Core_Tiles_2/Clutter8_5.png,Clutter8_5.png,473,472,sign,OccludableObjects,90,1.0,VISIBLE_ALPHA_CENTER,READY_TO_PAINT,maybe,Use as an individually transformable Node2D/Sprite2D object; visual-only.,,True
pvg_obj_core_sign_clutter8_8_0095,core,pvg_unknown_review_clutter8_8_c6e96c55,res://assets/tilesets/cyber_city_core_tilesets/CyberCity_Core_Tiles_2/CyberCity_Core_Tiles_2/Clutter8_8.png,Clutter8_8.png,452,431,sign,OccludableObjects,90,1.0,VISIBLE_ALPHA_CENTER,READY_TO_PAINT,maybe,Use as an individually transformable Node2D/Sprite2D object; visual-only.,,True
pvg_obj_core_sign_directionsign2_1_0171,core,pvg_neon_sign_directionsign2_1_3bae30de,res://assets/tilesets/cyber_city_core_tilesets/CyberCity_Core_Tiles_2/CyberCity_Core_Tiles_2/DirectionSign2_1.png,DirectionSign2_1.png,74,26,sign,OccludableObjects,90,1.0,VISIBLE_ALPHA_CENTER,READY_TO_PAINT,maybe,Use as an individually transformable Node2D/Sprite2D object; visual-only.,,True
pvg_obj_core_sign_directionsign2_3_0174,core,pvg_neon_sign_directionsign2_3_ef598d02,res://assets/tilesets/cyber_city_core_tilesets/CyberCity_Core_Tiles_2/CyberCity_Core_Tiles_2/DirectionSign2_3.png,DirectionSign2_3.png,73,27,sign,OccludableObjects,90,1.0,VISIBLE_ALPHA_CENTER,READY_TO_PAINT,maybe,Use as an individually transformable Node2D/Sprite2D object; visual-only.,,True
pvg_obj_core_sign_directionsign4_1_0180,core,pvg_neon_sign_directionsign4_1_1bd92f17,res://assets/tilesets/cyber_city_core_tilesets/CyberCity_Core_Tiles_2/CyberCity_Core_Tiles_2/DirectionSign4_1.png,DirectionSign4_1.png,76,26,sign,OccludableObjects,90,1.0,VISIBLE_ALPHA_CENTER,READY_TO_PAINT,maybe,Use as an individually transformable Node2D/Sprite2D object; visual-only.,,True
pvg_obj_core_sign_directionsign4_3_0173,core,pvg_neon_sign_directionsign4_3_fe5cc3b6,res://assets/tilesets/cyber_city_core_tilesets/CyberCity_Core_Tiles_2/CyberCity_Core_Tiles_2/DirectionSign4_3.png,DirectionSign4_3.png,71,27,sign,OccludableObjects,90,1.0,VISIBLE_ALPHA_CENTER,READY_TO_PAINT,maybe,Use as an individually transformable Node2D/Sprite2D object; visual-only.,,True
pvg_obj_core_sign_satelitedishes1_4_0155,core,pvg_unknown_review_satelitedishes1_4_ccc97ea7,res://assets/tilesets/cyber_city_core_tilesets/CyberCity_Core_Tiles_2/CyberCity_Core_Tiles_2/SateliteDishes1_4.png,SateliteDishes1_4.png,177,165,sign,OccludableObjects,90,1.0,VISIBLE_ALPHA_CENTER,READY_TO_PAINT,maybe,Use as an individually transformable Node2D/Sprite2D object; visual-only.,,True
pvg_obj_core_sign_satelitedishes1_6_0177,core,pvg_unknown_review_satelitedishes1_6_2815dd7b,res://assets/tilesets/cyber_city_core_tilesets/CyberCity_Core_Tiles_2/CyberCity_Core_Tiles_2/SateliteDishes1_6.png,SateliteDishes1_6.png,168,161,sign,OccludableObjects,90,1.0,VISIBLE_ALPHA_CENTER,READY_TO_PAINT,maybe,Use as an individually transformable Node2D/Sprite2D object; visual-only.,,True
pvg_obj_core_sign_scaffoldpipe1_1_0120,core,pvg_clutter_small_scaffoldpipe1_1_dcf9ce9d,res://assets/tilesets/cyber_city_core_tilesets/CyberCity_Core_Tiles_2/CyberCity_Core_Tiles_2/ScaffoldPipe1_1.png,ScaffoldPipe1_1.png,476,59,sign,OccludableObjects,90,1.0,VISIBLE_ALPHA_CENTER,READY_TO_PAINT,maybe,Use as an individually transformable Node2D/Sprite2D object; visual-only.,,True
pvg_obj_core_sign_scaffoldpipe1_3_0113,core,pvg_clutter_small_scaffoldpipe1_3_34516170,res://assets/tilesets/cyber_city_core_tilesets/CyberCity_Core_Tiles_2/CyberCity_Core_Tiles_2/ScaffoldPipe1_3.png,ScaffoldPipe1_3.png,474,58,sign,OccludableObjects,90,1.0,VISIBLE_ALPHA_CENTER,READY_TO_PAINT,maybe,Use as an individually transformable Node2D/Sprite2D object; visual-only.,,True
pvg_obj_core_sign_shopsign1_1_0149,core,pvg_neon_sign_shopsign1_1_0ecfa55d,res://assets/tilesets/cyber_city_core_tilesets/CyberCity_Core_Tiles_2/CyberCity_Core_Tiles_2/ShopSign1_1.png,ShopSign1_1.png,83,195,sign,OccludableObjects,90,1.0,VISIBLE_ALPHA_CENTER,READY_TO_PAINT,maybe,Use as an individually transformable Node2D/Sprite2D object; visual-only.,,True
pvg_obj_core_sign_shopsign1_3_0154,core,pvg_neon_sign_shopsign1_3_0b1990ce,res://assets/tilesets/cyber_city_core_tilesets/CyberCity_Core_Tiles_2/CyberCity_Core_Tiles_2/ShopSign1_3.png,ShopSign1_3.png,83,197,sign,OccludableObjects,90,1.0,VISIBLE_ALPHA_CENTER,READY_TO_PAINT,maybe,Use as an individually transformable Node2D/Sprite2D object; visual-only.,,True
pvg_obj_core_sign_shopsign1_6_0185,core,pvg_neon_sign_shopsign1_6_ad72aec0,res://assets/tilesets/cyber_city_core_tilesets/CyberCity_Core_Tiles_2/CyberCity_Core_Tiles_2/ShopSign1_6.png,ShopSign1_6.png,62,221,sign,OccludableObjects,90,1.0,VISIBLE_ALPHA_CENTER,READY_TO_PAINT,maybe,Use as an individually transformable Node2D/Sprite2D object; visual-only.,,True
pvg_obj_core_sign_shopsign2_1_0104,core,pvg_neon_sign_shopsign2_1_d8c66807,res://assets/tilesets/cyber_city_core_tilesets/CyberCity_Core_Tiles_2/CyberCity_Core_Tiles_2/ShopSign2_1.png,ShopSign2_1.png,70,181,sign,OccludableObjects,90,1.0,VISIBLE_ALPHA_CENTER,READY_TO_PAINT,maybe,Use as an individually transformable Node2D/Sprite2D object; visual-only.,,True
pvg_obj_core_sign_shopsign2_3_0105,core,pvg_neon_sign_shopsign2_3_4f59d812,res://assets/tilesets/cyber_city_core_tilesets/CyberCity_Core_Tiles_2/CyberCity_Core_Tiles_2/ShopSign2_3.png,ShopSign2_3.png,70,181,sign,OccludableObjects,90,1.0,VISIBLE_ALPHA_CENTER,READY_TO_PAINT,maybe,Use as an individually transformable Node2D/Sprite2D object; visual-only.,,True
pvg_obj_core_sign_shopsign2_5_0142,core,pvg_neon_sign_shopsign2_5_01674278,res://assets/tilesets/cyber_city_core_tilesets/CyberCity_Core_Tiles_2/CyberCity_Core_Tiles_2/ShopSign2_5.png,ShopSign2_5.png,53,209,sign,OccludableObjects,90,1.0,VISIBLE_ALPHA_CENTER,READY_TO_PAINT,maybe,Use as an individually transformable Node2D/Sprite2D object; visual-only.,,True
pvg_obj_core_sign_shopsign2_6_0136,core,pvg_neon_sign_shopsign2_6_62efe65c,res://assets/tilesets/cyber_city_core_tilesets/CyberCity_Core_Tiles_2/CyberCity_Core_Tiles_2/ShopSign2_6.png,ShopSign2_6.png,53,207,sign,OccludableObjects,90,1.0,VISIBLE_ALPHA_CENTER,READY_TO_PAINT,maybe,Use as an individually transformable Node2D/Sprite2D object; visual-only.,,True
pvg_obj_core_sign_shopsign2_7_0137,core,pvg_neon_sign_shopsign2_7_f6d1a570,res://assets/tilesets/cyber_city_core_tilesets/CyberCity_Core_Tiles_2/CyberCity_Core_Tiles_2/ShopSign2_7.png,ShopSign2_7.png,53,207,sign,OccludableObjects,90,1.0,VISIBLE_ALPHA_CENTER,READY_TO_PAINT,maybe,Use as an individually transformable Node2D/Sprite2D object; visual-only.,,True
pvg_obj_core_sign_shopsign2_8_0143,core,pvg_neon_sign_shopsign2_8_f3f7c08f,res://assets/tilesets/cyber_city_core_tilesets/CyberCity_Core_Tiles_2/CyberCity_Core_Tiles_2/ShopSign2_8.png,ShopSign2_8.png,53,209,sign,OccludableObjects,90,1.0,VISIBLE_ALPHA_CENTER,READY_TO_PAINT,maybe,Use as an individually transformable Node2D/Sprite2D object; visual-only.,,True
pvg_obj_core_sign_shopsign4_3_0178,core,pvg_neon_sign_shopsign4_3_9aa0d181,res://assets/tilesets/cyber_city_core_tilesets/CyberCity_Core_Tiles_2/CyberCity_Core_Tiles_2/ShopSign4_3.png,ShopSign4_3.png,74,61,sign,OccludableObjects,90,1.0,VISIBLE_ALPHA_CENTER,READY_TO_PAINT,maybe,Use as an individually transformable Node2D/Sprite2D object; visual-only.,,True
pvg_obj_core_sign_shopsign5_2_0134,core,pvg_neon_sign_shopsign5_2_1576901e,res://assets/tilesets/cyber_city_core_tilesets/CyberCity_Core_Tiles_2/CyberCity_Core_Tiles_2/ShopSign5_2.png,ShopSign5_2.png,64,145,sign,OccludableObjects,90,1.0,VISIBLE_ALPHA_CENTER,READY_TO_PAINT,maybe,Use as an individually transformable Node2D/Sprite2D object; visual-only.,,True
pvg_obj_core_sign_shopsign5_4_0114,core,pvg_neon_sign_shopsign5_4_19aaf9a7,res://assets/tilesets/cyber_city_core_tilesets/CyberCity_Core_Tiles_2/CyberCity_Core_Tiles_2/ShopSign5_4.png,ShopSign5_4.png,60,142,sign,OccludableObjects,90,1.0,VISIBLE_ALPHA_CENTER,READY_TO_PAINT,maybe,Use as an individually transformable Node2D/Sprite2D object; visual-only.,,True
pvg_obj_core_sign_shopsign5_7_0179,core,pvg_neon_sign_shopsign5_7_29160a41,res://assets/tilesets/cyber_city_core_tilesets/CyberCity_Core_Tiles_2/CyberCity_Core_Tiles_2/ShopSign5_7.png,ShopSign5_7.png,47,164,sign,OccludableObjects,90,1.0,VISIBLE_ALPHA_CENTER,READY_TO_PAINT,maybe,Use as an individually transformable Node2D/Sprite2D object; visual-only.,,True
pvg_obj_core_sign_shopsign5_8_0184,core,pvg_neon_sign_shopsign5_8_cbe11dd9,res://assets/tilesets/cyber_city_core_tilesets/CyberCity_Core_Tiles_2/CyberCity_Core_Tiles_2/ShopSign5_8.png,ShopSign5_8.png,48,163,sign,OccludableObjects,90,1.0,VISIBLE_ALPHA_CENTER,READY_TO_PAINT,maybe,Use as an individually transformable Node2D/Sprite2D object; visual-only.,,True
pvg_obj_core_sign_sign4_1_0117,core,pvg_neon_sign_sign4_1_8d776082,res://assets/tilesets/cyber_city_core_tilesets/CyberCity_Core_Tiles_2/CyberCity_Core_Tiles_2/Sign4_1.png,Sign4_1.png,144,30,sign,OccludableObjects,90,1.0,VISIBLE_ALPHA_CENTER,READY_TO_PAINT,maybe,Use as an individually transformable Node2D/Sprite2D object; visual-only.,,True
pvg_obj_core_sign_sign4_3_0138,core,pvg_neon_sign_sign4_3_46976143,res://assets/tilesets/cyber_city_core_tilesets/CyberCity_Core_Tiles_2/CyberCity_Core_Tiles_2/Sign4_3.png,Sign4_3.png,144,32,sign,OccludableObjects,90,1.0,VISIBLE_ALPHA_CENTER,READY_TO_PAINT,maybe,Use as an individually transformable Node2D/Sprite2D object; visual-only.,,True
pvg_obj_core_sign_sign8_2_0103,core,pvg_neon_sign_sign8_2_d6babd80,res://assets/tilesets/cyber_city_core_tilesets/CyberCity_Core_Tiles_2/CyberCity_Core_Tiles_2/Sign8_2.png,Sign8_2.png,58,140,sign,OccludableObjects,90,1.0,VISIBLE_ALPHA_CENTER,READY_TO_PAINT,maybe,Use as an individually transformable Node2D/Sprite2D object; visual-only.,,True
pvg_obj_core_sign_sign8_4_0135,core,pvg_neon_sign_sign8_4_ab3e18b9,res://assets/tilesets/cyber_city_core_tilesets/CyberCity_Core_Tiles_2/CyberCity_Core_Tiles_2/Sign8_4.png,Sign8_4.png,65,143,sign,OccludableObjects,90,1.0,VISIBLE_ALPHA_CENTER,READY_TO_PAINT,maybe,Use as an individually transformable Node2D/Sprite2D object; visual-only.,,True
pvg_obj_core_sign_sign8_5_0188,core,pvg_neon_sign_sign8_5_c1d2e014,res://assets/tilesets/cyber_city_core_tilesets/CyberCity_Core_Tiles_2/CyberCity_Core_Tiles_2/Sign8_5.png,Sign8_5.png,47,164,sign,OccludableObjects,90,1.0,VISIBLE_ALPHA_CENTER,READY_TO_PAINT,maybe,Use as an individually transformable Node2D/Sprite2D object; visual-only.,,True
pvg_obj_core_sign_sign8_7_0170,core,pvg_neon_sign_sign8_7_a457b9c9,res://assets/tilesets/cyber_city_core_tilesets/CyberCity_Core_Tiles_2/CyberCity_Core_Tiles_2/Sign8_7.png,Sign8_7.png,46,164,sign,OccludableObjects,90,1.0,VISIBLE_ALPHA_CENTER,READY_TO_PAINT,maybe,Use as an individually transformable Node2D/Sprite2D object; visual-only.,,True
pvg_obj_core_sign_sign9_1_0151,core,pvg_neon_sign_sign9_1_cbd4274e,res://assets/tilesets/cyber_city_core_tilesets/CyberCity_Core_Tiles_2/CyberCity_Core_Tiles_2/Sign9_1.png,Sign9_1.png,60,94,sign,OccludableObjects,90,1.0,VISIBLE_ALPHA_CENTER,READY_TO_PAINT,maybe,Use as an individually transformable Node2D/Sprite2D object; visual-only.,,True
pvg_obj_core_sign_sign9_3_0162,core,pvg_neon_sign_sign9_3_888418c6,res://assets/tilesets/cyber_city_core_tilesets/CyberCity_Core_Tiles_2/CyberCity_Core_Tiles_2/Sign9_3.png,Sign9_3.png,64,94,sign,OccludableObjects,90,1.0,VISIBLE_ALPHA_CENTER,READY_TO_PAINT,maybe,Use as an individually transformable Node2D/Sprite2D object; visual-only.,,True
pvg_obj_core_terminal_terminal1_1_0585,core,pvg_store_tech_terminal1_1_2d8293cd,res://assets/tilesets/cyber_city_core_tilesets/CyberCity_Core_Tiles_2/CyberCity_Core_Tiles_2/Terminal1_1.png,Terminal1_1.png,37,38,terminal,OccludableObjects,90,1.0,VISIBLE_ALPHA_CENTER,SPRITE_STAMP_BETTER,maybe,Use as an individually transformable Node2D/Sprite2D object; visual-only.,,True
pvg_obj_core_terminal_terminal1_2_0586,core,pvg_store_tech_terminal1_2_cfb9ed30,res://assets/tilesets/cyber_city_core_tilesets/CyberCity_Core_Tiles_2/CyberCity_Core_Tiles_2/Terminal1_2.png,Terminal1_2.png,28,46,terminal,OccludableObjects,90,1.0,VISIBLE_ALPHA_CENTER,SPRITE_STAMP_BETTER,maybe,Use as an individually transformable Node2D/Sprite2D object; visual-only.,,True
pvg_obj_core_terminal_terminal1_3_0587,core,pvg_store_tech_terminal1_3_639e575f,res://assets/tilesets/cyber_city_core_tilesets/CyberCity_Core_Tiles_2/CyberCity_Core_Tiles_2/Terminal1_3.png,Terminal1_3.png,37,38,terminal,OccludableObjects,90,1.0,VISIBLE_ALPHA_CENTER,SPRITE_STAMP_BETTER,maybe,Use as an individually transformable Node2D/Sprite2D object; visual-only.,,True
pvg_obj_core_terminal_terminal1_4_0588,core,pvg_store_tech_terminal1_4_1eadad88,res://assets/tilesets/cyber_city_core_tilesets/CyberCity_Core_Tiles_2/CyberCity_Core_Tiles_2/Terminal1_4.png,Terminal1_4.png,26,46,terminal,OccludableObjects,90,1.0,VISIBLE_ALPHA_CENTER,SPRITE_STAMP_BETTER,maybe,Use as an individually transformable Node2D/Sprite2D object; visual-only.,,True
pvg_obj_core_terminal_terminal1_5_0589,core,pvg_store_tech_terminal1_5_e03767f8,res://assets/tilesets/cyber_city_core_tilesets/CyberCity_Core_Tiles_2/CyberCity_Core_Tiles_2/Terminal1_5.png,Terminal1_5.png,32,43,terminal,OccludableObjects,90,1.0,VISIBLE_ALPHA_CENTER,SPRITE_STAMP_BETTER,maybe,Use as an individually transformable Node2D/Sprite2D object; visual-only.,,True
pvg_obj_core_terminal_terminal1_6_0590,core,pvg_store_tech_terminal1_6_976b1708,res://assets/tilesets/cyber_city_core_tilesets/CyberCity_Core_Tiles_2/CyberCity_Core_Tiles_2/Terminal1_6.png,Terminal1_6.png,35,43,terminal,OccludableObjects,90,1.0,VISIBLE_ALPHA_CENTER,SPRITE_STAMP_BETTER,maybe,Use as an individually transformable Node2D/Sprite2D object; visual-only.,,True
pvg_obj_core_terminal_terminal1_7_0591,core,pvg_store_tech_terminal1_7_c14a5f11,res://assets/tilesets/cyber_city_core_tilesets/CyberCity_Core_Tiles_2/CyberCity_Core_Tiles_2/Terminal1_7.png,Terminal1_7.png,32,43,terminal,OccludableObjects,90,1.0,VISIBLE_ALPHA_CENTER,SPRITE_STAMP_BETTER,maybe,Use as an individually transformable Node2D/Sprite2D object; visual-only.,,True
pvg_obj_core_terminal_terminal1_8_0592,core,pvg_store_tech_terminal1_8_44925767,res://assets/tilesets/cyber_city_core_tilesets/CyberCity_Core_Tiles_2/CyberCity_Core_Tiles_2/Terminal1_8.png,Terminal1_8.png,35,43,terminal,OccludableObjects,90,1.0,VISIBLE_ALPHA_CENTER,SPRITE_STAMP_BETTER,maybe,Use as an individually transformable Node2D/Sprite2D object; visual-only.,,True
pvg_obj_core_terminal_terminal2_1_0593,core,pvg_store_tech_terminal2_1_487c36e9,res://assets/tilesets/cyber_city_core_tilesets/CyberCity_Core_Tiles_2/CyberCity_Core_Tiles_2/Terminal2_1.png,Terminal2_1.png,81,158,terminal,OccludableObjects,90,1.0,VISIBLE_ALPHA_CENTER,SPRITE_STAMP_BETTER,maybe,Use as an individually transformable Node2D/Sprite2D object; visual-only.,,True
pvg_obj_core_terminal_terminal2_2_0594,core,pvg_store_tech_terminal2_2_4ec3d951,res://assets/tilesets/cyber_city_core_tilesets/CyberCity_Core_Tiles_2/CyberCity_Core_Tiles_2/Terminal2_2.png,Terminal2_2.png,99,128,terminal,OccludableObjects,90,1.0,VISIBLE_ALPHA_CENTER,SPRITE_STAMP_BETTER,maybe,Use as an individually transformable Node2D/Sprite2D object; visual-only.,,True
pvg_obj_core_terminal_terminal2_3_0595,core,pvg_store_tech_terminal2_3_9056aa76,res://assets/tilesets/cyber_city_core_tilesets/CyberCity_Core_Tiles_2/CyberCity_Core_Tiles_2/Terminal2_3.png,Terminal2_3.png,81,113,terminal,OccludableObjects,90,1.0,VISIBLE_ALPHA_CENTER,SPRITE_STAMP_BETTER,maybe,Use as an individually transformable Node2D/Sprite2D object; visual-only.,,True
pvg_obj_core_terminal_terminal2_4_0596,core,pvg_store_tech_terminal2_4_49117ff1,res://assets/tilesets/cyber_city_core_tilesets/CyberCity_Core_Tiles_2/CyberCity_Core_Tiles_2/Terminal2_4.png,Terminal2_4.png,123,129,terminal,OccludableObjects,90,1.0,VISIBLE_ALPHA_CENTER,SPRITE_STAMP_BETTER,maybe,Use as an individually transformable Node2D/Sprite2D object; visual-only.,,True
pvg_obj_core_terminal_terminal2_5_0597,core,pvg_store_tech_terminal2_5_b900df0e,res://assets/tilesets/cyber_city_core_tilesets/CyberCity_Core_Tiles_2/CyberCity_Core_Tiles_2/Terminal2_5.png,Terminal2_5.png,112,157,terminal,OccludableObjects,90,1.0,VISIBLE_ALPHA_CENTER,SPRITE_STAMP_BETTER,maybe,Use as an individually transformable Node2D/Sprite2D object; visual-only.,,True
pvg_obj_core_terminal_terminal2_6_0598,core,pvg_store_tech_terminal2_6_2230f511,res://assets/tilesets/cyber_city_core_tilesets/CyberCity_Core_Tiles_2/CyberCity_Core_Tiles_2/Terminal2_6.png,Terminal2_6.png,125,157,terminal,OccludableObjects,90,1.0,VISIBLE_ALPHA_CENTER,SPRITE_STAMP_BETTER,maybe,Use as an individually transformable Node2D/Sprite2D object; visual-only.,,True
pvg_obj_core_terminal_terminal2_7_0599,core,pvg_store_tech_terminal2_7_ac345dcf,res://assets/tilesets/cyber_city_core_tilesets/CyberCity_Core_Tiles_2/CyberCity_Core_Tiles_2/Terminal2_7.png,Terminal2_7.png,112,130,terminal,OccludableObjects,90,1.0,VISIBLE_ALPHA_CENTER,SPRITE_STAMP_BETTER,maybe,Use as an individually transformable Node2D/Sprite2D object; visual-only.,,True
pvg_obj_core_terminal_terminal2_8_0600,core,pvg_store_tech_terminal2_8_50adec2e,res://assets/tilesets/cyber_city_core_tilesets/CyberCity_Core_Tiles_2/CyberCity_Core_Tiles_2/Terminal2_8.png,Terminal2_8.png,124,130,terminal,OccludableObjects,90,1.0,VISIBLE_ALPHA_CENTER,SPRITE_STAMP_BETTER,maybe,Use as an individually transformable Node2D/Sprite2D object; visual-only.,,True
pvg_obj_core_terminal_terminal3_1_0601,core,pvg_store_tech_terminal3_1_648d689c,res://assets/tilesets/cyber_city_core_tilesets/CyberCity_Core_Tiles_2/CyberCity_Core_Tiles_2/Terminal3_1.png,Terminal3_1.png,84,111,terminal,OccludableObjects,90,1.0,VISIBLE_ALPHA_CENTER,SPRITE_STAMP_BETTER,maybe,Use as an individually transformable Node2D/Sprite2D object; visual-only.,,True
pvg_obj_core_terminal_terminal3_2_0602,core,pvg_store_tech_terminal3_2_c71dc692,res://assets/tilesets/cyber_city_core_tilesets/CyberCity_Core_Tiles_2/CyberCity_Core_Tiles_2/Terminal3_2.png,Terminal3_2.png,94,116,terminal,OccludableObjects,90,1.0,VISIBLE_ALPHA_CENTER,SPRITE_STAMP_BETTER,maybe,Use as an individually transformable Node2D/Sprite2D object; visual-only.,,True
pvg_obj_core_terminal_terminal3_3_0603,core,pvg_store_tech_terminal3_3_24b292e9,res://assets/tilesets/cyber_city_core_tilesets/CyberCity_Core_Tiles_2/CyberCity_Core_Tiles_2/Terminal3_3.png,Terminal3_3.png,83,130,terminal,OccludableObjects,90,1.0,VISIBLE_ALPHA_CENTER,SPRITE_STAMP_BETTER,maybe,Use as an individually transformable Node2D/Sprite2D object; visual-only.,,True
pvg_obj_core_terminal_terminal3_4_0604,core,pvg_store_tech_terminal3_4_fb0e6e9c,res://assets/tilesets/cyber_city_core_tilesets/CyberCity_Core_Tiles_2/CyberCity_Core_Tiles_2/Terminal3_4.png,Terminal3_4.png,95,113,terminal,OccludableObjects,90,1.0,VISIBLE_ALPHA_CENTER,SPRITE_STAMP_BETTER,maybe,Use as an individually transformable Node2D/Sprite2D object; visual-only.,,True
pvg_obj_core_terminal_terminal3_5_0605,core,pvg_store_tech_terminal3_5_1dd49dbd,res://assets/tilesets/cyber_city_core_tilesets/CyberCity_Core_Tiles_2/CyberCity_Core_Tiles_2/Terminal3_5.png,Terminal3_5.png,107,116,terminal,OccludableObjects,90,1.0,VISIBLE_ALPHA_CENTER,SPRITE_STAMP_BETTER,maybe,Use as an individually transformable Node2D/Sprite2D object; visual-only.,,True
pvg_obj_core_terminal_terminal3_6_0606,core,pvg_store_tech_terminal3_6_ef01043f,res://assets/tilesets/cyber_city_core_tilesets/CyberCity_Core_Tiles_2/CyberCity_Core_Tiles_2/Terminal3_6.png,Terminal3_6.png,109,115,terminal,OccludableObjects,90,1.0,VISIBLE_ALPHA_CENTER,SPRITE_STAMP_BETTER,maybe,Use as an individually transformable Node2D/Sprite2D object; visual-only.,,True
pvg_obj_core_terminal_terminal3_7_0607,core,pvg_store_tech_terminal3_7_ea292242,res://assets/tilesets/cyber_city_core_tilesets/CyberCity_Core_Tiles_2/CyberCity_Core_Tiles_2/Terminal3_7.png,Terminal3_7.png,111,133,terminal,OccludableObjects,90,1.0,VISIBLE_ALPHA_CENTER,SPRITE_STAMP_BETTER,maybe,Use as an individually transformable Node2D/Sprite2D object; visual-only.,,True
pvg_obj_core_terminal_terminal3_8_0608,core,pvg_store_tech_terminal3_8_30100d48,res://assets/tilesets/cyber_city_core_tilesets/CyberCity_Core_Tiles_2/CyberCity_Core_Tiles_2/Terminal3_8.png,Terminal3_8.png,106,133,terminal,OccludableObjects,90,1.0,VISIBLE_ALPHA_CENTER,SPRITE_STAMP_BETTER,maybe,Use as an individually transformable Node2D/Sprite2D object; visual-only.,,True
pvg_obj_core_wall_citywallscorner3_1_0206,core,pvg_wall_corner_citywallscorner3_1_ce1b2baa,res://assets/tilesets/cyber_city_core_tilesets/CyberCity_Core_Tiles_2/CyberCity_Core_Tiles_2/CityWallsCorner3_1.png,CityWallsCorner3_1.png,314,469,wall,OccludableObjects,90,1.0,VISIBLE_ALPHA_CENTER,MODULAR_PART_OK,"no, baked perspective warning",Use as an individually transformable Node2D/Sprite2D object; visual-only.,"no, baked perspective warning",True
pvg_obj_core_wall_citywallscorner3_2_0215,core,pvg_wall_corner_citywallscorner3_2_591091e7,res://assets/tilesets/cyber_city_core_tilesets/CyberCity_Core_Tiles_2/CyberCity_Core_Tiles_2/CityWallsCorner3_2.png,CityWallsCorner3_2.png,245,502,wall,OccludableObjects,90,1.0,VISIBLE_ALPHA_CENTER,MODULAR_PART_OK,"no, baked perspective warning",Use as an individually transformable Node2D/Sprite2D object; visual-only.,"no, baked perspective warning",True
pvg_obj_core_wall_citywallscorner3_3_0205,core,pvg_wall_corner_citywallscorner3_3_304a7c88,res://assets/tilesets/cyber_city_core_tilesets/CyberCity_Core_Tiles_2/CyberCity_Core_Tiles_2/CityWallsCorner3_3.png,CityWallsCorner3_3.png,312,467,wall,OccludableObjects,90,1.0,VISIBLE_ALPHA_CENTER,MODULAR_PART_OK,"no, baked perspective warning",Use as an individually transformable Node2D/Sprite2D object; visual-only.,"no, baked perspective warning",True
pvg_obj_core_wall_citywallscorner3_4_0221,core,pvg_wall_corner_citywallscorner3_4_dbcd7f92,res://assets/tilesets/cyber_city_core_tilesets/CyberCity_Core_Tiles_2/CyberCity_Core_Tiles_2/CityWallsCorner3_4.png,CityWallsCorner3_4.png,245,509,wall,OccludableObjects,90,1.0,VISIBLE_ALPHA_CENTER,MODULAR_PART_OK,"no, baked perspective warning",Use as an individually transformable Node2D/Sprite2D object; visual-only.,"no, baked perspective warning",True
pvg_obj_core_wall_citywallspost2_2_0310,core,pvg_wall_corner_citywallspost2_2_3358cd71,res://assets/tilesets/cyber_city_core_tilesets/CyberCity_Core_Tiles_2/CyberCity_Core_Tiles_2/CityWallsPost2_2.png,CityWallsPost2_2.png,194,423,wall,OccludableObjects,90,1.0,VISIBLE_ALPHA_CENTER,MODULAR_PART_OK,"no, baked perspective warning",Use as an individually transformable Node2D/Sprite2D object; visual-only.,"no, baked perspective warning",True
pvg_obj_core_wall_citywallspost2_4_0307,core,pvg_wall_corner_citywallspost2_4_6e1a9a21,res://assets/tilesets/cyber_city_core_tilesets/CyberCity_Core_Tiles_2/CyberCity_Core_Tiles_2/CityWallsPost2_4.png,CityWallsPost2_4.png,194,423,wall,OccludableObjects,90,1.0,VISIBLE_ALPHA_CENTER,MODULAR_PART_OK,"no, baked perspective warning",Use as an individually transformable Node2D/Sprite2D object; visual-only.,"no, baked perspective warning",True
pvg_obj_core_wall_citywallspost2_5_0305,core,pvg_wall_corner_citywallspost2_5_537b84e0,res://assets/tilesets/cyber_city_core_tilesets/CyberCity_Core_Tiles_2/CyberCity_Core_Tiles_2/CityWallsPost2_5.png,CityWallsPost2_5.png,200,438,wall,OccludableObjects,90,1.0,VISIBLE_ALPHA_CENTER,MODULAR_PART_OK,"no, baked perspective warning",Use as an individually transformable Node2D/Sprite2D object; visual-only.,"no, baked perspective warning",True
pvg_obj_core_wall_citywallspost2_6_0337,core,pvg_wall_corner_citywallspost2_6_e94aca34,res://assets/tilesets/cyber_city_core_tilesets/CyberCity_Core_Tiles_2/CyberCity_Core_Tiles_2/CityWallsPost2_6.png,CityWallsPost2_6.png,200,437,wall,OccludableObjects,90,1.0,VISIBLE_ALPHA_CENTER,MODULAR_PART_OK,"no, baked perspective warning",Use as an individually transformable Node2D/Sprite2D object; visual-only.,"no, baked perspective warning",True
pvg_obj_core_wall_citywallspost2_7_0336,core,pvg_wall_corner_citywallspost2_7_b34989cf,res://assets/tilesets/cyber_city_core_tilesets/CyberCity_Core_Tiles_2/CyberCity_Core_Tiles_2/CityWallsPost2_7.png,CityWallsPost2_7.png,202,435,wall,OccludableObjects,90,1.0,VISIBLE_ALPHA_CENTER,MODULAR_PART_OK,"no, baked perspective warning",Use as an individually transformable Node2D/Sprite2D object; visual-only.,"no, baked perspective warning",True
pvg_obj_core_wall_citywallspost2_8_0304,core,pvg_wall_corner_citywallspost2_8_bf2b2e91,res://assets/tilesets/cyber_city_core_tilesets/CyberCity_Core_Tiles_2/CyberCity_Core_Tiles_2/CityWallsPost2_8.png,CityWallsPost2_8.png,201,438,wall,OccludableObjects,90,1.0,VISIBLE_ALPHA_CENTER,MODULAR_PART_OK,"no, baked perspective warning",Use as an individually transformable Node2D/Sprite2D object; visual-only.,"no, baked perspective warning",True
pvg_obj_core_wall_door10_1_0229,core,pvg_door_window_door10_1_09f4cdf7,res://assets/tilesets/cyber_city_core_tilesets/CyberCity_Core_Tiles_2/CyberCity_Core_Tiles_2/Door10_1.png,Door10_1.png,72,109,wall,OccludableObjects,90,1.0,VISIBLE_ALPHA_CENTER,MODULAR_PART_OK,"no, baked perspective warning",Use as an individually transformable Node2D/Sprite2D object; visual-only.,"no, baked perspective warning",True
pvg_obj_core_wall_door10_3_0226,core,pvg_door_window_door10_3_4a5ab2b4,res://assets/tilesets/cyber_city_core_tilesets/CyberCity_Core_Tiles_2/CyberCity_Core_Tiles_2/Door10_3.png,Door10_3.png,72,109,wall,OccludableObjects,90,1.0,VISIBLE_ALPHA_CENTER,MODULAR_PART_OK,"no, baked perspective warning",Use as an individually transformable Node2D/Sprite2D object; visual-only.,"no, baked perspective warning",True
pvg_obj_core_wall_door10_5_0279,core,pvg_door_window_door10_5_bddffe74,res://assets/tilesets/cyber_city_core_tilesets/CyberCity_Core_Tiles_2/CyberCity_Core_Tiles_2/Door10_5.png,Door10_5.png,62,137,wall,OccludableObjects,90,1.0,VISIBLE_ALPHA_CENTER,MODULAR_PART_OK,"no, baked perspective warning",Use as an individually transformable Node2D/Sprite2D object; visual-only.,"no, baked perspective warning",True
pvg_obj_core_wall_door10_6_0281,core,pvg_door_window_door10_6_02e8b86a,res://assets/tilesets/cyber_city_core_tilesets/CyberCity_Core_Tiles_2/CyberCity_Core_Tiles_2/Door10_6.png,Door10_6.png,62,137,wall,OccludableObjects,90,1.0,VISIBLE_ALPHA_CENTER,MODULAR_PART_OK,"no, baked perspective warning",Use as an individually transformable Node2D/Sprite2D object; visual-only.,"no, baked perspective warning",True
pvg_obj_core_wall_door10_7_0276,core,pvg_door_window_door10_7_5b3a2fe4,res://assets/tilesets/cyber_city_core_tilesets/CyberCity_Core_Tiles_2/CyberCity_Core_Tiles_2/Door10_7.png,Door10_7.png,62,137,wall,OccludableObjects,90,1.0,VISIBLE_ALPHA_CENTER,MODULAR_PART_OK,"no, baked perspective warning",Use as an individually transformable Node2D/Sprite2D object; visual-only.,"no, baked perspective warning",True
pvg_obj_core_wall_door10_8_0275,core,pvg_door_window_door10_8_c47bc3ce,res://assets/tilesets/cyber_city_core_tilesets/CyberCity_Core_Tiles_2/CyberCity_Core_Tiles_2/Door10_8.png,Door10_8.png,62,137,wall,OccludableObjects,90,1.0,VISIBLE_ALPHA_CENTER,MODULAR_PART_OK,"no, baked perspective warning",Use as an individually transformable Node2D/Sprite2D object; visual-only.,"no, baked perspective warning",True
pvg_obj_core_wall_door11_2_0298,core,pvg_door_window_door11_2_756a436d,res://assets/tilesets/cyber_city_core_tilesets/CyberCity_Core_Tiles_2/CyberCity_Core_Tiles_2/Door11_2.png,Door11_2.png,56,144,wall,OccludableObjects,90,1.0,VISIBLE_ALPHA_CENTER,MODULAR_PART_OK,"no, baked perspective warning",Use as an individually transformable Node2D/Sprite2D object; visual-only.,"no, baked perspective warning",True
pvg_obj_core_wall_door11_4_0290,core,pvg_door_window_door11_4_1005c695,res://assets/tilesets/cyber_city_core_tilesets/CyberCity_Core_Tiles_2/CyberCity_Core_Tiles_2/Door11_4.png,Door11_4.png,56,144,wall,OccludableObjects,90,1.0,VISIBLE_ALPHA_CENTER,MODULAR_PART_OK,"no, baked perspective warning",Use as an individually transformable Node2D/Sprite2D object; visual-only.,"no, baked perspective warning",True
pvg_obj_core_wall_door11_6_0250,core,pvg_door_window_door11_6_290d2df7,res://assets/tilesets/cyber_city_core_tilesets/CyberCity_Core_Tiles_2/CyberCity_Core_Tiles_2/Door11_6.png,Door11_6.png,69,137,wall,OccludableObjects,90,1.0,VISIBLE_ALPHA_CENTER,MODULAR_PART_OK,"no, baked perspective warning",Use as an individually transformable Node2D/Sprite2D object; visual-only.,"no, baked perspective warning",True
pvg_obj_core_wall_door11_7_0282,core,pvg_door_window_door11_7_ad867250,res://assets/tilesets/cyber_city_core_tilesets/CyberCity_Core_Tiles_2/CyberCity_Core_Tiles_2/Door11_7.png,Door11_7.png,74,137,wall,OccludableObjects,90,1.0,VISIBLE_ALPHA_CENTER,MODULAR_PART_OK,"no, baked perspective warning",Use as an individually transformable Node2D/Sprite2D object; visual-only.,"no, baked perspective warning",True
pvg_obj_core_wall_door12_2_0300,core,pvg_door_window_door12_2_936e2432,res://assets/tilesets/cyber_city_core_tilesets/CyberCity_Core_Tiles_2/CyberCity_Core_Tiles_2/Door12_2.png,Door12_2.png,74,144,wall,OccludableObjects,90,1.0,VISIBLE_ALPHA_CENTER,MODULAR_PART_OK,"no, baked perspective warning",Use as an individually transformable Node2D/Sprite2D object; visual-only.,"no, baked perspective warning",True
pvg_obj_core_wall_door12_4_0286,core,pvg_door_window_door12_4_2ea2da08,res://assets/tilesets/cyber_city_core_tilesets/CyberCity_Core_Tiles_2/CyberCity_Core_Tiles_2/Door12_4.png,Door12_4.png,73,144,wall,OccludableObjects,90,1.0,VISIBLE_ALPHA_CENTER,MODULAR_PART_OK,"no, baked perspective warning",Use as an individually transformable Node2D/Sprite2D object; visual-only.,"no, baked perspective warning",True
pvg_obj_core_wall_door12_6_0295,core,pvg_door_window_door12_6_8c7214ed,res://assets/tilesets/cyber_city_core_tilesets/CyberCity_Core_Tiles_2/CyberCity_Core_Tiles_2/Door12_6.png,Door12_6.png,62,160,wall,OccludableObjects,90,1.0,VISIBLE_ALPHA_CENTER,MODULAR_PART_OK,"no, baked perspective warning",Use as an individually transformable Node2D/Sprite2D object; visual-only.,"no, baked perspective warning",True
pvg_obj_core_wall_door1_1_0239,core,pvg_door_window_door1_1_3c51ca69,res://assets/tilesets/cyber_city_core_tilesets/CyberCity_Core_Tiles_2/CyberCity_Core_Tiles_2/Door1_1.png,Door1_1.png,73,108,wall,OccludableObjects,90,1.0,VISIBLE_ALPHA_CENTER,MODULAR_PART_OK,"no, baked perspective warning",Use as an individually transformable Node2D/Sprite2D object; visual-only.,"no, baked perspective warning",True
pvg_obj_core_wall_door1_2_0277,core,pvg_door_window_door1_2_2c95b90d,res://assets/tilesets/cyber_city_core_tilesets/CyberCity_Core_Tiles_2/CyberCity_Core_Tiles_2/Door1_2.png,Door1_2.png,27,142,wall,OccludableObjects,90,1.0,VISIBLE_ALPHA_CENTER,MODULAR_PART_OK,"no, baked perspective warning",Use as an individually transformable Node2D/Sprite2D object; visual-only.,"no, baked perspective warning",True
pvg_obj_core_wall_door1_3_0210,core,pvg_door_window_door1_3_be6843fc,res://assets/tilesets/cyber_city_core_tilesets/CyberCity_Core_Tiles_2/CyberCity_Core_Tiles_2/Door1_3.png,Door1_3.png,66,113,wall,OccludableObjects,90,1.0,VISIBLE_ALPHA_CENTER,MODULAR_PART_OK,"no, baked perspective warning",Use as an individually transformable Node2D/Sprite2D object; visual-only.,"no, baked perspective warning",True
pvg_obj_core_wall_door1_4_0291,core,pvg_door_window_door1_4_934f81d7,res://assets/tilesets/cyber_city_core_tilesets/CyberCity_Core_Tiles_2/CyberCity_Core_Tiles_2/Door1_4.png,Door1_4.png,28,141,wall,OccludableObjects,90,1.0,VISIBLE_ALPHA_CENTER,MODULAR_PART_OK,"no, baked perspective warning",Use as an individually transformable Node2D/Sprite2D object; visual-only.,"no, baked perspective warning",True
pvg_obj_core_wall_door1_5_0280,core,pvg_door_window_door1_5_5155687b,res://assets/tilesets/cyber_city_core_tilesets/CyberCity_Core_Tiles_2/CyberCity_Core_Tiles_2/Door1_5.png,Door1_5.png,64,134,wall,OccludableObjects,90,1.0,VISIBLE_ALPHA_CENTER,MODULAR_PART_OK,"no, baked perspective warning",Use as an individually transformable Node2D/Sprite2D object; visual-only.,"no, baked perspective warning",True
pvg_obj_core_wall_door1_6_0292,core,pvg_door_window_door1_6_5de08f9d,res://assets/tilesets/cyber_city_core_tilesets/CyberCity_Core_Tiles_2/CyberCity_Core_Tiles_2/Door1_6.png,Door1_6.png,65,134,wall,OccludableObjects,90,1.0,VISIBLE_ALPHA_CENTER,MODULAR_PART_OK,"no, baked perspective warning",Use as an individually transformable Node2D/Sprite2D object; visual-only.,"no, baked perspective warning",True
pvg_obj_core_wall_door1_7_0259,core,pvg_door_window_door1_7_fa838904,res://assets/tilesets/cyber_city_core_tilesets/CyberCity_Core_Tiles_2/CyberCity_Core_Tiles_2/Door1_7.png,Door1_7.png,63,134,wall,OccludableObjects,90,1.0,VISIBLE_ALPHA_CENTER,MODULAR_PART_OK,"no, baked perspective warning",Use as an individually transformable Node2D/Sprite2D object; visual-only.,"no, baked perspective warning",True
pvg_obj_core_wall_door1_8_0260,core,pvg_door_window_door1_8_cd43b937,res://assets/tilesets/cyber_city_core_tilesets/CyberCity_Core_Tiles_2/CyberCity_Core_Tiles_2/Door1_8.png,Door1_8.png,64,134,wall,OccludableObjects,90,1.0,VISIBLE_ALPHA_CENTER,MODULAR_PART_OK,"no, baked perspective warning",Use as an individually transformable Node2D/Sprite2D object; visual-only.,"no, baked perspective warning",True
pvg_obj_core_wall_door2_1_0285,core,pvg_door_window_door2_1_d5d8add9,res://assets/tilesets/cyber_city_core_tilesets/CyberCity_Core_Tiles_2/CyberCity_Core_Tiles_2/Door2_1.png,Door2_1.png,73,121,wall,OccludableObjects,90,1.0,VISIBLE_ALPHA_CENTER,MODULAR_PART_OK,"no, baked perspective warning",Use as an individually transformable Node2D/Sprite2D object; visual-only.,"no, baked perspective warning",True
pvg_obj_core_wall_door2_2_0264,core,pvg_door_window_door2_2_5d5499b8,res://assets/tilesets/cyber_city_core_tilesets/CyberCity_Core_Tiles_2/CyberCity_Core_Tiles_2/Door2_2.png,Door2_2.png,43,142,wall,OccludableObjects,90,1.0,VISIBLE_ALPHA_CENTER,MODULAR_PART_OK,"no, baked perspective warning",Use as an individually transformable Node2D/Sprite2D object; visual-only.,"no, baked perspective warning",True
pvg_obj_core_wall_door2_3_0268,core,pvg_door_window_door2_3_19f59b22,res://assets/tilesets/cyber_city_core_tilesets/CyberCity_Core_Tiles_2/CyberCity_Core_Tiles_2/Door2_3.png,Door2_3.png,66,116,wall,OccludableObjects,90,1.0,VISIBLE_ALPHA_CENTER,MODULAR_PART_OK,"no, baked perspective warning",Use as an individually transformable Node2D/Sprite2D object; visual-only.,"no, baked perspective warning",True
pvg_obj_core_wall_door2_4_0302,core,pvg_door_window_door2_4_d9c00044,res://assets/tilesets/cyber_city_core_tilesets/CyberCity_Core_Tiles_2/CyberCity_Core_Tiles_2/Door2_4.png,Door2_4.png,49,141,wall,OccludableObjects,90,1.0,VISIBLE_ALPHA_CENTER,MODULAR_PART_OK,"no, baked perspective warning",Use as an individually transformable Node2D/Sprite2D object; visual-only.,"no, baked perspective warning",True
pvg_obj_core_wall_door2_6_0255,core,pvg_door_window_door2_6_9b613e3d,res://assets/tilesets/cyber_city_core_tilesets/CyberCity_Core_Tiles_2/CyberCity_Core_Tiles_2/Door2_6.png,Door2_6.png,65,134,wall,OccludableObjects,90,1.0,VISIBLE_ALPHA_CENTER,MODULAR_PART_OK,"no, baked perspective warning",Use as an individually transformable Node2D/Sprite2D object; visual-only.,"no, baked perspective warning",True
pvg_obj_core_wall_door2_7_0274,core,pvg_door_window_door2_7_1db73365,res://assets/tilesets/cyber_city_core_tilesets/CyberCity_Core_Tiles_2/CyberCity_Core_Tiles_2/Door2_7.png,Door2_7.png,64,134,wall,OccludableObjects,90,1.0,VISIBLE_ALPHA_CENTER,MODULAR_PART_OK,"no, baked perspective warning",Use as an individually transformable Node2D/Sprite2D object; visual-only.,"no, baked perspective warning",True
pvg_obj_core_wall_door3_2_0287,core,pvg_door_window_door3_2_b1e5b970,res://assets/tilesets/cyber_city_core_tilesets/CyberCity_Core_Tiles_2/CyberCity_Core_Tiles_2/Door3_2.png,Door3_2.png,60,142,wall,OccludableObjects,90,1.0,VISIBLE_ALPHA_CENTER,MODULAR_PART_OK,"no, baked perspective warning",Use as an individually transformable Node2D/Sprite2D object; visual-only.,"no, baked perspective warning",True
pvg_obj_core_wall_door3_4_0297,core,pvg_door_window_door3_4_6dae8cd8,res://assets/tilesets/cyber_city_core_tilesets/CyberCity_Core_Tiles_2/CyberCity_Core_Tiles_2/Door3_4.png,Door3_4.png,61,141,wall,OccludableObjects,90,1.0,VISIBLE_ALPHA_CENTER,MODULAR_PART_OK,"no, baked perspective warning",Use as an individually transformable Node2D/Sprite2D object; visual-only.,"no, baked perspective warning",True
pvg_obj_core_wall_door3_6_0299,core,pvg_door_window_door3_6_92abf7da,res://assets/tilesets/cyber_city_core_tilesets/CyberCity_Core_Tiles_2/CyberCity_Core_Tiles_2/Door3_6.png,Door3_6.png,65,149,wall,OccludableObjects,90,1.0,VISIBLE_ALPHA_CENTER,MODULAR_PART_OK,"no, baked perspective warning",Use as an individually transformable Node2D/Sprite2D object; visual-only.,"no, baked perspective warning",True
pvg_obj_core_wall_door3_7_0334,core,pvg_door_window_door3_7_749b444c,res://assets/tilesets/cyber_city_core_tilesets/CyberCity_Core_Tiles_2/CyberCity_Core_Tiles_2/Door3_7.png,Door3_7.png,64,145,wall,OccludableObjects,90,1.0,VISIBLE_ALPHA_CENTER,MODULAR_PART_OK,"no, baked perspective warning",Use as an individually transformable Node2D/Sprite2D object; visual-only.,"no, baked perspective warning",True
pvg_obj_core_wall_door4_1_0231,core,pvg_door_window_door4_1_db6fddc3,res://assets/tilesets/cyber_city_core_tilesets/CyberCity_Core_Tiles_2/CyberCity_Core_Tiles_2/Door4_1.png,Door4_1.png,72,106,wall,OccludableObjects,90,1.0,VISIBLE_ALPHA_CENTER,MODULAR_PART_OK,"no, baked perspective warning",Use as an individually transformable Node2D/Sprite2D object; visual-only.,"no, baked perspective warning",True
pvg_obj_core_wall_door4_3_0232,core,pvg_door_window_door4_3_92cce968,res://assets/tilesets/cyber_city_core_tilesets/CyberCity_Core_Tiles_2/CyberCity_Core_Tiles_2/Door4_3.png,Door4_3.png,73,106,wall,OccludableObjects,90,1.0,VISIBLE_ALPHA_CENTER,MODULAR_PART_OK,"no, baked perspective warning",Use as an individually transformable Node2D/Sprite2D object; visual-only.,"no, baked perspective warning",True
pvg_obj_core_wall_door4_5_0294,core,pvg_door_window_door4_5_c426a5f4,res://assets/tilesets/cyber_city_core_tilesets/CyberCity_Core_Tiles_2/CyberCity_Core_Tiles_2/Door4_5.png,Door4_5.png,62,131,wall,OccludableObjects,90,1.0,VISIBLE_ALPHA_CENTER,MODULAR_PART_OK,"no, baked perspective warning",Use as an individually transformable Node2D/Sprite2D object; visual-only.,"no, baked perspective warning",True
pvg_obj_core_wall_door4_6_0265,core,pvg_door_window_door4_6_1f6bdf01,res://assets/tilesets/cyber_city_core_tilesets/CyberCity_Core_Tiles_2/CyberCity_Core_Tiles_2/Door4_6.png,Door4_6.png,55,134,wall,OccludableObjects,90,1.0,VISIBLE_ALPHA_CENTER,MODULAR_PART_OK,"no, baked perspective warning",Use as an individually transformable Node2D/Sprite2D object; visual-only.,"no, baked perspective warning",True
pvg_obj_core_wall_door4_7_0283,core,pvg_door_window_door4_7_7d2c3272,res://assets/tilesets/cyber_city_core_tilesets/CyberCity_Core_Tiles_2/CyberCity_Core_Tiles_2/Door4_7.png,Door4_7.png,61,131,wall,OccludableObjects,90,1.0,VISIBLE_ALPHA_CENTER,MODULAR_PART_OK,"no, baked perspective warning",Use as an individually transformable Node2D/Sprite2D object; visual-only.,"no, baked perspective warning",True
pvg_obj_core_wall_door4_8_0267,core,pvg_door_window_door4_8_d0327bae,res://assets/tilesets/cyber_city_core_tilesets/CyberCity_Core_Tiles_2/CyberCity_Core_Tiles_2/Door4_8.png,Door4_8.png,58,131,wall,OccludableObjects,90,1.0,VISIBLE_ALPHA_CENTER,MODULAR_PART_OK,"no, baked perspective warning",Use as an individually transformable Node2D/Sprite2D object; visual-only.,"no, baked perspective warning",True
pvg_obj_core_wall_door5_1_0309,core,pvg_door_window_door5_1_7e4a3485,res://assets/tilesets/cyber_city_core_tilesets/CyberCity_Core_Tiles_2/CyberCity_Core_Tiles_2/Door5_1.png,Door5_1.png,93,106,wall,OccludableObjects,90,1.0,VISIBLE_ALPHA_CENTER,MODULAR_PART_OK,"no, baked perspective warning",Use as an individually transformable Node2D/Sprite2D object; visual-only.,"no, baked perspective warning",True
pvg_obj_core_wall_door7_1_0217,core,pvg_door_window_door7_1_52c98b86,res://assets/tilesets/cyber_city_core_tilesets/CyberCity_Core_Tiles_2/CyberCity_Core_Tiles_2/Door7_1.png,Door7_1.png,77,106,wall,OccludableObjects,90,1.0,VISIBLE_ALPHA_CENTER,MODULAR_PART_OK,"no, baked perspective warning",Use as an individually transformable Node2D/Sprite2D object; visual-only.,"no, baked perspective warning",True
pvg_obj_core_wall_door7_3_0223,core,pvg_door_window_door7_3_de6267eb,res://assets/tilesets/cyber_city_core_tilesets/CyberCity_Core_Tiles_2/CyberCity_Core_Tiles_2/Door7_3.png,Door7_3.png,77,111,wall,OccludableObjects,90,1.0,VISIBLE_ALPHA_CENTER,MODULAR_PART_OK,"no, baked perspective warning",Use as an individually transformable Node2D/Sprite2D object; visual-only.,"no, baked perspective warning",True
pvg_obj_core_wall_door7_5_0316,core,pvg_door_window_door7_5_4c959aa5,res://assets/tilesets/cyber_city_core_tilesets/CyberCity_Core_Tiles_2/CyberCity_Core_Tiles_2/Door7_5.png,Door7_5.png,63,137,wall,OccludableObjects,90,1.0,VISIBLE_ALPHA_CENTER,MODULAR_PART_OK,"no, baked perspective warning",Use as an individually transformable Node2D/Sprite2D object; visual-only.,"no, baked perspective warning",True
pvg_obj_core_wall_door7_6_0301,core,pvg_door_window_door7_6_131aac86,res://assets/tilesets/cyber_city_core_tilesets/CyberCity_Core_Tiles_2/CyberCity_Core_Tiles_2/Door7_6.png,Door7_6.png,60,138,wall,OccludableObjects,90,1.0,VISIBLE_ALPHA_CENTER,MODULAR_PART_OK,"no, baked perspective warning",Use as an individually transformable Node2D/Sprite2D object; visual-only.,"no, baked perspective warning",True
pvg_obj_core_wall_door7_7_0293,core,pvg_door_window_door7_7_e2226035,res://assets/tilesets/cyber_city_core_tilesets/CyberCity_Core_Tiles_2/CyberCity_Core_Tiles_2/Door7_7.png,Door7_7.png,62,140,wall,OccludableObjects,90,1.0,VISIBLE_ALPHA_CENTER,MODULAR_PART_OK,"no, baked perspective warning",Use as an individually transformable Node2D/Sprite2D object; visual-only.,"no, baked perspective warning",True
pvg_obj_core_wall_door7_8_0273,core,pvg_door_window_door7_8_d8e8a616,res://assets/tilesets/cyber_city_core_tilesets/CyberCity_Core_Tiles_2/CyberCity_Core_Tiles_2/Door7_8.png,Door7_8.png,60,137,wall,OccludableObjects,90,1.0,VISIBLE_ALPHA_CENTER,MODULAR_PART_OK,"no, baked perspective warning",Use as an individually transformable Node2D/Sprite2D object; visual-only.,"no, baked perspective warning",True
pvg_obj_core_wall_door9_1_0262,core,pvg_door_window_door9_1_250cff43,res://assets/tilesets/cyber_city_core_tilesets/CyberCity_Core_Tiles_2/CyberCity_Core_Tiles_2/Door9_1.png,Door9_1.png,105,123,wall,OccludableObjects,90,1.0,VISIBLE_ALPHA_CENTER,MODULAR_PART_OK,"no, baked perspective warning",Use as an individually transformable Node2D/Sprite2D object; visual-only.,"no, baked perspective warning",True
pvg_obj_core_wall_door9_3_0258,core,pvg_door_window_door9_3_fba45f20,res://assets/tilesets/cyber_city_core_tilesets/CyberCity_Core_Tiles_2/CyberCity_Core_Tiles_2/Door9_3.png,Door9_3.png,105,121,wall,OccludableObjects,90,1.0,VISIBLE_ALPHA_CENTER,MODULAR_PART_OK,"no, baked perspective warning",Use as an individually transformable Node2D/Sprite2D object; visual-only.,"no, baked perspective warning",True
pvg_obj_core_wall_door9_5_0313,core,pvg_door_window_door9_5_b2f8e4c4,res://assets/tilesets/cyber_city_core_tilesets/CyberCity_Core_Tiles_2/CyberCity_Core_Tiles_2/Door9_5.png,Door9_5.png,81,148,wall,OccludableObjects,90,1.0,VISIBLE_ALPHA_CENTER,MODULAR_PART_OK,"no, baked perspective warning",Use as an individually transformable Node2D/Sprite2D object; visual-only.,"no, baked perspective warning",True
pvg_obj_core_wall_door9_6_0308,core,pvg_door_window_door9_6_bc1e71f7,res://assets/tilesets/cyber_city_core_tilesets/CyberCity_Core_Tiles_2/CyberCity_Core_Tiles_2/Door9_6.png,Door9_6.png,78,152,wall,OccludableObjects,90,1.0,VISIBLE_ALPHA_CENTER,MODULAR_PART_OK,"no, baked perspective warning",Use as an individually transformable Node2D/Sprite2D object; visual-only.,"no, baked perspective warning",True
pvg_obj_core_wall_door9_7_0306,core,pvg_door_window_door9_7_3e7e795c,res://assets/tilesets/cyber_city_core_tilesets/CyberCity_Core_Tiles_2/CyberCity_Core_Tiles_2/Door9_7.png,Door9_7.png,80,148,wall,OccludableObjects,90,1.0,VISIBLE_ALPHA_CENTER,MODULAR_PART_OK,"no, baked perspective warning",Use as an individually transformable Node2D/Sprite2D object; visual-only.,"no, baked perspective warning",True
pvg_obj_core_wall_doorgarage3_1_0263,core,pvg_door_window_doorgarage3_1_9b5c80bf,res://assets/tilesets/cyber_city_core_tilesets/CyberCity_Core_Tiles_2/CyberCity_Core_Tiles_2/DoorGarage3_1.png,DoorGarage3_1.png,92,134,wall,OccludableObjects,90,1.0,VISIBLE_ALPHA_CENTER,MODULAR_PART_OK,"no, baked perspective warning",Use as an individually transformable Node2D/Sprite2D object; visual-only.,"no, baked perspective warning",True
pvg_obj_core_wall_doorgarage3_3_0241,core,pvg_door_window_doorgarage3_3_0f1fdeaa,res://assets/tilesets/cyber_city_core_tilesets/CyberCity_Core_Tiles_2/CyberCity_Core_Tiles_2/DoorGarage3_3.png,DoorGarage3_3.png,85,140,wall,OccludableObjects,90,1.0,VISIBLE_ALPHA_CENTER,MODULAR_PART_OK,"no, baked perspective warning",Use as an individually transformable Node2D/Sprite2D object; visual-only.,"no, baked perspective warning",True
pvg_obj_core_wall_doorgarage4_1_0257,core,pvg_door_window_doorgarage4_1_16dc52df,res://assets/tilesets/cyber_city_core_tilesets/CyberCity_Core_Tiles_2/CyberCity_Core_Tiles_2/DoorGarage4_1.png,DoorGarage4_1.png,124,173,wall,OccludableObjects,90,1.0,VISIBLE_ALPHA_CENTER,MODULAR_PART_OK,"no, baked perspective warning",Use as an individually transformable Node2D/Sprite2D object; visual-only.,"no, baked perspective warning",True
pvg_obj_core_wall_doorgarage4_3_0246,core,pvg_door_window_doorgarage4_3_33e171f5,res://assets/tilesets/cyber_city_core_tilesets/CyberCity_Core_Tiles_2/CyberCity_Core_Tiles_2/DoorGarage4_3.png,DoorGarage4_3.png,120,189,wall,OccludableObjects,90,1.0,VISIBLE_ALPHA_CENTER,MODULAR_PART_OK,"no, baked perspective warning",Use as an individually transformable Node2D/Sprite2D object; visual-only.,"no, baked perspective warning",True
pvg_obj_core_wall_doorgarage5_1_0249,core,pvg_door_window_doorgarage5_1_800530a8,res://assets/tilesets/cyber_city_core_tilesets/CyberCity_Core_Tiles_2/CyberCity_Core_Tiles_2/DoorGarage5_1.png,DoorGarage5_1.png,91,170,wall,OccludableObjects,90,1.0,VISIBLE_ALPHA_CENTER,MODULAR_PART_OK,"no, baked perspective warning",Use as an individually transformable Node2D/Sprite2D object; visual-only.,"no, baked perspective warning",True
pvg_obj_core_wall_doorgarage5_3_0245,core,pvg_door_window_doorgarage5_3_03371aac,res://assets/tilesets/cyber_city_core_tilesets/CyberCity_Core_Tiles_2/CyberCity_Core_Tiles_2/DoorGarage5_3.png,DoorGarage5_3.png,89,175,wall,OccludableObjects,90,1.0,VISIBLE_ALPHA_CENTER,MODULAR_PART_OK,"no, baked perspective warning",Use as an individually transformable Node2D/Sprite2D object; visual-only.,"no, baked perspective warning",True
pvg_obj_core_wall_doorgarage6_2_0209,core,pvg_door_window_doorgarage6_2_ada12dc0,res://assets/tilesets/cyber_city_core_tilesets/CyberCity_Core_Tiles_2/CyberCity_Core_Tiles_2/DoorGarage6_2.png,DoorGarage6_2.png,196,111,wall,OccludableObjects,90,1.0,VISIBLE_ALPHA_CENTER,MODULAR_PART_OK,"no, baked perspective warning",Use as an individually transformable Node2D/Sprite2D object; visual-only.,"no, baked perspective warning",True
pvg_obj_core_wall_doorgarage6_4_0207,core,pvg_door_window_doorgarage6_4_5d825727,res://assets/tilesets/cyber_city_core_tilesets/CyberCity_Core_Tiles_2/CyberCity_Core_Tiles_2/DoorGarage6_4.png,DoorGarage6_4.png,196,111,wall,OccludableObjects,90,1.0,VISIBLE_ALPHA_CENTER,MODULAR_PART_OK,"no, baked perspective warning",Use as an individually transformable Node2D/Sprite2D object; visual-only.,"no, baked perspective warning",True
pvg_obj_core_wall_interior_wall11_2_0189,core,pvg_wall_back_interior_wall11_2_2dab58eb,res://assets/tilesets/cyber_city_core_tilesets/CyberCity_Core_Tiles_2/CyberCity_Core_Tiles_2/Interior_Wall11_2.png,Interior_Wall11_2.png,321,163,wall,OccludableObjects,90,1.0,VISIBLE_ALPHA_CENTER,MODULAR_PART_OK,"no, baked perspective warning",Use as an individually transformable Node2D/Sprite2D object; visual-only.,"no, baked perspective warning",True
pvg_obj_core_wall_interior_wall11_3_0320,core,pvg_wall_side_interior_wall11_3_38986757,res://assets/tilesets/cyber_city_core_tilesets/CyberCity_Core_Tiles_2/CyberCity_Core_Tiles_2/Interior_Wall11_3.png,Interior_Wall11_3.png,236,309,wall,OccludableObjects,90,1.0,VISIBLE_ALPHA_CENTER,MODULAR_PART_OK,"no, baked perspective warning",Use as an individually transformable Node2D/Sprite2D object; visual-only.,"no, baked perspective warning",True
pvg_obj_core_wall_interior_wall11_4_0339,core,pvg_wall_side_interior_wall11_4_c13e365f,res://assets/tilesets/cyber_city_core_tilesets/CyberCity_Core_Tiles_2/CyberCity_Core_Tiles_2/Interior_Wall11_4.png,Interior_Wall11_4.png,235,310,wall,OccludableObjects,90,1.0,VISIBLE_ALPHA_CENTER,MODULAR_PART_OK,"no, baked perspective warning",Use as an individually transformable Node2D/Sprite2D object; visual-only.,"no, baked perspective warning",True
pvg_obj_core_wall_interior_wall15_2_0190,core,pvg_wall_back_interior_wall15_2_27f5681f,res://assets/tilesets/cyber_city_core_tilesets/CyberCity_Core_Tiles_2/CyberCity_Core_Tiles_2/Interior_Wall15_2.png,Interior_Wall15_2.png,321,163,wall,OccludableObjects,90,1.0,VISIBLE_ALPHA_CENTER,MODULAR_PART_OK,"no, baked perspective warning",Use as an individually transformable Node2D/Sprite2D object; visual-only.,"no, baked perspective warning",True
pvg_obj_core_wall_interior_wall15_3_0331,core,pvg_wall_side_interior_wall15_3_422ecec7,res://assets/tilesets/cyber_city_core_tilesets/CyberCity_Core_Tiles_2/CyberCity_Core_Tiles_2/Interior_Wall15_3.png,Interior_Wall15_3.png,236,309,wall,OccludableObjects,90,1.0,VISIBLE_ALPHA_CENTER,MODULAR_PART_OK,"no, baked perspective warning",Use as an individually transformable Node2D/Sprite2D object; visual-only.,"no, baked perspective warning",True
pvg_obj_core_wall_interior_wall15_4_0340,core,pvg_wall_side_interior_wall15_4_09d2bec2,res://assets/tilesets/cyber_city_core_tilesets/CyberCity_Core_Tiles_2/CyberCity_Core_Tiles_2/Interior_Wall15_4.png,Interior_Wall15_4.png,235,310,wall,OccludableObjects,90,1.0,VISIBLE_ALPHA_CENTER,MODULAR_PART_OK,"no, baked perspective warning",Use as an individually transformable Node2D/Sprite2D object; visual-only.,"no, baked perspective warning",True
pvg_obj_core_wall_interior_wall17_2_0191,core,pvg_wall_back_interior_wall17_2_56e2174e,res://assets/tilesets/cyber_city_core_tilesets/CyberCity_Core_Tiles_2/CyberCity_Core_Tiles_2/Interior_Wall17_2.png,Interior_Wall17_2.png,321,163,wall,OccludableObjects,90,1.0,VISIBLE_ALPHA_CENTER,MODULAR_PART_OK,"no, baked perspective warning",Use as an individually transformable Node2D/Sprite2D object; visual-only.,"no, baked perspective warning",True
pvg_obj_core_wall_interior_wall17_3_0321,core,pvg_wall_side_interior_wall17_3_36591eac,res://assets/tilesets/cyber_city_core_tilesets/CyberCity_Core_Tiles_2/CyberCity_Core_Tiles_2/Interior_Wall17_3.png,Interior_Wall17_3.png,236,309,wall,OccludableObjects,90,1.0,VISIBLE_ALPHA_CENTER,MODULAR_PART_OK,"no, baked perspective warning",Use as an individually transformable Node2D/Sprite2D object; visual-only.,"no, baked perspective warning",True
pvg_obj_core_wall_interior_wall17_4_0341,core,pvg_wall_side_interior_wall17_4_0bb06c69,res://assets/tilesets/cyber_city_core_tilesets/CyberCity_Core_Tiles_2/CyberCity_Core_Tiles_2/Interior_Wall17_4.png,Interior_Wall17_4.png,235,310,wall,OccludableObjects,90,1.0,VISIBLE_ALPHA_CENTER,MODULAR_PART_OK,"no, baked perspective warning",Use as an individually transformable Node2D/Sprite2D object; visual-only.,"no, baked perspective warning",True
pvg_obj_core_wall_interior_wall18_2_0192,core,pvg_wall_back_interior_wall18_2_0a3fb927,res://assets/tilesets/cyber_city_core_tilesets/CyberCity_Core_Tiles_2/CyberCity_Core_Tiles_2/Interior_Wall18_2.png,Interior_Wall18_2.png,321,163,wall,OccludableObjects,90,1.0,VISIBLE_ALPHA_CENTER,MODULAR_PART_OK,"no, baked perspective warning",Use as an individually transformable Node2D/Sprite2D object; visual-only.,"no, baked perspective warning",True
pvg_obj_core_wall_interior_wall18_3_0322,core,pvg_wall_side_interior_wall18_3_198dbe3f,res://assets/tilesets/cyber_city_core_tilesets/CyberCity_Core_Tiles_2/CyberCity_Core_Tiles_2/Interior_Wall18_3.png,Interior_Wall18_3.png,236,309,wall,OccludableObjects,90,1.0,VISIBLE_ALPHA_CENTER,MODULAR_PART_OK,"no, baked perspective warning",Use as an individually transformable Node2D/Sprite2D object; visual-only.,"no, baked perspective warning",True
pvg_obj_core_wall_interior_wall18_4_0333,core,pvg_wall_side_interior_wall18_4_4d185ee8,res://assets/tilesets/cyber_city_core_tilesets/CyberCity_Core_Tiles_2/CyberCity_Core_Tiles_2/Interior_Wall18_4.png,Interior_Wall18_4.png,234,310,wall,OccludableObjects,90,1.0,VISIBLE_ALPHA_CENTER,MODULAR_PART_OK,"no, baked perspective warning",Use as an individually transformable Node2D/Sprite2D object; visual-only.,"no, baked perspective warning",True
pvg_obj_core_wall_interior_wall19_2_0193,core,pvg_wall_back_interior_wall19_2_4ad02452,res://assets/tilesets/cyber_city_core_tilesets/CyberCity_Core_Tiles_2/CyberCity_Core_Tiles_2/Interior_Wall19_2.png,Interior_Wall19_2.png,321,163,wall,OccludableObjects,90,1.0,VISIBLE_ALPHA_CENTER,MODULAR_PART_OK,"no, baked perspective warning",Use as an individually transformable Node2D/Sprite2D object; visual-only.,"no, baked perspective warning",True
pvg_obj_core_wall_interior_wall19_3_0323,core,pvg_wall_side_interior_wall19_3_54bf5311,res://assets/tilesets/cyber_city_core_tilesets/CyberCity_Core_Tiles_2/CyberCity_Core_Tiles_2/Interior_Wall19_3.png,Interior_Wall19_3.png,236,309,wall,OccludableObjects,90,1.0,VISIBLE_ALPHA_CENTER,MODULAR_PART_OK,"no, baked perspective warning",Use as an individually transformable Node2D/Sprite2D object; visual-only.,"no, baked perspective warning",True
pvg_obj_core_wall_interior_wall19_4_0342,core,pvg_wall_side_interior_wall19_4_3f02175e,res://assets/tilesets/cyber_city_core_tilesets/CyberCity_Core_Tiles_2/CyberCity_Core_Tiles_2/Interior_Wall19_4.png,Interior_Wall19_4.png,235,310,wall,OccludableObjects,90,1.0,VISIBLE_ALPHA_CENTER,MODULAR_PART_OK,"no, baked perspective warning",Use as an individually transformable Node2D/Sprite2D object; visual-only.,"no, baked perspective warning",True
pvg_obj_core_wall_interior_wall1_2_0203,core,pvg_wall_back_interior_wall1_2_8dcfe591,res://assets/tilesets/cyber_city_core_tilesets/CyberCity_Core_Tiles_2/CyberCity_Core_Tiles_2/Interior_Wall1_2.png,Interior_Wall1_2.png,321,164,wall,OccludableObjects,90,1.0,VISIBLE_ALPHA_CENTER,MODULAR_PART_OK,"no, baked perspective warning",Use as an individually transformable Node2D/Sprite2D object; visual-only.,"no, baked perspective warning",True
pvg_obj_core_wall_interior_wall1_4_0314,core,pvg_wall_side_interior_wall1_4_2ff8e03e,res://assets/tilesets/cyber_city_core_tilesets/CyberCity_Core_Tiles_2/CyberCity_Core_Tiles_2/Interior_Wall1_4.png,Interior_Wall1_4.png,234,310,wall,OccludableObjects,90,1.0,VISIBLE_ALPHA_CENTER,MODULAR_PART_OK,"no, baked perspective warning",Use as an individually transformable Node2D/Sprite2D object; visual-only.,"no, baked perspective warning",True
pvg_obj_core_wall_interior_wall20_2_0194,core,pvg_wall_back_interior_wall20_2_6c5dbdae,res://assets/tilesets/cyber_city_core_tilesets/CyberCity_Core_Tiles_2/CyberCity_Core_Tiles_2/Interior_Wall20_2.png,Interior_Wall20_2.png,321,163,wall,OccludableObjects,90,1.0,VISIBLE_ALPHA_CENTER,MODULAR_PART_OK,"no, baked perspective warning",Use as an individually transformable Node2D/Sprite2D object; visual-only.,"no, baked perspective warning",True
pvg_obj_core_wall_interior_wall20_3_0324,core,pvg_wall_side_interior_wall20_3_aacf5ac2,res://assets/tilesets/cyber_city_core_tilesets/CyberCity_Core_Tiles_2/CyberCity_Core_Tiles_2/Interior_Wall20_3.png,Interior_Wall20_3.png,236,309,wall,OccludableObjects,90,1.0,VISIBLE_ALPHA_CENTER,MODULAR_PART_OK,"no, baked perspective warning",Use as an individually transformable Node2D/Sprite2D object; visual-only.,"no, baked perspective warning",True
pvg_obj_core_wall_interior_wall20_4_0343,core,pvg_wall_side_interior_wall20_4_71634e96,res://assets/tilesets/cyber_city_core_tilesets/CyberCity_Core_Tiles_2/CyberCity_Core_Tiles_2/Interior_Wall20_4.png,Interior_Wall20_4.png,235,310,wall,OccludableObjects,90,1.0,VISIBLE_ALPHA_CENTER,MODULAR_PART_OK,"no, baked perspective warning",Use as an individually transformable Node2D/Sprite2D object; visual-only.,"no, baked perspective warning",True
pvg_obj_core_wall_interior_wall22_2_0195,core,pvg_wall_back_interior_wall22_2_a4d175cd,res://assets/tilesets/cyber_city_core_tilesets/CyberCity_Core_Tiles_2/CyberCity_Core_Tiles_2/Interior_Wall22_2.png,Interior_Wall22_2.png,321,163,wall,OccludableObjects,90,1.0,VISIBLE_ALPHA_CENTER,MODULAR_PART_OK,"no, baked perspective warning",Use as an individually transformable Node2D/Sprite2D object; visual-only.,"no, baked perspective warning",True
pvg_obj_core_wall_interior_wall22_3_0325,core,pvg_wall_side_interior_wall22_3_e4998d14,res://assets/tilesets/cyber_city_core_tilesets/CyberCity_Core_Tiles_2/CyberCity_Core_Tiles_2/Interior_Wall22_3.png,Interior_Wall22_3.png,236,309,wall,OccludableObjects,90,1.0,VISIBLE_ALPHA_CENTER,MODULAR_PART_OK,"no, baked perspective warning",Use as an individually transformable Node2D/Sprite2D object; visual-only.,"no, baked perspective warning",True
pvg_obj_core_wall_interior_wall22_4_0344,core,pvg_wall_side_interior_wall22_4_6ff124e8,res://assets/tilesets/cyber_city_core_tilesets/CyberCity_Core_Tiles_2/CyberCity_Core_Tiles_2/Interior_Wall22_4.png,Interior_Wall22_4.png,235,310,wall,OccludableObjects,90,1.0,VISIBLE_ALPHA_CENTER,MODULAR_PART_OK,"no, baked perspective warning",Use as an individually transformable Node2D/Sprite2D object; visual-only.,"no, baked perspective warning",True
pvg_obj_core_wall_interior_wall25_2_0196,core,pvg_wall_back_interior_wall25_2_c07fc13f,res://assets/tilesets/cyber_city_core_tilesets/CyberCity_Core_Tiles_2/CyberCity_Core_Tiles_2/Interior_Wall25_2.png,Interior_Wall25_2.png,321,163,wall,OccludableObjects,90,1.0,VISIBLE_ALPHA_CENTER,MODULAR_PART_OK,"no, baked perspective warning",Use as an individually transformable Node2D/Sprite2D object; visual-only.,"no, baked perspective warning",True
pvg_obj_core_wall_interior_wall25_3_0326,core,pvg_wall_side_interior_wall25_3_c37baef2,res://assets/tilesets/cyber_city_core_tilesets/CyberCity_Core_Tiles_2/CyberCity_Core_Tiles_2/Interior_Wall25_3.png,Interior_Wall25_3.png,236,309,wall,OccludableObjects,90,1.0,VISIBLE_ALPHA_CENTER,MODULAR_PART_OK,"no, baked perspective warning",Use as an individually transformable Node2D/Sprite2D object; visual-only.,"no, baked perspective warning",True
pvg_obj_core_wall_interior_wall25_4_0345,core,pvg_wall_side_interior_wall25_4_07a35d0b,res://assets/tilesets/cyber_city_core_tilesets/CyberCity_Core_Tiles_2/CyberCity_Core_Tiles_2/Interior_Wall25_4.png,Interior_Wall25_4.png,235,310,wall,OccludableObjects,90,1.0,VISIBLE_ALPHA_CENTER,MODULAR_PART_OK,"no, baked perspective warning",Use as an individually transformable Node2D/Sprite2D object; visual-only.,"no, baked perspective warning",True
pvg_obj_core_wall_interior_wall27_2_0197,core,pvg_wall_back_interior_wall27_2_5d67d309,res://assets/tilesets/cyber_city_core_tilesets/CyberCity_Core_Tiles_2/CyberCity_Core_Tiles_2/Interior_Wall27_2.png,Interior_Wall27_2.png,321,163,wall,OccludableObjects,90,1.0,VISIBLE_ALPHA_CENTER,MODULAR_PART_OK,"no, baked perspective warning",Use as an individually transformable Node2D/Sprite2D object; visual-only.,"no, baked perspective warning",True
pvg_obj_core_wall_interior_wall27_3_0327,core,pvg_wall_side_interior_wall27_3_47f94359,res://assets/tilesets/cyber_city_core_tilesets/CyberCity_Core_Tiles_2/CyberCity_Core_Tiles_2/Interior_Wall27_3.png,Interior_Wall27_3.png,236,309,wall,OccludableObjects,90,1.0,VISIBLE_ALPHA_CENTER,MODULAR_PART_OK,"no, baked perspective warning",Use as an individually transformable Node2D/Sprite2D object; visual-only.,"no, baked perspective warning",True
pvg_obj_core_wall_interior_wall27_4_0346,core,pvg_wall_side_interior_wall27_4_ba84d1c5,res://assets/tilesets/cyber_city_core_tilesets/CyberCity_Core_Tiles_2/CyberCity_Core_Tiles_2/Interior_Wall27_4.png,Interior_Wall27_4.png,235,310,wall,OccludableObjects,90,1.0,VISIBLE_ALPHA_CENTER,MODULAR_PART_OK,"no, baked perspective warning",Use as an individually transformable Node2D/Sprite2D object; visual-only.,"no, baked perspective warning",True
pvg_obj_core_wall_interior_wall28_2_0198,core,pvg_wall_back_interior_wall28_2_29fd4093,res://assets/tilesets/cyber_city_core_tilesets/CyberCity_Core_Tiles_2/CyberCity_Core_Tiles_2/Interior_Wall28_2.png,Interior_Wall28_2.png,321,163,wall,OccludableObjects,90,1.0,VISIBLE_ALPHA_CENTER,MODULAR_PART_OK,"no, baked perspective warning",Use as an individually transformable Node2D/Sprite2D object; visual-only.,"no, baked perspective warning",True
pvg_obj_core_wall_interior_wall28_3_0328,core,pvg_wall_side_interior_wall28_3_2aae09fc,res://assets/tilesets/cyber_city_core_tilesets/CyberCity_Core_Tiles_2/CyberCity_Core_Tiles_2/Interior_Wall28_3.png,Interior_Wall28_3.png,236,309,wall,OccludableObjects,90,1.0,VISIBLE_ALPHA_CENTER,MODULAR_PART_OK,"no, baked perspective warning",Use as an individually transformable Node2D/Sprite2D object; visual-only.,"no, baked perspective warning",True
pvg_obj_core_wall_interior_wall28_4_0347,core,pvg_wall_side_interior_wall28_4_7b7b247c,res://assets/tilesets/cyber_city_core_tilesets/CyberCity_Core_Tiles_2/CyberCity_Core_Tiles_2/Interior_Wall28_4.png,Interior_Wall28_4.png,235,310,wall,OccludableObjects,90,1.0,VISIBLE_ALPHA_CENTER,MODULAR_PART_OK,"no, baked perspective warning",Use as an individually transformable Node2D/Sprite2D object; visual-only.,"no, baked perspective warning",True
pvg_obj_core_wall_interior_wall2_2_0202,core,pvg_wall_back_interior_wall2_2_d5f6c81d,res://assets/tilesets/cyber_city_core_tilesets/CyberCity_Core_Tiles_2/CyberCity_Core_Tiles_2/Interior_Wall2_2.png,Interior_Wall2_2.png,321,163,wall,OccludableObjects,90,1.0,VISIBLE_ALPHA_CENTER,MODULAR_PART_OK,"no, baked perspective warning",Use as an individually transformable Node2D/Sprite2D object; visual-only.,"no, baked perspective warning",True
pvg_obj_core_wall_interior_wall2_3_0318,core,pvg_wall_side_interior_wall2_3_0c7c9771,res://assets/tilesets/cyber_city_core_tilesets/CyberCity_Core_Tiles_2/CyberCity_Core_Tiles_2/Interior_Wall2_3.png,Interior_Wall2_3.png,236,309,wall,OccludableObjects,90,1.0,VISIBLE_ALPHA_CENTER,MODULAR_PART_OK,"no, baked perspective warning",Use as an individually transformable Node2D/Sprite2D object; visual-only.,"no, baked perspective warning",True
pvg_obj_core_wall_interior_wall2_4_0315,core,pvg_wall_side_interior_wall2_4_4f82dfee,res://assets/tilesets/cyber_city_core_tilesets/CyberCity_Core_Tiles_2/CyberCity_Core_Tiles_2/Interior_Wall2_4.png,Interior_Wall2_4.png,233,310,wall,OccludableObjects,90,1.0,VISIBLE_ALPHA_CENTER,MODULAR_PART_OK,"no, baked perspective warning",Use as an individually transformable Node2D/Sprite2D object; visual-only.,"no, baked perspective warning",True
pvg_obj_core_wall_interior_wall32_2_0199,core,pvg_wall_back_interior_wall32_2_45998648,res://assets/tilesets/cyber_city_core_tilesets/CyberCity_Core_Tiles_2/CyberCity_Core_Tiles_2/Interior_Wall32_2.png,Interior_Wall32_2.png,321,163,wall,OccludableObjects,90,1.0,VISIBLE_ALPHA_CENTER,MODULAR_PART_OK,"no, baked perspective warning",Use as an individually transformable Node2D/Sprite2D object; visual-only.,"no, baked perspective warning",True
pvg_obj_core_wall_interior_wall32_3_0329,core,pvg_wall_side_interior_wall32_3_5fd02c16,res://assets/tilesets/cyber_city_core_tilesets/CyberCity_Core_Tiles_2/CyberCity_Core_Tiles_2/Interior_Wall32_3.png,Interior_Wall32_3.png,236,309,wall,OccludableObjects,90,1.0,VISIBLE_ALPHA_CENTER,MODULAR_PART_OK,"no, baked perspective warning",Use as an individually transformable Node2D/Sprite2D object; visual-only.,"no, baked perspective warning",True
pvg_obj_core_wall_interior_wall32_4_0348,core,pvg_wall_side_interior_wall32_4_86aac41e,res://assets/tilesets/cyber_city_core_tilesets/CyberCity_Core_Tiles_2/CyberCity_Core_Tiles_2/Interior_Wall32_4.png,Interior_Wall32_4.png,235,310,wall,OccludableObjects,90,1.0,VISIBLE_ALPHA_CENTER,MODULAR_PART_OK,"no, baked perspective warning",Use as an individually transformable Node2D/Sprite2D object; visual-only.,"no, baked perspective warning",True
pvg_obj_core_wall_interior_wall41_2_0200,core,pvg_wall_back_interior_wall41_2_a87519f6,res://assets/tilesets/cyber_city_core_tilesets/CyberCity_Core_Tiles_2/CyberCity_Core_Tiles_2/Interior_Wall41_2.png,Interior_Wall41_2.png,321,163,wall,OccludableObjects,90,1.0,VISIBLE_ALPHA_CENTER,MODULAR_PART_OK,"no, baked perspective warning",Use as an individually transformable Node2D/Sprite2D object; visual-only.,"no, baked perspective warning",True
pvg_obj_core_wall_interior_wall41_3_0319,core,pvg_wall_side_interior_wall41_3_d33e9d43,res://assets/tilesets/cyber_city_core_tilesets/CyberCity_Core_Tiles_2/CyberCity_Core_Tiles_2/Interior_Wall41_3.png,Interior_Wall41_3.png,236,309,wall,OccludableObjects,90,1.0,VISIBLE_ALPHA_CENTER,MODULAR_PART_OK,"no, baked perspective warning",Use as an individually transformable Node2D/Sprite2D object; visual-only.,"no, baked perspective warning",True
pvg_obj_core_wall_interior_wall41_4_0335,core,pvg_wall_side_interior_wall41_4_3fa00f33,res://assets/tilesets/cyber_city_core_tilesets/CyberCity_Core_Tiles_2/CyberCity_Core_Tiles_2/Interior_Wall41_4.png,Interior_Wall41_4.png,234,310,wall,OccludableObjects,90,1.0,VISIBLE_ALPHA_CENTER,MODULAR_PART_OK,"no, baked perspective warning",Use as an individually transformable Node2D/Sprite2D object; visual-only.,"no, baked perspective warning",True
pvg_obj_core_wall_interior_wall6_2_0201,core,pvg_wall_back_interior_wall6_2_9f7f94ac,res://assets/tilesets/cyber_city_core_tilesets/CyberCity_Core_Tiles_2/CyberCity_Core_Tiles_2/Interior_Wall6_2.png,Interior_Wall6_2.png,321,163,wall,OccludableObjects,90,1.0,VISIBLE_ALPHA_CENTER,MODULAR_PART_OK,"no, baked perspective warning",Use as an individually transformable Node2D/Sprite2D object; visual-only.,"no, baked perspective warning",True
pvg_obj_core_wall_interior_wall6_3_0330,core,pvg_wall_side_interior_wall6_3_f8310420,res://assets/tilesets/cyber_city_core_tilesets/CyberCity_Core_Tiles_2/CyberCity_Core_Tiles_2/Interior_Wall6_3.png,Interior_Wall6_3.png,236,309,wall,OccludableObjects,90,1.0,VISIBLE_ALPHA_CENTER,MODULAR_PART_OK,"no, baked perspective warning",Use as an individually transformable Node2D/Sprite2D object; visual-only.,"no, baked perspective warning",True
pvg_obj_core_wall_interior_wall7_2_0204,core,pvg_wall_back_interior_wall7_2_4f9044bb,res://assets/tilesets/cyber_city_core_tilesets/CyberCity_Core_Tiles_2/CyberCity_Core_Tiles_2/Interior_Wall7_2.png,Interior_Wall7_2.png,321,164,wall,OccludableObjects,90,1.0,VISIBLE_ALPHA_CENTER,MODULAR_PART_OK,"no, baked perspective warning",Use as an individually transformable Node2D/Sprite2D object; visual-only.,"no, baked perspective warning",True
pvg_obj_core_wall_interior_wall7_4_0338,core,pvg_wall_side_interior_wall7_4_5e92550c,res://assets/tilesets/cyber_city_core_tilesets/CyberCity_Core_Tiles_2/CyberCity_Core_Tiles_2/Interior_Wall7_4.png,Interior_Wall7_4.png,238,310,wall,OccludableObjects,90,1.0,VISIBLE_ALPHA_CENTER,MODULAR_PART_OK,"no, baked perspective warning",Use as an individually transformable Node2D/Sprite2D object; visual-only.,"no, baked perspective warning",True
pvg_obj_core_wall_subwaywall2_5_0216,core,pvg_wall_side_subwaywall2_5_bcf98c8a,res://assets/tilesets/cyber_city_core_tilesets/CyberCity_Core_Tiles_2/CyberCity_Core_Tiles_2/SubwayWall2_5.png,SubwayWall2_5.png,415,495,wall,OccludableObjects,90,1.0,VISIBLE_ALPHA_CENTER,MODULAR_PART_OK,"no, baked perspective warning",Use as an individually transformable Node2D/Sprite2D object; visual-only.,"no, baked perspective warning",True
pvg_obj_core_wall_subwaywall2_6_0219,core,pvg_wall_side_subwaywall2_6_f674ee37,res://assets/tilesets/cyber_city_core_tilesets/CyberCity_Core_Tiles_2/CyberCity_Core_Tiles_2/SubwayWall2_6.png,SubwayWall2_6.png,417,502,wall,OccludableObjects,90,1.0,VISIBLE_ALPHA_CENTER,MODULAR_PART_OK,"no, baked perspective warning",Use as an individually transformable Node2D/Sprite2D object; visual-only.,"no, baked perspective warning",True
pvg_obj_core_wall_subwaywall2_7_0228,core,pvg_wall_side_subwaywall2_7_697a1b4a,res://assets/tilesets/cyber_city_core_tilesets/CyberCity_Core_Tiles_2/CyberCity_Core_Tiles_2/SubwayWall2_7.png,SubwayWall2_7.png,415,504,wall,OccludableObjects,90,1.0,VISIBLE_ALPHA_CENTER,MODULAR_PART_OK,"no, baked perspective warning",Use as an individually transformable Node2D/Sprite2D object; visual-only.,"no, baked perspective warning",True
pvg_obj_core_wall_subwaywall2_8_0230,core,pvg_wall_side_subwaywall2_8_e310073a,res://assets/tilesets/cyber_city_core_tilesets/CyberCity_Core_Tiles_2/CyberCity_Core_Tiles_2/SubwayWall2_8.png,SubwayWall2_8.png,414,505,wall,OccludableObjects,90,1.0,VISIBLE_ALPHA_CENTER,MODULAR_PART_OK,"no, baked perspective warning",Use as an individually transformable Node2D/Sprite2D object; visual-only.,"no, baked perspective warning",True
pvg_obj_core_wall_wall1_5_0224,core,pvg_wall_side_wall1_5_2027f208,res://assets/tilesets/cyber_city_core_tilesets/CyberCity_Core_Tiles_2/CyberCity_Core_Tiles_2/Wall1_5.png,Wall1_5.png,466,472,wall,OccludableObjects,90,1.0,VISIBLE_ALPHA_CENTER,MODULAR_PART_OK,"no, baked perspective warning",Use as an individually transformable Node2D/Sprite2D object; visual-only.,"no, baked perspective warning",True
pvg_obj_core_wall_wall1_6_0225,core,pvg_wall_side_wall1_6_0b3c2a7e,res://assets/tilesets/cyber_city_core_tilesets/CyberCity_Core_Tiles_2/CyberCity_Core_Tiles_2/Wall1_6.png,Wall1_6.png,451,454,wall,OccludableObjects,90,1.0,VISIBLE_ALPHA_CENTER,MODULAR_PART_OK,"no, baked perspective warning",Use as an individually transformable Node2D/Sprite2D object; visual-only.,"no, baked perspective warning",True
pvg_obj_core_wall_wall1_7_0211,core,pvg_wall_side_wall1_7_5cd038e1,res://assets/tilesets/cyber_city_core_tilesets/CyberCity_Core_Tiles_2/CyberCity_Core_Tiles_2/Wall1_7.png,Wall1_7.png,452,477,wall,OccludableObjects,90,1.0,VISIBLE_ALPHA_CENTER,MODULAR_PART_OK,"no, baked perspective warning",Use as an individually transformable Node2D/Sprite2D object; visual-only.,"no, baked perspective warning",True
pvg_obj_core_wall_wall1_8_0214,core,pvg_wall_side_wall1_8_0460c62d,res://assets/tilesets/cyber_city_core_tilesets/CyberCity_Core_Tiles_2/CyberCity_Core_Tiles_2/Wall1_8.png,Wall1_8.png,454,464,wall,OccludableObjects,90,1.0,VISIBLE_ALPHA_CENTER,MODULAR_PART_OK,"no, baked perspective warning",Use as an individually transformable Node2D/Sprite2D object; visual-only.,"no, baked perspective warning",True
pvg_obj_core_wall_wall2_5_0235,core,pvg_wall_side_wall2_5_83e0c4a6,res://assets/tilesets/cyber_city_core_tilesets/CyberCity_Core_Tiles_2/CyberCity_Core_Tiles_2/Wall2_5.png,Wall2_5.png,443,470,wall,OccludableObjects,90,1.0,VISIBLE_ALPHA_CENTER,MODULAR_PART_OK,"no, baked perspective warning",Use as an individually transformable Node2D/Sprite2D object; visual-only.,"no, baked perspective warning",True
pvg_obj_core_wall_wall2_6_0227,core,pvg_wall_side_wall2_6_f96c4c70,res://assets/tilesets/cyber_city_core_tilesets/CyberCity_Core_Tiles_2/CyberCity_Core_Tiles_2/Wall2_6.png,Wall2_6.png,444,448,wall,OccludableObjects,90,1.0,VISIBLE_ALPHA_CENTER,MODULAR_PART_OK,"no, baked perspective warning",Use as an individually transformable Node2D/Sprite2D object; visual-only.,"no, baked perspective warning",True
pvg_obj_core_wall_wall2_7_0233,core,pvg_wall_side_wall2_7_2cdaa167,res://assets/tilesets/cyber_city_core_tilesets/CyberCity_Core_Tiles_2/CyberCity_Core_Tiles_2/Wall2_7.png,Wall2_7.png,434,465,wall,OccludableObjects,90,1.0,VISIBLE_ALPHA_CENTER,MODULAR_PART_OK,"no, baked perspective warning",Use as an individually transformable Node2D/Sprite2D object; visual-only.,"no, baked perspective warning",True
pvg_obj_core_wall_wall2_8_0238,core,pvg_wall_side_wall2_8_5ad40f0d,res://assets/tilesets/cyber_city_core_tilesets/CyberCity_Core_Tiles_2/CyberCity_Core_Tiles_2/Wall2_8.png,Wall2_8.png,433,449,wall,OccludableObjects,90,1.0,VISIBLE_ALPHA_CENTER,MODULAR_PART_OK,"no, baked perspective warning",Use as an individually transformable Node2D/Sprite2D object; visual-only.,"no, baked perspective warning",True
pvg_obj_core_wall_wall3_1_0208,core,pvg_wall_back_wall3_1_c0d73b8d,res://assets/tilesets/cyber_city_core_tilesets/CyberCity_Core_Tiles_2/CyberCity_Core_Tiles_2/Wall3_1.png,Wall3_1.png,406,149,wall,OccludableObjects,90,1.0,VISIBLE_ALPHA_CENTER,MODULAR_PART_OK,"no, baked perspective warning",Use as an individually transformable Node2D/Sprite2D object; visual-only.,"no, baked perspective warning",True
pvg_obj_core_wall_wall3_2_0332,core,pvg_wall_side_wall3_2_03a98b4a,res://assets/tilesets/cyber_city_core_tilesets/CyberCity_Core_Tiles_2/CyberCity_Core_Tiles_2/Wall3_2.png,Wall3_2.png,73,380,wall,OccludableObjects,90,1.0,VISIBLE_ALPHA_CENTER,MODULAR_PART_OK,"no, baked perspective warning",Use as an individually transformable Node2D/Sprite2D object; visual-only.,"no, baked perspective warning",True
pvg_obj_core_wall_wall3_3_0220,core,pvg_wall_back_wall3_3_028919d4,res://assets/tilesets/cyber_city_core_tilesets/CyberCity_Core_Tiles_2/CyberCity_Core_Tiles_2/Wall3_3.png,Wall3_3.png,410,126,wall,OccludableObjects,90,1.0,VISIBLE_ALPHA_CENTER,MODULAR_PART_OK,"no, baked perspective warning",Use as an individually transformable Node2D/Sprite2D object; visual-only.,"no, baked perspective warning",True
pvg_obj_core_wall_wall3_4_0256,core,pvg_wall_side_wall3_4_4223205f,res://assets/tilesets/cyber_city_core_tilesets/CyberCity_Core_Tiles_2/CyberCity_Core_Tiles_2/Wall3_4.png,Wall3_4.png,75,379,wall,OccludableObjects,90,1.0,VISIBLE_ALPHA_CENTER,MODULAR_PART_OK,"no, baked perspective warning",Use as an individually transformable Node2D/Sprite2D object; visual-only.,"no, baked perspective warning",True
pvg_obj_core_wall_wall4_1_0213,core,pvg_wall_back_wall4_1_1325e0c5,res://assets/tilesets/cyber_city_core_tilesets/CyberCity_Core_Tiles_2/CyberCity_Core_Tiles_2/Wall4_1.png,Wall4_1.png,406,235,wall,OccludableObjects,90,1.0,VISIBLE_ALPHA_CENTER,MODULAR_PART_OK,"no, baked perspective warning",Use as an individually transformable Node2D/Sprite2D object; visual-only.,"no, baked perspective warning",True
pvg_obj_core_wall_wall4_3_0234,core,pvg_wall_back_wall4_3_ea60e27a,res://assets/tilesets/cyber_city_core_tilesets/CyberCity_Core_Tiles_2/CyberCity_Core_Tiles_2/Wall4_3.png,Wall4_3.png,410,221,wall,OccludableObjects,90,1.0,VISIBLE_ALPHA_CENTER,MODULAR_PART_OK,"no, baked perspective warning",Use as an individually transformable Node2D/Sprite2D object; visual-only.,"no, baked perspective warning",True
pvg_obj_core_wall_wall4_4_0312,core,pvg_wall_side_wall4_4_266f0c55,res://assets/tilesets/cyber_city_core_tilesets/CyberCity_Core_Tiles_2/CyberCity_Core_Tiles_2/Wall4_4.png,Wall4_4.png,228,415,wall,OccludableObjects,90,1.0,VISIBLE_ALPHA_CENTER,MODULAR_PART_OK,"no, baked perspective warning",Use as an individually transformable Node2D/Sprite2D object; visual-only.,"no, baked perspective warning",True
pvg_obj_core_wall_wall4_5_0271,core,pvg_wall_side_wall4_5_1cdbde2b,res://assets/tilesets/cyber_city_core_tilesets/CyberCity_Core_Tiles_2/CyberCity_Core_Tiles_2/Wall4_5.png,Wall4_5.png,315,371,wall,OccludableObjects,90,1.0,VISIBLE_ALPHA_CENTER,MODULAR_PART_OK,"no, baked perspective warning",Use as an individually transformable Node2D/Sprite2D object; visual-only.,"no, baked perspective warning",True
pvg_obj_core_wall_wall4_6_0269,core,pvg_wall_side_wall4_6_a7b94738,res://assets/tilesets/cyber_city_core_tilesets/CyberCity_Core_Tiles_2/CyberCity_Core_Tiles_2/Wall4_6.png,Wall4_6.png,320,371,wall,OccludableObjects,90,1.0,VISIBLE_ALPHA_CENTER,MODULAR_PART_OK,"no, baked perspective warning",Use as an individually transformable Node2D/Sprite2D object; visual-only.,"no, baked perspective warning",True
pvg_obj_core_wall_wall4_7_0284,core,pvg_wall_side_wall4_7_d5a6ec39,res://assets/tilesets/cyber_city_core_tilesets/CyberCity_Core_Tiles_2/CyberCity_Core_Tiles_2/Wall4_7.png,Wall4_7.png,322,335,wall,OccludableObjects,90,1.0,VISIBLE_ALPHA_CENTER,MODULAR_PART_OK,"no, baked perspective warning",Use as an individually transformable Node2D/Sprite2D object; visual-only.,"no, baked perspective warning",True
pvg_obj_core_wall_wall4_8_0272,core,pvg_wall_side_wall4_8_04947ae6,res://assets/tilesets/cyber_city_core_tilesets/CyberCity_Core_Tiles_2/CyberCity_Core_Tiles_2/Wall4_8.png,Wall4_8.png,321,335,wall,OccludableObjects,90,1.0,VISIBLE_ALPHA_CENTER,MODULAR_PART_OK,"no, baked perspective warning",Use as an individually transformable Node2D/Sprite2D object; visual-only.,"no, baked perspective warning",True
pvg_obj_core_wall_wallad1_1_0247,core,pvg_wall_back_wallad1_1_16881983,res://assets/tilesets/cyber_city_core_tilesets/CyberCity_Core_Tiles_2/CyberCity_Core_Tiles_2/WallAd1_1.png,WallAd1_1.png,82,49,wall,OccludableObjects,90,1.0,VISIBLE_ALPHA_CENTER,MODULAR_PART_OK,"no, baked perspective warning",Use as an individually transformable Node2D/Sprite2D object; visual-only.,"no, baked perspective warning",True
pvg_obj_core_wall_wallad2_1_0252,core,pvg_wall_back_wallad2_1_3c898a9d,res://assets/tilesets/cyber_city_core_tilesets/CyberCity_Core_Tiles_2/CyberCity_Core_Tiles_2/WallAd2_1.png,WallAd2_1.png,81,49,wall,OccludableObjects,90,1.0,VISIBLE_ALPHA_CENTER,MODULAR_PART_OK,"no, baked perspective warning",Use as an individually transformable Node2D/Sprite2D object; visual-only.,"no, baked perspective warning",True
pvg_obj_core_wall_wallad3_1_0240,core,pvg_wall_back_wallad3_1_02eb5a29,res://assets/tilesets/cyber_city_core_tilesets/CyberCity_Core_Tiles_2/CyberCity_Core_Tiles_2/WallAd3_1.png,WallAd3_1.png,61,61,wall,OccludableObjects,90,1.0,VISIBLE_ALPHA_CENTER,MODULAR_PART_OK,"no, baked perspective warning",Use as an individually transformable Node2D/Sprite2D object; visual-only.,"no, baked perspective warning",True
pvg_obj_core_wall_wallad4_1_0222,core,pvg_wall_back_wallad4_1_fd7ecb34,res://assets/tilesets/cyber_city_core_tilesets/CyberCity_Core_Tiles_2/CyberCity_Core_Tiles_2/WallAd4_1.png,WallAd4_1.png,297,103,wall,OccludableObjects,90,1.0,VISIBLE_ALPHA_CENTER,MODULAR_PART_OK,"no, baked perspective warning",Use as an individually transformable Node2D/Sprite2D object; visual-only.,"no, baked perspective warning",True
pvg_obj_core_wall_wallad4_3_0218,core,pvg_wall_back_wallad4_3_92918218,res://assets/tilesets/cyber_city_core_tilesets/CyberCity_Core_Tiles_2/CyberCity_Core_Tiles_2/WallAd4_3.png,WallAd4_3.png,295,104,wall,OccludableObjects,90,1.0,VISIBLE_ALPHA_CENTER,MODULAR_PART_OK,"no, baked perspective warning",Use as an individually transformable Node2D/Sprite2D object; visual-only.,"no, baked perspective warning",True
pvg_obj_core_wall_wallad5_1_0243,core,pvg_wall_back_wallad5_1_c9fa57d5,res://assets/tilesets/cyber_city_core_tilesets/CyberCity_Core_Tiles_2/CyberCity_Core_Tiles_2/WallAd5_1.png,WallAd5_1.png,401,102,wall,OccludableObjects,90,1.0,VISIBLE_ALPHA_CENTER,MODULAR_PART_OK,"no, baked perspective warning",Use as an individually transformable Node2D/Sprite2D object; visual-only.,"no, baked perspective warning",True
pvg_obj_core_wall_wallad5_3_0237,core,pvg_wall_back_wallad5_3_b3b80053,res://assets/tilesets/cyber_city_core_tilesets/CyberCity_Core_Tiles_2/CyberCity_Core_Tiles_2/WallAd5_3.png,WallAd5_3.png,400,102,wall,OccludableObjects,90,1.0,VISIBLE_ALPHA_CENTER,MODULAR_PART_OK,"no, baked perspective warning",Use as an individually transformable Node2D/Sprite2D object; visual-only.,"no, baked perspective warning",True
pvg_obj_core_wall_wallfan1_3_0296,core,pvg_wall_back_wallfan1_3_3630cb1e,res://assets/tilesets/cyber_city_core_tilesets/CyberCity_Core_Tiles_2/CyberCity_Core_Tiles_2/WallFan1_3.png,WallFan1_3.png,106,69,wall,OccludableObjects,90,1.0,VISIBLE_ALPHA_CENTER,MODULAR_PART_OK,"no, baked perspective warning",Use as an individually transformable Node2D/Sprite2D object; visual-only.,"no, baked perspective warning",True
pvg_obj_core_wall_wallfan2_1_0248,core,pvg_wall_back_wallfan2_1_11d45dca,res://assets/tilesets/cyber_city_core_tilesets/CyberCity_Core_Tiles_2/CyberCity_Core_Tiles_2/WallFan2_1.png,WallFan2_1.png,79,53,wall,OccludableObjects,90,1.0,VISIBLE_ALPHA_CENTER,MODULAR_PART_OK,"no, baked perspective warning",Use as an individually transformable Node2D/Sprite2D object; visual-only.,"no, baked perspective warning",True
pvg_obj_core_wall_wallfan2_2_0288,core,pvg_wall_side_wallfan2_2_9cb3503c,res://assets/tilesets/cyber_city_core_tilesets/CyberCity_Core_Tiles_2/CyberCity_Core_Tiles_2/WallFan2_2.png,WallFan2_2.png,36,95,wall,OccludableObjects,90,1.0,VISIBLE_ALPHA_CENTER,MODULAR_PART_OK,"no, baked perspective warning",Use as an individually transformable Node2D/Sprite2D object; visual-only.,"no, baked perspective warning",True
pvg_obj_core_wall_wallfan2_3_0311,core,pvg_wall_back_wallfan2_3_582d45ab,res://assets/tilesets/cyber_city_core_tilesets/CyberCity_Core_Tiles_2/CyberCity_Core_Tiles_2/WallFan2_3.png,WallFan2_3.png,82,66,wall,OccludableObjects,90,1.0,VISIBLE_ALPHA_CENTER,MODULAR_PART_OK,"no, baked perspective warning",Use as an individually transformable Node2D/Sprite2D object; visual-only.,"no, baked perspective warning",True
pvg_obj_core_wall_wallfan2_4_0317,core,pvg_wall_side_wallfan2_4_dea65af2,res://assets/tilesets/cyber_city_core_tilesets/CyberCity_Core_Tiles_2/CyberCity_Core_Tiles_2/WallFan2_4.png,WallFan2_4.png,37,101,wall,OccludableObjects,90,1.0,VISIBLE_ALPHA_CENTER,MODULAR_PART_OK,"no, baked perspective warning",Use as an individually transformable Node2D/Sprite2D object; visual-only.,"no, baked perspective warning",True
pvg_obj_core_wall_wallscreen1_1_0244,core,pvg_wall_back_wallscreen1_1_2ce45649,res://assets/tilesets/cyber_city_core_tilesets/CyberCity_Core_Tiles_2/CyberCity_Core_Tiles_2/WallScreen1_1.png,WallScreen1_1.png,52,28,wall,OccludableObjects,90,1.0,VISIBLE_ALPHA_CENTER,MODULAR_PART_OK,"no, baked perspective warning",Use as an individually transformable Node2D/Sprite2D object; visual-only.,"no, baked perspective warning",True
pvg_obj_core_wall_walltable1_1_0251,core,pvg_wall_back_walltable1_1_c5ada794,res://assets/tilesets/cyber_city_core_tilesets/CyberCity_Core_Tiles_2/CyberCity_Core_Tiles_2/WallTable1_1.png,WallTable1_1.png,132,65,wall,OccludableObjects,90,1.0,VISIBLE_ALPHA_CENTER,MODULAR_PART_OK,"no, baked perspective warning",Use as an individually transformable Node2D/Sprite2D object; visual-only.,"no, baked perspective warning",True
pvg_obj_core_wall_walltable1_2_0242,core,pvg_wall_side_walltable1_2_49386c55,res://assets/tilesets/cyber_city_core_tilesets/CyberCity_Core_Tiles_2/CyberCity_Core_Tiles_2/WallTable1_2.png,WallTable1_2.png,66,110,wall,OccludableObjects,90,1.0,VISIBLE_ALPHA_CENTER,MODULAR_PART_OK,"no, baked perspective warning",Use as an individually transformable Node2D/Sprite2D object; visual-only.,"no, baked perspective warning",True
pvg_obj_core_wall_walltable1_3_0236,core,pvg_wall_back_walltable1_3_497c9805,res://assets/tilesets/cyber_city_core_tilesets/CyberCity_Core_Tiles_2/CyberCity_Core_Tiles_2/WallTable1_3.png,WallTable1_3.png,127,63,wall,OccludableObjects,90,1.0,VISIBLE_ALPHA_CENTER,MODULAR_PART_OK,"no, baked perspective warning",Use as an individually transformable Node2D/Sprite2D object; visual-only.,"no, baked perspective warning",True
pvg_obj_core_wall_walltable1_4_0253,core,pvg_wall_side_walltable1_4_cc76e99b,res://assets/tilesets/cyber_city_core_tilesets/CyberCity_Core_Tiles_2/CyberCity_Core_Tiles_2/WallTable1_4.png,WallTable1_4.png,69,110,wall,OccludableObjects,90,1.0,VISIBLE_ALPHA_CENTER,MODULAR_PART_OK,"no, baked perspective warning",Use as an individually transformable Node2D/Sprite2D object; visual-only.,"no, baked perspective warning",True
pvg_obj_core_wall_walltech1_1_0270,core,pvg_wall_back_walltech1_1_79db8949,res://assets/tilesets/cyber_city_core_tilesets/CyberCity_Core_Tiles_2/CyberCity_Core_Tiles_2/WallTech1_1.png,WallTech1_1.png,58,45,wall,OccludableObjects,90,1.0,VISIBLE_ALPHA_CENTER,MODULAR_PART_OK,"no, baked perspective warning",Use as an individually transformable Node2D/Sprite2D object; visual-only.,"no, baked perspective warning",True
pvg_obj_core_wall_walltech2_1_0261,core,pvg_wall_side_walltech2_1_7093ab7d,res://assets/tilesets/cyber_city_core_tilesets/CyberCity_Core_Tiles_2/CyberCity_Core_Tiles_2/WallTech2_1.png,WallTech2_1.png,36,37,wall,OccludableObjects,90,1.0,VISIBLE_ALPHA_CENTER,MODULAR_PART_OK,"no, baked perspective warning",Use as an individually transformable Node2D/Sprite2D object; visual-only.,"no, baked perspective warning",True
pvg_obj_core_wall_walltech2_3_0212,core,pvg_wall_side_walltech2_3_91d15634,res://assets/tilesets/cyber_city_core_tilesets/CyberCity_Core_Tiles_2/CyberCity_Core_Tiles_2/WallTech2_3.png,WallTech2_3.png,31,38,wall,OccludableObjects,90,1.0,VISIBLE_ALPHA_CENTER,MODULAR_PART_OK,"no, baked perspective warning",Use as an individually transformable Node2D/Sprite2D object; visual-only.,"no, baked perspective warning",True
pvg_obj_core_wall_walltech2_5_0303,core,pvg_wall_side_walltech2_5_008b3538,res://assets/tilesets/cyber_city_core_tilesets/CyberCity_Core_Tiles_2/CyberCity_Core_Tiles_2/WallTech2_5.png,WallTech2_5.png,33,44,wall,OccludableObjects,90,1.0,VISIBLE_ALPHA_CENTER,MODULAR_PART_OK,"no, baked perspective warning",Use as an individually transformable Node2D/Sprite2D object; visual-only.,"no, baked perspective warning",True
pvg_obj_core_wall_walltech2_7_0278,core,pvg_wall_side_walltech2_7_10378aac,res://assets/tilesets/cyber_city_core_tilesets/CyberCity_Core_Tiles_2/CyberCity_Core_Tiles_2/WallTech2_7.png,WallTech2_7.png,31,47,wall,OccludableObjects,90,1.0,VISIBLE_ALPHA_CENTER,MODULAR_PART_OK,"no, baked perspective warning",Use as an individually transformable Node2D/Sprite2D object; visual-only.,"no, baked perspective warning",True
pvg_obj_core_wall_walltech3_1_0266,core,pvg_wall_side_walltech3_1_3d826482,res://assets/tilesets/cyber_city_core_tilesets/CyberCity_Core_Tiles_2/CyberCity_Core_Tiles_2/WallTech3_1.png,WallTech3_1.png,23,75,wall,OccludableObjects,90,1.0,VISIBLE_ALPHA_CENTER,MODULAR_PART_OK,"no, baked perspective warning",Use as an individually transformable Node2D/Sprite2D object; visual-only.,"no, baked perspective warning",True
pvg_obj_core_wall_walltech3_2_0289,core,pvg_wall_side_walltech3_2_6a45ef34,res://assets/tilesets/cyber_city_core_tilesets/CyberCity_Core_Tiles_2/CyberCity_Core_Tiles_2/WallTech3_2.png,WallTech3_2.png,49,63,wall,OccludableObjects,90,1.0,VISIBLE_ALPHA_CENTER,MODULAR_PART_OK,"no, baked perspective warning",Use as an individually transformable Node2D/Sprite2D object; visual-only.,"no, baked perspective warning",True
pvg_obj_core_wall_walltech3_4_0254,core,pvg_wall_side_walltech3_4_0f681496,res://assets/tilesets/cyber_city_core_tilesets/CyberCity_Core_Tiles_2/CyberCity_Core_Tiles_2/WallTech3_4.png,WallTech3_4.png,45,62,wall,OccludableObjects,90,1.0,VISIBLE_ALPHA_CENTER,MODULAR_PART_OK,"no, baked perspective warning",Use as an individually transformable Node2D/Sprite2D object; visual-only.,"no, baked perspective warning",True
pvg_obj_central_security_barrier_sandbag1_5_0614,central_security,CS_1090,res://assets/tilesets/cyber_city_core_tilesets/CyberCity_CentralSecurity_Tiles/CyberCity_CentralSecurity_Tiles_1/CyberCity_CentralSecurity_Tiles_1/Sandbag1_5.png,Sandbag1_5.png,59,48,barrier,ReviewObjects,-40,1.0,VISIBLE_ALPHA_CENTER,REVIEW_MANUALLY,"no, baked perspective warning",Use as an individually transformable Node2D/Sprite2D object; visual-only.,"no, baked perspective warning",True
pvg_obj_central_security_barrier_sandbag1_8_0615,central_security,CS_1093,res://assets/tilesets/cyber_city_core_tilesets/CyberCity_CentralSecurity_Tiles/CyberCity_CentralSecurity_Tiles_1/CyberCity_CentralSecurity_Tiles_1/Sandbag1_8.png,Sandbag1_8.png,59,48,barrier,ReviewObjects,-40,1.0,VISIBLE_ALPHA_CENTER,REVIEW_MANUALLY,"no, baked perspective warning",Use as an individually transformable Node2D/Sprite2D object; visual-only.,"no, baked perspective warning",True
pvg_obj_central_security_barrier_sandbags2_3_0718,central_security,CS_1104,res://assets/tilesets/cyber_city_core_tilesets/CyberCity_CentralSecurity_Tiles/CyberCity_CentralSecurity_Tiles_1/CyberCity_CentralSecurity_Tiles_1/Sandbags2_3.png,Sandbags2_3.png,121,48,barrier,ReviewObjects,-40,1.0,VISIBLE_ALPHA_CENTER,REVIEW_MANUALLY,"no, baked perspective warning",Use as an individually transformable Node2D/Sprite2D object; visual-only.,"no, baked perspective warning",True
pvg_obj_central_security_barrier_sandbags2_5_0693,central_security,CS_1106,res://assets/tilesets/cyber_city_core_tilesets/CyberCity_CentralSecurity_Tiles/CyberCity_CentralSecurity_Tiles_1/CyberCity_CentralSecurity_Tiles_1/Sandbags2_5.png,Sandbags2_5.png,106,88,barrier,ReviewObjects,-40,1.0,VISIBLE_ALPHA_CENTER,REVIEW_MANUALLY,"no, baked perspective warning",Use as an individually transformable Node2D/Sprite2D object; visual-only.,"no, baked perspective warning",True
pvg_obj_central_security_barrier_sandbags2_6_0690,central_security,CS_1107,res://assets/tilesets/cyber_city_core_tilesets/CyberCity_CentralSecurity_Tiles/CyberCity_CentralSecurity_Tiles_1/CyberCity_CentralSecurity_Tiles_1/Sandbags2_6.png,Sandbags2_6.png,103,78,barrier,ReviewObjects,-40,1.0,VISIBLE_ALPHA_CENTER,REVIEW_MANUALLY,"no, baked perspective warning",Use as an individually transformable Node2D/Sprite2D object; visual-only.,"no, baked perspective warning",True
pvg_obj_central_security_barrier_sandbags2_7_0685,central_security,CS_1108,res://assets/tilesets/cyber_city_core_tilesets/CyberCity_CentralSecurity_Tiles/CyberCity_CentralSecurity_Tiles_1/CyberCity_CentralSecurity_Tiles_1/Sandbags2_7.png,Sandbags2_7.png,100,88,barrier,ReviewObjects,-40,1.0,VISIBLE_ALPHA_CENTER,REVIEW_MANUALLY,"no, baked perspective warning",Use as an individually transformable Node2D/Sprite2D object; visual-only.,"no, baked perspective warning",True
pvg_obj_central_security_barrier_sandbags2_8_0689,central_security,CS_1109,res://assets/tilesets/cyber_city_core_tilesets/CyberCity_CentralSecurity_Tiles/CyberCity_CentralSecurity_Tiles_1/CyberCity_CentralSecurity_Tiles_1/Sandbags2_8.png,Sandbags2_8.png,103,75,barrier,ReviewObjects,-40,1.0,VISIBLE_ALPHA_CENTER,REVIEW_MANUALLY,"no, baked perspective warning",Use as an individually transformable Node2D/Sprite2D object; visual-only.,"no, baked perspective warning",True
pvg_obj_central_security_large_structure_fortfloor1_2_1162,central_security,CS_0523,res://assets/tilesets/cyber_city_core_tilesets/CyberCity_CentralSecurity_Tiles/CyberCity_CentralSecurity_Tiles_1/CyberCity_CentralSecurity_Tiles_1/FortFloor1_2.png,FortFloor1_2.png,810,573,large_structure,ReviewObjects,-40,0.65,VISIBLE_ALPHA_CENTER,REVIEW_MANUALLY,"no, baked perspective warning",Use as an individually transformable Node2D/Sprite2D object; visual-only.,"no, baked perspective warning",True
pvg_obj_central_security_review_barrel1_1_0642,central_security,CS_0001,res://assets/tilesets/cyber_city_core_tilesets/CyberCity_CentralSecurity_Tiles/CyberCity_CentralSecurity_Tiles_1/CyberCity_CentralSecurity_Tiles_1/Barrel1_1.png,Barrel1_1.png,68,80,review,ReviewObjects,-40,1.0,VISIBLE_ALPHA_CENTER,REVIEW_MANUALLY,maybe,Use as an individually transformable Node2D/Sprite2D object; visual-only.,,True
pvg_obj_central_security_review_barrel1_2_0643,central_security,CS_0002,res://assets/tilesets/cyber_city_core_tilesets/CyberCity_CentralSecurity_Tiles/CyberCity_CentralSecurity_Tiles_1/CyberCity_CentralSecurity_Tiles_1/Barrel1_2.png,Barrel1_2.png,69,80,review,ReviewObjects,-40,1.0,VISIBLE_ALPHA_CENTER,REVIEW_MANUALLY,maybe,Use as an individually transformable Node2D/Sprite2D object; visual-only.,,True
pvg_obj_central_security_review_barrel1_3_0640,central_security,CS_0003,res://assets/tilesets/cyber_city_core_tilesets/CyberCity_CentralSecurity_Tiles/CyberCity_CentralSecurity_Tiles_1/CyberCity_CentralSecurity_Tiles_1/Barrel1_3.png,Barrel1_3.png,66,80,review,ReviewObjects,-40,1.0,VISIBLE_ALPHA_CENTER,REVIEW_MANUALLY,maybe,Use as an individually transformable Node2D/Sprite2D object; visual-only.,,True
pvg_obj_central_security_review_barrel1_4_0648,central_security,CS_0004,res://assets/tilesets/cyber_city_core_tilesets/CyberCity_CentralSecurity_Tiles/CyberCity_CentralSecurity_Tiles_1/CyberCity_CentralSecurity_Tiles_1/Barrel1_4.png,Barrel1_4.png,67,82,review,ReviewObjects,-40,1.0,VISIBLE_ALPHA_CENTER,REVIEW_MANUALLY,maybe,Use as an individually transformable Node2D/Sprite2D object; visual-only.,,True
pvg_obj_central_security_review_barrel1_5_0641,central_security,CS_0005,res://assets/tilesets/cyber_city_core_tilesets/CyberCity_CentralSecurity_Tiles/CyberCity_CentralSecurity_Tiles_1/CyberCity_CentralSecurity_Tiles_1/Barrel1_5.png,Barrel1_5.png,66,80,review,ReviewObjects,-40,1.0,VISIBLE_ALPHA_CENTER,REVIEW_MANUALLY,maybe,Use as an individually transformable Node2D/Sprite2D object; visual-only.,,True
pvg_obj_central_security_review_barrel1_7_0644,central_security,CS_0007,res://assets/tilesets/cyber_city_core_tilesets/CyberCity_CentralSecurity_Tiles/CyberCity_CentralSecurity_Tiles_1/CyberCity_CentralSecurity_Tiles_1/Barrel1_7.png,Barrel1_7.png,67,81,review,ReviewObjects,-40,1.0,VISIBLE_ALPHA_CENTER,REVIEW_MANUALLY,maybe,Use as an individually transformable Node2D/Sprite2D object; visual-only.,,True
pvg_obj_central_security_review_brigbrokenglass1_1_0650,central_security,CS_0073,res://assets/tilesets/cyber_city_core_tilesets/CyberCity_CentralSecurity_Tiles/CyberCity_CentralSecurity_Tiles_1/CyberCity_CentralSecurity_Tiles_1/BrigBrokenGlass1_1.png,BrigBrokenGlass1_1.png,83,69,review,ReviewObjects,-40,1.0,VISIBLE_ALPHA_CENTER,REVIEW_MANUALLY,maybe,Use as an individually transformable Node2D/Sprite2D object; visual-only.,,True
pvg_obj_central_security_review_brigbrokenglass1_2_0683,central_security,CS_0074,res://assets/tilesets/cyber_city_core_tilesets/CyberCity_CentralSecurity_Tiles/CyberCity_CentralSecurity_Tiles_1/CyberCity_CentralSecurity_Tiles_1/BrigBrokenGlass1_2.png,BrigBrokenGlass1_2.png,96,60,review,ReviewObjects,-40,1.0,VISIBLE_ALPHA_CENTER,REVIEW_MANUALLY,maybe,Use as an individually transformable Node2D/Sprite2D object; visual-only.,,True
pvg_obj_central_security_review_brigbrokenglass1_3_0645,central_security,CS_0075,res://assets/tilesets/cyber_city_core_tilesets/CyberCity_CentralSecurity_Tiles/CyberCity_CentralSecurity_Tiles_1/CyberCity_CentralSecurity_Tiles_1/BrigBrokenGlass1_3.png,BrigBrokenGlass1_3.png,81,70,review,ReviewObjects,-40,1.0,VISIBLE_ALPHA_CENTER,REVIEW_MANUALLY,maybe,Use as an individually transformable Node2D/Sprite2D object; visual-only.,,True
pvg_obj_central_security_review_brigbrokenglass1_4_0682,central_security,CS_0076,res://assets/tilesets/cyber_city_core_tilesets/CyberCity_CentralSecurity_Tiles/CyberCity_CentralSecurity_Tiles_1/CyberCity_CentralSecurity_Tiles_1/BrigBrokenGlass1_4.png,BrigBrokenGlass1_4.png,96,59,review,ReviewObjects,-40,1.0,VISIBLE_ALPHA_CENTER,REVIEW_MANUALLY,maybe,Use as an individually transformable Node2D/Sprite2D object; visual-only.,,True
pvg_obj_central_security_review_brigbrokenglass1_6_0678,central_security,CS_0078,res://assets/tilesets/cyber_city_core_tilesets/CyberCity_CentralSecurity_Tiles/CyberCity_CentralSecurity_Tiles_1/CyberCity_CentralSecurity_Tiles_1/BrigBrokenGlass1_6.png,BrigBrokenGlass1_6.png,94,70,review,ReviewObjects,-40,1.0,VISIBLE_ALPHA_CENTER,REVIEW_MANUALLY,maybe,Use as an individually transformable Node2D/Sprite2D object; visual-only.,,True
pvg_obj_central_security_review_brigbrokenglass1_7_0677,central_security,CS_0079,res://assets/tilesets/cyber_city_core_tilesets/CyberCity_CentralSecurity_Tiles/CyberCity_CentralSecurity_Tiles_1/CyberCity_CentralSecurity_Tiles_1/BrigBrokenGlass1_7.png,BrigBrokenGlass1_7.png,94,69,review,ReviewObjects,-40,1.0,VISIBLE_ALPHA_CENTER,REVIEW_MANUALLY,maybe,Use as an individually transformable Node2D/Sprite2D object; visual-only.,,True
pvg_obj_central_security_review_container5_1_0695,central_security,CS_0345,res://assets/tilesets/cyber_city_core_tilesets/CyberCity_CentralSecurity_Tiles/CyberCity_CentralSecurity_Tiles_1/CyberCity_CentralSecurity_Tiles_1/Container5_1.png,Container5_1.png,109,88,review,ReviewObjects,-40,1.0,VISIBLE_ALPHA_CENTER,REVIEW_MANUALLY,maybe,Use as an individually transformable Node2D/Sprite2D object; visual-only.,,True
pvg_obj_central_security_review_container5_2_0686,central_security,CS_0346,res://assets/tilesets/cyber_city_core_tilesets/CyberCity_CentralSecurity_Tiles/CyberCity_CentralSecurity_Tiles_1/CyberCity_CentralSecurity_Tiles_1/Container5_2.png,Container5_2.png,85,101,review,ReviewObjects,-40,1.0,VISIBLE_ALPHA_CENTER,REVIEW_MANUALLY,maybe,Use as an individually transformable Node2D/Sprite2D object; visual-only.,,True
pvg_obj_central_security_review_container5_3_0698,central_security,CS_0347,res://assets/tilesets/cyber_city_core_tilesets/CyberCity_CentralSecurity_Tiles/CyberCity_CentralSecurity_Tiles_1/CyberCity_CentralSecurity_Tiles_1/Container5_3.png,Container5_3.png,111,87,review,ReviewObjects,-40,1.0,VISIBLE_ALPHA_CENTER,REVIEW_MANUALLY,maybe,Use as an individually transformable Node2D/Sprite2D object; visual-only.,,True
pvg_obj_central_security_review_container5_4_0694,central_security,CS_0348,res://assets/tilesets/cyber_city_core_tilesets/CyberCity_CentralSecurity_Tiles/CyberCity_CentralSecurity_Tiles_1/CyberCity_CentralSecurity_Tiles_1/Container5_4.png,Container5_4.png,80,107,review,ReviewObjects,-40,1.0,VISIBLE_ALPHA_CENTER,REVIEW_MANUALLY,maybe,Use as an individually transformable Node2D/Sprite2D object; visual-only.,,True
pvg_obj_central_security_review_container5_5_0699,central_security,CS_0349,res://assets/tilesets/cyber_city_core_tilesets/CyberCity_CentralSecurity_Tiles/CyberCity_CentralSecurity_Tiles_1/CyberCity_CentralSecurity_Tiles_1/Container5_5.png,Container5_5.png,112,111,review,ReviewObjects,-40,1.0,VISIBLE_ALPHA_CENTER,REVIEW_MANUALLY,maybe,Use as an individually transformable Node2D/Sprite2D object; visual-only.,,True
pvg_obj_central_security_review_container5_6_0700,central_security,CS_0350,res://assets/tilesets/cyber_city_core_tilesets/CyberCity_CentralSecurity_Tiles/CyberCity_CentralSecurity_Tiles_1/CyberCity_CentralSecurity_Tiles_1/Container5_6.png,Container5_6.png,113,108,review,ReviewObjects,-40,1.0,VISIBLE_ALPHA_CENTER,REVIEW_MANUALLY,maybe,Use as an individually transformable Node2D/Sprite2D object; visual-only.,,True
pvg_obj_central_security_review_container6_1_0659,central_security,CS_0353,res://assets/tilesets/cyber_city_core_tilesets/CyberCity_CentralSecurity_Tiles/CyberCity_CentralSecurity_Tiles_1/CyberCity_CentralSecurity_Tiles_1/Container6_1.png,Container6_1.png,86,54,review,ReviewObjects,-40,1.0,VISIBLE_ALPHA_CENTER,REVIEW_MANUALLY,maybe,Use as an individually transformable Node2D/Sprite2D object; visual-only.,,True
pvg_obj_central_security_review_container6_2_0628,central_security,CS_0354,res://assets/tilesets/cyber_city_core_tilesets/CyberCity_CentralSecurity_Tiles/CyberCity_CentralSecurity_Tiles_1/CyberCity_CentralSecurity_Tiles_1/Container6_2.png,Container6_2.png,66,76,review,ReviewObjects,-40,1.0,VISIBLE_ALPHA_CENTER,REVIEW_MANUALLY,maybe,Use as an individually transformable Node2D/Sprite2D object; visual-only.,,True
pvg_obj_central_security_review_container6_3_0662,central_security,CS_0355,res://assets/tilesets/cyber_city_core_tilesets/CyberCity_CentralSecurity_Tiles/CyberCity_CentralSecurity_Tiles_1/CyberCity_CentralSecurity_Tiles_1/Container6_3.png,Container6_3.png,87,62,review,ReviewObjects,-40,1.0,VISIBLE_ALPHA_CENTER,REVIEW_MANUALLY,maybe,Use as an individually transformable Node2D/Sprite2D object; visual-only.,,True
pvg_obj_central_security_review_container6_4_0634,central_security,CS_0356,res://assets/tilesets/cyber_city_core_tilesets/CyberCity_CentralSecurity_Tiles/CyberCity_CentralSecurity_Tiles_1/CyberCity_CentralSecurity_Tiles_1/Container6_4.png,Container6_4.png,64,79,review,ReviewObjects,-40,1.0,VISIBLE_ALPHA_CENTER,REVIEW_MANUALLY,maybe,Use as an individually transformable Node2D/Sprite2D object; visual-only.,,True
pvg_obj_central_security_review_container6_5_0680,central_security,CS_0357,res://assets/tilesets/cyber_city_core_tilesets/CyberCity_CentralSecurity_Tiles/CyberCity_CentralSecurity_Tiles_1/CyberCity_CentralSecurity_Tiles_1/Container6_5.png,Container6_5.png,95,78,review,ReviewObjects,-40,1.0,VISIBLE_ALPHA_CENTER,REVIEW_MANUALLY,maybe,Use as an individually transformable Node2D/Sprite2D object; visual-only.,,True
pvg_obj_central_security_review_container6_6_0675,central_security,CS_0358,res://assets/tilesets/cyber_city_core_tilesets/CyberCity_CentralSecurity_Tiles/CyberCity_CentralSecurity_Tiles_1/CyberCity_CentralSecurity_Tiles_1/Container6_6.png,Container6_6.png,91,78,review,ReviewObjects,-40,1.0,VISIBLE_ALPHA_CENTER,REVIEW_MANUALLY,maybe,Use as an individually transformable Node2D/Sprite2D object; visual-only.,,True
pvg_obj_central_security_review_container7_3_0666,central_security,CS_0363,res://assets/tilesets/cyber_city_core_tilesets/CyberCity_CentralSecurity_Tiles/CyberCity_CentralSecurity_Tiles_1/CyberCity_CentralSecurity_Tiles_1/Container7_3.png,Container7_3.png,88,49,review,ReviewObjects,-40,1.0,VISIBLE_ALPHA_CENTER,REVIEW_MANUALLY,maybe,Use as an individually transformable Node2D/Sprite2D object; visual-only.,,True
pvg_obj_central_security_review_container7_4_0626,central_security,CS_0364,res://assets/tilesets/cyber_city_core_tilesets/CyberCity_CentralSecurity_Tiles/CyberCity_CentralSecurity_Tiles_1/CyberCity_CentralSecurity_Tiles_1/Container7_4.png,Container7_4.png,48,76,review,ReviewObjects,-40,1.0,VISIBLE_ALPHA_CENTER,REVIEW_MANUALLY,maybe,Use as an individually transformable Node2D/Sprite2D object; visual-only.,,True
pvg_obj_central_security_review_container7_5_0653,central_security,CS_0365,res://assets/tilesets/cyber_city_core_tilesets/CyberCity_CentralSecurity_Tiles/CyberCity_CentralSecurity_Tiles_1/CyberCity_CentralSecurity_Tiles_1/Container7_5.png,Container7_5.png,84,76,review,ReviewObjects,-40,1.0,VISIBLE_ALPHA_CENTER,REVIEW_MANUALLY,maybe,Use as an individually transformable Node2D/Sprite2D object; visual-only.,,True
pvg_obj_central_security_review_container7_6_0654,central_security,CS_0366,res://assets/tilesets/cyber_city_core_tilesets/CyberCity_CentralSecurity_Tiles/CyberCity_CentralSecurity_Tiles_1/CyberCity_CentralSecurity_Tiles_1/Container7_6.png,Container7_6.png,84,77,review,ReviewObjects,-40,1.0,VISIBLE_ALPHA_CENTER,REVIEW_MANUALLY,maybe,Use as an individually transformable Node2D/Sprite2D object; visual-only.,,True
pvg_obj_central_security_review_container7_7_0651,central_security,CS_0367,res://assets/tilesets/cyber_city_core_tilesets/CyberCity_CentralSecurity_Tiles/CyberCity_CentralSecurity_Tiles_1/CyberCity_CentralSecurity_Tiles_1/Container7_7.png,Container7_7.png,83,76,review,ReviewObjects,-40,1.0,VISIBLE_ALPHA_CENTER,REVIEW_MANUALLY,maybe,Use as an individually transformable Node2D/Sprite2D object; visual-only.,,True
pvg_obj_central_security_review_container7_8_0658,central_security,CS_0368,res://assets/tilesets/cyber_city_core_tilesets/CyberCity_CentralSecurity_Tiles/CyberCity_CentralSecurity_Tiles_1/CyberCity_CentralSecurity_Tiles_1/Container7_8.png,Container7_8.png,85,76,review,ReviewObjects,-40,1.0,VISIBLE_ALPHA_CENTER,REVIEW_MANUALLY,maybe,Use as an individually transformable Node2D/Sprite2D object; visual-only.,,True
pvg_obj_central_security_review_contrabandcontainer1_1_0672,central_security,CS_0369,res://assets/tilesets/cyber_city_core_tilesets/CyberCity_CentralSecurity_Tiles/CyberCity_CentralSecurity_Tiles_1/CyberCity_CentralSecurity_Tiles_1/ContrabandContainer1_1.png,ContrabandContainer1_1.png,67,89,review,ReviewObjects,-40,1.0,VISIBLE_ALPHA_CENTER,REVIEW_MANUALLY,maybe,Use as an individually transformable Node2D/Sprite2D object; visual-only.,,True
pvg_obj_central_security_review_contrabandcontainer1_2_0668,central_security,CS_0370,res://assets/tilesets/cyber_city_core_tilesets/CyberCity_CentralSecurity_Tiles/CyberCity_CentralSecurity_Tiles_1/CyberCity_CentralSecurity_Tiles_1/ContrabandContainer1_2.png,ContrabandContainer1_2.png,69,88,review,ReviewObjects,-40,1.0,VISIBLE_ALPHA_CENTER,REVIEW_MANUALLY,maybe,Use as an individually transformable Node2D/Sprite2D object; visual-only.,,True
pvg_obj_central_security_review_contrabandcontainer1_3_0667,central_security,CS_0371,res://assets/tilesets/cyber_city_core_tilesets/CyberCity_CentralSecurity_Tiles/CyberCity_CentralSecurity_Tiles_1/CyberCity_CentralSecurity_Tiles_1/ContrabandContainer1_3.png,ContrabandContainer1_3.png,67,88,review,ReviewObjects,-40,1.0,VISIBLE_ALPHA_CENTER,REVIEW_MANUALLY,maybe,Use as an individually transformable Node2D/Sprite2D object; visual-only.,,True
pvg_obj_central_security_review_contrabandcontainer1_4_0669,central_security,CS_0372,res://assets/tilesets/cyber_city_core_tilesets/CyberCity_CentralSecurity_Tiles/CyberCity_CentralSecurity_Tiles_1/CyberCity_CentralSecurity_Tiles_1/ContrabandContainer1_4.png,ContrabandContainer1_4.png,70,88,review,ReviewObjects,-40,1.0,VISIBLE_ALPHA_CENTER,REVIEW_MANUALLY,maybe,Use as an individually transformable Node2D/Sprite2D object; visual-only.,,True
pvg_obj_central_security_review_contrabandcontainer1_5_0673,central_security,CS_0373,res://assets/tilesets/cyber_city_core_tilesets/CyberCity_CentralSecurity_Tiles/CyberCity_CentralSecurity_Tiles_1/CyberCity_CentralSecurity_Tiles_1/ContrabandContainer1_5.png,ContrabandContainer1_5.png,67,89,review,ReviewObjects,-40,1.0,VISIBLE_ALPHA_CENTER,REVIEW_MANUALLY,maybe,Use as an individually transformable Node2D/Sprite2D object; visual-only.,,True
pvg_obj_central_security_review_contrabandcontainer1_6_0674,central_security,CS_0374,res://assets/tilesets/cyber_city_core_tilesets/CyberCity_CentralSecurity_Tiles/CyberCity_CentralSecurity_Tiles_1/CyberCity_CentralSecurity_Tiles_1/ContrabandContainer1_6.png,ContrabandContainer1_6.png,67,89,review,ReviewObjects,-40,1.0,VISIBLE_ALPHA_CENTER,REVIEW_MANUALLY,maybe,Use as an individually transformable Node2D/Sprite2D object; visual-only.,,True
pvg_obj_central_security_review_coveredbody1_1_0691,central_security,CS_0385,res://assets/tilesets/cyber_city_core_tilesets/CyberCity_CentralSecurity_Tiles/CyberCity_CentralSecurity_Tiles_1/CyberCity_CentralSecurity_Tiles_1/CoveredBody1_1.png,CoveredBody1_1.png,76,104,review,ReviewObjects,-40,1.0,VISIBLE_ALPHA_CENTER,REVIEW_MANUALLY,maybe,Use as an individually transformable Node2D/Sprite2D object; visual-only.,,True
pvg_obj_central_security_review_coveredbody1_3_0692,central_security,CS_0387,res://assets/tilesets/cyber_city_core_tilesets/CyberCity_CentralSecurity_Tiles/CyberCity_CentralSecurity_Tiles_1/CyberCity_CentralSecurity_Tiles_1/CoveredBody1_3.png,CoveredBody1_3.png,73,105,review,ReviewObjects,-40,1.0,VISIBLE_ALPHA_CENTER,REVIEW_MANUALLY,maybe,Use as an individually transformable Node2D/Sprite2D object; visual-only.,,True
pvg_obj_central_security_review_coveredcargo1_2_0725,central_security,CS_0394,res://assets/tilesets/cyber_city_core_tilesets/CyberCity_CentralSecurity_Tiles/CyberCity_CentralSecurity_Tiles_1/CyberCity_CentralSecurity_Tiles_1/CoveredCargo1_2.png,CoveredCargo1_2.png,123,99,review,ReviewObjects,-40,1.0,VISIBLE_ALPHA_CENTER,REVIEW_MANUALLY,maybe,Use as an individually transformable Node2D/Sprite2D object; visual-only.,,True
pvg_obj_central_security_review_coveredcargo1_4_0734,central_security,CS_0396,res://assets/tilesets/cyber_city_core_tilesets/CyberCity_CentralSecurity_Tiles/CyberCity_CentralSecurity_Tiles_1/CyberCity_CentralSecurity_Tiles_1/CoveredCargo1_4.png,CoveredCargo1_4.png,128,103,review,ReviewObjects,-40,1.0,VISIBLE_ALPHA_CENTER,REVIEW_MANUALLY,maybe,Use as an individually transformable Node2D/Sprite2D object; visual-only.,,True
pvg_obj_central_security_review_coveredcargo1_8_0747,central_security,CS_0400,res://assets/tilesets/cyber_city_core_tilesets/CyberCity_CentralSecurity_Tiles/CyberCity_CentralSecurity_Tiles_1/CyberCity_CentralSecurity_Tiles_1/CoveredCargo1_8.png,CoveredCargo1_8.png,137,111,review,ReviewObjects,-40,1.0,VISIBLE_ALPHA_CENTER,REVIEW_MANUALLY,maybe,Use as an individually transformable Node2D/Sprite2D object; visual-only.,,True
pvg_obj_central_security_review_coveredcargo2_2_0748,central_security,CS_0402,res://assets/tilesets/cyber_city_core_tilesets/CyberCity_CentralSecurity_Tiles/CyberCity_CentralSecurity_Tiles_1/CyberCity_CentralSecurity_Tiles_1/CoveredCargo2_2.png,CoveredCargo2_2.png,137,112,review,ReviewObjects,-40,1.0,VISIBLE_ALPHA_CENTER,REVIEW_MANUALLY,maybe,Use as an individually transformable Node2D/Sprite2D object; visual-only.,,True
pvg_obj_central_security_review_garbage1_1_0613,central_security,CS_0620,res://assets/tilesets/cyber_city_core_tilesets/CyberCity_CentralSecurity_Tiles/CyberCity_CentralSecurity_Tiles_1/CyberCity_CentralSecurity_Tiles_1/Garbage1_1.png,Garbage1_1.png,50,50,review,ReviewObjects,-40,1.0,VISIBLE_ALPHA_CENTER,REVIEW_MANUALLY,maybe,Use as an individually transformable Node2D/Sprite2D object; visual-only.,,True
pvg_obj_central_security_review_garbage1_3_0609,central_security,CS_0622,res://assets/tilesets/cyber_city_core_tilesets/CyberCity_CentralSecurity_Tiles/CyberCity_CentralSecurity_Tiles_1/CyberCity_CentralSecurity_Tiles_1/Garbage1_3.png,Garbage1_3.png,48,48,review,ReviewObjects,-40,1.0,VISIBLE_ALPHA_CENTER,REVIEW_MANUALLY,maybe,Use as an individually transformable Node2D/Sprite2D object; visual-only.,,True
pvg_obj_central_security_review_garbage2_2_0620,central_security,CS_0629,res://assets/tilesets/cyber_city_core_tilesets/CyberCity_CentralSecurity_Tiles/CyberCity_CentralSecurity_Tiles_1/CyberCity_CentralSecurity_Tiles_1/Garbage2_2.png,Garbage2_2.png,68,68,review,ReviewObjects,-40,1.0,VISIBLE_ALPHA_CENTER,REVIEW_MANUALLY,maybe,Use as an individually transformable Node2D/Sprite2D object; visual-only.,,True
pvg_obj_central_security_review_garbage2_3_0622,central_security,CS_0630,res://assets/tilesets/cyber_city_core_tilesets/CyberCity_CentralSecurity_Tiles/CyberCity_CentralSecurity_Tiles_1/CyberCity_CentralSecurity_Tiles_1/Garbage2_3.png,Garbage2_3.png,71,63,review,ReviewObjects,-40,1.0,VISIBLE_ALPHA_CENTER,REVIEW_MANUALLY,maybe,Use as an individually transformable Node2D/Sprite2D object; visual-only.,,True
pvg_obj_central_security_review_garbage2_4_0619,central_security,CS_0631,res://assets/tilesets/cyber_city_core_tilesets/CyberCity_CentralSecurity_Tiles/CyberCity_CentralSecurity_Tiles_1/CyberCity_CentralSecurity_Tiles_1/Garbage2_4.png,Garbage2_4.png,66,58,review,ReviewObjects,-40,1.0,VISIBLE_ALPHA_CENTER,REVIEW_MANUALLY,maybe,Use as an individually transformable Node2D/Sprite2D object; visual-only.,,True
pvg_obj_central_security_review_garbage2_6_0616,central_security,CS_0633,res://assets/tilesets/cyber_city_core_tilesets/CyberCity_CentralSecurity_Tiles/CyberCity_CentralSecurity_Tiles_1/CyberCity_CentralSecurity_Tiles_1/Garbage2_6.png,Garbage2_6.png,61,61,review,ReviewObjects,-40,1.0,VISIBLE_ALPHA_CENTER,REVIEW_MANUALLY,maybe,Use as an individually transformable Node2D/Sprite2D object; visual-only.,,True
pvg_obj_central_security_review_garbage2_7_0617,central_security,CS_0634,res://assets/tilesets/cyber_city_core_tilesets/CyberCity_CentralSecurity_Tiles/CyberCity_CentralSecurity_Tiles_1/CyberCity_CentralSecurity_Tiles_1/Garbage2_7.png,Garbage2_7.png,64,64,review,ReviewObjects,-40,1.0,VISIBLE_ALPHA_CENTER,REVIEW_MANUALLY,maybe,Use as an individually transformable Node2D/Sprite2D object; visual-only.,,True
pvg_obj_central_security_review_garbage2_8_0621,central_security,CS_0635,res://assets/tilesets/cyber_city_core_tilesets/CyberCity_CentralSecurity_Tiles/CyberCity_CentralSecurity_Tiles_1/CyberCity_CentralSecurity_Tiles_1/Garbage2_8.png,Garbage2_8.png,71,60,review,ReviewObjects,-40,1.0,VISIBLE_ALPHA_CENTER,REVIEW_MANUALLY,maybe,Use as an individually transformable Node2D/Sprite2D object; visual-only.,,True
pvg_obj_central_security_review_ladder1_1_0697,central_security,CS_0944,res://assets/tilesets/cyber_city_core_tilesets/CyberCity_CentralSecurity_Tiles/CyberCity_CentralSecurity_Tiles_1/CyberCity_CentralSecurity_Tiles_1/Ladder1_1.png,Ladder1_1.png,64,111,review,ReviewObjects,-40,1.0,VISIBLE_ALPHA_CENTER,REVIEW_MANUALLY,maybe,Use as an individually transformable Node2D/Sprite2D object; visual-only.,,True
pvg_obj_central_security_review_ladder1_2_0681,central_security,CS_0945,res://assets/tilesets/cyber_city_core_tilesets/CyberCity_CentralSecurity_Tiles/CyberCity_CentralSecurity_Tiles_1/CyberCity_CentralSecurity_Tiles_1/Ladder1_2.png,Ladder1_2.png,81,95,review,ReviewObjects,-40,1.0,VISIBLE_ALPHA_CENTER,REVIEW_MANUALLY,maybe,Use as an individually transformable Node2D/Sprite2D object; visual-only.,,True
pvg_obj_central_security_review_ladder1_3_0679,central_security,CS_0946,res://assets/tilesets/cyber_city_core_tilesets/CyberCity_CentralSecurity_Tiles/CyberCity_CentralSecurity_Tiles_1/CyberCity_CentralSecurity_Tiles_1/Ladder1_3.png,Ladder1_3.png,62,95,review,ReviewObjects,-40,1.0,VISIBLE_ALPHA_CENTER,REVIEW_MANUALLY,maybe,Use as an individually transformable Node2D/Sprite2D object; visual-only.,,True
pvg_obj_central_security_review_ladder1_4_0684,central_security,CS_0947,res://assets/tilesets/cyber_city_core_tilesets/CyberCity_CentralSecurity_Tiles/CyberCity_CentralSecurity_Tiles_1/CyberCity_CentralSecurity_Tiles_1/Ladder1_4.png,Ladder1_4.png,84,96,review,ReviewObjects,-40,1.0,VISIBLE_ALPHA_CENTER,REVIEW_MANUALLY,maybe,Use as an individually transformable Node2D/Sprite2D object; visual-only.,,True
pvg_obj_central_security_review_ladder1_7_0687,central_security,CS_0950,res://assets/tilesets/cyber_city_core_tilesets/CyberCity_CentralSecurity_Tiles/CyberCity_CentralSecurity_Tiles_1/CyberCity_CentralSecurity_Tiles_1/Ladder1_7.png,Ladder1_7.png,81,102,review,ReviewObjects,-40,1.0,VISIBLE_ALPHA_CENTER,REVIEW_MANUALLY,maybe,Use as an individually transformable Node2D/Sprite2D object; visual-only.,,True
pvg_obj_central_security_review_ladder1_8_0688,central_security,CS_0951,res://assets/tilesets/cyber_city_core_tilesets/CyberCity_CentralSecurity_Tiles/CyberCity_CentralSecurity_Tiles_1/CyberCity_CentralSecurity_Tiles_1/Ladder1_8.png,Ladder1_8.png,84,102,review,ReviewObjects,-40,1.0,VISIBLE_ALPHA_CENTER,REVIEW_MANUALLY,maybe,Use as an individually transformable Node2D/Sprite2D object; visual-only.,,True
pvg_obj_central_security_review_missle1_4_0733,central_security,CS_1013,res://assets/tilesets/cyber_city_core_tilesets/CyberCity_CentralSecurity_Tiles/CyberCity_CentralSecurity_Tiles_1/CyberCity_CentralSecurity_Tiles_1/Missle1_4.png,Missle1_4.png,125,127,review,ReviewObjects,-40,1.0,VISIBLE_ALPHA_CENTER,REVIEW_MANUALLY,maybe,Use as an individually transformable Node2D/Sprite2D object; visual-only.,,True
pvg_obj_central_security_review_missle1_6_0739,central_security,CS_1015,res://assets/tilesets/cyber_city_core_tilesets/CyberCity_CentralSecurity_Tiles/CyberCity_CentralSecurity_Tiles_1/CyberCity_CentralSecurity_Tiles_1/Missle1_6.png,Missle1_6.png,133,115,review,ReviewObjects,-40,1.0,VISIBLE_ALPHA_CENTER,REVIEW_MANUALLY,maybe,Use as an individually transformable Node2D/Sprite2D object; visual-only.,,True
pvg_obj_central_security_review_pallet2_1_0745,central_security,CS_1050,res://assets/tilesets/cyber_city_core_tilesets/CyberCity_CentralSecurity_Tiles/CyberCity_CentralSecurity_Tiles_1/CyberCity_CentralSecurity_Tiles_1/Pallet2_1.png,Pallet2_1.png,132,136,review,ReviewObjects,-40,1.0,VISIBLE_ALPHA_CENTER,REVIEW_MANUALLY,maybe,Use as an individually transformable Node2D/Sprite2D object; visual-only.,,True
pvg_obj_central_security_review_pallet2_2_0743,central_security,CS_1051,res://assets/tilesets/cyber_city_core_tilesets/CyberCity_CentralSecurity_Tiles/CyberCity_CentralSecurity_Tiles_1/CyberCity_CentralSecurity_Tiles_1/Pallet2_2.png,Pallet2_2.png,128,136,review,ReviewObjects,-40,1.0,VISIBLE_ALPHA_CENTER,REVIEW_MANUALLY,maybe,Use as an individually transformable Node2D/Sprite2D object; visual-only.,,True
pvg_obj_central_security_review_pallet2_3_0746,central_security,CS_1052,res://assets/tilesets/cyber_city_core_tilesets/CyberCity_CentralSecurity_Tiles/CyberCity_CentralSecurity_Tiles_1/CyberCity_CentralSecurity_Tiles_1/Pallet2_3.png,Pallet2_3.png,133,136,review,ReviewObjects,-40,1.0,VISIBLE_ALPHA_CENTER,REVIEW_MANUALLY,maybe,Use as an individually transformable Node2D/Sprite2D object; visual-only.,,True
pvg_obj_central_security_review_pallet2_4_0744,central_security,CS_1053,res://assets/tilesets/cyber_city_core_tilesets/CyberCity_CentralSecurity_Tiles/CyberCity_CentralSecurity_Tiles_1/CyberCity_CentralSecurity_Tiles_1/Pallet2_4.png,Pallet2_4.png,130,136,review,ReviewObjects,-40,1.0,VISIBLE_ALPHA_CENTER,REVIEW_MANUALLY,maybe,Use as an individually transformable Node2D/Sprite2D object; visual-only.,,True
pvg_obj_central_security_review_pallet3_1_0738,central_security,CS_1058,res://assets/tilesets/cyber_city_core_tilesets/CyberCity_CentralSecurity_Tiles/CyberCity_CentralSecurity_Tiles_1/CyberCity_CentralSecurity_Tiles_1/Pallet3_1.png,Pallet3_1.png,132,92,review,ReviewObjects,-40,1.0,VISIBLE_ALPHA_CENTER,REVIEW_MANUALLY,maybe,Use as an individually transformable Node2D/Sprite2D object; visual-only.,,True
pvg_obj_central_security_review_pallet3_2_0719,central_security,CS_1059,res://assets/tilesets/cyber_city_core_tilesets/CyberCity_CentralSecurity_Tiles/CyberCity_CentralSecurity_Tiles_1/CyberCity_CentralSecurity_Tiles_1/Pallet3_2.png,Pallet3_2.png,121,101,review,ReviewObjects,-40,1.0,VISIBLE_ALPHA_CENTER,REVIEW_MANUALLY,maybe,Use as an individually transformable Node2D/Sprite2D object; visual-only.,,True
pvg_obj_central_security_review_securitycart1_1_0710,central_security,CS_1134,res://assets/tilesets/cyber_city_core_tilesets/CyberCity_CentralSecurity_Tiles/CyberCity_CentralSecurity_Tiles_1/CyberCity_CentralSecurity_Tiles_1/SecurityCart1_1.png,SecurityCart1_1.png,118,94,review,ReviewObjects,-40,1.0,VISIBLE_ALPHA_CENTER,REVIEW_MANUALLY,maybe,Use as an individually transformable Node2D/Sprite2D object; visual-only.,,True
pvg_obj_central_security_review_securitycart1_2_0702,central_security,CS_1135,res://assets/tilesets/cyber_city_core_tilesets/CyberCity_CentralSecurity_Tiles/CyberCity_CentralSecurity_Tiles_1/CyberCity_CentralSecurity_Tiles_1/SecurityCart1_2.png,SecurityCart1_2.png,84,114,review,ReviewObjects,-40,1.0,VISIBLE_ALPHA_CENTER,REVIEW_MANUALLY,maybe,Use as an individually transformable Node2D/Sprite2D object; visual-only.,,True
pvg_obj_central_security_review_securitycart1_3_0724,central_security,CS_1136,res://assets/tilesets/cyber_city_core_tilesets/CyberCity_CentralSecurity_Tiles/CyberCity_CentralSecurity_Tiles_1/CyberCity_CentralSecurity_Tiles_1/SecurityCart1_3.png,SecurityCart1_3.png,121,119,review,ReviewObjects,-40,1.0,VISIBLE_ALPHA_CENTER,REVIEW_MANUALLY,maybe,Use as an individually transformable Node2D/Sprite2D object; visual-only.,,True
pvg_obj_central_security_review_securitycart1_4_0721,central_security,CS_1137,res://assets/tilesets/cyber_city_core_tilesets/CyberCity_CentralSecurity_Tiles/CyberCity_CentralSecurity_Tiles_1/CyberCity_CentralSecurity_Tiles_1/SecurityCart1_4.png,SecurityCart1_4.png,121,117,review,ReviewObjects,-40,1.0,VISIBLE_ALPHA_CENTER,REVIEW_MANUALLY,maybe,Use as an individually transformable Node2D/Sprite2D object; visual-only.,,True
pvg_obj_central_security_review_securitycart2_1_0711,central_security,CS_1138,res://assets/tilesets/cyber_city_core_tilesets/CyberCity_CentralSecurity_Tiles/CyberCity_CentralSecurity_Tiles_1/CyberCity_CentralSecurity_Tiles_1/SecurityCart2_1.png,SecurityCart2_1.png,118,94,review,ReviewObjects,-40,1.0,VISIBLE_ALPHA_CENTER,REVIEW_MANUALLY,maybe,Use as an individually transformable Node2D/Sprite2D object; visual-only.,,True
pvg_obj_central_security_review_securitycart2_2_0703,central_security,CS_1139,res://assets/tilesets/cyber_city_core_tilesets/CyberCity_CentralSecurity_Tiles/CyberCity_CentralSecurity_Tiles_1/CyberCity_CentralSecurity_Tiles_1/SecurityCart2_2.png,SecurityCart2_2.png,84,114,review,ReviewObjects,-40,1.0,VISIBLE_ALPHA_CENTER,REVIEW_MANUALLY,maybe,Use as an individually transformable Node2D/Sprite2D object; visual-only.,,True
pvg_obj_central_security_review_securitycart2_3_0712,central_security,CS_1140,res://assets/tilesets/cyber_city_core_tilesets/CyberCity_CentralSecurity_Tiles/CyberCity_CentralSecurity_Tiles_1/CyberCity_CentralSecurity_Tiles_1/SecurityCart2_3.png,SecurityCart2_3.png,118,94,review,ReviewObjects,-40,1.0,VISIBLE_ALPHA_CENTER,REVIEW_MANUALLY,maybe,Use as an individually transformable Node2D/Sprite2D object; visual-only.,,True
pvg_obj_central_security_review_securitycart2_4_0704,central_security,CS_1141,res://assets/tilesets/cyber_city_core_tilesets/CyberCity_CentralSecurity_Tiles/CyberCity_CentralSecurity_Tiles_1/CyberCity_CentralSecurity_Tiles_1/SecurityCart2_4.png,SecurityCart2_4.png,84,114,review,ReviewObjects,-40,1.0,VISIBLE_ALPHA_CENTER,REVIEW_MANUALLY,maybe,Use as an individually transformable Node2D/Sprite2D object; visual-only.,,True
pvg_obj_central_security_review_securitycart2_6_0722,central_security,CS_1143,res://assets/tilesets/cyber_city_core_tilesets/CyberCity_CentralSecurity_Tiles/CyberCity_CentralSecurity_Tiles_1/CyberCity_CentralSecurity_Tiles_1/SecurityCart2_6.png,SecurityCart2_6.png,121,117,review,ReviewObjects,-40,1.0,VISIBLE_ALPHA_CENTER,REVIEW_MANUALLY,maybe,Use as an individually transformable Node2D/Sprite2D object; visual-only.,,True
pvg_obj_central_security_review_securitycart2_7_0723,central_security,CS_1144,res://assets/tilesets/cyber_city_core_tilesets/CyberCity_CentralSecurity_Tiles/CyberCity_CentralSecurity_Tiles_1/CyberCity_CentralSecurity_Tiles_1/SecurityCart2_7.png,SecurityCart2_7.png,121,117,review,ReviewObjects,-40,1.0,VISIBLE_ALPHA_CENTER,REVIEW_MANUALLY,maybe,Use as an individually transformable Node2D/Sprite2D object; visual-only.,,True
pvg_obj_central_security_review_tech10_1_0624,central_security,CS_1388,res://assets/tilesets/cyber_city_core_tilesets/CyberCity_CentralSecurity_Tiles/CyberCity_CentralSecurity_Tiles_1/CyberCity_CentralSecurity_Tiles_1/Tech10_1.png,Tech10_1.png,55,74,review,ReviewObjects,-40,1.0,VISIBLE_ALPHA_CENTER,REVIEW_MANUALLY,maybe,Use as an individually transformable Node2D/Sprite2D object; visual-only.,,True
pvg_obj_central_security_review_tech10_2_0632,central_security,CS_1389,res://assets/tilesets/cyber_city_core_tilesets/CyberCity_CentralSecurity_Tiles/CyberCity_CentralSecurity_Tiles_1/CyberCity_CentralSecurity_Tiles_1/Tech10_2.png,Tech10_2.png,79,50,review,ReviewObjects,-40,1.0,VISIBLE_ALPHA_CENTER,REVIEW_MANUALLY,maybe,Use as an individually transformable Node2D/Sprite2D object; visual-only.,,True
pvg_obj_central_security_review_tech10_3_0627,central_security,CS_1390,res://assets/tilesets/cyber_city_core_tilesets/CyberCity_CentralSecurity_Tiles/CyberCity_CentralSecurity_Tiles_1/CyberCity_CentralSecurity_Tiles_1/Tech10_3.png,Tech10_3.png,56,76,review,ReviewObjects,-40,1.0,VISIBLE_ALPHA_CENTER,REVIEW_MANUALLY,maybe,Use as an individually transformable Node2D/Sprite2D object; visual-only.,,True
pvg_obj_central_security_review_tech10_4_0633,central_security,CS_1391,res://assets/tilesets/cyber_city_core_tilesets/CyberCity_CentralSecurity_Tiles/CyberCity_CentralSecurity_Tiles_1/CyberCity_CentralSecurity_Tiles_1/Tech10_4.png,Tech10_4.png,79,51,review,ReviewObjects,-40,1.0,VISIBLE_ALPHA_CENTER,REVIEW_MANUALLY,maybe,Use as an individually transformable Node2D/Sprite2D object; visual-only.,,True
pvg_obj_central_security_review_tech10_5_0656,central_security,CS_1392,res://assets/tilesets/cyber_city_core_tilesets/CyberCity_CentralSecurity_Tiles/CyberCity_CentralSecurity_Tiles_1/CyberCity_CentralSecurity_Tiles_1/Tech10_5.png,Tech10_5.png,85,70,review,ReviewObjects,-40,1.0,VISIBLE_ALPHA_CENTER,REVIEW_MANUALLY,maybe,Use as an individually transformable Node2D/Sprite2D object; visual-only.,,True
pvg_obj_central_security_review_tech10_8_0657,central_security,CS_1395,res://assets/tilesets/cyber_city_core_tilesets/CyberCity_CentralSecurity_Tiles/CyberCity_CentralSecurity_Tiles_1/CyberCity_CentralSecurity_Tiles_1/Tech10_8.png,Tech10_8.png,85,70,review,ReviewObjects,-40,1.0,VISIBLE_ALPHA_CENTER,REVIEW_MANUALLY,maybe,Use as an individually transformable Node2D/Sprite2D object; visual-only.,,True
pvg_obj_central_security_review_tech1_1_0717,central_security,CS_1412,res://assets/tilesets/cyber_city_core_tilesets/CyberCity_CentralSecurity_Tiles/CyberCity_CentralSecurity_Tiles_1/CyberCity_CentralSecurity_Tiles_1/Tech1_1.png,Tech1_1.png,118,120,review,ReviewObjects,-40,1.0,VISIBLE_ALPHA_CENTER,REVIEW_MANUALLY,maybe,Use as an individually transformable Node2D/Sprite2D object; visual-only.,,True
pvg_obj_central_security_review_tech1_2_0741,central_security,CS_1413,res://assets/tilesets/cyber_city_core_tilesets/CyberCity_CentralSecurity_Tiles/CyberCity_CentralSecurity_Tiles_1/CyberCity_CentralSecurity_Tiles_1/Tech1_2.png,Tech1_2.png,124,135,review,ReviewObjects,-40,1.0,VISIBLE_ALPHA_CENTER,REVIEW_MANUALLY,maybe,Use as an individually transformable Node2D/Sprite2D object; visual-only.,,True
pvg_obj_central_security_review_tech1_3_0736,central_security,CS_1414,res://assets/tilesets/cyber_city_core_tilesets/CyberCity_CentralSecurity_Tiles/CyberCity_CentralSecurity_Tiles_1/CyberCity_CentralSecurity_Tiles_1/Tech1_3.png,Tech1_3.png,116,129,review,ReviewObjects,-40,1.0,VISIBLE_ALPHA_CENTER,REVIEW_MANUALLY,maybe,Use as an individually transformable Node2D/Sprite2D object; visual-only.,,True
pvg_obj_central_security_review_tech2_1_0708,central_security,CS_1420,res://assets/tilesets/cyber_city_core_tilesets/CyberCity_CentralSecurity_Tiles/CyberCity_CentralSecurity_Tiles_1/CyberCity_CentralSecurity_Tiles_1/Tech2_1.png,Tech2_1.png,86,116,review,ReviewObjects,-40,1.0,VISIBLE_ALPHA_CENTER,REVIEW_MANUALLY,maybe,Use as an individually transformable Node2D/Sprite2D object; visual-only.,,True
pvg_obj_central_security_review_tech2_2_0705,central_security,CS_1421,res://assets/tilesets/cyber_city_core_tilesets/CyberCity_CentralSecurity_Tiles/CyberCity_CentralSecurity_Tiles_1/CyberCity_CentralSecurity_Tiles_1/Tech2_2.png,Tech2_2.png,70,115,review,ReviewObjects,-40,1.0,VISIBLE_ALPHA_CENTER,REVIEW_MANUALLY,maybe,Use as an individually transformable Node2D/Sprite2D object; visual-only.,,True
pvg_obj_central_security_review_tech2_3_0696,central_security,CS_1422,res://assets/tilesets/cyber_city_core_tilesets/CyberCity_CentralSecurity_Tiles/CyberCity_CentralSecurity_Tiles_1/CyberCity_CentralSecurity_Tiles_1/Tech2_3.png,Tech2_3.png,87,110,review,ReviewObjects,-40,1.0,VISIBLE_ALPHA_CENTER,REVIEW_MANUALLY,maybe,Use as an individually transformable Node2D/Sprite2D object; visual-only.,,True
pvg_obj_central_security_review_tech2_4_0701,central_security,CS_1423,res://assets/tilesets/cyber_city_core_tilesets/CyberCity_CentralSecurity_Tiles/CyberCity_CentralSecurity_Tiles_1/CyberCity_CentralSecurity_Tiles_1/Tech2_4.png,Tech2_4.png,70,114,review,ReviewObjects,-40,1.0,VISIBLE_ALPHA_CENTER,REVIEW_MANUALLY,maybe,Use as an individually transformable Node2D/Sprite2D object; visual-only.,,True
pvg_obj_central_security_review_tech2_7_0707,central_security,CS_1426,res://assets/tilesets/cyber_city_core_tilesets/CyberCity_CentralSecurity_Tiles/CyberCity_CentralSecurity_Tiles_1/CyberCity_CentralSecurity_Tiles_1/Tech2_7.png,Tech2_7.png,68,116,review,ReviewObjects,-40,1.0,VISIBLE_ALPHA_CENTER,REVIEW_MANUALLY,maybe,Use as an individually transformable Node2D/Sprite2D object; visual-only.,,True
pvg_obj_central_security_review_tech2_8_0706,central_security,CS_1427,res://assets/tilesets/cyber_city_core_tilesets/CyberCity_CentralSecurity_Tiles/CyberCity_CentralSecurity_Tiles_1/CyberCity_CentralSecurity_Tiles_1/Tech2_8.png,Tech2_8.png,73,115,review,ReviewObjects,-40,1.0,VISIBLE_ALPHA_CENTER,REVIEW_MANUALLY,maybe,Use as an individually transformable Node2D/Sprite2D object; visual-only.,,True
pvg_obj_central_security_review_tech3_1_0716,central_security,CS_1428,res://assets/tilesets/cyber_city_core_tilesets/CyberCity_CentralSecurity_Tiles/CyberCity_CentralSecurity_Tiles_1/CyberCity_CentralSecurity_Tiles_1/Tech3_1.png,Tech3_1.png,102,120,review,ReviewObjects,-40,1.0,VISIBLE_ALPHA_CENTER,REVIEW_MANUALLY,maybe,Use as an individually transformable Node2D/Sprite2D object; visual-only.,,True
pvg_obj_central_security_review_tech3_2_0732,central_security,CS_1429,res://assets/tilesets/cyber_city_core_tilesets/CyberCity_CentralSecurity_Tiles/CyberCity_CentralSecurity_Tiles_1/CyberCity_CentralSecurity_Tiles_1/Tech3_2.png,Tech3_2.png,126,119,review,ReviewObjects,-40,1.0,VISIBLE_ALPHA_CENTER,REVIEW_MANUALLY,maybe,Use as an individually transformable Node2D/Sprite2D object; visual-only.,,True
pvg_obj_central_security_review_tech3_4_0715,central_security,CS_1431,res://assets/tilesets/cyber_city_core_tilesets/CyberCity_CentralSecurity_Tiles/CyberCity_CentralSecurity_Tiles_1/CyberCity_CentralSecurity_Tiles_1/Tech3_4.png,Tech3_4.png,117,119,review,ReviewObjects,-40,1.0,VISIBLE_ALPHA_CENTER,REVIEW_MANUALLY,maybe,Use as an individually transformable Node2D/Sprite2D object; visual-only.,,True
pvg_obj_central_security_review_tech3_5_0713,central_security,CS_1432,res://assets/tilesets/cyber_city_core_tilesets/CyberCity_CentralSecurity_Tiles/CyberCity_CentralSecurity_Tiles_1/CyberCity_CentralSecurity_Tiles_1/Tech3_5.png,Tech3_5.png,111,119,review,ReviewObjects,-40,1.0,VISIBLE_ALPHA_CENTER,REVIEW_MANUALLY,maybe,Use as an individually transformable Node2D/Sprite2D object; visual-only.,,True
pvg_obj_central_security_review_tech3_6_0720,central_security,CS_1433,res://assets/tilesets/cyber_city_core_tilesets/CyberCity_CentralSecurity_Tiles/CyberCity_CentralSecurity_Tiles_1/CyberCity_CentralSecurity_Tiles_1/Tech3_6.png,Tech3_6.png,104,121,review,ReviewObjects,-40,1.0,VISIBLE_ALPHA_CENTER,REVIEW_MANUALLY,maybe,Use as an individually transformable Node2D/Sprite2D object; visual-only.,,True
pvg_obj_central_security_review_tech4_1_0735,central_security,CS_1436,res://assets/tilesets/cyber_city_core_tilesets/CyberCity_CentralSecurity_Tiles/CyberCity_CentralSecurity_Tiles_1/CyberCity_CentralSecurity_Tiles_1/Tech4_1.png,Tech4_1.png,109,129,review,ReviewObjects,-40,1.0,VISIBLE_ALPHA_CENTER,REVIEW_MANUALLY,maybe,Use as an individually transformable Node2D/Sprite2D object; visual-only.,,True
pvg_obj_central_security_review_tech4_2_0727,central_security,CS_1437,res://assets/tilesets/cyber_city_core_tilesets/CyberCity_CentralSecurity_Tiles/CyberCity_CentralSecurity_Tiles_1/CyberCity_CentralSecurity_Tiles_1/Tech4_2.png,Tech4_2.png,123,116,review,ReviewObjects,-40,1.0,VISIBLE_ALPHA_CENTER,REVIEW_MANUALLY,maybe,Use as an individually transformable Node2D/Sprite2D object; visual-only.,,True
pvg_obj_central_security_review_tech4_4_0709,central_security,CS_1439,res://assets/tilesets/cyber_city_core_tilesets/CyberCity_CentralSecurity_Tiles/CyberCity_CentralSecurity_Tiles_1/CyberCity_CentralSecurity_Tiles_1/Tech4_4.png,Tech4_4.png,116,116,review,ReviewObjects,-40,1.0,VISIBLE_ALPHA_CENTER,REVIEW_MANUALLY,maybe,Use as an individually transformable Node2D/Sprite2D object; visual-only.,,True
pvg_obj_central_security_review_tech4_5_0730,central_security,CS_1440,res://assets/tilesets/cyber_city_core_tilesets/CyberCity_CentralSecurity_Tiles/CyberCity_CentralSecurity_Tiles_1/CyberCity_CentralSecurity_Tiles_1/Tech4_5.png,Tech4_5.png,111,124,review,ReviewObjects,-40,1.0,VISIBLE_ALPHA_CENTER,REVIEW_MANUALLY,maybe,Use as an individually transformable Node2D/Sprite2D object; visual-only.,,True
pvg_obj_central_security_review_tech4_6_0726,central_security,CS_1441,res://assets/tilesets/cyber_city_core_tilesets/CyberCity_CentralSecurity_Tiles/CyberCity_CentralSecurity_Tiles_1/CyberCity_CentralSecurity_Tiles_1/Tech4_6.png,Tech4_6.png,105,123,review,ReviewObjects,-40,1.0,VISIBLE_ALPHA_CENTER,REVIEW_MANUALLY,maybe,Use as an individually transformable Node2D/Sprite2D object; visual-only.,,True
pvg_obj_central_security_review_tech4_8_0742,central_security,CS_1443,res://assets/tilesets/cyber_city_core_tilesets/CyberCity_CentralSecurity_Tiles/CyberCity_CentralSecurity_Tiles_1/CyberCity_CentralSecurity_Tiles_1/Tech4_8.png,Tech4_8.png,103,136,review,ReviewObjects,-40,1.0,VISIBLE_ALPHA_CENTER,REVIEW_MANUALLY,maybe,Use as an individually transformable Node2D/Sprite2D object; visual-only.,,True
pvg_obj_central_security_review_tech5_1_0737,central_security,CS_1444,res://assets/tilesets/cyber_city_core_tilesets/CyberCity_CentralSecurity_Tiles/CyberCity_CentralSecurity_Tiles_1/CyberCity_CentralSecurity_Tiles_1/Tech5_1.png,Tech5_1.png,109,131,review,ReviewObjects,-40,1.0,VISIBLE_ALPHA_CENTER,REVIEW_MANUALLY,maybe,Use as an individually transformable Node2D/Sprite2D object; visual-only.,,True
pvg_obj_central_security_review_tech5_2_0728,central_security,CS_1445,res://assets/tilesets/cyber_city_core_tilesets/CyberCity_CentralSecurity_Tiles/CyberCity_CentralSecurity_Tiles_1/CyberCity_CentralSecurity_Tiles_1/Tech5_2.png,Tech5_2.png,123,118,review,ReviewObjects,-40,1.0,VISIBLE_ALPHA_CENTER,REVIEW_MANUALLY,maybe,Use as an individually transformable Node2D/Sprite2D object; visual-only.,,True
pvg_obj_central_security_review_tech5_4_0714,central_security,CS_1447,res://assets/tilesets/cyber_city_core_tilesets/CyberCity_CentralSecurity_Tiles/CyberCity_CentralSecurity_Tiles_1/CyberCity_CentralSecurity_Tiles_1/Tech5_4.png,Tech5_4.png,119,116,review,ReviewObjects,-40,1.0,VISIBLE_ALPHA_CENTER,REVIEW_MANUALLY,maybe,Use as an individually transformable Node2D/Sprite2D object; visual-only.,,True
pvg_obj_central_security_review_tech5_5_0729,central_security,CS_1448,res://assets/tilesets/cyber_city_core_tilesets/CyberCity_CentralSecurity_Tiles/CyberCity_CentralSecurity_Tiles_1/CyberCity_CentralSecurity_Tiles_1/Tech5_5.png,Tech5_5.png,109,124,review,ReviewObjects,-40,1.0,VISIBLE_ALPHA_CENTER,REVIEW_MANUALLY,maybe,Use as an individually transformable Node2D/Sprite2D object; visual-only.,,True
pvg_obj_central_security_review_tech5_6_0731,central_security,CS_1449,res://assets/tilesets/cyber_city_core_tilesets/CyberCity_CentralSecurity_Tiles/CyberCity_CentralSecurity_Tiles_1/CyberCity_CentralSecurity_Tiles_1/Tech5_6.png,Tech5_6.png,105,125,review,ReviewObjects,-40,1.0,VISIBLE_ALPHA_CENTER,REVIEW_MANUALLY,maybe,Use as an individually transformable Node2D/Sprite2D object; visual-only.,,True
pvg_obj_central_security_review_tech5_8_0740,central_security,CS_1451,res://assets/tilesets/cyber_city_core_tilesets/CyberCity_CentralSecurity_Tiles/CyberCity_CentralSecurity_Tiles_1/CyberCity_CentralSecurity_Tiles_1/Tech5_8.png,Tech5_8.png,108,134,review,ReviewObjects,-40,1.0,VISIBLE_ALPHA_CENTER,REVIEW_MANUALLY,maybe,Use as an individually transformable Node2D/Sprite2D object; visual-only.,,True
pvg_obj_central_security_review_tech8_1_0630,central_security,CS_1468,res://assets/tilesets/cyber_city_core_tilesets/CyberCity_CentralSecurity_Tiles/CyberCity_CentralSecurity_Tiles_1/CyberCity_CentralSecurity_Tiles_1/Tech8_1.png,Tech8_1.png,68,77,review,ReviewObjects,-40,1.0,VISIBLE_ALPHA_CENTER,REVIEW_MANUALLY,maybe,Use as an individually transformable Node2D/Sprite2D object; visual-only.,,True
pvg_obj_central_security_review_tech8_2_0663,central_security,CS_1469,res://assets/tilesets/cyber_city_core_tilesets/CyberCity_CentralSecurity_Tiles/CyberCity_CentralSecurity_Tiles_1/CyberCity_CentralSecurity_Tiles_1/Tech8_2.png,Tech8_2.png,87,70,review,ReviewObjects,-40,1.0,VISIBLE_ALPHA_CENTER,REVIEW_MANUALLY,maybe,Use as an individually transformable Node2D/Sprite2D object; visual-only.,,True
pvg_obj_central_security_review_tech8_3_0623,central_security,CS_1470,res://assets/tilesets/cyber_city_core_tilesets/CyberCity_CentralSecurity_Tiles/CyberCity_CentralSecurity_Tiles_1/CyberCity_CentralSecurity_Tiles_1/Tech8_3.png,Tech8_3.png,69,72,review,ReviewObjects,-40,1.0,VISIBLE_ALPHA_CENTER,REVIEW_MANUALLY,maybe,Use as an individually transformable Node2D/Sprite2D object; visual-only.,,True
pvg_obj_central_security_review_tech8_4_0660,central_security,CS_1471,res://assets/tilesets/cyber_city_core_tilesets/CyberCity_CentralSecurity_Tiles/CyberCity_CentralSecurity_Tiles_1/CyberCity_CentralSecurity_Tiles_1/Tech8_4.png,Tech8_4.png,86,66,review,ReviewObjects,-40,1.0,VISIBLE_ALPHA_CENTER,REVIEW_MANUALLY,maybe,Use as an individually transformable Node2D/Sprite2D object; visual-only.,,True
pvg_obj_central_security_review_tech8_6_0664,central_security,CS_1473,res://assets/tilesets/cyber_city_core_tilesets/CyberCity_CentralSecurity_Tiles/CyberCity_CentralSecurity_Tiles_1/CyberCity_CentralSecurity_Tiles_1/Tech8_6.png,Tech8_6.png,87,75,review,ReviewObjects,-40,1.0,VISIBLE_ALPHA_CENTER,REVIEW_MANUALLY,maybe,Use as an individually transformable Node2D/Sprite2D object; visual-only.,,True
pvg_obj_central_security_review_tech8_8_0665,central_security,CS_1475,res://assets/tilesets/cyber_city_core_tilesets/CyberCity_CentralSecurity_Tiles/CyberCity_CentralSecurity_Tiles_1/CyberCity_CentralSecurity_Tiles_1/Tech8_8.png,Tech8_8.png,87,75,review,ReviewObjects,-40,1.0,VISIBLE_ALPHA_CENTER,REVIEW_MANUALLY,maybe,Use as an individually transformable Node2D/Sprite2D object; visual-only.,,True
pvg_obj_central_security_review_tech9_2_0655,central_security,CS_1477,res://assets/tilesets/cyber_city_core_tilesets/CyberCity_CentralSecurity_Tiles/CyberCity_CentralSecurity_Tiles_1/CyberCity_CentralSecurity_Tiles_1/Tech9_2.png,Tech9_2.png,85,53,review,ReviewObjects,-40,1.0,VISIBLE_ALPHA_CENTER,REVIEW_MANUALLY,maybe,Use as an individually transformable Node2D/Sprite2D object; visual-only.,,True
pvg_obj_central_security_review_tech9_4_0661,central_security,CS_1479,res://assets/tilesets/cyber_city_core_tilesets/CyberCity_CentralSecurity_Tiles/CyberCity_CentralSecurity_Tiles_1/CyberCity_CentralSecurity_Tiles_1/Tech9_4.png,Tech9_4.png,87,54,review,ReviewObjects,-40,1.0,VISIBLE_ALPHA_CENTER,REVIEW_MANUALLY,maybe,Use as an individually transformable Node2D/Sprite2D object; visual-only.,,True
pvg_obj_central_security_review_tech9_5_0635,central_security,CS_1480,res://assets/tilesets/cyber_city_core_tilesets/CyberCity_CentralSecurity_Tiles/CyberCity_CentralSecurity_Tiles_1/CyberCity_CentralSecurity_Tiles_1/Tech9_5.png,Tech9_5.png,79,73,review,ReviewObjects,-40,1.0,VISIBLE_ALPHA_CENTER,REVIEW_MANUALLY,maybe,Use as an individually transformable Node2D/Sprite2D object; visual-only.,,True
pvg_obj_central_security_review_tech9_6_0636,central_security,CS_1481,res://assets/tilesets/cyber_city_core_tilesets/CyberCity_CentralSecurity_Tiles/CyberCity_CentralSecurity_Tiles_1/CyberCity_CentralSecurity_Tiles_1/Tech9_6.png,Tech9_6.png,79,74,review,ReviewObjects,-40,1.0,VISIBLE_ALPHA_CENTER,REVIEW_MANUALLY,maybe,Use as an individually transformable Node2D/Sprite2D object; visual-only.,,True
pvg_obj_central_security_review_tech9_7_0637,central_security,CS_1482,res://assets/tilesets/cyber_city_core_tilesets/CyberCity_CentralSecurity_Tiles/CyberCity_CentralSecurity_Tiles_1/CyberCity_CentralSecurity_Tiles_1/Tech9_7.png,Tech9_7.png,79,76,review,ReviewObjects,-40,1.0,VISIBLE_ALPHA_CENTER,REVIEW_MANUALLY,maybe,Use as an individually transformable Node2D/Sprite2D object; visual-only.,,True
pvg_obj_central_security_review_tech9_8_0646,central_security,CS_1483,res://assets/tilesets/cyber_city_core_tilesets/CyberCity_CentralSecurity_Tiles/CyberCity_CentralSecurity_Tiles_1/CyberCity_CentralSecurity_Tiles_1/Tech9_8.png,Tech9_8.png,79,81,review,ReviewObjects,-40,1.0,VISIBLE_ALPHA_CENTER,REVIEW_MANUALLY,maybe,Use as an individually transformable Node2D/Sprite2D object; visual-only.,,True
pvg_obj_central_security_review_tires1_1_0676,central_security,CS_1500,res://assets/tilesets/cyber_city_core_tilesets/CyberCity_CentralSecurity_Tiles/CyberCity_CentralSecurity_Tiles_1/CyberCity_CentralSecurity_Tiles_1/Tires1_1.png,Tires1_1.png,93,80,review,ReviewObjects,-40,1.0,VISIBLE_ALPHA_CENTER,REVIEW_MANUALLY,maybe,Use as an individually transformable Node2D/Sprite2D object; visual-only.,,True
pvg_obj_central_security_review_tires1_2_0647,central_security,CS_1501,res://assets/tilesets/cyber_city_core_tilesets/CyberCity_CentralSecurity_Tiles/CyberCity_CentralSecurity_Tiles_1/CyberCity_CentralSecurity_Tiles_1/Tires1_2.png,Tires1_2.png,64,82,review,ReviewObjects,-40,1.0,VISIBLE_ALPHA_CENTER,REVIEW_MANUALLY,maybe,Use as an individually transformable Node2D/Sprite2D object; visual-only.,,True
pvg_obj_central_security_review_tires1_5_0649,central_security,CS_1504,res://assets/tilesets/cyber_city_core_tilesets/CyberCity_CentralSecurity_Tiles/CyberCity_CentralSecurity_Tiles_1/CyberCity_CentralSecurity_Tiles_1/Tires1_5.png,Tires1_5.png,82,76,review,ReviewObjects,-40,1.0,VISIBLE_ALPHA_CENTER,REVIEW_MANUALLY,maybe,Use as an individually transformable Node2D/Sprite2D object; visual-only.,,True
pvg_obj_central_security_review_tires1_6_0671,central_security,CS_1505,res://assets/tilesets/cyber_city_core_tilesets/CyberCity_CentralSecurity_Tiles/CyberCity_CentralSecurity_Tiles_1/CyberCity_CentralSecurity_Tiles_1/Tires1_6.png,Tires1_6.png,87,88,review,ReviewObjects,-40,1.0,VISIBLE_ALPHA_CENTER,REVIEW_MANUALLY,maybe,Use as an individually transformable Node2D/Sprite2D object; visual-only.,,True
pvg_obj_central_security_review_tires1_7_0652,central_security,CS_1506,res://assets/tilesets/cyber_city_core_tilesets/CyberCity_CentralSecurity_Tiles/CyberCity_CentralSecurity_Tiles_1/CyberCity_CentralSecurity_Tiles_1/Tires1_7.png,Tires1_7.png,84,71,review,ReviewObjects,-40,1.0,VISIBLE_ALPHA_CENTER,REVIEW_MANUALLY,maybe,Use as an individually transformable Node2D/Sprite2D object; visual-only.,,True
pvg_obj_central_security_review_tires1_8_0670,central_security,CS_1507,res://assets/tilesets/cyber_city_core_tilesets/CyberCity_CentralSecurity_Tiles/CyberCity_CentralSecurity_Tiles_1/CyberCity_CentralSecurity_Tiles_1/Tires1_8.png,Tires1_8.png,86,88,review,ReviewObjects,-40,1.0,VISIBLE_ALPHA_CENTER,REVIEW_MANUALLY,maybe,Use as an individually transformable Node2D/Sprite2D object; visual-only.,,True
pvg_obj_central_security_review_tires2_1_0610,central_security,CS_1508,res://assets/tilesets/cyber_city_core_tilesets/CyberCity_CentralSecurity_Tiles/CyberCity_CentralSecurity_Tiles_1/CyberCity_CentralSecurity_Tiles_1/Tires2_1.png,Tires2_1.png,48,48,review,ReviewObjects,-40,1.0,VISIBLE_ALPHA_CENTER,REVIEW_MANUALLY,maybe,Use as an individually transformable Node2D/Sprite2D object; visual-only.,,True
pvg_obj_central_security_review_tires2_4_0611,central_security,CS_1511,res://assets/tilesets/cyber_city_core_tilesets/CyberCity_CentralSecurity_Tiles/CyberCity_CentralSecurity_Tiles_1/CyberCity_CentralSecurity_Tiles_1/Tires2_4.png,Tires2_4.png,48,48,review,ReviewObjects,-40,1.0,VISIBLE_ALPHA_CENTER,REVIEW_MANUALLY,maybe,Use as an individually transformable Node2D/Sprite2D object; visual-only.,,True
pvg_obj_central_security_review_tires2_6_0612,central_security,CS_1513,res://assets/tilesets/cyber_city_core_tilesets/CyberCity_CentralSecurity_Tiles/CyberCity_CentralSecurity_Tiles_1/CyberCity_CentralSecurity_Tiles_1/Tires2_6.png,Tires2_6.png,48,48,review,ReviewObjects,-40,1.0,VISIBLE_ALPHA_CENTER,REVIEW_MANUALLY,maybe,Use as an individually transformable Node2D/Sprite2D object; visual-only.,,True
pvg_obj_central_security_review_tires3_2_0618,central_security,CS_1517,res://assets/tilesets/cyber_city_core_tilesets/CyberCity_CentralSecurity_Tiles/CyberCity_CentralSecurity_Tiles_1/CyberCity_CentralSecurity_Tiles_1/Tires3_2.png,Tires3_2.png,50,65,review,ReviewObjects,-40,1.0,VISIBLE_ALPHA_CENTER,REVIEW_MANUALLY,maybe,Use as an individually transformable Node2D/Sprite2D object; visual-only.,,True
pvg_obj_central_security_review_tires3_4_0638,central_security,CS_1519,res://assets/tilesets/cyber_city_core_tilesets/CyberCity_CentralSecurity_Tiles/CyberCity_CentralSecurity_Tiles_1/CyberCity_CentralSecurity_Tiles_1/Tires3_4.png,Tires3_4.png,49,80,review,ReviewObjects,-40,1.0,VISIBLE_ALPHA_CENTER,REVIEW_MANUALLY,maybe,Use as an individually transformable Node2D/Sprite2D object; visual-only.,,True
pvg_obj_central_security_review_tires3_5_0639,central_security,CS_1520,res://assets/tilesets/cyber_city_core_tilesets/CyberCity_CentralSecurity_Tiles/CyberCity_CentralSecurity_Tiles_1/CyberCity_CentralSecurity_Tiles_1/Tires3_5.png,Tires3_5.png,80,58,review,ReviewObjects,-40,1.0,VISIBLE_ALPHA_CENTER,REVIEW_MANUALLY,maybe,Use as an individually transformable Node2D/Sprite2D object; visual-only.,,True
pvg_obj_central_security_review_tires3_6_0625,central_security,CS_1521,res://assets/tilesets/cyber_city_core_tilesets/CyberCity_CentralSecurity_Tiles/CyberCity_CentralSecurity_Tiles_1/CyberCity_CentralSecurity_Tiles_1/Tires3_6.png,Tires3_6.png,73,75,review,ReviewObjects,-40,1.0,VISIBLE_ALPHA_CENTER,REVIEW_MANUALLY,maybe,Use as an individually transformable Node2D/Sprite2D object; visual-only.,,True
pvg_obj_central_security_review_tires3_7_0629,central_security,CS_1522,res://assets/tilesets/cyber_city_core_tilesets/CyberCity_CentralSecurity_Tiles/CyberCity_CentralSecurity_Tiles_1/CyberCity_CentralSecurity_Tiles_1/Tires3_7.png,Tires3_7.png,77,63,review,ReviewObjects,-40,1.0,VISIBLE_ALPHA_CENTER,REVIEW_MANUALLY,maybe,Use as an individually transformable Node2D/Sprite2D object; visual-only.,,True
pvg_obj_central_security_review_tires3_8_0631,central_security,CS_1523,res://assets/tilesets/cyber_city_core_tilesets/CyberCity_CentralSecurity_Tiles/CyberCity_CentralSecurity_Tiles_1/CyberCity_CentralSecurity_Tiles_1/Tires3_8.png,Tires3_8.png,77,72,review,ReviewObjects,-40,1.0,VISIBLE_ALPHA_CENTER,REVIEW_MANUALLY,maybe,Use as an individually transformable Node2D/Sprite2D object; visual-only.,,True
pvg_obj_core_large_structure_building11_interior1_2_0051,core,pvg_tileset_atlas_building11_interior1_2_cd522ace,res://assets/tilesets/cyber_city_core_tilesets/CyberCity_Core_Tiles_1/CyberCity_Core_Tiles_1/Building11_Interior1_2.png,Building11_Interior1_2.png,750,875,large_structure,ReviewObjects,-140,0.65,VISIBLE_ALPHA_CENTER,REVIEW_MANUALLY,"no, baked perspective warning",Use as an individually transformable Node2D/Sprite2D object; visual-only.,"no, baked perspective warning",True
pvg_obj_core_large_structure_building11_interior1_4_0054,core,pvg_tileset_atlas_building11_interior1_4_bb710e8f,res://assets/tilesets/cyber_city_core_tilesets/CyberCity_Core_Tiles_1/CyberCity_Core_Tiles_1/Building11_Interior1_4.png,Building11_Interior1_4.png,746,861,large_structure,ReviewObjects,-140,0.65,VISIBLE_ALPHA_CENTER,REVIEW_MANUALLY,"no, baked perspective warning",Use as an individually transformable Node2D/Sprite2D object; visual-only.,"no, baked perspective warning",True
pvg_obj_core_large_structure_building13_2_0086,core,pvg_tileset_atlas_building13_2_47f24e7f,res://assets/tilesets/cyber_city_core_tilesets/CyberCity_Core_Tiles_1/CyberCity_Core_Tiles_1/Building13_2.png,Building13_2.png,768,899,large_structure,ReviewObjects,-140,0.65,VISIBLE_ALPHA_CENTER,REVIEW_MANUALLY,"no, baked perspective warning",Use as an individually transformable Node2D/Sprite2D object; visual-only.,"no, baked perspective warning",True
pvg_obj_core_large_structure_building13_3_0076,core,pvg_tileset_atlas_building13_3_2ed86694,res://assets/tilesets/cyber_city_core_tilesets/CyberCity_Core_Tiles_1/CyberCity_Core_Tiles_1/Building13_3.png,Building13_3.png,784,890,large_structure,ReviewObjects,-140,0.65,VISIBLE_ALPHA_CENTER,REVIEW_MANUALLY,"no, baked perspective warning",Use as an individually transformable Node2D/Sprite2D object; visual-only.,"no, baked perspective warning",True
pvg_obj_core_large_structure_building_interior1_1_0042,core,pvg_tileset_atlas_building_interior1_1_e88baac6,res://assets/tilesets/cyber_city_core_tilesets/CyberCity_Core_Tiles_1/CyberCity_Core_Tiles_1/Building_Interior1_1.png,Building_Interior1_1.png,1088,910,large_structure,ReviewObjects,-140,0.5,VISIBLE_ALPHA_CENTER,REVIEW_MANUALLY,"no, baked perspective warning",Use as an individually transformable Node2D/Sprite2D object; visual-only.,"no, baked perspective warning",True
pvg_obj_core_large_structure_building_interior1_2_0044,core,pvg_tileset_atlas_building_interior1_2_f3b6f01d,res://assets/tilesets/cyber_city_core_tilesets/CyberCity_Core_Tiles_1/CyberCity_Core_Tiles_1/Building_Interior1_2.png,Building_Interior1_2.png,1088,911,large_structure,ReviewObjects,-140,0.5,VISIBLE_ALPHA_CENTER,REVIEW_MANUALLY,"no, baked perspective warning",Use as an individually transformable Node2D/Sprite2D object; visual-only.,"no, baked perspective warning",True
pvg_obj_core_large_structure_building_interior1_3_0045,core,pvg_tileset_atlas_building_interior1_3_78b46bab,res://assets/tilesets/cyber_city_core_tilesets/CyberCity_Core_Tiles_1/CyberCity_Core_Tiles_1/Building_Interior1_3.png,Building_Interior1_3.png,1088,901,large_structure,ReviewObjects,-140,0.5,VISIBLE_ALPHA_CENTER,REVIEW_MANUALLY,"no, baked perspective warning",Use as an individually transformable Node2D/Sprite2D object; visual-only.,"no, baked perspective warning",True
pvg_obj_core_large_structure_building_interior1_4_0043,core,pvg_tileset_atlas_building_interior1_4_6bed87f1,res://assets/tilesets/cyber_city_core_tilesets/CyberCity_Core_Tiles_1/CyberCity_Core_Tiles_1/Building_Interior1_4.png,Building_Interior1_4.png,1088,911,large_structure,ReviewObjects,-140,0.5,VISIBLE_ALPHA_CENTER,REVIEW_MANUALLY,"no, baked perspective warning",Use as an individually transformable Node2D/Sprite2D object; visual-only.,"no, baked perspective warning",True
pvg_obj_core_large_structure_building_interior3_1_0077,core,pvg_tileset_atlas_building_interior3_1_78683d9c,res://assets/tilesets/cyber_city_core_tilesets/CyberCity_Core_Tiles_1/CyberCity_Core_Tiles_1/Building_Interior3_1.png,Building_Interior3_1.png,879,876,large_structure,ReviewObjects,-140,0.65,VISIBLE_ALPHA_CENTER,REVIEW_MANUALLY,"no, baked perspective warning",Use as an individually transformable Node2D/Sprite2D object; visual-only.,"no, baked perspective warning",True
pvg_obj_core_large_structure_building_interior3_2_0079,core,pvg_tileset_atlas_building_interior3_2_a3e73353,res://assets/tilesets/cyber_city_core_tilesets/CyberCity_Core_Tiles_1/CyberCity_Core_Tiles_1/Building_Interior3_2.png,Building_Interior3_2.png,984,804,large_structure,ReviewObjects,-140,0.65,VISIBLE_ALPHA_CENTER,REVIEW_MANUALLY,"no, baked perspective warning",Use as an individually transformable Node2D/Sprite2D object; visual-only.,"no, baked perspective warning",True
pvg_obj_core_large_structure_building_interior3_3_0083,core,pvg_tileset_atlas_building_interior3_3_8447fe3d,res://assets/tilesets/cyber_city_core_tilesets/CyberCity_Core_Tiles_1/CyberCity_Core_Tiles_1/Building_Interior3_3.png,Building_Interior3_3.png,880,879,large_structure,ReviewObjects,-140,0.65,VISIBLE_ALPHA_CENTER,REVIEW_MANUALLY,"no, baked perspective warning",Use as an individually transformable Node2D/Sprite2D object; visual-only.,"no, baked perspective warning",True
pvg_obj_core_large_structure_building_interior3_4_0081,core,pvg_tileset_atlas_building_interior3_4_9333f7d1,res://assets/tilesets/cyber_city_core_tilesets/CyberCity_Core_Tiles_1/CyberCity_Core_Tiles_1/Building_Interior3_4.png,Building_Interior3_4.png,985,804,large_structure,ReviewObjects,-140,0.65,VISIBLE_ALPHA_CENTER,REVIEW_MANUALLY,"no, baked perspective warning",Use as an individually transformable Node2D/Sprite2D object; visual-only.,"no, baked perspective warning",True
