icon_id,source_set,source_png_path,source_filename,source_type,atlas_region_rect,width,height,visible_bbox,transparent_percentage,quality_classification,primary_category,recommended_uses,recommended_ui_control,recommended_dock_asset_type,recommended_world_container,recommended_default_world_scale,recommended_z_index_role,notes,warnings
pvg_icon_cyber_city_icons_cyber_accessory_10_female_aa10aeea,cyber_city_icons,res://assets/tilesets/cyber_city_core_tilesets/Store_Items/CyberCity_Icons/CyberCity_Icons/Accessory_10_Female.png,Accessory_10_Female.png,individual_png,,512,512,"[131, 2, 429, 508]",85.656,READY_BOTH,cyber,"[""scheme_card"", ""screen_graphic"", ""world_decal""]",TextureRect,icon_both,OccludableIcons,0.5,90,"Iconography asset; use for UI, badges, decals, signage, screen graphics, or markers.",
pvg_icon_cyber_city_icons_cyber_accessory_10_male_c6399393,cyber_city_icons,res://assets/tilesets/cyber_city_core_tilesets/Store_Items/CyberCity_Icons/CyberCity_Icons/Accessory_10_Male.png,Accessory_10_Male.png,individual_png,,512,512,"[85, 10, 393, 508]",84.352,READY_BOTH,cyber,"[""scheme_card"", ""screen_graphic"", ""world_decal""]",TextureRect,icon_both,OccludableIcons,0.5,90,"Iconography asset; use for UI, badges, decals, signage, screen graphics, or markers.",
pvg_icon_cyber_city_icons_cyber_accessory_11_female_1ac6291a,cyber_city_icons,res://assets/tilesets/cyber_city_core_tilesets/Store_Items/CyberCity_Icons/CyberCity_Icons/Accessory_11_Female.png,Accessory_11_Female.png,individual_png,,512,512,"[209, 6, 369, 508]",85.211,READY_BOTH,cyber,"[""scheme_card"", ""screen_graphic"", ""world_decal""]",TextureRect,icon_both,OccludableIcons,0.5,90,"Iconography asset; use for UI, badges, decals, signage, screen graphics, or markers.",
pvg_icon_cyber_city_icons_cyber_accessory_11_male_90235adf,cyber_city_icons,res://assets/tilesets/cyber_city_core_tilesets/Store_Items/CyberCity_Icons/CyberCity_Icons/Accessory_11_Male.png,Accessory_11_Male.png,individual_png,,512,512,"[171, 2, 346, 507]",83.689,READY_BOTH,cyber,"[""scheme_card"", ""screen_graphic"", ""world_decal""]",TextureRect,icon_both,OccludableIcons,0.5,90,"Iconography asset; use for UI, badges, decals, signage, screen graphics, or markers.",
pvg_icon_cyber_city_icons_cyber_accessory_12_female_5be7e731,cyber_city_icons,res://assets/tilesets/cyber_city_core_tilesets/Store_Items/CyberCity_Icons/CyberCity_Icons/Accessory_12_Female.png,Accessory_12_Female.png,individual_png,,512,512,"[165, 1, 295, 507]",86.818,READY_BOTH,cyber,"[""scheme_card"", ""screen_graphic"", ""world_decal""]",TextureRect,icon_both,OccludableIcons,0.5,90,"Iconography asset; use for UI, badges, decals, signage, screen graphics, or markers.",
pvg_icon_cyber_city_icons_cyber_accessory_12_male_a0e7311c,cyber_city_icons,res://assets/tilesets/cyber_city_core_tilesets/Store_Items/CyberCity_Icons/CyberCity_Icons/Accessory_12_Male.png,Accessory_12_Male.png,individual_png,,512,512,"[164, 4, 318, 504]",85.738,READY_BOTH,cyber,"[""scheme_card"", ""screen_graphic"", ""world_decal""]",TextureRect,icon_both,OccludableIcons,0.5,90,"Iconography asset; use for UI, badges, decals, signage, screen graphics, or markers.",
pvg_icon_cyber_city_icons_cyber_accessory_13_female_5b0d9a0e,cyber_city_icons,res://assets/tilesets/cyber_city_core_tilesets/Store_Items/CyberCity_Icons/CyberCity_Icons/Accessory_13_Female.png,Accessory_13_Female.png,individual_png,,512,512,"[71, 17, 390, 489]",61.619,READY_BOTH,cyber,"[""scheme_card"", ""screen_graphic"", ""world_decal""]",TextureRect,icon_both,OccludableIcons,0.5,90,"Iconography asset; use for UI, badges, decals, signage, screen graphics, or markers.",
pvg_icon_cyber_city_icons_cyber_accessory_13_male_d6a3f949,cyber_city_icons,res://assets/tilesets/cyber_city_core_tilesets/Store_Items/CyberCity_Icons/CyberCity_Icons/Accessory_13_Male.png,Accessory_13_Male.png,individual_png,,512,512,"[82, 35, 380, 475]",67.474,READY_BOTH,cyber,"[""scheme_card"", ""screen_graphic"", ""world_decal""]",TextureRect,icon_both,OccludableIcons,0.5,90,"Iconography asset; use for UI, badges, decals, signage, screen graphics, or markers.",
pvg_icon_cyber_city_icons_cyber_accessory_14_female_db6dcde8,cyber_city_icons,res://assets/tilesets/cyber_city_core_tilesets/Store_Items/CyberCity_Icons/CyberCity_Icons/Accessory_14_Female.png,Accessory_14_Female.png,individual_png,,512,512,"[93, 9, 406, 501]",60.274,READY_BOTH,cyber,"[""scheme_card"", ""screen_graphic"", ""world_decal""]",TextureRect,icon_both,OccludableIcons,0.5,90,"Iconography asset; use for UI, badges, decals, signage, screen graphics, or markers.",
pvg_icon_cyber_city_icons_cyber_accessory_14_male_728a80c5,cyber_city_icons,res://assets/tilesets/cyber_city_core_tilesets/Store_Items/CyberCity_Icons/CyberCity_Icons/Accessory_14_Male.png,Accessory_14_Male.png,individual_png,,512,512,"[57, 11, 400, 508]",58.654,READY_BOTH,cyber,"[""scheme_card"", ""screen_graphic"", ""world_decal""]",TextureRect,icon_both,OccludableIcons,0.5,90,"Iconography asset; use for UI, badges, decals, signage, screen graphics, or markers.",
pvg_icon_cyber_city_icons_cyber_accessory_1_female_4522902d,cyber_city_icons,res://assets/tilesets/cyber_city_core_tilesets/Store_Items/CyberCity_Icons/CyberCity_Icons/Accessory_1_Female.png,Accessory_1_Female.png,individual_png,,512,512,"[44, 22, 479, 491]",79.959,READY_BOTH,cyber,"[""scheme_card"", ""screen_graphic"", ""world_decal""]",TextureRect,icon_both,OccludableIcons,0.5,90,"Iconography asset; use for UI, badges, decals, signage, screen graphics, or markers.",
pvg_icon_cyber_city_icons_cyber_accessory_1_male_1ccd7e03,cyber_city_icons,res://assets/tilesets/cyber_city_core_tilesets/Store_Items/CyberCity_Icons/CyberCity_Icons/Accessory_1_Male.png,Accessory_1_Male.png,individual_png,,512,512,"[67, 41, 468, 445]",83.591,READY_BOTH,cyber,"[""scheme_card"", ""screen_graphic"", ""world_decal""]",TextureRect,icon_both,OccludableIcons,0.5,90,"Iconography asset; use for UI, badges, decals, signage, screen graphics, or markers.",
pvg_icon_cyber_city_icons_cyber_accessory_2_female_26415861,cyber_city_icons,res://assets/tilesets/cyber_city_core_tilesets/Store_Items/CyberCity_Icons/CyberCity_Icons/Accessory_2_Female.png,Accessory_2_Female.png,individual_png,,512,512,"[89, 5, 385, 507]",85.907,READY_BOTH,cyber,"[""scheme_card"", ""screen_graphic"", ""world_decal""]",TextureRect,icon_both,OccludableIcons,0.5,90,"Iconography asset; use for UI, badges, decals, signage, screen graphics, or markers.",
pvg_icon_cyber_city_icons_cyber_accessory_2_male_2abd7613,cyber_city_icons,res://assets/tilesets/cyber_city_core_tilesets/Store_Items/CyberCity_Icons/CyberCity_Icons/Accessory_2_Male.png,Accessory_2_Male.png,individual_png,,512,512,"[46, 12, 406, 502]",84.141,READY_BOTH,cyber,"[""scheme_card"", ""screen_graphic"", ""world_decal""]",TextureRect,icon_both,OccludableIcons,0.5,90,"Iconography asset; use for UI, badges, decals, signage, screen graphics, or markers.",
pvg_icon_cyber_city_icons_cyber_accessory_3_female_6b244d2e,cyber_city_icons,res://assets/tilesets/cyber_city_core_tilesets/Store_Items/CyberCity_Icons/CyberCity_Icons/Accessory_3_Female.png,Accessory_3_Female.png,individual_png,,512,512,"[166, 4, 331, 509]",85.136,READY_BOTH,cyber,"[""scheme_card"", ""screen_graphic"", ""world_decal""]",TextureRect,icon_both,OccludableIcons,0.5,90,"Iconography asset; use for UI, badges, decals, signage, screen graphics, or markers.",
pvg_icon_cyber_city_icons_cyber_accessory_3_male_f0b5813f,cyber_city_icons,res://assets/tilesets/cyber_city_core_tilesets/Store_Items/CyberCity_Icons/CyberCity_Icons/Accessory_3_Male.png,Accessory_3_Male.png,individual_png,,512,512,"[195, 2, 367, 501]",84.041,READY_BOTH,cyber,"[""scheme_card"", ""screen_graphic"", ""world_decal""]",TextureRect,icon_both,OccludableIcons,0.5,90,"Iconography asset; use for UI, badges, decals, signage, screen graphics, or markers.",
pvg_icon_cyber_city_icons_cyber_accessory_4_female_da687191,cyber_city_icons,res://assets/tilesets/cyber_city_core_tilesets/Store_Items/CyberCity_Icons/CyberCity_Icons/Accessory_4_Female.png,Accessory_4_Female.png,individual_png,,512,512,"[184, 5, 313, 506]",87.17,READY_BOTH,cyber,"[""scheme_card"", ""screen_graphic"", ""world_decal""]",TextureRect,icon_both,OccludableIcons,0.5,90,"Iconography asset; use for UI, badges, decals, signage, screen graphics, or markers.",
pvg_icon_cyber_city_icons_cyber_accessory_4_male_9115471e,cyber_city_icons,res://assets/tilesets/cyber_city_core_tilesets/Store_Items/CyberCity_Icons/CyberCity_Icons/Accessory_4_Male.png,Accessory_4_Male.png,individual_png,,512,512,"[152, 2, 305, 498]",86.117,READY_BOTH,cyber,"[""scheme_card"", ""screen_graphic"", ""world_decal""]",TextureRect,icon_both,OccludableIcons,0.5,90,"Iconography asset; use for UI, badges, decals, signage, screen graphics, or markers.",
pvg_icon_cyber_city_icons_cyber_accessory_5_female_3d0f50a8,cyber_city_icons,res://assets/tilesets/cyber_city_core_tilesets/Store_Items/CyberCity_Icons/CyberCity_Icons/Accessory_5_Female.png,Accessory_5_Female.png,individual_png,,512,512,"[94, 15, 407, 478]",65.541,READY_BOTH,cyber,"[""scheme_card"", ""screen_graphic"", ""world_decal""]",TextureRect,icon_both,OccludableIcons,0.5,90,"Iconography asset; use for UI, badges, decals, signage, screen graphics, or markers.",
pvg_icon_cyber_city_icons_cyber_accessory_5_male_83a89aba,cyber_city_icons,res://assets/tilesets/cyber_city_core_tilesets/Store_Items/CyberCity_Icons/CyberCity_Icons/Accessory_5_Male.png,Accessory_5_Male.png,individual_png,,512,512,"[93, 39, 401, 477]",68.393,READY_BOTH,cyber,"[""scheme_card"", ""screen_graphic"", ""world_decal""]",TextureRect,icon_both,OccludableIcons,0.5,90,"Iconography asset; use for UI, badges, decals, signage, screen graphics, or markers.",
pvg_icon_cyber_city_icons_cyber_accessory_6_6c8a4091,cyber_city_icons,res://assets/tilesets/cyber_city_core_tilesets/Store_Items/CyberCity_Icons/CyberCity_Icons/Accessory_6.png,Accessory_6.png,individual_png,,512,512,"[67, 26, 464, 445]",84.555,READY_BOTH,cyber,"[""scheme_card"", ""screen_graphic"", ""world_decal""]",TextureRect,icon_both,OccludableIcons,0.5,90,"Iconography asset; use for UI, badges, decals, signage, screen graphics, or markers.",
pvg_icon_cyber_city_icons_cyber_accessory_7_f51c0a3c,cyber_city_icons,res://assets/tilesets/cyber_city_core_tilesets/Store_Items/CyberCity_Icons/CyberCity_Icons/Accessory_7.png,Accessory_7.png,individual_png,,512,512,"[108, 10, 432, 506]",86.412,READY_BOTH,cyber,"[""scheme_card"", ""screen_graphic"", ""world_decal""]",TextureRect,icon_both,OccludableIcons,0.5,90,"Iconography asset; use for UI, badges, decals, signage, screen graphics, or markers.",
pvg_icon_cyber_city_icons_cyber_accessory_8_f6674ac3,cyber_city_icons,res://assets/tilesets/cyber_city_core_tilesets/Store_Items/CyberCity_Icons/CyberCity_Icons/Accessory_8.png,Accessory_8.png,individual_png,,512,512,"[70, 147, 357, 407]",82.77,READY_BOTH,cyber,"[""scheme_card"", ""screen_graphic"", ""world_decal""]",TextureRect,icon_both,OccludableIcons,0.5,90,"Iconography asset; use for UI, badges, decals, signage, screen graphics, or markers.",
pvg_icon_cyber_city_icons_cyber_accessory_9_female_a28f3b19,cyber_city_icons,res://assets/tilesets/cyber_city_core_tilesets/Store_Items/CyberCity_Icons/CyberCity_Icons/Accessory_9_Female.png,Accessory_9_Female.png,individual_png,,512,512,"[46, 16, 472, 477]",80.949,READY_BOTH,cyber,"[""scheme_card"", ""screen_graphic"", ""world_decal""]",TextureRect,icon_both,OccludableIcons,0.5,90,"Iconography asset; use for UI, badges, decals, signage, screen graphics, or markers.",
pvg_icon_cyber_city_icons_cyber_accessory_9_male_b970d205,cyber_city_icons,res://assets/tilesets/cyber_city_core_tilesets/Store_Items/CyberCity_Icons/CyberCity_Icons/Accessory_9_Male.png,Accessory_9_Male.png,individual_png,,512,512,"[51, 15, 486, 480]",77.306,READY_BOTH,cyber,"[""scheme_card"", ""screen_graphic"", ""world_decal""]",TextureRect,icon_both,OccludableIcons,0.5,90,"Iconography asset; use for UI, badges, decals, signage, screen graphics, or markers.",
pvg_icon_cyber_city_icons_cyber_ad_1_45186fe3,cyber_city_icons,res://assets/tilesets/cyber_city_core_tilesets/Store_Items/CyberCity_Icons/CyberCity_Icons/Ad_1.png,Ad_1.png,individual_png,,512,512,"[120, 7, 383, 503]",57.685,READY_BOTH,cyber,"[""scheme_card"", ""screen_graphic"", ""world_decal""]",TextureRect,icon_both,OccludableIcons,0.5,90,"Iconography asset; use for UI, badges, decals, signage, screen graphics, or markers.",
pvg_icon_cyber_city_icons_cyber_ad_2_b68eb5e2,cyber_city_icons,res://assets/tilesets/cyber_city_core_tilesets/Store_Items/CyberCity_Icons/CyberCity_Icons/Ad_2.png,Ad_2.png,individual_png,,512,512,"[158, 3, 322, 494]",74.852,READY_BOTH,cyber,"[""scheme_card"", ""screen_graphic"", ""world_decal""]",TextureRect,icon_both,OccludableIcons,0.5,90,"Iconography asset; use for UI, badges, decals, signage, screen graphics, or markers.",
pvg_icon_cyber_city_icons_cyber_ad_3_ed07739e,cyber_city_icons,res://assets/tilesets/cyber_city_core_tilesets/Store_Items/CyberCity_Icons/CyberCity_Icons/Ad_3.png,Ad_3.png,individual_png,,512,512,"[163, 9, 325, 493]",73.797,READY_BOTH,cyber,"[""scheme_card"", ""screen_graphic"", ""world_decal""]",TextureRect,icon_both,OccludableIcons,0.5,90,"Iconography asset; use for UI, badges, decals, signage, screen graphics, or markers.",
pvg_icon_cyber_city_icons_cyber_ad_4_9e8f4329,cyber_city_icons,res://assets/tilesets/cyber_city_core_tilesets/Store_Items/CyberCity_Icons/CyberCity_Icons/Ad_4.png,Ad_4.png,individual_png,,512,512,"[42, 53, 481, 427]",45.638,READY_BOTH,cyber,"[""scheme_card"", ""screen_graphic"", ""world_decal""]",TextureRect,icon_both,OccludableIcons,0.5,90,"Iconography asset; use for UI, badges, decals, signage, screen graphics, or markers.",
pvg_icon_cyber_city_icons_cyber_ad_5_1ed6d1d4,cyber_city_icons,res://assets/tilesets/cyber_city_core_tilesets/Store_Items/CyberCity_Icons/CyberCity_Icons/Ad_5.png,Ad_5.png,individual_png,,512,512,"[1, 59, 509, 452]",31.128,READY_BOTH,cyber,"[""scheme_card"", ""screen_graphic"", ""world_decal""]",TextureRect,icon_both,OccludableIcons,0.5,90,"Iconography asset; use for UI, badges, decals, signage, screen graphics, or markers.",
pvg_icon_cyber_city_icons_cyber_ad_6_23e59074,cyber_city_icons,res://assets/tilesets/cyber_city_core_tilesets/Store_Items/CyberCity_Icons/CyberCity_Icons/Ad_6.png,Ad_6.png,individual_png,,512,512,"[119, 10, 425, 498]",49.836,READY_BOTH,cyber,"[""scheme_card"", ""screen_graphic"", ""world_decal""]",TextureRect,icon_both,OccludableIcons,0.5,90,"Iconography asset; use for UI, badges, decals, signage, screen graphics, or markers.",
pvg_icon_cyber_city_icons_cyber_ad_7_a807bdaa,cyber_city_icons,res://assets/tilesets/cyber_city_core_tilesets/Store_Items/CyberCity_Icons/CyberCity_Icons/Ad_7.png,Ad_7.png,individual_png,,512,512,"[2, 107, 506, 379]",54.716,READY_BOTH,cyber,"[""scheme_card"", ""screen_graphic"", ""world_decal""]",TextureRect,icon_both,OccludableIcons,0.5,90,"Iconography asset; use for UI, badges, decals, signage, screen graphics, or markers.",
pvg_icon_cyber_city_icons_cyber_ad_8_7f44dcfd,cyber_city_icons,res://assets/tilesets/cyber_city_core_tilesets/Store_Items/CyberCity_Icons/CyberCity_Icons/Ad_8.png,Ad_8.png,individual_png,,512,512,"[6, 107, 495, 376]",69.384,READY_BOTH,cyber,"[""scheme_card"", ""screen_graphic"", ""world_decal""]",TextureRect,icon_both,OccludableIcons,0.5,90,"Iconography asset; use for UI, badges, decals, signage, screen graphics, or markers.",
pvg_icon_cyber_city_icons_cyber_ad_9_45ddcae6,cyber_city_icons,res://assets/tilesets/cyber_city_core_tilesets/Store_Items/CyberCity_Icons/CyberCity_Icons/Ad_9.png,Ad_9.png,individual_png,,512,512,"[139, 11, 385, 509]",60.403,READY_BOTH,cyber,"[""scheme_card"", ""screen_graphic"", ""world_decal""]",TextureRect,icon_both,OccludableIcons,0.5,90,"Iconography asset; use for UI, badges, decals, signage, screen graphics, or markers.",
pvg_icon_cyber_city_icons_cyber_ammomagazine_1_c562f355,cyber_city_icons,res://assets/tilesets/cyber_city_core_tilesets/Store_Items/CyberCity_Icons/CyberCity_Icons/AmmoMagazine_1.png,AmmoMagazine_1.png,individual_png,,512,512,"[37, 19, 407, 494]",55.805,READY_BOTH,cyber,"[""scheme_card"", ""screen_graphic"", ""world_decal""]",TextureRect,icon_both,OccludableIcons,0.5,90,"Iconography asset; use for UI, badges, decals, signage, screen graphics, or markers.",
pvg_icon_cyber_city_icons_cyber_ammomagazine_2_7e2b5548,cyber_city_icons,res://assets/tilesets/cyber_city_core_tilesets/Store_Items/CyberCity_Icons/CyberCity_Icons/AmmoMagazine_2.png,AmmoMagazine_2.png,individual_png,,512,512,"[127, 5, 342, 499]",74.495,READY_BOTH,cyber,"[""scheme_card"", ""screen_graphic"", ""world_decal""]",TextureRect,icon_both,OccludableIcons,0.5,90,"Iconography asset; use for UI, badges, decals, signage, screen graphics, or markers.",
pvg_icon_cyber_city_icons_cyber_analyzer_1_894c63b0,cyber_city_icons,res://assets/tilesets/cyber_city_core_tilesets/Store_Items/CyberCity_Icons/CyberCity_Icons/Analyzer_1.png,Analyzer_1.png,individual_png,,512,512,"[37, 76, 493, 453]",44.332,READY_BOTH,cyber,"[""scheme_card"", ""screen_graphic"", ""world_decal""]",TextureRect,icon_both,OccludableIcons,0.5,90,"Iconography asset; use for UI, badges, decals, signage, screen graphics, or markers.",
pvg_icon_cyber_city_icons_cyber_anatomyscans_1_074fcf4b,cyber_city_icons,res://assets/tilesets/cyber_city_core_tilesets/Store_Items/CyberCity_Icons/CyberCity_Icons/AnatomyScans_1.png,AnatomyScans_1.png,individual_png,,512,512,"[107, 10, 388, 501]",54.087,READY_BOTH,cyber,"[""scheme_card"", ""screen_graphic"", ""world_decal""]",TextureRect,icon_both,OccludableIcons,0.5,90,"Iconography asset; use for UI, badges, decals, signage, screen graphics, or markers.",
pvg_icon_cyber_city_icons_cyber_anatonyscans_2_5cf1d900,cyber_city_icons,res://assets/tilesets/cyber_city_core_tilesets/Store_Items/CyberCity_Icons/CyberCity_Icons/AnatonyScans_2.png,AnatonyScans_2.png,individual_png,,512,512,"[27, 18, 480, 500]",35.35,READY_BOTH,cyber,"[""scheme_card"", ""screen_graphic"", ""world_decal""]",TextureRect,icon_both,OccludableIcons,0.5,90,"Iconography asset; use for UI, badges, decals, signage, screen graphics, or markers.",
pvg_icon_cyber_city_icons_cyber_antiquebox_1_c36f301e,cyber_city_icons,res://assets/tilesets/cyber_city_core_tilesets/Store_Items/CyberCity_Icons/CyberCity_Icons/AntiqueBox_1.png,AntiqueBox_1.png,individual_png,,512,512,"[99, 6, 405, 511]",61.55,READY_BOTH,cyber,"[""scheme_card"", ""screen_graphic"", ""world_decal""]",TextureRect,icon_both,OccludableIcons,0.5,90,"Iconography asset; use for UI, badges, decals, signage, screen graphics, or markers.",
pvg_icon_cyber_city_icons_cyber_antiquevase_1_6ea3f854,cyber_city_icons,res://assets/tilesets/cyber_city_core_tilesets/Store_Items/CyberCity_Icons/CyberCity_Icons/AntiqueVase_1.png,AntiqueVase_1.png,individual_png,,512,512,"[74, 45, 418, 491]",60.127,READY_BOTH,cyber,"[""scheme_card"", ""screen_graphic"", ""world_decal""]",TextureRect,icon_both,OccludableIcons,0.5,90,"Iconography asset; use for UI, badges, decals, signage, screen graphics, or markers.",
pvg_icon_cyber_city_icons_cyber_antiquevase_2_4e42318a,cyber_city_icons,res://assets/tilesets/cyber_city_core_tilesets/Store_Items/CyberCity_Icons/CyberCity_Icons/AntiqueVase_2.png,AntiqueVase_2.png,individual_png,,512,512,"[125, 4, 374, 499]",75.137,READY_BOTH,cyber,"[""scheme_card"", ""screen_graphic"", ""world_decal""]",TextureRect,icon_both,OccludableIcons,0.5,90,"Iconography asset; use for UI, badges, decals, signage, screen graphics, or markers.",
pvg_icon_cyber_city_icons_cyber_antiquevase_3_d5362ba1,cyber_city_icons,res://assets/tilesets/cyber_city_core_tilesets/Store_Items/CyberCity_Icons/CyberCity_Icons/AntiqueVase_3.png,AntiqueVase_3.png,individual_png,,512,512,"[126, 2, 417, 509]",65.302,READY_BOTH,cyber,"[""scheme_card"", ""screen_graphic"", ""world_decal""]",TextureRect,icon_both,OccludableIcons,0.5,90,"Iconography asset; use for UI, badges, decals, signage, screen graphics, or markers.",
pvg_icon_cyber_city_icons_cyber_arcade_1_ee797cc7,cyber_city_icons,res://assets/tilesets/cyber_city_core_tilesets/Store_Items/CyberCity_Icons/CyberCity_Icons/Arcade_1.png,Arcade_1.png,individual_png,,512,512,"[52, 1, 400, 509]",50.27,READY_BOTH,cyber,"[""scheme_card"", ""screen_graphic"", ""world_decal""]",TextureRect,icon_both,OccludableIcons,0.5,90,"Iconography asset; use for UI, badges, decals, signage, screen graphics, or markers.",
pvg_icon_cyber_city_icons_cyber_arcade_2_9f31b3da,cyber_city_icons,res://assets/tilesets/cyber_city_core_tilesets/Store_Items/CyberCity_Icons/CyberCity_Icons/Arcade_2.png,Arcade_2.png,individual_png,,512,512,"[115, 10, 411, 508]",56.431,READY_BOTH,cyber,"[""scheme_card"", ""screen_graphic"", ""world_decal""]",TextureRect,icon_both,OccludableIcons,0.5,90,"Iconography asset; use for UI, badges, decals, signage, screen graphics, or markers.",
pvg_icon_cyber_city_icons_cyber_arcade_3_a17e25a5,cyber_city_icons,res://assets/tilesets/cyber_city_core_tilesets/Store_Items/CyberCity_Icons/CyberCity_Icons/Arcade_3.png,Arcade_3.png,individual_png,,512,512,"[129, 1, 349, 509]",64.413,READY_BOTH,cyber,"[""scheme_card"", ""screen_graphic"", ""world_decal""]",TextureRect,icon_both,OccludableIcons,0.5,90,"Iconography asset; use for UI, badges, decals, signage, screen graphics, or markers.",
pvg_icon_cyber_city_icons_cyber_arcade_4_ef416266,cyber_city_icons,res://assets/tilesets/cyber_city_core_tilesets/Store_Items/CyberCity_Icons/CyberCity_Icons/Arcade_4.png,Arcade_4.png,individual_png,,512,512,"[163, 2, 402, 509]",64.345,READY_BOTH,cyber,"[""scheme_card"", ""screen_graphic"", ""world_decal""]",TextureRect,icon_both,OccludableIcons,0.5,90,"Iconography asset; use for UI, badges, decals, signage, screen graphics, or markers.",
pvg_icon_cyber_city_icons_cyber_arcade_5_e92856c6,cyber_city_icons,res://assets/tilesets/cyber_city_core_tilesets/Store_Items/CyberCity_Icons/CyberCity_Icons/Arcade_5.png,Arcade_5.png,individual_png,,512,512,"[135, 3, 376, 509]",64.785,READY_BOTH,cyber,"[""scheme_card"", ""screen_graphic"", ""world_decal""]",TextureRect,icon_both,OccludableIcons,0.5,90,"Iconography asset; use for UI, badges, decals, signage, screen graphics, or markers.",
pvg_icon_cyber_city_icons_cyber_arcade_6_bb299736,cyber_city_icons,res://assets/tilesets/cyber_city_core_tilesets/Store_Items/CyberCity_Icons/CyberCity_Icons/Arcade_6.png,Arcade_6.png,individual_png,,512,512,"[123, 8, 405, 508]",55.825,READY_BOTH,cyber,"[""scheme_card"", ""screen_graphic"", ""world_decal""]",TextureRect,icon_both,OccludableIcons,0.5,90,"Iconography asset; use for UI, badges, decals, signage, screen graphics, or markers.",
pvg_icon_cyber_city_icons_cyber_bandplatform_1_66e139e8,cyber_city_icons,res://assets/tilesets/cyber_city_core_tilesets/Store_Items/CyberCity_Icons/CyberCity_Icons/BandPlatform_1.png,BandPlatform_1.png,individual_png,,512,512,"[3, 64, 511, 418]",79.146,READY_BOTH,cyber,"[""scheme_card"", ""screen_graphic"", ""world_decal""]",TextureRect,icon_both,OccludableIcons,0.5,90,"Iconography asset; use for UI, badges, decals, signage, screen graphics, or markers.",
pvg_icon_cyber_city_icons_cyber_barrel_1_7fe1f1d5,cyber_city_icons,res://assets/tilesets/cyber_city_core_tilesets/Store_Items/CyberCity_Icons/CyberCity_Icons/Barrel_1.png,Barrel_1.png,individual_png,,512,512,"[76, 7, 439, 506]",44.847,READY_BOTH,cyber,"[""scheme_card"", ""screen_graphic"", ""world_decal""]",TextureRect,icon_both,OccludableIcons,0.5,90,"Iconography asset; use for UI, badges, decals, signage, screen graphics, or markers.",
pvg_icon_cyber_city_icons_cyber_barrel_2_441b2da5,cyber_city_icons,res://assets/tilesets/cyber_city_core_tilesets/Store_Items/CyberCity_Icons/CyberCity_Icons/Barrel_2.png,Barrel_2.png,individual_png,,512,512,"[87, 5, 434, 508]",43.196,READY_BOTH,cyber,"[""scheme_card"", ""screen_graphic"", ""world_decal""]",TextureRect,icon_both,OccludableIcons,0.5,90,"Iconography asset; use for UI, badges, decals, signage, screen graphics, or markers.",
pvg_icon_cyber_city_icons_cyber_barrier_1_a379747e,cyber_city_icons,res://assets/tilesets/cyber_city_core_tilesets/Store_Items/CyberCity_Icons/CyberCity_Icons/Barrier_1.png,Barrier_1.png,individual_png,,512,512,"[26, 73, 478, 444]",87.197,READY_BOTH,cyber,"[""scheme_card"", ""screen_graphic"", ""world_decal""]",TextureRect,icon_both,OccludableIcons,0.5,90,"Iconography asset; use for UI, badges, decals, signage, screen graphics, or markers.",
pvg_icon_cyber_city_icons_cyber_barrier_2_94f54006,cyber_city_icons,res://assets/tilesets/cyber_city_core_tilesets/Store_Items/CyberCity_Icons/CyberCity_Icons/Barrier_2.png,Barrier_2.png,individual_png,,512,512,"[6, 111, 487, 460]",56.096,READY_BOTH,cyber,"[""scheme_card"", ""screen_graphic"", ""world_decal""]",TextureRect,icon_both,OccludableIcons,0.5,90,"Iconography asset; use for UI, badges, decals, signage, screen graphics, or markers.",
pvg_icon_cyber_city_icons_cyber_barrier_3_71f021ff,cyber_city_icons,res://assets/tilesets/cyber_city_core_tilesets/Store_Items/CyberCity_Icons/CyberCity_Icons/Barrier_3.png,Barrier_3.png,individual_png,,512,512,"[9, 39, 506, 452]",70.43,READY_BOTH,cyber,"[""scheme_card"", ""screen_graphic"", ""world_decal""]",TextureRect,icon_both,OccludableIcons,0.5,90,"Iconography asset; use for UI, badges, decals, signage, screen graphics, or markers.",
pvg_icon_cyber_city_icons_cyber_basket_1_df709b4a,cyber_city_icons,res://assets/tilesets/cyber_city_core_tilesets/Store_Items/CyberCity_Icons/CyberCity_Icons/Basket_1.png,Basket_1.png,individual_png,,512,512,"[36, 25, 504, 490]",45.881,READY_BOTH,cyber,"[""scheme_card"", ""screen_graphic"", ""world_decal""]",TextureRect,icon_both,OccludableIcons,0.5,90,"Iconography asset; use for UI, badges, decals, signage, screen graphics, or markers.",
pvg_icon_cyber_city_icons_cyber_beaker_1_789d68eb,cyber_city_icons,res://assets/tilesets/cyber_city_core_tilesets/Store_Items/CyberCity_Icons/CyberCity_Icons/Beaker_1.png,Beaker_1.png,individual_png,,512,512,"[117, 9, 391, 501]",66.214,READY_BOTH,cyber,"[""scheme_card"", ""screen_graphic"", ""world_decal""]",TextureRect,icon_both,OccludableIcons,0.5,90,"Iconography asset; use for UI, badges, decals, signage, screen graphics, or markers.",
pvg_icon_cyber_city_icons_cyber_beaker_2_298a81b0,cyber_city_icons,res://assets/tilesets/cyber_city_core_tilesets/Store_Items/CyberCity_Icons/CyberCity_Icons/Beaker_2.png,Beaker_2.png,individual_png,,512,512,"[130, 9, 401, 495]",66.871,READY_BOTH,cyber,"[""scheme_card"", ""screen_graphic"", ""world_decal""]",TextureRect,icon_both,OccludableIcons,0.5,90,"Iconography asset; use for UI, badges, decals, signage, screen graphics, or markers.",
pvg_icon_cyber_city_icons_cyber_beanbagchair_1_f065e4c4,cyber_city_icons,res://assets/tilesets/cyber_city_core_tilesets/Store_Items/CyberCity_Icons/CyberCity_Icons/BeanBagChair_1.png,BeanBagChair_1.png,individual_png,,512,512,"[16, 141, 491, 444]",59.1,READY_BOTH,cyber,"[""scheme_card"", ""screen_graphic"", ""world_decal""]",TextureRect,icon_both,OccludableIcons,0.5,90,"Iconography asset; use for UI, badges, decals, signage, screen graphics, or markers.",
pvg_icon_cyber_city_icons_cyber_bed_1_846b5ba7,cyber_city_icons,res://assets/tilesets/cyber_city_core_tilesets/Store_Items/CyberCity_Icons/CyberCity_Icons/Bed_1.png,Bed_1.png,individual_png,,512,512,"[4, 45, 505, 462]",52.076,READY_BOTH,cyber,"[""scheme_card"", ""screen_graphic"", ""world_decal""]",TextureRect,icon_both,OccludableIcons,0.5,90,"Iconography asset; use for UI, badges, decals, signage, screen graphics, or markers.",
pvg_icon_cyber_city_icons_cyber_bed_2_25b2aac3,cyber_city_icons,res://assets/tilesets/cyber_city_core_tilesets/Store_Items/CyberCity_Icons/CyberCity_Icons/Bed_2.png,Bed_2.png,individual_png,,512,512,"[3, 121, 503, 443]",64.16,READY_BOTH,cyber,"[""scheme_card"", ""screen_graphic"", ""world_decal""]",TextureRect,icon_both,OccludableIcons,0.5,90,"Iconography asset; use for UI, badges, decals, signage, screen graphics, or markers.",
pvg_icon_cyber_city_icons_cyber_bed_3_bd9fd9de,cyber_city_icons,res://assets/tilesets/cyber_city_core_tilesets/Store_Items/CyberCity_Icons/CyberCity_Icons/Bed_3.png,Bed_3.png,individual_png,,512,512,"[4, 131, 509, 419]",67.445,READY_BOTH,cyber,"[""scheme_card"", ""screen_graphic"", ""world_decal""]",TextureRect,icon_both,OccludableIcons,0.5,90,"Iconography asset; use for UI, badges, decals, signage, screen graphics, or markers.",
pvg_icon_cyber_city_icons_cyber_bed_4_e804a2e2,cyber_city_icons,res://assets/tilesets/cyber_city_core_tilesets/Store_Items/CyberCity_Icons/CyberCity_Icons/Bed_4.png,Bed_4.png,individual_png,,512,512,"[9, 89, 510, 416]",71.277,READY_BOTH,cyber,"[""scheme_card"", ""screen_graphic"", ""world_decal""]",TextureRect,icon_both,OccludableIcons,0.5,90,"Iconography asset; use for UI, badges, decals, signage, screen graphics, or markers.",
pvg_icon_cyber_city_icons_cyber_bed_5_4a9bdff3,cyber_city_icons,res://assets/tilesets/cyber_city_core_tilesets/Store_Items/CyberCity_Icons/CyberCity_Icons/Bed_5.png,Bed_5.png,individual_png,,512,512,"[2, 135, 507, 398]",67.429,READY_BOTH,cyber,"[""scheme_card"", ""screen_graphic"", ""world_decal""]",TextureRect,icon_both,OccludableIcons,0.5,90,"Iconography asset; use for UI, badges, decals, signage, screen graphics, or markers.",
pvg_icon_cyber_city_icons_cyber_bike_1_de49a430,cyber_city_icons,res://assets/tilesets/cyber_city_core_tilesets/Store_Items/CyberCity_Icons/CyberCity_Icons/Bike_1.png,Bike_1.png,individual_png,,512,512,"[31, 51, 504, 455]",78.303,READY_BOTH,cyber,"[""scheme_card"", ""screen_graphic"", ""world_decal""]",TextureRect,icon_both,OccludableIcons,0.5,90,"Iconography asset; use for UI, badges, decals, signage, screen graphics, or markers.",
pvg_icon_cyber_city_icons_cyber_bike_2_93113989,cyber_city_icons,res://assets/tilesets/cyber_city_core_tilesets/Store_Items/CyberCity_Icons/CyberCity_Icons/Bike_2.png,Bike_2.png,individual_png,,512,512,"[6, 36, 503, 431]",79.108,READY_BOTH,cyber,"[""scheme_card"", ""screen_graphic"", ""world_decal""]",TextureRect,icon_both,OccludableIcons,0.5,90,"Iconography asset; use for UI, badges, decals, signage, screen graphics, or markers.",
pvg_icon_cyber_city_icons_cyber_bike_3_25c47e79,cyber_city_icons,res://assets/tilesets/cyber_city_core_tilesets/Store_Items/CyberCity_Icons/CyberCity_Icons/Bike_3.png,Bike_3.png,individual_png,,512,512,"[14, 29, 504, 460]",75.801,READY_BOTH,cyber,"[""scheme_card"", ""screen_graphic"", ""world_decal""]",TextureRect,icon_both,OccludableIcons,0.5,90,"Iconography asset; use for UI, badges, decals, signage, screen graphics, or markers.",
pvg_icon_cyber_city_icons_security_biometricscanner_1_97f0522f,cyber_city_icons,res://assets/tilesets/cyber_city_core_tilesets/Store_Items/CyberCity_Icons/CyberCity_Icons/BiometricScanner_1.png,BiometricScanner_1.png,individual_png,,512,512,"[107, 25, 425, 473]",55.934,READY_BOTH,security,"[""security_indicator"", ""warning_indicator"", ""mission_board"", ""world_decal"", ""screen_graphic""]",TextureRect,icon_both,OccludableIcons,0.5,90,"Iconography asset; use for UI, badges, decals, signage, screen graphics, or markers.",
pvg_icon_cyber_city_icons_cyber_bluebarrel_1_56025aef,cyber_city_icons,res://assets/tilesets/cyber_city_core_tilesets/Store_Items/CyberCity_Icons/CyberCity_Icons/BlueBarrel_1.png,BlueBarrel_1.png,individual_png,,512,512,"[121, 22, 394, 493]",56.459,READY_BOTH,cyber,"[""scheme_card"", ""screen_graphic"", ""world_decal""]",TextureRect,icon_both,OccludableIcons,0.5,90,"Iconography asset; use for UI, badges, decals, signage, screen graphics, or markers.",
pvg_icon_cyber_city_icons_cyber_bomb_1_f3f80562,cyber_city_icons,res://assets/tilesets/cyber_city_core_tilesets/Store_Items/CyberCity_Icons/CyberCity_Icons/Bomb_1.png,Bomb_1.png,individual_png,,512,512,"[13, 64, 484, 453]",65.717,READY_BOTH,cyber,"[""scheme_card"", ""screen_graphic"", ""world_decal""]",TextureRect,icon_both,OccludableIcons,0.5,90,"Iconography asset; use for UI, badges, decals, signage, screen graphics, or markers.",
pvg_icon_cyber_city_icons_cyber_bomb_2_de8e0fa6,cyber_city_icons,res://assets/tilesets/cyber_city_core_tilesets/Store_Items/CyberCity_Icons/CyberCity_Icons/Bomb_2.png,Bomb_2.png,individual_png,,512,512,"[7, 78, 508, 442]",60.428,READY_BOTH,cyber,"[""scheme_card"", ""screen_graphic"", ""world_decal""]",TextureRect,icon_both,OccludableIcons,0.5,90,"Iconography asset; use for UI, badges, decals, signage, screen graphics, or markers.",
pvg_icon_cyber_city_icons_cyber_bomb_3_23e27253,cyber_city_icons,res://assets/tilesets/cyber_city_core_tilesets/Store_Items/CyberCity_Icons/CyberCity_Icons/Bomb_3.png,Bomb_3.png,individual_png,,512,512,"[4, 70, 500, 473]",42.93,READY_BOTH,cyber,"[""scheme_card"", ""screen_graphic"", ""world_decal""]",TextureRect,icon_both,OccludableIcons,0.5,90,"Iconography asset; use for UI, badges, decals, signage, screen graphics, or markers.",
pvg_icon_cyber_city_icons_cyber_bomb_4_d59c8295,cyber_city_icons,res://assets/tilesets/cyber_city_core_tilesets/Store_Items/CyberCity_Icons/CyberCity_Icons/Bomb_4.png,Bomb_4.png,individual_png,,512,512,"[8, 136, 493, 416]",65.897,READY_BOTH,cyber,"[""scheme_card"", ""screen_graphic"", ""world_decal""]",TextureRect,icon_both,OccludableIcons,0.5,90,"Iconography asset; use for UI, badges, decals, signage, screen graphics, or markers.",
pvg_icon_cyber_city_icons_cyber_bomb_5_d8444a27,cyber_city_icons,res://assets/tilesets/cyber_city_core_tilesets/Store_Items/CyberCity_Icons/CyberCity_Icons/Bomb_5.png,Bomb_5.png,individual_png,,512,512,"[53, 122, 453, 424]",64.18,READY_BOTH,cyber,"[""scheme_card"", ""screen_graphic"", ""world_decal""]",TextureRect,icon_both,OccludableIcons,0.5,90,"Iconography asset; use for UI, badges, decals, signage, screen graphics, or markers.",
pvg_icon_cyber_city_icons_cyber_bombincrate_1_2928c3fa,cyber_city_icons,res://assets/tilesets/cyber_city_core_tilesets/Store_Items/CyberCity_Icons/CyberCity_Icons/BombInCrate_1.png,BombInCrate_1.png,individual_png,,512,512,"[1, 19, 500, 497]",41.293,READY_BOTH,cyber,"[""scheme_card"", ""screen_graphic"", ""world_decal""]",TextureRect,icon_both,OccludableIcons,0.5,90,"Iconography asset; use for UI, badges, decals, signage, screen graphics, or markers.",
pvg_icon_cyber_city_icons_cyber_bombincrate_2_aca87e08,cyber_city_icons,res://assets/tilesets/cyber_city_core_tilesets/Store_Items/CyberCity_Icons/CyberCity_Icons/BombInCrate_2.png,BombInCrate_2.png,individual_png,,512,512,"[2, 92, 508, 484]",44.937,READY_BOTH,cyber,"[""scheme_card"", ""screen_graphic"", ""world_decal""]",TextureRect,icon_both,OccludableIcons,0.5,90,"Iconography asset; use for UI, badges, decals, signage, screen graphics, or markers.",
pvg_icon_cyber_city_icons_cyber_book_1_acf00458,cyber_city_icons,res://assets/tilesets/cyber_city_core_tilesets/Store_Items/CyberCity_Icons/CyberCity_Icons/Book_1.png,Book_1.png,individual_png,,512,512,"[138, 23, 418, 476]",62.12,READY_BOTH,cyber,"[""scheme_card"", ""screen_graphic"", ""world_decal""]",TextureRect,icon_both,OccludableIcons,0.5,90,"Iconography asset; use for UI, badges, decals, signage, screen graphics, or markers.",
pvg_icon_cyber_city_icons_cyber_book_10_73d6d43e,cyber_city_icons,res://assets/tilesets/cyber_city_core_tilesets/Store_Items/CyberCity_Icons/CyberCity_Icons/Book_10.png,Book_10.png,individual_png,,512,512,"[63, 14, 394, 496]",50.327,READY_BOTH,cyber,"[""scheme_card"", ""screen_graphic"", ""world_decal""]",TextureRect,icon_both,OccludableIcons,0.5,90,"Iconography asset; use for UI, badges, decals, signage, screen graphics, or markers.",
pvg_icon_cyber_city_icons_cyber_book_11_6a1090e5,cyber_city_icons,res://assets/tilesets/cyber_city_core_tilesets/Store_Items/CyberCity_Icons/CyberCity_Icons/Book_11.png,Book_11.png,individual_png,,512,512,"[98, 9, 434, 507]",47.982,READY_BOTH,cyber,"[""scheme_card"", ""screen_graphic"", ""world_decal""]",TextureRect,icon_both,OccludableIcons,0.5,90,"Iconography asset; use for UI, badges, decals, signage, screen graphics, or markers.",
pvg_icon_cyber_city_icons_cyber_book_12_78373d4b,cyber_city_icons,res://assets/tilesets/cyber_city_core_tilesets/Store_Items/CyberCity_Icons/CyberCity_Icons/Book_12.png,Book_12.png,individual_png,,512,512,"[81, 8, 413, 498]",48.717,READY_BOTH,cyber,"[""scheme_card"", ""screen_graphic"", ""world_decal""]",TextureRect,icon_both,OccludableIcons,0.5,90,"Iconography asset; use for UI, badges, decals, signage, screen graphics, or markers.",
pvg_icon_cyber_city_icons_cyber_book_13_0621b044,cyber_city_icons,res://assets/tilesets/cyber_city_core_tilesets/Store_Items/CyberCity_Icons/CyberCity_Icons/Book_13.png,Book_13.png,individual_png,,512,512,"[52, 25, 456, 495]",47.981,READY_BOTH,cyber,"[""scheme_card"", ""screen_graphic"", ""world_decal""]",TextureRect,icon_both,OccludableIcons,0.5,90,"Iconography asset; use for UI, badges, decals, signage, screen graphics, or markers.",
pvg_icon_cyber_city_icons_cyber_book_14_3cf854a1,cyber_city_icons,res://assets/tilesets/cyber_city_core_tilesets/Store_Items/CyberCity_Icons/CyberCity_Icons/Book_14.png,Book_14.png,individual_png,,512,512,"[84, 26, 426, 495]",50.249,READY_BOTH,cyber,"[""scheme_card"", ""screen_graphic"", ""world_decal""]",TextureRect,icon_both,OccludableIcons,0.5,90,"Iconography asset; use for UI, badges, decals, signage, screen graphics, or markers.",
pvg_icon_cyber_city_icons_cyber_book_15_20f755e1,cyber_city_icons,res://assets/tilesets/cyber_city_core_tilesets/Store_Items/CyberCity_Icons/CyberCity_Icons/Book_15.png,Book_15.png,individual_png,,512,512,"[89, 11, 452, 490]",49.937,READY_BOTH,cyber,"[""scheme_card"", ""screen_graphic"", ""world_decal""]",TextureRect,icon_both,OccludableIcons,0.5,90,"Iconography asset; use for UI, badges, decals, signage, screen graphics, or markers.",
pvg_icon_cyber_city_icons_cyber_book_16_c45decb6,cyber_city_icons,res://assets/tilesets/cyber_city_core_tilesets/Store_Items/CyberCity_Icons/CyberCity_Icons/Book_16.png,Book_16.png,individual_png,,512,512,"[80, 11, 419, 499]",49.372,READY_BOTH,cyber,"[""scheme_card"", ""screen_graphic"", ""world_decal""]",TextureRect,icon_both,OccludableIcons,0.5,90,"Iconography asset; use for UI, badges, decals, signage, screen graphics, or markers.",
pvg_icon_cyber_city_icons_cyber_book_17_336915ab,cyber_city_icons,res://assets/tilesets/cyber_city_core_tilesets/Store_Items/CyberCity_Icons/CyberCity_Icons/Book_17.png,Book_17.png,individual_png,,512,512,"[76, 7, 482, 505]",41.82,READY_BOTH,cyber,"[""scheme_card"", ""screen_graphic"", ""world_decal""]",TextureRect,icon_both,OccludableIcons,0.5,90,"Iconography asset; use for UI, badges, decals, signage, screen graphics, or markers.",
pvg_icon_cyber_city_icons_cyber_book_2_cd479b7d,cyber_city_icons,res://assets/tilesets/cyber_city_core_tilesets/Store_Items/CyberCity_Icons/CyberCity_Icons/Book_2.png,Book_2.png,individual_png,,512,512,"[126, 26, 407, 475]",64.119,READY_BOTH,cyber,"[""scheme_card"", ""screen_graphic"", ""world_decal""]",TextureRect,icon_both,OccludableIcons,0.5,90,"Iconography asset; use for UI, badges, decals, signage, screen graphics, or markers.",
pvg_icon_cyber_city_icons_cyber_book_3_1f5dd384,cyber_city_icons,res://assets/tilesets/cyber_city_core_tilesets/Store_Items/CyberCity_Icons/CyberCity_Icons/Book_3.png,Book_3.png,individual_png,,512,512,"[98, 22, 446, 486]",54.335,READY_BOTH,cyber,"[""scheme_card"", ""screen_graphic"", ""world_decal""]",TextureRect,icon_both,OccludableIcons,0.5,90,"Iconography asset; use for UI, badges, decals, signage, screen graphics, or markers.",
pvg_icon_cyber_city_icons_cyber_book_4_9405f4db,cyber_city_icons,res://assets/tilesets/cyber_city_core_tilesets/Store_Items/CyberCity_Icons/CyberCity_Icons/Book_4.png,Book_4.png,individual_png,,512,512,"[113, 19, 419, 503]",57.848,READY_BOTH,cyber,"[""scheme_card"", ""screen_graphic"", ""world_decal""]",TextureRect,icon_both,OccludableIcons,0.5,90,"Iconography asset; use for UI, badges, decals, signage, screen graphics, or markers.",
pvg_icon_cyber_city_icons_cyber_book_5_ff17b4a9,cyber_city_icons,res://assets/tilesets/cyber_city_core_tilesets/Store_Items/CyberCity_Icons/CyberCity_Icons/Book_5.png,Book_5.png,individual_png,,512,512,"[129, 17, 426, 481]",58.706,READY_BOTH,cyber,"[""scheme_card"", ""screen_graphic"", ""world_decal""]",TextureRect,icon_both,OccludableIcons,0.5,90,"Iconography asset; use for UI, badges, decals, signage, screen graphics, or markers.",
pvg_icon_cyber_city_icons_cyber_book_6_a01a3675,cyber_city_icons,res://assets/tilesets/cyber_city_core_tilesets/Store_Items/CyberCity_Icons/CyberCity_Icons/Book_6.png,Book_6.png,individual_png,,512,512,"[90, 12, 403, 505]",49.663,READY_BOTH,cyber,"[""scheme_card"", ""screen_graphic"", ""world_decal""]",TextureRect,icon_both,OccludableIcons,0.5,90,"Iconography asset; use for UI, badges, decals, signage, screen graphics, or markers.",
pvg_icon_cyber_city_icons_cyber_book_7_4ecc6c91,cyber_city_icons,res://assets/tilesets/cyber_city_core_tilesets/Store_Items/CyberCity_Icons/CyberCity_Icons/Book_7.png,Book_7.png,individual_png,,512,512,"[18, 77, 505, 444]",41.323,READY_BOTH,cyber,"[""scheme_card"", ""screen_graphic"", ""world_decal""]",TextureRect,icon_both,OccludableIcons,0.5,90,"Iconography asset; use for UI, badges, decals, signage, screen graphics, or markers.",
pvg_icon_cyber_city_icons_cyber_book_8_fc75ca29,cyber_city_icons,res://assets/tilesets/cyber_city_core_tilesets/Store_Items/CyberCity_Icons/CyberCity_Icons/Book_8.png,Book_8.png,individual_png,,512,512,"[12, 89, 502, 453]",40.516,READY_BOTH,cyber,"[""scheme_card"", ""screen_graphic"", ""world_decal""]",TextureRect,icon_both,OccludableIcons,0.5,90,"Iconography asset; use for UI, badges, decals, signage, screen graphics, or markers.",
pvg_icon_cyber_city_icons_cyber_book_9_e0f9a374,cyber_city_icons,res://assets/tilesets/cyber_city_core_tilesets/Store_Items/CyberCity_Icons/CyberCity_Icons/Book_9.png,Book_9.png,individual_png,,512,512,"[79, 45, 434, 489]",57.845,READY_BOTH,cyber,"[""scheme_card"", ""screen_graphic"", ""world_decal""]",TextureRect,icon_both,OccludableIcons,0.5,90,"Iconography asset; use for UI, badges, decals, signage, screen graphics, or markers.",
pvg_icon_cyber_city_icons_cyber_books_1_b8868fc3,cyber_city_icons,res://assets/tilesets/cyber_city_core_tilesets/Store_Items/CyberCity_Icons/CyberCity_Icons/Books_1.png,Books_1.png,individual_png,,512,512,"[8, 137, 510, 459]",59.054,READY_BOTH,cyber,"[""scheme_card"", ""screen_graphic"", ""world_decal""]",TextureRect,icon_both,OccludableIcons,0.5,90,"Iconography asset; use for UI, badges, decals, signage, screen graphics, or markers.",
pvg_icon_cyber_city_icons_cyber_books_2_68ceae17,cyber_city_icons,res://assets/tilesets/cyber_city_core_tilesets/Store_Items/CyberCity_Icons/CyberCity_Icons/Books_2.png,Books_2.png,individual_png,,512,512,"[23, 140, 507, 449]",68.618,READY_BOTH,cyber,"[""scheme_card"", ""screen_graphic"", ""world_decal""]",TextureRect,icon_both,OccludableIcons,0.5,90,"Iconography asset; use for UI, badges, decals, signage, screen graphics, or markers.",
pvg_icon_cyber_city_icons_cyber_books_3_eed76817,cyber_city_icons,res://assets/tilesets/cyber_city_core_tilesets/Store_Items/CyberCity_Icons/CyberCity_Icons/Books_3.png,Books_3.png,individual_png,,512,512,"[27, 13, 490, 505]",26.894,READY_BOTH,cyber,"[""scheme_card"", ""screen_graphic"", ""world_decal""]",TextureRect,icon_both,OccludableIcons,0.5,90,"Iconography asset; use for UI, badges, decals, signage, screen graphics, or markers.",
pvg_icon_cyber_city_icons_cyber_books_4_571d85e3,cyber_city_icons,res://assets/tilesets/cyber_city_core_tilesets/Store_Items/CyberCity_Icons/CyberCity_Icons/Books_4.png,Books_4.png,individual_png,,512,512,"[10, 39, 499, 501]",26.046,READY_BOTH,cyber,"[""scheme_card"", ""screen_graphic"", ""world_decal""]",TextureRect,icon_both,OccludableIcons,0.5,90,"Iconography asset; use for UI, badges, decals, signage, screen graphics, or markers.",
pvg_icon_cyber_city_icons_cyber_books_5_0cc5b88e,cyber_city_icons,res://assets/tilesets/cyber_city_core_tilesets/Store_Items/CyberCity_Icons/CyberCity_Icons/Books_5.png,Books_5.png,individual_png,,512,512,"[81, 26, 434, 502]",45.528,READY_BOTH,cyber,"[""scheme_card"", ""screen_graphic"", ""world_decal""]",TextureRect,icon_both,OccludableIcons,0.5,90,"Iconography asset; use for UI, badges, decals, signage, screen graphics, or markers.",
pvg_icon_cyber_city_icons_cyber_bookshelf_1_4ad72509,cyber_city_icons,res://assets/tilesets/cyber_city_core_tilesets/Store_Items/CyberCity_Icons/CyberCity_Icons/Bookshelf_1.png,Bookshelf_1.png,individual_png,,512,512,"[149, 9, 292, 500]",79.11,READY_BOTH,cyber,"[""scheme_card"", ""screen_graphic"", ""world_decal""]",TextureRect,icon_both,OccludableIcons,0.5,90,"Iconography asset; use for UI, badges, decals, signage, screen graphics, or markers.",
pvg_icon_cyber_city_icons_cyber_bookshelf_2_fdcf64a0,cyber_city_icons,res://assets/tilesets/cyber_city_core_tilesets/Store_Items/CyberCity_Icons/CyberCity_Icons/Bookshelf_2.png,Bookshelf_2.png,individual_png,,512,512,"[127, 7, 366, 507]",61.789,READY_BOTH,cyber,"[""scheme_card"", ""screen_graphic"", ""world_decal""]",TextureRect,icon_both,OccludableIcons,0.5,90,"Iconography asset; use for UI, badges, decals, signage, screen graphics, or markers.",
pvg_icon_cyber_city_icons_cyber_bottle_1_8455ea3d,cyber_city_icons,res://assets/tilesets/cyber_city_core_tilesets/Store_Items/CyberCity_Icons/CyberCity_Icons/Bottle_1.png,Bottle_1.png,individual_png,,512,512,"[128, 37, 388, 497]",58.743,READY_BOTH,cyber,"[""scheme_card"", ""screen_graphic"", ""world_decal""]",TextureRect,icon_both,OccludableIcons,0.5,90,"Iconography asset; use for UI, badges, decals, signage, screen graphics, or markers.",
pvg_icon_cyber_city_icons_cyber_bottle_10_d0cc005f,cyber_city_icons,res://assets/tilesets/cyber_city_core_tilesets/Store_Items/CyberCity_Icons/CyberCity_Icons/Bottle_10.png,Bottle_10.png,individual_png,,512,512,"[176, 18, 362, 508]",75.802,READY_BOTH,cyber,"[""scheme_card"", ""screen_graphic"", ""world_decal""]",TextureRect,icon_both,OccludableIcons,0.5,90,"Iconography asset; use for UI, badges, decals, signage, screen graphics, or markers.",
pvg_icon_cyber_city_icons_cyber_bottle_11_b453eae5,cyber_city_icons,res://assets/tilesets/cyber_city_core_tilesets/Store_Items/CyberCity_Icons/CyberCity_Icons/Bottle_11.png,Bottle_11.png,individual_png,,512,512,"[189, 3, 328, 512]",82.33,READY_BOTH,cyber,"[""scheme_card"", ""screen_graphic"", ""world_decal""]",TextureRect,icon_both,OccludableIcons,0.5,90,"Iconography asset; use for UI, badges, decals, signage, screen graphics, or markers.",
pvg_icon_cyber_city_icons_cyber_bottle_2_1ca86105,cyber_city_icons,res://assets/tilesets/cyber_city_core_tilesets/Store_Items/CyberCity_Icons/CyberCity_Icons/Bottle_2.png,Bottle_2.png,individual_png,,512,512,"[132, 12, 402, 484]",56.315,READY_BOTH,cyber,"[""scheme_card"", ""screen_graphic"", ""world_decal""]",TextureRect,icon_both,OccludableIcons,0.5,90,"Iconography asset; use for UI, badges, decals, signage, screen graphics, or markers.",
pvg_icon_cyber_city_icons_cyber_bottle_3_f3b9953f,cyber_city_icons,res://assets/tilesets/cyber_city_core_tilesets/Store_Items/CyberCity_Icons/CyberCity_Icons/Bottle_3.png,Bottle_3.png,individual_png,,512,512,"[132, 9, 409, 488]",55.716,READY_BOTH,cyber,"[""scheme_card"", ""screen_graphic"", ""world_decal""]",TextureRect,icon_both,OccludableIcons,0.5,90,"Iconography asset; use for UI, badges, decals, signage, screen graphics, or markers.",
pvg_icon_cyber_city_icons_cyber_bottle_4_e83c65d6,cyber_city_icons,res://assets/tilesets/cyber_city_core_tilesets/Store_Items/CyberCity_Icons/CyberCity_Icons/Bottle_4.png,Bottle_4.png,individual_png,,512,512,"[130, 28, 397, 490]",58.103,READY_BOTH,cyber,"[""scheme_card"", ""screen_graphic"", ""world_decal""]",TextureRect,icon_both,OccludableIcons,0.5,90,"Iconography asset; use for UI, badges, decals, signage, screen graphics, or markers.",
pvg_icon_cyber_city_icons_cyber_bottle_5_d4df8d12,cyber_city_icons,res://assets/tilesets/cyber_city_core_tilesets/Store_Items/CyberCity_Icons/CyberCity_Icons/Bottle_5.png,Bottle_5.png,individual_png,,512,512,"[138, 100, 409, 404]",76.301,READY_BOTH,cyber,"[""scheme_card"", ""screen_graphic"", ""world_decal""]",TextureRect,icon_both,OccludableIcons,0.5,90,"Iconography asset; use for UI, badges, decals, signage, screen graphics, or markers.",
pvg_icon_cyber_city_icons_cyber_bottle_6_8b52b785,cyber_city_icons,res://assets/tilesets/cyber_city_core_tilesets/Store_Items/CyberCity_Icons/CyberCity_Icons/Bottle_6.png,Bottle_6.png,individual_png,,512,512,"[146, 29, 369, 485]",68.208,READY_BOTH,cyber,"[""scheme_card"", ""screen_graphic"", ""world_decal""]",TextureRect,icon_both,OccludableIcons,0.5,90,"Iconography asset; use for UI, badges, decals, signage, screen graphics, or markers.",
pvg_icon_cyber_city_icons_cyber_bottle_7_4478d921,cyber_city_icons,res://assets/tilesets/cyber_city_core_tilesets/Store_Items/CyberCity_Icons/CyberCity_Icons/Bottle_7.png,Bottle_7.png,individual_png,,512,512,"[154, 8, 355, 508]",74.583,READY_BOTH,cyber,"[""scheme_card"", ""screen_graphic"", ""world_decal""]",TextureRect,icon_both,OccludableIcons,0.5,90,"Iconography asset; use for UI, badges, decals, signage, screen graphics, or markers.",
pvg_icon_cyber_city_icons_cyber_bottle_8_cc0d8f99,cyber_city_icons,res://assets/tilesets/cyber_city_core_tilesets/Store_Items/CyberCity_Icons/CyberCity_Icons/Bottle_8.png,Bottle_8.png,individual_png,,512,512,"[159, 1, 360, 512]",73.796,READY_BOTH,cyber,"[""scheme_card"", ""screen_graphic"", ""world_decal""]",TextureRect,icon_both,OccludableIcons,0.5,90,"Iconography asset; use for UI, badges, decals, signage, screen graphics, or markers.",
pvg_icon_cyber_city_icons_cyber_bottle_9_4cff7e4e,cyber_city_icons,res://assets/tilesets/cyber_city_core_tilesets/Store_Items/CyberCity_Icons/CyberCity_Icons/Bottle_9.png,Bottle_9.png,individual_png,,512,512,"[197, 3, 328, 510]",84.296,READY_BOTH,cyber,"[""scheme_card"", ""screen_graphic"", ""world_decal""]",TextureRect,icon_both,OccludableIcons,0.5,90,"Iconography asset; use for UI, badges, decals, signage, screen graphics, or markers.",
pvg_icon_cyber_city_icons_cyber_bottom_1_e3b3ce9f,cyber_city_icons,res://assets/tilesets/cyber_city_core_tilesets/Store_Items/CyberCity_Icons/CyberCity_Icons/Bottom_1.png,Bottom_1.png,individual_png,,512,512,"[147, 20, 369, 512]",78.281,READY_BOTH,cyber,"[""scheme_card"", ""screen_graphic"", ""world_decal""]",TextureRect,icon_both,OccludableIcons,0.5,90,"Iconography asset; use for UI, badges, decals, signage, screen graphics, or markers.",
pvg_icon_cyber_city_icons_cyber_bottom_10_99619230,cyber_city_icons,res://assets/tilesets/cyber_city_core_tilesets/Store_Items/CyberCity_Icons/CyberCity_Icons/Bottom_10.png,Bottom_10.png,individual_png,,512,512,"[148, 4, 363, 509]",76.24,READY_BOTH,cyber,"[""scheme_card"", ""screen_graphic"", ""world_decal""]",TextureRect,icon_both,OccludableIcons,0.5,90,"Iconography asset; use for UI, badges, decals, signage, screen graphics, or markers.",
pvg_icon_cyber_city_icons_cyber_bottom_11_7e275dee,cyber_city_icons,res://assets/tilesets/cyber_city_core_tilesets/Store_Items/CyberCity_Icons/CyberCity_Icons/Bottom_11.png,Bottom_11.png,individual_png,,512,512,"[141, 3, 370, 512]",75.99,READY_BOTH,cyber,"[""scheme_card"", ""screen_graphic"", ""world_decal""]",TextureRect,icon_both,OccludableIcons,0.5,90,"Iconography asset; use for UI, badges, decals, signage, screen graphics, or markers.",
pvg_icon_cyber_city_icons_cyber_bottom_12_e3f5ab62,cyber_city_icons,res://assets/tilesets/cyber_city_core_tilesets/Store_Items/CyberCity_Icons/CyberCity_Icons/Bottom_12.png,Bottom_12.png,individual_png,,512,512,"[147, 1, 370, 503]",74.834,READY_BOTH,cyber,"[""scheme_card"", ""screen_graphic"", ""world_decal""]",TextureRect,icon_both,OccludableIcons,0.5,90,"Iconography asset; use for UI, badges, decals, signage, screen graphics, or markers.",
pvg_icon_cyber_city_icons_cyber_bottom_13_3e94cf74,cyber_city_icons,res://assets/tilesets/cyber_city_core_tilesets/Store_Items/CyberCity_Icons/CyberCity_Icons/Bottom_13.png,Bottom_13.png,individual_png,,512,512,"[147, 2, 363, 507]",75.897,READY_BOTH,cyber,"[""scheme_card"", ""screen_graphic"", ""world_decal""]",TextureRect,icon_both,OccludableIcons,0.5,90,"Iconography asset; use for UI, badges, decals, signage, screen graphics, or markers.",
pvg_icon_cyber_city_icons_cyber_bottom_14_8ae391dd,cyber_city_icons,res://assets/tilesets/cyber_city_core_tilesets/Store_Items/CyberCity_Icons/CyberCity_Icons/Bottom_14.png,Bottom_14.png,individual_png,,512,512,"[137, 3, 359, 505]",77.271,READY_BOTH,cyber,"[""scheme_card"", ""screen_graphic"", ""world_decal""]",TextureRect,icon_both,OccludableIcons,0.5,90,"Iconography asset; use for UI, badges, decals, signage, screen graphics, or markers.",
pvg_icon_cyber_city_icons_cyber_bottom_15_female_32358286,cyber_city_icons,res://assets/tilesets/cyber_city_core_tilesets/Store_Items/CyberCity_Icons/CyberCity_Icons/Bottom_15_Female.png,Bottom_15_Female.png,individual_png,,512,512,"[130, 2, 359, 510]",79.47,READY_BOTH,cyber,"[""scheme_card"", ""screen_graphic"", ""world_decal""]",TextureRect,icon_both,OccludableIcons,0.5,90,"Iconography asset; use for UI, badges, decals, signage, screen graphics, or markers.",
pvg_icon_cyber_city_icons_cyber_bottom_15_male_751f500b,cyber_city_icons,res://assets/tilesets/cyber_city_core_tilesets/Store_Items/CyberCity_Icons/CyberCity_Icons/Bottom_15_Male.png,Bottom_15_Male.png,individual_png,,512,512,"[153, 5, 335, 510]",76.225,READY_BOTH,cyber,"[""scheme_card"", ""screen_graphic"", ""world_decal""]",TextureRect,icon_both,OccludableIcons,0.5,90,"Iconography asset; use for UI, badges, decals, signage, screen graphics, or markers.",
pvg_icon_cyber_city_icons_cyber_bottom_16_female_13f9cdb7,cyber_city_icons,res://assets/tilesets/cyber_city_core_tilesets/Store_Items/CyberCity_Icons/CyberCity_Icons/Bottom_16_Female.png,Bottom_16_Female.png,individual_png,,512,512,"[160, 0, 335, 507]",83.057,READY_BOTH,cyber,"[""scheme_card"", ""screen_graphic"", ""world_decal""]",TextureRect,icon_both,OccludableIcons,0.5,90,"Iconography asset; use for UI, badges, decals, signage, screen graphics, or markers.",
pvg_icon_cyber_city_icons_cyber_bottom_16_male_a4c2e36b,cyber_city_icons,res://assets/tilesets/cyber_city_core_tilesets/Store_Items/CyberCity_Icons/CyberCity_Icons/Bottom_16_Male.png,Bottom_16_Male.png,individual_png,,512,512,"[141, 4, 361, 508]",84.145,READY_BOTH,cyber,"[""scheme_card"", ""screen_graphic"", ""world_decal""]",TextureRect,icon_both,OccludableIcons,0.5,90,"Iconography asset; use for UI, badges, decals, signage, screen graphics, or markers.",
pvg_icon_cyber_city_icons_cyber_bottom_17_female_bcfc72ba,cyber_city_icons,res://assets/tilesets/cyber_city_core_tilesets/Store_Items/CyberCity_Icons/CyberCity_Icons/Bottom_17_Female.png,Bottom_17_Female.png,individual_png,,512,512,"[152, 4, 349, 506]",83.311,READY_BOTH,cyber,"[""scheme_card"", ""screen_graphic"", ""world_decal""]",TextureRect,icon_both,OccludableIcons,0.5,90,"Iconography asset; use for UI, badges, decals, signage, screen graphics, or markers.",
pvg_icon_cyber_city_icons_cyber_bottom_17_male_3c57b2e3,cyber_city_icons,res://assets/tilesets/cyber_city_core_tilesets/Store_Items/CyberCity_Icons/CyberCity_Icons/Bottom_17_Male.png,Bottom_17_Male.png,individual_png,,512,512,"[148, 2, 371, 507]",75.951,READY_BOTH,cyber,"[""scheme_card"", ""screen_graphic"", ""world_decal""]",TextureRect,icon_both,OccludableIcons,0.5,90,"Iconography asset; use for UI, badges, decals, signage, screen graphics, or markers.",
pvg_icon_cyber_city_icons_cyber_bottom_18_bda53690,cyber_city_icons,res://assets/tilesets/cyber_city_core_tilesets/Store_Items/CyberCity_Icons/CyberCity_Icons/Bottom_18.png,Bottom_18.png,individual_png,,512,512,"[146, 1, 375, 508]",76.569,READY_BOTH,cyber,"[""scheme_card"", ""screen_graphic"", ""world_decal""]",TextureRect,icon_both,OccludableIcons,0.5,90,"Iconography asset; use for UI, badges, decals, signage, screen graphics, or markers.",
pvg_icon_cyber_city_icons_cyber_bottom_2_cabdfa35,cyber_city_icons,res://assets/tilesets/cyber_city_core_tilesets/Store_Items/CyberCity_Icons/CyberCity_Icons/Bottom_2.png,Bottom_2.png,individual_png,,512,512,"[133, 9, 368, 511]",74.826,READY_BOTH,cyber,"[""scheme_card"", ""screen_graphic"", ""world_decal""]",TextureRect,icon_both,OccludableIcons,0.5,90,"Iconography asset; use for UI, badges, decals, signage, screen graphics, or markers.",
pvg_icon_cyber_city_icons_cyber_bottom_3_d2a3f0e6,cyber_city_icons,res://assets/tilesets/cyber_city_core_tilesets/Store_Items/CyberCity_Icons/CyberCity_Icons/Bottom_3.png,Bottom_3.png,individual_png,,512,512,"[134, 8, 370, 504]",77.722,READY_BOTH,cyber,"[""scheme_card"", ""screen_graphic"", ""world_decal""]",TextureRect,icon_both,OccludableIcons,0.5,90,"Iconography asset; use for UI, badges, decals, signage, screen graphics, or markers.",
pvg_icon_cyber_city_icons_cyber_bottom_4_8f02f6a4,cyber_city_icons,res://assets/tilesets/cyber_city_core_tilesets/Store_Items/CyberCity_Icons/CyberCity_Icons/Bottom_4.png,Bottom_4.png,individual_png,,512,512,"[147, 12, 369, 507]",77.918,READY_BOTH,cyber,"[""scheme_card"", ""screen_graphic"", ""world_decal""]",TextureRect,icon_both,OccludableIcons,0.5,90,"Iconography asset; use for UI, badges, decals, signage, screen graphics, or markers.",
pvg_icon_cyber_city_icons_cyber_bottom_5_782474d4,cyber_city_icons,res://assets/tilesets/cyber_city_core_tilesets/Store_Items/CyberCity_Icons/CyberCity_Icons/Bottom_5.png,Bottom_5.png,individual_png,,512,512,"[157, 2, 385, 508]",75.989,READY_BOTH,cyber,"[""scheme_card"", ""screen_graphic"", ""world_decal""]",TextureRect,icon_both,OccludableIcons,0.5,90,"Iconography asset; use for UI, badges, decals, signage, screen graphics, or markers.",
pvg_icon_cyber_city_icons_cyber_bottom_6_57feccff,cyber_city_icons,res://assets/tilesets/cyber_city_core_tilesets/Store_Items/CyberCity_Icons/CyberCity_Icons/Bottom_6.png,Bottom_6.png,individual_png,,512,512,"[151, 6, 366, 504]",79.159,READY_BOTH,cyber,"[""scheme_card"", ""screen_graphic"", ""world_decal""]",TextureRect,icon_both,OccludableIcons,0.5,90,"Iconography asset; use for UI, badges, decals, signage, screen graphics, or markers.",
pvg_icon_cyber_city_icons_cyber_bottom_7_bf142d48,cyber_city_icons,res://assets/tilesets/cyber_city_core_tilesets/Store_Items/CyberCity_Icons/CyberCity_Icons/Bottom_7.png,Bottom_7.png,individual_png,,512,512,"[152, 8, 384, 508]",78.169,READY_BOTH,cyber,"[""scheme_card"", ""screen_graphic"", ""world_decal""]",TextureRect,icon_both,OccludableIcons,0.5,90,"Iconography asset; use for UI, badges, decals, signage, screen graphics, or markers.",
pvg_icon_cyber_city_icons_cyber_bottom_8_71ff733f,cyber_city_icons,res://assets/tilesets/cyber_city_core_tilesets/Store_Items/CyberCity_Icons/CyberCity_Icons/Bottom_8.png,Bottom_8.png,individual_png,,512,512,"[134, 3, 366, 509]",75.887,READY_BOTH,cyber,"[""scheme_card"", ""screen_graphic"", ""world_decal""]",TextureRect,icon_both,OccludableIcons,0.5,90,"Iconography asset; use for UI, badges, decals, signage, screen graphics, or markers.",
pvg_icon_cyber_city_icons_cyber_bottom_9_7b86ab00,cyber_city_icons,res://assets/tilesets/cyber_city_core_tilesets/Store_Items/CyberCity_Icons/CyberCity_Icons/Bottom_9.png,Bottom_9.png,individual_png,,512,512,"[156, 7, 380, 511]",73.527,READY_BOTH,cyber,"[""scheme_card"", ""screen_graphic"", ""world_decal""]",TextureRect,icon_both,OccludableIcons,0.5,90,"Iconography asset; use for UI, badges, decals, signage, screen graphics, or markers.",
pvg_icon_cyber_city_icons_cyber_bowl_1_5c0e2c9d,cyber_city_icons,res://assets/tilesets/cyber_city_core_tilesets/Store_Items/CyberCity_Icons/CyberCity_Icons/Bowl_1.png,Bowl_1.png,individual_png,,512,512,"[11, 87, 493, 441]",50.866,READY_BOTH,cyber,"[""scheme_card"", ""screen_graphic"", ""world_decal""]",TextureRect,icon_both,OccludableIcons,0.5,90,"Iconography asset; use for UI, badges, decals, signage, screen graphics, or markers.",
pvg_icon_cyber_city_icons_cyber_box_1_2c5d6496,cyber_city_icons,res://assets/tilesets/cyber_city_core_tilesets/Store_Items/CyberCity_Icons/CyberCity_Icons/Box_1.png,Box_1.png,individual_png,,512,512,"[11, 57, 493, 456]",42.439,READY_BOTH,cyber,"[""scheme_card"", ""screen_graphic"", ""world_decal""]",TextureRect,icon_both,OccludableIcons,0.5,90,"Iconography asset; use for UI, badges, decals, signage, screen graphics, or markers.",
pvg_icon_cyber_city_icons_cyber_box_2_e6769e71,cyber_city_icons,res://assets/tilesets/cyber_city_core_tilesets/Store_Items/CyberCity_Icons/CyberCity_Icons/Box_2.png,Box_2.png,individual_png,,512,512,"[37, 34, 479, 479]",41.844,READY_BOTH,cyber,"[""scheme_card"", ""screen_graphic"", ""world_decal""]",TextureRect,icon_both,OccludableIcons,0.5,90,"Iconography asset; use for UI, badges, decals, signage, screen graphics, or markers.",
pvg_icon_cyber_city_icons_cyber_box_3_4769302c,cyber_city_icons,res://assets/tilesets/cyber_city_core_tilesets/Store_Items/CyberCity_Icons/CyberCity_Icons/Box_3.png,Box_3.png,individual_png,,512,512,"[31, 39, 484, 505]",40.742,READY_BOTH,cyber,"[""scheme_card"", ""screen_graphic"", ""world_decal""]",TextureRect,icon_both,OccludableIcons,0.5,90,"Iconography asset; use for UI, badges, decals, signage, screen graphics, or markers.",
pvg_icon_cyber_city_icons_cyber_box_4_e7aa3ad8,cyber_city_icons,res://assets/tilesets/cyber_city_core_tilesets/Store_Items/CyberCity_Icons/CyberCity_Icons/Box_4.png,Box_4.png,individual_png,,512,512,"[9, 103, 496, 448]",50.013,READY_BOTH,cyber,"[""scheme_card"", ""screen_graphic"", ""world_decal""]",TextureRect,icon_both,OccludableIcons,0.5,90,"Iconography asset; use for UI, badges, decals, signage, screen graphics, or markers.",
pvg_icon_cyber_city_icons_cyber_bracelet_1_db953b61,cyber_city_icons,res://assets/tilesets/cyber_city_core_tilesets/Store_Items/CyberCity_Icons/CyberCity_Icons/Bracelet_1.png,Bracelet_1.png,individual_png,,512,512,"[139, 121, 389, 368]",88.271,READY_BOTH,cyber,"[""scheme_card"", ""screen_graphic"", ""world_decal""]",TextureRect,icon_both,OccludableIcons,0.5,90,"Iconography asset; use for UI, badges, decals, signage, screen graphics, or markers.",
pvg_icon_cyber_city_icons_cyber_bracelet_2_69400368,cyber_city_icons,res://assets/tilesets/cyber_city_core_tilesets/Store_Items/CyberCity_Icons/CyberCity_Icons/Bracelet_2.png,Bracelet_2.png,individual_png,,512,512,"[88, 48, 423, 391]",77.39,READY_BOTH,cyber,"[""scheme_card"", ""screen_graphic"", ""world_decal""]",TextureRect,icon_both,OccludableIcons,0.5,90,"Iconography asset; use for UI, badges, decals, signage, screen graphics, or markers.",
pvg_icon_cyber_city_icons_cyber_bucket_1_f474618f,cyber_city_icons,res://assets/tilesets/cyber_city_core_tilesets/Store_Items/CyberCity_Icons/CyberCity_Icons/Bucket_1.png,Bucket_1.png,individual_png,,512,512,"[110, 55, 441, 477]",58.598,READY_BOTH,cyber,"[""scheme_card"", ""screen_graphic"", ""world_decal""]",TextureRect,icon_both,OccludableIcons,0.5,90,"Iconography asset; use for UI, badges, decals, signage, screen graphics, or markers.",
pvg_icon_cyber_city_icons_cyber_bust_1_88197797,cyber_city_icons,res://assets/tilesets/cyber_city_core_tilesets/Store_Items/CyberCity_Icons/CyberCity_Icons/Bust_1.png,Bust_1.png,individual_png,,512,512,"[97, 1, 396, 508]",67.226,READY_BOTH,cyber,"[""scheme_card"", ""screen_graphic"", ""world_decal""]",TextureRect,icon_both,OccludableIcons,0.5,90,"Iconography asset; use for UI, badges, decals, signage, screen graphics, or markers.",
pvg_icon_cyber_city_icons_cyber_button_1_7cba5f71,cyber_city_icons,res://assets/tilesets/cyber_city_core_tilesets/Store_Items/CyberCity_Icons/CyberCity_Icons/Button_1.png,Button_1.png,individual_png,,512,512,"[146, 11, 424, 468]",63.805,READY_BOTH,cyber,"[""scheme_card"", ""screen_graphic"", ""world_decal""]",TextureRect,icon_both,OccludableIcons,0.5,90,"Iconography asset; use for UI, badges, decals, signage, screen graphics, or markers.",
pvg_icon_cyber_city_icons_cyber_cable_1_d09e25b7,cyber_city_icons,res://assets/tilesets/cyber_city_core_tilesets/Store_Items/CyberCity_Icons/CyberCity_Icons/Cable_1.png,Cable_1.png,individual_png,,512,512,"[31, 0, 419, 509]",98.314,READY_BOTH,cyber,"[""scheme_card"", ""screen_graphic"", ""world_decal""]",TextureRect,icon_both,OccludableIcons,0.5,90,"Iconography asset; use for UI, badges, decals, signage, screen graphics, or markers.",
pvg_icon_cyber_city_icons_cyber_cable_2_b2121cd3,cyber_city_icons,res://assets/tilesets/cyber_city_core_tilesets/Store_Items/CyberCity_Icons/CyberCity_Icons/Cable_2.png,Cable_2.png,individual_png,,512,512,"[19, 27, 500, 466]",90.107,READY_BOTH,cyber,"[""scheme_card"", ""screen_graphic"", ""world_decal""]",TextureRect,icon_both,OccludableIcons,0.5,90,"Iconography asset; use for UI, badges, decals, signage, screen graphics, or markers.",
pvg_icon_cyber_city_icons_cyber_cable_3_cfb11293,cyber_city_icons,res://assets/tilesets/cyber_city_core_tilesets/Store_Items/CyberCity_Icons/CyberCity_Icons/Cable_3.png,Cable_3.png,individual_png,,512,512,"[0, 188, 505, 346]",87.5,READY_BOTH,cyber,"[""scheme_card"", ""screen_graphic"", ""world_decal""]",TextureRect,icon_both,OccludableIcons,0.5,90,"Iconography asset; use for UI, badges, decals, signage, screen graphics, or markers.",
pvg_icon_cyber_city_icons_security_camera_1_746430a9,cyber_city_icons,res://assets/tilesets/cyber_city_core_tilesets/Store_Items/CyberCity_Icons/CyberCity_Icons/Camera_1.png,Camera_1.png,individual_png,,512,512,"[89, 59, 476, 436]",64.799,READY_BOTH,security,"[""security_indicator"", ""warning_indicator"", ""mission_board"", ""world_decal"", ""screen_graphic""]",TextureRect,icon_both,OccludableIcons,0.5,90,"Iconography asset; use for UI, badges, decals, signage, screen graphics, or markers.",
pvg_icon_cyber_city_icons_security_camera_2_08902a68,cyber_city_icons,res://assets/tilesets/cyber_city_core_tilesets/Store_Items/CyberCity_Icons/CyberCity_Icons/Camera_2.png,Camera_2.png,individual_png,,512,512,"[114, 11, 412, 495]",54.208,READY_BOTH,security,"[""security_indicator"", ""warning_indicator"", ""mission_board"", ""world_decal"", ""screen_graphic""]",TextureRect,icon_both,OccludableIcons,0.5,90,"Iconography asset; use for UI, badges, decals, signage, screen graphics, or markers.",
pvg_icon_cyber_city_icons_security_camera_3_d38917fa,cyber_city_icons,res://assets/tilesets/cyber_city_core_tilesets/Store_Items/CyberCity_Icons/CyberCity_Icons/Camera_3.png,Camera_3.png,individual_png,,512,512,"[11, 30, 499, 410]",55.443,READY_BOTH,security,"[""security_indicator"", ""warning_indicator"", ""mission_board"", ""world_decal"", ""screen_graphic""]",TextureRect,icon_both,OccludableIcons,0.5,90,"Iconography asset; use for UI, badges, decals, signage, screen graphics, or markers.",
pvg_icon_cyber_city_icons_security_cameras_1_5f0434f0,cyber_city_icons,res://assets/tilesets/cyber_city_core_tilesets/Store_Items/CyberCity_Icons/CyberCity_Icons/Cameras_1.png,Cameras_1.png,individual_png,,512,512,"[0, 6, 454, 493]",63.213,READY_BOTH,security,"[""security_indicator"", ""warning_indicator"", ""mission_board"", ""world_decal"", ""screen_graphic""]",TextureRect,icon_both,OccludableIcons,0.5,90,"Iconography asset; use for UI, badges, decals, signage, screen graphics, or markers.",
pvg_icon_cyber_city_icons_cyber_candle_1_dcf002dd,cyber_city_icons,res://assets/tilesets/cyber_city_core_tilesets/Store_Items/CyberCity_Icons/CyberCity_Icons/Candle_1.png,Candle_1.png,individual_png,,512,512,"[97, 72, 392, 440]",72.747,READY_BOTH,cyber,"[""scheme_card"", ""screen_graphic"", ""world_decal""]",TextureRect,icon_both,OccludableIcons,0.5,90,"Iconography asset; use for UI, badges, decals, signage, screen graphics, or markers.",
pvg_icon_cyber_city_icons_cyber_candle_2_2005e2c4,cyber_city_icons,res://assets/tilesets/cyber_city_core_tilesets/Store_Items/CyberCity_Icons/CyberCity_Icons/Candle_2.png,Candle_2.png,individual_png,,512,512,"[2, 205, 505, 441]",66.316,READY_BOTH,cyber,"[""scheme_card"", ""screen_graphic"", ""world_decal""]",TextureRect,icon_both,OccludableIcons,0.5,90,"Iconography asset; use for UI, badges, decals, signage, screen graphics, or markers.",
pvg_icon_cyber_city_icons_cyber_candle_3_1014f34a,cyber_city_icons,res://assets/tilesets/cyber_city_core_tilesets/Store_Items/CyberCity_Icons/CyberCity_Icons/Candle_3.png,Candle_3.png,individual_png,,512,512,"[113, 20, 379, 471]",65.183,READY_BOTH,cyber,"[""scheme_card"", ""screen_graphic"", ""world_decal""]",TextureRect,icon_both,OccludableIcons,0.5,90,"Iconography asset; use for UI, badges, decals, signage, screen graphics, or markers.",
pvg_icon_cyber_city_icons_cyber_cardboardbox_1_8ad64848,cyber_city_icons,res://assets/tilesets/cyber_city_core_tilesets/Store_Items/CyberCity_Icons/CyberCity_Icons/CardboardBox_1.png,CardboardBox_1.png,individual_png,,512,512,"[19, 58, 475, 486]",41.95,READY_BOTH,cyber,"[""scheme_card"", ""screen_graphic"", ""world_decal""]",TextureRect,icon_both,OccludableIcons,0.5,90,"Iconography asset; use for UI, badges, decals, signage, screen graphics, or markers.",
pvg_icon_cyber_city_icons_cyber_cardboardbox_2_834bce8a,cyber_city_icons,res://assets/tilesets/cyber_city_core_tilesets/Store_Items/CyberCity_Icons/CyberCity_Icons/CardboardBox_2.png,CardboardBox_2.png,individual_png,,512,512,"[4, 147, 509, 457]",57.016,READY_BOTH,cyber,"[""scheme_card"", ""screen_graphic"", ""world_decal""]",TextureRect,icon_both,OccludableIcons,0.5,90,"Iconography asset; use for UI, badges, decals, signage, screen graphics, or markers.",
pvg_icon_cyber_city_icons_cyber_cardboardbox_3_0e5c5f22,cyber_city_icons,res://assets/tilesets/cyber_city_core_tilesets/Store_Items/CyberCity_Icons/CyberCity_Icons/CardboardBox_3.png,CardboardBox_3.png,individual_png,,512,512,"[5, 88, 497, 461]",44.568,READY_BOTH,cyber,"[""scheme_card"", ""screen_graphic"", ""world_decal""]",TextureRect,icon_both,OccludableIcons,0.5,90,"Iconography asset; use for UI, badges, decals, signage, screen graphics, or markers.",
pvg_icon_cyber_city_icons_cyber_cardboardboxes_1_66c94144,cyber_city_icons,res://assets/tilesets/cyber_city_core_tilesets/Store_Items/CyberCity_Icons/CyberCity_Icons/CardboardBoxes_1.png,CardboardBoxes_1.png,individual_png,,512,512,"[6, 31, 503, 493]",41.323,READY_BOTH,cyber,"[""scheme_card"", ""screen_graphic"", ""world_decal""]",TextureRect,icon_both,OccludableIcons,0.5,90,"Iconography asset; use for UI, badges, decals, signage, screen graphics, or markers.",
pvg_icon_cyber_city_icons_decor_cardboardsign_1_1cb77466,cyber_city_icons,res://assets/tilesets/cyber_city_core_tilesets/Store_Items/CyberCity_Icons/CyberCity_Icons/CardboardSign_1.png,CardboardSign_1.png,individual_png,,512,512,"[129, 7, 301, 495]",85.135,READY_BOTH,decor,"[""signage"", ""wall_sticker"", ""world_decal""]",TextureRect,icon_both,OccludableIcons,0.5,90,"Iconography asset; use for UI, badges, decals, signage, screen graphics, or markers.",
pvg_icon_cyber_city_icons_store_cart_1_13331383,cyber_city_icons,res://assets/tilesets/cyber_city_core_tilesets/Store_Items/CyberCity_Icons/CyberCity_Icons/Cart_1.png,Cart_1.png,individual_png,,512,512,"[38, 19, 491, 501]",44.539,READY_UI_ICON,store,"[""store_terminal"", ""storefront_item"", ""decor_shop_thumbnail""]",TextureRect,icon_ui,BehindPlayerIcons,0.5,-120,"Iconography asset; use for UI, badges, decals, signage, screen graphics, or markers.",World stamping of UI-first icons may look like a flat sticker.
pvg_icon_cyber_city_icons_store_carton_1_23b51659,cyber_city_icons,res://assets/tilesets/cyber_city_core_tilesets/Store_Items/CyberCity_Icons/CyberCity_Icons/Carton_1.png,Carton_1.png,individual_png,,512,512,"[154, 13, 344, 500]",70.732,READY_UI_ICON,store,"[""store_terminal"", ""storefront_item"", ""decor_shop_thumbnail""]",TextureRect,icon_ui,BehindPlayerIcons,0.5,-120,"Iconography asset; use for UI, badges, decals, signage, screen graphics, or markers.",World stamping of UI-first icons may look like a flat sticker.
pvg_icon_cyber_city_icons_store_carton_2_21c67fdc,cyber_city_icons,res://assets/tilesets/cyber_city_core_tilesets/Store_Items/CyberCity_Icons/CyberCity_Icons/Carton_2.png,Carton_2.png,individual_png,,512,512,"[123, 26, 364, 487]",64.206,READY_UI_ICON,store,"[""store_terminal"", ""storefront_item"", ""decor_shop_thumbnail""]",TextureRect,icon_ui,BehindPlayerIcons,0.5,-120,"Iconography asset; use for UI, badges, decals, signage, screen graphics, or markers.",World stamping of UI-first icons may look like a flat sticker.
pvg_icon_cyber_city_icons_store_carton_3_46c1c2d3,cyber_city_icons,res://assets/tilesets/cyber_city_core_tilesets/Store_Items/CyberCity_Icons/CyberCity_Icons/Carton_3.png,Carton_3.png,individual_png,,512,512,"[131, 33, 369, 499]",64.587,READY_UI_ICON,store,"[""store_terminal"", ""storefront_item"", ""decor_shop_thumbnail""]",TextureRect,icon_ui,BehindPlayerIcons,0.5,-120,"Iconography asset; use for UI, badges, decals, signage, screen graphics, or markers.",World stamping of UI-first icons may look like a flat sticker.
pvg_icon_cyber_city_icons_store_carton_4_58043e3a,cyber_city_icons,res://assets/tilesets/cyber_city_core_tilesets/Store_Items/CyberCity_Icons/CyberCity_Icons/Carton_4.png,Carton_4.png,individual_png,,512,512,"[163, 17, 344, 505]",70.883,READY_UI_ICON,store,"[""store_terminal"", ""storefront_item"", ""decor_shop_thumbnail""]",TextureRect,icon_ui,BehindPlayerIcons,0.5,-120,"Iconography asset; use for UI, badges, decals, signage, screen graphics, or markers.",World stamping of UI-first icons may look like a flat sticker.
pvg_icon_cyber_city_icons_currency_cashregister_1_a24cac28,cyber_city_icons,res://assets/tilesets/cyber_city_core_tilesets/Store_Items/CyberCity_Icons/CyberCity_Icons/CashRegister_1.png,CashRegister_1.png,individual_png,,512,512,"[58, 71, 409, 454]",63.256,READY_UI_ICON,currency,"[""store_terminal"", ""storefront_item"", ""inventory_icon""]",TextureRect,icon_ui,BehindPlayerIcons,0.5,-120,"Iconography asset; use for UI, badges, decals, signage, screen graphics, or markers.",World stamping of UI-first icons may look like a flat sticker.
pvg_icon_cyber_city_icons_currency_cashregister_2_d307abba,cyber_city_icons,res://assets/tilesets/cyber_city_core_tilesets/Store_Items/CyberCity_Icons/CyberCity_Icons/CashRegister_2.png,CashRegister_2.png,individual_png,,512,512,"[25, 24, 431, 463]",54.326,READY_UI_ICON,currency,"[""store_terminal"", ""storefront_item"", ""inventory_icon""]",TextureRect,icon_ui,BehindPlayerIcons,0.5,-120,"Iconography asset; use for UI, badges, decals, signage, screen graphics, or markers.",World stamping of UI-first icons may look like a flat sticker.
pvg_icon_cyber_city_icons_cyber_cctv_1_8d967054,cyber_city_icons,res://assets/tilesets/cyber_city_core_tilesets/Store_Items/CyberCity_Icons/CyberCity_Icons/CCTV_1.png,CCTV_1.png,individual_png,,512,512,"[45, 49, 478, 465]",52.888,READY_BOTH,cyber,"[""scheme_card"", ""screen_graphic"", ""world_decal""]",TextureRect,icon_both,OccludableIcons,0.5,90,"Iconography asset; use for UI, badges, decals, signage, screen graphics, or markers.",
pvg_icon_cyber_city_icons_cyber_cellphone_1_8e19e240,cyber_city_icons,res://assets/tilesets/cyber_city_core_tilesets/Store_Items/CyberCity_Icons/CyberCity_Icons/Cellphone_1.png,Cellphone_1.png,individual_png,,512,512,"[158, 27, 390, 502]",64.222,READY_BOTH,cyber,"[""scheme_card"", ""screen_graphic"", ""world_decal""]",TextureRect,icon_both,OccludableIcons,0.5,90,"Iconography asset; use for UI, badges, decals, signage, screen graphics, or markers.",
pvg_icon_cyber_city_icons_cyber_chair_1_671ca6b3,cyber_city_icons,res://assets/tilesets/cyber_city_core_tilesets/Store_Items/CyberCity_Icons/CyberCity_Icons/Chair_1.png,Chair_1.png,individual_png,,512,512,"[93, 1, 391, 505]",78.71,READY_BOTH,cyber,"[""scheme_card"", ""screen_graphic"", ""world_decal""]",TextureRect,icon_both,OccludableIcons,0.5,90,"Iconography asset; use for UI, badges, decals, signage, screen graphics, or markers.",
pvg_icon_cyber_city_icons_cyber_chair_10_491d1402,cyber_city_icons,res://assets/tilesets/cyber_city_core_tilesets/Store_Items/CyberCity_Icons/CyberCity_Icons/Chair_10.png,Chair_10.png,individual_png,,512,512,"[96, 20, 440, 502]",80.065,READY_BOTH,cyber,"[""scheme_card"", ""screen_graphic"", ""world_decal""]",TextureRect,icon_both,OccludableIcons,0.5,90,"Iconography asset; use for UI, badges, decals, signage, screen graphics, or markers.",
pvg_icon_cyber_city_icons_cyber_chair_11_9e0f7ca2,cyber_city_icons,res://assets/tilesets/cyber_city_core_tilesets/Store_Items/CyberCity_Icons/CyberCity_Icons/Chair_11.png,Chair_11.png,individual_png,,512,512,"[108, 6, 399, 510]",77.355,READY_BOTH,cyber,"[""scheme_card"", ""screen_graphic"", ""world_decal""]",TextureRect,icon_both,OccludableIcons,0.5,90,"Iconography asset; use for UI, badges, decals, signage, screen graphics, or markers.",
pvg_icon_cyber_city_icons_cyber_chair_12_033a41e2,cyber_city_icons,res://assets/tilesets/cyber_city_core_tilesets/Store_Items/CyberCity_Icons/CyberCity_Icons/Chair_12.png,Chair_12.png,individual_png,,512,512,"[5, 33, 504, 480]",52.607,READY_BOTH,cyber,"[""scheme_card"", ""screen_graphic"", ""world_decal""]",TextureRect,icon_both,OccludableIcons,0.5,90,"Iconography asset; use for UI, badges, decals, signage, screen graphics, or markers.",
pvg_icon_cyber_city_icons_cyber_chair_13_24ecaf25,cyber_city_icons,res://assets/tilesets/cyber_city_core_tilesets/Store_Items/CyberCity_Icons/CyberCity_Icons/Chair_13.png,Chair_13.png,individual_png,,512,512,"[76, 18, 411, 499]",77.052,READY_BOTH,cyber,"[""scheme_card"", ""screen_graphic"", ""world_decal""]",TextureRect,icon_both,OccludableIcons,0.5,90,"Iconography asset; use for UI, badges, decals, signage, screen graphics, or markers.",
pvg_icon_cyber_city_icons_cyber_chair_14_e0387b26,cyber_city_icons,res://assets/tilesets/cyber_city_core_tilesets/Store_Items/CyberCity_Icons/CyberCity_Icons/Chair_14.png,Chair_14.png,individual_png,,512,512,"[67, 6, 468, 496]",63.45,READY_BOTH,cyber,"[""scheme_card"", ""screen_graphic"", ""world_decal""]",TextureRect,icon_both,OccludableIcons,0.5,90,"Iconography asset; use for UI, badges, decals, signage, screen graphics, or markers.",
pvg_icon_cyber_city_icons_cyber_chair_15_9bc72cae,cyber_city_icons,res://assets/tilesets/cyber_city_core_tilesets/Store_Items/CyberCity_Icons/CyberCity_Icons/Chair_15.png,Chair_15.png,individual_png,,512,512,"[82, 11, 446, 495]",77.667,READY_BOTH,cyber,"[""scheme_card"", ""screen_graphic"", ""world_decal""]",TextureRect,icon_both,OccludableIcons,0.5,90,"Iconography asset; use for UI, badges, decals, signage, screen graphics, or markers.",
pvg_icon_cyber_city_icons_cyber_chair_16_b1186353,cyber_city_icons,res://assets/tilesets/cyber_city_core_tilesets/Store_Items/CyberCity_Icons/CyberCity_Icons/Chair_16.png,Chair_16.png,individual_png,,512,512,"[136, 17, 421, 499]",60.523,READY_BOTH,cyber,"[""scheme_card"", ""screen_graphic"", ""world_decal""]",TextureRect,icon_both,OccludableIcons,0.5,90,"Iconography asset; use for UI, badges, decals, signage, screen graphics, or markers.",
pvg_icon_cyber_city_icons_cyber_chair_17_eddacfbd,cyber_city_icons,res://assets/tilesets/cyber_city_core_tilesets/Store_Items/CyberCity_Icons/CyberCity_Icons/Chair_17.png,Chair_17.png,individual_png,,512,512,"[155, 17, 426, 489]",80.757,READY_BOTH,cyber,"[""scheme_card"", ""screen_graphic"", ""world_decal""]",TextureRect,icon_both,OccludableIcons,0.5,90,"Iconography asset; use for UI, badges, decals, signage, screen graphics, or markers.",
pvg_icon_cyber_city_icons_cyber_chair_18_4a3779fa,cyber_city_icons,res://assets/tilesets/cyber_city_core_tilesets/Store_Items/CyberCity_Icons/CyberCity_Icons/Chair_18.png,Chair_18.png,individual_png,,512,512,"[108, 10, 398, 509]",82.933,READY_BOTH,cyber,"[""scheme_card"", ""screen_graphic"", ""world_decal""]",TextureRect,icon_both,OccludableIcons,0.5,90,"Iconography asset; use for UI, badges, decals, signage, screen graphics, or markers.",
pvg_icon_cyber_city_icons_cyber_chair_19_4334b757,cyber_city_icons,res://assets/tilesets/cyber_city_core_tilesets/Store_Items/CyberCity_Icons/CyberCity_Icons/Chair_19.png,Chair_19.png,individual_png,,512,512,"[87, 11, 385, 506]",71.321,READY_BOTH,cyber,"[""scheme_card"", ""screen_graphic"", ""world_decal""]",TextureRect,icon_both,OccludableIcons,0.5,90,"Iconography asset; use for UI, badges, decals, signage, screen graphics, or markers.",
pvg_icon_cyber_city_icons_cyber_chair_2_d6d872d3,cyber_city_icons,res://assets/tilesets/cyber_city_core_tilesets/Store_Items/CyberCity_Icons/CyberCity_Icons/Chair_2.png,Chair_2.png,individual_png,,512,512,"[76, 12, 403, 501]",73.509,READY_BOTH,cyber,"[""scheme_card"", ""screen_graphic"", ""world_decal""]",TextureRect,icon_both,OccludableIcons,0.5,90,"Iconography asset; use for UI, badges, decals, signage, screen graphics, or markers.",
pvg_icon_cyber_city_icons_cyber_chair_3_ed19ecb1,cyber_city_icons,res://assets/tilesets/cyber_city_core_tilesets/Store_Items/CyberCity_Icons/CyberCity_Icons/Chair_3.png,Chair_3.png,individual_png,,512,512,"[66, 9, 384, 495]",65.788,READY_BOTH,cyber,"[""scheme_card"", ""screen_graphic"", ""world_decal""]",TextureRect,icon_both,OccludableIcons,0.5,90,"Iconography asset; use for UI, badges, decals, signage, screen graphics, or markers.",
pvg_icon_cyber_city_icons_cyber_chair_4_54517a16,cyber_city_icons,res://assets/tilesets/cyber_city_core_tilesets/Store_Items/CyberCity_Icons/CyberCity_Icons/Chair_4.png,Chair_4.png,individual_png,,512,512,"[140, 2, 375, 505]",83.224,READY_BOTH,cyber,"[""scheme_card"", ""screen_graphic"", ""world_decal""]",TextureRect,icon_both,OccludableIcons,0.5,90,"Iconography asset; use for UI, badges, decals, signage, screen graphics, or markers.",
pvg_icon_cyber_city_icons_cyber_chair_5_286ad72b,cyber_city_icons,res://assets/tilesets/cyber_city_core_tilesets/Store_Items/CyberCity_Icons/CyberCity_Icons/Chair_5.png,Chair_5.png,individual_png,,512,512,"[104, 13, 376, 508]",70.967,READY_BOTH,cyber,"[""scheme_card"", ""screen_graphic"", ""world_decal""]",TextureRect,icon_both,OccludableIcons,0.5,90,"Iconography asset; use for UI, badges, decals, signage, screen graphics, or markers.",
pvg_icon_cyber_city_icons_cyber_chair_6_6e47048a,cyber_city_icons,res://assets/tilesets/cyber_city_core_tilesets/Store_Items/CyberCity_Icons/CyberCity_Icons/Chair_6.png,Chair_6.png,individual_png,,512,512,"[128, 11, 329, 500]",78.703,READY_BOTH,cyber,"[""scheme_card"", ""screen_graphic"", ""world_decal""]",TextureRect,icon_both,OccludableIcons,0.5,90,"Iconography asset; use for UI, badges, decals, signage, screen graphics, or markers.",
pvg_icon_cyber_city_icons_cyber_chair_7_9311c37b,cyber_city_icons,res://assets/tilesets/cyber_city_core_tilesets/Store_Items/CyberCity_Icons/CyberCity_Icons/Chair_7.png,Chair_7.png,individual_png,,512,512,"[116, 19, 386, 503]",82.966,READY_BOTH,cyber,"[""scheme_card"", ""screen_graphic"", ""world_decal""]",TextureRect,icon_both,OccludableIcons,0.5,90,"Iconography asset; use for UI, badges, decals, signage, screen graphics, or markers.",
pvg_icon_cyber_city_icons_cyber_chair_8_9240cd80,cyber_city_icons,res://assets/tilesets/cyber_city_core_tilesets/Store_Items/CyberCity_Icons/CyberCity_Icons/Chair_8.png,Chair_8.png,individual_png,,512,512,"[129, 14, 394, 508]",77.114,READY_BOTH,cyber,"[""scheme_card"", ""screen_graphic"", ""world_decal""]",TextureRect,icon_both,OccludableIcons,0.5,90,"Iconography asset; use for UI, badges, decals, signage, screen graphics, or markers.",
pvg_icon_cyber_city_icons_cyber_chair_9_bc4245eb,cyber_city_icons,res://assets/tilesets/cyber_city_core_tilesets/Store_Items/CyberCity_Icons/CyberCity_Icons/Chair_9.png,Chair_9.png,individual_png,,512,512,"[29, 28, 498, 485]",47.183,READY_BOTH,cyber,"[""scheme_card"", ""screen_graphic"", ""world_decal""]",TextureRect,icon_both,OccludableIcons,0.5,90,"Iconography asset; use for UI, badges, decals, signage, screen graphics, or markers.",
pvg_icon_cyber_city_icons_cyber_chandelier_1_52d4cedc,cyber_city_icons,res://assets/tilesets/cyber_city_core_tilesets/Store_Items/CyberCity_Icons/CyberCity_Icons/Chandelier_1.png,Chandelier_1.png,individual_png,,512,512,"[176, 7, 292, 507]",84.236,READY_BOTH,cyber,"[""scheme_card"", ""screen_graphic"", ""world_decal""]",TextureRect,icon_both,OccludableIcons,0.5,90,"Iconography asset; use for UI, badges, decals, signage, screen graphics, or markers.",
pvg_icon_cyber_city_icons_cyber_chargingstation_1_75629880,cyber_city_icons,res://assets/tilesets/cyber_city_core_tilesets/Store_Items/CyberCity_Icons/CyberCity_Icons/ChargingStation_1.png,ChargingStation_1.png,individual_png,,512,512,"[28, 4, 500, 502]",56.245,READY_BOTH,cyber,"[""scheme_card"", ""screen_graphic"", ""world_decal""]",TextureRect,icon_both,OccludableIcons,0.5,90,"Iconography asset; use for UI, badges, decals, signage, screen graphics, or markers.",
pvg_icon_cyber_city_icons_cyber_chopsticks_1_0f2a5a93,cyber_city_icons,res://assets/tilesets/cyber_city_core_tilesets/Store_Items/CyberCity_Icons/CyberCity_Icons/Chopsticks_1.png,Chopsticks_1.png,individual_png,,512,512,"[123, 2, 338, 502]",82.067,READY_BOTH,cyber,"[""scheme_card"", ""screen_graphic"", ""world_decal""]",TextureRect,icon_both,OccludableIcons,0.5,90,"Iconography asset; use for UI, badges, decals, signage, screen graphics, or markers.",
pvg_icon_cyber_city_icons_cyber_chopsticks_2_3c6a1991,cyber_city_icons,res://assets/tilesets/cyber_city_core_tilesets/Store_Items/CyberCity_Icons/CyberCity_Icons/Chopsticks_2.png,Chopsticks_2.png,individual_png,,512,512,"[131, 20, 320, 468]",83.686,READY_BOTH,cyber,"[""scheme_card"", ""screen_graphic"", ""world_decal""]",TextureRect,icon_both,OccludableIcons,0.5,90,"Iconography asset; use for UI, badges, decals, signage, screen graphics, or markers.",
pvg_icon_cyber_city_icons_security_clock_1_dc5c43c9,cyber_city_icons,res://assets/tilesets/cyber_city_core_tilesets/Store_Items/CyberCity_Icons/CyberCity_Icons/Clock_1.png,Clock_1.png,individual_png,,512,512,"[109, 86, 438, 449]",64.244,READY_BOTH,security,"[""security_indicator"", ""warning_indicator"", ""mission_board"", ""world_decal"", ""screen_graphic""]",TextureRect,icon_both,OccludableIcons,0.5,90,"Iconography asset; use for UI, badges, decals, signage, screen graphics, or markers.",
pvg_icon_cyber_city_icons_security_clock_2_68e0ea0a,cyber_city_icons,res://assets/tilesets/cyber_city_core_tilesets/Store_Items/CyberCity_Icons/CyberCity_Icons/Clock_2.png,Clock_2.png,individual_png,,512,512,"[141, 6, 363, 501]",71.539,READY_BOTH,security,"[""security_indicator"", ""warning_indicator"", ""mission_board"", ""world_decal"", ""screen_graphic""]",TextureRect,icon_both,OccludableIcons,0.5,90,"Iconography asset; use for UI, badges, decals, signage, screen graphics, or markers.",
pvg_icon_cyber_city_icons_cyber_clothingpile_1_b2ef1c0c,cyber_city_icons,res://assets/tilesets/cyber_city_core_tilesets/Store_Items/CyberCity_Icons/CyberCity_Icons/ClothingPile_1.png,ClothingPile_1.png,individual_png,,512,512,"[16, 133, 492, 473]",57.457,READY_BOTH,cyber,"[""scheme_card"", ""screen_graphic"", ""world_decal""]",TextureRect,icon_both,OccludableIcons,0.5,90,"Iconography asset; use for UI, badges, decals, signage, screen graphics, or markers.",
pvg_icon_cyber_city_icons_cyber_clothingpile_2_fa1889a4,cyber_city_icons,res://assets/tilesets/cyber_city_core_tilesets/Store_Items/CyberCity_Icons/CyberCity_Icons/ClothingPile_2.png,ClothingPile_2.png,individual_png,,512,512,"[6, 149, 509, 437]",69.812,READY_BOTH,cyber,"[""scheme_card"", ""screen_graphic"", ""world_decal""]",TextureRect,icon_both,OccludableIcons,0.5,90,"Iconography asset; use for UI, badges, decals, signage, screen graphics, or markers.",
pvg_icon_cyber_city_icons_cyber_clothingpile_3_0dce16fe,cyber_city_icons,res://assets/tilesets/cyber_city_core_tilesets/Store_Items/CyberCity_Icons/CyberCity_Icons/ClothingPile_3.png,ClothingPile_3.png,individual_png,,512,512,"[5, 111, 494, 459]",55.404,READY_BOTH,cyber,"[""scheme_card"", ""screen_graphic"", ""world_decal""]",TextureRect,icon_both,OccludableIcons,0.5,90,"Iconography asset; use for UI, badges, decals, signage, screen graphics, or markers.",
pvg_icon_cyber_city_icons_cyber_clothingpile_4_f5663c30,cyber_city_icons,res://assets/tilesets/cyber_city_core_tilesets/Store_Items/CyberCity_Icons/CyberCity_Icons/ClothingPile_4.png,ClothingPile_4.png,individual_png,,512,512,"[9, 127, 491, 477]",58.949,READY_BOTH,cyber,"[""scheme_card"", ""screen_graphic"", ""world_decal""]",TextureRect,icon_both,OccludableIcons,0.5,90,"Iconography asset; use for UI, badges, decals, signage, screen graphics, or markers.",
pvg_icon_cyber_city_icons_cyber_coffee_1_68384049,cyber_city_icons,res://assets/tilesets/cyber_city_core_tilesets/Store_Items/CyberCity_Icons/CyberCity_Icons/Coffee_1.png,Coffee_1.png,individual_png,,512,512,"[55, 140, 413, 425]",70.653,READY_BOTH,cyber,"[""scheme_card"", ""screen_graphic"", ""world_decal""]",TextureRect,icon_both,OccludableIcons,0.5,90,"Iconography asset; use for UI, badges, decals, signage, screen graphics, or markers.",
pvg_icon_cyber_city_icons_cyber_coffeetable_1_5b8def5f,cyber_city_icons,res://assets/tilesets/cyber_city_core_tilesets/Store_Items/CyberCity_Icons/CyberCity_Icons/CoffeeTable_1.png,CoffeeTable_1.png,individual_png,,512,512,"[5, 139, 508, 437]",75.781,READY_BOTH,cyber,"[""scheme_card"", ""screen_graphic"", ""world_decal""]",TextureRect,icon_both,OccludableIcons,0.5,90,"Iconography asset; use for UI, badges, decals, signage, screen graphics, or markers.",
pvg_icon_cyber_city_icons_terminal_computer_1_f4133522,cyber_city_icons,res://assets/tilesets/cyber_city_core_tilesets/Store_Items/CyberCity_Icons/CyberCity_Icons/Computer_1.png,Computer_1.png,individual_png,,512,512,"[11, 97, 488, 392]",64.066,READY_BOTH,terminal,"[""store_terminal"", ""screen_graphic"", ""terminal"", ""world_decal""]",TextureRect,icon_both,OccludableIcons,0.5,90,"Iconography asset; use for UI, badges, decals, signage, screen graphics, or markers.",
pvg_icon_cyber_city_icons_terminal_computer_2_367c3608,cyber_city_icons,res://assets/tilesets/cyber_city_core_tilesets/Store_Items/CyberCity_Icons/CyberCity_Icons/Computer_2.png,Computer_2.png,individual_png,,512,512,"[22, 56, 499, 453]",61.758,READY_BOTH,terminal,"[""store_terminal"", ""screen_graphic"", ""terminal"", ""world_decal""]",TextureRect,icon_both,OccludableIcons,0.5,90,"Iconography asset; use for UI, badges, decals, signage, screen graphics, or markers.",
pvg_icon_cyber_city_icons_terminal_computer_3_42dd7954,cyber_city_icons,res://assets/tilesets/cyber_city_core_tilesets/Store_Items/CyberCity_Icons/CyberCity_Icons/Computer_3.png,Computer_3.png,individual_png,,512,512,"[7, 36, 506, 446]",65.121,READY_BOTH,terminal,"[""store_terminal"", ""screen_graphic"", ""terminal"", ""world_decal""]",TextureRect,icon_both,OccludableIcons,0.5,90,"Iconography asset; use for UI, badges, decals, signage, screen graphics, or markers.",
pvg_icon_cyber_city_icons_terminal_computer_4_c1b95187,cyber_city_icons,res://assets/tilesets/cyber_city_core_tilesets/Store_Items/CyberCity_Icons/CyberCity_Icons/Computer_4.png,Computer_4.png,individual_png,,512,512,"[153, 12, 332, 505]",73.676,READY_BOTH,terminal,"[""store_terminal"", ""screen_graphic"", ""terminal"", ""world_decal""]",TextureRect,icon_both,OccludableIcons,0.5,90,"Iconography asset; use for UI, badges, decals, signage, screen graphics, or markers.",
pvg_icon_cyber_city_icons_terminal_computer_5_14028f24,cyber_city_icons,res://assets/tilesets/cyber_city_core_tilesets/Store_Items/CyberCity_Icons/CyberCity_Icons/Computer_5.png,Computer_5.png,individual_png,,512,512,"[71, 17, 461, 477]",61.058,READY_BOTH,terminal,"[""store_terminal"", ""screen_graphic"", ""terminal"", ""world_decal""]",TextureRect,icon_both,OccludableIcons,0.5,90,"Iconography asset; use for UI, badges, decals, signage, screen graphics, or markers.",
pvg_icon_cyber_city_icons_terminal_computerstation_1_daf610b6,cyber_city_icons,res://assets/tilesets/cyber_city_core_tilesets/Store_Items/CyberCity_Icons/CyberCity_Icons/ComputerStation_1.png,ComputerStation_1.png,individual_png,,512,512,"[5, 43, 507, 459]",47.489,READY_BOTH,terminal,"[""store_terminal"", ""screen_graphic"", ""terminal"", ""world_decal""]",TextureRect,icon_both,OccludableIcons,0.5,90,"Iconography asset; use for UI, badges, decals, signage, screen graphics, or markers.",
pvg_icon_cyber_city_icons_terminal_computertower_1_c0ef2fd6,cyber_city_icons,res://assets/tilesets/cyber_city_core_tilesets/Store_Items/CyberCity_Icons/CyberCity_Icons/ComputerTower_1.png,ComputerTower_1.png,individual_png,,512,512,"[28, 26, 440, 495]",38.158,READY_BOTH,terminal,"[""store_terminal"", ""screen_graphic"", ""terminal"", ""world_decal""]",TextureRect,icon_both,OccludableIcons,0.5,90,"Iconography asset; use for UI, badges, decals, signage, screen graphics, or markers.",
pvg_icon_cyber_city_icons_cyber_console_1_54ca0645,cyber_city_icons,res://assets/tilesets/cyber_city_core_tilesets/Store_Items/CyberCity_Icons/CyberCity_Icons/Console_1.png,Console_1.png,individual_png,,512,512,"[30, 16, 484, 501]",50.943,READY_BOTH,cyber,"[""scheme_card"", ""screen_graphic"", ""world_decal""]",TextureRect,icon_both,OccludableIcons,0.5,90,"Iconography asset; use for UI, badges, decals, signage, screen graphics, or markers.",
pvg_icon_cyber_city_icons_cyber_container_1_e472cf1f,cyber_city_icons,res://assets/tilesets/cyber_city_core_tilesets/Store_Items/CyberCity_Icons/CyberCity_Icons/Container_1.png,Container_1.png,individual_png,,512,512,"[48, 22, 429, 474]",43.739,READY_BOTH,cyber,"[""scheme_card"", ""screen_graphic"", ""world_decal""]",TextureRect,icon_both,OccludableIcons,0.5,90,"Iconography asset; use for UI, badges, decals, signage, screen graphics, or markers.",
pvg_icon_cyber_city_icons_cyber_container_10_9671d104,cyber_city_icons,res://assets/tilesets/cyber_city_core_tilesets/Store_Items/CyberCity_Icons/CyberCity_Icons/Container_10.png,Container_10.png,individual_png,,512,512,"[10, 99, 504, 437]",60.609,READY_BOTH,cyber,"[""scheme_card"", ""screen_graphic"", ""world_decal""]",TextureRect,icon_both,OccludableIcons,0.5,90,"Iconography asset; use for UI, badges, decals, signage, screen graphics, or markers.",
pvg_icon_cyber_city_icons_cyber_container_11_724b168c,cyber_city_icons,res://assets/tilesets/cyber_city_core_tilesets/Store_Items/CyberCity_Icons/CyberCity_Icons/Container_11.png,Container_11.png,individual_png,,512,512,"[38, 57, 479, 481]",45.805,READY_BOTH,cyber,"[""scheme_card"", ""screen_graphic"", ""world_decal""]",TextureRect,icon_both,OccludableIcons,0.5,90,"Iconography asset; use for UI, badges, decals, signage, screen graphics, or markers.",
pvg_icon_cyber_city_icons_cyber_container_12_a0749085,cyber_city_icons,res://assets/tilesets/cyber_city_core_tilesets/Store_Items/CyberCity_Icons/CyberCity_Icons/Container_12.png,Container_12.png,individual_png,,512,512,"[28, 33, 490, 487]",40.27,READY_BOTH,cyber,"[""scheme_card"", ""screen_graphic"", ""world_decal""]",TextureRect,icon_both,OccludableIcons,0.5,90,"Iconography asset; use for UI, badges, decals, signage, screen graphics, or markers.",
pvg_icon_cyber_city_icons_cyber_container_13_c3ae598a,cyber_city_icons,res://assets/tilesets/cyber_city_core_tilesets/Store_Items/CyberCity_Icons/CyberCity_Icons/Container_13.png,Container_13.png,individual_png,,512,512,"[11, 101, 491, 429]",55.9,READY_BOTH,cyber,"[""scheme_card"", ""screen_graphic"", ""world_decal""]",TextureRect,icon_both,OccludableIcons,0.5,90,"Iconography asset; use for UI, badges, decals, signage, screen graphics, or markers.",
pvg_icon_cyber_city_icons_cyber_container_14_7f9857d3,cyber_city_icons,res://assets/tilesets/cyber_city_core_tilesets/Store_Items/CyberCity_Icons/CyberCity_Icons/Container_14.png,Container_14.png,individual_png,,512,512,"[95, 18, 425, 508]",46.711,READY_BOTH,cyber,"[""scheme_card"", ""screen_graphic"", ""world_decal""]",TextureRect,icon_both,OccludableIcons,0.5,90,"Iconography asset; use for UI, badges, decals, signage, screen graphics, or markers.",
pvg_icon_cyber_city_icons_cyber_container_15_891425a8,cyber_city_icons,res://assets/tilesets/cyber_city_core_tilesets/Store_Items/CyberCity_Icons/CyberCity_Icons/Container_15.png,Container_15.png,individual_png,,512,512,"[10, 70, 504, 440]",41.784,READY_BOTH,cyber,"[""scheme_card"", ""screen_graphic"", ""world_decal""]",TextureRect,icon_both,OccludableIcons,0.5,90,"Iconography asset; use for UI, badges, decals, signage, screen graphics, or markers.",
pvg_icon_cyber_city_icons_cyber_container_16_901c871a,cyber_city_icons,res://assets/tilesets/cyber_city_core_tilesets/Store_Items/CyberCity_Icons/CyberCity_Icons/Container_16.png,Container_16.png,individual_png,,512,512,"[7, 64, 501, 473]",39.481,READY_BOTH,cyber,"[""scheme_card"", ""screen_graphic"", ""world_decal""]",TextureRect,icon_both,OccludableIcons,0.5,90,"Iconography asset; use for UI, badges, decals, signage, screen graphics, or markers.",
pvg_icon_cyber_city_icons_cyber_container_17_96df2622,cyber_city_icons,res://assets/tilesets/cyber_city_core_tilesets/Store_Items/CyberCity_Icons/CyberCity_Icons/Container_17.png,Container_17.png,individual_png,,512,512,"[7, 75, 505, 443]",39.462,READY_BOTH,cyber,"[""scheme_card"", ""screen_graphic"", ""world_decal""]",TextureRect,icon_both,OccludableIcons,0.5,90,"Iconography asset; use for UI, badges, decals, signage, screen graphics, or markers.",
pvg_icon_cyber_city_icons_cyber_container_18_2b6effda,cyber_city_icons,res://assets/tilesets/cyber_city_core_tilesets/Store_Items/CyberCity_Icons/CyberCity_Icons/Container_18.png,Container_18.png,individual_png,,512,512,"[3, 84, 509, 483]",36.656,READY_BOTH,cyber,"[""scheme_card"", ""screen_graphic"", ""world_decal""]",TextureRect,icon_both,OccludableIcons,0.5,90,"Iconography asset; use for UI, badges, decals, signage, screen graphics, or markers.",
pvg_icon_cyber_city_icons_cyber_container_19_7739f9a6,cyber_city_icons,res://assets/tilesets/cyber_city_core_tilesets/Store_Items/CyberCity_Icons/CyberCity_Icons/Container_19.png,Container_19.png,individual_png,,512,512,"[1, 59, 509, 455]",36.539,READY_BOTH,cyber,"[""scheme_card"", ""screen_graphic"", ""world_decal""]",TextureRect,icon_both,OccludableIcons,0.5,90,"Iconography asset; use for UI, badges, decals, signage, screen graphics, or markers.",
pvg_icon_cyber_city_icons_cyber_container_2_cf117747,cyber_city_icons,res://assets/tilesets/cyber_city_core_tilesets/Store_Items/CyberCity_Icons/CyberCity_Icons/Container_2.png,Container_2.png,individual_png,,512,512,"[60, 4, 472, 503]",33.201,READY_BOTH,cyber,"[""scheme_card"", ""screen_graphic"", ""world_decal""]",TextureRect,icon_both,OccludableIcons,0.5,90,"Iconography asset; use for UI, badges, decals, signage, screen graphics, or markers.",
pvg_icon_cyber_city_icons_cyber_container_20_34434429,cyber_city_icons,res://assets/tilesets/cyber_city_core_tilesets/Store_Items/CyberCity_Icons/CyberCity_Icons/Container_20.png,Container_20.png,individual_png,,512,512,"[7, 70, 510, 455]",36.071,READY_BOTH,cyber,"[""scheme_card"", ""screen_graphic"", ""world_decal""]",TextureRect,icon_both,OccludableIcons,0.5,90,"Iconography asset; use for UI, badges, decals, signage, screen graphics, or markers.",
pvg_icon_cyber_city_icons_cyber_container_21_c8e57693,cyber_city_icons,res://assets/tilesets/cyber_city_core_tilesets/Store_Items/CyberCity_Icons/CyberCity_Icons/Container_21.png,Container_21.png,individual_png,,512,512,"[10, 85, 496, 441]",41.743,READY_BOTH,cyber,"[""scheme_card"", ""screen_graphic"", ""world_decal""]",TextureRect,icon_both,OccludableIcons,0.5,90,"Iconography asset; use for UI, badges, decals, signage, screen graphics, or markers.",
pvg_icon_cyber_city_icons_cyber_container_22_d417aa8a,cyber_city_icons,res://assets/tilesets/cyber_city_core_tilesets/Store_Items/CyberCity_Icons/CyberCity_Icons/Container_22.png,Container_22.png,individual_png,,512,512,"[92, 35, 430, 455]",52.429,READY_BOTH,cyber,"[""scheme_card"", ""screen_graphic"", ""world_decal""]",TextureRect,icon_both,OccludableIcons,0.5,90,"Iconography asset; use for UI, badges, decals, signage, screen graphics, or markers.",
pvg_icon_cyber_city_icons_cyber_container_23_1e2a613f,cyber_city_icons,res://assets/tilesets/cyber_city_core_tilesets/Store_Items/CyberCity_Icons/CyberCity_Icons/Container_23.png,Container_23.png,individual_png,,512,512,"[88, 13, 420, 494]",51.456,READY_BOTH,cyber,"[""scheme_card"", ""screen_graphic"", ""world_decal""]",TextureRect,icon_both,OccludableIcons,0.5,90,"Iconography asset; use for UI, badges, decals, signage, screen graphics, or markers.",
pvg_icon_cyber_city_icons_cyber_container_3_0590c03f,cyber_city_icons,res://assets/tilesets/cyber_city_core_tilesets/Store_Items/CyberCity_Icons/CyberCity_Icons/Container_3.png,Container_3.png,individual_png,,512,512,"[34, 8, 442, 508]",32.921,READY_BOTH,cyber,"[""scheme_card"", ""screen_graphic"", ""world_decal""]",TextureRect,icon_both,OccludableIcons,0.5,90,"Iconography asset; use for UI, badges, decals, signage, screen graphics, or markers.",
pvg_icon_cyber_city_icons_cyber_container_4_a6f012d9,cyber_city_icons,res://assets/tilesets/cyber_city_core_tilesets/Store_Items/CyberCity_Icons/CyberCity_Icons/Container_4.png,Container_4.png,individual_png,,512,512,"[44, 23, 443, 491]",40.62,READY_BOTH,cyber,"[""scheme_card"", ""screen_graphic"", ""world_decal""]",TextureRect,icon_both,OccludableIcons,0.5,90,"Iconography asset; use for UI, badges, decals, signage, screen graphics, or markers.",
pvg_icon_cyber_city_icons_cyber_container_5_7527b567,cyber_city_icons,res://assets/tilesets/cyber_city_core_tilesets/Store_Items/CyberCity_Icons/CyberCity_Icons/Container_5.png,Container_5.png,individual_png,,512,512,"[63, 22, 479, 511]",37.231,READY_BOTH,cyber,"[""scheme_card"", ""screen_graphic"", ""world_decal""]",TextureRect,icon_both,OccludableIcons,0.5,90,"Iconography asset; use for UI, badges, decals, signage, screen graphics, or markers.",
pvg_icon_cyber_city_icons_cyber_container_6_6eb42c31,cyber_city_icons,res://assets/tilesets/cyber_city_core_tilesets/Store_Items/CyberCity_Icons/CyberCity_Icons/Container_6.png,Container_6.png,individual_png,,512,512,"[78, 53, 458, 434]",73.295,READY_BOTH,cyber,"[""scheme_card"", ""screen_graphic"", ""world_decal""]",TextureRect,icon_both,OccludableIcons,0.5,90,"Iconography asset; use for UI, badges, decals, signage, screen graphics, or markers.",
pvg_icon_cyber_city_icons_cyber_container_7_a10c551f,cyber_city_icons,res://assets/tilesets/cyber_city_core_tilesets/Store_Items/CyberCity_Icons/CyberCity_Icons/Container_7.png,Container_7.png,individual_png,,512,512,"[24, 20, 481, 470]",61.131,READY_BOTH,cyber,"[""scheme_card"", ""screen_graphic"", ""world_decal""]",TextureRect,icon_both,OccludableIcons,0.5,90,"Iconography asset; use for UI, badges, decals, signage, screen graphics, or markers.",
pvg_icon_cyber_city_icons_cyber_container_8_8f020266,cyber_city_icons,res://assets/tilesets/cyber_city_core_tilesets/Store_Items/CyberCity_Icons/CyberCity_Icons/Container_8.png,Container_8.png,individual_png,,512,512,"[16, 15, 473, 491]",54.042,READY_BOTH,cyber,"[""scheme_card"", ""screen_graphic"", ""world_decal""]",TextureRect,icon_both,OccludableIcons,0.5,90,"Iconography asset; use for UI, badges, decals, signage, screen graphics, or markers.",
pvg_icon_cyber_city_icons_cyber_container_9_b65665ae,cyber_city_icons,res://assets/tilesets/cyber_city_core_tilesets/Store_Items/CyberCity_Icons/CyberCity_Icons/Container_9.png,Container_9.png,individual_png,,512,512,"[7, 146, 502, 428]",58.708,READY_BOTH,cyber,"[""scheme_card"", ""screen_graphic"", ""world_decal""]",TextureRect,icon_both,OccludableIcons,0.5,90,"Iconography asset; use for UI, badges, decals, signage, screen graphics, or markers.",
pvg_icon_cyber_city_icons_cyber_contrabandcontainer_1_d870845d,cyber_city_icons,res://assets/tilesets/cyber_city_core_tilesets/Store_Items/CyberCity_Icons/CyberCity_Icons/ContrabandContainer_1.png,ContrabandContainer_1.png,individual_png,,512,512,"[116, 3, 411, 508]",53.915,READY_BOTH,cyber,"[""scheme_card"", ""screen_graphic"", ""world_decal""]",TextureRect,icon_both,OccludableIcons,0.5,90,"Iconography asset; use for UI, badges, decals, signage, screen graphics, or markers.",
pvg_icon_cyber_city_icons_cyber_controlconsole_1_fc39a66c,cyber_city_icons,res://assets/tilesets/cyber_city_core_tilesets/Store_Items/CyberCity_Icons/CyberCity_Icons/ControlConsole_1.png,ControlConsole_1.png,individual_png,,512,512,"[1, 146, 510, 427]",58.862,READY_BOTH,cyber,"[""scheme_card"", ""screen_graphic"", ""world_decal""]",TextureRect,icon_both,OccludableIcons,0.5,90,"Iconography asset; use for UI, badges, decals, signage, screen graphics, or markers.",
pvg_icon_cyber_city_icons_cyber_controlconsole_2_754b2c63,cyber_city_icons,res://assets/tilesets/cyber_city_core_tilesets/Store_Items/CyberCity_Icons/CyberCity_Icons/ControlConsole_2.png,ControlConsole_2.png,individual_png,,512,512,"[2, 170, 507, 413]",61.775,READY_BOTH,cyber,"[""scheme_card"", ""screen_graphic"", ""world_decal""]",TextureRect,icon_both,OccludableIcons,0.5,90,"Iconography asset; use for UI, badges, decals, signage, screen graphics, or markers.",
pvg_icon_cyber_city_icons_cyber_couch_1_eba6de45,cyber_city_icons,res://assets/tilesets/cyber_city_core_tilesets/Store_Items/CyberCity_Icons/CyberCity_Icons/Couch_1.png,Couch_1.png,individual_png,,512,512,"[3, 99, 507, 413]",60.585,READY_BOTH,cyber,"[""scheme_card"", ""screen_graphic"", ""world_decal""]",TextureRect,icon_both,OccludableIcons,0.5,90,"Iconography asset; use for UI, badges, decals, signage, screen graphics, or markers.",
pvg_icon_cyber_city_icons_cyber_crate_1_292bf884,cyber_city_icons,res://assets/tilesets/cyber_city_core_tilesets/Store_Items/CyberCity_Icons/CyberCity_Icons/Crate_1.png,Crate_1.png,individual_png,,512,512,"[45, 13, 480, 505]",38.655,READY_BOTH,cyber,"[""scheme_card"", ""screen_graphic"", ""world_decal""]",TextureRect,icon_both,OccludableIcons,0.5,90,"Iconography asset; use for UI, badges, decals, signage, screen graphics, or markers.",
pvg_icon_cyber_city_icons_cyber_crate_10_7c87d828,cyber_city_icons,res://assets/tilesets/cyber_city_core_tilesets/Store_Items/CyberCity_Icons/CyberCity_Icons/Crate_10.png,Crate_10.png,individual_png,,512,512,"[22, 13, 483, 497]",33.242,READY_BOTH,cyber,"[""scheme_card"", ""screen_graphic"", ""world_decal""]",TextureRect,icon_both,OccludableIcons,0.5,90,"Iconography asset; use for UI, badges, decals, signage, screen graphics, or markers.",
pvg_icon_cyber_city_icons_cyber_crate_11_3381de12,cyber_city_icons,res://assets/tilesets/cyber_city_core_tilesets/Store_Items/CyberCity_Icons/CyberCity_Icons/Crate_11.png,Crate_11.png,individual_png,,512,512,"[5, 95, 499, 357]",57.794,READY_BOTH,cyber,"[""scheme_card"", ""screen_graphic"", ""world_decal""]",TextureRect,icon_both,OccludableIcons,0.5,90,"Iconography asset; use for UI, badges, decals, signage, screen graphics, or markers.",
pvg_icon_cyber_city_icons_cyber_crate_12_5fa77293,cyber_city_icons,res://assets/tilesets/cyber_city_core_tilesets/Store_Items/CyberCity_Icons/CyberCity_Icons/Crate_12.png,Crate_12.png,individual_png,,512,512,"[23, 19, 499, 487]",35.478,READY_BOTH,cyber,"[""scheme_card"", ""screen_graphic"", ""world_decal""]",TextureRect,icon_both,OccludableIcons,0.5,90,"Iconography asset; use for UI, badges, decals, signage, screen graphics, or markers.",
pvg_icon_cyber_city_icons_cyber_crate_13_d90f7b3d,cyber_city_icons,res://assets/tilesets/cyber_city_core_tilesets/Store_Items/CyberCity_Icons/CyberCity_Icons/Crate_13.png,Crate_13.png,individual_png,,512,512,"[19, 66, 470, 497]",44.528,READY_BOTH,cyber,"[""scheme_card"", ""screen_graphic"", ""world_decal""]",TextureRect,icon_both,OccludableIcons,0.5,90,"Iconography asset; use for UI, badges, decals, signage, screen graphics, or markers.",
pvg_icon_cyber_city_icons_cyber_crate_14_046951d7,cyber_city_icons,res://assets/tilesets/cyber_city_core_tilesets/Store_Items/CyberCity_Icons/CyberCity_Icons/Crate_14.png,Crate_14.png,individual_png,,512,512,"[15, 65, 504, 450]",37.554,READY_BOTH,cyber,"[""scheme_card"", ""screen_graphic"", ""world_decal""]",TextureRect,icon_both,OccludableIcons,0.5,90,"Iconography asset; use for UI, badges, decals, signage, screen graphics, or markers.",
pvg_icon_cyber_city_icons_cyber_crate_15_1b221309,cyber_city_icons,res://assets/tilesets/cyber_city_core_tilesets/Store_Items/CyberCity_Icons/CyberCity_Icons/Crate_15.png,Crate_15.png,individual_png,,512,512,"[23, 36, 488, 491]",35.328,READY_BOTH,cyber,"[""scheme_card"", ""screen_graphic"", ""world_decal""]",TextureRect,icon_both,OccludableIcons,0.5,90,"Iconography asset; use for UI, badges, decals, signage, screen graphics, or markers.",
pvg_icon_cyber_city_icons_cyber_crate_16_9cb7acd0,cyber_city_icons,res://assets/tilesets/cyber_city_core_tilesets/Store_Items/CyberCity_Icons/CyberCity_Icons/Crate_16.png,Crate_16.png,individual_png,,512,512,"[12, 37, 492, 481]",34.218,READY_BOTH,cyber,"[""scheme_card"", ""screen_graphic"", ""world_decal""]",TextureRect,icon_both,OccludableIcons,0.5,90,"Iconography asset; use for UI, badges, decals, signage, screen graphics, or markers.",
pvg_icon_cyber_city_icons_cyber_crate_17_4b32eee9,cyber_city_icons,res://assets/tilesets/cyber_city_core_tilesets/Store_Items/CyberCity_Icons/CyberCity_Icons/Crate_17.png,Crate_17.png,individual_png,,512,512,"[15, 39, 504, 483]",38.737,READY_BOTH,cyber,"[""scheme_card"", ""screen_graphic"", ""world_decal""]",TextureRect,icon_both,OccludableIcons,0.5,90,"Iconography asset; use for UI, badges, decals, signage, screen graphics, or markers.",
pvg_icon_cyber_city_icons_cyber_crate_18_5b033a2f,cyber_city_icons,res://assets/tilesets/cyber_city_core_tilesets/Store_Items/CyberCity_Icons/CyberCity_Icons/Crate_18.png,Crate_18.png,individual_png,,512,512,"[5, 33, 506, 477]",39.809,READY_BOTH,cyber,"[""scheme_card"", ""screen_graphic"", ""world_decal""]",TextureRect,icon_both,OccludableIcons,0.5,90,"Iconography asset; use for UI, badges, decals, signage, screen graphics, or markers.",
pvg_icon_cyber_city_icons_cyber_crate_19_f5505fe3,cyber_city_icons,res://assets/tilesets/cyber_city_core_tilesets/Store_Items/CyberCity_Icons/CyberCity_Icons/Crate_19.png,Crate_19.png,individual_png,,512,512,"[14, 26, 491, 486]",32.066,READY_BOTH,cyber,"[""scheme_card"", ""screen_graphic"", ""world_decal""]",TextureRect,icon_both,OccludableIcons,0.5,90,"Iconography asset; use for UI, badges, decals, signage, screen graphics, or markers.",
pvg_icon_cyber_city_icons_cyber_crate_2_403f7c16,cyber_city_icons,res://assets/tilesets/cyber_city_core_tilesets/Store_Items/CyberCity_Icons/CyberCity_Icons/Crate_2.png,Crate_2.png,individual_png,,512,512,"[9, 151, 498, 371]",71.674,READY_BOTH,cyber,"[""scheme_card"", ""screen_graphic"", ""world_decal""]",TextureRect,icon_both,OccludableIcons,0.5,90,"Iconography asset; use for UI, badges, decals, signage, screen graphics, or markers.",
pvg_icon_cyber_city_icons_cyber_crate_3_d1b06ad6,cyber_city_icons,res://assets/tilesets/cyber_city_core_tilesets/Store_Items/CyberCity_Icons/CyberCity_Icons/Crate_3.png,Crate_3.png,individual_png,,512,512,"[28, 40, 490, 497]",35.473,READY_BOTH,cyber,"[""scheme_card"", ""screen_graphic"", ""world_decal""]",TextureRect,icon_both,OccludableIcons,0.5,90,"Iconography asset; use for UI, badges, decals, signage, screen graphics, or markers.",
pvg_icon_cyber_city_icons_cyber_crate_4_672a4ff7,cyber_city_icons,res://assets/tilesets/cyber_city_core_tilesets/Store_Items/CyberCity_Icons/CyberCity_Icons/Crate_4.png,Crate_4.png,individual_png,,512,512,"[172, 7, 351, 505]",70.757,READY_BOTH,cyber,"[""scheme_card"", ""screen_graphic"", ""world_decal""]",TextureRect,icon_both,OccludableIcons,0.5,90,"Iconography asset; use for UI, badges, decals, signage, screen graphics, or markers.",
pvg_icon_cyber_city_icons_cyber_crate_5_5ecf3a54,cyber_city_icons,res://assets/tilesets/cyber_city_core_tilesets/Store_Items/CyberCity_Icons/CyberCity_Icons/Crate_5.png,Crate_5.png,individual_png,,512,512,"[46, 54, 505, 482]",43.032,READY_BOTH,cyber,"[""scheme_card"", ""screen_graphic"", ""world_decal""]",TextureRect,icon_both,OccludableIcons,0.5,90,"Iconography asset; use for UI, badges, decals, signage, screen graphics, or markers.",
pvg_icon_cyber_city_icons_cyber_crate_6_af51e4bf,cyber_city_icons,res://assets/tilesets/cyber_city_core_tilesets/Store_Items/CyberCity_Icons/CyberCity_Icons/Crate_6.png,Crate_6.png,individual_png,,512,512,"[15, 71, 501, 495]",35.106,READY_BOTH,cyber,"[""scheme_card"", ""screen_graphic"", ""world_decal""]",TextureRect,icon_both,OccludableIcons,0.5,90,"Iconography asset; use for UI, badges, decals, signage, screen graphics, or markers.",
pvg_icon_cyber_city_icons_cyber_crate_7_6771bd3c,cyber_city_icons,res://assets/tilesets/cyber_city_core_tilesets/Store_Items/CyberCity_Icons/CyberCity_Icons/Crate_7.png,Crate_7.png,individual_png,,512,512,"[6, 116, 508, 430]",54.248,READY_BOTH,cyber,"[""scheme_card"", ""screen_graphic"", ""world_decal""]",TextureRect,icon_both,OccludableIcons,0.5,90,"Iconography asset; use for UI, badges, decals, signage, screen graphics, or markers.",
pvg_icon_cyber_city_icons_cyber_crate_8_58c6d021,cyber_city_icons,res://assets/tilesets/cyber_city_core_tilesets/Store_Items/CyberCity_Icons/CyberCity_Icons/Crate_8.png,Crate_8.png,individual_png,,512,512,"[110, 4, 403, 507]",51.107,READY_BOTH,cyber,"[""scheme_card"", ""screen_graphic"", ""world_decal""]",TextureRect,icon_both,OccludableIcons,0.5,90,"Iconography asset; use for UI, badges, decals, signage, screen graphics, or markers.",
pvg_icon_cyber_city_icons_cyber_crate_9_627fb07d,cyber_city_icons,res://assets/tilesets/cyber_city_core_tilesets/Store_Items/CyberCity_Icons/CyberCity_Icons/Crate_9.png,Crate_9.png,individual_png,,512,512,"[77, 12, 434, 503]",43.37,READY_BOTH,cyber,"[""scheme_card"", ""screen_graphic"", ""world_decal""]",TextureRect,icon_both,OccludableIcons,0.5,90,"Iconography asset; use for UI, badges, decals, signage, screen graphics, or markers.",
pvg_icon_cyber_city_icons_cyber_credstick_1_17cb0ed0,cyber_city_icons,res://assets/tilesets/cyber_city_core_tilesets/Store_Items/CyberCity_Icons/CyberCity_Icons/CredStick_1.png,CredStick_1.png,individual_png,,512,512,"[53, 106, 450, 446]",71.22,READY_BOTH,cyber,"[""scheme_card"", ""screen_graphic"", ""world_decal""]",TextureRect,icon_both,OccludableIcons,0.5,90,"Iconography asset; use for UI, badges, decals, signage, screen graphics, or markers.",
pvg_icon_cyber_city_icons_cyber_crowbar_1_0eb9f385,cyber_city_icons,res://assets/tilesets/cyber_city_core_tilesets/Store_Items/CyberCity_Icons/CyberCity_Icons/Crowbar_1.png,Crowbar_1.png,individual_png,,512,512,"[65, 15, 441, 504]",94.309,READY_BOTH,cyber,"[""scheme_card"", ""screen_graphic"", ""world_decal""]",TextureRect,icon_both,OccludableIcons,0.5,90,"Iconography asset; use for UI, badges, decals, signage, screen graphics, or markers.",
pvg_icon_cyber_city_icons_cyber_crystal_1_caac0f40,cyber_city_icons,res://assets/tilesets/cyber_city_core_tilesets/Store_Items/CyberCity_Icons/CyberCity_Icons/Crystal_1.png,Crystal_1.png,individual_png,,512,512,"[95, 9, 400, 500]",62.911,READY_BOTH,cyber,"[""scheme_card"", ""screen_graphic"", ""world_decal""]",TextureRect,icon_both,OccludableIcons,0.5,90,"Iconography asset; use for UI, badges, decals, signage, screen graphics, or markers.",
pvg_icon_cyber_city_icons_cyber_crystal_2_7f2e6d19,cyber_city_icons,res://assets/tilesets/cyber_city_core_tilesets/Store_Items/CyberCity_Icons/CyberCity_Icons/Crystal_2.png,Crystal_2.png,individual_png,,512,512,"[87, 6, 479, 499]",56.936,READY_BOTH,cyber,"[""scheme_card"", ""screen_graphic"", ""world_decal""]",TextureRect,icon_both,OccludableIcons,0.5,90,"Iconography asset; use for UI, badges, decals, signage, screen graphics, or markers.",
pvg_icon_cyber_city_icons_cyber_crystal_3_234ceb1a,cyber_city_icons,res://assets/tilesets/cyber_city_core_tilesets/Store_Items/CyberCity_Icons/CyberCity_Icons/Crystal_3.png,Crystal_3.png,individual_png,,512,512,"[91, 20, 387, 490]",65.19,READY_BOTH,cyber,"[""scheme_card"", ""screen_graphic"", ""world_decal""]",TextureRect,icon_both,OccludableIcons,0.5,90,"Iconography asset; use for UI, badges, decals, signage, screen graphics, or markers.",
pvg_icon_cyber_city_icons_cyber_cup_1_d2c571ba,cyber_city_icons,res://assets/tilesets/cyber_city_core_tilesets/Store_Items/CyberCity_Icons/CyberCity_Icons/Cup_1.png,Cup_1.png,individual_png,,512,512,"[78, 54, 389, 472]",62.785,READY_BOTH,cyber,"[""scheme_card"", ""screen_graphic"", ""world_decal""]",TextureRect,icon_both,OccludableIcons,0.5,90,"Iconography asset; use for UI, badges, decals, signage, screen graphics, or markers.",
pvg_icon_cyber_city_icons_cyber_cyberpart_1_30f0ce89,cyber_city_icons,res://assets/tilesets/cyber_city_core_tilesets/Store_Items/CyberCity_Icons/CyberCity_Icons/CyberPart_1.png,CyberPart_1.png,individual_png,,512,512,"[70, 20, 446, 481]",87.041,READY_BOTH,cyber,"[""scheme_card"", ""screen_graphic"", ""world_decal""]",TextureRect,icon_both,OccludableIcons,0.5,90,"Iconography asset; use for UI, badges, decals, signage, screen graphics, or markers.",
pvg_icon_cyber_city_icons_cyber_cyberpart_10_cb8d0699,cyber_city_icons,res://assets/tilesets/cyber_city_core_tilesets/Store_Items/CyberCity_Icons/CyberCity_Icons/CyberPart_10.png,CyberPart_10.png,individual_png,,512,512,"[157, 47, 413, 490]",86.063,READY_BOTH,cyber,"[""scheme_card"", ""screen_graphic"", ""world_decal""]",TextureRect,icon_both,OccludableIcons,0.5,90,"Iconography asset; use for UI, badges, decals, signage, screen graphics, or markers.",
pvg_icon_cyber_city_icons_cyber_cyberpart_11_754052fe,cyber_city_icons,res://assets/tilesets/cyber_city_core_tilesets/Store_Items/CyberCity_Icons/CyberCity_Icons/CyberPart_11.png,CyberPart_11.png,individual_png,,512,512,"[86, 34, 423, 491]",62.44,READY_BOTH,cyber,"[""scheme_card"", ""screen_graphic"", ""world_decal""]",TextureRect,icon_both,OccludableIcons,0.5,90,"Iconography asset; use for UI, badges, decals, signage, screen graphics, or markers.",
pvg_icon_cyber_city_icons_cyber_cyberpart_12_fc6509cf,cyber_city_icons,res://assets/tilesets/cyber_city_core_tilesets/Store_Items/CyberCity_Icons/CyberCity_Icons/CyberPart_12.png,CyberPart_12.png,individual_png,,512,512,"[74, 23, 480, 491]",50.091,READY_BOTH,cyber,"[""scheme_card"", ""screen_graphic"", ""world_decal""]",TextureRect,icon_both,OccludableIcons,0.5,90,"Iconography asset; use for UI, badges, decals, signage, screen graphics, or markers.",
pvg_icon_cyber_city_icons_cyber_cyberpart_2_50805d07,cyber_city_icons,res://assets/tilesets/cyber_city_core_tilesets/Store_Items/CyberCity_Icons/CyberCity_Icons/CyberPart_2.png,CyberPart_2.png,individual_png,,512,512,"[28, 94, 492, 427]",66.496,READY_BOTH,cyber,"[""scheme_card"", ""screen_graphic"", ""world_decal""]",TextureRect,icon_both,OccludableIcons,0.5,90,"Iconography asset; use for UI, badges, decals, signage, screen graphics, or markers.",
pvg_icon_cyber_city_icons_cyber_cyberpart_3_ee509e25,cyber_city_icons,res://assets/tilesets/cyber_city_core_tilesets/Store_Items/CyberCity_Icons/CyberCity_Icons/CyberPart_3.png,CyberPart_3.png,individual_png,,512,512,"[40, 142, 453, 373]",82.866,READY_BOTH,cyber,"[""scheme_card"", ""screen_graphic"", ""world_decal""]",TextureRect,icon_both,OccludableIcons,0.5,90,"Iconography asset; use for UI, badges, decals, signage, screen graphics, or markers.",
pvg_icon_cyber_city_icons_cyber_cyberpart_4_87bc2a76,cyber_city_icons,res://assets/tilesets/cyber_city_core_tilesets/Store_Items/CyberCity_Icons/CyberCity_Icons/CyberPart_4.png,CyberPart_4.png,individual_png,,512,512,"[62, 80, 468, 453]",74.725,READY_BOTH,cyber,"[""scheme_card"", ""screen_graphic"", ""world_decal""]",TextureRect,icon_both,OccludableIcons,0.5,90,"Iconography asset; use for UI, badges, decals, signage, screen graphics, or markers.",
pvg_icon_cyber_city_icons_cyber_cyberpart_5_4dc68968,cyber_city_icons,res://assets/tilesets/cyber_city_core_tilesets/Store_Items/CyberCity_Icons/CyberCity_Icons/CyberPart_5.png,CyberPart_5.png,individual_png,,512,512,"[82, 42, 463, 464]",61.504,READY_BOTH,cyber,"[""scheme_card"", ""screen_graphic"", ""world_decal""]",TextureRect,icon_both,OccludableIcons,0.5,90,"Iconography asset; use for UI, badges, decals, signage, screen graphics, or markers.",
pvg_icon_cyber_city_icons_cyber_cyberpart_6_809921c3,cyber_city_icons,res://assets/tilesets/cyber_city_core_tilesets/Store_Items/CyberCity_Icons/CyberCity_Icons/CyberPart_6.png,CyberPart_6.png,individual_png,,512,512,"[56, 18, 483, 494]",82.86,READY_BOTH,cyber,"[""scheme_card"", ""screen_graphic"", ""world_decal""]",TextureRect,icon_both,OccludableIcons,0.5,90,"Iconography asset; use for UI, badges, decals, signage, screen graphics, or markers.",
pvg_icon_cyber_city_icons_cyber_cyberpart_7_b736f7a4,cyber_city_icons,res://assets/tilesets/cyber_city_core_tilesets/Store_Items/CyberCity_Icons/CyberCity_Icons/CyberPart_7.png,CyberPart_7.png,individual_png,,512,512,"[111, 6, 408, 504]",83.882,READY_BOTH,cyber,"[""scheme_card"", ""screen_graphic"", ""world_decal""]",TextureRect,icon_both,OccludableIcons,0.5,90,"Iconography asset; use for UI, badges, decals, signage, screen graphics, or markers.",
pvg_icon_cyber_city_icons_cyber_cyberpart_8_f5468012,cyber_city_icons,res://assets/tilesets/cyber_city_core_tilesets/Store_Items/CyberCity_Icons/CyberCity_Icons/CyberPart_8.png,CyberPart_8.png,individual_png,,512,512,"[41, 19, 477, 483]",58.997,READY_BOTH,cyber,"[""scheme_card"", ""screen_graphic"", ""world_decal""]",TextureRect,icon_both,OccludableIcons,0.5,90,"Iconography asset; use for UI, badges, decals, signage, screen graphics, or markers.",
pvg_icon_cyber_city_icons_cyber_cyberpart_9_7ced229b,cyber_city_icons,res://assets/tilesets/cyber_city_core_tilesets/Store_Items/CyberCity_Icons/CyberCity_Icons/CyberPart_9.png,CyberPart_9.png,individual_png,,512,512,"[5, 49, 486, 464]",71.739,READY_BOTH,cyber,"[""scheme_card"", ""screen_graphic"", ""world_decal""]",TextureRect,icon_both,OccludableIcons,0.5,90,"Iconography asset; use for UI, badges, decals, signage, screen graphics, or markers.",
pvg_icon_cyber_city_icons_cyber_cyborgbrain_1_1cdbb6d6,cyber_city_icons,res://assets/tilesets/cyber_city_core_tilesets/Store_Items/CyberCity_Icons/CyberCity_Icons/CyborgBrain_1.png,CyborgBrain_1.png,individual_png,,512,512,"[22, 57, 482, 460]",46.535,READY_BOTH,cyber,"[""scheme_card"", ""screen_graphic"", ""world_decal""]",TextureRect,icon_both,OccludableIcons,0.5,90,"Iconography asset; use for UI, badges, decals, signage, screen graphics, or markers.",
pvg_icon_cyber_city_icons_cyber_cylinder_1_f4fc4d5d,cyber_city_icons,res://assets/tilesets/cyber_city_core_tilesets/Store_Items/CyberCity_Icons/CyberCity_Icons/Cylinder_1.png,Cylinder_1.png,individual_png,,512,512,"[8, 19, 493, 493]",71.878,READY_BOTH,cyber,"[""scheme_card"", ""screen_graphic"", ""world_decal""]",TextureRect,icon_both,OccludableIcons,0.5,90,"Iconography asset; use for UI, badges, decals, signage, screen graphics, or markers.",
pvg_icon_cyber_city_icons_cyber_cylinder_10_d2c92989,cyber_city_icons,res://assets/tilesets/cyber_city_core_tilesets/Store_Items/CyberCity_Icons/CyberCity_Icons/Cylinder_10.png,Cylinder_10.png,individual_png,,512,512,"[0, 0, 374, 500]",61.871,READY_BOTH,cyber,"[""scheme_card"", ""screen_graphic"", ""world_decal""]",TextureRect,icon_both,OccludableIcons,0.5,90,"Iconography asset; use for UI, badges, decals, signage, screen graphics, or markers.",
pvg_icon_cyber_city_icons_cyber_cylinder_11_504228a0,cyber_city_icons,res://assets/tilesets/cyber_city_core_tilesets/Store_Items/CyberCity_Icons/CyberCity_Icons/Cylinder_11.png,Cylinder_11.png,individual_png,,512,512,"[0, 0, 417, 502]",61.337,READY_BOTH,cyber,"[""scheme_card"", ""screen_graphic"", ""world_decal""]",TextureRect,icon_both,OccludableIcons,0.5,90,"Iconography asset; use for UI, badges, decals, signage, screen graphics, or markers.",
pvg_icon_cyber_city_icons_cyber_cylinder_12_a2b41497,cyber_city_icons,res://assets/tilesets/cyber_city_core_tilesets/Store_Items/CyberCity_Icons/CyberCity_Icons/Cylinder_12.png,Cylinder_12.png,individual_png,,512,512,"[0, 0, 395, 499]",61.371,READY_BOTH,cyber,"[""scheme_card"", ""screen_graphic"", ""world_decal""]",TextureRect,icon_both,OccludableIcons,0.5,90,"Iconography asset; use for UI, badges, decals, signage, screen graphics, or markers.",
pvg_icon_cyber_city_icons_cyber_cylinder_13_8aabd977,cyber_city_icons,res://assets/tilesets/cyber_city_core_tilesets/Store_Items/CyberCity_Icons/CyberCity_Icons/Cylinder_13.png,Cylinder_13.png,individual_png,,512,512,"[149, 9, 399, 511]",74.149,READY_BOTH,cyber,"[""scheme_card"", ""screen_graphic"", ""world_decal""]",TextureRect,icon_both,OccludableIcons,0.5,90,"Iconography asset; use for UI, badges, decals, signage, screen graphics, or markers.",
pvg_icon_cyber_city_icons_cyber_cylinder_14_4b441cd1,cyber_city_icons,res://assets/tilesets/cyber_city_core_tilesets/Store_Items/CyberCity_Icons/CyberCity_Icons/Cylinder_14.png,Cylinder_14.png,individual_png,,512,512,"[20, 12, 480, 484]",31.661,READY_BOTH,cyber,"[""scheme_card"", ""screen_graphic"", ""world_decal""]",TextureRect,icon_both,OccludableIcons,0.5,90,"Iconography asset; use for UI, badges, decals, signage, screen graphics, or markers.",
pvg_icon_cyber_city_icons_cyber_cylinder_2_74f4f38d,cyber_city_icons,res://assets/tilesets/cyber_city_core_tilesets/Store_Items/CyberCity_Icons/CyberCity_Icons/Cylinder_2.png,Cylinder_2.png,individual_png,,512,512,"[49, 3, 416, 476]",82.457,READY_BOTH,cyber,"[""scheme_card"", ""screen_graphic"", ""world_decal""]",TextureRect,icon_both,OccludableIcons,0.5,90,"Iconography asset; use for UI, badges, decals, signage, screen graphics, or markers.",
pvg_icon_cyber_city_icons_cyber_cylinder_3_2c1e78b0,cyber_city_icons,res://assets/tilesets/cyber_city_core_tilesets/Store_Items/CyberCity_Icons/CyberCity_Icons/Cylinder_3.png,Cylinder_3.png,individual_png,,512,512,"[119, 11, 415, 506]",52.631,READY_BOTH,cyber,"[""scheme_card"", ""screen_graphic"", ""world_decal""]",TextureRect,icon_both,OccludableIcons,0.5,90,"Iconography asset; use for UI, badges, decals, signage, screen graphics, or markers.",
pvg_icon_cyber_city_icons_cyber_cylinder_4_f87f4914,cyber_city_icons,res://assets/tilesets/cyber_city_core_tilesets/Store_Items/CyberCity_Icons/CyberCity_Icons/Cylinder_4.png,Cylinder_4.png,individual_png,,512,512,"[103, 12, 392, 506]",52.293,READY_BOTH,cyber,"[""scheme_card"", ""screen_graphic"", ""world_decal""]",TextureRect,icon_both,OccludableIcons,0.5,90,"Iconography asset; use for UI, badges, decals, signage, screen graphics, or markers.",
pvg_icon_cyber_city_icons_cyber_cylinder_5_703dd265,cyber_city_icons,res://assets/tilesets/cyber_city_core_tilesets/Store_Items/CyberCity_Icons/CyberCity_Icons/Cylinder_5.png,Cylinder_5.png,individual_png,,512,512,"[107, 10, 394, 486]",55.384,READY_BOTH,cyber,"[""scheme_card"", ""screen_graphic"", ""world_decal""]",TextureRect,icon_both,OccludableIcons,0.5,90,"Iconography asset; use for UI, badges, decals, signage, screen graphics, or markers.",
pvg_icon_cyber_city_icons_cyber_cylinder_6_06d0c7d6,cyber_city_icons,res://assets/tilesets/cyber_city_core_tilesets/Store_Items/CyberCity_Icons/CyberCity_Icons/Cylinder_6.png,Cylinder_6.png,individual_png,,512,512,"[88, 12, 382, 508]",52.104,READY_BOTH,cyber,"[""scheme_card"", ""screen_graphic"", ""world_decal""]",TextureRect,icon_both,OccludableIcons,0.5,90,"Iconography asset; use for UI, badges, decals, signage, screen graphics, or markers.",
pvg_icon_cyber_city_icons_cyber_cylinder_7_9fe46e63,cyber_city_icons,res://assets/tilesets/cyber_city_core_tilesets/Store_Items/CyberCity_Icons/CyberCity_Icons/Cylinder_7.png,Cylinder_7.png,individual_png,,512,512,"[129, 14, 424, 480]",57.449,READY_BOTH,cyber,"[""scheme_card"", ""screen_graphic"", ""world_decal""]",TextureRect,icon_both,OccludableIcons,0.5,90,"Iconography asset; use for UI, badges, decals, signage, screen graphics, or markers.",
pvg_icon_cyber_city_icons_cyber_cylinder_8_81fb5e34,cyber_city_icons,res://assets/tilesets/cyber_city_core_tilesets/Store_Items/CyberCity_Icons/CyberCity_Icons/Cylinder_8.png,Cylinder_8.png,individual_png,,512,512,"[0, 0, 373, 501]",62.878,READY_BOTH,cyber,"[""scheme_card"", ""screen_graphic"", ""world_decal""]",TextureRect,icon_both,OccludableIcons,0.5,90,"Iconography asset; use for UI, badges, decals, signage, screen graphics, or markers.",
pvg_icon_cyber_city_icons_cyber_cylinder_9_09b855a0,cyber_city_icons,res://assets/tilesets/cyber_city_core_tilesets/Store_Items/CyberCity_Icons/CyberCity_Icons/Cylinder_9.png,Cylinder_9.png,individual_png,,512,512,"[0, 0, 395, 495]",64.101,READY_BOTH,cyber,"[""scheme_card"", ""screen_graphic"", ""world_decal""]",TextureRect,icon_both,OccludableIcons,0.5,90,"Iconography asset; use for UI, badges, decals, signage, screen graphics, or markers.",
pvg_icon_cyber_city_icons_tech_datapad_1_a82cc198,cyber_city_icons,res://assets/tilesets/cyber_city_core_tilesets/Store_Items/CyberCity_Icons/CyberCity_Icons/DataPad_1.png,DataPad_1.png,individual_png,,512,512,"[91, 21, 376, 483]",61.563,READY_BOTH,tech,"[""screen_graphic"", ""scheme_card"", ""inventory_icon"", ""world_decal""]",TextureRect,icon_both,OccludableIcons,0.5,90,"Iconography asset; use for UI, badges, decals, signage, screen graphics, or markers.",
pvg_icon_cyber_city_icons_cyber_deco_1_25de0766,cyber_city_icons,res://assets/tilesets/cyber_city_core_tilesets/Store_Items/CyberCity_Icons/CyberCity_Icons/Deco_1.png,Deco_1.png,individual_png,,512,512,"[146, 30, 359, 490]",83.688,READY_BOTH,cyber,"[""scheme_card"", ""screen_graphic"", ""world_decal""]",TextureRect,icon_both,OccludableIcons,0.5,90,"Iconography asset; use for UI, badges, decals, signage, screen graphics, or markers.",
pvg_icon_cyber_city_icons_cyber_deco_2_7e7b9621,cyber_city_icons,res://assets/tilesets/cyber_city_core_tilesets/Store_Items/CyberCity_Icons/CyberCity_Icons/Deco_2.png,Deco_2.png,individual_png,,512,512,"[147, 3, 372, 505]",81.077,READY_BOTH,cyber,"[""scheme_card"", ""screen_graphic"", ""world_decal""]",TextureRect,icon_both,OccludableIcons,0.5,90,"Iconography asset; use for UI, badges, decals, signage, screen graphics, or markers.",
pvg_icon_cyber_city_icons_cyber_deco_3_5f385079,cyber_city_icons,res://assets/tilesets/cyber_city_core_tilesets/Store_Items/CyberCity_Icons/CyberCity_Icons/Deco_3.png,Deco_3.png,individual_png,,512,512,"[24, 14, 496, 499]",56.567,READY_BOTH,cyber,"[""scheme_card"", ""screen_graphic"", ""world_decal""]",TextureRect,icon_both,OccludableIcons,0.5,90,"Iconography asset; use for UI, badges, decals, signage, screen graphics, or markers.",
pvg_icon_cyber_city_icons_cyber_decobowl_1_babf4dd4,cyber_city_icons,res://assets/tilesets/cyber_city_core_tilesets/Store_Items/CyberCity_Icons/CyberCity_Icons/DecoBowl_1.png,DecoBowl_1.png,individual_png,,512,512,"[38, 102, 457, 450]",54.986,READY_BOTH,cyber,"[""scheme_card"", ""screen_graphic"", ""world_decal""]",TextureRect,icon_both,OccludableIcons,0.5,90,"Iconography asset; use for UI, badges, decals, signage, screen graphics, or markers.",
pvg_icon_cyber_city_icons_cyber_decoflag_1_609c943f,cyber_city_icons,res://assets/tilesets/cyber_city_core_tilesets/Store_Items/CyberCity_Icons/CyberCity_Icons/DecoFlag_1.png,DecoFlag_1.png,individual_png,,512,512,"[142, 7, 348, 502]",68.634,READY_BOTH,cyber,"[""scheme_card"", ""screen_graphic"", ""world_decal""]",TextureRect,icon_both,OccludableIcons,0.5,90,"Iconography asset; use for UI, badges, decals, signage, screen graphics, or markers.",
pvg_icon_cyber_city_icons_cyber_decoplate_1_2a584de2,cyber_city_icons,res://assets/tilesets/cyber_city_core_tilesets/Store_Items/CyberCity_Icons/CyberCity_Icons/DecoPlate_1.png,DecoPlate_1.png,individual_png,,512,512,"[27, 95, 490, 435]",53.006,READY_BOTH,cyber,"[""scheme_card"", ""screen_graphic"", ""world_decal""]",TextureRect,icon_both,OccludableIcons,0.5,90,"Iconography asset; use for UI, badges, decals, signage, screen graphics, or markers.",
pvg_icon_cyber_city_icons_cyber_decoplate_2_ee3c2d49,cyber_city_icons,res://assets/tilesets/cyber_city_core_tilesets/Store_Items/CyberCity_Icons/CyberCity_Icons/DecoPlate_2.png,DecoPlate_2.png,individual_png,,512,512,"[53, 6, 445, 502]",47.113,READY_BOTH,cyber,"[""scheme_card"", ""screen_graphic"", ""world_decal""]",TextureRect,icon_both,OccludableIcons,0.5,90,"Iconography asset; use for UI, badges, decals, signage, screen graphics, or markers.",
pvg_icon_cyber_city_icons_cyber_decowall_1_06175e3a,cyber_city_icons,res://assets/tilesets/cyber_city_core_tilesets/Store_Items/CyberCity_Icons/CyberCity_Icons/DecoWall_1.png,DecoWall_1.png,individual_png,,512,512,"[56, 21, 463, 485]",51.677,READY_BOTH,cyber,"[""scheme_card"", ""screen_graphic"", ""world_decal""]",TextureRect,icon_both,OccludableIcons,0.5,90,"Iconography asset; use for UI, badges, decals, signage, screen graphics, or markers.",
pvg_icon_cyber_city_icons_tech_deliciouschip_1_a37806bc,cyber_city_icons,res://assets/tilesets/cyber_city_core_tilesets/Store_Items/CyberCity_Icons/CyberCity_Icons/DeliciousChip_1.png,DeliciousChip_1.png,individual_png,,512,512,"[123, 146, 385, 431]",86.688,READY_BOTH,tech,"[""screen_graphic"", ""scheme_card"", ""inventory_icon"", ""world_decal""]",TextureRect,icon_both,OccludableIcons,0.5,90,"Iconography asset; use for UI, badges, decals, signage, screen graphics, or markers.",
pvg_icon_cyber_city_icons_cyber_desk_1_8313efd1,cyber_city_icons,res://assets/tilesets/cyber_city_core_tilesets/Store_Items/CyberCity_Icons/CyberCity_Icons/Desk_1.png,Desk_1.png,individual_png,,512,512,"[7, 135, 505, 486]",65.598,READY_BOTH,cyber,"[""scheme_card"", ""screen_graphic"", ""world_decal""]",TextureRect,icon_both,OccludableIcons,0.5,90,"Iconography asset; use for UI, badges, decals, signage, screen graphics, or markers.",
pvg_icon_cyber_city_icons_cyber_desk_2_9e7ae883,cyber_city_icons,res://assets/tilesets/cyber_city_core_tilesets/Store_Items/CyberCity_Icons/CyberCity_Icons/Desk_2.png,Desk_2.png,individual_png,,512,512,"[5, 113, 495, 453]",60.785,READY_BOTH,cyber,"[""scheme_card"", ""screen_graphic"", ""world_decal""]",TextureRect,icon_both,OccludableIcons,0.5,90,"Iconography asset; use for UI, badges, decals, signage, screen graphics, or markers.",
pvg_icon_cyber_city_icons_cyber_dishes_1_0a179447,cyber_city_icons,res://assets/tilesets/cyber_city_core_tilesets/Store_Items/CyberCity_Icons/CyberCity_Icons/Dishes_1.png,Dishes_1.png,individual_png,,512,512,"[6, 0, 500, 372]",71.64,READY_BOTH,cyber,"[""scheme_card"", ""screen_graphic"", ""world_decal""]",TextureRect,icon_both,OccludableIcons,0.5,90,"Iconography asset; use for UI, badges, decals, signage, screen graphics, or markers.",
pvg_icon_cyber_city_icons_cyber_dresser_1_d736e107,cyber_city_icons,res://assets/tilesets/cyber_city_core_tilesets/Store_Items/CyberCity_Icons/CyberCity_Icons/Dresser_1.png,Dresser_1.png,individual_png,,512,512,"[11, 85, 506, 426]",53.558,READY_BOTH,cyber,"[""scheme_card"", ""screen_graphic"", ""world_decal""]",TextureRect,icon_both,OccludableIcons,0.5,90,"Iconography asset; use for UI, badges, decals, signage, screen graphics, or markers.",
pvg_icon_cyber_city_icons_cyber_dresser_2_112f0fbf,cyber_city_icons,res://assets/tilesets/cyber_city_core_tilesets/Store_Items/CyberCity_Icons/CyberCity_Icons/Dresser_2.png,Dresser_2.png,individual_png,,512,512,"[14, 85, 496, 483]",40.055,READY_BOTH,cyber,"[""scheme_card"", ""screen_graphic"", ""world_decal""]",TextureRect,icon_both,OccludableIcons,0.5,90,"Iconography asset; use for UI, badges, decals, signage, screen graphics, or markers.",
pvg_icon_cyber_city_icons_cyber_drink_1_a53b0a2d,cyber_city_icons,res://assets/tilesets/cyber_city_core_tilesets/Store_Items/CyberCity_Icons/CyberCity_Icons/Drink_1.png,Drink_1.png,individual_png,,512,512,"[121, 57, 360, 468]",68.051,READY_BOTH,cyber,"[""scheme_card"", ""screen_graphic"", ""world_decal""]",TextureRect,icon_both,OccludableIcons,0.5,90,"Iconography asset; use for UI, badges, decals, signage, screen graphics, or markers.",
pvg_icon_cyber_city_icons_cyber_drink_10_82e549e2,cyber_city_icons,res://assets/tilesets/cyber_city_core_tilesets/Store_Items/CyberCity_Icons/CyberCity_Icons/Drink_10.png,Drink_10.png,individual_png,,512,512,"[178, 3, 378, 505]",73.444,READY_BOTH,cyber,"[""scheme_card"", ""screen_graphic"", ""world_decal""]",TextureRect,icon_both,OccludableIcons,0.5,90,"Iconography asset; use for UI, badges, decals, signage, screen graphics, or markers.",
pvg_icon_cyber_city_icons_cyber_drink_11_372673d7,cyber_city_icons,res://assets/tilesets/cyber_city_core_tilesets/Store_Items/CyberCity_Icons/CyberCity_Icons/Drink_11.png,Drink_11.png,individual_png,,512,512,"[166, 19, 325, 502]",82.584,READY_BOTH,cyber,"[""scheme_card"", ""screen_graphic"", ""world_decal""]",TextureRect,icon_both,OccludableIcons,0.5,90,"Iconography asset; use for UI, badges, decals, signage, screen graphics, or markers.",
pvg_icon_cyber_city_icons_cyber_drink_12_65f7bd09,cyber_city_icons,res://assets/tilesets/cyber_city_core_tilesets/Store_Items/CyberCity_Icons/CyberCity_Icons/Drink_12.png,Drink_12.png,individual_png,,512,512,"[209, 7, 328, 494]",87.008,READY_BOTH,cyber,"[""scheme_card"", ""screen_graphic"", ""world_decal""]",TextureRect,icon_both,OccludableIcons,0.5,90,"Iconography asset; use for UI, badges, decals, signage, screen graphics, or markers.",
pvg_icon_cyber_city_icons_cyber_drink_13_b4ae9868,cyber_city_icons,res://assets/tilesets/cyber_city_core_tilesets/Store_Items/CyberCity_Icons/CyberCity_Icons/Drink_13.png,Drink_13.png,individual_png,,512,512,"[90, 20, 401, 501]",64.224,READY_BOTH,cyber,"[""scheme_card"", ""screen_graphic"", ""world_decal""]",TextureRect,icon_both,OccludableIcons,0.5,90,"Iconography asset; use for UI, badges, decals, signage, screen graphics, or markers.",
pvg_icon_cyber_city_icons_cyber_drink_14_c5a6ed02,cyber_city_icons,res://assets/tilesets/cyber_city_core_tilesets/Store_Items/CyberCity_Icons/CyberCity_Icons/Drink_14.png,Drink_14.png,individual_png,,512,512,"[165, 10, 316, 503]",84.949,READY_BOTH,cyber,"[""scheme_card"", ""screen_graphic"", ""world_decal""]",TextureRect,icon_both,OccludableIcons,0.5,90,"Iconography asset; use for UI, badges, decals, signage, screen graphics, or markers.",
pvg_icon_cyber_city_icons_cyber_drink_15_fcabb1d9,cyber_city_icons,res://assets/tilesets/cyber_city_core_tilesets/Store_Items/CyberCity_Icons/CyberCity_Icons/Drink_15.png,Drink_15.png,individual_png,,512,512,"[173, 2, 311, 503]",83.355,READY_BOTH,cyber,"[""scheme_card"", ""screen_graphic"", ""world_decal""]",TextureRect,icon_both,OccludableIcons,0.5,90,"Iconography asset; use for UI, badges, decals, signage, screen graphics, or markers.",
pvg_icon_cyber_city_icons_cyber_drink_16_bce84e28,cyber_city_icons,res://assets/tilesets/cyber_city_core_tilesets/Store_Items/CyberCity_Icons/CyberCity_Icons/Drink_16.png,Drink_16.png,individual_png,,512,512,"[176, 7, 371, 501]",82.165,READY_BOTH,cyber,"[""scheme_card"", ""screen_graphic"", ""world_decal""]",TextureRect,icon_both,OccludableIcons,0.5,90,"Iconography asset; use for UI, badges, decals, signage, screen graphics, or markers.",
pvg_icon_cyber_city_icons_cyber_drink_17_0a51966c,cyber_city_icons,res://assets/tilesets/cyber_city_core_tilesets/Store_Items/CyberCity_Icons/CyberCity_Icons/Drink_17.png,Drink_17.png,individual_png,,512,512,"[166, 21, 348, 503]",82.497,READY_BOTH,cyber,"[""scheme_card"", ""screen_graphic"", ""world_decal""]",TextureRect,icon_both,OccludableIcons,0.5,90,"Iconography asset; use for UI, badges, decals, signage, screen graphics, or markers.",
pvg_icon_cyber_city_icons_cyber_drink_18_3f54c7a8,cyber_city_icons,res://assets/tilesets/cyber_city_core_tilesets/Store_Items/CyberCity_Icons/CyberCity_Icons/Drink_18.png,Drink_18.png,individual_png,,512,512,"[151, 10, 328, 503]",76.451,READY_BOTH,cyber,"[""scheme_card"", ""screen_graphic"", ""world_decal""]",TextureRect,icon_both,OccludableIcons,0.5,90,"Iconography asset; use for UI, badges, decals, signage, screen graphics, or markers.",
pvg_icon_cyber_city_icons_cyber_drink_19_4f127264,cyber_city_icons,res://assets/tilesets/cyber_city_core_tilesets/Store_Items/CyberCity_Icons/CyberCity_Icons/Drink_19.png,Drink_19.png,individual_png,,512,512,"[154, 8, 347, 497]",77.386,READY_BOTH,cyber,"[""scheme_card"", ""screen_graphic"", ""world_decal""]",TextureRect,icon_both,OccludableIcons,0.5,90,"Iconography asset; use for UI, badges, decals, signage, screen graphics, or markers.",
pvg_icon_cyber_city_icons_cyber_drink_2_89141b8d,cyber_city_icons,res://assets/tilesets/cyber_city_core_tilesets/Store_Items/CyberCity_Icons/CyberCity_Icons/Drink_2.png,Drink_2.png,individual_png,,512,512,"[168, 13, 359, 497]",72.368,READY_BOTH,cyber,"[""scheme_card"", ""screen_graphic"", ""world_decal""]",TextureRect,icon_both,OccludableIcons,0.5,90,"Iconography asset; use for UI, badges, decals, signage, screen graphics, or markers.",
pvg_icon_cyber_city_icons_cyber_drink_20_c45d7968,cyber_city_icons,res://assets/tilesets/cyber_city_core_tilesets/Store_Items/CyberCity_Icons/CyberCity_Icons/Drink_20.png,Drink_20.png,individual_png,,512,512,"[139, 7, 337, 499]",76.755,READY_BOTH,cyber,"[""scheme_card"", ""screen_graphic"", ""world_decal""]",TextureRect,icon_both,OccludableIcons,0.5,90,"Iconography asset; use for UI, badges, decals, signage, screen graphics, or markers.",
pvg_icon_cyber_city_icons_cyber_drink_21_ff680b43,cyber_city_icons,res://assets/tilesets/cyber_city_core_tilesets/Store_Items/CyberCity_Icons/CyberCity_Icons/Drink_21.png,Drink_21.png,individual_png,,512,512,"[163, 1, 320, 508]",80.083,READY_BOTH,cyber,"[""scheme_card"", ""screen_graphic"", ""world_decal""]",TextureRect,icon_both,OccludableIcons,0.5,90,"Iconography asset; use for UI, badges, decals, signage, screen graphics, or markers.",
pvg_icon_cyber_city_icons_cyber_drink_22_4d56f500,cyber_city_icons,res://assets/tilesets/cyber_city_core_tilesets/Store_Items/CyberCity_Icons/CyberCity_Icons/Drink_22.png,Drink_22.png,individual_png,,512,512,"[165, 3, 321, 495]",81.519,READY_BOTH,cyber,"[""scheme_card"", ""screen_graphic"", ""world_decal""]",TextureRect,icon_both,OccludableIcons,0.5,90,"Iconography asset; use for UI, badges, decals, signage, screen graphics, or markers.",
pvg_icon_cyber_city_icons_cyber_drink_23_44f2bc3e,cyber_city_icons,res://assets/tilesets/cyber_city_core_tilesets/Store_Items/CyberCity_Icons/CyberCity_Icons/Drink_23.png,Drink_23.png,individual_png,,512,512,"[173, 14, 364, 512]",74.011,READY_BOTH,cyber,"[""scheme_card"", ""screen_graphic"", ""world_decal""]",TextureRect,icon_both,OccludableIcons,0.5,90,"Iconography asset; use for UI, badges, decals, signage, screen graphics, or markers.",
pvg_icon_cyber_city_icons_cyber_drink_24_ea90de5d,cyber_city_icons,res://assets/tilesets/cyber_city_core_tilesets/Store_Items/CyberCity_Icons/CyberCity_Icons/Drink_24.png,Drink_24.png,individual_png,,512,512,"[172, 13, 345, 502]",72.704,READY_BOTH,cyber,"[""scheme_card"", ""screen_graphic"", ""world_decal""]",TextureRect,icon_both,OccludableIcons,0.5,90,"Iconography asset; use for UI, badges, decals, signage, screen graphics, or markers.",
pvg_icon_cyber_city_icons_cyber_drink_25_e5c3144e,cyber_city_icons,res://assets/tilesets/cyber_city_core_tilesets/Store_Items/CyberCity_Icons/CyberCity_Icons/Drink_25.png,Drink_25.png,individual_png,,512,512,"[123, 9, 337, 508]",73.478,READY_BOTH,cyber,"[""scheme_card"", ""screen_graphic"", ""world_decal""]",TextureRect,icon_both,OccludableIcons,0.5,90,"Iconography asset; use for UI, badges, decals, signage, screen graphics, or markers.",
pvg_icon_cyber_city_icons_cyber_drink_26_c1c33edb,cyber_city_icons,res://assets/tilesets/cyber_city_core_tilesets/Store_Items/CyberCity_Icons/CyberCity_Icons/Drink_26.png,Drink_26.png,individual_png,,512,512,"[149, 10, 369, 508]",71.676,READY_BOTH,cyber,"[""scheme_card"", ""screen_graphic"", ""world_decal""]",TextureRect,icon_both,OccludableIcons,0.5,90,"Iconography asset; use for UI, badges, decals, signage, screen graphics, or markers.",
pvg_icon_cyber_city_icons_cyber_drink_27_e5629e7b,cyber_city_icons,res://assets/tilesets/cyber_city_core_tilesets/Store_Items/CyberCity_Icons/CyberCity_Icons/Drink_27.png,Drink_27.png,individual_png,,512,512,"[193, 0, 366, 512]",72.178,READY_BOTH,cyber,"[""scheme_card"", ""screen_graphic"", ""world_decal""]",TextureRect,icon_both,OccludableIcons,0.5,90,"Iconography asset; use for UI, badges, decals, signage, screen graphics, or markers.",
pvg_icon_cyber_city_icons_cyber_drink_28_fc861ef8,cyber_city_icons,res://assets/tilesets/cyber_city_core_tilesets/Store_Items/CyberCity_Icons/CyberCity_Icons/Drink_28.png,Drink_28.png,individual_png,,512,512,"[164, 12, 331, 491]",74.213,READY_BOTH,cyber,"[""scheme_card"", ""screen_graphic"", ""world_decal""]",TextureRect,icon_both,OccludableIcons,0.5,90,"Iconography asset; use for UI, badges, decals, signage, screen graphics, or markers.",
pvg_icon_cyber_city_icons_cyber_drink_3_f2e2287b,cyber_city_icons,res://assets/tilesets/cyber_city_core_tilesets/Store_Items/CyberCity_Icons/CyberCity_Icons/Drink_3.png,Drink_3.png,individual_png,,512,512,"[158, 7, 364, 488]",79.42,READY_BOTH,cyber,"[""scheme_card"", ""screen_graphic"", ""world_decal""]",TextureRect,icon_both,OccludableIcons,0.5,90,"Iconography asset; use for UI, badges, decals, signage, screen graphics, or markers.",
pvg_icon_cyber_city_icons_cyber_drink_4_8d00a243,cyber_city_icons,res://assets/tilesets/cyber_city_core_tilesets/Store_Items/CyberCity_Icons/CyberCity_Icons/Drink_4.png,Drink_4.png,individual_png,,512,512,"[106, 12, 372, 508]",61.543,READY_BOTH,cyber,"[""scheme_card"", ""screen_graphic"", ""world_decal""]",TextureRect,icon_both,OccludableIcons,0.5,90,"Iconography asset; use for UI, badges, decals, signage, screen graphics, or markers.",
pvg_icon_cyber_city_icons_cyber_drink_5_1e05050b,cyber_city_icons,res://assets/tilesets/cyber_city_core_tilesets/Store_Items/CyberCity_Icons/CyberCity_Icons/Drink_5.png,Drink_5.png,individual_png,,512,512,"[139, 28, 376, 499]",64.284,READY_BOTH,cyber,"[""scheme_card"", ""screen_graphic"", ""world_decal""]",TextureRect,icon_both,OccludableIcons,0.5,90,"Iconography asset; use for UI, badges, decals, signage, screen graphics, or markers.",
pvg_icon_cyber_city_icons_cyber_drink_6_c037e3fc,cyber_city_icons,res://assets/tilesets/cyber_city_core_tilesets/Store_Items/CyberCity_Icons/CyberCity_Icons/Drink_6.png,Drink_6.png,individual_png,,512,512,"[102, 22, 377, 492]",80.845,READY_BOTH,cyber,"[""scheme_card"", ""screen_graphic"", ""world_decal""]",TextureRect,icon_both,OccludableIcons,0.5,90,"Iconography asset; use for UI, badges, decals, signage, screen graphics, or markers.",
pvg_icon_cyber_city_icons_cyber_drink_7_8f28c15f,cyber_city_icons,res://assets/tilesets/cyber_city_core_tilesets/Store_Items/CyberCity_Icons/CyberCity_Icons/Drink_7.png,Drink_7.png,individual_png,,512,512,"[137, 37, 406, 463]",70.765,READY_BOTH,cyber,"[""scheme_card"", ""screen_graphic"", ""world_decal""]",TextureRect,icon_both,OccludableIcons,0.5,90,"Iconography asset; use for UI, badges, decals, signage, screen graphics, or markers.",
pvg_icon_cyber_city_icons_cyber_drink_8_537dab0d,cyber_city_icons,res://assets/tilesets/cyber_city_core_tilesets/Store_Items/CyberCity_Icons/CyberCity_Icons/Drink_8.png,Drink_8.png,individual_png,,512,512,"[149, 36, 328, 476]",82.506,READY_BOTH,cyber,"[""scheme_card"", ""screen_graphic"", ""world_decal""]",TextureRect,icon_both,OccludableIcons,0.5,90,"Iconography asset; use for UI, badges, decals, signage, screen graphics, or markers.",
pvg_icon_cyber_city_icons_cyber_drink_9_3ce61faf,cyber_city_icons,res://assets/tilesets/cyber_city_core_tilesets/Store_Items/CyberCity_Icons/CyberCity_Icons/Drink_9.png,Drink_9.png,individual_png,,512,512,"[96, 89, 403, 483]",72.995,READY_BOTH,cyber,"[""scheme_card"", ""screen_graphic"", ""world_decal""]",TextureRect,icon_both,OccludableIcons,0.5,90,"Iconography asset; use for UI, badges, decals, signage, screen graphics, or markers.",
pvg_icon_cyber_city_icons_cyber_drinkcooler_1_17b340ff,cyber_city_icons,res://assets/tilesets/cyber_city_core_tilesets/Store_Items/CyberCity_Icons/CyberCity_Icons/DrinkCooler_1.png,DrinkCooler_1.png,individual_png,,512,512,"[8, 22, 501, 498]",30.793,READY_BOTH,cyber,"[""scheme_card"", ""screen_graphic"", ""world_decal""]",TextureRect,icon_both,OccludableIcons,0.5,90,"Iconography asset; use for UI, badges, decals, signage, screen graphics, or markers.",
pvg_icon_cyber_city_icons_cyber_drinkcooler_2_66f2d7d6,cyber_city_icons,res://assets/tilesets/cyber_city_core_tilesets/Store_Items/CyberCity_Icons/CyberCity_Icons/DrinkCooler_2.png,DrinkCooler_2.png,individual_png,,512,512,"[126, 12, 374, 508]",58.861,READY_BOTH,cyber,"[""scheme_card"", ""screen_graphic"", ""world_decal""]",TextureRect,icon_both,OccludableIcons,0.5,90,"Iconography asset; use for UI, badges, decals, signage, screen graphics, or markers.",
pvg_icon_cyber_city_icons_cyber_drinkmachine_1_2d2c6328,cyber_city_icons,res://assets/tilesets/cyber_city_core_tilesets/Store_Items/CyberCity_Icons/CyberCity_Icons/DrinkMachine_1.png,DrinkMachine_1.png,individual_png,,512,512,"[152, 9, 404, 507]",58.577,READY_BOTH,cyber,"[""scheme_card"", ""screen_graphic"", ""world_decal""]",TextureRect,icon_both,OccludableIcons,0.5,90,"Iconography asset; use for UI, badges, decals, signage, screen graphics, or markers.",
pvg_icon_cyber_city_icons_cyber_drinkplate_1_e640b2ee,cyber_city_icons,res://assets/tilesets/cyber_city_core_tilesets/Store_Items/CyberCity_Icons/CyberCity_Icons/DrinkPlate_1.png,DrinkPlate_1.png,individual_png,,512,512,"[0, 117, 499, 379]",71.247,READY_BOTH,cyber,"[""scheme_card"", ""screen_graphic"", ""world_decal""]",TextureRect,icon_both,OccludableIcons,0.5,90,"Iconography asset; use for UI, badges, decals, signage, screen graphics, or markers.",
pvg_icon_cyber_city_icons_cyber_dumpster_1_99a976a3,cyber_city_icons,res://assets/tilesets/cyber_city_core_tilesets/Store_Items/CyberCity_Icons/CyberCity_Icons/Dumpster_1.png,Dumpster_1.png,individual_png,,512,512,"[20, 48, 503, 436]",45.968,READY_BOTH,cyber,"[""scheme_card"", ""screen_graphic"", ""world_decal""]",TextureRect,icon_both,OccludableIcons,0.5,90,"Iconography asset; use for UI, badges, decals, signage, screen graphics, or markers.",
pvg_icon_cyber_city_icons_cyber_dumpster_2_65d41c5d,cyber_city_icons,res://assets/tilesets/cyber_city_core_tilesets/Store_Items/CyberCity_Icons/CyberCity_Icons/Dumpster_2.png,Dumpster_2.png,individual_png,,512,512,"[0, 54, 506, 460]",44.446,READY_BOTH,cyber,"[""scheme_card"", ""screen_graphic"", ""world_decal""]",TextureRect,icon_both,OccludableIcons,0.5,90,"Iconography asset; use for UI, badges, decals, signage, screen graphics, or markers.",
pvg_icon_cyber_city_icons_cyber_dumpster_3_5afe2ef7,cyber_city_icons,res://assets/tilesets/cyber_city_core_tilesets/Store_Items/CyberCity_Icons/CyberCity_Icons/Dumpster_3.png,Dumpster_3.png,individual_png,,512,512,"[11, 20, 484, 501]",36.702,READY_BOTH,cyber,"[""scheme_card"", ""screen_graphic"", ""world_decal""]",TextureRect,icon_both,OccludableIcons,0.5,90,"Iconography asset; use for UI, badges, decals, signage, screen graphics, or markers.",
pvg_icon_cyber_city_icons_cyber_dumpster_4_a024711b,cyber_city_icons,res://assets/tilesets/cyber_city_core_tilesets/Store_Items/CyberCity_Icons/CyberCity_Icons/Dumpster_4.png,Dumpster_4.png,individual_png,,512,512,"[14, 73, 501, 494]",43.459,READY_BOTH,cyber,"[""scheme_card"", ""screen_graphic"", ""world_decal""]",TextureRect,icon_both,OccludableIcons,0.5,90,"Iconography asset; use for UI, badges, decals, signage, screen graphics, or markers.",
pvg_icon_cyber_city_icons_cyber_dumpster_5_4bb23553,cyber_city_icons,res://assets/tilesets/cyber_city_core_tilesets/Store_Items/CyberCity_Icons/CyberCity_Icons/Dumpster_5.png,Dumpster_5.png,individual_png,,512,512,"[20, 9, 492, 490]",42.08,READY_BOTH,cyber,"[""scheme_card"", ""screen_graphic"", ""world_decal""]",TextureRect,icon_both,OccludableIcons,0.5,90,"Iconography asset; use for UI, badges, decals, signage, screen graphics, or markers.",
pvg_icon_cyber_city_icons_cyber_electricalbox_1_42b197ea,cyber_city_icons,res://assets/tilesets/cyber_city_core_tilesets/Store_Items/CyberCity_Icons/CyberCity_Icons/ElectricalBox_1.png,ElectricalBox_1.png,individual_png,,512,512,"[134, 7, 414, 504]",56.052,READY_BOTH,cyber,"[""scheme_card"", ""screen_graphic"", ""world_decal""]",TextureRect,icon_both,OccludableIcons,0.5,90,"Iconography asset; use for UI, badges, decals, signage, screen graphics, or markers.",
pvg_icon_cyber_city_icons_cyber_electricalbox_2_9aaaac19,cyber_city_icons,res://assets/tilesets/cyber_city_core_tilesets/Store_Items/CyberCity_Icons/CyberCity_Icons/ElectricalBox_2.png,ElectricalBox_2.png,individual_png,,512,512,"[63, 6, 477, 512]",32.25,READY_BOTH,cyber,"[""scheme_card"", ""screen_graphic"", ""world_decal""]",TextureRect,icon_both,OccludableIcons,0.5,90,"Iconography asset; use for UI, badges, decals, signage, screen graphics, or markers.",
pvg_icon_cyber_city_icons_cyber_electricalpanel_1_8135bf1b,cyber_city_icons,res://assets/tilesets/cyber_city_core_tilesets/Store_Items/CyberCity_Icons/CyberCity_Icons/ElectricalPanel_1.png,ElectricalPanel_1.png,individual_png,,512,512,"[58, 18, 449, 501]",42.074,READY_BOTH,cyber,"[""scheme_card"", ""screen_graphic"", ""world_decal""]",TextureRect,icon_both,OccludableIcons,0.5,90,"Iconography asset; use for UI, badges, decals, signage, screen graphics, or markers.",
pvg_icon_cyber_city_icons_cyber_electricbox_1_ab9651eb,cyber_city_icons,res://assets/tilesets/cyber_city_core_tilesets/Store_Items/CyberCity_Icons/CyberCity_Icons/ElectricBox_1.png,ElectricBox_1.png,individual_png,,512,512,"[82, 22, 411, 509]",46.655,READY_BOTH,cyber,"[""scheme_card"", ""screen_graphic"", ""world_decal""]",TextureRect,icon_both,OccludableIcons,0.5,90,"Iconography asset; use for UI, badges, decals, signage, screen graphics, or markers.",
pvg_icon_cyber_city_icons_cyber_electricbox_2_bbcdea02,cyber_city_icons,res://assets/tilesets/cyber_city_core_tilesets/Store_Items/CyberCity_Icons/CyberCity_Icons/ElectricBox_2.png,ElectricBox_2.png,individual_png,,512,512,"[47, 9, 482, 498]",30.27,READY_BOTH,cyber,"[""scheme_card"", ""screen_graphic"", ""world_decal""]",TextureRect,icon_both,OccludableIcons,0.5,90,"Iconography asset; use for UI, badges, decals, signage, screen graphics, or markers.",
pvg_icon_cyber_city_icons_cyber_electricbox_3_51309340,cyber_city_icons,res://assets/tilesets/cyber_city_core_tilesets/Store_Items/CyberCity_Icons/CyberCity_Icons/ElectricBox_3.png,ElectricBox_3.png,individual_png,,512,512,"[62, 51, 433, 471]",48.167,READY_BOTH,cyber,"[""scheme_card"", ""screen_graphic"", ""world_decal""]",TextureRect,icon_both,OccludableIcons,0.5,90,"Iconography asset; use for UI, badges, decals, signage, screen graphics, or markers.",
pvg_icon_cyber_city_icons_cyber_energycell_1_1e29bb35,cyber_city_icons,res://assets/tilesets/cyber_city_core_tilesets/Store_Items/CyberCity_Icons/CyberCity_Icons/EnergyCell_1.png,EnergyCell_1.png,individual_png,,512,512,"[73, 17, 409, 481]",69.352,READY_BOTH,cyber,"[""scheme_card"", ""screen_graphic"", ""world_decal""]",TextureRect,icon_both,OccludableIcons,0.5,90,"Iconography asset; use for UI, badges, decals, signage, screen graphics, or markers.",
pvg_icon_cyber_city_icons_cyber_exhaust_1_d49cd4d9,cyber_city_icons,res://assets/tilesets/cyber_city_core_tilesets/Store_Items/CyberCity_Icons/CyberCity_Icons/Exhaust_1.png,Exhaust_1.png,individual_png,,512,512,"[14, 45, 472, 480]",42.786,READY_BOTH,cyber,"[""scheme_card"", ""screen_graphic"", ""world_decal""]",TextureRect,icon_both,OccludableIcons,0.5,90,"Iconography asset; use for UI, badges, decals, signage, screen graphics, or markers.",
pvg_icon_cyber_city_icons_cyber_exhaust_2_5fe52ba1,cyber_city_icons,res://assets/tilesets/cyber_city_core_tilesets/Store_Items/CyberCity_Icons/CyberCity_Icons/Exhaust_2.png,Exhaust_2.png,individual_png,,512,512,"[0, 31, 509, 501]",37.274,READY_BOTH,cyber,"[""scheme_card"", ""screen_graphic"", ""world_decal""]",TextureRect,icon_both,OccludableIcons,0.5,90,"Iconography asset; use for UI, badges, decals, signage, screen graphics, or markers.",
pvg_icon_cyber_city_icons_cyber_exhaust_3_721921e1,cyber_city_icons,res://assets/tilesets/cyber_city_core_tilesets/Store_Items/CyberCity_Icons/CyberCity_Icons/Exhaust_3.png,Exhaust_3.png,individual_png,,512,512,"[10, 82, 484, 478]",44.435,READY_BOTH,cyber,"[""scheme_card"", ""screen_graphic"", ""world_decal""]",TextureRect,icon_both,OccludableIcons,0.5,90,"Iconography asset; use for UI, badges, decals, signage, screen graphics, or markers.",
pvg_icon_cyber_city_icons_cyber_extractor_1_6ca41ec9,cyber_city_icons,res://assets/tilesets/cyber_city_core_tilesets/Store_Items/CyberCity_Icons/CyberCity_Icons/Extractor_1.png,Extractor_1.png,individual_png,,512,512,"[45, 90, 469, 430]",74.702,READY_BOTH,cyber,"[""scheme_card"", ""screen_graphic"", ""world_decal""]",TextureRect,icon_both,OccludableIcons,0.5,90,"Iconography asset; use for UI, badges, decals, signage, screen graphics, or markers.",
pvg_icon_cyber_city_icons_cyber_fan_1_cee77d33,cyber_city_icons,res://assets/tilesets/cyber_city_core_tilesets/Store_Items/CyberCity_Icons/CyberCity_Icons/Fan_1.png,Fan_1.png,individual_png,,512,512,"[65, 12, 442, 495]",57.212,READY_BOTH,cyber,"[""scheme_card"", ""screen_graphic"", ""world_decal""]",TextureRect,icon_both,OccludableIcons,0.5,90,"Iconography asset; use for UI, badges, decals, signage, screen graphics, or markers.",
pvg_icon_cyber_city_icons_cyber_fanunit_1_befb02d2,cyber_city_icons,res://assets/tilesets/cyber_city_core_tilesets/Store_Items/CyberCity_Icons/CyberCity_Icons/FanUnit_1.png,FanUnit_1.png,individual_png,,512,512,"[26, 20, 484, 489]",39.821,READY_BOTH,cyber,"[""scheme_card"", ""screen_graphic"", ""world_decal""]",TextureRect,icon_both,OccludableIcons,0.5,90,"Iconography asset; use for UI, badges, decals, signage, screen graphics, or markers.",
pvg_icon_cyber_city_icons_cyber_fanunit_2_5d039e65,cyber_city_icons,res://assets/tilesets/cyber_city_core_tilesets/Store_Items/CyberCity_Icons/CyberCity_Icons/FanUnit_2.png,FanUnit_2.png,individual_png,,512,512,"[36, 19, 487, 497]",39.988,READY_BOTH,cyber,"[""scheme_card"", ""screen_graphic"", ""world_decal""]",TextureRect,icon_both,OccludableIcons,0.5,90,"Iconography asset; use for UI, badges, decals, signage, screen graphics, or markers.",
pvg_icon_cyber_city_icons_hazard_fireextinguisher_1_5de6c81c,cyber_city_icons,res://assets/tilesets/cyber_city_core_tilesets/Store_Items/CyberCity_Icons/CyberCity_Icons/FireExtinguisher_1.png,FireExtinguisher_1.png,individual_png,,512,512,"[111, 26, 420, 487]",78.222,READY_BOTH,hazard,"[""warning_indicator"", ""objective_marker"", ""world_decal"", ""hologram_marker""]",TextureRect,icon_both,OccludableIcons,0.5,90,"Iconography asset; use for UI, badges, decals, signage, screen graphics, or markers.",
pvg_icon_cyber_city_icons_hazard_firehydrant_1_71940f09,cyber_city_icons,res://assets/tilesets/cyber_city_core_tilesets/Store_Items/CyberCity_Icons/CyberCity_Icons/FireHydrant_1.png,FireHydrant_1.png,individual_png,,512,512,"[164, 5, 383, 502]",75.484,READY_BOTH,hazard,"[""warning_indicator"", ""objective_marker"", ""world_decal"", ""hologram_marker""]",TextureRect,icon_both,OccludableIcons,0.5,90,"Iconography asset; use for UI, badges, decals, signage, screen graphics, or markers.",
pvg_icon_cyber_city_icons_hazard_firehydrant_2_92dcd7be,cyber_city_icons,res://assets/tilesets/cyber_city_core_tilesets/Store_Items/CyberCity_Icons/CyberCity_Icons/FireHydrant_2.png,FireHydrant_2.png,individual_png,,512,512,"[109, 22, 362, 497]",72.657,READY_BOTH,hazard,"[""warning_indicator"", ""objective_marker"", ""world_decal"", ""hologram_marker""]",TextureRect,icon_both,OccludableIcons,0.5,90,"Iconography asset; use for UI, badges, decals, signage, screen graphics, or markers.",
pvg_icon_cyber_city_icons_cyber_fish_1_aa481443,cyber_city_icons,res://assets/tilesets/cyber_city_core_tilesets/Store_Items/CyberCity_Icons/CyberCity_Icons/Fish_1.png,Fish_1.png,individual_png,,512,512,"[20, 83, 495, 456]",51.525,READY_BOTH,cyber,"[""scheme_card"", ""screen_graphic"", ""world_decal""]",TextureRect,icon_both,OccludableIcons,0.5,90,"Iconography asset; use for UI, badges, decals, signage, screen graphics, or markers.",
pvg_icon_cyber_city_icons_cyber_fish_2_706ab7bb,cyber_city_icons,res://assets/tilesets/cyber_city_core_tilesets/Store_Items/CyberCity_Icons/CyberCity_Icons/Fish_2.png,Fish_2.png,individual_png,,512,512,"[54, 0, 512, 506]",74.939,READY_BOTH,cyber,"[""scheme_card"", ""screen_graphic"", ""world_decal""]",TextureRect,icon_both,OccludableIcons,0.5,90,"Iconography asset; use for UI, badges, decals, signage, screen graphics, or markers.",
pvg_icon_cyber_city_icons_cyber_fish_3_ac2d73b6,cyber_city_icons,res://assets/tilesets/cyber_city_core_tilesets/Store_Items/CyberCity_Icons/CyberCity_Icons/Fish_3.png,Fish_3.png,individual_png,,512,512,"[74, 3, 512, 512]",84.792,READY_BOTH,cyber,"[""scheme_card"", ""screen_graphic"", ""world_decal""]",TextureRect,icon_both,OccludableIcons,0.5,90,"Iconography asset; use for UI, badges, decals, signage, screen graphics, or markers.",
pvg_icon_cyber_city_icons_cyber_flashlight_1_7f759a3b,cyber_city_icons,res://assets/tilesets/cyber_city_core_tilesets/Store_Items/CyberCity_Icons/CyberCity_Icons/Flashlight_1.png,Flashlight_1.png,individual_png,,512,512,"[39, 168, 473, 402]",86.198,READY_BOTH,cyber,"[""scheme_card"", ""screen_graphic"", ""world_decal""]",TextureRect,icon_both,OccludableIcons,0.5,90,"Iconography asset; use for UI, badges, decals, signage, screen graphics, or markers.",
pvg_icon_cyber_city_icons_evidence_folder_1_7a99d9bc,cyber_city_icons,res://assets/tilesets/cyber_city_core_tilesets/Store_Items/CyberCity_Icons/CyberCity_Icons/Folder_1.png,Folder_1.png,individual_png,,512,512,"[144, 10, 366, 493]",65.642,READY_UI_ICON,evidence,"[""evidence_board"", ""big_case"", ""inventory_icon""]",TextureRect,icon_ui,BehindPlayerIcons,0.5,-120,"Iconography asset; use for UI, badges, decals, signage, screen graphics, or markers.",World stamping of UI-first icons may look like a flat sticker.
pvg_icon_cyber_city_icons_evidence_folder_2_605de3f2,cyber_city_icons,res://assets/tilesets/cyber_city_core_tilesets/Store_Items/CyberCity_Icons/CyberCity_Icons/Folder_2.png,Folder_2.png,individual_png,,512,512,"[24, 87, 498, 432]",60.565,READY_UI_ICON,evidence,"[""evidence_board"", ""big_case"", ""inventory_icon""]",TextureRect,icon_ui,BehindPlayerIcons,0.5,-120,"Iconography asset; use for UI, badges, decals, signage, screen graphics, or markers.",World stamping of UI-first icons may look like a flat sticker.
pvg_icon_cyber_city_icons_evidence_folder_3_f34c057f,cyber_city_icons,res://assets/tilesets/cyber_city_core_tilesets/Store_Items/CyberCity_Icons/CyberCity_Icons/Folder_3.png,Folder_3.png,individual_png,,512,512,"[129, 12, 377, 483]",61.209,READY_UI_ICON,evidence,"[""evidence_board"", ""big_case"", ""inventory_icon""]",TextureRect,icon_ui,BehindPlayerIcons,0.5,-120,"Iconography asset; use for UI, badges, decals, signage, screen graphics, or markers.",World stamping of UI-first icons may look like a flat sticker.
pvg_icon_cyber_city_icons_cyber_food_1_920d1e4b,cyber_city_icons,res://assets/tilesets/cyber_city_core_tilesets/Store_Items/CyberCity_Icons/CyberCity_Icons/Food_1.png,Food_1.png,individual_png,,512,512,"[66, 87, 492, 421]",57.66,READY_BOTH,cyber,"[""scheme_card"", ""screen_graphic"", ""world_decal""]",TextureRect,icon_both,OccludableIcons,0.5,90,"Iconography asset; use for UI, badges, decals, signage, screen graphics, or markers.",
pvg_icon_cyber_city_icons_cyber_foodshelves_1_b8b8eef3,cyber_city_icons,res://assets/tilesets/cyber_city_core_tilesets/Store_Items/CyberCity_Icons/CyberCity_Icons/FoodShelves_1.png,FoodShelves_1.png,individual_png,,512,512,"[9, 167, 500, 446]",68.38,READY_BOTH,cyber,"[""scheme_card"", ""screen_graphic"", ""world_decal""]",TextureRect,icon_both,OccludableIcons,0.5,90,"Iconography asset; use for UI, badges, decals, signage, screen graphics, or markers.",
pvg_icon_cyber_city_icons_cyber_fork_1_7d9cb6e3,cyber_city_icons,res://assets/tilesets/cyber_city_core_tilesets/Store_Items/CyberCity_Icons/CyberCity_Icons/Fork_1.png,Fork_1.png,individual_png,,512,512,"[100, 30, 405, 483]",92.336,READY_BOTH,cyber,"[""scheme_card"", ""screen_graphic"", ""world_decal""]",TextureRect,icon_both,OccludableIcons,0.5,90,"Iconography asset; use for UI, badges, decals, signage, screen graphics, or markers.",
pvg_icon_cyber_city_icons_cyber_fuelcannister_1_f70cfb6a,cyber_city_icons,res://assets/tilesets/cyber_city_core_tilesets/Store_Items/CyberCity_Icons/CyberCity_Icons/FuelCannister_1.png,FuelCannister_1.png,individual_png,,512,512,"[141, 9, 352, 494]",74.052,READY_BOTH,cyber,"[""scheme_card"", ""screen_graphic"", ""world_decal""]",TextureRect,icon_both,OccludableIcons,0.5,90,"Iconography asset; use for UI, badges, decals, signage, screen graphics, or markers.",
pvg_icon_cyber_city_icons_cyber_fuelpump_1_9ad34dff,cyber_city_icons,res://assets/tilesets/cyber_city_core_tilesets/Store_Items/CyberCity_Icons/CyberCity_Icons/FuelPump_1.png,FuelPump_1.png,individual_png,,512,512,"[85, 9, 369, 491]",64.991,READY_BOTH,cyber,"[""scheme_card"", ""screen_graphic"", ""world_decal""]",TextureRect,icon_both,OccludableIcons,0.5,90,"Iconography asset; use for UI, badges, decals, signage, screen graphics, or markers.",
pvg_icon_cyber_city_icons_cyber_fuelstation_1_860f684f,cyber_city_icons,res://assets/tilesets/cyber_city_core_tilesets/Store_Items/CyberCity_Icons/CyberCity_Icons/FuelStation_1.png,FuelStation_1.png,individual_png,,512,512,"[134, 14, 399, 501]",64.411,READY_BOTH,cyber,"[""scheme_card"", ""screen_graphic"", ""world_decal""]",TextureRect,icon_both,OccludableIcons,0.5,90,"Iconography asset; use for UI, badges, decals, signage, screen graphics, or markers.",
pvg_icon_cyber_city_icons_cyber_garbagebag_1_4aceac7a,cyber_city_icons,res://assets/tilesets/cyber_city_core_tilesets/Store_Items/CyberCity_Icons/CyberCity_Icons/GarbageBag_1.png,GarbageBag_1.png,individual_png,,512,512,"[9, 10, 460, 495]",41.179,READY_BOTH,cyber,"[""scheme_card"", ""screen_graphic"", ""world_decal""]",TextureRect,icon_both,OccludableIcons,0.5,90,"Iconography asset; use for UI, badges, decals, signage, screen graphics, or markers.",
pvg_icon_cyber_city_icons_cyber_garbagebag_2_be3f4f7a,cyber_city_icons,res://assets/tilesets/cyber_city_core_tilesets/Store_Items/CyberCity_Icons/CyberCity_Icons/GarbageBag_2.png,GarbageBag_2.png,individual_png,,512,512,"[82, 18, 454, 494]",52.802,READY_BOTH,cyber,"[""scheme_card"", ""screen_graphic"", ""world_decal""]",TextureRect,icon_both,OccludableIcons,0.5,90,"Iconography asset; use for UI, badges, decals, signage, screen graphics, or markers.",
pvg_icon_cyber_city_icons_cyber_garbagebag_3_fcdeff0d,cyber_city_icons,res://assets/tilesets/cyber_city_core_tilesets/Store_Items/CyberCity_Icons/CyberCity_Icons/GarbageBag_3.png,GarbageBag_3.png,individual_png,,512,512,"[49, 7, 465, 507]",45.266,READY_BOTH,cyber,"[""scheme_card"", ""screen_graphic"", ""world_decal""]",TextureRect,icon_both,OccludableIcons,0.5,90,"Iconography asset; use for UI, badges, decals, signage, screen graphics, or markers.",
pvg_icon_cyber_city_icons_cyber_garbagebag_4_5637fe20,cyber_city_icons,res://assets/tilesets/cyber_city_core_tilesets/Store_Items/CyberCity_Icons/CyberCity_Icons/GarbageBag_4.png,GarbageBag_4.png,individual_png,,512,512,"[35, 22, 465, 482]",49.348,READY_BOTH,cyber,"[""scheme_card"", ""screen_graphic"", ""world_decal""]",TextureRect,icon_both,OccludableIcons,0.5,90,"Iconography asset; use for UI, badges, decals, signage, screen graphics, or markers.",
pvg_icon_cyber_city_icons_cyber_garbagebin_1_0f290f06,cyber_city_icons,res://assets/tilesets/cyber_city_core_tilesets/Store_Items/CyberCity_Icons/CyberCity_Icons/GarbageBin_1.png,GarbageBin_1.png,individual_png,,512,512,"[11, 14, 496, 505]",39.413,READY_BOTH,cyber,"[""scheme_card"", ""screen_graphic"", ""world_decal""]",TextureRect,icon_both,OccludableIcons,0.5,90,"Iconography asset; use for UI, badges, decals, signage, screen graphics, or markers.",
pvg_icon_cyber_city_icons_cyber_garbagecan_1_16eb071e,cyber_city_icons,res://assets/tilesets/cyber_city_core_tilesets/Store_Items/CyberCity_Icons/CyberCity_Icons/GarbageCan_1.png,GarbageCan_1.png,individual_png,,512,512,"[105, 50, 405, 478]",65.205,READY_BOTH,cyber,"[""scheme_card"", ""screen_graphic"", ""world_decal""]",TextureRect,icon_both,OccludableIcons,0.5,90,"Iconography asset; use for UI, badges, decals, signage, screen graphics, or markers.",
pvg_icon_cyber_city_icons_cyber_generator_1_b69678b8,cyber_city_icons,res://assets/tilesets/cyber_city_core_tilesets/Store_Items/CyberCity_Icons/CyberCity_Icons/Generator_1.png,Generator_1.png,individual_png,,512,512,"[5, 135, 509, 429]",65.064,READY_BOTH,cyber,"[""scheme_card"", ""screen_graphic"", ""world_decal""]",TextureRect,icon_both,OccludableIcons,0.5,90,"Iconography asset; use for UI, badges, decals, signage, screen graphics, or markers.",
pvg_icon_cyber_city_icons_cyber_generator_2_23916886,cyber_city_icons,res://assets/tilesets/cyber_city_core_tilesets/Store_Items/CyberCity_Icons/CyberCity_Icons/Generator_2.png,Generator_2.png,individual_png,,512,512,"[8, 61, 500, 481]",44.812,READY_BOTH,cyber,"[""scheme_card"", ""screen_graphic"", ""world_decal""]",TextureRect,icon_both,OccludableIcons,0.5,90,"Iconography asset; use for UI, badges, decals, signage, screen graphics, or markers.",
pvg_icon_cyber_city_icons_cyber_generator_3_76314526,cyber_city_icons,res://assets/tilesets/cyber_city_core_tilesets/Store_Items/CyberCity_Icons/CyberCity_Icons/Generator_3.png,Generator_3.png,individual_png,,512,512,"[31, 85, 488, 482]",56.104,READY_BOTH,cyber,"[""scheme_card"", ""screen_graphic"", ""world_decal""]",TextureRect,icon_both,OccludableIcons,0.5,90,"Iconography asset; use for UI, badges, decals, signage, screen graphics, or markers.",
pvg_icon_cyber_city_icons_cyber_geode_1_dc5c24d8,cyber_city_icons,res://assets/tilesets/cyber_city_core_tilesets/Store_Items/CyberCity_Icons/CyberCity_Icons/Geode_1.png,Geode_1.png,individual_png,,512,512,"[81, 44, 437, 450]",58.319,READY_BOTH,cyber,"[""scheme_card"", ""screen_graphic"", ""world_decal""]",TextureRect,icon_both,OccludableIcons,0.5,90,"Iconography asset; use for UI, badges, decals, signage, screen graphics, or markers.",
pvg_icon_cyber_city_icons_cyber_glass_1_6601492c,cyber_city_icons,res://assets/tilesets/cyber_city_core_tilesets/Store_Items/CyberCity_Icons/CyberCity_Icons/Glass_1.png,Glass_1.png,individual_png,,512,512,"[61, 22, 432, 508]",48.521,READY_BOTH,cyber,"[""scheme_card"", ""screen_graphic"", ""world_decal""]",TextureRect,icon_both,OccludableIcons,0.5,90,"Iconography asset; use for UI, badges, decals, signage, screen graphics, or markers.",
pvg_icon_cyber_city_icons_cyber_glasses_1_30106f27,cyber_city_icons,res://assets/tilesets/cyber_city_core_tilesets/Store_Items/CyberCity_Icons/CyberCity_Icons/Glasses_1.png,Glasses_1.png,individual_png,,512,512,"[76, 197, 477, 363]",91.761,READY_BOTH,cyber,"[""scheme_card"", ""screen_graphic"", ""world_decal""]",TextureRect,icon_both,OccludableIcons,0.5,90,"Iconography asset; use for UI, badges, decals, signage, screen graphics, or markers.",
pvg_icon_cyber_city_icons_cyber_glasswhisky_1_4d66b96b,cyber_city_icons,res://assets/tilesets/cyber_city_core_tilesets/Store_Items/CyberCity_Icons/CyberCity_Icons/GlassWhisky_1.png,GlassWhisky_1.png,individual_png,,512,512,"[88, 20, 438, 502]",46.66,READY_BOTH,cyber,"[""scheme_card"", ""screen_graphic"", ""world_decal""]",TextureRect,icon_both,OccludableIcons,0.5,90,"Iconography asset; use for UI, badges, decals, signage, screen graphics, or markers.",
pvg_icon_cyber_city_icons_cyber_globe_1_43189d98,cyber_city_icons,res://assets/tilesets/cyber_city_core_tilesets/Store_Items/CyberCity_Icons/CyberCity_Icons/Globe_1.png,Globe_1.png,individual_png,,512,512,"[112, 40, 447, 485]",59.016,READY_BOTH,cyber,"[""scheme_card"", ""screen_graphic"", ""world_decal""]",TextureRect,icon_both,OccludableIcons,0.5,90,"Iconography asset; use for UI, badges, decals, signage, screen graphics, or markers.",
pvg_icon_cyber_city_icons_cyber_guitar_1_c033bfae,cyber_city_icons,res://assets/tilesets/cyber_city_core_tilesets/Store_Items/CyberCity_Icons/CyberCity_Icons/Guitar_1.png,Guitar_1.png,individual_png,,512,512,"[185, 2, 368, 510]",87.983,READY_BOTH,cyber,"[""scheme_card"", ""screen_graphic"", ""world_decal""]",TextureRect,icon_both,OccludableIcons,0.5,90,"Iconography asset; use for UI, badges, decals, signage, screen graphics, or markers.",
pvg_icon_cyber_city_icons_cyber_guitar_2_bb19dd18,cyber_city_icons,res://assets/tilesets/cyber_city_core_tilesets/Store_Items/CyberCity_Icons/CyberCity_Icons/Guitar_2.png,Guitar_2.png,individual_png,,512,512,"[92, 14, 451, 504]",77.88,READY_BOTH,cyber,"[""scheme_card"", ""screen_graphic"", ""world_decal""]",TextureRect,icon_both,OccludableIcons,0.5,90,"Iconography asset; use for UI, badges, decals, signage, screen graphics, or markers.",
pvg_icon_cyber_city_icons_cyber_guitar_3_79c48f50,cyber_city_icons,res://assets/tilesets/cyber_city_core_tilesets/Store_Items/CyberCity_Icons/CyberCity_Icons/Guitar_3.png,Guitar_3.png,individual_png,,512,512,"[162, 10, 329, 502]",85.909,READY_BOTH,cyber,"[""scheme_card"", ""screen_graphic"", ""world_decal""]",TextureRect,icon_both,OccludableIcons,0.5,90,"Iconography asset; use for UI, badges, decals, signage, screen graphics, or markers.",
pvg_icon_cyber_city_icons_cyber_guitar_4_b3cbcca4,cyber_city_icons,res://assets/tilesets/cyber_city_core_tilesets/Store_Items/CyberCity_Icons/CyberCity_Icons/Guitar_4.png,Guitar_4.png,individual_png,,512,512,"[95, 9, 377, 497]",87.344,READY_BOTH,cyber,"[""scheme_card"", ""screen_graphic"", ""world_decal""]",TextureRect,icon_both,OccludableIcons,0.5,90,"Iconography asset; use for UI, badges, decals, signage, screen graphics, or markers.",
pvg_icon_cyber_city_icons_cyber_hammer_1_d9d495f0,cyber_city_icons,res://assets/tilesets/cyber_city_core_tilesets/Store_Items/CyberCity_Icons/CyberCity_Icons/Hammer_1.png,Hammer_1.png,individual_png,,512,512,"[54, 6, 480, 479]",88.804,READY_BOTH,cyber,"[""scheme_card"", ""screen_graphic"", ""world_decal""]",TextureRect,icon_both,OccludableIcons,0.5,90,"Iconography asset; use for UI, badges, decals, signage, screen graphics, or markers.",
pvg_icon_cyber_city_icons_cyber_handlaserdrill_1_96ae38b6,cyber_city_icons,res://assets/tilesets/cyber_city_core_tilesets/Store_Items/CyberCity_Icons/CyberCity_Icons/HandLaserDrill_1.png,HandLaserDrill_1.png,individual_png,,512,512,"[59, 52, 490, 438]",77.908,READY_BOTH,cyber,"[""scheme_card"", ""screen_graphic"", ""world_decal""]",TextureRect,icon_both,OccludableIcons,0.5,90,"Iconography asset; use for UI, badges, decals, signage, screen graphics, or markers.",
pvg_icon_cyber_city_icons_security_handscanner_1_7c789724,cyber_city_icons,res://assets/tilesets/cyber_city_core_tilesets/Store_Items/CyberCity_Icons/CyberCity_Icons/HandScanner_1.png,HandScanner_1.png,individual_png,,512,512,"[146, 20, 398, 498]",70.881,READY_BOTH,security,"[""security_indicator"", ""warning_indicator"", ""mission_board"", ""world_decal"", ""screen_graphic""]",TextureRect,icon_both,OccludableIcons,0.5,90,"Iconography asset; use for UI, badges, decals, signage, screen graphics, or markers.",
pvg_icon_cyber_city_icons_security_handscanner_2_5c0f2e48,cyber_city_icons,res://assets/tilesets/cyber_city_core_tilesets/Store_Items/CyberCity_Icons/CyberCity_Icons/HandScanner_2.png,HandScanner_2.png,individual_png,,512,512,"[94, 18, 418, 511]",62.165,READY_BOTH,security,"[""security_indicator"", ""warning_indicator"", ""mission_board"", ""world_decal"", ""screen_graphic""]",TextureRect,icon_both,OccludableIcons,0.5,90,"Iconography asset; use for UI, badges, decals, signage, screen graphics, or markers.",
pvg_icon_cyber_city_icons_terminal_hangingscreen_1_0a6e5836,cyber_city_icons,res://assets/tilesets/cyber_city_core_tilesets/Store_Items/CyberCity_Icons/CyberCity_Icons/HangingScreen_1.png,HangingScreen_1.png,individual_png,,512,512,"[1, 11, 473, 442]",65.462,READY_BOTH,terminal,"[""store_terminal"", ""screen_graphic"", ""terminal"", ""world_decal""]",TextureRect,icon_both,OccludableIcons,0.5,90,"Iconography asset; use for UI, badges, decals, signage, screen graphics, or markers.",
pvg_icon_cyber_city_icons_terminal_hangingscreen_2_cedc8833,cyber_city_icons,res://assets/tilesets/cyber_city_core_tilesets/Store_Items/CyberCity_Icons/CyberCity_Icons/HangingScreen_2.png,HangingScreen_2.png,individual_png,,512,512,"[47, 2, 497, 424]",63.755,READY_BOTH,terminal,"[""store_terminal"", ""screen_graphic"", ""terminal"", ""world_decal""]",TextureRect,icon_both,OccludableIcons,0.5,90,"Iconography asset; use for UI, badges, decals, signage, screen graphics, or markers.",
pvg_icon_cyber_city_icons_cyber_head_1_1563cdd8,cyber_city_icons,res://assets/tilesets/cyber_city_core_tilesets/Store_Items/CyberCity_Icons/CyberCity_Icons/Head_1.png,Head_1.png,individual_png,,512,512,"[73, 140, 438, 386]",85.674,READY_BOTH,cyber,"[""scheme_card"", ""screen_graphic"", ""world_decal""]",TextureRect,icon_both,OccludableIcons,0.5,90,"Iconography asset; use for UI, badges, decals, signage, screen graphics, or markers.",
pvg_icon_cyber_city_icons_cyber_head_10_6659f59c,cyber_city_icons,res://assets/tilesets/cyber_city_core_tilesets/Store_Items/CyberCity_Icons/CyberCity_Icons/Head_10.png,Head_10.png,individual_png,,512,512,"[106, 27, 471, 472]",67.456,READY_BOTH,cyber,"[""scheme_card"", ""screen_graphic"", ""world_decal""]",TextureRect,icon_both,OccludableIcons,0.5,90,"Iconography asset; use for UI, badges, decals, signage, screen graphics, or markers.",
pvg_icon_cyber_city_icons_cyber_head_11_edd0d7e5,cyber_city_icons,res://assets/tilesets/cyber_city_core_tilesets/Store_Items/CyberCity_Icons/CyberCity_Icons/Head_11.png,Head_11.png,individual_png,,512,512,"[51, 90, 446, 454]",60.255,READY_BOTH,cyber,"[""scheme_card"", ""screen_graphic"", ""world_decal""]",TextureRect,icon_both,OccludableIcons,0.5,90,"Iconography asset; use for UI, badges, decals, signage, screen graphics, or markers.",
pvg_icon_cyber_city_icons_cyber_head_12_female_cfacd495,cyber_city_icons,res://assets/tilesets/cyber_city_core_tilesets/Store_Items/CyberCity_Icons/CyberCity_Icons/Head_12_Female.png,Head_12_Female.png,individual_png,,512,512,"[38, 104, 493, 430]",64.952,READY_BOTH,cyber,"[""scheme_card"", ""screen_graphic"", ""world_decal""]",TextureRect,icon_both,OccludableIcons,0.5,90,"Iconography asset; use for UI, badges, decals, signage, screen graphics, or markers.",
pvg_icon_cyber_city_icons_cyber_head_13_female_37f05681,cyber_city_icons,res://assets/tilesets/cyber_city_core_tilesets/Store_Items/CyberCity_Icons/CyberCity_Icons/Head_13_Female.png,Head_13_Female.png,individual_png,,512,512,"[62, 9, 464, 458]",70.039,READY_BOTH,cyber,"[""scheme_card"", ""screen_graphic"", ""world_decal""]",TextureRect,icon_both,OccludableIcons,0.5,90,"Iconography asset; use for UI, badges, decals, signage, screen graphics, or markers.",
pvg_icon_cyber_city_icons_cyber_head_2_662c1c01,cyber_city_icons,res://assets/tilesets/cyber_city_core_tilesets/Store_Items/CyberCity_Icons/CyberCity_Icons/Head_2.png,Head_2.png,individual_png,,512,512,"[59, 126, 492, 397]",78.748,READY_BOTH,cyber,"[""scheme_card"", ""screen_graphic"", ""world_decal""]",TextureRect,icon_both,OccludableIcons,0.5,90,"Iconography asset; use for UI, badges, decals, signage, screen graphics, or markers.",
pvg_icon_cyber_city_icons_cyber_head_3_ea3fc95e,cyber_city_icons,res://assets/tilesets/cyber_city_core_tilesets/Store_Items/CyberCity_Icons/CyberCity_Icons/Head_3.png,Head_3.png,individual_png,,512,512,"[101, 41, 382, 445]",66.453,READY_BOTH,cyber,"[""scheme_card"", ""screen_graphic"", ""world_decal""]",TextureRect,icon_both,OccludableIcons,0.5,90,"Iconography asset; use for UI, badges, decals, signage, screen graphics, or markers.",
pvg_icon_cyber_city_icons_cyber_head_4_16dd33ed,cyber_city_icons,res://assets/tilesets/cyber_city_core_tilesets/Store_Items/CyberCity_Icons/CyberCity_Icons/Head_4.png,Head_4.png,individual_png,,512,512,"[61, 57, 419, 474]",60.583,READY_BOTH,cyber,"[""scheme_card"", ""screen_graphic"", ""world_decal""]",TextureRect,icon_both,OccludableIcons,0.5,90,"Iconography asset; use for UI, badges, decals, signage, screen graphics, or markers.",
pvg_icon_cyber_city_icons_cyber_head_5_b73b0c81,cyber_city_icons,res://assets/tilesets/cyber_city_core_tilesets/Store_Items/CyberCity_Icons/CyberCity_Icons/Head_5.png,Head_5.png,individual_png,,512,512,"[36, 194, 431, 389]",88.948,READY_BOTH,cyber,"[""scheme_card"", ""screen_graphic"", ""world_decal""]",TextureRect,icon_both,OccludableIcons,0.5,90,"Iconography asset; use for UI, badges, decals, signage, screen graphics, or markers.",
pvg_icon_cyber_city_icons_cyber_head_6_7268c717,cyber_city_icons,res://assets/tilesets/cyber_city_core_tilesets/Store_Items/CyberCity_Icons/CyberCity_Icons/Head_6.png,Head_6.png,individual_png,,512,512,"[55, 76, 482, 402]",77.024,READY_BOTH,cyber,"[""scheme_card"", ""screen_graphic"", ""world_decal""]",TextureRect,icon_both,OccludableIcons,0.5,90,"Iconography asset; use for UI, badges, decals, signage, screen graphics, or markers.",
pvg_icon_cyber_city_icons_cyber_head_7_5a5c0369,cyber_city_icons,res://assets/tilesets/cyber_city_core_tilesets/Store_Items/CyberCity_Icons/CyberCity_Icons/Head_7.png,Head_7.png,individual_png,,512,512,"[33, 125, 478, 415]",72.013,READY_BOTH,cyber,"[""scheme_card"", ""screen_graphic"", ""world_decal""]",TextureRect,icon_both,OccludableIcons,0.5,90,"Iconography asset; use for UI, badges, decals, signage, screen graphics, or markers.",
pvg_icon_cyber_city_icons_cyber_head_8_0c6ef8a8,cyber_city_icons,res://assets/tilesets/cyber_city_core_tilesets/Store_Items/CyberCity_Icons/CyberCity_Icons/Head_8.png,Head_8.png,individual_png,,512,512,"[39, 130, 483, 452]",81.032,READY_BOTH,cyber,"[""scheme_card"", ""screen_graphic"", ""world_decal""]",TextureRect,icon_both,OccludableIcons,0.5,90,"Iconography asset; use for UI, badges, decals, signage, screen graphics, or markers.",
pvg_icon_cyber_city_icons_cyber_head_9_5b773453,cyber_city_icons,res://assets/tilesets/cyber_city_core_tilesets/Store_Items/CyberCity_Icons/CyberCity_Icons/Head_9.png,Head_9.png,individual_png,,512,512,"[23, 105, 477, 404]",71.431,READY_BOTH,cyber,"[""scheme_card"", ""screen_graphic"", ""world_decal""]",TextureRect,icon_both,OccludableIcons,0.5,90,"Iconography asset; use for UI, badges, decals, signage, screen graphics, or markers.",
pvg_icon_cyber_city_icons_cyber_headphones_1_a215f200,cyber_city_icons,res://assets/tilesets/cyber_city_core_tilesets/Store_Items/CyberCity_Icons/CyberCity_Icons/Headphones_1.png,Headphones_1.png,individual_png,,512,512,"[94, 31, 433, 464]",69.188,READY_BOTH,cyber,"[""scheme_card"", ""screen_graphic"", ""world_decal""]",TextureRect,icon_both,OccludableIcons,0.5,90,"Iconography asset; use for UI, badges, decals, signage, screen graphics, or markers.",
pvg_icon_cyber_city_icons_cyber_headphones_2_82d7a2a7,cyber_city_icons,res://assets/tilesets/cyber_city_core_tilesets/Store_Items/CyberCity_Icons/CyberCity_Icons/Headphones_2.png,Headphones_2.png,individual_png,,512,512,"[43, 47, 420, 448]",78.042,READY_BOTH,cyber,"[""scheme_card"", ""screen_graphic"", ""world_decal""]",TextureRect,icon_both,OccludableIcons,0.5,90,"Iconography asset; use for UI, badges, decals, signage, screen graphics, or markers.",
pvg_icon_cyber_city_icons_cyber_holochess_1_42520ec3,cyber_city_icons,res://assets/tilesets/cyber_city_core_tilesets/Store_Items/CyberCity_Icons/CyberCity_Icons/HoloChess_1.png,HoloChess_1.png,individual_png,,512,512,"[2, 184, 506, 406]",77.942,READY_BOTH,cyber,"[""scheme_card"", ""screen_graphic"", ""world_decal""]",TextureRect,icon_both,OccludableIcons,0.5,90,"Iconography asset; use for UI, badges, decals, signage, screen graphics, or markers.",
pvg_icon_cyber_city_icons_cyber_holochess_2_559b0575,cyber_city_icons,res://assets/tilesets/cyber_city_core_tilesets/Store_Items/CyberCity_Icons/CyberCity_Icons/HoloChess_2.png,HoloChess_2.png,individual_png,,512,512,"[4, 169, 503, 405]",78.591,READY_BOTH,cyber,"[""scheme_card"", ""screen_graphic"", ""world_decal""]",TextureRect,icon_both,OccludableIcons,0.5,90,"Iconography asset; use for UI, badges, decals, signage, screen graphics, or markers.",
pvg_icon_cyber_city_icons_cyber_hologramsharks_1_3cc3fdea,cyber_city_icons,res://assets/tilesets/cyber_city_core_tilesets/Store_Items/CyberCity_Icons/CyberCity_Icons/HologramSharks_1.png,HologramSharks_1.png,individual_png,,512,512,"[62, 4, 446, 508]",45.436,READY_BOTH,cyber,"[""scheme_card"", ""screen_graphic"", ""world_decal""]",TextureRect,icon_both,OccludableIcons,0.5,90,"Iconography asset; use for UI, badges, decals, signage, screen graphics, or markers.",
pvg_icon_cyber_city_icons_cyber_hookah_1_49fba5de,cyber_city_icons,res://assets/tilesets/cyber_city_core_tilesets/Store_Items/CyberCity_Icons/CyberCity_Icons/Hookah_1.png,Hookah_1.png,individual_png,,512,512,"[155, 15, 349, 501]",89.33,READY_BOTH,cyber,"[""scheme_card"", ""screen_graphic"", ""world_decal""]",TextureRect,icon_both,OccludableIcons,0.5,90,"Iconography asset; use for UI, badges, decals, signage, screen graphics, or markers.",
pvg_icon_cyber_city_icons_cyber_injector_1_3f8105b2,cyber_city_icons,res://assets/tilesets/cyber_city_core_tilesets/Store_Items/CyberCity_Icons/CyberCity_Icons/Injector_1.png,Injector_1.png,individual_png,,512,512,"[28, 54, 479, 435]",87.807,READY_BOTH,cyber,"[""scheme_card"", ""screen_graphic"", ""world_decal""]",TextureRect,icon_both,OccludableIcons,0.5,90,"Iconography asset; use for UI, badges, decals, signage, screen graphics, or markers.",
pvg_icon_cyber_city_icons_cyber_injector_2_a281e8f4,cyber_city_icons,res://assets/tilesets/cyber_city_core_tilesets/Store_Items/CyberCity_Icons/CyberCity_Icons/Injector_2.png,Injector_2.png,individual_png,,512,512,"[17, 11, 468, 484]",71.161,READY_BOTH,cyber,"[""scheme_card"", ""screen_graphic"", ""world_decal""]",TextureRect,icon_both,OccludableIcons,0.5,90,"Iconography asset; use for UI, badges, decals, signage, screen graphics, or markers.",
pvg_icon_cyber_city_icons_cyber_jack_1_f0f2e83e,cyber_city_icons,res://assets/tilesets/cyber_city_core_tilesets/Store_Items/CyberCity_Icons/CyberCity_Icons/Jack_1.png,Jack_1.png,individual_png,,512,512,"[60, 44, 449, 428]",62.059,READY_BOTH,cyber,"[""scheme_card"", ""screen_graphic"", ""world_decal""]",TextureRect,icon_both,OccludableIcons,0.5,90,"Iconography asset; use for UI, badges, decals, signage, screen graphics, or markers.",
pvg_icon_cyber_city_icons_cyber_jack_2_f8b684f6,cyber_city_icons,res://assets/tilesets/cyber_city_core_tilesets/Store_Items/CyberCity_Icons/CyberCity_Icons/Jack_2.png,Jack_2.png,individual_png,,512,512,"[14, 51, 450, 467]",68.282,READY_BOTH,cyber,"[""scheme_card"", ""screen_graphic"", ""world_decal""]",TextureRect,icon_both,OccludableIcons,0.5,90,"Iconography asset; use for UI, badges, decals, signage, screen graphics, or markers.",
pvg_icon_cyber_city_icons_cyber_jewelrycase_1_493dc4d4,cyber_city_icons,res://assets/tilesets/cyber_city_core_tilesets/Store_Items/CyberCity_Icons/CyberCity_Icons/JewelryCase_1.png,JewelryCase_1.png,individual_png,,512,512,"[3, 86, 505, 472]",55.746,READY_BOTH,cyber,"[""scheme_card"", ""screen_graphic"", ""world_decal""]",TextureRect,icon_both,OccludableIcons,0.5,90,"Iconography asset; use for UI, badges, decals, signage, screen graphics, or markers.",
pvg_icon_cyber_city_icons_cyber_jewelrycase_2_3b5e9587,cyber_city_icons,res://assets/tilesets/cyber_city_core_tilesets/Store_Items/CyberCity_Icons/CyberCity_Icons/JewelryCase_2.png,JewelryCase_2.png,individual_png,,512,512,"[71, 6, 432, 504]",55.189,READY_BOTH,cyber,"[""scheme_card"", ""screen_graphic"", ""world_decal""]",TextureRect,icon_both,OccludableIcons,0.5,90,"Iconography asset; use for UI, badges, decals, signage, screen graphics, or markers.",
pvg_icon_cyber_city_icons_cyber_jewelrycase_3_159350e3,cyber_city_icons,res://assets/tilesets/cyber_city_core_tilesets/Store_Items/CyberCity_Icons/CyberCity_Icons/JewelryCase_3.png,JewelryCase_3.png,individual_png,,512,512,"[4, 111, 502, 480]",59.671,READY_BOTH,cyber,"[""scheme_card"", ""screen_graphic"", ""world_decal""]",TextureRect,icon_both,OccludableIcons,0.5,90,"Iconography asset; use for UI, badges, decals, signage, screen graphics, or markers.",
pvg_icon_cyber_city_icons_cyber_jewelrycase_4_266ed447,cyber_city_icons,res://assets/tilesets/cyber_city_core_tilesets/Store_Items/CyberCity_Icons/CyberCity_Icons/JewelryCase_4.png,JewelryCase_4.png,individual_png,,512,512,"[96, 20, 450, 505]",57.389,READY_BOTH,cyber,"[""scheme_card"", ""screen_graphic"", ""world_decal""]",TextureRect,icon_both,OccludableIcons,0.5,90,"Iconography asset; use for UI, badges, decals, signage, screen graphics, or markers.",
pvg_icon_cyber_city_icons_cyber_jewelrycase_5_963752ec,cyber_city_icons,res://assets/tilesets/cyber_city_core_tilesets/Store_Items/CyberCity_Icons/CyberCity_Icons/JewelryCase_5.png,JewelryCase_5.png,individual_png,,512,512,"[4, 68, 508, 476]",42.339,READY_BOTH,cyber,"[""scheme_card"", ""screen_graphic"", ""world_decal""]",TextureRect,icon_both,OccludableIcons,0.5,90,"Iconography asset; use for UI, badges, decals, signage, screen graphics, or markers.",
pvg_icon_cyber_city_icons_cyber_jewelrycase_6_133acc15,cyber_city_icons,res://assets/tilesets/cyber_city_core_tilesets/Store_Items/CyberCity_Icons/CyberCity_Icons/JewelryCase_6.png,JewelryCase_6.png,individual_png,,512,512,"[8, 60, 502, 480]",46.567,READY_BOTH,cyber,"[""scheme_card"", ""screen_graphic"", ""world_decal""]",TextureRect,icon_both,OccludableIcons,0.5,90,"Iconography asset; use for UI, badges, decals, signage, screen graphics, or markers.",
pvg_icon_cyber_city_icons_cyber_jewelrycase_7_684efa9a,cyber_city_icons,res://assets/tilesets/cyber_city_core_tilesets/Store_Items/CyberCity_Icons/CyberCity_Icons/JewelryCase_7.png,JewelryCase_7.png,individual_png,,512,512,"[3, 79, 508, 485]",46.109,READY_BOTH,cyber,"[""scheme_card"", ""screen_graphic"", ""world_decal""]",TextureRect,icon_both,OccludableIcons,0.5,90,"Iconography asset; use for UI, badges, decals, signage, screen graphics, or markers.",
pvg_icon_cyber_city_icons_cyber_jewelrycase_8_f7a0f006,cyber_city_icons,res://assets/tilesets/cyber_city_core_tilesets/Store_Items/CyberCity_Icons/CyberCity_Icons/JewelryCase_8.png,JewelryCase_8.png,individual_png,,512,512,"[69, 8, 407, 509]",53.785,READY_BOTH,cyber,"[""scheme_card"", ""screen_graphic"", ""world_decal""]",TextureRect,icon_both,OccludableIcons,0.5,90,"Iconography asset; use for UI, badges, decals, signage, screen graphics, or markers.",
pvg_icon_cyber_city_icons_cyber_junk_1_6db53d68,cyber_city_icons,res://assets/tilesets/cyber_city_core_tilesets/Store_Items/CyberCity_Icons/CyberCity_Icons/Junk_1.png,Junk_1.png,individual_png,,512,512,"[25, 48, 470, 452]",55.954,READY_BOTH,cyber,"[""scheme_card"", ""screen_graphic"", ""world_decal""]",TextureRect,icon_both,OccludableIcons,0.5,90,"Iconography asset; use for UI, badges, decals, signage, screen graphics, or markers.",
pvg_icon_cyber_city_icons_cyber_junk_2_0b22613e,cyber_city_icons,res://assets/tilesets/cyber_city_core_tilesets/Store_Items/CyberCity_Icons/CyberCity_Icons/Junk_2.png,Junk_2.png,individual_png,,512,512,"[14, 58, 490, 493]",39.347,READY_BOTH,cyber,"[""scheme_card"", ""screen_graphic"", ""world_decal""]",TextureRect,icon_both,OccludableIcons,0.5,90,"Iconography asset; use for UI, badges, decals, signage, screen graphics, or markers.",
pvg_icon_cyber_city_icons_cyber_junk_3_49b46f0a,cyber_city_icons,res://assets/tilesets/cyber_city_core_tilesets/Store_Items/CyberCity_Icons/CyberCity_Icons/Junk_3.png,Junk_3.png,individual_png,,512,512,"[13, 87, 505, 447]",61.042,READY_BOTH,cyber,"[""scheme_card"", ""screen_graphic"", ""world_decal""]",TextureRect,icon_both,OccludableIcons,0.5,90,"Iconography asset; use for UI, badges, decals, signage, screen graphics, or markers.",
pvg_icon_cyber_city_icons_cyber_junk_4_45b73ba1,cyber_city_icons,res://assets/tilesets/cyber_city_core_tilesets/Store_Items/CyberCity_Icons/CyberCity_Icons/Junk_4.png,Junk_4.png,individual_png,,512,512,"[0, 20, 500, 477]",55.331,READY_BOTH,cyber,"[""scheme_card"", ""screen_graphic"", ""world_decal""]",TextureRect,icon_both,OccludableIcons,0.5,90,"Iconography asset; use for UI, badges, decals, signage, screen graphics, or markers.",
pvg_icon_cyber_city_icons_cyber_junk_5_6d0c69da,cyber_city_icons,res://assets/tilesets/cyber_city_core_tilesets/Store_Items/CyberCity_Icons/CyberCity_Icons/Junk_5.png,Junk_5.png,individual_png,,512,512,"[23, 98, 503, 435]",58.433,READY_BOTH,cyber,"[""scheme_card"", ""screen_graphic"", ""world_decal""]",TextureRect,icon_both,OccludableIcons,0.5,90,"Iconography asset; use for UI, badges, decals, signage, screen graphics, or markers.",
pvg_icon_cyber_city_icons_cyber_junk_6_9ea6bb32,cyber_city_icons,res://assets/tilesets/cyber_city_core_tilesets/Store_Items/CyberCity_Icons/CyberCity_Icons/Junk_6.png,Junk_6.png,individual_png,,512,512,"[31, 77, 507, 439]",58.982,READY_BOTH,cyber,"[""scheme_card"", ""screen_graphic"", ""world_decal""]",TextureRect,icon_both,OccludableIcons,0.5,90,"Iconography asset; use for UI, badges, decals, signage, screen graphics, or markers.",
pvg_icon_cyber_city_icons_cyber_junk_7_15285606,cyber_city_icons,res://assets/tilesets/cyber_city_core_tilesets/Store_Items/CyberCity_Icons/CyberCity_Icons/Junk_7.png,Junk_7.png,individual_png,,512,512,"[94, 15, 331, 490]",72.319,READY_BOTH,cyber,"[""scheme_card"", ""screen_graphic"", ""world_decal""]",TextureRect,icon_both,OccludableIcons,0.5,90,"Iconography asset; use for UI, badges, decals, signage, screen graphics, or markers.",
pvg_icon_cyber_city_icons_cyber_keyboard_1_e879aa2b,cyber_city_icons,res://assets/tilesets/cyber_city_core_tilesets/Store_Items/CyberCity_Icons/CyberCity_Icons/Keyboard_1.png,Keyboard_1.png,individual_png,,512,512,"[13, 118, 494, 422]",66.652,READY_BOTH,cyber,"[""scheme_card"", ""screen_graphic"", ""world_decal""]",TextureRect,icon_both,OccludableIcons,0.5,90,"Iconography asset; use for UI, badges, decals, signage, screen graphics, or markers.",
pvg_icon_cyber_city_icons_cyber_keyboard_2_b8360d7c,cyber_city_icons,res://assets/tilesets/cyber_city_core_tilesets/Store_Items/CyberCity_Icons/CyberCity_Icons/Keyboard_2.png,Keyboard_2.png,individual_png,,512,512,"[19, 137, 485, 390]",74.377,READY_BOTH,cyber,"[""scheme_card"", ""screen_graphic"", ""world_decal""]",TextureRect,icon_both,OccludableIcons,0.5,90,"Iconography asset; use for UI, badges, decals, signage, screen graphics, or markers.",
pvg_icon_cyber_city_icons_cyber_knife_1_dc148ce9,cyber_city_icons,res://assets/tilesets/cyber_city_core_tilesets/Store_Items/CyberCity_Icons/CyberCity_Icons/Knife_1.png,Knife_1.png,individual_png,,512,512,"[70, 40, 454, 496]",90.038,READY_BOTH,cyber,"[""scheme_card"", ""screen_graphic"", ""world_decal""]",TextureRect,icon_both,OccludableIcons,0.5,90,"Iconography asset; use for UI, badges, decals, signage, screen graphics, or markers.",
pvg_icon_cyber_city_icons_cyber_labdish_1_97b1979b,cyber_city_icons,res://assets/tilesets/cyber_city_core_tilesets/Store_Items/CyberCity_Icons/CyberCity_Icons/LabDish_1.png,LabDish_1.png,individual_png,,512,512,"[32, 123, 448, 419]",64.187,READY_BOTH,cyber,"[""scheme_card"", ""screen_graphic"", ""world_decal""]",TextureRect,icon_both,OccludableIcons,0.5,90,"Iconography asset; use for UI, badges, decals, signage, screen graphics, or markers.",
pvg_icon_cyber_city_icons_cyber_labequipment_1_cd4694db,cyber_city_icons,res://assets/tilesets/cyber_city_core_tilesets/Store_Items/CyberCity_Icons/CyberCity_Icons/LabEquipment_1.png,LabEquipment_1.png,individual_png,,512,512,"[14, 26, 467, 499]",35.92,READY_BOTH,cyber,"[""scheme_card"", ""screen_graphic"", ""world_decal""]",TextureRect,icon_both,OccludableIcons,0.5,90,"Iconography asset; use for UI, badges, decals, signage, screen graphics, or markers.",
pvg_icon_cyber_city_icons_cyber_labequipment_10_3380538e,cyber_city_icons,res://assets/tilesets/cyber_city_core_tilesets/Store_Items/CyberCity_Icons/CyberCity_Icons/LabEquipment_10.png,LabEquipment_10.png,individual_png,,512,512,"[7, 4, 500, 467]",64.188,READY_BOTH,cyber,"[""scheme_card"", ""screen_graphic"", ""world_decal""]",TextureRect,icon_both,OccludableIcons,0.5,90,"Iconography asset; use for UI, badges, decals, signage, screen graphics, or markers.",
pvg_icon_cyber_city_icons_cyber_labequipment_11_66eb6090,cyber_city_icons,res://assets/tilesets/cyber_city_core_tilesets/Store_Items/CyberCity_Icons/CyberCity_Icons/LabEquipment_11.png,LabEquipment_11.png,individual_png,,512,512,"[30, 75, 499, 476]",38.956,READY_BOTH,cyber,"[""scheme_card"", ""screen_graphic"", ""world_decal""]",TextureRect,icon_both,OccludableIcons,0.5,90,"Iconography asset; use for UI, badges, decals, signage, screen graphics, or markers.",
pvg_icon_cyber_city_icons_cyber_labequipment_12_4e2d430d,cyber_city_icons,res://assets/tilesets/cyber_city_core_tilesets/Store_Items/CyberCity_Icons/CyberCity_Icons/LabEquipment_12.png,LabEquipment_12.png,individual_png,,512,512,"[4, 164, 506, 454]",78.056,READY_BOTH,cyber,"[""scheme_card"", ""screen_graphic"", ""world_decal""]",TextureRect,icon_both,OccludableIcons,0.5,90,"Iconography asset; use for UI, badges, decals, signage, screen graphics, or markers.",
pvg_icon_cyber_city_icons_cyber_labequipment_13_4bce5b80,cyber_city_icons,res://assets/tilesets/cyber_city_core_tilesets/Store_Items/CyberCity_Icons/CyberCity_Icons/LabEquipment_13.png,LabEquipment_13.png,individual_png,,512,512,"[25, 90, 507, 415]",63.474,READY_BOTH,cyber,"[""scheme_card"", ""screen_graphic"", ""world_decal""]",TextureRect,icon_both,OccludableIcons,0.5,90,"Iconography asset; use for UI, badges, decals, signage, screen graphics, or markers.",
pvg_icon_cyber_city_icons_cyber_labequipment_14_9b0e6488,cyber_city_icons,res://assets/tilesets/cyber_city_core_tilesets/Store_Items/CyberCity_Icons/CyberCity_Icons/LabEquipment_14.png,LabEquipment_14.png,individual_png,,512,512,"[2, 152, 510, 382]",72.48,READY_BOTH,cyber,"[""scheme_card"", ""screen_graphic"", ""world_decal""]",TextureRect,icon_both,OccludableIcons,0.5,90,"Iconography asset; use for UI, badges, decals, signage, screen graphics, or markers.",
pvg_icon_cyber_city_icons_cyber_labequipment_2_cdde7363,cyber_city_icons,res://assets/tilesets/cyber_city_core_tilesets/Store_Items/CyberCity_Icons/CyberCity_Icons/LabEquipment_2.png,LabEquipment_2.png,individual_png,,512,512,"[59, 3, 398, 509]",44.094,READY_BOTH,cyber,"[""scheme_card"", ""screen_graphic"", ""world_decal""]",TextureRect,icon_both,OccludableIcons,0.5,90,"Iconography asset; use for UI, badges, decals, signage, screen graphics, or markers.",
pvg_icon_cyber_city_icons_cyber_labequipment_3_8f50a87c,cyber_city_icons,res://assets/tilesets/cyber_city_core_tilesets/Store_Items/CyberCity_Icons/CyberCity_Icons/LabEquipment_3.png,LabEquipment_3.png,individual_png,,512,512,"[15, 81, 493, 446]",48.88,READY_BOTH,cyber,"[""scheme_card"", ""screen_graphic"", ""world_decal""]",TextureRect,icon_both,OccludableIcons,0.5,90,"Iconography asset; use for UI, badges, decals, signage, screen graphics, or markers.",
pvg_icon_cyber_city_icons_cyber_labequipment_4_68fa8da8,cyber_city_icons,res://assets/tilesets/cyber_city_core_tilesets/Store_Items/CyberCity_Icons/CyberCity_Icons/LabEquipment_4.png,LabEquipment_4.png,individual_png,,512,512,"[4, 1, 504, 471]",65.65,READY_BOTH,cyber,"[""scheme_card"", ""screen_graphic"", ""world_decal""]",TextureRect,icon_both,OccludableIcons,0.5,90,"Iconography asset; use for UI, badges, decals, signage, screen graphics, or markers.",
pvg_icon_cyber_city_icons_cyber_labequipment_5_b6f90a22,cyber_city_icons,res://assets/tilesets/cyber_city_core_tilesets/Store_Items/CyberCity_Icons/CyberCity_Icons/LabEquipment_5.png,LabEquipment_5.png,individual_png,,512,512,"[62, 95, 487, 469]",49.532,READY_BOTH,cyber,"[""scheme_card"", ""screen_graphic"", ""world_decal""]",TextureRect,icon_both,OccludableIcons,0.5,90,"Iconography asset; use for UI, badges, decals, signage, screen graphics, or markers.",
pvg_icon_cyber_city_icons_cyber_labequipment_6_85bf622a,cyber_city_icons,res://assets/tilesets/cyber_city_core_tilesets/Store_Items/CyberCity_Icons/CyberCity_Icons/LabEquipment_6.png,LabEquipment_6.png,individual_png,,512,512,"[5, 172, 508, 457]",78.468,READY_BOTH,cyber,"[""scheme_card"", ""screen_graphic"", ""world_decal""]",TextureRect,icon_both,OccludableIcons,0.5,90,"Iconography asset; use for UI, badges, decals, signage, screen graphics, or markers.",
pvg_icon_cyber_city_icons_cyber_labequipment_7_d7ec2924,cyber_city_icons,res://assets/tilesets/cyber_city_core_tilesets/Store_Items/CyberCity_Icons/CyberCity_Icons/LabEquipment_7.png,LabEquipment_7.png,individual_png,,512,512,"[11, 12, 500, 507]",30.148,READY_BOTH,cyber,"[""scheme_card"", ""screen_graphic"", ""world_decal""]",TextureRect,icon_both,OccludableIcons,0.5,90,"Iconography asset; use for UI, badges, decals, signage, screen graphics, or markers.",
pvg_icon_cyber_city_icons_cyber_labequipment_8_84ef80a3,cyber_city_icons,res://assets/tilesets/cyber_city_core_tilesets/Store_Items/CyberCity_Icons/CyberCity_Icons/LabEquipment_8.png,LabEquipment_8.png,individual_png,,512,512,"[92, 4, 430, 506]",44.205,READY_BOTH,cyber,"[""scheme_card"", ""screen_graphic"", ""world_decal""]",TextureRect,icon_both,OccludableIcons,0.5,90,"Iconography asset; use for UI, badges, decals, signage, screen graphics, or markers.",
pvg_icon_cyber_city_icons_cyber_labequipment_9_146c5150,cyber_city_icons,res://assets/tilesets/cyber_city_core_tilesets/Store_Items/CyberCity_Icons/CyberCity_Icons/LabEquipment_9.png,LabEquipment_9.png,individual_png,,512,512,"[29, 103, 480, 425]",50.176,READY_BOTH,cyber,"[""scheme_card"", ""screen_graphic"", ""world_decal""]",TextureRect,icon_both,OccludableIcons,0.5,90,"Iconography asset; use for UI, badges, decals, signage, screen graphics, or markers.",
pvg_icon_cyber_city_icons_terminal_labmonitor_1_a4762c60,cyber_city_icons,res://assets/tilesets/cyber_city_core_tilesets/Store_Items/CyberCity_Icons/CyberCity_Icons/LabMonitor_1.png,LabMonitor_1.png,individual_png,,512,512,"[68, 13, 438, 512]",49.575,READY_BOTH,terminal,"[""store_terminal"", ""screen_graphic"", ""terminal"", ""world_decal""]",TextureRect,icon_both,OccludableIcons,0.5,90,"Iconography asset; use for UI, badges, decals, signage, screen graphics, or markers.",
pvg_icon_cyber_city_icons_terminal_labmonitor_2_1aa06ee9,cyber_city_icons,res://assets/tilesets/cyber_city_core_tilesets/Store_Items/CyberCity_Icons/CyberCity_Icons/LabMonitor_2.png,LabMonitor_2.png,individual_png,,512,512,"[50, 8, 484, 505]",45.166,READY_BOTH,terminal,"[""store_terminal"", ""screen_graphic"", ""terminal"", ""world_decal""]",TextureRect,icon_both,OccludableIcons,0.5,90,"Iconography asset; use for UI, badges, decals, signage, screen graphics, or markers.",
pvg_icon_cyber_city_icons_terminal_labmonitor_3_1f9b1c39,cyber_city_icons,res://assets/tilesets/cyber_city_core_tilesets/Store_Items/CyberCity_Icons/CyberCity_Icons/LabMonitor_3.png,LabMonitor_3.png,individual_png,,512,512,"[182, 4, 350, 510]",90.45,READY_BOTH,terminal,"[""store_terminal"", ""screen_graphic"", ""terminal"", ""world_decal""]",TextureRect,icon_both,OccludableIcons,0.5,90,"Iconography asset; use for UI, badges, decals, signage, screen graphics, or markers.",
pvg_icon_cyber_city_icons_terminal_labmonitor_4_dc2c02d4,cyber_city_icons,res://assets/tilesets/cyber_city_core_tilesets/Store_Items/CyberCity_Icons/CyberCity_Icons/LabMonitor_4.png,LabMonitor_4.png,individual_png,,512,512,"[156, 3, 324, 507]",90.468,READY_BOTH,terminal,"[""store_terminal"", ""screen_graphic"", ""terminal"", ""world_decal""]",TextureRect,icon_both,OccludableIcons,0.5,90,"Iconography asset; use for UI, badges, decals, signage, screen graphics, or markers.",
pvg_icon_cyber_city_icons_cyber_labpapers_1_02f1ea56,cyber_city_icons,res://assets/tilesets/cyber_city_core_tilesets/Store_Items/CyberCity_Icons/CyberCity_Icons/LabPapers_1.png,LabPapers_1.png,individual_png,,512,512,"[71, 34, 435, 492]",43.622,READY_BOTH,cyber,"[""scheme_card"", ""screen_graphic"", ""world_decal""]",TextureRect,icon_both,OccludableIcons,0.5,90,"Iconography asset; use for UI, badges, decals, signage, screen graphics, or markers.",
pvg_icon_cyber_city_icons_cyber_labpapers_2_287512ed,cyber_city_icons,res://assets/tilesets/cyber_city_core_tilesets/Store_Items/CyberCity_Icons/CyberCity_Icons/LabPapers_2.png,LabPapers_2.png,individual_png,,512,512,"[46, 20, 439, 508]",44.443,READY_BOTH,cyber,"[""scheme_card"", ""screen_graphic"", ""world_decal""]",TextureRect,icon_both,OccludableIcons,0.5,90,"Iconography asset; use for UI, badges, decals, signage, screen graphics, or markers.",
pvg_icon_cyber_city_icons_cyber_labscale_1_41d04097,cyber_city_icons,res://assets/tilesets/cyber_city_core_tilesets/Store_Items/CyberCity_Icons/CyberCity_Icons/LabScale_1.png,LabScale_1.png,individual_png,,512,512,"[12, 64, 506, 417]",59.371,READY_BOTH,cyber,"[""scheme_card"", ""screen_graphic"", ""world_decal""]",TextureRect,icon_both,OccludableIcons,0.5,90,"Iconography asset; use for UI, badges, decals, signage, screen graphics, or markers.",
pvg_icon_cyber_city_icons_cyber_labscale_2_0a2f9775,cyber_city_icons,res://assets/tilesets/cyber_city_core_tilesets/Store_Items/CyberCity_Icons/CyberCity_Icons/LabScale_2.png,LabScale_2.png,individual_png,,512,512,"[12, 172, 506, 417]",65.191,READY_BOTH,cyber,"[""scheme_card"", ""screen_graphic"", ""world_decal""]",TextureRect,icon_both,OccludableIcons,0.5,90,"Iconography asset; use for UI, badges, decals, signage, screen graphics, or markers.",
pvg_icon_cyber_city_icons_tech_labtech_1_a4dd1227,cyber_city_icons,res://assets/tilesets/cyber_city_core_tilesets/Store_Items/CyberCity_Icons/CyberCity_Icons/LabTech_1.png,LabTech_1.png,individual_png,,512,512,"[148, 18, 321, 486]",77.226,READY_BOTH,tech,"[""screen_graphic"", ""scheme_card"", ""inventory_icon"", ""world_decal""]",TextureRect,icon_both,OccludableIcons,0.5,90,"Iconography asset; use for UI, badges, decals, signage, screen graphics, or markers.",
pvg_icon_cyber_city_icons_tech_labtech_2_968ec2e7,cyber_city_icons,res://assets/tilesets/cyber_city_core_tilesets/Store_Items/CyberCity_Icons/CyberCity_Icons/LabTech_2.png,LabTech_2.png,individual_png,,512,512,"[72, 15, 398, 504]",53.666,READY_BOTH,tech,"[""screen_graphic"", ""scheme_card"", ""inventory_icon"", ""world_decal""]",TextureRect,icon_both,OccludableIcons,0.5,90,"Iconography asset; use for UI, badges, decals, signage, screen graphics, or markers.",
pvg_icon_cyber_city_icons_cyber_lamp_1_da727acb,cyber_city_icons,res://assets/tilesets/cyber_city_core_tilesets/Store_Items/CyberCity_Icons/CyberCity_Icons/Lamp_1.png,Lamp_1.png,individual_png,,512,512,"[183, 18, 316, 502]",93.544,READY_BOTH,cyber,"[""scheme_card"", ""screen_graphic"", ""world_decal""]",TextureRect,icon_both,OccludableIcons,0.5,90,"Iconography asset; use for UI, badges, decals, signage, screen graphics, or markers.",
pvg_icon_cyber_city_icons_cyber_lamp_2_a7e94569,cyber_city_icons,res://assets/tilesets/cyber_city_core_tilesets/Store_Items/CyberCity_Icons/CyberCity_Icons/Lamp_2.png,Lamp_2.png,individual_png,,512,512,"[60, 14, 438, 497]",51.027,READY_BOTH,cyber,"[""scheme_card"", ""screen_graphic"", ""world_decal""]",TextureRect,icon_both,OccludableIcons,0.5,90,"Iconography asset; use for UI, badges, decals, signage, screen graphics, or markers.",
pvg_icon_cyber_city_icons_cyber_largecontainer_1_bb9968d1,cyber_city_icons,res://assets/tilesets/cyber_city_core_tilesets/Store_Items/CyberCity_Icons/CyberCity_Icons/LargeContainer_1.png,LargeContainer_1.png,individual_png,,512,512,"[2, 58, 509, 448]",42.933,READY_BOTH,cyber,"[""scheme_card"", ""screen_graphic"", ""world_decal""]",TextureRect,icon_both,OccludableIcons,0.5,90,"Iconography asset; use for UI, badges, decals, signage, screen graphics, or markers.",
pvg_icon_cyber_city_icons_cyber_largejug_1_7ad011d4,cyber_city_icons,res://assets/tilesets/cyber_city_core_tilesets/Store_Items/CyberCity_Icons/CyberCity_Icons/LargeJug_1.png,LargeJug_1.png,individual_png,,512,512,"[66, 13, 445, 483]",53.557,READY_BOTH,cyber,"[""scheme_card"", ""screen_graphic"", ""world_decal""]",TextureRect,icon_both,OccludableIcons,0.5,90,"Iconography asset; use for UI, badges, decals, signage, screen graphics, or markers.",
pvg_icon_cyber_city_icons_cyber_largejug_2_cad19e62,cyber_city_icons,res://assets/tilesets/cyber_city_core_tilesets/Store_Items/CyberCity_Icons/CyberCity_Icons/LargeJug_2.png,LargeJug_2.png,individual_png,,512,512,"[129, 10, 398, 492]",58.835,READY_BOTH,cyber,"[""scheme_card"", ""screen_graphic"", ""world_decal""]",TextureRect,icon_both,OccludableIcons,0.5,90,"Iconography asset; use for UI, badges, decals, signage, screen graphics, or markers.",
pvg_icon_cyber_city_icons_cyber_largejug_3_d88f2304,cyber_city_icons,res://assets/tilesets/cyber_city_core_tilesets/Store_Items/CyberCity_Icons/CyberCity_Icons/LargeJug_3.png,LargeJug_3.png,individual_png,,512,512,"[154, 3, 402, 499]",65.791,READY_BOTH,cyber,"[""scheme_card"", ""screen_graphic"", ""world_decal""]",TextureRect,icon_both,OccludableIcons,0.5,90,"Iconography asset; use for UI, badges, decals, signage, screen graphics, or markers.",
pvg_icon_cyber_city_icons_cyber_largejug_4_15bd02e4,cyber_city_icons,res://assets/tilesets/cyber_city_core_tilesets/Store_Items/CyberCity_Icons/CyberCity_Icons/LargeJug_4.png,LargeJug_4.png,individual_png,,512,512,"[140, 12, 376, 502]",65.242,READY_BOTH,cyber,"[""scheme_card"", ""screen_graphic"", ""world_decal""]",TextureRect,icon_both,OccludableIcons,0.5,90,"Iconography asset; use for UI, badges, decals, signage, screen graphics, or markers.",
pvg_icon_cyber_city_icons_cyber_largetank_1_2b4c4f16,cyber_city_icons,res://assets/tilesets/cyber_city_core_tilesets/Store_Items/CyberCity_Icons/CyberCity_Icons/LargeTank_1.png,LargeTank_1.png,individual_png,,512,512,"[6, 129, 509, 377]",60.452,READY_BOTH,cyber,"[""scheme_card"", ""screen_graphic"", ""world_decal""]",TextureRect,icon_both,OccludableIcons,0.5,90,"Iconography asset; use for UI, badges, decals, signage, screen graphics, or markers.",
pvg_icon_cyber_city_icons_cyber_lasercutter_1_01839939,cyber_city_icons,res://assets/tilesets/cyber_city_core_tilesets/Store_Items/CyberCity_Icons/CyberCity_Icons/LaserCutter_1.png,LaserCutter_1.png,individual_png,,512,512,"[53, 17, 413, 483]",92.175,READY_BOTH,cyber,"[""scheme_card"", ""screen_graphic"", ""world_decal""]",TextureRect,icon_both,OccludableIcons,0.5,90,"Iconography asset; use for UI, badges, decals, signage, screen graphics, or markers.",
pvg_icon_cyber_city_icons_cyber_lightpole_1_1eebc66a,cyber_city_icons,res://assets/tilesets/cyber_city_core_tilesets/Store_Items/CyberCity_Icons/CyberCity_Icons/LightPole_1.png,LightPole_1.png,individual_png,,512,512,"[112, 5, 381, 510]",90.052,READY_BOTH,cyber,"[""scheme_card"", ""screen_graphic"", ""world_decal""]",TextureRect,icon_both,OccludableIcons,0.5,90,"Iconography asset; use for UI, badges, decals, signage, screen graphics, or markers.",
pvg_icon_cyber_city_icons_cyber_liquidchamber_1_b5ceadc5,cyber_city_icons,res://assets/tilesets/cyber_city_core_tilesets/Store_Items/CyberCity_Icons/CyberCity_Icons/LiquidChamber_1.png,LiquidChamber_1.png,individual_png,,512,512,"[49, 0, 435, 507]",49.991,READY_BOTH,cyber,"[""scheme_card"", ""screen_graphic"", ""world_decal""]",TextureRect,icon_both,OccludableIcons,0.5,90,"Iconography asset; use for UI, badges, decals, signage, screen graphics, or markers.",
pvg_icon_cyber_city_icons_security_lockbox_1_c72c9986,cyber_city_icons,res://assets/tilesets/cyber_city_core_tilesets/Store_Items/CyberCity_Icons/CyberCity_Icons/LockBox_1.png,LockBox_1.png,individual_png,,512,512,"[114, 19, 450, 507]",46.846,READY_BOTH,security,"[""security_indicator"", ""warning_indicator"", ""mission_board"", ""world_decal"", ""screen_graphic""]",TextureRect,icon_both,OccludableIcons,0.5,90,"Iconography asset; use for UI, badges, decals, signage, screen graphics, or markers.",
pvg_icon_cyber_city_icons_cyber_lowstool_1_a904b659,cyber_city_icons,res://assets/tilesets/cyber_city_core_tilesets/Store_Items/CyberCity_Icons/CyberCity_Icons/LowStool_1.png,LowStool_1.png,individual_png,,512,512,"[2, 151, 496, 433]",64.252,READY_BOTH,cyber,"[""scheme_card"", ""screen_graphic"", ""world_decal""]",TextureRect,icon_both,OccludableIcons,0.5,90,"Iconography asset; use for UI, badges, decals, signage, screen graphics, or markers.",
pvg_icon_cyber_city_icons_cyber_machine_1_ff74da76,cyber_city_icons,res://assets/tilesets/cyber_city_core_tilesets/Store_Items/CyberCity_Icons/CyberCity_Icons/Machine_1.png,Machine_1.png,individual_png,,512,512,"[13, 48, 503, 452]",65.62,READY_BOTH,cyber,"[""scheme_card"", ""screen_graphic"", ""world_decal""]",TextureRect,icon_both,OccludableIcons,0.5,90,"Iconography asset; use for UI, badges, decals, signage, screen graphics, or markers.",
pvg_icon_cyber_city_icons_cyber_machine_2_c9716013,cyber_city_icons,res://assets/tilesets/cyber_city_core_tilesets/Store_Items/CyberCity_Icons/CyberCity_Icons/Machine_2.png,Machine_2.png,individual_png,,512,512,"[7, 124, 505, 405]",65.152,READY_BOTH,cyber,"[""scheme_card"", ""screen_graphic"", ""world_decal""]",TextureRect,icon_both,OccludableIcons,0.5,90,"Iconography asset; use for UI, badges, decals, signage, screen graphics, or markers.",
pvg_icon_cyber_city_icons_cyber_machine_3_9ec36539,cyber_city_icons,res://assets/tilesets/cyber_city_core_tilesets/Store_Items/CyberCity_Icons/CyberCity_Icons/Machine_3.png,Machine_3.png,individual_png,,512,512,"[94, 7, 414, 508]",49.744,READY_BOTH,cyber,"[""scheme_card"", ""screen_graphic"", ""world_decal""]",TextureRect,icon_both,OccludableIcons,0.5,90,"Iconography asset; use for UI, badges, decals, signage, screen graphics, or markers.",
pvg_icon_cyber_city_icons_cyber_machine_4_da3433bd,cyber_city_icons,res://assets/tilesets/cyber_city_core_tilesets/Store_Items/CyberCity_Icons/CyberCity_Icons/Machine_4.png,Machine_4.png,individual_png,,512,512,"[76, 42, 420, 490]",52.942,READY_BOTH,cyber,"[""scheme_card"", ""screen_graphic"", ""world_decal""]",TextureRect,icon_both,OccludableIcons,0.5,90,"Iconography asset; use for UI, badges, decals, signage, screen graphics, or markers.",
pvg_icon_cyber_city_icons_cyber_machine_5_83cec28a,cyber_city_icons,res://assets/tilesets/cyber_city_core_tilesets/Store_Items/CyberCity_Icons/CyberCity_Icons/Machine_5.png,Machine_5.png,individual_png,,512,512,"[21, 32, 465, 495]",47.162,READY_BOTH,cyber,"[""scheme_card"", ""screen_graphic"", ""world_decal""]",TextureRect,icon_both,OccludableIcons,0.5,90,"Iconography asset; use for UI, badges, decals, signage, screen graphics, or markers.",
pvg_icon_cyber_city_icons_cyber_magazine_1_d9ddfb7a,cyber_city_icons,res://assets/tilesets/cyber_city_core_tilesets/Store_Items/CyberCity_Icons/CyberCity_Icons/Magazine_1.png,Magazine_1.png,individual_png,,512,512,"[85, 2, 512, 505]",42.857,READY_BOTH,cyber,"[""scheme_card"", ""screen_graphic"", ""world_decal""]",TextureRect,icon_both,OccludableIcons,0.5,90,"Iconography asset; use for UI, badges, decals, signage, screen graphics, or markers.",
pvg_icon_cyber_city_icons_cyber_magazine_2_bfccc689,cyber_city_icons,res://assets/tilesets/cyber_city_core_tilesets/Store_Items/CyberCity_Icons/CyberCity_Icons/Magazine_2.png,Magazine_2.png,individual_png,,512,512,"[96, 5, 408, 506]",47.98,READY_BOTH,cyber,"[""scheme_card"", ""screen_graphic"", ""world_decal""]",TextureRect,icon_both,OccludableIcons,0.5,90,"Iconography asset; use for UI, badges, decals, signage, screen graphics, or markers.",
pvg_icon_cyber_city_icons_cyber_magazine_3_d3c18075,cyber_city_icons,res://assets/tilesets/cyber_city_core_tilesets/Store_Items/CyberCity_Icons/CyberCity_Icons/Magazine_3.png,Magazine_3.png,individual_png,,512,512,"[50, 10, 431, 509]",34.521,READY_BOTH,cyber,"[""scheme_card"", ""screen_graphic"", ""world_decal""]",TextureRect,icon_both,OccludableIcons,0.5,90,"Iconography asset; use for UI, badges, decals, signage, screen graphics, or markers.",
pvg_icon_cyber_city_icons_cyber_magazine_4_7e011f72,cyber_city_icons,res://assets/tilesets/cyber_city_core_tilesets/Store_Items/CyberCity_Icons/CyberCity_Icons/Magazine_4.png,Magazine_4.png,individual_png,,512,512,"[109, 8, 422, 509]",47.934,READY_BOTH,cyber,"[""scheme_card"", ""screen_graphic"", ""world_decal""]",TextureRect,icon_both,OccludableIcons,0.5,90,"Iconography asset; use for UI, badges, decals, signage, screen graphics, or markers.",
pvg_icon_cyber_city_icons_cyber_magazine_5_4051118f,cyber_city_icons,res://assets/tilesets/cyber_city_core_tilesets/Store_Items/CyberCity_Icons/CyberCity_Icons/Magazine_5.png,Magazine_5.png,individual_png,,512,512,"[101, 18, 414, 470]",51.551,READY_BOTH,cyber,"[""scheme_card"", ""screen_graphic"", ""world_decal""]",TextureRect,icon_both,OccludableIcons,0.5,90,"Iconography asset; use for UI, badges, decals, signage, screen graphics, or markers.",
pvg_icon_cyber_city_icons_cyber_magazine_6_7bce2ada,cyber_city_icons,res://assets/tilesets/cyber_city_core_tilesets/Store_Items/CyberCity_Icons/CyberCity_Icons/Magazine_6.png,Magazine_6.png,individual_png,,512,512,"[138, 44, 421, 454]",60.931,READY_BOTH,cyber,"[""scheme_card"", ""screen_graphic"", ""world_decal""]",TextureRect,icon_both,OccludableIcons,0.5,90,"Iconography asset; use for UI, badges, decals, signage, screen graphics, or markers.",
pvg_icon_cyber_city_icons_cyber_magazinestand_1_1d99afd0,cyber_city_icons,res://assets/tilesets/cyber_city_core_tilesets/Store_Items/CyberCity_Icons/CyberCity_Icons/MagazineStand_1.png,MagazineStand_1.png,individual_png,,512,512,"[67, 0, 385, 506]",52.647,READY_BOTH,cyber,"[""scheme_card"", ""screen_graphic"", ""world_decal""]",TextureRect,icon_both,OccludableIcons,0.5,90,"Iconography asset; use for UI, badges, decals, signage, screen graphics, or markers.",
pvg_icon_cyber_city_icons_cyber_magtrolly_1_97e775a4,cyber_city_icons,res://assets/tilesets/cyber_city_core_tilesets/Store_Items/CyberCity_Icons/CyberCity_Icons/MagTrolly_1.png,MagTrolly_1.png,individual_png,,512,512,"[5, 53, 503, 469]",73.399,READY_BOTH,cyber,"[""scheme_card"", ""screen_graphic"", ""world_decal""]",TextureRect,icon_both,OccludableIcons,0.5,90,"Iconography asset; use for UI, badges, decals, signage, screen graphics, or markers.",
pvg_icon_cyber_city_icons_cyber_mannequin_1_987c55e4,cyber_city_icons,res://assets/tilesets/cyber_city_core_tilesets/Store_Items/CyberCity_Icons/CyberCity_Icons/Mannequin_1.png,Mannequin_1.png,individual_png,,512,512,"[163, 2, 324, 506]",82.071,READY_BOTH,cyber,"[""scheme_card"", ""screen_graphic"", ""world_decal""]",TextureRect,icon_both,OccludableIcons,0.5,90,"Iconography asset; use for UI, badges, decals, signage, screen graphics, or markers.",
pvg_icon_cyber_city_icons_map_pin_map_1_41a760f1,cyber_city_icons,res://assets/tilesets/cyber_city_core_tilesets/Store_Items/CyberCity_Icons/CyberCity_Icons/Map_1.png,Map_1.png,individual_png,,512,512,"[163, 9, 360, 502]",72.161,READY_UI_ICON,map_pin,"[""map_pin"", ""objective_marker""]",TextureRect,icon_ui,BehindPlayerIcons,0.5,-120,"Iconography asset; use for UI, badges, decals, signage, screen graphics, or markers.",World stamping of UI-first icons may look like a flat sticker.
pvg_icon_cyber_city_icons_map_pin_map_2_a21fba71,cyber_city_icons,res://assets/tilesets/cyber_city_core_tilesets/Store_Items/CyberCity_Icons/CyberCity_Icons/Map_2.png,Map_2.png,individual_png,,512,512,"[97, 7, 435, 505]",46.512,READY_UI_ICON,map_pin,"[""map_pin"", ""objective_marker""]",TextureRect,icon_ui,BehindPlayerIcons,0.5,-120,"Iconography asset; use for UI, badges, decals, signage, screen graphics, or markers.",World stamping of UI-first icons may look like a flat sticker.
pvg_icon_cyber_city_icons_health_medbed_1_d1ccb431,cyber_city_icons,res://assets/tilesets/cyber_city_core_tilesets/Store_Items/CyberCity_Icons/CyberCity_Icons/MedBed_1.png,MedBed_1.png,individual_png,,512,512,"[13, 14, 501, 492]",69.887,READY_UI_ICON,health,"[""inventory_icon"", ""pause_menu"", ""storefront_item""]",TextureRect,icon_ui,BehindPlayerIcons,0.5,-120,"Iconography asset; use for UI, badges, decals, signage, screen graphics, or markers.",World stamping of UI-first icons may look like a flat sticker.
pvg_icon_cyber_city_icons_health_medkit_1_f5a5b6f5,cyber_city_icons,res://assets/tilesets/cyber_city_core_tilesets/Store_Items/CyberCity_Icons/CyberCity_Icons/Medkit_1.png,Medkit_1.png,individual_png,,512,512,"[32, 61, 448, 487]",49.308,READY_UI_ICON,health,"[""inventory_icon"", ""pause_menu"", ""storefront_item""]",TextureRect,icon_ui,BehindPlayerIcons,0.5,-120,"Iconography asset; use for UI, badges, decals, signage, screen graphics, or markers.",World stamping of UI-first icons may look like a flat sticker.
pvg_icon_cyber_city_icons_cyber_microscope_1_87492bc4,cyber_city_icons,res://assets/tilesets/cyber_city_core_tilesets/Store_Items/CyberCity_Icons/CyberCity_Icons/Microscope_1.png,Microscope_1.png,individual_png,,512,512,"[110, 5, 347, 493]",81.903,READY_BOTH,cyber,"[""scheme_card"", ""screen_graphic"", ""world_decal""]",TextureRect,icon_both,OccludableIcons,0.5,90,"Iconography asset; use for UI, badges, decals, signage, screen graphics, or markers.",
pvg_icon_cyber_city_icons_cyber_miniturbine_1_493716c5,cyber_city_icons,res://assets/tilesets/cyber_city_core_tilesets/Store_Items/CyberCity_Icons/CyberCity_Icons/MiniTurbine_1.png,MiniTurbine_1.png,individual_png,,512,512,"[9, 19, 487, 474]",49.67,READY_BOTH,cyber,"[""scheme_card"", ""screen_graphic"", ""world_decal""]",TextureRect,icon_both,OccludableIcons,0.5,90,"Iconography asset; use for UI, badges, decals, signage, screen graphics, or markers.",
pvg_icon_cyber_city_icons_cyber_mixboard_1_66da56ac,cyber_city_icons,res://assets/tilesets/cyber_city_core_tilesets/Store_Items/CyberCity_Icons/CyberCity_Icons/MixBoard_1.png,MixBoard_1.png,individual_png,,512,512,"[5, 112, 503, 427]",61.643,READY_BOTH,cyber,"[""scheme_card"", ""screen_graphic"", ""world_decal""]",TextureRect,icon_both,OccludableIcons,0.5,90,"Iconography asset; use for UI, badges, decals, signage, screen graphics, or markers.",
pvg_icon_cyber_city_icons_cyber_mobilelight_1_3b0a0a8a,cyber_city_icons,res://assets/tilesets/cyber_city_core_tilesets/Store_Items/CyberCity_Icons/CyberCity_Icons/MobileLight_1.png,MobileLight_1.png,individual_png,,512,512,"[36, 43, 475, 488]",59.359,READY_BOTH,cyber,"[""scheme_card"", ""screen_graphic"", ""world_decal""]",TextureRect,icon_both,OccludableIcons,0.5,90,"Iconography asset; use for UI, badges, decals, signage, screen graphics, or markers.",
pvg_icon_cyber_city_icons_terminal_monitor_1_4f8643c0,cyber_city_icons,res://assets/tilesets/cyber_city_core_tilesets/Store_Items/CyberCity_Icons/CyberCity_Icons/Monitor_1.png,Monitor_1.png,individual_png,,512,512,"[68, 2, 395, 480]",53.891,READY_BOTH,terminal,"[""store_terminal"", ""screen_graphic"", ""terminal"", ""world_decal""]",TextureRect,icon_both,OccludableIcons,0.5,90,"Iconography asset; use for UI, badges, decals, signage, screen graphics, or markers.",
pvg_icon_cyber_city_icons_terminal_monitor_2_21dab73e,cyber_city_icons,res://assets/tilesets/cyber_city_core_tilesets/Store_Items/CyberCity_Icons/CyberCity_Icons/Monitor_2.png,Monitor_2.png,individual_png,,512,512,"[8, 106, 490, 397]",55.423,READY_BOTH,terminal,"[""store_terminal"", ""screen_graphic"", ""terminal"", ""world_decal""]",TextureRect,icon_both,OccludableIcons,0.5,90,"Iconography asset; use for UI, badges, decals, signage, screen graphics, or markers.",
pvg_icon_cyber_city_icons_terminal_monitor_3_cca6b150,cyber_city_icons,res://assets/tilesets/cyber_city_core_tilesets/Store_Items/CyberCity_Icons/CyberCity_Icons/Monitor_3.png,Monitor_3.png,individual_png,,512,512,"[14, 110, 475, 424]",56.663,READY_BOTH,terminal,"[""store_terminal"", ""screen_graphic"", ""terminal"", ""world_decal""]",TextureRect,icon_both,OccludableIcons,0.5,90,"Iconography asset; use for UI, badges, decals, signage, screen graphics, or markers.",
pvg_icon_cyber_city_icons_terminal_monitor_4_81ebb667,cyber_city_icons,res://assets/tilesets/cyber_city_core_tilesets/Store_Items/CyberCity_Icons/CyberCity_Icons/Monitor_4.png,Monitor_4.png,individual_png,,512,512,"[14, 54, 453, 483]",42.945,READY_BOTH,terminal,"[""store_terminal"", ""screen_graphic"", ""terminal"", ""world_decal""]",TextureRect,icon_both,OccludableIcons,0.5,90,"Iconography asset; use for UI, badges, decals, signage, screen graphics, or markers.",
pvg_icon_cyber_city_icons_terminal_monitor_5_17ef91d4,cyber_city_icons,res://assets/tilesets/cyber_city_core_tilesets/Store_Items/CyberCity_Icons/CyberCity_Icons/Monitor_5.png,Monitor_5.png,individual_png,,512,512,"[41, 40, 455, 492]",39.217,READY_BOTH,terminal,"[""store_terminal"", ""screen_graphic"", ""terminal"", ""world_decal""]",TextureRect,icon_both,OccludableIcons,0.5,90,"Iconography asset; use for UI, badges, decals, signage, screen graphics, or markers.",
pvg_icon_cyber_city_icons_terminal_monitor_6_c2cb6f8a,cyber_city_icons,res://assets/tilesets/cyber_city_core_tilesets/Store_Items/CyberCity_Icons/CyberCity_Icons/Monitor_6.png,Monitor_6.png,individual_png,,512,512,"[59, 15, 481, 486]",34.811,READY_BOTH,terminal,"[""store_terminal"", ""screen_graphic"", ""terminal"", ""world_decal""]",TextureRect,icon_both,OccludableIcons,0.5,90,"Iconography asset; use for UI, badges, decals, signage, screen graphics, or markers.",
pvg_icon_cyber_city_icons_terminal_monitor_7_f37baf38,cyber_city_icons,res://assets/tilesets/cyber_city_core_tilesets/Store_Items/CyberCity_Icons/CyberCity_Icons/Monitor_7.png,Monitor_7.png,individual_png,,512,512,"[57, 71, 421, 491]",49.251,READY_BOTH,terminal,"[""store_terminal"", ""screen_graphic"", ""terminal"", ""world_decal""]",TextureRect,icon_both,OccludableIcons,0.5,90,"Iconography asset; use for UI, badges, decals, signage, screen graphics, or markers.",
pvg_icon_cyber_city_icons_cyber_mouse_1_cfd5c6a2,cyber_city_icons,res://assets/tilesets/cyber_city_core_tilesets/Store_Items/CyberCity_Icons/CyberCity_Icons/Mouse_1.png,Mouse_1.png,individual_png,,512,512,"[104, 94, 349, 426]",76.859,READY_BOTH,cyber,"[""scheme_card"", ""screen_graphic"", ""world_decal""]",TextureRect,icon_both,OccludableIcons,0.5,90,"Iconography asset; use for UI, badges, decals, signage, screen graphics, or markers.",
pvg_icon_cyber_city_icons_cyber_multispanner_1_75df9d19,cyber_city_icons,res://assets/tilesets/cyber_city_core_tilesets/Store_Items/CyberCity_Icons/CyberCity_Icons/MultiSpanner_1.png,MultiSpanner_1.png,individual_png,,512,512,"[83, 23, 418, 473]",93.301,READY_BOTH,cyber,"[""scheme_card"", ""screen_graphic"", ""world_decal""]",TextureRect,icon_both,OccludableIcons,0.5,90,"Iconography asset; use for UI, badges, decals, signage, screen graphics, or markers.",
pvg_icon_cyber_city_icons_cyber_newspaper_1_98fb5ba8,cyber_city_icons,res://assets/tilesets/cyber_city_core_tilesets/Store_Items/CyberCity_Icons/CyberCity_Icons/NewsPaper_1.png,NewsPaper_1.png,individual_png,,512,512,"[81, 3, 457, 504]",35.572,READY_BOTH,cyber,"[""scheme_card"", ""screen_graphic"", ""world_decal""]",TextureRect,icon_both,OccludableIcons,0.5,90,"Iconography asset; use for UI, badges, decals, signage, screen graphics, or markers.",
pvg_icon_cyber_city_icons_cyber_newspaper_2_4e8f7090,cyber_city_icons,res://assets/tilesets/cyber_city_core_tilesets/Store_Items/CyberCity_Icons/CyberCity_Icons/NewsPaper_2.png,NewsPaper_2.png,individual_png,,512,512,"[124, 66, 380, 442]",69.08,READY_BOTH,cyber,"[""scheme_card"", ""screen_graphic"", ""world_decal""]",TextureRect,icon_both,OccludableIcons,0.5,90,"Iconography asset; use for UI, badges, decals, signage, screen graphics, or markers.",
pvg_icon_cyber_city_icons_terminal_newsscreen_1_51d8340d,cyber_city_icons,res://assets/tilesets/cyber_city_core_tilesets/Store_Items/CyberCity_Icons/CyberCity_Icons/NewsScreen_1.png,NewsScreen_1.png,individual_png,,512,512,"[10, 96, 503, 397]",48.336,READY_BOTH,terminal,"[""store_terminal"", ""screen_graphic"", ""terminal"", ""world_decal""]",TextureRect,icon_both,OccludableIcons,0.5,90,"Iconography asset; use for UI, badges, decals, signage, screen graphics, or markers.",
pvg_icon_cyber_city_icons_cyber_ottoman_1_8150080e,cyber_city_icons,res://assets/tilesets/cyber_city_core_tilesets/Store_Items/CyberCity_Icons/CyberCity_Icons/Ottoman_1.png,Ottoman_1.png,individual_png,,512,512,"[11, 147, 503, 416]",73.111,READY_BOTH,cyber,"[""scheme_card"", ""screen_graphic"", ""world_decal""]",TextureRect,icon_both,OccludableIcons,0.5,90,"Iconography asset; use for UI, badges, decals, signage, screen graphics, or markers.",
pvg_icon_cyber_city_icons_cyber_oxygentank_1_d21a38f0,cyber_city_icons,res://assets/tilesets/cyber_city_core_tilesets/Store_Items/CyberCity_Icons/CyberCity_Icons/OxygenTank_1.png,OxygenTank_1.png,individual_png,,512,512,"[178, 10, 305, 490]",82.952,READY_BOTH,cyber,"[""scheme_card"", ""screen_graphic"", ""world_decal""]",TextureRect,icon_both,OccludableIcons,0.5,90,"Iconography asset; use for UI, badges, decals, signage, screen graphics, or markers.",
pvg_icon_cyber_city_icons_cyber_painting_1_f5f9c28a,cyber_city_icons,res://assets/tilesets/cyber_city_core_tilesets/Store_Items/CyberCity_Icons/CyberCity_Icons/Painting_1.png,Painting_1.png,individual_png,,512,512,"[47, 109, 487, 389]",58.173,READY_BOTH,cyber,"[""scheme_card"", ""screen_graphic"", ""world_decal""]",TextureRect,icon_both,OccludableIcons,0.5,90,"Iconography asset; use for UI, badges, decals, signage, screen graphics, or markers.",
pvg_icon_cyber_city_icons_cyber_painting_2_9015c7d0,cyber_city_icons,res://assets/tilesets/cyber_city_core_tilesets/Store_Items/CyberCity_Icons/CyberCity_Icons/Painting_2.png,Painting_2.png,individual_png,,512,512,"[102, 3, 427, 506]",43.657,READY_BOTH,cyber,"[""scheme_card"", ""screen_graphic"", ""world_decal""]",TextureRect,icon_both,OccludableIcons,0.5,90,"Iconography asset; use for UI, badges, decals, signage, screen graphics, or markers.",
pvg_icon_cyber_city_icons_cyber_painting_3_ff616006,cyber_city_icons,res://assets/tilesets/cyber_city_core_tilesets/Store_Items/CyberCity_Icons/CyberCity_Icons/Painting_3.png,Painting_3.png,individual_png,,512,512,"[84, 8, 379, 509]",54.321,READY_BOTH,cyber,"[""scheme_card"", ""screen_graphic"", ""world_decal""]",TextureRect,icon_both,OccludableIcons,0.5,90,"Iconography asset; use for UI, badges, decals, signage, screen graphics, or markers.",
pvg_icon_cyber_city_icons_cyber_painting_4_32e4dab6,cyber_city_icons,res://assets/tilesets/cyber_city_core_tilesets/Store_Items/CyberCity_Icons/CyberCity_Icons/Painting_4.png,Painting_4.png,individual_png,,512,512,"[11, 78, 504, 450]",36.875,READY_BOTH,cyber,"[""scheme_card"", ""screen_graphic"", ""world_decal""]",TextureRect,icon_both,OccludableIcons,0.5,90,"Iconography asset; use for UI, badges, decals, signage, screen graphics, or markers.",
pvg_icon_cyber_city_icons_cyber_painting_5_00e3041a,cyber_city_icons,res://assets/tilesets/cyber_city_core_tilesets/Store_Items/CyberCity_Icons/CyberCity_Icons/Painting_5.png,Painting_5.png,individual_png,,512,512,"[5, 66, 505, 453]",33.945,READY_BOTH,cyber,"[""scheme_card"", ""screen_graphic"", ""world_decal""]",TextureRect,icon_both,OccludableIcons,0.5,90,"Iconography asset; use for UI, badges, decals, signage, screen graphics, or markers.",
pvg_icon_cyber_city_icons_cyber_painting_6_d8ef740c,cyber_city_icons,res://assets/tilesets/cyber_city_core_tilesets/Store_Items/CyberCity_Icons/CyberCity_Icons/Painting_6.png,Painting_6.png,individual_png,,512,512,"[12, 49, 499, 449]",33.913,READY_BOTH,cyber,"[""scheme_card"", ""screen_graphic"", ""world_decal""]",TextureRect,icon_both,OccludableIcons,0.5,90,"Iconography asset; use for UI, badges, decals, signage, screen graphics, or markers.",
pvg_icon_cyber_city_icons_cyber_painting_7_e838fa24,cyber_city_icons,res://assets/tilesets/cyber_city_core_tilesets/Store_Items/CyberCity_Icons/CyberCity_Icons/Painting_7.png,Painting_7.png,individual_png,,512,512,"[26, 55, 502, 420]",40.326,READY_BOTH,cyber,"[""scheme_card"", ""screen_graphic"", ""world_decal""]",TextureRect,icon_both,OccludableIcons,0.5,90,"Iconography asset; use for UI, badges, decals, signage, screen graphics, or markers.",
pvg_icon_cyber_city_icons_cyber_paper_1_06bd2269,cyber_city_icons,res://assets/tilesets/cyber_city_core_tilesets/Store_Items/CyberCity_Icons/CyberCity_Icons/Paper_1.png,Paper_1.png,individual_png,,512,512,"[98, 56, 445, 447]",71.489,READY_BOTH,cyber,"[""scheme_card"", ""screen_graphic"", ""world_decal""]",TextureRect,icon_both,OccludableIcons,0.5,90,"Iconography asset; use for UI, badges, decals, signage, screen graphics, or markers.",
pvg_icon_cyber_city_icons_cyber_paper_2_7cc9f8df,cyber_city_icons,res://assets/tilesets/cyber_city_core_tilesets/Store_Items/CyberCity_Icons/CyberCity_Icons/Paper_2.png,Paper_2.png,individual_png,,512,512,"[34, 17, 429, 500]",62.908,READY_BOTH,cyber,"[""scheme_card"", ""screen_graphic"", ""world_decal""]",TextureRect,icon_both,OccludableIcons,0.5,90,"Iconography asset; use for UI, badges, decals, signage, screen graphics, or markers.",
pvg_icon_cyber_city_icons_cyber_paperlantern_1_98f2166a,cyber_city_icons,res://assets/tilesets/cyber_city_core_tilesets/Store_Items/CyberCity_Icons/CyberCity_Icons/PaperLantern_1.png,PaperLantern_1.png,individual_png,,512,512,"[70, 29, 453, 459]",57.377,READY_BOTH,cyber,"[""scheme_card"", ""screen_graphic"", ""world_decal""]",TextureRect,icon_both,OccludableIcons,0.5,90,"Iconography asset; use for UI, badges, decals, signage, screen graphics, or markers.",
pvg_icon_cyber_city_icons_cyber_paperlantern_2_500ba9e3,cyber_city_icons,res://assets/tilesets/cyber_city_core_tilesets/Store_Items/CyberCity_Icons/CyberCity_Icons/PaperLantern_2.png,PaperLantern_2.png,individual_png,,512,512,"[170, 20, 362, 500]",76.263,READY_BOTH,cyber,"[""scheme_card"", ""screen_graphic"", ""world_decal""]",TextureRect,icon_both,OccludableIcons,0.5,90,"Iconography asset; use for UI, badges, decals, signage, screen graphics, or markers.",
pvg_icon_cyber_city_icons_cyber_patiotable_1_4f1dfb68,cyber_city_icons,res://assets/tilesets/cyber_city_core_tilesets/Store_Items/CyberCity_Icons/CyberCity_Icons/PatioTable_1.png,PatioTable_1.png,individual_png,,512,512,"[22, 68, 482, 489]",78.498,READY_BOTH,cyber,"[""scheme_card"", ""screen_graphic"", ""world_decal""]",TextureRect,icon_both,OccludableIcons,0.5,90,"Iconography asset; use for UI, badges, decals, signage, screen graphics, or markers.",
pvg_icon_cyber_city_icons_cyber_payphone_1_75bc234e,cyber_city_icons,res://assets/tilesets/cyber_city_core_tilesets/Store_Items/CyberCity_Icons/CyberCity_Icons/Payphone_1.png,Payphone_1.png,individual_png,,512,512,"[85, 9, 360, 501]",63.063,READY_BOTH,cyber,"[""scheme_card"", ""screen_graphic"", ""world_decal""]",TextureRect,icon_both,OccludableIcons,0.5,90,"Iconography asset; use for UI, badges, decals, signage, screen graphics, or markers.",
pvg_icon_cyber_city_icons_cyber_payphone_2_cc9e8065,cyber_city_icons,res://assets/tilesets/cyber_city_core_tilesets/Store_Items/CyberCity_Icons/CyberCity_Icons/Payphone_2.png,Payphone_2.png,individual_png,,512,512,"[72, 10, 397, 507]",58.004,READY_BOTH,cyber,"[""scheme_card"", ""screen_graphic"", ""world_decal""]",TextureRect,icon_both,OccludableIcons,0.5,90,"Iconography asset; use for UI, badges, decals, signage, screen graphics, or markers.",
pvg_icon_cyber_city_icons_cyber_payphone_3_e5604c37,cyber_city_icons,res://assets/tilesets/cyber_city_core_tilesets/Store_Items/CyberCity_Icons/CyberCity_Icons/Payphone_3.png,Payphone_3.png,individual_png,,512,512,"[152, 14, 342, 498]",85.153,READY_BOTH,cyber,"[""scheme_card"", ""screen_graphic"", ""world_decal""]",TextureRect,icon_both,OccludableIcons,0.5,90,"Iconography asset; use for UI, badges, decals, signage, screen graphics, or markers.",
pvg_icon_cyber_city_icons_cyber_pick_1_1eda422c,cyber_city_icons,res://assets/tilesets/cyber_city_core_tilesets/Store_Items/CyberCity_Icons/CyberCity_Icons/Pick_1.png,Pick_1.png,individual_png,,512,512,"[92, 81, 440, 431]",94.035,READY_BOTH,cyber,"[""scheme_card"", ""screen_graphic"", ""world_decal""]",TextureRect,icon_both,OccludableIcons,0.5,90,"Iconography asset; use for UI, badges, decals, signage, screen graphics, or markers.",
pvg_icon_cyber_city_icons_cyber_pictureset_1_d3a91a19,cyber_city_icons,res://assets/tilesets/cyber_city_core_tilesets/Store_Items/CyberCity_Icons/CyberCity_Icons/PictureSet_1.png,PictureSet_1.png,individual_png,,512,512,"[6, 31, 505, 449]",40.185,READY_BOTH,cyber,"[""scheme_card"", ""screen_graphic"", ""world_decal""]",TextureRect,icon_both,OccludableIcons,0.5,90,"Iconography asset; use for UI, badges, decals, signage, screen graphics, or markers.",
pvg_icon_cyber_city_icons_cyber_pictureset_2_b13ef179,cyber_city_icons,res://assets/tilesets/cyber_city_core_tilesets/Store_Items/CyberCity_Icons/CyberCity_Icons/PictureSet_2.png,PictureSet_2.png,individual_png,,512,512,"[84, 4, 446, 510]",49.504,READY_BOTH,cyber,"[""scheme_card"", ""screen_graphic"", ""world_decal""]",TextureRect,icon_both,OccludableIcons,0.5,90,"Iconography asset; use for UI, badges, decals, signage, screen graphics, or markers.",
pvg_icon_cyber_city_icons_health_pilljar_1_10fcf962,cyber_city_icons,res://assets/tilesets/cyber_city_core_tilesets/Store_Items/CyberCity_Icons/CyberCity_Icons/PillJar_1.png,PillJar_1.png,individual_png,,512,512,"[115, 20, 411, 470]",69.25,READY_UI_ICON,health,"[""inventory_icon"", ""pause_menu"", ""storefront_item""]",TextureRect,icon_ui,BehindPlayerIcons,0.5,-120,"Iconography asset; use for UI, badges, decals, signage, screen graphics, or markers.",World stamping of UI-first icons may look like a flat sticker.
pvg_icon_cyber_city_icons_health_pilljar_2_0114ee44,cyber_city_icons,res://assets/tilesets/cyber_city_core_tilesets/Store_Items/CyberCity_Icons/CyberCity_Icons/PillJar_2.png,PillJar_2.png,individual_png,,512,512,"[141, 31, 393, 489]",60.421,READY_UI_ICON,health,"[""inventory_icon"", ""pause_menu"", ""storefront_item""]",TextureRect,icon_ui,BehindPlayerIcons,0.5,-120,"Iconography asset; use for UI, badges, decals, signage, screen graphics, or markers.",World stamping of UI-first icons may look like a flat sticker.
pvg_icon_cyber_city_icons_health_pillow_1_8ec97df9,cyber_city_icons,res://assets/tilesets/cyber_city_core_tilesets/Store_Items/CyberCity_Icons/CyberCity_Icons/Pillow_1.png,Pillow_1.png,individual_png,,512,512,"[5, 77, 499, 485]",52.179,READY_UI_ICON,health,"[""inventory_icon"", ""pause_menu"", ""storefront_item""]",TextureRect,icon_ui,BehindPlayerIcons,0.5,-120,"Iconography asset; use for UI, badges, decals, signage, screen graphics, or markers.",World stamping of UI-first icons may look like a flat sticker.
pvg_icon_cyber_city_icons_health_pillow_2_be06936c,cyber_city_icons,res://assets/tilesets/cyber_city_core_tilesets/Store_Items/CyberCity_Icons/CyberCity_Icons/Pillow_2.png,Pillow_2.png,individual_png,,512,512,"[22, 22, 468, 490]",44.833,READY_UI_ICON,health,"[""inventory_icon"", ""pause_menu"", ""storefront_item""]",TextureRect,icon_ui,BehindPlayerIcons,0.5,-120,"Iconography asset; use for UI, badges, decals, signage, screen graphics, or markers.",World stamping of UI-first icons may look like a flat sticker.
pvg_icon_cyber_city_icons_health_pillow_3_6759014d,cyber_city_icons,res://assets/tilesets/cyber_city_core_tilesets/Store_Items/CyberCity_Icons/CyberCity_Icons/Pillow_3.png,Pillow_3.png,individual_png,,512,512,"[0, 71, 505, 482]",63.88,READY_UI_ICON,health,"[""inventory_icon"", ""pause_menu"", ""storefront_item""]",TextureRect,icon_ui,BehindPlayerIcons,0.5,-120,"Iconography asset; use for UI, badges, decals, signage, screen graphics, or markers.",World stamping of UI-first icons may look like a flat sticker.
pvg_icon_cyber_city_icons_health_pillow_4_3384ed9b,cyber_city_icons,res://assets/tilesets/cyber_city_core_tilesets/Store_Items/CyberCity_Icons/CyberCity_Icons/Pillow_4.png,Pillow_4.png,individual_png,,512,512,"[7, 110, 500, 455]",62.421,READY_UI_ICON,health,"[""inventory_icon"", ""pause_menu"", ""storefront_item""]",TextureRect,icon_ui,BehindPlayerIcons,0.5,-120,"Iconography asset; use for UI, badges, decals, signage, screen graphics, or markers.",World stamping of UI-first icons may look like a flat sticker.
pvg_icon_cyber_city_icons_comedy_pizza_1_d1d16855,cyber_city_icons,res://assets/tilesets/cyber_city_core_tilesets/Store_Items/CyberCity_Icons/CyberCity_Icons/Pizza_1.png,Pizza_1.png,individual_png,,512,512,"[51, 81, 463, 458]",55.05,READY_UI_ICON,comedy,"[""comedy_item_candidate"", ""decor_shop_thumbnail""]",TextureRect,icon_ui,BehindPlayerIcons,0.5,-120,"Iconography asset; use for UI, badges, decals, signage, screen graphics, or markers.",World stamping of UI-first icons may look like a flat sticker.
pvg_icon_cyber_city_icons_comedy_pizzabox_1_5e2cc346,cyber_city_icons,res://assets/tilesets/cyber_city_core_tilesets/Store_Items/CyberCity_Icons/CyberCity_Icons/PizzaBox_1.png,PizzaBox_1.png,individual_png,,512,512,"[26, 26, 474, 483]",60.963,READY_UI_ICON,comedy,"[""comedy_item_candidate"", ""decor_shop_thumbnail""]",TextureRect,icon_ui,BehindPlayerIcons,0.5,-120,"Iconography asset; use for UI, badges, decals, signage, screen graphics, or markers.",World stamping of UI-first icons may look like a flat sticker.
pvg_icon_cyber_city_icons_comedy_pizzabox_2_aec3d575,cyber_city_icons,res://assets/tilesets/cyber_city_core_tilesets/Store_Items/CyberCity_Icons/CyberCity_Icons/PizzaBox_2.png,PizzaBox_2.png,individual_png,,512,512,"[21, 133, 480, 430]",60.54,READY_UI_ICON,comedy,"[""comedy_item_candidate"", ""decor_shop_thumbnail""]",TextureRect,icon_ui,BehindPlayerIcons,0.5,-120,"Iconography asset; use for UI, badges, decals, signage, screen graphics, or markers.",World stamping of UI-first icons may look like a flat sticker.
pvg_icon_cyber_city_icons_cyber_plasmawelder_1_04706cd9,cyber_city_icons,res://assets/tilesets/cyber_city_core_tilesets/Store_Items/CyberCity_Icons/CyberCity_Icons/PlasmaWelder_1.png,PlasmaWelder_1.png,individual_png,,512,512,"[13, 27, 490, 468]",70.247,READY_BOTH,cyber,"[""scheme_card"", ""screen_graphic"", ""world_decal""]",TextureRect,icon_both,OccludableIcons,0.5,90,"Iconography asset; use for UI, badges, decals, signage, screen graphics, or markers.",
pvg_icon_cyber_city_icons_cyber_plasticbin_1_56650935,cyber_city_icons,res://assets/tilesets/cyber_city_core_tilesets/Store_Items/CyberCity_Icons/CyberCity_Icons/PlasticBin_1.png,PlasticBin_1.png,individual_png,,512,512,"[14, 68, 491, 474]",47.073,READY_BOTH,cyber,"[""scheme_card"", ""screen_graphic"", ""world_decal""]",TextureRect,icon_both,OccludableIcons,0.5,90,"Iconography asset; use for UI, badges, decals, signage, screen graphics, or markers.",
pvg_icon_cyber_city_icons_cyber_plates_1_15ce90a6,cyber_city_icons,res://assets/tilesets/cyber_city_core_tilesets/Store_Items/CyberCity_Icons/CyberCity_Icons/Plates_1.png,Plates_1.png,individual_png,,512,512,"[25, 92, 501, 483]",40.547,READY_BOTH,cyber,"[""scheme_card"", ""screen_graphic"", ""world_decal""]",TextureRect,icon_both,OccludableIcons,0.5,90,"Iconography asset; use for UI, badges, decals, signage, screen graphics, or markers.",
pvg_icon_cyber_city_icons_decor_poster_1_acbe2453,cyber_city_icons,res://assets/tilesets/cyber_city_core_tilesets/Store_Items/CyberCity_Icons/CyberCity_Icons/Poster_1.png,Poster_1.png,individual_png,,512,512,"[34, 28, 449, 448]",51.566,READY_BOTH,decor,"[""signage"", ""wall_sticker"", ""world_decal""]",TextureRect,icon_both,OccludableIcons,0.5,90,"Iconography asset; use for UI, badges, decals, signage, screen graphics, or markers.",
pvg_icon_cyber_city_icons_decor_poster_10_134c6dbf,cyber_city_icons,res://assets/tilesets/cyber_city_core_tilesets/Store_Items/CyberCity_Icons/CyberCity_Icons/Poster_10.png,Poster_10.png,individual_png,,512,512,"[56, 49, 492, 413]",45.614,READY_BOTH,decor,"[""signage"", ""wall_sticker"", ""world_decal""]",TextureRect,icon_both,OccludableIcons,0.5,90,"Iconography asset; use for UI, badges, decals, signage, screen graphics, or markers.",
pvg_icon_cyber_city_icons_decor_poster_2_01446793,cyber_city_icons,res://assets/tilesets/cyber_city_core_tilesets/Store_Items/CyberCity_Icons/CyberCity_Icons/Poster_2.png,Poster_2.png,individual_png,,512,512,"[113, 14, 417, 497]",47.219,READY_BOTH,decor,"[""signage"", ""wall_sticker"", ""world_decal""]",TextureRect,icon_both,OccludableIcons,0.5,90,"Iconography asset; use for UI, badges, decals, signage, screen graphics, or markers.",
pvg_icon_cyber_city_icons_decor_poster_3_3890340c,cyber_city_icons,res://assets/tilesets/cyber_city_core_tilesets/Store_Items/CyberCity_Icons/CyberCity_Icons/Poster_3.png,Poster_3.png,individual_png,,512,512,"[97, 12, 420, 492]",45.79,READY_BOTH,decor,"[""signage"", ""wall_sticker"", ""world_decal""]",TextureRect,icon_both,OccludableIcons,0.5,90,"Iconography asset; use for UI, badges, decals, signage, screen graphics, or markers.",
pvg_icon_cyber_city_icons_decor_poster_4_5db59d57,cyber_city_icons,res://assets/tilesets/cyber_city_core_tilesets/Store_Items/CyberCity_Icons/CyberCity_Icons/Poster_4.png,Poster_4.png,individual_png,,512,512,"[119, 6, 416, 509]",47.006,READY_BOTH,decor,"[""signage"", ""wall_sticker"", ""world_decal""]",TextureRect,icon_both,OccludableIcons,0.5,90,"Iconography asset; use for UI, badges, decals, signage, screen graphics, or markers.",
pvg_icon_cyber_city_icons_decor_poster_5_a71b2f27,cyber_city_icons,res://assets/tilesets/cyber_city_core_tilesets/Store_Items/CyberCity_Icons/CyberCity_Icons/Poster_5.png,Poster_5.png,individual_png,,512,512,"[83, 23, 405, 495]",47.393,READY_BOTH,decor,"[""signage"", ""wall_sticker"", ""world_decal""]",TextureRect,icon_both,OccludableIcons,0.5,90,"Iconography asset; use for UI, badges, decals, signage, screen graphics, or markers.",
pvg_icon_cyber_city_icons_decor_poster_6_65441334,cyber_city_icons,res://assets/tilesets/cyber_city_core_tilesets/Store_Items/CyberCity_Icons/CyberCity_Icons/Poster_6.png,Poster_6.png,individual_png,,512,512,"[124, 3, 409, 500]",50.584,READY_BOTH,decor,"[""signage"", ""wall_sticker"", ""world_decal""]",TextureRect,icon_both,OccludableIcons,0.5,90,"Iconography asset; use for UI, badges, decals, signage, screen graphics, or markers.",
pvg_icon_cyber_city_icons_decor_poster_7_c1004021,cyber_city_icons,res://assets/tilesets/cyber_city_core_tilesets/Store_Items/CyberCity_Icons/CyberCity_Icons/Poster_7.png,Poster_7.png,individual_png,,512,512,"[83, 19, 444, 505]",45.849,READY_BOTH,decor,"[""signage"", ""wall_sticker"", ""world_decal""]",TextureRect,icon_both,OccludableIcons,0.5,90,"Iconography asset; use for UI, badges, decals, signage, screen graphics, or markers.",
pvg_icon_cyber_city_icons_decor_poster_8_075518d6,cyber_city_icons,res://assets/tilesets/cyber_city_core_tilesets/Store_Items/CyberCity_Icons/CyberCity_Icons/Poster_8.png,Poster_8.png,individual_png,,512,512,"[125, 15, 438, 501]",51.735,READY_BOTH,decor,"[""signage"", ""wall_sticker"", ""world_decal""]",TextureRect,icon_both,OccludableIcons,0.5,90,"Iconography asset; use for UI, badges, decals, signage, screen graphics, or markers.",
pvg_icon_cyber_city_icons_decor_poster_9_88c8890d,cyber_city_icons,res://assets/tilesets/cyber_city_core_tilesets/Store_Items/CyberCity_Icons/CyberCity_Icons/Poster_9.png,Poster_9.png,individual_png,,512,512,"[94, 12, 405, 501]",46.19,READY_BOTH,decor,"[""signage"", ""wall_sticker"", ""world_decal""]",TextureRect,icon_both,OccludableIcons,0.5,90,"Iconography asset; use for UI, badges, decals, signage, screen graphics, or markers.",
pvg_icon_cyber_city_icons_cyber_postitnote_1_62e74025,cyber_city_icons,res://assets/tilesets/cyber_city_core_tilesets/Store_Items/CyberCity_Icons/CyberCity_Icons/PostitNote_1.png,PostitNote_1.png,individual_png,,512,512,"[98, 112, 388, 396]",73.614,READY_BOTH,cyber,"[""scheme_card"", ""screen_graphic"", ""world_decal""]",TextureRect,icon_both,OccludableIcons,0.5,90,"Iconography asset; use for UI, badges, decals, signage, screen graphics, or markers.",
pvg_icon_cyber_city_icons_cyber_postitnote_2_1e3ade4b,cyber_city_icons,res://assets/tilesets/cyber_city_core_tilesets/Store_Items/CyberCity_Icons/CyberCity_Icons/PostitNote_2.png,PostitNote_2.png,individual_png,,512,512,"[140, 110, 395, 398]",76.627,READY_BOTH,cyber,"[""scheme_card"", ""screen_graphic"", ""world_decal""]",TextureRect,icon_both,OccludableIcons,0.5,90,"Iconography asset; use for UI, badges, decals, signage, screen graphics, or markers.",
pvg_icon_cyber_city_icons_cyber_postitnote_3_c57f20d3,cyber_city_icons,res://assets/tilesets/cyber_city_core_tilesets/Store_Items/CyberCity_Icons/CyberCity_Icons/PostitNote_3.png,PostitNote_3.png,individual_png,,512,512,"[98, 116, 402, 392]",73.568,READY_BOTH,cyber,"[""scheme_card"", ""screen_graphic"", ""world_decal""]",TextureRect,icon_both,OccludableIcons,0.5,90,"Iconography asset; use for UI, badges, decals, signage, screen graphics, or markers.",
pvg_icon_cyber_city_icons_cyber_postitnote_4_efadbd75,cyber_city_icons,res://assets/tilesets/cyber_city_core_tilesets/Store_Items/CyberCity_Icons/CyberCity_Icons/PostitNote_4.png,PostitNote_4.png,individual_png,,512,512,"[134, 142, 456, 389]",78.365,READY_BOTH,cyber,"[""scheme_card"", ""screen_graphic"", ""world_decal""]",TextureRect,icon_both,OccludableIcons,0.5,90,"Iconography asset; use for UI, badges, decals, signage, screen graphics, or markers.",
pvg_icon_cyber_city_icons_cyber_postitnote_5_7c7fc524,cyber_city_icons,res://assets/tilesets/cyber_city_core_tilesets/Store_Items/CyberCity_Icons/CyberCity_Icons/PostitNote_5.png,PostitNote_5.png,individual_png,,512,512,"[88, 116, 390, 393]",72.995,READY_BOTH,cyber,"[""scheme_card"", ""screen_graphic"", ""world_decal""]",TextureRect,icon_both,OccludableIcons,0.5,90,"Iconography asset; use for UI, badges, decals, signage, screen graphics, or markers.",
pvg_icon_cyber_city_icons_cyber_postitnote_6_521057f6,cyber_city_icons,res://assets/tilesets/cyber_city_core_tilesets/Store_Items/CyberCity_Icons/CyberCity_Icons/PostitNote_6.png,PostitNote_6.png,individual_png,,512,512,"[99, 112, 405, 406]",71.444,READY_BOTH,cyber,"[""scheme_card"", ""screen_graphic"", ""world_decal""]",TextureRect,icon_both,OccludableIcons,0.5,90,"Iconography asset; use for UI, badges, decals, signage, screen graphics, or markers.",
pvg_icon_cyber_city_icons_cyber_postitnote_7_fde68e28,cyber_city_icons,res://assets/tilesets/cyber_city_core_tilesets/Store_Items/CyberCity_Icons/CyberCity_Icons/PostitNote_7.png,PostitNote_7.png,individual_png,,512,512,"[86, 102, 395, 431]",71.769,READY_BOTH,cyber,"[""scheme_card"", ""screen_graphic"", ""world_decal""]",TextureRect,icon_both,OccludableIcons,0.5,90,"Iconography asset; use for UI, badges, decals, signage, screen graphics, or markers.",
pvg_icon_cyber_city_icons_cyber_postitnote_8_b5e6c973,cyber_city_icons,res://assets/tilesets/cyber_city_core_tilesets/Store_Items/CyberCity_Icons/CyberCity_Icons/PostitNote_8.png,PostitNote_8.png,individual_png,,512,512,"[80, 108, 424, 392]",67.801,READY_BOTH,cyber,"[""scheme_card"", ""screen_graphic"", ""world_decal""]",TextureRect,icon_both,OccludableIcons,0.5,90,"Iconography asset; use for UI, badges, decals, signage, screen graphics, or markers.",
pvg_icon_cyber_city_icons_cyber_pot_1_7a19cc26,cyber_city_icons,res://assets/tilesets/cyber_city_core_tilesets/Store_Items/CyberCity_Icons/CyberCity_Icons/Pot_1.png,Pot_1.png,individual_png,,512,512,"[46, 47, 476, 469]",41.489,READY_BOTH,cyber,"[""scheme_card"", ""screen_graphic"", ""world_decal""]",TextureRect,icon_both,OccludableIcons,0.5,90,"Iconography asset; use for UI, badges, decals, signage, screen graphics, or markers.",
pvg_icon_cyber_city_icons_cyber_pot_2_41e21039,cyber_city_icons,res://assets/tilesets/cyber_city_core_tilesets/Store_Items/CyberCity_Icons/CyberCity_Icons/Pot_2.png,Pot_2.png,individual_png,,512,512,"[5, 152, 509, 442]",55.577,READY_BOTH,cyber,"[""scheme_card"", ""screen_graphic"", ""world_decal""]",TextureRect,icon_both,OccludableIcons,0.5,90,"Iconography asset; use for UI, badges, decals, signage, screen graphics, or markers.",
pvg_icon_cyber_city_icons_cyber_pot_3_a2465be7,cyber_city_icons,res://assets/tilesets/cyber_city_core_tilesets/Store_Items/CyberCity_Icons/CyberCity_Icons/Pot_3.png,Pot_3.png,individual_png,,512,512,"[82, 54, 489, 490]",44.357,READY_BOTH,cyber,"[""scheme_card"", ""screen_graphic"", ""world_decal""]",TextureRect,icon_both,OccludableIcons,0.5,90,"Iconography asset; use for UI, badges, decals, signage, screen graphics, or markers.",
pvg_icon_cyber_city_icons_cyber_pottedplant_1_fec4a233,cyber_city_icons,res://assets/tilesets/cyber_city_core_tilesets/Store_Items/CyberCity_Icons/CyberCity_Icons/PottedPlant_1.png,PottedPlant_1.png,individual_png,,512,512,"[16, 37, 494, 491]",51.553,READY_BOTH,cyber,"[""scheme_card"", ""screen_graphic"", ""world_decal""]",TextureRect,icon_both,OccludableIcons,0.5,90,"Iconography asset; use for UI, badges, decals, signage, screen graphics, or markers.",
pvg_icon_cyber_city_icons_cyber_pottedplant_2_7b1d8f21,cyber_city_icons,res://assets/tilesets/cyber_city_core_tilesets/Store_Items/CyberCity_Icons/CyberCity_Icons/PottedPlant_2.png,PottedPlant_2.png,individual_png,,512,512,"[1, 40, 497, 440]",81.344,READY_BOTH,cyber,"[""scheme_card"", ""screen_graphic"", ""world_decal""]",TextureRect,icon_both,OccludableIcons,0.5,90,"Iconography asset; use for UI, badges, decals, signage, screen graphics, or markers.",
pvg_icon_cyber_city_icons_cyber_pottedplant_3_a717066d,cyber_city_icons,res://assets/tilesets/cyber_city_core_tilesets/Store_Items/CyberCity_Icons/CyberCity_Icons/PottedPlant_3.png,PottedPlant_3.png,individual_png,,512,512,"[14, 123, 495, 417]",72.897,READY_BOTH,cyber,"[""scheme_card"", ""screen_graphic"", ""world_decal""]",TextureRect,icon_both,OccludableIcons,0.5,90,"Iconography asset; use for UI, badges, decals, signage, screen graphics, or markers.",
pvg_icon_cyber_city_icons_cyber_pottedplant_4_0f523ce7,cyber_city_icons,res://assets/tilesets/cyber_city_core_tilesets/Store_Items/CyberCity_Icons/CyberCity_Icons/PottedPlant_4.png,PottedPlant_4.png,individual_png,,512,512,"[124, 8, 339, 492]",78.466,READY_BOTH,cyber,"[""scheme_card"", ""screen_graphic"", ""world_decal""]",TextureRect,icon_both,OccludableIcons,0.5,90,"Iconography asset; use for UI, badges, decals, signage, screen graphics, or markers.",
pvg_icon_cyber_city_icons_cyber_pottedplant_5_01332d05,cyber_city_icons,res://assets/tilesets/cyber_city_core_tilesets/Store_Items/CyberCity_Icons/CyberCity_Icons/PottedPlant_5.png,PottedPlant_5.png,individual_png,,512,512,"[101, 0, 374, 506]",72.047,READY_BOTH,cyber,"[""scheme_card"", ""screen_graphic"", ""world_decal""]",TextureRect,icon_both,OccludableIcons,0.5,90,"Iconography asset; use for UI, badges, decals, signage, screen graphics, or markers.",
pvg_icon_cyber_city_icons_cyber_pottedplant_6_302dde3d,cyber_city_icons,res://assets/tilesets/cyber_city_core_tilesets/Store_Items/CyberCity_Icons/CyberCity_Icons/PottedPlant_6.png,PottedPlant_6.png,individual_png,,512,512,"[67, 17, 441, 480]",58.986,READY_BOTH,cyber,"[""scheme_card"", ""screen_graphic"", ""world_decal""]",TextureRect,icon_both,OccludableIcons,0.5,90,"Iconography asset; use for UI, badges, decals, signage, screen graphics, or markers.",
pvg_icon_cyber_city_icons_cyber_pottedplant_7_06b79bb9,cyber_city_icons,res://assets/tilesets/cyber_city_core_tilesets/Store_Items/CyberCity_Icons/CyberCity_Icons/PottedPlant_7.png,PottedPlant_7.png,individual_png,,512,512,"[172, 1, 311, 507]",86.615,READY_BOTH,cyber,"[""scheme_card"", ""screen_graphic"", ""world_decal""]",TextureRect,icon_both,OccludableIcons,0.5,90,"Iconography asset; use for UI, badges, decals, signage, screen graphics, or markers.",
pvg_icon_cyber_city_icons_cyber_pottedtree_1_7158a22b,cyber_city_icons,res://assets/tilesets/cyber_city_core_tilesets/Store_Items/CyberCity_Icons/CyberCity_Icons/PottedTree_1.png,PottedTree_1.png,individual_png,,512,512,"[181, 0, 340, 503]",79.099,READY_BOTH,cyber,"[""scheme_card"", ""screen_graphic"", ""world_decal""]",TextureRect,icon_both,OccludableIcons,0.5,90,"Iconography asset; use for UI, badges, decals, signage, screen graphics, or markers.",
pvg_icon_cyber_city_icons_cyber_powercore_1_9c03fd7e,cyber_city_icons,res://assets/tilesets/cyber_city_core_tilesets/Store_Items/CyberCity_Icons/CyberCity_Icons/PowerCore_1.png,PowerCore_1.png,individual_png,,512,512,"[15, 136, 501, 416]",57.27,READY_BOTH,cyber,"[""scheme_card"", ""screen_graphic"", ""world_decal""]",TextureRect,icon_both,OccludableIcons,0.5,90,"Iconography asset; use for UI, badges, decals, signage, screen graphics, or markers.",
pvg_icon_cyber_city_icons_cyber_propanetank_1_bad61506,cyber_city_icons,res://assets/tilesets/cyber_city_core_tilesets/Store_Items/CyberCity_Icons/CyberCity_Icons/PropaneTank_1.png,PropaneTank_1.png,individual_png,,512,512,"[130, 3, 392, 512]",59.725,READY_BOTH,cyber,"[""scheme_card"", ""screen_graphic"", ""world_decal""]",TextureRect,icon_both,OccludableIcons,0.5,90,"Iconography asset; use for UI, badges, decals, signage, screen graphics, or markers.",
pvg_icon_cyber_city_icons_cyber_propanetank_2_b569ee7f,cyber_city_icons,res://assets/tilesets/cyber_city_core_tilesets/Store_Items/CyberCity_Icons/CyberCity_Icons/PropaneTank_2.png,PropaneTank_2.png,individual_png,,512,512,"[131, 12, 400, 482]",65.16,READY_BOTH,cyber,"[""scheme_card"", ""screen_graphic"", ""world_decal""]",TextureRect,icon_both,OccludableIcons,0.5,90,"Iconography asset; use for UI, badges, decals, signage, screen graphics, or markers.",
pvg_icon_cyber_city_icons_cyber_publicbench_1_678b1528,cyber_city_icons,res://assets/tilesets/cyber_city_core_tilesets/Store_Items/CyberCity_Icons/CyberCity_Icons/PublicBench_1.png,PublicBench_1.png,individual_png,,512,512,"[22, 132, 504, 430]",60.003,READY_BOTH,cyber,"[""scheme_card"", ""screen_graphic"", ""world_decal""]",TextureRect,icon_both,OccludableIcons,0.5,90,"Iconography asset; use for UI, badges, decals, signage, screen graphics, or markers.",
pvg_icon_cyber_city_icons_security_quantumscanner_1_1a703c4f,cyber_city_icons,res://assets/tilesets/cyber_city_core_tilesets/Store_Items/CyberCity_Icons/CyberCity_Icons/QuantumScanner_1.png,QuantumScanner_1.png,individual_png,,512,512,"[24, 16, 466, 494]",82.847,READY_BOTH,security,"[""security_indicator"", ""warning_indicator"", ""mission_board"", ""world_decal"", ""screen_graphic""]",TextureRect,icon_both,OccludableIcons,0.5,90,"Iconography asset; use for UI, badges, decals, signage, screen graphics, or markers.",
pvg_icon_cyber_city_icons_cyber_recordplayer_1_2ad9867b,cyber_city_icons,res://assets/tilesets/cyber_city_core_tilesets/Store_Items/CyberCity_Icons/CyberCity_Icons/RecordPlayer_1.png,RecordPlayer_1.png,individual_png,,512,512,"[17, 10, 500, 501]",48.821,READY_BOTH,cyber,"[""scheme_card"", ""screen_graphic"", ""world_decal""]",TextureRect,icon_both,OccludableIcons,0.5,90,"Iconography asset; use for UI, badges, decals, signage, screen graphics, or markers.",
pvg_icon_cyber_city_icons_cyber_refridgerator_1_d6aa5c09,cyber_city_icons,res://assets/tilesets/cyber_city_core_tilesets/Store_Items/CyberCity_Icons/CyberCity_Icons/Refridgerator_1.png,Refridgerator_1.png,individual_png,,512,512,"[111, 9, 394, 503]",53.182,READY_BOTH,cyber,"[""scheme_card"", ""screen_graphic"", ""world_decal""]",TextureRect,icon_both,OccludableIcons,0.5,90,"Iconography asset; use for UI, badges, decals, signage, screen graphics, or markers.",
pvg_icon_cyber_city_icons_cyber_refridgerator_2_c407750b,cyber_city_icons,res://assets/tilesets/cyber_city_core_tilesets/Store_Items/CyberCity_Icons/CyberCity_Icons/Refridgerator_2.png,Refridgerator_2.png,individual_png,,512,512,"[125, 12, 414, 507]",50.68,READY_BOTH,cyber,"[""scheme_card"", ""screen_graphic"", ""world_decal""]",TextureRect,icon_both,OccludableIcons,0.5,90,"Iconography asset; use for UI, badges, decals, signage, screen graphics, or markers.",
pvg_icon_cyber_city_icons_cyber_remote_1_8e23685d,cyber_city_icons,res://assets/tilesets/cyber_city_core_tilesets/Store_Items/CyberCity_Icons/CyberCity_Icons/Remote_1.png,Remote_1.png,individual_png,,512,512,"[77, 36, 432, 476]",76.027,READY_BOTH,cyber,"[""scheme_card"", ""screen_graphic"", ""world_decal""]",TextureRect,icon_both,OccludableIcons,0.5,90,"Iconography asset; use for UI, badges, decals, signage, screen graphics, or markers.",
pvg_icon_cyber_city_icons_decor_roadsign_1_8f8237ac,cyber_city_icons,res://assets/tilesets/cyber_city_core_tilesets/Store_Items/CyberCity_Icons/CyberCity_Icons/RoadSign_1.png,RoadSign_1.png,individual_png,,512,512,"[78, 26, 395, 484]",64.637,READY_BOTH,decor,"[""signage"", ""wall_sticker"", ""world_decal""]",TextureRect,icon_both,OccludableIcons,0.5,90,"Iconography asset; use for UI, badges, decals, signage, screen graphics, or markers.",
pvg_icon_cyber_city_icons_cyber_rocketplatform_1_761cbe28,cyber_city_icons,res://assets/tilesets/cyber_city_core_tilesets/Store_Items/CyberCity_Icons/CyberCity_Icons/RocketPlatform_1.png,RocketPlatform_1.png,individual_png,,512,512,"[110, 9, 390, 499]",64.446,READY_BOTH,cyber,"[""scheme_card"", ""screen_graphic"", ""world_decal""]",TextureRect,icon_both,OccludableIcons,0.5,90,"Iconography asset; use for UI, badges, decals, signage, screen graphics, or markers.",
pvg_icon_cyber_city_icons_cyber_rod_1_ffee0a9f,cyber_city_icons,res://assets/tilesets/cyber_city_core_tilesets/Store_Items/CyberCity_Icons/CyberCity_Icons/Rod_1.png,Rod_1.png,individual_png,,512,512,"[15, 13, 467, 494]",76.176,READY_BOTH,cyber,"[""scheme_card"", ""screen_graphic"", ""world_decal""]",TextureRect,icon_both,OccludableIcons,0.5,90,"Iconography asset; use for UI, badges, decals, signage, screen graphics, or markers.",
pvg_icon_cyber_city_icons_cyber_rods_1_73d94acd,cyber_city_icons,res://assets/tilesets/cyber_city_core_tilesets/Store_Items/CyberCity_Icons/CyberCity_Icons/Rods_1.png,Rods_1.png,individual_png,,512,512,"[6, 135, 498, 430]",65.772,READY_BOTH,cyber,"[""scheme_card"", ""screen_graphic"", ""world_decal""]",TextureRect,icon_both,OccludableIcons,0.5,90,"Iconography asset; use for UI, badges, decals, signage, screen graphics, or markers.",
pvg_icon_cyber_city_icons_cyber_satellitedish_1_b327da88,cyber_city_icons,res://assets/tilesets/cyber_city_core_tilesets/Store_Items/CyberCity_Icons/CyberCity_Icons/SatelliteDish_1.png,SatelliteDish_1.png,individual_png,,512,512,"[33, 23, 474, 471]",73.23,READY_BOTH,cyber,"[""scheme_card"", ""screen_graphic"", ""world_decal""]",TextureRect,icon_both,OccludableIcons,0.5,90,"Iconography asset; use for UI, badges, decals, signage, screen graphics, or markers.",
pvg_icon_cyber_city_icons_cyber_satellitedish_2_799833a4,cyber_city_icons,res://assets/tilesets/cyber_city_core_tilesets/Store_Items/CyberCity_Icons/CyberCity_Icons/SatelliteDish_2.png,SatelliteDish_2.png,individual_png,,512,512,"[67, 16, 492, 479]",65.703,READY_BOTH,cyber,"[""scheme_card"", ""screen_graphic"", ""world_decal""]",TextureRect,icon_both,OccludableIcons,0.5,90,"Iconography asset; use for UI, badges, decals, signage, screen graphics, or markers.",
pvg_icon_cyber_city_icons_cyber_satellitedish_3_4552a7d7,cyber_city_icons,res://assets/tilesets/cyber_city_core_tilesets/Store_Items/CyberCity_Icons/CyberCity_Icons/SatelliteDish_3.png,SatelliteDish_3.png,individual_png,,512,512,"[19, 3, 432, 509]",64.98,READY_BOTH,cyber,"[""scheme_card"", ""screen_graphic"", ""world_decal""]",TextureRect,icon_both,OccludableIcons,0.5,90,"Iconography asset; use for UI, badges, decals, signage, screen graphics, or markers.",
pvg_icon_cyber_city_icons_terminal_screen_1_f0fe793f,cyber_city_icons,res://assets/tilesets/cyber_city_core_tilesets/Store_Items/CyberCity_Icons/CyberCity_Icons/Screen_1.png,Screen_1.png,individual_png,,512,512,"[16, 19, 491, 502]",26.195,READY_BOTH,terminal,"[""store_terminal"", ""screen_graphic"", ""terminal"", ""world_decal""]",TextureRect,icon_both,OccludableIcons,0.5,90,"Iconography asset; use for UI, badges, decals, signage, screen graphics, or markers.",
pvg_icon_cyber_city_icons_terminal_screen_2_c0ce8b06,cyber_city_icons,res://assets/tilesets/cyber_city_core_tilesets/Store_Items/CyberCity_Icons/CyberCity_Icons/Screen_2.png,Screen_2.png,individual_png,,512,512,"[0, 139, 511, 353]",61.759,READY_BOTH,terminal,"[""store_terminal"", ""screen_graphic"", ""terminal"", ""world_decal""]",TextureRect,icon_both,OccludableIcons,0.5,90,"Iconography asset; use for UI, badges, decals, signage, screen graphics, or markers.",
pvg_icon_cyber_city_icons_security_securityscanner_1_8e598faa,cyber_city_icons,res://assets/tilesets/cyber_city_core_tilesets/Store_Items/CyberCity_Icons/CyberCity_Icons/SecurityScanner_1.png,SecurityScanner_1.png,individual_png,,512,512,"[99, 5, 333, 505]",72.186,READY_BOTH,security,"[""security_indicator"", ""warning_indicator"", ""mission_board"", ""world_decal"", ""screen_graphic""]",TextureRect,icon_both,OccludableIcons,0.5,90,"Iconography asset; use for UI, badges, decals, signage, screen graphics, or markers.",
pvg_icon_cyber_city_icons_security_securityscanner_2_93e43c80,cyber_city_icons,res://assets/tilesets/cyber_city_core_tilesets/Store_Items/CyberCity_Icons/CyberCity_Icons/SecurityScanner_2.png,SecurityScanner_2.png,individual_png,,512,512,"[0, 3, 468, 500]",58.477,READY_BOTH,security,"[""security_indicator"", ""warning_indicator"", ""mission_board"", ""world_decal"", ""screen_graphic""]",TextureRect,icon_both,OccludableIcons,0.5,90,"Iconography asset; use for UI, badges, decals, signage, screen graphics, or markers.",
pvg_icon_cyber_city_icons_security_securityscanner_3_0c9d900a,cyber_city_icons,res://assets/tilesets/cyber_city_core_tilesets/Store_Items/CyberCity_Icons/CyberCity_Icons/SecurityScanner_3.png,SecurityScanner_3.png,individual_png,,512,512,"[135, 4, 381, 507]",67.523,READY_BOTH,security,"[""security_indicator"", ""warning_indicator"", ""mission_board"", ""world_decal"", ""screen_graphic""]",TextureRect,icon_both,OccludableIcons,0.5,90,"Iconography asset; use for UI, badges, decals, signage, screen graphics, or markers.",
pvg_icon_cyber_city_icons_security_securityscanner_4_6fe52064,cyber_city_icons,res://assets/tilesets/cyber_city_core_tilesets/Store_Items/CyberCity_Icons/CyberCity_Icons/SecurityScanner_4.png,SecurityScanner_4.png,individual_png,,512,512,"[3, 28, 508, 451]",59.841,READY_BOTH,security,"[""security_indicator"", ""warning_indicator"", ""mission_board"", ""world_decal"", ""screen_graphic""]",TextureRect,icon_both,OccludableIcons,0.5,90,"Iconography asset; use for UI, badges, decals, signage, screen graphics, or markers.",
pvg_icon_cyber_city_icons_cyber_securitywand_1_30b2349b,cyber_city_icons,res://assets/tilesets/cyber_city_core_tilesets/Store_Items/CyberCity_Icons/CyberCity_Icons/SecurityWand_1.png,SecurityWand_1.png,individual_png,,512,512,"[49, 31, 461, 485]",84.992,READY_BOTH,cyber,"[""scheme_card"", ""screen_graphic"", ""world_decal""]",TextureRect,icon_both,OccludableIcons,0.5,90,"Iconography asset; use for UI, badges, decals, signage, screen graphics, or markers.",
pvg_icon_cyber_city_icons_cyber_servercabinet_1_baed10fc,cyber_city_icons,res://assets/tilesets/cyber_city_core_tilesets/Store_Items/CyberCity_Icons/CyberCity_Icons/ServerCabinet_1.png,ServerCabinet_1.png,individual_png,,512,512,"[64, 8, 438, 509]",41.83,READY_BOTH,cyber,"[""scheme_card"", ""screen_graphic"", ""world_decal""]",TextureRect,icon_both,OccludableIcons,0.5,90,"Iconography asset; use for UI, badges, decals, signage, screen graphics, or markers.",
pvg_icon_cyber_city_icons_cyber_sidetable_1_6b458756,cyber_city_icons,res://assets/tilesets/cyber_city_core_tilesets/Store_Items/CyberCity_Icons/CyberCity_Icons/SideTable_1.png,SideTable_1.png,individual_png,,512,512,"[125, 28, 412, 488]",65.127,READY_BOTH,cyber,"[""scheme_card"", ""screen_graphic"", ""world_decal""]",TextureRect,icon_both,OccludableIcons,0.5,90,"Iconography asset; use for UI, badges, decals, signage, screen graphics, or markers.",
pvg_icon_cyber_city_icons_cyber_sidetable_2_08699d4f,cyber_city_icons,res://assets/tilesets/cyber_city_core_tilesets/Store_Items/CyberCity_Icons/CyberCity_Icons/SideTable_2.png,SideTable_2.png,individual_png,,512,512,"[99, 26, 398, 502]",84.479,READY_BOTH,cyber,"[""scheme_card"", ""screen_graphic"", ""world_decal""]",TextureRect,icon_both,OccludableIcons,0.5,90,"Iconography asset; use for UI, badges, decals, signage, screen graphics, or markers.",
pvg_icon_cyber_city_icons_cyber_sidetable_3_2f7fd9de,cyber_city_icons,res://assets/tilesets/cyber_city_core_tilesets/Store_Items/CyberCity_Icons/CyberCity_Icons/SideTable_3.png,SideTable_3.png,individual_png,,512,512,"[33, 47, 497, 488]",62.995,READY_BOTH,cyber,"[""scheme_card"", ""screen_graphic"", ""world_decal""]",TextureRect,icon_both,OccludableIcons,0.5,90,"Iconography asset; use for UI, badges, decals, signage, screen graphics, or markers.",
pvg_icon_cyber_city_icons_decor_sign_1_74f63b2d,cyber_city_icons,res://assets/tilesets/cyber_city_core_tilesets/Store_Items/CyberCity_Icons/CyberCity_Icons/Sign_1.png,Sign_1.png,individual_png,,512,512,"[50, 13, 458, 487]",43.634,READY_BOTH,decor,"[""signage"", ""wall_sticker"", ""world_decal""]",TextureRect,icon_both,OccludableIcons,0.5,90,"Iconography asset; use for UI, badges, decals, signage, screen graphics, or markers.",
pvg_icon_cyber_city_icons_decor_sign_10_f51e3946,cyber_city_icons,res://assets/tilesets/cyber_city_core_tilesets/Store_Items/CyberCity_Icons/CyberCity_Icons/Sign_10.png,Sign_10.png,individual_png,,512,512,"[61, 4, 460, 499]",45.059,READY_BOTH,decor,"[""signage"", ""wall_sticker"", ""world_decal""]",TextureRect,icon_both,OccludableIcons,0.5,90,"Iconography asset; use for UI, badges, decals, signage, screen graphics, or markers.",
pvg_icon_cyber_city_icons_decor_sign_11_24c0ba08,cyber_city_icons,res://assets/tilesets/cyber_city_core_tilesets/Store_Items/CyberCity_Icons/CyberCity_Icons/Sign_11.png,Sign_11.png,individual_png,,512,512,"[150, 7, 399, 506]",78.648,READY_BOTH,decor,"[""signage"", ""wall_sticker"", ""world_decal""]",TextureRect,icon_both,OccludableIcons,0.5,90,"Iconography asset; use for UI, badges, decals, signage, screen graphics, or markers.",
pvg_icon_cyber_city_icons_decor_sign_12_5e2b81e7,cyber_city_icons,res://assets/tilesets/cyber_city_core_tilesets/Store_Items/CyberCity_Icons/CyberCity_Icons/Sign_12.png,Sign_12.png,individual_png,,512,512,"[139, 4, 272, 506]",79.099,READY_BOTH,decor,"[""signage"", ""wall_sticker"", ""world_decal""]",TextureRect,icon_both,OccludableIcons,0.5,90,"Iconography asset; use for UI, badges, decals, signage, screen graphics, or markers.",
pvg_icon_cyber_city_icons_decor_sign_13_69d6b6c9,cyber_city_icons,res://assets/tilesets/cyber_city_core_tilesets/Store_Items/CyberCity_Icons/CyberCity_Icons/Sign_13.png,Sign_13.png,individual_png,,512,512,"[149, 2, 344, 509]",73.051,READY_BOTH,decor,"[""signage"", ""wall_sticker"", ""world_decal""]",TextureRect,icon_both,OccludableIcons,0.5,90,"Iconography asset; use for UI, badges, decals, signage, screen graphics, or markers.",
pvg_icon_cyber_city_icons_decor_sign_14_233dceb5,cyber_city_icons,res://assets/tilesets/cyber_city_core_tilesets/Store_Items/CyberCity_Icons/CyberCity_Icons/Sign_14.png,Sign_14.png,individual_png,,512,512,"[188, 12, 298, 499]",83.5,READY_BOTH,decor,"[""signage"", ""wall_sticker"", ""world_decal""]",TextureRect,icon_both,OccludableIcons,0.5,90,"Iconography asset; use for UI, badges, decals, signage, screen graphics, or markers.",
pvg_icon_cyber_city_icons_decor_sign_15_2b719595,cyber_city_icons,res://assets/tilesets/cyber_city_core_tilesets/Store_Items/CyberCity_Icons/CyberCity_Icons/Sign_15.png,Sign_15.png,individual_png,,512,512,"[186, 12, 303, 502]",82.884,READY_BOTH,decor,"[""signage"", ""wall_sticker"", ""world_decal""]",TextureRect,icon_both,OccludableIcons,0.5,90,"Iconography asset; use for UI, badges, decals, signage, screen graphics, or markers.",
pvg_icon_cyber_city_icons_decor_sign_16_935f6e3e,cyber_city_icons,res://assets/tilesets/cyber_city_core_tilesets/Store_Items/CyberCity_Icons/CyberCity_Icons/Sign_16.png,Sign_16.png,individual_png,,512,512,"[191, 8, 367, 487]",80.533,READY_BOTH,decor,"[""signage"", ""wall_sticker"", ""world_decal""]",TextureRect,icon_both,OccludableIcons,0.5,90,"Iconography asset; use for UI, badges, decals, signage, screen graphics, or markers.",
pvg_icon_cyber_city_icons_decor_sign_17_25c48183,cyber_city_icons,res://assets/tilesets/cyber_city_core_tilesets/Store_Items/CyberCity_Icons/CyberCity_Icons/Sign_17.png,Sign_17.png,individual_png,,512,512,"[10, 199, 491, 296]",87.229,READY_BOTH,decor,"[""signage"", ""wall_sticker"", ""world_decal""]",TextureRect,icon_both,OccludableIcons,0.5,90,"Iconography asset; use for UI, badges, decals, signage, screen graphics, or markers.",
pvg_icon_cyber_city_icons_decor_sign_18_db4c1974,cyber_city_icons,res://assets/tilesets/cyber_city_core_tilesets/Store_Items/CyberCity_Icons/CyberCity_Icons/Sign_18.png,Sign_18.png,individual_png,,512,512,"[3, 103, 502, 402]",69.769,READY_BOTH,decor,"[""signage"", ""wall_sticker"", ""world_decal""]",TextureRect,icon_both,OccludableIcons,0.5,90,"Iconography asset; use for UI, badges, decals, signage, screen graphics, or markers.",
pvg_icon_cyber_city_icons_decor_sign_19_c7ae78d8,cyber_city_icons,res://assets/tilesets/cyber_city_core_tilesets/Store_Items/CyberCity_Icons/CyberCity_Icons/Sign_19.png,Sign_19.png,individual_png,,512,512,"[11, 190, 508, 294]",86.274,READY_BOTH,decor,"[""signage"", ""wall_sticker"", ""world_decal""]",TextureRect,icon_both,OccludableIcons,0.5,90,"Iconography asset; use for UI, badges, decals, signage, screen graphics, or markers.",
pvg_icon_cyber_city_icons_decor_sign_2_6307e2c3,cyber_city_icons,res://assets/tilesets/cyber_city_core_tilesets/Store_Items/CyberCity_Icons/CyberCity_Icons/Sign_2.png,Sign_2.png,individual_png,,512,512,"[119, 8, 387, 491]",61.625,READY_BOTH,decor,"[""signage"", ""wall_sticker"", ""world_decal""]",TextureRect,icon_both,OccludableIcons,0.5,90,"Iconography asset; use for UI, badges, decals, signage, screen graphics, or markers.",
pvg_icon_cyber_city_icons_decor_sign_20_855cd771,cyber_city_icons,res://assets/tilesets/cyber_city_core_tilesets/Store_Items/CyberCity_Icons/CyberCity_Icons/Sign_20.png,Sign_20.png,individual_png,,512,512,"[166, 7, 316, 502]",74.622,READY_BOTH,decor,"[""signage"", ""wall_sticker"", ""world_decal""]",TextureRect,icon_both,OccludableIcons,0.5,90,"Iconography asset; use for UI, badges, decals, signage, screen graphics, or markers.",
pvg_icon_cyber_city_icons_decor_sign_21_560fb351,cyber_city_icons,res://assets/tilesets/cyber_city_core_tilesets/Store_Items/CyberCity_Icons/CyberCity_Icons/Sign_21.png,Sign_21.png,individual_png,,512,512,"[7, 189, 510, 358]",82.792,READY_BOTH,decor,"[""signage"", ""wall_sticker"", ""world_decal""]",TextureRect,icon_both,OccludableIcons,0.5,90,"Iconography asset; use for UI, badges, decals, signage, screen graphics, or markers.",
pvg_icon_cyber_city_icons_decor_sign_22_738749e6,cyber_city_icons,res://assets/tilesets/cyber_city_core_tilesets/Store_Items/CyberCity_Icons/CyberCity_Icons/Sign_22.png,Sign_22.png,individual_png,,512,512,"[10, 129, 501, 402]",63.921,READY_BOTH,decor,"[""signage"", ""wall_sticker"", ""world_decal""]",TextureRect,icon_both,OccludableIcons,0.5,90,"Iconography asset; use for UI, badges, decals, signage, screen graphics, or markers.",
pvg_icon_cyber_city_icons_decor_sign_23_f74b65bb,cyber_city_icons,res://assets/tilesets/cyber_city_core_tilesets/Store_Items/CyberCity_Icons/CyberCity_Icons/Sign_23.png,Sign_23.png,individual_png,,512,512,"[6, 167, 496, 327]",84.825,READY_BOTH,decor,"[""signage"", ""wall_sticker"", ""world_decal""]",TextureRect,icon_both,OccludableIcons,0.5,90,"Iconography asset; use for UI, badges, decals, signage, screen graphics, or markers.",
pvg_icon_cyber_city_icons_decor_sign_24_5d12366e,cyber_city_icons,res://assets/tilesets/cyber_city_core_tilesets/Store_Items/CyberCity_Icons/CyberCity_Icons/Sign_24.png,Sign_24.png,individual_png,,512,512,"[170, 10, 340, 499]",73.895,READY_BOTH,decor,"[""signage"", ""wall_sticker"", ""world_decal""]",TextureRect,icon_both,OccludableIcons,0.5,90,"Iconography asset; use for UI, badges, decals, signage, screen graphics, or markers.",
pvg_icon_cyber_city_icons_decor_sign_25_49d5c114,cyber_city_icons,res://assets/tilesets/cyber_city_core_tilesets/Store_Items/CyberCity_Icons/CyberCity_Icons/Sign_25.png,Sign_25.png,individual_png,,512,512,"[32, 12, 441, 487]",68.638,READY_BOTH,decor,"[""signage"", ""wall_sticker"", ""world_decal""]",TextureRect,icon_both,OccludableIcons,0.5,90,"Iconography asset; use for UI, badges, decals, signage, screen graphics, or markers.",
pvg_icon_cyber_city_icons_decor_sign_26_45b415b6,cyber_city_icons,res://assets/tilesets/cyber_city_core_tilesets/Store_Items/CyberCity_Icons/CyberCity_Icons/Sign_26.png,Sign_26.png,individual_png,,512,512,"[140, 14, 340, 490]",70.159,READY_BOTH,decor,"[""signage"", ""wall_sticker"", ""world_decal""]",TextureRect,icon_both,OccludableIcons,0.5,90,"Iconography asset; use for UI, badges, decals, signage, screen graphics, or markers.",
pvg_icon_cyber_city_icons_decor_sign_27_9dfda136,cyber_city_icons,res://assets/tilesets/cyber_city_core_tilesets/Store_Items/CyberCity_Icons/CyberCity_Icons/Sign_27.png,Sign_27.png,individual_png,,512,512,"[125, 10, 309, 499]",79.894,READY_BOTH,decor,"[""signage"", ""wall_sticker"", ""world_decal""]",TextureRect,icon_both,OccludableIcons,0.5,90,"Iconography asset; use for UI, badges, decals, signage, screen graphics, or markers.",
pvg_icon_cyber_city_icons_decor_sign_28_0044e39d,cyber_city_icons,res://assets/tilesets/cyber_city_core_tilesets/Store_Items/CyberCity_Icons/CyberCity_Icons/Sign_28.png,Sign_28.png,individual_png,,512,512,"[10, 195, 504, 342]",77.404,READY_BOTH,decor,"[""signage"", ""wall_sticker"", ""world_decal""]",TextureRect,icon_both,OccludableIcons,0.5,90,"Iconography asset; use for UI, badges, decals, signage, screen graphics, or markers.",
pvg_icon_cyber_city_icons_decor_sign_29_b4396a1c,cyber_city_icons,res://assets/tilesets/cyber_city_core_tilesets/Store_Items/CyberCity_Icons/CyberCity_Icons/Sign_29.png,Sign_29.png,individual_png,,512,512,"[3, 178, 506, 322]",76.774,READY_BOTH,decor,"[""signage"", ""wall_sticker"", ""world_decal""]",TextureRect,icon_both,OccludableIcons,0.5,90,"Iconography asset; use for UI, badges, decals, signage, screen graphics, or markers.",
pvg_icon_cyber_city_icons_decor_sign_3_92a15368,cyber_city_icons,res://assets/tilesets/cyber_city_core_tilesets/Store_Items/CyberCity_Icons/CyberCity_Icons/Sign_3.png,Sign_3.png,individual_png,,512,512,"[128, 16, 381, 504]",63.736,READY_BOTH,decor,"[""signage"", ""wall_sticker"", ""world_decal""]",TextureRect,icon_both,OccludableIcons,0.5,90,"Iconography asset; use for UI, badges, decals, signage, screen graphics, or markers.",
pvg_icon_cyber_city_icons_decor_sign_30_9f5a98d6,cyber_city_icons,res://assets/tilesets/cyber_city_core_tilesets/Store_Items/CyberCity_Icons/CyberCity_Icons/Sign_30.png,Sign_30.png,individual_png,,512,512,"[11, 154, 501, 375]",61.188,READY_BOTH,decor,"[""signage"", ""wall_sticker"", ""world_decal""]",TextureRect,icon_both,OccludableIcons,0.5,90,"Iconography asset; use for UI, badges, decals, signage, screen graphics, or markers.",
pvg_icon_cyber_city_icons_decor_sign_31_1572d80b,cyber_city_icons,res://assets/tilesets/cyber_city_core_tilesets/Store_Items/CyberCity_Icons/CyberCity_Icons/Sign_31.png,Sign_31.png,individual_png,,512,512,"[75, 0, 449, 511]",32.957,READY_BOTH,decor,"[""signage"", ""wall_sticker"", ""world_decal""]",TextureRect,icon_both,OccludableIcons,0.5,90,"Iconography asset; use for UI, badges, decals, signage, screen graphics, or markers.",
pvg_icon_cyber_city_icons_decor_sign_32_e2dda61b,cyber_city_icons,res://assets/tilesets/cyber_city_core_tilesets/Store_Items/CyberCity_Icons/CyberCity_Icons/Sign_32.png,Sign_32.png,individual_png,,512,512,"[18, 178, 490, 355]",69.831,READY_BOTH,decor,"[""signage"", ""wall_sticker"", ""world_decal""]",TextureRect,icon_both,OccludableIcons,0.5,90,"Iconography asset; use for UI, badges, decals, signage, screen graphics, or markers.",
pvg_icon_cyber_city_icons_decor_sign_33_6fca3574,cyber_city_icons,res://assets/tilesets/cyber_city_core_tilesets/Store_Items/CyberCity_Icons/CyberCity_Icons/Sign_33.png,Sign_33.png,individual_png,,512,512,"[1, 178, 509, 372]",72.475,READY_BOTH,decor,"[""signage"", ""wall_sticker"", ""world_decal""]",TextureRect,icon_both,OccludableIcons,0.5,90,"Iconography asset; use for UI, badges, decals, signage, screen graphics, or markers.",
pvg_icon_cyber_city_icons_decor_sign_34_39fa2683,cyber_city_icons,res://assets/tilesets/cyber_city_core_tilesets/Store_Items/CyberCity_Icons/CyberCity_Icons/Sign_34.png,Sign_34.png,individual_png,,512,512,"[11, 151, 509, 305]",84.508,READY_BOTH,decor,"[""signage"", ""wall_sticker"", ""world_decal""]",TextureRect,icon_both,OccludableIcons,0.5,90,"Iconography asset; use for UI, badges, decals, signage, screen graphics, or markers.",
pvg_icon_cyber_city_icons_decor_sign_35_954e95fa,cyber_city_icons,res://assets/tilesets/cyber_city_core_tilesets/Store_Items/CyberCity_Icons/CyberCity_Icons/Sign_35.png,Sign_35.png,individual_png,,512,512,"[0, 215, 511, 342]",81.817,READY_BOTH,decor,"[""signage"", ""wall_sticker"", ""world_decal""]",TextureRect,icon_both,OccludableIcons,0.5,90,"Iconography asset; use for UI, badges, decals, signage, screen graphics, or markers.",
pvg_icon_cyber_city_icons_decor_sign_36_5b72ca77,cyber_city_icons,res://assets/tilesets/cyber_city_core_tilesets/Store_Items/CyberCity_Icons/CyberCity_Icons/Sign_36.png,Sign_36.png,individual_png,,512,512,"[8, 183, 509, 340]",72.736,READY_BOTH,decor,"[""signage"", ""wall_sticker"", ""world_decal""]",TextureRect,icon_both,OccludableIcons,0.5,90,"Iconography asset; use for UI, badges, decals, signage, screen graphics, or markers.",
pvg_icon_cyber_city_icons_decor_sign_37_72af6687,cyber_city_icons,res://assets/tilesets/cyber_city_core_tilesets/Store_Items/CyberCity_Icons/CyberCity_Icons/Sign_37.png,Sign_37.png,individual_png,,512,512,"[15, 170, 500, 384]",62.785,READY_BOTH,decor,"[""signage"", ""wall_sticker"", ""world_decal""]",TextureRect,icon_both,OccludableIcons,0.5,90,"Iconography asset; use for UI, badges, decals, signage, screen graphics, or markers.",
pvg_icon_cyber_city_icons_decor_sign_38_d74121ee,cyber_city_icons,res://assets/tilesets/cyber_city_core_tilesets/Store_Items/CyberCity_Icons/CyberCity_Icons/Sign_38.png,Sign_38.png,individual_png,,512,512,"[5, 195, 500, 310]",83.699,READY_BOTH,decor,"[""signage"", ""wall_sticker"", ""world_decal""]",TextureRect,icon_both,OccludableIcons,0.5,90,"Iconography asset; use for UI, badges, decals, signage, screen graphics, or markers.",
pvg_icon_cyber_city_icons_decor_sign_39_f4507be5,cyber_city_icons,res://assets/tilesets/cyber_city_core_tilesets/Store_Items/CyberCity_Icons/CyberCity_Icons/Sign_39.png,Sign_39.png,individual_png,,512,512,"[5, 213, 509, 296]",86.176,READY_BOTH,decor,"[""signage"", ""wall_sticker"", ""world_decal""]",TextureRect,icon_both,OccludableIcons,0.5,90,"Iconography asset; use for UI, badges, decals, signage, screen graphics, or markers.",
pvg_icon_cyber_city_icons_decor_sign_4_4d568935,cyber_city_icons,res://assets/tilesets/cyber_city_core_tilesets/Store_Items/CyberCity_Icons/CyberCity_Icons/Sign_4.png,Sign_4.png,individual_png,,512,512,"[8, 112, 506, 378]",61.864,READY_BOTH,decor,"[""signage"", ""wall_sticker"", ""world_decal""]",TextureRect,icon_both,OccludableIcons,0.5,90,"Iconography asset; use for UI, badges, decals, signage, screen graphics, or markers.",
pvg_icon_cyber_city_icons_decor_sign_40_b296c4f9,cyber_city_icons,res://assets/tilesets/cyber_city_core_tilesets/Store_Items/CyberCity_Icons/CyberCity_Icons/Sign_40.png,Sign_40.png,individual_png,,512,512,"[24, 170, 497, 315]",86.037,READY_BOTH,decor,"[""signage"", ""wall_sticker"", ""world_decal""]",TextureRect,icon_both,OccludableIcons,0.5,90,"Iconography asset; use for UI, badges, decals, signage, screen graphics, or markers.",
pvg_icon_cyber_city_icons_decor_sign_41_904e5897,cyber_city_icons,res://assets/tilesets/cyber_city_core_tilesets/Store_Items/CyberCity_Icons/CyberCity_Icons/Sign_41.png,Sign_41.png,individual_png,,512,512,"[5, 211, 509, 293]",86.388,READY_BOTH,decor,"[""signage"", ""wall_sticker"", ""world_decal""]",TextureRect,icon_both,OccludableIcons,0.5,90,"Iconography asset; use for UI, badges, decals, signage, screen graphics, or markers.",
pvg_icon_cyber_city_icons_decor_sign_42_550ce76d,cyber_city_icons,res://assets/tilesets/cyber_city_core_tilesets/Store_Items/CyberCity_Icons/CyberCity_Icons/Sign_42.png,Sign_42.png,individual_png,,512,512,"[1, 213, 509, 329]",79.514,READY_BOTH,decor,"[""signage"", ""wall_sticker"", ""world_decal""]",TextureRect,icon_both,OccludableIcons,0.5,90,"Iconography asset; use for UI, badges, decals, signage, screen graphics, or markers.",
pvg_icon_cyber_city_icons_decor_sign_43_926c6aa6,cyber_city_icons,res://assets/tilesets/cyber_city_core_tilesets/Store_Items/CyberCity_Icons/CyberCity_Icons/Sign_43.png,Sign_43.png,individual_png,,512,512,"[10, 190, 504, 309]",79.531,READY_BOTH,decor,"[""signage"", ""wall_sticker"", ""world_decal""]",TextureRect,icon_both,OccludableIcons,0.5,90,"Iconography asset; use for UI, badges, decals, signage, screen graphics, or markers.",
pvg_icon_cyber_city_icons_decor_sign_44_3bd14fae,cyber_city_icons,res://assets/tilesets/cyber_city_core_tilesets/Store_Items/CyberCity_Icons/CyberCity_Icons/Sign_44.png,Sign_44.png,individual_png,,512,512,"[5, 193, 509, 343]",75.977,READY_BOTH,decor,"[""signage"", ""wall_sticker"", ""world_decal""]",TextureRect,icon_both,OccludableIcons,0.5,90,"Iconography asset; use for UI, badges, decals, signage, screen graphics, or markers.",
pvg_icon_cyber_city_icons_decor_sign_45_99cb9440,cyber_city_icons,res://assets/tilesets/cyber_city_core_tilesets/Store_Items/CyberCity_Icons/CyberCity_Icons/Sign_45.png,Sign_45.png,individual_png,,512,512,"[3, 163, 511, 309]",77.414,READY_BOTH,decor,"[""signage"", ""wall_sticker"", ""world_decal""]",TextureRect,icon_both,OccludableIcons,0.5,90,"Iconography asset; use for UI, badges, decals, signage, screen graphics, or markers.",
pvg_icon_cyber_city_icons_decor_sign_46_8fc6d04c,cyber_city_icons,res://assets/tilesets/cyber_city_core_tilesets/Store_Items/CyberCity_Icons/CyberCity_Icons/Sign_46.png,Sign_46.png,individual_png,,512,512,"[9, 190, 500, 331]",75.364,READY_BOTH,decor,"[""signage"", ""wall_sticker"", ""world_decal""]",TextureRect,icon_both,OccludableIcons,0.5,90,"Iconography asset; use for UI, badges, decals, signage, screen graphics, or markers.",
pvg_icon_cyber_city_icons_decor_sign_47_05bc880d,cyber_city_icons,res://assets/tilesets/cyber_city_core_tilesets/Store_Items/CyberCity_Icons/CyberCity_Icons/Sign_47.png,Sign_47.png,individual_png,,512,512,"[34, 30, 484, 484]",30.519,READY_BOTH,decor,"[""signage"", ""wall_sticker"", ""world_decal""]",TextureRect,icon_both,OccludableIcons,0.5,90,"Iconography asset; use for UI, badges, decals, signage, screen graphics, or markers.",
pvg_icon_cyber_city_icons_decor_sign_48_4bc7b9fc,cyber_city_icons,res://assets/tilesets/cyber_city_core_tilesets/Store_Items/CyberCity_Icons/CyberCity_Icons/Sign_48.png,Sign_48.png,individual_png,,512,512,"[4, 0, 420, 508]",52.185,READY_BOTH,decor,"[""signage"", ""wall_sticker"", ""world_decal""]",TextureRect,icon_both,OccludableIcons,0.5,90,"Iconography asset; use for UI, badges, decals, signage, screen graphics, or markers.",
pvg_icon_cyber_city_icons_decor_sign_49_ddd618e8,cyber_city_icons,res://assets/tilesets/cyber_city_core_tilesets/Store_Items/CyberCity_Icons/CyberCity_Icons/Sign_49.png,Sign_49.png,individual_png,,512,512,"[137, 12, 328, 502]",70.374,READY_BOTH,decor,"[""signage"", ""wall_sticker"", ""world_decal""]",TextureRect,icon_both,OccludableIcons,0.5,90,"Iconography asset; use for UI, badges, decals, signage, screen graphics, or markers.",
pvg_icon_cyber_city_icons_decor_sign_5_d2ec90d2,cyber_city_icons,res://assets/tilesets/cyber_city_core_tilesets/Store_Items/CyberCity_Icons/CyberCity_Icons/Sign_5.png,Sign_5.png,individual_png,,512,512,"[83, 9, 368, 498]",84.371,READY_BOTH,decor,"[""signage"", ""wall_sticker"", ""world_decal""]",TextureRect,icon_both,OccludableIcons,0.5,90,"Iconography asset; use for UI, badges, decals, signage, screen graphics, or markers.",
pvg_icon_cyber_city_icons_decor_sign_50_01de4c37,cyber_city_icons,res://assets/tilesets/cyber_city_core_tilesets/Store_Items/CyberCity_Icons/CyberCity_Icons/Sign_50.png,Sign_50.png,individual_png,,512,512,"[166, 9, 330, 491]",74.868,READY_BOTH,decor,"[""signage"", ""wall_sticker"", ""world_decal""]",TextureRect,icon_both,OccludableIcons,0.5,90,"Iconography asset; use for UI, badges, decals, signage, screen graphics, or markers.",
pvg_icon_cyber_city_icons_decor_sign_51_fc9ec1db,cyber_city_icons,res://assets/tilesets/cyber_city_core_tilesets/Store_Items/CyberCity_Icons/CyberCity_Icons/Sign_51.png,Sign_51.png,individual_png,,512,512,"[177, 12, 340, 504]",81.513,READY_BOTH,decor,"[""signage"", ""wall_sticker"", ""world_decal""]",TextureRect,icon_both,OccludableIcons,0.5,90,"Iconography asset; use for UI, badges, decals, signage, screen graphics, or markers.",
pvg_icon_cyber_city_icons_decor_sign_52_fd8dc570,cyber_city_icons,res://assets/tilesets/cyber_city_core_tilesets/Store_Items/CyberCity_Icons/CyberCity_Icons/Sign_52.png,Sign_52.png,individual_png,,512,512,"[184, 8, 363, 508]",77.576,READY_BOTH,decor,"[""signage"", ""wall_sticker"", ""world_decal""]",TextureRect,icon_both,OccludableIcons,0.5,90,"Iconography asset; use for UI, badges, decals, signage, screen graphics, or markers.",
pvg_icon_cyber_city_icons_decor_sign_6_95f69a46,cyber_city_icons,res://assets/tilesets/cyber_city_core_tilesets/Store_Items/CyberCity_Icons/CyberCity_Icons/Sign_6.png,Sign_6.png,individual_png,,512,512,"[170, 9, 426, 495]",84.137,READY_BOTH,decor,"[""signage"", ""wall_sticker"", ""world_decal""]",TextureRect,icon_both,OccludableIcons,0.5,90,"Iconography asset; use for UI, badges, decals, signage, screen graphics, or markers.",
pvg_icon_cyber_city_icons_decor_sign_7_a8fde28b,cyber_city_icons,res://assets/tilesets/cyber_city_core_tilesets/Store_Items/CyberCity_Icons/CyberCity_Icons/Sign_7.png,Sign_7.png,individual_png,,512,512,"[198, 7, 332, 508]",81.514,READY_BOTH,decor,"[""signage"", ""wall_sticker"", ""world_decal""]",TextureRect,icon_both,OccludableIcons,0.5,90,"Iconography asset; use for UI, badges, decals, signage, screen graphics, or markers.",
pvg_icon_cyber_city_icons_decor_sign_8_33583b8c,cyber_city_icons,res://assets/tilesets/cyber_city_core_tilesets/Store_Items/CyberCity_Icons/CyberCity_Icons/Sign_8.png,Sign_8.png,individual_png,,512,512,"[84, 7, 395, 508]",79.474,READY_BOTH,decor,"[""signage"", ""wall_sticker"", ""world_decal""]",TextureRect,icon_both,OccludableIcons,0.5,90,"Iconography asset; use for UI, badges, decals, signage, screen graphics, or markers.",
pvg_icon_cyber_city_icons_decor_sign_9_770bae80,cyber_city_icons,res://assets/tilesets/cyber_city_core_tilesets/Store_Items/CyberCity_Icons/CyberCity_Icons/Sign_9.png,Sign_9.png,individual_png,,512,512,"[63, 21, 437, 490]",59.585,READY_BOTH,decor,"[""signage"", ""wall_sticker"", ""world_decal""]",TextureRect,icon_both,OccludableIcons,0.5,90,"Iconography asset; use for UI, badges, decals, signage, screen graphics, or markers.",
pvg_icon_cyber_city_icons_cyber_skateboard_1_1849e8f9,cyber_city_icons,res://assets/tilesets/cyber_city_core_tilesets/Store_Items/CyberCity_Icons/CyberCity_Icons/Skateboard_1.png,Skateboard_1.png,individual_png,,512,512,"[20, 72, 499, 413]",73.714,READY_BOTH,cyber,"[""scheme_card"", ""screen_graphic"", ""world_decal""]",TextureRect,icon_both,OccludableIcons,0.5,90,"Iconography asset; use for UI, badges, decals, signage, screen graphics, or markers.",
pvg_icon_cyber_city_icons_map_pin_skullandspine_1_4be4156b,cyber_city_icons,res://assets/tilesets/cyber_city_core_tilesets/Store_Items/CyberCity_Icons/CyberCity_Icons/SkullAndSpine_1.png,SkullAndSpine_1.png,individual_png,,512,512,"[152, 4, 428, 505]",88.533,READY_UI_ICON,map_pin,"[""map_pin"", ""objective_marker""]",TextureRect,icon_ui,BehindPlayerIcons,0.5,-120,"Iconography asset; use for UI, badges, decals, signage, screen graphics, or markers.",World stamping of UI-first icons may look like a flat sticker.
pvg_icon_cyber_city_icons_cyber_smallad_1_d881bd4f,cyber_city_icons,res://assets/tilesets/cyber_city_core_tilesets/Store_Items/CyberCity_Icons/CyberCity_Icons/SmallAd_1.png,SmallAd_1.png,individual_png,,512,512,"[154, 12, 375, 499]",71.751,READY_BOTH,cyber,"[""scheme_card"", ""screen_graphic"", ""world_decal""]",TextureRect,icon_both,OccludableIcons,0.5,90,"Iconography asset; use for UI, badges, decals, signage, screen graphics, or markers.",
pvg_icon_cyber_city_icons_cyber_soap_1_577a0ea8,cyber_city_icons,res://assets/tilesets/cyber_city_core_tilesets/Store_Items/CyberCity_Icons/CyberCity_Icons/Soap_1.png,Soap_1.png,individual_png,,512,512,"[16, 167, 503, 425]",64.677,READY_BOTH,cyber,"[""scheme_card"", ""screen_graphic"", ""world_decal""]",TextureRect,icon_both,OccludableIcons,0.5,90,"Iconography asset; use for UI, badges, decals, signage, screen graphics, or markers.",
pvg_icon_cyber_city_icons_cyber_soapdish_1_efdf9ae3,cyber_city_icons,res://assets/tilesets/cyber_city_core_tilesets/Store_Items/CyberCity_Icons/CyberCity_Icons/SoapDish_1.png,SoapDish_1.png,individual_png,,512,512,"[32, 117, 469, 421]",60.701,READY_BOTH,cyber,"[""scheme_card"", ""screen_graphic"", ""world_decal""]",TextureRect,icon_both,OccludableIcons,0.5,90,"Iconography asset; use for UI, badges, decals, signage, screen graphics, or markers.",
pvg_icon_cyber_city_icons_cyber_soapdispenser_1_5c7ea5b4,cyber_city_icons,res://assets/tilesets/cyber_city_core_tilesets/Store_Items/CyberCity_Icons/CyberCity_Icons/SoapDispenser_1.png,SoapDispenser_1.png,individual_png,,512,512,"[96, 10, 385, 501]",61.355,READY_BOTH,cyber,"[""scheme_card"", ""screen_graphic"", ""world_decal""]",TextureRect,icon_both,OccludableIcons,0.5,90,"Iconography asset; use for UI, badges, decals, signage, screen graphics, or markers.",
pvg_icon_cyber_city_icons_cyber_sofa_1_1c90fc3c,cyber_city_icons,res://assets/tilesets/cyber_city_core_tilesets/Store_Items/CyberCity_Icons/CyberCity_Icons/Sofa_1.png,Sofa_1.png,individual_png,,512,512,"[14, 100, 506, 476]",52.745,READY_BOTH,cyber,"[""scheme_card"", ""screen_graphic"", ""world_decal""]",TextureRect,icon_both,OccludableIcons,0.5,90,"Iconography asset; use for UI, badges, decals, signage, screen graphics, or markers.",
pvg_icon_cyber_city_icons_cyber_sofa_2_1d76a892,cyber_city_icons,res://assets/tilesets/cyber_city_core_tilesets/Store_Items/CyberCity_Icons/CyberCity_Icons/Sofa_2.png,Sofa_2.png,individual_png,,512,512,"[2, 134, 504, 413]",61.89,READY_BOTH,cyber,"[""scheme_card"", ""screen_graphic"", ""world_decal""]",TextureRect,icon_both,OccludableIcons,0.5,90,"Iconography asset; use for UI, badges, decals, signage, screen graphics, or markers.",
pvg_icon_cyber_city_icons_cyber_solarpanel_1_0f2adc21,cyber_city_icons,res://assets/tilesets/cyber_city_core_tilesets/Store_Items/CyberCity_Icons/CyberCity_Icons/SolarPanel_1.png,SolarPanel_1.png,individual_png,,512,512,"[41, 18, 505, 502]",50.47,READY_BOTH,cyber,"[""scheme_card"", ""screen_graphic"", ""world_decal""]",TextureRect,icon_both,OccludableIcons,0.5,90,"Iconography asset; use for UI, badges, decals, signage, screen graphics, or markers.",
pvg_icon_cyber_city_icons_cyber_spatialprocessor_1_97a6b433,cyber_city_icons,res://assets/tilesets/cyber_city_core_tilesets/Store_Items/CyberCity_Icons/CyberCity_Icons/SpatialProcessor_1.png,SpatialProcessor_1.png,individual_png,,512,512,"[23, 7, 470, 502]",40.923,READY_BOTH,cyber,"[""scheme_card"", ""screen_graphic"", ""world_decal""]",TextureRect,icon_both,OccludableIcons,0.5,90,"Iconography asset; use for UI, badges, decals, signage, screen graphics, or markers.",
pvg_icon_cyber_city_icons_cyber_speaker_1_47195df1,cyber_city_icons,res://assets/tilesets/cyber_city_core_tilesets/Store_Items/CyberCity_Icons/CyberCity_Icons/Speaker_1.png,Speaker_1.png,individual_png,,512,512,"[133, 20, 414, 508]",57.681,READY_BOTH,cyber,"[""scheme_card"", ""screen_graphic"", ""world_decal""]",TextureRect,icon_both,OccludableIcons,0.5,90,"Iconography asset; use for UI, badges, decals, signage, screen graphics, or markers.",
pvg_icon_cyber_city_icons_cyber_speaker_2_7acb6557,cyber_city_icons,res://assets/tilesets/cyber_city_core_tilesets/Store_Items/CyberCity_Icons/CyberCity_Icons/Speaker_2.png,Speaker_2.png,individual_png,,512,512,"[0, 0, 340, 512]",73.433,READY_BOTH,cyber,"[""scheme_card"", ""screen_graphic"", ""world_decal""]",TextureRect,icon_both,OccludableIcons,0.5,90,"Iconography asset; use for UI, badges, decals, signage, screen graphics, or markers.",
pvg_icon_cyber_city_icons_cyber_speaker_3_5ea39b2d,cyber_city_icons,res://assets/tilesets/cyber_city_core_tilesets/Store_Items/CyberCity_Icons/CyberCity_Icons/Speaker_3.png,Speaker_3.png,individual_png,,512,512,"[95, 39, 398, 496]",53.23,READY_BOTH,cyber,"[""scheme_card"", ""screen_graphic"", ""world_decal""]",TextureRect,icon_both,OccludableIcons,0.5,90,"Iconography asset; use for UI, badges, decals, signage, screen graphics, or markers.",
pvg_icon_cyber_city_icons_cyber_speaker_4_bd9306bc,cyber_city_icons,res://assets/tilesets/cyber_city_core_tilesets/Store_Items/CyberCity_Icons/CyberCity_Icons/Speaker_4.png,Speaker_4.png,individual_png,,512,512,"[5, 41, 505, 500]",29.757,READY_BOTH,cyber,"[""scheme_card"", ""screen_graphic"", ""world_decal""]",TextureRect,icon_both,OccludableIcons,0.5,90,"Iconography asset; use for UI, badges, decals, signage, screen graphics, or markers.",
pvg_icon_cyber_city_icons_cyber_spoon_1_bf3db7eb,cyber_city_icons,res://assets/tilesets/cyber_city_core_tilesets/Store_Items/CyberCity_Icons/CyberCity_Icons/Spoon_1.png,Spoon_1.png,individual_png,,512,512,"[32, 59, 470, 452]",88.923,READY_BOTH,cyber,"[""scheme_card"", ""screen_graphic"", ""world_decal""]",TextureRect,icon_both,OccludableIcons,0.5,90,"Iconography asset; use for UI, badges, decals, signage, screen graphics, or markers.",
pvg_icon_cyber_city_icons_cyber_statue_1_bd15a302,cyber_city_icons,res://assets/tilesets/cyber_city_core_tilesets/Store_Items/CyberCity_Icons/CyberCity_Icons/Statue_1.png,Statue_1.png,individual_png,,512,512,"[48, 58, 450, 481]",54.527,READY_BOTH,cyber,"[""scheme_card"", ""screen_graphic"", ""world_decal""]",TextureRect,icon_both,OccludableIcons,0.5,90,"Iconography asset; use for UI, badges, decals, signage, screen graphics, or markers.",
pvg_icon_cyber_city_icons_security_statueclock_1_b60aaee9,cyber_city_icons,res://assets/tilesets/cyber_city_core_tilesets/Store_Items/CyberCity_Icons/CyberCity_Icons/StatueClock_1.png,StatueClock_1.png,individual_png,,512,512,"[141, 2, 331, 502]",83.406,READY_BOTH,security,"[""security_indicator"", ""warning_indicator"", ""mission_board"", ""world_decal"", ""screen_graphic""]",TextureRect,icon_both,OccludableIcons,0.5,90,"Iconography asset; use for UI, badges, decals, signage, screen graphics, or markers.",
pvg_icon_cyber_city_icons_cyber_stool_1_218b5eff,cyber_city_icons,res://assets/tilesets/cyber_city_core_tilesets/Store_Items/CyberCity_Icons/CyberCity_Icons/Stool_1.png,Stool_1.png,individual_png,,512,512,"[166, 17, 388, 499]",89.555,READY_BOTH,cyber,"[""scheme_card"", ""screen_graphic"", ""world_decal""]",TextureRect,icon_both,OccludableIcons,0.5,90,"Iconography asset; use for UI, badges, decals, signage, screen graphics, or markers.",
pvg_icon_cyber_city_icons_cyber_stool_2_425d8657,cyber_city_icons,res://assets/tilesets/cyber_city_core_tilesets/Store_Items/CyberCity_Icons/CyberCity_Icons/Stool_2.png,Stool_2.png,individual_png,,512,512,"[101, 21, 380, 500]",84.818,READY_BOTH,cyber,"[""scheme_card"", ""screen_graphic"", ""world_decal""]",TextureRect,icon_both,OccludableIcons,0.5,90,"Iconography asset; use for UI, badges, decals, signage, screen graphics, or markers.",
pvg_icon_cyber_city_icons_cyber_stool_3_0d970ca1,cyber_city_icons,res://assets/tilesets/cyber_city_core_tilesets/Store_Items/CyberCity_Icons/CyberCity_Icons/Stool_3.png,Stool_3.png,individual_png,,512,512,"[123, 17, 412, 491]",70.138,READY_BOTH,cyber,"[""scheme_card"", ""screen_graphic"", ""world_decal""]",TextureRect,icon_both,OccludableIcons,0.5,90,"Iconography asset; use for UI, badges, decals, signage, screen graphics, or markers.",
pvg_icon_cyber_city_icons_cyber_streetfood_1_7ab9cde4,cyber_city_icons,res://assets/tilesets/cyber_city_core_tilesets/Store_Items/CyberCity_Icons/CyberCity_Icons/StreetFood_1.png,StreetFood_1.png,individual_png,,512,512,"[21, 132, 472, 454]",60.104,READY_BOTH,cyber,"[""scheme_card"", ""screen_graphic"", ""world_decal""]",TextureRect,icon_both,OccludableIcons,0.5,90,"Iconography asset; use for UI, badges, decals, signage, screen graphics, or markers.",
pvg_icon_cyber_city_icons_cyber_streetfood_2_a7587e3e,cyber_city_icons,res://assets/tilesets/cyber_city_core_tilesets/Store_Items/CyberCity_Icons/CyberCity_Icons/StreetFood_2.png,StreetFood_2.png,individual_png,,512,512,"[145, 194, 408, 381]",85.79,READY_BOTH,cyber,"[""scheme_card"", ""screen_graphic"", ""world_decal""]",TextureRect,icon_both,OccludableIcons,0.5,90,"Iconography asset; use for UI, badges, decals, signage, screen graphics, or markers.",
pvg_icon_cyber_city_icons_cyber_streetfood_3_4a39b55e,cyber_city_icons,res://assets/tilesets/cyber_city_core_tilesets/Store_Items/CyberCity_Icons/CyberCity_Icons/StreetFood_3.png,StreetFood_3.png,individual_png,,512,512,"[38, 168, 481, 391]",76.846,READY_BOTH,cyber,"[""scheme_card"", ""screen_graphic"", ""world_decal""]",TextureRect,icon_both,OccludableIcons,0.5,90,"Iconography asset; use for UI, badges, decals, signage, screen graphics, or markers.",
pvg_icon_cyber_city_icons_cyber_streetfood_4_1351b19e,cyber_city_icons,res://assets/tilesets/cyber_city_core_tilesets/Store_Items/CyberCity_Icons/CyberCity_Icons/StreetFood_4.png,StreetFood_4.png,individual_png,,512,512,"[35, 138, 491, 385]",75.278,READY_BOTH,cyber,"[""scheme_card"", ""screen_graphic"", ""world_decal""]",TextureRect,icon_both,OccludableIcons,0.5,90,"Iconography asset; use for UI, badges, decals, signage, screen graphics, or markers.",
pvg_icon_cyber_city_icons_cyber_streetfood_5_7ed8d8ed,cyber_city_icons,res://assets/tilesets/cyber_city_core_tilesets/Store_Items/CyberCity_Icons/CyberCity_Icons/StreetFood_5.png,StreetFood_5.png,individual_png,,512,512,"[23, 99, 453, 474]",62.778,READY_BOTH,cyber,"[""scheme_card"", ""screen_graphic"", ""world_decal""]",TextureRect,icon_both,OccludableIcons,0.5,90,"Iconography asset; use for UI, badges, decals, signage, screen graphics, or markers.",
pvg_icon_cyber_city_icons_cyber_streetfood_6_7ee2614d,cyber_city_icons,res://assets/tilesets/cyber_city_core_tilesets/Store_Items/CyberCity_Icons/CyberCity_Icons/StreetFood_6.png,StreetFood_6.png,individual_png,,512,512,"[5, 142, 508, 391]",70.843,READY_BOTH,cyber,"[""scheme_card"", ""screen_graphic"", ""world_decal""]",TextureRect,icon_both,OccludableIcons,0.5,90,"Iconography asset; use for UI, badges, decals, signage, screen graphics, or markers.",
pvg_icon_cyber_city_icons_cyber_streetfood_7_fa94ca5d,cyber_city_icons,res://assets/tilesets/cyber_city_core_tilesets/Store_Items/CyberCity_Icons/CyberCity_Icons/StreetFood_7.png,StreetFood_7.png,individual_png,,512,512,"[9, 120, 487, 407]",74.505,READY_BOTH,cyber,"[""scheme_card"", ""screen_graphic"", ""world_decal""]",TextureRect,icon_both,OccludableIcons,0.5,90,"Iconography asset; use for UI, badges, decals, signage, screen graphics, or markers.",
pvg_icon_cyber_city_icons_cyber_streetfood_8_92a1cd87,cyber_city_icons,res://assets/tilesets/cyber_city_core_tilesets/Store_Items/CyberCity_Icons/CyberCity_Icons/StreetFood_8.png,StreetFood_8.png,individual_png,,512,512,"[29, 137, 477, 392]",72.346,READY_BOTH,cyber,"[""scheme_card"", ""screen_graphic"", ""world_decal""]",TextureRect,icon_both,OccludableIcons,0.5,90,"Iconography asset; use for UI, badges, decals, signage, screen graphics, or markers.",
pvg_icon_cyber_city_icons_cyber_streetgrill_1_0fc14950,cyber_city_icons,res://assets/tilesets/cyber_city_core_tilesets/Store_Items/CyberCity_Icons/CyberCity_Icons/StreetGrill_1.png,StreetGrill_1.png,individual_png,,512,512,"[117, 20, 418, 499]",62.839,READY_BOTH,cyber,"[""scheme_card"", ""screen_graphic"", ""world_decal""]",TextureRect,icon_both,OccludableIcons,0.5,90,"Iconography asset; use for UI, badges, decals, signage, screen graphics, or markers.",
pvg_icon_cyber_city_icons_cyber_streetgrill_2_55729362,cyber_city_icons,res://assets/tilesets/cyber_city_core_tilesets/Store_Items/CyberCity_Icons/CyberCity_Icons/StreetGrill_2.png,StreetGrill_2.png,individual_png,,512,512,"[85, 25, 373, 498]",64.189,READY_BOTH,cyber,"[""scheme_card"", ""screen_graphic"", ""world_decal""]",TextureRect,icon_both,OccludableIcons,0.5,90,"Iconography asset; use for UI, badges, decals, signage, screen graphics, or markers.",
pvg_icon_cyber_city_icons_cyber_streetinterface_1_c90884d3,cyber_city_icons,res://assets/tilesets/cyber_city_core_tilesets/Store_Items/CyberCity_Icons/CyberCity_Icons/StreetInterface_1.png,StreetInterface_1.png,individual_png,,512,512,"[41, 7, 399, 508]",55.399,READY_BOTH,cyber,"[""scheme_card"", ""screen_graphic"", ""world_decal""]",TextureRect,icon_both,OccludableIcons,0.5,90,"Iconography asset; use for UI, badges, decals, signage, screen graphics, or markers.",
pvg_icon_cyber_city_icons_cyber_streetinterface_2_f0282593,cyber_city_icons,res://assets/tilesets/cyber_city_core_tilesets/Store_Items/CyberCity_Icons/CyberCity_Icons/StreetInterface_2.png,StreetInterface_2.png,individual_png,,512,512,"[143, 10, 376, 507]",70.03,READY_BOTH,cyber,"[""scheme_card"", ""screen_graphic"", ""world_decal""]",TextureRect,icon_both,OccludableIcons,0.5,90,"Iconography asset; use for UI, badges, decals, signage, screen graphics, or markers.",
pvg_icon_cyber_city_icons_cyber_synthesizer_1_41291337,cyber_city_icons,res://assets/tilesets/cyber_city_core_tilesets/Store_Items/CyberCity_Icons/CyberCity_Icons/Synthesizer_1.png,Synthesizer_1.png,individual_png,,512,512,"[1, 92, 506, 494]",82.837,READY_BOTH,cyber,"[""scheme_card"", ""screen_graphic"", ""world_decal""]",TextureRect,icon_both,OccludableIcons,0.5,90,"Iconography asset; use for UI, badges, decals, signage, screen graphics, or markers.",
pvg_icon_cyber_city_icons_cyber_syntheticface_1_d76f39ba,cyber_city_icons,res://assets/tilesets/cyber_city_core_tilesets/Store_Items/CyberCity_Icons/CyberCity_Icons/SyntheticFace_1.png,SyntheticFace_1.png,individual_png,,512,512,"[98, 23, 404, 487]",60.454,READY_BOTH,cyber,"[""scheme_card"", ""screen_graphic"", ""world_decal""]",TextureRect,icon_both,OccludableIcons,0.5,90,"Iconography asset; use for UI, badges, decals, signage, screen graphics, or markers.",
pvg_icon_cyber_city_icons_cyber_table_1_9a0d1cb7,cyber_city_icons,res://assets/tilesets/cyber_city_core_tilesets/Store_Items/CyberCity_Icons/CyberCity_Icons/Table_1.png,Table_1.png,individual_png,,512,512,"[2, 163, 509, 391]",67.819,READY_BOTH,cyber,"[""scheme_card"", ""screen_graphic"", ""world_decal""]",TextureRect,icon_both,OccludableIcons,0.5,90,"Iconography asset; use for UI, badges, decals, signage, screen graphics, or markers.",
pvg_icon_cyber_city_icons_cyber_table_2_669fb267,cyber_city_icons,res://assets/tilesets/cyber_city_core_tilesets/Store_Items/CyberCity_Icons/CyberCity_Icons/Table_2.png,Table_2.png,individual_png,,512,512,"[35, 162, 483, 411]",64.049,READY_BOTH,cyber,"[""scheme_card"", ""screen_graphic"", ""world_decal""]",TextureRect,icon_both,OccludableIcons,0.5,90,"Iconography asset; use for UI, badges, decals, signage, screen graphics, or markers.",
pvg_icon_cyber_city_icons_cyber_table_3_c8b7d3bc,cyber_city_icons,res://assets/tilesets/cyber_city_core_tilesets/Store_Items/CyberCity_Icons/CyberCity_Icons/Table_3.png,Table_3.png,individual_png,,512,512,"[23, 102, 479, 499]",78.188,READY_BOTH,cyber,"[""scheme_card"", ""screen_graphic"", ""world_decal""]",TextureRect,icon_both,OccludableIcons,0.5,90,"Iconography asset; use for UI, badges, decals, signage, screen graphics, or markers.",
pvg_icon_cyber_city_icons_cyber_table_4_f5229594,cyber_city_icons,res://assets/tilesets/cyber_city_core_tilesets/Store_Items/CyberCity_Icons/CyberCity_Icons/Table_4.png,Table_4.png,individual_png,,512,512,"[8, 161, 489, 444]",81.557,READY_BOTH,cyber,"[""scheme_card"", ""screen_graphic"", ""world_decal""]",TextureRect,icon_both,OccludableIcons,0.5,90,"Iconography asset; use for UI, badges, decals, signage, screen graphics, or markers.",
pvg_icon_cyber_city_icons_cyber_table_5_0156edaa,cyber_city_icons,res://assets/tilesets/cyber_city_core_tilesets/Store_Items/CyberCity_Icons/CyberCity_Icons/Table_5.png,Table_5.png,individual_png,,512,512,"[79, 54, 472, 500]",76.485,READY_BOTH,cyber,"[""scheme_card"", ""screen_graphic"", ""world_decal""]",TextureRect,icon_both,OccludableIcons,0.5,90,"Iconography asset; use for UI, badges, decals, signage, screen graphics, or markers.",
pvg_icon_cyber_city_icons_cyber_table_6_dc320e62,cyber_city_icons,res://assets/tilesets/cyber_city_core_tilesets/Store_Items/CyberCity_Icons/CyberCity_Icons/Table_6.png,Table_6.png,individual_png,,512,512,"[5, 44, 501, 499]",73.221,READY_BOTH,cyber,"[""scheme_card"", ""screen_graphic"", ""world_decal""]",TextureRect,icon_both,OccludableIcons,0.5,90,"Iconography asset; use for UI, badges, decals, signage, screen graphics, or markers.",
pvg_icon_cyber_city_icons_cyber_tablet_1_269c2405,cyber_city_icons,res://assets/tilesets/cyber_city_core_tilesets/Store_Items/CyberCity_Icons/CyberCity_Icons/Tablet_1.png,Tablet_1.png,individual_png,,512,512,"[110, 35, 389, 487]",62.094,READY_BOTH,cyber,"[""scheme_card"", ""screen_graphic"", ""world_decal""]",TextureRect,icon_both,OccludableIcons,0.5,90,"Iconography asset; use for UI, badges, decals, signage, screen graphics, or markers.",
pvg_icon_cyber_city_icons_cyber_takeout_1_505441d2,cyber_city_icons,res://assets/tilesets/cyber_city_core_tilesets/Store_Items/CyberCity_Icons/CyberCity_Icons/Takeout_1.png,Takeout_1.png,individual_png,,512,512,"[86, 115, 415, 418]",69.993,READY_BOTH,cyber,"[""scheme_card"", ""screen_graphic"", ""world_decal""]",TextureRect,icon_both,OccludableIcons,0.5,90,"Iconography asset; use for UI, badges, decals, signage, screen graphics, or markers.",
pvg_icon_cyber_city_icons_cyber_takeout_2_f64b3574,cyber_city_icons,res://assets/tilesets/cyber_city_core_tilesets/Store_Items/CyberCity_Icons/CyberCity_Icons/Takeout_2.png,Takeout_2.png,individual_png,,512,512,"[82, 30, 512, 481]",51.791,READY_BOTH,cyber,"[""scheme_card"", ""screen_graphic"", ""world_decal""]",TextureRect,icon_both,OccludableIcons,0.5,90,"Iconography asset; use for UI, badges, decals, signage, screen graphics, or markers.",
pvg_icon_cyber_city_icons_cyber_takeout_3_ef861ee0,cyber_city_icons,res://assets/tilesets/cyber_city_core_tilesets/Store_Items/CyberCity_Icons/CyberCity_Icons/Takeout_3.png,Takeout_3.png,individual_png,,512,512,"[31, 90, 504, 434]",62.032,READY_BOTH,cyber,"[""scheme_card"", ""screen_graphic"", ""world_decal""]",TextureRect,icon_both,OccludableIcons,0.5,90,"Iconography asset; use for UI, badges, decals, signage, screen graphics, or markers.",
pvg_icon_cyber_city_icons_cyber_tank_1_ff61e55d,cyber_city_icons,res://assets/tilesets/cyber_city_core_tilesets/Store_Items/CyberCity_Icons/CyberCity_Icons/Tank_1.png,Tank_1.png,individual_png,,512,512,"[82, 0, 363, 508]",58.02,READY_BOTH,cyber,"[""scheme_card"", ""screen_graphic"", ""world_decal""]",TextureRect,icon_both,OccludableIcons,0.5,90,"Iconography asset; use for UI, badges, decals, signage, screen graphics, or markers.",
pvg_icon_cyber_city_icons_cyber_tanks_1_45132dde,cyber_city_icons,res://assets/tilesets/cyber_city_core_tilesets/Store_Items/CyberCity_Icons/CyberCity_Icons/Tanks_1.png,Tanks_1.png,individual_png,,512,512,"[25, 53, 490, 498]",64.748,READY_BOTH,cyber,"[""scheme_card"", ""screen_graphic"", ""world_decal""]",TextureRect,icon_both,OccludableIcons,0.5,90,"Iconography asset; use for UI, badges, decals, signage, screen graphics, or markers.",
pvg_icon_cyber_city_icons_cyber_tanks_2_17a86417,cyber_city_icons,res://assets/tilesets/cyber_city_core_tilesets/Store_Items/CyberCity_Icons/CyberCity_Icons/Tanks_2.png,Tanks_2.png,individual_png,,512,512,"[3, 112, 509, 375]",55.878,READY_BOTH,cyber,"[""scheme_card"", ""screen_graphic"", ""world_decal""]",TextureRect,icon_both,OccludableIcons,0.5,90,"Iconography asset; use for UI, badges, decals, signage, screen graphics, or markers.",
pvg_icon_cyber_city_icons_cyber_tarp_1_eb82aae2,cyber_city_icons,res://assets/tilesets/cyber_city_core_tilesets/Store_Items/CyberCity_Icons/CyberCity_Icons/Tarp_1.png,Tarp_1.png,individual_png,,512,512,"[1, 85, 507, 480]",60.968,READY_BOTH,cyber,"[""scheme_card"", ""screen_graphic"", ""world_decal""]",TextureRect,icon_both,OccludableIcons,0.5,90,"Iconography asset; use for UI, badges, decals, signage, screen graphics, or markers.",
pvg_icon_cyber_city_icons_tech_techpiece_1_bbf5b772,cyber_city_icons,res://assets/tilesets/cyber_city_core_tilesets/Store_Items/CyberCity_Icons/CyberCity_Icons/TechPiece_1.png,TechPiece_1.png,individual_png,,512,512,"[95, 18, 437, 470]",58.147,READY_BOTH,tech,"[""screen_graphic"", ""scheme_card"", ""inventory_icon"", ""world_decal""]",TextureRect,icon_both,OccludableIcons,0.5,90,"Iconography asset; use for UI, badges, decals, signage, screen graphics, or markers.",
pvg_icon_cyber_city_icons_tech_techpiece_10_49e15422,cyber_city_icons,res://assets/tilesets/cyber_city_core_tilesets/Store_Items/CyberCity_Icons/CyberCity_Icons/TechPiece_10.png,TechPiece_10.png,individual_png,,512,512,"[21, 50, 508, 492]",58.018,READY_BOTH,tech,"[""screen_graphic"", ""scheme_card"", ""inventory_icon"", ""world_decal""]",TextureRect,icon_both,OccludableIcons,0.5,90,"Iconography asset; use for UI, badges, decals, signage, screen graphics, or markers.",
pvg_icon_cyber_city_icons_tech_techpiece_11_5979bae6,cyber_city_icons,res://assets/tilesets/cyber_city_core_tilesets/Store_Items/CyberCity_Icons/CyberCity_Icons/TechPiece_11.png,TechPiece_11.png,individual_png,,512,512,"[94, 4, 482, 504]",83.741,READY_BOTH,tech,"[""screen_graphic"", ""scheme_card"", ""inventory_icon"", ""world_decal""]",TextureRect,icon_both,OccludableIcons,0.5,90,"Iconography asset; use for UI, badges, decals, signage, screen graphics, or markers.",
pvg_icon_cyber_city_icons_tech_techpiece_12_f5f219d8,cyber_city_icons,res://assets/tilesets/cyber_city_core_tilesets/Store_Items/CyberCity_Icons/CyberCity_Icons/TechPiece_12.png,TechPiece_12.png,individual_png,,512,512,"[87, 28, 473, 478]",77.355,READY_BOTH,tech,"[""screen_graphic"", ""scheme_card"", ""inventory_icon"", ""world_decal""]",TextureRect,icon_both,OccludableIcons,0.5,90,"Iconography asset; use for UI, badges, decals, signage, screen graphics, or markers.",
pvg_icon_cyber_city_icons_tech_techpiece_13_141e71de,cyber_city_icons,res://assets/tilesets/cyber_city_core_tilesets/Store_Items/CyberCity_Icons/CyberCity_Icons/TechPiece_13.png,TechPiece_13.png,individual_png,,512,512,"[74, 34, 476, 447]",81.839,READY_BOTH,tech,"[""screen_graphic"", ""scheme_card"", ""inventory_icon"", ""world_decal""]",TextureRect,icon_both,OccludableIcons,0.5,90,"Iconography asset; use for UI, badges, decals, signage, screen graphics, or markers.",
pvg_icon_cyber_city_icons_tech_techpiece_14_aa45b7b0,cyber_city_icons,res://assets/tilesets/cyber_city_core_tilesets/Store_Items/CyberCity_Icons/CyberCity_Icons/TechPiece_14.png,TechPiece_14.png,individual_png,,512,512,"[46, 29, 493, 488]",87.844,READY_BOTH,tech,"[""screen_graphic"", ""scheme_card"", ""inventory_icon"", ""world_decal""]",TextureRect,icon_both,OccludableIcons,0.5,90,"Iconography asset; use for UI, badges, decals, signage, screen graphics, or markers.",
pvg_icon_cyber_city_icons_tech_techpiece_15_f0821447,cyber_city_icons,res://assets/tilesets/cyber_city_core_tilesets/Store_Items/CyberCity_Icons/CyberCity_Icons/TechPiece_15.png,TechPiece_15.png,individual_png,,512,512,"[59, 15, 437, 493]",74.186,READY_BOTH,tech,"[""screen_graphic"", ""scheme_card"", ""inventory_icon"", ""world_decal""]",TextureRect,icon_both,OccludableIcons,0.5,90,"Iconography asset; use for UI, badges, decals, signage, screen graphics, or markers.",
pvg_icon_cyber_city_icons_tech_techpiece_16_65fc1be7,cyber_city_icons,res://assets/tilesets/cyber_city_core_tilesets/Store_Items/CyberCity_Icons/CyberCity_Icons/TechPiece_16.png,TechPiece_16.png,individual_png,,512,512,"[5, 82, 498, 434]",57.367,READY_BOTH,tech,"[""screen_graphic"", ""scheme_card"", ""inventory_icon"", ""world_decal""]",TextureRect,icon_both,OccludableIcons,0.5,90,"Iconography asset; use for UI, badges, decals, signage, screen graphics, or markers.",
pvg_icon_cyber_city_icons_tech_techpiece_17_52e5f2b5,cyber_city_icons,res://assets/tilesets/cyber_city_core_tilesets/Store_Items/CyberCity_Icons/CyberCity_Icons/TechPiece_17.png,TechPiece_17.png,individual_png,,512,512,"[86, 8, 406, 503]",73.574,READY_BOTH,tech,"[""screen_graphic"", ""scheme_card"", ""inventory_icon"", ""world_decal""]",TextureRect,icon_both,OccludableIcons,0.5,90,"Iconography asset; use for UI, badges, decals, signage, screen graphics, or markers.",
pvg_icon_cyber_city_icons_tech_techpiece_18_83aa615c,cyber_city_icons,res://assets/tilesets/cyber_city_core_tilesets/Store_Items/CyberCity_Icons/CyberCity_Icons/TechPiece_18.png,TechPiece_18.png,individual_png,,512,512,"[18, 95, 498, 409]",72.045,READY_BOTH,tech,"[""screen_graphic"", ""scheme_card"", ""inventory_icon"", ""world_decal""]",TextureRect,icon_both,OccludableIcons,0.5,90,"Iconography asset; use for UI, badges, decals, signage, screen graphics, or markers.",
pvg_icon_cyber_city_icons_tech_techpiece_19_e52243f7,cyber_city_icons,res://assets/tilesets/cyber_city_core_tilesets/Store_Items/CyberCity_Icons/CyberCity_Icons/TechPIece_19.png,TechPIece_19.png,individual_png,,512,512,"[62, 4, 446, 508]",48.334,READY_BOTH,tech,"[""screen_graphic"", ""scheme_card"", ""inventory_icon"", ""world_decal""]",TextureRect,icon_both,OccludableIcons,0.5,90,"Iconography asset; use for UI, badges, decals, signage, screen graphics, or markers.",
pvg_icon_cyber_city_icons_tech_techpiece_2_9f02256e,cyber_city_icons,res://assets/tilesets/cyber_city_core_tilesets/Store_Items/CyberCity_Icons/CyberCity_Icons/TechPiece_2.png,TechPiece_2.png,individual_png,,512,512,"[62, 77, 470, 439]",64.146,READY_BOTH,tech,"[""screen_graphic"", ""scheme_card"", ""inventory_icon"", ""world_decal""]",TextureRect,icon_both,OccludableIcons,0.5,90,"Iconography asset; use for UI, badges, decals, signage, screen graphics, or markers.",
pvg_icon_cyber_city_icons_tech_techpiece_20_af575bce,cyber_city_icons,res://assets/tilesets/cyber_city_core_tilesets/Store_Items/CyberCity_Icons/CyberCity_Icons/TechPiece_20.png,TechPiece_20.png,individual_png,,512,512,"[66, 23, 421, 487]",60.632,READY_BOTH,tech,"[""screen_graphic"", ""scheme_card"", ""inventory_icon"", ""world_decal""]",TextureRect,icon_both,OccludableIcons,0.5,90,"Iconography asset; use for UI, badges, decals, signage, screen graphics, or markers.",
pvg_icon_cyber_city_icons_tech_techpiece_21_4d8537ad,cyber_city_icons,res://assets/tilesets/cyber_city_core_tilesets/Store_Items/CyberCity_Icons/CyberCity_Icons/TechPiece_21.png,TechPiece_21.png,individual_png,,512,512,"[33, 32, 463, 499]",48.51,READY_BOTH,tech,"[""screen_graphic"", ""scheme_card"", ""inventory_icon"", ""world_decal""]",TextureRect,icon_both,OccludableIcons,0.5,90,"Iconography asset; use for UI, badges, decals, signage, screen graphics, or markers.",
pvg_icon_cyber_city_icons_tech_techpiece_22_8560479d,cyber_city_icons,res://assets/tilesets/cyber_city_core_tilesets/Store_Items/CyberCity_Icons/CyberCity_Icons/TechPiece_22.png,TechPiece_22.png,individual_png,,512,512,"[133, 4, 462, 495]",73.517,READY_BOTH,tech,"[""screen_graphic"", ""scheme_card"", ""inventory_icon"", ""world_decal""]",TextureRect,icon_both,OccludableIcons,0.5,90,"Iconography asset; use for UI, badges, decals, signage, screen graphics, or markers.",
pvg_icon_cyber_city_icons_tech_techpiece_23_7b518e71,cyber_city_icons,res://assets/tilesets/cyber_city_core_tilesets/Store_Items/CyberCity_Icons/CyberCity_Icons/TechPiece_23.png,TechPiece_23.png,individual_png,,512,512,"[14, 39, 496, 476]",53.93,READY_BOTH,tech,"[""screen_graphic"", ""scheme_card"", ""inventory_icon"", ""world_decal""]",TextureRect,icon_both,OccludableIcons,0.5,90,"Iconography asset; use for UI, badges, decals, signage, screen graphics, or markers.",
pvg_icon_cyber_city_icons_tech_techpiece_24_b5cbe489,cyber_city_icons,res://assets/tilesets/cyber_city_core_tilesets/Store_Items/CyberCity_Icons/CyberCity_Icons/TechPiece_24.png,TechPiece_24.png,individual_png,,512,512,"[77, 12, 443, 485]",57.114,READY_BOTH,tech,"[""screen_graphic"", ""scheme_card"", ""inventory_icon"", ""world_decal""]",TextureRect,icon_both,OccludableIcons,0.5,90,"Iconography asset; use for UI, badges, decals, signage, screen graphics, or markers.",
pvg_icon_cyber_city_icons_tech_techpiece_25_9c89b886,cyber_city_icons,res://assets/tilesets/cyber_city_core_tilesets/Store_Items/CyberCity_Icons/CyberCity_Icons/TechPiece_25.png,TechPiece_25.png,individual_png,,512,512,"[3, 70, 496, 483]",50.983,READY_BOTH,tech,"[""screen_graphic"", ""scheme_card"", ""inventory_icon"", ""world_decal""]",TextureRect,icon_both,OccludableIcons,0.5,90,"Iconography asset; use for UI, badges, decals, signage, screen graphics, or markers.",
pvg_icon_cyber_city_icons_tech_techpiece_26_2a121aec,cyber_city_icons,res://assets/tilesets/cyber_city_core_tilesets/Store_Items/CyberCity_Icons/CyberCity_Icons/TechPiece_26.png,TechPiece_26.png,individual_png,,512,512,"[16, 69, 480, 393]",63.208,READY_BOTH,tech,"[""screen_graphic"", ""scheme_card"", ""inventory_icon"", ""world_decal""]",TextureRect,icon_both,OccludableIcons,0.5,90,"Iconography asset; use for UI, badges, decals, signage, screen graphics, or markers.",
pvg_icon_cyber_city_icons_tech_techpiece_27_0b9558fd,cyber_city_icons,res://assets/tilesets/cyber_city_core_tilesets/Store_Items/CyberCity_Icons/CyberCity_Icons/TechPiece_27.png,TechPiece_27.png,individual_png,,512,512,"[120, 7, 423, 507]",62.772,READY_BOTH,tech,"[""screen_graphic"", ""scheme_card"", ""inventory_icon"", ""world_decal""]",TextureRect,icon_both,OccludableIcons,0.5,90,"Iconography asset; use for UI, badges, decals, signage, screen graphics, or markers.",
pvg_icon_cyber_city_icons_tech_techpiece_28_dd7466d0,cyber_city_icons,res://assets/tilesets/cyber_city_core_tilesets/Store_Items/CyberCity_Icons/CyberCity_Icons/TechPiece_28.png,TechPiece_28.png,individual_png,,512,512,"[28, 4, 470, 507]",51.919,READY_BOTH,tech,"[""screen_graphic"", ""scheme_card"", ""inventory_icon"", ""world_decal""]",TextureRect,icon_both,OccludableIcons,0.5,90,"Iconography asset; use for UI, badges, decals, signage, screen graphics, or markers.",
pvg_icon_cyber_city_icons_tech_techpiece_29_7680f06a,cyber_city_icons,res://assets/tilesets/cyber_city_core_tilesets/Store_Items/CyberCity_Icons/CyberCity_Icons/TechPiece_29.png,TechPiece_29.png,individual_png,,512,512,"[80, 21, 455, 502]",48.021,READY_BOTH,tech,"[""screen_graphic"", ""scheme_card"", ""inventory_icon"", ""world_decal""]",TextureRect,icon_both,OccludableIcons,0.5,90,"Iconography asset; use for UI, badges, decals, signage, screen graphics, or markers.",
pvg_icon_cyber_city_icons_tech_techpiece_3_2a45c529,cyber_city_icons,res://assets/tilesets/cyber_city_core_tilesets/Store_Items/CyberCity_Icons/CyberCity_Icons/TechPiece_3.png,TechPiece_3.png,individual_png,,512,512,"[91, 14, 432, 491]",69.719,READY_BOTH,tech,"[""screen_graphic"", ""scheme_card"", ""inventory_icon"", ""world_decal""]",TextureRect,icon_both,OccludableIcons,0.5,90,"Iconography asset; use for UI, badges, decals, signage, screen graphics, or markers.",
pvg_icon_cyber_city_icons_tech_techpiece_4_0251d016,cyber_city_icons,res://assets/tilesets/cyber_city_core_tilesets/Store_Items/CyberCity_Icons/CyberCity_Icons/TechPiece_4.png,TechPiece_4.png,individual_png,,512,512,"[27, 21, 490, 445]",70.01,READY_BOTH,tech,"[""screen_graphic"", ""scheme_card"", ""inventory_icon"", ""world_decal""]",TextureRect,icon_both,OccludableIcons,0.5,90,"Iconography asset; use for UI, badges, decals, signage, screen graphics, or markers.",
pvg_icon_cyber_city_icons_tech_techpiece_5_888fd160,cyber_city_icons,res://assets/tilesets/cyber_city_core_tilesets/Store_Items/CyberCity_Icons/CyberCity_Icons/TechPiece_5.png,TechPiece_5.png,individual_png,,512,512,"[50, 3, 388, 504]",77.698,READY_BOTH,tech,"[""screen_graphic"", ""scheme_card"", ""inventory_icon"", ""world_decal""]",TextureRect,icon_both,OccludableIcons,0.5,90,"Iconography asset; use for UI, badges, decals, signage, screen graphics, or markers.",
pvg_icon_cyber_city_icons_tech_techpiece_6_0afce92f,cyber_city_icons,res://assets/tilesets/cyber_city_core_tilesets/Store_Items/CyberCity_Icons/CyberCity_Icons/TechPiece_6.png,TechPiece_6.png,individual_png,,512,512,"[27, 6, 457, 484]",57.57,READY_BOTH,tech,"[""screen_graphic"", ""scheme_card"", ""inventory_icon"", ""world_decal""]",TextureRect,icon_both,OccludableIcons,0.5,90,"Iconography asset; use for UI, badges, decals, signage, screen graphics, or markers.",
pvg_icon_cyber_city_icons_tech_techpiece_7_f06d6b94,cyber_city_icons,res://assets/tilesets/cyber_city_core_tilesets/Store_Items/CyberCity_Icons/CyberCity_Icons/TechPiece_7.png,TechPiece_7.png,individual_png,,512,512,"[6, 87, 505, 416]",67.757,READY_BOTH,tech,"[""screen_graphic"", ""scheme_card"", ""inventory_icon"", ""world_decal""]",TextureRect,icon_both,OccludableIcons,0.5,90,"Iconography asset; use for UI, badges, decals, signage, screen graphics, or markers.",
pvg_icon_cyber_city_icons_tech_techpiece_8_6c2abaff,cyber_city_icons,res://assets/tilesets/cyber_city_core_tilesets/Store_Items/CyberCity_Icons/CyberCity_Icons/TechPiece_8.png,TechPiece_8.png,individual_png,,512,512,"[20, 70, 482, 471]",62.657,READY_BOTH,tech,"[""screen_graphic"", ""scheme_card"", ""inventory_icon"", ""world_decal""]",TextureRect,icon_both,OccludableIcons,0.5,90,"Iconography asset; use for UI, badges, decals, signage, screen graphics, or markers.",
pvg_icon_cyber_city_icons_tech_techpiece_9_d3487f88,cyber_city_icons,res://assets/tilesets/cyber_city_core_tilesets/Store_Items/CyberCity_Icons/CyberCity_Icons/TechPiece_9.png,TechPiece_9.png,individual_png,,512,512,"[44, 23, 476, 495]",62.298,READY_BOTH,tech,"[""screen_graphic"", ""scheme_card"", ""inventory_icon"", ""world_decal""]",TextureRect,icon_both,OccludableIcons,0.5,90,"Iconography asset; use for UI, badges, decals, signage, screen graphics, or markers.",
pvg_icon_cyber_city_icons_terminal_terminal_1_9fbdca2b,cyber_city_icons,res://assets/tilesets/cyber_city_core_tilesets/Store_Items/CyberCity_Icons/CyberCity_Icons/Terminal_1.png,Terminal_1.png,individual_png,,512,512,"[20, 58, 505, 443]",50.69,READY_BOTH,terminal,"[""store_terminal"", ""screen_graphic"", ""terminal"", ""world_decal""]",TextureRect,icon_both,OccludableIcons,0.5,90,"Iconography asset; use for UI, badges, decals, signage, screen graphics, or markers.",
pvg_icon_cyber_city_icons_terminal_terminal_2_aef8a8e9,cyber_city_icons,res://assets/tilesets/cyber_city_core_tilesets/Store_Items/CyberCity_Icons/CyberCity_Icons/Terminal_2.png,Terminal_2.png,individual_png,,512,512,"[20, 64, 501, 408]",68.632,READY_BOTH,terminal,"[""store_terminal"", ""screen_graphic"", ""terminal"", ""world_decal""]",TextureRect,icon_both,OccludableIcons,0.5,90,"Iconography asset; use for UI, badges, decals, signage, screen graphics, or markers.",
pvg_icon_cyber_city_icons_terminal_terminal_3_5d3ffcda,cyber_city_icons,res://assets/tilesets/cyber_city_core_tilesets/Store_Items/CyberCity_Icons/CyberCity_Icons/Terminal_3.png,Terminal_3.png,individual_png,,512,512,"[76, 1, 428, 509]",43.607,READY_BOTH,terminal,"[""store_terminal"", ""screen_graphic"", ""terminal"", ""world_decal""]",TextureRect,icon_both,OccludableIcons,0.5,90,"Iconography asset; use for UI, badges, decals, signage, screen graphics, or markers.",
pvg_icon_cyber_city_icons_terminal_terminal_4_d5f3b3ca,cyber_city_icons,res://assets/tilesets/cyber_city_core_tilesets/Store_Items/CyberCity_Icons/CyberCity_Icons/Terminal_4.png,Terminal_4.png,individual_png,,512,512,"[55, 4, 440, 511]",69.953,READY_BOTH,terminal,"[""store_terminal"", ""screen_graphic"", ""terminal"", ""world_decal""]",TextureRect,icon_both,OccludableIcons,0.5,90,"Iconography asset; use for UI, badges, decals, signage, screen graphics, or markers.",
pvg_icon_cyber_city_icons_terminal_terminal_5_07829b0e,cyber_city_icons,res://assets/tilesets/cyber_city_core_tilesets/Store_Items/CyberCity_Icons/CyberCity_Icons/Terminal_5.png,Terminal_5.png,individual_png,,512,512,"[3, 14, 510, 465]",44.633,READY_BOTH,terminal,"[""store_terminal"", ""screen_graphic"", ""terminal"", ""world_decal""]",TextureRect,icon_both,OccludableIcons,0.5,90,"Iconography asset; use for UI, badges, decals, signage, screen graphics, or markers.",
pvg_icon_cyber_city_icons_terminal_terminal_6_9cbf5ebb,cyber_city_icons,res://assets/tilesets/cyber_city_core_tilesets/Store_Items/CyberCity_Icons/CyberCity_Icons/Terminal_6.png,Terminal_6.png,individual_png,,512,512,"[111, 16, 410, 498]",54.675,READY_BOTH,terminal,"[""store_terminal"", ""screen_graphic"", ""terminal"", ""world_decal""]",TextureRect,icon_both,OccludableIcons,0.5,90,"Iconography asset; use for UI, badges, decals, signage, screen graphics, or markers.",
pvg_icon_cyber_city_icons_cyber_testtube_1_22897949,cyber_city_icons,res://assets/tilesets/cyber_city_core_tilesets/Store_Items/CyberCity_Icons/CyberCity_Icons/TestTube_1.png,TestTube_1.png,individual_png,,512,512,"[48, 88, 492, 422]",73.128,READY_BOTH,cyber,"[""scheme_card"", ""screen_graphic"", ""world_decal""]",TextureRect,icon_both,OccludableIcons,0.5,90,"Iconography asset; use for UI, badges, decals, signage, screen graphics, or markers.",
pvg_icon_cyber_city_icons_cyber_testtube_2_ad2df32a,cyber_city_icons,res://assets/tilesets/cyber_city_core_tilesets/Store_Items/CyberCity_Icons/CyberCity_Icons/TestTube_2.png,TestTube_2.png,individual_png,,512,512,"[87, 50, 432, 477]",79.571,READY_BOTH,cyber,"[""scheme_card"", ""screen_graphic"", ""world_decal""]",TextureRect,icon_both,OccludableIcons,0.5,90,"Iconography asset; use for UI, badges, decals, signage, screen graphics, or markers.",
pvg_icon_cyber_city_icons_terminal_thermalmonitor_1_ee833a13,cyber_city_icons,res://assets/tilesets/cyber_city_core_tilesets/Store_Items/CyberCity_Icons/CyberCity_Icons/ThermalMonitor_1.png,ThermalMonitor_1.png,individual_png,,512,512,"[9, 109, 498, 443]",58.601,READY_BOTH,terminal,"[""store_terminal"", ""screen_graphic"", ""terminal"", ""world_decal""]",TextureRect,icon_both,OccludableIcons,0.5,90,"Iconography asset; use for UI, badges, decals, signage, screen graphics, or markers.",
pvg_icon_cyber_city_icons_cyber_tire_1_dc848c64,cyber_city_icons,res://assets/tilesets/cyber_city_core_tilesets/Store_Items/CyberCity_Icons/CyberCity_Icons/Tire_1.png,Tire_1.png,individual_png,,512,512,"[36, 21, 489, 499]",45.021,READY_BOTH,cyber,"[""scheme_card"", ""screen_graphic"", ""world_decal""]",TextureRect,icon_both,OccludableIcons,0.5,90,"Iconography asset; use for UI, badges, decals, signage, screen graphics, or markers.",
pvg_icon_cyber_city_icons_comedy_toilet_1_4bc4d7c6,cyber_city_icons,res://assets/tilesets/cyber_city_core_tilesets/Store_Items/CyberCity_Icons/CyberCity_Icons/Toilet_1.png,Toilet_1.png,individual_png,,512,512,"[52, 13, 414, 501]",54.247,READY_UI_ICON,comedy,"[""comedy_item_candidate"", ""decor_shop_thumbnail""]",TextureRect,icon_ui,BehindPlayerIcons,0.5,-120,"Iconography asset; use for UI, badges, decals, signage, screen graphics, or markers.",World stamping of UI-first icons may look like a flat sticker.
pvg_icon_cyber_city_icons_comedy_toilet_2_e35d388c,cyber_city_icons,res://assets/tilesets/cyber_city_core_tilesets/Store_Items/CyberCity_Icons/CyberCity_Icons/Toilet_2.png,Toilet_2.png,individual_png,,512,512,"[101, 4, 416, 504]",64.251,READY_UI_ICON,comedy,"[""comedy_item_candidate"", ""decor_shop_thumbnail""]",TextureRect,icon_ui,BehindPlayerIcons,0.5,-120,"Iconography asset; use for UI, badges, decals, signage, screen graphics, or markers.",World stamping of UI-first icons may look like a flat sticker.
pvg_icon_cyber_city_icons_comedy_toiletpaper_1_179e210b,cyber_city_icons,res://assets/tilesets/cyber_city_core_tilesets/Store_Items/CyberCity_Icons/CyberCity_Icons/ToiletPaper_1.png,ToiletPaper_1.png,individual_png,,512,512,"[82, 63, 451, 455]",56.609,READY_UI_ICON,comedy,"[""comedy_item_candidate"", ""decor_shop_thumbnail""]",TextureRect,icon_ui,BehindPlayerIcons,0.5,-120,"Iconography asset; use for UI, badges, decals, signage, screen graphics, or markers.",World stamping of UI-first icons may look like a flat sticker.
pvg_icon_cyber_city_icons_cyber_toolbox_1_3eb05196,cyber_city_icons,res://assets/tilesets/cyber_city_core_tilesets/Store_Items/CyberCity_Icons/CyberCity_Icons/ToolBox_1.png,ToolBox_1.png,individual_png,,512,512,"[2, 143, 495, 459]",53.355,READY_BOTH,cyber,"[""scheme_card"", ""screen_graphic"", ""world_decal""]",TextureRect,icon_both,OccludableIcons,0.5,90,"Iconography asset; use for UI, badges, decals, signage, screen graphics, or markers.",
pvg_icon_cyber_city_icons_cyber_toolbox_2_d4b3cb3f,cyber_city_icons,res://assets/tilesets/cyber_city_core_tilesets/Store_Items/CyberCity_Icons/CyberCity_Icons/ToolBox_2.png,ToolBox_2.png,individual_png,,512,512,"[1, 166, 509, 457]",63.876,READY_BOTH,cyber,"[""scheme_card"", ""screen_graphic"", ""world_decal""]",TextureRect,icon_both,OccludableIcons,0.5,90,"Iconography asset; use for UI, badges, decals, signage, screen graphics, or markers.",
pvg_icon_cyber_city_icons_cyber_top_1_973ab64a,cyber_city_icons,res://assets/tilesets/cyber_city_core_tilesets/Store_Items/CyberCity_Icons/CyberCity_Icons/Top_1.png,Top_1.png,individual_png,,512,512,"[15, 42, 505, 456]",61.035,READY_BOTH,cyber,"[""scheme_card"", ""screen_graphic"", ""world_decal""]",TextureRect,icon_both,OccludableIcons,0.5,90,"Iconography asset; use for UI, badges, decals, signage, screen graphics, or markers.",
pvg_icon_cyber_city_icons_cyber_top_10_2a2c2bc5,cyber_city_icons,res://assets/tilesets/cyber_city_core_tilesets/Store_Items/CyberCity_Icons/CyberCity_Icons/Top_10.png,Top_10.png,individual_png,,512,512,"[16, 7, 476, 501]",61.218,READY_BOTH,cyber,"[""scheme_card"", ""screen_graphic"", ""world_decal""]",TextureRect,icon_both,OccludableIcons,0.5,90,"Iconography asset; use for UI, badges, decals, signage, screen graphics, or markers.",
pvg_icon_cyber_city_icons_cyber_top_11_female_905dbd0f,cyber_city_icons,res://assets/tilesets/cyber_city_core_tilesets/Store_Items/CyberCity_Icons/CyberCity_Icons/Top_11_Female.png,Top_11_Female.png,individual_png,,512,512,"[7, 21, 476, 485]",65.363,READY_BOTH,cyber,"[""scheme_card"", ""screen_graphic"", ""world_decal""]",TextureRect,icon_both,OccludableIcons,0.5,90,"Iconography asset; use for UI, badges, decals, signage, screen graphics, or markers.",
pvg_icon_cyber_city_icons_cyber_top_11_male_92b65c91,cyber_city_icons,res://assets/tilesets/cyber_city_core_tilesets/Store_Items/CyberCity_Icons/CyberCity_Icons/Top_11_Male.png,Top_11_Male.png,individual_png,,512,512,"[7, 83, 507, 429]",72.607,READY_BOTH,cyber,"[""scheme_card"", ""screen_graphic"", ""world_decal""]",TextureRect,icon_both,OccludableIcons,0.5,90,"Iconography asset; use for UI, badges, decals, signage, screen graphics, or markers.",
pvg_icon_cyber_city_icons_cyber_top_12_1de79281,cyber_city_icons,res://assets/tilesets/cyber_city_core_tilesets/Store_Items/CyberCity_Icons/CyberCity_Icons/Top_12.png,Top_12.png,individual_png,,512,512,"[10, 96, 504, 451]",71.264,READY_BOTH,cyber,"[""scheme_card"", ""screen_graphic"", ""world_decal""]",TextureRect,icon_both,OccludableIcons,0.5,90,"Iconography asset; use for UI, badges, decals, signage, screen graphics, or markers.",
pvg_icon_cyber_city_icons_cyber_top_13_ecc49b76,cyber_city_icons,res://assets/tilesets/cyber_city_core_tilesets/Store_Items/CyberCity_Icons/CyberCity_Icons/Top_13.png,Top_13.png,individual_png,,512,512,"[19, 3, 480, 493]",61.951,READY_BOTH,cyber,"[""scheme_card"", ""screen_graphic"", ""world_decal""]",TextureRect,icon_both,OccludableIcons,0.5,90,"Iconography asset; use for UI, badges, decals, signage, screen graphics, or markers.",
pvg_icon_cyber_city_icons_cyber_top_14_46bb8697,cyber_city_icons,res://assets/tilesets/cyber_city_core_tilesets/Store_Items/CyberCity_Icons/CyberCity_Icons/Top_14.png,Top_14.png,individual_png,,512,512,"[22, 2, 476, 507]",66.106,READY_BOTH,cyber,"[""scheme_card"", ""screen_graphic"", ""world_decal""]",TextureRect,icon_both,OccludableIcons,0.5,90,"Iconography asset; use for UI, badges, decals, signage, screen graphics, or markers.",
pvg_icon_cyber_city_icons_cyber_top_15_414f73df,cyber_city_icons,res://assets/tilesets/cyber_city_core_tilesets/Store_Items/CyberCity_Icons/CyberCity_Icons/Top_15.png,Top_15.png,individual_png,,512,512,"[38, 3, 422, 506]",67.374,READY_BOTH,cyber,"[""scheme_card"", ""screen_graphic"", ""world_decal""]",TextureRect,icon_both,OccludableIcons,0.5,90,"Iconography asset; use for UI, badges, decals, signage, screen graphics, or markers.",
pvg_icon_cyber_city_icons_cyber_top_16_82555330,cyber_city_icons,res://assets/tilesets/cyber_city_core_tilesets/Store_Items/CyberCity_Icons/CyberCity_Icons/Top_16.png,Top_16.png,individual_png,,512,512,"[17, 71, 505, 480]",71.993,READY_BOTH,cyber,"[""scheme_card"", ""screen_graphic"", ""world_decal""]",TextureRect,icon_both,OccludableIcons,0.5,90,"Iconography asset; use for UI, badges, decals, signage, screen graphics, or markers.",
pvg_icon_cyber_city_icons_cyber_top_17_b4294af0,cyber_city_icons,res://assets/tilesets/cyber_city_core_tilesets/Store_Items/CyberCity_Icons/CyberCity_Icons/Top_17.png,Top_17.png,individual_png,,512,512,"[20, 14, 416, 502]",64.551,READY_BOTH,cyber,"[""scheme_card"", ""screen_graphic"", ""world_decal""]",TextureRect,icon_both,OccludableIcons,0.5,90,"Iconography asset; use for UI, badges, decals, signage, screen graphics, or markers.",
pvg_icon_cyber_city_icons_cyber_top_18_8b0ea118,cyber_city_icons,res://assets/tilesets/cyber_city_core_tilesets/Store_Items/CyberCity_Icons/CyberCity_Icons/Top_18.png,Top_18.png,individual_png,,512,512,"[19, 21, 475, 502]",61.881,READY_BOTH,cyber,"[""scheme_card"", ""screen_graphic"", ""world_decal""]",TextureRect,icon_both,OccludableIcons,0.5,90,"Iconography asset; use for UI, badges, decals, signage, screen graphics, or markers.",
pvg_icon_cyber_city_icons_cyber_top_19_3aba9995,cyber_city_icons,res://assets/tilesets/cyber_city_core_tilesets/Store_Items/CyberCity_Icons/CyberCity_Icons/Top_19.png,Top_19.png,individual_png,,512,512,"[123, 8, 364, 504]",69.019,READY_BOTH,cyber,"[""scheme_card"", ""screen_graphic"", ""world_decal""]",TextureRect,icon_both,OccludableIcons,0.5,90,"Iconography asset; use for UI, badges, decals, signage, screen graphics, or markers.",
pvg_icon_cyber_city_icons_cyber_top_2_813b4574,cyber_city_icons,res://assets/tilesets/cyber_city_core_tilesets/Store_Items/CyberCity_Icons/CyberCity_Icons/Top_2.png,Top_2.png,individual_png,,512,512,"[2, 70, 509, 450]",74.058,READY_BOTH,cyber,"[""scheme_card"", ""screen_graphic"", ""world_decal""]",TextureRect,icon_both,OccludableIcons,0.5,90,"Iconography asset; use for UI, badges, decals, signage, screen graphics, or markers.",
pvg_icon_cyber_city_icons_cyber_top_20_female_af1d60b2,cyber_city_icons,res://assets/tilesets/cyber_city_core_tilesets/Store_Items/CyberCity_Icons/CyberCity_Icons/Top_20_Female.png,Top_20_Female.png,individual_png,,512,512,"[5, 49, 505, 490]",65.169,READY_BOTH,cyber,"[""scheme_card"", ""screen_graphic"", ""world_decal""]",TextureRect,icon_both,OccludableIcons,0.5,90,"Iconography asset; use for UI, badges, decals, signage, screen graphics, or markers.",
pvg_icon_cyber_city_icons_cyber_top_20_male_5f2f3e01,cyber_city_icons,res://assets/tilesets/cyber_city_core_tilesets/Store_Items/CyberCity_Icons/CyberCity_Icons/Top_20_Male.png,Top_20_Male.png,individual_png,,512,512,"[11, 61, 499, 437]",81.622,READY_BOTH,cyber,"[""scheme_card"", ""screen_graphic"", ""world_decal""]",TextureRect,icon_both,OccludableIcons,0.5,90,"Iconography asset; use for UI, badges, decals, signage, screen graphics, or markers.",
pvg_icon_cyber_city_icons_cyber_top_21_female_18657465,cyber_city_icons,res://assets/tilesets/cyber_city_core_tilesets/Store_Items/CyberCity_Icons/CyberCity_Icons/Top_21_Female.png,Top_21_Female.png,individual_png,,512,512,"[21, 22, 490, 500]",65.447,READY_BOTH,cyber,"[""scheme_card"", ""screen_graphic"", ""world_decal""]",TextureRect,icon_both,OccludableIcons,0.5,90,"Iconography asset; use for UI, badges, decals, signage, screen graphics, or markers.",
pvg_icon_cyber_city_icons_cyber_top_21_male_3c66d123,cyber_city_icons,res://assets/tilesets/cyber_city_core_tilesets/Store_Items/CyberCity_Icons/CyberCity_Icons/Top_21_Male.png,Top_21_Male.png,individual_png,,512,512,"[57, 11, 424, 509]",72.968,READY_BOTH,cyber,"[""scheme_card"", ""screen_graphic"", ""world_decal""]",TextureRect,icon_both,OccludableIcons,0.5,90,"Iconography asset; use for UI, badges, decals, signage, screen graphics, or markers.",
pvg_icon_cyber_city_icons_cyber_top_22_female_960cbeed,cyber_city_icons,res://assets/tilesets/cyber_city_core_tilesets/Store_Items/CyberCity_Icons/CyberCity_Icons/Top_22_Female.png,Top_22_Female.png,individual_png,,512,512,"[32, 3, 459, 498]",77.922,READY_BOTH,cyber,"[""scheme_card"", ""screen_graphic"", ""world_decal""]",TextureRect,icon_both,OccludableIcons,0.5,90,"Iconography asset; use for UI, badges, decals, signage, screen graphics, or markers.",
pvg_icon_cyber_city_icons_cyber_top_22_male_c6a69d80,cyber_city_icons,res://assets/tilesets/cyber_city_core_tilesets/Store_Items/CyberCity_Icons/CyberCity_Icons/Top_22_Male.png,Top_22_Male.png,individual_png,,512,512,"[132, 68, 457, 460]",73.453,READY_BOTH,cyber,"[""scheme_card"", ""screen_graphic"", ""world_decal""]",TextureRect,icon_both,OccludableIcons,0.5,90,"Iconography asset; use for UI, badges, decals, signage, screen graphics, or markers.",
pvg_icon_cyber_city_icons_cyber_top_23_female_34723a71,cyber_city_icons,res://assets/tilesets/cyber_city_core_tilesets/Store_Items/CyberCity_Icons/CyberCity_Icons/Top_23_Female.png,Top_23_Female.png,individual_png,,512,512,"[30, 30, 493, 497]",72.08,READY_BOTH,cyber,"[""scheme_card"", ""screen_graphic"", ""world_decal""]",TextureRect,icon_both,OccludableIcons,0.5,90,"Iconography asset; use for UI, badges, decals, signage, screen graphics, or markers.",
pvg_icon_cyber_city_icons_cyber_top_23_male_6f7e173e,cyber_city_icons,res://assets/tilesets/cyber_city_core_tilesets/Store_Items/CyberCity_Icons/CyberCity_Icons/Top_23_Male.png,Top_23_Male.png,individual_png,,512,512,"[3, 73, 512, 454]",70.538,READY_BOTH,cyber,"[""scheme_card"", ""screen_graphic"", ""world_decal""]",TextureRect,icon_both,OccludableIcons,0.5,90,"Iconography asset; use for UI, badges, decals, signage, screen graphics, or markers.",
pvg_icon_cyber_city_icons_cyber_top_24_dabbc5c9,cyber_city_icons,res://assets/tilesets/cyber_city_core_tilesets/Store_Items/CyberCity_Icons/CyberCity_Icons/Top_24.png,Top_24.png,individual_png,,512,512,"[19, 62, 462, 462]",63.397,READY_BOTH,cyber,"[""scheme_card"", ""screen_graphic"", ""world_decal""]",TextureRect,icon_both,OccludableIcons,0.5,90,"Iconography asset; use for UI, badges, decals, signage, screen graphics, or markers.",
pvg_icon_cyber_city_icons_cyber_top_25_female_8dad047f,cyber_city_icons,res://assets/tilesets/cyber_city_core_tilesets/Store_Items/CyberCity_Icons/CyberCity_Icons/Top_25_Female.png,Top_25_Female.png,individual_png,,512,512,"[114, 3, 382, 511]",79.282,READY_BOTH,cyber,"[""scheme_card"", ""screen_graphic"", ""world_decal""]",TextureRect,icon_both,OccludableIcons,0.5,90,"Iconography asset; use for UI, badges, decals, signage, screen graphics, or markers.",
pvg_icon_cyber_city_icons_cyber_top_3_f1593392,cyber_city_icons,res://assets/tilesets/cyber_city_core_tilesets/Store_Items/CyberCity_Icons/CyberCity_Icons/Top_3.png,Top_3.png,individual_png,,512,512,"[155, 70, 383, 336]",83.658,READY_BOTH,cyber,"[""scheme_card"", ""screen_graphic"", ""world_decal""]",TextureRect,icon_both,OccludableIcons,0.5,90,"Iconography asset; use for UI, badges, decals, signage, screen graphics, or markers.",
pvg_icon_cyber_city_icons_cyber_top_4_6d0e7332,cyber_city_icons,res://assets/tilesets/cyber_city_core_tilesets/Store_Items/CyberCity_Icons/CyberCity_Icons/Top_4.png,Top_4.png,individual_png,,512,512,"[91, 5, 409, 510]",72.318,READY_BOTH,cyber,"[""scheme_card"", ""screen_graphic"", ""world_decal""]",TextureRect,icon_both,OccludableIcons,0.5,90,"Iconography asset; use for UI, badges, decals, signage, screen graphics, or markers.",
pvg_icon_cyber_city_icons_cyber_top_5_28654cb8,cyber_city_icons,res://assets/tilesets/cyber_city_core_tilesets/Store_Items/CyberCity_Icons/CyberCity_Icons/Top_5.png,Top_5.png,individual_png,,512,512,"[119, 63, 350, 423]",75.546,READY_BOTH,cyber,"[""scheme_card"", ""screen_graphic"", ""world_decal""]",TextureRect,icon_both,OccludableIcons,0.5,90,"Iconography asset; use for UI, badges, decals, signage, screen graphics, or markers.",
pvg_icon_cyber_city_icons_cyber_top_6_cc9ac2ea,cyber_city_icons,res://assets/tilesets/cyber_city_core_tilesets/Store_Items/CyberCity_Icons/CyberCity_Icons/Top_6.png,Top_6.png,individual_png,,512,512,"[5, 72, 494, 416]",72.434,READY_BOTH,cyber,"[""scheme_card"", ""screen_graphic"", ""world_decal""]",TextureRect,icon_both,OccludableIcons,0.5,90,"Iconography asset; use for UI, badges, decals, signage, screen graphics, or markers.",
pvg_icon_cyber_city_icons_cyber_top_7_bebe4dd5,cyber_city_icons,res://assets/tilesets/cyber_city_core_tilesets/Store_Items/CyberCity_Icons/CyberCity_Icons/Top_7.png,Top_7.png,individual_png,,512,512,"[12, 69, 482, 419]",69.515,READY_BOTH,cyber,"[""scheme_card"", ""screen_graphic"", ""world_decal""]",TextureRect,icon_both,OccludableIcons,0.5,90,"Iconography asset; use for UI, badges, decals, signage, screen graphics, or markers.",
pvg_icon_cyber_city_icons_cyber_top_8_4270b39b,cyber_city_icons,res://assets/tilesets/cyber_city_core_tilesets/Store_Items/CyberCity_Icons/CyberCity_Icons/Top_8.png,Top_8.png,individual_png,,512,512,"[102, 85, 356, 406]",76.585,READY_BOTH,cyber,"[""scheme_card"", ""screen_graphic"", ""world_decal""]",TextureRect,icon_both,OccludableIcons,0.5,90,"Iconography asset; use for UI, badges, decals, signage, screen graphics, or markers.",
pvg_icon_cyber_city_icons_cyber_top_9_a2351009,cyber_city_icons,res://assets/tilesets/cyber_city_core_tilesets/Store_Items/CyberCity_Icons/CyberCity_Icons/Top_9.png,Top_9.png,individual_png,,512,512,"[7, 76, 484, 434]",72.379,READY_BOTH,cyber,"[""scheme_card"", ""screen_graphic"", ""world_decal""]",TextureRect,icon_both,OccludableIcons,0.5,90,"Iconography asset; use for UI, badges, decals, signage, screen graphics, or markers.",
pvg_icon_cyber_city_icons_cyber_trafficcone_1_9e551921,cyber_city_icons,res://assets/tilesets/cyber_city_core_tilesets/Store_Items/CyberCity_Icons/CyberCity_Icons/TrafficCone_1.png,TrafficCone_1.png,individual_png,,512,512,"[97, 21, 471, 492]",77.511,READY_BOTH,cyber,"[""scheme_card"", ""screen_graphic"", ""world_decal""]",TextureRect,icon_both,OccludableIcons,0.5,90,"Iconography asset; use for UI, badges, decals, signage, screen graphics, or markers.",
pvg_icon_cyber_city_icons_decor_trafficsign_1_8cbb1370,cyber_city_icons,res://assets/tilesets/cyber_city_core_tilesets/Store_Items/CyberCity_Icons/CyberCity_Icons/TrafficSign_1.png,TrafficSign_1.png,individual_png,,512,512,"[152, 7, 336, 497]",82.028,READY_BOTH,decor,"[""signage"", ""wall_sticker"", ""world_decal""]",TextureRect,icon_both,OccludableIcons,0.5,90,"Iconography asset; use for UI, badges, decals, signage, screen graphics, or markers.",
pvg_icon_cyber_city_icons_cyber_trash_1_ef8588b6,cyber_city_icons,res://assets/tilesets/cyber_city_core_tilesets/Store_Items/CyberCity_Icons/CyberCity_Icons/Trash_1.png,Trash_1.png,individual_png,,512,512,"[47, 93, 461, 378]",85.5,READY_BOTH,cyber,"[""scheme_card"", ""screen_graphic"", ""world_decal""]",TextureRect,icon_both,OccludableIcons,0.5,90,"Iconography asset; use for UI, badges, decals, signage, screen graphics, or markers.",
pvg_icon_cyber_city_icons_cyber_trash_2_1a7b5da2,cyber_city_icons,res://assets/tilesets/cyber_city_core_tilesets/Store_Items/CyberCity_Icons/CyberCity_Icons/Trash_2.png,Trash_2.png,individual_png,,512,512,"[0, 59, 507, 387]",79.095,READY_BOTH,cyber,"[""scheme_card"", ""screen_graphic"", ""world_decal""]",TextureRect,icon_both,OccludableIcons,0.5,90,"Iconography asset; use for UI, badges, decals, signage, screen graphics, or markers.",
pvg_icon_cyber_city_icons_cyber_trash_3_c40e6a37,cyber_city_icons,res://assets/tilesets/cyber_city_core_tilesets/Store_Items/CyberCity_Icons/CyberCity_Icons/Trash_3.png,Trash_3.png,individual_png,,512,512,"[72, 40, 436, 489]",58.657,READY_BOTH,cyber,"[""scheme_card"", ""screen_graphic"", ""world_decal""]",TextureRect,icon_both,OccludableIcons,0.5,90,"Iconography asset; use for UI, badges, decals, signage, screen graphics, or markers.",
pvg_icon_cyber_city_icons_cyber_trash_4_f7857a55,cyber_city_icons,res://assets/tilesets/cyber_city_core_tilesets/Store_Items/CyberCity_Icons/CyberCity_Icons/Trash_4.png,Trash_4.png,individual_png,,512,512,"[18, 110, 511, 450]",67.743,READY_BOTH,cyber,"[""scheme_card"", ""screen_graphic"", ""world_decal""]",TextureRect,icon_both,OccludableIcons,0.5,90,"Iconography asset; use for UI, badges, decals, signage, screen graphics, or markers.",
pvg_icon_cyber_city_icons_cyber_trash_5_ec5e6cdd,cyber_city_icons,res://assets/tilesets/cyber_city_core_tilesets/Store_Items/CyberCity_Icons/CyberCity_Icons/Trash_5.png,Trash_5.png,individual_png,,512,512,"[65, 76, 512, 413]",72.991,READY_BOTH,cyber,"[""scheme_card"", ""screen_graphic"", ""world_decal""]",TextureRect,icon_both,OccludableIcons,0.5,90,"Iconography asset; use for UI, badges, decals, signage, screen graphics, or markers.",
pvg_icon_cyber_city_icons_cyber_trash_6_15174e3d,cyber_city_icons,res://assets/tilesets/cyber_city_core_tilesets/Store_Items/CyberCity_Icons/CyberCity_Icons/Trash_6.png,Trash_6.png,individual_png,,512,512,"[115, 28, 396, 466]",71.387,READY_BOTH,cyber,"[""scheme_card"", ""screen_graphic"", ""world_decal""]",TextureRect,icon_both,OccludableIcons,0.5,90,"Iconography asset; use for UI, badges, decals, signage, screen graphics, or markers.",
pvg_icon_cyber_city_icons_cyber_trash_7_b80cffad,cyber_city_icons,res://assets/tilesets/cyber_city_core_tilesets/Store_Items/CyberCity_Icons/CyberCity_Icons/Trash_7.png,Trash_7.png,individual_png,,512,512,"[29, 9, 464, 487]",70.667,READY_BOTH,cyber,"[""scheme_card"", ""screen_graphic"", ""world_decal""]",TextureRect,icon_both,OccludableIcons,0.5,90,"Iconography asset; use for UI, badges, decals, signage, screen graphics, or markers.",
pvg_icon_cyber_city_icons_cyber_trash_8_4335d901,cyber_city_icons,res://assets/tilesets/cyber_city_core_tilesets/Store_Items/CyberCity_Icons/CyberCity_Icons/Trash_8.png,Trash_8.png,individual_png,,512,512,"[16, 92, 511, 370]",79.983,READY_BOTH,cyber,"[""scheme_card"", ""screen_graphic"", ""world_decal""]",TextureRect,icon_both,OccludableIcons,0.5,90,"Iconography asset; use for UI, badges, decals, signage, screen graphics, or markers.",
pvg_icon_cyber_city_icons_cyber_trashcan_1_7ae4af25,cyber_city_icons,res://assets/tilesets/cyber_city_core_tilesets/Store_Items/CyberCity_Icons/CyberCity_Icons/TrashCan_1.png,TrashCan_1.png,individual_png,,512,512,"[117, 14, 376, 503]",58.977,READY_BOTH,cyber,"[""scheme_card"", ""screen_graphic"", ""world_decal""]",TextureRect,icon_both,OccludableIcons,0.5,90,"Iconography asset; use for UI, badges, decals, signage, screen graphics, or markers.",
pvg_icon_cyber_city_icons_cyber_trashcan_2_d725ffc2,cyber_city_icons,res://assets/tilesets/cyber_city_core_tilesets/Store_Items/CyberCity_Icons/CyberCity_Icons/TrashCan_2.png,TrashCan_2.png,individual_png,,512,512,"[104, 7, 422, 510]",51.645,READY_BOTH,cyber,"[""scheme_card"", ""screen_graphic"", ""world_decal""]",TextureRect,icon_both,OccludableIcons,0.5,90,"Iconography asset; use for UI, badges, decals, signage, screen graphics, or markers.",
pvg_icon_cyber_city_icons_cyber_tray_1_0c4a2523,cyber_city_icons,res://assets/tilesets/cyber_city_core_tilesets/Store_Items/CyberCity_Icons/CyberCity_Icons/Tray_1.png,Tray_1.png,individual_png,,512,512,"[14, 72, 504, 419]",66.034,READY_BOTH,cyber,"[""scheme_card"", ""screen_graphic"", ""world_decal""]",TextureRect,icon_both,OccludableIcons,0.5,90,"Iconography asset; use for UI, badges, decals, signage, screen graphics, or markers.",
pvg_icon_cyber_city_icons_cyber_tv_1_d23c2595,cyber_city_icons,res://assets/tilesets/cyber_city_core_tilesets/Store_Items/CyberCity_Icons/CyberCity_Icons/TV_1.png,TV_1.png,individual_png,,512,512,"[24, 70, 499, 449]",49.334,READY_BOTH,cyber,"[""scheme_card"", ""screen_graphic"", ""world_decal""]",TextureRect,icon_both,OccludableIcons,0.5,90,"Iconography asset; use for UI, badges, decals, signage, screen graphics, or markers.",
pvg_icon_cyber_city_icons_cyber_vase_1_1bfe6042,cyber_city_icons,res://assets/tilesets/cyber_city_core_tilesets/Store_Items/CyberCity_Icons/CyberCity_Icons/Vase_1.png,Vase_1.png,individual_png,,512,512,"[163, 14, 359, 503]",80.706,READY_BOTH,cyber,"[""scheme_card"", ""screen_graphic"", ""world_decal""]",TextureRect,icon_both,OccludableIcons,0.5,90,"Iconography asset; use for UI, badges, decals, signage, screen graphics, or markers.",
pvg_icon_cyber_city_icons_cyber_vase_2_2486c830,cyber_city_icons,res://assets/tilesets/cyber_city_core_tilesets/Store_Items/CyberCity_Icons/CyberCity_Icons/Vase_2.png,Vase_2.png,individual_png,,512,512,"[108, 34, 397, 476]",61.244,READY_BOTH,cyber,"[""scheme_card"", ""screen_graphic"", ""world_decal""]",TextureRect,icon_both,OccludableIcons,0.5,90,"Iconography asset; use for UI, badges, decals, signage, screen graphics, or markers.",
pvg_icon_cyber_city_icons_cyber_vendingmachine_1_5d9e1c57,cyber_city_icons,res://assets/tilesets/cyber_city_core_tilesets/Store_Items/CyberCity_Icons/CyberCity_Icons/VendingMachine_1.png,VendingMachine_1.png,individual_png,,512,512,"[90, 0, 394, 483]",51.041,READY_BOTH,cyber,"[""scheme_card"", ""screen_graphic"", ""world_decal""]",TextureRect,icon_both,OccludableIcons,0.5,90,"Iconography asset; use for UI, badges, decals, signage, screen graphics, or markers.",
pvg_icon_cyber_city_icons_cyber_vendingmachine_2_b2299bad,cyber_city_icons,res://assets/tilesets/cyber_city_core_tilesets/Store_Items/CyberCity_Icons/CyberCity_Icons/VendingMachine_2.png,VendingMachine_2.png,individual_png,,512,512,"[94, 6, 383, 506]",50.427,READY_BOTH,cyber,"[""scheme_card"", ""screen_graphic"", ""world_decal""]",TextureRect,icon_both,OccludableIcons,0.5,90,"Iconography asset; use for UI, badges, decals, signage, screen graphics, or markers.",
pvg_icon_cyber_city_icons_cyber_vendingmachine_3_15561651,cyber_city_icons,res://assets/tilesets/cyber_city_core_tilesets/Store_Items/CyberCity_Icons/CyberCity_Icons/VendingMachine_3.png,VendingMachine_3.png,individual_png,,512,512,"[71, 8, 433, 505]",48.265,READY_BOTH,cyber,"[""scheme_card"", ""screen_graphic"", ""world_decal""]",TextureRect,icon_both,OccludableIcons,0.5,90,"Iconography asset; use for UI, badges, decals, signage, screen graphics, or markers.",
pvg_icon_cyber_city_icons_cyber_vendingmachine_4_768310ca,cyber_city_icons,res://assets/tilesets/cyber_city_core_tilesets/Store_Items/CyberCity_Icons/CyberCity_Icons/VendingMachine_4.png,VendingMachine_4.png,individual_png,,512,512,"[65, 3, 383, 511]",46.855,READY_BOTH,cyber,"[""scheme_card"", ""screen_graphic"", ""world_decal""]",TextureRect,icon_both,OccludableIcons,0.5,90,"Iconography asset; use for UI, badges, decals, signage, screen graphics, or markers.",
pvg_icon_cyber_city_icons_cyber_vial_1_781669bb,cyber_city_icons,res://assets/tilesets/cyber_city_core_tilesets/Store_Items/CyberCity_Icons/CyberCity_Icons/Vial_1.png,Vial_1.png,individual_png,,512,512,"[95, 7, 375, 479]",61.795,READY_BOTH,cyber,"[""scheme_card"", ""screen_graphic"", ""world_decal""]",TextureRect,icon_both,OccludableIcons,0.5,90,"Iconography asset; use for UI, badges, decals, signage, screen graphics, or markers.",
pvg_icon_cyber_city_icons_cyber_vial_2_c98b624a,cyber_city_icons,res://assets/tilesets/cyber_city_core_tilesets/Store_Items/CyberCity_Icons/CyberCity_Icons/Vial_2.png,Vial_2.png,individual_png,,512,512,"[107, 11, 413, 474]",81.953,READY_BOTH,cyber,"[""scheme_card"", ""screen_graphic"", ""world_decal""]",TextureRect,icon_both,OccludableIcons,0.5,90,"Iconography asset; use for UI, badges, decals, signage, screen graphics, or markers.",
pvg_icon_cyber_city_icons_cyber_vial_3_a4dc2fc1,cyber_city_icons,res://assets/tilesets/cyber_city_core_tilesets/Store_Items/CyberCity_Icons/CyberCity_Icons/Vial_3.png,Vial_3.png,individual_png,,512,512,"[112, 6, 366, 505]",85.876,READY_BOTH,cyber,"[""scheme_card"", ""screen_graphic"", ""world_decal""]",TextureRect,icon_both,OccludableIcons,0.5,90,"Iconography asset; use for UI, badges, decals, signage, screen graphics, or markers.",
pvg_icon_cyber_city_icons_security_wallclock_1_f47db4d5,cyber_city_icons,res://assets/tilesets/cyber_city_core_tilesets/Store_Items/CyberCity_Icons/CyberCity_Icons/WallClock_1.png,WallClock_1.png,individual_png,,512,512,"[74, 33, 452, 459]",52.927,READY_BOTH,security,"[""security_indicator"", ""warning_indicator"", ""mission_board"", ""world_decal"", ""screen_graphic""]",TextureRect,icon_both,OccludableIcons,0.5,90,"Iconography asset; use for UI, badges, decals, signage, screen graphics, or markers.",
pvg_icon_cyber_city_icons_cyber_washingmachine_1_64e24137,cyber_city_icons,res://assets/tilesets/cyber_city_core_tilesets/Store_Items/CyberCity_Icons/CyberCity_Icons/WashingMachine_1.png,WashingMachine_1.png,individual_png,,512,512,"[87, 7, 439, 505]",43.203,READY_BOTH,cyber,"[""scheme_card"", ""screen_graphic"", ""world_decal""]",TextureRect,icon_both,OccludableIcons,0.5,90,"Iconography asset; use for UI, badges, decals, signage, screen graphics, or markers.",
pvg_icon_cyber_city_icons_cyber_washingmachine_2_6f63530e,cyber_city_icons,res://assets/tilesets/cyber_city_core_tilesets/Store_Items/CyberCity_Icons/CyberCity_Icons/WashingMachine_2.png,WashingMachine_2.png,individual_png,,512,512,"[85, 30, 440, 492]",46.744,READY_BOTH,cyber,"[""scheme_card"", ""screen_graphic"", ""world_decal""]",TextureRect,icon_both,OccludableIcons,0.5,90,"Iconography asset; use for UI, badges, decals, signage, screen graphics, or markers.",
pvg_icon_cyber_city_icons_cyber_watch_1_f62d6a86,cyber_city_icons,res://assets/tilesets/cyber_city_core_tilesets/Store_Items/CyberCity_Icons/CyberCity_Icons/Watch_1.png,Watch_1.png,individual_png,,512,512,"[42, 61, 464, 416]",64.799,READY_BOTH,cyber,"[""scheme_card"", ""screen_graphic"", ""world_decal""]",TextureRect,icon_both,OccludableIcons,0.5,90,"Iconography asset; use for UI, badges, decals, signage, screen graphics, or markers.",
pvg_icon_cyber_city_icons_cyber_waterdispenser_1_d8135c89,cyber_city_icons,res://assets/tilesets/cyber_city_core_tilesets/Store_Items/CyberCity_Icons/CyberCity_Icons/WaterDispenser_1.png,WaterDispenser_1.png,individual_png,,512,512,"[182, 1, 335, 505]",75.801,READY_BOTH,cyber,"[""scheme_card"", ""screen_graphic"", ""world_decal""]",TextureRect,icon_both,OccludableIcons,0.5,90,"Iconography asset; use for UI, badges, decals, signage, screen graphics, or markers.",
pvg_icon_cyber_city_icons_cyber_weapon_1_cb774699,cyber_city_icons,res://assets/tilesets/cyber_city_core_tilesets/Store_Items/CyberCity_Icons/CyberCity_Icons/Weapon_1.png,Weapon_1.png,individual_png,,512,512,"[6, 11, 501, 491]",94.017,READY_BOTH,cyber,"[""scheme_card"", ""screen_graphic"", ""world_decal""]",TextureRect,icon_both,OccludableIcons,0.5,90,"Iconography asset; use for UI, badges, decals, signage, screen graphics, or markers.",
pvg_icon_cyber_city_icons_cyber_weapon_2_3bc89a1b,cyber_city_icons,res://assets/tilesets/cyber_city_core_tilesets/Store_Items/CyberCity_Icons/CyberCity_Icons/Weapon_2.png,Weapon_2.png,individual_png,,512,512,"[23, 33, 492, 468]",72.28,READY_BOTH,cyber,"[""scheme_card"", ""screen_graphic"", ""world_decal""]",TextureRect,icon_both,OccludableIcons,0.5,90,"Iconography asset; use for UI, badges, decals, signage, screen graphics, or markers.",
pvg_icon_cyber_city_icons_cyber_weapon_3_c4082eb3,cyber_city_icons,res://assets/tilesets/cyber_city_core_tilesets/Store_Items/CyberCity_Icons/CyberCity_Icons/Weapon_3.png,Weapon_3.png,individual_png,,512,512,"[9, 8, 499, 485]",72.147,READY_BOTH,cyber,"[""scheme_card"", ""screen_graphic"", ""world_decal""]",TextureRect,icon_both,OccludableIcons,0.5,90,"Iconography asset; use for UI, badges, decals, signage, screen graphics, or markers.",
pvg_icon_cyber_city_icons_cyber_weapon_4_72cd39fa,cyber_city_icons,res://assets/tilesets/cyber_city_core_tilesets/Store_Items/CyberCity_Icons/CyberCity_Icons/Weapon_4.png,Weapon_4.png,individual_png,,512,512,"[15, 30, 504, 469]",68.899,READY_BOTH,cyber,"[""scheme_card"", ""screen_graphic"", ""world_decal""]",TextureRect,icon_both,OccludableIcons,0.5,90,"Iconography asset; use for UI, badges, decals, signage, screen graphics, or markers.",
pvg_icon_cyber_city_icons_cyber_weapon_5_75e4f4d6,cyber_city_icons,res://assets/tilesets/cyber_city_core_tilesets/Store_Items/CyberCity_Icons/CyberCity_Icons/Weapon_5.png,Weapon_5.png,individual_png,,512,512,"[1, 21, 508, 443]",88.172,READY_BOTH,cyber,"[""scheme_card"", ""screen_graphic"", ""world_decal""]",TextureRect,icon_both,OccludableIcons,0.5,90,"Iconography asset; use for UI, badges, decals, signage, screen graphics, or markers.",
pvg_icon_cyber_city_icons_cyber_weapon_6_ffc13f57,cyber_city_icons,res://assets/tilesets/cyber_city_core_tilesets/Store_Items/CyberCity_Icons/CyberCity_Icons/Weapon_6.png,Weapon_6.png,individual_png,,512,512,"[2, 13, 501, 478]",66.966,READY_BOTH,cyber,"[""scheme_card"", ""screen_graphic"", ""world_decal""]",TextureRect,icon_both,OccludableIcons,0.5,90,"Iconography asset; use for UI, badges, decals, signage, screen graphics, or markers.",
pvg_icon_cyber_city_icons_cyber_weapon_7_cf74d4e5,cyber_city_icons,res://assets/tilesets/cyber_city_core_tilesets/Store_Items/CyberCity_Icons/CyberCity_Icons/Weapon_7.png,Weapon_7.png,individual_png,,512,512,"[19, 13, 503, 501]",94.46,READY_BOTH,cyber,"[""scheme_card"", ""screen_graphic"", ""world_decal""]",TextureRect,icon_both,OccludableIcons,0.5,90,"Iconography asset; use for UI, badges, decals, signage, screen graphics, or markers.",
pvg_icon_cyber_city_icons_cyber_whiskydecanter_1_66127f8b,cyber_city_icons,res://assets/tilesets/cyber_city_core_tilesets/Store_Items/CyberCity_Icons/CyberCity_Icons/WhiskyDecanter_1.png,WhiskyDecanter_1.png,individual_png,,512,512,"[130, 16, 356, 505]",72.992,READY_BOTH,cyber,"[""scheme_card"", ""screen_graphic"", ""world_decal""]",TextureRect,icon_both,OccludableIcons,0.5,90,"Iconography asset; use for UI, badges, decals, signage, screen graphics, or markers.",
pvg_icon_cyber_city_icons_cyber_winedecanter_1_42d87925,cyber_city_icons,res://assets/tilesets/cyber_city_core_tilesets/Store_Items/CyberCity_Icons/CyberCity_Icons/WineDecanter_1.png,WineDecanter_1.png,individual_png,,512,512,"[150, 15, 336, 499]",80.332,READY_BOTH,cyber,"[""scheme_card"", ""screen_graphic"", ""world_decal""]",TextureRect,icon_both,OccludableIcons,0.5,90,"Iconography asset; use for UI, badges, decals, signage, screen graphics, or markers.",
pvg_icon_cyber_city_icons_cyber_wineglass_1_a135e3a9,cyber_city_icons,res://assets/tilesets/cyber_city_core_tilesets/Store_Items/CyberCity_Icons/CyberCity_Icons/WineGlass_1.png,WineGlass_1.png,individual_png,,512,512,"[176, 21, 353, 505]",81.219,READY_BOTH,cyber,"[""scheme_card"", ""screen_graphic"", ""world_decal""]",TextureRect,icon_both,OccludableIcons,0.5,90,"Iconography asset; use for UI, badges, decals, signage, screen graphics, or markers.",
pvg_icon_cyber_city_icons_tech_wires_1_14a8c9ba,cyber_city_icons,res://assets/tilesets/cyber_city_core_tilesets/Store_Items/CyberCity_Icons/CyberCity_Icons/Wires_1.png,Wires_1.png,individual_png,,512,512,"[87, 6, 427, 496]",81.17,READY_BOTH,tech,"[""screen_graphic"", ""scheme_card"", ""inventory_icon"", ""world_decal""]",TextureRect,icon_both,OccludableIcons,0.5,90,"Iconography asset; use for UI, badges, decals, signage, screen graphics, or markers.",
pvg_icon_cyber_city_icons_cyber_woodencrate_1_20ba1296,cyber_city_icons,res://assets/tilesets/cyber_city_core_tilesets/Store_Items/CyberCity_Icons/CyberCity_Icons/WoodenCrate_1.png,WoodenCrate_1.png,individual_png,,512,512,"[8, 99, 504, 477]",47.051,READY_BOTH,cyber,"[""scheme_card"", ""screen_graphic"", ""world_decal""]",TextureRect,icon_both,OccludableIcons,0.5,90,"Iconography asset; use for UI, badges, decals, signage, screen graphics, or markers.",
pvg_icon_doomsday_icons_doomsday_acetone1_dd0b7402,doomsday_icons,res://assets/tilesets/cyber_city_core_tilesets/Store_Items/Doomsday Icons/Doomsday Icons/Acetone1.png,Acetone1.png,individual_png,,512,512,"[88, 2, 399, 497]",51.438,READY_BOTH,doomsday,"[""warning_indicator"", ""scheme_card"", ""world_decal""]",TextureRect,icon_both,OccludableIcons,0.5,90,"Iconography asset; use for UI, badges, decals, signage, screen graphics, or markers.",
pvg_icon_doomsday_icons_doomsday_airconditioner1_ec7af424,doomsday_icons,res://assets/tilesets/cyber_city_core_tilesets/Store_Items/Doomsday Icons/Doomsday Icons/AirConditioner1.png,AirConditioner1.png,individual_png,,512,512,"[77, 50, 449, 476]",48.556,READY_BOTH,doomsday,"[""warning_indicator"", ""scheme_card"", ""world_decal""]",TextureRect,icon_both,OccludableIcons,0.5,90,"Iconography asset; use for UI, badges, decals, signage, screen graphics, or markers.",
pvg_icon_doomsday_icons_doomsday_airconditioner2_ade791fc,doomsday_icons,res://assets/tilesets/cyber_city_core_tilesets/Store_Items/Doomsday Icons/Doomsday Icons/AirConditioner2.png,AirConditioner2.png,individual_png,,512,512,"[26, 18, 462, 504]",34.093,READY_BOTH,doomsday,"[""warning_indicator"", ""scheme_card"", ""world_decal""]",TextureRect,icon_both,OccludableIcons,0.5,90,"Iconography asset; use for UI, badges, decals, signage, screen graphics, or markers.",
pvg_icon_doomsday_icons_doomsday_airpump1_7624522b,doomsday_icons,res://assets/tilesets/cyber_city_core_tilesets/Store_Items/Doomsday Icons/Doomsday Icons/AirPump1.png,AirPump1.png,individual_png,,512,512,"[193, 3, 340, 509]",85.849,READY_BOTH,doomsday,"[""warning_indicator"", ""scheme_card"", ""world_decal""]",TextureRect,icon_both,OccludableIcons,0.5,90,"Iconography asset; use for UI, badges, decals, signage, screen graphics, or markers.",
pvg_icon_doomsday_icons_security_alarm1_53e40dd9,doomsday_icons,res://assets/tilesets/cyber_city_core_tilesets/Store_Items/Doomsday Icons/Doomsday Icons/Alarm1.png,Alarm1.png,individual_png,,512,512,"[146, 90, 377, 386]",80.128,READY_BOTH,security,"[""security_indicator"", ""warning_indicator"", ""mission_board"", ""world_decal"", ""screen_graphic""]",TextureRect,icon_both,OccludableIcons,0.5,90,"Iconography asset; use for UI, badges, decals, signage, screen graphics, or markers.",
pvg_icon_doomsday_icons_doomsday_ammo_shotgun1_2a44e4e4,doomsday_icons,res://assets/tilesets/cyber_city_core_tilesets/Store_Items/Doomsday Icons/Doomsday Icons/Ammo_Shotgun1.png,Ammo_Shotgun1.png,individual_png,,512,512,"[60, 136, 465, 420]",77.094,READY_BOTH,doomsday,"[""warning_indicator"", ""scheme_card"", ""world_decal""]",TextureRect,icon_both,OccludableIcons,0.5,90,"Iconography asset; use for UI, badges, decals, signage, screen graphics, or markers.",
pvg_icon_doomsday_icons_doomsday_ammoclip1_455ce60b,doomsday_icons,res://assets/tilesets/cyber_city_core_tilesets/Store_Items/Doomsday Icons/Doomsday Icons/AmmoClip1.png,AmmoClip1.png,individual_png,,512,512,"[118, 127, 398, 454]",75.557,READY_BOTH,doomsday,"[""warning_indicator"", ""scheme_card"", ""world_decal""]",TextureRect,icon_both,OccludableIcons,0.5,90,"Iconography asset; use for UI, badges, decals, signage, screen graphics, or markers.",
pvg_icon_doomsday_icons_doomsday_ammoclip2_c0a0b9e0,doomsday_icons,res://assets/tilesets/cyber_city_core_tilesets/Store_Items/Doomsday Icons/Doomsday Icons/AmmoClip2.png,AmmoClip2.png,individual_png,,512,512,"[63, 9, 395, 509]",73.445,READY_BOTH,doomsday,"[""warning_indicator"", ""scheme_card"", ""world_decal""]",TextureRect,icon_both,OccludableIcons,0.5,90,"Iconography asset; use for UI, badges, decals, signage, screen graphics, or markers.",
pvg_icon_doomsday_icons_doomsday_antler1_9f15ca75,doomsday_icons,res://assets/tilesets/cyber_city_core_tilesets/Store_Items/Doomsday Icons/Doomsday Icons/Antler1.png,Antler1.png,individual_png,,512,512,"[171, 44, 357, 393]",93.983,READY_BOTH,doomsday,"[""warning_indicator"", ""scheme_card"", ""world_decal""]",TextureRect,icon_both,OccludableIcons,0.5,90,"Iconography asset; use for UI, badges, decals, signage, screen graphics, or markers.",
pvg_icon_doomsday_icons_doomsday_ashtray1_c1462dcc,doomsday_icons,res://assets/tilesets/cyber_city_core_tilesets/Store_Items/Doomsday Icons/Doomsday Icons/Ashtray1.png,Ashtray1.png,individual_png,,512,512,"[152, 197, 385, 357]",88.633,READY_BOTH,doomsday,"[""warning_indicator"", ""scheme_card"", ""world_decal""]",TextureRect,icon_both,OccludableIcons,0.5,90,"Iconography asset; use for UI, badges, decals, signage, screen graphics, or markers.",
pvg_icon_doomsday_icons_doomsday_bag1_5ac76e7b,doomsday_icons,res://assets/tilesets/cyber_city_core_tilesets/Store_Items/Doomsday Icons/Doomsday Icons/Bag1.png,Bag1.png,individual_png,,512,512,"[119, 12, 391, 504]",67.826,READY_BOTH,doomsday,"[""warning_indicator"", ""scheme_card"", ""world_decal""]",TextureRect,icon_both,OccludableIcons,0.5,90,"Iconography asset; use for UI, badges, decals, signage, screen graphics, or markers.",
pvg_icon_doomsday_icons_doomsday_banner1_13cfb6e4,doomsday_icons,res://assets/tilesets/cyber_city_core_tilesets/Store_Items/Doomsday Icons/Doomsday Icons/Banner1.png,Banner1.png,individual_png,,512,512,"[66, 4, 441, 502]",35.103,READY_BOTH,doomsday,"[""warning_indicator"", ""scheme_card"", ""world_decal""]",TextureRect,icon_both,OccludableIcons,0.5,90,"Iconography asset; use for UI, badges, decals, signage, screen graphics, or markers.",
pvg_icon_doomsday_icons_doomsday_barrel1_7c9b4ba1,doomsday_icons,res://assets/tilesets/cyber_city_core_tilesets/Store_Items/Doomsday Icons/Doomsday Icons/Barrel1.png,Barrel1.png,individual_png,,512,512,"[130, 8, 403, 507]",51.65,READY_BOTH,doomsday,"[""warning_indicator"", ""scheme_card"", ""world_decal""]",TextureRect,icon_both,OccludableIcons,0.5,90,"Iconography asset; use for UI, badges, decals, signage, screen graphics, or markers.",
pvg_icon_doomsday_icons_doomsday_barrel2_9a8a04b1,doomsday_icons,res://assets/tilesets/cyber_city_core_tilesets/Store_Items/Doomsday Icons/Doomsday Icons/Barrel2.png,Barrel2.png,individual_png,,512,512,"[117, 34, 402, 493]",53.702,READY_BOTH,doomsday,"[""warning_indicator"", ""scheme_card"", ""world_decal""]",TextureRect,icon_both,OccludableIcons,0.5,90,"Iconography asset; use for UI, badges, decals, signage, screen graphics, or markers.",
pvg_icon_doomsday_icons_doomsday_barrel3_97b243f4,doomsday_icons,res://assets/tilesets/cyber_city_core_tilesets/Store_Items/Doomsday Icons/Doomsday Icons/Barrel3.png,Barrel3.png,individual_png,,512,512,"[113, 3, 394, 506]",49.587,READY_BOTH,doomsday,"[""warning_indicator"", ""scheme_card"", ""world_decal""]",TextureRect,icon_both,OccludableIcons,0.5,90,"Iconography asset; use for UI, badges, decals, signage, screen graphics, or markers.",
pvg_icon_doomsday_icons_doomsday_barrel4_df792e59,doomsday_icons,res://assets/tilesets/cyber_city_core_tilesets/Store_Items/Doomsday Icons/Doomsday Icons/Barrel4.png,Barrel4.png,individual_png,,512,512,"[110, 12, 403, 502]",52.636,READY_BOTH,doomsday,"[""warning_indicator"", ""scheme_card"", ""world_decal""]",TextureRect,icon_both,OccludableIcons,0.5,90,"Iconography asset; use for UI, badges, decals, signage, screen graphics, or markers.",
pvg_icon_doomsday_icons_doomsday_barrel5_84300244,doomsday_icons,res://assets/tilesets/cyber_city_core_tilesets/Store_Items/Doomsday Icons/Doomsday Icons/Barrel5.png,Barrel5.png,individual_png,,512,512,"[92, 7, 393, 503]",49.212,READY_BOTH,doomsday,"[""warning_indicator"", ""scheme_card"", ""world_decal""]",TextureRect,icon_both,OccludableIcons,0.5,90,"Iconography asset; use for UI, badges, decals, signage, screen graphics, or markers.",
pvg_icon_doomsday_icons_doomsday_barrel6_11af7364,doomsday_icons,res://assets/tilesets/cyber_city_core_tilesets/Store_Items/Doomsday Icons/Doomsday Icons/Barrel6.png,Barrel6.png,individual_png,,512,512,"[66, 10, 438, 505]",42.717,READY_BOTH,doomsday,"[""warning_indicator"", ""scheme_card"", ""world_decal""]",TextureRect,icon_both,OccludableIcons,0.5,90,"Iconography asset; use for UI, badges, decals, signage, screen graphics, or markers.",
pvg_icon_doomsday_icons_doomsday_barrel7_a33b7561,doomsday_icons,res://assets/tilesets/cyber_city_core_tilesets/Store_Items/Doomsday Icons/Doomsday Icons/Barrel7.png,Barrel7.png,individual_png,,512,512,"[166, 0, 383, 511]",67.039,READY_BOTH,doomsday,"[""warning_indicator"", ""scheme_card"", ""world_decal""]",TextureRect,icon_both,OccludableIcons,0.5,90,"Iconography asset; use for UI, badges, decals, signage, screen graphics, or markers.",
pvg_icon_doomsday_icons_doomsday_barrel8_e59559bd,doomsday_icons,res://assets/tilesets/cyber_city_core_tilesets/Store_Items/Doomsday Icons/Doomsday Icons/Barrel8.png,Barrel8.png,individual_png,,512,512,"[98, 0, 419, 507]",45.336,READY_BOTH,doomsday,"[""warning_indicator"", ""scheme_card"", ""world_decal""]",TextureRect,icon_both,OccludableIcons,0.5,90,"Iconography asset; use for UI, badges, decals, signage, screen graphics, or markers.",
pvg_icon_doomsday_icons_doomsday_barricade1_8a8bd7f2,doomsday_icons,res://assets/tilesets/cyber_city_core_tilesets/Store_Items/Doomsday Icons/Doomsday Icons/Barricade1.png,Barricade1.png,individual_png,,512,512,"[80, 3, 407, 508]",59.348,READY_BOTH,doomsday,"[""warning_indicator"", ""scheme_card"", ""world_decal""]",TextureRect,icon_both,OccludableIcons,0.5,90,"Iconography asset; use for UI, badges, decals, signage, screen graphics, or markers.",
pvg_icon_doomsday_icons_doomsday_barricade2_33cb9734,doomsday_icons,res://assets/tilesets/cyber_city_core_tilesets/Store_Items/Doomsday Icons/Doomsday Icons/Barricade2.png,Barricade2.png,individual_png,,512,512,"[7, 133, 504, 425]",58.07,READY_BOTH,doomsday,"[""warning_indicator"", ""scheme_card"", ""world_decal""]",TextureRect,icon_both,OccludableIcons,0.5,90,"Iconography asset; use for UI, badges, decals, signage, screen graphics, or markers.",
pvg_icon_doomsday_icons_decor_barsign1_a0d59584,doomsday_icons,res://assets/tilesets/cyber_city_core_tilesets/Store_Items/Doomsday Icons/Doomsday Icons/BarSign1.png,BarSign1.png,individual_png,,512,512,"[50, 5, 471, 504]",37.326,READY_BOTH,decor,"[""signage"", ""wall_sticker"", ""world_decal""]",TextureRect,icon_both,OccludableIcons,0.5,90,"Iconography asset; use for UI, badges, decals, signage, screen graphics, or markers.",
pvg_icon_doomsday_icons_doomsday_basket1_7bcf1323,doomsday_icons,res://assets/tilesets/cyber_city_core_tilesets/Store_Items/Doomsday Icons/Doomsday Icons/Basket1.png,Basket1.png,individual_png,,512,512,"[4, 118, 498, 460]",53.391,READY_BOTH,doomsday,"[""warning_indicator"", ""scheme_card"", ""world_decal""]",TextureRect,icon_both,OccludableIcons,0.5,90,"Iconography asset; use for UI, badges, decals, signage, screen graphics, or markers.",
pvg_icon_doomsday_icons_doomsday_basket2_fe027f7f,doomsday_icons,res://assets/tilesets/cyber_city_core_tilesets/Store_Items/Doomsday Icons/Doomsday Icons/Basket2.png,Basket2.png,individual_png,,512,512,"[32, 150, 481, 459]",61.419,READY_BOTH,doomsday,"[""warning_indicator"", ""scheme_card"", ""world_decal""]",TextureRect,icon_both,OccludableIcons,0.5,90,"Iconography asset; use for UI, badges, decals, signage, screen graphics, or markers.",
pvg_icon_doomsday_icons_doomsday_basket3_4bffd861,doomsday_icons,res://assets/tilesets/cyber_city_core_tilesets/Store_Items/Doomsday Icons/Doomsday Icons/Basket3.png,Basket3.png,individual_png,,512,512,"[10, 139, 497, 449]",56.391,READY_BOTH,doomsday,"[""warning_indicator"", ""scheme_card"", ""world_decal""]",TextureRect,icon_both,OccludableIcons,0.5,90,"Iconography asset; use for UI, badges, decals, signage, screen graphics, or markers.",
pvg_icon_doomsday_icons_doomsday_bathtub1_ad2b8524,doomsday_icons,res://assets/tilesets/cyber_city_core_tilesets/Store_Items/Doomsday Icons/Doomsday Icons/Bathtub1.png,Bathtub1.png,individual_png,,512,512,"[68, 2, 495, 504]",68.316,READY_BOTH,doomsday,"[""warning_indicator"", ""scheme_card"", ""world_decal""]",TextureRect,icon_both,OccludableIcons,0.5,90,"Iconography asset; use for UI, badges, decals, signage, screen graphics, or markers.",
pvg_icon_doomsday_icons_tech_battery1_29c55fac,doomsday_icons,res://assets/tilesets/cyber_city_core_tilesets/Store_Items/Doomsday Icons/Doomsday Icons/Battery1.png,Battery1.png,individual_png,,512,512,"[46, 39, 486, 495]",42.269,READY_BOTH,tech,"[""screen_graphic"", ""scheme_card"", ""inventory_icon"", ""world_decal""]",TextureRect,icon_both,OccludableIcons,0.5,90,"Iconography asset; use for UI, badges, decals, signage, screen graphics, or markers.",
pvg_icon_doomsday_icons_tech_battery2_b49c0ca2,doomsday_icons,res://assets/tilesets/cyber_city_core_tilesets/Store_Items/Doomsday Icons/Doomsday Icons/Battery2.png,Battery2.png,individual_png,,512,512,"[97, 56, 434, 466]",71.414,READY_BOTH,tech,"[""screen_graphic"", ""scheme_card"", ""inventory_icon"", ""world_decal""]",TextureRect,icon_both,OccludableIcons,0.5,90,"Iconography asset; use for UI, badges, decals, signage, screen graphics, or markers.",
pvg_icon_doomsday_icons_tech_battery3_6ebc1633,doomsday_icons,res://assets/tilesets/cyber_city_core_tilesets/Store_Items/Doomsday Icons/Doomsday Icons/Battery3.png,Battery3.png,individual_png,,512,512,"[9, 79, 500, 483]",39.666,READY_BOTH,tech,"[""screen_graphic"", ""scheme_card"", ""inventory_icon"", ""world_decal""]",TextureRect,icon_both,OccludableIcons,0.5,90,"Iconography asset; use for UI, badges, decals, signage, screen graphics, or markers.",
pvg_icon_doomsday_icons_doomsday_bayonet1_15c1da79,doomsday_icons,res://assets/tilesets/cyber_city_core_tilesets/Store_Items/Doomsday Icons/Doomsday Icons/Bayonet1.png,Bayonet1.png,individual_png,,512,512,"[29, 25, 505, 452]",88.865,READY_BOTH,doomsday,"[""warning_indicator"", ""scheme_card"", ""world_decal""]",TextureRect,icon_both,OccludableIcons,0.5,90,"Iconography asset; use for UI, badges, decals, signage, screen graphics, or markers.",
pvg_icon_doomsday_icons_doomsday_beartrap1_79a6274e,doomsday_icons,res://assets/tilesets/cyber_city_core_tilesets/Store_Items/Doomsday Icons/Doomsday Icons/BearTrap1.png,BearTrap1.png,individual_png,,512,512,"[32, 194, 486, 424]",84.325,READY_BOTH,doomsday,"[""warning_indicator"", ""scheme_card"", ""world_decal""]",TextureRect,icon_both,OccludableIcons,0.5,90,"Iconography asset; use for UI, badges, decals, signage, screen graphics, or markers.",
pvg_icon_doomsday_icons_doomsday_bed1_741c3717,doomsday_icons,res://assets/tilesets/cyber_city_core_tilesets/Store_Items/Doomsday Icons/Doomsday Icons/Bed1.png,Bed1.png,individual_png,,512,512,"[23, 53, 495, 494]",64.718,READY_BOTH,doomsday,"[""warning_indicator"", ""scheme_card"", ""world_decal""]",TextureRect,icon_both,OccludableIcons,0.5,90,"Iconography asset; use for UI, badges, decals, signage, screen graphics, or markers.",
pvg_icon_doomsday_icons_doomsday_bed2_05de3700,doomsday_icons,res://assets/tilesets/cyber_city_core_tilesets/Store_Items/Doomsday Icons/Doomsday Icons/Bed2.png,Bed2.png,individual_png,,512,512,"[0, 38, 484, 502]",54.897,READY_BOTH,doomsday,"[""warning_indicator"", ""scheme_card"", ""world_decal""]",TextureRect,icon_both,OccludableIcons,0.5,90,"Iconography asset; use for UI, badges, decals, signage, screen graphics, or markers.",
pvg_icon_doomsday_icons_doomsday_bike1_4dfa1173,doomsday_icons,res://assets/tilesets/cyber_city_core_tilesets/Store_Items/Doomsday Icons/Doomsday Icons/Bike1.png,Bike1.png,individual_png,,512,512,"[15, 86, 502, 439]",76.53,READY_BOTH,doomsday,"[""warning_indicator"", ""scheme_card"", ""world_decal""]",TextureRect,icon_both,OccludableIcons,0.5,90,"Iconography asset; use for UI, badges, decals, signage, screen graphics, or markers.",
pvg_icon_doomsday_icons_doomsday_bike2_8ff7d185,doomsday_icons,res://assets/tilesets/cyber_city_core_tilesets/Store_Items/Doomsday Icons/Doomsday Icons/Bike2.png,Bike2.png,individual_png,,512,512,"[24, 8, 480, 465]",87.998,READY_BOTH,doomsday,"[""warning_indicator"", ""scheme_card"", ""world_decal""]",TextureRect,icon_both,OccludableIcons,0.5,90,"Iconography asset; use for UI, badges, decals, signage, screen graphics, or markers.",
pvg_icon_doomsday_icons_doomsday_billow1_ac672bcf,doomsday_icons,res://assets/tilesets/cyber_city_core_tilesets/Store_Items/Doomsday Icons/Doomsday Icons/Billow1.png,Billow1.png,individual_png,,512,512,"[53, 60, 487, 426]",76.171,READY_BOTH,doomsday,"[""warning_indicator"", ""scheme_card"", ""world_decal""]",TextureRect,icon_both,OccludableIcons,0.5,90,"Iconography asset; use for UI, badges, decals, signage, screen graphics, or markers.",
pvg_icon_doomsday_icons_doomsday_binder1_5782556f,doomsday_icons,res://assets/tilesets/cyber_city_core_tilesets/Store_Items/Doomsday Icons/Doomsday Icons/Binder1.png,Binder1.png,individual_png,,512,512,"[105, 10, 402, 505]",61.328,READY_BOTH,doomsday,"[""warning_indicator"", ""scheme_card"", ""world_decal""]",TextureRect,icon_both,OccludableIcons,0.5,90,"Iconography asset; use for UI, badges, decals, signage, screen graphics, or markers.",
pvg_icon_doomsday_icons_doomsday_binoculars1_45c6a179,doomsday_icons,res://assets/tilesets/cyber_city_core_tilesets/Store_Items/Doomsday Icons/Doomsday Icons/Binoculars1.png,Binoculars1.png,individual_png,,512,512,"[28, 110, 485, 433]",66.525,READY_BOTH,doomsday,"[""warning_indicator"", ""scheme_card"", ""world_decal""]",TextureRect,icon_both,OccludableIcons,0.5,90,"Iconography asset; use for UI, badges, decals, signage, screen graphics, or markers.",
pvg_icon_doomsday_icons_doomsday_birdcage1_9558a773,doomsday_icons,res://assets/tilesets/cyber_city_core_tilesets/Store_Items/Doomsday Icons/Doomsday Icons/BirdCage1.png,BirdCage1.png,individual_png,,512,512,"[141, 14, 396, 497]",66.303,READY_BOTH,doomsday,"[""warning_indicator"", ""scheme_card"", ""world_decal""]",TextureRect,icon_both,OccludableIcons,0.5,90,"Iconography asset; use for UI, badges, decals, signage, screen graphics, or markers.",
pvg_icon_doomsday_icons_doomsday_birdfeeder1_be192fa0,doomsday_icons,res://assets/tilesets/cyber_city_core_tilesets/Store_Items/Doomsday Icons/Doomsday Icons/BirdFeeder1.png,BirdFeeder1.png,individual_png,,512,512,"[208, 8, 308, 481]",89.98,READY_BOTH,doomsday,"[""warning_indicator"", ""scheme_card"", ""world_decal""]",TextureRect,icon_both,OccludableIcons,0.5,90,"Iconography asset; use for UI, badges, decals, signage, screen graphics, or markers.",
pvg_icon_doomsday_icons_doomsday_blanket1_bf8466e0,doomsday_icons,res://assets/tilesets/cyber_city_core_tilesets/Store_Items/Doomsday Icons/Doomsday Icons/Blanket1.png,Blanket1.png,individual_png,,512,512,"[9, 92, 506, 461]",57.58,READY_BOTH,doomsday,"[""warning_indicator"", ""scheme_card"", ""world_decal""]",TextureRect,icon_both,OccludableIcons,0.5,90,"Iconography asset; use for UI, badges, decals, signage, screen graphics, or markers.",
pvg_icon_doomsday_icons_doomsday_boat1_b64cba62,doomsday_icons,res://assets/tilesets/cyber_city_core_tilesets/Store_Items/Doomsday Icons/Doomsday Icons/Boat1.png,Boat1.png,individual_png,,512,512,"[3, 91, 508, 388]",77.627,READY_BOTH,doomsday,"[""warning_indicator"", ""scheme_card"", ""world_decal""]",TextureRect,icon_both,OccludableIcons,0.5,90,"Iconography asset; use for UI, badges, decals, signage, screen graphics, or markers.",
pvg_icon_doomsday_icons_doomsday_boat2_4628df96,doomsday_icons,res://assets/tilesets/cyber_city_core_tilesets/Store_Items/Doomsday Icons/Doomsday Icons/Boat2.png,Boat2.png,individual_png,,512,512,"[2, 92, 508, 408]",70.186,READY_BOTH,doomsday,"[""warning_indicator"", ""scheme_card"", ""world_decal""]",TextureRect,icon_both,OccludableIcons,0.5,90,"Iconography asset; use for UI, badges, decals, signage, screen graphics, or markers.",
pvg_icon_doomsday_icons_doomsday_boatoar1_c8b4acdd,doomsday_icons,res://assets/tilesets/cyber_city_core_tilesets/Store_Items/Doomsday Icons/Doomsday Icons/BoatOar1.png,BoatOar1.png,individual_png,,512,512,"[6, 2, 504, 505]",90.674,READY_BOTH,doomsday,"[""warning_indicator"", ""scheme_card"", ""world_decal""]",TextureRect,icon_both,OccludableIcons,0.5,90,"Iconography asset; use for UI, badges, decals, signage, screen graphics, or markers.",
pvg_icon_doomsday_icons_doomsday_body1_a69df298,doomsday_icons,res://assets/tilesets/cyber_city_core_tilesets/Store_Items/Doomsday Icons/Doomsday Icons/Body1.png,Body1.png,individual_png,,512,512,"[40, 7, 457, 507]",59.641,READY_BOTH,doomsday,"[""warning_indicator"", ""scheme_card"", ""world_decal""]",TextureRect,icon_both,OccludableIcons,0.5,90,"Iconography asset; use for UI, badges, decals, signage, screen graphics, or markers.",
pvg_icon_doomsday_icons_doomsday_body2_5af1a29e,doomsday_icons,res://assets/tilesets/cyber_city_core_tilesets/Store_Items/Doomsday Icons/Doomsday Icons/Body2.png,Body2.png,individual_png,,512,512,"[77, 8, 467, 507]",65.596,READY_BOTH,doomsday,"[""warning_indicator"", ""scheme_card"", ""world_decal""]",TextureRect,icon_both,OccludableIcons,0.5,90,"Iconography asset; use for UI, badges, decals, signage, screen graphics, or markers.",
pvg_icon_doomsday_icons_doomsday_body3_9be8df55,doomsday_icons,res://assets/tilesets/cyber_city_core_tilesets/Store_Items/Doomsday Icons/Doomsday Icons/Body3.png,Body3.png,individual_png,,512,512,"[1, 67, 511, 462]",67.085,READY_BOTH,doomsday,"[""warning_indicator"", ""scheme_card"", ""world_decal""]",TextureRect,icon_both,OccludableIcons,0.5,90,"Iconography asset; use for UI, badges, decals, signage, screen graphics, or markers.",
pvg_icon_doomsday_icons_bentley_bonechimes1_fd86d263,doomsday_icons,res://assets/tilesets/cyber_city_core_tilesets/Store_Items/Doomsday Icons/Doomsday Icons/BoneChimes1.png,BoneChimes1.png,individual_png,,512,512,"[133, 0, 357, 479]",90.661,READY_UI_ICON,bentley,"[""bentley_item_candidate"", ""decor_shop_thumbnail""]",TextureRect,icon_ui,BehindPlayerIcons,0.5,-120,"Iconography asset; use for UI, badges, decals, signage, screen graphics, or markers.",World stamping of UI-first icons may look like a flat sticker.
pvg_icon_doomsday_icons_doomsday_book1_64d02f71,doomsday_icons,res://assets/tilesets/cyber_city_core_tilesets/Store_Items/Doomsday Icons/Doomsday Icons/Book1.png,Book1.png,individual_png,,512,512,"[47, 217, 480, 398]",81.325,READY_BOTH,doomsday,"[""warning_indicator"", ""scheme_card"", ""world_decal""]",TextureRect,icon_both,OccludableIcons,0.5,90,"Iconography asset; use for UI, badges, decals, signage, screen graphics, or markers.",
pvg_icon_doomsday_icons_doomsday_book10_c30efaa9,doomsday_icons,res://assets/tilesets/cyber_city_core_tilesets/Store_Items/Doomsday Icons/Doomsday Icons/Book10.png,Book10.png,individual_png,,512,512,"[117, 9, 356, 496]",59.903,READY_BOTH,doomsday,"[""warning_indicator"", ""scheme_card"", ""world_decal""]",TextureRect,icon_both,OccludableIcons,0.5,90,"Iconography asset; use for UI, badges, decals, signage, screen graphics, or markers.",
pvg_icon_doomsday_icons_doomsday_book11_6e5bd605,doomsday_icons,res://assets/tilesets/cyber_city_core_tilesets/Store_Items/Doomsday Icons/Doomsday Icons/Book11.png,Book11.png,individual_png,,512,512,"[79, 11, 364, 504]",52.054,READY_BOTH,doomsday,"[""warning_indicator"", ""scheme_card"", ""world_decal""]",TextureRect,icon_both,OccludableIcons,0.5,90,"Iconography asset; use for UI, badges, decals, signage, screen graphics, or markers.",
pvg_icon_doomsday_icons_doomsday_book12_77806dc1,doomsday_icons,res://assets/tilesets/cyber_city_core_tilesets/Store_Items/Doomsday Icons/Doomsday Icons/Book12.png,Book12.png,individual_png,,512,512,"[79, 11, 364, 504]",52.03,READY_BOTH,doomsday,"[""warning_indicator"", ""scheme_card"", ""world_decal""]",TextureRect,icon_both,OccludableIcons,0.5,90,"Iconography asset; use for UI, badges, decals, signage, screen graphics, or markers.",
pvg_icon_doomsday_icons_doomsday_book13_8d1591ac,doomsday_icons,res://assets/tilesets/cyber_city_core_tilesets/Store_Items/Doomsday Icons/Doomsday Icons/Book13.png,Book13.png,individual_png,,512,512,"[17, 67, 503, 476]",45.567,READY_BOTH,doomsday,"[""warning_indicator"", ""scheme_card"", ""world_decal""]",TextureRect,icon_both,OccludableIcons,0.5,90,"Iconography asset; use for UI, badges, decals, signage, screen graphics, or markers.",
pvg_icon_doomsday_icons_doomsday_book14_15b3c292,doomsday_icons,res://assets/tilesets/cyber_city_core_tilesets/Store_Items/Doomsday Icons/Doomsday Icons/Book14.png,Book14.png,individual_png,,512,512,"[9, 84, 500, 476]",54.368,READY_BOTH,doomsday,"[""warning_indicator"", ""scheme_card"", ""world_decal""]",TextureRect,icon_both,OccludableIcons,0.5,90,"Iconography asset; use for UI, badges, decals, signage, screen graphics, or markers.",
pvg_icon_doomsday_icons_doomsday_book15_17ad7037,doomsday_icons,res://assets/tilesets/cyber_city_core_tilesets/Store_Items/Doomsday Icons/Doomsday Icons/Book15.png,Book15.png,individual_png,,512,512,"[102, 12, 387, 498]",53.168,READY_BOTH,doomsday,"[""warning_indicator"", ""scheme_card"", ""world_decal""]",TextureRect,icon_both,OccludableIcons,0.5,90,"Iconography asset; use for UI, badges, decals, signage, screen graphics, or markers.",
pvg_icon_doomsday_icons_doomsday_book16_4009ef9c,doomsday_icons,res://assets/tilesets/cyber_city_core_tilesets/Store_Items/Doomsday Icons/Doomsday Icons/Book16.png,Book16.png,individual_png,,512,512,"[82, 6, 369, 510]",51.648,READY_BOTH,doomsday,"[""warning_indicator"", ""scheme_card"", ""world_decal""]",TextureRect,icon_both,OccludableIcons,0.5,90,"Iconography asset; use for UI, badges, decals, signage, screen graphics, or markers.",
pvg_icon_doomsday_icons_doomsday_book17_f5920d4f,doomsday_icons,res://assets/tilesets/cyber_city_core_tilesets/Store_Items/Doomsday Icons/Doomsday Icons/Book17.png,Book17.png,individual_png,,512,512,"[111, 5, 405, 507]",50.151,READY_BOTH,doomsday,"[""warning_indicator"", ""scheme_card"", ""world_decal""]",TextureRect,icon_both,OccludableIcons,0.5,90,"Iconography asset; use for UI, badges, decals, signage, screen graphics, or markers.",
pvg_icon_doomsday_icons_doomsday_book18_c9b5ecfd,doomsday_icons,res://assets/tilesets/cyber_city_core_tilesets/Store_Items/Doomsday Icons/Doomsday Icons/Book18.png,Book18.png,individual_png,,512,512,"[102, 1, 386, 504]",52.522,READY_BOTH,doomsday,"[""warning_indicator"", ""scheme_card"", ""world_decal""]",TextureRect,icon_both,OccludableIcons,0.5,90,"Iconography asset; use for UI, badges, decals, signage, screen graphics, or markers.",
pvg_icon_doomsday_icons_doomsday_book19_09d215eb,doomsday_icons,res://assets/tilesets/cyber_city_core_tilesets/Store_Items/Doomsday Icons/Doomsday Icons/Book19.png,Book19.png,individual_png,,512,512,"[11, 100, 499, 446]",52.847,READY_BOTH,doomsday,"[""warning_indicator"", ""scheme_card"", ""world_decal""]",TextureRect,icon_both,OccludableIcons,0.5,90,"Iconography asset; use for UI, badges, decals, signage, screen graphics, or markers.",
pvg_icon_doomsday_icons_doomsday_book2_eb518a20,doomsday_icons,res://assets/tilesets/cyber_city_core_tilesets/Store_Items/Doomsday Icons/Doomsday Icons/Book2.png,Book2.png,individual_png,,512,512,"[135, 86, 334, 451]",74.46,READY_BOTH,doomsday,"[""warning_indicator"", ""scheme_card"", ""world_decal""]",TextureRect,icon_both,OccludableIcons,0.5,90,"Iconography asset; use for UI, badges, decals, signage, screen graphics, or markers.",
pvg_icon_doomsday_icons_doomsday_book3_cfebc061,doomsday_icons,res://assets/tilesets/cyber_city_core_tilesets/Store_Items/Doomsday Icons/Doomsday Icons/Book3.png,Book3.png,individual_png,,512,512,"[139, 73, 328, 437]",75.984,READY_BOTH,doomsday,"[""warning_indicator"", ""scheme_card"", ""world_decal""]",TextureRect,icon_both,OccludableIcons,0.5,90,"Iconography asset; use for UI, badges, decals, signage, screen graphics, or markers.",
pvg_icon_doomsday_icons_doomsday_book4_3ca33b96,doomsday_icons,res://assets/tilesets/cyber_city_core_tilesets/Store_Items/Doomsday Icons/Doomsday Icons/Book4.png,Book4.png,individual_png,,512,512,"[145, 79, 352, 441]",76.189,READY_BOTH,doomsday,"[""warning_indicator"", ""scheme_card"", ""world_decal""]",TextureRect,icon_both,OccludableIcons,0.5,90,"Iconography asset; use for UI, badges, decals, signage, screen graphics, or markers.",
pvg_icon_doomsday_icons_doomsday_book5_8e41da2c,doomsday_icons,res://assets/tilesets/cyber_city_core_tilesets/Store_Items/Doomsday Icons/Doomsday Icons/Book5.png,Book5.png,individual_png,,512,512,"[117, 9, 356, 497]",59.863,READY_BOTH,doomsday,"[""warning_indicator"", ""scheme_card"", ""world_decal""]",TextureRect,icon_both,OccludableIcons,0.5,90,"Iconography asset; use for UI, badges, decals, signage, screen graphics, or markers.",
pvg_icon_doomsday_icons_doomsday_book6_4da0f855,doomsday_icons,res://assets/tilesets/cyber_city_core_tilesets/Store_Items/Doomsday Icons/Doomsday Icons/Book6.png,Book6.png,individual_png,,512,512,"[97, 11, 383, 503]",51.883,READY_BOTH,doomsday,"[""warning_indicator"", ""scheme_card"", ""world_decal""]",TextureRect,icon_both,OccludableIcons,0.5,90,"Iconography asset; use for UI, badges, decals, signage, screen graphics, or markers.",
pvg_icon_doomsday_icons_doomsday_book7_f9480a6f,doomsday_icons,res://assets/tilesets/cyber_city_core_tilesets/Store_Items/Doomsday Icons/Doomsday Icons/Book7.png,Book7.png,individual_png,,512,512,"[114, 2, 359, 503]",57.95,READY_BOTH,doomsday,"[""warning_indicator"", ""scheme_card"", ""world_decal""]",TextureRect,icon_both,OccludableIcons,0.5,90,"Iconography asset; use for UI, badges, decals, signage, screen graphics, or markers.",
pvg_icon_doomsday_icons_doomsday_book8_45aa6379,doomsday_icons,res://assets/tilesets/cyber_city_core_tilesets/Store_Items/Doomsday Icons/Doomsday Icons/Book8.png,Book8.png,individual_png,,512,512,"[77, 11, 364, 504]",52.055,READY_BOTH,doomsday,"[""warning_indicator"", ""scheme_card"", ""world_decal""]",TextureRect,icon_both,OccludableIcons,0.5,90,"Iconography asset; use for UI, badges, decals, signage, screen graphics, or markers.",
pvg_icon_doomsday_icons_doomsday_book9_c00084b3,doomsday_icons,res://assets/tilesets/cyber_city_core_tilesets/Store_Items/Doomsday Icons/Doomsday Icons/Book9.png,Book9.png,individual_png,,512,512,"[119, 15, 353, 491]",61.736,READY_BOTH,doomsday,"[""warning_indicator"", ""scheme_card"", ""world_decal""]",TextureRect,icon_both,OccludableIcons,0.5,90,"Iconography asset; use for UI, badges, decals, signage, screen graphics, or markers.",
pvg_icon_doomsday_icons_doomsday_books1_86a0ae17,doomsday_icons,res://assets/tilesets/cyber_city_core_tilesets/Store_Items/Doomsday Icons/Doomsday Icons/Books1.png,Books1.png,individual_png,,512,512,"[9, 121, 498, 403]",69.327,READY_BOTH,doomsday,"[""warning_indicator"", ""scheme_card"", ""world_decal""]",TextureRect,icon_both,OccludableIcons,0.5,90,"Iconography asset; use for UI, badges, decals, signage, screen graphics, or markers.",
pvg_icon_doomsday_icons_doomsday_books2_256c9f66,doomsday_icons,res://assets/tilesets/cyber_city_core_tilesets/Store_Items/Doomsday Icons/Doomsday Icons/Books2.png,Books2.png,individual_png,,512,512,"[86, 2, 456, 502]",45.552,READY_BOTH,doomsday,"[""warning_indicator"", ""scheme_card"", ""world_decal""]",TextureRect,icon_both,OccludableIcons,0.5,90,"Iconography asset; use for UI, badges, decals, signage, screen graphics, or markers.",
pvg_icon_doomsday_icons_doomsday_bottle1_b65097b4,doomsday_icons,res://assets/tilesets/cyber_city_core_tilesets/Store_Items/Doomsday Icons/Doomsday Icons/Bottle1.png,Bottle1.png,individual_png,,512,512,"[198, 34, 313, 478]",84.919,READY_BOTH,doomsday,"[""warning_indicator"", ""scheme_card"", ""world_decal""]",TextureRect,icon_both,OccludableIcons,0.5,90,"Iconography asset; use for UI, badges, decals, signage, screen graphics, or markers.",
pvg_icon_doomsday_icons_doomsday_bottle10_9bd79feb,doomsday_icons,res://assets/tilesets/cyber_city_core_tilesets/Store_Items/Doomsday Icons/Doomsday Icons/Bottle10.png,Bottle10.png,individual_png,,512,512,"[178, 10, 353, 491]",76.656,READY_BOTH,doomsday,"[""warning_indicator"", ""scheme_card"", ""world_decal""]",TextureRect,icon_both,OccludableIcons,0.5,90,"Iconography asset; use for UI, badges, decals, signage, screen graphics, or markers.",
pvg_icon_doomsday_icons_doomsday_bottle11_b7a8337a,doomsday_icons,res://assets/tilesets/cyber_city_core_tilesets/Store_Items/Doomsday Icons/Doomsday Icons/Bottle11.png,Bottle11.png,individual_png,,512,512,"[190, 14, 348, 498]",80.291,READY_BOTH,doomsday,"[""warning_indicator"", ""scheme_card"", ""world_decal""]",TextureRect,icon_both,OccludableIcons,0.5,90,"Iconography asset; use for UI, badges, decals, signage, screen graphics, or markers.",
pvg_icon_doomsday_icons_doomsday_bottle12_14ca4ffd,doomsday_icons,res://assets/tilesets/cyber_city_core_tilesets/Store_Items/Doomsday Icons/Doomsday Icons/Bottle12.png,Bottle12.png,individual_png,,512,512,"[184, 5, 345, 498]",79.648,READY_BOTH,doomsday,"[""warning_indicator"", ""scheme_card"", ""world_decal""]",TextureRect,icon_both,OccludableIcons,0.5,90,"Iconography asset; use for UI, badges, decals, signage, screen graphics, or markers.",
pvg_icon_doomsday_icons_doomsday_bottle13_7a98912d,doomsday_icons,res://assets/tilesets/cyber_city_core_tilesets/Store_Items/Doomsday Icons/Doomsday Icons/Bottle13.png,Bottle13.png,individual_png,,512,512,"[161, 7, 351, 507]",74.661,READY_BOTH,doomsday,"[""warning_indicator"", ""scheme_card"", ""world_decal""]",TextureRect,icon_both,OccludableIcons,0.5,90,"Iconography asset; use for UI, badges, decals, signage, screen graphics, or markers.",
pvg_icon_doomsday_icons_doomsday_bottle14_7a41eaa1,doomsday_icons,res://assets/tilesets/cyber_city_core_tilesets/Store_Items/Doomsday Icons/Doomsday Icons/Bottle14.png,Bottle14.png,individual_png,,512,512,"[179, 6, 326, 492]",80.448,READY_BOTH,doomsday,"[""warning_indicator"", ""scheme_card"", ""world_decal""]",TextureRect,icon_both,OccludableIcons,0.5,90,"Iconography asset; use for UI, badges, decals, signage, screen graphics, or markers.",
pvg_icon_doomsday_icons_doomsday_bottle15_1937d542,doomsday_icons,res://assets/tilesets/cyber_city_core_tilesets/Store_Items/Doomsday Icons/Doomsday Icons/Bottle15.png,Bottle15.png,individual_png,,512,512,"[207, 5, 334, 499]",82.271,READY_BOTH,doomsday,"[""warning_indicator"", ""scheme_card"", ""world_decal""]",TextureRect,icon_both,OccludableIcons,0.5,90,"Iconography asset; use for UI, badges, decals, signage, screen graphics, or markers.",
pvg_icon_doomsday_icons_doomsday_bottle16_f335a8de,doomsday_icons,res://assets/tilesets/cyber_city_core_tilesets/Store_Items/Doomsday Icons/Doomsday Icons/Bottle16.png,Bottle16.png,individual_png,,512,512,"[205, 6, 330, 488]",82.984,READY_BOTH,doomsday,"[""warning_indicator"", ""scheme_card"", ""world_decal""]",TextureRect,icon_both,OccludableIcons,0.5,90,"Iconography asset; use for UI, badges, decals, signage, screen graphics, or markers.",
pvg_icon_doomsday_icons_doomsday_bottle17_8d7d75be,doomsday_icons,res://assets/tilesets/cyber_city_core_tilesets/Store_Items/Doomsday Icons/Doomsday Icons/Bottle17.png,Bottle17.png,individual_png,,512,512,"[181, 10, 355, 487]",76.981,READY_BOTH,doomsday,"[""warning_indicator"", ""scheme_card"", ""world_decal""]",TextureRect,icon_both,OccludableIcons,0.5,90,"Iconography asset; use for UI, badges, decals, signage, screen graphics, or markers.",
pvg_icon_doomsday_icons_doomsday_bottle18_be2f6342,doomsday_icons,res://assets/tilesets/cyber_city_core_tilesets/Store_Items/Doomsday Icons/Doomsday Icons/Bottle18.png,Bottle18.png,individual_png,,512,512,"[190, 5, 349, 491]",80.166,READY_BOTH,doomsday,"[""warning_indicator"", ""scheme_card"", ""world_decal""]",TextureRect,icon_both,OccludableIcons,0.5,90,"Iconography asset; use for UI, badges, decals, signage, screen graphics, or markers.",
pvg_icon_doomsday_icons_doomsday_bottle19_c6a90380,doomsday_icons,res://assets/tilesets/cyber_city_core_tilesets/Store_Items/Doomsday Icons/Doomsday Icons/Bottle19.png,Bottle19.png,individual_png,,512,512,"[173, 7, 359, 497]",75.57,READY_BOTH,doomsday,"[""warning_indicator"", ""scheme_card"", ""world_decal""]",TextureRect,icon_both,OccludableIcons,0.5,90,"Iconography asset; use for UI, badges, decals, signage, screen graphics, or markers.",
pvg_icon_doomsday_icons_doomsday_bottle2_a907432c,doomsday_icons,res://assets/tilesets/cyber_city_core_tilesets/Store_Items/Doomsday Icons/Doomsday Icons/Bottle2.png,Bottle2.png,individual_png,,512,512,"[175, 52, 335, 474]",78.696,READY_BOTH,doomsday,"[""warning_indicator"", ""scheme_card"", ""world_decal""]",TextureRect,icon_both,OccludableIcons,0.5,90,"Iconography asset; use for UI, badges, decals, signage, screen graphics, or markers.",
pvg_icon_doomsday_icons_doomsday_bottle20_fdf3f45b,doomsday_icons,res://assets/tilesets/cyber_city_core_tilesets/Store_Items/Doomsday Icons/Doomsday Icons/Bottle20.png,Bottle20.png,individual_png,,512,512,"[178, 6, 323, 486]",80.993,READY_BOTH,doomsday,"[""warning_indicator"", ""scheme_card"", ""world_decal""]",TextureRect,icon_both,OccludableIcons,0.5,90,"Iconography asset; use for UI, badges, decals, signage, screen graphics, or markers.",
pvg_icon_doomsday_icons_doomsday_bottle21_b390b593,doomsday_icons,res://assets/tilesets/cyber_city_core_tilesets/Store_Items/Doomsday Icons/Doomsday Icons/Bottle21.png,Bottle21.png,individual_png,,512,512,"[180, 7, 330, 503]",79.685,READY_BOTH,doomsday,"[""warning_indicator"", ""scheme_card"", ""world_decal""]",TextureRect,icon_both,OccludableIcons,0.5,90,"Iconography asset; use for UI, badges, decals, signage, screen graphics, or markers.",
pvg_icon_doomsday_icons_doomsday_bottle22_3d7d14e7,doomsday_icons,res://assets/tilesets/cyber_city_core_tilesets/Store_Items/Doomsday Icons/Doomsday Icons/Bottle22.png,Bottle22.png,individual_png,,512,512,"[199, 5, 326, 494]",82.51,READY_BOTH,doomsday,"[""warning_indicator"", ""scheme_card"", ""world_decal""]",TextureRect,icon_both,OccludableIcons,0.5,90,"Iconography asset; use for UI, badges, decals, signage, screen graphics, or markers.",
pvg_icon_doomsday_icons_doomsday_bottle23_51a48b4d,doomsday_icons,res://assets/tilesets/cyber_city_core_tilesets/Store_Items/Doomsday Icons/Doomsday Icons/Bottle23.png,Bottle23.png,individual_png,,512,512,"[180, 4, 329, 498]",79.792,READY_BOTH,doomsday,"[""warning_indicator"", ""scheme_card"", ""world_decal""]",TextureRect,icon_both,OccludableIcons,0.5,90,"Iconography asset; use for UI, badges, decals, signage, screen graphics, or markers.",
pvg_icon_doomsday_icons_doomsday_bottle24_ee42d9a3,doomsday_icons,res://assets/tilesets/cyber_city_core_tilesets/Store_Items/Doomsday Icons/Doomsday Icons/Bottle24.png,Bottle24.png,individual_png,,512,512,"[185, 6, 349, 507]",79.008,READY_BOTH,doomsday,"[""warning_indicator"", ""scheme_card"", ""world_decal""]",TextureRect,icon_both,OccludableIcons,0.5,90,"Iconography asset; use for UI, badges, decals, signage, screen graphics, or markers.",
pvg_icon_doomsday_icons_doomsday_bottle25_1325900e,doomsday_icons,res://assets/tilesets/cyber_city_core_tilesets/Store_Items/Doomsday Icons/Doomsday Icons/Bottle25.png,Bottle25.png,individual_png,,512,512,"[190, 10, 308, 491]",82.99,READY_BOTH,doomsday,"[""warning_indicator"", ""scheme_card"", ""world_decal""]",TextureRect,icon_both,OccludableIcons,0.5,90,"Iconography asset; use for UI, badges, decals, signage, screen graphics, or markers.",
pvg_icon_doomsday_icons_doomsday_bottle26_1e75865b,doomsday_icons,res://assets/tilesets/cyber_city_core_tilesets/Store_Items/Doomsday Icons/Doomsday Icons/Bottle26.png,Bottle26.png,individual_png,,512,512,"[190, 7, 317, 488]",82.796,READY_BOTH,doomsday,"[""warning_indicator"", ""scheme_card"", ""world_decal""]",TextureRect,icon_both,OccludableIcons,0.5,90,"Iconography asset; use for UI, badges, decals, signage, screen graphics, or markers.",
pvg_icon_doomsday_icons_doomsday_bottle27_991b144d,doomsday_icons,res://assets/tilesets/cyber_city_core_tilesets/Store_Items/Doomsday Icons/Doomsday Icons/Bottle27.png,Bottle27.png,individual_png,,512,512,"[170, 8, 333, 474]",78.834,READY_BOTH,doomsday,"[""warning_indicator"", ""scheme_card"", ""world_decal""]",TextureRect,icon_both,OccludableIcons,0.5,90,"Iconography asset; use for UI, badges, decals, signage, screen graphics, or markers.",
pvg_icon_doomsday_icons_doomsday_bottle28_bf530385,doomsday_icons,res://assets/tilesets/cyber_city_core_tilesets/Store_Items/Doomsday Icons/Doomsday Icons/Bottle28.png,Bottle28.png,individual_png,,512,512,"[90, 7, 394, 486]",66.874,READY_BOTH,doomsday,"[""warning_indicator"", ""scheme_card"", ""world_decal""]",TextureRect,icon_both,OccludableIcons,0.5,90,"Iconography asset; use for UI, badges, decals, signage, screen graphics, or markers.",
pvg_icon_doomsday_icons_doomsday_bottle29_c4d3a930,doomsday_icons,res://assets/tilesets/cyber_city_core_tilesets/Store_Items/Doomsday Icons/Doomsday Icons/Bottle29.png,Bottle29.png,individual_png,,512,512,"[140, 33, 381, 491]",75.252,READY_BOTH,doomsday,"[""warning_indicator"", ""scheme_card"", ""world_decal""]",TextureRect,icon_both,OccludableIcons,0.5,90,"Iconography asset; use for UI, badges, decals, signage, screen graphics, or markers.",
pvg_icon_doomsday_icons_doomsday_bottle3_415ed63a,doomsday_icons,res://assets/tilesets/cyber_city_core_tilesets/Store_Items/Doomsday Icons/Doomsday Icons/Bottle3.png,Bottle3.png,individual_png,,512,512,"[135, 42, 388, 472]",82.503,READY_BOTH,doomsday,"[""warning_indicator"", ""scheme_card"", ""world_decal""]",TextureRect,icon_both,OccludableIcons,0.5,90,"Iconography asset; use for UI, badges, decals, signage, screen graphics, or markers.",
pvg_icon_doomsday_icons_doomsday_bottle30_34e5bd16,doomsday_icons,res://assets/tilesets/cyber_city_core_tilesets/Store_Items/Doomsday Icons/Doomsday Icons/Bottle30.png,Bottle30.png,individual_png,,512,512,"[190, 32, 324, 486]",80.761,READY_BOTH,doomsday,"[""warning_indicator"", ""scheme_card"", ""world_decal""]",TextureRect,icon_both,OccludableIcons,0.5,90,"Iconography asset; use for UI, badges, decals, signage, screen graphics, or markers.",
pvg_icon_doomsday_icons_doomsday_bottle31_d2065faa,doomsday_icons,res://assets/tilesets/cyber_city_core_tilesets/Store_Items/Doomsday Icons/Doomsday Icons/Bottle31.png,Bottle31.png,individual_png,,512,512,"[211, 15, 334, 505]",81.635,READY_BOTH,doomsday,"[""warning_indicator"", ""scheme_card"", ""world_decal""]",TextureRect,icon_both,OccludableIcons,0.5,90,"Iconography asset; use for UI, badges, decals, signage, screen graphics, or markers.",
pvg_icon_doomsday_icons_doomsday_bottle32_302c9fd8,doomsday_icons,res://assets/tilesets/cyber_city_core_tilesets/Store_Items/Doomsday Icons/Doomsday Icons/Bottle32.png,Bottle32.png,individual_png,,512,512,"[196, 10, 319, 509]",81.703,READY_BOTH,doomsday,"[""warning_indicator"", ""scheme_card"", ""world_decal""]",TextureRect,icon_both,OccludableIcons,0.5,90,"Iconography asset; use for UI, badges, decals, signage, screen graphics, or markers.",
pvg_icon_doomsday_icons_doomsday_bottle33_78739125,doomsday_icons,res://assets/tilesets/cyber_city_core_tilesets/Store_Items/Doomsday Icons/Doomsday Icons/Bottle33.png,Bottle33.png,individual_png,,512,512,"[166, 7, 339, 501]",73.251,READY_BOTH,doomsday,"[""warning_indicator"", ""scheme_card"", ""world_decal""]",TextureRect,icon_both,OccludableIcons,0.5,90,"Iconography asset; use for UI, badges, decals, signage, screen graphics, or markers.",
pvg_icon_doomsday_icons_doomsday_bottle34_8fb6b68e,doomsday_icons,res://assets/tilesets/cyber_city_core_tilesets/Store_Items/Doomsday Icons/Doomsday Icons/Bottle34.png,Bottle34.png,individual_png,,512,512,"[110, 7, 395, 506]",67.443,READY_BOTH,doomsday,"[""warning_indicator"", ""scheme_card"", ""world_decal""]",TextureRect,icon_both,OccludableIcons,0.5,90,"Iconography asset; use for UI, badges, decals, signage, screen graphics, or markers.",
pvg_icon_doomsday_icons_doomsday_bottle35_bb6d133b,doomsday_icons,res://assets/tilesets/cyber_city_core_tilesets/Store_Items/Doomsday Icons/Doomsday Icons/Bottle35.png,Bottle35.png,individual_png,,512,512,"[192, 14, 344, 491]",78.686,READY_BOTH,doomsday,"[""warning_indicator"", ""scheme_card"", ""world_decal""]",TextureRect,icon_both,OccludableIcons,0.5,90,"Iconography asset; use for UI, badges, decals, signage, screen graphics, or markers.",
pvg_icon_doomsday_icons_doomsday_bottle36_94cccc62,doomsday_icons,res://assets/tilesets/cyber_city_core_tilesets/Store_Items/Doomsday Icons/Doomsday Icons/Bottle36.png,Bottle36.png,individual_png,,512,512,"[154, 13, 354, 501]",76.844,READY_BOTH,doomsday,"[""warning_indicator"", ""scheme_card"", ""world_decal""]",TextureRect,icon_both,OccludableIcons,0.5,90,"Iconography asset; use for UI, badges, decals, signage, screen graphics, or markers.",
pvg_icon_doomsday_icons_doomsday_bottle37_f251505b,doomsday_icons,res://assets/tilesets/cyber_city_core_tilesets/Store_Items/Doomsday Icons/Doomsday Icons/Bottle37.png,Bottle37.png,individual_png,,512,512,"[204, 15, 326, 503]",82.52,READY_BOTH,doomsday,"[""warning_indicator"", ""scheme_card"", ""world_decal""]",TextureRect,icon_both,OccludableIcons,0.5,90,"Iconography asset; use for UI, badges, decals, signage, screen graphics, or markers.",
pvg_icon_doomsday_icons_doomsday_bottle38_f6630903,doomsday_icons,res://assets/tilesets/cyber_city_core_tilesets/Store_Items/Doomsday Icons/Doomsday Icons/Bottle38.png,Bottle38.png,individual_png,,512,512,"[148, 4, 344, 511]",73.096,READY_BOTH,doomsday,"[""warning_indicator"", ""scheme_card"", ""world_decal""]",TextureRect,icon_both,OccludableIcons,0.5,90,"Iconography asset; use for UI, badges, decals, signage, screen graphics, or markers.",
pvg_icon_doomsday_icons_doomsday_bottle39_9ed43b08,doomsday_icons,res://assets/tilesets/cyber_city_core_tilesets/Store_Items/Doomsday Icons/Doomsday Icons/Bottle39.png,Bottle39.png,individual_png,,512,512,"[168, 6, 299, 506]",79.243,READY_BOTH,doomsday,"[""warning_indicator"", ""scheme_card"", ""world_decal""]",TextureRect,icon_both,OccludableIcons,0.5,90,"Iconography asset; use for UI, badges, decals, signage, screen graphics, or markers.",
pvg_icon_doomsday_icons_doomsday_bottle4_533a713b,doomsday_icons,res://assets/tilesets/cyber_city_core_tilesets/Store_Items/Doomsday Icons/Doomsday Icons/Bottle4.png,Bottle4.png,individual_png,,512,512,"[160, 27, 380, 458]",78.162,READY_BOTH,doomsday,"[""warning_indicator"", ""scheme_card"", ""world_decal""]",TextureRect,icon_both,OccludableIcons,0.5,90,"Iconography asset; use for UI, badges, decals, signage, screen graphics, or markers.",
pvg_icon_doomsday_icons_doomsday_bottle40_a9446571,doomsday_icons,res://assets/tilesets/cyber_city_core_tilesets/Store_Items/Doomsday Icons/Doomsday Icons/Bottle40.png,Bottle40.png,individual_png,,512,512,"[162, 3, 307, 510]",78.404,READY_BOTH,doomsday,"[""warning_indicator"", ""scheme_card"", ""world_decal""]",TextureRect,icon_both,OccludableIcons,0.5,90,"Iconography asset; use for UI, badges, decals, signage, screen graphics, or markers.",
pvg_icon_doomsday_icons_doomsday_bottle5_62e88185,doomsday_icons,res://assets/tilesets/cyber_city_core_tilesets/Store_Items/Doomsday Icons/Doomsday Icons/Bottle5.png,Bottle5.png,individual_png,,512,512,"[184, 30, 340, 459]",81.324,READY_BOTH,doomsday,"[""warning_indicator"", ""scheme_card"", ""world_decal""]",TextureRect,icon_both,OccludableIcons,0.5,90,"Iconography asset; use for UI, badges, decals, signage, screen graphics, or markers.",
pvg_icon_doomsday_icons_doomsday_bottle6_831d43f7,doomsday_icons,res://assets/tilesets/cyber_city_core_tilesets/Store_Items/Doomsday Icons/Doomsday Icons/Bottle6.png,Bottle6.png,individual_png,,512,512,"[186, 21, 336, 475]",82.621,READY_BOTH,doomsday,"[""warning_indicator"", ""scheme_card"", ""world_decal""]",TextureRect,icon_both,OccludableIcons,0.5,90,"Iconography asset; use for UI, badges, decals, signage, screen graphics, or markers.",
pvg_icon_doomsday_icons_doomsday_bottle7_e95f1f9a,doomsday_icons,res://assets/tilesets/cyber_city_core_tilesets/Store_Items/Doomsday Icons/Doomsday Icons/Bottle7.png,Bottle7.png,individual_png,,512,512,"[176, 21, 349, 473]",79.082,READY_BOTH,doomsday,"[""warning_indicator"", ""scheme_card"", ""world_decal""]",TextureRect,icon_both,OccludableIcons,0.5,90,"Iconography asset; use for UI, badges, decals, signage, screen graphics, or markers.",
pvg_icon_doomsday_icons_doomsday_bottle8_5451f1ec,doomsday_icons,res://assets/tilesets/cyber_city_core_tilesets/Store_Items/Doomsday Icons/Doomsday Icons/Bottle8.png,Bottle8.png,individual_png,,512,512,"[180, 11, 328, 503]",79.971,READY_BOTH,doomsday,"[""warning_indicator"", ""scheme_card"", ""world_decal""]",TextureRect,icon_both,OccludableIcons,0.5,90,"Iconography asset; use for UI, badges, decals, signage, screen graphics, or markers.",
pvg_icon_doomsday_icons_doomsday_bottle9_8d7c24b1,doomsday_icons,res://assets/tilesets/cyber_city_core_tilesets/Store_Items/Doomsday Icons/Doomsday Icons/Bottle9.png,Bottle9.png,individual_png,,512,512,"[203, 4, 330, 497]",82.288,READY_BOTH,doomsday,"[""warning_indicator"", ""scheme_card"", ""world_decal""]",TextureRect,icon_both,OccludableIcons,0.5,90,"Iconography asset; use for UI, badges, decals, signage, screen graphics, or markers.",
pvg_icon_doomsday_icons_doomsday_bowl1_4b2796fa,doomsday_icons,res://assets/tilesets/cyber_city_core_tilesets/Store_Items/Doomsday Icons/Doomsday Icons/Bowl1.png,Bowl1.png,individual_png,,512,512,"[57, 173, 475, 429]",70.306,READY_BOTH,doomsday,"[""warning_indicator"", ""scheme_card"", ""world_decal""]",TextureRect,icon_both,OccludableIcons,0.5,90,"Iconography asset; use for UI, badges, decals, signage, screen graphics, or markers.",
pvg_icon_doomsday_icons_doomsday_bowl2_e036c8b7,doomsday_icons,res://assets/tilesets/cyber_city_core_tilesets/Store_Items/Doomsday Icons/Doomsday Icons/Bowl2.png,Bowl2.png,individual_png,,512,512,"[40, 194, 432, 413]",73.79,READY_BOTH,doomsday,"[""warning_indicator"", ""scheme_card"", ""world_decal""]",TextureRect,icon_both,OccludableIcons,0.5,90,"Iconography asset; use for UI, badges, decals, signage, screen graphics, or markers.",
pvg_icon_doomsday_icons_doomsday_bowl3_0ef73e2b,doomsday_icons,res://assets/tilesets/cyber_city_core_tilesets/Store_Items/Doomsday Icons/Doomsday Icons/Bowl3.png,Bowl3.png,individual_png,,512,512,"[32, 162, 484, 436]",65.562,READY_BOTH,doomsday,"[""warning_indicator"", ""scheme_card"", ""world_decal""]",TextureRect,icon_both,OccludableIcons,0.5,90,"Iconography asset; use for UI, badges, decals, signage, screen graphics, or markers.",
pvg_icon_doomsday_icons_doomsday_box_ammo1_9454cfb0,doomsday_icons,res://assets/tilesets/cyber_city_core_tilesets/Store_Items/Doomsday Icons/Doomsday Icons/Box_Ammo1.png,Box_Ammo1.png,individual_png,,512,512,"[22, 145, 479, 437]",61.246,READY_BOTH,doomsday,"[""warning_indicator"", ""scheme_card"", ""world_decal""]",TextureRect,icon_both,OccludableIcons,0.5,90,"Iconography asset; use for UI, badges, decals, signage, screen graphics, or markers.",
pvg_icon_doomsday_icons_doomsday_box_ammo2_e59584c7,doomsday_icons,res://assets/tilesets/cyber_city_core_tilesets/Store_Items/Doomsday Icons/Doomsday Icons/Box_Ammo2.png,Box_Ammo2.png,individual_png,,512,512,"[42, 71, 485, 446]",54.539,READY_BOTH,doomsday,"[""warning_indicator"", ""scheme_card"", ""world_decal""]",TextureRect,icon_both,OccludableIcons,0.5,90,"Iconography asset; use for UI, badges, decals, signage, screen graphics, or markers.",
pvg_icon_doomsday_icons_doomsday_box_ammo3_5c2fd2ba,doomsday_icons,res://assets/tilesets/cyber_city_core_tilesets/Store_Items/Doomsday Icons/Doomsday Icons/Box_Ammo3.png,Box_Ammo3.png,individual_png,,512,512,"[71, 27, 479, 478]",48.282,READY_BOTH,doomsday,"[""warning_indicator"", ""scheme_card"", ""world_decal""]",TextureRect,icon_both,OccludableIcons,0.5,90,"Iconography asset; use for UI, badges, decals, signage, screen graphics, or markers.",
pvg_icon_doomsday_icons_doomsday_box_ammo4_6af99876,doomsday_icons,res://assets/tilesets/cyber_city_core_tilesets/Store_Items/Doomsday Icons/Doomsday Icons/Box_Ammo4.png,Box_Ammo4.png,individual_png,,512,512,"[72, 68, 466, 452]",52.678,READY_BOTH,doomsday,"[""warning_indicator"", ""scheme_card"", ""world_decal""]",TextureRect,icon_both,OccludableIcons,0.5,90,"Iconography asset; use for UI, badges, decals, signage, screen graphics, or markers.",
pvg_icon_doomsday_icons_doomsday_box_ammo5_5d029303,doomsday_icons,res://assets/tilesets/cyber_city_core_tilesets/Store_Items/Doomsday Icons/Doomsday Icons/Box_Ammo5.png,Box_Ammo5.png,individual_png,,512,512,"[19, 55, 496, 502]",41.28,READY_BOTH,doomsday,"[""warning_indicator"", ""scheme_card"", ""world_decal""]",TextureRect,icon_both,OccludableIcons,0.5,90,"Iconography asset; use for UI, badges, decals, signage, screen graphics, or markers.",
pvg_icon_doomsday_icons_doomsday_box_ammo6_ec09ac2d,doomsday_icons,res://assets/tilesets/cyber_city_core_tilesets/Store_Items/Doomsday Icons/Doomsday Icons/Box_Ammo6.png,Box_Ammo6.png,individual_png,,512,512,"[57, 130, 471, 426]",60.511,READY_BOTH,doomsday,"[""warning_indicator"", ""scheme_card"", ""world_decal""]",TextureRect,icon_both,OccludableIcons,0.5,90,"Iconography asset; use for UI, badges, decals, signage, screen graphics, or markers.",
pvg_icon_doomsday_icons_doomsday_box_bloody1_f0ed2558,doomsday_icons,res://assets/tilesets/cyber_city_core_tilesets/Store_Items/Doomsday Icons/Doomsday Icons/Box_Bloody1.png,Box_Bloody1.png,individual_png,,512,512,"[6, 149, 502, 456]",58.054,READY_BOTH,doomsday,"[""warning_indicator"", ""scheme_card"", ""world_decal""]",TextureRect,icon_both,OccludableIcons,0.5,90,"Iconography asset; use for UI, badges, decals, signage, screen graphics, or markers.",
pvg_icon_doomsday_icons_doomsday_box_cardboard1_c9624245,doomsday_icons,res://assets/tilesets/cyber_city_core_tilesets/Store_Items/Doomsday Icons/Doomsday Icons/Box_Cardboard1.png,Box_Cardboard1.png,individual_png,,512,512,"[23, 76, 465, 473]",45.718,READY_BOTH,doomsday,"[""warning_indicator"", ""scheme_card"", ""world_decal""]",TextureRect,icon_both,OccludableIcons,0.5,90,"Iconography asset; use for UI, badges, decals, signage, screen graphics, or markers.",
pvg_icon_doomsday_icons_doomsday_box_cardboard10_71c5529f,doomsday_icons,res://assets/tilesets/cyber_city_core_tilesets/Store_Items/Doomsday Icons/Doomsday Icons/Box_Cardboard10.png,Box_Cardboard10.png,individual_png,,512,512,"[9, 126, 508, 446]",48.884,READY_BOTH,doomsday,"[""warning_indicator"", ""scheme_card"", ""world_decal""]",TextureRect,icon_both,OccludableIcons,0.5,90,"Iconography asset; use for UI, badges, decals, signage, screen graphics, or markers.",
pvg_icon_doomsday_icons_doomsday_box_cardboard11_118edfb0,doomsday_icons,res://assets/tilesets/cyber_city_core_tilesets/Store_Items/Doomsday Icons/Doomsday Icons/Box_Cardboard11.png,Box_Cardboard11.png,individual_png,,512,512,"[7, 140, 499, 460]",52.689,READY_BOTH,doomsday,"[""warning_indicator"", ""scheme_card"", ""world_decal""]",TextureRect,icon_both,OccludableIcons,0.5,90,"Iconography asset; use for UI, badges, decals, signage, screen graphics, or markers.",
pvg_icon_doomsday_icons_doomsday_box_cardboard2_70199338,doomsday_icons,res://assets/tilesets/cyber_city_core_tilesets/Store_Items/Doomsday Icons/Doomsday Icons/Box_Cardboard2.png,Box_Cardboard2.png,individual_png,,512,512,"[28, 99, 489, 450]",49.923,READY_BOTH,doomsday,"[""warning_indicator"", ""scheme_card"", ""world_decal""]",TextureRect,icon_both,OccludableIcons,0.5,90,"Iconography asset; use for UI, badges, decals, signage, screen graphics, or markers.",
pvg_icon_doomsday_icons_doomsday_box_cardboard3_a927bf5e,doomsday_icons,res://assets/tilesets/cyber_city_core_tilesets/Store_Items/Doomsday Icons/Doomsday Icons/Box_Cardboard3.png,Box_Cardboard3.png,individual_png,,512,512,"[16, 108, 468, 422]",57.671,READY_BOTH,doomsday,"[""warning_indicator"", ""scheme_card"", ""world_decal""]",TextureRect,icon_both,OccludableIcons,0.5,90,"Iconography asset; use for UI, badges, decals, signage, screen graphics, or markers.",
pvg_icon_doomsday_icons_doomsday_box_cardboard4_4fb309cc,doomsday_icons,res://assets/tilesets/cyber_city_core_tilesets/Store_Items/Doomsday Icons/Doomsday Icons/Box_Cardboard4.png,Box_Cardboard4.png,individual_png,,512,512,"[62, 138, 455, 449]",60.39,READY_BOTH,doomsday,"[""warning_indicator"", ""scheme_card"", ""world_decal""]",TextureRect,icon_both,OccludableIcons,0.5,90,"Iconography asset; use for UI, badges, decals, signage, screen graphics, or markers.",
pvg_icon_doomsday_icons_doomsday_box_cardboard5_6505e141,doomsday_icons,res://assets/tilesets/cyber_city_core_tilesets/Store_Items/Doomsday Icons/Doomsday Icons/Box_Cardboard5.png,Box_Cardboard5.png,individual_png,,512,512,"[45, 76, 471, 459]",51.517,READY_BOTH,doomsday,"[""warning_indicator"", ""scheme_card"", ""world_decal""]",TextureRect,icon_both,OccludableIcons,0.5,90,"Iconography asset; use for UI, badges, decals, signage, screen graphics, or markers.",
pvg_icon_doomsday_icons_doomsday_box_cardboard6_0c360899,doomsday_icons,res://assets/tilesets/cyber_city_core_tilesets/Store_Items/Doomsday Icons/Doomsday Icons/Box_Cardboard6.png,Box_Cardboard6.png,individual_png,,512,512,"[20, 116, 502, 484]",45.425,READY_BOTH,doomsday,"[""warning_indicator"", ""scheme_card"", ""world_decal""]",TextureRect,icon_both,OccludableIcons,0.5,90,"Iconography asset; use for UI, badges, decals, signage, screen graphics, or markers.",
pvg_icon_doomsday_icons_doomsday_box_cardboard7_c27e4061,doomsday_icons,res://assets/tilesets/cyber_city_core_tilesets/Store_Items/Doomsday Icons/Doomsday Icons/Box_Cardboard7.png,Box_Cardboard7.png,individual_png,,512,512,"[36, 113, 489, 463]",53.922,READY_BOTH,doomsday,"[""warning_indicator"", ""scheme_card"", ""world_decal""]",TextureRect,icon_both,OccludableIcons,0.5,90,"Iconography asset; use for UI, badges, decals, signage, screen graphics, or markers.",
pvg_icon_doomsday_icons_doomsday_box_cardboard8_96a192ae,doomsday_icons,res://assets/tilesets/cyber_city_core_tilesets/Store_Items/Doomsday Icons/Doomsday Icons/Box_Cardboard8.png,Box_Cardboard8.png,individual_png,,512,512,"[49, 94, 475, 477]",53.242,READY_BOTH,doomsday,"[""warning_indicator"", ""scheme_card"", ""world_decal""]",TextureRect,icon_both,OccludableIcons,0.5,90,"Iconography asset; use for UI, badges, decals, signage, screen graphics, or markers.",
pvg_icon_doomsday_icons_doomsday_box_cardboard9_f19c3f4c,doomsday_icons,res://assets/tilesets/cyber_city_core_tilesets/Store_Items/Doomsday Icons/Doomsday Icons/Box_Cardboard9.png,Box_Cardboard9.png,individual_png,,512,512,"[44, 83, 492, 481]",49.123,READY_BOTH,doomsday,"[""warning_indicator"", ""scheme_card"", ""world_decal""]",TextureRect,icon_both,OccludableIcons,0.5,90,"Iconography asset; use for UI, badges, decals, signage, screen graphics, or markers.",
pvg_icon_doomsday_icons_evidence_box_files1_070a8c46,doomsday_icons,res://assets/tilesets/cyber_city_core_tilesets/Store_Items/Doomsday Icons/Doomsday Icons/Box_Files1.png,Box_Files1.png,individual_png,,512,512,"[9, 116, 494, 456]",51.141,READY_UI_ICON,evidence,"[""evidence_board"", ""big_case"", ""inventory_icon""]",TextureRect,icon_ui,BehindPlayerIcons,0.5,-120,"Iconography asset; use for UI, badges, decals, signage, screen graphics, or markers.",World stamping of UI-first icons may look like a flat sticker.
pvg_icon_doomsday_icons_doomsday_box_garbage1_f3c36184,doomsday_icons,res://assets/tilesets/cyber_city_core_tilesets/Store_Items/Doomsday Icons/Doomsday Icons/Box_Garbage1.png,Box_Garbage1.png,individual_png,,512,512,"[29, 44, 472, 450]",52.761,READY_BOTH,doomsday,"[""warning_indicator"", ""scheme_card"", ""world_decal""]",TextureRect,icon_both,OccludableIcons,0.5,90,"Iconography asset; use for UI, badges, decals, signage, screen graphics, or markers.",
pvg_icon_doomsday_icons_doomsday_box_goods1_36e7dde1,doomsday_icons,res://assets/tilesets/cyber_city_core_tilesets/Store_Items/Doomsday Icons/Doomsday Icons/Box_Goods1.png,Box_Goods1.png,individual_png,,512,512,"[10, 152, 508, 452]",59.049,READY_BOTH,doomsday,"[""warning_indicator"", ""scheme_card"", ""world_decal""]",TextureRect,icon_both,OccludableIcons,0.5,90,"Iconography asset; use for UI, badges, decals, signage, screen graphics, or markers.",
pvg_icon_doomsday_icons_doomsday_box_goods2_8beaa7ba,doomsday_icons,res://assets/tilesets/cyber_city_core_tilesets/Store_Items/Doomsday Icons/Doomsday Icons/Box_Goods2.png,Box_Goods2.png,individual_png,,512,512,"[4, 98, 506, 450]",54.823,READY_BOTH,doomsday,"[""warning_indicator"", ""scheme_card"", ""world_decal""]",TextureRect,icon_both,OccludableIcons,0.5,90,"Iconography asset; use for UI, badges, decals, signage, screen graphics, or markers.",
pvg_icon_doomsday_icons_doomsday_box_goods3_ae3c4000,doomsday_icons,res://assets/tilesets/cyber_city_core_tilesets/Store_Items/Doomsday Icons/Doomsday Icons/Box_Goods3.png,Box_Goods3.png,individual_png,,512,512,"[0, 111, 502, 454]",52.452,READY_BOTH,doomsday,"[""warning_indicator"", ""scheme_card"", ""world_decal""]",TextureRect,icon_both,OccludableIcons,0.5,90,"Iconography asset; use for UI, badges, decals, signage, screen graphics, or markers.",
pvg_icon_doomsday_icons_doomsday_box_goods4_43e8b9f2,doomsday_icons,res://assets/tilesets/cyber_city_core_tilesets/Store_Items/Doomsday Icons/Doomsday Icons/Box_Goods4.png,Box_Goods4.png,individual_png,,512,512,"[1, 155, 508, 442]",60.936,READY_BOTH,doomsday,"[""warning_indicator"", ""scheme_card"", ""world_decal""]",TextureRect,icon_both,OccludableIcons,0.5,90,"Iconography asset; use for UI, badges, decals, signage, screen graphics, or markers.",
pvg_icon_doomsday_icons_doomsday_box_goods5_05481601,doomsday_icons,res://assets/tilesets/cyber_city_core_tilesets/Store_Items/Doomsday Icons/Doomsday Icons/Box_Goods5.png,Box_Goods5.png,individual_png,,512,512,"[10, 88, 501, 472]",51.911,READY_BOTH,doomsday,"[""warning_indicator"", ""scheme_card"", ""world_decal""]",TextureRect,icon_both,OccludableIcons,0.5,90,"Iconography asset; use for UI, badges, decals, signage, screen graphics, or markers.",
pvg_icon_doomsday_icons_doomsday_box_goods6_cc3d27fd,doomsday_icons,res://assets/tilesets/cyber_city_core_tilesets/Store_Items/Doomsday Icons/Doomsday Icons/Box_Goods6.png,Box_Goods6.png,individual_png,,512,512,"[1, 74, 509, 450]",57.457,READY_BOTH,doomsday,"[""warning_indicator"", ""scheme_card"", ""world_decal""]",TextureRect,icon_both,OccludableIcons,0.5,90,"Iconography asset; use for UI, badges, decals, signage, screen graphics, or markers.",
pvg_icon_doomsday_icons_doomsday_box_grenades1_be15d42f,doomsday_icons,res://assets/tilesets/cyber_city_core_tilesets/Store_Items/Doomsday Icons/Doomsday Icons/Box_Grenades1.png,Box_Grenades1.png,individual_png,,512,512,"[10, 181, 498, 384]",69.632,READY_BOTH,doomsday,"[""warning_indicator"", ""scheme_card"", ""world_decal""]",TextureRect,icon_both,OccludableIcons,0.5,90,"Iconography asset; use for UI, badges, decals, signage, screen graphics, or markers.",
pvg_icon_doomsday_icons_doomsday_box_metal1_df64b780,doomsday_icons,res://assets/tilesets/cyber_city_core_tilesets/Store_Items/Doomsday Icons/Doomsday Icons/Box_Metal1.png,Box_Metal1.png,individual_png,,512,512,"[1, 118, 506, 420]",53.282,READY_BOTH,doomsday,"[""warning_indicator"", ""scheme_card"", ""world_decal""]",TextureRect,icon_both,OccludableIcons,0.5,90,"Iconography asset; use for UI, badges, decals, signage, screen graphics, or markers.",
pvg_icon_doomsday_icons_doomsday_box_military1_7eaf0904,doomsday_icons,res://assets/tilesets/cyber_city_core_tilesets/Store_Items/Doomsday Icons/Doomsday Icons/Box_Military1.png,Box_Military1.png,individual_png,,512,512,"[5, 166, 504, 405]",67.22,READY_BOTH,doomsday,"[""warning_indicator"", ""scheme_card"", ""world_decal""]",TextureRect,icon_both,OccludableIcons,0.5,90,"Iconography asset; use for UI, badges, decals, signage, screen graphics, or markers.",
pvg_icon_doomsday_icons_doomsday_box_military2_fbad0175,doomsday_icons,res://assets/tilesets/cyber_city_core_tilesets/Store_Items/Doomsday Icons/Doomsday Icons/Box_Military2.png,Box_Military2.png,individual_png,,512,512,"[14, 116, 490, 439]",51.603,READY_BOTH,doomsday,"[""warning_indicator"", ""scheme_card"", ""world_decal""]",TextureRect,icon_both,OccludableIcons,0.5,90,"Iconography asset; use for UI, badges, decals, signage, screen graphics, or markers.",
pvg_icon_doomsday_icons_doomsday_box_rations1_9c81cf37,doomsday_icons,res://assets/tilesets/cyber_city_core_tilesets/Store_Items/Doomsday Icons/Doomsday Icons/Box_Rations1.png,Box_Rations1.png,individual_png,,512,512,"[40, 166, 490, 447]",62.355,READY_BOTH,doomsday,"[""warning_indicator"", ""scheme_card"", ""world_decal""]",TextureRect,icon_both,OccludableIcons,0.5,90,"Iconography asset; use for UI, badges, decals, signage, screen graphics, or markers.",
pvg_icon_doomsday_icons_doomsday_box_rations2_0ca0602a,doomsday_icons,res://assets/tilesets/cyber_city_core_tilesets/Store_Items/Doomsday Icons/Doomsday Icons/Box_Rations2.png,Box_Rations2.png,individual_png,,512,512,"[25, 145, 495, 435]",57.709,READY_BOTH,doomsday,"[""warning_indicator"", ""scheme_card"", ""world_decal""]",TextureRect,icon_both,OccludableIcons,0.5,90,"Iconography asset; use for UI, badges, decals, signage, screen graphics, or markers.",
pvg_icon_doomsday_icons_doomsday_box_rations3_7f38f817,doomsday_icons,res://assets/tilesets/cyber_city_core_tilesets/Store_Items/Doomsday Icons/Doomsday Icons/Box_Rations3.png,Box_Rations3.png,individual_png,,512,512,"[3, 219, 501, 377]",76.947,READY_BOTH,doomsday,"[""warning_indicator"", ""scheme_card"", ""world_decal""]",TextureRect,icon_both,OccludableIcons,0.5,90,"Iconography asset; use for UI, badges, decals, signage, screen graphics, or markers.",
pvg_icon_doomsday_icons_doomsday_box_rations4_1a3d67d5,doomsday_icons,res://assets/tilesets/cyber_city_core_tilesets/Store_Items/Doomsday Icons/Doomsday Icons/Box_Rations4.png,Box_Rations4.png,individual_png,,512,512,"[3, 225, 501, 378]",77.471,READY_BOTH,doomsday,"[""warning_indicator"", ""scheme_card"", ""world_decal""]",TextureRect,icon_both,OccludableIcons,0.5,90,"Iconography asset; use for UI, badges, decals, signage, screen graphics, or markers.",
pvg_icon_doomsday_icons_doomsday_box_rations5_fbb86032,doomsday_icons,res://assets/tilesets/cyber_city_core_tilesets/Store_Items/Doomsday Icons/Doomsday Icons/Box_Rations5.png,Box_Rations5.png,individual_png,,512,512,"[72, 167, 461, 434]",67.968,READY_BOTH,doomsday,"[""warning_indicator"", ""scheme_card"", ""world_decal""]",TextureRect,icon_both,OccludableIcons,0.5,90,"Iconography asset; use for UI, badges, decals, signage, screen graphics, or markers.",
pvg_icon_doomsday_icons_doomsday_box_rations6_e15a03cc,doomsday_icons,res://assets/tilesets/cyber_city_core_tilesets/Store_Items/Doomsday Icons/Doomsday Icons/Box_Rations6.png,Box_Rations6.png,individual_png,,512,512,"[23, 61, 484, 473]",42.964,READY_BOTH,doomsday,"[""warning_indicator"", ""scheme_card"", ""world_decal""]",TextureRect,icon_both,OccludableIcons,0.5,90,"Iconography asset; use for UI, badges, decals, signage, screen graphics, or markers.",
pvg_icon_doomsday_icons_doomsday_brick1_45f3708e,doomsday_icons,res://assets/tilesets/cyber_city_core_tilesets/Store_Items/Doomsday Icons/Doomsday Icons/Brick1.png,Brick1.png,individual_png,,512,512,"[56, 48, 478, 469]",63.468,READY_BOTH,doomsday,"[""warning_indicator"", ""scheme_card"", ""world_decal""]",TextureRect,icon_both,OccludableIcons,0.5,90,"Iconography asset; use for UI, badges, decals, signage, screen graphics, or markers.",
pvg_icon_doomsday_icons_doomsday_broom1_db6109c3,doomsday_icons,res://assets/tilesets/cyber_city_core_tilesets/Store_Items/Doomsday Icons/Doomsday Icons/Broom1.png,Broom1.png,individual_png,,512,512,"[167, 6, 345, 491]",95.226,READY_BOTH,doomsday,"[""warning_indicator"", ""scheme_card"", ""world_decal""]",TextureRect,icon_both,OccludableIcons,0.5,90,"Iconography asset; use for UI, badges, decals, signage, screen graphics, or markers.",
pvg_icon_doomsday_icons_doomsday_bucket1_abdd739a,doomsday_icons,res://assets/tilesets/cyber_city_core_tilesets/Store_Items/Doomsday Icons/Doomsday Icons/Bucket1.png,Bucket1.png,individual_png,,512,512,"[146, 25, 393, 461]",72.985,READY_BOTH,doomsday,"[""warning_indicator"", ""scheme_card"", ""world_decal""]",TextureRect,icon_both,OccludableIcons,0.5,90,"Iconography asset; use for UI, badges, decals, signage, screen graphics, or markers.",
pvg_icon_doomsday_icons_doomsday_bucket2_f83dfb5f,doomsday_icons,res://assets/tilesets/cyber_city_core_tilesets/Store_Items/Doomsday Icons/Doomsday Icons/Bucket2.png,Bucket2.png,individual_png,,512,512,"[86, 113, 407, 453]",67.802,READY_BOTH,doomsday,"[""warning_indicator"", ""scheme_card"", ""world_decal""]",TextureRect,icon_both,OccludableIcons,0.5,90,"Iconography asset; use for UI, badges, decals, signage, screen graphics, or markers.",
pvg_icon_doomsday_icons_doomsday_bucket_offal1_3991d1c1,doomsday_icons,res://assets/tilesets/cyber_city_core_tilesets/Store_Items/Doomsday Icons/Doomsday Icons/Bucket_Offal1.png,Bucket_Offal1.png,individual_png,,512,512,"[29, 25, 469, 497]",49.912,READY_BOTH,doomsday,"[""warning_indicator"", ""scheme_card"", ""world_decal""]",TextureRect,icon_both,OccludableIcons,0.5,90,"Iconography asset; use for UI, badges, decals, signage, screen graphics, or markers.",
pvg_icon_doomsday_icons_doomsday_bullet1_c901d0a5,doomsday_icons,res://assets/tilesets/cyber_city_core_tilesets/Store_Items/Doomsday Icons/Doomsday Icons/Bullet1.png,Bullet1.png,individual_png,,512,512,"[152, 129, 422, 389]",91.95,READY_BOTH,doomsday,"[""warning_indicator"", ""scheme_card"", ""world_decal""]",TextureRect,icon_both,OccludableIcons,0.5,90,"Iconography asset; use for UI, badges, decals, signage, screen graphics, or markers.",
pvg_icon_doomsday_icons_doomsday_bullets1_de2924b1,doomsday_icons,res://assets/tilesets/cyber_city_core_tilesets/Store_Items/Doomsday Icons/Doomsday Icons/Bullets1.png,Bullets1.png,individual_png,,512,512,"[4, 162, 507, 429]",83.294,READY_BOTH,doomsday,"[""warning_indicator"", ""scheme_card"", ""world_decal""]",TextureRect,icon_both,OccludableIcons,0.5,90,"Iconography asset; use for UI, badges, decals, signage, screen graphics, or markers.",
pvg_icon_doomsday_icons_doomsday_bunker_device1_17b7e6bc,doomsday_icons,res://assets/tilesets/cyber_city_core_tilesets/Store_Items/Doomsday Icons/Doomsday Icons/Bunker_Device1.png,Bunker_Device1.png,individual_png,,512,512,"[12, 87, 501, 450]",53.77,READY_BOTH,doomsday,"[""warning_indicator"", ""scheme_card"", ""world_decal""]",TextureRect,icon_both,OccludableIcons,0.5,90,"Iconography asset; use for UI, badges, decals, signage, screen graphics, or markers.",
pvg_icon_doomsday_icons_doomsday_bunker_device2_f96f9f40,doomsday_icons,res://assets/tilesets/cyber_city_core_tilesets/Store_Items/Doomsday Icons/Doomsday Icons/Bunker_Device2.png,Bunker_Device2.png,individual_png,,512,512,"[110, 5, 359, 510]",61.608,READY_BOTH,doomsday,"[""warning_indicator"", ""scheme_card"", ""world_decal""]",TextureRect,icon_both,OccludableIcons,0.5,90,"Iconography asset; use for UI, badges, decals, signage, screen graphics, or markers.",
pvg_icon_doomsday_icons_doomsday_bunker_device3_bf9263c8,doomsday_icons,res://assets/tilesets/cyber_city_core_tilesets/Store_Items/Doomsday Icons/Doomsday Icons/Bunker_Device3.png,Bunker_Device3.png,individual_png,,512,512,"[6, 13, 505, 488]",37.317,READY_BOTH,doomsday,"[""warning_indicator"", ""scheme_card"", ""world_decal""]",TextureRect,icon_both,OccludableIcons,0.5,90,"Iconography asset; use for UI, badges, decals, signage, screen graphics, or markers.",
pvg_icon_doomsday_icons_doomsday_bunker_device4_63ffc321,doomsday_icons,res://assets/tilesets/cyber_city_core_tilesets/Store_Items/Doomsday Icons/Doomsday Icons/Bunker_Device4.png,Bunker_Device4.png,individual_png,,512,512,"[49, 3, 488, 509]",36.74,READY_BOTH,doomsday,"[""warning_indicator"", ""scheme_card"", ""world_decal""]",TextureRect,icon_both,OccludableIcons,0.5,90,"Iconography asset; use for UI, badges, decals, signage, screen graphics, or markers.",
pvg_icon_doomsday_icons_security_bunker_scanner1_58716206,doomsday_icons,res://assets/tilesets/cyber_city_core_tilesets/Store_Items/Doomsday Icons/Doomsday Icons/Bunker_Scanner1.png,Bunker_Scanner1.png,individual_png,,512,512,"[61, 65, 490, 429]",52.345,READY_BOTH,security,"[""security_indicator"", ""warning_indicator"", ""mission_board"", ""world_decal"", ""screen_graphic""]",TextureRect,icon_both,OccludableIcons,0.5,90,"Iconography asset; use for UI, badges, decals, signage, screen graphics, or markers.",
pvg_icon_doomsday_icons_doomsday_bunker_vent1_583d4037,doomsday_icons,res://assets/tilesets/cyber_city_core_tilesets/Store_Items/Doomsday Icons/Doomsday Icons/Bunker_Vent1.png,Bunker_Vent1.png,individual_png,,512,512,"[41, 36, 481, 463]",43.684,READY_BOTH,doomsday,"[""warning_indicator"", ""scheme_card"", ""world_decal""]",TextureRect,icon_both,OccludableIcons,0.5,90,"Iconography asset; use for UI, badges, decals, signage, screen graphics, or markers.",
pvg_icon_doomsday_icons_doomsday_busstop1_8a76f5f3,doomsday_icons,res://assets/tilesets/cyber_city_core_tilesets/Store_Items/Doomsday Icons/Doomsday Icons/BusStop1.png,BusStop1.png,individual_png,,512,512,"[4, 47, 503, 472]",44.017,READY_BOTH,doomsday,"[""warning_indicator"", ""scheme_card"", ""world_decal""]",TextureRect,icon_both,OccludableIcons,0.5,90,"Iconography asset; use for UI, badges, decals, signage, screen graphics, or markers.",
pvg_icon_doomsday_icons_doomsday_butane1_7fb2f680,doomsday_icons,res://assets/tilesets/cyber_city_core_tilesets/Store_Items/Doomsday Icons/Doomsday Icons/Butane1.png,Butane1.png,individual_png,,512,512,"[90, 16, 395, 483]",71.402,READY_BOTH,doomsday,"[""warning_indicator"", ""scheme_card"", ""world_decal""]",TextureRect,icon_both,OccludableIcons,0.5,90,"Iconography asset; use for UI, badges, decals, signage, screen graphics, or markers.",
pvg_icon_doomsday_icons_doomsday_cabinet1_a61802a6,doomsday_icons,res://assets/tilesets/cyber_city_core_tilesets/Store_Items/Doomsday Icons/Doomsday Icons/Cabinet1.png,Cabinet1.png,individual_png,,512,512,"[9, 78, 503, 476]",34.958,READY_BOTH,doomsday,"[""warning_indicator"", ""scheme_card"", ""world_decal""]",TextureRect,icon_both,OccludableIcons,0.5,90,"Iconography asset; use for UI, badges, decals, signage, screen graphics, or markers.",
pvg_icon_doomsday_icons_doomsday_cabinet2_54c989e6,doomsday_icons,res://assets/tilesets/cyber_city_core_tilesets/Store_Items/Doomsday Icons/Doomsday Icons/Cabinet2.png,Cabinet2.png,individual_png,,512,512,"[9, 75, 503, 508]",32.973,READY_BOTH,doomsday,"[""warning_indicator"", ""scheme_card"", ""world_decal""]",TextureRect,icon_both,OccludableIcons,0.5,90,"Iconography asset; use for UI, badges, decals, signage, screen graphics, or markers.",
pvg_icon_doomsday_icons_doomsday_cabinet3_b37b9fb9,doomsday_icons,res://assets/tilesets/cyber_city_core_tilesets/Store_Items/Doomsday Icons/Doomsday Icons/Cabinet3.png,Cabinet3.png,individual_png,,512,512,"[4, 138, 504, 441]",68.737,READY_BOTH,doomsday,"[""warning_indicator"", ""scheme_card"", ""world_decal""]",TextureRect,icon_both,OccludableIcons,0.5,90,"Iconography asset; use for UI, badges, decals, signage, screen graphics, or markers.",
pvg_icon_doomsday_icons_doomsday_cable1_ad7af3f7,doomsday_icons,res://assets/tilesets/cyber_city_core_tilesets/Store_Items/Doomsday Icons/Doomsday Icons/Cable1.png,Cable1.png,individual_png,,512,512,"[25, 119, 493, 416]",60.451,READY_BOTH,doomsday,"[""warning_indicator"", ""scheme_card"", ""world_decal""]",TextureRect,icon_both,OccludableIcons,0.5,90,"Iconography asset; use for UI, badges, decals, signage, screen graphics, or markers.",
pvg_icon_doomsday_icons_doomsday_cable2_ac8a829e,doomsday_icons,res://assets/tilesets/cyber_city_core_tilesets/Store_Items/Doomsday Icons/Doomsday Icons/Cable2.png,Cable2.png,individual_png,,512,512,"[12, 140, 489, 340]",95.705,READY_BOTH,doomsday,"[""warning_indicator"", ""scheme_card"", ""world_decal""]",TextureRect,icon_both,OccludableIcons,0.5,90,"Iconography asset; use for UI, badges, decals, signage, screen graphics, or markers.",
pvg_icon_doomsday_icons_doomsday_cablespool1_27a77da1,doomsday_icons,res://assets/tilesets/cyber_city_core_tilesets/Store_Items/Doomsday Icons/Doomsday Icons/CableSpool1.png,CableSpool1.png,individual_png,,512,512,"[62, 4, 454, 490]",47.303,READY_BOTH,doomsday,"[""warning_indicator"", ""scheme_card"", ""world_decal""]",TextureRect,icon_both,OccludableIcons,0.5,90,"Iconography asset; use for UI, badges, decals, signage, screen graphics, or markers.",
pvg_icon_doomsday_icons_doomsday_cage1_f29fa095,doomsday_icons,res://assets/tilesets/cyber_city_core_tilesets/Store_Items/Doomsday Icons/Doomsday Icons/Cage1.png,Cage1.png,individual_png,,512,512,"[74, 3, 459, 506]",36.497,READY_BOTH,doomsday,"[""warning_indicator"", ""scheme_card"", ""world_decal""]",TextureRect,icon_both,OccludableIcons,0.5,90,"Iconography asset; use for UI, badges, decals, signage, screen graphics, or markers.",
pvg_icon_doomsday_icons_doomsday_calculator1_9845312b,doomsday_icons,res://assets/tilesets/cyber_city_core_tilesets/Store_Items/Doomsday Icons/Doomsday Icons/Calculator1.png,Calculator1.png,individual_png,,512,512,"[110, 83, 397, 423]",70.599,READY_BOTH,doomsday,"[""warning_indicator"", ""scheme_card"", ""world_decal""]",TextureRect,icon_both,OccludableIcons,0.5,90,"Iconography asset; use for UI, badges, decals, signage, screen graphics, or markers.",
pvg_icon_doomsday_icons_security_camera1_e8caa245,doomsday_icons,res://assets/tilesets/cyber_city_core_tilesets/Store_Items/Doomsday Icons/Doomsday Icons/Camera1.png,Camera1.png,individual_png,,512,512,"[96, 39, 426, 437]",79.625,READY_BOTH,security,"[""security_indicator"", ""warning_indicator"", ""mission_board"", ""world_decal"", ""screen_graphic""]",TextureRect,icon_both,OccludableIcons,0.5,90,"Iconography asset; use for UI, badges, decals, signage, screen graphics, or markers.",
pvg_icon_doomsday_icons_map_pin_campingkit1_24a4a57a,doomsday_icons,res://assets/tilesets/cyber_city_core_tilesets/Store_Items/Doomsday Icons/Doomsday Icons/CampingKit1.png,CampingKit1.png,individual_png,,512,512,"[8, 84, 499, 428]",58.481,READY_UI_ICON,map_pin,"[""map_pin"", ""objective_marker""]",TextureRect,icon_ui,BehindPlayerIcons,0.5,-120,"Iconography asset; use for UI, badges, decals, signage, screen graphics, or markers.",World stamping of UI-first icons may look like a flat sticker.
pvg_icon_doomsday_icons_doomsday_campstove1_f5d6f609,doomsday_icons,res://assets/tilesets/cyber_city_core_tilesets/Store_Items/Doomsday Icons/Doomsday Icons/CampStove1.png,CampStove1.png,individual_png,,512,512,"[3, 110, 511, 437]",56.847,READY_BOTH,doomsday,"[""warning_indicator"", ""scheme_card"", ""world_decal""]",TextureRect,icon_both,OccludableIcons,0.5,90,"Iconography asset; use for UI, badges, decals, signage, screen graphics, or markers.",
pvg_icon_doomsday_icons_doomsday_can1_f6640571,doomsday_icons,res://assets/tilesets/cyber_city_core_tilesets/Store_Items/Doomsday Icons/Doomsday Icons/Can1.png,Can1.png,individual_png,,512,512,"[134, 38, 427, 443]",69.185,READY_BOTH,doomsday,"[""warning_indicator"", ""scheme_card"", ""world_decal""]",TextureRect,icon_both,OccludableIcons,0.5,90,"Iconography asset; use for UI, badges, decals, signage, screen graphics, or markers.",
pvg_icon_doomsday_icons_doomsday_can10_1d99c51f,doomsday_icons,res://assets/tilesets/cyber_city_core_tilesets/Store_Items/Doomsday Icons/Doomsday Icons/Can10.png,Can10.png,individual_png,,512,512,"[77, 108, 434, 451]",58.866,READY_BOTH,doomsday,"[""warning_indicator"", ""scheme_card"", ""world_decal""]",TextureRect,icon_both,OccludableIcons,0.5,90,"Iconography asset; use for UI, badges, decals, signage, screen graphics, or markers.",
pvg_icon_doomsday_icons_doomsday_can11_8ea97fd5,doomsday_icons,res://assets/tilesets/cyber_city_core_tilesets/Store_Items/Doomsday Icons/Doomsday Icons/Can11.png,Can11.png,individual_png,,512,512,"[105, 119, 404, 424]",68.056,READY_BOTH,doomsday,"[""warning_indicator"", ""scheme_card"", ""world_decal""]",TextureRect,icon_both,OccludableIcons,0.5,90,"Iconography asset; use for UI, badges, decals, signage, screen graphics, or markers.",
pvg_icon_doomsday_icons_doomsday_can12_4400788f,doomsday_icons,res://assets/tilesets/cyber_city_core_tilesets/Store_Items/Doomsday Icons/Doomsday Icons/Can12.png,Can12.png,individual_png,,512,512,"[132, 108, 376, 445]",72.445,READY_BOTH,doomsday,"[""warning_indicator"", ""scheme_card"", ""world_decal""]",TextureRect,icon_both,OccludableIcons,0.5,90,"Iconography asset; use for UI, badges, decals, signage, screen graphics, or markers.",
pvg_icon_doomsday_icons_doomsday_can13_a9413cbb,doomsday_icons,res://assets/tilesets/cyber_city_core_tilesets/Store_Items/Doomsday Icons/Doomsday Icons/Can13.png,Can13.png,individual_png,,512,512,"[164, 38, 356, 454]",77.048,READY_BOTH,doomsday,"[""warning_indicator"", ""scheme_card"", ""world_decal""]",TextureRect,icon_both,OccludableIcons,0.5,90,"Iconography asset; use for UI, badges, decals, signage, screen graphics, or markers.",
pvg_icon_doomsday_icons_doomsday_can14_a8a74df7,doomsday_icons,res://assets/tilesets/cyber_city_core_tilesets/Store_Items/Doomsday Icons/Doomsday Icons/Can14.png,Can14.png,individual_png,,512,512,"[152, 98, 360, 450]",74.417,READY_BOTH,doomsday,"[""warning_indicator"", ""scheme_card"", ""world_decal""]",TextureRect,icon_both,OccludableIcons,0.5,90,"Iconography asset; use for UI, badges, decals, signage, screen graphics, or markers.",
pvg_icon_doomsday_icons_doomsday_can15_cab9a070,doomsday_icons,res://assets/tilesets/cyber_city_core_tilesets/Store_Items/Doomsday Icons/Doomsday Icons/Can15.png,Can15.png,individual_png,,512,512,"[161, 18, 337, 480]",74.566,READY_BOTH,doomsday,"[""warning_indicator"", ""scheme_card"", ""world_decal""]",TextureRect,icon_both,OccludableIcons,0.5,90,"Iconography asset; use for UI, badges, decals, signage, screen graphics, or markers.",
pvg_icon_doomsday_icons_doomsday_can16_a324ce5a,doomsday_icons,res://assets/tilesets/cyber_city_core_tilesets/Store_Items/Doomsday Icons/Doomsday Icons/Can16.png,Can16.png,individual_png,,512,512,"[94, 73, 438, 469]",53.803,READY_BOTH,doomsday,"[""warning_indicator"", ""scheme_card"", ""world_decal""]",TextureRect,icon_both,OccludableIcons,0.5,90,"Iconography asset; use for UI, badges, decals, signage, screen graphics, or markers.",
pvg_icon_doomsday_icons_doomsday_can17_08453d26,doomsday_icons,res://assets/tilesets/cyber_city_core_tilesets/Store_Items/Doomsday Icons/Doomsday Icons/Can17.png,Can17.png,individual_png,,512,512,"[138, 48, 370, 468]",69.032,READY_BOTH,doomsday,"[""warning_indicator"", ""scheme_card"", ""world_decal""]",TextureRect,icon_both,OccludableIcons,0.5,90,"Iconography asset; use for UI, badges, decals, signage, screen graphics, or markers.",
pvg_icon_doomsday_icons_doomsday_can18_31452702,doomsday_icons,res://assets/tilesets/cyber_city_core_tilesets/Store_Items/Doomsday Icons/Doomsday Icons/Can18.png,Can18.png,individual_png,,512,512,"[134, 3, 383, 508]",62.116,READY_BOTH,doomsday,"[""warning_indicator"", ""scheme_card"", ""world_decal""]",TextureRect,icon_both,OccludableIcons,0.5,90,"Iconography asset; use for UI, badges, decals, signage, screen graphics, or markers.",
pvg_icon_doomsday_icons_doomsday_can19_ec2dcda1,doomsday_icons,res://assets/tilesets/cyber_city_core_tilesets/Store_Items/Doomsday Icons/Doomsday Icons/Can19.png,Can19.png,individual_png,,512,512,"[102, 48, 405, 483]",54.781,READY_BOTH,doomsday,"[""warning_indicator"", ""scheme_card"", ""world_decal""]",TextureRect,icon_both,OccludableIcons,0.5,90,"Iconography asset; use for UI, badges, decals, signage, screen graphics, or markers.",
pvg_icon_doomsday_icons_doomsday_can2_9bb3e324,doomsday_icons,res://assets/tilesets/cyber_city_core_tilesets/Store_Items/Doomsday Icons/Doomsday Icons/Can2.png,Can2.png,individual_png,,512,512,"[144, 41, 395, 460]",64.848,READY_BOTH,doomsday,"[""warning_indicator"", ""scheme_card"", ""world_decal""]",TextureRect,icon_both,OccludableIcons,0.5,90,"Iconography asset; use for UI, badges, decals, signage, screen graphics, or markers.",
pvg_icon_doomsday_icons_doomsday_can20_6d9f8da6,doomsday_icons,res://assets/tilesets/cyber_city_core_tilesets/Store_Items/Doomsday Icons/Doomsday Icons/Can20.png,Can20.png,individual_png,,512,512,"[52, 118, 469, 398]",68.94,READY_BOTH,doomsday,"[""warning_indicator"", ""scheme_card"", ""world_decal""]",TextureRect,icon_both,OccludableIcons,0.5,90,"Iconography asset; use for UI, badges, decals, signage, screen graphics, or markers.",
pvg_icon_doomsday_icons_doomsday_can21_1c18c8b6,doomsday_icons,res://assets/tilesets/cyber_city_core_tilesets/Store_Items/Doomsday Icons/Doomsday Icons/Can21.png,Can21.png,individual_png,,512,512,"[98, 18, 403, 476]",70.06,READY_BOTH,doomsday,"[""warning_indicator"", ""scheme_card"", ""world_decal""]",TextureRect,icon_both,OccludableIcons,0.5,90,"Iconography asset; use for UI, badges, decals, signage, screen graphics, or markers.",
pvg_icon_doomsday_icons_doomsday_can22_47f935b1,doomsday_icons,res://assets/tilesets/cyber_city_core_tilesets/Store_Items/Doomsday Icons/Doomsday Icons/Can22.png,Can22.png,individual_png,,512,512,"[123, 26, 416, 491]",53.897,READY_BOTH,doomsday,"[""warning_indicator"", ""scheme_card"", ""world_decal""]",TextureRect,icon_both,OccludableIcons,0.5,90,"Iconography asset; use for UI, badges, decals, signage, screen graphics, or markers.",
pvg_icon_doomsday_icons_doomsday_can23_866a025d,doomsday_icons,res://assets/tilesets/cyber_city_core_tilesets/Store_Items/Doomsday Icons/Doomsday Icons/Can23.png,Can23.png,individual_png,,512,512,"[105, 22, 398, 491]",53.796,READY_BOTH,doomsday,"[""warning_indicator"", ""scheme_card"", ""world_decal""]",TextureRect,icon_both,OccludableIcons,0.5,90,"Iconography asset; use for UI, badges, decals, signage, screen graphics, or markers.",
pvg_icon_doomsday_icons_doomsday_can24_adea7c94,doomsday_icons,res://assets/tilesets/cyber_city_core_tilesets/Store_Items/Doomsday Icons/Doomsday Icons/Can24.png,Can24.png,individual_png,,512,512,"[47, 116, 476, 439]",52.694,READY_BOTH,doomsday,"[""warning_indicator"", ""scheme_card"", ""world_decal""]",TextureRect,icon_both,OccludableIcons,0.5,90,"Iconography asset; use for UI, badges, decals, signage, screen graphics, or markers.",
pvg_icon_doomsday_icons_doomsday_can25_426f819f,doomsday_icons,res://assets/tilesets/cyber_city_core_tilesets/Store_Items/Doomsday Icons/Doomsday Icons/Can25.png,Can25.png,individual_png,,512,512,"[45, 107, 498, 457]",46.341,READY_BOTH,doomsday,"[""warning_indicator"", ""scheme_card"", ""world_decal""]",TextureRect,icon_both,OccludableIcons,0.5,90,"Iconography asset; use for UI, badges, decals, signage, screen graphics, or markers.",
pvg_icon_doomsday_icons_doomsday_can3_22f32dd4,doomsday_icons,res://assets/tilesets/cyber_city_core_tilesets/Store_Items/Doomsday Icons/Doomsday Icons/Can3.png,Can3.png,individual_png,,512,512,"[102, 45, 399, 450]",59.402,READY_BOTH,doomsday,"[""warning_indicator"", ""scheme_card"", ""world_decal""]",TextureRect,icon_both,OccludableIcons,0.5,90,"Iconography asset; use for UI, badges, decals, signage, screen graphics, or markers.",
pvg_icon_doomsday_icons_doomsday_can4_bff532cd,doomsday_icons,res://assets/tilesets/cyber_city_core_tilesets/Store_Items/Doomsday Icons/Doomsday Icons/Can4.png,Can4.png,individual_png,,512,512,"[104, 62, 397, 462]",59.744,READY_BOTH,doomsday,"[""warning_indicator"", ""scheme_card"", ""world_decal""]",TextureRect,icon_both,OccludableIcons,0.5,90,"Iconography asset; use for UI, badges, decals, signage, screen graphics, or markers.",
pvg_icon_doomsday_icons_doomsday_can5_2a1832b0,doomsday_icons,res://assets/tilesets/cyber_city_core_tilesets/Store_Items/Doomsday Icons/Doomsday Icons/Can5.png,Can5.png,individual_png,,512,512,"[101, 58, 415, 470]",58.606,READY_BOTH,doomsday,"[""warning_indicator"", ""scheme_card"", ""world_decal""]",TextureRect,icon_both,OccludableIcons,0.5,90,"Iconography asset; use for UI, badges, decals, signage, screen graphics, or markers.",
pvg_icon_doomsday_icons_doomsday_can6_97a7fffb,doomsday_icons,res://assets/tilesets/cyber_city_core_tilesets/Store_Items/Doomsday Icons/Doomsday Icons/Can6.png,Can6.png,individual_png,,512,512,"[89, 201, 409, 403]",78.733,READY_BOTH,doomsday,"[""warning_indicator"", ""scheme_card"", ""world_decal""]",TextureRect,icon_both,OccludableIcons,0.5,90,"Iconography asset; use for UI, badges, decals, signage, screen graphics, or markers.",
pvg_icon_doomsday_icons_doomsday_can7_fe5a8474,doomsday_icons,res://assets/tilesets/cyber_city_core_tilesets/Store_Items/Doomsday Icons/Doomsday Icons/Can7.png,Can7.png,individual_png,,512,512,"[44, 83, 459, 447]",54.657,READY_BOTH,doomsday,"[""warning_indicator"", ""scheme_card"", ""world_decal""]",TextureRect,icon_both,OccludableIcons,0.5,90,"Iconography asset; use for UI, badges, decals, signage, screen graphics, or markers.",
pvg_icon_doomsday_icons_doomsday_can8_43238060,doomsday_icons,res://assets/tilesets/cyber_city_core_tilesets/Store_Items/Doomsday Icons/Doomsday Icons/Can8.png,Can8.png,individual_png,,512,512,"[67, 223, 459, 359]",83.587,READY_BOTH,doomsday,"[""warning_indicator"", ""scheme_card"", ""world_decal""]",TextureRect,icon_both,OccludableIcons,0.5,90,"Iconography asset; use for UI, badges, decals, signage, screen graphics, or markers.",
pvg_icon_doomsday_icons_doomsday_can9_1d1b9ba0,doomsday_icons,res://assets/tilesets/cyber_city_core_tilesets/Store_Items/Doomsday Icons/Doomsday Icons/Can9.png,Can9.png,individual_png,,512,512,"[40, 132, 481, 403]",74.279,READY_BOTH,doomsday,"[""warning_indicator"", ""scheme_card"", ""world_decal""]",TextureRect,icon_both,OccludableIcons,0.5,90,"Iconography asset; use for UI, badges, decals, signage, screen graphics, or markers.",
pvg_icon_doomsday_icons_doomsday_can_oil1_b4ab1165,doomsday_icons,res://assets/tilesets/cyber_city_core_tilesets/Store_Items/Doomsday Icons/Doomsday Icons/Can_Oil1.png,Can_Oil1.png,individual_png,,512,512,"[133, 68, 403, 474]",62.538,READY_BOTH,doomsday,"[""warning_indicator"", ""scheme_card"", ""world_decal""]",TextureRect,icon_both,OccludableIcons,0.5,90,"Iconography asset; use for UI, badges, decals, signage, screen graphics, or markers.",
pvg_icon_doomsday_icons_doomsday_can_oil2_1cf9b074,doomsday_icons,res://assets/tilesets/cyber_city_core_tilesets/Store_Items/Doomsday Icons/Doomsday Icons/Can_Oil2.png,Can_Oil2.png,individual_png,,512,512,"[140, 62, 377, 465]",70.282,READY_BOTH,doomsday,"[""warning_indicator"", ""scheme_card"", ""world_decal""]",TextureRect,icon_both,OccludableIcons,0.5,90,"Iconography asset; use for UI, badges, decals, signage, screen graphics, or markers.",
pvg_icon_doomsday_icons_doomsday_can_oil3_5b9f8903,doomsday_icons,res://assets/tilesets/cyber_city_core_tilesets/Store_Items/Doomsday Icons/Doomsday Icons/Can_Oil3.png,Can_Oil3.png,individual_png,,512,512,"[104, 36, 422, 483]",55.153,READY_BOTH,doomsday,"[""warning_indicator"", ""scheme_card"", ""world_decal""]",TextureRect,icon_both,OccludableIcons,0.5,90,"Iconography asset; use for UI, badges, decals, signage, screen graphics, or markers.",
pvg_icon_doomsday_icons_doomsday_candle1_6a31fc3a,doomsday_icons,res://assets/tilesets/cyber_city_core_tilesets/Store_Items/Doomsday Icons/Doomsday Icons/Candle1.png,Candle1.png,individual_png,,512,512,"[40, 38, 450, 439]",72.405,READY_BOTH,doomsday,"[""warning_indicator"", ""scheme_card"", ""world_decal""]",TextureRect,icon_both,OccludableIcons,0.5,90,"Iconography asset; use for UI, badges, decals, signage, screen graphics, or markers.",
pvg_icon_doomsday_icons_doomsday_candlestick1_e3e4958a,doomsday_icons,res://assets/tilesets/cyber_city_core_tilesets/Store_Items/Doomsday Icons/Doomsday Icons/Candlestick1.png,Candlestick1.png,individual_png,,512,512,"[133, 38, 379, 491]",92.059,READY_BOTH,doomsday,"[""warning_indicator"", ""scheme_card"", ""world_decal""]",TextureRect,icon_both,OccludableIcons,0.5,90,"Iconography asset; use for UI, badges, decals, signage, screen graphics, or markers.",
pvg_icon_doomsday_icons_doomsday_canvasroll1_c8d43002,doomsday_icons,res://assets/tilesets/cyber_city_core_tilesets/Store_Items/Doomsday Icons/Doomsday Icons/CanvasRoll1.png,CanvasRoll1.png,individual_png,,512,512,"[3, 165, 505, 382]",77.909,READY_BOTH,doomsday,"[""warning_indicator"", ""scheme_card"", ""world_decal""]",TextureRect,icon_both,OccludableIcons,0.5,90,"Iconography asset; use for UI, badges, decals, signage, screen graphics, or markers.",
pvg_icon_doomsday_icons_doomsday_canvasroll2_c193cd75,doomsday_icons,res://assets/tilesets/cyber_city_core_tilesets/Store_Items/Doomsday Icons/Doomsday Icons/CanvasRoll2.png,CanvasRoll2.png,individual_png,,512,512,"[17, 186, 494, 381]",79.076,READY_BOTH,doomsday,"[""warning_indicator"", ""scheme_card"", ""world_decal""]",TextureRect,icon_both,OccludableIcons,0.5,90,"Iconography asset; use for UI, badges, decals, signage, screen graphics, or markers.",
pvg_icon_doomsday_icons_doomsday_canvasroll3_9d4bccb5,doomsday_icons,res://assets/tilesets/cyber_city_core_tilesets/Store_Items/Doomsday Icons/Doomsday Icons/CanvasRoll3.png,CanvasRoll3.png,individual_png,,512,512,"[10, 187, 496, 400]",69.946,READY_BOTH,doomsday,"[""warning_indicator"", ""scheme_card"", ""world_decal""]",TextureRect,icon_both,OccludableIcons,0.5,90,"Iconography asset; use for UI, badges, decals, signage, screen graphics, or markers.",
pvg_icon_doomsday_icons_doomsday_carriage1_efb57407,doomsday_icons,res://assets/tilesets/cyber_city_core_tilesets/Store_Items/Doomsday Icons/Doomsday Icons/Carriage1.png,Carriage1.png,individual_png,,512,512,"[78, 2, 396, 494]",71.178,READY_BOTH,doomsday,"[""warning_indicator"", ""scheme_card"", ""world_decal""]",TextureRect,icon_both,OccludableIcons,0.5,90,"Iconography asset; use for UI, badges, decals, signage, screen graphics, or markers.",
pvg_icon_doomsday_icons_currency_cash1_adc1ca63,doomsday_icons,res://assets/tilesets/cyber_city_core_tilesets/Store_Items/Doomsday Icons/Doomsday Icons/Cash1.png,Cash1.png,individual_png,,512,512,"[173, 177, 354, 358]",93.625,READY_UI_ICON,currency,"[""store_terminal"", ""storefront_item"", ""inventory_icon""]",TextureRect,icon_ui,BehindPlayerIcons,0.5,-120,"Iconography asset; use for UI, badges, decals, signage, screen graphics, or markers.",World stamping of UI-first icons may look like a flat sticker.
pvg_icon_doomsday_icons_currency_cashbox1_d064fb97,doomsday_icons,res://assets/tilesets/cyber_city_core_tilesets/Store_Items/Doomsday Icons/Doomsday Icons/CashBox1.png,CashBox1.png,individual_png,,512,512,"[10, 159, 509, 460]",54.335,READY_UI_ICON,currency,"[""store_terminal"", ""storefront_item"", ""inventory_icon""]",TextureRect,icon_ui,BehindPlayerIcons,0.5,-120,"Iconography asset; use for UI, badges, decals, signage, screen graphics, or markers.",World stamping of UI-first icons may look like a flat sticker.
pvg_icon_doomsday_icons_doomsday_cctv1_22605411,doomsday_icons,res://assets/tilesets/cyber_city_core_tilesets/Store_Items/Doomsday Icons/Doomsday Icons/CCTV1.png,CCTV1.png,individual_png,,512,512,"[30, 11, 484, 498]",25.764,READY_BOTH,doomsday,"[""warning_indicator"", ""scheme_card"", ""world_decal""]",TextureRect,icon_both,OccludableIcons,0.5,90,"Iconography asset; use for UI, badges, decals, signage, screen graphics, or markers.",
pvg_icon_doomsday_icons_doomsday_cementmixer1_b044dd35,doomsday_icons,res://assets/tilesets/cyber_city_core_tilesets/Store_Items/Doomsday Icons/Doomsday Icons/CementMixer1.png,CementMixer1.png,individual_png,,512,512,"[97, 15, 398, 507]",73.013,READY_BOTH,doomsday,"[""warning_indicator"", ""scheme_card"", ""world_decal""]",TextureRect,icon_both,OccludableIcons,0.5,90,"Iconography asset; use for UI, badges, decals, signage, screen graphics, or markers.",
pvg_icon_doomsday_icons_doomsday_chainsaw1_13da2686,doomsday_icons,res://assets/tilesets/cyber_city_core_tilesets/Store_Items/Doomsday Icons/Doomsday Icons/Chainsaw1.png,Chainsaw1.png,individual_png,,512,512,"[5, 59, 507, 446]",80.748,READY_BOTH,doomsday,"[""warning_indicator"", ""scheme_card"", ""world_decal""]",TextureRect,icon_both,OccludableIcons,0.5,90,"Iconography asset; use for UI, badges, decals, signage, screen graphics, or markers.",
pvg_icon_doomsday_icons_doomsday_chair1_f3225fbf,doomsday_icons,res://assets/tilesets/cyber_city_core_tilesets/Store_Items/Doomsday Icons/Doomsday Icons/Chair1.png,Chair1.png,individual_png,,512,512,"[112, 7, 434, 507]",82.904,READY_BOTH,doomsday,"[""warning_indicator"", ""scheme_card"", ""world_decal""]",TextureRect,icon_both,OccludableIcons,0.5,90,"Iconography asset; use for UI, badges, decals, signage, screen graphics, or markers.",
pvg_icon_doomsday_icons_doomsday_chair10_a51aad39,doomsday_icons,res://assets/tilesets/cyber_city_core_tilesets/Store_Items/Doomsday Icons/Doomsday Icons/Chair10.png,Chair10.png,individual_png,,512,512,"[47, 5, 459, 511]",65.151,READY_BOTH,doomsday,"[""warning_indicator"", ""scheme_card"", ""world_decal""]",TextureRect,icon_both,OccludableIcons,0.5,90,"Iconography asset; use for UI, badges, decals, signage, screen graphics, or markers.",
pvg_icon_doomsday_icons_doomsday_chair2_53cca480,doomsday_icons,res://assets/tilesets/cyber_city_core_tilesets/Store_Items/Doomsday Icons/Doomsday Icons/Chair2.png,Chair2.png,individual_png,,512,512,"[7, 56, 506, 465]",74.215,READY_BOTH,doomsday,"[""warning_indicator"", ""scheme_card"", ""world_decal""]",TextureRect,icon_both,OccludableIcons,0.5,90,"Iconography asset; use for UI, badges, decals, signage, screen graphics, or markers.",
pvg_icon_doomsday_icons_doomsday_chair3_e02b5902,doomsday_icons,res://assets/tilesets/cyber_city_core_tilesets/Store_Items/Doomsday Icons/Doomsday Icons/Chair3.png,Chair3.png,individual_png,,512,512,"[57, 10, 431, 493]",50.507,READY_BOTH,doomsday,"[""warning_indicator"", ""scheme_card"", ""world_decal""]",TextureRect,icon_both,OccludableIcons,0.5,90,"Iconography asset; use for UI, badges, decals, signage, screen graphics, or markers.",
pvg_icon_doomsday_icons_doomsday_chair4_5a2e2a5a,doomsday_icons,res://assets/tilesets/cyber_city_core_tilesets/Store_Items/Doomsday Icons/Doomsday Icons/Chair4.png,Chair4.png,individual_png,,512,512,"[63, 4, 397, 509]",79.472,READY_BOTH,doomsday,"[""warning_indicator"", ""scheme_card"", ""world_decal""]",TextureRect,icon_both,OccludableIcons,0.5,90,"Iconography asset; use for UI, badges, decals, signage, screen graphics, or markers.",
pvg_icon_doomsday_icons_doomsday_chair5_fda64e11,doomsday_icons,res://assets/tilesets/cyber_city_core_tilesets/Store_Items/Doomsday Icons/Doomsday Icons/Chair5.png,Chair5.png,individual_png,,512,512,"[151, 13, 390, 504]",78.357,READY_BOTH,doomsday,"[""warning_indicator"", ""scheme_card"", ""world_decal""]",TextureRect,icon_both,OccludableIcons,0.5,90,"Iconography asset; use for UI, badges, decals, signage, screen graphics, or markers.",
pvg_icon_doomsday_icons_doomsday_chair6_3d1154d6,doomsday_icons,res://assets/tilesets/cyber_city_core_tilesets/Store_Items/Doomsday Icons/Doomsday Icons/Chair6.png,Chair6.png,individual_png,,512,512,"[91, 5, 402, 509]",73.832,READY_BOTH,doomsday,"[""warning_indicator"", ""scheme_card"", ""world_decal""]",TextureRect,icon_both,OccludableIcons,0.5,90,"Iconography asset; use for UI, badges, decals, signage, screen graphics, or markers.",
pvg_icon_doomsday_icons_doomsday_chair7_efc421c1,doomsday_icons,res://assets/tilesets/cyber_city_core_tilesets/Store_Items/Doomsday Icons/Doomsday Icons/Chair7.png,Chair7.png,individual_png,,512,512,"[73, 2, 409, 508]",77.802,READY_BOTH,doomsday,"[""warning_indicator"", ""scheme_card"", ""world_decal""]",TextureRect,icon_both,OccludableIcons,0.5,90,"Iconography asset; use for UI, badges, decals, signage, screen graphics, or markers.",
pvg_icon_doomsday_icons_doomsday_chair8_81e57d43,doomsday_icons,res://assets/tilesets/cyber_city_core_tilesets/Store_Items/Doomsday Icons/Doomsday Icons/Chair8.png,Chair8.png,individual_png,,512,512,"[71, 17, 443, 505]",79.843,READY_BOTH,doomsday,"[""warning_indicator"", ""scheme_card"", ""world_decal""]",TextureRect,icon_both,OccludableIcons,0.5,90,"Iconography asset; use for UI, badges, decals, signage, screen graphics, or markers.",
pvg_icon_doomsday_icons_doomsday_chair9_d7c627be,doomsday_icons,res://assets/tilesets/cyber_city_core_tilesets/Store_Items/Doomsday Icons/Doomsday Icons/Chair9.png,Chair9.png,individual_png,,512,512,"[6, 60, 496, 481]",42.983,READY_BOTH,doomsday,"[""warning_indicator"", ""scheme_card"", ""world_decal""]",TextureRect,icon_both,OccludableIcons,0.5,90,"Iconography asset; use for UI, badges, decals, signage, screen graphics, or markers.",
pvg_icon_doomsday_icons_doomsday_chopsticks1_2caafff9,doomsday_icons,res://assets/tilesets/cyber_city_core_tilesets/Store_Items/Doomsday Icons/Doomsday Icons/Chopsticks1.png,Chopsticks1.png,individual_png,,512,512,"[21, 73, 470, 414]",92.897,READY_BOTH,doomsday,"[""warning_indicator"", ""scheme_card"", ""world_decal""]",TextureRect,icon_both,OccludableIcons,0.5,90,"Iconography asset; use for UI, badges, decals, signage, screen graphics, or markers.",
pvg_icon_doomsday_icons_security_cinderblock1_02026a4d,doomsday_icons,res://assets/tilesets/cyber_city_core_tilesets/Store_Items/Doomsday Icons/Doomsday Icons/Cinderblock1.png,Cinderblock1.png,individual_png,,512,512,"[55, 138, 442, 435]",68.703,READY_BOTH,security,"[""security_indicator"", ""warning_indicator"", ""mission_board"", ""world_decal"", ""screen_graphic""]",TextureRect,icon_both,OccludableIcons,0.5,90,"Iconography asset; use for UI, badges, decals, signage, screen graphics, or markers.",
pvg_icon_doomsday_icons_security_cinderblock2_313827bf,doomsday_icons,res://assets/tilesets/cyber_city_core_tilesets/Store_Items/Doomsday Icons/Doomsday Icons/Cinderblock2.png,Cinderblock2.png,individual_png,,512,512,"[99, 149, 421, 421]",78.896,READY_BOTH,security,"[""security_indicator"", ""warning_indicator"", ""mission_board"", ""world_decal"", ""screen_graphic""]",TextureRect,icon_both,OccludableIcons,0.5,90,"Iconography asset; use for UI, badges, decals, signage, screen graphics, or markers.",
pvg_icon_doomsday_icons_security_cinderblock3_49c98461,doomsday_icons,res://assets/tilesets/cyber_city_core_tilesets/Store_Items/Doomsday Icons/Doomsday Icons/Cinderblock3.png,Cinderblock3.png,individual_png,,512,512,"[74, 50, 448, 474]",66.576,READY_BOTH,security,"[""security_indicator"", ""warning_indicator"", ""mission_board"", ""world_decal"", ""screen_graphic""]",TextureRect,icon_both,OccludableIcons,0.5,90,"Iconography asset; use for UI, badges, decals, signage, screen graphics, or markers.",
pvg_icon_doomsday_icons_doomsday_claypot1_79156b0e,doomsday_icons,res://assets/tilesets/cyber_city_core_tilesets/Store_Items/Doomsday Icons/Doomsday Icons/ClayPot1.png,ClayPot1.png,individual_png,,512,512,"[73, 57, 462, 476]",51.853,READY_BOTH,doomsday,"[""warning_indicator"", ""scheme_card"", ""world_decal""]",TextureRect,icon_both,OccludableIcons,0.5,90,"Iconography asset; use for UI, badges, decals, signage, screen graphics, or markers.",
pvg_icon_doomsday_icons_security_clock1_a0d8fa7d,doomsday_icons,res://assets/tilesets/cyber_city_core_tilesets/Store_Items/Doomsday Icons/Doomsday Icons/Clock1.png,Clock1.png,individual_png,,512,512,"[62, 39, 461, 459]",50.891,READY_BOTH,security,"[""security_indicator"", ""warning_indicator"", ""mission_board"", ""world_decal"", ""screen_graphic""]",TextureRect,icon_both,OccludableIcons,0.5,90,"Iconography asset; use for UI, badges, decals, signage, screen graphics, or markers.",
pvg_icon_doomsday_icons_doomsday_cloth1_08892301,doomsday_icons,res://assets/tilesets/cyber_city_core_tilesets/Store_Items/Doomsday Icons/Doomsday Icons/Cloth1.png,Cloth1.png,individual_png,,512,512,"[22, 113, 504, 409]",62.657,READY_BOTH,doomsday,"[""warning_indicator"", ""scheme_card"", ""world_decal""]",TextureRect,icon_both,OccludableIcons,0.5,90,"Iconography asset; use for UI, badges, decals, signage, screen graphics, or markers.",
pvg_icon_doomsday_icons_terminal_computer1_ac0b8d87,doomsday_icons,res://assets/tilesets/cyber_city_core_tilesets/Store_Items/Doomsday Icons/Doomsday Icons/Computer1.png,Computer1.png,individual_png,,512,512,"[101, 46, 420, 431]",59.382,READY_BOTH,terminal,"[""store_terminal"", ""screen_graphic"", ""terminal"", ""world_decal""]",TextureRect,icon_both,OccludableIcons,0.5,90,"Iconography asset; use for UI, badges, decals, signage, screen graphics, or markers.",
pvg_icon_doomsday_icons_terminal_computer2_67e78293,doomsday_icons,res://assets/tilesets/cyber_city_core_tilesets/Store_Items/Doomsday Icons/Doomsday Icons/Computer2.png,Computer2.png,individual_png,,512,512,"[118, 62, 383, 444]",66.067,READY_BOTH,terminal,"[""store_terminal"", ""screen_graphic"", ""terminal"", ""world_decal""]",TextureRect,icon_both,OccludableIcons,0.5,90,"Iconography asset; use for UI, badges, decals, signage, screen graphics, or markers.",
pvg_icon_doomsday_icons_terminal_computer3_6a40d96b,doomsday_icons,res://assets/tilesets/cyber_city_core_tilesets/Store_Items/Doomsday Icons/Doomsday Icons/Computer3.png,Computer3.png,individual_png,,512,512,"[115, 48, 416, 470]",57.639,READY_BOTH,terminal,"[""store_terminal"", ""screen_graphic"", ""terminal"", ""world_decal""]",TextureRect,icon_both,OccludableIcons,0.5,90,"Iconography asset; use for UI, badges, decals, signage, screen graphics, or markers.",
pvg_icon_doomsday_icons_terminal_computer4_1817b74d,doomsday_icons,res://assets/tilesets/cyber_city_core_tilesets/Store_Items/Doomsday Icons/Doomsday Icons/Computer4.png,Computer4.png,individual_png,,512,512,"[90, 27, 397, 485]",52.903,READY_BOTH,terminal,"[""store_terminal"", ""screen_graphic"", ""terminal"", ""world_decal""]",TextureRect,icon_both,OccludableIcons,0.5,90,"Iconography asset; use for UI, badges, decals, signage, screen graphics, or markers.",
pvg_icon_doomsday_icons_terminal_computer5_d973953e,doomsday_icons,res://assets/tilesets/cyber_city_core_tilesets/Store_Items/Doomsday Icons/Doomsday Icons/Computer5.png,Computer5.png,individual_png,,512,512,"[0, 85, 508, 446]",55.427,READY_BOTH,terminal,"[""store_terminal"", ""screen_graphic"", ""terminal"", ""world_decal""]",TextureRect,icon_both,OccludableIcons,0.5,90,"Iconography asset; use for UI, badges, decals, signage, screen graphics, or markers.",
pvg_icon_doomsday_icons_terminal_computer6_36f2b139,doomsday_icons,res://assets/tilesets/cyber_city_core_tilesets/Store_Items/Doomsday Icons/Doomsday Icons/Computer6.png,Computer6.png,individual_png,,512,512,"[0, 43, 510, 468]",30.469,READY_BOTH,terminal,"[""store_terminal"", ""screen_graphic"", ""terminal"", ""world_decal""]",TextureRect,icon_both,OccludableIcons,0.5,90,"Iconography asset; use for UI, badges, decals, signage, screen graphics, or markers.",
pvg_icon_doomsday_icons_terminal_computer7_80bb17bc,doomsday_icons,res://assets/tilesets/cyber_city_core_tilesets/Store_Items/Doomsday Icons/Doomsday Icons/Computer7.png,Computer7.png,individual_png,,512,512,"[1, 81, 511, 432]",51.281,READY_BOTH,terminal,"[""store_terminal"", ""screen_graphic"", ""terminal"", ""world_decal""]",TextureRect,icon_both,OccludableIcons,0.5,90,"Iconography asset; use for UI, badges, decals, signage, screen graphics, or markers.",
pvg_icon_doomsday_icons_terminal_computerkeyboard1_2b49fa6e,doomsday_icons,res://assets/tilesets/cyber_city_core_tilesets/Store_Items/Doomsday Icons/Doomsday Icons/ComputerKeyboard1.png,ComputerKeyboard1.png,individual_png,,512,512,"[3, 229, 507, 399]",79.093,READY_BOTH,terminal,"[""store_terminal"", ""screen_graphic"", ""terminal"", ""world_decal""]",TextureRect,icon_both,OccludableIcons,0.5,90,"Iconography asset; use for UI, badges, decals, signage, screen graphics, or markers.",
pvg_icon_doomsday_icons_terminal_computerserver1_1926544a,doomsday_icons,res://assets/tilesets/cyber_city_core_tilesets/Store_Items/Doomsday Icons/Doomsday Icons/ComputerServer1.png,ComputerServer1.png,individual_png,,512,512,"[121, 6, 360, 507]",58.187,READY_BOTH,terminal,"[""store_terminal"", ""screen_graphic"", ""terminal"", ""world_decal""]",TextureRect,icon_both,OccludableIcons,0.5,90,"Iconography asset; use for UI, badges, decals, signage, screen graphics, or markers.",
pvg_icon_doomsday_icons_terminal_computerserver2_4739653b,doomsday_icons,res://assets/tilesets/cyber_city_core_tilesets/Store_Items/Doomsday Icons/Doomsday Icons/ComputerServer2.png,ComputerServer2.png,individual_png,,512,512,"[0, 112, 512, 512]",62.899,READY_BOTH,terminal,"[""store_terminal"", ""screen_graphic"", ""terminal"", ""world_decal""]",TextureRect,icon_both,OccludableIcons,0.5,90,"Iconography asset; use for UI, badges, decals, signage, screen graphics, or markers.",
pvg_icon_doomsday_icons_terminal_computerserver3_0a5ec78d,doomsday_icons,res://assets/tilesets/cyber_city_core_tilesets/Store_Items/Doomsday Icons/Doomsday Icons/ComputerServer3.png,ComputerServer3.png,individual_png,,512,512,"[0, 35, 511, 451]",44.515,READY_BOTH,terminal,"[""store_terminal"", ""screen_graphic"", ""terminal"", ""world_decal""]",TextureRect,icon_both,OccludableIcons,0.5,90,"Iconography asset; use for UI, badges, decals, signage, screen graphics, or markers.",
pvg_icon_doomsday_icons_terminal_computerterminal1_7cb7eb01,doomsday_icons,res://assets/tilesets/cyber_city_core_tilesets/Store_Items/Doomsday Icons/Doomsday Icons/ComputerTerminal1.png,ComputerTerminal1.png,individual_png,,512,512,"[80, 3, 419, 507]",53.588,READY_BOTH,terminal,"[""store_terminal"", ""screen_graphic"", ""terminal"", ""world_decal""]",TextureRect,icon_both,OccludableIcons,0.5,90,"Iconography asset; use for UI, badges, decals, signage, screen graphics, or markers.",
pvg_icon_doomsday_icons_terminal_computerterminal2_269f463c,doomsday_icons,res://assets/tilesets/cyber_city_core_tilesets/Store_Items/Doomsday Icons/Doomsday Icons/ComputerTerminal2.png,ComputerTerminal2.png,individual_png,,512,512,"[6, 80, 507, 433]",60.613,READY_BOTH,terminal,"[""store_terminal"", ""screen_graphic"", ""terminal"", ""world_decal""]",TextureRect,icon_both,OccludableIcons,0.5,90,"Iconography asset; use for UI, badges, decals, signage, screen graphics, or markers.",
pvg_icon_doomsday_icons_terminal_computerterminal3_302b9d21,doomsday_icons,res://assets/tilesets/cyber_city_core_tilesets/Store_Items/Doomsday Icons/Doomsday Icons/ComputerTerminal3.png,ComputerTerminal3.png,individual_png,,512,512,"[2, 117, 510, 400]",50.882,READY_BOTH,terminal,"[""store_terminal"", ""screen_graphic"", ""terminal"", ""world_decal""]",TextureRect,icon_both,OccludableIcons,0.5,90,"Iconography asset; use for UI, badges, decals, signage, screen graphics, or markers.",
pvg_icon_doomsday_icons_doomsday_container1_2b88a111,doomsday_icons,res://assets/tilesets/cyber_city_core_tilesets/Store_Items/Doomsday Icons/Doomsday Icons/Container1.png,Container1.png,individual_png,,512,512,"[10, 74, 502, 473]",43.877,READY_BOTH,doomsday,"[""warning_indicator"", ""scheme_card"", ""world_decal""]",TextureRect,icon_both,OccludableIcons,0.5,90,"Iconography asset; use for UI, badges, decals, signage, screen graphics, or markers.",
pvg_icon_doomsday_icons_doomsday_cooler1_daec7f34,doomsday_icons,res://assets/tilesets/cyber_city_core_tilesets/Store_Items/Doomsday Icons/Doomsday Icons/Cooler1.png,Cooler1.png,individual_png,,512,512,"[13, 142, 500, 447]",58.649,READY_BOTH,doomsday,"[""warning_indicator"", ""scheme_card"", ""world_decal""]",TextureRect,icon_both,OccludableIcons,0.5,90,"Iconography asset; use for UI, badges, decals, signage, screen graphics, or markers.",
pvg_icon_doomsday_icons_doomsday_cooler2_bb54d825,doomsday_icons,res://assets/tilesets/cyber_city_core_tilesets/Store_Items/Doomsday Icons/Doomsday Icons/Cooler2.png,Cooler2.png,individual_png,,512,512,"[10, 104, 495, 457]",47.626,READY_BOTH,doomsday,"[""warning_indicator"", ""scheme_card"", ""world_decal""]",TextureRect,icon_both,OccludableIcons,0.5,90,"Iconography asset; use for UI, badges, decals, signage, screen graphics, or markers.",
pvg_icon_doomsday_icons_doomsday_cooler3_1a2612f7,doomsday_icons,res://assets/tilesets/cyber_city_core_tilesets/Store_Items/Doomsday Icons/Doomsday Icons/Cooler3.png,Cooler3.png,individual_png,,512,512,"[15, 116, 495, 428]",52.606,READY_BOTH,doomsday,"[""warning_indicator"", ""scheme_card"", ""world_decal""]",TextureRect,icon_both,OccludableIcons,0.5,90,"Iconography asset; use for UI, badges, decals, signage, screen graphics, or markers.",
pvg_icon_doomsday_icons_doomsday_corkboard1_1a7e6745,doomsday_icons,res://assets/tilesets/cyber_city_core_tilesets/Store_Items/Doomsday Icons/Doomsday Icons/CorkBoard1.png,CorkBoard1.png,individual_png,,512,512,"[3, 93, 507, 389]",51.549,READY_BOTH,doomsday,"[""warning_indicator"", ""scheme_card"", ""world_decal""]",TextureRect,icon_both,OccludableIcons,0.5,90,"Iconography asset; use for UI, badges, decals, signage, screen graphics, or markers.",
pvg_icon_doomsday_icons_doomsday_corkboard2_180d97fe,doomsday_icons,res://assets/tilesets/cyber_city_core_tilesets/Store_Items/Doomsday Icons/Doomsday Icons/CorkBoard2.png,CorkBoard2.png,individual_png,,512,512,"[98, 16, 428, 511]",65.291,READY_BOTH,doomsday,"[""warning_indicator"", ""scheme_card"", ""world_decal""]",TextureRect,icon_both,OccludableIcons,0.5,90,"Iconography asset; use for UI, badges, decals, signage, screen graphics, or markers.",
pvg_icon_doomsday_icons_doomsday_corkboard3_d392bfbc,doomsday_icons,res://assets/tilesets/cyber_city_core_tilesets/Store_Items/Doomsday Icons/Doomsday Icons/CorkBoard3.png,CorkBoard3.png,individual_png,,512,512,"[114, 5, 386, 508]",65.708,READY_BOTH,doomsday,"[""warning_indicator"", ""scheme_card"", ""world_decal""]",TextureRect,icon_both,OccludableIcons,0.5,90,"Iconography asset; use for UI, badges, decals, signage, screen graphics, or markers.",
pvg_icon_doomsday_icons_doomsday_cot1_f6c68b75,doomsday_icons,res://assets/tilesets/cyber_city_core_tilesets/Store_Items/Doomsday Icons/Doomsday Icons/Cot1.png,Cot1.png,individual_png,,512,512,"[3, 39, 506, 453]",69.224,READY_BOTH,doomsday,"[""warning_indicator"", ""scheme_card"", ""world_decal""]",TextureRect,icon_both,OccludableIcons,0.5,90,"Iconography asset; use for UI, badges, decals, signage, screen graphics, or markers.",
pvg_icon_doomsday_icons_doomsday_cradle1_6b3c607d,doomsday_icons,res://assets/tilesets/cyber_city_core_tilesets/Store_Items/Doomsday Icons/Doomsday Icons/Cradle1.png,Cradle1.png,individual_png,,512,512,"[50, 4, 465, 511]",63.784,READY_BOTH,doomsday,"[""warning_indicator"", ""scheme_card"", ""world_decal""]",TextureRect,icon_both,OccludableIcons,0.5,90,"Iconography asset; use for UI, badges, decals, signage, screen graphics, or markers.",
pvg_icon_doomsday_icons_doomsday_crate1_7729169c,doomsday_icons,res://assets/tilesets/cyber_city_core_tilesets/Store_Items/Doomsday Icons/Doomsday Icons/Crate1.png,Crate1.png,individual_png,,512,512,"[45, 184, 488, 451]",66.563,READY_BOTH,doomsday,"[""warning_indicator"", ""scheme_card"", ""world_decal""]",TextureRect,icon_both,OccludableIcons,0.5,90,"Iconography asset; use for UI, badges, decals, signage, screen graphics, or markers.",
pvg_icon_doomsday_icons_doomsday_crate10_5d0b5f5a,doomsday_icons,res://assets/tilesets/cyber_city_core_tilesets/Store_Items/Doomsday Icons/Doomsday Icons/Crate10.png,Crate10.png,individual_png,,512,512,"[16, 89, 493, 482]",38.405,READY_BOTH,doomsday,"[""warning_indicator"", ""scheme_card"", ""world_decal""]",TextureRect,icon_both,OccludableIcons,0.5,90,"Iconography asset; use for UI, badges, decals, signage, screen graphics, or markers.",
pvg_icon_doomsday_icons_doomsday_crate11_b6e43c76,doomsday_icons,res://assets/tilesets/cyber_city_core_tilesets/Store_Items/Doomsday Icons/Doomsday Icons/Crate11.png,Crate11.png,individual_png,,512,512,"[3, 188, 507, 441]",63.389,READY_BOTH,doomsday,"[""warning_indicator"", ""scheme_card"", ""world_decal""]",TextureRect,icon_both,OccludableIcons,0.5,90,"Iconography asset; use for UI, badges, decals, signage, screen graphics, or markers.",
pvg_icon_doomsday_icons_doomsday_crate12_71fc5180,doomsday_icons,res://assets/tilesets/cyber_city_core_tilesets/Store_Items/Doomsday Icons/Doomsday Icons/Crate12.png,Crate12.png,individual_png,,512,512,"[5, 186, 504, 401]",66.674,READY_BOTH,doomsday,"[""warning_indicator"", ""scheme_card"", ""world_decal""]",TextureRect,icon_both,OccludableIcons,0.5,90,"Iconography asset; use for UI, badges, decals, signage, screen graphics, or markers.",
pvg_icon_doomsday_icons_doomsday_crate2_bab082c5,doomsday_icons,res://assets/tilesets/cyber_city_core_tilesets/Store_Items/Doomsday Icons/Doomsday Icons/Crate2.png,Crate2.png,individual_png,,512,512,"[16, 159, 501, 443]",61.126,READY_BOTH,doomsday,"[""warning_indicator"", ""scheme_card"", ""world_decal""]",TextureRect,icon_both,OccludableIcons,0.5,90,"Iconography asset; use for UI, badges, decals, signage, screen graphics, or markers.",
pvg_icon_doomsday_icons_doomsday_crate3_3a7a7251,doomsday_icons,res://assets/tilesets/cyber_city_core_tilesets/Store_Items/Doomsday Icons/Doomsday Icons/Crate3.png,Crate3.png,individual_png,,512,512,"[13, 145, 504, 418]",61.44,READY_BOTH,doomsday,"[""warning_indicator"", ""scheme_card"", ""world_decal""]",TextureRect,icon_both,OccludableIcons,0.5,90,"Iconography asset; use for UI, badges, decals, signage, screen graphics, or markers.",
pvg_icon_doomsday_icons_doomsday_crate4_a4c97978,doomsday_icons,res://assets/tilesets/cyber_city_core_tilesets/Store_Items/Doomsday Icons/Doomsday Icons/Crate4.png,Crate4.png,individual_png,,512,512,"[27, 152, 477, 452]",61.62,READY_BOTH,doomsday,"[""warning_indicator"", ""scheme_card"", ""world_decal""]",TextureRect,icon_both,OccludableIcons,0.5,90,"Iconography asset; use for UI, badges, decals, signage, screen graphics, or markers.",
pvg_icon_doomsday_icons_doomsday_crate5_7860c103,doomsday_icons,res://assets/tilesets/cyber_city_core_tilesets/Store_Items/Doomsday Icons/Doomsday Icons/Crate5.png,Crate5.png,individual_png,,512,512,"[1, 194, 510, 411]",70.432,READY_BOTH,doomsday,"[""warning_indicator"", ""scheme_card"", ""world_decal""]",TextureRect,icon_both,OccludableIcons,0.5,90,"Iconography asset; use for UI, badges, decals, signage, screen graphics, or markers.",
pvg_icon_doomsday_icons_doomsday_crate6_6e56041a,doomsday_icons,res://assets/tilesets/cyber_city_core_tilesets/Store_Items/Doomsday Icons/Doomsday Icons/Crate6.png,Crate6.png,individual_png,,512,512,"[59, 124, 460, 446]",59.645,READY_BOTH,doomsday,"[""warning_indicator"", ""scheme_card"", ""world_decal""]",TextureRect,icon_both,OccludableIcons,0.5,90,"Iconography asset; use for UI, badges, decals, signage, screen graphics, or markers.",
pvg_icon_doomsday_icons_doomsday_crate7_ddea011c,doomsday_icons,res://assets/tilesets/cyber_city_core_tilesets/Store_Items/Doomsday Icons/Doomsday Icons/Crate7.png,Crate7.png,individual_png,,512,512,"[12, 195, 504, 426]",66.074,READY_BOTH,doomsday,"[""warning_indicator"", ""scheme_card"", ""world_decal""]",TextureRect,icon_both,OccludableIcons,0.5,90,"Iconography asset; use for UI, badges, decals, signage, screen graphics, or markers.",
pvg_icon_doomsday_icons_doomsday_crate8_6696243e,doomsday_icons,res://assets/tilesets/cyber_city_core_tilesets/Store_Items/Doomsday Icons/Doomsday Icons/Crate8.png,Crate8.png,individual_png,,512,512,"[1, 91, 498, 443]",46.786,READY_BOTH,doomsday,"[""warning_indicator"", ""scheme_card"", ""world_decal""]",TextureRect,icon_both,OccludableIcons,0.5,90,"Iconography asset; use for UI, badges, decals, signage, screen graphics, or markers.",
pvg_icon_doomsday_icons_doomsday_crate9_91f019f8,doomsday_icons,res://assets/tilesets/cyber_city_core_tilesets/Store_Items/Doomsday Icons/Doomsday Icons/Crate9.png,Crate9.png,individual_png,,512,512,"[34, 126, 486, 442]",58.242,READY_BOTH,doomsday,"[""warning_indicator"", ""scheme_card"", ""world_decal""]",TextureRect,icon_both,OccludableIcons,0.5,90,"Iconography asset; use for UI, badges, decals, signage, screen graphics, or markers.",
pvg_icon_doomsday_icons_doomsday_crate_weapons1_65dcd09e,doomsday_icons,res://assets/tilesets/cyber_city_core_tilesets/Store_Items/Doomsday Icons/Doomsday Icons/Crate_Weapons1.png,Crate_Weapons1.png,individual_png,,512,512,"[1, 152, 505, 421]",56.591,READY_BOTH,doomsday,"[""warning_indicator"", ""scheme_card"", ""world_decal""]",TextureRect,icon_both,OccludableIcons,0.5,90,"Iconography asset; use for UI, badges, decals, signage, screen graphics, or markers.",
pvg_icon_doomsday_icons_doomsday_crate_weapons2_da37f0ab,doomsday_icons,res://assets/tilesets/cyber_city_core_tilesets/Store_Items/Doomsday Icons/Doomsday Icons/Crate_Weapons2.png,Crate_Weapons2.png,individual_png,,512,512,"[3, 119, 508, 441]",51.841,READY_BOTH,doomsday,"[""warning_indicator"", ""scheme_card"", ""world_decal""]",TextureRect,icon_both,OccludableIcons,0.5,90,"Iconography asset; use for UI, badges, decals, signage, screen graphics, or markers.",
pvg_icon_doomsday_icons_doomsday_crowbar1_9ec31af2,doomsday_icons,res://assets/tilesets/cyber_city_core_tilesets/Store_Items/Doomsday Icons/Doomsday Icons/Crowbar1.png,Crowbar1.png,individual_png,,512,512,"[8, 48, 505, 432]",92.742,READY_BOTH,doomsday,"[""warning_indicator"", ""scheme_card"", ""world_decal""]",TextureRect,icon_both,OccludableIcons,0.5,90,"Iconography asset; use for UI, badges, decals, signage, screen graphics, or markers.",
pvg_icon_doomsday_icons_doomsday_cultivator1_1fa929b0,doomsday_icons,res://assets/tilesets/cyber_city_core_tilesets/Store_Items/Doomsday Icons/Doomsday Icons/Cultivator1.png,Cultivator1.png,individual_png,,512,512,"[30, 17, 474, 497]",85.546,READY_BOTH,doomsday,"[""warning_indicator"", ""scheme_card"", ""world_decal""]",TextureRect,icon_both,OccludableIcons,0.5,90,"Iconography asset; use for UI, badges, decals, signage, screen graphics, or markers.",
pvg_icon_doomsday_icons_doomsday_cup1_f9d6a8ab,doomsday_icons,res://assets/tilesets/cyber_city_core_tilesets/Store_Items/Doomsday Icons/Doomsday Icons/Cup1.png,Cup1.png,individual_png,,512,512,"[168, 145, 311, 348]",90.729,READY_BOTH,doomsday,"[""warning_indicator"", ""scheme_card"", ""world_decal""]",TextureRect,icon_both,OccludableIcons,0.5,90,"Iconography asset; use for UI, badges, decals, signage, screen graphics, or markers.",
pvg_icon_doomsday_icons_doomsday_cup10_0d8f6aef,doomsday_icons,res://assets/tilesets/cyber_city_core_tilesets/Store_Items/Doomsday Icons/Doomsday Icons/Cup10.png,Cup10.png,individual_png,,512,512,"[42, 135, 437, 444]",65.552,READY_BOTH,doomsday,"[""warning_indicator"", ""scheme_card"", ""world_decal""]",TextureRect,icon_both,OccludableIcons,0.5,90,"Iconography asset; use for UI, badges, decals, signage, screen graphics, or markers.",
pvg_icon_doomsday_icons_doomsday_cup11_28d634ef,doomsday_icons,res://assets/tilesets/cyber_city_core_tilesets/Store_Items/Doomsday Icons/Doomsday Icons/Cup11.png,Cup11.png,individual_png,,512,512,"[126, 36, 384, 494]",64.936,READY_BOTH,doomsday,"[""warning_indicator"", ""scheme_card"", ""world_decal""]",TextureRect,icon_both,OccludableIcons,0.5,90,"Iconography asset; use for UI, badges, decals, signage, screen graphics, or markers.",
pvg_icon_doomsday_icons_doomsday_cup12_33a59ea2,doomsday_icons,res://assets/tilesets/cyber_city_core_tilesets/Store_Items/Doomsday Icons/Doomsday Icons/Cup12.png,Cup12.png,individual_png,,512,512,"[116, 26, 381, 501]",62.216,READY_BOTH,doomsday,"[""warning_indicator"", ""scheme_card"", ""world_decal""]",TextureRect,icon_both,OccludableIcons,0.5,90,"Iconography asset; use for UI, badges, decals, signage, screen graphics, or markers.",
pvg_icon_doomsday_icons_doomsday_cup13_ea46ffc6,doomsday_icons,res://assets/tilesets/cyber_city_core_tilesets/Store_Items/Doomsday Icons/Doomsday Icons/Cup13.png,Cup13.png,individual_png,,512,512,"[126, 21, 437, 495]",60.015,READY_BOTH,doomsday,"[""warning_indicator"", ""scheme_card"", ""world_decal""]",TextureRect,icon_both,OccludableIcons,0.5,90,"Iconography asset; use for UI, badges, decals, signage, screen graphics, or markers.",
pvg_icon_doomsday_icons_doomsday_cup2_bc38f042,doomsday_icons,res://assets/tilesets/cyber_city_core_tilesets/Store_Items/Doomsday Icons/Doomsday Icons/Cup2.png,Cup2.png,individual_png,,512,512,"[134, 97, 353, 413]",76.888,READY_BOTH,doomsday,"[""warning_indicator"", ""scheme_card"", ""world_decal""]",TextureRect,icon_both,OccludableIcons,0.5,90,"Iconography asset; use for UI, badges, decals, signage, screen graphics, or markers.",
pvg_icon_doomsday_icons_doomsday_cup3_104922bd,doomsday_icons,res://assets/tilesets/cyber_city_core_tilesets/Store_Items/Doomsday Icons/Doomsday Icons/Cup3.png,Cup3.png,individual_png,,512,512,"[143, 99, 336, 459]",77.935,READY_BOTH,doomsday,"[""warning_indicator"", ""scheme_card"", ""world_decal""]",TextureRect,icon_both,OccludableIcons,0.5,90,"Iconography asset; use for UI, badges, decals, signage, screen graphics, or markers.",
pvg_icon_doomsday_icons_doomsday_cup4_4e5e4cd7,doomsday_icons,res://assets/tilesets/cyber_city_core_tilesets/Store_Items/Doomsday Icons/Doomsday Icons/Cup4.png,Cup4.png,individual_png,,512,512,"[155, 105, 359, 474]",75.998,READY_BOTH,doomsday,"[""warning_indicator"", ""scheme_card"", ""world_decal""]",TextureRect,icon_both,OccludableIcons,0.5,90,"Iconography asset; use for UI, badges, decals, signage, screen graphics, or markers.",
pvg_icon_doomsday_icons_doomsday_cup5_54dcbac2,doomsday_icons,res://assets/tilesets/cyber_city_core_tilesets/Store_Items/Doomsday Icons/Doomsday Icons/Cup5.png,Cup5.png,individual_png,,512,512,"[149, 68, 368, 469]",72.383,READY_BOTH,doomsday,"[""warning_indicator"", ""scheme_card"", ""world_decal""]",TextureRect,icon_both,OccludableIcons,0.5,90,"Iconography asset; use for UI, badges, decals, signage, screen graphics, or markers.",
pvg_icon_doomsday_icons_doomsday_cup6_a290b9fc,doomsday_icons,res://assets/tilesets/cyber_city_core_tilesets/Store_Items/Doomsday Icons/Doomsday Icons/Cup6.png,Cup6.png,individual_png,,512,512,"[170, 106, 440, 479]",72.169,READY_BOTH,doomsday,"[""warning_indicator"", ""scheme_card"", ""world_decal""]",TextureRect,icon_both,OccludableIcons,0.5,90,"Iconography asset; use for UI, badges, decals, signage, screen graphics, or markers.",
pvg_icon_doomsday_icons_doomsday_cup7_bcfadd1e,doomsday_icons,res://assets/tilesets/cyber_city_core_tilesets/Store_Items/Doomsday Icons/Doomsday Icons/Cup7.png,Cup7.png,individual_png,,512,512,"[131, 45, 437, 476]",64.137,READY_BOTH,doomsday,"[""warning_indicator"", ""scheme_card"", ""world_decal""]",TextureRect,icon_both,OccludableIcons,0.5,90,"Iconography asset; use for UI, badges, decals, signage, screen graphics, or markers.",
pvg_icon_doomsday_icons_doomsday_cup8_37abfbed,doomsday_icons,res://assets/tilesets/cyber_city_core_tilesets/Store_Items/Doomsday Icons/Doomsday Icons/Cup8.png,Cup8.png,individual_png,,512,512,"[158, 136, 354, 436]",81.301,READY_BOTH,doomsday,"[""warning_indicator"", ""scheme_card"", ""world_decal""]",TextureRect,icon_both,OccludableIcons,0.5,90,"Iconography asset; use for UI, badges, decals, signage, screen graphics, or markers.",
pvg_icon_doomsday_icons_doomsday_cup9_ad065ed2,doomsday_icons,res://assets/tilesets/cyber_city_core_tilesets/Store_Items/Doomsday Icons/Doomsday Icons/Cup9.png,Cup9.png,individual_png,,512,512,"[115, 116, 452, 435]",67.582,READY_BOTH,doomsday,"[""warning_indicator"", ""scheme_card"", ""world_decal""]",TextureRect,icon_both,OccludableIcons,0.5,90,"Iconography asset; use for UI, badges, decals, signage, screen graphics, or markers.",
pvg_icon_doomsday_icons_doomsday_dartboard1_9a4d9835,doomsday_icons,res://assets/tilesets/cyber_city_core_tilesets/Store_Items/Doomsday Icons/Doomsday Icons/Dartboard1.png,Dartboard1.png,individual_png,,512,512,"[134, 0, 371, 505]",62.265,READY_BOTH,doomsday,"[""warning_indicator"", ""scheme_card"", ""world_decal""]",TextureRect,icon_both,OccludableIcons,0.5,90,"Iconography asset; use for UI, badges, decals, signage, screen graphics, or markers.",
pvg_icon_doomsday_icons_doomsday_desk1_23b00773,doomsday_icons,res://assets/tilesets/cyber_city_core_tilesets/Store_Items/Doomsday Icons/Doomsday Icons/Desk1.png,Desk1.png,individual_png,,512,512,"[6, 115, 509, 464]",57.385,READY_BOTH,doomsday,"[""warning_indicator"", ""scheme_card"", ""world_decal""]",TextureRect,icon_both,OccludableIcons,0.5,90,"Iconography asset; use for UI, badges, decals, signage, screen graphics, or markers.",
pvg_icon_doomsday_icons_doomsday_detergent1_ffbdd4b9,doomsday_icons,res://assets/tilesets/cyber_city_core_tilesets/Store_Items/Doomsday Icons/Doomsday Icons/Detergent1.png,Detergent1.png,individual_png,,512,512,"[116, 15, 390, 472]",62.133,READY_BOTH,doomsday,"[""warning_indicator"", ""scheme_card"", ""world_decal""]",TextureRect,icon_both,OccludableIcons,0.5,90,"Iconography asset; use for UI, badges, decals, signage, screen graphics, or markers.",
pvg_icon_doomsday_icons_doomsday_detergent2_c4f31867,doomsday_icons,res://assets/tilesets/cyber_city_core_tilesets/Store_Items/Doomsday Icons/Doomsday Icons/Detergent2.png,Detergent2.png,individual_png,,512,512,"[9, 55, 500, 448]",52.225,READY_BOTH,doomsday,"[""warning_indicator"", ""scheme_card"", ""world_decal""]",TextureRect,icon_both,OccludableIcons,0.5,90,"Iconography asset; use for UI, badges, decals, signage, screen graphics, or markers.",
pvg_icon_doomsday_icons_doomsday_detonator1_3d51fb6c,doomsday_icons,res://assets/tilesets/cyber_city_core_tilesets/Store_Items/Doomsday Icons/Doomsday Icons/Detonator1.png,Detonator1.png,individual_png,,512,512,"[167, 7, 354, 507]",78.29,READY_BOTH,doomsday,"[""warning_indicator"", ""scheme_card"", ""world_decal""]",TextureRect,icon_both,OccludableIcons,0.5,90,"Iconography asset; use for UI, badges, decals, signage, screen graphics, or markers.",
pvg_icon_doomsday_icons_doomsday_device1_0ace705d,doomsday_icons,res://assets/tilesets/cyber_city_core_tilesets/Store_Items/Doomsday Icons/Doomsday Icons/Device1.png,Device1.png,individual_png,,512,512,"[125, 10, 381, 491]",58.437,READY_BOTH,doomsday,"[""warning_indicator"", ""scheme_card"", ""world_decal""]",TextureRect,icon_both,OccludableIcons,0.5,90,"Iconography asset; use for UI, badges, decals, signage, screen graphics, or markers.",
pvg_icon_doomsday_icons_doomsday_device2_e88c4105,doomsday_icons,res://assets/tilesets/cyber_city_core_tilesets/Store_Items/Doomsday Icons/Doomsday Icons/Device2.png,Device2.png,individual_png,,512,512,"[8, 130, 504, 429]",60.056,READY_BOTH,doomsday,"[""warning_indicator"", ""scheme_card"", ""world_decal""]",TextureRect,icon_both,OccludableIcons,0.5,90,"Iconography asset; use for UI, badges, decals, signage, screen graphics, or markers.",
pvg_icon_doomsday_icons_doomsday_device3_90f354f8,doomsday_icons,res://assets/tilesets/cyber_city_core_tilesets/Store_Items/Doomsday Icons/Doomsday Icons/Device3.png,Device3.png,individual_png,,512,512,"[29, 28, 500, 482]",39.82,READY_BOTH,doomsday,"[""warning_indicator"", ""scheme_card"", ""world_decal""]",TextureRect,icon_both,OccludableIcons,0.5,90,"Iconography asset; use for UI, badges, decals, signage, screen graphics, or markers.",
pvg_icon_doomsday_icons_doomsday_device4_9f0e40e4,doomsday_icons,res://assets/tilesets/cyber_city_core_tilesets/Store_Items/Doomsday Icons/Doomsday Icons/Device4.png,Device4.png,individual_png,,512,512,"[0, 0, 512, 512]",61.668,READY_BOTH,doomsday,"[""warning_indicator"", ""scheme_card"", ""world_decal""]",TextureRect,icon_both,OccludableIcons,0.5,90,"Iconography asset; use for UI, badges, decals, signage, screen graphics, or markers.",
pvg_icon_doomsday_icons_doomsday_device5_b36b9cdb,doomsday_icons,res://assets/tilesets/cyber_city_core_tilesets/Store_Items/Doomsday Icons/Doomsday Icons/Device5.png,Device5.png,individual_png,,512,512,"[10, 131, 509, 415]",54.227,READY_BOTH,doomsday,"[""warning_indicator"", ""scheme_card"", ""world_decal""]",TextureRect,icon_both,OccludableIcons,0.5,90,"Iconography asset; use for UI, badges, decals, signage, screen graphics, or markers.",
pvg_icon_doomsday_icons_doomsday_doomsday_accessory1_56657082,doomsday_icons,res://assets/tilesets/cyber_city_core_tilesets/Store_Items/Doomsday Icons/Doomsday Icons/Doomsday_Accessory1.png,Doomsday_Accessory1.png,individual_png,,512,512,"[85, 111, 407, 459]",69.848,READY_BOTH,doomsday,"[""warning_indicator"", ""scheme_card"", ""world_decal""]",TextureRect,icon_both,OccludableIcons,0.5,90,"Iconography asset; use for UI, badges, decals, signage, screen graphics, or markers.",
pvg_icon_doomsday_icons_doomsday_doomsday_accessory3_b4614cbd,doomsday_icons,res://assets/tilesets/cyber_city_core_tilesets/Store_Items/Doomsday Icons/Doomsday Icons/Doomsday_Accessory3.png,Doomsday_Accessory3.png,individual_png,,512,512,"[53, 131, 422, 439]",73.954,READY_BOTH,doomsday,"[""warning_indicator"", ""scheme_card"", ""world_decal""]",TextureRect,icon_both,OccludableIcons,0.5,90,"Iconography asset; use for UI, badges, decals, signage, screen graphics, or markers.",
pvg_icon_doomsday_icons_doomsday_doomsday_accessory4_8b2d7e54,doomsday_icons,res://assets/tilesets/cyber_city_core_tilesets/Store_Items/Doomsday Icons/Doomsday Icons/Doomsday_Accessory4.png,Doomsday_Accessory4.png,individual_png,,512,512,"[159, 41, 389, 485]",81.302,READY_BOTH,doomsday,"[""warning_indicator"", ""scheme_card"", ""world_decal""]",TextureRect,icon_both,OccludableIcons,0.5,90,"Iconography asset; use for UI, badges, decals, signage, screen graphics, or markers.",
pvg_icon_doomsday_icons_doomsday_doomsday_accessory5_e9bd6155,doomsday_icons,res://assets/tilesets/cyber_city_core_tilesets/Store_Items/Doomsday Icons/Doomsday Icons/Doomsday_Accessory5.png,Doomsday_Accessory5.png,individual_png,,512,512,"[140, 155, 335, 405]",90.491,READY_BOTH,doomsday,"[""warning_indicator"", ""scheme_card"", ""world_decal""]",TextureRect,icon_both,OccludableIcons,0.5,90,"Iconography asset; use for UI, badges, decals, signage, screen graphics, or markers.",
pvg_icon_doomsday_icons_doomsday_doomsday_axe1_8cfb6683,doomsday_icons,res://assets/tilesets/cyber_city_core_tilesets/Store_Items/Doomsday Icons/Doomsday Icons/Doomsday_Axe1.png,Doomsday_Axe1.png,individual_png,,512,512,"[4, 52, 500, 445]",88.362,READY_BOTH,doomsday,"[""warning_indicator"", ""scheme_card"", ""world_decal""]",TextureRect,icon_both,OccludableIcons,0.5,90,"Iconography asset; use for UI, badges, decals, signage, screen graphics, or markers.",
pvg_icon_doomsday_icons_doomsday_doomsday_bat1_08fcdb81,doomsday_icons,res://assets/tilesets/cyber_city_core_tilesets/Store_Items/Doomsday Icons/Doomsday Icons/Doomsday_Bat1.png,Doomsday_Bat1.png,individual_png,,512,512,"[37, 35, 484, 478]",89.315,READY_BOTH,doomsday,"[""warning_indicator"", ""scheme_card"", ""world_decal""]",TextureRect,icon_both,OccludableIcons,0.5,90,"Iconography asset; use for UI, badges, decals, signage, screen graphics, or markers.",
pvg_icon_doomsday_icons_doomsday_doomsday_bat2_65335a99,doomsday_icons,res://assets/tilesets/cyber_city_core_tilesets/Store_Items/Doomsday Icons/Doomsday Icons/Doomsday_Bat2.png,Doomsday_Bat2.png,individual_png,,512,512,"[15, 9, 494, 486]",89.714,READY_BOTH,doomsday,"[""warning_indicator"", ""scheme_card"", ""world_decal""]",TextureRect,icon_both,OccludableIcons,0.5,90,"Iconography asset; use for UI, badges, decals, signage, screen graphics, or markers.",
pvg_icon_doomsday_icons_doomsday_doomsday_bottom1_09a1bcc2,doomsday_icons,res://assets/tilesets/cyber_city_core_tilesets/Store_Items/Doomsday Icons/Doomsday Icons/Doomsday_Bottom1.png,Doomsday_Bottom1.png,individual_png,,512,512,"[168, 14, 404, 499]",75.704,READY_BOTH,doomsday,"[""warning_indicator"", ""scheme_card"", ""world_decal""]",TextureRect,icon_both,OccludableIcons,0.5,90,"Iconography asset; use for UI, badges, decals, signage, screen graphics, or markers.",
pvg_icon_doomsday_icons_doomsday_doomsday_bottom10_a98cfb6f,doomsday_icons,res://assets/tilesets/cyber_city_core_tilesets/Store_Items/Doomsday Icons/Doomsday Icons/Doomsday_Bottom10.png,Doomsday_Bottom10.png,individual_png,,512,512,"[145, 16, 372, 488]",77.552,READY_BOTH,doomsday,"[""warning_indicator"", ""scheme_card"", ""world_decal""]",TextureRect,icon_both,OccludableIcons,0.5,90,"Iconography asset; use for UI, badges, decals, signage, screen graphics, or markers.",
pvg_icon_doomsday_icons_doomsday_doomsday_bottom2_675c5cf5,doomsday_icons,res://assets/tilesets/cyber_city_core_tilesets/Store_Items/Doomsday Icons/Doomsday Icons/Doomsday_Bottom2.png,Doomsday_Bottom2.png,individual_png,,512,512,"[165, 32, 399, 502]",78.687,READY_BOTH,doomsday,"[""warning_indicator"", ""scheme_card"", ""world_decal""]",TextureRect,icon_both,OccludableIcons,0.5,90,"Iconography asset; use for UI, badges, decals, signage, screen graphics, or markers.",
pvg_icon_doomsday_icons_doomsday_doomsday_bottom3_e6670d56,doomsday_icons,res://assets/tilesets/cyber_city_core_tilesets/Store_Items/Doomsday Icons/Doomsday Icons/Doomsday_Bottom3.png,Doomsday_Bottom3.png,individual_png,,512,512,"[171, 25, 387, 498]",79.51,READY_BOTH,doomsday,"[""warning_indicator"", ""scheme_card"", ""world_decal""]",TextureRect,icon_both,OccludableIcons,0.5,90,"Iconography asset; use for UI, badges, decals, signage, screen graphics, or markers.",
pvg_icon_doomsday_icons_doomsday_doomsday_bottom4_6e713871,doomsday_icons,res://assets/tilesets/cyber_city_core_tilesets/Store_Items/Doomsday Icons/Doomsday Icons/Doomsday_Bottom4.png,Doomsday_Bottom4.png,individual_png,,512,512,"[172, 36, 372, 494]",82.988,READY_BOTH,doomsday,"[""warning_indicator"", ""scheme_card"", ""world_decal""]",TextureRect,icon_both,OccludableIcons,0.5,90,"Iconography asset; use for UI, badges, decals, signage, screen graphics, or markers.",
pvg_icon_doomsday_icons_doomsday_doomsday_bottom6_38f48736,doomsday_icons,res://assets/tilesets/cyber_city_core_tilesets/Store_Items/Doomsday Icons/Doomsday Icons/Doomsday_Bottom6.png,Doomsday_Bottom6.png,individual_png,,512,512,"[158, 8, 378, 504]",75.363,READY_BOTH,doomsday,"[""warning_indicator"", ""scheme_card"", ""world_decal""]",TextureRect,icon_both,OccludableIcons,0.5,90,"Iconography asset; use for UI, badges, decals, signage, screen graphics, or markers.",
pvg_icon_doomsday_icons_doomsday_doomsday_bottom7_c36a9a6d,doomsday_icons,res://assets/tilesets/cyber_city_core_tilesets/Store_Items/Doomsday Icons/Doomsday Icons/Doomsday_Bottom7.png,Doomsday_Bottom7.png,individual_png,,512,512,"[175, 18, 391, 506]",74.679,READY_BOTH,doomsday,"[""warning_indicator"", ""scheme_card"", ""world_decal""]",TextureRect,icon_both,OccludableIcons,0.5,90,"Iconography asset; use for UI, badges, decals, signage, screen graphics, or markers.",
pvg_icon_doomsday_icons_doomsday_doomsday_bottom8_33ca63cb,doomsday_icons,res://assets/tilesets/cyber_city_core_tilesets/Store_Items/Doomsday Icons/Doomsday Icons/Doomsday_Bottom8.png,Doomsday_Bottom8.png,individual_png,,512,512,"[115, 9, 368, 495]",72.906,READY_BOTH,doomsday,"[""warning_indicator"", ""scheme_card"", ""world_decal""]",TextureRect,icon_both,OccludableIcons,0.5,90,"Iconography asset; use for UI, badges, decals, signage, screen graphics, or markers.",
pvg_icon_doomsday_icons_doomsday_doomsday_bottom9_3d7372f9,doomsday_icons,res://assets/tilesets/cyber_city_core_tilesets/Store_Items/Doomsday Icons/Doomsday Icons/Doomsday_Bottom9.png,Doomsday_Bottom9.png,individual_png,,512,512,"[112, 28, 347, 496]",72.758,READY_BOTH,doomsday,"[""warning_indicator"", ""scheme_card"", ""world_decal""]",TextureRect,icon_both,OccludableIcons,0.5,90,"Iconography asset; use for UI, badges, decals, signage, screen graphics, or markers.",
pvg_icon_doomsday_icons_doomsday_doomsday_cleaver_00882a05,doomsday_icons,res://assets/tilesets/cyber_city_core_tilesets/Store_Items/Doomsday Icons/Doomsday Icons/Doomsday_Cleaver.png,Doomsday_Cleaver.png,individual_png,,512,512,"[63, 28, 459, 478]",87.461,READY_BOTH,doomsday,"[""warning_indicator"", ""scheme_card"", ""world_decal""]",TextureRect,icon_both,OccludableIcons,0.5,90,"Iconography asset; use for UI, badges, decals, signage, screen graphics, or markers.",
pvg_icon_doomsday_icons_doomsday_doomsday_female_bottom11_818fb787,doomsday_icons,res://assets/tilesets/cyber_city_core_tilesets/Store_Items/Doomsday Icons/Doomsday Icons/Doomsday_Female_Bottom11.png,Doomsday_Female_Bottom11.png,individual_png,,512,512,"[145, 20, 347, 493]",80.135,READY_BOTH,doomsday,"[""warning_indicator"", ""scheme_card"", ""world_decal""]",TextureRect,icon_both,OccludableIcons,0.5,90,"Iconography asset; use for UI, badges, decals, signage, screen graphics, or markers.",
pvg_icon_doomsday_icons_doomsday_doomsday_female_bottom5_dba79eea,doomsday_icons,res://assets/tilesets/cyber_city_core_tilesets/Store_Items/Doomsday Icons/Doomsday Icons/Doomsday_Female_Bottom5.png,Doomsday_Female_Bottom5.png,individual_png,,512,512,"[147, 19, 356, 500]",81.697,READY_BOTH,doomsday,"[""warning_indicator"", ""scheme_card"", ""world_decal""]",TextureRect,icon_both,OccludableIcons,0.5,90,"Iconography asset; use for UI, badges, decals, signage, screen graphics, or markers.",
pvg_icon_doomsday_icons_doomsday_doomsday_female_top10_fa577469,doomsday_icons,res://assets/tilesets/cyber_city_core_tilesets/Store_Items/Doomsday Icons/Doomsday Icons/Doomsday_Female_Top10.png,Doomsday_Female_Top10.png,individual_png,,512,512,"[47, 46, 431, 442]",69.123,READY_BOTH,doomsday,"[""warning_indicator"", ""scheme_card"", ""world_decal""]",TextureRect,icon_both,OccludableIcons,0.5,90,"Iconography asset; use for UI, badges, decals, signage, screen graphics, or markers.",
pvg_icon_doomsday_icons_doomsday_doomsday_female_top5_734e4c87,doomsday_icons,res://assets/tilesets/cyber_city_core_tilesets/Store_Items/Doomsday Icons/Doomsday Icons/Doomsday_Female_Top5.png,Doomsday_Female_Top5.png,individual_png,,512,512,"[10, 29, 499, 474]",66.209,READY_BOTH,doomsday,"[""warning_indicator"", ""scheme_card"", ""world_decal""]",TextureRect,icon_both,OccludableIcons,0.5,90,"Iconography asset; use for UI, badges, decals, signage, screen graphics, or markers.",
pvg_icon_doomsday_icons_doomsday_doomsday_head1_b6979648,doomsday_icons,res://assets/tilesets/cyber_city_core_tilesets/Store_Items/Doomsday Icons/Doomsday Icons/Doomsday_Head1.png,Doomsday_Head1.png,individual_png,,512,512,"[141, 229, 413, 364]",90.793,READY_BOTH,doomsday,"[""warning_indicator"", ""scheme_card"", ""world_decal""]",TextureRect,icon_both,OccludableIcons,0.5,90,"Iconography asset; use for UI, badges, decals, signage, screen graphics, or markers.",
pvg_icon_doomsday_icons_doomsday_doomsday_head2_49110aac,doomsday_icons,res://assets/tilesets/cyber_city_core_tilesets/Store_Items/Doomsday Icons/Doomsday Icons/Doomsday_Head2.png,Doomsday_Head2.png,individual_png,,512,512,"[102, 225, 407, 346]",91.744,READY_BOTH,doomsday,"[""warning_indicator"", ""scheme_card"", ""world_decal""]",TextureRect,icon_both,OccludableIcons,0.5,90,"Iconography asset; use for UI, badges, decals, signage, screen graphics, or markers.",
pvg_icon_doomsday_icons_doomsday_doomsday_head3_eabf7956,doomsday_icons,res://assets/tilesets/cyber_city_core_tilesets/Store_Items/Doomsday Icons/Doomsday Icons/Doomsday_Head3.png,Doomsday_Head3.png,individual_png,,512,512,"[100, 85, 344, 415]",79.166,READY_BOTH,doomsday,"[""warning_indicator"", ""scheme_card"", ""world_decal""]",TextureRect,icon_both,OccludableIcons,0.5,90,"Iconography asset; use for UI, badges, decals, signage, screen graphics, or markers.",
pvg_icon_doomsday_icons_doomsday_doomsday_head4_23967d50,doomsday_icons,res://assets/tilesets/cyber_city_core_tilesets/Store_Items/Doomsday Icons/Doomsday Icons/Doomsday_Head4.png,Doomsday_Head4.png,individual_png,,512,512,"[85, 43, 411, 454]",61.893,READY_BOTH,doomsday,"[""warning_indicator"", ""scheme_card"", ""world_decal""]",TextureRect,icon_both,OccludableIcons,0.5,90,"Iconography asset; use for UI, badges, decals, signage, screen graphics, or markers.",
pvg_icon_doomsday_icons_doomsday_doomsday_head5_6b350d61,doomsday_icons,res://assets/tilesets/cyber_city_core_tilesets/Store_Items/Doomsday Icons/Doomsday Icons/Doomsday_Head5.png,Doomsday_Head5.png,individual_png,,512,512,"[109, 144, 398, 402]",79.105,READY_BOTH,doomsday,"[""warning_indicator"", ""scheme_card"", ""world_decal""]",TextureRect,icon_both,OccludableIcons,0.5,90,"Iconography asset; use for UI, badges, decals, signage, screen graphics, or markers.",
pvg_icon_doomsday_icons_doomsday_doomsday_katana_9bab627e,doomsday_icons,res://assets/tilesets/cyber_city_core_tilesets/Store_Items/Doomsday Icons/Doomsday Icons/Doomsday_Katana.png,Doomsday_Katana.png,individual_png,,512,512,"[22, 22, 478, 490]",95.246,READY_BOTH,doomsday,"[""warning_indicator"", ""scheme_card"", ""world_decal""]",TextureRect,icon_both,OccludableIcons,0.5,90,"Iconography asset; use for UI, badges, decals, signage, screen graphics, or markers.",
pvg_icon_doomsday_icons_doomsday_doomsday_machete1_052602d3,doomsday_icons,res://assets/tilesets/cyber_city_core_tilesets/Store_Items/Doomsday Icons/Doomsday Icons/Doomsday_Machete1.png,Doomsday_Machete1.png,individual_png,,512,512,"[40, 15, 463, 446]",90.268,READY_BOTH,doomsday,"[""warning_indicator"", ""scheme_card"", ""world_decal""]",TextureRect,icon_both,OccludableIcons,0.5,90,"Iconography asset; use for UI, badges, decals, signage, screen graphics, or markers.",
pvg_icon_doomsday_icons_doomsday_doomsday_male_accessory4_e46f6b36,doomsday_icons,res://assets/tilesets/cyber_city_core_tilesets/Store_Items/Doomsday Icons/Doomsday Icons/Doomsday_Male_Accessory4.png,Doomsday_Male_Accessory4.png,individual_png,,512,512,"[159, 41, 389, 485]",81.302,READY_BOTH,doomsday,"[""warning_indicator"", ""scheme_card"", ""world_decal""]",TextureRect,icon_both,OccludableIcons,0.5,90,"Iconography asset; use for UI, badges, decals, signage, screen graphics, or markers.",
pvg_icon_doomsday_icons_doomsday_doomsday_male_bottom5_793c1f7a,doomsday_icons,res://assets/tilesets/cyber_city_core_tilesets/Store_Items/Doomsday Icons/Doomsday Icons/Doomsday_Male_Bottom5.png,Doomsday_Male_Bottom5.png,individual_png,,512,512,"[171, 24, 374, 500]",78.982,READY_BOTH,doomsday,"[""warning_indicator"", ""scheme_card"", ""world_decal""]",TextureRect,icon_both,OccludableIcons,0.5,90,"Iconography asset; use for UI, badges, decals, signage, screen graphics, or markers.",
pvg_icon_doomsday_icons_doomsday_doomsday_male_top10_b8658302,doomsday_icons,res://assets/tilesets/cyber_city_core_tilesets/Store_Items/Doomsday Icons/Doomsday Icons/Doomsday_Male_Top10.png,Doomsday_Male_Top10.png,individual_png,,512,512,"[77, 68, 381, 423]",73.372,READY_BOTH,doomsday,"[""warning_indicator"", ""scheme_card"", ""world_decal""]",TextureRect,icon_both,OccludableIcons,0.5,90,"Iconography asset; use for UI, badges, decals, signage, screen graphics, or markers.",
pvg_icon_doomsday_icons_doomsday_doomsday_male_top17_c27c7740,doomsday_icons,res://assets/tilesets/cyber_city_core_tilesets/Store_Items/Doomsday Icons/Doomsday Icons/Doomsday_Male_Top17.png,Doomsday_Male_Top17.png,individual_png,,512,512,"[26, 92, 443, 440]",67.154,READY_BOTH,doomsday,"[""warning_indicator"", ""scheme_card"", ""world_decal""]",TextureRect,icon_both,OccludableIcons,0.5,90,"Iconography asset; use for UI, badges, decals, signage, screen graphics, or markers.",
pvg_icon_doomsday_icons_doomsday_doomsday_male_top5_1a828ce8,doomsday_icons,res://assets/tilesets/cyber_city_core_tilesets/Store_Items/Doomsday Icons/Doomsday Icons/Doomsday_Male_Top5.png,Doomsday_Male_Top5.png,individual_png,,512,512,"[96, 106, 399, 443]",78.94,READY_BOTH,doomsday,"[""warning_indicator"", ""scheme_card"", ""world_decal""]",TextureRect,icon_both,OccludableIcons,0.5,90,"Iconography asset; use for UI, badges, decals, signage, screen graphics, or markers.",
pvg_icon_doomsday_icons_doomsday_doomsday_mg1_39f57140,doomsday_icons,res://assets/tilesets/cyber_city_core_tilesets/Store_Items/Doomsday Icons/Doomsday Icons/Doomsday_MG1.png,Doomsday_MG1.png,individual_png,,512,512,"[7, 35, 502, 462]",87.323,READY_BOTH,doomsday,"[""warning_indicator"", ""scheme_card"", ""world_decal""]",TextureRect,icon_both,OccludableIcons,0.5,90,"Iconography asset; use for UI, badges, decals, signage, screen graphics, or markers.",
pvg_icon_doomsday_icons_doomsday_doomsday_mg2_b071d573,doomsday_icons,res://assets/tilesets/cyber_city_core_tilesets/Store_Items/Doomsday Icons/Doomsday Icons/Doomsday_MG2.png,Doomsday_MG2.png,individual_png,,512,512,"[15, 16, 498, 467]",84.097,READY_BOTH,doomsday,"[""warning_indicator"", ""scheme_card"", ""world_decal""]",TextureRect,icon_both,OccludableIcons,0.5,90,"Iconography asset; use for UI, badges, decals, signage, screen graphics, or markers.",
pvg_icon_doomsday_icons_doomsday_doomsday_pipesaw_7f8baef9,doomsday_icons,res://assets/tilesets/cyber_city_core_tilesets/Store_Items/Doomsday Icons/Doomsday Icons/Doomsday_PipeSaw.png,Doomsday_PipeSaw.png,individual_png,,512,512,"[32, 21, 499, 487]",78.407,READY_BOTH,doomsday,"[""warning_indicator"", ""scheme_card"", ""world_decal""]",TextureRect,icon_both,OccludableIcons,0.5,90,"Iconography asset; use for UI, badges, decals, signage, screen graphics, or markers.",
pvg_icon_doomsday_icons_doomsday_doomsday_pistol1_c4b6000a,doomsday_icons,res://assets/tilesets/cyber_city_core_tilesets/Store_Items/Doomsday Icons/Doomsday Icons/Doomsday_Pistol1.png,Doomsday_Pistol1.png,individual_png,,512,512,"[63, 127, 406, 390]",85.423,READY_BOTH,doomsday,"[""warning_indicator"", ""scheme_card"", ""world_decal""]",TextureRect,icon_both,OccludableIcons,0.5,90,"Iconography asset; use for UI, badges, decals, signage, screen graphics, or markers.",
pvg_icon_doomsday_icons_doomsday_doomsday_pistol2_a7578e49,doomsday_icons,res://assets/tilesets/cyber_city_core_tilesets/Store_Items/Doomsday Icons/Doomsday Icons/Doomsday_Pistol2.png,Doomsday_Pistol2.png,individual_png,,512,512,"[69, 141, 450, 398]",85.953,READY_BOTH,doomsday,"[""warning_indicator"", ""scheme_card"", ""world_decal""]",TextureRect,icon_both,OccludableIcons,0.5,90,"Iconography asset; use for UI, badges, decals, signage, screen graphics, or markers.",
pvg_icon_doomsday_icons_doomsday_doomsday_screwdriver_45f57c6a,doomsday_icons,res://assets/tilesets/cyber_city_core_tilesets/Store_Items/Doomsday Icons/Doomsday Icons/Doomsday_Screwdriver.png,Doomsday_Screwdriver.png,individual_png,,512,512,"[92, 123, 405, 432]",95.652,READY_BOTH,doomsday,"[""warning_indicator"", ""scheme_card"", ""world_decal""]",TextureRect,icon_both,OccludableIcons,0.5,90,"Iconography asset; use for UI, badges, decals, signage, screen graphics, or markers.",
pvg_icon_doomsday_icons_security_doomsday_shield1_f1ba4b1d,doomsday_icons,res://assets/tilesets/cyber_city_core_tilesets/Store_Items/Doomsday Icons/Doomsday Icons/Doomsday_Shield1.png,Doomsday_Shield1.png,individual_png,,512,512,"[62, 6, 441, 506]",44.64,READY_BOTH,security,"[""security_indicator"", ""warning_indicator"", ""mission_board"", ""world_decal"", ""screen_graphic""]",TextureRect,icon_both,OccludableIcons,0.5,90,"Iconography asset; use for UI, badges, decals, signage, screen graphics, or markers.",
pvg_icon_doomsday_icons_doomsday_doomsday_shotgun1_c6aa871c,doomsday_icons,res://assets/tilesets/cyber_city_core_tilesets/Store_Items/Doomsday Icons/Doomsday Icons/Doomsday_Shotgun1.png,Doomsday_Shotgun1.png,individual_png,,512,512,"[9, 89, 505, 455]",87.317,READY_BOTH,doomsday,"[""warning_indicator"", ""scheme_card"", ""world_decal""]",TextureRect,icon_both,OccludableIcons,0.5,90,"Iconography asset; use for UI, badges, decals, signage, screen graphics, or markers.",
pvg_icon_doomsday_icons_doomsday_doomsday_smg1_829113c1,doomsday_icons,res://assets/tilesets/cyber_city_core_tilesets/Store_Items/Doomsday Icons/Doomsday Icons/Doomsday_SMG1.png,Doomsday_SMG1.png,individual_png,,512,512,"[10, 86, 497, 461]",88.205,READY_BOTH,doomsday,"[""warning_indicator"", ""scheme_card"", ""world_decal""]",TextureRect,icon_both,OccludableIcons,0.5,90,"Iconography asset; use for UI, badges, decals, signage, screen graphics, or markers.",
pvg_icon_doomsday_icons_doomsday_doomsday_smg2_5be17ec1,doomsday_icons,res://assets/tilesets/cyber_city_core_tilesets/Store_Items/Doomsday Icons/Doomsday Icons/Doomsday_SMG2.png,Doomsday_SMG2.png,individual_png,,512,512,"[19, 51, 488, 415]",89.693,READY_BOTH,doomsday,"[""warning_indicator"", ""scheme_card"", ""world_decal""]",TextureRect,icon_both,OccludableIcons,0.5,90,"Iconography asset; use for UI, badges, decals, signage, screen graphics, or markers.",
pvg_icon_doomsday_icons_doomsday_doomsday_tireiron_472e0f5a,doomsday_icons,res://assets/tilesets/cyber_city_core_tilesets/Store_Items/Doomsday Icons/Doomsday Icons/Doomsday_TireIron.png,Doomsday_TireIron.png,individual_png,,512,512,"[92, 65, 428, 462]",95.857,READY_BOTH,doomsday,"[""warning_indicator"", ""scheme_card"", ""world_decal""]",TextureRect,icon_both,OccludableIcons,0.5,90,"Iconography asset; use for UI, badges, decals, signage, screen graphics, or markers.",
pvg_icon_doomsday_icons_doomsday_doomsday_top1_1246445e,doomsday_icons,res://assets/tilesets/cyber_city_core_tilesets/Store_Items/Doomsday Icons/Doomsday Icons/Doomsday_Top1.png,Doomsday_Top1.png,individual_png,,512,512,"[18, 144, 485, 439]",79.049,READY_BOTH,doomsday,"[""warning_indicator"", ""scheme_card"", ""world_decal""]",TextureRect,icon_both,OccludableIcons,0.5,90,"Iconography asset; use for UI, badges, decals, signage, screen graphics, or markers.",
pvg_icon_doomsday_icons_doomsday_doomsday_top11_939a4b6b,doomsday_icons,res://assets/tilesets/cyber_city_core_tilesets/Store_Items/Doomsday Icons/Doomsday Icons/Doomsday_Top11.png,Doomsday_Top11.png,individual_png,,512,512,"[79, 22, 385, 506]",65.253,READY_BOTH,doomsday,"[""warning_indicator"", ""scheme_card"", ""world_decal""]",TextureRect,icon_both,OccludableIcons,0.5,90,"Iconography asset; use for UI, badges, decals, signage, screen graphics, or markers.",
pvg_icon_doomsday_icons_doomsday_doomsday_top12_ce0100f8,doomsday_icons,res://assets/tilesets/cyber_city_core_tilesets/Store_Items/Doomsday Icons/Doomsday Icons/Doomsday_Top12.png,Doomsday_Top12.png,individual_png,,512,512,"[98, 78, 342, 447]",74.989,READY_BOTH,doomsday,"[""warning_indicator"", ""scheme_card"", ""world_decal""]",TextureRect,icon_both,OccludableIcons,0.5,90,"Iconography asset; use for UI, badges, decals, signage, screen graphics, or markers.",
pvg_icon_doomsday_icons_doomsday_doomsday_top13_e061c475,doomsday_icons,res://assets/tilesets/cyber_city_core_tilesets/Store_Items/Doomsday Icons/Doomsday Icons/Doomsday_Top13.png,Doomsday_Top13.png,individual_png,,512,512,"[63, 67, 389, 446]",70.108,READY_BOTH,doomsday,"[""warning_indicator"", ""scheme_card"", ""world_decal""]",TextureRect,icon_both,OccludableIcons,0.5,90,"Iconography asset; use for UI, badges, decals, signage, screen graphics, or markers.",
pvg_icon_doomsday_icons_doomsday_doomsday_top14_3baa5a98,doomsday_icons,res://assets/tilesets/cyber_city_core_tilesets/Store_Items/Doomsday Icons/Doomsday Icons/Doomsday_Top14.png,Doomsday_Top14.png,individual_png,,512,512,"[65, 64, 399, 466]",67.351,READY_BOTH,doomsday,"[""warning_indicator"", ""scheme_card"", ""world_decal""]",TextureRect,icon_both,OccludableIcons,0.5,90,"Iconography asset; use for UI, badges, decals, signage, screen graphics, or markers.",
pvg_icon_doomsday_icons_doomsday_doomsday_top15_79c4b9f7,doomsday_icons,res://assets/tilesets/cyber_city_core_tilesets/Store_Items/Doomsday Icons/Doomsday Icons/Doomsday_Top15.png,Doomsday_Top15.png,individual_png,,512,512,"[61, 50, 378, 472]",67.041,READY_BOTH,doomsday,"[""warning_indicator"", ""scheme_card"", ""world_decal""]",TextureRect,icon_both,OccludableIcons,0.5,90,"Iconography asset; use for UI, badges, decals, signage, screen graphics, or markers.",
pvg_icon_doomsday_icons_doomsday_doomsday_top16_e04863b5,doomsday_icons,res://assets/tilesets/cyber_city_core_tilesets/Store_Items/Doomsday Icons/Doomsday Icons/Doomsday_Top16.png,Doomsday_Top16.png,individual_png,,512,512,"[14, 69, 465, 476]",56.294,READY_BOTH,doomsday,"[""warning_indicator"", ""scheme_card"", ""world_decal""]",TextureRect,icon_both,OccludableIcons,0.5,90,"Iconography asset; use for UI, badges, decals, signage, screen graphics, or markers.",
pvg_icon_doomsday_icons_doomsday_doomsday_top17_0fb074f7,doomsday_icons,res://assets/tilesets/cyber_city_core_tilesets/Store_Items/Doomsday Icons/Doomsday Icons/Doomsday_Top17.png,Doomsday_Top17.png,individual_png,,512,512,"[26, 92, 443, 440]",67.154,READY_BOTH,doomsday,"[""warning_indicator"", ""scheme_card"", ""world_decal""]",TextureRect,icon_both,OccludableIcons,0.5,90,"Iconography asset; use for UI, badges, decals, signage, screen graphics, or markers.",
pvg_icon_doomsday_icons_doomsday_doomsday_top2_210e9bc0,doomsday_icons,res://assets/tilesets/cyber_city_core_tilesets/Store_Items/Doomsday Icons/Doomsday Icons/Doomsday_Top2.png,Doomsday_Top2.png,individual_png,,512,512,"[75, 5, 425, 511]",71.706,READY_BOTH,doomsday,"[""warning_indicator"", ""scheme_card"", ""world_decal""]",TextureRect,icon_both,OccludableIcons,0.5,90,"Iconography asset; use for UI, badges, decals, signage, screen graphics, or markers.",
pvg_icon_doomsday_icons_doomsday_doomsday_top3_2ce035ee,doomsday_icons,res://assets/tilesets/cyber_city_core_tilesets/Store_Items/Doomsday Icons/Doomsday Icons/Doomsday_Top3.png,Doomsday_Top3.png,individual_png,,512,512,"[27, 86, 480, 483]",70.014,READY_BOTH,doomsday,"[""warning_indicator"", ""scheme_card"", ""world_decal""]",TextureRect,icon_both,OccludableIcons,0.5,90,"Iconography asset; use for UI, badges, decals, signage, screen graphics, or markers.",
pvg_icon_doomsday_icons_doomsday_doomsday_top4_9ab6f0e3,doomsday_icons,res://assets/tilesets/cyber_city_core_tilesets/Store_Items/Doomsday Icons/Doomsday Icons/Doomsday_Top4.png,Doomsday_Top4.png,individual_png,,512,512,"[130, 104, 349, 434]",81.028,READY_BOTH,doomsday,"[""warning_indicator"", ""scheme_card"", ""world_decal""]",TextureRect,icon_both,OccludableIcons,0.5,90,"Iconography asset; use for UI, badges, decals, signage, screen graphics, or markers.",
pvg_icon_doomsday_icons_doomsday_doomsday_top6_76b93111,doomsday_icons,res://assets/tilesets/cyber_city_core_tilesets/Store_Items/Doomsday Icons/Doomsday Icons/Doomsday_Top6.png,Doomsday_Top6.png,individual_png,,512,512,"[102, 5, 391, 508]",79.942,READY_BOTH,doomsday,"[""warning_indicator"", ""scheme_card"", ""world_decal""]",TextureRect,icon_both,OccludableIcons,0.5,90,"Iconography asset; use for UI, badges, decals, signage, screen graphics, or markers.",
pvg_icon_doomsday_icons_doomsday_doomsday_top7_286b6191,doomsday_icons,res://assets/tilesets/cyber_city_core_tilesets/Store_Items/Doomsday Icons/Doomsday Icons/Doomsday_Top7.png,Doomsday_Top7.png,individual_png,,512,512,"[13, 108, 491, 448]",79.854,READY_BOTH,doomsday,"[""warning_indicator"", ""scheme_card"", ""world_decal""]",TextureRect,icon_both,OccludableIcons,0.5,90,"Iconography asset; use for UI, badges, decals, signage, screen graphics, or markers.",
pvg_icon_doomsday_icons_doomsday_doomsday_top8_404df612,doomsday_icons,res://assets/tilesets/cyber_city_core_tilesets/Store_Items/Doomsday Icons/Doomsday Icons/Doomsday_Top8.png,Doomsday_Top8.png,individual_png,,512,512,"[20, 105, 500, 474]",79.844,READY_BOTH,doomsday,"[""warning_indicator"", ""scheme_card"", ""world_decal""]",TextureRect,icon_both,OccludableIcons,0.5,90,"Iconography asset; use for UI, badges, decals, signage, screen graphics, or markers.",
pvg_icon_doomsday_icons_doomsday_doomsday_top9_bac8a974,doomsday_icons,res://assets/tilesets/cyber_city_core_tilesets/Store_Items/Doomsday Icons/Doomsday Icons/Doomsday_Top9.png,Doomsday_Top9.png,individual_png,,512,512,"[16, 22, 502, 478]",65.788,READY_BOTH,doomsday,"[""warning_indicator"", ""scheme_card"", ""world_decal""]",TextureRect,icon_both,OccludableIcons,0.5,90,"Iconography asset; use for UI, badges, decals, signage, screen graphics, or markers.",
pvg_icon_doomsday_icons_doomsday_dresser1_f893074b,doomsday_icons,res://assets/tilesets/cyber_city_core_tilesets/Store_Items/Doomsday Icons/Doomsday Icons/Dresser1.png,Dresser1.png,individual_png,,512,512,"[4, 123, 506, 455]",48.179,READY_BOTH,doomsday,"[""warning_indicator"", ""scheme_card"", ""world_decal""]",TextureRect,icon_both,OccludableIcons,0.5,90,"Iconography asset; use for UI, badges, decals, signage, screen graphics, or markers.",
pvg_icon_doomsday_icons_doomsday_drugs1_cc45316c,doomsday_icons,res://assets/tilesets/cyber_city_core_tilesets/Store_Items/Doomsday Icons/Doomsday Icons/Drugs1.png,Drugs1.png,individual_png,,512,512,"[71, 144, 473, 373]",75.793,READY_BOTH,doomsday,"[""warning_indicator"", ""scheme_card"", ""world_decal""]",TextureRect,icon_both,OccludableIcons,0.5,90,"Iconography asset; use for UI, badges, decals, signage, screen graphics, or markers.",
pvg_icon_doomsday_icons_doomsday_drugs2_e817b8c3,doomsday_icons,res://assets/tilesets/cyber_city_core_tilesets/Store_Items/Doomsday Icons/Doomsday Icons/Drugs2.png,Drugs2.png,individual_png,,512,512,"[81, 171, 441, 381]",77.037,READY_BOTH,doomsday,"[""warning_indicator"", ""scheme_card"", ""world_decal""]",TextureRect,icon_both,OccludableIcons,0.5,90,"Iconography asset; use for UI, badges, decals, signage, screen graphics, or markers.",
pvg_icon_doomsday_icons_doomsday_electricbox1_56a3843e,doomsday_icons,res://assets/tilesets/cyber_city_core_tilesets/Store_Items/Doomsday Icons/Doomsday Icons/ElectricBox1.png,ElectricBox1.png,individual_png,,512,512,"[96, 16, 430, 505]",43.838,READY_BOTH,doomsday,"[""warning_indicator"", ""scheme_card"", ""world_decal""]",TextureRect,icon_both,OccludableIcons,0.5,90,"Iconography asset; use for UI, badges, decals, signage, screen graphics, or markers.",
pvg_icon_doomsday_icons_doomsday_electricbox2_f4d16d32,doomsday_icons,res://assets/tilesets/cyber_city_core_tilesets/Store_Items/Doomsday Icons/Doomsday Icons/ElectricBox2.png,ElectricBox2.png,individual_png,,512,512,"[77, 3, 431, 498]",39.184,READY_BOTH,doomsday,"[""warning_indicator"", ""scheme_card"", ""world_decal""]",TextureRect,icon_both,OccludableIcons,0.5,90,"Iconography asset; use for UI, badges, decals, signage, screen graphics, or markers.",
pvg_icon_doomsday_icons_doomsday_electricbox3_748d6fcb,doomsday_icons,res://assets/tilesets/cyber_city_core_tilesets/Store_Items/Doomsday Icons/Doomsday Icons/ElectricBox3.png,ElectricBox3.png,individual_png,,512,512,"[61, 31, 474, 477]",36.882,READY_BOTH,doomsday,"[""warning_indicator"", ""scheme_card"", ""world_decal""]",TextureRect,icon_both,OccludableIcons,0.5,90,"Iconography asset; use for UI, badges, decals, signage, screen graphics, or markers.",
pvg_icon_doomsday_icons_doomsday_electricbox4_18befeb0,doomsday_icons,res://assets/tilesets/cyber_city_core_tilesets/Store_Items/Doomsday Icons/Doomsday Icons/ElectricBox4.png,ElectricBox4.png,individual_png,,512,512,"[68, 33, 474, 474]",38.548,READY_BOTH,doomsday,"[""warning_indicator"", ""scheme_card"", ""world_decal""]",TextureRect,icon_both,OccludableIcons,0.5,90,"Iconography asset; use for UI, badges, decals, signage, screen graphics, or markers.",
pvg_icon_doomsday_icons_doomsday_electricbox5_06c59597,doomsday_icons,res://assets/tilesets/cyber_city_core_tilesets/Store_Items/Doomsday Icons/Doomsday Icons/ElectricBox5.png,ElectricBox5.png,individual_png,,512,512,"[104, 3, 452, 497]",45.032,READY_BOTH,doomsday,"[""warning_indicator"", ""scheme_card"", ""world_decal""]",TextureRect,icon_both,OccludableIcons,0.5,90,"Iconography asset; use for UI, badges, decals, signage, screen graphics, or markers.",
pvg_icon_doomsday_icons_doomsday_emergencylight1_d4f05376,doomsday_icons,res://assets/tilesets/cyber_city_core_tilesets/Store_Items/Doomsday Icons/Doomsday Icons/EmergencyLight1.png,EmergencyLight1.png,individual_png,,512,512,"[85, 41, 409, 485]",71.98,READY_BOTH,doomsday,"[""warning_indicator"", ""scheme_card"", ""world_decal""]",TextureRect,icon_both,OccludableIcons,0.5,90,"Iconography asset; use for UI, badges, decals, signage, screen graphics, or markers.",
pvg_icon_doomsday_icons_doomsday_exactoknife1_fdcc32bc,doomsday_icons,res://assets/tilesets/cyber_city_core_tilesets/Store_Items/Doomsday Icons/Doomsday Icons/ExactoKnife1.png,ExactoKnife1.png,individual_png,,512,512,"[129, 127, 391, 387]",95.205,READY_BOTH,doomsday,"[""warning_indicator"", ""scheme_card"", ""world_decal""]",TextureRect,icon_both,OccludableIcons,0.5,90,"Iconography asset; use for UI, badges, decals, signage, screen graphics, or markers.",
pvg_icon_doomsday_icons_doomsday_expansion_accessory1_29f4d994,doomsday_icons,res://assets/tilesets/cyber_city_core_tilesets/Store_Items/Doomsday Icons/Doomsday Icons/Expansion_Accessory1.png,Expansion_Accessory1.png,individual_png,,512,512,"[127, 150, 357, 356]",87.82,READY_BOTH,doomsday,"[""warning_indicator"", ""scheme_card"", ""world_decal""]",TextureRect,icon_both,OccludableIcons,0.5,90,"Iconography asset; use for UI, badges, decals, signage, screen graphics, or markers.",
pvg_icon_doomsday_icons_doomsday_expansion_accessory2_f5d9d732,doomsday_icons,res://assets/tilesets/cyber_city_core_tilesets/Store_Items/Doomsday Icons/Doomsday Icons/Expansion_Accessory2.png,Expansion_Accessory2.png,individual_png,,512,512,"[127, 150, 357, 356]",87.813,READY_BOTH,doomsday,"[""warning_indicator"", ""scheme_card"", ""world_decal""]",TextureRect,icon_both,OccludableIcons,0.5,90,"Iconography asset; use for UI, badges, decals, signage, screen graphics, or markers.",
pvg_icon_doomsday_icons_doomsday_expansion_assaultrifle1_69dc3226,doomsday_icons,res://assets/tilesets/cyber_city_core_tilesets/Store_Items/Doomsday Icons/Doomsday Icons/Expansion_AssaultRifle1.png,Expansion_AssaultRifle1.png,individual_png,,512,512,"[11, 36, 512, 493]",77.382,READY_BOTH,doomsday,"[""warning_indicator"", ""scheme_card"", ""world_decal""]",TextureRect,icon_both,OccludableIcons,0.5,90,"Iconography asset; use for UI, badges, decals, signage, screen graphics, or markers.",
pvg_icon_doomsday_icons_doomsday_expansion_assaultrifle2_d0718ab9,doomsday_icons,res://assets/tilesets/cyber_city_core_tilesets/Store_Items/Doomsday Icons/Doomsday Icons/Expansion_AssaultRifle2.png,Expansion_AssaultRifle2.png,individual_png,,512,512,"[1, 6, 512, 464]",83.281,READY_BOTH,doomsday,"[""warning_indicator"", ""scheme_card"", ""world_decal""]",TextureRect,icon_both,OccludableIcons,0.5,90,"Iconography asset; use for UI, badges, decals, signage, screen graphics, or markers.",
pvg_icon_doomsday_icons_doomsday_expansion_bat1_585b3343,doomsday_icons,res://assets/tilesets/cyber_city_core_tilesets/Store_Items/Doomsday Icons/Doomsday Icons/Expansion_Bat1.png,Expansion_Bat1.png,individual_png,,512,512,"[45, 2, 492, 509]",85.581,READY_BOTH,doomsday,"[""warning_indicator"", ""scheme_card"", ""world_decal""]",TextureRect,icon_both,OccludableIcons,0.5,90,"Iconography asset; use for UI, badges, decals, signage, screen graphics, or markers.",
pvg_icon_doomsday_icons_doomsday_expansion_bottom1_945ecd44,doomsday_icons,res://assets/tilesets/cyber_city_core_tilesets/Store_Items/Doomsday Icons/Doomsday Icons/Expansion_Bottom1.png,Expansion_Bottom1.png,individual_png,,512,512,"[176, 10, 392, 507]",77.221,READY_BOTH,doomsday,"[""warning_indicator"", ""scheme_card"", ""world_decal""]",TextureRect,icon_both,OccludableIcons,0.5,90,"Iconography asset; use for UI, badges, decals, signage, screen graphics, or markers.",
pvg_icon_doomsday_icons_doomsday_expansion_bottom3_b999cb26,doomsday_icons,res://assets/tilesets/cyber_city_core_tilesets/Store_Items/Doomsday Icons/Doomsday Icons/Expansion_Bottom3.png,Expansion_Bottom3.png,individual_png,,512,512,"[173, 2, 392, 510]",75.95,READY_BOTH,doomsday,"[""warning_indicator"", ""scheme_card"", ""world_decal""]",TextureRect,icon_both,OccludableIcons,0.5,90,"Iconography asset; use for UI, badges, decals, signage, screen graphics, or markers.",
pvg_icon_doomsday_icons_doomsday_expansion_bottom6_d7132c12,doomsday_icons,res://assets/tilesets/cyber_city_core_tilesets/Store_Items/Doomsday Icons/Doomsday Icons/Expansion_Bottom6.png,Expansion_Bottom6.png,individual_png,,512,512,"[173, 2, 394, 508]",76.115,READY_BOTH,doomsday,"[""warning_indicator"", ""scheme_card"", ""world_decal""]",TextureRect,icon_both,OccludableIcons,0.5,90,"Iconography asset; use for UI, badges, decals, signage, screen graphics, or markers.",
pvg_icon_doomsday_icons_doomsday_expansion_bottom7_ccfdcec6,doomsday_icons,res://assets/tilesets/cyber_city_core_tilesets/Store_Items/Doomsday Icons/Doomsday Icons/Expansion_Bottom7.png,Expansion_Bottom7.png,individual_png,,512,512,"[115, 7, 345, 509]",76.168,READY_BOTH,doomsday,"[""warning_indicator"", ""scheme_card"", ""world_decal""]",TextureRect,icon_both,OccludableIcons,0.5,90,"Iconography asset; use for UI, badges, decals, signage, screen graphics, or markers.",
pvg_icon_doomsday_icons_doomsday_expansion_bottom8_dc4e9d03,doomsday_icons,res://assets/tilesets/cyber_city_core_tilesets/Store_Items/Doomsday Icons/Doomsday Icons/Expansion_Bottom8.png,Expansion_Bottom8.png,individual_png,,512,512,"[153, 4, 369, 512]",76.066,READY_BOTH,doomsday,"[""warning_indicator"", ""scheme_card"", ""world_decal""]",TextureRect,icon_both,OccludableIcons,0.5,90,"Iconography asset; use for UI, badges, decals, signage, screen graphics, or markers.",
pvg_icon_doomsday_icons_doomsday_expansion_female_bottom2_10b35359,doomsday_icons,res://assets/tilesets/cyber_city_core_tilesets/Store_Items/Doomsday Icons/Doomsday Icons/Expansion_Female_Bottom2.png,Expansion_Female_Bottom2.png,individual_png,,512,512,"[147, 13, 345, 507]",88.804,READY_BOTH,doomsday,"[""warning_indicator"", ""scheme_card"", ""world_decal""]",TextureRect,icon_both,OccludableIcons,0.5,90,"Iconography asset; use for UI, badges, decals, signage, screen graphics, or markers.",
pvg_icon_doomsday_icons_doomsday_expansion_female_bottom4_3302d3f4,doomsday_icons,res://assets/tilesets/cyber_city_core_tilesets/Store_Items/Doomsday Icons/Doomsday Icons/Expansion_Female_Bottom4.png,Expansion_Female_Bottom4.png,individual_png,,512,512,"[152, 3, 363, 508]",77.406,READY_BOTH,doomsday,"[""warning_indicator"", ""scheme_card"", ""world_decal""]",TextureRect,icon_both,OccludableIcons,0.5,90,"Iconography asset; use for UI, badges, decals, signage, screen graphics, or markers.",
pvg_icon_doomsday_icons_doomsday_expansion_female_bottom5_c8d629a7,doomsday_icons,res://assets/tilesets/cyber_city_core_tilesets/Store_Items/Doomsday Icons/Doomsday Icons/Expansion_Female_Bottom5.png,Expansion_Female_Bottom5.png,individual_png,,512,512,"[147, 3, 359, 509]",77.984,READY_BOTH,doomsday,"[""warning_indicator"", ""scheme_card"", ""world_decal""]",TextureRect,icon_both,OccludableIcons,0.5,90,"Iconography asset; use for UI, badges, decals, signage, screen graphics, or markers.",
pvg_icon_doomsday_icons_doomsday_expansion_female_head6_273994fe,doomsday_icons,res://assets/tilesets/cyber_city_core_tilesets/Store_Items/Doomsday Icons/Doomsday Icons/Expansion_Female_Head6.png,Expansion_Female_Head6.png,individual_png,,512,512,"[97, 119, 449, 308]",83.035,READY_BOTH,doomsday,"[""warning_indicator"", ""scheme_card"", ""world_decal""]",TextureRect,icon_both,OccludableIcons,0.5,90,"Iconography asset; use for UI, badges, decals, signage, screen graphics, or markers.",
pvg_icon_doomsday_icons_doomsday_expansion_female_top12_bea82c7a,doomsday_icons,res://assets/tilesets/cyber_city_core_tilesets/Store_Items/Doomsday Icons/Doomsday Icons/Expansion_Female_Top12.png,Expansion_Female_Top12.png,individual_png,,512,512,"[34, 57, 490, 493]",79.747,READY_BOTH,doomsday,"[""warning_indicator"", ""scheme_card"", ""world_decal""]",TextureRect,icon_both,OccludableIcons,0.5,90,"Iconography asset; use for UI, badges, decals, signage, screen graphics, or markers.",
pvg_icon_doomsday_icons_doomsday_expansion_female_top14_83b79661,doomsday_icons,res://assets/tilesets/cyber_city_core_tilesets/Store_Items/Doomsday Icons/Doomsday Icons/Expansion_Female_Top14.png,Expansion_Female_Top14.png,individual_png,,512,512,"[72, 0, 409, 510]",64.795,READY_BOTH,doomsday,"[""warning_indicator"", ""scheme_card"", ""world_decal""]",TextureRect,icon_both,OccludableIcons,0.5,90,"Iconography asset; use for UI, badges, decals, signage, screen graphics, or markers.",
pvg_icon_doomsday_icons_doomsday_expansion_female_top18_e19deb39,doomsday_icons,res://assets/tilesets/cyber_city_core_tilesets/Store_Items/Doomsday Icons/Doomsday Icons/Expansion_Female_Top18.png,Expansion_Female_Top18.png,individual_png,,512,512,"[87, 0, 367, 512]",72.366,READY_BOTH,doomsday,"[""warning_indicator"", ""scheme_card"", ""world_decal""]",TextureRect,icon_both,OccludableIcons,0.5,90,"Iconography asset; use for UI, badges, decals, signage, screen graphics, or markers.",
pvg_icon_doomsday_icons_doomsday_expansion_female_top9_a021a058,doomsday_icons,res://assets/tilesets/cyber_city_core_tilesets/Store_Items/Doomsday Icons/Doomsday Icons/Expansion_Female_Top9.png,Expansion_Female_Top9.png,individual_png,,512,512,"[18, 39, 492, 493]",70.367,READY_BOTH,doomsday,"[""warning_indicator"", ""scheme_card"", ""world_decal""]",TextureRect,icon_both,OccludableIcons,0.5,90,"Iconography asset; use for UI, badges, decals, signage, screen graphics, or markers.",
pvg_icon_doomsday_icons_doomsday_expansion_hammer1_69904594,doomsday_icons,res://assets/tilesets/cyber_city_core_tilesets/Store_Items/Doomsday Icons/Doomsday Icons/Expansion_Hammer1.png,Expansion_Hammer1.png,individual_png,,512,512,"[28, 13, 493, 510]",80.391,READY_BOTH,doomsday,"[""warning_indicator"", ""scheme_card"", ""world_decal""]",TextureRect,icon_both,OccludableIcons,0.5,90,"Iconography asset; use for UI, badges, decals, signage, screen graphics, or markers.",
pvg_icon_doomsday_icons_doomsday_expansion_hatchet1_544c68c6,doomsday_icons,res://assets/tilesets/cyber_city_core_tilesets/Store_Items/Doomsday Icons/Doomsday Icons/Expansion_Hatchet1.png,Expansion_Hatchet1.png,individual_png,,512,512,"[79, 11, 465, 501]",85.016,READY_BOTH,doomsday,"[""warning_indicator"", ""scheme_card"", ""world_decal""]",TextureRect,icon_both,OccludableIcons,0.5,90,"Iconography asset; use for UI, badges, decals, signage, screen graphics, or markers.",
pvg_icon_doomsday_icons_doomsday_expansion_head1_ac105071,doomsday_icons,res://assets/tilesets/cyber_city_core_tilesets/Store_Items/Doomsday Icons/Doomsday Icons/Expansion_Head1.png,Expansion_Head1.png,individual_png,,512,512,"[86, 54, 424, 442]",69.271,READY_BOTH,doomsday,"[""warning_indicator"", ""scheme_card"", ""world_decal""]",TextureRect,icon_both,OccludableIcons,0.5,90,"Iconography asset; use for UI, badges, decals, signage, screen graphics, or markers.",
pvg_icon_doomsday_icons_doomsday_expansion_head2_a5b46f03,doomsday_icons,res://assets/tilesets/cyber_city_core_tilesets/Store_Items/Doomsday Icons/Doomsday Icons/Expansion_Head2.png,Expansion_Head2.png,individual_png,,512,512,"[86, 54, 424, 443]",69.23,READY_BOTH,doomsday,"[""warning_indicator"", ""scheme_card"", ""world_decal""]",TextureRect,icon_both,OccludableIcons,0.5,90,"Iconography asset; use for UI, badges, decals, signage, screen graphics, or markers.",
pvg_icon_doomsday_icons_doomsday_expansion_head3_ad5a51ad,doomsday_icons,res://assets/tilesets/cyber_city_core_tilesets/Store_Items/Doomsday Icons/Doomsday Icons/Expansion_Head3.png,Expansion_Head3.png,individual_png,,512,512,"[86, 54, 424, 443]",69.23,READY_BOTH,doomsday,"[""warning_indicator"", ""scheme_card"", ""world_decal""]",TextureRect,icon_both,OccludableIcons,0.5,90,"Iconography asset; use for UI, badges, decals, signage, screen graphics, or markers.",
pvg_icon_doomsday_icons_doomsday_expansion_head4_3b15b29f,doomsday_icons,res://assets/tilesets/cyber_city_core_tilesets/Store_Items/Doomsday Icons/Doomsday Icons/Expansion_Head4.png,Expansion_Head4.png,individual_png,,512,512,"[55, 68, 438, 430]",69.205,READY_BOTH,doomsday,"[""warning_indicator"", ""scheme_card"", ""world_decal""]",TextureRect,icon_both,OccludableIcons,0.5,90,"Iconography asset; use for UI, badges, decals, signage, screen graphics, or markers.",
pvg_icon_doomsday_icons_doomsday_expansion_head5_6c7e5045,doomsday_icons,res://assets/tilesets/cyber_city_core_tilesets/Store_Items/Doomsday Icons/Doomsday Icons/Expansion_Head5.png,Expansion_Head5.png,individual_png,,512,512,"[80, 133, 392, 372]",84.838,READY_BOTH,doomsday,"[""warning_indicator"", ""scheme_card"", ""world_decal""]",TextureRect,icon_both,OccludableIcons,0.5,90,"Iconography asset; use for UI, badges, decals, signage, screen graphics, or markers.",
pvg_icon_doomsday_icons_doomsday_expansion_head7_e3cc6e82,doomsday_icons,res://assets/tilesets/cyber_city_core_tilesets/Store_Items/Doomsday Icons/Doomsday Icons/Expansion_Head7.png,Expansion_Head7.png,individual_png,,512,512,"[106, 79, 412, 435]",73.489,READY_BOTH,doomsday,"[""warning_indicator"", ""scheme_card"", ""world_decal""]",TextureRect,icon_both,OccludableIcons,0.5,90,"Iconography asset; use for UI, badges, decals, signage, screen graphics, or markers.",
pvg_icon_doomsday_icons_doomsday_expansion_head8_e883edba,doomsday_icons,res://assets/tilesets/cyber_city_core_tilesets/Store_Items/Doomsday Icons/Doomsday Icons/Expansion_Head8.png,Expansion_Head8.png,individual_png,,512,512,"[79, 22, 429, 481]",65.708,READY_BOTH,doomsday,"[""warning_indicator"", ""scheme_card"", ""world_decal""]",TextureRect,icon_both,OccludableIcons,0.5,90,"Iconography asset; use for UI, badges, decals, signage, screen graphics, or markers.",
pvg_icon_doomsday_icons_doomsday_expansion_head9_46e82c30,doomsday_icons,res://assets/tilesets/cyber_city_core_tilesets/Store_Items/Doomsday Icons/Doomsday Icons/Expansion_Head9.png,Expansion_Head9.png,individual_png,,512,512,"[60, 36, 434, 446]",57.689,READY_BOTH,doomsday,"[""warning_indicator"", ""scheme_card"", ""world_decal""]",TextureRect,icon_both,OccludableIcons,0.5,90,"Iconography asset; use for UI, badges, decals, signage, screen graphics, or markers.",
pvg_icon_doomsday_icons_doomsday_expansion_knife1_dadd1e1a,doomsday_icons,res://assets/tilesets/cyber_city_core_tilesets/Store_Items/Doomsday Icons/Doomsday Icons/Expansion_Knife1.png,Expansion_Knife1.png,individual_png,,512,512,"[10, 18, 504, 478]",85.16,READY_BOTH,doomsday,"[""warning_indicator"", ""scheme_card"", ""world_decal""]",TextureRect,icon_both,OccludableIcons,0.5,90,"Iconography asset; use for UI, badges, decals, signage, screen graphics, or markers.",
pvg_icon_doomsday_icons_doomsday_expansion_male_bottom2_03615def,doomsday_icons,res://assets/tilesets/cyber_city_core_tilesets/Store_Items/Doomsday Icons/Doomsday Icons/Expansion_Male_Bottom2.png,Expansion_Male_Bottom2.png,individual_png,,512,512,"[170, 15, 379, 507]",77.179,READY_BOTH,doomsday,"[""warning_indicator"", ""scheme_card"", ""world_decal""]",TextureRect,icon_both,OccludableIcons,0.5,90,"Iconography asset; use for UI, badges, decals, signage, screen graphics, or markers.",
pvg_icon_doomsday_icons_doomsday_expansion_male_bottom4_b82ac06d,doomsday_icons,res://assets/tilesets/cyber_city_core_tilesets/Store_Items/Doomsday Icons/Doomsday Icons/Expansion_Male_Bottom4.png,Expansion_Male_Bottom4.png,individual_png,,512,512,"[168, 15, 380, 508]",85.715,READY_BOTH,doomsday,"[""warning_indicator"", ""scheme_card"", ""world_decal""]",TextureRect,icon_both,OccludableIcons,0.5,90,"Iconography asset; use for UI, badges, decals, signage, screen graphics, or markers.",
pvg_icon_doomsday_icons_doomsday_expansion_male_bottom5_e80f7d84,doomsday_icons,res://assets/tilesets/cyber_city_core_tilesets/Store_Items/Doomsday Icons/Doomsday Icons/Expansion_Male_Bottom5.png,Expansion_Male_Bottom5.png,individual_png,,512,512,"[178, 6, 387, 510]",77.586,READY_BOTH,doomsday,"[""warning_indicator"", ""scheme_card"", ""world_decal""]",TextureRect,icon_both,OccludableIcons,0.5,90,"Iconography asset; use for UI, badges, decals, signage, screen graphics, or markers.",
pvg_icon_doomsday_icons_doomsday_expansion_male_head6_e440ac9d,doomsday_icons,res://assets/tilesets/cyber_city_core_tilesets/Store_Items/Doomsday Icons/Doomsday Icons/Expansion_Male_Head6.png,Expansion_Male_Head6.png,individual_png,,512,512,"[34, 93, 420, 365]",71.408,READY_BOTH,doomsday,"[""warning_indicator"", ""scheme_card"", ""world_decal""]",TextureRect,icon_both,OccludableIcons,0.5,90,"Iconography asset; use for UI, badges, decals, signage, screen graphics, or markers.",
pvg_icon_doomsday_icons_doomsday_expansion_male_top12_df94a33a,doomsday_icons,res://assets/tilesets/cyber_city_core_tilesets/Store_Items/Doomsday Icons/Doomsday Icons/Expansion_Male_Top12.png,Expansion_Male_Top12.png,individual_png,,512,512,"[82, 21, 410, 487]",59.587,READY_BOTH,doomsday,"[""warning_indicator"", ""scheme_card"", ""world_decal""]",TextureRect,icon_both,OccludableIcons,0.5,90,"Iconography asset; use for UI, badges, decals, signage, screen graphics, or markers.",
pvg_icon_doomsday_icons_doomsday_expansion_male_top14_bdb01d14,doomsday_icons,res://assets/tilesets/cyber_city_core_tilesets/Store_Items/Doomsday Icons/Doomsday Icons/Expansion_Male_Top14.png,Expansion_Male_Top14.png,individual_png,,512,512,"[149, 15, 371, 509]",73.845,READY_BOTH,doomsday,"[""warning_indicator"", ""scheme_card"", ""world_decal""]",TextureRect,icon_both,OccludableIcons,0.5,90,"Iconography asset; use for UI, badges, decals, signage, screen graphics, or markers.",
pvg_icon_doomsday_icons_doomsday_expansion_male_top9_e58a4fd0,doomsday_icons,res://assets/tilesets/cyber_city_core_tilesets/Store_Items/Doomsday Icons/Doomsday Icons/Expansion_Male_Top9.png,Expansion_Male_Top9.png,individual_png,,512,512,"[46, 47, 428, 442]",82.088,READY_BOTH,doomsday,"[""warning_indicator"", ""scheme_card"", ""world_decal""]",TextureRect,icon_both,OccludableIcons,0.5,90,"Iconography asset; use for UI, badges, decals, signage, screen graphics, or markers.",
pvg_icon_doomsday_icons_doomsday_expansion_prybar1_238f4277,doomsday_icons,res://assets/tilesets/cyber_city_core_tilesets/Store_Items/Doomsday Icons/Doomsday Icons/Expansion_Prybar1.png,Expansion_Prybar1.png,individual_png,,512,512,"[85, 7, 420, 507]",94.25,READY_BOTH,doomsday,"[""warning_indicator"", ""scheme_card"", ""world_decal""]",TextureRect,icon_both,OccludableIcons,0.5,90,"Iconography asset; use for UI, badges, decals, signage, screen graphics, or markers.",
pvg_icon_doomsday_icons_doomsday_expansion_sawaxe1_f59b39c0,doomsday_icons,res://assets/tilesets/cyber_city_core_tilesets/Store_Items/Doomsday Icons/Doomsday Icons/Expansion_SawAxe1.png,Expansion_SawAxe1.png,individual_png,,512,512,"[4, 12, 510, 473]",83.051,READY_BOTH,doomsday,"[""warning_indicator"", ""scheme_card"", ""world_decal""]",TextureRect,icon_both,OccludableIcons,0.5,90,"Iconography asset; use for UI, badges, decals, signage, screen graphics, or markers.",
pvg_icon_doomsday_icons_security_expansion_shield1_54618dcd,doomsday_icons,res://assets/tilesets/cyber_city_core_tilesets/Store_Items/Doomsday Icons/Doomsday Icons/Expansion_Shield1.png,Expansion_Shield1.png,individual_png,,512,512,"[139, 5, 372, 505]",61.808,READY_BOTH,security,"[""security_indicator"", ""warning_indicator"", ""mission_board"", ""world_decal"", ""screen_graphic""]",TextureRect,icon_both,OccludableIcons,0.5,90,"Iconography asset; use for UI, badges, decals, signage, screen graphics, or markers.",
pvg_icon_doomsday_icons_doomsday_expansion_shotgun1_48f96fb9,doomsday_icons,res://assets/tilesets/cyber_city_core_tilesets/Store_Items/Doomsday Icons/Doomsday Icons/Expansion_Shotgun1.png,Expansion_Shotgun1.png,individual_png,,512,512,"[4, 25, 505, 458]",88.974,READY_BOTH,doomsday,"[""warning_indicator"", ""scheme_card"", ""world_decal""]",TextureRect,icon_both,OccludableIcons,0.5,90,"Iconography asset; use for UI, badges, decals, signage, screen graphics, or markers.",
pvg_icon_doomsday_icons_doomsday_expansion_top1_a92ada4b,doomsday_icons,res://assets/tilesets/cyber_city_core_tilesets/Store_Items/Doomsday Icons/Doomsday Icons/Expansion_Top1.png,Expansion_Top1.png,individual_png,,512,512,"[95, 11, 384, 509]",78.199,READY_BOTH,doomsday,"[""warning_indicator"", ""scheme_card"", ""world_decal""]",TextureRect,icon_both,OccludableIcons,0.5,90,"Iconography asset; use for UI, badges, decals, signage, screen graphics, or markers.",
pvg_icon_doomsday_icons_doomsday_expansion_top10_408242e1,doomsday_icons,res://assets/tilesets/cyber_city_core_tilesets/Store_Items/Doomsday Icons/Doomsday Icons/Expansion_Top10.png,Expansion_Top10.png,individual_png,,512,512,"[87, 9, 356, 504]",77.652,READY_BOTH,doomsday,"[""warning_indicator"", ""scheme_card"", ""world_decal""]",TextureRect,icon_both,OccludableIcons,0.5,90,"Iconography asset; use for UI, badges, decals, signage, screen graphics, or markers.",
pvg_icon_doomsday_icons_doomsday_expansion_top11_4e357b04,doomsday_icons,res://assets/tilesets/cyber_city_core_tilesets/Store_Items/Doomsday Icons/Doomsday Icons/Expansion_Top11.png,Expansion_Top11.png,individual_png,,512,512,"[7, 53, 493, 489]",59.634,READY_BOTH,doomsday,"[""warning_indicator"", ""scheme_card"", ""world_decal""]",TextureRect,icon_both,OccludableIcons,0.5,90,"Iconography asset; use for UI, badges, decals, signage, screen graphics, or markers.",
pvg_icon_doomsday_icons_doomsday_expansion_top13_541a19b4,doomsday_icons,res://assets/tilesets/cyber_city_core_tilesets/Store_Items/Doomsday Icons/Doomsday Icons/Expansion_Top13.png,Expansion_Top13.png,individual_png,,512,512,"[93, 0, 356, 510]",78.568,READY_BOTH,doomsday,"[""warning_indicator"", ""scheme_card"", ""world_decal""]",TextureRect,icon_both,OccludableIcons,0.5,90,"Iconography asset; use for UI, badges, decals, signage, screen graphics, or markers.",
pvg_icon_doomsday_icons_doomsday_expansion_top15_def40d51,doomsday_icons,res://assets/tilesets/cyber_city_core_tilesets/Store_Items/Doomsday Icons/Doomsday Icons/Expansion_Top15.png,Expansion_Top15.png,individual_png,,512,512,"[58, 1, 469, 508]",64.682,READY_BOTH,doomsday,"[""warning_indicator"", ""scheme_card"", ""world_decal""]",TextureRect,icon_both,OccludableIcons,0.5,90,"Iconography asset; use for UI, badges, decals, signage, screen graphics, or markers.",
pvg_icon_doomsday_icons_doomsday_expansion_top16_d4b02e4c,doomsday_icons,res://assets/tilesets/cyber_city_core_tilesets/Store_Items/Doomsday Icons/Doomsday Icons/Expansion_Top16.png,Expansion_Top16.png,individual_png,,512,512,"[2, 56, 505, 486]",67.048,READY_BOTH,doomsday,"[""warning_indicator"", ""scheme_card"", ""world_decal""]",TextureRect,icon_both,OccludableIcons,0.5,90,"Iconography asset; use for UI, badges, decals, signage, screen graphics, or markers.",
pvg_icon_doomsday_icons_doomsday_expansion_top17_845764d6,doomsday_icons,res://assets/tilesets/cyber_city_core_tilesets/Store_Items/Doomsday Icons/Doomsday Icons/Expansion_Top17.png,Expansion_Top17.png,individual_png,,512,512,"[8, 43, 496, 483]",64.733,READY_BOTH,doomsday,"[""warning_indicator"", ""scheme_card"", ""world_decal""]",TextureRect,icon_both,OccludableIcons,0.5,90,"Iconography asset; use for UI, badges, decals, signage, screen graphics, or markers.",
pvg_icon_doomsday_icons_doomsday_expansion_top2_7e449091,doomsday_icons,res://assets/tilesets/cyber_city_core_tilesets/Store_Items/Doomsday Icons/Doomsday Icons/Expansion_Top2.png,Expansion_Top2.png,individual_png,,512,512,"[95, 11, 384, 509]",78.199,READY_BOTH,doomsday,"[""warning_indicator"", ""scheme_card"", ""world_decal""]",TextureRect,icon_both,OccludableIcons,0.5,90,"Iconography asset; use for UI, badges, decals, signage, screen graphics, or markers.",
pvg_icon_doomsday_icons_doomsday_expansion_top3_8e4cf795,doomsday_icons,res://assets/tilesets/cyber_city_core_tilesets/Store_Items/Doomsday Icons/Doomsday Icons/Expansion_Top3.png,Expansion_Top3.png,individual_png,,512,512,"[95, 11, 384, 509]",78.199,READY_BOTH,doomsday,"[""warning_indicator"", ""scheme_card"", ""world_decal""]",TextureRect,icon_both,OccludableIcons,0.5,90,"Iconography asset; use for UI, badges, decals, signage, screen graphics, or markers.",
pvg_icon_doomsday_icons_doomsday_expansion_top4_b4ba0492,doomsday_icons,res://assets/tilesets/cyber_city_core_tilesets/Store_Items/Doomsday Icons/Doomsday Icons/Expansion_Top4.png,Expansion_Top4.png,individual_png,,512,512,"[93, 2, 356, 512]",80.352,READY_BOTH,doomsday,"[""warning_indicator"", ""scheme_card"", ""world_decal""]",TextureRect,icon_both,OccludableIcons,0.5,90,"Iconography asset; use for UI, badges, decals, signage, screen graphics, or markers.",
pvg_icon_doomsday_icons_doomsday_expansion_top5_9079e4c8,doomsday_icons,res://assets/tilesets/cyber_city_core_tilesets/Store_Items/Doomsday Icons/Doomsday Icons/Expansion_Top5.png,Expansion_Top5.png,individual_png,,512,512,"[93, 2, 356, 512]",80.352,READY_BOTH,doomsday,"[""warning_indicator"", ""scheme_card"", ""world_decal""]",TextureRect,icon_both,OccludableIcons,0.5,90,"Iconography asset; use for UI, badges, decals, signage, screen graphics, or markers.",
pvg_icon_doomsday_icons_doomsday_expansion_top6_bb1526b1,doomsday_icons,res://assets/tilesets/cyber_city_core_tilesets/Store_Items/Doomsday Icons/Doomsday Icons/Expansion_Top6.png,Expansion_Top6.png,individual_png,,512,512,"[93, 2, 356, 512]",80.352,READY_BOTH,doomsday,"[""warning_indicator"", ""scheme_card"", ""world_decal""]",TextureRect,icon_both,OccludableIcons,0.5,90,"Iconography asset; use for UI, badges, decals, signage, screen graphics, or markers.",
pvg_icon_doomsday_icons_doomsday_expansion_top7_88cce725,doomsday_icons,res://assets/tilesets/cyber_city_core_tilesets/Store_Items/Doomsday Icons/Doomsday Icons/Expansion_Top7.png,Expansion_Top7.png,individual_png,,512,512,"[93, 2, 356, 512]",80.352,READY_BOTH,doomsday,"[""warning_indicator"", ""scheme_card"", ""world_decal""]",TextureRect,icon_both,OccludableIcons,0.5,90,"Iconography asset; use for UI, badges, decals, signage, screen graphics, or markers.",
pvg_icon_doomsday_icons_doomsday_expansion_top8_f6cd8b7b,doomsday_icons,res://assets/tilesets/cyber_city_core_tilesets/Store_Items/Doomsday Icons/Doomsday Icons/Expansion_Top8.png,Expansion_Top8.png,individual_png,,512,512,"[99, 59, 392, 426]",67.945,READY_BOTH,doomsday,"[""warning_indicator"", ""scheme_card"", ""world_decal""]",TextureRect,icon_both,OccludableIcons,0.5,90,"Iconography asset; use for UI, badges, decals, signage, screen graphics, or markers.",
pvg_icon_doomsday_icons_terminal_facilitycomputer1_73007470,doomsday_icons,res://assets/tilesets/cyber_city_core_tilesets/Store_Items/Doomsday Icons/Doomsday Icons/FacilityComputer1.png,FacilityComputer1.png,individual_png,,512,512,"[53, 47, 463, 472]",41.577,READY_BOTH,terminal,"[""store_terminal"", ""screen_graphic"", ""terminal"", ""world_decal""]",TextureRect,icon_both,OccludableIcons,0.5,90,"Iconography asset; use for UI, badges, decals, signage, screen graphics, or markers.",
pvg_icon_doomsday_icons_doomsday_facilitycontainmentcube1_0fc7321a,doomsday_icons,res://assets/tilesets/cyber_city_core_tilesets/Store_Items/Doomsday Icons/Doomsday Icons/FacilityContainmentCube1.png,FacilityContainmentCube1.png,individual_png,,512,512,"[9, 7, 506, 489]",30.631,READY_BOTH,doomsday,"[""warning_indicator"", ""scheme_card"", ""world_decal""]",TextureRect,icon_both,OccludableIcons,0.5,90,"Iconography asset; use for UI, badges, decals, signage, screen graphics, or markers.",
pvg_icon_doomsday_icons_doomsday_facilitycrate1_82962afd,doomsday_icons,res://assets/tilesets/cyber_city_core_tilesets/Store_Items/Doomsday Icons/Doomsday Icons/FacilityCrate1.png,FacilityCrate1.png,individual_png,,512,512,"[49, 79, 471, 485]",44.065,READY_BOTH,doomsday,"[""warning_indicator"", ""scheme_card"", ""world_decal""]",TextureRect,icon_both,OccludableIcons,0.5,90,"Iconography asset; use for UI, badges, decals, signage, screen graphics, or markers.",
pvg_icon_doomsday_icons_doomsday_facilitycrate2_e38efc53,doomsday_icons,res://assets/tilesets/cyber_city_core_tilesets/Store_Items/Doomsday Icons/Doomsday Icons/FacilityCrate2.png,FacilityCrate2.png,individual_png,,512,512,"[8, 114, 494, 429]",51.647,READY_BOTH,doomsday,"[""warning_indicator"", ""scheme_card"", ""world_decal""]",TextureRect,icon_both,OccludableIcons,0.5,90,"Iconography asset; use for UI, badges, decals, signage, screen graphics, or markers.",
pvg_icon_doomsday_icons_doomsday_facilitycrate3_753a4c5e,doomsday_icons,res://assets/tilesets/cyber_city_core_tilesets/Store_Items/Doomsday Icons/Doomsday Icons/FacilityCrate3.png,FacilityCrate3.png,individual_png,,512,512,"[40, 83, 466, 474]",45.296,READY_BOTH,doomsday,"[""warning_indicator"", ""scheme_card"", ""world_decal""]",TextureRect,icon_both,OccludableIcons,0.5,90,"Iconography asset; use for UI, badges, decals, signage, screen graphics, or markers.",
pvg_icon_doomsday_icons_doomsday_fan1_b1a3f972,doomsday_icons,res://assets/tilesets/cyber_city_core_tilesets/Store_Items/Doomsday Icons/Doomsday Icons/Fan1.png,Fan1.png,individual_png,,512,512,"[42, 34, 390, 462]",76.583,READY_BOTH,doomsday,"[""warning_indicator"", ""scheme_card"", ""world_decal""]",TextureRect,icon_both,OccludableIcons,0.5,90,"Iconography asset; use for UI, badges, decals, signage, screen graphics, or markers.",
pvg_icon_doomsday_icons_evidence_filecabinet1_786d9f93,doomsday_icons,res://assets/tilesets/cyber_city_core_tilesets/Store_Items/Doomsday Icons/Doomsday Icons/FileCabinet1.png,FileCabinet1.png,individual_png,,512,512,"[137, 8, 354, 504]",62.077,READY_UI_ICON,evidence,"[""evidence_board"", ""big_case"", ""inventory_icon""]",TextureRect,icon_ui,BehindPlayerIcons,0.5,-120,"Iconography asset; use for UI, badges, decals, signage, screen graphics, or markers.",World stamping of UI-first icons may look like a flat sticker.
pvg_icon_doomsday_icons_hazard_firebucket1_d04b316a,doomsday_icons,res://assets/tilesets/cyber_city_core_tilesets/Store_Items/Doomsday Icons/Doomsday Icons/FireBucket1.png,FireBucket1.png,individual_png,,512,512,"[95, 123, 400, 455]",75.887,READY_BOTH,hazard,"[""warning_indicator"", ""objective_marker"", ""world_decal"", ""hologram_marker""]",TextureRect,icon_both,OccludableIcons,0.5,90,"Iconography asset; use for UI, badges, decals, signage, screen graphics, or markers.",
pvg_icon_doomsday_icons_hazard_fireextinguisher1_7895e5a5,doomsday_icons,res://assets/tilesets/cyber_city_core_tilesets/Store_Items/Doomsday Icons/Doomsday Icons/FireExtinguisher1.png,FireExtinguisher1.png,individual_png,,512,512,"[99, 20, 383, 510]",73.121,READY_BOTH,hazard,"[""warning_indicator"", ""objective_marker"", ""world_decal"", ""hologram_marker""]",TextureRect,icon_both,OccludableIcons,0.5,90,"Iconography asset; use for UI, badges, decals, signage, screen graphics, or markers.",
pvg_icon_doomsday_icons_hazard_fireextinguisher2_008ff47d,doomsday_icons,res://assets/tilesets/cyber_city_core_tilesets/Store_Items/Doomsday Icons/Doomsday Icons/FireExtinguisher2.png,FireExtinguisher2.png,individual_png,,512,512,"[194, 16, 326, 480]",82.767,READY_BOTH,hazard,"[""warning_indicator"", ""objective_marker"", ""world_decal"", ""hologram_marker""]",TextureRect,icon_both,OccludableIcons,0.5,90,"Iconography asset; use for UI, badges, decals, signage, screen graphics, or markers.",
pvg_icon_doomsday_icons_hazard_fireextinguisher3_9d588b13,doomsday_icons,res://assets/tilesets/cyber_city_core_tilesets/Store_Items/Doomsday Icons/Doomsday Icons/FireExtinguisher3.png,FireExtinguisher3.png,individual_png,,512,512,"[142, 7, 367, 498]",76.357,READY_BOTH,hazard,"[""warning_indicator"", ""objective_marker"", ""world_decal"", ""hologram_marker""]",TextureRect,icon_both,OccludableIcons,0.5,90,"Iconography asset; use for UI, badges, decals, signage, screen graphics, or markers.",
pvg_icon_doomsday_icons_hazard_fireextinguisher4_f4f705cf,doomsday_icons,res://assets/tilesets/cyber_city_core_tilesets/Store_Items/Doomsday Icons/Doomsday Icons/FireExtinguisher4.png,FireExtinguisher4.png,individual_png,,512,512,"[139, 2, 356, 499]",71.649,READY_BOTH,hazard,"[""warning_indicator"", ""objective_marker"", ""world_decal"", ""hologram_marker""]",TextureRect,icon_both,OccludableIcons,0.5,90,"Iconography asset; use for UI, badges, decals, signage, screen graphics, or markers.",
pvg_icon_doomsday_icons_hazard_firehose1_fd7bd60e,doomsday_icons,res://assets/tilesets/cyber_city_core_tilesets/Store_Items/Doomsday Icons/Doomsday Icons/FireHose1.png,FireHose1.png,individual_png,,512,512,"[51, 27, 462, 484]",53.456,READY_BOTH,hazard,"[""warning_indicator"", ""objective_marker"", ""world_decal"", ""hologram_marker""]",TextureRect,icon_both,OccludableIcons,0.5,90,"Iconography asset; use for UI, badges, decals, signage, screen graphics, or markers.",
pvg_icon_doomsday_icons_hazard_firehydrant1_2da59ca8,doomsday_icons,res://assets/tilesets/cyber_city_core_tilesets/Store_Items/Doomsday Icons/Doomsday Icons/FireHydrant1.png,FireHydrant1.png,individual_png,,512,512,"[144, 2, 336, 506]",74.919,READY_BOTH,hazard,"[""warning_indicator"", ""objective_marker"", ""world_decal"", ""hologram_marker""]",TextureRect,icon_both,OccludableIcons,0.5,90,"Iconography asset; use for UI, badges, decals, signage, screen graphics, or markers.",
pvg_icon_doomsday_icons_doomsday_firstaid1_e064a66d,doomsday_icons,res://assets/tilesets/cyber_city_core_tilesets/Store_Items/Doomsday Icons/Doomsday Icons/FirstAid1.png,FirstAid1.png,individual_png,,512,512,"[45, 23, 478, 510]",29.525,READY_BOTH,doomsday,"[""warning_indicator"", ""scheme_card"", ""world_decal""]",TextureRect,icon_both,OccludableIcons,0.5,90,"Iconography asset; use for UI, badges, decals, signage, screen graphics, or markers.",
pvg_icon_doomsday_icons_doomsday_floorrug1_f5709eba,doomsday_icons,res://assets/tilesets/cyber_city_core_tilesets/Store_Items/Doomsday Icons/Doomsday Icons/FloorRug1.png,FloorRug1.png,individual_png,,512,512,"[28, 94, 483, 451]",66.657,READY_BOTH,doomsday,"[""warning_indicator"", ""scheme_card"", ""world_decal""]",TextureRect,icon_both,OccludableIcons,0.5,90,"Iconography asset; use for UI, badges, decals, signage, screen graphics, or markers.",
pvg_icon_doomsday_icons_doomsday_floorrug2_fd75fa51,doomsday_icons,res://assets/tilesets/cyber_city_core_tilesets/Store_Items/Doomsday Icons/Doomsday Icons/FloorRug2.png,FloorRug2.png,individual_png,,512,512,"[25, 50, 480, 487]",46.831,READY_BOTH,doomsday,"[""warning_indicator"", ""scheme_card"", ""world_decal""]",TextureRect,icon_both,OccludableIcons,0.5,90,"Iconography asset; use for UI, badges, decals, signage, screen graphics, or markers.",
pvg_icon_doomsday_icons_doomsday_floorrug3_808825b3,doomsday_icons,res://assets/tilesets/cyber_city_core_tilesets/Store_Items/Doomsday Icons/Doomsday Icons/FloorRug3.png,FloorRug3.png,individual_png,,512,512,"[8, 107, 504, 429]",52.628,READY_BOTH,doomsday,"[""warning_indicator"", ""scheme_card"", ""world_decal""]",TextureRect,icon_both,OccludableIcons,0.5,90,"Iconography asset; use for UI, badges, decals, signage, screen graphics, or markers.",
pvg_icon_doomsday_icons_doomsday_flyer1_e43c2816,doomsday_icons,res://assets/tilesets/cyber_city_core_tilesets/Store_Items/Doomsday Icons/Doomsday Icons/Flyer1.png,Flyer1.png,individual_png,,512,512,"[143, 88, 330, 389]",83.275,READY_BOTH,doomsday,"[""warning_indicator"", ""scheme_card"", ""world_decal""]",TextureRect,icon_both,OccludableIcons,0.5,90,"Iconography asset; use for UI, badges, decals, signage, screen graphics, or markers.",
pvg_icon_doomsday_icons_doomsday_flyer2_1d3b9b33,doomsday_icons,res://assets/tilesets/cyber_city_core_tilesets/Store_Items/Doomsday Icons/Doomsday Icons/Flyer2.png,Flyer2.png,individual_png,,512,512,"[157, 130, 359, 418]",81.658,READY_BOTH,doomsday,"[""warning_indicator"", ""scheme_card"", ""world_decal""]",TextureRect,icon_both,OccludableIcons,0.5,90,"Iconography asset; use for UI, badges, decals, signage, screen graphics, or markers.",
pvg_icon_doomsday_icons_doomsday_flyer3_c4460a56,doomsday_icons,res://assets/tilesets/cyber_city_core_tilesets/Store_Items/Doomsday Icons/Doomsday Icons/Flyer3.png,Flyer3.png,individual_png,,512,512,"[134, 45, 347, 459]",69.272,READY_BOTH,doomsday,"[""warning_indicator"", ""scheme_card"", ""world_decal""]",TextureRect,icon_both,OccludableIcons,0.5,90,"Iconography asset; use for UI, badges, decals, signage, screen graphics, or markers.",
pvg_icon_doomsday_icons_doomsday_food1_2a1c8eb1,doomsday_icons,res://assets/tilesets/cyber_city_core_tilesets/Store_Items/Doomsday Icons/Doomsday Icons/Food1.png,Food1.png,individual_png,,512,512,"[38, 36, 476, 478]",94.171,READY_BOTH,doomsday,"[""warning_indicator"", ""scheme_card"", ""world_decal""]",TextureRect,icon_both,OccludableIcons,0.5,90,"Iconography asset; use for UI, badges, decals, signage, screen graphics, or markers.",
pvg_icon_doomsday_icons_doomsday_food2_a78a26c1,doomsday_icons,res://assets/tilesets/cyber_city_core_tilesets/Store_Items/Doomsday Icons/Doomsday Icons/Food2.png,Food2.png,individual_png,,512,512,"[14, 123, 501, 412]",72.446,READY_BOTH,doomsday,"[""warning_indicator"", ""scheme_card"", ""world_decal""]",TextureRect,icon_both,OccludableIcons,0.5,90,"Iconography asset; use for UI, badges, decals, signage, screen graphics, or markers.",
pvg_icon_doomsday_icons_doomsday_food_box1_606a37a4,doomsday_icons,res://assets/tilesets/cyber_city_core_tilesets/Store_Items/Doomsday Icons/Doomsday Icons/Food_Box1.png,Food_Box1.png,individual_png,,512,512,"[118, 7, 404, 507]",51.165,READY_BOTH,doomsday,"[""warning_indicator"", ""scheme_card"", ""world_decal""]",TextureRect,icon_both,OccludableIcons,0.5,90,"Iconography asset; use for UI, badges, decals, signage, screen graphics, or markers.",
pvg_icon_doomsday_icons_doomsday_food_box2_3ea0348a,doomsday_icons,res://assets/tilesets/cyber_city_core_tilesets/Store_Items/Doomsday Icons/Doomsday Icons/Food_Box2.png,Food_Box2.png,individual_png,,512,512,"[79, 3, 434, 512]",40.041,READY_BOTH,doomsday,"[""warning_indicator"", ""scheme_card"", ""world_decal""]",TextureRect,icon_both,OccludableIcons,0.5,90,"Iconography asset; use for UI, badges, decals, signage, screen graphics, or markers.",
pvg_icon_doomsday_icons_doomsday_food_noodles1_ced4ca31,doomsday_icons,res://assets/tilesets/cyber_city_core_tilesets/Store_Items/Doomsday Icons/Doomsday Icons/Food_Noodles1.png,Food_Noodles1.png,individual_png,,512,512,"[41, 127, 505, 463]",65.413,READY_BOTH,doomsday,"[""warning_indicator"", ""scheme_card"", ""world_decal""]",TextureRect,icon_both,OccludableIcons,0.5,90,"Iconography asset; use for UI, badges, decals, signage, screen graphics, or markers.",
pvg_icon_doomsday_icons_doomsday_food_noodles2_edf8fd80,doomsday_icons,res://assets/tilesets/cyber_city_core_tilesets/Store_Items/Doomsday Icons/Doomsday Icons/Food_Noodles2.png,Food_Noodles2.png,individual_png,,512,512,"[39, 67, 483, 428]",55.004,READY_BOTH,doomsday,"[""warning_indicator"", ""scheme_card"", ""world_decal""]",TextureRect,icon_both,OccludableIcons,0.5,90,"Iconography asset; use for UI, badges, decals, signage, screen graphics, or markers.",
pvg_icon_doomsday_icons_comedy_food_pizza1_c5b79247,doomsday_icons,res://assets/tilesets/cyber_city_core_tilesets/Store_Items/Doomsday Icons/Doomsday Icons/Food_Pizza1.png,Food_Pizza1.png,individual_png,,512,512,"[7, 179, 503, 490]",69.158,READY_UI_ICON,comedy,"[""comedy_item_candidate"", ""decor_shop_thumbnail""]",TextureRect,icon_ui,BehindPlayerIcons,0.5,-120,"Iconography asset; use for UI, badges, decals, signage, screen graphics, or markers.",World stamping of UI-first icons may look like a flat sticker.
pvg_icon_doomsday_icons_comedy_food_pizza2_6ead2256,doomsday_icons,res://assets/tilesets/cyber_city_core_tilesets/Store_Items/Doomsday Icons/Doomsday Icons/Food_Pizza2.png,Food_Pizza2.png,individual_png,,512,512,"[6, 105, 504, 482]",58.024,READY_UI_ICON,comedy,"[""comedy_item_candidate"", ""decor_shop_thumbnail""]",TextureRect,icon_ui,BehindPlayerIcons,0.5,-120,"Iconography asset; use for UI, badges, decals, signage, screen graphics, or markers.",World stamping of UI-first icons may look like a flat sticker.
pvg_icon_doomsday_icons_comedy_food_pizza3_87c7da24,doomsday_icons,res://assets/tilesets/cyber_city_core_tilesets/Store_Items/Doomsday Icons/Doomsday Icons/Food_Pizza3.png,Food_Pizza3.png,individual_png,,512,512,"[26, 1, 472, 508]",48.125,READY_UI_ICON,comedy,"[""comedy_item_candidate"", ""decor_shop_thumbnail""]",TextureRect,icon_ui,BehindPlayerIcons,0.5,-120,"Iconography asset; use for UI, badges, decals, signage, screen graphics, or markers.",World stamping of UI-first icons may look like a flat sticker.
pvg_icon_doomsday_icons_doomsday_food_sandwhich1_7bdc25dc,doomsday_icons,res://assets/tilesets/cyber_city_core_tilesets/Store_Items/Doomsday Icons/Doomsday Icons/Food_Sandwhich1.png,Food_Sandwhich1.png,individual_png,,512,512,"[58, 104, 463, 435]",60.538,READY_BOTH,doomsday,"[""warning_indicator"", ""scheme_card"", ""world_decal""]",TextureRect,icon_both,OccludableIcons,0.5,90,"Iconography asset; use for UI, badges, decals, signage, screen graphics, or markers.",
pvg_icon_doomsday_icons_doomsday_food_sandwhich2_15ce63f9,doomsday_icons,res://assets/tilesets/cyber_city_core_tilesets/Store_Items/Doomsday Icons/Doomsday Icons/Food_Sandwhich2.png,Food_Sandwhich2.png,individual_png,,512,512,"[18, 134, 504, 405]",66.582,READY_BOTH,doomsday,"[""warning_indicator"", ""scheme_card"", ""world_decal""]",TextureRect,icon_both,OccludableIcons,0.5,90,"Iconography asset; use for UI, badges, decals, signage, screen graphics, or markers.",
pvg_icon_doomsday_icons_doomsday_foodcontainer1_b0f1ef05,doomsday_icons,res://assets/tilesets/cyber_city_core_tilesets/Store_Items/Doomsday Icons/Doomsday Icons/FoodContainer1.png,FoodContainer1.png,individual_png,,512,512,"[90, 89, 395, 410]",73.781,READY_BOTH,doomsday,"[""warning_indicator"", ""scheme_card"", ""world_decal""]",TextureRect,icon_both,OccludableIcons,0.5,90,"Iconography asset; use for UI, badges, decals, signage, screen graphics, or markers.",
pvg_icon_doomsday_icons_doomsday_foodtray1_def211bc,doomsday_icons,res://assets/tilesets/cyber_city_core_tilesets/Store_Items/Doomsday Icons/Doomsday Icons/FoodTray1.png,FoodTray1.png,individual_png,,512,512,"[46, 93, 488, 411]",64.803,READY_BOTH,doomsday,"[""warning_indicator"", ""scheme_card"", ""world_decal""]",TextureRect,icon_both,OccludableIcons,0.5,90,"Iconography asset; use for UI, badges, decals, signage, screen graphics, or markers.",
pvg_icon_doomsday_icons_doomsday_fridge1_7ecc81f3,doomsday_icons,res://assets/tilesets/cyber_city_core_tilesets/Store_Items/Doomsday Icons/Doomsday Icons/Fridge1.png,Fridge1.png,individual_png,,512,512,"[149, 4, 364, 511]",62.941,READY_BOTH,doomsday,"[""warning_indicator"", ""scheme_card"", ""world_decal""]",TextureRect,icon_both,OccludableIcons,0.5,90,"Iconography asset; use for UI, badges, decals, signage, screen graphics, or markers.",
pvg_icon_doomsday_icons_doomsday_fridge2_1fcdc52f,doomsday_icons,res://assets/tilesets/cyber_city_core_tilesets/Store_Items/Doomsday Icons/Doomsday Icons/Fridge2.png,Fridge2.png,individual_png,,512,512,"[90, 2, 394, 512]",47.709,READY_BOTH,doomsday,"[""warning_indicator"", ""scheme_card"", ""world_decal""]",TextureRect,icon_both,OccludableIcons,0.5,90,"Iconography asset; use for UI, badges, decals, signage, screen graphics, or markers.",
pvg_icon_doomsday_icons_doomsday_fusebox1_13a3401e,doomsday_icons,res://assets/tilesets/cyber_city_core_tilesets/Store_Items/Doomsday Icons/Doomsday Icons/FuseBox1.png,FuseBox1.png,individual_png,,512,512,"[76, 12, 424, 500]",44.04,READY_BOTH,doomsday,"[""warning_indicator"", ""scheme_card"", ""world_decal""]",TextureRect,icon_both,OccludableIcons,0.5,90,"Iconography asset; use for UI, badges, decals, signage, screen graphics, or markers.",
pvg_icon_doomsday_icons_doomsday_gascan1_1911d6f0,doomsday_icons,res://assets/tilesets/cyber_city_core_tilesets/Store_Items/Doomsday Icons/Doomsday Icons/GasCan1.png,GasCan1.png,individual_png,,512,512,"[116, 54, 404, 478]",61.107,READY_BOTH,doomsday,"[""warning_indicator"", ""scheme_card"", ""world_decal""]",TextureRect,icon_both,OccludableIcons,0.5,90,"Iconography asset; use for UI, badges, decals, signage, screen graphics, or markers.",
pvg_icon_doomsday_icons_doomsday_gascan2_accbb5a6,doomsday_icons,res://assets/tilesets/cyber_city_core_tilesets/Store_Items/Doomsday Icons/Doomsday Icons/GasCan2.png,GasCan2.png,individual_png,,512,512,"[98, 28, 412, 483]",52.082,READY_BOTH,doomsday,"[""warning_indicator"", ""scheme_card"", ""world_decal""]",TextureRect,icon_both,OccludableIcons,0.5,90,"Iconography asset; use for UI, badges, decals, signage, screen graphics, or markers.",
pvg_icon_doomsday_icons_doomsday_gascan3_16b622ed,doomsday_icons,res://assets/tilesets/cyber_city_core_tilesets/Store_Items/Doomsday Icons/Doomsday Icons/GasCan3.png,GasCan3.png,individual_png,,512,512,"[37, 47, 451, 481]",54.622,READY_BOTH,doomsday,"[""warning_indicator"", ""scheme_card"", ""world_decal""]",TextureRect,icon_both,OccludableIcons,0.5,90,"Iconography asset; use for UI, badges, decals, signage, screen graphics, or markers.",
pvg_icon_doomsday_icons_doomsday_gascylinder1_a8886eaf,doomsday_icons,res://assets/tilesets/cyber_city_core_tilesets/Store_Items/Doomsday Icons/Doomsday Icons/GasCylinder1.png,GasCylinder1.png,individual_png,,512,512,"[137, 21, 391, 495]",64.352,READY_BOTH,doomsday,"[""warning_indicator"", ""scheme_card"", ""world_decal""]",TextureRect,icon_both,OccludableIcons,0.5,90,"Iconography asset; use for UI, badges, decals, signage, screen graphics, or markers.",
pvg_icon_doomsday_icons_doomsday_gascylinder2_d62f92cf,doomsday_icons,res://assets/tilesets/cyber_city_core_tilesets/Store_Items/Doomsday Icons/Doomsday Icons/GasCylinder2.png,GasCylinder2.png,individual_png,,512,512,"[110, 5, 357, 506]",57.914,READY_BOTH,doomsday,"[""warning_indicator"", ""scheme_card"", ""world_decal""]",TextureRect,icon_both,OccludableIcons,0.5,90,"Iconography asset; use for UI, badges, decals, signage, screen graphics, or markers.",
pvg_icon_doomsday_icons_doomsday_gaspump1_c356369a,doomsday_icons,res://assets/tilesets/cyber_city_core_tilesets/Store_Items/Doomsday Icons/Doomsday Icons/GasPump1.png,GasPump1.png,individual_png,,512,512,"[138, 5, 357, 509]",62.391,READY_BOTH,doomsday,"[""warning_indicator"", ""scheme_card"", ""world_decal""]",TextureRect,icon_both,OccludableIcons,0.5,90,"Iconography asset; use for UI, badges, decals, signage, screen graphics, or markers.",
pvg_icon_doomsday_icons_doomsday_gaspump2_0b7392ae,doomsday_icons,res://assets/tilesets/cyber_city_core_tilesets/Store_Items/Doomsday Icons/Doomsday Icons/GasPump2.png,GasPump2.png,individual_png,,512,512,"[163, 3, 389, 510]",68.714,READY_BOTH,doomsday,"[""warning_indicator"", ""scheme_card"", ""world_decal""]",TextureRect,icon_both,OccludableIcons,0.5,90,"Iconography asset; use for UI, badges, decals, signage, screen graphics, or markers.",
pvg_icon_doomsday_icons_doomsday_generator1_b00f7803,doomsday_icons,res://assets/tilesets/cyber_city_core_tilesets/Store_Items/Doomsday Icons/Doomsday Icons/Generator1.png,Generator1.png,individual_png,,512,512,"[11, 41, 503, 437]",50.752,READY_BOTH,doomsday,"[""warning_indicator"", ""scheme_card"", ""world_decal""]",TextureRect,icon_both,OccludableIcons,0.5,90,"Iconography asset; use for UI, badges, decals, signage, screen graphics, or markers.",
pvg_icon_doomsday_icons_doomsday_generator2_96ea78d6,doomsday_icons,res://assets/tilesets/cyber_city_core_tilesets/Store_Items/Doomsday Icons/Doomsday Icons/Generator2.png,Generator2.png,individual_png,,512,512,"[0, 91, 508, 475]",47.858,READY_BOTH,doomsday,"[""warning_indicator"", ""scheme_card"", ""world_decal""]",TextureRect,icon_both,OccludableIcons,0.5,90,"Iconography asset; use for UI, badges, decals, signage, screen graphics, or markers.",
pvg_icon_doomsday_icons_doomsday_generator3_137cac92,doomsday_icons,res://assets/tilesets/cyber_city_core_tilesets/Store_Items/Doomsday Icons/Doomsday Icons/Generator3.png,Generator3.png,individual_png,,512,512,"[6, 87, 499, 414]",53.25,READY_BOTH,doomsday,"[""warning_indicator"", ""scheme_card"", ""world_decal""]",TextureRect,icon_both,OccludableIcons,0.5,90,"Iconography asset; use for UI, badges, decals, signage, screen graphics, or markers.",
pvg_icon_doomsday_icons_doomsday_generator4_af1c8cc4,doomsday_icons,res://assets/tilesets/cyber_city_core_tilesets/Store_Items/Doomsday Icons/Doomsday Icons/Generator4.png,Generator4.png,individual_png,,512,512,"[20, 85, 501, 444]",58.329,READY_BOTH,doomsday,"[""warning_indicator"", ""scheme_card"", ""world_decal""]",TextureRect,icon_both,OccludableIcons,0.5,90,"Iconography asset; use for UI, badges, decals, signage, screen graphics, or markers.",
pvg_icon_doomsday_icons_doomsday_globe1_634495f5,doomsday_icons,res://assets/tilesets/cyber_city_core_tilesets/Store_Items/Doomsday Icons/Doomsday Icons/Globe1.png,Globe1.png,individual_png,,512,512,"[24, 9, 453, 509]",41.802,READY_BOTH,doomsday,"[""warning_indicator"", ""scheme_card"", ""world_decal""]",TextureRect,icon_both,OccludableIcons,0.5,90,"Iconography asset; use for UI, badges, decals, signage, screen graphics, or markers.",
pvg_icon_doomsday_icons_doomsday_goldbar1_dfb4b4d3,doomsday_icons,res://assets/tilesets/cyber_city_core_tilesets/Store_Items/Doomsday Icons/Doomsday Icons/GoldBar1.png,GoldBar1.png,individual_png,,512,512,"[11, 42, 498, 498]",52.02,READY_BOTH,doomsday,"[""warning_indicator"", ""scheme_card"", ""world_decal""]",TextureRect,icon_both,OccludableIcons,0.5,90,"Iconography asset; use for UI, badges, decals, signage, screen graphics, or markers.",
pvg_icon_doomsday_icons_doomsday_gorebag1_4309444b,doomsday_icons,res://assets/tilesets/cyber_city_core_tilesets/Store_Items/Doomsday Icons/Doomsday Icons/GoreBag1.png,GoreBag1.png,individual_png,,512,512,"[9, 57, 510, 465]",55.881,READY_BOTH,doomsday,"[""warning_indicator"", ""scheme_card"", ""world_decal""]",TextureRect,icon_both,OccludableIcons,0.5,90,"Iconography asset; use for UI, badges, decals, signage, screen graphics, or markers.",
pvg_icon_doomsday_icons_doomsday_gorebarrel1_a338c1c4,doomsday_icons,res://assets/tilesets/cyber_city_core_tilesets/Store_Items/Doomsday Icons/Doomsday Icons/GoreBarrel1.png,GoreBarrel1.png,individual_png,,512,512,"[105, 2, 369, 506]",63.693,READY_BOTH,doomsday,"[""warning_indicator"", ""scheme_card"", ""world_decal""]",TextureRect,icon_both,OccludableIcons,0.5,90,"Iconography asset; use for UI, badges, decals, signage, screen graphics, or markers.",
pvg_icon_doomsday_icons_doomsday_grenade1_269b1d38,doomsday_icons,res://assets/tilesets/cyber_city_core_tilesets/Store_Items/Doomsday Icons/Doomsday Icons/Grenade1.png,Grenade1.png,individual_png,,512,512,"[137, 51, 376, 464]",74.166,READY_BOTH,doomsday,"[""warning_indicator"", ""scheme_card"", ""world_decal""]",TextureRect,icon_both,OccludableIcons,0.5,90,"Iconography asset; use for UI, badges, decals, signage, screen graphics, or markers.",
pvg_icon_doomsday_icons_doomsday_grenade2_98fae364,doomsday_icons,res://assets/tilesets/cyber_city_core_tilesets/Store_Items/Doomsday Icons/Doomsday Icons/Grenade2.png,Grenade2.png,individual_png,,512,512,"[56, 22, 424, 491]",59.656,READY_BOTH,doomsday,"[""warning_indicator"", ""scheme_card"", ""world_decal""]",TextureRect,icon_both,OccludableIcons,0.5,90,"Iconography asset; use for UI, badges, decals, signage, screen graphics, or markers.",
pvg_icon_doomsday_icons_doomsday_grill1_1b087a11,doomsday_icons,res://assets/tilesets/cyber_city_core_tilesets/Store_Items/Doomsday Icons/Doomsday Icons/Grill1.png,Grill1.png,individual_png,,512,512,"[25, 3, 476, 509]",71.321,READY_BOTH,doomsday,"[""warning_indicator"", ""scheme_card"", ""world_decal""]",TextureRect,icon_both,OccludableIcons,0.5,90,"Iconography asset; use for UI, badges, decals, signage, screen graphics, or markers.",
pvg_icon_doomsday_icons_doomsday_grill2_92940f34,doomsday_icons,res://assets/tilesets/cyber_city_core_tilesets/Store_Items/Doomsday Icons/Doomsday Icons/Grill2.png,Grill2.png,individual_png,,512,512,"[5, 85, 505, 508]",69.719,READY_BOTH,doomsday,"[""warning_indicator"", ""scheme_card"", ""world_decal""]",TextureRect,icon_both,OccludableIcons,0.5,90,"Iconography asset; use for UI, badges, decals, signage, screen graphics, or markers.",
pvg_icon_doomsday_icons_doomsday_guitar1_4abdbfba,doomsday_icons,res://assets/tilesets/cyber_city_core_tilesets/Store_Items/Doomsday Icons/Doomsday Icons/Guitar1.png,Guitar1.png,individual_png,,512,512,"[75, 3, 440, 502]",78.401,READY_BOTH,doomsday,"[""warning_indicator"", ""scheme_card"", ""world_decal""]",TextureRect,icon_both,OccludableIcons,0.5,90,"Iconography asset; use for UI, badges, decals, signage, screen graphics, or markers.",
pvg_icon_doomsday_icons_doomsday_handcuffs1_522baf76,doomsday_icons,res://assets/tilesets/cyber_city_core_tilesets/Store_Items/Doomsday Icons/Doomsday Icons/HandCuffs1.png,HandCuffs1.png,individual_png,,512,512,"[51, 186, 477, 384]",90.997,READY_BOTH,doomsday,"[""warning_indicator"", ""scheme_card"", ""world_decal""]",TextureRect,icon_both,OccludableIcons,0.5,90,"Iconography asset; use for UI, badges, decals, signage, screen graphics, or markers.",
pvg_icon_doomsday_icons_doomsday_hatchet1_19e333aa,doomsday_icons,res://assets/tilesets/cyber_city_core_tilesets/Store_Items/Doomsday Icons/Doomsday Icons/Hatchet1.png,Hatchet1.png,individual_png,,512,512,"[35, 60, 486, 440]",88.516,READY_BOTH,doomsday,"[""warning_indicator"", ""scheme_card"", ""world_decal""]",TextureRect,icon_both,OccludableIcons,0.5,90,"Iconography asset; use for UI, badges, decals, signage, screen graphics, or markers.",
pvg_icon_doomsday_icons_doomsday_hatchet2_935f493e,doomsday_icons,res://assets/tilesets/cyber_city_core_tilesets/Store_Items/Doomsday Icons/Doomsday Icons/Hatchet2.png,Hatchet2.png,individual_png,,512,512,"[79, 40, 440, 487]",86.204,READY_BOTH,doomsday,"[""warning_indicator"", ""scheme_card"", ""world_decal""]",TextureRect,icon_both,OccludableIcons,0.5,90,"Iconography asset; use for UI, badges, decals, signage, screen graphics, or markers.",
pvg_icon_doomsday_icons_doomsday_hedgehog1_fac7a252,doomsday_icons,res://assets/tilesets/cyber_city_core_tilesets/Store_Items/Doomsday Icons/Doomsday Icons/Hedgehog1.png,Hedgehog1.png,individual_png,,512,512,"[45, 22, 489, 490]",72.532,READY_BOTH,doomsday,"[""warning_indicator"", ""scheme_card"", ""world_decal""]",TextureRect,icon_both,OccludableIcons,0.5,90,"Iconography asset; use for UI, badges, decals, signage, screen graphics, or markers.",
pvg_icon_doomsday_icons_terminal_hightechmonitor1_57db22d7,doomsday_icons,res://assets/tilesets/cyber_city_core_tilesets/Store_Items/Doomsday Icons/Doomsday Icons/HighTechMonitor1.png,HighTechMonitor1.png,individual_png,,512,512,"[66, 63, 469, 421]",54.738,READY_BOTH,terminal,"[""store_terminal"", ""screen_graphic"", ""terminal"", ""world_decal""]",TextureRect,icon_both,OccludableIcons,0.5,90,"Iconography asset; use for UI, badges, decals, signage, screen graphics, or markers.",
pvg_icon_doomsday_icons_doomsday_hose1_4f145fd5,doomsday_icons,res://assets/tilesets/cyber_city_core_tilesets/Store_Items/Doomsday Icons/Doomsday Icons/Hose1.png,Hose1.png,individual_png,,512,512,"[30, 133, 498, 420]",69.343,READY_BOTH,doomsday,"[""warning_indicator"", ""scheme_card"", ""world_decal""]",TextureRect,icon_both,OccludableIcons,0.5,90,"Iconography asset; use for UI, badges, decals, signage, screen graphics, or markers.",
pvg_icon_doomsday_icons_doomsday_hospitalgurney1_37f4e608,doomsday_icons,res://assets/tilesets/cyber_city_core_tilesets/Store_Items/Doomsday Icons/Doomsday Icons/HospitalGurney1.png,HospitalGurney1.png,individual_png,,512,512,"[6, 59, 509, 480]",71.487,READY_BOTH,doomsday,"[""warning_indicator"", ""scheme_card"", ""world_decal""]",TextureRect,icon_both,OccludableIcons,0.5,90,"Iconography asset; use for UI, badges, decals, signage, screen graphics, or markers.",
pvg_icon_doomsday_icons_doomsday_industrialbucket1_6459577c,doomsday_icons,res://assets/tilesets/cyber_city_core_tilesets/Store_Items/Doomsday Icons/Doomsday Icons/IndustrialBucket1.png,IndustrialBucket1.png,individual_png,,512,512,"[65, 63, 456, 495]",50.031,READY_BOTH,doomsday,"[""warning_indicator"", ""scheme_card"", ""world_decal""]",TextureRect,icon_both,OccludableIcons,0.5,90,"Iconography asset; use for UI, badges, decals, signage, screen graphics, or markers.",
pvg_icon_doomsday_icons_doomsday_industrialbucket2_2d6942db,doomsday_icons,res://assets/tilesets/cyber_city_core_tilesets/Store_Items/Doomsday Icons/Doomsday Icons/IndustrialBucket2.png,IndustrialBucket2.png,individual_png,,512,512,"[64, 16, 426, 491]",47.811,READY_BOTH,doomsday,"[""warning_indicator"", ""scheme_card"", ""world_decal""]",TextureRect,icon_both,OccludableIcons,0.5,90,"Iconography asset; use for UI, badges, decals, signage, screen graphics, or markers.",
pvg_icon_doomsday_icons_doomsday_industrialcannister1_ad0d57ce,doomsday_icons,res://assets/tilesets/cyber_city_core_tilesets/Store_Items/Doomsday Icons/Doomsday Icons/IndustrialCannister1.png,IndustrialCannister1.png,individual_png,,512,512,"[138, 16, 289, 501]",83.498,READY_BOTH,doomsday,"[""warning_indicator"", ""scheme_card"", ""world_decal""]",TextureRect,icon_both,OccludableIcons,0.5,90,"Iconography asset; use for UI, badges, decals, signage, screen graphics, or markers.",
pvg_icon_doomsday_icons_doomsday_iron1_c85ad9f3,doomsday_icons,res://assets/tilesets/cyber_city_core_tilesets/Store_Items/Doomsday Icons/Doomsday Icons/Iron1.png,Iron1.png,individual_png,,512,512,"[56, 51, 462, 463]",65.331,READY_BOTH,doomsday,"[""warning_indicator"", ""scheme_card"", ""world_decal""]",TextureRect,icon_both,OccludableIcons,0.5,90,"Iconography asset; use for UI, badges, decals, signage, screen graphics, or markers.",
pvg_icon_doomsday_icons_doomsday_jug1_88b28ca9,doomsday_icons,res://assets/tilesets/cyber_city_core_tilesets/Store_Items/Doomsday Icons/Doomsday Icons/Jug1.png,Jug1.png,individual_png,,512,512,"[138, 77, 334, 416]",81.943,READY_BOTH,doomsday,"[""warning_indicator"", ""scheme_card"", ""world_decal""]",TextureRect,icon_both,OccludableIcons,0.5,90,"Iconography asset; use for UI, badges, decals, signage, screen graphics, or markers.",
pvg_icon_doomsday_icons_doomsday_jug10_d16b6b83,doomsday_icons,res://assets/tilesets/cyber_city_core_tilesets/Store_Items/Doomsday Icons/Doomsday Icons/Jug10.png,Jug10.png,individual_png,,512,512,"[100, 18, 440, 506]",45.625,READY_BOTH,doomsday,"[""warning_indicator"", ""scheme_card"", ""world_decal""]",TextureRect,icon_both,OccludableIcons,0.5,90,"Iconography asset; use for UI, badges, decals, signage, screen graphics, or markers.",
pvg_icon_doomsday_icons_doomsday_jug2_ef8558fa,doomsday_icons,res://assets/tilesets/cyber_city_core_tilesets/Store_Items/Doomsday Icons/Doomsday Icons/Jug2.png,Jug2.png,individual_png,,512,512,"[122, 71, 371, 454]",68.21,READY_BOTH,doomsday,"[""warning_indicator"", ""scheme_card"", ""world_decal""]",TextureRect,icon_both,OccludableIcons,0.5,90,"Iconography asset; use for UI, badges, decals, signage, screen graphics, or markers.",
pvg_icon_doomsday_icons_doomsday_jug3_5b7d4093,doomsday_icons,res://assets/tilesets/cyber_city_core_tilesets/Store_Items/Doomsday Icons/Doomsday Icons/Jug3.png,Jug3.png,individual_png,,512,512,"[155, 6, 366, 496]",70.036,READY_BOTH,doomsday,"[""warning_indicator"", ""scheme_card"", ""world_decal""]",TextureRect,icon_both,OccludableIcons,0.5,90,"Iconography asset; use for UI, badges, decals, signage, screen graphics, or markers.",
pvg_icon_doomsday_icons_doomsday_jug4_44f9e919,doomsday_icons,res://assets/tilesets/cyber_city_core_tilesets/Store_Items/Doomsday Icons/Doomsday Icons/Jug4.png,Jug4.png,individual_png,,512,512,"[154, 9, 365, 499]",70.628,READY_BOTH,doomsday,"[""warning_indicator"", ""scheme_card"", ""world_decal""]",TextureRect,icon_both,OccludableIcons,0.5,90,"Iconography asset; use for UI, badges, decals, signage, screen graphics, or markers.",
pvg_icon_doomsday_icons_doomsday_jug5_735009d5,doomsday_icons,res://assets/tilesets/cyber_city_core_tilesets/Store_Items/Doomsday Icons/Doomsday Icons/Jug5.png,Jug5.png,individual_png,,512,512,"[152, 10, 368, 503]",70.634,READY_BOTH,doomsday,"[""warning_indicator"", ""scheme_card"", ""world_decal""]",TextureRect,icon_both,OccludableIcons,0.5,90,"Iconography asset; use for UI, badges, decals, signage, screen graphics, or markers.",
pvg_icon_doomsday_icons_doomsday_jug6_4e32bfdf,doomsday_icons,res://assets/tilesets/cyber_city_core_tilesets/Store_Items/Doomsday Icons/Doomsday Icons/Jug6.png,Jug6.png,individual_png,,512,512,"[62, 75, 438, 469]",58.112,READY_BOTH,doomsday,"[""warning_indicator"", ""scheme_card"", ""world_decal""]",TextureRect,icon_both,OccludableIcons,0.5,90,"Iconography asset; use for UI, badges, decals, signage, screen graphics, or markers.",
pvg_icon_doomsday_icons_doomsday_jug7_8ac76b63,doomsday_icons,res://assets/tilesets/cyber_city_core_tilesets/Store_Items/Doomsday Icons/Doomsday Icons/Jug7.png,Jug7.png,individual_png,,512,512,"[82, 54, 442, 473]",51.097,READY_BOTH,doomsday,"[""warning_indicator"", ""scheme_card"", ""world_decal""]",TextureRect,icon_both,OccludableIcons,0.5,90,"Iconography asset; use for UI, badges, decals, signage, screen graphics, or markers.",
pvg_icon_doomsday_icons_doomsday_jug8_370934f3,doomsday_icons,res://assets/tilesets/cyber_city_core_tilesets/Store_Items/Doomsday Icons/Doomsday Icons/Jug8.png,Jug8.png,individual_png,,512,512,"[56, 36, 440, 479]",68.826,READY_BOTH,doomsday,"[""warning_indicator"", ""scheme_card"", ""world_decal""]",TextureRect,icon_both,OccludableIcons,0.5,90,"Iconography asset; use for UI, badges, decals, signage, screen graphics, or markers.",
pvg_icon_doomsday_icons_doomsday_jug9_499c5824,doomsday_icons,res://assets/tilesets/cyber_city_core_tilesets/Store_Items/Doomsday Icons/Doomsday Icons/Jug9.png,Jug9.png,individual_png,,512,512,"[112, 17, 384, 498]",61.505,READY_BOTH,doomsday,"[""warning_indicator"", ""scheme_card"", ""world_decal""]",TextureRect,icon_both,OccludableIcons,0.5,90,"Iconography asset; use for UI, badges, decals, signage, screen graphics, or markers.",
pvg_icon_doomsday_icons_doomsday_jukebox1_c0007c53,doomsday_icons,res://assets/tilesets/cyber_city_core_tilesets/Store_Items/Doomsday Icons/Doomsday Icons/Jukebox1.png,Jukebox1.png,individual_png,,512,512,"[114, 7, 433, 510]",46.7,READY_BOTH,doomsday,"[""warning_indicator"", ""scheme_card"", ""world_decal""]",TextureRect,icon_both,OccludableIcons,0.5,90,"Iconography asset; use for UI, badges, decals, signage, screen graphics, or markers.",
pvg_icon_doomsday_icons_doomsday_jumpercables1_777646c6,doomsday_icons,res://assets/tilesets/cyber_city_core_tilesets/Store_Items/Doomsday Icons/Doomsday Icons/JumperCables1.png,JumperCables1.png,individual_png,,512,512,"[7, 125, 509, 418]",84.919,READY_BOTH,doomsday,"[""warning_indicator"", ""scheme_card"", ""world_decal""]",TextureRect,icon_both,OccludableIcons,0.5,90,"Iconography asset; use for UI, badges, decals, signage, screen graphics, or markers.",
pvg_icon_doomsday_icons_doomsday_junk1_f53a7bc6,doomsday_icons,res://assets/tilesets/cyber_city_core_tilesets/Store_Items/Doomsday Icons/Doomsday Icons/Junk1.png,Junk1.png,individual_png,,512,512,"[26, 73, 482, 438]",85.734,READY_BOTH,doomsday,"[""warning_indicator"", ""scheme_card"", ""world_decal""]",TextureRect,icon_both,OccludableIcons,0.5,90,"Iconography asset; use for UI, badges, decals, signage, screen graphics, or markers.",
pvg_icon_doomsday_icons_doomsday_junk10_17775a4f,doomsday_icons,res://assets/tilesets/cyber_city_core_tilesets/Store_Items/Doomsday Icons/Doomsday Icons/Junk10.png,Junk10.png,individual_png,,512,512,"[40, 51, 467, 439]",58.786,READY_BOTH,doomsday,"[""warning_indicator"", ""scheme_card"", ""world_decal""]",TextureRect,icon_both,OccludableIcons,0.5,90,"Iconography asset; use for UI, badges, decals, signage, screen graphics, or markers.",
pvg_icon_doomsday_icons_doomsday_junk11_94ed5fb2,doomsday_icons,res://assets/tilesets/cyber_city_core_tilesets/Store_Items/Doomsday Icons/Doomsday Icons/Junk11.png,Junk11.png,individual_png,,512,512,"[94, 64, 420, 422]",80.693,READY_BOTH,doomsday,"[""warning_indicator"", ""scheme_card"", ""world_decal""]",TextureRect,icon_both,OccludableIcons,0.5,90,"Iconography asset; use for UI, badges, decals, signage, screen graphics, or markers.",
pvg_icon_doomsday_icons_doomsday_junk12_fe224822,doomsday_icons,res://assets/tilesets/cyber_city_core_tilesets/Store_Items/Doomsday Icons/Doomsday Icons/Junk12.png,Junk12.png,individual_png,,512,512,"[176, 171, 386, 357]",96.051,READY_BOTH,doomsday,"[""warning_indicator"", ""scheme_card"", ""world_decal""]",TextureRect,icon_both,OccludableIcons,0.5,90,"Iconography asset; use for UI, badges, decals, signage, screen graphics, or markers.",
pvg_icon_doomsday_icons_doomsday_junk13_5019c7bd,doomsday_icons,res://assets/tilesets/cyber_city_core_tilesets/Store_Items/Doomsday Icons/Doomsday Icons/Junk13.png,Junk13.png,individual_png,,512,512,"[44, 29, 487, 489]",95.509,READY_BOTH,doomsday,"[""warning_indicator"", ""scheme_card"", ""world_decal""]",TextureRect,icon_both,OccludableIcons,0.5,90,"Iconography asset; use for UI, badges, decals, signage, screen graphics, or markers.",
pvg_icon_doomsday_icons_doomsday_junk14_8336c887,doomsday_icons,res://assets/tilesets/cyber_city_core_tilesets/Store_Items/Doomsday Icons/Doomsday Icons/Junk14.png,Junk14.png,individual_png,,512,512,"[95, 122, 431, 452]",72.871,READY_BOTH,doomsday,"[""warning_indicator"", ""scheme_card"", ""world_decal""]",TextureRect,icon_both,OccludableIcons,0.5,90,"Iconography asset; use for UI, badges, decals, signage, screen graphics, or markers.",
pvg_icon_doomsday_icons_doomsday_junk15_87ab83e5,doomsday_icons,res://assets/tilesets/cyber_city_core_tilesets/Store_Items/Doomsday Icons/Doomsday Icons/Junk15.png,Junk15.png,individual_png,,512,512,"[105, 91, 388, 415]",86.5,READY_BOTH,doomsday,"[""warning_indicator"", ""scheme_card"", ""world_decal""]",TextureRect,icon_both,OccludableIcons,0.5,90,"Iconography asset; use for UI, badges, decals, signage, screen graphics, or markers.",
pvg_icon_doomsday_icons_doomsday_junk16_d64f284e,doomsday_icons,res://assets/tilesets/cyber_city_core_tilesets/Store_Items/Doomsday Icons/Doomsday Icons/Junk16.png,Junk16.png,individual_png,,512,512,"[118, 117, 413, 392]",78.289,READY_BOTH,doomsday,"[""warning_indicator"", ""scheme_card"", ""world_decal""]",TextureRect,icon_both,OccludableIcons,0.5,90,"Iconography asset; use for UI, badges, decals, signage, screen graphics, or markers.",
pvg_icon_doomsday_icons_doomsday_junk17_31d919e2,doomsday_icons,res://assets/tilesets/cyber_city_core_tilesets/Store_Items/Doomsday Icons/Doomsday Icons/Junk17.png,Junk17.png,individual_png,,512,512,"[100, 10, 402, 481]",65.147,READY_BOTH,doomsday,"[""warning_indicator"", ""scheme_card"", ""world_decal""]",TextureRect,icon_both,OccludableIcons,0.5,90,"Iconography asset; use for UI, badges, decals, signage, screen graphics, or markers.",
pvg_icon_doomsday_icons_doomsday_junk18_388a51dd,doomsday_icons,res://assets/tilesets/cyber_city_core_tilesets/Store_Items/Doomsday Icons/Doomsday Icons/Junk18.png,Junk18.png,individual_png,,512,512,"[69, 97, 448, 450]",70.052,READY_BOTH,doomsday,"[""warning_indicator"", ""scheme_card"", ""world_decal""]",TextureRect,icon_both,OccludableIcons,0.5,90,"Iconography asset; use for UI, badges, decals, signage, screen graphics, or markers.",
pvg_icon_doomsday_icons_doomsday_junk19_c1d02301,doomsday_icons,res://assets/tilesets/cyber_city_core_tilesets/Store_Items/Doomsday Icons/Doomsday Icons/Junk19.png,Junk19.png,individual_png,,512,512,"[20, 58, 496, 446]",58.72,READY_BOTH,doomsday,"[""warning_indicator"", ""scheme_card"", ""world_decal""]",TextureRect,icon_both,OccludableIcons,0.5,90,"Iconography asset; use for UI, badges, decals, signage, screen graphics, or markers.",
pvg_icon_doomsday_icons_doomsday_junk2_0886a0db,doomsday_icons,res://assets/tilesets/cyber_city_core_tilesets/Store_Items/Doomsday Icons/Doomsday Icons/Junk2.png,Junk2.png,individual_png,,512,512,"[48, 85, 472, 438]",77.409,READY_BOTH,doomsday,"[""warning_indicator"", ""scheme_card"", ""world_decal""]",TextureRect,icon_both,OccludableIcons,0.5,90,"Iconography asset; use for UI, badges, decals, signage, screen graphics, or markers.",
pvg_icon_doomsday_icons_doomsday_junk20_c6e88418,doomsday_icons,res://assets/tilesets/cyber_city_core_tilesets/Store_Items/Doomsday Icons/Doomsday Icons/Junk20.png,Junk20.png,individual_png,,512,512,"[17, 37, 498, 459]",62.186,READY_BOTH,doomsday,"[""warning_indicator"", ""scheme_card"", ""world_decal""]",TextureRect,icon_both,OccludableIcons,0.5,90,"Iconography asset; use for UI, badges, decals, signage, screen graphics, or markers.",
pvg_icon_doomsday_icons_doomsday_junk21_77d9ad6b,doomsday_icons,res://assets/tilesets/cyber_city_core_tilesets/Store_Items/Doomsday Icons/Doomsday Icons/Junk21.png,Junk21.png,individual_png,,512,512,"[77, 113, 432, 416]",68.283,READY_BOTH,doomsday,"[""warning_indicator"", ""scheme_card"", ""world_decal""]",TextureRect,icon_both,OccludableIcons,0.5,90,"Iconography asset; use for UI, badges, decals, signage, screen graphics, or markers.",
pvg_icon_doomsday_icons_doomsday_junk22_14d77ce5,doomsday_icons,res://assets/tilesets/cyber_city_core_tilesets/Store_Items/Doomsday Icons/Doomsday Icons/Junk22.png,Junk22.png,individual_png,,512,512,"[89, 10, 464, 501]",86.09,READY_BOTH,doomsday,"[""warning_indicator"", ""scheme_card"", ""world_decal""]",TextureRect,icon_both,OccludableIcons,0.5,90,"Iconography asset; use for UI, badges, decals, signage, screen graphics, or markers.",
pvg_icon_doomsday_icons_doomsday_junk23_411ddb8a,doomsday_icons,res://assets/tilesets/cyber_city_core_tilesets/Store_Items/Doomsday Icons/Doomsday Icons/Junk23.png,Junk23.png,individual_png,,512,512,"[45, 18, 465, 492]",91.841,READY_BOTH,doomsday,"[""warning_indicator"", ""scheme_card"", ""world_decal""]",TextureRect,icon_both,OccludableIcons,0.5,90,"Iconography asset; use for UI, badges, decals, signage, screen graphics, or markers.",
pvg_icon_doomsday_icons_doomsday_junk24_69ead087,doomsday_icons,res://assets/tilesets/cyber_city_core_tilesets/Store_Items/Doomsday Icons/Doomsday Icons/Junk24.png,Junk24.png,individual_png,,512,512,"[71, 21, 483, 485]",91.239,READY_BOTH,doomsday,"[""warning_indicator"", ""scheme_card"", ""world_decal""]",TextureRect,icon_both,OccludableIcons,0.5,90,"Iconography asset; use for UI, badges, decals, signage, screen graphics, or markers.",
pvg_icon_doomsday_icons_doomsday_junk3_6df88390,doomsday_icons,res://assets/tilesets/cyber_city_core_tilesets/Store_Items/Doomsday Icons/Doomsday Icons/Junk3.png,Junk3.png,individual_png,,512,512,"[37, 43, 470, 477]",91.344,READY_BOTH,doomsday,"[""warning_indicator"", ""scheme_card"", ""world_decal""]",TextureRect,icon_both,OccludableIcons,0.5,90,"Iconography asset; use for UI, badges, decals, signage, screen graphics, or markers.",
pvg_icon_doomsday_icons_doomsday_junk4_1369a57e,doomsday_icons,res://assets/tilesets/cyber_city_core_tilesets/Store_Items/Doomsday Icons/Doomsday Icons/Junk4.png,Junk4.png,individual_png,,512,512,"[161, 176, 346, 369]",90.282,READY_BOTH,doomsday,"[""warning_indicator"", ""scheme_card"", ""world_decal""]",TextureRect,icon_both,OccludableIcons,0.5,90,"Iconography asset; use for UI, badges, decals, signage, screen graphics, or markers.",
pvg_icon_doomsday_icons_doomsday_junk5_2279333e,doomsday_icons,res://assets/tilesets/cyber_city_core_tilesets/Store_Items/Doomsday Icons/Doomsday Icons/Junk5.png,Junk5.png,individual_png,,512,512,"[88, 141, 481, 442]",86.788,READY_BOTH,doomsday,"[""warning_indicator"", ""scheme_card"", ""world_decal""]",TextureRect,icon_both,OccludableIcons,0.5,90,"Iconography asset; use for UI, badges, decals, signage, screen graphics, or markers.",
pvg_icon_doomsday_icons_doomsday_junk6_2425d699,doomsday_icons,res://assets/tilesets/cyber_city_core_tilesets/Store_Items/Doomsday Icons/Doomsday Icons/Junk6.png,Junk6.png,individual_png,,512,512,"[120, 100, 419, 420]",90.225,READY_BOTH,doomsday,"[""warning_indicator"", ""scheme_card"", ""world_decal""]",TextureRect,icon_both,OccludableIcons,0.5,90,"Iconography asset; use for UI, badges, decals, signage, screen graphics, or markers.",
pvg_icon_doomsday_icons_doomsday_junk7_52e31d29,doomsday_icons,res://assets/tilesets/cyber_city_core_tilesets/Store_Items/Doomsday Icons/Doomsday Icons/Junk7.png,Junk7.png,individual_png,,512,512,"[15, 178, 489, 389]",74.005,READY_BOTH,doomsday,"[""warning_indicator"", ""scheme_card"", ""world_decal""]",TextureRect,icon_both,OccludableIcons,0.5,90,"Iconography asset; use for UI, badges, decals, signage, screen graphics, or markers.",
pvg_icon_doomsday_icons_doomsday_junk8_d8284534,doomsday_icons,res://assets/tilesets/cyber_city_core_tilesets/Store_Items/Doomsday Icons/Doomsday Icons/Junk8.png,Junk8.png,individual_png,,512,512,"[25, 119, 500, 408]",94.615,READY_BOTH,doomsday,"[""warning_indicator"", ""scheme_card"", ""world_decal""]",TextureRect,icon_both,OccludableIcons,0.5,90,"Iconography asset; use for UI, badges, decals, signage, screen graphics, or markers.",
pvg_icon_doomsday_icons_doomsday_junk9_98a8f523,doomsday_icons,res://assets/tilesets/cyber_city_core_tilesets/Store_Items/Doomsday Icons/Doomsday Icons/Junk9.png,Junk9.png,individual_png,,512,512,"[53, 171, 475, 389]",84.775,READY_BOTH,doomsday,"[""warning_indicator"", ""scheme_card"", ""world_decal""]",TextureRect,icon_both,OccludableIcons,0.5,90,"Iconography asset; use for UI, badges, decals, signage, screen graphics, or markers.",
pvg_icon_doomsday_icons_doomsday_kettle1_b80e2f09,doomsday_icons,res://assets/tilesets/cyber_city_core_tilesets/Store_Items/Doomsday Icons/Doomsday Icons/Kettle1.png,Kettle1.png,individual_png,,512,512,"[47, 29, 466, 474]",56.662,READY_BOTH,doomsday,"[""warning_indicator"", ""scheme_card"", ""world_decal""]",TextureRect,icon_both,OccludableIcons,0.5,90,"Iconography asset; use for UI, badges, decals, signage, screen graphics, or markers.",
pvg_icon_doomsday_icons_keypad_keypad1_02fc6b24,doomsday_icons,res://assets/tilesets/cyber_city_core_tilesets/Store_Items/Doomsday Icons/Doomsday Icons/Keypad1.png,Keypad1.png,individual_png,,512,512,"[94, 28, 388, 493]",50.131,READY_BOTH,keypad,"[""security_indicator"", ""door"", ""terminal"", ""world_decal""]",TextureRect,icon_both,OccludableIcons,0.5,90,"Iconography asset; use for UI, badges, decals, signage, screen graphics, or markers.",
pvg_icon_doomsday_icons_doomsday_lab_microscope1_913161b5,doomsday_icons,res://assets/tilesets/cyber_city_core_tilesets/Store_Items/Doomsday Icons/Doomsday Icons/Lab_Microscope1.png,Lab_Microscope1.png,individual_png,,512,512,"[97, 10, 394, 501]",75.769,READY_BOTH,doomsday,"[""warning_indicator"", ""scheme_card"", ""world_decal""]",TextureRect,icon_both,OccludableIcons,0.5,90,"Iconography asset; use for UI, badges, decals, signage, screen graphics, or markers.",
pvg_icon_doomsday_icons_doomsday_labdevice1_fab9a615,doomsday_icons,res://assets/tilesets/cyber_city_core_tilesets/Store_Items/Doomsday Icons/Doomsday Icons/LabDevice1.png,LabDevice1.png,individual_png,,512,512,"[14, 73, 498, 480]",37.344,READY_BOTH,doomsday,"[""warning_indicator"", ""scheme_card"", ""world_decal""]",TextureRect,icon_both,OccludableIcons,0.5,90,"Iconography asset; use for UI, badges, decals, signage, screen graphics, or markers.",
pvg_icon_doomsday_icons_doomsday_labdevice2_c10a5734,doomsday_icons,res://assets/tilesets/cyber_city_core_tilesets/Store_Items/Doomsday Icons/Doomsday Icons/LabDevice2.png,LabDevice2.png,individual_png,,512,512,"[1, 44, 507, 410]",63.812,READY_BOTH,doomsday,"[""warning_indicator"", ""scheme_card"", ""world_decal""]",TextureRect,icon_both,OccludableIcons,0.5,90,"Iconography asset; use for UI, badges, decals, signage, screen graphics, or markers.",
pvg_icon_doomsday_icons_doomsday_labdevice3_6db1e0f0,doomsday_icons,res://assets/tilesets/cyber_city_core_tilesets/Store_Items/Doomsday Icons/Doomsday Icons/LabDevice3.png,LabDevice3.png,individual_png,,512,512,"[102, 15, 423, 489]",50.8,READY_BOTH,doomsday,"[""warning_indicator"", ""scheme_card"", ""world_decal""]",TextureRect,icon_both,OccludableIcons,0.5,90,"Iconography asset; use for UI, badges, decals, signage, screen graphics, or markers.",
pvg_icon_doomsday_icons_doomsday_labdevice4_987857d3,doomsday_icons,res://assets/tilesets/cyber_city_core_tilesets/Store_Items/Doomsday Icons/Doomsday Icons/LabDevice4.png,LabDevice4.png,individual_png,,512,512,"[39, 90, 484, 439]",51.946,READY_BOTH,doomsday,"[""warning_indicator"", ""scheme_card"", ""world_decal""]",TextureRect,icon_both,OccludableIcons,0.5,90,"Iconography asset; use for UI, badges, decals, signage, screen graphics, or markers.",
pvg_icon_doomsday_icons_doomsday_labdevice5_8b468ef1,doomsday_icons,res://assets/tilesets/cyber_city_core_tilesets/Store_Items/Doomsday Icons/Doomsday Icons/LabDevice5.png,LabDevice5.png,individual_png,,512,512,"[7, 192, 509, 393]",71.426,READY_BOTH,doomsday,"[""warning_indicator"", ""scheme_card"", ""world_decal""]",TextureRect,icon_both,OccludableIcons,0.5,90,"Iconography asset; use for UI, badges, decals, signage, screen graphics, or markers.",
pvg_icon_doomsday_icons_doomsday_labvials1_0f8b0290,doomsday_icons,res://assets/tilesets/cyber_city_core_tilesets/Store_Items/Doomsday Icons/Doomsday Icons/LabVials1.png,LabVials1.png,individual_png,,512,512,"[55, 106, 416, 450]",64.731,READY_BOTH,doomsday,"[""warning_indicator"", ""scheme_card"", ""world_decal""]",TextureRect,icon_both,OccludableIcons,0.5,90,"Iconography asset; use for UI, badges, decals, signage, screen graphics, or markers.",
pvg_icon_doomsday_icons_doomsday_ladder1_44d8f223,doomsday_icons,res://assets/tilesets/cyber_city_core_tilesets/Store_Items/Doomsday Icons/Doomsday Icons/Ladder1.png,Ladder1.png,individual_png,,512,512,"[115, 7, 377, 510]",82.162,READY_BOTH,doomsday,"[""warning_indicator"", ""scheme_card"", ""world_decal""]",TextureRect,icon_both,OccludableIcons,0.5,90,"Iconography asset; use for UI, badges, decals, signage, screen graphics, or markers.",
pvg_icon_doomsday_icons_doomsday_ladder2_cad0bfba,doomsday_icons,res://assets/tilesets/cyber_city_core_tilesets/Store_Items/Doomsday Icons/Doomsday Icons/Ladder2.png,Ladder2.png,individual_png,,512,512,"[155, 1, 349, 507]",84.534,READY_BOTH,doomsday,"[""warning_indicator"", ""scheme_card"", ""world_decal""]",TextureRect,icon_both,OccludableIcons,0.5,90,"Iconography asset; use for UI, badges, decals, signage, screen graphics, or markers.",
pvg_icon_doomsday_icons_doomsday_lamp1_4d013771,doomsday_icons,res://assets/tilesets/cyber_city_core_tilesets/Store_Items/Doomsday Icons/Doomsday Icons/Lamp1.png,Lamp1.png,individual_png,,512,512,"[139, 48, 382, 469]",75.757,READY_BOTH,doomsday,"[""warning_indicator"", ""scheme_card"", ""world_decal""]",TextureRect,icon_both,OccludableIcons,0.5,90,"Iconography asset; use for UI, badges, decals, signage, screen graphics, or markers.",
pvg_icon_doomsday_icons_doomsday_lamp2_9f58118e,doomsday_icons,res://assets/tilesets/cyber_city_core_tilesets/Store_Items/Doomsday Icons/Doomsday Icons/Lamp2.png,Lamp2.png,individual_png,,512,512,"[179, 12, 333, 460]",81.33,READY_BOTH,doomsday,"[""warning_indicator"", ""scheme_card"", ""world_decal""]",TextureRect,icon_both,OccludableIcons,0.5,90,"Iconography asset; use for UI, badges, decals, signage, screen graphics, or markers.",
pvg_icon_doomsday_icons_doomsday_landmine1_66a47349,doomsday_icons,res://assets/tilesets/cyber_city_core_tilesets/Store_Items/Doomsday Icons/Doomsday Icons/Landmine1.png,Landmine1.png,individual_png,,512,512,"[28, 121, 477, 465]",54.947,READY_BOTH,doomsday,"[""warning_indicator"", ""scheme_card"", ""world_decal""]",TextureRect,icon_both,OccludableIcons,0.5,90,"Iconography asset; use for UI, badges, decals, signage, screen graphics, or markers.",
pvg_icon_doomsday_icons_doomsday_lantern1_a7231b7e,doomsday_icons,res://assets/tilesets/cyber_city_core_tilesets/Store_Items/Doomsday Icons/Doomsday Icons/Lantern1.png,Lantern1.png,individual_png,,512,512,"[125, 8, 364, 490]",74.501,READY_BOTH,doomsday,"[""warning_indicator"", ""scheme_card"", ""world_decal""]",TextureRect,icon_both,OccludableIcons,0.5,90,"Iconography asset; use for UI, badges, decals, signage, screen graphics, or markers.",
pvg_icon_doomsday_icons_doomsday_lantern2_c22728dd,doomsday_icons,res://assets/tilesets/cyber_city_core_tilesets/Store_Items/Doomsday Icons/Doomsday Icons/Lantern2.png,Lantern2.png,individual_png,,512,512,"[163, 8, 303, 489]",86.281,READY_BOTH,doomsday,"[""warning_indicator"", ""scheme_card"", ""world_decal""]",TextureRect,icon_both,OccludableIcons,0.5,90,"Iconography asset; use for UI, badges, decals, signage, screen graphics, or markers.",
pvg_icon_doomsday_icons_doomsday_laptop1_4ce62fe2,doomsday_icons,res://assets/tilesets/cyber_city_core_tilesets/Store_Items/Doomsday Icons/Doomsday Icons/Laptop1.png,Laptop1.png,individual_png,,512,512,"[8, 100, 508, 441]",57.566,READY_BOTH,doomsday,"[""warning_indicator"", ""scheme_card"", ""world_decal""]",TextureRect,icon_both,OccludableIcons,0.5,90,"Iconography asset; use for UI, badges, decals, signage, screen graphics, or markers.",
pvg_icon_doomsday_icons_doomsday_laptop2_baba1520,doomsday_icons,res://assets/tilesets/cyber_city_core_tilesets/Store_Items/Doomsday Icons/Doomsday Icons/Laptop2.png,Laptop2.png,individual_png,,512,512,"[1, 67, 508, 466]",48.085,READY_BOTH,doomsday,"[""warning_indicator"", ""scheme_card"", ""world_decal""]",TextureRect,icon_both,OccludableIcons,0.5,90,"Iconography asset; use for UI, badges, decals, signage, screen graphics, or markers.",
pvg_icon_doomsday_icons_doomsday_lawnmower1_85a41e80,doomsday_icons,res://assets/tilesets/cyber_city_core_tilesets/Store_Items/Doomsday Icons/Doomsday Icons/LawnMower1.png,LawnMower1.png,individual_png,,512,512,"[57, 5, 448, 498]",77.351,READY_BOTH,doomsday,"[""warning_indicator"", ""scheme_card"", ""world_decal""]",TextureRect,icon_both,OccludableIcons,0.5,90,"Iconography asset; use for UI, badges, decals, signage, screen graphics, or markers.",
pvg_icon_doomsday_icons_doomsday_leaf1_0860b3f0,doomsday_icons,res://assets/tilesets/cyber_city_core_tilesets/Store_Items/Doomsday Icons/Doomsday Icons/Leaf1.png,Leaf1.png,individual_png,,512,512,"[0, 0, 484, 495]",81.034,READY_BOTH,doomsday,"[""warning_indicator"", ""scheme_card"", ""world_decal""]",TextureRect,icon_both,OccludableIcons,0.5,90,"Iconography asset; use for UI, badges, decals, signage, screen graphics, or markers.",
pvg_icon_doomsday_icons_doomsday_lighter1_59388d40,doomsday_icons,res://assets/tilesets/cyber_city_core_tilesets/Store_Items/Doomsday Icons/Doomsday Icons/Lighter1.png,Lighter1.png,individual_png,,512,512,"[88, 98, 403, 453]",82.463,READY_BOTH,doomsday,"[""warning_indicator"", ""scheme_card"", ""world_decal""]",TextureRect,icon_both,OccludableIcons,0.5,90,"Iconography asset; use for UI, badges, decals, signage, screen graphics, or markers.",
pvg_icon_doomsday_icons_security_lock1_1eac7db4,doomsday_icons,res://assets/tilesets/cyber_city_core_tilesets/Store_Items/Doomsday Icons/Doomsday Icons/Lock1.png,Lock1.png,individual_png,,512,512,"[32, 155, 473, 393]",83.58,READY_BOTH,security,"[""security_indicator"", ""warning_indicator"", ""mission_board"", ""world_decal"", ""screen_graphic""]",TextureRect,icon_both,OccludableIcons,0.5,90,"Iconography asset; use for UI, badges, decals, signage, screen graphics, or markers.",
pvg_icon_doomsday_icons_security_lock2_52bc184d,doomsday_icons,res://assets/tilesets/cyber_city_core_tilesets/Store_Items/Doomsday Icons/Doomsday Icons/Lock2.png,Lock2.png,individual_png,,512,512,"[104, 32, 416, 478]",71.302,READY_BOTH,security,"[""security_indicator"", ""warning_indicator"", ""mission_board"", ""world_decal"", ""screen_graphic""]",TextureRect,icon_both,OccludableIcons,0.5,90,"Iconography asset; use for UI, badges, decals, signage, screen graphics, or markers.",
pvg_icon_doomsday_icons_security_lock3_c3a631c7,doomsday_icons,res://assets/tilesets/cyber_city_core_tilesets/Store_Items/Doomsday Icons/Doomsday Icons/Lock3.png,Lock3.png,individual_png,,512,512,"[104, 2, 416, 478]",71.14,READY_BOTH,security,"[""security_indicator"", ""warning_indicator"", ""mission_board"", ""world_decal"", ""screen_graphic""]",TextureRect,icon_both,OccludableIcons,0.5,90,"Iconography asset; use for UI, badges, decals, signage, screen graphics, or markers.",
pvg_icon_doomsday_icons_security_locker1_7e659295,doomsday_icons,res://assets/tilesets/cyber_city_core_tilesets/Store_Items/Doomsday Icons/Doomsday Icons/Locker1.png,Locker1.png,individual_png,,512,512,"[151, 1, 356, 508]",63.138,READY_BOTH,security,"[""security_indicator"", ""warning_indicator"", ""mission_board"", ""world_decal"", ""screen_graphic""]",TextureRect,icon_both,OccludableIcons,0.5,90,"Iconography asset; use for UI, badges, decals, signage, screen graphics, or markers.",
pvg_icon_doomsday_icons_security_locker2_2f6a09e9,doomsday_icons,res://assets/tilesets/cyber_city_core_tilesets/Store_Items/Doomsday Icons/Doomsday Icons/Locker2.png,Locker2.png,individual_png,,512,512,"[174, 3, 346, 507]",69.019,READY_BOTH,security,"[""security_indicator"", ""warning_indicator"", ""mission_board"", ""world_decal"", ""screen_graphic""]",TextureRect,icon_both,OccludableIcons,0.5,90,"Iconography asset; use for UI, badges, decals, signage, screen graphics, or markers.",
pvg_icon_doomsday_icons_doomsday_machine1_1539dfd9,doomsday_icons,res://assets/tilesets/cyber_city_core_tilesets/Store_Items/Doomsday Icons/Doomsday Icons/Machine1.png,Machine1.png,individual_png,,512,512,"[43, 8, 451, 497]",49.453,READY_BOTH,doomsday,"[""warning_indicator"", ""scheme_card"", ""world_decal""]",TextureRect,icon_both,OccludableIcons,0.5,90,"Iconography asset; use for UI, badges, decals, signage, screen graphics, or markers.",
pvg_icon_doomsday_icons_doomsday_machine2_71941a29,doomsday_icons,res://assets/tilesets/cyber_city_core_tilesets/Store_Items/Doomsday Icons/Doomsday Icons/Machine2.png,Machine2.png,individual_png,,512,512,"[11, 68, 504, 480]",47.284,READY_BOTH,doomsday,"[""warning_indicator"", ""scheme_card"", ""world_decal""]",TextureRect,icon_both,OccludableIcons,0.5,90,"Iconography asset; use for UI, badges, decals, signage, screen graphics, or markers.",
pvg_icon_doomsday_icons_doomsday_magazine1_d028977f,doomsday_icons,res://assets/tilesets/cyber_city_core_tilesets/Store_Items/Doomsday Icons/Doomsday Icons/Magazine1.png,Magazine1.png,individual_png,,512,512,"[77, 46, 410, 481]",62.151,READY_BOTH,doomsday,"[""warning_indicator"", ""scheme_card"", ""world_decal""]",TextureRect,icon_both,OccludableIcons,0.5,90,"Iconography asset; use for UI, badges, decals, signage, screen graphics, or markers.",
pvg_icon_doomsday_icons_doomsday_magazine2_75add556,doomsday_icons,res://assets/tilesets/cyber_city_core_tilesets/Store_Items/Doomsday Icons/Doomsday Icons/Magazine2.png,Magazine2.png,individual_png,,512,512,"[48, 51, 448, 405]",60.486,READY_BOTH,doomsday,"[""warning_indicator"", ""scheme_card"", ""world_decal""]",TextureRect,icon_both,OccludableIcons,0.5,90,"Iconography asset; use for UI, badges, decals, signage, screen graphics, or markers.",
pvg_icon_doomsday_icons_doomsday_magazine3_2d11ece0,doomsday_icons,res://assets/tilesets/cyber_city_core_tilesets/Store_Items/Doomsday Icons/Doomsday Icons/Magazine3.png,Magazine3.png,individual_png,,512,512,"[96, 17, 434, 504]",49.0,READY_BOTH,doomsday,"[""warning_indicator"", ""scheme_card"", ""world_decal""]",TextureRect,icon_both,OccludableIcons,0.5,90,"Iconography asset; use for UI, badges, decals, signage, screen graphics, or markers.",
pvg_icon_doomsday_icons_doomsday_magazine4_5b09cbd2,doomsday_icons,res://assets/tilesets/cyber_city_core_tilesets/Store_Items/Doomsday Icons/Doomsday Icons/Magazine4.png,Magazine4.png,individual_png,,512,512,"[74, 11, 463, 506]",33.767,READY_BOTH,doomsday,"[""warning_indicator"", ""scheme_card"", ""world_decal""]",TextureRect,icon_both,OccludableIcons,0.5,90,"Iconography asset; use for UI, badges, decals, signage, screen graphics, or markers.",
pvg_icon_doomsday_icons_doomsday_magazine5_5daf98d3,doomsday_icons,res://assets/tilesets/cyber_city_core_tilesets/Store_Items/Doomsday Icons/Doomsday Icons/Magazine5.png,Magazine5.png,individual_png,,512,512,"[107, 30, 404, 474]",60.404,READY_BOTH,doomsday,"[""warning_indicator"", ""scheme_card"", ""world_decal""]",TextureRect,icon_both,OccludableIcons,0.5,90,"Iconography asset; use for UI, badges, decals, signage, screen graphics, or markers.",
pvg_icon_doomsday_icons_doomsday_magazine6_67a77a67,doomsday_icons,res://assets/tilesets/cyber_city_core_tilesets/Store_Items/Doomsday Icons/Doomsday Icons/Magazine6.png,Magazine6.png,individual_png,,512,512,"[152, 32, 369, 464]",69.263,READY_BOTH,doomsday,"[""warning_indicator"", ""scheme_card"", ""world_decal""]",TextureRect,icon_both,OccludableIcons,0.5,90,"Iconography asset; use for UI, badges, decals, signage, screen graphics, or markers.",
pvg_icon_doomsday_icons_doomsday_magazine7_9516a297,doomsday_icons,res://assets/tilesets/cyber_city_core_tilesets/Store_Items/Doomsday Icons/Doomsday Icons/Magazine7.png,Magazine7.png,individual_png,,512,512,"[114, 34, 404, 490]",54.91,READY_BOTH,doomsday,"[""warning_indicator"", ""scheme_card"", ""world_decal""]",TextureRect,icon_both,OccludableIcons,0.5,90,"Iconography asset; use for UI, badges, decals, signage, screen graphics, or markers.",
pvg_icon_doomsday_icons_doomsday_magazine8_ba8a4080,doomsday_icons,res://assets/tilesets/cyber_city_core_tilesets/Store_Items/Doomsday Icons/Doomsday Icons/Magazine8.png,Magazine8.png,individual_png,,512,512,"[85, 23, 443, 496]",51.905,READY_BOTH,doomsday,"[""warning_indicator"", ""scheme_card"", ""world_decal""]",TextureRect,icon_both,OccludableIcons,0.5,90,"Iconography asset; use for UI, badges, decals, signage, screen graphics, or markers.",
pvg_icon_doomsday_icons_doomsday_magazines1_2bb564e9,doomsday_icons,res://assets/tilesets/cyber_city_core_tilesets/Store_Items/Doomsday Icons/Doomsday Icons/Magazines1.png,Magazines1.png,individual_png,,512,512,"[38, 73, 494, 474]",58.723,READY_BOTH,doomsday,"[""warning_indicator"", ""scheme_card"", ""world_decal""]",TextureRect,icon_both,OccludableIcons,0.5,90,"Iconography asset; use for UI, badges, decals, signage, screen graphics, or markers.",
pvg_icon_doomsday_icons_doomsday_mail1_ab156ba0,doomsday_icons,res://assets/tilesets/cyber_city_core_tilesets/Store_Items/Doomsday Icons/Doomsday Icons/Mail1.png,Mail1.png,individual_png,,512,512,"[37, 75, 473, 385]",56.443,READY_BOTH,doomsday,"[""warning_indicator"", ""scheme_card"", ""world_decal""]",TextureRect,icon_both,OccludableIcons,0.5,90,"Iconography asset; use for UI, badges, decals, signage, screen graphics, or markers.",
pvg_icon_doomsday_icons_doomsday_mail2_f0eea4db,doomsday_icons,res://assets/tilesets/cyber_city_core_tilesets/Store_Items/Doomsday Icons/Doomsday Icons/Mail2.png,Mail2.png,individual_png,,512,512,"[6, 86, 504, 409]",52.75,READY_BOTH,doomsday,"[""warning_indicator"", ""scheme_card"", ""world_decal""]",TextureRect,icon_both,OccludableIcons,0.5,90,"Iconography asset; use for UI, badges, decals, signage, screen graphics, or markers.",
pvg_icon_doomsday_icons_doomsday_mail3_fed68295,doomsday_icons,res://assets/tilesets/cyber_city_core_tilesets/Store_Items/Doomsday Icons/Doomsday Icons/Mail3.png,Mail3.png,individual_png,,512,512,"[12, 45, 501, 490]",36.786,READY_BOTH,doomsday,"[""warning_indicator"", ""scheme_card"", ""world_decal""]",TextureRect,icon_both,OccludableIcons,0.5,90,"Iconography asset; use for UI, badges, decals, signage, screen graphics, or markers.",
pvg_icon_doomsday_icons_doomsday_mailbox1_00f2124a,doomsday_icons,res://assets/tilesets/cyber_city_core_tilesets/Store_Items/Doomsday Icons/Doomsday Icons/Mailbox1.png,Mailbox1.png,individual_png,,512,512,"[129, 18, 424, 512]",74.546,READY_BOTH,doomsday,"[""warning_indicator"", ""scheme_card"", ""world_decal""]",TextureRect,icon_both,OccludableIcons,0.5,90,"Iconography asset; use for UI, badges, decals, signage, screen graphics, or markers.",
pvg_icon_doomsday_icons_doomsday_mannequin1_eece09e0,doomsday_icons,res://assets/tilesets/cyber_city_core_tilesets/Store_Items/Doomsday Icons/Doomsday Icons/Mannequin1.png,Mannequin1.png,individual_png,,512,512,"[207, 7, 345, 500]",85.806,READY_BOTH,doomsday,"[""warning_indicator"", ""scheme_card"", ""world_decal""]",TextureRect,icon_both,OccludableIcons,0.5,90,"Iconography asset; use for UI, badges, decals, signage, screen graphics, or markers.",
pvg_icon_doomsday_icons_doomsday_mannequin2_330d4f99,doomsday_icons,res://assets/tilesets/cyber_city_core_tilesets/Store_Items/Doomsday Icons/Doomsday Icons/Mannequin2.png,Mannequin2.png,individual_png,,512,512,"[180, 36, 315, 466]",86.931,READY_BOTH,doomsday,"[""warning_indicator"", ""scheme_card"", ""world_decal""]",TextureRect,icon_both,OccludableIcons,0.5,90,"Iconography asset; use for UI, badges, decals, signage, screen graphics, or markers.",
pvg_icon_doomsday_icons_doomsday_mannequin3_0e311f81,doomsday_icons,res://assets/tilesets/cyber_city_core_tilesets/Store_Items/Doomsday Icons/Doomsday Icons/Mannequin3.png,Mannequin3.png,individual_png,,512,512,"[146, 72, 380, 403]",77.164,READY_BOTH,doomsday,"[""warning_indicator"", ""scheme_card"", ""world_decal""]",TextureRect,icon_both,OccludableIcons,0.5,90,"Iconography asset; use for UI, badges, decals, signage, screen graphics, or markers.",
pvg_icon_doomsday_icons_map_pin_map1_55a162c7,doomsday_icons,res://assets/tilesets/cyber_city_core_tilesets/Store_Items/Doomsday Icons/Doomsday Icons/Map1.png,Map1.png,individual_png,,512,512,"[55, 63, 475, 477]",45.322,READY_UI_ICON,map_pin,"[""map_pin"", ""objective_marker""]",TextureRect,icon_ui,BehindPlayerIcons,0.5,-120,"Iconography asset; use for UI, badges, decals, signage, screen graphics, or markers.",World stamping of UI-first icons may look like a flat sticker.
pvg_icon_doomsday_icons_map_pin_map2_bbd055d5,doomsday_icons,res://assets/tilesets/cyber_city_core_tilesets/Store_Items/Doomsday Icons/Doomsday Icons/Map2.png,Map2.png,individual_png,,512,512,"[2, 68, 498, 452]",47.218,READY_UI_ICON,map_pin,"[""map_pin"", ""objective_marker""]",TextureRect,icon_ui,BehindPlayerIcons,0.5,-120,"Iconography asset; use for UI, badges, decals, signage, screen graphics, or markers.",World stamping of UI-first icons may look like a flat sticker.
pvg_icon_doomsday_icons_doomsday_mattress1_0b797d91,doomsday_icons,res://assets/tilesets/cyber_city_core_tilesets/Store_Items/Doomsday Icons/Doomsday Icons/Mattress1.png,Mattress1.png,individual_png,,512,512,"[55, 12, 469, 503]",51.701,READY_BOTH,doomsday,"[""warning_indicator"", ""scheme_card"", ""world_decal""]",TextureRect,icon_both,OccludableIcons,0.5,90,"Iconography asset; use for UI, badges, decals, signage, screen graphics, or markers.",
pvg_icon_doomsday_icons_doomsday_mattress2_33d9f8c9,doomsday_icons,res://assets/tilesets/cyber_city_core_tilesets/Store_Items/Doomsday Icons/Doomsday Icons/Mattress2.png,Mattress2.png,individual_png,,512,512,"[36, 2, 488, 503]",56.5,READY_BOTH,doomsday,"[""warning_indicator"", ""scheme_card"", ""world_decal""]",TextureRect,icon_both,OccludableIcons,0.5,90,"Iconography asset; use for UI, badges, decals, signage, screen graphics, or markers.",
pvg_icon_doomsday_icons_doomsday_meat1_c316de5a,doomsday_icons,res://assets/tilesets/cyber_city_core_tilesets/Store_Items/Doomsday Icons/Doomsday Icons/Meat1.png,Meat1.png,individual_png,,512,512,"[4, 106, 464, 466]",70.097,READY_BOTH,doomsday,"[""warning_indicator"", ""scheme_card"", ""world_decal""]",TextureRect,icon_both,OccludableIcons,0.5,90,"Iconography asset; use for UI, badges, decals, signage, screen graphics, or markers.",
pvg_icon_doomsday_icons_doomsday_meat2_411a3561,doomsday_icons,res://assets/tilesets/cyber_city_core_tilesets/Store_Items/Doomsday Icons/Doomsday Icons/Meat2.png,Meat2.png,individual_png,,512,512,"[9, 33, 489, 436]",56.49,READY_BOTH,doomsday,"[""warning_indicator"", ""scheme_card"", ""world_decal""]",TextureRect,icon_both,OccludableIcons,0.5,90,"Iconography asset; use for UI, badges, decals, signage, screen graphics, or markers.",
pvg_icon_doomsday_icons_doomsday_meat3_110a39ab,doomsday_icons,res://assets/tilesets/cyber_city_core_tilesets/Store_Items/Doomsday Icons/Doomsday Icons/Meat3.png,Meat3.png,individual_png,,512,512,"[16, 68, 475, 455]",51.174,READY_BOTH,doomsday,"[""warning_indicator"", ""scheme_card"", ""world_decal""]",TextureRect,icon_both,OccludableIcons,0.5,90,"Iconography asset; use for UI, badges, decals, signage, screen graphics, or markers.",
pvg_icon_doomsday_icons_doomsday_meat4_91a548f8,doomsday_icons,res://assets/tilesets/cyber_city_core_tilesets/Store_Items/Doomsday Icons/Doomsday Icons/Meat4.png,Meat4.png,individual_png,,512,512,"[4, 78, 511, 464]",57.397,READY_BOTH,doomsday,"[""warning_indicator"", ""scheme_card"", ""world_decal""]",TextureRect,icon_both,OccludableIcons,0.5,90,"Iconography asset; use for UI, badges, decals, signage, screen graphics, or markers.",
pvg_icon_doomsday_icons_hazard_medicine_antibiotics1_ae6b8ff4,doomsday_icons,res://assets/tilesets/cyber_city_core_tilesets/Store_Items/Doomsday Icons/Doomsday Icons/Medicine_Antibiotics1.png,Medicine_Antibiotics1.png,individual_png,,512,512,"[40, 95, 462, 431]",69.124,READY_BOTH,hazard,"[""warning_indicator"", ""objective_marker"", ""world_decal"", ""hologram_marker""]",TextureRect,icon_both,OccludableIcons,0.5,90,"Iconography asset; use for UI, badges, decals, signage, screen graphics, or markers.",
pvg_icon_doomsday_icons_hazard_medicine_antibiotics2_3bc27687,doomsday_icons,res://assets/tilesets/cyber_city_core_tilesets/Store_Items/Doomsday Icons/Doomsday Icons/Medicine_Antibiotics2.png,Medicine_Antibiotics2.png,individual_png,,512,512,"[1, 86, 498, 418]",69.591,READY_BOTH,hazard,"[""warning_indicator"", ""objective_marker"", ""world_decal"", ""hologram_marker""]",TextureRect,icon_both,OccludableIcons,0.5,90,"Iconography asset; use for UI, badges, decals, signage, screen graphics, or markers.",
pvg_icon_doomsday_icons_health_medicine_bottle1_c7c9f56c,doomsday_icons,res://assets/tilesets/cyber_city_core_tilesets/Store_Items/Doomsday Icons/Doomsday Icons/Medicine_Bottle1.png,Medicine_Bottle1.png,individual_png,,512,512,"[151, 11, 362, 501]",67.334,READY_UI_ICON,health,"[""inventory_icon"", ""pause_menu"", ""storefront_item""]",TextureRect,icon_ui,BehindPlayerIcons,0.5,-120,"Iconography asset; use for UI, badges, decals, signage, screen graphics, or markers.",World stamping of UI-first icons may look like a flat sticker.
pvg_icon_doomsday_icons_health_medicine_bottle2_1221729b,doomsday_icons,res://assets/tilesets/cyber_city_core_tilesets/Store_Items/Doomsday Icons/Doomsday Icons/Medicine_Bottle2.png,Medicine_Bottle2.png,individual_png,,512,512,"[165, 13, 368, 481]",71.157,READY_UI_ICON,health,"[""inventory_icon"", ""pause_menu"", ""storefront_item""]",TextureRect,icon_ui,BehindPlayerIcons,0.5,-120,"Iconography asset; use for UI, badges, decals, signage, screen graphics, or markers.",World stamping of UI-first icons may look like a flat sticker.
pvg_icon_doomsday_icons_health_medicine_lab1_280a4e78,doomsday_icons,res://assets/tilesets/cyber_city_core_tilesets/Store_Items/Doomsday Icons/Doomsday Icons/Medicine_Lab1.png,Medicine_Lab1.png,individual_png,,512,512,"[201, 168, 305, 355]",95.117,READY_UI_ICON,health,"[""inventory_icon"", ""pause_menu"", ""storefront_item""]",TextureRect,icon_ui,BehindPlayerIcons,0.5,-120,"Iconography asset; use for UI, badges, decals, signage, screen graphics, or markers.",World stamping of UI-first icons may look like a flat sticker.
pvg_icon_doomsday_icons_health_medicine_lab2_963c7081,doomsday_icons,res://assets/tilesets/cyber_city_core_tilesets/Store_Items/Doomsday Icons/Doomsday Icons/Medicine_Lab2.png,Medicine_Lab2.png,individual_png,,512,512,"[157, 93, 312, 375]",86.432,READY_UI_ICON,health,"[""inventory_icon"", ""pause_menu"", ""storefront_item""]",TextureRect,icon_ui,BehindPlayerIcons,0.5,-120,"Iconography asset; use for UI, badges, decals, signage, screen graphics, or markers.",World stamping of UI-first icons may look like a flat sticker.
pvg_icon_doomsday_icons_health_medicine_lab3_344bbb08,doomsday_icons,res://assets/tilesets/cyber_city_core_tilesets/Store_Items/Doomsday Icons/Doomsday Icons/Medicine_Lab3.png,Medicine_Lab3.png,individual_png,,512,512,"[158, 44, 348, 418]",78.396,READY_UI_ICON,health,"[""inventory_icon"", ""pause_menu"", ""storefront_item""]",TextureRect,icon_ui,BehindPlayerIcons,0.5,-120,"Iconography asset; use for UI, badges, decals, signage, screen graphics, or markers.",World stamping of UI-first icons may look like a flat sticker.
pvg_icon_doomsday_icons_health_medicine_needle1_8dcbd6c9,doomsday_icons,res://assets/tilesets/cyber_city_core_tilesets/Store_Items/Doomsday Icons/Doomsday Icons/Medicine_Needle1.png,Medicine_Needle1.png,individual_png,,512,512,"[47, 37, 453, 440]",90.237,READY_UI_ICON,health,"[""inventory_icon"", ""pause_menu"", ""storefront_item""]",TextureRect,icon_ui,BehindPlayerIcons,0.5,-120,"Iconography asset; use for UI, badges, decals, signage, screen graphics, or markers.",World stamping of UI-first icons may look like a flat sticker.
pvg_icon_doomsday_icons_health_medicine_needle2_93413212,doomsday_icons,res://assets/tilesets/cyber_city_core_tilesets/Store_Items/Doomsday Icons/Doomsday Icons/Medicine_Needle2.png,Medicine_Needle2.png,individual_png,,512,512,"[37, 37, 460, 450]",94.42,READY_UI_ICON,health,"[""inventory_icon"", ""pause_menu"", ""storefront_item""]",TextureRect,icon_ui,BehindPlayerIcons,0.5,-120,"Iconography asset; use for UI, badges, decals, signage, screen graphics, or markers.",World stamping of UI-first icons may look like a flat sticker.
pvg_icon_doomsday_icons_health_medicine_needle3_72f5a5d2,doomsday_icons,res://assets/tilesets/cyber_city_core_tilesets/Store_Items/Doomsday Icons/Doomsday Icons/Medicine_Needle3.png,Medicine_Needle3.png,individual_png,,512,512,"[53, 23, 447, 475]",93.013,READY_UI_ICON,health,"[""inventory_icon"", ""pause_menu"", ""storefront_item""]",TextureRect,icon_ui,BehindPlayerIcons,0.5,-120,"Iconography asset; use for UI, badges, decals, signage, screen graphics, or markers.",World stamping of UI-first icons may look like a flat sticker.
pvg_icon_doomsday_icons_health_medicine_pillbottle1_dc8ecc73,doomsday_icons,res://assets/tilesets/cyber_city_core_tilesets/Store_Items/Doomsday Icons/Doomsday Icons/Medicine_PillBottle1.png,Medicine_PillBottle1.png,individual_png,,512,512,"[98, 34, 363, 449]",68.312,READY_UI_ICON,health,"[""inventory_icon"", ""pause_menu"", ""storefront_item""]",TextureRect,icon_ui,BehindPlayerIcons,0.5,-120,"Iconography asset; use for UI, badges, decals, signage, screen graphics, or markers.",World stamping of UI-first icons may look like a flat sticker.
pvg_icon_doomsday_icons_health_medicine_pillpack1_8bd69845,doomsday_icons,res://assets/tilesets/cyber_city_core_tilesets/Store_Items/Doomsday Icons/Doomsday Icons/Medicine_PillPack1.png,Medicine_PillPack1.png,individual_png,,512,512,"[99, 165, 417, 407]",83.686,READY_UI_ICON,health,"[""inventory_icon"", ""pause_menu"", ""storefront_item""]",TextureRect,icon_ui,BehindPlayerIcons,0.5,-120,"Iconography asset; use for UI, badges, decals, signage, screen graphics, or markers.",World stamping of UI-first icons may look like a flat sticker.
pvg_icon_doomsday_icons_health_medicine_scissors1_83119368,doomsday_icons,res://assets/tilesets/cyber_city_core_tilesets/Store_Items/Doomsday Icons/Doomsday Icons/Medicine_Scissors1.png,Medicine_Scissors1.png,individual_png,,512,512,"[31, 41, 454, 449]",90.855,READY_UI_ICON,health,"[""inventory_icon"", ""pause_menu"", ""storefront_item""]",TextureRect,icon_ui,BehindPlayerIcons,0.5,-120,"Iconography asset; use for UI, badges, decals, signage, screen graphics, or markers.",World stamping of UI-first icons may look like a flat sticker.
pvg_icon_doomsday_icons_health_medicine_tweezers1_54bbeacb,doomsday_icons,res://assets/tilesets/cyber_city_core_tilesets/Store_Items/Doomsday Icons/Doomsday Icons/Medicine_Tweezers1.png,Medicine_Tweezers1.png,individual_png,,512,512,"[55, 51, 429, 443]",92.429,READY_UI_ICON,health,"[""inventory_icon"", ""pause_menu"", ""storefront_item""]",TextureRect,icon_ui,BehindPlayerIcons,0.5,-120,"Iconography asset; use for UI, badges, decals, signage, screen graphics, or markers.",World stamping of UI-first icons may look like a flat sticker.
pvg_icon_doomsday_icons_doomsday_metalbars1_26ff9d55,doomsday_icons,res://assets/tilesets/cyber_city_core_tilesets/Store_Items/Doomsday Icons/Doomsday Icons/MetalBars1.png,MetalBars1.png,individual_png,,512,512,"[2, 123, 509, 433]",69.915,READY_BOTH,doomsday,"[""warning_indicator"", ""scheme_card"", ""world_decal""]",TextureRect,icon_both,OccludableIcons,0.5,90,"Iconography asset; use for UI, badges, decals, signage, screen graphics, or markers.",
pvg_icon_doomsday_icons_doomsday_metalfence1_bb06fa0e,doomsday_icons,res://assets/tilesets/cyber_city_core_tilesets/Store_Items/Doomsday Icons/Doomsday Icons/MetalFence1.png,MetalFence1.png,individual_png,,512,512,"[19, 99, 505, 399]",83.254,READY_BOTH,doomsday,"[""warning_indicator"", ""scheme_card"", ""world_decal""]",TextureRect,icon_both,OccludableIcons,0.5,90,"Iconography asset; use for UI, badges, decals, signage, screen graphics, or markers.",
pvg_icon_doomsday_icons_doomsday_metalgrate1_c493daa5,doomsday_icons,res://assets/tilesets/cyber_city_core_tilesets/Store_Items/Doomsday Icons/Doomsday Icons/MetalGrate1.png,MetalGrate1.png,individual_png,,512,512,"[11, 79, 505, 455]",71.003,READY_BOTH,doomsday,"[""warning_indicator"", ""scheme_card"", ""world_decal""]",TextureRect,icon_both,OccludableIcons,0.5,90,"Iconography asset; use for UI, badges, decals, signage, screen graphics, or markers.",
pvg_icon_doomsday_icons_doomsday_metalpipe1_66b4e5a1,doomsday_icons,res://assets/tilesets/cyber_city_core_tilesets/Store_Items/Doomsday Icons/Doomsday Icons/MetalPipe1.png,MetalPipe1.png,individual_png,,512,512,"[86, 10, 421, 505]",88.023,READY_BOTH,doomsday,"[""warning_indicator"", ""scheme_card"", ""world_decal""]",TextureRect,icon_both,OccludableIcons,0.5,90,"Iconography asset; use for UI, badges, decals, signage, screen graphics, or markers.",
pvg_icon_doomsday_icons_doomsday_metalpipes1_ff74e1b8,doomsday_icons,res://assets/tilesets/cyber_city_core_tilesets/Store_Items/Doomsday Icons/Doomsday Icons/MetalPipes1.png,MetalPipes1.png,individual_png,,512,512,"[20, 6, 505, 500]",90.021,READY_BOTH,doomsday,"[""warning_indicator"", ""scheme_card"", ""world_decal""]",TextureRect,icon_both,OccludableIcons,0.5,90,"Iconography asset; use for UI, badges, decals, signage, screen graphics, or markers.",
pvg_icon_doomsday_icons_doomsday_microwave1_5ca6ba73,doomsday_icons,res://assets/tilesets/cyber_city_core_tilesets/Store_Items/Doomsday Icons/Doomsday Icons/Microwave1.png,Microwave1.png,individual_png,,512,512,"[2, 138, 502, 412]",56.071,READY_BOTH,doomsday,"[""warning_indicator"", ""scheme_card"", ""world_decal""]",TextureRect,icon_both,OccludableIcons,0.5,90,"Iconography asset; use for UI, badges, decals, signage, screen graphics, or markers.",
pvg_icon_doomsday_icons_doomsday_microwave2_b96b72d3,doomsday_icons,res://assets/tilesets/cyber_city_core_tilesets/Store_Items/Doomsday Icons/Doomsday Icons/Microwave2.png,Microwave2.png,individual_png,,512,512,"[15, 147, 495, 412]",57.084,READY_BOTH,doomsday,"[""warning_indicator"", ""scheme_card"", ""world_decal""]",TextureRect,icon_both,OccludableIcons,0.5,90,"Iconography asset; use for UI, badges, decals, signage, screen graphics, or markers.",
pvg_icon_doomsday_icons_doomsday_milkcrate1_3759db1d,doomsday_icons,res://assets/tilesets/cyber_city_core_tilesets/Store_Items/Doomsday Icons/Doomsday Icons/MilkCrate1.png,MilkCrate1.png,individual_png,,512,512,"[20, 141, 489, 461]",53.072,READY_BOTH,doomsday,"[""warning_indicator"", ""scheme_card"", ""world_decal""]",TextureRect,icon_both,OccludableIcons,0.5,90,"Iconography asset; use for UI, badges, decals, signage, screen graphics, or markers.",
pvg_icon_doomsday_icons_doomsday_ministove1_df7590bd,doomsday_icons,res://assets/tilesets/cyber_city_core_tilesets/Store_Items/Doomsday Icons/Doomsday Icons/MiniStove1.png,MiniStove1.png,individual_png,,512,512,"[166, 52, 355, 475]",78.196,READY_BOTH,doomsday,"[""warning_indicator"", ""scheme_card"", ""world_decal""]",TextureRect,icon_both,OccludableIcons,0.5,90,"Iconography asset; use for UI, badges, decals, signage, screen graphics, or markers.",
pvg_icon_doomsday_icons_doomsday_mirrorbroken1_5ac7f4f5,doomsday_icons,res://assets/tilesets/cyber_city_core_tilesets/Store_Items/Doomsday Icons/Doomsday Icons/MirrorBroken1.png,MirrorBroken1.png,individual_png,,512,512,"[141, 70, 357, 422]",75.27,READY_BOTH,doomsday,"[""warning_indicator"", ""scheme_card"", ""world_decal""]",TextureRect,icon_both,OccludableIcons,0.5,90,"Iconography asset; use for UI, badges, decals, signage, screen graphics, or markers.",
pvg_icon_doomsday_icons_doomsday_mirrorbroken2_a6824ce4,doomsday_icons,res://assets/tilesets/cyber_city_core_tilesets/Store_Items/Doomsday Icons/Doomsday Icons/MirrorBroken2.png,MirrorBroken2.png,individual_png,,512,512,"[108, 7, 389, 497]",61.402,READY_BOTH,doomsday,"[""warning_indicator"", ""scheme_card"", ""world_decal""]",TextureRect,icon_both,OccludableIcons,0.5,90,"Iconography asset; use for UI, badges, decals, signage, screen graphics, or markers.",
pvg_icon_doomsday_icons_doomsday_missle1_7cdf091c,doomsday_icons,res://assets/tilesets/cyber_city_core_tilesets/Store_Items/Doomsday Icons/Doomsday Icons/Missle1.png,Missle1.png,individual_png,,512,512,"[31, 48, 454, 485]",84.167,READY_BOTH,doomsday,"[""warning_indicator"", ""scheme_card"", ""world_decal""]",TextureRect,icon_both,OccludableIcons,0.5,90,"Iconography asset; use for UI, badges, decals, signage, screen graphics, or markers.",
pvg_icon_doomsday_icons_doomsday_missle2_309b946e,doomsday_icons,res://assets/tilesets/cyber_city_core_tilesets/Store_Items/Doomsday Icons/Doomsday Icons/Missle2.png,Missle2.png,individual_png,,512,512,"[43, 48, 470, 471]",78.526,READY_BOTH,doomsday,"[""warning_indicator"", ""scheme_card"", ""world_decal""]",TextureRect,icon_both,OccludableIcons,0.5,90,"Iconography asset; use for UI, badges, decals, signage, screen graphics, or markers.",
pvg_icon_doomsday_icons_terminal_monitor1_0ef7ddf2,doomsday_icons,res://assets/tilesets/cyber_city_core_tilesets/Store_Items/Doomsday Icons/Doomsday Icons/Monitor1.png,Monitor1.png,individual_png,,512,512,"[63, 53, 465, 488]",45.421,READY_BOTH,terminal,"[""store_terminal"", ""screen_graphic"", ""terminal"", ""world_decal""]",TextureRect,icon_both,OccludableIcons,0.5,90,"Iconography asset; use for UI, badges, decals, signage, screen graphics, or markers.",
pvg_icon_doomsday_icons_terminal_monitor2_8d7ea592,doomsday_icons,res://assets/tilesets/cyber_city_core_tilesets/Store_Items/Doomsday Icons/Doomsday Icons/Monitor2.png,Monitor2.png,individual_png,,512,512,"[8, 134, 504, 388]",63.101,READY_BOTH,terminal,"[""store_terminal"", ""screen_graphic"", ""terminal"", ""world_decal""]",TextureRect,icon_both,OccludableIcons,0.5,90,"Iconography asset; use for UI, badges, decals, signage, screen graphics, or markers.",
pvg_icon_doomsday_icons_doomsday_mopandbucket1_e89e7503,doomsday_icons,res://assets/tilesets/cyber_city_core_tilesets/Store_Items/Doomsday Icons/Doomsday Icons/MopandBucket1.png,MopandBucket1.png,individual_png,,512,512,"[177, 3, 428, 493]",87.57,READY_BOTH,doomsday,"[""warning_indicator"", ""scheme_card"", ""world_decal""]",TextureRect,icon_both,OccludableIcons,0.5,90,"Iconography asset; use for UI, badges, decals, signage, screen graphics, or markers.",
pvg_icon_doomsday_icons_doomsday_newspaper1_820b1e64,doomsday_icons,res://assets/tilesets/cyber_city_core_tilesets/Store_Items/Doomsday Icons/Doomsday Icons/NewsPaper1.png,NewsPaper1.png,individual_png,,512,512,"[20, 62, 484, 466]",42.976,READY_BOTH,doomsday,"[""warning_indicator"", ""scheme_card"", ""world_decal""]",TextureRect,icon_both,OccludableIcons,0.5,90,"Iconography asset; use for UI, badges, decals, signage, screen graphics, or markers.",
pvg_icon_doomsday_icons_doomsday_newspaper2_9ceb6720,doomsday_icons,res://assets/tilesets/cyber_city_core_tilesets/Store_Items/Doomsday Icons/Doomsday Icons/NewsPaper2.png,NewsPaper2.png,individual_png,,512,512,"[56, 23, 463, 506]",33.246,READY_BOTH,doomsday,"[""warning_indicator"", ""scheme_card"", ""world_decal""]",TextureRect,icon_both,OccludableIcons,0.5,90,"Iconography asset; use for UI, badges, decals, signage, screen graphics, or markers.",
pvg_icon_doomsday_icons_doomsday_newspaperbox1_ed2a2f31,doomsday_icons,res://assets/tilesets/cyber_city_core_tilesets/Store_Items/Doomsday Icons/Doomsday Icons/NewspaperBox1.png,NewspaperBox1.png,individual_png,,512,512,"[90, 26, 424, 509]",49.031,READY_BOTH,doomsday,"[""warning_indicator"", ""scheme_card"", ""world_decal""]",TextureRect,icon_both,OccludableIcons,0.5,90,"Iconography asset; use for UI, badges, decals, signage, screen graphics, or markers.",
pvg_icon_doomsday_icons_doomsday_newspaperbox2_ee6667e6,doomsday_icons,res://assets/tilesets/cyber_city_core_tilesets/Store_Items/Doomsday Icons/Doomsday Icons/NewspaperBox2.png,NewspaperBox2.png,individual_png,,512,512,"[124, 5, 368, 506]",62.074,READY_BOTH,doomsday,"[""warning_indicator"", ""scheme_card"", ""world_decal""]",TextureRect,icon_both,OccludableIcons,0.5,90,"Iconography asset; use for UI, badges, decals, signage, screen graphics, or markers.",
pvg_icon_doomsday_icons_doomsday_oilcan1_fdd3ed96,doomsday_icons,res://assets/tilesets/cyber_city_core_tilesets/Store_Items/Doomsday Icons/Doomsday Icons/OilCan1.png,OilCan1.png,individual_png,,512,512,"[31, 22, 505, 455]",70.454,READY_BOTH,doomsday,"[""warning_indicator"", ""scheme_card"", ""world_decal""]",TextureRect,icon_both,OccludableIcons,0.5,90,"Iconography asset; use for UI, badges, decals, signage, screen graphics, or markers.",
pvg_icon_doomsday_icons_doomsday_oilcan2_227170a9,doomsday_icons,res://assets/tilesets/cyber_city_core_tilesets/Store_Items/Doomsday Icons/Doomsday Icons/OilCan2.png,OilCan2.png,individual_png,,512,512,"[100, 5, 361, 512]",70.404,READY_BOTH,doomsday,"[""warning_indicator"", ""scheme_card"", ""world_decal""]",TextureRect,icon_both,OccludableIcons,0.5,90,"Iconography asset; use for UI, badges, decals, signage, screen graphics, or markers.",
pvg_icon_doomsday_icons_doomsday_oven1_ddca208c,doomsday_icons,res://assets/tilesets/cyber_city_core_tilesets/Store_Items/Doomsday Icons/Doomsday Icons/Oven1.png,Oven1.png,individual_png,,512,512,"[78, 30, 449, 501]",41.428,READY_BOTH,doomsday,"[""warning_indicator"", ""scheme_card"", ""world_decal""]",TextureRect,icon_both,OccludableIcons,0.5,90,"Iconography asset; use for UI, badges, decals, signage, screen graphics, or markers.",
pvg_icon_doomsday_icons_doomsday_oxygentank1_f5256e27,doomsday_icons,res://assets/tilesets/cyber_city_core_tilesets/Store_Items/Doomsday Icons/Doomsday Icons/OxygenTank1.png,OxygenTank1.png,individual_png,,512,512,"[157, 5, 321, 503]",81.921,READY_BOTH,doomsday,"[""warning_indicator"", ""scheme_card"", ""world_decal""]",TextureRect,icon_both,OccludableIcons,0.5,90,"Iconography asset; use for UI, badges, decals, signage, screen graphics, or markers.",
pvg_icon_doomsday_icons_doomsday_paintbrush1_314eca85,doomsday_icons,res://assets/tilesets/cyber_city_core_tilesets/Store_Items/Doomsday Icons/Doomsday Icons/PaintBrush1.png,PaintBrush1.png,individual_png,,512,512,"[124, 16, 341, 491]",83.67,READY_BOTH,doomsday,"[""warning_indicator"", ""scheme_card"", ""world_decal""]",TextureRect,icon_both,OccludableIcons,0.5,90,"Iconography asset; use for UI, badges, decals, signage, screen graphics, or markers.",
pvg_icon_doomsday_icons_doomsday_paintbucket1_5e4a9d8f,doomsday_icons,res://assets/tilesets/cyber_city_core_tilesets/Store_Items/Doomsday Icons/Doomsday Icons/PaintBucket1.png,PaintBucket1.png,individual_png,,512,512,"[47, 55, 415, 481]",52.814,READY_BOTH,doomsday,"[""warning_indicator"", ""scheme_card"", ""world_decal""]",TextureRect,icon_both,OccludableIcons,0.5,90,"Iconography asset; use for UI, badges, decals, signage, screen graphics, or markers.",
pvg_icon_doomsday_icons_doomsday_paintcan1_7b4fd1ca,doomsday_icons,res://assets/tilesets/cyber_city_core_tilesets/Store_Items/Doomsday Icons/Doomsday Icons/PaintCan1.png,PaintCan1.png,individual_png,,512,512,"[131, 45, 361, 450]",74.336,READY_BOTH,doomsday,"[""warning_indicator"", ""scheme_card"", ""world_decal""]",TextureRect,icon_both,OccludableIcons,0.5,90,"Iconography asset; use for UI, badges, decals, signage, screen graphics, or markers.",
pvg_icon_doomsday_icons_doomsday_paintcan2_6e38882e,doomsday_icons,res://assets/tilesets/cyber_city_core_tilesets/Store_Items/Doomsday Icons/Doomsday Icons/PaintCan2.png,PaintCan2.png,individual_png,,512,512,"[92, 54, 456, 493]",48.414,READY_BOTH,doomsday,"[""warning_indicator"", ""scheme_card"", ""world_decal""]",TextureRect,icon_both,OccludableIcons,0.5,90,"Iconography asset; use for UI, badges, decals, signage, screen graphics, or markers.",
pvg_icon_doomsday_icons_doomsday_pallet1_4920a059,doomsday_icons,res://assets/tilesets/cyber_city_core_tilesets/Store_Items/Doomsday Icons/Doomsday Icons/Pallet1.png,Pallet1.png,individual_png,,512,512,"[5, 99, 509, 473]",63.527,READY_BOTH,doomsday,"[""warning_indicator"", ""scheme_card"", ""world_decal""]",TextureRect,icon_both,OccludableIcons,0.5,90,"Iconography asset; use for UI, badges, decals, signage, screen graphics, or markers.",
pvg_icon_doomsday_icons_doomsday_pallet_ammo1_29b2de7a,doomsday_icons,res://assets/tilesets/cyber_city_core_tilesets/Store_Items/Doomsday Icons/Doomsday Icons/Pallet_Ammo1.png,Pallet_Ammo1.png,individual_png,,512,512,"[3, 155, 509, 430]",64.187,READY_BOTH,doomsday,"[""warning_indicator"", ""scheme_card"", ""world_decal""]",TextureRect,icon_both,OccludableIcons,0.5,90,"Iconography asset; use for UI, badges, decals, signage, screen graphics, or markers.",
pvg_icon_doomsday_icons_doomsday_palletjack1_3407cfa0,doomsday_icons,res://assets/tilesets/cyber_city_core_tilesets/Store_Items/Doomsday Icons/Doomsday Icons/PalletJack1.png,PalletJack1.png,individual_png,,512,512,"[100, 12, 463, 502]",87.91,READY_BOTH,doomsday,"[""warning_indicator"", ""scheme_card"", ""world_decal""]",TextureRect,icon_both,OccludableIcons,0.5,90,"Iconography asset; use for UI, badges, decals, signage, screen graphics, or markers.",
pvg_icon_doomsday_icons_doomsday_pamphlets1_f99b3108,doomsday_icons,res://assets/tilesets/cyber_city_core_tilesets/Store_Items/Doomsday Icons/Doomsday Icons/Pamphlets1.png,Pamphlets1.png,individual_png,,512,512,"[126, 43, 341, 428]",75.534,READY_BOTH,doomsday,"[""warning_indicator"", ""scheme_card"", ""world_decal""]",TextureRect,icon_both,OccludableIcons,0.5,90,"Iconography asset; use for UI, badges, decals, signage, screen graphics, or markers.",
pvg_icon_doomsday_icons_doomsday_pan1_08367432,doomsday_icons,res://assets/tilesets/cyber_city_core_tilesets/Store_Items/Doomsday Icons/Doomsday Icons/Pan1.png,Pan1.png,individual_png,,512,512,"[68, 139, 460, 419]",73.137,READY_BOTH,doomsday,"[""warning_indicator"", ""scheme_card"", ""world_decal""]",TextureRect,icon_both,OccludableIcons,0.5,90,"Iconography asset; use for UI, badges, decals, signage, screen graphics, or markers.",
pvg_icon_doomsday_icons_doomsday_pan2_063c91b5,doomsday_icons,res://assets/tilesets/cyber_city_core_tilesets/Store_Items/Doomsday Icons/Doomsday Icons/Pan2.png,Pan2.png,individual_png,,512,512,"[70, 164, 465, 471]",64.53,READY_BOTH,doomsday,"[""warning_indicator"", ""scheme_card"", ""world_decal""]",TextureRect,icon_both,OccludableIcons,0.5,90,"Iconography asset; use for UI, badges, decals, signage, screen graphics, or markers.",
pvg_icon_doomsday_icons_doomsday_pan3_134dacab,doomsday_icons,res://assets/tilesets/cyber_city_core_tilesets/Store_Items/Doomsday Icons/Doomsday Icons/Pan3.png,Pan3.png,individual_png,,512,512,"[10, 150, 460, 431]",70.585,READY_BOTH,doomsday,"[""warning_indicator"", ""scheme_card"", ""world_decal""]",TextureRect,icon_both,OccludableIcons,0.5,90,"Iconography asset; use for UI, badges, decals, signage, screen graphics, or markers.",
pvg_icon_doomsday_icons_doomsday_pan4_05c0cad4,doomsday_icons,res://assets/tilesets/cyber_city_core_tilesets/Store_Items/Doomsday Icons/Doomsday Icons/Pan4.png,Pan4.png,individual_png,,512,512,"[15, 181, 498, 404]",71.271,READY_BOTH,doomsday,"[""warning_indicator"", ""scheme_card"", ""world_decal""]",TextureRect,icon_both,OccludableIcons,0.5,90,"Iconography asset; use for UI, badges, decals, signage, screen graphics, or markers.",
pvg_icon_doomsday_icons_doomsday_pan5_eb3f275b,doomsday_icons,res://assets/tilesets/cyber_city_core_tilesets/Store_Items/Doomsday Icons/Doomsday Icons/Pan5.png,Pan5.png,individual_png,,512,512,"[11, 121, 499, 417]",70.679,READY_BOTH,doomsday,"[""warning_indicator"", ""scheme_card"", ""world_decal""]",TextureRect,icon_both,OccludableIcons,0.5,90,"Iconography asset; use for UI, badges, decals, signage, screen graphics, or markers.",
pvg_icon_doomsday_icons_doomsday_paper1_4ceb11bb,doomsday_icons,res://assets/tilesets/cyber_city_core_tilesets/Store_Items/Doomsday Icons/Doomsday Icons/Paper1.png,Paper1.png,individual_png,,512,512,"[36, 218, 476, 396]",84.055,READY_BOTH,doomsday,"[""warning_indicator"", ""scheme_card"", ""world_decal""]",TextureRect,icon_both,OccludableIcons,0.5,90,"Iconography asset; use for UI, badges, decals, signage, screen graphics, or markers.",
pvg_icon_doomsday_icons_doomsday_paper2_3975bbb5,doomsday_icons,res://assets/tilesets/cyber_city_core_tilesets/Store_Items/Doomsday Icons/Doomsday Icons/Paper2.png,Paper2.png,individual_png,,512,512,"[14, 153, 444, 408]",71.408,READY_BOTH,doomsday,"[""warning_indicator"", ""scheme_card"", ""world_decal""]",TextureRect,icon_both,OccludableIcons,0.5,90,"Iconography asset; use for UI, badges, decals, signage, screen graphics, or markers.",
pvg_icon_doomsday_icons_doomsday_paper3_e75d38ce,doomsday_icons,res://assets/tilesets/cyber_city_core_tilesets/Store_Items/Doomsday Icons/Doomsday Icons/Paper3.png,Paper3.png,individual_png,,512,512,"[6, 244, 504, 394]",84.718,READY_BOTH,doomsday,"[""warning_indicator"", ""scheme_card"", ""world_decal""]",TextureRect,icon_both,OccludableIcons,0.5,90,"Iconography asset; use for UI, badges, decals, signage, screen graphics, or markers.",
pvg_icon_doomsday_icons_doomsday_patchworkcloth1_a20f04be,doomsday_icons,res://assets/tilesets/cyber_city_core_tilesets/Store_Items/Doomsday Icons/Doomsday Icons/PatchworkCloth1.png,PatchworkCloth1.png,individual_png,,512,512,"[142, 3, 378, 495]",68.877,READY_BOTH,doomsday,"[""warning_indicator"", ""scheme_card"", ""world_decal""]",TextureRect,icon_both,OccludableIcons,0.5,90,"Iconography asset; use for UI, badges, decals, signage, screen graphics, or markers.",
pvg_icon_doomsday_icons_doomsday_phone1_fb27d7ee,doomsday_icons,res://assets/tilesets/cyber_city_core_tilesets/Store_Items/Doomsday Icons/Doomsday Icons/Phone1.png,Phone1.png,individual_png,,512,512,"[67, 92, 442, 479]",71.699,READY_BOTH,doomsday,"[""warning_indicator"", ""scheme_card"", ""world_decal""]",TextureRect,icon_both,OccludableIcons,0.5,90,"Iconography asset; use for UI, badges, decals, signage, screen graphics, or markers.",
pvg_icon_doomsday_icons_doomsday_phone2_448ba652,doomsday_icons,res://assets/tilesets/cyber_city_core_tilesets/Store_Items/Doomsday Icons/Doomsday Icons/Phone2.png,Phone2.png,individual_png,,512,512,"[145, 22, 406, 493]",73.057,READY_BOTH,doomsday,"[""warning_indicator"", ""scheme_card"", ""world_decal""]",TextureRect,icon_both,OccludableIcons,0.5,90,"Iconography asset; use for UI, badges, decals, signage, screen graphics, or markers.",
pvg_icon_doomsday_icons_doomsday_phone_old1_1d9fb93e,doomsday_icons,res://assets/tilesets/cyber_city_core_tilesets/Store_Items/Doomsday Icons/Doomsday Icons/Phone_Old1.png,Phone_Old1.png,individual_png,,512,512,"[18, 75, 447, 486]",70.481,READY_BOTH,doomsday,"[""warning_indicator"", ""scheme_card"", ""world_decal""]",TextureRect,icon_both,OccludableIcons,0.5,90,"Iconography asset; use for UI, badges, decals, signage, screen graphics, or markers.",
pvg_icon_doomsday_icons_doomsday_pickaxe1_e77713d4,doomsday_icons,res://assets/tilesets/cyber_city_core_tilesets/Store_Items/Doomsday Icons/Doomsday Icons/Pickaxe1.png,Pickaxe1.png,individual_png,,512,512,"[9, 16, 489, 493]",89.121,READY_BOTH,doomsday,"[""warning_indicator"", ""scheme_card"", ""world_decal""]",TextureRect,icon_both,OccludableIcons,0.5,90,"Iconography asset; use for UI, badges, decals, signage, screen graphics, or markers.",
pvg_icon_doomsday_icons_doomsday_picture1_de0f56b1,doomsday_icons,res://assets/tilesets/cyber_city_core_tilesets/Store_Items/Doomsday Icons/Doomsday Icons/Picture1.png,Picture1.png,individual_png,,512,512,"[85, 70, 442, 427]",58.99,READY_BOTH,doomsday,"[""warning_indicator"", ""scheme_card"", ""world_decal""]",TextureRect,icon_both,OccludableIcons,0.5,90,"Iconography asset; use for UI, badges, decals, signage, screen graphics, or markers.",
pvg_icon_doomsday_icons_doomsday_picture2_3f3d44ec,doomsday_icons,res://assets/tilesets/cyber_city_core_tilesets/Store_Items/Doomsday Icons/Doomsday Icons/Picture2.png,Picture2.png,individual_png,,512,512,"[57, 100, 465, 435]",53.697,READY_BOTH,doomsday,"[""warning_indicator"", ""scheme_card"", ""world_decal""]",TextureRect,icon_both,OccludableIcons,0.5,90,"Iconography asset; use for UI, badges, decals, signage, screen graphics, or markers.",
pvg_icon_doomsday_icons_doomsday_picture3_e893c5dc,doomsday_icons,res://assets/tilesets/cyber_city_core_tilesets/Store_Items/Doomsday Icons/Doomsday Icons/Picture3.png,Picture3.png,individual_png,,512,512,"[145, 38, 411, 491]",59.193,READY_BOTH,doomsday,"[""warning_indicator"", ""scheme_card"", ""world_decal""]",TextureRect,icon_both,OccludableIcons,0.5,90,"Iconography asset; use for UI, badges, decals, signage, screen graphics, or markers.",
pvg_icon_doomsday_icons_doomsday_picture4_17fbca89,doomsday_icons,res://assets/tilesets/cyber_city_core_tilesets/Store_Items/Doomsday Icons/Doomsday Icons/Picture4.png,Picture4.png,individual_png,,512,512,"[55, 43, 482, 463]",43.322,READY_BOTH,doomsday,"[""warning_indicator"", ""scheme_card"", ""world_decal""]",TextureRect,icon_both,OccludableIcons,0.5,90,"Iconography asset; use for UI, badges, decals, signage, screen graphics, or markers.",
pvg_icon_doomsday_icons_doomsday_picture5_21b5dc9c,doomsday_icons,res://assets/tilesets/cyber_city_core_tilesets/Store_Items/Doomsday Icons/Doomsday Icons/Picture5.png,Picture5.png,individual_png,,512,512,"[39, 28, 486, 486]",33.184,READY_BOTH,doomsday,"[""warning_indicator"", ""scheme_card"", ""world_decal""]",TextureRect,icon_both,OccludableIcons,0.5,90,"Iconography asset; use for UI, badges, decals, signage, screen graphics, or markers.",
pvg_icon_doomsday_icons_doomsday_picture6_327368e7,doomsday_icons,res://assets/tilesets/cyber_city_core_tilesets/Store_Items/Doomsday Icons/Doomsday Icons/Picture6.png,Picture6.png,individual_png,,512,512,"[31, 25, 477, 500]",31.776,READY_BOTH,doomsday,"[""warning_indicator"", ""scheme_card"", ""world_decal""]",TextureRect,icon_both,OccludableIcons,0.5,90,"Iconography asset; use for UI, badges, decals, signage, screen graphics, or markers.",
pvg_icon_doomsday_icons_health_pillow1_c0bf4b13,doomsday_icons,res://assets/tilesets/cyber_city_core_tilesets/Store_Items/Doomsday Icons/Doomsday Icons/Pillow1.png,Pillow1.png,individual_png,,512,512,"[32, 82, 490, 450]",70.382,READY_UI_ICON,health,"[""inventory_icon"", ""pause_menu"", ""storefront_item""]",TextureRect,icon_ui,BehindPlayerIcons,0.5,-120,"Iconography asset; use for UI, badges, decals, signage, screen graphics, or markers.",World stamping of UI-first icons may look like a flat sticker.
pvg_icon_doomsday_icons_health_pillow2_35f52891,doomsday_icons,res://assets/tilesets/cyber_city_core_tilesets/Store_Items/Doomsday Icons/Doomsday Icons/Pillow2.png,Pillow2.png,individual_png,,512,512,"[6, 142, 507, 427]",72.927,READY_UI_ICON,health,"[""inventory_icon"", ""pause_menu"", ""storefront_item""]",TextureRect,icon_ui,BehindPlayerIcons,0.5,-120,"Iconography asset; use for UI, badges, decals, signage, screen graphics, or markers.",World stamping of UI-first icons may look like a flat sticker.
pvg_icon_doomsday_icons_health_pillow3_8b40a4af,doomsday_icons,res://assets/tilesets/cyber_city_core_tilesets/Store_Items/Doomsday Icons/Doomsday Icons/Pillow3.png,Pillow3.png,individual_png,,512,512,"[3, 141, 508, 415]",63.374,READY_UI_ICON,health,"[""inventory_icon"", ""pause_menu"", ""storefront_item""]",TextureRect,icon_ui,BehindPlayerIcons,0.5,-120,"Iconography asset; use for UI, badges, decals, signage, screen graphics, or markers.",World stamping of UI-first icons may look like a flat sticker.
pvg_icon_doomsday_icons_doomsday_plant1_9c44e7f4,doomsday_icons,res://assets/tilesets/cyber_city_core_tilesets/Store_Items/Doomsday Icons/Doomsday Icons/Plant1.png,Plant1.png,individual_png,,512,512,"[64, 70, 491, 432]",72.755,READY_BOTH,doomsday,"[""warning_indicator"", ""scheme_card"", ""world_decal""]",TextureRect,icon_both,OccludableIcons,0.5,90,"Iconography asset; use for UI, badges, decals, signage, screen graphics, or markers.",
pvg_icon_doomsday_icons_doomsday_plant10_e13544a1,doomsday_icons,res://assets/tilesets/cyber_city_core_tilesets/Store_Items/Doomsday Icons/Doomsday Icons/Plant10.png,Plant10.png,individual_png,,512,512,"[161, 41, 433, 481]",84.578,READY_BOTH,doomsday,"[""warning_indicator"", ""scheme_card"", ""world_decal""]",TextureRect,icon_both,OccludableIcons,0.5,90,"Iconography asset; use for UI, badges, decals, signage, screen graphics, or markers.",
pvg_icon_doomsday_icons_doomsday_plant11_2be79f7a,doomsday_icons,res://assets/tilesets/cyber_city_core_tilesets/Store_Items/Doomsday Icons/Doomsday Icons/Plant11.png,Plant11.png,individual_png,,512,512,"[92, 75, 419, 473]",94.135,READY_BOTH,doomsday,"[""warning_indicator"", ""scheme_card"", ""world_decal""]",TextureRect,icon_both,OccludableIcons,0.5,90,"Iconography asset; use for UI, badges, decals, signage, screen graphics, or markers.",
pvg_icon_doomsday_icons_doomsday_plant2_9b49d78e,doomsday_icons,res://assets/tilesets/cyber_city_core_tilesets/Store_Items/Doomsday Icons/Doomsday Icons/Plant2.png,Plant2.png,individual_png,,512,512,"[71, 39, 493, 426]",76.351,READY_BOTH,doomsday,"[""warning_indicator"", ""scheme_card"", ""world_decal""]",TextureRect,icon_both,OccludableIcons,0.5,90,"Iconography asset; use for UI, badges, decals, signage, screen graphics, or markers.",
pvg_icon_doomsday_icons_doomsday_plant3_b9254b88,doomsday_icons,res://assets/tilesets/cyber_city_core_tilesets/Store_Items/Doomsday Icons/Doomsday Icons/Plant3.png,Plant3.png,individual_png,,512,512,"[13, 95, 499, 409]",69.745,READY_BOTH,doomsday,"[""warning_indicator"", ""scheme_card"", ""world_decal""]",TextureRect,icon_both,OccludableIcons,0.5,90,"Iconography asset; use for UI, badges, decals, signage, screen graphics, or markers.",
pvg_icon_doomsday_icons_doomsday_plant4_7f4a8177,doomsday_icons,res://assets/tilesets/cyber_city_core_tilesets/Store_Items/Doomsday Icons/Doomsday Icons/Plant4.png,Plant4.png,individual_png,,512,512,"[23, 195, 496, 372]",91.248,READY_BOTH,doomsday,"[""warning_indicator"", ""scheme_card"", ""world_decal""]",TextureRect,icon_both,OccludableIcons,0.5,90,"Iconography asset; use for UI, badges, decals, signage, screen graphics, or markers.",
pvg_icon_doomsday_icons_doomsday_plant5_abd0f90d,doomsday_icons,res://assets/tilesets/cyber_city_core_tilesets/Store_Items/Doomsday Icons/Doomsday Icons/Plant5.png,Plant5.png,individual_png,,512,512,"[18, 142, 512, 479]",74.168,READY_BOTH,doomsday,"[""warning_indicator"", ""scheme_card"", ""world_decal""]",TextureRect,icon_both,OccludableIcons,0.5,90,"Iconography asset; use for UI, badges, decals, signage, screen graphics, or markers.",
pvg_icon_doomsday_icons_doomsday_plant6_22974227,doomsday_icons,res://assets/tilesets/cyber_city_core_tilesets/Store_Items/Doomsday Icons/Doomsday Icons/Plant6.png,Plant6.png,individual_png,,512,512,"[19, 49, 504, 449]",70.538,READY_BOTH,doomsday,"[""warning_indicator"", ""scheme_card"", ""world_decal""]",TextureRect,icon_both,OccludableIcons,0.5,90,"Iconography asset; use for UI, badges, decals, signage, screen graphics, or markers.",
pvg_icon_doomsday_icons_doomsday_plant7_9d177bed,doomsday_icons,res://assets/tilesets/cyber_city_core_tilesets/Store_Items/Doomsday Icons/Doomsday Icons/Plant7.png,Plant7.png,individual_png,,512,512,"[26, 149, 511, 422]",74.92,READY_BOTH,doomsday,"[""warning_indicator"", ""scheme_card"", ""world_decal""]",TextureRect,icon_both,OccludableIcons,0.5,90,"Iconography asset; use for UI, badges, decals, signage, screen graphics, or markers.",
pvg_icon_doomsday_icons_doomsday_plant8_915f41b9,doomsday_icons,res://assets/tilesets/cyber_city_core_tilesets/Store_Items/Doomsday Icons/Doomsday Icons/Plant8.png,Plant8.png,individual_png,,512,512,"[0, 108, 509, 432]",86.44,READY_BOTH,doomsday,"[""warning_indicator"", ""scheme_card"", ""world_decal""]",TextureRect,icon_both,OccludableIcons,0.5,90,"Iconography asset; use for UI, badges, decals, signage, screen graphics, or markers.",
pvg_icon_doomsday_icons_doomsday_plant9_c960828b,doomsday_icons,res://assets/tilesets/cyber_city_core_tilesets/Store_Items/Doomsday Icons/Doomsday Icons/Plant9.png,Plant9.png,individual_png,,512,512,"[97, 2, 420, 470]",87.516,READY_BOTH,doomsday,"[""warning_indicator"", ""scheme_card"", ""world_decal""]",TextureRect,icon_both,OccludableIcons,0.5,90,"Iconography asset; use for UI, badges, decals, signage, screen graphics, or markers.",
pvg_icon_doomsday_icons_doomsday_plate1_875b47d8,doomsday_icons,res://assets/tilesets/cyber_city_core_tilesets/Store_Items/Doomsday Icons/Doomsday Icons/Plate1.png,Plate1.png,individual_png,,512,512,"[87, 177, 423, 350]",84.08,READY_BOTH,doomsday,"[""warning_indicator"", ""scheme_card"", ""world_decal""]",TextureRect,icon_both,OccludableIcons,0.5,90,"Iconography asset; use for UI, badges, decals, signage, screen graphics, or markers.",
pvg_icon_doomsday_icons_doomsday_plate2_c4f71726,doomsday_icons,res://assets/tilesets/cyber_city_core_tilesets/Store_Items/Doomsday Icons/Doomsday Icons/Plate2.png,Plate2.png,individual_png,,512,512,"[61, 188, 451, 404]",75.701,READY_BOTH,doomsday,"[""warning_indicator"", ""scheme_card"", ""world_decal""]",TextureRect,icon_both,OccludableIcons,0.5,90,"Iconography asset; use for UI, badges, decals, signage, screen graphics, or markers.",
pvg_icon_doomsday_icons_doomsday_plate3_a1a30ea5,doomsday_icons,res://assets/tilesets/cyber_city_core_tilesets/Store_Items/Doomsday Icons/Doomsday Icons/Plate3.png,Plate3.png,individual_png,,512,512,"[22, 190, 503, 419]",67.872,READY_BOTH,doomsday,"[""warning_indicator"", ""scheme_card"", ""world_decal""]",TextureRect,icon_both,OccludableIcons,0.5,90,"Iconography asset; use for UI, badges, decals, signage, screen graphics, or markers.",
pvg_icon_doomsday_icons_doomsday_plate4_9737b79f,doomsday_icons,res://assets/tilesets/cyber_city_core_tilesets/Store_Items/Doomsday Icons/Doomsday Icons/Plate4.png,Plate4.png,individual_png,,512,512,"[7, 186, 504, 427]",64.784,READY_BOTH,doomsday,"[""warning_indicator"", ""scheme_card"", ""world_decal""]",TextureRect,icon_both,OccludableIcons,0.5,90,"Iconography asset; use for UI, badges, decals, signage, screen graphics, or markers.",
pvg_icon_doomsday_icons_doomsday_plywood1_807d054c,doomsday_icons,res://assets/tilesets/cyber_city_core_tilesets/Store_Items/Doomsday Icons/Doomsday Icons/Plywood1.png,Plywood1.png,individual_png,,512,512,"[22, 23, 472, 490]",34.066,READY_BOTH,doomsday,"[""warning_indicator"", ""scheme_card"", ""world_decal""]",TextureRect,icon_both,OccludableIcons,0.5,90,"Iconography asset; use for UI, badges, decals, signage, screen graphics, or markers.",
pvg_icon_doomsday_icons_doomsday_portableheater1_874fdd97,doomsday_icons,res://assets/tilesets/cyber_city_core_tilesets/Store_Items/Doomsday Icons/Doomsday Icons/PortableHeater1.png,PortableHeater1.png,individual_png,,512,512,"[57, 8, 414, 503]",64.434,READY_BOTH,doomsday,"[""warning_indicator"", ""scheme_card"", ""world_decal""]",TextureRect,icon_both,OccludableIcons,0.5,90,"Iconography asset; use for UI, badges, decals, signage, screen graphics, or markers.",
pvg_icon_doomsday_icons_doomsday_portablelight1_57f7d7f1,doomsday_icons,res://assets/tilesets/cyber_city_core_tilesets/Store_Items/Doomsday Icons/Doomsday Icons/PortableLight1.png,PortableLight1.png,individual_png,,512,512,"[137, 1, 355, 504]",90.474,READY_BOTH,doomsday,"[""warning_indicator"", ""scheme_card"", ""world_decal""]",TextureRect,icon_both,OccludableIcons,0.5,90,"Iconography asset; use for UI, badges, decals, signage, screen graphics, or markers.",
pvg_icon_doomsday_icons_decor_poster1_1819112b,doomsday_icons,res://assets/tilesets/cyber_city_core_tilesets/Store_Items/Doomsday Icons/Doomsday Icons/Poster1.png,Poster1.png,individual_png,,512,512,"[101, 28, 400, 461]",56.976,READY_BOTH,decor,"[""signage"", ""wall_sticker"", ""world_decal""]",TextureRect,icon_both,OccludableIcons,0.5,90,"Iconography asset; use for UI, badges, decals, signage, screen graphics, or markers.",
pvg_icon_doomsday_icons_decor_poster2_fcf81c7e,doomsday_icons,res://assets/tilesets/cyber_city_core_tilesets/Store_Items/Doomsday Icons/Doomsday Icons/Poster2.png,Poster2.png,individual_png,,512,512,"[81, 11, 463, 505]",36.144,READY_BOTH,decor,"[""signage"", ""wall_sticker"", ""world_decal""]",TextureRect,icon_both,OccludableIcons,0.5,90,"Iconography asset; use for UI, badges, decals, signage, screen graphics, or markers.",
pvg_icon_doomsday_icons_decor_poster3_6dcad03f,doomsday_icons,res://assets/tilesets/cyber_city_core_tilesets/Store_Items/Doomsday Icons/Doomsday Icons/Poster3.png,Poster3.png,individual_png,,512,512,"[7, 59, 496, 456]",38.007,READY_BOTH,decor,"[""signage"", ""wall_sticker"", ""world_decal""]",TextureRect,icon_both,OccludableIcons,0.5,90,"Iconography asset; use for UI, badges, decals, signage, screen graphics, or markers.",
pvg_icon_doomsday_icons_doomsday_pot1_f6428bab,doomsday_icons,res://assets/tilesets/cyber_city_core_tilesets/Store_Items/Doomsday Icons/Doomsday Icons/Pot1.png,Pot1.png,individual_png,,512,512,"[14, 113, 502, 464]",55.098,READY_BOTH,doomsday,"[""warning_indicator"", ""scheme_card"", ""world_decal""]",TextureRect,icon_both,OccludableIcons,0.5,90,"Iconography asset; use for UI, badges, decals, signage, screen graphics, or markers.",
pvg_icon_doomsday_icons_doomsday_propanetank1_afd4da29,doomsday_icons,res://assets/tilesets/cyber_city_core_tilesets/Store_Items/Doomsday Icons/Doomsday Icons/PropaneTank1.png,PropaneTank1.png,individual_png,,512,512,"[89, 23, 415, 492]",68.825,READY_BOTH,doomsday,"[""warning_indicator"", ""scheme_card"", ""world_decal""]",TextureRect,icon_both,OccludableIcons,0.5,90,"Iconography asset; use for UI, badges, decals, signage, screen graphics, or markers.",
pvg_icon_doomsday_icons_doomsday_quarantinebed1_681816ff,doomsday_icons,res://assets/tilesets/cyber_city_core_tilesets/Store_Items/Doomsday Icons/Doomsday Icons/QuarantineBed1.png,QuarantineBed1.png,individual_png,,512,512,"[6, 9, 511, 461]",66.827,READY_BOTH,doomsday,"[""warning_indicator"", ""scheme_card"", ""world_decal""]",TextureRect,icon_both,OccludableIcons,0.5,90,"Iconography asset; use for UI, badges, decals, signage, screen graphics, or markers.",
pvg_icon_doomsday_icons_doomsday_rackmountcrate1_74d3c571,doomsday_icons,res://assets/tilesets/cyber_city_core_tilesets/Store_Items/Doomsday Icons/Doomsday Icons/RackMountCrate1.png,RackMountCrate1.png,individual_png,,512,512,"[7, 91, 509, 466]",40.067,READY_BOTH,doomsday,"[""warning_indicator"", ""scheme_card"", ""world_decal""]",TextureRect,icon_both,OccludableIcons,0.5,90,"Iconography asset; use for UI, badges, decals, signage, screen graphics, or markers.",
pvg_icon_doomsday_icons_doomsday_radio1_b59ea182,doomsday_icons,res://assets/tilesets/cyber_city_core_tilesets/Store_Items/Doomsday Icons/Doomsday Icons/Radio1.png,Radio1.png,individual_png,,512,512,"[16, 65, 481, 462]",57.441,READY_BOTH,doomsday,"[""warning_indicator"", ""scheme_card"", ""world_decal""]",TextureRect,icon_both,OccludableIcons,0.5,90,"Iconography asset; use for UI, badges, decals, signage, screen graphics, or markers.",
pvg_icon_doomsday_icons_doomsday_radio2_d260786a,doomsday_icons,res://assets/tilesets/cyber_city_core_tilesets/Store_Items/Doomsday Icons/Doomsday Icons/Radio2.png,Radio2.png,individual_png,,512,512,"[7, 190, 499, 406]",66.253,READY_BOTH,doomsday,"[""warning_indicator"", ""scheme_card"", ""world_decal""]",TextureRect,icon_both,OccludableIcons,0.5,90,"Iconography asset; use for UI, badges, decals, signage, screen graphics, or markers.",
pvg_icon_doomsday_icons_doomsday_radio3_577fd0e8,doomsday_icons,res://assets/tilesets/cyber_city_core_tilesets/Store_Items/Doomsday Icons/Doomsday Icons/Radio3.png,Radio3.png,individual_png,,512,512,"[16, 125, 492, 445]",52.523,READY_BOTH,doomsday,"[""warning_indicator"", ""scheme_card"", ""world_decal""]",TextureRect,icon_both,OccludableIcons,0.5,90,"Iconography asset; use for UI, badges, decals, signage, screen graphics, or markers.",
pvg_icon_doomsday_icons_doomsday_radio4_ad9debb1,doomsday_icons,res://assets/tilesets/cyber_city_core_tilesets/Store_Items/Doomsday Icons/Doomsday Icons/Radio4.png,Radio4.png,individual_png,,512,512,"[3, 166, 509, 403]",61.826,READY_BOTH,doomsday,"[""warning_indicator"", ""scheme_card"", ""world_decal""]",TextureRect,icon_both,OccludableIcons,0.5,90,"Iconography asset; use for UI, badges, decals, signage, screen graphics, or markers.",
pvg_icon_doomsday_icons_doomsday_radio5_78ab685d,doomsday_icons,res://assets/tilesets/cyber_city_core_tilesets/Store_Items/Doomsday Icons/Doomsday Icons/Radio5.png,Radio5.png,individual_png,,512,512,"[99, 6, 453, 448]",68.296,READY_BOTH,doomsday,"[""warning_indicator"", ""scheme_card"", ""world_decal""]",TextureRect,icon_both,OccludableIcons,0.5,90,"Iconography asset; use for UI, badges, decals, signage, screen graphics, or markers.",
pvg_icon_doomsday_icons_doomsday_radio6_422beada,doomsday_icons,res://assets/tilesets/cyber_city_core_tilesets/Store_Items/Doomsday Icons/Doomsday Icons/Radio6.png,Radio6.png,individual_png,,512,512,"[0, 41, 488, 426]",68.308,READY_BOTH,doomsday,"[""warning_indicator"", ""scheme_card"", ""world_decal""]",TextureRect,icon_both,OccludableIcons,0.5,90,"Iconography asset; use for UI, badges, decals, signage, screen graphics, or markers.",
pvg_icon_doomsday_icons_doomsday_raiderbed1_f5b9dc8d,doomsday_icons,res://assets/tilesets/cyber_city_core_tilesets/Store_Items/Doomsday Icons/Doomsday Icons/RaiderBed1.png,RaiderBed1.png,individual_png,,512,512,"[47, 31, 455, 493]",65.101,READY_BOTH,doomsday,"[""warning_indicator"", ""scheme_card"", ""world_decal""]",TextureRect,icon_both,OccludableIcons,0.5,90,"Iconography asset; use for UI, badges, decals, signage, screen graphics, or markers.",
pvg_icon_doomsday_icons_doomsday_raidercollar1_44a26626,doomsday_icons,res://assets/tilesets/cyber_city_core_tilesets/Store_Items/Doomsday Icons/Doomsday Icons/RaiderCollar1.png,RaiderCollar1.png,individual_png,,512,512,"[0, 137, 498, 329]",81.414,READY_BOTH,doomsday,"[""warning_indicator"", ""scheme_card"", ""world_decal""]",TextureRect,icon_both,OccludableIcons,0.5,90,"Iconography asset; use for UI, badges, decals, signage, screen graphics, or markers.",
pvg_icon_doomsday_icons_doomsday_ration1_9c8088e0,doomsday_icons,res://assets/tilesets/cyber_city_core_tilesets/Store_Items/Doomsday Icons/Doomsday Icons/Ration1.png,Ration1.png,individual_png,,512,512,"[78, 45, 440, 467]",70.762,READY_BOTH,doomsday,"[""warning_indicator"", ""scheme_card"", ""world_decal""]",TextureRect,icon_both,OccludableIcons,0.5,90,"Iconography asset; use for UI, badges, decals, signage, screen graphics, or markers.",
pvg_icon_doomsday_icons_tech_razorwire1_744bfb85,doomsday_icons,res://assets/tilesets/cyber_city_core_tilesets/Store_Items/Doomsday Icons/Doomsday Icons/RazorWire1.png,RazorWire1.png,individual_png,,512,512,"[0, 0, 512, 512]",76.458,READY_BOTH,tech,"[""screen_graphic"", ""scheme_card"", ""inventory_icon"", ""world_decal""]",TextureRect,icon_both,OccludableIcons,0.5,90,"Iconography asset; use for UI, badges, decals, signage, screen graphics, or markers.",
pvg_icon_doomsday_icons_doomsday_rock1_e90d071c,doomsday_icons,res://assets/tilesets/cyber_city_core_tilesets/Store_Items/Doomsday Icons/Doomsday Icons/Rock1.png,Rock1.png,individual_png,,512,512,"[48, 72, 465, 437]",59.078,READY_BOTH,doomsday,"[""warning_indicator"", ""scheme_card"", ""world_decal""]",TextureRect,icon_both,OccludableIcons,0.5,90,"Iconography asset; use for UI, badges, decals, signage, screen graphics, or markers.",
pvg_icon_doomsday_icons_doomsday_rock2_56c8590f,doomsday_icons,res://assets/tilesets/cyber_city_core_tilesets/Store_Items/Doomsday Icons/Doomsday Icons/Rock2.png,Rock2.png,individual_png,,512,512,"[14, 57, 491, 438]",51.439,READY_BOTH,doomsday,"[""warning_indicator"", ""scheme_card"", ""world_decal""]",TextureRect,icon_both,OccludableIcons,0.5,90,"Iconography asset; use for UI, badges, decals, signage, screen graphics, or markers.",
pvg_icon_doomsday_icons_doomsday_sandbag1_94d442f4,doomsday_icons,res://assets/tilesets/cyber_city_core_tilesets/Store_Items/Doomsday Icons/Doomsday Icons/Sandbag1.png,Sandbag1.png,individual_png,,512,512,"[15, 111, 505, 455]",67.053,READY_BOTH,doomsday,"[""warning_indicator"", ""scheme_card"", ""world_decal""]",TextureRect,icon_both,OccludableIcons,0.5,90,"Iconography asset; use for UI, badges, decals, signage, screen graphics, or markers.",
pvg_icon_doomsday_icons_doomsday_scrapmetal1_734f12ae,doomsday_icons,res://assets/tilesets/cyber_city_core_tilesets/Store_Items/Doomsday Icons/Doomsday Icons/ScrapMetal1.png,ScrapMetal1.png,individual_png,,512,512,"[57, 24, 476, 484]",62.324,READY_BOTH,doomsday,"[""warning_indicator"", ""scheme_card"", ""world_decal""]",TextureRect,icon_both,OccludableIcons,0.5,90,"Iconography asset; use for UI, badges, decals, signage, screen graphics, or markers.",
pvg_icon_doomsday_icons_doomsday_scrapmetal2_a149b490,doomsday_icons,res://assets/tilesets/cyber_city_core_tilesets/Store_Items/Doomsday Icons/Doomsday Icons/ScrapMetal2.png,ScrapMetal2.png,individual_png,,512,512,"[67, 7, 413, 510]",60.017,READY_BOTH,doomsday,"[""warning_indicator"", ""scheme_card"", ""world_decal""]",TextureRect,icon_both,OccludableIcons,0.5,90,"Iconography asset; use for UI, badges, decals, signage, screen graphics, or markers.",
pvg_icon_doomsday_icons_doomsday_sheet1_154a4cc1,doomsday_icons,res://assets/tilesets/cyber_city_core_tilesets/Store_Items/Doomsday Icons/Doomsday Icons/Sheet1.png,Sheet1.png,individual_png,,512,512,"[11, 18, 490, 504]",61.383,READY_BOTH,doomsday,"[""warning_indicator"", ""scheme_card"", ""world_decal""]",TextureRect,icon_both,OccludableIcons,0.5,90,"Iconography asset; use for UI, badges, decals, signage, screen graphics, or markers.",
pvg_icon_doomsday_icons_doomsday_shelf1_142cffbb,doomsday_icons,res://assets/tilesets/cyber_city_core_tilesets/Store_Items/Doomsday Icons/Doomsday Icons/Shelf1.png,Shelf1.png,individual_png,,512,512,"[80, 6, 390, 510]",67.937,READY_BOTH,doomsday,"[""warning_indicator"", ""scheme_card"", ""world_decal""]",TextureRect,icon_both,OccludableIcons,0.5,90,"Iconography asset; use for UI, badges, decals, signage, screen graphics, or markers.",
pvg_icon_doomsday_icons_doomsday_shelf2_c604f106,doomsday_icons,res://assets/tilesets/cyber_city_core_tilesets/Store_Items/Doomsday Icons/Doomsday Icons/Shelf2.png,Shelf2.png,individual_png,,512,512,"[36, 2, 464, 504]",60.968,READY_BOTH,doomsday,"[""warning_indicator"", ""scheme_card"", ""world_decal""]",TextureRect,icon_both,OccludableIcons,0.5,90,"Iconography asset; use for UI, badges, decals, signage, screen graphics, or markers.",
pvg_icon_doomsday_icons_doomsday_shelter1_98c17514,doomsday_icons,res://assets/tilesets/cyber_city_core_tilesets/Store_Items/Doomsday Icons/Doomsday Icons/Shelter1.png,Shelter1.png,individual_png,,512,512,"[2, 121, 505, 398]",62.701,READY_BOTH,doomsday,"[""warning_indicator"", ""scheme_card"", ""world_decal""]",TextureRect,icon_both,OccludableIcons,0.5,90,"Iconography asset; use for UI, badges, decals, signage, screen graphics, or markers.",
pvg_icon_doomsday_icons_doomsday_shovel1_aa2ec90b,doomsday_icons,res://assets/tilesets/cyber_city_core_tilesets/Store_Items/Doomsday Icons/Doomsday Icons/Shovel1.png,Shovel1.png,individual_png,,512,512,"[6, 8, 501, 482]",85.061,READY_BOTH,doomsday,"[""warning_indicator"", ""scheme_card"", ""world_decal""]",TextureRect,icon_both,OccludableIcons,0.5,90,"Iconography asset; use for UI, badges, decals, signage, screen graphics, or markers.",
pvg_icon_doomsday_icons_doomsday_shovel2_d35a5e1c,doomsday_icons,res://assets/tilesets/cyber_city_core_tilesets/Store_Items/Doomsday Icons/Doomsday Icons/Shovel2.png,Shovel2.png,individual_png,,512,512,"[5, 23, 500, 492]",87.676,READY_BOTH,doomsday,"[""warning_indicator"", ""scheme_card"", ""world_decal""]",TextureRect,icon_both,OccludableIcons,0.5,90,"Iconography asset; use for UI, badges, decals, signage, screen graphics, or markers.",
pvg_icon_doomsday_icons_decor_sign1_24252856,doomsday_icons,res://assets/tilesets/cyber_city_core_tilesets/Store_Items/Doomsday Icons/Doomsday Icons/Sign1.png,Sign1.png,individual_png,,512,512,"[140, 91, 370, 428]",72.766,READY_BOTH,decor,"[""signage"", ""wall_sticker"", ""world_decal""]",TextureRect,icon_both,OccludableIcons,0.5,90,"Iconography asset; use for UI, badges, decals, signage, screen graphics, or markers.",
pvg_icon_doomsday_icons_decor_sign10_eb16411a,doomsday_icons,res://assets/tilesets/cyber_city_core_tilesets/Store_Items/Doomsday Icons/Doomsday Icons/Sign10.png,Sign10.png,individual_png,,512,512,"[59, 163, 445, 346]",76.748,READY_BOTH,decor,"[""signage"", ""wall_sticker"", ""world_decal""]",TextureRect,icon_both,OccludableIcons,0.5,90,"Iconography asset; use for UI, badges, decals, signage, screen graphics, or markers.",
pvg_icon_doomsday_icons_decor_sign11_00f6320d,doomsday_icons,res://assets/tilesets/cyber_city_core_tilesets/Store_Items/Doomsday Icons/Doomsday Icons/Sign11.png,Sign11.png,individual_png,,512,512,"[62, 89, 464, 400]",58.566,READY_BOTH,decor,"[""signage"", ""wall_sticker"", ""world_decal""]",TextureRect,icon_both,OccludableIcons,0.5,90,"Iconography asset; use for UI, badges, decals, signage, screen graphics, or markers.",
pvg_icon_doomsday_icons_decor_sign12_4e43daa6,doomsday_icons,res://assets/tilesets/cyber_city_core_tilesets/Store_Items/Doomsday Icons/Doomsday Icons/Sign12.png,Sign12.png,individual_png,,512,512,"[46, 68, 484, 413]",48.128,READY_BOTH,decor,"[""signage"", ""wall_sticker"", ""world_decal""]",TextureRect,icon_both,OccludableIcons,0.5,90,"Iconography asset; use for UI, badges, decals, signage, screen graphics, or markers.",
pvg_icon_doomsday_icons_decor_sign13_cbf54fd5,doomsday_icons,res://assets/tilesets/cyber_city_core_tilesets/Store_Items/Doomsday Icons/Doomsday Icons/Sign13.png,Sign13.png,individual_png,,512,512,"[102, 40, 381, 455]",60.254,READY_BOTH,decor,"[""signage"", ""wall_sticker"", ""world_decal""]",TextureRect,icon_both,OccludableIcons,0.5,90,"Iconography asset; use for UI, badges, decals, signage, screen graphics, or markers.",
pvg_icon_doomsday_icons_decor_sign14_8edfdb4c,doomsday_icons,res://assets/tilesets/cyber_city_core_tilesets/Store_Items/Doomsday Icons/Doomsday Icons/Sign14.png,Sign14.png,individual_png,,512,512,"[37, 197, 489, 379]",71.442,READY_BOTH,decor,"[""signage"", ""wall_sticker"", ""world_decal""]",TextureRect,icon_both,OccludableIcons,0.5,90,"Iconography asset; use for UI, badges, decals, signage, screen graphics, or markers.",
pvg_icon_doomsday_icons_decor_sign15_593903f7,doomsday_icons,res://assets/tilesets/cyber_city_core_tilesets/Store_Items/Doomsday Icons/Doomsday Icons/Sign15.png,Sign15.png,individual_png,,512,512,"[57, 104, 429, 398]",63.503,READY_BOTH,decor,"[""signage"", ""wall_sticker"", ""world_decal""]",TextureRect,icon_both,OccludableIcons,0.5,90,"Iconography asset; use for UI, badges, decals, signage, screen graphics, or markers.",
pvg_icon_doomsday_icons_decor_sign16_939b7270,doomsday_icons,res://assets/tilesets/cyber_city_core_tilesets/Store_Items/Doomsday Icons/Doomsday Icons/Sign16.png,Sign16.png,individual_png,,512,512,"[28, 99, 465, 408]",53.878,READY_BOTH,decor,"[""signage"", ""wall_sticker"", ""world_decal""]",TextureRect,icon_both,OccludableIcons,0.5,90,"Iconography asset; use for UI, badges, decals, signage, screen graphics, or markers.",
pvg_icon_doomsday_icons_decor_sign17_182d6ff8,doomsday_icons,res://assets/tilesets/cyber_city_core_tilesets/Store_Items/Doomsday Icons/Doomsday Icons/Sign17.png,Sign17.png,individual_png,,512,512,"[6, 97, 504, 419]",45.082,READY_BOTH,decor,"[""signage"", ""wall_sticker"", ""world_decal""]",TextureRect,icon_both,OccludableIcons,0.5,90,"Iconography asset; use for UI, badges, decals, signage, screen graphics, or markers.",
pvg_icon_doomsday_icons_decor_sign18_e2d85c49,doomsday_icons,res://assets/tilesets/cyber_city_core_tilesets/Store_Items/Doomsday Icons/Doomsday Icons/Sign18.png,Sign18.png,individual_png,,512,512,"[6, 97, 509, 426]",41.751,READY_BOTH,decor,"[""signage"", ""wall_sticker"", ""world_decal""]",TextureRect,icon_both,OccludableIcons,0.5,90,"Iconography asset; use for UI, badges, decals, signage, screen graphics, or markers.",
pvg_icon_doomsday_icons_decor_sign19_6b4efbf0,doomsday_icons,res://assets/tilesets/cyber_city_core_tilesets/Store_Items/Doomsday Icons/Doomsday Icons/Sign19.png,Sign19.png,individual_png,,512,512,"[38, 89, 462, 404]",54.167,READY_BOTH,decor,"[""signage"", ""wall_sticker"", ""world_decal""]",TextureRect,icon_both,OccludableIcons,0.5,90,"Iconography asset; use for UI, badges, decals, signage, screen graphics, or markers.",
pvg_icon_doomsday_icons_decor_sign2_138ac8e4,doomsday_icons,res://assets/tilesets/cyber_city_core_tilesets/Store_Items/Doomsday Icons/Doomsday Icons/Sign2.png,Sign2.png,individual_png,,512,512,"[124, 115, 394, 385]",73.802,READY_BOTH,decor,"[""signage"", ""wall_sticker"", ""world_decal""]",TextureRect,icon_both,OccludableIcons,0.5,90,"Iconography asset; use for UI, badges, decals, signage, screen graphics, or markers.",
pvg_icon_doomsday_icons_decor_sign20_8438c313,doomsday_icons,res://assets/tilesets/cyber_city_core_tilesets/Store_Items/Doomsday Icons/Doomsday Icons/Sign20.png,Sign20.png,individual_png,,512,512,"[120, 19, 401, 489]",55.121,READY_BOTH,decor,"[""signage"", ""wall_sticker"", ""world_decal""]",TextureRect,icon_both,OccludableIcons,0.5,90,"Iconography asset; use for UI, badges, decals, signage, screen graphics, or markers.",
pvg_icon_doomsday_icons_decor_sign3_ee5d8487,doomsday_icons,res://assets/tilesets/cyber_city_core_tilesets/Store_Items/Doomsday Icons/Doomsday Icons/Sign3.png,Sign3.png,individual_png,,512,512,"[156, 4, 329, 508]",84.29,READY_BOTH,decor,"[""signage"", ""wall_sticker"", ""world_decal""]",TextureRect,icon_both,OccludableIcons,0.5,90,"Iconography asset; use for UI, badges, decals, signage, screen graphics, or markers.",
pvg_icon_doomsday_icons_decor_sign4_ccbe3661,doomsday_icons,res://assets/tilesets/cyber_city_core_tilesets/Store_Items/Doomsday Icons/Doomsday Icons/Sign4.png,Sign4.png,individual_png,,512,512,"[121, 21, 412, 486]",75.529,READY_BOTH,decor,"[""signage"", ""wall_sticker"", ""world_decal""]",TextureRect,icon_both,OccludableIcons,0.5,90,"Iconography asset; use for UI, badges, decals, signage, screen graphics, or markers.",
pvg_icon_doomsday_icons_decor_sign5_aa97f133,doomsday_icons,res://assets/tilesets/cyber_city_core_tilesets/Store_Items/Doomsday Icons/Doomsday Icons/Sign5.png,Sign5.png,individual_png,,512,512,"[76, 5, 404, 508]",64.153,READY_BOTH,decor,"[""signage"", ""wall_sticker"", ""world_decal""]",TextureRect,icon_both,OccludableIcons,0.5,90,"Iconography asset; use for UI, badges, decals, signage, screen graphics, or markers.",
pvg_icon_doomsday_icons_decor_sign6_6e9966c6,doomsday_icons,res://assets/tilesets/cyber_city_core_tilesets/Store_Items/Doomsday Icons/Doomsday Icons/Sign6.png,Sign6.png,individual_png,,512,512,"[97, 97, 412, 423]",68.445,READY_BOTH,decor,"[""signage"", ""wall_sticker"", ""world_decal""]",TextureRect,icon_both,OccludableIcons,0.5,90,"Iconography asset; use for UI, badges, decals, signage, screen graphics, or markers.",
pvg_icon_doomsday_icons_decor_sign7_76e16772,doomsday_icons,res://assets/tilesets/cyber_city_core_tilesets/Store_Items/Doomsday Icons/Doomsday Icons/Sign7.png,Sign7.png,individual_png,,512,512,"[37, 107, 490, 435]",49.749,READY_BOTH,decor,"[""signage"", ""wall_sticker"", ""world_decal""]",TextureRect,icon_both,OccludableIcons,0.5,90,"Iconography asset; use for UI, badges, decals, signage, screen graphics, or markers.",
pvg_icon_doomsday_icons_decor_sign8_8be6a466,doomsday_icons,res://assets/tilesets/cyber_city_core_tilesets/Store_Items/Doomsday Icons/Doomsday Icons/Sign8.png,Sign8.png,individual_png,,512,512,"[34, 90, 493, 403]",54.786,READY_BOTH,decor,"[""signage"", ""wall_sticker"", ""world_decal""]",TextureRect,icon_both,OccludableIcons,0.5,90,"Iconography asset; use for UI, badges, decals, signage, screen graphics, or markers.",
pvg_icon_doomsday_icons_decor_sign9_ef20e9ca,doomsday_icons,res://assets/tilesets/cyber_city_core_tilesets/Store_Items/Doomsday Icons/Doomsday Icons/Sign9.png,Sign9.png,individual_png,,512,512,"[24, 101, 478, 426]",51.698,READY_BOTH,decor,"[""signage"", ""wall_sticker"", ""world_decal""]",TextureRect,icon_both,OccludableIcons,0.5,90,"Iconography asset; use for UI, badges, decals, signage, screen graphics, or markers.",
pvg_icon_doomsday_icons_doomsday_silverbar1_7a081ba0,doomsday_icons,res://assets/tilesets/cyber_city_core_tilesets/Store_Items/Doomsday Icons/Doomsday Icons/SilverBar1.png,SilverBar1.png,individual_png,,512,512,"[9, 63, 504, 495]",47.644,READY_BOTH,doomsday,"[""warning_indicator"", ""scheme_card"", ""world_decal""]",TextureRect,icon_both,OccludableIcons,0.5,90,"Iconography asset; use for UI, badges, decals, signage, screen graphics, or markers.",
pvg_icon_doomsday_icons_doomsday_sink1_f945d6eb,doomsday_icons,res://assets/tilesets/cyber_city_core_tilesets/Store_Items/Doomsday Icons/Doomsday Icons/Sink1.png,Sink1.png,individual_png,,512,512,"[7, 144, 494, 447]",72.33,READY_BOTH,doomsday,"[""warning_indicator"", ""scheme_card"", ""world_decal""]",TextureRect,icon_both,OccludableIcons,0.5,90,"Iconography asset; use for UI, badges, decals, signage, screen graphics, or markers.",
pvg_icon_doomsday_icons_doomsday_skeletalgoo1_a841d2a4,doomsday_icons,res://assets/tilesets/cyber_city_core_tilesets/Store_Items/Doomsday Icons/Doomsday Icons/SkeletalGoo1.png,SkeletalGoo1.png,individual_png,,512,512,"[3, 168, 502, 394]",72.359,READY_BOTH,doomsday,"[""warning_indicator"", ""scheme_card"", ""world_decal""]",TextureRect,icon_both,OccludableIcons,0.5,90,"Iconography asset; use for UI, badges, decals, signage, screen graphics, or markers.",
pvg_icon_doomsday_icons_doomsday_slab1_5e5328d8,doomsday_icons,res://assets/tilesets/cyber_city_core_tilesets/Store_Items/Doomsday Icons/Doomsday Icons/Slab1.png,Slab1.png,individual_png,,512,512,"[45, 10, 453, 496]",46.817,READY_BOTH,doomsday,"[""warning_indicator"", ""scheme_card"", ""world_decal""]",TextureRect,icon_both,OccludableIcons,0.5,90,"Iconography asset; use for UI, badges, decals, signage, screen graphics, or markers.",
pvg_icon_doomsday_icons_map_pin_sleepingbag1_56386c79,doomsday_icons,res://assets/tilesets/cyber_city_core_tilesets/Store_Items/Doomsday Icons/Doomsday Icons/SleepingBag1.png,SleepingBag1.png,individual_png,,512,512,"[46, 19, 480, 502]",52.088,READY_UI_ICON,map_pin,"[""map_pin"", ""objective_marker""]",TextureRect,icon_ui,BehindPlayerIcons,0.5,-120,"Iconography asset; use for UI, badges, decals, signage, screen graphics, or markers.",World stamping of UI-first icons may look like a flat sticker.
pvg_icon_doomsday_icons_map_pin_sleepingbag2_a43da683,doomsday_icons,res://assets/tilesets/cyber_city_core_tilesets/Store_Items/Doomsday Icons/Doomsday Icons/SleepingBag2.png,SleepingBag2.png,individual_png,,512,512,"[7, 19, 510, 468]",59.83,READY_UI_ICON,map_pin,"[""map_pin"", ""objective_marker""]",TextureRect,icon_ui,BehindPlayerIcons,0.5,-120,"Iconography asset; use for UI, badges, decals, signage, screen graphics, or markers.",World stamping of UI-first icons may look like a flat sticker.
pvg_icon_doomsday_icons_doomsday_soda1_77d214dd,doomsday_icons,res://assets/tilesets/cyber_city_core_tilesets/Store_Items/Doomsday Icons/Doomsday Icons/Soda1.png,Soda1.png,individual_png,,512,512,"[96, 18, 413, 499]",61.802,READY_BOTH,doomsday,"[""warning_indicator"", ""scheme_card"", ""world_decal""]",TextureRect,icon_both,OccludableIcons,0.5,90,"Iconography asset; use for UI, badges, decals, signage, screen graphics, or markers.",
pvg_icon_doomsday_icons_doomsday_soda2_b0e263b5,doomsday_icons,res://assets/tilesets/cyber_city_core_tilesets/Store_Items/Doomsday Icons/Doomsday Icons/Soda2.png,Soda2.png,individual_png,,512,512,"[108, 14, 414, 494]",61.781,READY_BOTH,doomsday,"[""warning_indicator"", ""scheme_card"", ""world_decal""]",TextureRect,icon_both,OccludableIcons,0.5,90,"Iconography asset; use for UI, badges, decals, signage, screen graphics, or markers.",
pvg_icon_doomsday_icons_doomsday_sofa1_f3c71102,doomsday_icons,res://assets/tilesets/cyber_city_core_tilesets/Store_Items/Doomsday Icons/Doomsday Icons/Sofa1.png,Sofa1.png,individual_png,,512,512,"[2, 124, 508, 418]",55.697,READY_BOTH,doomsday,"[""warning_indicator"", ""scheme_card"", ""world_decal""]",TextureRect,icon_both,OccludableIcons,0.5,90,"Iconography asset; use for UI, badges, decals, signage, screen graphics, or markers.",
pvg_icon_doomsday_icons_doomsday_sofa2_068a7df5,doomsday_icons,res://assets/tilesets/cyber_city_core_tilesets/Store_Items/Doomsday Icons/Doomsday Icons/Sofa2.png,Sofa2.png,individual_png,,512,512,"[8, 121, 508, 386]",62.318,READY_BOTH,doomsday,"[""warning_indicator"", ""scheme_card"", ""world_decal""]",TextureRect,icon_both,OccludableIcons,0.5,90,"Iconography asset; use for UI, badges, decals, signage, screen graphics, or markers.",
pvg_icon_doomsday_icons_doomsday_spraycan1_636660e2,doomsday_icons,res://assets/tilesets/cyber_city_core_tilesets/Store_Items/Doomsday Icons/Doomsday Icons/SprayCan1.png,SprayCan1.png,individual_png,,512,512,"[187, 3, 383, 509]",72.147,READY_BOTH,doomsday,"[""warning_indicator"", ""scheme_card"", ""world_decal""]",TextureRect,icon_both,OccludableIcons,0.5,90,"Iconography asset; use for UI, badges, decals, signage, screen graphics, or markers.",
pvg_icon_doomsday_icons_doomsday_sprayer1_a495ddb1,doomsday_icons,res://assets/tilesets/cyber_city_core_tilesets/Store_Items/Doomsday Icons/Doomsday Icons/Sprayer1.png,Sprayer1.png,individual_png,,512,512,"[14, 134, 502, 383]",79.515,READY_BOTH,doomsday,"[""warning_indicator"", ""scheme_card"", ""world_decal""]",TextureRect,icon_both,OccludableIcons,0.5,90,"Iconography asset; use for UI, badges, decals, signage, screen graphics, or markers.",
pvg_icon_doomsday_icons_doomsday_suitcase1_9380bb83,doomsday_icons,res://assets/tilesets/cyber_city_core_tilesets/Store_Items/Doomsday Icons/Doomsday Icons/Suitcase1.png,Suitcase1.png,individual_png,,512,512,"[7, 220, 492, 429]",69.797,READY_BOTH,doomsday,"[""warning_indicator"", ""scheme_card"", ""world_decal""]",TextureRect,icon_both,OccludableIcons,0.5,90,"Iconography asset; use for UI, badges, decals, signage, screen graphics, or markers.",
pvg_icon_doomsday_icons_doomsday_suitcase2_d7bc312a,doomsday_icons,res://assets/tilesets/cyber_city_core_tilesets/Store_Items/Doomsday Icons/Doomsday Icons/Suitcase2.png,Suitcase2.png,individual_png,,512,512,"[1, 202, 509, 398]",69.984,READY_BOTH,doomsday,"[""warning_indicator"", ""scheme_card"", ""world_decal""]",TextureRect,icon_both,OccludableIcons,0.5,90,"Iconography asset; use for UI, badges, decals, signage, screen graphics, or markers.",
pvg_icon_doomsday_icons_doomsday_suitcase3_ae2406c6,doomsday_icons,res://assets/tilesets/cyber_city_core_tilesets/Store_Items/Doomsday Icons/Doomsday Icons/Suitcase3.png,Suitcase3.png,individual_png,,512,512,"[0, 48, 509, 400]",45.102,READY_BOTH,doomsday,"[""warning_indicator"", ""scheme_card"", ""world_decal""]",TextureRect,icon_both,OccludableIcons,0.5,90,"Iconography asset; use for UI, badges, decals, signage, screen graphics, or markers.",
pvg_icon_doomsday_icons_doomsday_switchbox1_c7341cce,doomsday_icons,res://assets/tilesets/cyber_city_core_tilesets/Store_Items/Doomsday Icons/Doomsday Icons/SwitchBox1.png,SwitchBox1.png,individual_png,,512,512,"[110, 26, 432, 512]",50.925,READY_BOTH,doomsday,"[""warning_indicator"", ""scheme_card"", ""world_decal""]",TextureRect,icon_both,OccludableIcons,0.5,90,"Iconography asset; use for UI, badges, decals, signage, screen graphics, or markers.",
pvg_icon_doomsday_icons_doomsday_tablet1_d570623b,doomsday_icons,res://assets/tilesets/cyber_city_core_tilesets/Store_Items/Doomsday Icons/Doomsday Icons/Tablet1.png,Tablet1.png,individual_png,,512,512,"[68, 133, 445, 420]",77.409,READY_BOTH,doomsday,"[""warning_indicator"", ""scheme_card"", ""world_decal""]",TextureRect,icon_both,OccludableIcons,0.5,90,"Iconography asset; use for UI, badges, decals, signage, screen graphics, or markers.",
pvg_icon_doomsday_icons_doomsday_tap1_bf165786,doomsday_icons,res://assets/tilesets/cyber_city_core_tilesets/Store_Items/Doomsday Icons/Doomsday Icons/Tap1.png,Tap1.png,individual_png,,512,512,"[20, 72, 494, 461]",47.233,READY_BOTH,doomsday,"[""warning_indicator"", ""scheme_card"", ""world_decal""]",TextureRect,icon_both,OccludableIcons,0.5,90,"Iconography asset; use for UI, badges, decals, signage, screen graphics, or markers.",
pvg_icon_doomsday_icons_mission_target1_28d3e5b3,doomsday_icons,res://assets/tilesets/cyber_city_core_tilesets/Store_Items/Doomsday Icons/Doomsday Icons/Target1.png,Target1.png,individual_png,,512,512,"[158, 12, 360, 512]",74.594,READY_UI_ICON,mission,"[""mission_board"", ""objective_marker"", ""map_pin""]",TextureRect,icon_ui,BehindPlayerIcons,0.5,-120,"Iconography asset; use for UI, badges, decals, signage, screen graphics, or markers.",World stamping of UI-first icons may look like a flat sticker.
pvg_icon_doomsday_icons_mission_target2_83087668,doomsday_icons,res://assets/tilesets/cyber_city_core_tilesets/Store_Items/Doomsday Icons/Doomsday Icons/Target2.png,Target2.png,individual_png,,512,512,"[122, 3, 345, 512]",70.687,READY_UI_ICON,mission,"[""mission_board"", ""objective_marker"", ""map_pin""]",TextureRect,icon_ui,BehindPlayerIcons,0.5,-120,"Iconography asset; use for UI, badges, decals, signage, screen graphics, or markers.",World stamping of UI-first icons may look like a flat sticker.
pvg_icon_doomsday_icons_doomsday_tin1_22b0a58b,doomsday_icons,res://assets/tilesets/cyber_city_core_tilesets/Store_Items/Doomsday Icons/Doomsday Icons/Tin1.png,Tin1.png,individual_png,,512,512,"[22, 211, 498, 413]",73.404,READY_BOTH,doomsday,"[""warning_indicator"", ""scheme_card"", ""world_decal""]",TextureRect,icon_both,OccludableIcons,0.5,90,"Iconography asset; use for UI, badges, decals, signage, screen graphics, or markers.",
pvg_icon_doomsday_icons_doomsday_tire1_28bd70de,doomsday_icons,res://assets/tilesets/cyber_city_core_tilesets/Store_Items/Doomsday Icons/Doomsday Icons/Tire1.png,Tire1.png,individual_png,,512,512,"[47, 7, 467, 494]",56.074,READY_BOTH,doomsday,"[""warning_indicator"", ""scheme_card"", ""world_decal""]",TextureRect,icon_both,OccludableIcons,0.5,90,"Iconography asset; use for UI, badges, decals, signage, screen graphics, or markers.",
pvg_icon_doomsday_icons_doomsday_tire2_9442f78b,doomsday_icons,res://assets/tilesets/cyber_city_core_tilesets/Store_Items/Doomsday Icons/Doomsday Icons/Tire2.png,Tire2.png,individual_png,,512,512,"[62, 25, 472, 490]",52.062,READY_BOTH,doomsday,"[""warning_indicator"", ""scheme_card"", ""world_decal""]",TextureRect,icon_both,OccludableIcons,0.5,90,"Iconography asset; use for UI, badges, decals, signage, screen graphics, or markers.",
pvg_icon_doomsday_icons_doomsday_tire3_33b0edea,doomsday_icons,res://assets/tilesets/cyber_city_core_tilesets/Store_Items/Doomsday Icons/Doomsday Icons/Tire3.png,Tire3.png,individual_png,,512,512,"[26, 39, 486, 485]",47.383,READY_BOTH,doomsday,"[""warning_indicator"", ""scheme_card"", ""world_decal""]",TextureRect,icon_both,OccludableIcons,0.5,90,"Iconography asset; use for UI, badges, decals, signage, screen graphics, or markers.",
pvg_icon_doomsday_icons_doomsday_tirerim1_606512b0,doomsday_icons,res://assets/tilesets/cyber_city_core_tilesets/Store_Items/Doomsday Icons/Doomsday Icons/TireRim1.png,TireRim1.png,individual_png,,512,512,"[56, 102, 438, 449]",60.519,READY_BOTH,doomsday,"[""warning_indicator"", ""scheme_card"", ""world_decal""]",TextureRect,icon_both,OccludableIcons,0.5,90,"Iconography asset; use for UI, badges, decals, signage, screen graphics, or markers.",
pvg_icon_doomsday_icons_doomsday_tissues1_9b229b9b,doomsday_icons,res://assets/tilesets/cyber_city_core_tilesets/Store_Items/Doomsday Icons/Doomsday Icons/Tissues1.png,Tissues1.png,individual_png,,512,512,"[22, 87, 508, 473]",67.683,READY_BOTH,doomsday,"[""warning_indicator"", ""scheme_card"", ""world_decal""]",TextureRect,icon_both,OccludableIcons,0.5,90,"Iconography asset; use for UI, badges, decals, signage, screen graphics, or markers.",
pvg_icon_doomsday_icons_comedy_toilet1_e97c9a91,doomsday_icons,res://assets/tilesets/cyber_city_core_tilesets/Store_Items/Doomsday Icons/Doomsday Icons/Toilet1.png,Toilet1.png,individual_png,,512,512,"[46, 1, 436, 497]",60.528,READY_UI_ICON,comedy,"[""comedy_item_candidate"", ""decor_shop_thumbnail""]",TextureRect,icon_ui,BehindPlayerIcons,0.5,-120,"Iconography asset; use for UI, badges, decals, signage, screen graphics, or markers.",World stamping of UI-first icons may look like a flat sticker.
pvg_icon_doomsday_icons_comedy_toilet2_53c14f77,doomsday_icons,res://assets/tilesets/cyber_city_core_tilesets/Store_Items/Doomsday Icons/Doomsday Icons/Toilet2.png,Toilet2.png,individual_png,,512,512,"[103, 1, 451, 503]",63.797,READY_UI_ICON,comedy,"[""comedy_item_candidate"", ""decor_shop_thumbnail""]",TextureRect,icon_ui,BehindPlayerIcons,0.5,-120,"Iconography asset; use for UI, badges, decals, signage, screen graphics, or markers.",World stamping of UI-first icons may look like a flat sticker.
pvg_icon_doomsday_icons_comedy_toiletpaper1_2b20474a,doomsday_icons,res://assets/tilesets/cyber_city_core_tilesets/Store_Items/Doomsday Icons/Doomsday Icons/ToiletPaper1.png,ToiletPaper1.png,individual_png,,512,512,"[58, 142, 388, 403]",76.882,READY_UI_ICON,comedy,"[""comedy_item_candidate"", ""decor_shop_thumbnail""]",TextureRect,icon_ui,BehindPlayerIcons,0.5,-120,"Iconography asset; use for UI, badges, decals, signage, screen graphics, or markers.",World stamping of UI-first icons may look like a flat sticker.
pvg_icon_doomsday_icons_doomsday_tool_drill1_cbc464d9,doomsday_icons,res://assets/tilesets/cyber_city_core_tilesets/Store_Items/Doomsday Icons/Doomsday Icons/Tool_Drill1.png,Tool_Drill1.png,individual_png,,512,512,"[63, 28, 469, 461]",84.746,READY_BOTH,doomsday,"[""warning_indicator"", ""scheme_card"", ""world_decal""]",TextureRect,icon_both,OccludableIcons,0.5,90,"Iconography asset; use for UI, badges, decals, signage, screen graphics, or markers.",
pvg_icon_doomsday_icons_doomsday_tool_gardenrake1_fb9b774f,doomsday_icons,res://assets/tilesets/cyber_city_core_tilesets/Store_Items/Doomsday Icons/Doomsday Icons/Tool_GardenRake1.png,Tool_GardenRake1.png,individual_png,,512,512,"[12, 15, 500, 496]",95.827,READY_BOTH,doomsday,"[""warning_indicator"", ""scheme_card"", ""world_decal""]",TextureRect,icon_both,OccludableIcons,0.5,90,"Iconography asset; use for UI, badges, decals, signage, screen graphics, or markers.",
pvg_icon_doomsday_icons_doomsday_tool_hammer1_1bea0ae8,doomsday_icons,res://assets/tilesets/cyber_city_core_tilesets/Store_Items/Doomsday Icons/Doomsday Icons/Tool_Hammer1.png,Tool_Hammer1.png,individual_png,,512,512,"[31, 65, 491, 480]",86.874,READY_BOTH,doomsday,"[""warning_indicator"", ""scheme_card"", ""world_decal""]",TextureRect,icon_both,OccludableIcons,0.5,90,"Iconography asset; use for UI, badges, decals, signage, screen graphics, or markers.",
pvg_icon_doomsday_icons_doomsday_tool_handrake1_a491cd45,doomsday_icons,res://assets/tilesets/cyber_city_core_tilesets/Store_Items/Doomsday Icons/Doomsday Icons/Tool_HandRake1.png,Tool_HandRake1.png,individual_png,,512,512,"[67, 26, 463, 454]",91.074,READY_BOTH,doomsday,"[""warning_indicator"", ""scheme_card"", ""world_decal""]",TextureRect,icon_both,OccludableIcons,0.5,90,"Iconography asset; use for UI, badges, decals, signage, screen graphics, or markers.",
pvg_icon_doomsday_icons_doomsday_tool_hoe1_660d2701,doomsday_icons,res://assets/tilesets/cyber_city_core_tilesets/Store_Items/Doomsday Icons/Doomsday Icons/Tool_Hoe1.png,Tool_Hoe1.png,individual_png,,512,512,"[34, 14, 486, 501]",96.092,READY_BOTH,doomsday,"[""warning_indicator"", ""scheme_card"", ""world_decal""]",TextureRect,icon_both,OccludableIcons,0.5,90,"Iconography asset; use for UI, badges, decals, signage, screen graphics, or markers.",
pvg_icon_doomsday_icons_doomsday_tool_nails1_bfc50b4c,doomsday_icons,res://assets/tilesets/cyber_city_core_tilesets/Store_Items/Doomsday Icons/Doomsday Icons/Tool_Nails1.png,Tool_Nails1.png,individual_png,,512,512,"[120, 112, 407, 398]",96.257,READY_BOTH,doomsday,"[""warning_indicator"", ""scheme_card"", ""world_decal""]",TextureRect,icon_both,OccludableIcons,0.5,90,"Iconography asset; use for UI, badges, decals, signage, screen graphics, or markers.",
pvg_icon_doomsday_icons_doomsday_tool_nutsbox1_09e3506e,doomsday_icons,res://assets/tilesets/cyber_city_core_tilesets/Store_Items/Doomsday Icons/Doomsday Icons/Tool_NutsBox1.png,Tool_NutsBox1.png,individual_png,,512,512,"[57, 172, 468, 399]",74.677,READY_BOTH,doomsday,"[""warning_indicator"", ""scheme_card"", ""world_decal""]",TextureRect,icon_both,OccludableIcons,0.5,90,"Iconography asset; use for UI, badges, decals, signage, screen graphics, or markers.",
pvg_icon_doomsday_icons_doomsday_tool_pitchfork1_bd7a0050,doomsday_icons,res://assets/tilesets/cyber_city_core_tilesets/Store_Items/Doomsday Icons/Doomsday Icons/Tool_Pitchfork1.png,Tool_Pitchfork1.png,individual_png,,512,512,"[40, 22, 493, 488]",93.262,READY_BOTH,doomsday,"[""warning_indicator"", ""scheme_card"", ""world_decal""]",TextureRect,icon_both,OccludableIcons,0.5,90,"Iconography asset; use for UI, badges, decals, signage, screen graphics, or markers.",
pvg_icon_doomsday_icons_doomsday_tool_saw1_776b703e,doomsday_icons,res://assets/tilesets/cyber_city_core_tilesets/Store_Items/Doomsday Icons/Doomsday Icons/Tool_Saw1.png,Tool_Saw1.png,individual_png,,512,512,"[65, 10, 446, 502]",88.417,READY_BOTH,doomsday,"[""warning_indicator"", ""scheme_card"", ""world_decal""]",TextureRect,icon_both,OccludableIcons,0.5,90,"Iconography asset; use for UI, badges, decals, signage, screen graphics, or markers.",
pvg_icon_doomsday_icons_doomsday_tool_screwdriver1_19def3c7,doomsday_icons,res://assets/tilesets/cyber_city_core_tilesets/Store_Items/Doomsday Icons/Doomsday Icons/Tool_Screwdriver1.png,Tool_Screwdriver1.png,individual_png,,512,512,"[52, 52, 451, 448]",92.343,READY_BOTH,doomsday,"[""warning_indicator"", ""scheme_card"", ""world_decal""]",TextureRect,icon_both,OccludableIcons,0.5,90,"Iconography asset; use for UI, badges, decals, signage, screen graphics, or markers.",
pvg_icon_doomsday_icons_doomsday_tool_screws1_7123c76f,doomsday_icons,res://assets/tilesets/cyber_city_core_tilesets/Store_Items/Doomsday Icons/Doomsday Icons/Tool_Screws1.png,Tool_Screws1.png,individual_png,,512,512,"[82, 96, 466, 427]",90.916,READY_BOTH,doomsday,"[""warning_indicator"", ""scheme_card"", ""world_decal""]",TextureRect,icon_both,OccludableIcons,0.5,90,"Iconography asset; use for UI, badges, decals, signage, screen graphics, or markers.",
pvg_icon_doomsday_icons_doomsday_tool_sledgehammer1_d81ed778,doomsday_icons,res://assets/tilesets/cyber_city_core_tilesets/Store_Items/Doomsday Icons/Doomsday Icons/Tool_Sledgehammer1.png,Tool_Sledgehammer1.png,individual_png,,512,512,"[9, 10, 502, 499]",88.972,READY_BOTH,doomsday,"[""warning_indicator"", ""scheme_card"", ""world_decal""]",TextureRect,icon_both,OccludableIcons,0.5,90,"Iconography asset; use for UI, badges, decals, signage, screen graphics, or markers.",
pvg_icon_doomsday_icons_doomsday_tool_solderingiron1_4a0ae7af,doomsday_icons,res://assets/tilesets/cyber_city_core_tilesets/Store_Items/Doomsday Icons/Doomsday Icons/Tool_SolderingIron1.png,Tool_SolderingIron1.png,individual_png,,512,512,"[28, 46, 483, 492]",76.004,READY_BOTH,doomsday,"[""warning_indicator"", ""scheme_card"", ""world_decal""]",TextureRect,icon_both,OccludableIcons,0.5,90,"Iconography asset; use for UI, badges, decals, signage, screen graphics, or markers.",
pvg_icon_doomsday_icons_doomsday_tool_spade1_b0ead97b,doomsday_icons,res://assets/tilesets/cyber_city_core_tilesets/Store_Items/Doomsday Icons/Doomsday Icons/Tool_Spade1.png,Tool_Spade1.png,individual_png,,512,512,"[33, 12, 505, 498]",91.402,READY_BOTH,doomsday,"[""warning_indicator"", ""scheme_card"", ""world_decal""]",TextureRect,icon_both,OccludableIcons,0.5,90,"Iconography asset; use for UI, badges, decals, signage, screen graphics, or markers.",
pvg_icon_doomsday_icons_doomsday_tool_spanner1_daef49d8,doomsday_icons,res://assets/tilesets/cyber_city_core_tilesets/Store_Items/Doomsday Icons/Doomsday Icons/Tool_Spanner1.png,Tool_Spanner1.png,individual_png,,512,512,"[18, 123, 494, 427]",88.693,READY_BOTH,doomsday,"[""warning_indicator"", ""scheme_card"", ""world_decal""]",TextureRect,icon_both,OccludableIcons,0.5,90,"Iconography asset; use for UI, badges, decals, signage, screen graphics, or markers.",
pvg_icon_doomsday_icons_doomsday_tool_toolbox1_b7a294cf,doomsday_icons,res://assets/tilesets/cyber_city_core_tilesets/Store_Items/Doomsday Icons/Doomsday Icons/Tool_Toolbox1.png,Tool_Toolbox1.png,individual_png,,512,512,"[3, 113, 507, 428]",55.758,READY_BOTH,doomsday,"[""warning_indicator"", ""scheme_card"", ""world_decal""]",TextureRect,icon_both,OccludableIcons,0.5,90,"Iconography asset; use for UI, badges, decals, signage, screen graphics, or markers.",
pvg_icon_doomsday_icons_doomsday_tool_toolbox2_3a3bb1c6,doomsday_icons,res://assets/tilesets/cyber_city_core_tilesets/Store_Items/Doomsday Icons/Doomsday Icons/Tool_Toolbox2.png,Tool_Toolbox2.png,individual_png,,512,512,"[1, 159, 510, 424]",62.895,READY_BOTH,doomsday,"[""warning_indicator"", ""scheme_card"", ""world_decal""]",TextureRect,icon_both,OccludableIcons,0.5,90,"Iconography asset; use for UI, badges, decals, signage, screen graphics, or markers.",
pvg_icon_doomsday_icons_doomsday_tool_toolbox3_65763048,doomsday_icons,res://assets/tilesets/cyber_city_core_tilesets/Store_Items/Doomsday Icons/Doomsday Icons/Tool_Toolbox3.png,Tool_Toolbox3.png,individual_png,,512,512,"[8, 116, 505, 486]",63.413,READY_BOTH,doomsday,"[""warning_indicator"", ""scheme_card"", ""world_decal""]",TextureRect,icon_both,OccludableIcons,0.5,90,"Iconography asset; use for UI, badges, decals, signage, screen graphics, or markers.",
pvg_icon_doomsday_icons_doomsday_tool_trowel1_d053abdd,doomsday_icons,res://assets/tilesets/cyber_city_core_tilesets/Store_Items/Doomsday Icons/Doomsday Icons/Tool_Trowel1.png,Tool_Trowel1.png,individual_png,,512,512,"[29, 23, 483, 477]",80.476,READY_BOTH,doomsday,"[""warning_indicator"", ""scheme_card"", ""world_decal""]",TextureRect,icon_both,OccludableIcons,0.5,90,"Iconography asset; use for UI, badges, decals, signage, screen graphics, or markers.",
pvg_icon_doomsday_icons_doomsday_tool_wrench1_e18b2d8f,doomsday_icons,res://assets/tilesets/cyber_city_core_tilesets/Store_Items/Doomsday Icons/Doomsday Icons/Tool_Wrench1.png,Tool_Wrench1.png,individual_png,,512,512,"[81, 62, 469, 449]",94.374,READY_BOTH,doomsday,"[""warning_indicator"", ""scheme_card"", ""world_decal""]",TextureRect,icon_both,OccludableIcons,0.5,90,"Iconography asset; use for UI, badges, decals, signage, screen graphics, or markers.",
pvg_icon_doomsday_icons_doomsday_tool_wrench2_02536b43,doomsday_icons,res://assets/tilesets/cyber_city_core_tilesets/Store_Items/Doomsday Icons/Doomsday Icons/Tool_Wrench2.png,Tool_Wrench2.png,individual_png,,512,512,"[63, 52, 435, 439]",87.969,READY_BOTH,doomsday,"[""warning_indicator"", ""scheme_card"", ""world_decal""]",TextureRect,icon_both,OccludableIcons,0.5,90,"Iconography asset; use for UI, badges, decals, signage, screen graphics, or markers.",
pvg_icon_doomsday_icons_doomsday_tool_wrench3_f5e3212a,doomsday_icons,res://assets/tilesets/cyber_city_core_tilesets/Store_Items/Doomsday Icons/Doomsday Icons/Tool_Wrench3.png,Tool_Wrench3.png,individual_png,,512,512,"[29, 21, 485, 495]",81.071,READY_BOTH,doomsday,"[""warning_indicator"", ""scheme_card"", ""world_decal""]",TextureRect,icon_both,OccludableIcons,0.5,90,"Iconography asset; use for UI, badges, decals, signage, screen graphics, or markers.",
pvg_icon_doomsday_icons_doomsday_tool_wrench4_6f962b10,doomsday_icons,res://assets/tilesets/cyber_city_core_tilesets/Store_Items/Doomsday Icons/Doomsday Icons/Tool_Wrench4.png,Tool_Wrench4.png,individual_png,,512,512,"[28, 41, 480, 459]",88.563,READY_BOTH,doomsday,"[""warning_indicator"", ""scheme_card"", ""world_decal""]",TextureRect,icon_both,OccludableIcons,0.5,90,"Iconography asset; use for UI, badges, decals, signage, screen graphics, or markers.",
pvg_icon_doomsday_icons_doomsday_tooth1_49f420c1,doomsday_icons,res://assets/tilesets/cyber_city_core_tilesets/Store_Items/Doomsday Icons/Doomsday Icons/Tooth1.png,Tooth1.png,individual_png,,512,512,"[125, 120, 366, 383]",87.816,READY_BOTH,doomsday,"[""warning_indicator"", ""scheme_card"", ""world_decal""]",TextureRect,icon_both,OccludableIcons,0.5,90,"Iconography asset; use for UI, badges, decals, signage, screen graphics, or markers.",
pvg_icon_doomsday_icons_doomsday_toy_bear1_a79b8cfb,doomsday_icons,res://assets/tilesets/cyber_city_core_tilesets/Store_Items/Doomsday Icons/Doomsday Icons/Toy_Bear1.png,Toy_Bear1.png,individual_png,,512,512,"[54, 19, 413, 461]",73.928,READY_BOTH,doomsday,"[""warning_indicator"", ""scheme_card"", ""world_decal""]",TextureRect,icon_both,OccludableIcons,0.5,90,"Iconography asset; use for UI, badges, decals, signage, screen graphics, or markers.",
pvg_icon_doomsday_icons_doomsday_toy_boardgame1_ea982c3c,doomsday_icons,res://assets/tilesets/cyber_city_core_tilesets/Store_Items/Doomsday Icons/Doomsday Icons/Toy_Boardgame1.png,Toy_Boardgame1.png,individual_png,,512,512,"[13, 85, 484, 465]",54.86,READY_BOTH,doomsday,"[""warning_indicator"", ""scheme_card"", ""world_decal""]",TextureRect,icon_both,OccludableIcons,0.5,90,"Iconography asset; use for UI, badges, decals, signage, screen graphics, or markers.",
pvg_icon_doomsday_icons_doomsday_toy_dollhouse1_0a6acb91,doomsday_icons,res://assets/tilesets/cyber_city_core_tilesets/Store_Items/Doomsday Icons/Doomsday Icons/Toy_Dollhouse1.png,Toy_Dollhouse1.png,individual_png,,512,512,"[89, 28, 436, 441]",56.453,READY_BOTH,doomsday,"[""warning_indicator"", ""scheme_card"", ""world_decal""]",TextureRect,icon_both,OccludableIcons,0.5,90,"Iconography asset; use for UI, badges, decals, signage, screen graphics, or markers.",
pvg_icon_doomsday_icons_doomsday_toy_plushie1_61875618,doomsday_icons,res://assets/tilesets/cyber_city_core_tilesets/Store_Items/Doomsday Icons/Doomsday Icons/Toy_Plushie1.png,Toy_Plushie1.png,individual_png,,512,512,"[103, 7, 466, 499]",65.847,READY_BOTH,doomsday,"[""warning_indicator"", ""scheme_card"", ""world_decal""]",TextureRect,icon_both,OccludableIcons,0.5,90,"Iconography asset; use for UI, badges, decals, signage, screen graphics, or markers.",
pvg_icon_doomsday_icons_doomsday_toy_rockinghorse1_822c7d33,doomsday_icons,res://assets/tilesets/cyber_city_core_tilesets/Store_Items/Doomsday Icons/Doomsday Icons/Toy_RockingHorse1.png,Toy_RockingHorse1.png,individual_png,,512,512,"[25, 11, 470, 500]",64.46,READY_BOTH,doomsday,"[""warning_indicator"", ""scheme_card"", ""world_decal""]",TextureRect,icon_both,OccludableIcons,0.5,90,"Iconography asset; use for UI, badges, decals, signage, screen graphics, or markers.",
pvg_icon_doomsday_icons_doomsday_toy_tricycle1_8ffdf9f7,doomsday_icons,res://assets/tilesets/cyber_city_core_tilesets/Store_Items/Doomsday Icons/Doomsday Icons/Toy_Tricycle1.png,Toy_Tricycle1.png,individual_png,,512,512,"[17, 20, 490, 487]",74.234,READY_BOTH,doomsday,"[""warning_indicator"", ""scheme_card"", ""world_decal""]",TextureRect,icon_both,OccludableIcons,0.5,90,"Iconography asset; use for UI, badges, decals, signage, screen graphics, or markers.",
pvg_icon_doomsday_icons_doomsday_trafficcone1_fc1a8e6d,doomsday_icons,res://assets/tilesets/cyber_city_core_tilesets/Store_Items/Doomsday Icons/Doomsday Icons/TrafficCone1.png,TrafficCone1.png,individual_png,,512,512,"[105, 53, 391, 453]",81.352,READY_BOTH,doomsday,"[""warning_indicator"", ""scheme_card"", ""world_decal""]",TextureRect,icon_both,OccludableIcons,0.5,90,"Iconography asset; use for UI, badges, decals, signage, screen graphics, or markers.",
pvg_icon_doomsday_icons_doomsday_trash1_edbe3d5f,doomsday_icons,res://assets/tilesets/cyber_city_core_tilesets/Store_Items/Doomsday Icons/Doomsday Icons/Trash1.png,Trash1.png,individual_png,,512,512,"[2, 114, 492, 419]",68.161,READY_BOTH,doomsday,"[""warning_indicator"", ""scheme_card"", ""world_decal""]",TextureRect,icon_both,OccludableIcons,0.5,90,"Iconography asset; use for UI, badges, decals, signage, screen graphics, or markers.",
pvg_icon_doomsday_icons_doomsday_trash10_90f50bb2,doomsday_icons,res://assets/tilesets/cyber_city_core_tilesets/Store_Items/Doomsday Icons/Doomsday Icons/Trash10.png,Trash10.png,individual_png,,512,512,"[29, 112, 464, 423]",64.968,READY_BOTH,doomsday,"[""warning_indicator"", ""scheme_card"", ""world_decal""]",TextureRect,icon_both,OccludableIcons,0.5,90,"Iconography asset; use for UI, badges, decals, signage, screen graphics, or markers.",
pvg_icon_doomsday_icons_doomsday_trash11_39bb5299,doomsday_icons,res://assets/tilesets/cyber_city_core_tilesets/Store_Items/Doomsday Icons/Doomsday Icons/Trash11.png,Trash11.png,individual_png,,512,512,"[102, 8, 408, 490]",62.038,READY_BOTH,doomsday,"[""warning_indicator"", ""scheme_card"", ""world_decal""]",TextureRect,icon_both,OccludableIcons,0.5,90,"Iconography asset; use for UI, badges, decals, signage, screen graphics, or markers.",
pvg_icon_doomsday_icons_doomsday_trash12_8ce8ad35,doomsday_icons,res://assets/tilesets/cyber_city_core_tilesets/Store_Items/Doomsday Icons/Doomsday Icons/Trash12.png,Trash12.png,individual_png,,512,512,"[21, 120, 498, 450]",53.503,READY_BOTH,doomsday,"[""warning_indicator"", ""scheme_card"", ""world_decal""]",TextureRect,icon_both,OccludableIcons,0.5,90,"Iconography asset; use for UI, badges, decals, signage, screen graphics, or markers.",
pvg_icon_doomsday_icons_doomsday_trash13_b84e7728,doomsday_icons,res://assets/tilesets/cyber_city_core_tilesets/Store_Items/Doomsday Icons/Doomsday Icons/Trash13.png,Trash13.png,individual_png,,512,512,"[23, 10, 467, 501]",61.713,READY_BOTH,doomsday,"[""warning_indicator"", ""scheme_card"", ""world_decal""]",TextureRect,icon_both,OccludableIcons,0.5,90,"Iconography asset; use for UI, badges, decals, signage, screen graphics, or markers.",
pvg_icon_doomsday_icons_doomsday_trash14_a56aa517,doomsday_icons,res://assets/tilesets/cyber_city_core_tilesets/Store_Items/Doomsday Icons/Doomsday Icons/Trash14.png,Trash14.png,individual_png,,512,512,"[2, 49, 500, 439]",60.225,READY_BOTH,doomsday,"[""warning_indicator"", ""scheme_card"", ""world_decal""]",TextureRect,icon_both,OccludableIcons,0.5,90,"Iconography asset; use for UI, badges, decals, signage, screen graphics, or markers.",
pvg_icon_doomsday_icons_doomsday_trash15_66dc086b,doomsday_icons,res://assets/tilesets/cyber_city_core_tilesets/Store_Items/Doomsday Icons/Doomsday Icons/Trash15.png,Trash15.png,individual_png,,512,512,"[14, 35, 498, 459]",56.435,READY_BOTH,doomsday,"[""warning_indicator"", ""scheme_card"", ""world_decal""]",TextureRect,icon_both,OccludableIcons,0.5,90,"Iconography asset; use for UI, badges, decals, signage, screen graphics, or markers.",
pvg_icon_doomsday_icons_doomsday_trash16_e57abf33,doomsday_icons,res://assets/tilesets/cyber_city_core_tilesets/Store_Items/Doomsday Icons/Doomsday Icons/Trash16.png,Trash16.png,individual_png,,512,512,"[20, 24, 502, 507]",52.195,READY_BOTH,doomsday,"[""warning_indicator"", ""scheme_card"", ""world_decal""]",TextureRect,icon_both,OccludableIcons,0.5,90,"Iconography asset; use for UI, badges, decals, signage, screen graphics, or markers.",
pvg_icon_doomsday_icons_doomsday_trash2_028c9015,doomsday_icons,res://assets/tilesets/cyber_city_core_tilesets/Store_Items/Doomsday Icons/Doomsday Icons/Trash2.png,Trash2.png,individual_png,,512,512,"[97, 178, 435, 337]",86.028,READY_BOTH,doomsday,"[""warning_indicator"", ""scheme_card"", ""world_decal""]",TextureRect,icon_both,OccludableIcons,0.5,90,"Iconography asset; use for UI, badges, decals, signage, screen graphics, or markers.",
pvg_icon_doomsday_icons_doomsday_trash3_14053e58,doomsday_icons,res://assets/tilesets/cyber_city_core_tilesets/Store_Items/Doomsday Icons/Doomsday Icons/Trash3.png,Trash3.png,individual_png,,512,512,"[86, 130, 372, 352]",85.165,READY_BOTH,doomsday,"[""warning_indicator"", ""scheme_card"", ""world_decal""]",TextureRect,icon_both,OccludableIcons,0.5,90,"Iconography asset; use for UI, badges, decals, signage, screen graphics, or markers.",
pvg_icon_doomsday_icons_doomsday_trash4_7a1d1cba,doomsday_icons,res://assets/tilesets/cyber_city_core_tilesets/Store_Items/Doomsday Icons/Doomsday Icons/Trash4.png,Trash4.png,individual_png,,512,512,"[26, 28, 484, 500]",56.07,READY_BOTH,doomsday,"[""warning_indicator"", ""scheme_card"", ""world_decal""]",TextureRect,icon_both,OccludableIcons,0.5,90,"Iconography asset; use for UI, badges, decals, signage, screen graphics, or markers.",
pvg_icon_doomsday_icons_doomsday_trash5_3dd39fbc,doomsday_icons,res://assets/tilesets/cyber_city_core_tilesets/Store_Items/Doomsday Icons/Doomsday Icons/Trash5.png,Trash5.png,individual_png,,512,512,"[4, 139, 504, 429]",67.45,READY_BOTH,doomsday,"[""warning_indicator"", ""scheme_card"", ""world_decal""]",TextureRect,icon_both,OccludableIcons,0.5,90,"Iconography asset; use for UI, badges, decals, signage, screen graphics, or markers.",
pvg_icon_doomsday_icons_doomsday_trash6_8e9318f8,doomsday_icons,res://assets/tilesets/cyber_city_core_tilesets/Store_Items/Doomsday Icons/Doomsday Icons/Trash6.png,Trash6.png,individual_png,,512,512,"[54, 76, 430, 401]",68.654,READY_BOTH,doomsday,"[""warning_indicator"", ""scheme_card"", ""world_decal""]",TextureRect,icon_both,OccludableIcons,0.5,90,"Iconography asset; use for UI, badges, decals, signage, screen graphics, or markers.",
pvg_icon_doomsday_icons_doomsday_trash7_1702cb09,doomsday_icons,res://assets/tilesets/cyber_city_core_tilesets/Store_Items/Doomsday Icons/Doomsday Icons/Trash7.png,Trash7.png,individual_png,,512,512,"[132, 53, 416, 478]",65.673,READY_BOTH,doomsday,"[""warning_indicator"", ""scheme_card"", ""world_decal""]",TextureRect,icon_both,OccludableIcons,0.5,90,"Iconography asset; use for UI, badges, decals, signage, screen graphics, or markers.",
pvg_icon_doomsday_icons_doomsday_trash8_4d3ad475,doomsday_icons,res://assets/tilesets/cyber_city_core_tilesets/Store_Items/Doomsday Icons/Doomsday Icons/Trash8.png,Trash8.png,individual_png,,512,512,"[75, 137, 392, 442]",71.429,READY_BOTH,doomsday,"[""warning_indicator"", ""scheme_card"", ""world_decal""]",TextureRect,icon_both,OccludableIcons,0.5,90,"Iconography asset; use for UI, badges, decals, signage, screen graphics, or markers.",
pvg_icon_doomsday_icons_doomsday_trash9_5ef6fec3,doomsday_icons,res://assets/tilesets/cyber_city_core_tilesets/Store_Items/Doomsday Icons/Doomsday Icons/Trash9.png,Trash9.png,individual_png,,512,512,"[28, 98, 490, 434]",62.233,READY_BOTH,doomsday,"[""warning_indicator"", ""scheme_card"", ""world_decal""]",TextureRect,icon_both,OccludableIcons,0.5,90,"Iconography asset; use for UI, badges, decals, signage, screen graphics, or markers.",
pvg_icon_doomsday_icons_doomsday_trashbag1_0d0c85d0,doomsday_icons,res://assets/tilesets/cyber_city_core_tilesets/Store_Items/Doomsday Icons/Doomsday Icons/TrashBag1.png,TrashBag1.png,individual_png,,512,512,"[91, 21, 441, 492]",53.11,READY_BOTH,doomsday,"[""warning_indicator"", ""scheme_card"", ""world_decal""]",TextureRect,icon_both,OccludableIcons,0.5,90,"Iconography asset; use for UI, badges, decals, signage, screen graphics, or markers.",
pvg_icon_doomsday_icons_doomsday_trashbag2_a9c83de4,doomsday_icons,res://assets/tilesets/cyber_city_core_tilesets/Store_Items/Doomsday Icons/Doomsday Icons/TrashBag2.png,TrashBag2.png,individual_png,,512,512,"[89, 14, 440, 492]",48.34,READY_BOTH,doomsday,"[""warning_indicator"", ""scheme_card"", ""world_decal""]",TextureRect,icon_both,OccludableIcons,0.5,90,"Iconography asset; use for UI, badges, decals, signage, screen graphics, or markers.",
pvg_icon_doomsday_icons_doomsday_trashbag3_fba68890,doomsday_icons,res://assets/tilesets/cyber_city_core_tilesets/Store_Items/Doomsday Icons/Doomsday Icons/TrashBag3.png,TrashBag3.png,individual_png,,512,512,"[71, 28, 453, 490]",50.244,READY_BOTH,doomsday,"[""warning_indicator"", ""scheme_card"", ""world_decal""]",TextureRect,icon_both,OccludableIcons,0.5,90,"Iconography asset; use for UI, badges, decals, signage, screen graphics, or markers.",
pvg_icon_doomsday_icons_doomsday_trashbag4_2721bf5d,doomsday_icons,res://assets/tilesets/cyber_city_core_tilesets/Store_Items/Doomsday Icons/Doomsday Icons/TrashBag4.png,TrashBag4.png,individual_png,,512,512,"[34, 66, 482, 458]",54.872,READY_BOTH,doomsday,"[""warning_indicator"", ""scheme_card"", ""world_decal""]",TextureRect,icon_both,OccludableIcons,0.5,90,"Iconography asset; use for UI, badges, decals, signage, screen graphics, or markers.",
pvg_icon_doomsday_icons_doomsday_trashbag5_8f6009f4,doomsday_icons,res://assets/tilesets/cyber_city_core_tilesets/Store_Items/Doomsday Icons/Doomsday Icons/TrashBag5.png,TrashBag5.png,individual_png,,512,512,"[91, 4, 412, 506]",67.233,READY_BOTH,doomsday,"[""warning_indicator"", ""scheme_card"", ""world_decal""]",TextureRect,icon_both,OccludableIcons,0.5,90,"Iconography asset; use for UI, badges, decals, signage, screen graphics, or markers.",
pvg_icon_doomsday_icons_doomsday_trashbin1_e4a4ea40,doomsday_icons,res://assets/tilesets/cyber_city_core_tilesets/Store_Items/Doomsday Icons/Doomsday Icons/TrashBin1.png,TrashBin1.png,individual_png,,512,512,"[83, 41, 468, 490]",49.545,READY_BOTH,doomsday,"[""warning_indicator"", ""scheme_card"", ""world_decal""]",TextureRect,icon_both,OccludableIcons,0.5,90,"Iconography asset; use for UI, badges, decals, signage, screen graphics, or markers.",
pvg_icon_doomsday_icons_doomsday_trashbin2_7aeda01b,doomsday_icons,res://assets/tilesets/cyber_city_core_tilesets/Store_Items/Doomsday Icons/Doomsday Icons/TrashBin2.png,TrashBin2.png,individual_png,,512,512,"[51, 59, 474, 491]",48.376,READY_BOTH,doomsday,"[""warning_indicator"", ""scheme_card"", ""world_decal""]",TextureRect,icon_both,OccludableIcons,0.5,90,"Iconography asset; use for UI, badges, decals, signage, screen graphics, or markers.",
pvg_icon_doomsday_icons_doomsday_trashbin3_ee731866,doomsday_icons,res://assets/tilesets/cyber_city_core_tilesets/Store_Items/Doomsday Icons/Doomsday Icons/TrashBin3.png,TrashBin3.png,individual_png,,512,512,"[37, 4, 464, 505]",35.143,READY_BOTH,doomsday,"[""warning_indicator"", ""scheme_card"", ""world_decal""]",TextureRect,icon_both,OccludableIcons,0.5,90,"Iconography asset; use for UI, badges, decals, signage, screen graphics, or markers.",
pvg_icon_doomsday_icons_doomsday_trashcan1_f0b323db,doomsday_icons,res://assets/tilesets/cyber_city_core_tilesets/Store_Items/Doomsday Icons/Doomsday Icons/TrashCan1.png,TrashCan1.png,individual_png,,512,512,"[146, 19, 327, 490]",70.086,READY_BOTH,doomsday,"[""warning_indicator"", ""scheme_card"", ""world_decal""]",TextureRect,icon_both,OccludableIcons,0.5,90,"Iconography asset; use for UI, badges, decals, signage, screen graphics, or markers.",
pvg_icon_doomsday_icons_doomsday_trolly1_f788e616,doomsday_icons,res://assets/tilesets/cyber_city_core_tilesets/Store_Items/Doomsday Icons/Doomsday Icons/Trolly1.png,Trolly1.png,individual_png,,512,512,"[9, 104, 504, 453]",71.86,READY_BOTH,doomsday,"[""warning_indicator"", ""scheme_card"", ""world_decal""]",TextureRect,icon_both,OccludableIcons,0.5,90,"Iconography asset; use for UI, badges, decals, signage, screen graphics, or markers.",
pvg_icon_doomsday_icons_doomsday_trolly2_f284490b,doomsday_icons,res://assets/tilesets/cyber_city_core_tilesets/Store_Items/Doomsday Icons/Doomsday Icons/Trolly2.png,Trolly2.png,individual_png,,512,512,"[9, 78, 503, 465]",81.324,READY_BOTH,doomsday,"[""warning_indicator"", ""scheme_card"", ""world_decal""]",TextureRect,icon_both,OccludableIcons,0.5,90,"Iconography asset; use for UI, badges, decals, signage, screen graphics, or markers.",
pvg_icon_doomsday_icons_doomsday_tv1_a3cec6d1,doomsday_icons,res://assets/tilesets/cyber_city_core_tilesets/Store_Items/Doomsday Icons/Doomsday Icons/TV1.png,TV1.png,individual_png,,512,512,"[2, 90, 504, 451]",40.696,READY_BOTH,doomsday,"[""warning_indicator"", ""scheme_card"", ""world_decal""]",TextureRect,icon_both,OccludableIcons,0.5,90,"Iconography asset; use for UI, badges, decals, signage, screen graphics, or markers.",
pvg_icon_doomsday_icons_doomsday_tv2_1d0a3c6d,doomsday_icons,res://assets/tilesets/cyber_city_core_tilesets/Store_Items/Doomsday Icons/Doomsday Icons/TV2.png,TV2.png,individual_png,,512,512,"[35, 12, 483, 500]",28.887,READY_BOTH,doomsday,"[""warning_indicator"", ""scheme_card"", ""world_decal""]",TextureRect,icon_both,OccludableIcons,0.5,90,"Iconography asset; use for UI, badges, decals, signage, screen graphics, or markers.",
pvg_icon_doomsday_icons_doomsday_tv3_b7fa2519,doomsday_icons,res://assets/tilesets/cyber_city_core_tilesets/Store_Items/Doomsday Icons/Doomsday Icons/TV3.png,TV3.png,individual_png,,512,512,"[0, 2, 485, 509]",32.801,READY_BOTH,doomsday,"[""warning_indicator"", ""scheme_card"", ""world_decal""]",TextureRect,icon_both,OccludableIcons,0.5,90,"Iconography asset; use for UI, badges, decals, signage, screen graphics, or markers.",
pvg_icon_doomsday_icons_doomsday_urn1_c3adceb5,doomsday_icons,res://assets/tilesets/cyber_city_core_tilesets/Store_Items/Doomsday Icons/Doomsday Icons/Urn1.png,Urn1.png,individual_png,,512,512,"[117, 14, 399, 503]",61.581,READY_BOTH,doomsday,"[""warning_indicator"", ""scheme_card"", ""world_decal""]",TextureRect,icon_both,OccludableIcons,0.5,90,"Iconography asset; use for UI, badges, decals, signage, screen graphics, or markers.",
pvg_icon_doomsday_icons_doomsday_utensil_fork1_219776e3,doomsday_icons,res://assets/tilesets/cyber_city_core_tilesets/Store_Items/Doomsday Icons/Doomsday Icons/Utensil_Fork1.png,Utensil_Fork1.png,individual_png,,512,512,"[90, 112, 391, 377]",96.546,READY_BOTH,doomsday,"[""warning_indicator"", ""scheme_card"", ""world_decal""]",TextureRect,icon_both,OccludableIcons,0.5,90,"Iconography asset; use for UI, badges, decals, signage, screen graphics, or markers.",
pvg_icon_doomsday_icons_doomsday_utensil_knife1_31bc125f,doomsday_icons,res://assets/tilesets/cyber_city_core_tilesets/Store_Items/Doomsday Icons/Doomsday Icons/Utensil_Knife1.png,Utensil_Knife1.png,individual_png,,512,512,"[109, 129, 406, 410]",95.712,READY_BOTH,doomsday,"[""warning_indicator"", ""scheme_card"", ""world_decal""]",TextureRect,icon_both,OccludableIcons,0.5,90,"Iconography asset; use for UI, badges, decals, signage, screen graphics, or markers.",
pvg_icon_doomsday_icons_doomsday_utensil_spoon1_bcf6a638,doomsday_icons,res://assets/tilesets/cyber_city_core_tilesets/Store_Items/Doomsday Icons/Doomsday Icons/Utensil_Spoon1.png,Utensil_Spoon1.png,individual_png,,512,512,"[72, 91, 442, 454]",92.687,READY_BOTH,doomsday,"[""warning_indicator"", ""scheme_card"", ""world_decal""]",TextureRect,icon_both,OccludableIcons,0.5,90,"Iconography asset; use for UI, badges, decals, signage, screen graphics, or markers.",
pvg_icon_doomsday_icons_doomsday_vacuum1_53a35aa8,doomsday_icons,res://assets/tilesets/cyber_city_core_tilesets/Store_Items/Doomsday Icons/Doomsday Icons/Vacuum1.png,Vacuum1.png,individual_png,,512,512,"[185, 5, 382, 510]",87.21,READY_BOTH,doomsday,"[""warning_indicator"", ""scheme_card"", ""world_decal""]",TextureRect,icon_both,OccludableIcons,0.5,90,"Iconography asset; use for UI, badges, decals, signage, screen graphics, or markers.",
pvg_icon_doomsday_icons_doomsday_vase1_6797834b,doomsday_icons,res://assets/tilesets/cyber_city_core_tilesets/Store_Items/Doomsday Icons/Doomsday Icons/Vase1.png,Vase1.png,individual_png,,512,512,"[138, 8, 349, 487]",76.389,READY_BOTH,doomsday,"[""warning_indicator"", ""scheme_card"", ""world_decal""]",TextureRect,icon_both,OccludableIcons,0.5,90,"Iconography asset; use for UI, badges, decals, signage, screen graphics, or markers.",
pvg_icon_doomsday_icons_doomsday_vase2_700ff655,doomsday_icons,res://assets/tilesets/cyber_city_core_tilesets/Store_Items/Doomsday Icons/Doomsday Icons/Vase2.png,Vase2.png,individual_png,,512,512,"[23, 100, 473, 430]",62.535,READY_BOTH,doomsday,"[""warning_indicator"", ""scheme_card"", ""world_decal""]",TextureRect,icon_both,OccludableIcons,0.5,90,"Iconography asset; use for UI, badges, decals, signage, screen graphics, or markers.",
pvg_icon_doomsday_icons_doomsday_vehicle1_2beffcbc,doomsday_icons,res://assets/tilesets/cyber_city_core_tilesets/Store_Items/Doomsday Icons/Doomsday Icons/Vehicle1.png,Vehicle1.png,individual_png,,512,512,"[9, 86, 509, 424]",55.092,READY_BOTH,doomsday,"[""warning_indicator"", ""scheme_card"", ""world_decal""]",TextureRect,icon_both,OccludableIcons,0.5,90,"Iconography asset; use for UI, badges, decals, signage, screen graphics, or markers.",
pvg_icon_doomsday_icons_doomsday_vehicle10_d718b25d,doomsday_icons,res://assets/tilesets/cyber_city_core_tilesets/Store_Items/Doomsday Icons/Doomsday Icons/Vehicle10.png,Vehicle10.png,individual_png,,512,512,"[1, 156, 509, 415]",66.454,READY_BOTH,doomsday,"[""warning_indicator"", ""scheme_card"", ""world_decal""]",TextureRect,icon_both,OccludableIcons,0.5,90,"Iconography asset; use for UI, badges, decals, signage, screen graphics, or markers.",
pvg_icon_doomsday_icons_doomsday_vehicle11_187e3c3e,doomsday_icons,res://assets/tilesets/cyber_city_core_tilesets/Store_Items/Doomsday Icons/Doomsday Icons/Vehicle11.png,Vehicle11.png,individual_png,,512,512,"[4, 156, 511, 446]",65.213,READY_BOTH,doomsday,"[""warning_indicator"", ""scheme_card"", ""world_decal""]",TextureRect,icon_both,OccludableIcons,0.5,90,"Iconography asset; use for UI, badges, decals, signage, screen graphics, or markers.",
pvg_icon_doomsday_icons_doomsday_vehicle12_5de11beb,doomsday_icons,res://assets/tilesets/cyber_city_core_tilesets/Store_Items/Doomsday Icons/Doomsday Icons/Vehicle12.png,Vehicle12.png,individual_png,,512,512,"[1, 135, 509, 439]",61.251,READY_BOTH,doomsday,"[""warning_indicator"", ""scheme_card"", ""world_decal""]",TextureRect,icon_both,OccludableIcons,0.5,90,"Iconography asset; use for UI, badges, decals, signage, screen graphics, or markers.",
pvg_icon_doomsday_icons_doomsday_vehicle13_e4ada6e6,doomsday_icons,res://assets/tilesets/cyber_city_core_tilesets/Store_Items/Doomsday Icons/Doomsday Icons/Vehicle13.png,Vehicle13.png,individual_png,,512,512,"[2, 174, 507, 398]",72.398,READY_BOTH,doomsday,"[""warning_indicator"", ""scheme_card"", ""world_decal""]",TextureRect,icon_both,OccludableIcons,0.5,90,"Iconography asset; use for UI, badges, decals, signage, screen graphics, or markers.",
pvg_icon_doomsday_icons_doomsday_vehicle14_d8681393,doomsday_icons,res://assets/tilesets/cyber_city_core_tilesets/Store_Items/Doomsday Icons/Doomsday Icons/Vehicle14.png,Vehicle14.png,individual_png,,512,512,"[5, 2, 508, 506]",50.99,READY_BOTH,doomsday,"[""warning_indicator"", ""scheme_card"", ""world_decal""]",TextureRect,icon_both,OccludableIcons,0.5,90,"Iconography asset; use for UI, badges, decals, signage, screen graphics, or markers.",
pvg_icon_doomsday_icons_doomsday_vehicle15_a2a26421,doomsday_icons,res://assets/tilesets/cyber_city_core_tilesets/Store_Items/Doomsday Icons/Doomsday Icons/Vehicle15.png,Vehicle15.png,individual_png,,512,512,"[4, 23, 508, 486]",51.303,READY_BOTH,doomsday,"[""warning_indicator"", ""scheme_card"", ""world_decal""]",TextureRect,icon_both,OccludableIcons,0.5,90,"Iconography asset; use for UI, badges, decals, signage, screen graphics, or markers.",
pvg_icon_doomsday_icons_doomsday_vehicle2_bdfccf56,doomsday_icons,res://assets/tilesets/cyber_city_core_tilesets/Store_Items/Doomsday Icons/Doomsday Icons/Vehicle2.png,Vehicle2.png,individual_png,,512,512,"[3, 180, 510, 371]",75.315,READY_BOTH,doomsday,"[""warning_indicator"", ""scheme_card"", ""world_decal""]",TextureRect,icon_both,OccludableIcons,0.5,90,"Iconography asset; use for UI, badges, decals, signage, screen graphics, or markers.",
pvg_icon_doomsday_icons_doomsday_vehicle3_de108434,doomsday_icons,res://assets/tilesets/cyber_city_core_tilesets/Store_Items/Doomsday Icons/Doomsday Icons/Vehicle3.png,Vehicle3.png,individual_png,,512,512,"[3, 158, 509, 410]",70.919,READY_BOTH,doomsday,"[""warning_indicator"", ""scheme_card"", ""world_decal""]",TextureRect,icon_both,OccludableIcons,0.5,90,"Iconography asset; use for UI, badges, decals, signage, screen graphics, or markers.",
pvg_icon_doomsday_icons_doomsday_vehicle4_7868bfe0,doomsday_icons,res://assets/tilesets/cyber_city_core_tilesets/Store_Items/Doomsday Icons/Doomsday Icons/Vehicle4.png,Vehicle4.png,individual_png,,512,512,"[18, 20, 504, 458]",63.11,READY_BOTH,doomsday,"[""warning_indicator"", ""scheme_card"", ""world_decal""]",TextureRect,icon_both,OccludableIcons,0.5,90,"Iconography asset; use for UI, badges, decals, signage, screen graphics, or markers.",
pvg_icon_doomsday_icons_doomsday_vehicle5_3dc3f3a8,doomsday_icons,res://assets/tilesets/cyber_city_core_tilesets/Store_Items/Doomsday Icons/Doomsday Icons/Vehicle5.png,Vehicle5.png,individual_png,,512,512,"[0, 156, 505, 430]",68.588,READY_BOTH,doomsday,"[""warning_indicator"", ""scheme_card"", ""world_decal""]",TextureRect,icon_both,OccludableIcons,0.5,90,"Iconography asset; use for UI, badges, decals, signage, screen graphics, or markers.",
pvg_icon_doomsday_icons_doomsday_vehicle6_520a1dfd,doomsday_icons,res://assets/tilesets/cyber_city_core_tilesets/Store_Items/Doomsday Icons/Doomsday Icons/Vehicle6.png,Vehicle6.png,individual_png,,512,512,"[0, 135, 512, 447]",58.432,READY_BOTH,doomsday,"[""warning_indicator"", ""scheme_card"", ""world_decal""]",TextureRect,icon_both,OccludableIcons,0.5,90,"Iconography asset; use for UI, badges, decals, signage, screen graphics, or markers.",
pvg_icon_doomsday_icons_doomsday_vehicle7_6d044149,doomsday_icons,res://assets/tilesets/cyber_city_core_tilesets/Store_Items/Doomsday Icons/Doomsday Icons/Vehicle7.png,Vehicle7.png,individual_png,,512,512,"[0, 148, 512, 425]",63.432,READY_BOTH,doomsday,"[""warning_indicator"", ""scheme_card"", ""world_decal""]",TextureRect,icon_both,OccludableIcons,0.5,90,"Iconography asset; use for UI, badges, decals, signage, screen graphics, or markers.",
pvg_icon_doomsday_icons_doomsday_vehicle8_74d67d7b,doomsday_icons,res://assets/tilesets/cyber_city_core_tilesets/Store_Items/Doomsday Icons/Doomsday Icons/Vehicle8.png,Vehicle8.png,individual_png,,512,512,"[3, 103, 506, 418]",63.988,READY_BOTH,doomsday,"[""warning_indicator"", ""scheme_card"", ""world_decal""]",TextureRect,icon_both,OccludableIcons,0.5,90,"Iconography asset; use for UI, badges, decals, signage, screen graphics, or markers.",
pvg_icon_doomsday_icons_doomsday_vehicle9_568a6282,doomsday_icons,res://assets/tilesets/cyber_city_core_tilesets/Store_Items/Doomsday Icons/Doomsday Icons/Vehicle9.png,Vehicle9.png,individual_png,,512,512,"[2, 173, 508, 412]",69.914,READY_BOTH,doomsday,"[""warning_indicator"", ""scheme_card"", ""world_decal""]",TextureRect,icon_both,OccludableIcons,0.5,90,"Iconography asset; use for UI, badges, decals, signage, screen graphics, or markers.",
pvg_icon_doomsday_icons_doomsday_vendingmachine1_152e025c,doomsday_icons,res://assets/tilesets/cyber_city_core_tilesets/Store_Items/Doomsday Icons/Doomsday Icons/VendingMachine1.png,VendingMachine1.png,individual_png,,512,512,"[98, 3, 389, 508]",49.757,READY_BOTH,doomsday,"[""warning_indicator"", ""scheme_card"", ""world_decal""]",TextureRect,icon_both,OccludableIcons,0.5,90,"Iconography asset; use for UI, badges, decals, signage, screen graphics, or markers.",
pvg_icon_doomsday_icons_doomsday_vendingmachine2_14ee5e0f,doomsday_icons,res://assets/tilesets/cyber_city_core_tilesets/Store_Items/Doomsday Icons/Doomsday Icons/VendingMachine2.png,VendingMachine2.png,individual_png,,512,512,"[100, 1, 395, 511]",47.51,READY_BOTH,doomsday,"[""warning_indicator"", ""scheme_card"", ""world_decal""]",TextureRect,icon_both,OccludableIcons,0.5,90,"Iconography asset; use for UI, badges, decals, signage, screen graphics, or markers.",
pvg_icon_doomsday_icons_doomsday_washingmachine1_0cfcae32,doomsday_icons,res://assets/tilesets/cyber_city_core_tilesets/Store_Items/Doomsday Icons/Doomsday Icons/WashingMachine1.png,WashingMachine1.png,individual_png,,512,512,"[61, 11, 451, 507]",40.037,READY_BOTH,doomsday,"[""warning_indicator"", ""scheme_card"", ""world_decal""]",TextureRect,icon_both,OccludableIcons,0.5,90,"Iconography asset; use for UI, badges, decals, signage, screen graphics, or markers.",
pvg_icon_doomsday_icons_doomsday_washingmachine2_d6384949,doomsday_icons,res://assets/tilesets/cyber_city_core_tilesets/Store_Items/Doomsday Icons/Doomsday Icons/WashingMachine2.png,WashingMachine2.png,individual_png,,512,512,"[55, 30, 494, 502]",44.332,READY_BOTH,doomsday,"[""warning_indicator"", ""scheme_card"", ""world_decal""]",TextureRect,icon_both,OccludableIcons,0.5,90,"Iconography asset; use for UI, badges, decals, signage, screen graphics, or markers.",
pvg_icon_doomsday_icons_doomsday_watercooler1_ab05f59a,doomsday_icons,res://assets/tilesets/cyber_city_core_tilesets/Store_Items/Doomsday Icons/Doomsday Icons/WaterCooler1.png,WaterCooler1.png,individual_png,,512,512,"[204, 11, 361, 510]",75.145,READY_BOTH,doomsday,"[""warning_indicator"", ""scheme_card"", ""world_decal""]",TextureRect,icon_both,OccludableIcons,0.5,90,"Iconography asset; use for UI, badges, decals, signage, screen graphics, or markers.",
pvg_icon_doomsday_icons_doomsday_wateringcan1_242811a4,doomsday_icons,res://assets/tilesets/cyber_city_core_tilesets/Store_Items/Doomsday Icons/Doomsday Icons/WateringCan1.png,WateringCan1.png,individual_png,,512,512,"[2, 28, 501, 474]",64.241,READY_BOTH,doomsday,"[""warning_indicator"", ""scheme_card"", ""world_decal""]",TextureRect,icon_both,OccludableIcons,0.5,90,"Iconography asset; use for UI, badges, decals, signage, screen graphics, or markers.",
pvg_icon_doomsday_icons_doomsday_waterjug1_d1e9021b,doomsday_icons,res://assets/tilesets/cyber_city_core_tilesets/Store_Items/Doomsday Icons/Doomsday Icons/WaterJug1.png,WaterJug1.png,individual_png,,512,512,"[51, 17, 460, 488]",42.847,READY_BOTH,doomsday,"[""warning_indicator"", ""scheme_card"", ""world_decal""]",TextureRect,icon_both,OccludableIcons,0.5,90,"Iconography asset; use for UI, badges, decals, signage, screen graphics, or markers.",
pvg_icon_doomsday_icons_doomsday_watertank1_55837efc,doomsday_icons,res://assets/tilesets/cyber_city_core_tilesets/Store_Items/Doomsday Icons/Doomsday Icons/WaterTank1.png,WaterTank1.png,individual_png,,512,512,"[58, 15, 453, 502]",40.59,READY_BOTH,doomsday,"[""warning_indicator"", ""scheme_card"", ""world_decal""]",TextureRect,icon_both,OccludableIcons,0.5,90,"Iconography asset; use for UI, badges, decals, signage, screen graphics, or markers.",
pvg_icon_doomsday_icons_doomsday_watertank2_23765128,doomsday_icons,res://assets/tilesets/cyber_city_core_tilesets/Store_Items/Doomsday Icons/Doomsday Icons/WaterTank2.png,WaterTank2.png,individual_png,,512,512,"[125, 3, 433, 486]",51.338,READY_BOTH,doomsday,"[""warning_indicator"", ""scheme_card"", ""world_decal""]",TextureRect,icon_both,OccludableIcons,0.5,90,"Iconography asset; use for UI, badges, decals, signage, screen graphics, or markers.",
pvg_icon_doomsday_icons_doomsday_wheelchair1_cac62e92,doomsday_icons,res://assets/tilesets/cyber_city_core_tilesets/Store_Items/Doomsday Icons/Doomsday Icons/Wheelchair1.png,Wheelchair1.png,individual_png,,512,512,"[10, 25, 436, 505]",61.626,READY_BOTH,doomsday,"[""warning_indicator"", ""scheme_card"", ""world_decal""]",TextureRect,icon_both,OccludableIcons,0.5,90,"Iconography asset; use for UI, badges, decals, signage, screen graphics, or markers.",
pvg_icon_doomsday_icons_doomsday_wheelchair2_e1e3a7e4,doomsday_icons,res://assets/tilesets/cyber_city_core_tilesets/Store_Items/Doomsday Icons/Doomsday Icons/Wheelchair2.png,Wheelchair2.png,individual_png,,512,512,"[28, 16, 501, 502]",54.226,READY_BOTH,doomsday,"[""warning_indicator"", ""scheme_card"", ""world_decal""]",TextureRect,icon_both,OccludableIcons,0.5,90,"Iconography asset; use for UI, badges, decals, signage, screen graphics, or markers.",
pvg_icon_doomsday_icons_doomsday_whiteboard1_91531150,doomsday_icons,res://assets/tilesets/cyber_city_core_tilesets/Store_Items/Doomsday Icons/Doomsday Icons/WhiteBoard1.png,WhiteBoard1.png,individual_png,,512,512,"[3, 1, 508, 512]",45.699,READY_BOTH,doomsday,"[""warning_indicator"", ""scheme_card"", ""world_decal""]",TextureRect,icon_both,OccludableIcons,0.5,90,"Iconography asset; use for UI, badges, decals, signage, screen graphics, or markers.",
pvg_icon_doomsday_icons_doomsday_whiteboard2_80edfe31,doomsday_icons,res://assets/tilesets/cyber_city_core_tilesets/Store_Items/Doomsday Icons/Doomsday Icons/WhiteBoard2.png,WhiteBoard2.png,individual_png,,512,512,"[21, 1, 485, 510]",46.092,READY_BOTH,doomsday,"[""warning_indicator"", ""scheme_card"", ""world_decal""]",TextureRect,icon_both,OccludableIcons,0.5,90,"Iconography asset; use for UI, badges, decals, signage, screen graphics, or markers.",
pvg_icon_doomsday_icons_doomsday_wood1_ea56359b,doomsday_icons,res://assets/tilesets/cyber_city_core_tilesets/Store_Items/Doomsday Icons/Doomsday Icons/Wood1.png,Wood1.png,individual_png,,512,512,"[104, 53, 422, 455]",82.766,READY_BOTH,doomsday,"[""warning_indicator"", ""scheme_card"", ""world_decal""]",TextureRect,icon_both,OccludableIcons,0.5,90,"Iconography asset; use for UI, badges, decals, signage, screen graphics, or markers.",
pvg_icon_doomsday_icons_doomsday_wood2_b44b25e2,doomsday_icons,res://assets/tilesets/cyber_city_core_tilesets/Store_Items/Doomsday Icons/Doomsday Icons/Wood2.png,Wood2.png,individual_png,,512,512,"[48, 33, 479, 457]",86.568,READY_BOTH,doomsday,"[""warning_indicator"", ""scheme_card"", ""world_decal""]",TextureRect,icon_both,OccludableIcons,0.5,90,"Iconography asset; use for UI, badges, decals, signage, screen graphics, or markers.",
pvg_icon_doomsday_icons_doomsday_wood3_ec02bb14,doomsday_icons,res://assets/tilesets/cyber_city_core_tilesets/Store_Items/Doomsday Icons/Doomsday Icons/Wood3.png,Wood3.png,individual_png,,512,512,"[89, 77, 435, 389]",85.839,READY_BOTH,doomsday,"[""warning_indicator"", ""scheme_card"", ""world_decal""]",TextureRect,icon_both,OccludableIcons,0.5,90,"Iconography asset; use for UI, badges, decals, signage, screen graphics, or markers.",
pvg_icon_doomsday_icons_doomsday_woodenplank1_6b8f7990,doomsday_icons,res://assets/tilesets/cyber_city_core_tilesets/Store_Items/Doomsday Icons/Doomsday Icons/WoodenPlank1.png,WoodenPlank1.png,individual_png,,512,512,"[5, 29, 506, 448]",64.769,READY_BOTH,doomsday,"[""warning_indicator"", ""scheme_card"", ""world_decal""]",TextureRect,icon_both,OccludableIcons,0.5,90,"Iconography asset; use for UI, badges, decals, signage, screen graphics, or markers.",
pvg_icon_doomsday_icons_doomsday_woodpile1_3b291940,doomsday_icons,res://assets/tilesets/cyber_city_core_tilesets/Store_Items/Doomsday Icons/Doomsday Icons/WoodPile1.png,WoodPile1.png,individual_png,,512,512,"[0, 179, 512, 412]",79.784,READY_BOTH,doomsday,"[""warning_indicator"", ""scheme_card"", ""world_decal""]",TextureRect,icon_both,OccludableIcons,0.5,90,"Iconography asset; use for UI, badges, decals, signage, screen graphics, or markers.",
pvg_icon_doomsday_icons_doomsday_woodstove1_12372c94,doomsday_icons,res://assets/tilesets/cyber_city_core_tilesets/Store_Items/Doomsday Icons/Doomsday Icons/WoodStove1.png,WoodStove1.png,individual_png,,512,512,"[103, 0, 414, 510]",60.983,READY_BOTH,doomsday,"[""warning_indicator"", ""scheme_card"", ""world_decal""]",TextureRect,icon_both,OccludableIcons,0.5,90,"Iconography asset; use for UI, badges, decals, signage, screen graphics, or markers.",
pvg_icon_doomsday_icons_doomsday_workbench1_1d351471,doomsday_icons,res://assets/tilesets/cyber_city_core_tilesets/Store_Items/Doomsday Icons/Doomsday Icons/Workbench1.png,Workbench1.png,individual_png,,512,512,"[69, 3, 427, 508]",58.067,READY_BOTH,doomsday,"[""warning_indicator"", ""scheme_card"", ""world_decal""]",TextureRect,icon_both,OccludableIcons,0.5,90,"Iconography asset; use for UI, badges, decals, signage, screen graphics, or markers.",
pvg_icon_doomsday_icons_doomsday_workbench2_771769dd,doomsday_icons,res://assets/tilesets/cyber_city_core_tilesets/Store_Items/Doomsday Icons/Doomsday Icons/Workbench2.png,Workbench2.png,individual_png,,512,512,"[0, 14, 511, 501]",40.451,READY_BOTH,doomsday,"[""warning_indicator"", ""scheme_card"", ""world_decal""]",TextureRect,icon_both,OccludableIcons,0.5,90,"Iconography asset; use for UI, badges, decals, signage, screen graphics, or markers.",
