source_set,source_path,filename,extension,width,height,has_alpha,alpha_bounding_box,visible_pixel_bounding_box,transparent_percentage,mostly_blank,visible_coverage_percentage,likely_individual_icon,likely_atlas_sheet,likely_ui_panel_large_graphic,likely_world_decal,dominant_filename_keywords,inferred_theme_keywords,import_sidecar_exists
cyber_city_icons,res://assets/tilesets/cyber_city_core_tilesets/Store_Items/CyberCity_Icons/CyberCity_Icons/Accessory_10_Female.png,Accessory_10_Female.png,.png,512,512,True,"[131, 2, 429, 508]","[131, 2, 429, 508]",85.656,False,14.344,True,False,False,True,"[""accessory"", ""door"", ""female"", ""png""]","[""cyber"", ""scheme_card"", ""screen_graphic"", ""world_decal""]",True
cyber_city_icons,res://assets/tilesets/cyber_city_core_tilesets/Store_Items/CyberCity_Icons/CyberCity_Icons/Accessory_10_Male.png,Accessory_10_Male.png,.png,512,512,True,"[85, 10, 393, 508]","[85, 10, 393, 508]",84.352,False,15.648,True,False,False,True,"[""accessory"", ""door"", ""male"", ""png""]","[""cyber"", ""scheme_card"", ""screen_graphic"", ""world_decal""]",True
cyber_city_icons,res://assets/tilesets/cyber_city_core_tilesets/Store_Items/CyberCity_Icons/CyberCity_Icons/Accessory_11_Female.png,Accessory_11_Female.png,.png,512,512,True,"[209, 6, 369, 508]","[209, 6, 369, 508]",85.211,False,14.789,True,False,False,True,"[""accessory"", ""door"", ""female"", ""png""]","[""cyber"", ""scheme_card"", ""screen_graphic"", ""world_decal""]",True
cyber_city_icons,res://assets/tilesets/cyber_city_core_tilesets/Store_Items/CyberCity_Icons/CyberCity_Icons/Accessory_11_Male.png,Accessory_11_Male.png,.png,512,512,True,"[171, 2, 346, 507]","[171, 2, 346, 507]",83.689,False,16.311,True,False,False,True,"[""accessory"", ""door"", ""male"", ""png""]","[""cyber"", ""scheme_card"", ""screen_graphic"", ""world_decal""]",True
cyber_city_icons,res://assets/tilesets/cyber_city_core_tilesets/Store_Items/CyberCity_Icons/CyberCity_Icons/Accessory_12_Female.png,Accessory_12_Female.png,.png,512,512,True,"[165, 1, 295, 507]","[165, 1, 295, 507]",86.818,False,13.182,True,False,False,True,"[""accessory"", ""door"", ""female"", ""png""]","[""cyber"", ""scheme_card"", ""screen_graphic"", ""world_decal""]",True
cyber_city_icons,res://assets/tilesets/cyber_city_core_tilesets/Store_Items/CyberCity_Icons/CyberCity_Icons/Accessory_12_Male.png,Accessory_12_Male.png,.png,512,512,True,"[164, 4, 318, 504]","[164, 4, 318, 504]",85.738,False,14.262,True,False,False,True,"[""accessory"", ""door"", ""male"", ""png""]","[""cyber"", ""scheme_card"", ""screen_graphic"", ""world_decal""]",True
cyber_city_icons,res://assets/tilesets/cyber_city_core_tilesets/Store_Items/CyberCity_Icons/CyberCity_Icons/Accessory_13_Female.png,Accessory_13_Female.png,.png,512,512,True,"[71, 17, 390, 489]","[71, 17, 390, 489]",61.619,False,38.381,True,False,False,True,"[""accessory"", ""door"", ""female"", ""png""]","[""cyber"", ""scheme_card"", ""screen_graphic"", ""world_decal""]",True
cyber_city_icons,res://assets/tilesets/cyber_city_core_tilesets/Store_Items/CyberCity_Icons/CyberCity_Icons/Accessory_13_Male.png,Accessory_13_Male.png,.png,512,512,True,"[82, 35, 380, 475]","[82, 35, 380, 475]",67.474,False,32.526,True,False,False,True,"[""accessory"", ""door"", ""male"", ""png""]","[""cyber"", ""scheme_card"", ""screen_graphic"", ""world_decal""]",True
cyber_city_icons,res://assets/tilesets/cyber_city_core_tilesets/Store_Items/CyberCity_Icons/CyberCity_Icons/Accessory_14_Female.png,Accessory_14_Female.png,.png,512,512,True,"[93, 9, 406, 501]","[93, 9, 406, 501]",60.274,False,39.726,True,False,False,True,"[""accessory"", ""door"", ""female"", ""png""]","[""cyber"", ""scheme_card"", ""screen_graphic"", ""world_decal""]",True
cyber_city_icons,res://assets/tilesets/cyber_city_core_tilesets/Store_Items/CyberCity_Icons/CyberCity_Icons/Accessory_14_Male.png,Accessory_14_Male.png,.png,512,512,True,"[57, 11, 400, 508]","[57, 11, 400, 508]",58.654,False,41.346,True,False,False,True,"[""accessory"", ""door"", ""male"", ""png""]","[""cyber"", ""scheme_card"", ""screen_graphic"", ""world_decal""]",True
cyber_city_icons,res://assets/tilesets/cyber_city_core_tilesets/Store_Items/CyberCity_Icons/CyberCity_Icons/Accessory_1_Female.png,Accessory_1_Female.png,.png,512,512,True,"[44, 22, 479, 491]","[44, 22, 479, 491]",79.959,False,20.041,True,False,False,True,"[""accessory"", ""door"", ""female"", ""png""]","[""cyber"", ""scheme_card"", ""screen_graphic"", ""world_decal""]",True
cyber_city_icons,res://assets/tilesets/cyber_city_core_tilesets/Store_Items/CyberCity_Icons/CyberCity_Icons/Accessory_1_Male.png,Accessory_1_Male.png,.png,512,512,True,"[67, 41, 468, 445]","[67, 41, 468, 445]",83.591,False,16.409,True,False,False,True,"[""accessory"", ""door"", ""male"", ""png""]","[""cyber"", ""scheme_card"", ""screen_graphic"", ""world_decal""]",True
cyber_city_icons,res://assets/tilesets/cyber_city_core_tilesets/Store_Items/CyberCity_Icons/CyberCity_Icons/Accessory_2_Female.png,Accessory_2_Female.png,.png,512,512,True,"[89, 5, 385, 507]","[89, 5, 385, 507]",85.907,False,14.093,True,False,False,True,"[""accessory"", ""door"", ""female"", ""png""]","[""cyber"", ""scheme_card"", ""screen_graphic"", ""world_decal""]",True
cyber_city_icons,res://assets/tilesets/cyber_city_core_tilesets/Store_Items/CyberCity_Icons/CyberCity_Icons/Accessory_2_Male.png,Accessory_2_Male.png,.png,512,512,True,"[46, 12, 406, 502]","[46, 12, 406, 502]",84.141,False,15.859,True,False,False,True,"[""accessory"", ""door"", ""male"", ""png""]","[""cyber"", ""scheme_card"", ""screen_graphic"", ""world_decal""]",True
cyber_city_icons,res://assets/tilesets/cyber_city_core_tilesets/Store_Items/CyberCity_Icons/CyberCity_Icons/Accessory_3_Female.png,Accessory_3_Female.png,.png,512,512,True,"[166, 4, 331, 509]","[166, 4, 331, 509]",85.136,False,14.864,True,False,False,True,"[""accessory"", ""door"", ""female"", ""png""]","[""cyber"", ""scheme_card"", ""screen_graphic"", ""world_decal""]",True
cyber_city_icons,res://assets/tilesets/cyber_city_core_tilesets/Store_Items/CyberCity_Icons/CyberCity_Icons/Accessory_3_Male.png,Accessory_3_Male.png,.png,512,512,True,"[195, 2, 367, 501]","[195, 2, 367, 501]",84.041,False,15.959,True,False,False,True,"[""accessory"", ""door"", ""male"", ""png""]","[""cyber"", ""scheme_card"", ""screen_graphic"", ""world_decal""]",True
cyber_city_icons,res://assets/tilesets/cyber_city_core_tilesets/Store_Items/CyberCity_Icons/CyberCity_Icons/Accessory_4_Female.png,Accessory_4_Female.png,.png,512,512,True,"[184, 5, 313, 506]","[184, 5, 313, 506]",87.17,False,12.83,True,False,False,True,"[""accessory"", ""door"", ""female"", ""png""]","[""cyber"", ""scheme_card"", ""screen_graphic"", ""world_decal""]",True
cyber_city_icons,res://assets/tilesets/cyber_city_core_tilesets/Store_Items/CyberCity_Icons/CyberCity_Icons/Accessory_4_Male.png,Accessory_4_Male.png,.png,512,512,True,"[152, 2, 305, 498]","[152, 2, 305, 498]",86.117,False,13.883,True,False,False,True,"[""accessory"", ""door"", ""male"", ""png""]","[""cyber"", ""scheme_card"", ""screen_graphic"", ""world_decal""]",True
cyber_city_icons,res://assets/tilesets/cyber_city_core_tilesets/Store_Items/CyberCity_Icons/CyberCity_Icons/Accessory_5_Female.png,Accessory_5_Female.png,.png,512,512,True,"[94, 15, 407, 478]","[94, 15, 407, 478]",65.541,False,34.459,True,False,False,True,"[""accessory"", ""door"", ""female"", ""png""]","[""cyber"", ""scheme_card"", ""screen_graphic"", ""world_decal""]",True
cyber_city_icons,res://assets/tilesets/cyber_city_core_tilesets/Store_Items/CyberCity_Icons/CyberCity_Icons/Accessory_5_Male.png,Accessory_5_Male.png,.png,512,512,True,"[93, 39, 401, 477]","[93, 39, 401, 477]",68.393,False,31.607,True,False,False,True,"[""accessory"", ""door"", ""male"", ""png""]","[""cyber"", ""scheme_card"", ""screen_graphic"", ""world_decal""]",True
cyber_city_icons,res://assets/tilesets/cyber_city_core_tilesets/Store_Items/CyberCity_Icons/CyberCity_Icons/Accessory_6.png,Accessory_6.png,.png,512,512,True,"[67, 26, 464, 445]","[67, 26, 464, 445]",84.555,False,15.445,True,False,False,True,"[""accessory"", ""door"", ""png""]","[""cyber"", ""scheme_card"", ""screen_graphic"", ""world_decal""]",True
cyber_city_icons,res://assets/tilesets/cyber_city_core_tilesets/Store_Items/CyberCity_Icons/CyberCity_Icons/Accessory_7.png,Accessory_7.png,.png,512,512,True,"[108, 10, 432, 506]","[108, 10, 432, 506]",86.412,False,13.588,True,False,False,True,"[""accessory"", ""door"", ""png""]","[""cyber"", ""scheme_card"", ""screen_graphic"", ""world_decal""]",True
cyber_city_icons,res://assets/tilesets/cyber_city_core_tilesets/Store_Items/CyberCity_Icons/CyberCity_Icons/Accessory_8.png,Accessory_8.png,.png,512,512,True,"[70, 147, 357, 407]","[70, 147, 357, 407]",82.77,False,17.23,True,False,False,True,"[""accessory"", ""door"", ""png""]","[""cyber"", ""scheme_card"", ""screen_graphic"", ""world_decal""]",True
cyber_city_icons,res://assets/tilesets/cyber_city_core_tilesets/Store_Items/CyberCity_Icons/CyberCity_Icons/Accessory_9_Female.png,Accessory_9_Female.png,.png,512,512,True,"[46, 16, 472, 477]","[46, 16, 472, 477]",80.949,False,19.051,True,False,False,True,"[""accessory"", ""door"", ""female"", ""png""]","[""cyber"", ""scheme_card"", ""screen_graphic"", ""world_decal""]",True
cyber_city_icons,res://assets/tilesets/cyber_city_core_tilesets/Store_Items/CyberCity_Icons/CyberCity_Icons/Accessory_9_Male.png,Accessory_9_Male.png,.png,512,512,True,"[51, 15, 486, 480]","[51, 15, 486, 480]",77.306,False,22.694,True,False,False,True,"[""accessory"", ""door"", ""male"", ""png""]","[""cyber"", ""scheme_card"", ""screen_graphic"", ""world_decal""]",True
cyber_city_icons,res://assets/tilesets/cyber_city_core_tilesets/Store_Items/CyberCity_Icons/CyberCity_Icons/Ad_1.png,Ad_1.png,.png,512,512,True,"[120, 7, 383, 503]","[120, 7, 383, 503]",57.685,False,42.315,True,False,False,True,"[""ad"", ""png""]","[""cyber"", ""scheme_card"", ""screen_graphic"", ""world_decal""]",True
cyber_city_icons,res://assets/tilesets/cyber_city_core_tilesets/Store_Items/CyberCity_Icons/CyberCity_Icons/Ad_2.png,Ad_2.png,.png,512,512,True,"[158, 3, 322, 494]","[158, 3, 322, 494]",74.852,False,25.148,True,False,False,True,"[""ad"", ""png""]","[""cyber"", ""scheme_card"", ""screen_graphic"", ""world_decal""]",True
cyber_city_icons,res://assets/tilesets/cyber_city_core_tilesets/Store_Items/CyberCity_Icons/CyberCity_Icons/Ad_3.png,Ad_3.png,.png,512,512,True,"[163, 9, 325, 493]","[163, 9, 325, 493]",73.797,False,26.203,True,False,False,True,"[""ad"", ""png""]","[""cyber"", ""scheme_card"", ""screen_graphic"", ""world_decal""]",True
cyber_city_icons,res://assets/tilesets/cyber_city_core_tilesets/Store_Items/CyberCity_Icons/CyberCity_Icons/Ad_4.png,Ad_4.png,.png,512,512,True,"[42, 53, 481, 427]","[42, 53, 481, 427]",45.638,False,54.362,True,False,False,True,"[""ad"", ""png""]","[""cyber"", ""scheme_card"", ""screen_graphic"", ""world_decal""]",True
cyber_city_icons,res://assets/tilesets/cyber_city_core_tilesets/Store_Items/CyberCity_Icons/CyberCity_Icons/Ad_5.png,Ad_5.png,.png,512,512,True,"[1, 59, 509, 452]","[1, 59, 509, 452]",31.128,False,68.872,True,False,False,True,"[""ad"", ""png""]","[""cyber"", ""scheme_card"", ""screen_graphic"", ""world_decal""]",True
cyber_city_icons,res://assets/tilesets/cyber_city_core_tilesets/Store_Items/CyberCity_Icons/CyberCity_Icons/Ad_6.png,Ad_6.png,.png,512,512,True,"[119, 10, 425, 498]","[119, 10, 425, 498]",49.836,False,50.164,True,False,False,True,"[""ad"", ""png""]","[""cyber"", ""scheme_card"", ""screen_graphic"", ""world_decal""]",True
cyber_city_icons,res://assets/tilesets/cyber_city_core_tilesets/Store_Items/CyberCity_Icons/CyberCity_Icons/Ad_7.png,Ad_7.png,.png,512,512,True,"[2, 107, 506, 379]","[2, 107, 506, 379]",54.716,False,45.284,True,False,False,True,"[""ad"", ""png""]","[""cyber"", ""scheme_card"", ""screen_graphic"", ""world_decal""]",True
cyber_city_icons,res://assets/tilesets/cyber_city_core_tilesets/Store_Items/CyberCity_Icons/CyberCity_Icons/Ad_8.png,Ad_8.png,.png,512,512,True,"[6, 107, 495, 376]","[6, 107, 495, 376]",69.384,False,30.616,True,False,False,True,"[""ad"", ""png""]","[""cyber"", ""scheme_card"", ""screen_graphic"", ""world_decal""]",True
cyber_city_icons,res://assets/tilesets/cyber_city_core_tilesets/Store_Items/CyberCity_Icons/CyberCity_Icons/Ad_9.png,Ad_9.png,.png,512,512,True,"[139, 11, 385, 509]","[139, 11, 385, 509]",60.403,False,39.597,True,False,False,True,"[""ad"", ""png""]","[""cyber"", ""scheme_card"", ""screen_graphic"", ""world_decal""]",True
cyber_city_icons,res://assets/tilesets/cyber_city_core_tilesets/Store_Items/CyberCity_Icons/CyberCity_Icons/AmmoMagazine_1.png,AmmoMagazine_1.png,.png,512,512,True,"[37, 19, 407, 494]","[37, 19, 407, 494]",55.805,False,44.195,True,False,False,True,"[""ammomagazine"", ""png""]","[""cyber"", ""scheme_card"", ""screen_graphic"", ""world_decal""]",True
cyber_city_icons,res://assets/tilesets/cyber_city_core_tilesets/Store_Items/CyberCity_Icons/CyberCity_Icons/AmmoMagazine_2.png,AmmoMagazine_2.png,.png,512,512,True,"[127, 5, 342, 499]","[127, 5, 342, 499]",74.495,False,25.505,True,False,False,True,"[""ammomagazine"", ""png""]","[""cyber"", ""scheme_card"", ""screen_graphic"", ""world_decal""]",True
cyber_city_icons,res://assets/tilesets/cyber_city_core_tilesets/Store_Items/CyberCity_Icons/CyberCity_Icons/Analyzer_1.png,Analyzer_1.png,.png,512,512,True,"[37, 76, 493, 453]","[37, 76, 493, 453]",44.332,False,55.668,True,False,False,True,"[""analyzer"", ""png""]","[""cyber"", ""scheme_card"", ""screen_graphic"", ""world_decal""]",True
cyber_city_icons,res://assets/tilesets/cyber_city_core_tilesets/Store_Items/CyberCity_Icons/CyberCity_Icons/AnatomyScans_1.png,AnatomyScans_1.png,.png,512,512,True,"[107, 10, 388, 501]","[107, 10, 388, 501]",54.087,False,45.913,True,False,False,True,"[""anatomyscans"", ""png""]","[""cyber"", ""scheme_card"", ""screen_graphic"", ""world_decal""]",True
cyber_city_icons,res://assets/tilesets/cyber_city_core_tilesets/Store_Items/CyberCity_Icons/CyberCity_Icons/AnatonyScans_2.png,AnatonyScans_2.png,.png,512,512,True,"[27, 18, 480, 500]","[27, 18, 480, 500]",35.35,False,64.65,True,False,False,True,"[""anatonyscans"", ""png""]","[""cyber"", ""scheme_card"", ""screen_graphic"", ""world_decal""]",True
cyber_city_icons,res://assets/tilesets/cyber_city_core_tilesets/Store_Items/CyberCity_Icons/CyberCity_Icons/AntiqueBox_1.png,AntiqueBox_1.png,.png,512,512,True,"[99, 6, 405, 511]","[99, 6, 405, 511]",61.55,False,38.45,True,False,False,True,"[""antiquebox"", ""png""]","[""cyber"", ""scheme_card"", ""screen_graphic"", ""world_decal""]",True
cyber_city_icons,res://assets/tilesets/cyber_city_core_tilesets/Store_Items/CyberCity_Icons/CyberCity_Icons/AntiqueVase_1.png,AntiqueVase_1.png,.png,512,512,True,"[74, 45, 418, 491]","[74, 45, 418, 491]",60.127,False,39.873,True,False,False,True,"[""antiquevase"", ""png""]","[""cyber"", ""scheme_card"", ""screen_graphic"", ""world_decal""]",True
cyber_city_icons,res://assets/tilesets/cyber_city_core_tilesets/Store_Items/CyberCity_Icons/CyberCity_Icons/AntiqueVase_2.png,AntiqueVase_2.png,.png,512,512,True,"[125, 4, 374, 499]","[125, 4, 374, 499]",75.137,False,24.863,True,False,False,True,"[""antiquevase"", ""png""]","[""cyber"", ""scheme_card"", ""screen_graphic"", ""world_decal""]",True
cyber_city_icons,res://assets/tilesets/cyber_city_core_tilesets/Store_Items/CyberCity_Icons/CyberCity_Icons/AntiqueVase_3.png,AntiqueVase_3.png,.png,512,512,True,"[126, 2, 417, 509]","[126, 2, 417, 509]",65.302,False,34.698,True,False,False,True,"[""antiquevase"", ""png""]","[""cyber"", ""scheme_card"", ""screen_graphic"", ""world_decal""]",True
cyber_city_icons,res://assets/tilesets/cyber_city_core_tilesets/Store_Items/CyberCity_Icons/CyberCity_Icons/Arcade_1.png,Arcade_1.png,.png,512,512,True,"[52, 1, 400, 509]","[52, 1, 400, 509]",50.27,False,49.73,True,False,False,True,"[""arcade"", ""png""]","[""cyber"", ""scheme_card"", ""screen_graphic"", ""world_decal""]",True
cyber_city_icons,res://assets/tilesets/cyber_city_core_tilesets/Store_Items/CyberCity_Icons/CyberCity_Icons/Arcade_2.png,Arcade_2.png,.png,512,512,True,"[115, 10, 411, 508]","[115, 10, 411, 508]",56.431,False,43.569,True,False,False,True,"[""arcade"", ""png""]","[""cyber"", ""scheme_card"", ""screen_graphic"", ""world_decal""]",True
cyber_city_icons,res://assets/tilesets/cyber_city_core_tilesets/Store_Items/CyberCity_Icons/CyberCity_Icons/Arcade_3.png,Arcade_3.png,.png,512,512,True,"[129, 1, 349, 509]","[129, 1, 349, 509]",64.413,False,35.587,True,False,False,True,"[""arcade"", ""png""]","[""cyber"", ""scheme_card"", ""screen_graphic"", ""world_decal""]",True
cyber_city_icons,res://assets/tilesets/cyber_city_core_tilesets/Store_Items/CyberCity_Icons/CyberCity_Icons/Arcade_4.png,Arcade_4.png,.png,512,512,True,"[163, 2, 402, 509]","[163, 2, 402, 509]",64.345,False,35.655,True,False,False,True,"[""arcade"", ""png""]","[""cyber"", ""scheme_card"", ""screen_graphic"", ""world_decal""]",True
cyber_city_icons,res://assets/tilesets/cyber_city_core_tilesets/Store_Items/CyberCity_Icons/CyberCity_Icons/Arcade_5.png,Arcade_5.png,.png,512,512,True,"[135, 3, 376, 509]","[135, 3, 376, 509]",64.785,False,35.215,True,False,False,True,"[""arcade"", ""png""]","[""cyber"", ""scheme_card"", ""screen_graphic"", ""world_decal""]",True
cyber_city_icons,res://assets/tilesets/cyber_city_core_tilesets/Store_Items/CyberCity_Icons/CyberCity_Icons/Arcade_6.png,Arcade_6.png,.png,512,512,True,"[123, 8, 405, 508]","[123, 8, 405, 508]",55.825,False,44.175,True,False,False,True,"[""arcade"", ""png""]","[""cyber"", ""scheme_card"", ""screen_graphic"", ""world_decal""]",True
cyber_city_icons,res://assets/tilesets/cyber_city_core_tilesets/Store_Items/CyberCity_Icons/CyberCity_Icons/BandPlatform_1.png,BandPlatform_1.png,.png,512,512,True,"[3, 64, 511, 418]","[3, 64, 511, 418]",79.146,False,20.854,True,False,False,True,"[""bandplatform"", ""png""]","[""cyber"", ""scheme_card"", ""screen_graphic"", ""world_decal""]",True
cyber_city_icons,res://assets/tilesets/cyber_city_core_tilesets/Store_Items/CyberCity_Icons/CyberCity_Icons/Barrel_1.png,Barrel_1.png,.png,512,512,True,"[76, 7, 439, 506]","[76, 7, 439, 506]",44.847,False,55.153,True,False,False,True,"[""barrel"", ""png""]","[""cyber"", ""scheme_card"", ""screen_graphic"", ""world_decal""]",True
cyber_city_icons,res://assets/tilesets/cyber_city_core_tilesets/Store_Items/CyberCity_Icons/CyberCity_Icons/Barrel_2.png,Barrel_2.png,.png,512,512,True,"[87, 5, 434, 508]","[87, 5, 434, 508]",43.196,False,56.804,True,False,False,True,"[""barrel"", ""png""]","[""cyber"", ""scheme_card"", ""screen_graphic"", ""world_decal""]",True
cyber_city_icons,res://assets/tilesets/cyber_city_core_tilesets/Store_Items/CyberCity_Icons/CyberCity_Icons/Barrier_1.png,Barrier_1.png,.png,512,512,True,"[26, 73, 478, 444]","[26, 73, 478, 444]",87.197,False,12.803,True,False,False,True,"[""barrier"", ""png""]","[""cyber"", ""scheme_card"", ""screen_graphic"", ""world_decal""]",True
cyber_city_icons,res://assets/tilesets/cyber_city_core_tilesets/Store_Items/CyberCity_Icons/CyberCity_Icons/Barrier_2.png,Barrier_2.png,.png,512,512,True,"[6, 111, 487, 460]","[6, 111, 487, 460]",56.096,False,43.904,True,False,False,True,"[""barrier"", ""png""]","[""cyber"", ""scheme_card"", ""screen_graphic"", ""world_decal""]",True
cyber_city_icons,res://assets/tilesets/cyber_city_core_tilesets/Store_Items/CyberCity_Icons/CyberCity_Icons/Barrier_3.png,Barrier_3.png,.png,512,512,True,"[9, 39, 506, 452]","[9, 39, 506, 452]",70.43,False,29.57,True,False,False,True,"[""barrier"", ""png""]","[""cyber"", ""scheme_card"", ""screen_graphic"", ""world_decal""]",True
cyber_city_icons,res://assets/tilesets/cyber_city_core_tilesets/Store_Items/CyberCity_Icons/CyberCity_Icons/Basket_1.png,Basket_1.png,.png,512,512,True,"[36, 25, 504, 490]","[36, 25, 504, 490]",45.881,False,54.119,True,False,False,True,"[""basket"", ""png""]","[""cyber"", ""scheme_card"", ""screen_graphic"", ""world_decal""]",True
cyber_city_icons,res://assets/tilesets/cyber_city_core_tilesets/Store_Items/CyberCity_Icons/CyberCity_Icons/Beaker_1.png,Beaker_1.png,.png,512,512,True,"[117, 9, 391, 501]","[117, 9, 391, 501]",66.214,False,33.786,True,False,False,True,"[""beaker"", ""png""]","[""cyber"", ""scheme_card"", ""screen_graphic"", ""world_decal""]",True
cyber_city_icons,res://assets/tilesets/cyber_city_core_tilesets/Store_Items/CyberCity_Icons/CyberCity_Icons/Beaker_2.png,Beaker_2.png,.png,512,512,True,"[130, 9, 401, 495]","[130, 9, 401, 495]",66.871,False,33.129,True,False,False,True,"[""beaker"", ""png""]","[""cyber"", ""scheme_card"", ""screen_graphic"", ""world_decal""]",True
cyber_city_icons,res://assets/tilesets/cyber_city_core_tilesets/Store_Items/CyberCity_Icons/CyberCity_Icons/BeanBagChair_1.png,BeanBagChair_1.png,.png,512,512,True,"[16, 141, 491, 444]","[16, 141, 491, 444]",59.1,False,40.9,True,False,False,True,"[""beanbagchair"", ""png""]","[""cyber"", ""scheme_card"", ""screen_graphic"", ""world_decal""]",True
cyber_city_icons,res://assets/tilesets/cyber_city_core_tilesets/Store_Items/CyberCity_Icons/CyberCity_Icons/Bed_1.png,Bed_1.png,.png,512,512,True,"[4, 45, 505, 462]","[4, 45, 505, 462]",52.076,False,47.924,True,False,False,True,"[""bed"", ""png""]","[""cyber"", ""scheme_card"", ""screen_graphic"", ""world_decal""]",True
cyber_city_icons,res://assets/tilesets/cyber_city_core_tilesets/Store_Items/CyberCity_Icons/CyberCity_Icons/Bed_2.png,Bed_2.png,.png,512,512,True,"[3, 121, 503, 443]","[3, 121, 503, 443]",64.16,False,35.84,True,False,False,True,"[""bed"", ""png""]","[""cyber"", ""scheme_card"", ""screen_graphic"", ""world_decal""]",True
cyber_city_icons,res://assets/tilesets/cyber_city_core_tilesets/Store_Items/CyberCity_Icons/CyberCity_Icons/Bed_3.png,Bed_3.png,.png,512,512,True,"[4, 131, 509, 419]","[4, 131, 509, 419]",67.445,False,32.555,True,False,False,True,"[""bed"", ""png""]","[""cyber"", ""scheme_card"", ""screen_graphic"", ""world_decal""]",True
cyber_city_icons,res://assets/tilesets/cyber_city_core_tilesets/Store_Items/CyberCity_Icons/CyberCity_Icons/Bed_4.png,Bed_4.png,.png,512,512,True,"[9, 89, 510, 416]","[9, 89, 510, 416]",71.277,False,28.723,True,False,False,True,"[""bed"", ""png""]","[""cyber"", ""scheme_card"", ""screen_graphic"", ""world_decal""]",True
cyber_city_icons,res://assets/tilesets/cyber_city_core_tilesets/Store_Items/CyberCity_Icons/CyberCity_Icons/Bed_5.png,Bed_5.png,.png,512,512,True,"[2, 135, 507, 398]","[2, 135, 507, 398]",67.429,False,32.571,True,False,False,True,"[""bed"", ""png""]","[""cyber"", ""scheme_card"", ""screen_graphic"", ""world_decal""]",True
cyber_city_icons,res://assets/tilesets/cyber_city_core_tilesets/Store_Items/CyberCity_Icons/CyberCity_Icons/Bike_1.png,Bike_1.png,.png,512,512,True,"[31, 51, 504, 455]","[31, 51, 504, 455]",78.303,False,21.697,True,False,False,True,"[""bike"", ""png""]","[""cyber"", ""scheme_card"", ""screen_graphic"", ""world_decal""]",True
cyber_city_icons,res://assets/tilesets/cyber_city_core_tilesets/Store_Items/CyberCity_Icons/CyberCity_Icons/Bike_2.png,Bike_2.png,.png,512,512,True,"[6, 36, 503, 431]","[6, 36, 503, 431]",79.108,False,20.892,True,False,False,True,"[""bike"", ""png""]","[""cyber"", ""scheme_card"", ""screen_graphic"", ""world_decal""]",True
cyber_city_icons,res://assets/tilesets/cyber_city_core_tilesets/Store_Items/CyberCity_Icons/CyberCity_Icons/Bike_3.png,Bike_3.png,.png,512,512,True,"[14, 29, 504, 460]","[14, 29, 504, 460]",75.801,False,24.199,True,False,False,True,"[""bike"", ""png""]","[""cyber"", ""scheme_card"", ""screen_graphic"", ""world_decal""]",True
cyber_city_icons,res://assets/tilesets/cyber_city_core_tilesets/Store_Items/CyberCity_Icons/CyberCity_Icons/BiometricScanner_1.png,BiometricScanner_1.png,.png,512,512,True,"[107, 25, 425, 473]","[107, 25, 425, 473]",55.934,False,44.066,True,False,False,True,"[""biometricscanner"", ""hazard"", ""png"", ""security""]","[""mission_board"", ""screen_graphic"", ""security"", ""security_indicator"", ""warning_indicator"", ""world_decal""]",True
cyber_city_icons,res://assets/tilesets/cyber_city_core_tilesets/Store_Items/CyberCity_Icons/CyberCity_Icons/BlueBarrel_1.png,BlueBarrel_1.png,.png,512,512,True,"[121, 22, 394, 493]","[121, 22, 394, 493]",56.459,False,43.541,True,False,False,True,"[""bluebarrel"", ""png""]","[""cyber"", ""scheme_card"", ""screen_graphic"", ""world_decal""]",True
cyber_city_icons,res://assets/tilesets/cyber_city_core_tilesets/Store_Items/CyberCity_Icons/CyberCity_Icons/Bomb_1.png,Bomb_1.png,.png,512,512,True,"[13, 64, 484, 453]","[13, 64, 484, 453]",65.717,False,34.283,True,False,False,True,"[""bomb"", ""png""]","[""cyber"", ""scheme_card"", ""screen_graphic"", ""world_decal""]",True
cyber_city_icons,res://assets/tilesets/cyber_city_core_tilesets/Store_Items/CyberCity_Icons/CyberCity_Icons/Bomb_2.png,Bomb_2.png,.png,512,512,True,"[7, 78, 508, 442]","[7, 78, 508, 442]",60.428,False,39.572,True,False,False,True,"[""bomb"", ""png""]","[""cyber"", ""scheme_card"", ""screen_graphic"", ""world_decal""]",True
cyber_city_icons,res://assets/tilesets/cyber_city_core_tilesets/Store_Items/CyberCity_Icons/CyberCity_Icons/Bomb_3.png,Bomb_3.png,.png,512,512,True,"[4, 70, 500, 473]","[4, 70, 500, 473]",42.93,False,57.07,True,False,False,True,"[""bomb"", ""png""]","[""cyber"", ""scheme_card"", ""screen_graphic"", ""world_decal""]",True
cyber_city_icons,res://assets/tilesets/cyber_city_core_tilesets/Store_Items/CyberCity_Icons/CyberCity_Icons/Bomb_4.png,Bomb_4.png,.png,512,512,True,"[8, 136, 493, 416]","[8, 136, 493, 416]",65.897,False,34.103,True,False,False,True,"[""bomb"", ""png""]","[""cyber"", ""scheme_card"", ""screen_graphic"", ""world_decal""]",True
cyber_city_icons,res://assets/tilesets/cyber_city_core_tilesets/Store_Items/CyberCity_Icons/CyberCity_Icons/Bomb_5.png,Bomb_5.png,.png,512,512,True,"[53, 122, 453, 424]","[53, 122, 453, 424]",64.18,False,35.82,True,False,False,True,"[""bomb"", ""png""]","[""cyber"", ""scheme_card"", ""screen_graphic"", ""world_decal""]",True
cyber_city_icons,res://assets/tilesets/cyber_city_core_tilesets/Store_Items/CyberCity_Icons/CyberCity_Icons/BombInCrate_1.png,BombInCrate_1.png,.png,512,512,True,"[1, 19, 500, 497]","[1, 19, 500, 497]",41.293,False,58.707,True,False,False,True,"[""bombincrate"", ""png""]","[""cyber"", ""scheme_card"", ""screen_graphic"", ""world_decal""]",True
cyber_city_icons,res://assets/tilesets/cyber_city_core_tilesets/Store_Items/CyberCity_Icons/CyberCity_Icons/BombInCrate_2.png,BombInCrate_2.png,.png,512,512,True,"[2, 92, 508, 484]","[2, 92, 508, 484]",44.937,False,55.063,True,False,False,True,"[""bombincrate"", ""png""]","[""cyber"", ""scheme_card"", ""screen_graphic"", ""world_decal""]",True
cyber_city_icons,res://assets/tilesets/cyber_city_core_tilesets/Store_Items/CyberCity_Icons/CyberCity_Icons/Book_1.png,Book_1.png,.png,512,512,True,"[138, 23, 418, 476]","[138, 23, 418, 476]",62.12,False,37.88,True,False,False,True,"[""book"", ""png""]","[""cyber"", ""scheme_card"", ""screen_graphic"", ""world_decal""]",True
cyber_city_icons,res://assets/tilesets/cyber_city_core_tilesets/Store_Items/CyberCity_Icons/CyberCity_Icons/Book_10.png,Book_10.png,.png,512,512,True,"[63, 14, 394, 496]","[63, 14, 394, 496]",50.327,False,49.673,True,False,False,True,"[""book"", ""png""]","[""cyber"", ""scheme_card"", ""screen_graphic"", ""world_decal""]",True
cyber_city_icons,res://assets/tilesets/cyber_city_core_tilesets/Store_Items/CyberCity_Icons/CyberCity_Icons/Book_11.png,Book_11.png,.png,512,512,True,"[98, 9, 434, 507]","[98, 9, 434, 507]",47.982,False,52.018,True,False,False,True,"[""book"", ""png""]","[""cyber"", ""scheme_card"", ""screen_graphic"", ""world_decal""]",True
cyber_city_icons,res://assets/tilesets/cyber_city_core_tilesets/Store_Items/CyberCity_Icons/CyberCity_Icons/Book_12.png,Book_12.png,.png,512,512,True,"[81, 8, 413, 498]","[81, 8, 413, 498]",48.717,False,51.283,True,False,False,True,"[""book"", ""png""]","[""cyber"", ""scheme_card"", ""screen_graphic"", ""world_decal""]",True
cyber_city_icons,res://assets/tilesets/cyber_city_core_tilesets/Store_Items/CyberCity_Icons/CyberCity_Icons/Book_13.png,Book_13.png,.png,512,512,True,"[52, 25, 456, 495]","[52, 25, 456, 495]",47.981,False,52.019,True,False,False,True,"[""book"", ""png""]","[""cyber"", ""scheme_card"", ""screen_graphic"", ""world_decal""]",True
cyber_city_icons,res://assets/tilesets/cyber_city_core_tilesets/Store_Items/CyberCity_Icons/CyberCity_Icons/Book_14.png,Book_14.png,.png,512,512,True,"[84, 26, 426, 495]","[84, 26, 426, 495]",50.249,False,49.751,True,False,False,True,"[""book"", ""png""]","[""cyber"", ""scheme_card"", ""screen_graphic"", ""world_decal""]",True
cyber_city_icons,res://assets/tilesets/cyber_city_core_tilesets/Store_Items/CyberCity_Icons/CyberCity_Icons/Book_15.png,Book_15.png,.png,512,512,True,"[89, 11, 452, 490]","[89, 11, 452, 490]",49.937,False,50.063,True,False,False,True,"[""book"", ""png""]","[""cyber"", ""scheme_card"", ""screen_graphic"", ""world_decal""]",True
cyber_city_icons,res://assets/tilesets/cyber_city_core_tilesets/Store_Items/CyberCity_Icons/CyberCity_Icons/Book_16.png,Book_16.png,.png,512,512,True,"[80, 11, 419, 499]","[80, 11, 419, 499]",49.372,False,50.628,True,False,False,True,"[""book"", ""png""]","[""cyber"", ""scheme_card"", ""screen_graphic"", ""world_decal""]",True
cyber_city_icons,res://assets/tilesets/cyber_city_core_tilesets/Store_Items/CyberCity_Icons/CyberCity_Icons/Book_17.png,Book_17.png,.png,512,512,True,"[76, 7, 482, 505]","[76, 7, 482, 505]",41.82,False,58.18,True,False,False,True,"[""book"", ""png""]","[""cyber"", ""scheme_card"", ""screen_graphic"", ""world_decal""]",True
cyber_city_icons,res://assets/tilesets/cyber_city_core_tilesets/Store_Items/CyberCity_Icons/CyberCity_Icons/Book_2.png,Book_2.png,.png,512,512,True,"[126, 26, 407, 475]","[126, 26, 407, 475]",64.119,False,35.881,True,False,False,True,"[""book"", ""png""]","[""cyber"", ""scheme_card"", ""screen_graphic"", ""world_decal""]",True
cyber_city_icons,res://assets/tilesets/cyber_city_core_tilesets/Store_Items/CyberCity_Icons/CyberCity_Icons/Book_3.png,Book_3.png,.png,512,512,True,"[98, 22, 446, 486]","[98, 22, 446, 486]",54.335,False,45.665,True,False,False,True,"[""book"", ""png""]","[""cyber"", ""scheme_card"", ""screen_graphic"", ""world_decal""]",True
cyber_city_icons,res://assets/tilesets/cyber_city_core_tilesets/Store_Items/CyberCity_Icons/CyberCity_Icons/Book_4.png,Book_4.png,.png,512,512,True,"[113, 19, 419, 503]","[113, 19, 419, 503]",57.848,False,42.152,True,False,False,True,"[""book"", ""png""]","[""cyber"", ""scheme_card"", ""screen_graphic"", ""world_decal""]",True
cyber_city_icons,res://assets/tilesets/cyber_city_core_tilesets/Store_Items/CyberCity_Icons/CyberCity_Icons/Book_5.png,Book_5.png,.png,512,512,True,"[129, 17, 426, 481]","[129, 17, 426, 481]",58.706,False,41.294,True,False,False,True,"[""book"", ""png""]","[""cyber"", ""scheme_card"", ""screen_graphic"", ""world_decal""]",True
cyber_city_icons,res://assets/tilesets/cyber_city_core_tilesets/Store_Items/CyberCity_Icons/CyberCity_Icons/Book_6.png,Book_6.png,.png,512,512,True,"[90, 12, 403, 505]","[90, 12, 403, 505]",49.663,False,50.337,True,False,False,True,"[""book"", ""png""]","[""cyber"", ""scheme_card"", ""screen_graphic"", ""world_decal""]",True
cyber_city_icons,res://assets/tilesets/cyber_city_core_tilesets/Store_Items/CyberCity_Icons/CyberCity_Icons/Book_7.png,Book_7.png,.png,512,512,True,"[18, 77, 505, 444]","[18, 77, 505, 444]",41.323,False,58.677,True,False,False,True,"[""book"", ""png""]","[""cyber"", ""scheme_card"", ""screen_graphic"", ""world_decal""]",True
cyber_city_icons,res://assets/tilesets/cyber_city_core_tilesets/Store_Items/CyberCity_Icons/CyberCity_Icons/Book_8.png,Book_8.png,.png,512,512,True,"[12, 89, 502, 453]","[12, 89, 502, 453]",40.516,False,59.484,True,False,False,True,"[""book"", ""png""]","[""cyber"", ""scheme_card"", ""screen_graphic"", ""world_decal""]",True
cyber_city_icons,res://assets/tilesets/cyber_city_core_tilesets/Store_Items/CyberCity_Icons/CyberCity_Icons/Book_9.png,Book_9.png,.png,512,512,True,"[79, 45, 434, 489]","[79, 45, 434, 489]",57.845,False,42.155,True,False,False,True,"[""book"", ""png""]","[""cyber"", ""scheme_card"", ""screen_graphic"", ""world_decal""]",True
cyber_city_icons,res://assets/tilesets/cyber_city_core_tilesets/Store_Items/CyberCity_Icons/CyberCity_Icons/Books_1.png,Books_1.png,.png,512,512,True,"[8, 137, 510, 459]","[8, 137, 510, 459]",59.054,False,40.946,True,False,False,True,"[""books"", ""png""]","[""cyber"", ""scheme_card"", ""screen_graphic"", ""world_decal""]",True
cyber_city_icons,res://assets/tilesets/cyber_city_core_tilesets/Store_Items/CyberCity_Icons/CyberCity_Icons/Books_2.png,Books_2.png,.png,512,512,True,"[23, 140, 507, 449]","[23, 140, 507, 449]",68.618,False,31.382,True,False,False,True,"[""books"", ""png""]","[""cyber"", ""scheme_card"", ""screen_graphic"", ""world_decal""]",True
cyber_city_icons,res://assets/tilesets/cyber_city_core_tilesets/Store_Items/CyberCity_Icons/CyberCity_Icons/Books_3.png,Books_3.png,.png,512,512,True,"[27, 13, 490, 505]","[27, 13, 490, 505]",26.894,False,73.106,True,False,False,True,"[""books"", ""png""]","[""cyber"", ""scheme_card"", ""screen_graphic"", ""world_decal""]",True
cyber_city_icons,res://assets/tilesets/cyber_city_core_tilesets/Store_Items/CyberCity_Icons/CyberCity_Icons/Books_4.png,Books_4.png,.png,512,512,True,"[10, 39, 499, 501]","[10, 39, 499, 501]",26.046,False,73.954,True,False,False,True,"[""books"", ""png""]","[""cyber"", ""scheme_card"", ""screen_graphic"", ""world_decal""]",True
cyber_city_icons,res://assets/tilesets/cyber_city_core_tilesets/Store_Items/CyberCity_Icons/CyberCity_Icons/Books_5.png,Books_5.png,.png,512,512,True,"[81, 26, 434, 502]","[81, 26, 434, 502]",45.528,False,54.472,True,False,False,True,"[""books"", ""png""]","[""cyber"", ""scheme_card"", ""screen_graphic"", ""world_decal""]",True
cyber_city_icons,res://assets/tilesets/cyber_city_core_tilesets/Store_Items/CyberCity_Icons/CyberCity_Icons/Bookshelf_1.png,Bookshelf_1.png,.png,512,512,True,"[149, 9, 292, 500]","[149, 9, 292, 500]",79.11,False,20.89,True,False,False,True,"[""bookshelf"", ""png""]","[""cyber"", ""scheme_card"", ""screen_graphic"", ""world_decal""]",True
cyber_city_icons,res://assets/tilesets/cyber_city_core_tilesets/Store_Items/CyberCity_Icons/CyberCity_Icons/Bookshelf_2.png,Bookshelf_2.png,.png,512,512,True,"[127, 7, 366, 507]","[127, 7, 366, 507]",61.789,False,38.211,True,False,False,True,"[""bookshelf"", ""png""]","[""cyber"", ""scheme_card"", ""screen_graphic"", ""world_decal""]",True
cyber_city_icons,res://assets/tilesets/cyber_city_core_tilesets/Store_Items/CyberCity_Icons/CyberCity_Icons/Bottle_1.png,Bottle_1.png,.png,512,512,True,"[128, 37, 388, 497]","[128, 37, 388, 497]",58.743,False,41.257,True,False,False,True,"[""bottle"", ""png""]","[""cyber"", ""scheme_card"", ""screen_graphic"", ""world_decal""]",True
cyber_city_icons,res://assets/tilesets/cyber_city_core_tilesets/Store_Items/CyberCity_Icons/CyberCity_Icons/Bottle_10.png,Bottle_10.png,.png,512,512,True,"[176, 18, 362, 508]","[176, 18, 362, 508]",75.802,False,24.198,True,False,False,True,"[""bottle"", ""png""]","[""cyber"", ""scheme_card"", ""screen_graphic"", ""world_decal""]",True
cyber_city_icons,res://assets/tilesets/cyber_city_core_tilesets/Store_Items/CyberCity_Icons/CyberCity_Icons/Bottle_11.png,Bottle_11.png,.png,512,512,True,"[189, 3, 328, 512]","[189, 3, 328, 512]",82.33,False,17.67,True,False,False,True,"[""bottle"", ""png""]","[""cyber"", ""scheme_card"", ""screen_graphic"", ""world_decal""]",True
cyber_city_icons,res://assets/tilesets/cyber_city_core_tilesets/Store_Items/CyberCity_Icons/CyberCity_Icons/Bottle_2.png,Bottle_2.png,.png,512,512,True,"[132, 12, 402, 484]","[132, 12, 402, 484]",56.315,False,43.685,True,False,False,True,"[""bottle"", ""png""]","[""cyber"", ""scheme_card"", ""screen_graphic"", ""world_decal""]",True
cyber_city_icons,res://assets/tilesets/cyber_city_core_tilesets/Store_Items/CyberCity_Icons/CyberCity_Icons/Bottle_3.png,Bottle_3.png,.png,512,512,True,"[132, 9, 409, 488]","[132, 9, 409, 488]",55.716,False,44.284,True,False,False,True,"[""bottle"", ""png""]","[""cyber"", ""scheme_card"", ""screen_graphic"", ""world_decal""]",True
cyber_city_icons,res://assets/tilesets/cyber_city_core_tilesets/Store_Items/CyberCity_Icons/CyberCity_Icons/Bottle_4.png,Bottle_4.png,.png,512,512,True,"[130, 28, 397, 490]","[130, 28, 397, 490]",58.103,False,41.897,True,False,False,True,"[""bottle"", ""png""]","[""cyber"", ""scheme_card"", ""screen_graphic"", ""world_decal""]",True
cyber_city_icons,res://assets/tilesets/cyber_city_core_tilesets/Store_Items/CyberCity_Icons/CyberCity_Icons/Bottle_5.png,Bottle_5.png,.png,512,512,True,"[138, 100, 409, 404]","[138, 100, 409, 404]",76.301,False,23.699,True,False,False,True,"[""bottle"", ""png""]","[""cyber"", ""scheme_card"", ""screen_graphic"", ""world_decal""]",True
cyber_city_icons,res://assets/tilesets/cyber_city_core_tilesets/Store_Items/CyberCity_Icons/CyberCity_Icons/Bottle_6.png,Bottle_6.png,.png,512,512,True,"[146, 29, 369, 485]","[146, 29, 369, 485]",68.208,False,31.792,True,False,False,True,"[""bottle"", ""png""]","[""cyber"", ""scheme_card"", ""screen_graphic"", ""world_decal""]",True
cyber_city_icons,res://assets/tilesets/cyber_city_core_tilesets/Store_Items/CyberCity_Icons/CyberCity_Icons/Bottle_7.png,Bottle_7.png,.png,512,512,True,"[154, 8, 355, 508]","[154, 8, 355, 508]",74.583,False,25.417,True,False,False,True,"[""bottle"", ""png""]","[""cyber"", ""scheme_card"", ""screen_graphic"", ""world_decal""]",True
cyber_city_icons,res://assets/tilesets/cyber_city_core_tilesets/Store_Items/CyberCity_Icons/CyberCity_Icons/Bottle_8.png,Bottle_8.png,.png,512,512,True,"[159, 1, 360, 512]","[159, 1, 360, 512]",73.796,False,26.204,True,False,False,True,"[""bottle"", ""png""]","[""cyber"", ""scheme_card"", ""screen_graphic"", ""world_decal""]",True
cyber_city_icons,res://assets/tilesets/cyber_city_core_tilesets/Store_Items/CyberCity_Icons/CyberCity_Icons/Bottle_9.png,Bottle_9.png,.png,512,512,True,"[197, 3, 328, 510]","[197, 3, 328, 510]",84.296,False,15.704,True,False,False,True,"[""bottle"", ""png""]","[""cyber"", ""scheme_card"", ""screen_graphic"", ""world_decal""]",True
cyber_city_icons,res://assets/tilesets/cyber_city_core_tilesets/Store_Items/CyberCity_Icons/CyberCity_Icons/Bottom_1.png,Bottom_1.png,.png,512,512,True,"[147, 20, 369, 512]","[147, 20, 369, 512]",78.281,False,21.719,True,False,False,True,"[""bottom"", ""png""]","[""cyber"", ""scheme_card"", ""screen_graphic"", ""world_decal""]",True
cyber_city_icons,res://assets/tilesets/cyber_city_core_tilesets/Store_Items/CyberCity_Icons/CyberCity_Icons/Bottom_10.png,Bottom_10.png,.png,512,512,True,"[148, 4, 363, 509]","[148, 4, 363, 509]",76.24,False,23.76,True,False,False,True,"[""bottom"", ""png""]","[""cyber"", ""scheme_card"", ""screen_graphic"", ""world_decal""]",True
cyber_city_icons,res://assets/tilesets/cyber_city_core_tilesets/Store_Items/CyberCity_Icons/CyberCity_Icons/Bottom_11.png,Bottom_11.png,.png,512,512,True,"[141, 3, 370, 512]","[141, 3, 370, 512]",75.99,False,24.01,True,False,False,True,"[""bottom"", ""png""]","[""cyber"", ""scheme_card"", ""screen_graphic"", ""world_decal""]",True
cyber_city_icons,res://assets/tilesets/cyber_city_core_tilesets/Store_Items/CyberCity_Icons/CyberCity_Icons/Bottom_12.png,Bottom_12.png,.png,512,512,True,"[147, 1, 370, 503]","[147, 1, 370, 503]",74.834,False,25.166,True,False,False,True,"[""bottom"", ""png""]","[""cyber"", ""scheme_card"", ""screen_graphic"", ""world_decal""]",True
cyber_city_icons,res://assets/tilesets/cyber_city_core_tilesets/Store_Items/CyberCity_Icons/CyberCity_Icons/Bottom_13.png,Bottom_13.png,.png,512,512,True,"[147, 2, 363, 507]","[147, 2, 363, 507]",75.897,False,24.103,True,False,False,True,"[""bottom"", ""png""]","[""cyber"", ""scheme_card"", ""screen_graphic"", ""world_decal""]",True
cyber_city_icons,res://assets/tilesets/cyber_city_core_tilesets/Store_Items/CyberCity_Icons/CyberCity_Icons/Bottom_14.png,Bottom_14.png,.png,512,512,True,"[137, 3, 359, 505]","[137, 3, 359, 505]",77.271,False,22.729,True,False,False,True,"[""bottom"", ""png""]","[""cyber"", ""scheme_card"", ""screen_graphic"", ""world_decal""]",True
cyber_city_icons,res://assets/tilesets/cyber_city_core_tilesets/Store_Items/CyberCity_Icons/CyberCity_Icons/Bottom_15_Female.png,Bottom_15_Female.png,.png,512,512,True,"[130, 2, 359, 510]","[130, 2, 359, 510]",79.47,False,20.53,True,False,False,True,"[""bottom"", ""female"", ""png""]","[""cyber"", ""scheme_card"", ""screen_graphic"", ""world_decal""]",True
cyber_city_icons,res://assets/tilesets/cyber_city_core_tilesets/Store_Items/CyberCity_Icons/CyberCity_Icons/Bottom_15_Male.png,Bottom_15_Male.png,.png,512,512,True,"[153, 5, 335, 510]","[153, 5, 335, 510]",76.225,False,23.775,True,False,False,True,"[""bottom"", ""male"", ""png""]","[""cyber"", ""scheme_card"", ""screen_graphic"", ""world_decal""]",True
cyber_city_icons,res://assets/tilesets/cyber_city_core_tilesets/Store_Items/CyberCity_Icons/CyberCity_Icons/Bottom_16_Female.png,Bottom_16_Female.png,.png,512,512,True,"[160, 0, 335, 507]","[160, 0, 335, 507]",83.057,False,16.943,True,False,False,True,"[""bottom"", ""female"", ""png""]","[""cyber"", ""scheme_card"", ""screen_graphic"", ""world_decal""]",True
cyber_city_icons,res://assets/tilesets/cyber_city_core_tilesets/Store_Items/CyberCity_Icons/CyberCity_Icons/Bottom_16_Male.png,Bottom_16_Male.png,.png,512,512,True,"[141, 4, 361, 508]","[141, 4, 361, 508]",84.145,False,15.855,True,False,False,True,"[""bottom"", ""male"", ""png""]","[""cyber"", ""scheme_card"", ""screen_graphic"", ""world_decal""]",True
cyber_city_icons,res://assets/tilesets/cyber_city_core_tilesets/Store_Items/CyberCity_Icons/CyberCity_Icons/Bottom_17_Female.png,Bottom_17_Female.png,.png,512,512,True,"[152, 4, 349, 506]","[152, 4, 349, 506]",83.311,False,16.689,True,False,False,True,"[""bottom"", ""female"", ""png""]","[""cyber"", ""scheme_card"", ""screen_graphic"", ""world_decal""]",True
cyber_city_icons,res://assets/tilesets/cyber_city_core_tilesets/Store_Items/CyberCity_Icons/CyberCity_Icons/Bottom_17_Male.png,Bottom_17_Male.png,.png,512,512,True,"[148, 2, 371, 507]","[148, 2, 371, 507]",75.951,False,24.049,True,False,False,True,"[""bottom"", ""male"", ""png""]","[""cyber"", ""scheme_card"", ""screen_graphic"", ""world_decal""]",True
cyber_city_icons,res://assets/tilesets/cyber_city_core_tilesets/Store_Items/CyberCity_Icons/CyberCity_Icons/Bottom_18.png,Bottom_18.png,.png,512,512,True,"[146, 1, 375, 508]","[146, 1, 375, 508]",76.569,False,23.431,True,False,False,True,"[""bottom"", ""png""]","[""cyber"", ""scheme_card"", ""screen_graphic"", ""world_decal""]",True
cyber_city_icons,res://assets/tilesets/cyber_city_core_tilesets/Store_Items/CyberCity_Icons/CyberCity_Icons/Bottom_2.png,Bottom_2.png,.png,512,512,True,"[133, 9, 368, 511]","[133, 9, 368, 511]",74.826,False,25.174,True,False,False,True,"[""bottom"", ""png""]","[""cyber"", ""scheme_card"", ""screen_graphic"", ""world_decal""]",True
cyber_city_icons,res://assets/tilesets/cyber_city_core_tilesets/Store_Items/CyberCity_Icons/CyberCity_Icons/Bottom_3.png,Bottom_3.png,.png,512,512,True,"[134, 8, 370, 504]","[134, 8, 370, 504]",77.722,False,22.278,True,False,False,True,"[""bottom"", ""png""]","[""cyber"", ""scheme_card"", ""screen_graphic"", ""world_decal""]",True
cyber_city_icons,res://assets/tilesets/cyber_city_core_tilesets/Store_Items/CyberCity_Icons/CyberCity_Icons/Bottom_4.png,Bottom_4.png,.png,512,512,True,"[147, 12, 369, 507]","[147, 12, 369, 507]",77.918,False,22.082,True,False,False,True,"[""bottom"", ""png""]","[""cyber"", ""scheme_card"", ""screen_graphic"", ""world_decal""]",True
cyber_city_icons,res://assets/tilesets/cyber_city_core_tilesets/Store_Items/CyberCity_Icons/CyberCity_Icons/Bottom_5.png,Bottom_5.png,.png,512,512,True,"[157, 2, 385, 508]","[157, 2, 385, 508]",75.989,False,24.011,True,False,False,True,"[""bottom"", ""png""]","[""cyber"", ""scheme_card"", ""screen_graphic"", ""world_decal""]",True
cyber_city_icons,res://assets/tilesets/cyber_city_core_tilesets/Store_Items/CyberCity_Icons/CyberCity_Icons/Bottom_6.png,Bottom_6.png,.png,512,512,True,"[151, 6, 366, 504]","[151, 6, 366, 504]",79.159,False,20.841,True,False,False,True,"[""bottom"", ""png""]","[""cyber"", ""scheme_card"", ""screen_graphic"", ""world_decal""]",True
cyber_city_icons,res://assets/tilesets/cyber_city_core_tilesets/Store_Items/CyberCity_Icons/CyberCity_Icons/Bottom_7.png,Bottom_7.png,.png,512,512,True,"[152, 8, 384, 508]","[152, 8, 384, 508]",78.169,False,21.831,True,False,False,True,"[""bottom"", ""png""]","[""cyber"", ""scheme_card"", ""screen_graphic"", ""world_decal""]",True
cyber_city_icons,res://assets/tilesets/cyber_city_core_tilesets/Store_Items/CyberCity_Icons/CyberCity_Icons/Bottom_8.png,Bottom_8.png,.png,512,512,True,"[134, 3, 366, 509]","[134, 3, 366, 509]",75.887,False,24.113,True,False,False,True,"[""bottom"", ""png""]","[""cyber"", ""scheme_card"", ""screen_graphic"", ""world_decal""]",True
cyber_city_icons,res://assets/tilesets/cyber_city_core_tilesets/Store_Items/CyberCity_Icons/CyberCity_Icons/Bottom_9.png,Bottom_9.png,.png,512,512,True,"[156, 7, 380, 511]","[156, 7, 380, 511]",73.527,False,26.473,True,False,False,True,"[""bottom"", ""png""]","[""cyber"", ""scheme_card"", ""screen_graphic"", ""world_decal""]",True
cyber_city_icons,res://assets/tilesets/cyber_city_core_tilesets/Store_Items/CyberCity_Icons/CyberCity_Icons/Bowl_1.png,Bowl_1.png,.png,512,512,True,"[11, 87, 493, 441]","[11, 87, 493, 441]",50.866,False,49.134,True,False,False,True,"[""bowl"", ""png""]","[""cyber"", ""scheme_card"", ""screen_graphic"", ""world_decal""]",True
cyber_city_icons,res://assets/tilesets/cyber_city_core_tilesets/Store_Items/CyberCity_Icons/CyberCity_Icons/Box_1.png,Box_1.png,.png,512,512,True,"[11, 57, 493, 456]","[11, 57, 493, 456]",42.439,False,57.561,True,False,False,True,"[""box"", ""png""]","[""cyber"", ""scheme_card"", ""screen_graphic"", ""world_decal""]",True
cyber_city_icons,res://assets/tilesets/cyber_city_core_tilesets/Store_Items/CyberCity_Icons/CyberCity_Icons/Box_2.png,Box_2.png,.png,512,512,True,"[37, 34, 479, 479]","[37, 34, 479, 479]",41.844,False,58.156,True,False,False,True,"[""box"", ""png""]","[""cyber"", ""scheme_card"", ""screen_graphic"", ""world_decal""]",True
cyber_city_icons,res://assets/tilesets/cyber_city_core_tilesets/Store_Items/CyberCity_Icons/CyberCity_Icons/Box_3.png,Box_3.png,.png,512,512,True,"[31, 39, 484, 505]","[31, 39, 484, 505]",40.742,False,59.258,True,False,False,True,"[""box"", ""png""]","[""cyber"", ""scheme_card"", ""screen_graphic"", ""world_decal""]",True
cyber_city_icons,res://assets/tilesets/cyber_city_core_tilesets/Store_Items/CyberCity_Icons/CyberCity_Icons/Box_4.png,Box_4.png,.png,512,512,True,"[9, 103, 496, 448]","[9, 103, 496, 448]",50.013,False,49.987,True,False,False,True,"[""box"", ""png""]","[""cyber"", ""scheme_card"", ""screen_graphic"", ""world_decal""]",True
cyber_city_icons,res://assets/tilesets/cyber_city_core_tilesets/Store_Items/CyberCity_Icons/CyberCity_Icons/Bracelet_1.png,Bracelet_1.png,.png,512,512,True,"[139, 121, 389, 368]","[139, 121, 389, 368]",88.271,False,11.729,True,False,False,True,"[""bracelet"", ""png""]","[""cyber"", ""scheme_card"", ""screen_graphic"", ""world_decal""]",True
cyber_city_icons,res://assets/tilesets/cyber_city_core_tilesets/Store_Items/CyberCity_Icons/CyberCity_Icons/Bracelet_2.png,Bracelet_2.png,.png,512,512,True,"[88, 48, 423, 391]","[88, 48, 423, 391]",77.39,False,22.61,True,False,False,True,"[""bracelet"", ""png""]","[""cyber"", ""scheme_card"", ""screen_graphic"", ""world_decal""]",True
cyber_city_icons,res://assets/tilesets/cyber_city_core_tilesets/Store_Items/CyberCity_Icons/CyberCity_Icons/Bucket_1.png,Bucket_1.png,.png,512,512,True,"[110, 55, 441, 477]","[110, 55, 441, 477]",58.598,False,41.402,True,False,False,True,"[""bucket"", ""png""]","[""cyber"", ""scheme_card"", ""screen_graphic"", ""world_decal""]",True
cyber_city_icons,res://assets/tilesets/cyber_city_core_tilesets/Store_Items/CyberCity_Icons/CyberCity_Icons/Bust_1.png,Bust_1.png,.png,512,512,True,"[97, 1, 396, 508]","[97, 1, 396, 508]",67.226,False,32.774,True,False,False,True,"[""bust"", ""png""]","[""cyber"", ""scheme_card"", ""screen_graphic"", ""world_decal""]",True
cyber_city_icons,res://assets/tilesets/cyber_city_core_tilesets/Store_Items/CyberCity_Icons/CyberCity_Icons/Button_1.png,Button_1.png,.png,512,512,True,"[146, 11, 424, 468]","[146, 11, 424, 468]",63.805,False,36.195,True,False,False,True,"[""button"", ""png""]","[""cyber"", ""scheme_card"", ""screen_graphic"", ""world_decal""]",True
cyber_city_icons,res://assets/tilesets/cyber_city_core_tilesets/Store_Items/CyberCity_Icons/CyberCity_Icons/Cable_1.png,Cable_1.png,.png,512,512,True,"[31, 0, 419, 509]","[31, 0, 419, 509]",98.314,False,1.686,True,False,False,True,"[""cable"", ""png""]","[""cyber"", ""scheme_card"", ""screen_graphic"", ""world_decal""]",True
cyber_city_icons,res://assets/tilesets/cyber_city_core_tilesets/Store_Items/CyberCity_Icons/CyberCity_Icons/Cable_2.png,Cable_2.png,.png,512,512,True,"[19, 27, 500, 466]","[19, 27, 500, 466]",90.107,False,9.893,True,False,False,True,"[""cable"", ""png""]","[""cyber"", ""scheme_card"", ""screen_graphic"", ""world_decal""]",True
cyber_city_icons,res://assets/tilesets/cyber_city_core_tilesets/Store_Items/CyberCity_Icons/CyberCity_Icons/Cable_3.png,Cable_3.png,.png,512,512,True,"[0, 188, 505, 346]","[0, 188, 505, 346]",87.5,False,12.5,True,False,False,True,"[""cable"", ""png""]","[""cyber"", ""scheme_card"", ""screen_graphic"", ""world_decal""]",True
cyber_city_icons,res://assets/tilesets/cyber_city_core_tilesets/Store_Items/CyberCity_Icons/CyberCity_Icons/Camera_1.png,Camera_1.png,.png,512,512,True,"[89, 59, 476, 436]","[89, 59, 476, 436]",64.799,False,35.201,True,False,False,True,"[""camera"", ""png"", ""security""]","[""mission_board"", ""screen_graphic"", ""security"", ""security_indicator"", ""warning_indicator"", ""world_decal""]",True
cyber_city_icons,res://assets/tilesets/cyber_city_core_tilesets/Store_Items/CyberCity_Icons/CyberCity_Icons/Camera_2.png,Camera_2.png,.png,512,512,True,"[114, 11, 412, 495]","[114, 11, 412, 495]",54.208,False,45.792,True,False,False,True,"[""camera"", ""png"", ""security""]","[""mission_board"", ""screen_graphic"", ""security"", ""security_indicator"", ""warning_indicator"", ""world_decal""]",True
cyber_city_icons,res://assets/tilesets/cyber_city_core_tilesets/Store_Items/CyberCity_Icons/CyberCity_Icons/Camera_3.png,Camera_3.png,.png,512,512,True,"[11, 30, 499, 410]","[11, 30, 499, 410]",55.443,False,44.557,True,False,False,True,"[""camera"", ""png"", ""security""]","[""mission_board"", ""screen_graphic"", ""security"", ""security_indicator"", ""warning_indicator"", ""world_decal""]",True
cyber_city_icons,res://assets/tilesets/cyber_city_core_tilesets/Store_Items/CyberCity_Icons/CyberCity_Icons/Cameras_1.png,Cameras_1.png,.png,512,512,True,"[0, 6, 454, 493]","[0, 6, 454, 493]",63.213,False,36.787,True,False,False,True,"[""cameras"", ""png"", ""security""]","[""mission_board"", ""screen_graphic"", ""security"", ""security_indicator"", ""warning_indicator"", ""world_decal""]",True
cyber_city_icons,res://assets/tilesets/cyber_city_core_tilesets/Store_Items/CyberCity_Icons/CyberCity_Icons/Candle_1.png,Candle_1.png,.png,512,512,True,"[97, 72, 392, 440]","[97, 72, 392, 440]",72.747,False,27.253,True,False,False,True,"[""candle"", ""png""]","[""cyber"", ""scheme_card"", ""screen_graphic"", ""world_decal""]",True
cyber_city_icons,res://assets/tilesets/cyber_city_core_tilesets/Store_Items/CyberCity_Icons/CyberCity_Icons/Candle_2.png,Candle_2.png,.png,512,512,True,"[2, 205, 505, 441]","[2, 205, 505, 441]",66.316,False,33.684,True,False,False,True,"[""candle"", ""png""]","[""cyber"", ""scheme_card"", ""screen_graphic"", ""world_decal""]",True
cyber_city_icons,res://assets/tilesets/cyber_city_core_tilesets/Store_Items/CyberCity_Icons/CyberCity_Icons/Candle_3.png,Candle_3.png,.png,512,512,True,"[113, 20, 379, 471]","[113, 20, 379, 471]",65.183,False,34.817,True,False,False,True,"[""candle"", ""png""]","[""cyber"", ""scheme_card"", ""screen_graphic"", ""world_decal""]",True
cyber_city_icons,res://assets/tilesets/cyber_city_core_tilesets/Store_Items/CyberCity_Icons/CyberCity_Icons/CardboardBox_1.png,CardboardBox_1.png,.png,512,512,True,"[19, 58, 475, 486]","[19, 58, 475, 486]",41.95,False,58.05,True,False,False,True,"[""cardboardbox"", ""png""]","[""cyber"", ""scheme_card"", ""screen_graphic"", ""world_decal""]",True
cyber_city_icons,res://assets/tilesets/cyber_city_core_tilesets/Store_Items/CyberCity_Icons/CyberCity_Icons/CardboardBox_2.png,CardboardBox_2.png,.png,512,512,True,"[4, 147, 509, 457]","[4, 147, 509, 457]",57.016,False,42.984,True,False,False,True,"[""cardboardbox"", ""png""]","[""cyber"", ""scheme_card"", ""screen_graphic"", ""world_decal""]",True
cyber_city_icons,res://assets/tilesets/cyber_city_core_tilesets/Store_Items/CyberCity_Icons/CyberCity_Icons/CardboardBox_3.png,CardboardBox_3.png,.png,512,512,True,"[5, 88, 497, 461]","[5, 88, 497, 461]",44.568,False,55.432,True,False,False,True,"[""cardboardbox"", ""png""]","[""cyber"", ""scheme_card"", ""screen_graphic"", ""world_decal""]",True
cyber_city_icons,res://assets/tilesets/cyber_city_core_tilesets/Store_Items/CyberCity_Icons/CyberCity_Icons/CardboardBoxes_1.png,CardboardBoxes_1.png,.png,512,512,True,"[6, 31, 503, 493]","[6, 31, 503, 493]",41.323,False,58.677,True,False,False,True,"[""cardboardboxes"", ""png""]","[""cyber"", ""scheme_card"", ""screen_graphic"", ""world_decal""]",True
cyber_city_icons,res://assets/tilesets/cyber_city_core_tilesets/Store_Items/CyberCity_Icons/CyberCity_Icons/CardboardSign_1.png,CardboardSign_1.png,.png,512,512,True,"[129, 7, 301, 495]","[129, 7, 301, 495]",85.135,False,14.865,True,False,False,True,"[""cardboardsign"", ""decor"", ""png""]","[""decor"", ""signage"", ""wall_sticker"", ""world_decal""]",True
cyber_city_icons,res://assets/tilesets/cyber_city_core_tilesets/Store_Items/CyberCity_Icons/CyberCity_Icons/Cart_1.png,Cart_1.png,.png,512,512,True,"[38, 19, 491, 501]","[38, 19, 491, 501]",44.539,False,55.461,True,False,False,False,"[""cart"", ""png"", ""store""]","[""decor_shop_thumbnail"", ""store"", ""store_terminal"", ""storefront_item""]",True
cyber_city_icons,res://assets/tilesets/cyber_city_core_tilesets/Store_Items/CyberCity_Icons/CyberCity_Icons/Carton_1.png,Carton_1.png,.png,512,512,True,"[154, 13, 344, 500]","[154, 13, 344, 500]",70.732,False,29.268,True,False,False,False,"[""carton"", ""png"", ""store""]","[""decor_shop_thumbnail"", ""store"", ""store_terminal"", ""storefront_item""]",True
cyber_city_icons,res://assets/tilesets/cyber_city_core_tilesets/Store_Items/CyberCity_Icons/CyberCity_Icons/Carton_2.png,Carton_2.png,.png,512,512,True,"[123, 26, 364, 487]","[123, 26, 364, 487]",64.206,False,35.794,True,False,False,False,"[""carton"", ""png"", ""store""]","[""decor_shop_thumbnail"", ""store"", ""store_terminal"", ""storefront_item""]",True
cyber_city_icons,res://assets/tilesets/cyber_city_core_tilesets/Store_Items/CyberCity_Icons/CyberCity_Icons/Carton_3.png,Carton_3.png,.png,512,512,True,"[131, 33, 369, 499]","[131, 33, 369, 499]",64.587,False,35.413,True,False,False,False,"[""carton"", ""png"", ""store""]","[""decor_shop_thumbnail"", ""store"", ""store_terminal"", ""storefront_item""]",True
cyber_city_icons,res://assets/tilesets/cyber_city_core_tilesets/Store_Items/CyberCity_Icons/CyberCity_Icons/Carton_4.png,Carton_4.png,.png,512,512,True,"[163, 17, 344, 505]","[163, 17, 344, 505]",70.883,False,29.117,True,False,False,False,"[""carton"", ""png"", ""store""]","[""decor_shop_thumbnail"", ""store"", ""store_terminal"", ""storefront_item""]",True
cyber_city_icons,res://assets/tilesets/cyber_city_core_tilesets/Store_Items/CyberCity_Icons/CyberCity_Icons/CashRegister_1.png,CashRegister_1.png,.png,512,512,True,"[58, 71, 409, 454]","[58, 71, 409, 454]",63.256,False,36.744,True,False,False,False,"[""cashregister"", ""png"", ""store""]","[""currency"", ""inventory_icon"", ""store_terminal"", ""storefront_item""]",True
cyber_city_icons,res://assets/tilesets/cyber_city_core_tilesets/Store_Items/CyberCity_Icons/CyberCity_Icons/CashRegister_2.png,CashRegister_2.png,.png,512,512,True,"[25, 24, 431, 463]","[25, 24, 431, 463]",54.326,False,45.674,True,False,False,False,"[""cashregister"", ""png"", ""store""]","[""currency"", ""inventory_icon"", ""store_terminal"", ""storefront_item""]",True
cyber_city_icons,res://assets/tilesets/cyber_city_core_tilesets/Store_Items/CyberCity_Icons/CyberCity_Icons/CCTV_1.png,CCTV_1.png,.png,512,512,True,"[45, 49, 478, 465]","[45, 49, 478, 465]",52.888,False,47.112,True,False,False,True,"[""cctv"", ""png""]","[""cyber"", ""scheme_card"", ""screen_graphic"", ""world_decal""]",True
cyber_city_icons,res://assets/tilesets/cyber_city_core_tilesets/Store_Items/CyberCity_Icons/CyberCity_Icons/Cellphone_1.png,Cellphone_1.png,.png,512,512,True,"[158, 27, 390, 502]","[158, 27, 390, 502]",64.222,False,35.778,True,False,False,True,"[""cellphone"", ""png""]","[""cyber"", ""scheme_card"", ""screen_graphic"", ""world_decal""]",True
cyber_city_icons,res://assets/tilesets/cyber_city_core_tilesets/Store_Items/CyberCity_Icons/CyberCity_Icons/Chair_1.png,Chair_1.png,.png,512,512,True,"[93, 1, 391, 505]","[93, 1, 391, 505]",78.71,False,21.29,True,False,False,True,"[""chair"", ""png""]","[""cyber"", ""scheme_card"", ""screen_graphic"", ""world_decal""]",True
cyber_city_icons,res://assets/tilesets/cyber_city_core_tilesets/Store_Items/CyberCity_Icons/CyberCity_Icons/Chair_10.png,Chair_10.png,.png,512,512,True,"[96, 20, 440, 502]","[96, 20, 440, 502]",80.065,False,19.935,True,False,False,True,"[""chair"", ""png""]","[""cyber"", ""scheme_card"", ""screen_graphic"", ""world_decal""]",True
cyber_city_icons,res://assets/tilesets/cyber_city_core_tilesets/Store_Items/CyberCity_Icons/CyberCity_Icons/Chair_11.png,Chair_11.png,.png,512,512,True,"[108, 6, 399, 510]","[108, 6, 399, 510]",77.355,False,22.645,True,False,False,True,"[""chair"", ""png""]","[""cyber"", ""scheme_card"", ""screen_graphic"", ""world_decal""]",True
cyber_city_icons,res://assets/tilesets/cyber_city_core_tilesets/Store_Items/CyberCity_Icons/CyberCity_Icons/Chair_12.png,Chair_12.png,.png,512,512,True,"[5, 33, 504, 480]","[5, 33, 504, 480]",52.607,False,47.393,True,False,False,True,"[""chair"", ""png""]","[""cyber"", ""scheme_card"", ""screen_graphic"", ""world_decal""]",True
cyber_city_icons,res://assets/tilesets/cyber_city_core_tilesets/Store_Items/CyberCity_Icons/CyberCity_Icons/Chair_13.png,Chair_13.png,.png,512,512,True,"[76, 18, 411, 499]","[76, 18, 411, 499]",77.052,False,22.948,True,False,False,True,"[""chair"", ""png""]","[""cyber"", ""scheme_card"", ""screen_graphic"", ""world_decal""]",True
cyber_city_icons,res://assets/tilesets/cyber_city_core_tilesets/Store_Items/CyberCity_Icons/CyberCity_Icons/Chair_14.png,Chair_14.png,.png,512,512,True,"[67, 6, 468, 496]","[67, 6, 468, 496]",63.45,False,36.55,True,False,False,True,"[""chair"", ""png""]","[""cyber"", ""scheme_card"", ""screen_graphic"", ""world_decal""]",True
cyber_city_icons,res://assets/tilesets/cyber_city_core_tilesets/Store_Items/CyberCity_Icons/CyberCity_Icons/Chair_15.png,Chair_15.png,.png,512,512,True,"[82, 11, 446, 495]","[82, 11, 446, 495]",77.667,False,22.333,True,False,False,True,"[""chair"", ""png""]","[""cyber"", ""scheme_card"", ""screen_graphic"", ""world_decal""]",True
cyber_city_icons,res://assets/tilesets/cyber_city_core_tilesets/Store_Items/CyberCity_Icons/CyberCity_Icons/Chair_16.png,Chair_16.png,.png,512,512,True,"[136, 17, 421, 499]","[136, 17, 421, 499]",60.523,False,39.477,True,False,False,True,"[""chair"", ""png""]","[""cyber"", ""scheme_card"", ""screen_graphic"", ""world_decal""]",True
cyber_city_icons,res://assets/tilesets/cyber_city_core_tilesets/Store_Items/CyberCity_Icons/CyberCity_Icons/Chair_17.png,Chair_17.png,.png,512,512,True,"[155, 17, 426, 489]","[155, 17, 426, 489]",80.757,False,19.243,True,False,False,True,"[""chair"", ""png""]","[""cyber"", ""scheme_card"", ""screen_graphic"", ""world_decal""]",True
cyber_city_icons,res://assets/tilesets/cyber_city_core_tilesets/Store_Items/CyberCity_Icons/CyberCity_Icons/Chair_18.png,Chair_18.png,.png,512,512,True,"[108, 10, 398, 509]","[108, 10, 398, 509]",82.933,False,17.067,True,False,False,True,"[""chair"", ""png""]","[""cyber"", ""scheme_card"", ""screen_graphic"", ""world_decal""]",True
cyber_city_icons,res://assets/tilesets/cyber_city_core_tilesets/Store_Items/CyberCity_Icons/CyberCity_Icons/Chair_19.png,Chair_19.png,.png,512,512,True,"[87, 11, 385, 506]","[87, 11, 385, 506]",71.321,False,28.679,True,False,False,True,"[""chair"", ""png""]","[""cyber"", ""scheme_card"", ""screen_graphic"", ""world_decal""]",True
cyber_city_icons,res://assets/tilesets/cyber_city_core_tilesets/Store_Items/CyberCity_Icons/CyberCity_Icons/Chair_2.png,Chair_2.png,.png,512,512,True,"[76, 12, 403, 501]","[76, 12, 403, 501]",73.509,False,26.491,True,False,False,True,"[""chair"", ""png""]","[""cyber"", ""scheme_card"", ""screen_graphic"", ""world_decal""]",True
cyber_city_icons,res://assets/tilesets/cyber_city_core_tilesets/Store_Items/CyberCity_Icons/CyberCity_Icons/Chair_3.png,Chair_3.png,.png,512,512,True,"[66, 9, 384, 495]","[66, 9, 384, 495]",65.788,False,34.212,True,False,False,True,"[""chair"", ""png""]","[""cyber"", ""scheme_card"", ""screen_graphic"", ""world_decal""]",True
cyber_city_icons,res://assets/tilesets/cyber_city_core_tilesets/Store_Items/CyberCity_Icons/CyberCity_Icons/Chair_4.png,Chair_4.png,.png,512,512,True,"[140, 2, 375, 505]","[140, 2, 375, 505]",83.224,False,16.776,True,False,False,True,"[""chair"", ""png""]","[""cyber"", ""scheme_card"", ""screen_graphic"", ""world_decal""]",True
cyber_city_icons,res://assets/tilesets/cyber_city_core_tilesets/Store_Items/CyberCity_Icons/CyberCity_Icons/Chair_5.png,Chair_5.png,.png,512,512,True,"[104, 13, 376, 508]","[104, 13, 376, 508]",70.967,False,29.033,True,False,False,True,"[""chair"", ""png""]","[""cyber"", ""scheme_card"", ""screen_graphic"", ""world_decal""]",True
cyber_city_icons,res://assets/tilesets/cyber_city_core_tilesets/Store_Items/CyberCity_Icons/CyberCity_Icons/Chair_6.png,Chair_6.png,.png,512,512,True,"[128, 11, 329, 500]","[128, 11, 329, 500]",78.703,False,21.297,True,False,False,True,"[""chair"", ""png""]","[""cyber"", ""scheme_card"", ""screen_graphic"", ""world_decal""]",True
cyber_city_icons,res://assets/tilesets/cyber_city_core_tilesets/Store_Items/CyberCity_Icons/CyberCity_Icons/Chair_7.png,Chair_7.png,.png,512,512,True,"[116, 19, 386, 503]","[116, 19, 386, 503]",82.966,False,17.034,True,False,False,True,"[""chair"", ""png""]","[""cyber"", ""scheme_card"", ""screen_graphic"", ""world_decal""]",True
cyber_city_icons,res://assets/tilesets/cyber_city_core_tilesets/Store_Items/CyberCity_Icons/CyberCity_Icons/Chair_8.png,Chair_8.png,.png,512,512,True,"[129, 14, 394, 508]","[129, 14, 394, 508]",77.114,False,22.886,True,False,False,True,"[""chair"", ""png""]","[""cyber"", ""scheme_card"", ""screen_graphic"", ""world_decal""]",True
cyber_city_icons,res://assets/tilesets/cyber_city_core_tilesets/Store_Items/CyberCity_Icons/CyberCity_Icons/Chair_9.png,Chair_9.png,.png,512,512,True,"[29, 28, 498, 485]","[29, 28, 498, 485]",47.183,False,52.817,True,False,False,True,"[""chair"", ""png""]","[""cyber"", ""scheme_card"", ""screen_graphic"", ""world_decal""]",True
cyber_city_icons,res://assets/tilesets/cyber_city_core_tilesets/Store_Items/CyberCity_Icons/CyberCity_Icons/Chandelier_1.png,Chandelier_1.png,.png,512,512,True,"[176, 7, 292, 507]","[176, 7, 292, 507]",84.236,False,15.764,True,False,False,True,"[""chandelier"", ""png""]","[""cyber"", ""scheme_card"", ""screen_graphic"", ""world_decal""]",True
cyber_city_icons,res://assets/tilesets/cyber_city_core_tilesets/Store_Items/CyberCity_Icons/CyberCity_Icons/ChargingStation_1.png,ChargingStation_1.png,.png,512,512,True,"[28, 4, 500, 502]","[28, 4, 500, 502]",56.245,False,43.755,True,False,False,True,"[""chargingstation"", ""png""]","[""cyber"", ""scheme_card"", ""screen_graphic"", ""world_decal""]",True
cyber_city_icons,res://assets/tilesets/cyber_city_core_tilesets/Store_Items/CyberCity_Icons/CyberCity_Icons/Chopsticks_1.png,Chopsticks_1.png,.png,512,512,True,"[123, 2, 338, 502]","[123, 2, 338, 502]",82.067,False,17.933,True,False,False,True,"[""chopsticks"", ""png""]","[""cyber"", ""scheme_card"", ""screen_graphic"", ""world_decal""]",True
cyber_city_icons,res://assets/tilesets/cyber_city_core_tilesets/Store_Items/CyberCity_Icons/CyberCity_Icons/Chopsticks_2.png,Chopsticks_2.png,.png,512,512,True,"[131, 20, 320, 468]","[131, 20, 320, 468]",83.686,False,16.314,True,False,False,True,"[""chopsticks"", ""png""]","[""cyber"", ""scheme_card"", ""screen_graphic"", ""world_decal""]",True
cyber_city_icons,res://assets/tilesets/cyber_city_core_tilesets/Store_Items/CyberCity_Icons/CyberCity_Icons/Clock_1.png,Clock_1.png,.png,512,512,True,"[109, 86, 438, 449]","[109, 86, 438, 449]",64.244,False,35.756,True,False,False,True,"[""clock"", ""png"", ""security""]","[""mission_board"", ""screen_graphic"", ""security"", ""security_indicator"", ""warning_indicator"", ""world_decal""]",True
cyber_city_icons,res://assets/tilesets/cyber_city_core_tilesets/Store_Items/CyberCity_Icons/CyberCity_Icons/Clock_2.png,Clock_2.png,.png,512,512,True,"[141, 6, 363, 501]","[141, 6, 363, 501]",71.539,False,28.461,True,False,False,True,"[""clock"", ""png"", ""security""]","[""mission_board"", ""screen_graphic"", ""security"", ""security_indicator"", ""warning_indicator"", ""world_decal""]",True
cyber_city_icons,res://assets/tilesets/cyber_city_core_tilesets/Store_Items/CyberCity_Icons/CyberCity_Icons/ClothingPile_1.png,ClothingPile_1.png,.png,512,512,True,"[16, 133, 492, 473]","[16, 133, 492, 473]",57.457,False,42.543,True,False,False,True,"[""clothingpile"", ""png""]","[""cyber"", ""scheme_card"", ""screen_graphic"", ""world_decal""]",True
cyber_city_icons,res://assets/tilesets/cyber_city_core_tilesets/Store_Items/CyberCity_Icons/CyberCity_Icons/ClothingPile_2.png,ClothingPile_2.png,.png,512,512,True,"[6, 149, 509, 437]","[6, 149, 509, 437]",69.812,False,30.188,True,False,False,True,"[""clothingpile"", ""png""]","[""cyber"", ""scheme_card"", ""screen_graphic"", ""world_decal""]",True
cyber_city_icons,res://assets/tilesets/cyber_city_core_tilesets/Store_Items/CyberCity_Icons/CyberCity_Icons/ClothingPile_3.png,ClothingPile_3.png,.png,512,512,True,"[5, 111, 494, 459]","[5, 111, 494, 459]",55.404,False,44.596,True,False,False,True,"[""clothingpile"", ""png""]","[""cyber"", ""scheme_card"", ""screen_graphic"", ""world_decal""]",True
cyber_city_icons,res://assets/tilesets/cyber_city_core_tilesets/Store_Items/CyberCity_Icons/CyberCity_Icons/ClothingPile_4.png,ClothingPile_4.png,.png,512,512,True,"[9, 127, 491, 477]","[9, 127, 491, 477]",58.949,False,41.051,True,False,False,True,"[""clothingpile"", ""png""]","[""cyber"", ""scheme_card"", ""screen_graphic"", ""world_decal""]",True
cyber_city_icons,res://assets/tilesets/cyber_city_core_tilesets/Store_Items/CyberCity_Icons/CyberCity_Icons/Coffee_1.png,Coffee_1.png,.png,512,512,True,"[55, 140, 413, 425]","[55, 140, 413, 425]",70.653,False,29.347,True,False,False,True,"[""coffee"", ""png""]","[""cyber"", ""scheme_card"", ""screen_graphic"", ""world_decal""]",True
cyber_city_icons,res://assets/tilesets/cyber_city_core_tilesets/Store_Items/CyberCity_Icons/CyberCity_Icons/CoffeeTable_1.png,CoffeeTable_1.png,.png,512,512,True,"[5, 139, 508, 437]","[5, 139, 508, 437]",75.781,False,24.219,True,False,False,True,"[""coffeetable"", ""png""]","[""cyber"", ""scheme_card"", ""screen_graphic"", ""world_decal""]",True
cyber_city_icons,res://assets/tilesets/cyber_city_core_tilesets/Store_Items/CyberCity_Icons/CyberCity_Icons/Computer_1.png,Computer_1.png,.png,512,512,True,"[11, 97, 488, 392]","[11, 97, 488, 392]",64.066,False,35.934,True,False,False,True,"[""computer"", ""png"", ""terminal""]","[""screen_graphic"", ""store_terminal"", ""terminal"", ""world_decal""]",True
cyber_city_icons,res://assets/tilesets/cyber_city_core_tilesets/Store_Items/CyberCity_Icons/CyberCity_Icons/Computer_2.png,Computer_2.png,.png,512,512,True,"[22, 56, 499, 453]","[22, 56, 499, 453]",61.758,False,38.242,True,False,False,True,"[""computer"", ""png"", ""terminal""]","[""screen_graphic"", ""store_terminal"", ""terminal"", ""world_decal""]",True
cyber_city_icons,res://assets/tilesets/cyber_city_core_tilesets/Store_Items/CyberCity_Icons/CyberCity_Icons/Computer_3.png,Computer_3.png,.png,512,512,True,"[7, 36, 506, 446]","[7, 36, 506, 446]",65.121,False,34.879,True,False,False,True,"[""computer"", ""png"", ""terminal""]","[""screen_graphic"", ""store_terminal"", ""terminal"", ""world_decal""]",True
cyber_city_icons,res://assets/tilesets/cyber_city_core_tilesets/Store_Items/CyberCity_Icons/CyberCity_Icons/Computer_4.png,Computer_4.png,.png,512,512,True,"[153, 12, 332, 505]","[153, 12, 332, 505]",73.676,False,26.324,True,False,False,True,"[""computer"", ""png"", ""terminal""]","[""screen_graphic"", ""store_terminal"", ""terminal"", ""world_decal""]",True
cyber_city_icons,res://assets/tilesets/cyber_city_core_tilesets/Store_Items/CyberCity_Icons/CyberCity_Icons/Computer_5.png,Computer_5.png,.png,512,512,True,"[71, 17, 461, 477]","[71, 17, 461, 477]",61.058,False,38.942,True,False,False,True,"[""computer"", ""png"", ""terminal""]","[""screen_graphic"", ""store_terminal"", ""terminal"", ""world_decal""]",True
cyber_city_icons,res://assets/tilesets/cyber_city_core_tilesets/Store_Items/CyberCity_Icons/CyberCity_Icons/ComputerStation_1.png,ComputerStation_1.png,.png,512,512,True,"[5, 43, 507, 459]","[5, 43, 507, 459]",47.489,False,52.511,True,False,False,True,"[""computerstation"", ""png"", ""terminal""]","[""screen_graphic"", ""store_terminal"", ""terminal"", ""world_decal""]",True
cyber_city_icons,res://assets/tilesets/cyber_city_core_tilesets/Store_Items/CyberCity_Icons/CyberCity_Icons/ComputerTower_1.png,ComputerTower_1.png,.png,512,512,True,"[28, 26, 440, 495]","[28, 26, 440, 495]",38.158,False,61.842,True,False,False,True,"[""computertower"", ""png"", ""terminal""]","[""screen_graphic"", ""store_terminal"", ""terminal"", ""world_decal""]",True
cyber_city_icons,res://assets/tilesets/cyber_city_core_tilesets/Store_Items/CyberCity_Icons/CyberCity_Icons/Console_1.png,Console_1.png,.png,512,512,True,"[30, 16, 484, 501]","[30, 16, 484, 501]",50.943,False,49.057,True,False,False,True,"[""console"", ""png""]","[""cyber"", ""scheme_card"", ""screen_graphic"", ""world_decal""]",True
cyber_city_icons,res://assets/tilesets/cyber_city_core_tilesets/Store_Items/CyberCity_Icons/CyberCity_Icons/Container_1.png,Container_1.png,.png,512,512,True,"[48, 22, 429, 474]","[48, 22, 429, 474]",43.739,False,56.261,True,False,False,True,"[""container"", ""png""]","[""cyber"", ""scheme_card"", ""screen_graphic"", ""world_decal""]",True
cyber_city_icons,res://assets/tilesets/cyber_city_core_tilesets/Store_Items/CyberCity_Icons/CyberCity_Icons/Container_10.png,Container_10.png,.png,512,512,True,"[10, 99, 504, 437]","[10, 99, 504, 437]",60.609,False,39.391,True,False,False,True,"[""container"", ""png""]","[""cyber"", ""scheme_card"", ""screen_graphic"", ""world_decal""]",True
cyber_city_icons,res://assets/tilesets/cyber_city_core_tilesets/Store_Items/CyberCity_Icons/CyberCity_Icons/Container_11.png,Container_11.png,.png,512,512,True,"[38, 57, 479, 481]","[38, 57, 479, 481]",45.805,False,54.195,True,False,False,True,"[""container"", ""png""]","[""cyber"", ""scheme_card"", ""screen_graphic"", ""world_decal""]",True
cyber_city_icons,res://assets/tilesets/cyber_city_core_tilesets/Store_Items/CyberCity_Icons/CyberCity_Icons/Container_12.png,Container_12.png,.png,512,512,True,"[28, 33, 490, 487]","[28, 33, 490, 487]",40.27,False,59.73,True,False,False,True,"[""container"", ""png""]","[""cyber"", ""scheme_card"", ""screen_graphic"", ""world_decal""]",True
cyber_city_icons,res://assets/tilesets/cyber_city_core_tilesets/Store_Items/CyberCity_Icons/CyberCity_Icons/Container_13.png,Container_13.png,.png,512,512,True,"[11, 101, 491, 429]","[11, 101, 491, 429]",55.9,False,44.1,True,False,False,True,"[""container"", ""png""]","[""cyber"", ""scheme_card"", ""screen_graphic"", ""world_decal""]",True
cyber_city_icons,res://assets/tilesets/cyber_city_core_tilesets/Store_Items/CyberCity_Icons/CyberCity_Icons/Container_14.png,Container_14.png,.png,512,512,True,"[95, 18, 425, 508]","[95, 18, 425, 508]",46.711,False,53.289,True,False,False,True,"[""container"", ""png""]","[""cyber"", ""scheme_card"", ""screen_graphic"", ""world_decal""]",True
cyber_city_icons,res://assets/tilesets/cyber_city_core_tilesets/Store_Items/CyberCity_Icons/CyberCity_Icons/Container_15.png,Container_15.png,.png,512,512,True,"[10, 70, 504, 440]","[10, 70, 504, 440]",41.784,False,58.216,True,False,False,True,"[""container"", ""png""]","[""cyber"", ""scheme_card"", ""screen_graphic"", ""world_decal""]",True
cyber_city_icons,res://assets/tilesets/cyber_city_core_tilesets/Store_Items/CyberCity_Icons/CyberCity_Icons/Container_16.png,Container_16.png,.png,512,512,True,"[7, 64, 501, 473]","[7, 64, 501, 473]",39.481,False,60.519,True,False,False,True,"[""container"", ""png""]","[""cyber"", ""scheme_card"", ""screen_graphic"", ""world_decal""]",True
cyber_city_icons,res://assets/tilesets/cyber_city_core_tilesets/Store_Items/CyberCity_Icons/CyberCity_Icons/Container_17.png,Container_17.png,.png,512,512,True,"[7, 75, 505, 443]","[7, 75, 505, 443]",39.462,False,60.538,True,False,False,True,"[""container"", ""png""]","[""cyber"", ""scheme_card"", ""screen_graphic"", ""world_decal""]",True
cyber_city_icons,res://assets/tilesets/cyber_city_core_tilesets/Store_Items/CyberCity_Icons/CyberCity_Icons/Container_18.png,Container_18.png,.png,512,512,True,"[3, 84, 509, 483]","[3, 84, 509, 483]",36.656,False,63.344,True,False,False,True,"[""container"", ""png""]","[""cyber"", ""scheme_card"", ""screen_graphic"", ""world_decal""]",True
cyber_city_icons,res://assets/tilesets/cyber_city_core_tilesets/Store_Items/CyberCity_Icons/CyberCity_Icons/Container_19.png,Container_19.png,.png,512,512,True,"[1, 59, 509, 455]","[1, 59, 509, 455]",36.539,False,63.461,True,False,False,True,"[""container"", ""png""]","[""cyber"", ""scheme_card"", ""screen_graphic"", ""world_decal""]",True
cyber_city_icons,res://assets/tilesets/cyber_city_core_tilesets/Store_Items/CyberCity_Icons/CyberCity_Icons/Container_2.png,Container_2.png,.png,512,512,True,"[60, 4, 472, 503]","[60, 4, 472, 503]",33.201,False,66.799,True,False,False,True,"[""container"", ""png""]","[""cyber"", ""scheme_card"", ""screen_graphic"", ""world_decal""]",True
cyber_city_icons,res://assets/tilesets/cyber_city_core_tilesets/Store_Items/CyberCity_Icons/CyberCity_Icons/Container_20.png,Container_20.png,.png,512,512,True,"[7, 70, 510, 455]","[7, 70, 510, 455]",36.071,False,63.929,True,False,False,True,"[""container"", ""png""]","[""cyber"", ""scheme_card"", ""screen_graphic"", ""world_decal""]",True
cyber_city_icons,res://assets/tilesets/cyber_city_core_tilesets/Store_Items/CyberCity_Icons/CyberCity_Icons/Container_21.png,Container_21.png,.png,512,512,True,"[10, 85, 496, 441]","[10, 85, 496, 441]",41.743,False,58.257,True,False,False,True,"[""container"", ""png""]","[""cyber"", ""scheme_card"", ""screen_graphic"", ""world_decal""]",True
cyber_city_icons,res://assets/tilesets/cyber_city_core_tilesets/Store_Items/CyberCity_Icons/CyberCity_Icons/Container_22.png,Container_22.png,.png,512,512,True,"[92, 35, 430, 455]","[92, 35, 430, 455]",52.429,False,47.571,True,False,False,True,"[""container"", ""png""]","[""cyber"", ""scheme_card"", ""screen_graphic"", ""world_decal""]",True
cyber_city_icons,res://assets/tilesets/cyber_city_core_tilesets/Store_Items/CyberCity_Icons/CyberCity_Icons/Container_23.png,Container_23.png,.png,512,512,True,"[88, 13, 420, 494]","[88, 13, 420, 494]",51.456,False,48.544,True,False,False,True,"[""container"", ""png""]","[""cyber"", ""scheme_card"", ""screen_graphic"", ""world_decal""]",True
cyber_city_icons,res://assets/tilesets/cyber_city_core_tilesets/Store_Items/CyberCity_Icons/CyberCity_Icons/Container_3.png,Container_3.png,.png,512,512,True,"[34, 8, 442, 508]","[34, 8, 442, 508]",32.921,False,67.079,True,False,False,True,"[""container"", ""png""]","[""cyber"", ""scheme_card"", ""screen_graphic"", ""world_decal""]",True
cyber_city_icons,res://assets/tilesets/cyber_city_core_tilesets/Store_Items/CyberCity_Icons/CyberCity_Icons/Container_4.png,Container_4.png,.png,512,512,True,"[44, 23, 443, 491]","[44, 23, 443, 491]",40.62,False,59.38,True,False,False,True,"[""container"", ""png""]","[""cyber"", ""scheme_card"", ""screen_graphic"", ""world_decal""]",True
cyber_city_icons,res://assets/tilesets/cyber_city_core_tilesets/Store_Items/CyberCity_Icons/CyberCity_Icons/Container_5.png,Container_5.png,.png,512,512,True,"[63, 22, 479, 511]","[63, 22, 479, 511]",37.231,False,62.769,True,False,False,True,"[""container"", ""png""]","[""cyber"", ""scheme_card"", ""screen_graphic"", ""world_decal""]",True
cyber_city_icons,res://assets/tilesets/cyber_city_core_tilesets/Store_Items/CyberCity_Icons/CyberCity_Icons/Container_6.png,Container_6.png,.png,512,512,True,"[78, 53, 458, 434]","[78, 53, 458, 434]",73.295,False,26.705,True,False,False,True,"[""container"", ""png""]","[""cyber"", ""scheme_card"", ""screen_graphic"", ""world_decal""]",True
cyber_city_icons,res://assets/tilesets/cyber_city_core_tilesets/Store_Items/CyberCity_Icons/CyberCity_Icons/Container_7.png,Container_7.png,.png,512,512,True,"[24, 20, 481, 470]","[24, 20, 481, 470]",61.131,False,38.869,True,False,False,True,"[""container"", ""png""]","[""cyber"", ""scheme_card"", ""screen_graphic"", ""world_decal""]",True
cyber_city_icons,res://assets/tilesets/cyber_city_core_tilesets/Store_Items/CyberCity_Icons/CyberCity_Icons/Container_8.png,Container_8.png,.png,512,512,True,"[16, 15, 473, 491]","[16, 15, 473, 491]",54.042,False,45.958,True,False,False,True,"[""container"", ""png""]","[""cyber"", ""scheme_card"", ""screen_graphic"", ""world_decal""]",True
cyber_city_icons,res://assets/tilesets/cyber_city_core_tilesets/Store_Items/CyberCity_Icons/CyberCity_Icons/Container_9.png,Container_9.png,.png,512,512,True,"[7, 146, 502, 428]","[7, 146, 502, 428]",58.708,False,41.292,True,False,False,True,"[""container"", ""png""]","[""cyber"", ""scheme_card"", ""screen_graphic"", ""world_decal""]",True
cyber_city_icons,res://assets/tilesets/cyber_city_core_tilesets/Store_Items/CyberCity_Icons/CyberCity_Icons/ContrabandContainer_1.png,ContrabandContainer_1.png,.png,512,512,True,"[116, 3, 411, 508]","[116, 3, 411, 508]",53.915,False,46.085,True,False,False,True,"[""contrabandcontainer"", ""png""]","[""cyber"", ""scheme_card"", ""screen_graphic"", ""world_decal""]",True
cyber_city_icons,res://assets/tilesets/cyber_city_core_tilesets/Store_Items/CyberCity_Icons/CyberCity_Icons/ControlConsole_1.png,ControlConsole_1.png,.png,512,512,True,"[1, 146, 510, 427]","[1, 146, 510, 427]",58.862,False,41.138,True,False,False,True,"[""controlconsole"", ""png""]","[""cyber"", ""scheme_card"", ""screen_graphic"", ""world_decal""]",True
cyber_city_icons,res://assets/tilesets/cyber_city_core_tilesets/Store_Items/CyberCity_Icons/CyberCity_Icons/ControlConsole_2.png,ControlConsole_2.png,.png,512,512,True,"[2, 170, 507, 413]","[2, 170, 507, 413]",61.775,False,38.225,True,False,False,True,"[""controlconsole"", ""png""]","[""cyber"", ""scheme_card"", ""screen_graphic"", ""world_decal""]",True
cyber_city_icons,res://assets/tilesets/cyber_city_core_tilesets/Store_Items/CyberCity_Icons/CyberCity_Icons/Couch_1.png,Couch_1.png,.png,512,512,True,"[3, 99, 507, 413]","[3, 99, 507, 413]",60.585,False,39.415,True,False,False,True,"[""couch"", ""png""]","[""cyber"", ""scheme_card"", ""screen_graphic"", ""world_decal""]",True
cyber_city_icons,res://assets/tilesets/cyber_city_core_tilesets/Store_Items/CyberCity_Icons/CyberCity_Icons/Crate_1.png,Crate_1.png,.png,512,512,True,"[45, 13, 480, 505]","[45, 13, 480, 505]",38.655,False,61.345,True,False,False,True,"[""crate"", ""png""]","[""cyber"", ""scheme_card"", ""screen_graphic"", ""world_decal""]",True
cyber_city_icons,res://assets/tilesets/cyber_city_core_tilesets/Store_Items/CyberCity_Icons/CyberCity_Icons/Crate_10.png,Crate_10.png,.png,512,512,True,"[22, 13, 483, 497]","[22, 13, 483, 497]",33.242,False,66.758,True,False,False,True,"[""crate"", ""png""]","[""cyber"", ""scheme_card"", ""screen_graphic"", ""world_decal""]",True
cyber_city_icons,res://assets/tilesets/cyber_city_core_tilesets/Store_Items/CyberCity_Icons/CyberCity_Icons/Crate_11.png,Crate_11.png,.png,512,512,True,"[5, 95, 499, 357]","[5, 95, 499, 357]",57.794,False,42.206,True,False,False,True,"[""crate"", ""png""]","[""cyber"", ""scheme_card"", ""screen_graphic"", ""world_decal""]",True
cyber_city_icons,res://assets/tilesets/cyber_city_core_tilesets/Store_Items/CyberCity_Icons/CyberCity_Icons/Crate_12.png,Crate_12.png,.png,512,512,True,"[23, 19, 499, 487]","[23, 19, 499, 487]",35.478,False,64.522,True,False,False,True,"[""crate"", ""png""]","[""cyber"", ""scheme_card"", ""screen_graphic"", ""world_decal""]",True
cyber_city_icons,res://assets/tilesets/cyber_city_core_tilesets/Store_Items/CyberCity_Icons/CyberCity_Icons/Crate_13.png,Crate_13.png,.png,512,512,True,"[19, 66, 470, 497]","[19, 66, 470, 497]",44.528,False,55.472,True,False,False,True,"[""crate"", ""png""]","[""cyber"", ""scheme_card"", ""screen_graphic"", ""world_decal""]",True
cyber_city_icons,res://assets/tilesets/cyber_city_core_tilesets/Store_Items/CyberCity_Icons/CyberCity_Icons/Crate_14.png,Crate_14.png,.png,512,512,True,"[15, 65, 504, 450]","[15, 65, 504, 450]",37.554,False,62.446,True,False,False,True,"[""crate"", ""png""]","[""cyber"", ""scheme_card"", ""screen_graphic"", ""world_decal""]",True
cyber_city_icons,res://assets/tilesets/cyber_city_core_tilesets/Store_Items/CyberCity_Icons/CyberCity_Icons/Crate_15.png,Crate_15.png,.png,512,512,True,"[23, 36, 488, 491]","[23, 36, 488, 491]",35.328,False,64.672,True,False,False,True,"[""crate"", ""png""]","[""cyber"", ""scheme_card"", ""screen_graphic"", ""world_decal""]",True
cyber_city_icons,res://assets/tilesets/cyber_city_core_tilesets/Store_Items/CyberCity_Icons/CyberCity_Icons/Crate_16.png,Crate_16.png,.png,512,512,True,"[12, 37, 492, 481]","[12, 37, 492, 481]",34.218,False,65.782,True,False,False,True,"[""crate"", ""png""]","[""cyber"", ""scheme_card"", ""screen_graphic"", ""world_decal""]",True
cyber_city_icons,res://assets/tilesets/cyber_city_core_tilesets/Store_Items/CyberCity_Icons/CyberCity_Icons/Crate_17.png,Crate_17.png,.png,512,512,True,"[15, 39, 504, 483]","[15, 39, 504, 483]",38.737,False,61.263,True,False,False,True,"[""crate"", ""png""]","[""cyber"", ""scheme_card"", ""screen_graphic"", ""world_decal""]",True
cyber_city_icons,res://assets/tilesets/cyber_city_core_tilesets/Store_Items/CyberCity_Icons/CyberCity_Icons/Crate_18.png,Crate_18.png,.png,512,512,True,"[5, 33, 506, 477]","[5, 33, 506, 477]",39.809,False,60.191,True,False,False,True,"[""crate"", ""png""]","[""cyber"", ""scheme_card"", ""screen_graphic"", ""world_decal""]",True
cyber_city_icons,res://assets/tilesets/cyber_city_core_tilesets/Store_Items/CyberCity_Icons/CyberCity_Icons/Crate_19.png,Crate_19.png,.png,512,512,True,"[14, 26, 491, 486]","[14, 26, 491, 486]",32.066,False,67.934,True,False,False,True,"[""crate"", ""png""]","[""cyber"", ""scheme_card"", ""screen_graphic"", ""world_decal""]",True
cyber_city_icons,res://assets/tilesets/cyber_city_core_tilesets/Store_Items/CyberCity_Icons/CyberCity_Icons/Crate_2.png,Crate_2.png,.png,512,512,True,"[9, 151, 498, 371]","[9, 151, 498, 371]",71.674,False,28.326,True,False,False,True,"[""crate"", ""png""]","[""cyber"", ""scheme_card"", ""screen_graphic"", ""world_decal""]",True
cyber_city_icons,res://assets/tilesets/cyber_city_core_tilesets/Store_Items/CyberCity_Icons/CyberCity_Icons/Crate_3.png,Crate_3.png,.png,512,512,True,"[28, 40, 490, 497]","[28, 40, 490, 497]",35.473,False,64.527,True,False,False,True,"[""crate"", ""png""]","[""cyber"", ""scheme_card"", ""screen_graphic"", ""world_decal""]",True
cyber_city_icons,res://assets/tilesets/cyber_city_core_tilesets/Store_Items/CyberCity_Icons/CyberCity_Icons/Crate_4.png,Crate_4.png,.png,512,512,True,"[172, 7, 351, 505]","[172, 7, 351, 505]",70.757,False,29.243,True,False,False,True,"[""crate"", ""png""]","[""cyber"", ""scheme_card"", ""screen_graphic"", ""world_decal""]",True
cyber_city_icons,res://assets/tilesets/cyber_city_core_tilesets/Store_Items/CyberCity_Icons/CyberCity_Icons/Crate_5.png,Crate_5.png,.png,512,512,True,"[46, 54, 505, 482]","[46, 54, 505, 482]",43.032,False,56.968,True,False,False,True,"[""crate"", ""png""]","[""cyber"", ""scheme_card"", ""screen_graphic"", ""world_decal""]",True
cyber_city_icons,res://assets/tilesets/cyber_city_core_tilesets/Store_Items/CyberCity_Icons/CyberCity_Icons/Crate_6.png,Crate_6.png,.png,512,512,True,"[15, 71, 501, 495]","[15, 71, 501, 495]",35.106,False,64.894,True,False,False,True,"[""crate"", ""png""]","[""cyber"", ""scheme_card"", ""screen_graphic"", ""world_decal""]",True
cyber_city_icons,res://assets/tilesets/cyber_city_core_tilesets/Store_Items/CyberCity_Icons/CyberCity_Icons/Crate_7.png,Crate_7.png,.png,512,512,True,"[6, 116, 508, 430]","[6, 116, 508, 430]",54.248,False,45.752,True,False,False,True,"[""crate"", ""png""]","[""cyber"", ""scheme_card"", ""screen_graphic"", ""world_decal""]",True
cyber_city_icons,res://assets/tilesets/cyber_city_core_tilesets/Store_Items/CyberCity_Icons/CyberCity_Icons/Crate_8.png,Crate_8.png,.png,512,512,True,"[110, 4, 403, 507]","[110, 4, 403, 507]",51.107,False,48.893,True,False,False,True,"[""crate"", ""png""]","[""cyber"", ""scheme_card"", ""screen_graphic"", ""world_decal""]",True
cyber_city_icons,res://assets/tilesets/cyber_city_core_tilesets/Store_Items/CyberCity_Icons/CyberCity_Icons/Crate_9.png,Crate_9.png,.png,512,512,True,"[77, 12, 434, 503]","[77, 12, 434, 503]",43.37,False,56.63,True,False,False,True,"[""crate"", ""png""]","[""cyber"", ""scheme_card"", ""screen_graphic"", ""world_decal""]",True
cyber_city_icons,res://assets/tilesets/cyber_city_core_tilesets/Store_Items/CyberCity_Icons/CyberCity_Icons/CredStick_1.png,CredStick_1.png,.png,512,512,True,"[53, 106, 450, 446]","[53, 106, 450, 446]",71.22,False,28.78,True,False,False,True,"[""credstick"", ""png""]","[""cyber"", ""scheme_card"", ""screen_graphic"", ""world_decal""]",True
cyber_city_icons,res://assets/tilesets/cyber_city_core_tilesets/Store_Items/CyberCity_Icons/CyberCity_Icons/Crowbar_1.png,Crowbar_1.png,.png,512,512,True,"[65, 15, 441, 504]","[65, 15, 441, 504]",94.309,False,5.691,True,False,False,True,"[""crowbar"", ""png""]","[""cyber"", ""scheme_card"", ""screen_graphic"", ""world_decal""]",True
cyber_city_icons,res://assets/tilesets/cyber_city_core_tilesets/Store_Items/CyberCity_Icons/CyberCity_Icons/Crystal_1.png,Crystal_1.png,.png,512,512,True,"[95, 9, 400, 500]","[95, 9, 400, 500]",62.911,False,37.089,True,False,False,True,"[""crystal"", ""png""]","[""cyber"", ""scheme_card"", ""screen_graphic"", ""world_decal""]",True
cyber_city_icons,res://assets/tilesets/cyber_city_core_tilesets/Store_Items/CyberCity_Icons/CyberCity_Icons/Crystal_2.png,Crystal_2.png,.png,512,512,True,"[87, 6, 479, 499]","[87, 6, 479, 499]",56.936,False,43.064,True,False,False,True,"[""crystal"", ""png""]","[""cyber"", ""scheme_card"", ""screen_graphic"", ""world_decal""]",True
cyber_city_icons,res://assets/tilesets/cyber_city_core_tilesets/Store_Items/CyberCity_Icons/CyberCity_Icons/Crystal_3.png,Crystal_3.png,.png,512,512,True,"[91, 20, 387, 490]","[91, 20, 387, 490]",65.19,False,34.81,True,False,False,True,"[""crystal"", ""png""]","[""cyber"", ""scheme_card"", ""screen_graphic"", ""world_decal""]",True
cyber_city_icons,res://assets/tilesets/cyber_city_core_tilesets/Store_Items/CyberCity_Icons/CyberCity_Icons/Cup_1.png,Cup_1.png,.png,512,512,True,"[78, 54, 389, 472]","[78, 54, 389, 472]",62.785,False,37.215,True,False,False,True,"[""cup"", ""png""]","[""cyber"", ""scheme_card"", ""screen_graphic"", ""world_decal""]",True
cyber_city_icons,res://assets/tilesets/cyber_city_core_tilesets/Store_Items/CyberCity_Icons/CyberCity_Icons/CyberPart_1.png,CyberPart_1.png,.png,512,512,True,"[70, 20, 446, 481]","[70, 20, 446, 481]",87.041,False,12.959,True,False,False,True,"[""cyberpart"", ""png""]","[""cyber"", ""scheme_card"", ""screen_graphic"", ""world_decal""]",True
cyber_city_icons,res://assets/tilesets/cyber_city_core_tilesets/Store_Items/CyberCity_Icons/CyberCity_Icons/CyberPart_10.png,CyberPart_10.png,.png,512,512,True,"[157, 47, 413, 490]","[157, 47, 413, 490]",86.063,False,13.937,True,False,False,True,"[""cyberpart"", ""png""]","[""cyber"", ""scheme_card"", ""screen_graphic"", ""world_decal""]",True
cyber_city_icons,res://assets/tilesets/cyber_city_core_tilesets/Store_Items/CyberCity_Icons/CyberCity_Icons/CyberPart_11.png,CyberPart_11.png,.png,512,512,True,"[86, 34, 423, 491]","[86, 34, 423, 491]",62.44,False,37.56,True,False,False,True,"[""cyberpart"", ""png""]","[""cyber"", ""scheme_card"", ""screen_graphic"", ""world_decal""]",True
cyber_city_icons,res://assets/tilesets/cyber_city_core_tilesets/Store_Items/CyberCity_Icons/CyberCity_Icons/CyberPart_12.png,CyberPart_12.png,.png,512,512,True,"[74, 23, 480, 491]","[74, 23, 480, 491]",50.091,False,49.909,True,False,False,True,"[""cyberpart"", ""png""]","[""cyber"", ""scheme_card"", ""screen_graphic"", ""world_decal""]",True
cyber_city_icons,res://assets/tilesets/cyber_city_core_tilesets/Store_Items/CyberCity_Icons/CyberCity_Icons/CyberPart_2.png,CyberPart_2.png,.png,512,512,True,"[28, 94, 492, 427]","[28, 94, 492, 427]",66.496,False,33.504,True,False,False,True,"[""cyberpart"", ""png""]","[""cyber"", ""scheme_card"", ""screen_graphic"", ""world_decal""]",True
cyber_city_icons,res://assets/tilesets/cyber_city_core_tilesets/Store_Items/CyberCity_Icons/CyberCity_Icons/CyberPart_3.png,CyberPart_3.png,.png,512,512,True,"[40, 142, 453, 373]","[40, 142, 453, 373]",82.866,False,17.134,True,False,False,True,"[""cyberpart"", ""png""]","[""cyber"", ""scheme_card"", ""screen_graphic"", ""world_decal""]",True
cyber_city_icons,res://assets/tilesets/cyber_city_core_tilesets/Store_Items/CyberCity_Icons/CyberCity_Icons/CyberPart_4.png,CyberPart_4.png,.png,512,512,True,"[62, 80, 468, 453]","[62, 80, 468, 453]",74.725,False,25.275,True,False,False,True,"[""cyberpart"", ""png""]","[""cyber"", ""scheme_card"", ""screen_graphic"", ""world_decal""]",True
cyber_city_icons,res://assets/tilesets/cyber_city_core_tilesets/Store_Items/CyberCity_Icons/CyberCity_Icons/CyberPart_5.png,CyberPart_5.png,.png,512,512,True,"[82, 42, 463, 464]","[82, 42, 463, 464]",61.504,False,38.496,True,False,False,True,"[""cyberpart"", ""png""]","[""cyber"", ""scheme_card"", ""screen_graphic"", ""world_decal""]",True
cyber_city_icons,res://assets/tilesets/cyber_city_core_tilesets/Store_Items/CyberCity_Icons/CyberCity_Icons/CyberPart_6.png,CyberPart_6.png,.png,512,512,True,"[56, 18, 483, 494]","[56, 18, 483, 494]",82.86,False,17.14,True,False,False,True,"[""cyberpart"", ""png""]","[""cyber"", ""scheme_card"", ""screen_graphic"", ""world_decal""]",True
cyber_city_icons,res://assets/tilesets/cyber_city_core_tilesets/Store_Items/CyberCity_Icons/CyberCity_Icons/CyberPart_7.png,CyberPart_7.png,.png,512,512,True,"[111, 6, 408, 504]","[111, 6, 408, 504]",83.882,False,16.118,True,False,False,True,"[""cyberpart"", ""png""]","[""cyber"", ""scheme_card"", ""screen_graphic"", ""world_decal""]",True
cyber_city_icons,res://assets/tilesets/cyber_city_core_tilesets/Store_Items/CyberCity_Icons/CyberCity_Icons/CyberPart_8.png,CyberPart_8.png,.png,512,512,True,"[41, 19, 477, 483]","[41, 19, 477, 483]",58.997,False,41.003,True,False,False,True,"[""cyberpart"", ""png""]","[""cyber"", ""scheme_card"", ""screen_graphic"", ""world_decal""]",True
cyber_city_icons,res://assets/tilesets/cyber_city_core_tilesets/Store_Items/CyberCity_Icons/CyberCity_Icons/CyberPart_9.png,CyberPart_9.png,.png,512,512,True,"[5, 49, 486, 464]","[5, 49, 486, 464]",71.739,False,28.261,True,False,False,True,"[""cyberpart"", ""png""]","[""cyber"", ""scheme_card"", ""screen_graphic"", ""world_decal""]",True
cyber_city_icons,res://assets/tilesets/cyber_city_core_tilesets/Store_Items/CyberCity_Icons/CyberCity_Icons/CyborgBrain_1.png,CyborgBrain_1.png,.png,512,512,True,"[22, 57, 482, 460]","[22, 57, 482, 460]",46.535,False,53.465,True,False,False,True,"[""cyborgbrain"", ""png""]","[""cyber"", ""scheme_card"", ""screen_graphic"", ""world_decal""]",True
cyber_city_icons,res://assets/tilesets/cyber_city_core_tilesets/Store_Items/CyberCity_Icons/CyberCity_Icons/Cylinder_1.png,Cylinder_1.png,.png,512,512,True,"[8, 19, 493, 493]","[8, 19, 493, 493]",71.878,False,28.122,True,False,False,True,"[""cylinder"", ""png""]","[""cyber"", ""scheme_card"", ""screen_graphic"", ""world_decal""]",True
cyber_city_icons,res://assets/tilesets/cyber_city_core_tilesets/Store_Items/CyberCity_Icons/CyberCity_Icons/Cylinder_10.png,Cylinder_10.png,.png,512,512,True,"[0, 0, 374, 500]","[0, 0, 374, 500]",61.871,False,38.129,True,False,False,True,"[""cylinder"", ""png""]","[""cyber"", ""scheme_card"", ""screen_graphic"", ""world_decal""]",True
cyber_city_icons,res://assets/tilesets/cyber_city_core_tilesets/Store_Items/CyberCity_Icons/CyberCity_Icons/Cylinder_11.png,Cylinder_11.png,.png,512,512,True,"[0, 0, 417, 502]","[0, 0, 417, 502]",61.337,False,38.663,True,False,False,True,"[""cylinder"", ""png""]","[""cyber"", ""scheme_card"", ""screen_graphic"", ""world_decal""]",True
cyber_city_icons,res://assets/tilesets/cyber_city_core_tilesets/Store_Items/CyberCity_Icons/CyberCity_Icons/Cylinder_12.png,Cylinder_12.png,.png,512,512,True,"[0, 0, 395, 499]","[0, 0, 395, 499]",61.371,False,38.629,True,False,False,True,"[""cylinder"", ""png""]","[""cyber"", ""scheme_card"", ""screen_graphic"", ""world_decal""]",True
cyber_city_icons,res://assets/tilesets/cyber_city_core_tilesets/Store_Items/CyberCity_Icons/CyberCity_Icons/Cylinder_13.png,Cylinder_13.png,.png,512,512,True,"[149, 9, 399, 511]","[149, 9, 399, 511]",74.149,False,25.851,True,False,False,True,"[""cylinder"", ""png""]","[""cyber"", ""scheme_card"", ""screen_graphic"", ""world_decal""]",True
cyber_city_icons,res://assets/tilesets/cyber_city_core_tilesets/Store_Items/CyberCity_Icons/CyberCity_Icons/Cylinder_14.png,Cylinder_14.png,.png,512,512,True,"[20, 12, 480, 484]","[20, 12, 480, 484]",31.661,False,68.339,True,False,False,True,"[""cylinder"", ""png""]","[""cyber"", ""scheme_card"", ""screen_graphic"", ""world_decal""]",True
cyber_city_icons,res://assets/tilesets/cyber_city_core_tilesets/Store_Items/CyberCity_Icons/CyberCity_Icons/Cylinder_2.png,Cylinder_2.png,.png,512,512,True,"[49, 3, 416, 476]","[49, 3, 416, 476]",82.457,False,17.543,True,False,False,True,"[""cylinder"", ""png""]","[""cyber"", ""scheme_card"", ""screen_graphic"", ""world_decal""]",True
cyber_city_icons,res://assets/tilesets/cyber_city_core_tilesets/Store_Items/CyberCity_Icons/CyberCity_Icons/Cylinder_3.png,Cylinder_3.png,.png,512,512,True,"[119, 11, 415, 506]","[119, 11, 415, 506]",52.631,False,47.369,True,False,False,True,"[""cylinder"", ""png""]","[""cyber"", ""scheme_card"", ""screen_graphic"", ""world_decal""]",True
cyber_city_icons,res://assets/tilesets/cyber_city_core_tilesets/Store_Items/CyberCity_Icons/CyberCity_Icons/Cylinder_4.png,Cylinder_4.png,.png,512,512,True,"[103, 12, 392, 506]","[103, 12, 392, 506]",52.293,False,47.707,True,False,False,True,"[""cylinder"", ""png""]","[""cyber"", ""scheme_card"", ""screen_graphic"", ""world_decal""]",True
cyber_city_icons,res://assets/tilesets/cyber_city_core_tilesets/Store_Items/CyberCity_Icons/CyberCity_Icons/Cylinder_5.png,Cylinder_5.png,.png,512,512,True,"[107, 10, 394, 486]","[107, 10, 394, 486]",55.384,False,44.616,True,False,False,True,"[""cylinder"", ""png""]","[""cyber"", ""scheme_card"", ""screen_graphic"", ""world_decal""]",True
cyber_city_icons,res://assets/tilesets/cyber_city_core_tilesets/Store_Items/CyberCity_Icons/CyberCity_Icons/Cylinder_6.png,Cylinder_6.png,.png,512,512,True,"[88, 12, 382, 508]","[88, 12, 382, 508]",52.104,False,47.896,True,False,False,True,"[""cylinder"", ""png""]","[""cyber"", ""scheme_card"", ""screen_graphic"", ""world_decal""]",True
cyber_city_icons,res://assets/tilesets/cyber_city_core_tilesets/Store_Items/CyberCity_Icons/CyberCity_Icons/Cylinder_7.png,Cylinder_7.png,.png,512,512,True,"[129, 14, 424, 480]","[129, 14, 424, 480]",57.449,False,42.551,True,False,False,True,"[""cylinder"", ""png""]","[""cyber"", ""scheme_card"", ""screen_graphic"", ""world_decal""]",True
cyber_city_icons,res://assets/tilesets/cyber_city_core_tilesets/Store_Items/CyberCity_Icons/CyberCity_Icons/Cylinder_8.png,Cylinder_8.png,.png,512,512,True,"[0, 0, 373, 501]","[0, 0, 373, 501]",62.878,False,37.122,True,False,False,True,"[""cylinder"", ""png""]","[""cyber"", ""scheme_card"", ""screen_graphic"", ""world_decal""]",True
cyber_city_icons,res://assets/tilesets/cyber_city_core_tilesets/Store_Items/CyberCity_Icons/CyberCity_Icons/Cylinder_9.png,Cylinder_9.png,.png,512,512,True,"[0, 0, 395, 495]","[0, 0, 395, 495]",64.101,False,35.899,True,False,False,True,"[""cylinder"", ""png""]","[""cyber"", ""scheme_card"", ""screen_graphic"", ""world_decal""]",True
cyber_city_icons,res://assets/tilesets/cyber_city_core_tilesets/Store_Items/CyberCity_Icons/CyberCity_Icons/DataPad_1.png,DataPad_1.png,.png,512,512,True,"[91, 21, 376, 483]","[91, 21, 376, 483]",61.563,False,38.437,True,False,False,True,"[""datapad"", ""png"", ""terminal""]","[""inventory_icon"", ""scheme_card"", ""screen_graphic"", ""tech"", ""world_decal""]",True
cyber_city_icons,res://assets/tilesets/cyber_city_core_tilesets/Store_Items/CyberCity_Icons/CyberCity_Icons/Deco_1.png,Deco_1.png,.png,512,512,True,"[146, 30, 359, 490]","[146, 30, 359, 490]",83.688,False,16.312,True,False,False,True,"[""deco"", ""png""]","[""cyber"", ""scheme_card"", ""screen_graphic"", ""world_decal""]",True
cyber_city_icons,res://assets/tilesets/cyber_city_core_tilesets/Store_Items/CyberCity_Icons/CyberCity_Icons/Deco_2.png,Deco_2.png,.png,512,512,True,"[147, 3, 372, 505]","[147, 3, 372, 505]",81.077,False,18.923,True,False,False,True,"[""deco"", ""png""]","[""cyber"", ""scheme_card"", ""screen_graphic"", ""world_decal""]",True
cyber_city_icons,res://assets/tilesets/cyber_city_core_tilesets/Store_Items/CyberCity_Icons/CyberCity_Icons/Deco_3.png,Deco_3.png,.png,512,512,True,"[24, 14, 496, 499]","[24, 14, 496, 499]",56.567,False,43.433,True,False,False,True,"[""deco"", ""png""]","[""cyber"", ""scheme_card"", ""screen_graphic"", ""world_decal""]",True
cyber_city_icons,res://assets/tilesets/cyber_city_core_tilesets/Store_Items/CyberCity_Icons/CyberCity_Icons/DecoBowl_1.png,DecoBowl_1.png,.png,512,512,True,"[38, 102, 457, 450]","[38, 102, 457, 450]",54.986,False,45.014,True,False,False,True,"[""decobowl"", ""png""]","[""cyber"", ""scheme_card"", ""screen_graphic"", ""world_decal""]",True
cyber_city_icons,res://assets/tilesets/cyber_city_core_tilesets/Store_Items/CyberCity_Icons/CyberCity_Icons/DecoFlag_1.png,DecoFlag_1.png,.png,512,512,True,"[142, 7, 348, 502]","[142, 7, 348, 502]",68.634,False,31.366,True,False,False,True,"[""decoflag"", ""png""]","[""cyber"", ""scheme_card"", ""screen_graphic"", ""world_decal""]",True
cyber_city_icons,res://assets/tilesets/cyber_city_core_tilesets/Store_Items/CyberCity_Icons/CyberCity_Icons/DecoPlate_1.png,DecoPlate_1.png,.png,512,512,True,"[27, 95, 490, 435]","[27, 95, 490, 435]",53.006,False,46.994,True,False,False,True,"[""decoplate"", ""png""]","[""cyber"", ""scheme_card"", ""screen_graphic"", ""world_decal""]",True
cyber_city_icons,res://assets/tilesets/cyber_city_core_tilesets/Store_Items/CyberCity_Icons/CyberCity_Icons/DecoPlate_2.png,DecoPlate_2.png,.png,512,512,True,"[53, 6, 445, 502]","[53, 6, 445, 502]",47.113,False,52.887,True,False,False,True,"[""decoplate"", ""png""]","[""cyber"", ""scheme_card"", ""screen_graphic"", ""world_decal""]",True
cyber_city_icons,res://assets/tilesets/cyber_city_core_tilesets/Store_Items/CyberCity_Icons/CyberCity_Icons/DecoWall_1.png,DecoWall_1.png,.png,512,512,True,"[56, 21, 463, 485]","[56, 21, 463, 485]",51.677,False,48.323,True,False,False,True,"[""decowall"", ""png""]","[""cyber"", ""scheme_card"", ""screen_graphic"", ""world_decal""]",True
cyber_city_icons,res://assets/tilesets/cyber_city_core_tilesets/Store_Items/CyberCity_Icons/CyberCity_Icons/DeliciousChip_1.png,DeliciousChip_1.png,.png,512,512,True,"[123, 146, 385, 431]","[123, 146, 385, 431]",86.688,False,13.312,True,False,False,True,"[""deliciouschip"", ""png"", ""terminal""]","[""inventory_icon"", ""scheme_card"", ""screen_graphic"", ""tech"", ""world_decal""]",True
cyber_city_icons,res://assets/tilesets/cyber_city_core_tilesets/Store_Items/CyberCity_Icons/CyberCity_Icons/Desk_1.png,Desk_1.png,.png,512,512,True,"[7, 135, 505, 486]","[7, 135, 505, 486]",65.598,False,34.402,True,False,False,True,"[""desk"", ""png""]","[""cyber"", ""scheme_card"", ""screen_graphic"", ""world_decal""]",True
cyber_city_icons,res://assets/tilesets/cyber_city_core_tilesets/Store_Items/CyberCity_Icons/CyberCity_Icons/Desk_2.png,Desk_2.png,.png,512,512,True,"[5, 113, 495, 453]","[5, 113, 495, 453]",60.785,False,39.215,True,False,False,True,"[""desk"", ""png""]","[""cyber"", ""scheme_card"", ""screen_graphic"", ""world_decal""]",True
cyber_city_icons,res://assets/tilesets/cyber_city_core_tilesets/Store_Items/CyberCity_Icons/CyberCity_Icons/Dishes_1.png,Dishes_1.png,.png,512,512,True,"[6, 0, 500, 372]","[6, 0, 500, 372]",71.64,False,28.36,True,False,False,True,"[""dishes"", ""png""]","[""cyber"", ""scheme_card"", ""screen_graphic"", ""world_decal""]",True
cyber_city_icons,res://assets/tilesets/cyber_city_core_tilesets/Store_Items/CyberCity_Icons/CyberCity_Icons/Dresser_1.png,Dresser_1.png,.png,512,512,True,"[11, 85, 506, 426]","[11, 85, 506, 426]",53.558,False,46.442,True,False,False,True,"[""dresser"", ""png""]","[""cyber"", ""scheme_card"", ""screen_graphic"", ""world_decal""]",True
cyber_city_icons,res://assets/tilesets/cyber_city_core_tilesets/Store_Items/CyberCity_Icons/CyberCity_Icons/Dresser_2.png,Dresser_2.png,.png,512,512,True,"[14, 85, 496, 483]","[14, 85, 496, 483]",40.055,False,59.945,True,False,False,True,"[""dresser"", ""png""]","[""cyber"", ""scheme_card"", ""screen_graphic"", ""world_decal""]",True
cyber_city_icons,res://assets/tilesets/cyber_city_core_tilesets/Store_Items/CyberCity_Icons/CyberCity_Icons/Drink_1.png,Drink_1.png,.png,512,512,True,"[121, 57, 360, 468]","[121, 57, 360, 468]",68.051,False,31.949,True,False,False,True,"[""drink"", ""png""]","[""cyber"", ""scheme_card"", ""screen_graphic"", ""world_decal""]",True
cyber_city_icons,res://assets/tilesets/cyber_city_core_tilesets/Store_Items/CyberCity_Icons/CyberCity_Icons/Drink_10.png,Drink_10.png,.png,512,512,True,"[178, 3, 378, 505]","[178, 3, 378, 505]",73.444,False,26.556,True,False,False,True,"[""drink"", ""png""]","[""cyber"", ""scheme_card"", ""screen_graphic"", ""world_decal""]",True
cyber_city_icons,res://assets/tilesets/cyber_city_core_tilesets/Store_Items/CyberCity_Icons/CyberCity_Icons/Drink_11.png,Drink_11.png,.png,512,512,True,"[166, 19, 325, 502]","[166, 19, 325, 502]",82.584,False,17.416,True,False,False,True,"[""drink"", ""png""]","[""cyber"", ""scheme_card"", ""screen_graphic"", ""world_decal""]",True
cyber_city_icons,res://assets/tilesets/cyber_city_core_tilesets/Store_Items/CyberCity_Icons/CyberCity_Icons/Drink_12.png,Drink_12.png,.png,512,512,True,"[209, 7, 328, 494]","[209, 7, 328, 494]",87.008,False,12.992,True,False,False,True,"[""drink"", ""png""]","[""cyber"", ""scheme_card"", ""screen_graphic"", ""world_decal""]",True
cyber_city_icons,res://assets/tilesets/cyber_city_core_tilesets/Store_Items/CyberCity_Icons/CyberCity_Icons/Drink_13.png,Drink_13.png,.png,512,512,True,"[90, 20, 401, 501]","[90, 20, 401, 501]",64.224,False,35.776,True,False,False,True,"[""drink"", ""png""]","[""cyber"", ""scheme_card"", ""screen_graphic"", ""world_decal""]",True
cyber_city_icons,res://assets/tilesets/cyber_city_core_tilesets/Store_Items/CyberCity_Icons/CyberCity_Icons/Drink_14.png,Drink_14.png,.png,512,512,True,"[165, 10, 316, 503]","[165, 10, 316, 503]",84.949,False,15.051,True,False,False,True,"[""drink"", ""png""]","[""cyber"", ""scheme_card"", ""screen_graphic"", ""world_decal""]",True
cyber_city_icons,res://assets/tilesets/cyber_city_core_tilesets/Store_Items/CyberCity_Icons/CyberCity_Icons/Drink_15.png,Drink_15.png,.png,512,512,True,"[173, 2, 311, 503]","[173, 2, 311, 503]",83.355,False,16.645,True,False,False,True,"[""drink"", ""png""]","[""cyber"", ""scheme_card"", ""screen_graphic"", ""world_decal""]",True
cyber_city_icons,res://assets/tilesets/cyber_city_core_tilesets/Store_Items/CyberCity_Icons/CyberCity_Icons/Drink_16.png,Drink_16.png,.png,512,512,True,"[176, 7, 371, 501]","[176, 7, 371, 501]",82.165,False,17.835,True,False,False,True,"[""drink"", ""png""]","[""cyber"", ""scheme_card"", ""screen_graphic"", ""world_decal""]",True
cyber_city_icons,res://assets/tilesets/cyber_city_core_tilesets/Store_Items/CyberCity_Icons/CyberCity_Icons/Drink_17.png,Drink_17.png,.png,512,512,True,"[166, 21, 348, 503]","[166, 21, 348, 503]",82.497,False,17.503,True,False,False,True,"[""drink"", ""png""]","[""cyber"", ""scheme_card"", ""screen_graphic"", ""world_decal""]",True
cyber_city_icons,res://assets/tilesets/cyber_city_core_tilesets/Store_Items/CyberCity_Icons/CyberCity_Icons/Drink_18.png,Drink_18.png,.png,512,512,True,"[151, 10, 328, 503]","[151, 10, 328, 503]",76.451,False,23.549,True,False,False,True,"[""drink"", ""png""]","[""cyber"", ""scheme_card"", ""screen_graphic"", ""world_decal""]",True
cyber_city_icons,res://assets/tilesets/cyber_city_core_tilesets/Store_Items/CyberCity_Icons/CyberCity_Icons/Drink_19.png,Drink_19.png,.png,512,512,True,"[154, 8, 347, 497]","[154, 8, 347, 497]",77.386,False,22.614,True,False,False,True,"[""drink"", ""png""]","[""cyber"", ""scheme_card"", ""screen_graphic"", ""world_decal""]",True
cyber_city_icons,res://assets/tilesets/cyber_city_core_tilesets/Store_Items/CyberCity_Icons/CyberCity_Icons/Drink_2.png,Drink_2.png,.png,512,512,True,"[168, 13, 359, 497]","[168, 13, 359, 497]",72.368,False,27.632,True,False,False,True,"[""drink"", ""png""]","[""cyber"", ""scheme_card"", ""screen_graphic"", ""world_decal""]",True
cyber_city_icons,res://assets/tilesets/cyber_city_core_tilesets/Store_Items/CyberCity_Icons/CyberCity_Icons/Drink_20.png,Drink_20.png,.png,512,512,True,"[139, 7, 337, 499]","[139, 7, 337, 499]",76.755,False,23.245,True,False,False,True,"[""drink"", ""png""]","[""cyber"", ""scheme_card"", ""screen_graphic"", ""world_decal""]",True
cyber_city_icons,res://assets/tilesets/cyber_city_core_tilesets/Store_Items/CyberCity_Icons/CyberCity_Icons/Drink_21.png,Drink_21.png,.png,512,512,True,"[163, 1, 320, 508]","[163, 1, 320, 508]",80.083,False,19.917,True,False,False,True,"[""drink"", ""png""]","[""cyber"", ""scheme_card"", ""screen_graphic"", ""world_decal""]",True
cyber_city_icons,res://assets/tilesets/cyber_city_core_tilesets/Store_Items/CyberCity_Icons/CyberCity_Icons/Drink_22.png,Drink_22.png,.png,512,512,True,"[165, 3, 321, 495]","[165, 3, 321, 495]",81.519,False,18.481,True,False,False,True,"[""drink"", ""png""]","[""cyber"", ""scheme_card"", ""screen_graphic"", ""world_decal""]",True
cyber_city_icons,res://assets/tilesets/cyber_city_core_tilesets/Store_Items/CyberCity_Icons/CyberCity_Icons/Drink_23.png,Drink_23.png,.png,512,512,True,"[173, 14, 364, 512]","[173, 14, 364, 512]",74.011,False,25.989,True,False,False,True,"[""drink"", ""png""]","[""cyber"", ""scheme_card"", ""screen_graphic"", ""world_decal""]",True
cyber_city_icons,res://assets/tilesets/cyber_city_core_tilesets/Store_Items/CyberCity_Icons/CyberCity_Icons/Drink_24.png,Drink_24.png,.png,512,512,True,"[172, 13, 345, 502]","[172, 13, 345, 502]",72.704,False,27.296,True,False,False,True,"[""drink"", ""png""]","[""cyber"", ""scheme_card"", ""screen_graphic"", ""world_decal""]",True
cyber_city_icons,res://assets/tilesets/cyber_city_core_tilesets/Store_Items/CyberCity_Icons/CyberCity_Icons/Drink_25.png,Drink_25.png,.png,512,512,True,"[123, 9, 337, 508]","[123, 9, 337, 508]",73.478,False,26.522,True,False,False,True,"[""drink"", ""png""]","[""cyber"", ""scheme_card"", ""screen_graphic"", ""world_decal""]",True
cyber_city_icons,res://assets/tilesets/cyber_city_core_tilesets/Store_Items/CyberCity_Icons/CyberCity_Icons/Drink_26.png,Drink_26.png,.png,512,512,True,"[149, 10, 369, 508]","[149, 10, 369, 508]",71.676,False,28.324,True,False,False,True,"[""drink"", ""png""]","[""cyber"", ""scheme_card"", ""screen_graphic"", ""world_decal""]",True
cyber_city_icons,res://assets/tilesets/cyber_city_core_tilesets/Store_Items/CyberCity_Icons/CyberCity_Icons/Drink_27.png,Drink_27.png,.png,512,512,True,"[193, 0, 366, 512]","[193, 0, 366, 512]",72.178,False,27.822,True,False,False,True,"[""drink"", ""png""]","[""cyber"", ""scheme_card"", ""screen_graphic"", ""world_decal""]",True
cyber_city_icons,res://assets/tilesets/cyber_city_core_tilesets/Store_Items/CyberCity_Icons/CyberCity_Icons/Drink_28.png,Drink_28.png,.png,512,512,True,"[164, 12, 331, 491]","[164, 12, 331, 491]",74.213,False,25.787,True,False,False,True,"[""drink"", ""png""]","[""cyber"", ""scheme_card"", ""screen_graphic"", ""world_decal""]",True
cyber_city_icons,res://assets/tilesets/cyber_city_core_tilesets/Store_Items/CyberCity_Icons/CyberCity_Icons/Drink_3.png,Drink_3.png,.png,512,512,True,"[158, 7, 364, 488]","[158, 7, 364, 488]",79.42,False,20.58,True,False,False,True,"[""drink"", ""png""]","[""cyber"", ""scheme_card"", ""screen_graphic"", ""world_decal""]",True
cyber_city_icons,res://assets/tilesets/cyber_city_core_tilesets/Store_Items/CyberCity_Icons/CyberCity_Icons/Drink_4.png,Drink_4.png,.png,512,512,True,"[106, 12, 372, 508]","[106, 12, 372, 508]",61.543,False,38.457,True,False,False,True,"[""drink"", ""png""]","[""cyber"", ""scheme_card"", ""screen_graphic"", ""world_decal""]",True
cyber_city_icons,res://assets/tilesets/cyber_city_core_tilesets/Store_Items/CyberCity_Icons/CyberCity_Icons/Drink_5.png,Drink_5.png,.png,512,512,True,"[139, 28, 376, 499]","[139, 28, 376, 499]",64.284,False,35.716,True,False,False,True,"[""drink"", ""png""]","[""cyber"", ""scheme_card"", ""screen_graphic"", ""world_decal""]",True
cyber_city_icons,res://assets/tilesets/cyber_city_core_tilesets/Store_Items/CyberCity_Icons/CyberCity_Icons/Drink_6.png,Drink_6.png,.png,512,512,True,"[102, 22, 377, 492]","[102, 22, 377, 492]",80.845,False,19.155,True,False,False,True,"[""drink"", ""png""]","[""cyber"", ""scheme_card"", ""screen_graphic"", ""world_decal""]",True
cyber_city_icons,res://assets/tilesets/cyber_city_core_tilesets/Store_Items/CyberCity_Icons/CyberCity_Icons/Drink_7.png,Drink_7.png,.png,512,512,True,"[137, 37, 406, 463]","[137, 37, 406, 463]",70.765,False,29.235,True,False,False,True,"[""drink"", ""png""]","[""cyber"", ""scheme_card"", ""screen_graphic"", ""world_decal""]",True
cyber_city_icons,res://assets/tilesets/cyber_city_core_tilesets/Store_Items/CyberCity_Icons/CyberCity_Icons/Drink_8.png,Drink_8.png,.png,512,512,True,"[149, 36, 328, 476]","[149, 36, 328, 476]",82.506,False,17.494,True,False,False,True,"[""drink"", ""png""]","[""cyber"", ""scheme_card"", ""screen_graphic"", ""world_decal""]",True
cyber_city_icons,res://assets/tilesets/cyber_city_core_tilesets/Store_Items/CyberCity_Icons/CyberCity_Icons/Drink_9.png,Drink_9.png,.png,512,512,True,"[96, 89, 403, 483]","[96, 89, 403, 483]",72.995,False,27.005,True,False,False,True,"[""drink"", ""png""]","[""cyber"", ""scheme_card"", ""screen_graphic"", ""world_decal""]",True
cyber_city_icons,res://assets/tilesets/cyber_city_core_tilesets/Store_Items/CyberCity_Icons/CyberCity_Icons/DrinkCooler_1.png,DrinkCooler_1.png,.png,512,512,True,"[8, 22, 501, 498]","[8, 22, 501, 498]",30.793,False,69.207,True,False,False,True,"[""drinkcooler"", ""png""]","[""cyber"", ""scheme_card"", ""screen_graphic"", ""world_decal""]",True
cyber_city_icons,res://assets/tilesets/cyber_city_core_tilesets/Store_Items/CyberCity_Icons/CyberCity_Icons/DrinkCooler_2.png,DrinkCooler_2.png,.png,512,512,True,"[126, 12, 374, 508]","[126, 12, 374, 508]",58.861,False,41.139,True,False,False,True,"[""drinkcooler"", ""png""]","[""cyber"", ""scheme_card"", ""screen_graphic"", ""world_decal""]",True
cyber_city_icons,res://assets/tilesets/cyber_city_core_tilesets/Store_Items/CyberCity_Icons/CyberCity_Icons/DrinkMachine_1.png,DrinkMachine_1.png,.png,512,512,True,"[152, 9, 404, 507]","[152, 9, 404, 507]",58.577,False,41.423,True,False,False,True,"[""drinkmachine"", ""png""]","[""cyber"", ""scheme_card"", ""screen_graphic"", ""world_decal""]",True
cyber_city_icons,res://assets/tilesets/cyber_city_core_tilesets/Store_Items/CyberCity_Icons/CyberCity_Icons/DrinkPlate_1.png,DrinkPlate_1.png,.png,512,512,True,"[0, 117, 499, 379]","[0, 117, 499, 379]",71.247,False,28.753,True,False,False,True,"[""drinkplate"", ""png""]","[""cyber"", ""scheme_card"", ""screen_graphic"", ""world_decal""]",True
cyber_city_icons,res://assets/tilesets/cyber_city_core_tilesets/Store_Items/CyberCity_Icons/CyberCity_Icons/Dumpster_1.png,Dumpster_1.png,.png,512,512,True,"[20, 48, 503, 436]","[20, 48, 503, 436]",45.968,False,54.032,True,False,False,True,"[""dumpster"", ""png""]","[""cyber"", ""scheme_card"", ""screen_graphic"", ""world_decal""]",True
cyber_city_icons,res://assets/tilesets/cyber_city_core_tilesets/Store_Items/CyberCity_Icons/CyberCity_Icons/Dumpster_2.png,Dumpster_2.png,.png,512,512,True,"[0, 54, 506, 460]","[0, 54, 506, 460]",44.446,False,55.554,True,False,False,True,"[""dumpster"", ""png""]","[""cyber"", ""scheme_card"", ""screen_graphic"", ""world_decal""]",True
cyber_city_icons,res://assets/tilesets/cyber_city_core_tilesets/Store_Items/CyberCity_Icons/CyberCity_Icons/Dumpster_3.png,Dumpster_3.png,.png,512,512,True,"[11, 20, 484, 501]","[11, 20, 484, 501]",36.702,False,63.298,True,False,False,True,"[""dumpster"", ""png""]","[""cyber"", ""scheme_card"", ""screen_graphic"", ""world_decal""]",True
cyber_city_icons,res://assets/tilesets/cyber_city_core_tilesets/Store_Items/CyberCity_Icons/CyberCity_Icons/Dumpster_4.png,Dumpster_4.png,.png,512,512,True,"[14, 73, 501, 494]","[14, 73, 501, 494]",43.459,False,56.541,True,False,False,True,"[""dumpster"", ""png""]","[""cyber"", ""scheme_card"", ""screen_graphic"", ""world_decal""]",True
cyber_city_icons,res://assets/tilesets/cyber_city_core_tilesets/Store_Items/CyberCity_Icons/CyberCity_Icons/Dumpster_5.png,Dumpster_5.png,.png,512,512,True,"[20, 9, 492, 490]","[20, 9, 492, 490]",42.08,False,57.92,True,False,False,True,"[""dumpster"", ""png""]","[""cyber"", ""scheme_card"", ""screen_graphic"", ""world_decal""]",True
cyber_city_icons,res://assets/tilesets/cyber_city_core_tilesets/Store_Items/CyberCity_Icons/CyberCity_Icons/ElectricalBox_1.png,ElectricalBox_1.png,.png,512,512,True,"[134, 7, 414, 504]","[134, 7, 414, 504]",56.052,False,43.948,True,False,False,True,"[""electricalbox"", ""png""]","[""cyber"", ""scheme_card"", ""screen_graphic"", ""world_decal""]",True
cyber_city_icons,res://assets/tilesets/cyber_city_core_tilesets/Store_Items/CyberCity_Icons/CyberCity_Icons/ElectricalBox_2.png,ElectricalBox_2.png,.png,512,512,True,"[63, 6, 477, 512]","[63, 6, 477, 512]",32.25,False,67.75,True,False,False,True,"[""electricalbox"", ""png""]","[""cyber"", ""scheme_card"", ""screen_graphic"", ""world_decal""]",True
cyber_city_icons,res://assets/tilesets/cyber_city_core_tilesets/Store_Items/CyberCity_Icons/CyberCity_Icons/ElectricalPanel_1.png,ElectricalPanel_1.png,.png,512,512,True,"[58, 18, 449, 501]","[58, 18, 449, 501]",42.074,False,57.926,True,False,False,True,"[""electricalpanel"", ""png""]","[""cyber"", ""scheme_card"", ""screen_graphic"", ""world_decal""]",True
cyber_city_icons,res://assets/tilesets/cyber_city_core_tilesets/Store_Items/CyberCity_Icons/CyberCity_Icons/ElectricBox_1.png,ElectricBox_1.png,.png,512,512,True,"[82, 22, 411, 509]","[82, 22, 411, 509]",46.655,False,53.345,True,False,False,True,"[""electricbox"", ""png""]","[""cyber"", ""scheme_card"", ""screen_graphic"", ""world_decal""]",True
cyber_city_icons,res://assets/tilesets/cyber_city_core_tilesets/Store_Items/CyberCity_Icons/CyberCity_Icons/ElectricBox_2.png,ElectricBox_2.png,.png,512,512,True,"[47, 9, 482, 498]","[47, 9, 482, 498]",30.27,False,69.73,True,False,False,True,"[""electricbox"", ""png""]","[""cyber"", ""scheme_card"", ""screen_graphic"", ""world_decal""]",True
cyber_city_icons,res://assets/tilesets/cyber_city_core_tilesets/Store_Items/CyberCity_Icons/CyberCity_Icons/ElectricBox_3.png,ElectricBox_3.png,.png,512,512,True,"[62, 51, 433, 471]","[62, 51, 433, 471]",48.167,False,51.833,True,False,False,True,"[""electricbox"", ""png""]","[""cyber"", ""scheme_card"", ""screen_graphic"", ""world_decal""]",True
cyber_city_icons,res://assets/tilesets/cyber_city_core_tilesets/Store_Items/CyberCity_Icons/CyberCity_Icons/EnergyCell_1.png,EnergyCell_1.png,.png,512,512,True,"[73, 17, 409, 481]","[73, 17, 409, 481]",69.352,False,30.648,True,False,False,True,"[""energycell"", ""png""]","[""cyber"", ""scheme_card"", ""screen_graphic"", ""world_decal""]",True
cyber_city_icons,res://assets/tilesets/cyber_city_core_tilesets/Store_Items/CyberCity_Icons/CyberCity_Icons/Exhaust_1.png,Exhaust_1.png,.png,512,512,True,"[14, 45, 472, 480]","[14, 45, 472, 480]",42.786,False,57.214,True,False,False,True,"[""exhaust"", ""png""]","[""cyber"", ""scheme_card"", ""screen_graphic"", ""world_decal""]",True
cyber_city_icons,res://assets/tilesets/cyber_city_core_tilesets/Store_Items/CyberCity_Icons/CyberCity_Icons/Exhaust_2.png,Exhaust_2.png,.png,512,512,True,"[0, 31, 509, 501]","[0, 31, 509, 501]",37.274,False,62.726,True,False,False,True,"[""exhaust"", ""png""]","[""cyber"", ""scheme_card"", ""screen_graphic"", ""world_decal""]",True
cyber_city_icons,res://assets/tilesets/cyber_city_core_tilesets/Store_Items/CyberCity_Icons/CyberCity_Icons/Exhaust_3.png,Exhaust_3.png,.png,512,512,True,"[10, 82, 484, 478]","[10, 82, 484, 478]",44.435,False,55.565,True,False,False,True,"[""exhaust"", ""png""]","[""cyber"", ""scheme_card"", ""screen_graphic"", ""world_decal""]",True
cyber_city_icons,res://assets/tilesets/cyber_city_core_tilesets/Store_Items/CyberCity_Icons/CyberCity_Icons/Extractor_1.png,Extractor_1.png,.png,512,512,True,"[45, 90, 469, 430]","[45, 90, 469, 430]",74.702,False,25.298,True,False,False,True,"[""extractor"", ""png""]","[""cyber"", ""scheme_card"", ""screen_graphic"", ""world_decal""]",True
cyber_city_icons,res://assets/tilesets/cyber_city_core_tilesets/Store_Items/CyberCity_Icons/CyberCity_Icons/Fan_1.png,Fan_1.png,.png,512,512,True,"[65, 12, 442, 495]","[65, 12, 442, 495]",57.212,False,42.788,True,False,False,True,"[""fan"", ""png""]","[""cyber"", ""scheme_card"", ""screen_graphic"", ""world_decal""]",True
cyber_city_icons,res://assets/tilesets/cyber_city_core_tilesets/Store_Items/CyberCity_Icons/CyberCity_Icons/FanUnit_1.png,FanUnit_1.png,.png,512,512,True,"[26, 20, 484, 489]","[26, 20, 484, 489]",39.821,False,60.179,True,False,False,True,"[""fanunit"", ""png""]","[""cyber"", ""scheme_card"", ""screen_graphic"", ""world_decal""]",True
cyber_city_icons,res://assets/tilesets/cyber_city_core_tilesets/Store_Items/CyberCity_Icons/CyberCity_Icons/FanUnit_2.png,FanUnit_2.png,.png,512,512,True,"[36, 19, 487, 497]","[36, 19, 487, 497]",39.988,False,60.012,True,False,False,True,"[""fanunit"", ""png""]","[""cyber"", ""scheme_card"", ""screen_graphic"", ""world_decal""]",True
cyber_city_icons,res://assets/tilesets/cyber_city_core_tilesets/Store_Items/CyberCity_Icons/CyberCity_Icons/FireExtinguisher_1.png,FireExtinguisher_1.png,.png,512,512,True,"[111, 26, 420, 487]","[111, 26, 420, 487]",78.222,False,21.778,True,False,False,True,"[""fireextinguisher"", ""hazard"", ""png""]","[""hazard"", ""hologram_marker"", ""objective_marker"", ""warning_indicator"", ""world_decal""]",True
cyber_city_icons,res://assets/tilesets/cyber_city_core_tilesets/Store_Items/CyberCity_Icons/CyberCity_Icons/FireHydrant_1.png,FireHydrant_1.png,.png,512,512,True,"[164, 5, 383, 502]","[164, 5, 383, 502]",75.484,False,24.516,True,False,False,True,"[""firehydrant"", ""hazard"", ""png""]","[""hazard"", ""hologram_marker"", ""objective_marker"", ""warning_indicator"", ""world_decal""]",True
cyber_city_icons,res://assets/tilesets/cyber_city_core_tilesets/Store_Items/CyberCity_Icons/CyberCity_Icons/FireHydrant_2.png,FireHydrant_2.png,.png,512,512,True,"[109, 22, 362, 497]","[109, 22, 362, 497]",72.657,False,27.343,True,False,False,True,"[""firehydrant"", ""hazard"", ""png""]","[""hazard"", ""hologram_marker"", ""objective_marker"", ""warning_indicator"", ""world_decal""]",True
cyber_city_icons,res://assets/tilesets/cyber_city_core_tilesets/Store_Items/CyberCity_Icons/CyberCity_Icons/Fish_1.png,Fish_1.png,.png,512,512,True,"[20, 83, 495, 456]","[20, 83, 495, 456]",51.525,False,48.475,True,False,False,True,"[""fish"", ""png""]","[""cyber"", ""scheme_card"", ""screen_graphic"", ""world_decal""]",True
cyber_city_icons,res://assets/tilesets/cyber_city_core_tilesets/Store_Items/CyberCity_Icons/CyberCity_Icons/Fish_2.png,Fish_2.png,.png,512,512,True,"[54, 0, 512, 506]","[54, 0, 512, 506]",74.939,False,25.061,True,False,False,True,"[""fish"", ""png""]","[""cyber"", ""scheme_card"", ""screen_graphic"", ""world_decal""]",True
cyber_city_icons,res://assets/tilesets/cyber_city_core_tilesets/Store_Items/CyberCity_Icons/CyberCity_Icons/Fish_3.png,Fish_3.png,.png,512,512,True,"[74, 3, 512, 512]","[74, 3, 512, 512]",84.792,False,15.208,True,False,False,True,"[""fish"", ""png""]","[""cyber"", ""scheme_card"", ""screen_graphic"", ""world_decal""]",True
cyber_city_icons,res://assets/tilesets/cyber_city_core_tilesets/Store_Items/CyberCity_Icons/CyberCity_Icons/Flashlight_1.png,Flashlight_1.png,.png,512,512,True,"[39, 168, 473, 402]","[39, 168, 473, 402]",86.198,False,13.802,True,False,False,True,"[""flashlight"", ""png""]","[""cyber"", ""scheme_card"", ""screen_graphic"", ""world_decal""]",True
cyber_city_icons,res://assets/tilesets/cyber_city_core_tilesets/Store_Items/CyberCity_Icons/CyberCity_Icons/Folder_1.png,Folder_1.png,.png,512,512,True,"[144, 10, 366, 493]","[144, 10, 366, 493]",65.642,False,34.358,True,False,False,False,"[""evidence"", ""folder"", ""png""]","[""big_case"", ""evidence"", ""evidence_board"", ""inventory_icon""]",True
cyber_city_icons,res://assets/tilesets/cyber_city_core_tilesets/Store_Items/CyberCity_Icons/CyberCity_Icons/Folder_2.png,Folder_2.png,.png,512,512,True,"[24, 87, 498, 432]","[24, 87, 498, 432]",60.565,False,39.435,True,False,False,False,"[""evidence"", ""folder"", ""png""]","[""big_case"", ""evidence"", ""evidence_board"", ""inventory_icon""]",True
cyber_city_icons,res://assets/tilesets/cyber_city_core_tilesets/Store_Items/CyberCity_Icons/CyberCity_Icons/Folder_3.png,Folder_3.png,.png,512,512,True,"[129, 12, 377, 483]","[129, 12, 377, 483]",61.209,False,38.791,True,False,False,False,"[""evidence"", ""folder"", ""png""]","[""big_case"", ""evidence"", ""evidence_board"", ""inventory_icon""]",True
cyber_city_icons,res://assets/tilesets/cyber_city_core_tilesets/Store_Items/CyberCity_Icons/CyberCity_Icons/Food_1.png,Food_1.png,.png,512,512,True,"[66, 87, 492, 421]","[66, 87, 492, 421]",57.66,False,42.34,True,False,False,True,"[""food"", ""png""]","[""cyber"", ""scheme_card"", ""screen_graphic"", ""world_decal""]",True
cyber_city_icons,res://assets/tilesets/cyber_city_core_tilesets/Store_Items/CyberCity_Icons/CyberCity_Icons/FoodShelves_1.png,FoodShelves_1.png,.png,512,512,True,"[9, 167, 500, 446]","[9, 167, 500, 446]",68.38,False,31.62,True,False,False,True,"[""foodshelves"", ""png""]","[""cyber"", ""scheme_card"", ""screen_graphic"", ""world_decal""]",True
cyber_city_icons,res://assets/tilesets/cyber_city_core_tilesets/Store_Items/CyberCity_Icons/CyberCity_Icons/Fork_1.png,Fork_1.png,.png,512,512,True,"[100, 30, 405, 483]","[100, 30, 405, 483]",92.336,False,7.664,True,False,False,True,"[""fork"", ""png""]","[""cyber"", ""scheme_card"", ""screen_graphic"", ""world_decal""]",True
cyber_city_icons,res://assets/tilesets/cyber_city_core_tilesets/Store_Items/CyberCity_Icons/CyberCity_Icons/FuelCannister_1.png,FuelCannister_1.png,.png,512,512,True,"[141, 9, 352, 494]","[141, 9, 352, 494]",74.052,False,25.948,True,False,False,True,"[""fuelcannister"", ""png""]","[""cyber"", ""scheme_card"", ""screen_graphic"", ""world_decal""]",True
cyber_city_icons,res://assets/tilesets/cyber_city_core_tilesets/Store_Items/CyberCity_Icons/CyberCity_Icons/FuelPump_1.png,FuelPump_1.png,.png,512,512,True,"[85, 9, 369, 491]","[85, 9, 369, 491]",64.991,False,35.009,True,False,False,True,"[""fuelpump"", ""png""]","[""cyber"", ""scheme_card"", ""screen_graphic"", ""world_decal""]",True
cyber_city_icons,res://assets/tilesets/cyber_city_core_tilesets/Store_Items/CyberCity_Icons/CyberCity_Icons/FuelStation_1.png,FuelStation_1.png,.png,512,512,True,"[134, 14, 399, 501]","[134, 14, 399, 501]",64.411,False,35.589,True,False,False,True,"[""fuelstation"", ""png""]","[""cyber"", ""scheme_card"", ""screen_graphic"", ""world_decal""]",True
cyber_city_icons,res://assets/tilesets/cyber_city_core_tilesets/Store_Items/CyberCity_Icons/CyberCity_Icons/GarbageBag_1.png,GarbageBag_1.png,.png,512,512,True,"[9, 10, 460, 495]","[9, 10, 460, 495]",41.179,False,58.821,True,False,False,True,"[""garbagebag"", ""png""]","[""cyber"", ""scheme_card"", ""screen_graphic"", ""world_decal""]",True
cyber_city_icons,res://assets/tilesets/cyber_city_core_tilesets/Store_Items/CyberCity_Icons/CyberCity_Icons/GarbageBag_2.png,GarbageBag_2.png,.png,512,512,True,"[82, 18, 454, 494]","[82, 18, 454, 494]",52.802,False,47.198,True,False,False,True,"[""garbagebag"", ""png""]","[""cyber"", ""scheme_card"", ""screen_graphic"", ""world_decal""]",True
cyber_city_icons,res://assets/tilesets/cyber_city_core_tilesets/Store_Items/CyberCity_Icons/CyberCity_Icons/GarbageBag_3.png,GarbageBag_3.png,.png,512,512,True,"[49, 7, 465, 507]","[49, 7, 465, 507]",45.266,False,54.734,True,False,False,True,"[""garbagebag"", ""png""]","[""cyber"", ""scheme_card"", ""screen_graphic"", ""world_decal""]",True
cyber_city_icons,res://assets/tilesets/cyber_city_core_tilesets/Store_Items/CyberCity_Icons/CyberCity_Icons/GarbageBag_4.png,GarbageBag_4.png,.png,512,512,True,"[35, 22, 465, 482]","[35, 22, 465, 482]",49.348,False,50.652,True,False,False,True,"[""garbagebag"", ""png""]","[""cyber"", ""scheme_card"", ""screen_graphic"", ""world_decal""]",True
cyber_city_icons,res://assets/tilesets/cyber_city_core_tilesets/Store_Items/CyberCity_Icons/CyberCity_Icons/GarbageBin_1.png,GarbageBin_1.png,.png,512,512,True,"[11, 14, 496, 505]","[11, 14, 496, 505]",39.413,False,60.587,True,False,False,True,"[""garbagebin"", ""png""]","[""cyber"", ""scheme_card"", ""screen_graphic"", ""world_decal""]",True
cyber_city_icons,res://assets/tilesets/cyber_city_core_tilesets/Store_Items/CyberCity_Icons/CyberCity_Icons/GarbageCan_1.png,GarbageCan_1.png,.png,512,512,True,"[105, 50, 405, 478]","[105, 50, 405, 478]",65.205,False,34.795,True,False,False,True,"[""garbagecan"", ""png""]","[""cyber"", ""scheme_card"", ""screen_graphic"", ""world_decal""]",True
cyber_city_icons,res://assets/tilesets/cyber_city_core_tilesets/Store_Items/CyberCity_Icons/CyberCity_Icons/Generator_1.png,Generator_1.png,.png,512,512,True,"[5, 135, 509, 429]","[5, 135, 509, 429]",65.064,False,34.936,True,False,False,True,"[""generator"", ""png""]","[""cyber"", ""scheme_card"", ""screen_graphic"", ""world_decal""]",True
cyber_city_icons,res://assets/tilesets/cyber_city_core_tilesets/Store_Items/CyberCity_Icons/CyberCity_Icons/Generator_2.png,Generator_2.png,.png,512,512,True,"[8, 61, 500, 481]","[8, 61, 500, 481]",44.812,False,55.188,True,False,False,True,"[""generator"", ""png""]","[""cyber"", ""scheme_card"", ""screen_graphic"", ""world_decal""]",True
cyber_city_icons,res://assets/tilesets/cyber_city_core_tilesets/Store_Items/CyberCity_Icons/CyberCity_Icons/Generator_3.png,Generator_3.png,.png,512,512,True,"[31, 85, 488, 482]","[31, 85, 488, 482]",56.104,False,43.896,True,False,False,True,"[""generator"", ""png""]","[""cyber"", ""scheme_card"", ""screen_graphic"", ""world_decal""]",True
cyber_city_icons,res://assets/tilesets/cyber_city_core_tilesets/Store_Items/CyberCity_Icons/CyberCity_Icons/Geode_1.png,Geode_1.png,.png,512,512,True,"[81, 44, 437, 450]","[81, 44, 437, 450]",58.319,False,41.681,True,False,False,True,"[""geode"", ""png""]","[""cyber"", ""scheme_card"", ""screen_graphic"", ""world_decal""]",True
cyber_city_icons,res://assets/tilesets/cyber_city_core_tilesets/Store_Items/CyberCity_Icons/CyberCity_Icons/Glass_1.png,Glass_1.png,.png,512,512,True,"[61, 22, 432, 508]","[61, 22, 432, 508]",48.521,False,51.479,True,False,False,True,"[""glass"", ""png""]","[""cyber"", ""scheme_card"", ""screen_graphic"", ""world_decal""]",True
cyber_city_icons,res://assets/tilesets/cyber_city_core_tilesets/Store_Items/CyberCity_Icons/CyberCity_Icons/Glasses_1.png,Glasses_1.png,.png,512,512,True,"[76, 197, 477, 363]","[76, 197, 477, 363]",91.761,False,8.239,True,False,False,True,"[""glasses"", ""png""]","[""cyber"", ""scheme_card"", ""screen_graphic"", ""world_decal""]",True
cyber_city_icons,res://assets/tilesets/cyber_city_core_tilesets/Store_Items/CyberCity_Icons/CyberCity_Icons/GlassWhisky_1.png,GlassWhisky_1.png,.png,512,512,True,"[88, 20, 438, 502]","[88, 20, 438, 502]",46.66,False,53.34,True,False,False,True,"[""glasswhisky"", ""png""]","[""cyber"", ""scheme_card"", ""screen_graphic"", ""world_decal""]",True
cyber_city_icons,res://assets/tilesets/cyber_city_core_tilesets/Store_Items/CyberCity_Icons/CyberCity_Icons/Globe_1.png,Globe_1.png,.png,512,512,True,"[112, 40, 447, 485]","[112, 40, 447, 485]",59.016,False,40.984,True,False,False,True,"[""globe"", ""png""]","[""cyber"", ""scheme_card"", ""screen_graphic"", ""world_decal""]",True
cyber_city_icons,res://assets/tilesets/cyber_city_core_tilesets/Store_Items/CyberCity_Icons/CyberCity_Icons/Guitar_1.png,Guitar_1.png,.png,512,512,True,"[185, 2, 368, 510]","[185, 2, 368, 510]",87.983,False,12.017,True,False,False,True,"[""guitar"", ""png""]","[""cyber"", ""scheme_card"", ""screen_graphic"", ""world_decal""]",True
cyber_city_icons,res://assets/tilesets/cyber_city_core_tilesets/Store_Items/CyberCity_Icons/CyberCity_Icons/Guitar_2.png,Guitar_2.png,.png,512,512,True,"[92, 14, 451, 504]","[92, 14, 451, 504]",77.88,False,22.12,True,False,False,True,"[""guitar"", ""png""]","[""cyber"", ""scheme_card"", ""screen_graphic"", ""world_decal""]",True
cyber_city_icons,res://assets/tilesets/cyber_city_core_tilesets/Store_Items/CyberCity_Icons/CyberCity_Icons/Guitar_3.png,Guitar_3.png,.png,512,512,True,"[162, 10, 329, 502]","[162, 10, 329, 502]",85.909,False,14.091,True,False,False,True,"[""guitar"", ""png""]","[""cyber"", ""scheme_card"", ""screen_graphic"", ""world_decal""]",True
cyber_city_icons,res://assets/tilesets/cyber_city_core_tilesets/Store_Items/CyberCity_Icons/CyberCity_Icons/Guitar_4.png,Guitar_4.png,.png,512,512,True,"[95, 9, 377, 497]","[95, 9, 377, 497]",87.344,False,12.656,True,False,False,True,"[""guitar"", ""png""]","[""cyber"", ""scheme_card"", ""screen_graphic"", ""world_decal""]",True
cyber_city_icons,res://assets/tilesets/cyber_city_core_tilesets/Store_Items/CyberCity_Icons/CyberCity_Icons/Hammer_1.png,Hammer_1.png,.png,512,512,True,"[54, 6, 480, 479]","[54, 6, 480, 479]",88.804,False,11.196,True,False,False,True,"[""hammer"", ""png""]","[""cyber"", ""scheme_card"", ""screen_graphic"", ""world_decal""]",True
cyber_city_icons,res://assets/tilesets/cyber_city_core_tilesets/Store_Items/CyberCity_Icons/CyberCity_Icons/HandLaserDrill_1.png,HandLaserDrill_1.png,.png,512,512,True,"[59, 52, 490, 438]","[59, 52, 490, 438]",77.908,False,22.092,True,False,False,True,"[""handlaserdrill"", ""png""]","[""cyber"", ""scheme_card"", ""screen_graphic"", ""world_decal""]",True
cyber_city_icons,res://assets/tilesets/cyber_city_core_tilesets/Store_Items/CyberCity_Icons/CyberCity_Icons/HandScanner_1.png,HandScanner_1.png,.png,512,512,True,"[146, 20, 398, 498]","[146, 20, 398, 498]",70.881,False,29.119,True,False,False,True,"[""handscanner"", ""png"", ""security""]","[""mission_board"", ""screen_graphic"", ""security"", ""security_indicator"", ""warning_indicator"", ""world_decal""]",True
cyber_city_icons,res://assets/tilesets/cyber_city_core_tilesets/Store_Items/CyberCity_Icons/CyberCity_Icons/HandScanner_2.png,HandScanner_2.png,.png,512,512,True,"[94, 18, 418, 511]","[94, 18, 418, 511]",62.165,False,37.835,True,False,False,True,"[""handscanner"", ""png"", ""security""]","[""mission_board"", ""screen_graphic"", ""security"", ""security_indicator"", ""warning_indicator"", ""world_decal""]",True
cyber_city_icons,res://assets/tilesets/cyber_city_core_tilesets/Store_Items/CyberCity_Icons/CyberCity_Icons/HangingScreen_1.png,HangingScreen_1.png,.png,512,512,True,"[1, 11, 473, 442]","[1, 11, 473, 442]",65.462,False,34.538,True,False,False,True,"[""hangingscreen"", ""png"", ""terminal""]","[""screen_graphic"", ""store_terminal"", ""terminal"", ""world_decal""]",True
cyber_city_icons,res://assets/tilesets/cyber_city_core_tilesets/Store_Items/CyberCity_Icons/CyberCity_Icons/HangingScreen_2.png,HangingScreen_2.png,.png,512,512,True,"[47, 2, 497, 424]","[47, 2, 497, 424]",63.755,False,36.245,True,False,False,True,"[""hangingscreen"", ""png"", ""terminal""]","[""screen_graphic"", ""store_terminal"", ""terminal"", ""world_decal""]",True
cyber_city_icons,res://assets/tilesets/cyber_city_core_tilesets/Store_Items/CyberCity_Icons/CyberCity_Icons/Head_1.png,Head_1.png,.png,512,512,True,"[73, 140, 438, 386]","[73, 140, 438, 386]",85.674,False,14.326,True,False,False,True,"[""head"", ""png""]","[""cyber"", ""scheme_card"", ""screen_graphic"", ""world_decal""]",True
cyber_city_icons,res://assets/tilesets/cyber_city_core_tilesets/Store_Items/CyberCity_Icons/CyberCity_Icons/Head_10.png,Head_10.png,.png,512,512,True,"[106, 27, 471, 472]","[106, 27, 471, 472]",67.456,False,32.544,True,False,False,True,"[""head"", ""png""]","[""cyber"", ""scheme_card"", ""screen_graphic"", ""world_decal""]",True
cyber_city_icons,res://assets/tilesets/cyber_city_core_tilesets/Store_Items/CyberCity_Icons/CyberCity_Icons/Head_11.png,Head_11.png,.png,512,512,True,"[51, 90, 446, 454]","[51, 90, 446, 454]",60.255,False,39.745,True,False,False,True,"[""head"", ""png""]","[""cyber"", ""scheme_card"", ""screen_graphic"", ""world_decal""]",True
cyber_city_icons,res://assets/tilesets/cyber_city_core_tilesets/Store_Items/CyberCity_Icons/CyberCity_Icons/Head_12_Female.png,Head_12_Female.png,.png,512,512,True,"[38, 104, 493, 430]","[38, 104, 493, 430]",64.952,False,35.048,True,False,False,True,"[""female"", ""head"", ""png""]","[""cyber"", ""scheme_card"", ""screen_graphic"", ""world_decal""]",True
cyber_city_icons,res://assets/tilesets/cyber_city_core_tilesets/Store_Items/CyberCity_Icons/CyberCity_Icons/Head_13_Female.png,Head_13_Female.png,.png,512,512,True,"[62, 9, 464, 458]","[62, 9, 464, 458]",70.039,False,29.961,True,False,False,True,"[""female"", ""head"", ""png""]","[""cyber"", ""scheme_card"", ""screen_graphic"", ""world_decal""]",True
cyber_city_icons,res://assets/tilesets/cyber_city_core_tilesets/Store_Items/CyberCity_Icons/CyberCity_Icons/Head_2.png,Head_2.png,.png,512,512,True,"[59, 126, 492, 397]","[59, 126, 492, 397]",78.748,False,21.252,True,False,False,True,"[""head"", ""png""]","[""cyber"", ""scheme_card"", ""screen_graphic"", ""world_decal""]",True
cyber_city_icons,res://assets/tilesets/cyber_city_core_tilesets/Store_Items/CyberCity_Icons/CyberCity_Icons/Head_3.png,Head_3.png,.png,512,512,True,"[101, 41, 382, 445]","[101, 41, 382, 445]",66.453,False,33.547,True,False,False,True,"[""head"", ""png""]","[""cyber"", ""scheme_card"", ""screen_graphic"", ""world_decal""]",True
cyber_city_icons,res://assets/tilesets/cyber_city_core_tilesets/Store_Items/CyberCity_Icons/CyberCity_Icons/Head_4.png,Head_4.png,.png,512,512,True,"[61, 57, 419, 474]","[61, 57, 419, 474]",60.583,False,39.417,True,False,False,True,"[""head"", ""png""]","[""cyber"", ""scheme_card"", ""screen_graphic"", ""world_decal""]",True
cyber_city_icons,res://assets/tilesets/cyber_city_core_tilesets/Store_Items/CyberCity_Icons/CyberCity_Icons/Head_5.png,Head_5.png,.png,512,512,True,"[36, 194, 431, 389]","[36, 194, 431, 389]",88.948,False,11.052,True,False,False,True,"[""head"", ""png""]","[""cyber"", ""scheme_card"", ""screen_graphic"", ""world_decal""]",True
cyber_city_icons,res://assets/tilesets/cyber_city_core_tilesets/Store_Items/CyberCity_Icons/CyberCity_Icons/Head_6.png,Head_6.png,.png,512,512,True,"[55, 76, 482, 402]","[55, 76, 482, 402]",77.024,False,22.976,True,False,False,True,"[""head"", ""png""]","[""cyber"", ""scheme_card"", ""screen_graphic"", ""world_decal""]",True
cyber_city_icons,res://assets/tilesets/cyber_city_core_tilesets/Store_Items/CyberCity_Icons/CyberCity_Icons/Head_7.png,Head_7.png,.png,512,512,True,"[33, 125, 478, 415]","[33, 125, 478, 415]",72.013,False,27.987,True,False,False,True,"[""head"", ""png""]","[""cyber"", ""scheme_card"", ""screen_graphic"", ""world_decal""]",True
cyber_city_icons,res://assets/tilesets/cyber_city_core_tilesets/Store_Items/CyberCity_Icons/CyberCity_Icons/Head_8.png,Head_8.png,.png,512,512,True,"[39, 130, 483, 452]","[39, 130, 483, 452]",81.032,False,18.968,True,False,False,True,"[""head"", ""png""]","[""cyber"", ""scheme_card"", ""screen_graphic"", ""world_decal""]",True
cyber_city_icons,res://assets/tilesets/cyber_city_core_tilesets/Store_Items/CyberCity_Icons/CyberCity_Icons/Head_9.png,Head_9.png,.png,512,512,True,"[23, 105, 477, 404]","[23, 105, 477, 404]",71.431,False,28.569,True,False,False,True,"[""head"", ""png""]","[""cyber"", ""scheme_card"", ""screen_graphic"", ""world_decal""]",True
cyber_city_icons,res://assets/tilesets/cyber_city_core_tilesets/Store_Items/CyberCity_Icons/CyberCity_Icons/Headphones_1.png,Headphones_1.png,.png,512,512,True,"[94, 31, 433, 464]","[94, 31, 433, 464]",69.188,False,30.812,True,False,False,True,"[""headphones"", ""png""]","[""cyber"", ""scheme_card"", ""screen_graphic"", ""world_decal""]",True
cyber_city_icons,res://assets/tilesets/cyber_city_core_tilesets/Store_Items/CyberCity_Icons/CyberCity_Icons/Headphones_2.png,Headphones_2.png,.png,512,512,True,"[43, 47, 420, 448]","[43, 47, 420, 448]",78.042,False,21.958,True,False,False,True,"[""headphones"", ""png""]","[""cyber"", ""scheme_card"", ""screen_graphic"", ""world_decal""]",True
cyber_city_icons,res://assets/tilesets/cyber_city_core_tilesets/Store_Items/CyberCity_Icons/CyberCity_Icons/HoloChess_1.png,HoloChess_1.png,.png,512,512,True,"[2, 184, 506, 406]","[2, 184, 506, 406]",77.942,False,22.058,True,False,False,True,"[""holochess"", ""png""]","[""cyber"", ""scheme_card"", ""screen_graphic"", ""world_decal""]",True
cyber_city_icons,res://assets/tilesets/cyber_city_core_tilesets/Store_Items/CyberCity_Icons/CyberCity_Icons/HoloChess_2.png,HoloChess_2.png,.png,512,512,True,"[4, 169, 503, 405]","[4, 169, 503, 405]",78.591,False,21.409,True,False,False,True,"[""holochess"", ""png""]","[""cyber"", ""scheme_card"", ""screen_graphic"", ""world_decal""]",True
cyber_city_icons,res://assets/tilesets/cyber_city_core_tilesets/Store_Items/CyberCity_Icons/CyberCity_Icons/HologramSharks_1.png,HologramSharks_1.png,.png,512,512,True,"[62, 4, 446, 508]","[62, 4, 446, 508]",45.436,False,54.564,True,False,False,True,"[""hologramsharks"", ""png""]","[""cyber"", ""scheme_card"", ""screen_graphic"", ""world_decal""]",True
cyber_city_icons,res://assets/tilesets/cyber_city_core_tilesets/Store_Items/CyberCity_Icons/CyberCity_Icons/Hookah_1.png,Hookah_1.png,.png,512,512,True,"[155, 15, 349, 501]","[155, 15, 349, 501]",89.33,False,10.67,True,False,False,True,"[""hookah"", ""png""]","[""cyber"", ""scheme_card"", ""screen_graphic"", ""world_decal""]",True
cyber_city_icons,res://assets/tilesets/cyber_city_core_tilesets/Store_Items/CyberCity_Icons/CyberCity_Icons/Injector_1.png,Injector_1.png,.png,512,512,True,"[28, 54, 479, 435]","[28, 54, 479, 435]",87.807,False,12.193,True,False,False,True,"[""injector"", ""png""]","[""cyber"", ""scheme_card"", ""screen_graphic"", ""world_decal""]",True
cyber_city_icons,res://assets/tilesets/cyber_city_core_tilesets/Store_Items/CyberCity_Icons/CyberCity_Icons/Injector_2.png,Injector_2.png,.png,512,512,True,"[17, 11, 468, 484]","[17, 11, 468, 484]",71.161,False,28.839,True,False,False,True,"[""injector"", ""png""]","[""cyber"", ""scheme_card"", ""screen_graphic"", ""world_decal""]",True
cyber_city_icons,res://assets/tilesets/cyber_city_core_tilesets/Store_Items/CyberCity_Icons/CyberCity_Icons/Jack_1.png,Jack_1.png,.png,512,512,True,"[60, 44, 449, 428]","[60, 44, 449, 428]",62.059,False,37.941,True,False,False,True,"[""jack"", ""png""]","[""cyber"", ""scheme_card"", ""screen_graphic"", ""world_decal""]",True
cyber_city_icons,res://assets/tilesets/cyber_city_core_tilesets/Store_Items/CyberCity_Icons/CyberCity_Icons/Jack_2.png,Jack_2.png,.png,512,512,True,"[14, 51, 450, 467]","[14, 51, 450, 467]",68.282,False,31.718,True,False,False,True,"[""jack"", ""png""]","[""cyber"", ""scheme_card"", ""screen_graphic"", ""world_decal""]",True
cyber_city_icons,res://assets/tilesets/cyber_city_core_tilesets/Store_Items/CyberCity_Icons/CyberCity_Icons/JewelryCase_1.png,JewelryCase_1.png,.png,512,512,True,"[3, 86, 505, 472]","[3, 86, 505, 472]",55.746,False,44.254,True,False,False,True,"[""evidence"", ""jewelrycase"", ""png""]","[""cyber"", ""scheme_card"", ""screen_graphic"", ""world_decal""]",True
cyber_city_icons,res://assets/tilesets/cyber_city_core_tilesets/Store_Items/CyberCity_Icons/CyberCity_Icons/JewelryCase_2.png,JewelryCase_2.png,.png,512,512,True,"[71, 6, 432, 504]","[71, 6, 432, 504]",55.189,False,44.811,True,False,False,True,"[""evidence"", ""jewelrycase"", ""png""]","[""cyber"", ""scheme_card"", ""screen_graphic"", ""world_decal""]",True
cyber_city_icons,res://assets/tilesets/cyber_city_core_tilesets/Store_Items/CyberCity_Icons/CyberCity_Icons/JewelryCase_3.png,JewelryCase_3.png,.png,512,512,True,"[4, 111, 502, 480]","[4, 111, 502, 480]",59.671,False,40.329,True,False,False,True,"[""evidence"", ""jewelrycase"", ""png""]","[""cyber"", ""scheme_card"", ""screen_graphic"", ""world_decal""]",True
cyber_city_icons,res://assets/tilesets/cyber_city_core_tilesets/Store_Items/CyberCity_Icons/CyberCity_Icons/JewelryCase_4.png,JewelryCase_4.png,.png,512,512,True,"[96, 20, 450, 505]","[96, 20, 450, 505]",57.389,False,42.611,True,False,False,True,"[""evidence"", ""jewelrycase"", ""png""]","[""cyber"", ""scheme_card"", ""screen_graphic"", ""world_decal""]",True
cyber_city_icons,res://assets/tilesets/cyber_city_core_tilesets/Store_Items/CyberCity_Icons/CyberCity_Icons/JewelryCase_5.png,JewelryCase_5.png,.png,512,512,True,"[4, 68, 508, 476]","[4, 68, 508, 476]",42.339,False,57.661,True,False,False,True,"[""evidence"", ""jewelrycase"", ""png""]","[""cyber"", ""scheme_card"", ""screen_graphic"", ""world_decal""]",True
cyber_city_icons,res://assets/tilesets/cyber_city_core_tilesets/Store_Items/CyberCity_Icons/CyberCity_Icons/JewelryCase_6.png,JewelryCase_6.png,.png,512,512,True,"[8, 60, 502, 480]","[8, 60, 502, 480]",46.567,False,53.433,True,False,False,True,"[""evidence"", ""jewelrycase"", ""png""]","[""cyber"", ""scheme_card"", ""screen_graphic"", ""world_decal""]",True
cyber_city_icons,res://assets/tilesets/cyber_city_core_tilesets/Store_Items/CyberCity_Icons/CyberCity_Icons/JewelryCase_7.png,JewelryCase_7.png,.png,512,512,True,"[3, 79, 508, 485]","[3, 79, 508, 485]",46.109,False,53.891,True,False,False,True,"[""evidence"", ""jewelrycase"", ""png""]","[""cyber"", ""scheme_card"", ""screen_graphic"", ""world_decal""]",True
cyber_city_icons,res://assets/tilesets/cyber_city_core_tilesets/Store_Items/CyberCity_Icons/CyberCity_Icons/JewelryCase_8.png,JewelryCase_8.png,.png,512,512,True,"[69, 8, 407, 509]","[69, 8, 407, 509]",53.785,False,46.215,True,False,False,True,"[""evidence"", ""jewelrycase"", ""png""]","[""cyber"", ""scheme_card"", ""screen_graphic"", ""world_decal""]",True
cyber_city_icons,res://assets/tilesets/cyber_city_core_tilesets/Store_Items/CyberCity_Icons/CyberCity_Icons/Junk_1.png,Junk_1.png,.png,512,512,True,"[25, 48, 470, 452]","[25, 48, 470, 452]",55.954,False,44.046,True,False,False,True,"[""junk"", ""png""]","[""cyber"", ""scheme_card"", ""screen_graphic"", ""world_decal""]",True
cyber_city_icons,res://assets/tilesets/cyber_city_core_tilesets/Store_Items/CyberCity_Icons/CyberCity_Icons/Junk_2.png,Junk_2.png,.png,512,512,True,"[14, 58, 490, 493]","[14, 58, 490, 493]",39.347,False,60.653,True,False,False,True,"[""junk"", ""png""]","[""cyber"", ""scheme_card"", ""screen_graphic"", ""world_decal""]",True
cyber_city_icons,res://assets/tilesets/cyber_city_core_tilesets/Store_Items/CyberCity_Icons/CyberCity_Icons/Junk_3.png,Junk_3.png,.png,512,512,True,"[13, 87, 505, 447]","[13, 87, 505, 447]",61.042,False,38.958,True,False,False,True,"[""junk"", ""png""]","[""cyber"", ""scheme_card"", ""screen_graphic"", ""world_decal""]",True
cyber_city_icons,res://assets/tilesets/cyber_city_core_tilesets/Store_Items/CyberCity_Icons/CyberCity_Icons/Junk_4.png,Junk_4.png,.png,512,512,True,"[0, 20, 500, 477]","[0, 20, 500, 477]",55.331,False,44.669,True,False,False,True,"[""junk"", ""png""]","[""cyber"", ""scheme_card"", ""screen_graphic"", ""world_decal""]",True
cyber_city_icons,res://assets/tilesets/cyber_city_core_tilesets/Store_Items/CyberCity_Icons/CyberCity_Icons/Junk_5.png,Junk_5.png,.png,512,512,True,"[23, 98, 503, 435]","[23, 98, 503, 435]",58.433,False,41.567,True,False,False,True,"[""junk"", ""png""]","[""cyber"", ""scheme_card"", ""screen_graphic"", ""world_decal""]",True
cyber_city_icons,res://assets/tilesets/cyber_city_core_tilesets/Store_Items/CyberCity_Icons/CyberCity_Icons/Junk_6.png,Junk_6.png,.png,512,512,True,"[31, 77, 507, 439]","[31, 77, 507, 439]",58.982,False,41.018,True,False,False,True,"[""junk"", ""png""]","[""cyber"", ""scheme_card"", ""screen_graphic"", ""world_decal""]",True
cyber_city_icons,res://assets/tilesets/cyber_city_core_tilesets/Store_Items/CyberCity_Icons/CyberCity_Icons/Junk_7.png,Junk_7.png,.png,512,512,True,"[94, 15, 331, 490]","[94, 15, 331, 490]",72.319,False,27.681,True,False,False,True,"[""junk"", ""png""]","[""cyber"", ""scheme_card"", ""screen_graphic"", ""world_decal""]",True
cyber_city_icons,res://assets/tilesets/cyber_city_core_tilesets/Store_Items/CyberCity_Icons/CyberCity_Icons/Keyboard_1.png,Keyboard_1.png,.png,512,512,True,"[13, 118, 494, 422]","[13, 118, 494, 422]",66.652,False,33.348,True,False,False,True,"[""keyboard"", ""png"", ""security""]","[""cyber"", ""scheme_card"", ""screen_graphic"", ""world_decal""]",True
cyber_city_icons,res://assets/tilesets/cyber_city_core_tilesets/Store_Items/CyberCity_Icons/CyberCity_Icons/Keyboard_2.png,Keyboard_2.png,.png,512,512,True,"[19, 137, 485, 390]","[19, 137, 485, 390]",74.377,False,25.623,True,False,False,True,"[""keyboard"", ""png"", ""security""]","[""cyber"", ""scheme_card"", ""screen_graphic"", ""world_decal""]",True
cyber_city_icons,res://assets/tilesets/cyber_city_core_tilesets/Store_Items/CyberCity_Icons/CyberCity_Icons/Knife_1.png,Knife_1.png,.png,512,512,True,"[70, 40, 454, 496]","[70, 40, 454, 496]",90.038,False,9.962,True,False,False,True,"[""knife"", ""png""]","[""cyber"", ""scheme_card"", ""screen_graphic"", ""world_decal""]",True
cyber_city_icons,res://assets/tilesets/cyber_city_core_tilesets/Store_Items/CyberCity_Icons/CyberCity_Icons/LabDish_1.png,LabDish_1.png,.png,512,512,True,"[32, 123, 448, 419]","[32, 123, 448, 419]",64.187,False,35.813,True,False,False,True,"[""labdish"", ""png""]","[""cyber"", ""scheme_card"", ""screen_graphic"", ""world_decal""]",True
cyber_city_icons,res://assets/tilesets/cyber_city_core_tilesets/Store_Items/CyberCity_Icons/CyberCity_Icons/LabEquipment_1.png,LabEquipment_1.png,.png,512,512,True,"[14, 26, 467, 499]","[14, 26, 467, 499]",35.92,False,64.08,True,False,False,True,"[""labequipment"", ""png""]","[""cyber"", ""scheme_card"", ""screen_graphic"", ""world_decal""]",True
cyber_city_icons,res://assets/tilesets/cyber_city_core_tilesets/Store_Items/CyberCity_Icons/CyberCity_Icons/LabEquipment_10.png,LabEquipment_10.png,.png,512,512,True,"[7, 4, 500, 467]","[7, 4, 500, 467]",64.188,False,35.812,True,False,False,True,"[""labequipment"", ""png""]","[""cyber"", ""scheme_card"", ""screen_graphic"", ""world_decal""]",True
cyber_city_icons,res://assets/tilesets/cyber_city_core_tilesets/Store_Items/CyberCity_Icons/CyberCity_Icons/LabEquipment_11.png,LabEquipment_11.png,.png,512,512,True,"[30, 75, 499, 476]","[30, 75, 499, 476]",38.956,False,61.044,True,False,False,True,"[""labequipment"", ""png""]","[""cyber"", ""scheme_card"", ""screen_graphic"", ""world_decal""]",True
cyber_city_icons,res://assets/tilesets/cyber_city_core_tilesets/Store_Items/CyberCity_Icons/CyberCity_Icons/LabEquipment_12.png,LabEquipment_12.png,.png,512,512,True,"[4, 164, 506, 454]","[4, 164, 506, 454]",78.056,False,21.944,True,False,False,True,"[""labequipment"", ""png""]","[""cyber"", ""scheme_card"", ""screen_graphic"", ""world_decal""]",True
cyber_city_icons,res://assets/tilesets/cyber_city_core_tilesets/Store_Items/CyberCity_Icons/CyberCity_Icons/LabEquipment_13.png,LabEquipment_13.png,.png,512,512,True,"[25, 90, 507, 415]","[25, 90, 507, 415]",63.474,False,36.526,True,False,False,True,"[""labequipment"", ""png""]","[""cyber"", ""scheme_card"", ""screen_graphic"", ""world_decal""]",True
cyber_city_icons,res://assets/tilesets/cyber_city_core_tilesets/Store_Items/CyberCity_Icons/CyberCity_Icons/LabEquipment_14.png,LabEquipment_14.png,.png,512,512,True,"[2, 152, 510, 382]","[2, 152, 510, 382]",72.48,False,27.52,True,False,False,True,"[""labequipment"", ""png""]","[""cyber"", ""scheme_card"", ""screen_graphic"", ""world_decal""]",True
cyber_city_icons,res://assets/tilesets/cyber_city_core_tilesets/Store_Items/CyberCity_Icons/CyberCity_Icons/LabEquipment_2.png,LabEquipment_2.png,.png,512,512,True,"[59, 3, 398, 509]","[59, 3, 398, 509]",44.094,False,55.906,True,False,False,True,"[""labequipment"", ""png""]","[""cyber"", ""scheme_card"", ""screen_graphic"", ""world_decal""]",True
cyber_city_icons,res://assets/tilesets/cyber_city_core_tilesets/Store_Items/CyberCity_Icons/CyberCity_Icons/LabEquipment_3.png,LabEquipment_3.png,.png,512,512,True,"[15, 81, 493, 446]","[15, 81, 493, 446]",48.88,False,51.12,True,False,False,True,"[""labequipment"", ""png""]","[""cyber"", ""scheme_card"", ""screen_graphic"", ""world_decal""]",True
cyber_city_icons,res://assets/tilesets/cyber_city_core_tilesets/Store_Items/CyberCity_Icons/CyberCity_Icons/LabEquipment_4.png,LabEquipment_4.png,.png,512,512,True,"[4, 1, 504, 471]","[4, 1, 504, 471]",65.65,False,34.35,True,False,False,True,"[""labequipment"", ""png""]","[""cyber"", ""scheme_card"", ""screen_graphic"", ""world_decal""]",True
cyber_city_icons,res://assets/tilesets/cyber_city_core_tilesets/Store_Items/CyberCity_Icons/CyberCity_Icons/LabEquipment_5.png,LabEquipment_5.png,.png,512,512,True,"[62, 95, 487, 469]","[62, 95, 487, 469]",49.532,False,50.468,True,False,False,True,"[""labequipment"", ""png""]","[""cyber"", ""scheme_card"", ""screen_graphic"", ""world_decal""]",True
cyber_city_icons,res://assets/tilesets/cyber_city_core_tilesets/Store_Items/CyberCity_Icons/CyberCity_Icons/LabEquipment_6.png,LabEquipment_6.png,.png,512,512,True,"[5, 172, 508, 457]","[5, 172, 508, 457]",78.468,False,21.532,True,False,False,True,"[""labequipment"", ""png""]","[""cyber"", ""scheme_card"", ""screen_graphic"", ""world_decal""]",True
cyber_city_icons,res://assets/tilesets/cyber_city_core_tilesets/Store_Items/CyberCity_Icons/CyberCity_Icons/LabEquipment_7.png,LabEquipment_7.png,.png,512,512,True,"[11, 12, 500, 507]","[11, 12, 500, 507]",30.148,False,69.852,True,False,False,True,"[""labequipment"", ""png""]","[""cyber"", ""scheme_card"", ""screen_graphic"", ""world_decal""]",True
cyber_city_icons,res://assets/tilesets/cyber_city_core_tilesets/Store_Items/CyberCity_Icons/CyberCity_Icons/LabEquipment_8.png,LabEquipment_8.png,.png,512,512,True,"[92, 4, 430, 506]","[92, 4, 430, 506]",44.205,False,55.795,True,False,False,True,"[""labequipment"", ""png""]","[""cyber"", ""scheme_card"", ""screen_graphic"", ""world_decal""]",True
cyber_city_icons,res://assets/tilesets/cyber_city_core_tilesets/Store_Items/CyberCity_Icons/CyberCity_Icons/LabEquipment_9.png,LabEquipment_9.png,.png,512,512,True,"[29, 103, 480, 425]","[29, 103, 480, 425]",50.176,False,49.824,True,False,False,True,"[""labequipment"", ""png""]","[""cyber"", ""scheme_card"", ""screen_graphic"", ""world_decal""]",True
cyber_city_icons,res://assets/tilesets/cyber_city_core_tilesets/Store_Items/CyberCity_Icons/CyberCity_Icons/LabMonitor_1.png,LabMonitor_1.png,.png,512,512,True,"[68, 13, 438, 512]","[68, 13, 438, 512]",49.575,False,50.425,True,False,False,True,"[""labmonitor"", ""png"", ""terminal""]","[""screen_graphic"", ""store_terminal"", ""terminal"", ""world_decal""]",True
cyber_city_icons,res://assets/tilesets/cyber_city_core_tilesets/Store_Items/CyberCity_Icons/CyberCity_Icons/LabMonitor_2.png,LabMonitor_2.png,.png,512,512,True,"[50, 8, 484, 505]","[50, 8, 484, 505]",45.166,False,54.834,True,False,False,True,"[""labmonitor"", ""png"", ""terminal""]","[""screen_graphic"", ""store_terminal"", ""terminal"", ""world_decal""]",True
cyber_city_icons,res://assets/tilesets/cyber_city_core_tilesets/Store_Items/CyberCity_Icons/CyberCity_Icons/LabMonitor_3.png,LabMonitor_3.png,.png,512,512,True,"[182, 4, 350, 510]","[182, 4, 350, 510]",90.45,False,9.55,True,False,False,True,"[""labmonitor"", ""png"", ""terminal""]","[""screen_graphic"", ""store_terminal"", ""terminal"", ""world_decal""]",True
cyber_city_icons,res://assets/tilesets/cyber_city_core_tilesets/Store_Items/CyberCity_Icons/CyberCity_Icons/LabMonitor_4.png,LabMonitor_4.png,.png,512,512,True,"[156, 3, 324, 507]","[156, 3, 324, 507]",90.468,False,9.532,True,False,False,True,"[""labmonitor"", ""png"", ""terminal""]","[""screen_graphic"", ""store_terminal"", ""terminal"", ""world_decal""]",True
cyber_city_icons,res://assets/tilesets/cyber_city_core_tilesets/Store_Items/CyberCity_Icons/CyberCity_Icons/LabPapers_1.png,LabPapers_1.png,.png,512,512,True,"[71, 34, 435, 492]","[71, 34, 435, 492]",43.622,False,56.378,True,False,False,True,"[""labpapers"", ""png""]","[""cyber"", ""scheme_card"", ""screen_graphic"", ""world_decal""]",True
cyber_city_icons,res://assets/tilesets/cyber_city_core_tilesets/Store_Items/CyberCity_Icons/CyberCity_Icons/LabPapers_2.png,LabPapers_2.png,.png,512,512,True,"[46, 20, 439, 508]","[46, 20, 439, 508]",44.443,False,55.557,True,False,False,True,"[""labpapers"", ""png""]","[""cyber"", ""scheme_card"", ""screen_graphic"", ""world_decal""]",True
cyber_city_icons,res://assets/tilesets/cyber_city_core_tilesets/Store_Items/CyberCity_Icons/CyberCity_Icons/LabScale_1.png,LabScale_1.png,.png,512,512,True,"[12, 64, 506, 417]","[12, 64, 506, 417]",59.371,False,40.629,True,False,False,True,"[""labscale"", ""png""]","[""cyber"", ""scheme_card"", ""screen_graphic"", ""world_decal""]",True
cyber_city_icons,res://assets/tilesets/cyber_city_core_tilesets/Store_Items/CyberCity_Icons/CyberCity_Icons/LabScale_2.png,LabScale_2.png,.png,512,512,True,"[12, 172, 506, 417]","[12, 172, 506, 417]",65.191,False,34.809,True,False,False,True,"[""labscale"", ""png""]","[""cyber"", ""scheme_card"", ""screen_graphic"", ""world_decal""]",True
cyber_city_icons,res://assets/tilesets/cyber_city_core_tilesets/Store_Items/CyberCity_Icons/CyberCity_Icons/LabTech_1.png,LabTech_1.png,.png,512,512,True,"[148, 18, 321, 486]","[148, 18, 321, 486]",77.226,False,22.774,True,False,False,True,"[""labtech"", ""png"", ""terminal""]","[""inventory_icon"", ""scheme_card"", ""screen_graphic"", ""tech"", ""world_decal""]",True
cyber_city_icons,res://assets/tilesets/cyber_city_core_tilesets/Store_Items/CyberCity_Icons/CyberCity_Icons/LabTech_2.png,LabTech_2.png,.png,512,512,True,"[72, 15, 398, 504]","[72, 15, 398, 504]",53.666,False,46.334,True,False,False,True,"[""labtech"", ""png"", ""terminal""]","[""inventory_icon"", ""scheme_card"", ""screen_graphic"", ""tech"", ""world_decal""]",True
cyber_city_icons,res://assets/tilesets/cyber_city_core_tilesets/Store_Items/CyberCity_Icons/CyberCity_Icons/Lamp_1.png,Lamp_1.png,.png,512,512,True,"[183, 18, 316, 502]","[183, 18, 316, 502]",93.544,False,6.456,True,False,False,True,"[""lamp"", ""png""]","[""cyber"", ""scheme_card"", ""screen_graphic"", ""world_decal""]",True
cyber_city_icons,res://assets/tilesets/cyber_city_core_tilesets/Store_Items/CyberCity_Icons/CyberCity_Icons/Lamp_2.png,Lamp_2.png,.png,512,512,True,"[60, 14, 438, 497]","[60, 14, 438, 497]",51.027,False,48.973,True,False,False,True,"[""lamp"", ""png""]","[""cyber"", ""scheme_card"", ""screen_graphic"", ""world_decal""]",True
cyber_city_icons,res://assets/tilesets/cyber_city_core_tilesets/Store_Items/CyberCity_Icons/CyberCity_Icons/LargeContainer_1.png,LargeContainer_1.png,.png,512,512,True,"[2, 58, 509, 448]","[2, 58, 509, 448]",42.933,False,57.067,True,False,False,True,"[""largecontainer"", ""png""]","[""cyber"", ""scheme_card"", ""screen_graphic"", ""world_decal""]",True
cyber_city_icons,res://assets/tilesets/cyber_city_core_tilesets/Store_Items/CyberCity_Icons/CyberCity_Icons/LargeJug_1.png,LargeJug_1.png,.png,512,512,True,"[66, 13, 445, 483]","[66, 13, 445, 483]",53.557,False,46.443,True,False,False,True,"[""largejug"", ""png""]","[""cyber"", ""scheme_card"", ""screen_graphic"", ""world_decal""]",True
cyber_city_icons,res://assets/tilesets/cyber_city_core_tilesets/Store_Items/CyberCity_Icons/CyberCity_Icons/LargeJug_2.png,LargeJug_2.png,.png,512,512,True,"[129, 10, 398, 492]","[129, 10, 398, 492]",58.835,False,41.165,True,False,False,True,"[""largejug"", ""png""]","[""cyber"", ""scheme_card"", ""screen_graphic"", ""world_decal""]",True
cyber_city_icons,res://assets/tilesets/cyber_city_core_tilesets/Store_Items/CyberCity_Icons/CyberCity_Icons/LargeJug_3.png,LargeJug_3.png,.png,512,512,True,"[154, 3, 402, 499]","[154, 3, 402, 499]",65.791,False,34.209,True,False,False,True,"[""largejug"", ""png""]","[""cyber"", ""scheme_card"", ""screen_graphic"", ""world_decal""]",True
cyber_city_icons,res://assets/tilesets/cyber_city_core_tilesets/Store_Items/CyberCity_Icons/CyberCity_Icons/LargeJug_4.png,LargeJug_4.png,.png,512,512,True,"[140, 12, 376, 502]","[140, 12, 376, 502]",65.242,False,34.758,True,False,False,True,"[""largejug"", ""png""]","[""cyber"", ""scheme_card"", ""screen_graphic"", ""world_decal""]",True
cyber_city_icons,res://assets/tilesets/cyber_city_core_tilesets/Store_Items/CyberCity_Icons/CyberCity_Icons/LargeTank_1.png,LargeTank_1.png,.png,512,512,True,"[6, 129, 509, 377]","[6, 129, 509, 377]",60.452,False,39.548,True,False,False,True,"[""largetank"", ""png""]","[""cyber"", ""scheme_card"", ""screen_graphic"", ""world_decal""]",True
cyber_city_icons,res://assets/tilesets/cyber_city_core_tilesets/Store_Items/CyberCity_Icons/CyberCity_Icons/LaserCutter_1.png,LaserCutter_1.png,.png,512,512,True,"[53, 17, 413, 483]","[53, 17, 413, 483]",92.175,False,7.825,True,False,False,True,"[""lasercutter"", ""png""]","[""cyber"", ""scheme_card"", ""screen_graphic"", ""world_decal""]",True
cyber_city_icons,res://assets/tilesets/cyber_city_core_tilesets/Store_Items/CyberCity_Icons/CyberCity_Icons/LightPole_1.png,LightPole_1.png,.png,512,512,True,"[112, 5, 381, 510]","[112, 5, 381, 510]",90.052,False,9.948,True,False,False,True,"[""lightpole"", ""png""]","[""cyber"", ""scheme_card"", ""screen_graphic"", ""world_decal""]",True
cyber_city_icons,res://assets/tilesets/cyber_city_core_tilesets/Store_Items/CyberCity_Icons/CyberCity_Icons/LiquidChamber_1.png,LiquidChamber_1.png,.png,512,512,True,"[49, 0, 435, 507]","[49, 0, 435, 507]",49.991,False,50.009,True,False,False,True,"[""liquidchamber"", ""png""]","[""cyber"", ""scheme_card"", ""screen_graphic"", ""world_decal""]",True
cyber_city_icons,res://assets/tilesets/cyber_city_core_tilesets/Store_Items/CyberCity_Icons/CyberCity_Icons/LockBox_1.png,LockBox_1.png,.png,512,512,True,"[114, 19, 450, 507]","[114, 19, 450, 507]",46.846,False,53.154,True,False,False,True,"[""lockbox"", ""png"", ""security""]","[""mission_board"", ""screen_graphic"", ""security"", ""security_indicator"", ""warning_indicator"", ""world_decal""]",True
cyber_city_icons,res://assets/tilesets/cyber_city_core_tilesets/Store_Items/CyberCity_Icons/CyberCity_Icons/LowStool_1.png,LowStool_1.png,.png,512,512,True,"[2, 151, 496, 433]","[2, 151, 496, 433]",64.252,False,35.748,True,False,False,True,"[""lowstool"", ""png""]","[""cyber"", ""scheme_card"", ""screen_graphic"", ""world_decal""]",True
cyber_city_icons,res://assets/tilesets/cyber_city_core_tilesets/Store_Items/CyberCity_Icons/CyberCity_Icons/Machine_1.png,Machine_1.png,.png,512,512,True,"[13, 48, 503, 452]","[13, 48, 503, 452]",65.62,False,34.38,True,False,False,True,"[""machine"", ""png""]","[""cyber"", ""scheme_card"", ""screen_graphic"", ""world_decal""]",True
cyber_city_icons,res://assets/tilesets/cyber_city_core_tilesets/Store_Items/CyberCity_Icons/CyberCity_Icons/Machine_2.png,Machine_2.png,.png,512,512,True,"[7, 124, 505, 405]","[7, 124, 505, 405]",65.152,False,34.848,True,False,False,True,"[""machine"", ""png""]","[""cyber"", ""scheme_card"", ""screen_graphic"", ""world_decal""]",True
cyber_city_icons,res://assets/tilesets/cyber_city_core_tilesets/Store_Items/CyberCity_Icons/CyberCity_Icons/Machine_3.png,Machine_3.png,.png,512,512,True,"[94, 7, 414, 508]","[94, 7, 414, 508]",49.744,False,50.256,True,False,False,True,"[""machine"", ""png""]","[""cyber"", ""scheme_card"", ""screen_graphic"", ""world_decal""]",True
cyber_city_icons,res://assets/tilesets/cyber_city_core_tilesets/Store_Items/CyberCity_Icons/CyberCity_Icons/Machine_4.png,Machine_4.png,.png,512,512,True,"[76, 42, 420, 490]","[76, 42, 420, 490]",52.942,False,47.058,True,False,False,True,"[""machine"", ""png""]","[""cyber"", ""scheme_card"", ""screen_graphic"", ""world_decal""]",True
cyber_city_icons,res://assets/tilesets/cyber_city_core_tilesets/Store_Items/CyberCity_Icons/CyberCity_Icons/Machine_5.png,Machine_5.png,.png,512,512,True,"[21, 32, 465, 495]","[21, 32, 465, 495]",47.162,False,52.838,True,False,False,True,"[""machine"", ""png""]","[""cyber"", ""scheme_card"", ""screen_graphic"", ""world_decal""]",True
cyber_city_icons,res://assets/tilesets/cyber_city_core_tilesets/Store_Items/CyberCity_Icons/CyberCity_Icons/Magazine_1.png,Magazine_1.png,.png,512,512,True,"[85, 2, 512, 505]","[85, 2, 512, 505]",42.857,False,57.143,True,False,False,True,"[""magazine"", ""png""]","[""cyber"", ""scheme_card"", ""screen_graphic"", ""world_decal""]",True
cyber_city_icons,res://assets/tilesets/cyber_city_core_tilesets/Store_Items/CyberCity_Icons/CyberCity_Icons/Magazine_2.png,Magazine_2.png,.png,512,512,True,"[96, 5, 408, 506]","[96, 5, 408, 506]",47.98,False,52.02,True,False,False,True,"[""magazine"", ""png""]","[""cyber"", ""scheme_card"", ""screen_graphic"", ""world_decal""]",True
cyber_city_icons,res://assets/tilesets/cyber_city_core_tilesets/Store_Items/CyberCity_Icons/CyberCity_Icons/Magazine_3.png,Magazine_3.png,.png,512,512,True,"[50, 10, 431, 509]","[50, 10, 431, 509]",34.521,False,65.479,True,False,False,True,"[""magazine"", ""png""]","[""cyber"", ""scheme_card"", ""screen_graphic"", ""world_decal""]",True
cyber_city_icons,res://assets/tilesets/cyber_city_core_tilesets/Store_Items/CyberCity_Icons/CyberCity_Icons/Magazine_4.png,Magazine_4.png,.png,512,512,True,"[109, 8, 422, 509]","[109, 8, 422, 509]",47.934,False,52.066,True,False,False,True,"[""magazine"", ""png""]","[""cyber"", ""scheme_card"", ""screen_graphic"", ""world_decal""]",True
cyber_city_icons,res://assets/tilesets/cyber_city_core_tilesets/Store_Items/CyberCity_Icons/CyberCity_Icons/Magazine_5.png,Magazine_5.png,.png,512,512,True,"[101, 18, 414, 470]","[101, 18, 414, 470]",51.551,False,48.449,True,False,False,True,"[""magazine"", ""png""]","[""cyber"", ""scheme_card"", ""screen_graphic"", ""world_decal""]",True
cyber_city_icons,res://assets/tilesets/cyber_city_core_tilesets/Store_Items/CyberCity_Icons/CyberCity_Icons/Magazine_6.png,Magazine_6.png,.png,512,512,True,"[138, 44, 421, 454]","[138, 44, 421, 454]",60.931,False,39.069,True,False,False,True,"[""magazine"", ""png""]","[""cyber"", ""scheme_card"", ""screen_graphic"", ""world_decal""]",True
cyber_city_icons,res://assets/tilesets/cyber_city_core_tilesets/Store_Items/CyberCity_Icons/CyberCity_Icons/MagazineStand_1.png,MagazineStand_1.png,.png,512,512,True,"[67, 0, 385, 506]","[67, 0, 385, 506]",52.647,False,47.353,True,False,False,True,"[""magazinestand"", ""png""]","[""cyber"", ""scheme_card"", ""screen_graphic"", ""world_decal""]",True
cyber_city_icons,res://assets/tilesets/cyber_city_core_tilesets/Store_Items/CyberCity_Icons/CyberCity_Icons/MagTrolly_1.png,MagTrolly_1.png,.png,512,512,True,"[5, 53, 503, 469]","[5, 53, 503, 469]",73.399,False,26.601,True,False,False,True,"[""magtrolly"", ""png""]","[""cyber"", ""scheme_card"", ""screen_graphic"", ""world_decal""]",True
cyber_city_icons,res://assets/tilesets/cyber_city_core_tilesets/Store_Items/CyberCity_Icons/CyberCity_Icons/Mannequin_1.png,Mannequin_1.png,.png,512,512,True,"[163, 2, 324, 506]","[163, 2, 324, 506]",82.071,False,17.929,True,False,False,True,"[""mannequin"", ""png""]","[""cyber"", ""scheme_card"", ""screen_graphic"", ""world_decal""]",True
cyber_city_icons,res://assets/tilesets/cyber_city_core_tilesets/Store_Items/CyberCity_Icons/CyberCity_Icons/Map_1.png,Map_1.png,.png,512,512,True,"[163, 9, 360, 502]","[163, 9, 360, 502]",72.161,False,27.839,True,False,False,False,"[""map"", ""mission"", ""png""]","[""map_pin"", ""objective_marker""]",True
cyber_city_icons,res://assets/tilesets/cyber_city_core_tilesets/Store_Items/CyberCity_Icons/CyberCity_Icons/Map_2.png,Map_2.png,.png,512,512,True,"[97, 7, 435, 505]","[97, 7, 435, 505]",46.512,False,53.488,True,False,False,False,"[""map"", ""mission"", ""png""]","[""map_pin"", ""objective_marker""]",True
cyber_city_icons,res://assets/tilesets/cyber_city_core_tilesets/Store_Items/CyberCity_Icons/CyberCity_Icons/MedBed_1.png,MedBed_1.png,.png,512,512,True,"[13, 14, 501, 492]","[13, 14, 501, 492]",69.887,False,30.113,True,False,False,False,"[""health"", ""medbed"", ""png""]","[""health"", ""inventory_icon"", ""pause_menu"", ""storefront_item""]",True
cyber_city_icons,res://assets/tilesets/cyber_city_core_tilesets/Store_Items/CyberCity_Icons/CyberCity_Icons/Medkit_1.png,Medkit_1.png,.png,512,512,True,"[32, 61, 448, 487]","[32, 61, 448, 487]",49.308,False,50.692,True,False,False,False,"[""health"", ""medkit"", ""png""]","[""health"", ""inventory_icon"", ""pause_menu"", ""storefront_item""]",True
cyber_city_icons,res://assets/tilesets/cyber_city_core_tilesets/Store_Items/CyberCity_Icons/CyberCity_Icons/Microscope_1.png,Microscope_1.png,.png,512,512,True,"[110, 5, 347, 493]","[110, 5, 347, 493]",81.903,False,18.097,True,False,False,True,"[""microscope"", ""png""]","[""cyber"", ""scheme_card"", ""screen_graphic"", ""world_decal""]",True
cyber_city_icons,res://assets/tilesets/cyber_city_core_tilesets/Store_Items/CyberCity_Icons/CyberCity_Icons/MiniTurbine_1.png,MiniTurbine_1.png,.png,512,512,True,"[9, 19, 487, 474]","[9, 19, 487, 474]",49.67,False,50.33,True,False,False,True,"[""miniturbine"", ""png""]","[""cyber"", ""scheme_card"", ""screen_graphic"", ""world_decal""]",True
cyber_city_icons,res://assets/tilesets/cyber_city_core_tilesets/Store_Items/CyberCity_Icons/CyberCity_Icons/MixBoard_1.png,MixBoard_1.png,.png,512,512,True,"[5, 112, 503, 427]","[5, 112, 503, 427]",61.643,False,38.357,True,False,False,True,"[""mixboard"", ""png""]","[""cyber"", ""scheme_card"", ""screen_graphic"", ""world_decal""]",True
cyber_city_icons,res://assets/tilesets/cyber_city_core_tilesets/Store_Items/CyberCity_Icons/CyberCity_Icons/MobileLight_1.png,MobileLight_1.png,.png,512,512,True,"[36, 43, 475, 488]","[36, 43, 475, 488]",59.359,False,40.641,True,False,False,True,"[""mobilelight"", ""png""]","[""cyber"", ""scheme_card"", ""screen_graphic"", ""world_decal""]",True
cyber_city_icons,res://assets/tilesets/cyber_city_core_tilesets/Store_Items/CyberCity_Icons/CyberCity_Icons/Monitor_1.png,Monitor_1.png,.png,512,512,True,"[68, 2, 395, 480]","[68, 2, 395, 480]",53.891,False,46.109,True,False,False,True,"[""monitor"", ""png"", ""terminal""]","[""screen_graphic"", ""store_terminal"", ""terminal"", ""world_decal""]",True
cyber_city_icons,res://assets/tilesets/cyber_city_core_tilesets/Store_Items/CyberCity_Icons/CyberCity_Icons/Monitor_2.png,Monitor_2.png,.png,512,512,True,"[8, 106, 490, 397]","[8, 106, 490, 397]",55.423,False,44.577,True,False,False,True,"[""monitor"", ""png"", ""terminal""]","[""screen_graphic"", ""store_terminal"", ""terminal"", ""world_decal""]",True
cyber_city_icons,res://assets/tilesets/cyber_city_core_tilesets/Store_Items/CyberCity_Icons/CyberCity_Icons/Monitor_3.png,Monitor_3.png,.png,512,512,True,"[14, 110, 475, 424]","[14, 110, 475, 424]",56.663,False,43.337,True,False,False,True,"[""monitor"", ""png"", ""terminal""]","[""screen_graphic"", ""store_terminal"", ""terminal"", ""world_decal""]",True
cyber_city_icons,res://assets/tilesets/cyber_city_core_tilesets/Store_Items/CyberCity_Icons/CyberCity_Icons/Monitor_4.png,Monitor_4.png,.png,512,512,True,"[14, 54, 453, 483]","[14, 54, 453, 483]",42.945,False,57.055,True,False,False,True,"[""monitor"", ""png"", ""terminal""]","[""screen_graphic"", ""store_terminal"", ""terminal"", ""world_decal""]",True
cyber_city_icons,res://assets/tilesets/cyber_city_core_tilesets/Store_Items/CyberCity_Icons/CyberCity_Icons/Monitor_5.png,Monitor_5.png,.png,512,512,True,"[41, 40, 455, 492]","[41, 40, 455, 492]",39.217,False,60.783,True,False,False,True,"[""monitor"", ""png"", ""terminal""]","[""screen_graphic"", ""store_terminal"", ""terminal"", ""world_decal""]",True
cyber_city_icons,res://assets/tilesets/cyber_city_core_tilesets/Store_Items/CyberCity_Icons/CyberCity_Icons/Monitor_6.png,Monitor_6.png,.png,512,512,True,"[59, 15, 481, 486]","[59, 15, 481, 486]",34.811,False,65.189,True,False,False,True,"[""monitor"", ""png"", ""terminal""]","[""screen_graphic"", ""store_terminal"", ""terminal"", ""world_decal""]",True
cyber_city_icons,res://assets/tilesets/cyber_city_core_tilesets/Store_Items/CyberCity_Icons/CyberCity_Icons/Monitor_7.png,Monitor_7.png,.png,512,512,True,"[57, 71, 421, 491]","[57, 71, 421, 491]",49.251,False,50.749,True,False,False,True,"[""monitor"", ""png"", ""terminal""]","[""screen_graphic"", ""store_terminal"", ""terminal"", ""world_decal""]",True
cyber_city_icons,res://assets/tilesets/cyber_city_core_tilesets/Store_Items/CyberCity_Icons/CyberCity_Icons/Mouse_1.png,Mouse_1.png,.png,512,512,True,"[104, 94, 349, 426]","[104, 94, 349, 426]",76.859,False,23.141,True,False,False,True,"[""mouse"", ""png""]","[""cyber"", ""scheme_card"", ""screen_graphic"", ""world_decal""]",True
cyber_city_icons,res://assets/tilesets/cyber_city_core_tilesets/Store_Items/CyberCity_Icons/CyberCity_Icons/MultiSpanner_1.png,MultiSpanner_1.png,.png,512,512,True,"[83, 23, 418, 473]","[83, 23, 418, 473]",93.301,False,6.699,True,False,False,True,"[""multispanner"", ""png""]","[""cyber"", ""scheme_card"", ""screen_graphic"", ""world_decal""]",True
cyber_city_icons,res://assets/tilesets/cyber_city_core_tilesets/Store_Items/CyberCity_Icons/CyberCity_Icons/NewsPaper_1.png,NewsPaper_1.png,.png,512,512,True,"[81, 3, 457, 504]","[81, 3, 457, 504]",35.572,False,64.428,True,False,False,True,"[""newspaper"", ""png""]","[""cyber"", ""scheme_card"", ""screen_graphic"", ""world_decal""]",True
cyber_city_icons,res://assets/tilesets/cyber_city_core_tilesets/Store_Items/CyberCity_Icons/CyberCity_Icons/NewsPaper_2.png,NewsPaper_2.png,.png,512,512,True,"[124, 66, 380, 442]","[124, 66, 380, 442]",69.08,False,30.92,True,False,False,True,"[""newspaper"", ""png""]","[""cyber"", ""scheme_card"", ""screen_graphic"", ""world_decal""]",True
cyber_city_icons,res://assets/tilesets/cyber_city_core_tilesets/Store_Items/CyberCity_Icons/CyberCity_Icons/NewsScreen_1.png,NewsScreen_1.png,.png,512,512,True,"[10, 96, 503, 397]","[10, 96, 503, 397]",48.336,False,51.664,True,False,False,True,"[""newsscreen"", ""png"", ""terminal""]","[""screen_graphic"", ""store_terminal"", ""terminal"", ""world_decal""]",True
cyber_city_icons,res://assets/tilesets/cyber_city_core_tilesets/Store_Items/CyberCity_Icons/CyberCity_Icons/Ottoman_1.png,Ottoman_1.png,.png,512,512,True,"[11, 147, 503, 416]","[11, 147, 503, 416]",73.111,False,26.889,True,False,False,True,"[""ottoman"", ""png""]","[""cyber"", ""scheme_card"", ""screen_graphic"", ""world_decal""]",True
cyber_city_icons,res://assets/tilesets/cyber_city_core_tilesets/Store_Items/CyberCity_Icons/CyberCity_Icons/OxygenTank_1.png,OxygenTank_1.png,.png,512,512,True,"[178, 10, 305, 490]","[178, 10, 305, 490]",82.952,False,17.048,True,False,False,True,"[""oxygentank"", ""png""]","[""cyber"", ""scheme_card"", ""screen_graphic"", ""world_decal""]",True
cyber_city_icons,res://assets/tilesets/cyber_city_core_tilesets/Store_Items/CyberCity_Icons/CyberCity_Icons/Painting_1.png,Painting_1.png,.png,512,512,True,"[47, 109, 487, 389]","[47, 109, 487, 389]",58.173,False,41.827,True,False,False,True,"[""painting"", ""png""]","[""cyber"", ""scheme_card"", ""screen_graphic"", ""world_decal""]",True
cyber_city_icons,res://assets/tilesets/cyber_city_core_tilesets/Store_Items/CyberCity_Icons/CyberCity_Icons/Painting_2.png,Painting_2.png,.png,512,512,True,"[102, 3, 427, 506]","[102, 3, 427, 506]",43.657,False,56.343,True,False,False,True,"[""painting"", ""png""]","[""cyber"", ""scheme_card"", ""screen_graphic"", ""world_decal""]",True
cyber_city_icons,res://assets/tilesets/cyber_city_core_tilesets/Store_Items/CyberCity_Icons/CyberCity_Icons/Painting_3.png,Painting_3.png,.png,512,512,True,"[84, 8, 379, 509]","[84, 8, 379, 509]",54.321,False,45.679,True,False,False,True,"[""painting"", ""png""]","[""cyber"", ""scheme_card"", ""screen_graphic"", ""world_decal""]",True
cyber_city_icons,res://assets/tilesets/cyber_city_core_tilesets/Store_Items/CyberCity_Icons/CyberCity_Icons/Painting_4.png,Painting_4.png,.png,512,512,True,"[11, 78, 504, 450]","[11, 78, 504, 450]",36.875,False,63.125,True,False,False,True,"[""painting"", ""png""]","[""cyber"", ""scheme_card"", ""screen_graphic"", ""world_decal""]",True
cyber_city_icons,res://assets/tilesets/cyber_city_core_tilesets/Store_Items/CyberCity_Icons/CyberCity_Icons/Painting_5.png,Painting_5.png,.png,512,512,True,"[5, 66, 505, 453]","[5, 66, 505, 453]",33.945,False,66.055,True,False,False,True,"[""painting"", ""png""]","[""cyber"", ""scheme_card"", ""screen_graphic"", ""world_decal""]",True
cyber_city_icons,res://assets/tilesets/cyber_city_core_tilesets/Store_Items/CyberCity_Icons/CyberCity_Icons/Painting_6.png,Painting_6.png,.png,512,512,True,"[12, 49, 499, 449]","[12, 49, 499, 449]",33.913,False,66.087,True,False,False,True,"[""painting"", ""png""]","[""cyber"", ""scheme_card"", ""screen_graphic"", ""world_decal""]",True
cyber_city_icons,res://assets/tilesets/cyber_city_core_tilesets/Store_Items/CyberCity_Icons/CyberCity_Icons/Painting_7.png,Painting_7.png,.png,512,512,True,"[26, 55, 502, 420]","[26, 55, 502, 420]",40.326,False,59.674,True,False,False,True,"[""painting"", ""png""]","[""cyber"", ""scheme_card"", ""screen_graphic"", ""world_decal""]",True
cyber_city_icons,res://assets/tilesets/cyber_city_core_tilesets/Store_Items/CyberCity_Icons/CyberCity_Icons/Paper_1.png,Paper_1.png,.png,512,512,True,"[98, 56, 445, 447]","[98, 56, 445, 447]",71.489,False,28.511,True,False,False,True,"[""paper"", ""png""]","[""cyber"", ""scheme_card"", ""screen_graphic"", ""world_decal""]",True
cyber_city_icons,res://assets/tilesets/cyber_city_core_tilesets/Store_Items/CyberCity_Icons/CyberCity_Icons/Paper_2.png,Paper_2.png,.png,512,512,True,"[34, 17, 429, 500]","[34, 17, 429, 500]",62.908,False,37.092,True,False,False,True,"[""paper"", ""png""]","[""cyber"", ""scheme_card"", ""screen_graphic"", ""world_decal""]",True
cyber_city_icons,res://assets/tilesets/cyber_city_core_tilesets/Store_Items/CyberCity_Icons/CyberCity_Icons/PaperLantern_1.png,PaperLantern_1.png,.png,512,512,True,"[70, 29, 453, 459]","[70, 29, 453, 459]",57.377,False,42.623,True,False,False,True,"[""paperlantern"", ""png""]","[""cyber"", ""scheme_card"", ""screen_graphic"", ""world_decal""]",True
cyber_city_icons,res://assets/tilesets/cyber_city_core_tilesets/Store_Items/CyberCity_Icons/CyberCity_Icons/PaperLantern_2.png,PaperLantern_2.png,.png,512,512,True,"[170, 20, 362, 500]","[170, 20, 362, 500]",76.263,False,23.737,True,False,False,True,"[""paperlantern"", ""png""]","[""cyber"", ""scheme_card"", ""screen_graphic"", ""world_decal""]",True
cyber_city_icons,res://assets/tilesets/cyber_city_core_tilesets/Store_Items/CyberCity_Icons/CyberCity_Icons/PatioTable_1.png,PatioTable_1.png,.png,512,512,True,"[22, 68, 482, 489]","[22, 68, 482, 489]",78.498,False,21.502,True,False,False,True,"[""patiotable"", ""png""]","[""cyber"", ""scheme_card"", ""screen_graphic"", ""world_decal""]",True
cyber_city_icons,res://assets/tilesets/cyber_city_core_tilesets/Store_Items/CyberCity_Icons/CyberCity_Icons/Payphone_1.png,Payphone_1.png,.png,512,512,True,"[85, 9, 360, 501]","[85, 9, 360, 501]",63.063,False,36.937,True,False,False,True,"[""payphone"", ""png""]","[""cyber"", ""scheme_card"", ""screen_graphic"", ""world_decal""]",True
cyber_city_icons,res://assets/tilesets/cyber_city_core_tilesets/Store_Items/CyberCity_Icons/CyberCity_Icons/Payphone_2.png,Payphone_2.png,.png,512,512,True,"[72, 10, 397, 507]","[72, 10, 397, 507]",58.004,False,41.996,True,False,False,True,"[""payphone"", ""png""]","[""cyber"", ""scheme_card"", ""screen_graphic"", ""world_decal""]",True
cyber_city_icons,res://assets/tilesets/cyber_city_core_tilesets/Store_Items/CyberCity_Icons/CyberCity_Icons/Payphone_3.png,Payphone_3.png,.png,512,512,True,"[152, 14, 342, 498]","[152, 14, 342, 498]",85.153,False,14.847,True,False,False,True,"[""payphone"", ""png""]","[""cyber"", ""scheme_card"", ""screen_graphic"", ""world_decal""]",True
cyber_city_icons,res://assets/tilesets/cyber_city_core_tilesets/Store_Items/CyberCity_Icons/CyberCity_Icons/Pick_1.png,Pick_1.png,.png,512,512,True,"[92, 81, 440, 431]","[92, 81, 440, 431]",94.035,False,5.965,True,False,False,True,"[""pick"", ""png""]","[""cyber"", ""scheme_card"", ""screen_graphic"", ""world_decal""]",True
cyber_city_icons,res://assets/tilesets/cyber_city_core_tilesets/Store_Items/CyberCity_Icons/CyberCity_Icons/PictureSet_1.png,PictureSet_1.png,.png,512,512,True,"[6, 31, 505, 449]","[6, 31, 505, 449]",40.185,False,59.815,True,False,False,True,"[""pictureset"", ""png""]","[""cyber"", ""scheme_card"", ""screen_graphic"", ""world_decal""]",True
cyber_city_icons,res://assets/tilesets/cyber_city_core_tilesets/Store_Items/CyberCity_Icons/CyberCity_Icons/PictureSet_2.png,PictureSet_2.png,.png,512,512,True,"[84, 4, 446, 510]","[84, 4, 446, 510]",49.504,False,50.496,True,False,False,True,"[""pictureset"", ""png""]","[""cyber"", ""scheme_card"", ""screen_graphic"", ""world_decal""]",True
cyber_city_icons,res://assets/tilesets/cyber_city_core_tilesets/Store_Items/CyberCity_Icons/CyberCity_Icons/PillJar_1.png,PillJar_1.png,.png,512,512,True,"[115, 20, 411, 470]","[115, 20, 411, 470]",69.25,False,30.75,True,False,False,False,"[""health"", ""pilljar"", ""png""]","[""health"", ""inventory_icon"", ""pause_menu"", ""storefront_item""]",True
cyber_city_icons,res://assets/tilesets/cyber_city_core_tilesets/Store_Items/CyberCity_Icons/CyberCity_Icons/PillJar_2.png,PillJar_2.png,.png,512,512,True,"[141, 31, 393, 489]","[141, 31, 393, 489]",60.421,False,39.579,True,False,False,False,"[""health"", ""pilljar"", ""png""]","[""health"", ""inventory_icon"", ""pause_menu"", ""storefront_item""]",True
cyber_city_icons,res://assets/tilesets/cyber_city_core_tilesets/Store_Items/CyberCity_Icons/CyberCity_Icons/Pillow_1.png,Pillow_1.png,.png,512,512,True,"[5, 77, 499, 485]","[5, 77, 499, 485]",52.179,False,47.821,True,False,False,False,"[""health"", ""pillow"", ""png""]","[""health"", ""inventory_icon"", ""pause_menu"", ""storefront_item""]",True
cyber_city_icons,res://assets/tilesets/cyber_city_core_tilesets/Store_Items/CyberCity_Icons/CyberCity_Icons/Pillow_2.png,Pillow_2.png,.png,512,512,True,"[22, 22, 468, 490]","[22, 22, 468, 490]",44.833,False,55.167,True,False,False,False,"[""health"", ""pillow"", ""png""]","[""health"", ""inventory_icon"", ""pause_menu"", ""storefront_item""]",True
cyber_city_icons,res://assets/tilesets/cyber_city_core_tilesets/Store_Items/CyberCity_Icons/CyberCity_Icons/Pillow_3.png,Pillow_3.png,.png,512,512,True,"[0, 71, 505, 482]","[0, 71, 505, 482]",63.88,False,36.12,True,False,False,False,"[""health"", ""pillow"", ""png""]","[""health"", ""inventory_icon"", ""pause_menu"", ""storefront_item""]",True
cyber_city_icons,res://assets/tilesets/cyber_city_core_tilesets/Store_Items/CyberCity_Icons/CyberCity_Icons/Pillow_4.png,Pillow_4.png,.png,512,512,True,"[7, 110, 500, 455]","[7, 110, 500, 455]",62.421,False,37.579,True,False,False,False,"[""health"", ""pillow"", ""png""]","[""health"", ""inventory_icon"", ""pause_menu"", ""storefront_item""]",True
cyber_city_icons,res://assets/tilesets/cyber_city_core_tilesets/Store_Items/CyberCity_Icons/CyberCity_Icons/Pizza_1.png,Pizza_1.png,.png,512,512,True,"[51, 81, 463, 458]","[51, 81, 463, 458]",55.05,False,44.95,True,False,False,False,"[""comedy"", ""pizza"", ""png""]","[""comedy"", ""comedy_item_candidate"", ""decor_shop_thumbnail""]",True
cyber_city_icons,res://assets/tilesets/cyber_city_core_tilesets/Store_Items/CyberCity_Icons/CyberCity_Icons/PizzaBox_1.png,PizzaBox_1.png,.png,512,512,True,"[26, 26, 474, 483]","[26, 26, 474, 483]",60.963,False,39.037,True,False,False,False,"[""comedy"", ""pizzabox"", ""png""]","[""comedy"", ""comedy_item_candidate"", ""decor_shop_thumbnail""]",True
cyber_city_icons,res://assets/tilesets/cyber_city_core_tilesets/Store_Items/CyberCity_Icons/CyberCity_Icons/PizzaBox_2.png,PizzaBox_2.png,.png,512,512,True,"[21, 133, 480, 430]","[21, 133, 480, 430]",60.54,False,39.46,True,False,False,False,"[""comedy"", ""pizzabox"", ""png""]","[""comedy"", ""comedy_item_candidate"", ""decor_shop_thumbnail""]",True
cyber_city_icons,res://assets/tilesets/cyber_city_core_tilesets/Store_Items/CyberCity_Icons/CyberCity_Icons/PlasmaWelder_1.png,PlasmaWelder_1.png,.png,512,512,True,"[13, 27, 490, 468]","[13, 27, 490, 468]",70.247,False,29.753,True,False,False,True,"[""plasmawelder"", ""png""]","[""cyber"", ""scheme_card"", ""screen_graphic"", ""world_decal""]",True
cyber_city_icons,res://assets/tilesets/cyber_city_core_tilesets/Store_Items/CyberCity_Icons/CyberCity_Icons/PlasticBin_1.png,PlasticBin_1.png,.png,512,512,True,"[14, 68, 491, 474]","[14, 68, 491, 474]",47.073,False,52.927,True,False,False,True,"[""plasticbin"", ""png""]","[""cyber"", ""scheme_card"", ""screen_graphic"", ""world_decal""]",True
cyber_city_icons,res://assets/tilesets/cyber_city_core_tilesets/Store_Items/CyberCity_Icons/CyberCity_Icons/Plates_1.png,Plates_1.png,.png,512,512,True,"[25, 92, 501, 483]","[25, 92, 501, 483]",40.547,False,59.453,True,False,False,True,"[""plates"", ""png""]","[""cyber"", ""scheme_card"", ""screen_graphic"", ""world_decal""]",True
cyber_city_icons,res://assets/tilesets/cyber_city_core_tilesets/Store_Items/CyberCity_Icons/CyberCity_Icons/Poster_1.png,Poster_1.png,.png,512,512,True,"[34, 28, 449, 448]","[34, 28, 449, 448]",51.566,False,48.434,True,False,False,True,"[""decor"", ""png"", ""poster""]","[""decor"", ""signage"", ""wall_sticker"", ""world_decal""]",True
cyber_city_icons,res://assets/tilesets/cyber_city_core_tilesets/Store_Items/CyberCity_Icons/CyberCity_Icons/Poster_10.png,Poster_10.png,.png,512,512,True,"[56, 49, 492, 413]","[56, 49, 492, 413]",45.614,False,54.386,True,False,False,True,"[""decor"", ""png"", ""poster""]","[""decor"", ""signage"", ""wall_sticker"", ""world_decal""]",True
cyber_city_icons,res://assets/tilesets/cyber_city_core_tilesets/Store_Items/CyberCity_Icons/CyberCity_Icons/Poster_2.png,Poster_2.png,.png,512,512,True,"[113, 14, 417, 497]","[113, 14, 417, 497]",47.219,False,52.781,True,False,False,True,"[""decor"", ""png"", ""poster""]","[""decor"", ""signage"", ""wall_sticker"", ""world_decal""]",True
cyber_city_icons,res://assets/tilesets/cyber_city_core_tilesets/Store_Items/CyberCity_Icons/CyberCity_Icons/Poster_3.png,Poster_3.png,.png,512,512,True,"[97, 12, 420, 492]","[97, 12, 420, 492]",45.79,False,54.21,True,False,False,True,"[""decor"", ""png"", ""poster""]","[""decor"", ""signage"", ""wall_sticker"", ""world_decal""]",True
cyber_city_icons,res://assets/tilesets/cyber_city_core_tilesets/Store_Items/CyberCity_Icons/CyberCity_Icons/Poster_4.png,Poster_4.png,.png,512,512,True,"[119, 6, 416, 509]","[119, 6, 416, 509]",47.006,False,52.994,True,False,False,True,"[""decor"", ""png"", ""poster""]","[""decor"", ""signage"", ""wall_sticker"", ""world_decal""]",True
cyber_city_icons,res://assets/tilesets/cyber_city_core_tilesets/Store_Items/CyberCity_Icons/CyberCity_Icons/Poster_5.png,Poster_5.png,.png,512,512,True,"[83, 23, 405, 495]","[83, 23, 405, 495]",47.393,False,52.607,True,False,False,True,"[""decor"", ""png"", ""poster""]","[""decor"", ""signage"", ""wall_sticker"", ""world_decal""]",True
cyber_city_icons,res://assets/tilesets/cyber_city_core_tilesets/Store_Items/CyberCity_Icons/CyberCity_Icons/Poster_6.png,Poster_6.png,.png,512,512,True,"[124, 3, 409, 500]","[124, 3, 409, 500]",50.584,False,49.416,True,False,False,True,"[""decor"", ""png"", ""poster""]","[""decor"", ""signage"", ""wall_sticker"", ""world_decal""]",True
cyber_city_icons,res://assets/tilesets/cyber_city_core_tilesets/Store_Items/CyberCity_Icons/CyberCity_Icons/Poster_7.png,Poster_7.png,.png,512,512,True,"[83, 19, 444, 505]","[83, 19, 444, 505]",45.849,False,54.151,True,False,False,True,"[""decor"", ""png"", ""poster""]","[""decor"", ""signage"", ""wall_sticker"", ""world_decal""]",True
cyber_city_icons,res://assets/tilesets/cyber_city_core_tilesets/Store_Items/CyberCity_Icons/CyberCity_Icons/Poster_8.png,Poster_8.png,.png,512,512,True,"[125, 15, 438, 501]","[125, 15, 438, 501]",51.735,False,48.265,True,False,False,True,"[""decor"", ""png"", ""poster""]","[""decor"", ""signage"", ""wall_sticker"", ""world_decal""]",True
cyber_city_icons,res://assets/tilesets/cyber_city_core_tilesets/Store_Items/CyberCity_Icons/CyberCity_Icons/Poster_9.png,Poster_9.png,.png,512,512,True,"[94, 12, 405, 501]","[94, 12, 405, 501]",46.19,False,53.81,True,False,False,True,"[""decor"", ""png"", ""poster""]","[""decor"", ""signage"", ""wall_sticker"", ""world_decal""]",True
cyber_city_icons,res://assets/tilesets/cyber_city_core_tilesets/Store_Items/CyberCity_Icons/CyberCity_Icons/PostitNote_1.png,PostitNote_1.png,.png,512,512,True,"[98, 112, 388, 396]","[98, 112, 388, 396]",73.614,False,26.386,True,False,False,True,"[""png"", ""postitnote""]","[""cyber"", ""scheme_card"", ""screen_graphic"", ""world_decal""]",True
cyber_city_icons,res://assets/tilesets/cyber_city_core_tilesets/Store_Items/CyberCity_Icons/CyberCity_Icons/PostitNote_2.png,PostitNote_2.png,.png,512,512,True,"[140, 110, 395, 398]","[140, 110, 395, 398]",76.627,False,23.373,True,False,False,True,"[""png"", ""postitnote""]","[""cyber"", ""scheme_card"", ""screen_graphic"", ""world_decal""]",True
cyber_city_icons,res://assets/tilesets/cyber_city_core_tilesets/Store_Items/CyberCity_Icons/CyberCity_Icons/PostitNote_3.png,PostitNote_3.png,.png,512,512,True,"[98, 116, 402, 392]","[98, 116, 402, 392]",73.568,False,26.432,True,False,False,True,"[""png"", ""postitnote""]","[""cyber"", ""scheme_card"", ""screen_graphic"", ""world_decal""]",True
cyber_city_icons,res://assets/tilesets/cyber_city_core_tilesets/Store_Items/CyberCity_Icons/CyberCity_Icons/PostitNote_4.png,PostitNote_4.png,.png,512,512,True,"[134, 142, 456, 389]","[134, 142, 456, 389]",78.365,False,21.635,True,False,False,True,"[""png"", ""postitnote""]","[""cyber"", ""scheme_card"", ""screen_graphic"", ""world_decal""]",True
cyber_city_icons,res://assets/tilesets/cyber_city_core_tilesets/Store_Items/CyberCity_Icons/CyberCity_Icons/PostitNote_5.png,PostitNote_5.png,.png,512,512,True,"[88, 116, 390, 393]","[88, 116, 390, 393]",72.995,False,27.005,True,False,False,True,"[""png"", ""postitnote""]","[""cyber"", ""scheme_card"", ""screen_graphic"", ""world_decal""]",True
cyber_city_icons,res://assets/tilesets/cyber_city_core_tilesets/Store_Items/CyberCity_Icons/CyberCity_Icons/PostitNote_6.png,PostitNote_6.png,.png,512,512,True,"[99, 112, 405, 406]","[99, 112, 405, 406]",71.444,False,28.556,True,False,False,True,"[""png"", ""postitnote""]","[""cyber"", ""scheme_card"", ""screen_graphic"", ""world_decal""]",True
cyber_city_icons,res://assets/tilesets/cyber_city_core_tilesets/Store_Items/CyberCity_Icons/CyberCity_Icons/PostitNote_7.png,PostitNote_7.png,.png,512,512,True,"[86, 102, 395, 431]","[86, 102, 395, 431]",71.769,False,28.231,True,False,False,True,"[""png"", ""postitnote""]","[""cyber"", ""scheme_card"", ""screen_graphic"", ""world_decal""]",True
cyber_city_icons,res://assets/tilesets/cyber_city_core_tilesets/Store_Items/CyberCity_Icons/CyberCity_Icons/PostitNote_8.png,PostitNote_8.png,.png,512,512,True,"[80, 108, 424, 392]","[80, 108, 424, 392]",67.801,False,32.199,True,False,False,True,"[""png"", ""postitnote""]","[""cyber"", ""scheme_card"", ""screen_graphic"", ""world_decal""]",True
cyber_city_icons,res://assets/tilesets/cyber_city_core_tilesets/Store_Items/CyberCity_Icons/CyberCity_Icons/Pot_1.png,Pot_1.png,.png,512,512,True,"[46, 47, 476, 469]","[46, 47, 476, 469]",41.489,False,58.511,True,False,False,True,"[""png"", ""pot""]","[""cyber"", ""scheme_card"", ""screen_graphic"", ""world_decal""]",True
cyber_city_icons,res://assets/tilesets/cyber_city_core_tilesets/Store_Items/CyberCity_Icons/CyberCity_Icons/Pot_2.png,Pot_2.png,.png,512,512,True,"[5, 152, 509, 442]","[5, 152, 509, 442]",55.577,False,44.423,True,False,False,True,"[""png"", ""pot""]","[""cyber"", ""scheme_card"", ""screen_graphic"", ""world_decal""]",True
cyber_city_icons,res://assets/tilesets/cyber_city_core_tilesets/Store_Items/CyberCity_Icons/CyberCity_Icons/Pot_3.png,Pot_3.png,.png,512,512,True,"[82, 54, 489, 490]","[82, 54, 489, 490]",44.357,False,55.643,True,False,False,True,"[""png"", ""pot""]","[""cyber"", ""scheme_card"", ""screen_graphic"", ""world_decal""]",True
cyber_city_icons,res://assets/tilesets/cyber_city_core_tilesets/Store_Items/CyberCity_Icons/CyberCity_Icons/PottedPlant_1.png,PottedPlant_1.png,.png,512,512,True,"[16, 37, 494, 491]","[16, 37, 494, 491]",51.553,False,48.447,True,False,False,True,"[""png"", ""pottedplant""]","[""cyber"", ""scheme_card"", ""screen_graphic"", ""world_decal""]",True
cyber_city_icons,res://assets/tilesets/cyber_city_core_tilesets/Store_Items/CyberCity_Icons/CyberCity_Icons/PottedPlant_2.png,PottedPlant_2.png,.png,512,512,True,"[1, 40, 497, 440]","[1, 40, 497, 440]",81.344,False,18.656,True,False,False,True,"[""png"", ""pottedplant""]","[""cyber"", ""scheme_card"", ""screen_graphic"", ""world_decal""]",True
cyber_city_icons,res://assets/tilesets/cyber_city_core_tilesets/Store_Items/CyberCity_Icons/CyberCity_Icons/PottedPlant_3.png,PottedPlant_3.png,.png,512,512,True,"[14, 123, 495, 417]","[14, 123, 495, 417]",72.897,False,27.103,True,False,False,True,"[""png"", ""pottedplant""]","[""cyber"", ""scheme_card"", ""screen_graphic"", ""world_decal""]",True
cyber_city_icons,res://assets/tilesets/cyber_city_core_tilesets/Store_Items/CyberCity_Icons/CyberCity_Icons/PottedPlant_4.png,PottedPlant_4.png,.png,512,512,True,"[124, 8, 339, 492]","[124, 8, 339, 492]",78.466,False,21.534,True,False,False,True,"[""png"", ""pottedplant""]","[""cyber"", ""scheme_card"", ""screen_graphic"", ""world_decal""]",True
cyber_city_icons,res://assets/tilesets/cyber_city_core_tilesets/Store_Items/CyberCity_Icons/CyberCity_Icons/PottedPlant_5.png,PottedPlant_5.png,.png,512,512,True,"[101, 0, 374, 506]","[101, 0, 374, 506]",72.047,False,27.953,True,False,False,True,"[""png"", ""pottedplant""]","[""cyber"", ""scheme_card"", ""screen_graphic"", ""world_decal""]",True
cyber_city_icons,res://assets/tilesets/cyber_city_core_tilesets/Store_Items/CyberCity_Icons/CyberCity_Icons/PottedPlant_6.png,PottedPlant_6.png,.png,512,512,True,"[67, 17, 441, 480]","[67, 17, 441, 480]",58.986,False,41.014,True,False,False,True,"[""png"", ""pottedplant""]","[""cyber"", ""scheme_card"", ""screen_graphic"", ""world_decal""]",True
cyber_city_icons,res://assets/tilesets/cyber_city_core_tilesets/Store_Items/CyberCity_Icons/CyberCity_Icons/PottedPlant_7.png,PottedPlant_7.png,.png,512,512,True,"[172, 1, 311, 507]","[172, 1, 311, 507]",86.615,False,13.385,True,False,False,True,"[""png"", ""pottedplant""]","[""cyber"", ""scheme_card"", ""screen_graphic"", ""world_decal""]",True
cyber_city_icons,res://assets/tilesets/cyber_city_core_tilesets/Store_Items/CyberCity_Icons/CyberCity_Icons/PottedTree_1.png,PottedTree_1.png,.png,512,512,True,"[181, 0, 340, 503]","[181, 0, 340, 503]",79.099,False,20.901,True,False,False,True,"[""png"", ""pottedtree""]","[""cyber"", ""scheme_card"", ""screen_graphic"", ""world_decal""]",True
cyber_city_icons,res://assets/tilesets/cyber_city_core_tilesets/Store_Items/CyberCity_Icons/CyberCity_Icons/PowerCore_1.png,PowerCore_1.png,.png,512,512,True,"[15, 136, 501, 416]","[15, 136, 501, 416]",57.27,False,42.73,True,False,False,True,"[""png"", ""powercore""]","[""cyber"", ""scheme_card"", ""screen_graphic"", ""world_decal""]",True
cyber_city_icons,res://assets/tilesets/cyber_city_core_tilesets/Store_Items/CyberCity_Icons/CyberCity_Icons/PropaneTank_1.png,PropaneTank_1.png,.png,512,512,True,"[130, 3, 392, 512]","[130, 3, 392, 512]",59.725,False,40.275,True,False,False,True,"[""png"", ""propanetank""]","[""cyber"", ""scheme_card"", ""screen_graphic"", ""world_decal""]",True
cyber_city_icons,res://assets/tilesets/cyber_city_core_tilesets/Store_Items/CyberCity_Icons/CyberCity_Icons/PropaneTank_2.png,PropaneTank_2.png,.png,512,512,True,"[131, 12, 400, 482]","[131, 12, 400, 482]",65.16,False,34.84,True,False,False,True,"[""png"", ""propanetank""]","[""cyber"", ""scheme_card"", ""screen_graphic"", ""world_decal""]",True
cyber_city_icons,res://assets/tilesets/cyber_city_core_tilesets/Store_Items/CyberCity_Icons/CyberCity_Icons/PublicBench_1.png,PublicBench_1.png,.png,512,512,True,"[22, 132, 504, 430]","[22, 132, 504, 430]",60.003,False,39.997,True,False,False,True,"[""png"", ""publicbench""]","[""cyber"", ""scheme_card"", ""screen_graphic"", ""world_decal""]",True
cyber_city_icons,res://assets/tilesets/cyber_city_core_tilesets/Store_Items/CyberCity_Icons/CyberCity_Icons/QuantumScanner_1.png,QuantumScanner_1.png,.png,512,512,True,"[24, 16, 466, 494]","[24, 16, 466, 494]",82.847,False,17.153,True,False,False,True,"[""png"", ""quantumscanner"", ""security""]","[""mission_board"", ""screen_graphic"", ""security"", ""security_indicator"", ""warning_indicator"", ""world_decal""]",True
cyber_city_icons,res://assets/tilesets/cyber_city_core_tilesets/Store_Items/CyberCity_Icons/CyberCity_Icons/RecordPlayer_1.png,RecordPlayer_1.png,.png,512,512,True,"[17, 10, 500, 501]","[17, 10, 500, 501]",48.821,False,51.179,True,False,False,True,"[""png"", ""recordplayer""]","[""cyber"", ""scheme_card"", ""screen_graphic"", ""world_decal""]",True
cyber_city_icons,res://assets/tilesets/cyber_city_core_tilesets/Store_Items/CyberCity_Icons/CyberCity_Icons/Refridgerator_1.png,Refridgerator_1.png,.png,512,512,True,"[111, 9, 394, 503]","[111, 9, 394, 503]",53.182,False,46.818,True,False,False,True,"[""png"", ""refridgerator""]","[""cyber"", ""scheme_card"", ""screen_graphic"", ""world_decal""]",True
cyber_city_icons,res://assets/tilesets/cyber_city_core_tilesets/Store_Items/CyberCity_Icons/CyberCity_Icons/Refridgerator_2.png,Refridgerator_2.png,.png,512,512,True,"[125, 12, 414, 507]","[125, 12, 414, 507]",50.68,False,49.32,True,False,False,True,"[""png"", ""refridgerator""]","[""cyber"", ""scheme_card"", ""screen_graphic"", ""world_decal""]",True
cyber_city_icons,res://assets/tilesets/cyber_city_core_tilesets/Store_Items/CyberCity_Icons/CyberCity_Icons/Remote_1.png,Remote_1.png,.png,512,512,True,"[77, 36, 432, 476]","[77, 36, 432, 476]",76.027,False,23.973,True,False,False,True,"[""png"", ""remote""]","[""cyber"", ""scheme_card"", ""screen_graphic"", ""world_decal""]",True
cyber_city_icons,res://assets/tilesets/cyber_city_core_tilesets/Store_Items/CyberCity_Icons/CyberCity_Icons/RoadSign_1.png,RoadSign_1.png,.png,512,512,True,"[78, 26, 395, 484]","[78, 26, 395, 484]",64.637,False,35.363,True,False,False,True,"[""decor"", ""png"", ""roadsign""]","[""decor"", ""signage"", ""wall_sticker"", ""world_decal""]",True
cyber_city_icons,res://assets/tilesets/cyber_city_core_tilesets/Store_Items/CyberCity_Icons/CyberCity_Icons/RocketPlatform_1.png,RocketPlatform_1.png,.png,512,512,True,"[110, 9, 390, 499]","[110, 9, 390, 499]",64.446,False,35.554,True,False,False,True,"[""png"", ""rocketplatform""]","[""cyber"", ""scheme_card"", ""screen_graphic"", ""world_decal""]",True
cyber_city_icons,res://assets/tilesets/cyber_city_core_tilesets/Store_Items/CyberCity_Icons/CyberCity_Icons/Rod_1.png,Rod_1.png,.png,512,512,True,"[15, 13, 467, 494]","[15, 13, 467, 494]",76.176,False,23.824,True,False,False,True,"[""png"", ""rod""]","[""cyber"", ""scheme_card"", ""screen_graphic"", ""world_decal""]",True
cyber_city_icons,res://assets/tilesets/cyber_city_core_tilesets/Store_Items/CyberCity_Icons/CyberCity_Icons/Rods_1.png,Rods_1.png,.png,512,512,True,"[6, 135, 498, 430]","[6, 135, 498, 430]",65.772,False,34.228,True,False,False,True,"[""png"", ""rods""]","[""cyber"", ""scheme_card"", ""screen_graphic"", ""world_decal""]",True
cyber_city_icons,res://assets/tilesets/cyber_city_core_tilesets/Store_Items/CyberCity_Icons/CyberCity_Icons/SatelliteDish_1.png,SatelliteDish_1.png,.png,512,512,True,"[33, 23, 474, 471]","[33, 23, 474, 471]",73.23,False,26.77,True,False,False,True,"[""png"", ""satellitedish""]","[""cyber"", ""scheme_card"", ""screen_graphic"", ""world_decal""]",True
cyber_city_icons,res://assets/tilesets/cyber_city_core_tilesets/Store_Items/CyberCity_Icons/CyberCity_Icons/SatelliteDish_2.png,SatelliteDish_2.png,.png,512,512,True,"[67, 16, 492, 479]","[67, 16, 492, 479]",65.703,False,34.297,True,False,False,True,"[""png"", ""satellitedish""]","[""cyber"", ""scheme_card"", ""screen_graphic"", ""world_decal""]",True
cyber_city_icons,res://assets/tilesets/cyber_city_core_tilesets/Store_Items/CyberCity_Icons/CyberCity_Icons/SatelliteDish_3.png,SatelliteDish_3.png,.png,512,512,True,"[19, 3, 432, 509]","[19, 3, 432, 509]",64.98,False,35.02,True,False,False,True,"[""png"", ""satellitedish""]","[""cyber"", ""scheme_card"", ""screen_graphic"", ""world_decal""]",True
cyber_city_icons,res://assets/tilesets/cyber_city_core_tilesets/Store_Items/CyberCity_Icons/CyberCity_Icons/Screen_1.png,Screen_1.png,.png,512,512,True,"[16, 19, 491, 502]","[16, 19, 491, 502]",26.195,False,73.805,True,False,False,True,"[""png"", ""screen"", ""terminal""]","[""screen_graphic"", ""store_terminal"", ""terminal"", ""world_decal""]",True
cyber_city_icons,res://assets/tilesets/cyber_city_core_tilesets/Store_Items/CyberCity_Icons/CyberCity_Icons/Screen_2.png,Screen_2.png,.png,512,512,True,"[0, 139, 511, 353]","[0, 139, 511, 353]",61.759,False,38.241,True,False,False,True,"[""png"", ""screen"", ""terminal""]","[""screen_graphic"", ""store_terminal"", ""terminal"", ""world_decal""]",True
cyber_city_icons,res://assets/tilesets/cyber_city_core_tilesets/Store_Items/CyberCity_Icons/CyberCity_Icons/SecurityScanner_1.png,SecurityScanner_1.png,.png,512,512,True,"[99, 5, 333, 505]","[99, 5, 333, 505]",72.186,False,27.814,True,False,False,True,"[""png"", ""security"", ""securityscanner""]","[""mission_board"", ""screen_graphic"", ""security"", ""security_indicator"", ""warning_indicator"", ""world_decal""]",True
cyber_city_icons,res://assets/tilesets/cyber_city_core_tilesets/Store_Items/CyberCity_Icons/CyberCity_Icons/SecurityScanner_2.png,SecurityScanner_2.png,.png,512,512,True,"[0, 3, 468, 500]","[0, 3, 468, 500]",58.477,False,41.523,True,False,False,True,"[""png"", ""security"", ""securityscanner""]","[""mission_board"", ""screen_graphic"", ""security"", ""security_indicator"", ""warning_indicator"", ""world_decal""]",True
cyber_city_icons,res://assets/tilesets/cyber_city_core_tilesets/Store_Items/CyberCity_Icons/CyberCity_Icons/SecurityScanner_3.png,SecurityScanner_3.png,.png,512,512,True,"[135, 4, 381, 507]","[135, 4, 381, 507]",67.523,False,32.477,True,False,False,True,"[""png"", ""security"", ""securityscanner""]","[""mission_board"", ""screen_graphic"", ""security"", ""security_indicator"", ""warning_indicator"", ""world_decal""]",True
cyber_city_icons,res://assets/tilesets/cyber_city_core_tilesets/Store_Items/CyberCity_Icons/CyberCity_Icons/SecurityScanner_4.png,SecurityScanner_4.png,.png,512,512,True,"[3, 28, 508, 451]","[3, 28, 508, 451]",59.841,False,40.159,True,False,False,True,"[""png"", ""security"", ""securityscanner""]","[""mission_board"", ""screen_graphic"", ""security"", ""security_indicator"", ""warning_indicator"", ""world_decal""]",True
cyber_city_icons,res://assets/tilesets/cyber_city_core_tilesets/Store_Items/CyberCity_Icons/CyberCity_Icons/SecurityWand_1.png,SecurityWand_1.png,.png,512,512,True,"[49, 31, 461, 485]","[49, 31, 461, 485]",84.992,False,15.008,True,False,False,True,"[""png"", ""securitywand""]","[""cyber"", ""scheme_card"", ""screen_graphic"", ""world_decal""]",True
cyber_city_icons,res://assets/tilesets/cyber_city_core_tilesets/Store_Items/CyberCity_Icons/CyberCity_Icons/ServerCabinet_1.png,ServerCabinet_1.png,.png,512,512,True,"[64, 8, 438, 509]","[64, 8, 438, 509]",41.83,False,58.17,True,False,False,True,"[""png"", ""servercabinet""]","[""cyber"", ""scheme_card"", ""screen_graphic"", ""world_decal""]",True
cyber_city_icons,res://assets/tilesets/cyber_city_core_tilesets/Store_Items/CyberCity_Icons/CyberCity_Icons/SideTable_1.png,SideTable_1.png,.png,512,512,True,"[125, 28, 412, 488]","[125, 28, 412, 488]",65.127,False,34.873,True,False,False,True,"[""png"", ""sidetable""]","[""cyber"", ""scheme_card"", ""screen_graphic"", ""world_decal""]",True
cyber_city_icons,res://assets/tilesets/cyber_city_core_tilesets/Store_Items/CyberCity_Icons/CyberCity_Icons/SideTable_2.png,SideTable_2.png,.png,512,512,True,"[99, 26, 398, 502]","[99, 26, 398, 502]",84.479,False,15.521,True,False,False,True,"[""png"", ""sidetable""]","[""cyber"", ""scheme_card"", ""screen_graphic"", ""world_decal""]",True
cyber_city_icons,res://assets/tilesets/cyber_city_core_tilesets/Store_Items/CyberCity_Icons/CyberCity_Icons/SideTable_3.png,SideTable_3.png,.png,512,512,True,"[33, 47, 497, 488]","[33, 47, 497, 488]",62.995,False,37.005,True,False,False,True,"[""png"", ""sidetable""]","[""cyber"", ""scheme_card"", ""screen_graphic"", ""world_decal""]",True
cyber_city_icons,res://assets/tilesets/cyber_city_core_tilesets/Store_Items/CyberCity_Icons/CyberCity_Icons/Sign_1.png,Sign_1.png,.png,512,512,True,"[50, 13, 458, 487]","[50, 13, 458, 487]",43.634,False,56.366,True,False,False,True,"[""decor"", ""png"", ""sign""]","[""decor"", ""signage"", ""wall_sticker"", ""world_decal""]",True
cyber_city_icons,res://assets/tilesets/cyber_city_core_tilesets/Store_Items/CyberCity_Icons/CyberCity_Icons/Sign_10.png,Sign_10.png,.png,512,512,True,"[61, 4, 460, 499]","[61, 4, 460, 499]",45.059,False,54.941,True,False,False,True,"[""decor"", ""png"", ""sign""]","[""decor"", ""signage"", ""wall_sticker"", ""world_decal""]",True
cyber_city_icons,res://assets/tilesets/cyber_city_core_tilesets/Store_Items/CyberCity_Icons/CyberCity_Icons/Sign_11.png,Sign_11.png,.png,512,512,True,"[150, 7, 399, 506]","[150, 7, 399, 506]",78.648,False,21.352,True,False,False,True,"[""decor"", ""png"", ""sign""]","[""decor"", ""signage"", ""wall_sticker"", ""world_decal""]",True
cyber_city_icons,res://assets/tilesets/cyber_city_core_tilesets/Store_Items/CyberCity_Icons/CyberCity_Icons/Sign_12.png,Sign_12.png,.png,512,512,True,"[139, 4, 272, 506]","[139, 4, 272, 506]",79.099,False,20.901,True,False,False,True,"[""decor"", ""png"", ""sign""]","[""decor"", ""signage"", ""wall_sticker"", ""world_decal""]",True
cyber_city_icons,res://assets/tilesets/cyber_city_core_tilesets/Store_Items/CyberCity_Icons/CyberCity_Icons/Sign_13.png,Sign_13.png,.png,512,512,True,"[149, 2, 344, 509]","[149, 2, 344, 509]",73.051,False,26.949,True,False,False,True,"[""decor"", ""png"", ""sign""]","[""decor"", ""signage"", ""wall_sticker"", ""world_decal""]",True
cyber_city_icons,res://assets/tilesets/cyber_city_core_tilesets/Store_Items/CyberCity_Icons/CyberCity_Icons/Sign_14.png,Sign_14.png,.png,512,512,True,"[188, 12, 298, 499]","[188, 12, 298, 499]",83.5,False,16.5,True,False,False,True,"[""decor"", ""png"", ""sign""]","[""decor"", ""signage"", ""wall_sticker"", ""world_decal""]",True
cyber_city_icons,res://assets/tilesets/cyber_city_core_tilesets/Store_Items/CyberCity_Icons/CyberCity_Icons/Sign_15.png,Sign_15.png,.png,512,512,True,"[186, 12, 303, 502]","[186, 12, 303, 502]",82.884,False,17.116,True,False,False,True,"[""decor"", ""png"", ""sign""]","[""decor"", ""signage"", ""wall_sticker"", ""world_decal""]",True
cyber_city_icons,res://assets/tilesets/cyber_city_core_tilesets/Store_Items/CyberCity_Icons/CyberCity_Icons/Sign_16.png,Sign_16.png,.png,512,512,True,"[191, 8, 367, 487]","[191, 8, 367, 487]",80.533,False,19.467,True,False,False,True,"[""decor"", ""png"", ""sign""]","[""decor"", ""signage"", ""wall_sticker"", ""world_decal""]",True
cyber_city_icons,res://assets/tilesets/cyber_city_core_tilesets/Store_Items/CyberCity_Icons/CyberCity_Icons/Sign_17.png,Sign_17.png,.png,512,512,True,"[10, 199, 491, 296]","[10, 199, 491, 296]",87.229,False,12.771,True,False,False,True,"[""decor"", ""png"", ""sign""]","[""decor"", ""signage"", ""wall_sticker"", ""world_decal""]",True
cyber_city_icons,res://assets/tilesets/cyber_city_core_tilesets/Store_Items/CyberCity_Icons/CyberCity_Icons/Sign_18.png,Sign_18.png,.png,512,512,True,"[3, 103, 502, 402]","[3, 103, 502, 402]",69.769,False,30.231,True,False,False,True,"[""decor"", ""png"", ""sign""]","[""decor"", ""signage"", ""wall_sticker"", ""world_decal""]",True
cyber_city_icons,res://assets/tilesets/cyber_city_core_tilesets/Store_Items/CyberCity_Icons/CyberCity_Icons/Sign_19.png,Sign_19.png,.png,512,512,True,"[11, 190, 508, 294]","[11, 190, 508, 294]",86.274,False,13.726,True,False,False,True,"[""decor"", ""png"", ""sign""]","[""decor"", ""signage"", ""wall_sticker"", ""world_decal""]",True
cyber_city_icons,res://assets/tilesets/cyber_city_core_tilesets/Store_Items/CyberCity_Icons/CyberCity_Icons/Sign_2.png,Sign_2.png,.png,512,512,True,"[119, 8, 387, 491]","[119, 8, 387, 491]",61.625,False,38.375,True,False,False,True,"[""decor"", ""png"", ""sign""]","[""decor"", ""signage"", ""wall_sticker"", ""world_decal""]",True
cyber_city_icons,res://assets/tilesets/cyber_city_core_tilesets/Store_Items/CyberCity_Icons/CyberCity_Icons/Sign_20.png,Sign_20.png,.png,512,512,True,"[166, 7, 316, 502]","[166, 7, 316, 502]",74.622,False,25.378,True,False,False,True,"[""decor"", ""png"", ""sign""]","[""decor"", ""signage"", ""wall_sticker"", ""world_decal""]",True
cyber_city_icons,res://assets/tilesets/cyber_city_core_tilesets/Store_Items/CyberCity_Icons/CyberCity_Icons/Sign_21.png,Sign_21.png,.png,512,512,True,"[7, 189, 510, 358]","[7, 189, 510, 358]",82.792,False,17.208,True,False,False,True,"[""decor"", ""png"", ""sign""]","[""decor"", ""signage"", ""wall_sticker"", ""world_decal""]",True
cyber_city_icons,res://assets/tilesets/cyber_city_core_tilesets/Store_Items/CyberCity_Icons/CyberCity_Icons/Sign_22.png,Sign_22.png,.png,512,512,True,"[10, 129, 501, 402]","[10, 129, 501, 402]",63.921,False,36.079,True,False,False,True,"[""decor"", ""png"", ""sign""]","[""decor"", ""signage"", ""wall_sticker"", ""world_decal""]",True
cyber_city_icons,res://assets/tilesets/cyber_city_core_tilesets/Store_Items/CyberCity_Icons/CyberCity_Icons/Sign_23.png,Sign_23.png,.png,512,512,True,"[6, 167, 496, 327]","[6, 167, 496, 327]",84.825,False,15.175,True,False,False,True,"[""decor"", ""png"", ""sign""]","[""decor"", ""signage"", ""wall_sticker"", ""world_decal""]",True
cyber_city_icons,res://assets/tilesets/cyber_city_core_tilesets/Store_Items/CyberCity_Icons/CyberCity_Icons/Sign_24.png,Sign_24.png,.png,512,512,True,"[170, 10, 340, 499]","[170, 10, 340, 499]",73.895,False,26.105,True,False,False,True,"[""decor"", ""png"", ""sign""]","[""decor"", ""signage"", ""wall_sticker"", ""world_decal""]",True
cyber_city_icons,res://assets/tilesets/cyber_city_core_tilesets/Store_Items/CyberCity_Icons/CyberCity_Icons/Sign_25.png,Sign_25.png,.png,512,512,True,"[32, 12, 441, 487]","[32, 12, 441, 487]",68.638,False,31.362,True,False,False,True,"[""decor"", ""png"", ""sign""]","[""decor"", ""signage"", ""wall_sticker"", ""world_decal""]",True
cyber_city_icons,res://assets/tilesets/cyber_city_core_tilesets/Store_Items/CyberCity_Icons/CyberCity_Icons/Sign_26.png,Sign_26.png,.png,512,512,True,"[140, 14, 340, 490]","[140, 14, 340, 490]",70.159,False,29.841,True,False,False,True,"[""decor"", ""png"", ""sign""]","[""decor"", ""signage"", ""wall_sticker"", ""world_decal""]",True
cyber_city_icons,res://assets/tilesets/cyber_city_core_tilesets/Store_Items/CyberCity_Icons/CyberCity_Icons/Sign_27.png,Sign_27.png,.png,512,512,True,"[125, 10, 309, 499]","[125, 10, 309, 499]",79.894,False,20.106,True,False,False,True,"[""decor"", ""png"", ""sign""]","[""decor"", ""signage"", ""wall_sticker"", ""world_decal""]",True
cyber_city_icons,res://assets/tilesets/cyber_city_core_tilesets/Store_Items/CyberCity_Icons/CyberCity_Icons/Sign_28.png,Sign_28.png,.png,512,512,True,"[10, 195, 504, 342]","[10, 195, 504, 342]",77.404,False,22.596,True,False,False,True,"[""decor"", ""png"", ""sign""]","[""decor"", ""signage"", ""wall_sticker"", ""world_decal""]",True
cyber_city_icons,res://assets/tilesets/cyber_city_core_tilesets/Store_Items/CyberCity_Icons/CyberCity_Icons/Sign_29.png,Sign_29.png,.png,512,512,True,"[3, 178, 506, 322]","[3, 178, 506, 322]",76.774,False,23.226,True,False,False,True,"[""decor"", ""png"", ""sign""]","[""decor"", ""signage"", ""wall_sticker"", ""world_decal""]",True
cyber_city_icons,res://assets/tilesets/cyber_city_core_tilesets/Store_Items/CyberCity_Icons/CyberCity_Icons/Sign_3.png,Sign_3.png,.png,512,512,True,"[128, 16, 381, 504]","[128, 16, 381, 504]",63.736,False,36.264,True,False,False,True,"[""decor"", ""png"", ""sign""]","[""decor"", ""signage"", ""wall_sticker"", ""world_decal""]",True
cyber_city_icons,res://assets/tilesets/cyber_city_core_tilesets/Store_Items/CyberCity_Icons/CyberCity_Icons/Sign_30.png,Sign_30.png,.png,512,512,True,"[11, 154, 501, 375]","[11, 154, 501, 375]",61.188,False,38.812,True,False,False,True,"[""decor"", ""png"", ""sign""]","[""decor"", ""signage"", ""wall_sticker"", ""world_decal""]",True
cyber_city_icons,res://assets/tilesets/cyber_city_core_tilesets/Store_Items/CyberCity_Icons/CyberCity_Icons/Sign_31.png,Sign_31.png,.png,512,512,True,"[75, 0, 449, 511]","[75, 0, 449, 511]",32.957,False,67.043,True,False,False,True,"[""decor"", ""png"", ""sign""]","[""decor"", ""signage"", ""wall_sticker"", ""world_decal""]",True
cyber_city_icons,res://assets/tilesets/cyber_city_core_tilesets/Store_Items/CyberCity_Icons/CyberCity_Icons/Sign_32.png,Sign_32.png,.png,512,512,True,"[18, 178, 490, 355]","[18, 178, 490, 355]",69.831,False,30.169,True,False,False,True,"[""decor"", ""png"", ""sign""]","[""decor"", ""signage"", ""wall_sticker"", ""world_decal""]",True
cyber_city_icons,res://assets/tilesets/cyber_city_core_tilesets/Store_Items/CyberCity_Icons/CyberCity_Icons/Sign_33.png,Sign_33.png,.png,512,512,True,"[1, 178, 509, 372]","[1, 178, 509, 372]",72.475,False,27.525,True,False,False,True,"[""decor"", ""png"", ""sign""]","[""decor"", ""signage"", ""wall_sticker"", ""world_decal""]",True
cyber_city_icons,res://assets/tilesets/cyber_city_core_tilesets/Store_Items/CyberCity_Icons/CyberCity_Icons/Sign_34.png,Sign_34.png,.png,512,512,True,"[11, 151, 509, 305]","[11, 151, 509, 305]",84.508,False,15.492,True,False,False,True,"[""decor"", ""png"", ""sign""]","[""decor"", ""signage"", ""wall_sticker"", ""world_decal""]",True
cyber_city_icons,res://assets/tilesets/cyber_city_core_tilesets/Store_Items/CyberCity_Icons/CyberCity_Icons/Sign_35.png,Sign_35.png,.png,512,512,True,"[0, 215, 511, 342]","[0, 215, 511, 342]",81.817,False,18.183,True,False,False,True,"[""decor"", ""png"", ""sign""]","[""decor"", ""signage"", ""wall_sticker"", ""world_decal""]",True
cyber_city_icons,res://assets/tilesets/cyber_city_core_tilesets/Store_Items/CyberCity_Icons/CyberCity_Icons/Sign_36.png,Sign_36.png,.png,512,512,True,"[8, 183, 509, 340]","[8, 183, 509, 340]",72.736,False,27.264,True,False,False,True,"[""decor"", ""png"", ""sign""]","[""decor"", ""signage"", ""wall_sticker"", ""world_decal""]",True
cyber_city_icons,res://assets/tilesets/cyber_city_core_tilesets/Store_Items/CyberCity_Icons/CyberCity_Icons/Sign_37.png,Sign_37.png,.png,512,512,True,"[15, 170, 500, 384]","[15, 170, 500, 384]",62.785,False,37.215,True,False,False,True,"[""decor"", ""png"", ""sign""]","[""decor"", ""signage"", ""wall_sticker"", ""world_decal""]",True
cyber_city_icons,res://assets/tilesets/cyber_city_core_tilesets/Store_Items/CyberCity_Icons/CyberCity_Icons/Sign_38.png,Sign_38.png,.png,512,512,True,"[5, 195, 500, 310]","[5, 195, 500, 310]",83.699,False,16.301,True,False,False,True,"[""decor"", ""png"", ""sign""]","[""decor"", ""signage"", ""wall_sticker"", ""world_decal""]",True
cyber_city_icons,res://assets/tilesets/cyber_city_core_tilesets/Store_Items/CyberCity_Icons/CyberCity_Icons/Sign_39.png,Sign_39.png,.png,512,512,True,"[5, 213, 509, 296]","[5, 213, 509, 296]",86.176,False,13.824,True,False,False,True,"[""decor"", ""png"", ""sign""]","[""decor"", ""signage"", ""wall_sticker"", ""world_decal""]",True
cyber_city_icons,res://assets/tilesets/cyber_city_core_tilesets/Store_Items/CyberCity_Icons/CyberCity_Icons/Sign_4.png,Sign_4.png,.png,512,512,True,"[8, 112, 506, 378]","[8, 112, 506, 378]",61.864,False,38.136,True,False,False,True,"[""decor"", ""png"", ""sign""]","[""decor"", ""signage"", ""wall_sticker"", ""world_decal""]",True
cyber_city_icons,res://assets/tilesets/cyber_city_core_tilesets/Store_Items/CyberCity_Icons/CyberCity_Icons/Sign_40.png,Sign_40.png,.png,512,512,True,"[24, 170, 497, 315]","[24, 170, 497, 315]",86.037,False,13.963,True,False,False,True,"[""decor"", ""png"", ""sign""]","[""decor"", ""signage"", ""wall_sticker"", ""world_decal""]",True
cyber_city_icons,res://assets/tilesets/cyber_city_core_tilesets/Store_Items/CyberCity_Icons/CyberCity_Icons/Sign_41.png,Sign_41.png,.png,512,512,True,"[5, 211, 509, 293]","[5, 211, 509, 293]",86.388,False,13.612,True,False,False,True,"[""decor"", ""png"", ""sign""]","[""decor"", ""signage"", ""wall_sticker"", ""world_decal""]",True
cyber_city_icons,res://assets/tilesets/cyber_city_core_tilesets/Store_Items/CyberCity_Icons/CyberCity_Icons/Sign_42.png,Sign_42.png,.png,512,512,True,"[1, 213, 509, 329]","[1, 213, 509, 329]",79.514,False,20.486,True,False,False,True,"[""decor"", ""png"", ""sign""]","[""decor"", ""signage"", ""wall_sticker"", ""world_decal""]",True
cyber_city_icons,res://assets/tilesets/cyber_city_core_tilesets/Store_Items/CyberCity_Icons/CyberCity_Icons/Sign_43.png,Sign_43.png,.png,512,512,True,"[10, 190, 504, 309]","[10, 190, 504, 309]",79.531,False,20.469,True,False,False,True,"[""decor"", ""png"", ""sign""]","[""decor"", ""signage"", ""wall_sticker"", ""world_decal""]",True
cyber_city_icons,res://assets/tilesets/cyber_city_core_tilesets/Store_Items/CyberCity_Icons/CyberCity_Icons/Sign_44.png,Sign_44.png,.png,512,512,True,"[5, 193, 509, 343]","[5, 193, 509, 343]",75.977,False,24.023,True,False,False,True,"[""decor"", ""png"", ""sign""]","[""decor"", ""signage"", ""wall_sticker"", ""world_decal""]",True
cyber_city_icons,res://assets/tilesets/cyber_city_core_tilesets/Store_Items/CyberCity_Icons/CyberCity_Icons/Sign_45.png,Sign_45.png,.png,512,512,True,"[3, 163, 511, 309]","[3, 163, 511, 309]",77.414,False,22.586,True,False,False,True,"[""decor"", ""png"", ""sign""]","[""decor"", ""signage"", ""wall_sticker"", ""world_decal""]",True
cyber_city_icons,res://assets/tilesets/cyber_city_core_tilesets/Store_Items/CyberCity_Icons/CyberCity_Icons/Sign_46.png,Sign_46.png,.png,512,512,True,"[9, 190, 500, 331]","[9, 190, 500, 331]",75.364,False,24.636,True,False,False,True,"[""decor"", ""png"", ""sign""]","[""decor"", ""signage"", ""wall_sticker"", ""world_decal""]",True
cyber_city_icons,res://assets/tilesets/cyber_city_core_tilesets/Store_Items/CyberCity_Icons/CyberCity_Icons/Sign_47.png,Sign_47.png,.png,512,512,True,"[34, 30, 484, 484]","[34, 30, 484, 484]",30.519,False,69.481,True,False,False,True,"[""decor"", ""png"", ""sign""]","[""decor"", ""signage"", ""wall_sticker"", ""world_decal""]",True
cyber_city_icons,res://assets/tilesets/cyber_city_core_tilesets/Store_Items/CyberCity_Icons/CyberCity_Icons/Sign_48.png,Sign_48.png,.png,512,512,True,"[4, 0, 420, 508]","[4, 0, 420, 508]",52.185,False,47.815,True,False,False,True,"[""decor"", ""png"", ""sign""]","[""decor"", ""signage"", ""wall_sticker"", ""world_decal""]",True
cyber_city_icons,res://assets/tilesets/cyber_city_core_tilesets/Store_Items/CyberCity_Icons/CyberCity_Icons/Sign_49.png,Sign_49.png,.png,512,512,True,"[137, 12, 328, 502]","[137, 12, 328, 502]",70.374,False,29.626,True,False,False,True,"[""decor"", ""png"", ""sign""]","[""decor"", ""signage"", ""wall_sticker"", ""world_decal""]",True
cyber_city_icons,res://assets/tilesets/cyber_city_core_tilesets/Store_Items/CyberCity_Icons/CyberCity_Icons/Sign_5.png,Sign_5.png,.png,512,512,True,"[83, 9, 368, 498]","[83, 9, 368, 498]",84.371,False,15.629,True,False,False,True,"[""decor"", ""png"", ""sign""]","[""decor"", ""signage"", ""wall_sticker"", ""world_decal""]",True
cyber_city_icons,res://assets/tilesets/cyber_city_core_tilesets/Store_Items/CyberCity_Icons/CyberCity_Icons/Sign_50.png,Sign_50.png,.png,512,512,True,"[166, 9, 330, 491]","[166, 9, 330, 491]",74.868,False,25.132,True,False,False,True,"[""decor"", ""png"", ""sign""]","[""decor"", ""signage"", ""wall_sticker"", ""world_decal""]",True
cyber_city_icons,res://assets/tilesets/cyber_city_core_tilesets/Store_Items/CyberCity_Icons/CyberCity_Icons/Sign_51.png,Sign_51.png,.png,512,512,True,"[177, 12, 340, 504]","[177, 12, 340, 504]",81.513,False,18.487,True,False,False,True,"[""decor"", ""png"", ""sign""]","[""decor"", ""signage"", ""wall_sticker"", ""world_decal""]",True
cyber_city_icons,res://assets/tilesets/cyber_city_core_tilesets/Store_Items/CyberCity_Icons/CyberCity_Icons/Sign_52.png,Sign_52.png,.png,512,512,True,"[184, 8, 363, 508]","[184, 8, 363, 508]",77.576,False,22.424,True,False,False,True,"[""decor"", ""png"", ""sign""]","[""decor"", ""signage"", ""wall_sticker"", ""world_decal""]",True
cyber_city_icons,res://assets/tilesets/cyber_city_core_tilesets/Store_Items/CyberCity_Icons/CyberCity_Icons/Sign_6.png,Sign_6.png,.png,512,512,True,"[170, 9, 426, 495]","[170, 9, 426, 495]",84.137,False,15.863,True,False,False,True,"[""decor"", ""png"", ""sign""]","[""decor"", ""signage"", ""wall_sticker"", ""world_decal""]",True
cyber_city_icons,res://assets/tilesets/cyber_city_core_tilesets/Store_Items/CyberCity_Icons/CyberCity_Icons/Sign_7.png,Sign_7.png,.png,512,512,True,"[198, 7, 332, 508]","[198, 7, 332, 508]",81.514,False,18.486,True,False,False,True,"[""decor"", ""png"", ""sign""]","[""decor"", ""signage"", ""wall_sticker"", ""world_decal""]",True
cyber_city_icons,res://assets/tilesets/cyber_city_core_tilesets/Store_Items/CyberCity_Icons/CyberCity_Icons/Sign_8.png,Sign_8.png,.png,512,512,True,"[84, 7, 395, 508]","[84, 7, 395, 508]",79.474,False,20.526,True,False,False,True,"[""decor"", ""png"", ""sign""]","[""decor"", ""signage"", ""wall_sticker"", ""world_decal""]",True
cyber_city_icons,res://assets/tilesets/cyber_city_core_tilesets/Store_Items/CyberCity_Icons/CyberCity_Icons/Sign_9.png,Sign_9.png,.png,512,512,True,"[63, 21, 437, 490]","[63, 21, 437, 490]",59.585,False,40.415,True,False,False,True,"[""decor"", ""png"", ""sign""]","[""decor"", ""signage"", ""wall_sticker"", ""world_decal""]",True
cyber_city_icons,res://assets/tilesets/cyber_city_core_tilesets/Store_Items/CyberCity_Icons/CyberCity_Icons/Skateboard_1.png,Skateboard_1.png,.png,512,512,True,"[20, 72, 499, 413]","[20, 72, 499, 413]",73.714,False,26.286,True,False,False,True,"[""png"", ""skateboard""]","[""cyber"", ""scheme_card"", ""screen_graphic"", ""world_decal""]",True
cyber_city_icons,res://assets/tilesets/cyber_city_core_tilesets/Store_Items/CyberCity_Icons/CyberCity_Icons/SkullAndSpine_1.png,SkullAndSpine_1.png,.png,512,512,True,"[152, 4, 428, 505]","[152, 4, 428, 505]",88.533,False,11.467,True,False,False,False,"[""mission"", ""png"", ""skullandspine""]","[""map_pin"", ""objective_marker""]",True
cyber_city_icons,res://assets/tilesets/cyber_city_core_tilesets/Store_Items/CyberCity_Icons/CyberCity_Icons/SmallAd_1.png,SmallAd_1.png,.png,512,512,True,"[154, 12, 375, 499]","[154, 12, 375, 499]",71.751,False,28.249,True,False,False,True,"[""png"", ""smallad""]","[""cyber"", ""scheme_card"", ""screen_graphic"", ""world_decal""]",True
cyber_city_icons,res://assets/tilesets/cyber_city_core_tilesets/Store_Items/CyberCity_Icons/CyberCity_Icons/Soap_1.png,Soap_1.png,.png,512,512,True,"[16, 167, 503, 425]","[16, 167, 503, 425]",64.677,False,35.323,True,False,False,True,"[""png"", ""soap""]","[""cyber"", ""scheme_card"", ""screen_graphic"", ""world_decal""]",True
cyber_city_icons,res://assets/tilesets/cyber_city_core_tilesets/Store_Items/CyberCity_Icons/CyberCity_Icons/SoapDish_1.png,SoapDish_1.png,.png,512,512,True,"[32, 117, 469, 421]","[32, 117, 469, 421]",60.701,False,39.299,True,False,False,True,"[""png"", ""soapdish""]","[""cyber"", ""scheme_card"", ""screen_graphic"", ""world_decal""]",True
cyber_city_icons,res://assets/tilesets/cyber_city_core_tilesets/Store_Items/CyberCity_Icons/CyberCity_Icons/SoapDispenser_1.png,SoapDispenser_1.png,.png,512,512,True,"[96, 10, 385, 501]","[96, 10, 385, 501]",61.355,False,38.645,True,False,False,True,"[""png"", ""soapdispenser""]","[""cyber"", ""scheme_card"", ""screen_graphic"", ""world_decal""]",True
cyber_city_icons,res://assets/tilesets/cyber_city_core_tilesets/Store_Items/CyberCity_Icons/CyberCity_Icons/Sofa_1.png,Sofa_1.png,.png,512,512,True,"[14, 100, 506, 476]","[14, 100, 506, 476]",52.745,False,47.255,True,False,False,True,"[""png"", ""sofa""]","[""cyber"", ""scheme_card"", ""screen_graphic"", ""world_decal""]",True
cyber_city_icons,res://assets/tilesets/cyber_city_core_tilesets/Store_Items/CyberCity_Icons/CyberCity_Icons/Sofa_2.png,Sofa_2.png,.png,512,512,True,"[2, 134, 504, 413]","[2, 134, 504, 413]",61.89,False,38.11,True,False,False,True,"[""png"", ""sofa""]","[""cyber"", ""scheme_card"", ""screen_graphic"", ""world_decal""]",True
cyber_city_icons,res://assets/tilesets/cyber_city_core_tilesets/Store_Items/CyberCity_Icons/CyberCity_Icons/SolarPanel_1.png,SolarPanel_1.png,.png,512,512,True,"[41, 18, 505, 502]","[41, 18, 505, 502]",50.47,False,49.53,True,False,False,True,"[""png"", ""solarpanel""]","[""cyber"", ""scheme_card"", ""screen_graphic"", ""world_decal""]",True
cyber_city_icons,res://assets/tilesets/cyber_city_core_tilesets/Store_Items/CyberCity_Icons/CyberCity_Icons/SpatialProcessor_1.png,SpatialProcessor_1.png,.png,512,512,True,"[23, 7, 470, 502]","[23, 7, 470, 502]",40.923,False,59.077,True,False,False,True,"[""png"", ""spatialprocessor""]","[""cyber"", ""scheme_card"", ""screen_graphic"", ""world_decal""]",True
cyber_city_icons,res://assets/tilesets/cyber_city_core_tilesets/Store_Items/CyberCity_Icons/CyberCity_Icons/Speaker_1.png,Speaker_1.png,.png,512,512,True,"[133, 20, 414, 508]","[133, 20, 414, 508]",57.681,False,42.319,True,False,False,True,"[""png"", ""speaker""]","[""cyber"", ""scheme_card"", ""screen_graphic"", ""world_decal""]",True
cyber_city_icons,res://assets/tilesets/cyber_city_core_tilesets/Store_Items/CyberCity_Icons/CyberCity_Icons/Speaker_2.png,Speaker_2.png,.png,512,512,True,"[0, 0, 340, 512]","[0, 0, 340, 512]",73.433,False,26.567,True,False,False,True,"[""png"", ""speaker""]","[""cyber"", ""scheme_card"", ""screen_graphic"", ""world_decal""]",True
cyber_city_icons,res://assets/tilesets/cyber_city_core_tilesets/Store_Items/CyberCity_Icons/CyberCity_Icons/Speaker_3.png,Speaker_3.png,.png,512,512,True,"[95, 39, 398, 496]","[95, 39, 398, 496]",53.23,False,46.77,True,False,False,True,"[""png"", ""speaker""]","[""cyber"", ""scheme_card"", ""screen_graphic"", ""world_decal""]",True
cyber_city_icons,res://assets/tilesets/cyber_city_core_tilesets/Store_Items/CyberCity_Icons/CyberCity_Icons/Speaker_4.png,Speaker_4.png,.png,512,512,True,"[5, 41, 505, 500]","[5, 41, 505, 500]",29.757,False,70.243,True,False,False,True,"[""png"", ""speaker""]","[""cyber"", ""scheme_card"", ""screen_graphic"", ""world_decal""]",True
cyber_city_icons,res://assets/tilesets/cyber_city_core_tilesets/Store_Items/CyberCity_Icons/CyberCity_Icons/Spoon_1.png,Spoon_1.png,.png,512,512,True,"[32, 59, 470, 452]","[32, 59, 470, 452]",88.923,False,11.077,True,False,False,True,"[""png"", ""spoon""]","[""cyber"", ""scheme_card"", ""screen_graphic"", ""world_decal""]",True
cyber_city_icons,res://assets/tilesets/cyber_city_core_tilesets/Store_Items/CyberCity_Icons/CyberCity_Icons/Statue_1.png,Statue_1.png,.png,512,512,True,"[48, 58, 450, 481]","[48, 58, 450, 481]",54.527,False,45.473,True,False,False,True,"[""png"", ""statue""]","[""cyber"", ""scheme_card"", ""screen_graphic"", ""world_decal""]",True
cyber_city_icons,res://assets/tilesets/cyber_city_core_tilesets/Store_Items/CyberCity_Icons/CyberCity_Icons/StatueClock_1.png,StatueClock_1.png,.png,512,512,True,"[141, 2, 331, 502]","[141, 2, 331, 502]",83.406,False,16.594,True,False,False,True,"[""png"", ""security"", ""statueclock""]","[""mission_board"", ""screen_graphic"", ""security"", ""security_indicator"", ""warning_indicator"", ""world_decal""]",True
cyber_city_icons,res://assets/tilesets/cyber_city_core_tilesets/Store_Items/CyberCity_Icons/CyberCity_Icons/Stool_1.png,Stool_1.png,.png,512,512,True,"[166, 17, 388, 499]","[166, 17, 388, 499]",89.555,False,10.445,True,False,False,True,"[""png"", ""stool""]","[""cyber"", ""scheme_card"", ""screen_graphic"", ""world_decal""]",True
cyber_city_icons,res://assets/tilesets/cyber_city_core_tilesets/Store_Items/CyberCity_Icons/CyberCity_Icons/Stool_2.png,Stool_2.png,.png,512,512,True,"[101, 21, 380, 500]","[101, 21, 380, 500]",84.818,False,15.182,True,False,False,True,"[""png"", ""stool""]","[""cyber"", ""scheme_card"", ""screen_graphic"", ""world_decal""]",True
cyber_city_icons,res://assets/tilesets/cyber_city_core_tilesets/Store_Items/CyberCity_Icons/CyberCity_Icons/Stool_3.png,Stool_3.png,.png,512,512,True,"[123, 17, 412, 491]","[123, 17, 412, 491]",70.138,False,29.862,True,False,False,True,"[""png"", ""stool""]","[""cyber"", ""scheme_card"", ""screen_graphic"", ""world_decal""]",True
cyber_city_icons,res://assets/tilesets/cyber_city_core_tilesets/Store_Items/CyberCity_Icons/CyberCity_Icons/StreetFood_1.png,StreetFood_1.png,.png,512,512,True,"[21, 132, 472, 454]","[21, 132, 472, 454]",60.104,False,39.896,True,False,False,True,"[""png"", ""streetfood""]","[""cyber"", ""scheme_card"", ""screen_graphic"", ""world_decal""]",True
cyber_city_icons,res://assets/tilesets/cyber_city_core_tilesets/Store_Items/CyberCity_Icons/CyberCity_Icons/StreetFood_2.png,StreetFood_2.png,.png,512,512,True,"[145, 194, 408, 381]","[145, 194, 408, 381]",85.79,False,14.21,True,False,False,True,"[""png"", ""streetfood""]","[""cyber"", ""scheme_card"", ""screen_graphic"", ""world_decal""]",True
cyber_city_icons,res://assets/tilesets/cyber_city_core_tilesets/Store_Items/CyberCity_Icons/CyberCity_Icons/StreetFood_3.png,StreetFood_3.png,.png,512,512,True,"[38, 168, 481, 391]","[38, 168, 481, 391]",76.846,False,23.154,True,False,False,True,"[""png"", ""streetfood""]","[""cyber"", ""scheme_card"", ""screen_graphic"", ""world_decal""]",True
cyber_city_icons,res://assets/tilesets/cyber_city_core_tilesets/Store_Items/CyberCity_Icons/CyberCity_Icons/StreetFood_4.png,StreetFood_4.png,.png,512,512,True,"[35, 138, 491, 385]","[35, 138, 491, 385]",75.278,False,24.722,True,False,False,True,"[""png"", ""streetfood""]","[""cyber"", ""scheme_card"", ""screen_graphic"", ""world_decal""]",True
cyber_city_icons,res://assets/tilesets/cyber_city_core_tilesets/Store_Items/CyberCity_Icons/CyberCity_Icons/StreetFood_5.png,StreetFood_5.png,.png,512,512,True,"[23, 99, 453, 474]","[23, 99, 453, 474]",62.778,False,37.222,True,False,False,True,"[""png"", ""streetfood""]","[""cyber"", ""scheme_card"", ""screen_graphic"", ""world_decal""]",True
cyber_city_icons,res://assets/tilesets/cyber_city_core_tilesets/Store_Items/CyberCity_Icons/CyberCity_Icons/StreetFood_6.png,StreetFood_6.png,.png,512,512,True,"[5, 142, 508, 391]","[5, 142, 508, 391]",70.843,False,29.157,True,False,False,True,"[""png"", ""streetfood""]","[""cyber"", ""scheme_card"", ""screen_graphic"", ""world_decal""]",True
cyber_city_icons,res://assets/tilesets/cyber_city_core_tilesets/Store_Items/CyberCity_Icons/CyberCity_Icons/StreetFood_7.png,StreetFood_7.png,.png,512,512,True,"[9, 120, 487, 407]","[9, 120, 487, 407]",74.505,False,25.495,True,False,False,True,"[""png"", ""streetfood""]","[""cyber"", ""scheme_card"", ""screen_graphic"", ""world_decal""]",True
cyber_city_icons,res://assets/tilesets/cyber_city_core_tilesets/Store_Items/CyberCity_Icons/CyberCity_Icons/StreetFood_8.png,StreetFood_8.png,.png,512,512,True,"[29, 137, 477, 392]","[29, 137, 477, 392]",72.346,False,27.654,True,False,False,True,"[""png"", ""streetfood""]","[""cyber"", ""scheme_card"", ""screen_graphic"", ""world_decal""]",True
cyber_city_icons,res://assets/tilesets/cyber_city_core_tilesets/Store_Items/CyberCity_Icons/CyberCity_Icons/StreetGrill_1.png,StreetGrill_1.png,.png,512,512,True,"[117, 20, 418, 499]","[117, 20, 418, 499]",62.839,False,37.161,True,False,False,True,"[""png"", ""streetgrill""]","[""cyber"", ""scheme_card"", ""screen_graphic"", ""world_decal""]",True
cyber_city_icons,res://assets/tilesets/cyber_city_core_tilesets/Store_Items/CyberCity_Icons/CyberCity_Icons/StreetGrill_2.png,StreetGrill_2.png,.png,512,512,True,"[85, 25, 373, 498]","[85, 25, 373, 498]",64.189,False,35.811,True,False,False,True,"[""png"", ""streetgrill""]","[""cyber"", ""scheme_card"", ""screen_graphic"", ""world_decal""]",True
cyber_city_icons,res://assets/tilesets/cyber_city_core_tilesets/Store_Items/CyberCity_Icons/CyberCity_Icons/StreetInterface_1.png,StreetInterface_1.png,.png,512,512,True,"[41, 7, 399, 508]","[41, 7, 399, 508]",55.399,False,44.601,True,False,False,True,"[""png"", ""streetinterface""]","[""cyber"", ""scheme_card"", ""screen_graphic"", ""world_decal""]",True
cyber_city_icons,res://assets/tilesets/cyber_city_core_tilesets/Store_Items/CyberCity_Icons/CyberCity_Icons/StreetInterface_2.png,StreetInterface_2.png,.png,512,512,True,"[143, 10, 376, 507]","[143, 10, 376, 507]",70.03,False,29.97,True,False,False,True,"[""png"", ""streetinterface""]","[""cyber"", ""scheme_card"", ""screen_graphic"", ""world_decal""]",True
cyber_city_icons,res://assets/tilesets/cyber_city_core_tilesets/Store_Items/CyberCity_Icons/CyberCity_Icons/Synthesizer_1.png,Synthesizer_1.png,.png,512,512,True,"[1, 92, 506, 494]","[1, 92, 506, 494]",82.837,False,17.163,True,False,False,True,"[""png"", ""synthesizer""]","[""cyber"", ""scheme_card"", ""screen_graphic"", ""world_decal""]",True
cyber_city_icons,res://assets/tilesets/cyber_city_core_tilesets/Store_Items/CyberCity_Icons/CyberCity_Icons/SyntheticFace_1.png,SyntheticFace_1.png,.png,512,512,True,"[98, 23, 404, 487]","[98, 23, 404, 487]",60.454,False,39.546,True,False,False,True,"[""png"", ""syntheticface""]","[""cyber"", ""scheme_card"", ""screen_graphic"", ""world_decal""]",True
cyber_city_icons,res://assets/tilesets/cyber_city_core_tilesets/Store_Items/CyberCity_Icons/CyberCity_Icons/Table_1.png,Table_1.png,.png,512,512,True,"[2, 163, 509, 391]","[2, 163, 509, 391]",67.819,False,32.181,True,False,False,True,"[""png"", ""table""]","[""cyber"", ""scheme_card"", ""screen_graphic"", ""world_decal""]",True
cyber_city_icons,res://assets/tilesets/cyber_city_core_tilesets/Store_Items/CyberCity_Icons/CyberCity_Icons/Table_2.png,Table_2.png,.png,512,512,True,"[35, 162, 483, 411]","[35, 162, 483, 411]",64.049,False,35.951,True,False,False,True,"[""png"", ""table""]","[""cyber"", ""scheme_card"", ""screen_graphic"", ""world_decal""]",True
cyber_city_icons,res://assets/tilesets/cyber_city_core_tilesets/Store_Items/CyberCity_Icons/CyberCity_Icons/Table_3.png,Table_3.png,.png,512,512,True,"[23, 102, 479, 499]","[23, 102, 479, 499]",78.188,False,21.812,True,False,False,True,"[""png"", ""table""]","[""cyber"", ""scheme_card"", ""screen_graphic"", ""world_decal""]",True
cyber_city_icons,res://assets/tilesets/cyber_city_core_tilesets/Store_Items/CyberCity_Icons/CyberCity_Icons/Table_4.png,Table_4.png,.png,512,512,True,"[8, 161, 489, 444]","[8, 161, 489, 444]",81.557,False,18.443,True,False,False,True,"[""png"", ""table""]","[""cyber"", ""scheme_card"", ""screen_graphic"", ""world_decal""]",True
cyber_city_icons,res://assets/tilesets/cyber_city_core_tilesets/Store_Items/CyberCity_Icons/CyberCity_Icons/Table_5.png,Table_5.png,.png,512,512,True,"[79, 54, 472, 500]","[79, 54, 472, 500]",76.485,False,23.515,True,False,False,True,"[""png"", ""table""]","[""cyber"", ""scheme_card"", ""screen_graphic"", ""world_decal""]",True
cyber_city_icons,res://assets/tilesets/cyber_city_core_tilesets/Store_Items/CyberCity_Icons/CyberCity_Icons/Table_6.png,Table_6.png,.png,512,512,True,"[5, 44, 501, 499]","[5, 44, 501, 499]",73.221,False,26.779,True,False,False,True,"[""png"", ""table""]","[""cyber"", ""scheme_card"", ""screen_graphic"", ""world_decal""]",True
cyber_city_icons,res://assets/tilesets/cyber_city_core_tilesets/Store_Items/CyberCity_Icons/CyberCity_Icons/Tablet_1.png,Tablet_1.png,.png,512,512,True,"[110, 35, 389, 487]","[110, 35, 389, 487]",62.094,False,37.906,True,False,False,True,"[""png"", ""tablet""]","[""cyber"", ""scheme_card"", ""screen_graphic"", ""world_decal""]",True
cyber_city_icons,res://assets/tilesets/cyber_city_core_tilesets/Store_Items/CyberCity_Icons/CyberCity_Icons/Takeout_1.png,Takeout_1.png,.png,512,512,True,"[86, 115, 415, 418]","[86, 115, 415, 418]",69.993,False,30.007,True,False,False,True,"[""png"", ""takeout""]","[""cyber"", ""scheme_card"", ""screen_graphic"", ""world_decal""]",True
cyber_city_icons,res://assets/tilesets/cyber_city_core_tilesets/Store_Items/CyberCity_Icons/CyberCity_Icons/Takeout_2.png,Takeout_2.png,.png,512,512,True,"[82, 30, 512, 481]","[82, 30, 512, 481]",51.791,False,48.209,True,False,False,True,"[""png"", ""takeout""]","[""cyber"", ""scheme_card"", ""screen_graphic"", ""world_decal""]",True
cyber_city_icons,res://assets/tilesets/cyber_city_core_tilesets/Store_Items/CyberCity_Icons/CyberCity_Icons/Takeout_3.png,Takeout_3.png,.png,512,512,True,"[31, 90, 504, 434]","[31, 90, 504, 434]",62.032,False,37.968,True,False,False,True,"[""png"", ""takeout""]","[""cyber"", ""scheme_card"", ""screen_graphic"", ""world_decal""]",True
cyber_city_icons,res://assets/tilesets/cyber_city_core_tilesets/Store_Items/CyberCity_Icons/CyberCity_Icons/Tank_1.png,Tank_1.png,.png,512,512,True,"[82, 0, 363, 508]","[82, 0, 363, 508]",58.02,False,41.98,True,False,False,True,"[""png"", ""tank""]","[""cyber"", ""scheme_card"", ""screen_graphic"", ""world_decal""]",True
cyber_city_icons,res://assets/tilesets/cyber_city_core_tilesets/Store_Items/CyberCity_Icons/CyberCity_Icons/Tanks_1.png,Tanks_1.png,.png,512,512,True,"[25, 53, 490, 498]","[25, 53, 490, 498]",64.748,False,35.252,True,False,False,True,"[""png"", ""tanks""]","[""cyber"", ""scheme_card"", ""screen_graphic"", ""world_decal""]",True
cyber_city_icons,res://assets/tilesets/cyber_city_core_tilesets/Store_Items/CyberCity_Icons/CyberCity_Icons/Tanks_2.png,Tanks_2.png,.png,512,512,True,"[3, 112, 509, 375]","[3, 112, 509, 375]",55.878,False,44.122,True,False,False,True,"[""png"", ""tanks""]","[""cyber"", ""scheme_card"", ""screen_graphic"", ""world_decal""]",True
cyber_city_icons,res://assets/tilesets/cyber_city_core_tilesets/Store_Items/CyberCity_Icons/CyberCity_Icons/Tarp_1.png,Tarp_1.png,.png,512,512,True,"[1, 85, 507, 480]","[1, 85, 507, 480]",60.968,False,39.032,True,False,False,True,"[""png"", ""tarp""]","[""cyber"", ""scheme_card"", ""screen_graphic"", ""world_decal""]",True
cyber_city_icons,res://assets/tilesets/cyber_city_core_tilesets/Store_Items/CyberCity_Icons/CyberCity_Icons/TechPiece_1.png,TechPiece_1.png,.png,512,512,True,"[95, 18, 437, 470]","[95, 18, 437, 470]",58.147,False,41.853,True,False,False,True,"[""png"", ""techpiece"", ""terminal""]","[""inventory_icon"", ""scheme_card"", ""screen_graphic"", ""tech"", ""world_decal""]",True
cyber_city_icons,res://assets/tilesets/cyber_city_core_tilesets/Store_Items/CyberCity_Icons/CyberCity_Icons/TechPiece_10.png,TechPiece_10.png,.png,512,512,True,"[21, 50, 508, 492]","[21, 50, 508, 492]",58.018,False,41.982,True,False,False,True,"[""png"", ""techpiece"", ""terminal""]","[""inventory_icon"", ""scheme_card"", ""screen_graphic"", ""tech"", ""world_decal""]",True
cyber_city_icons,res://assets/tilesets/cyber_city_core_tilesets/Store_Items/CyberCity_Icons/CyberCity_Icons/TechPiece_11.png,TechPiece_11.png,.png,512,512,True,"[94, 4, 482, 504]","[94, 4, 482, 504]",83.741,False,16.259,True,False,False,True,"[""png"", ""techpiece"", ""terminal""]","[""inventory_icon"", ""scheme_card"", ""screen_graphic"", ""tech"", ""world_decal""]",True
cyber_city_icons,res://assets/tilesets/cyber_city_core_tilesets/Store_Items/CyberCity_Icons/CyberCity_Icons/TechPiece_12.png,TechPiece_12.png,.png,512,512,True,"[87, 28, 473, 478]","[87, 28, 473, 478]",77.355,False,22.645,True,False,False,True,"[""png"", ""techpiece"", ""terminal""]","[""inventory_icon"", ""scheme_card"", ""screen_graphic"", ""tech"", ""world_decal""]",True
cyber_city_icons,res://assets/tilesets/cyber_city_core_tilesets/Store_Items/CyberCity_Icons/CyberCity_Icons/TechPiece_13.png,TechPiece_13.png,.png,512,512,True,"[74, 34, 476, 447]","[74, 34, 476, 447]",81.839,False,18.161,True,False,False,True,"[""png"", ""techpiece"", ""terminal""]","[""inventory_icon"", ""scheme_card"", ""screen_graphic"", ""tech"", ""world_decal""]",True
cyber_city_icons,res://assets/tilesets/cyber_city_core_tilesets/Store_Items/CyberCity_Icons/CyberCity_Icons/TechPiece_14.png,TechPiece_14.png,.png,512,512,True,"[46, 29, 493, 488]","[46, 29, 493, 488]",87.844,False,12.156,True,False,False,True,"[""png"", ""techpiece"", ""terminal""]","[""inventory_icon"", ""scheme_card"", ""screen_graphic"", ""tech"", ""world_decal""]",True
cyber_city_icons,res://assets/tilesets/cyber_city_core_tilesets/Store_Items/CyberCity_Icons/CyberCity_Icons/TechPiece_15.png,TechPiece_15.png,.png,512,512,True,"[59, 15, 437, 493]","[59, 15, 437, 493]",74.186,False,25.814,True,False,False,True,"[""png"", ""techpiece"", ""terminal""]","[""inventory_icon"", ""scheme_card"", ""screen_graphic"", ""tech"", ""world_decal""]",True
cyber_city_icons,res://assets/tilesets/cyber_city_core_tilesets/Store_Items/CyberCity_Icons/CyberCity_Icons/TechPiece_16.png,TechPiece_16.png,.png,512,512,True,"[5, 82, 498, 434]","[5, 82, 498, 434]",57.367,False,42.633,True,False,False,True,"[""png"", ""techpiece"", ""terminal""]","[""inventory_icon"", ""scheme_card"", ""screen_graphic"", ""tech"", ""world_decal""]",True
cyber_city_icons,res://assets/tilesets/cyber_city_core_tilesets/Store_Items/CyberCity_Icons/CyberCity_Icons/TechPiece_17.png,TechPiece_17.png,.png,512,512,True,"[86, 8, 406, 503]","[86, 8, 406, 503]",73.574,False,26.426,True,False,False,True,"[""png"", ""techpiece"", ""terminal""]","[""inventory_icon"", ""scheme_card"", ""screen_graphic"", ""tech"", ""world_decal""]",True
cyber_city_icons,res://assets/tilesets/cyber_city_core_tilesets/Store_Items/CyberCity_Icons/CyberCity_Icons/TechPiece_18.png,TechPiece_18.png,.png,512,512,True,"[18, 95, 498, 409]","[18, 95, 498, 409]",72.045,False,27.955,True,False,False,True,"[""png"", ""techpiece"", ""terminal""]","[""inventory_icon"", ""scheme_card"", ""screen_graphic"", ""tech"", ""world_decal""]",True
cyber_city_icons,res://assets/tilesets/cyber_city_core_tilesets/Store_Items/CyberCity_Icons/CyberCity_Icons/TechPIece_19.png,TechPIece_19.png,.png,512,512,True,"[62, 4, 446, 508]","[62, 4, 446, 508]",48.334,False,51.666,True,False,False,True,"[""png"", ""techpiece"", ""terminal""]","[""inventory_icon"", ""scheme_card"", ""screen_graphic"", ""tech"", ""world_decal""]",True
cyber_city_icons,res://assets/tilesets/cyber_city_core_tilesets/Store_Items/CyberCity_Icons/CyberCity_Icons/TechPiece_2.png,TechPiece_2.png,.png,512,512,True,"[62, 77, 470, 439]","[62, 77, 470, 439]",64.146,False,35.854,True,False,False,True,"[""png"", ""techpiece"", ""terminal""]","[""inventory_icon"", ""scheme_card"", ""screen_graphic"", ""tech"", ""world_decal""]",True
cyber_city_icons,res://assets/tilesets/cyber_city_core_tilesets/Store_Items/CyberCity_Icons/CyberCity_Icons/TechPiece_20.png,TechPiece_20.png,.png,512,512,True,"[66, 23, 421, 487]","[66, 23, 421, 487]",60.632,False,39.368,True,False,False,True,"[""png"", ""techpiece"", ""terminal""]","[""inventory_icon"", ""scheme_card"", ""screen_graphic"", ""tech"", ""world_decal""]",True
cyber_city_icons,res://assets/tilesets/cyber_city_core_tilesets/Store_Items/CyberCity_Icons/CyberCity_Icons/TechPiece_21.png,TechPiece_21.png,.png,512,512,True,"[33, 32, 463, 499]","[33, 32, 463, 499]",48.51,False,51.49,True,False,False,True,"[""png"", ""techpiece"", ""terminal""]","[""inventory_icon"", ""scheme_card"", ""screen_graphic"", ""tech"", ""world_decal""]",True
cyber_city_icons,res://assets/tilesets/cyber_city_core_tilesets/Store_Items/CyberCity_Icons/CyberCity_Icons/TechPiece_22.png,TechPiece_22.png,.png,512,512,True,"[133, 4, 462, 495]","[133, 4, 462, 495]",73.517,False,26.483,True,False,False,True,"[""png"", ""techpiece"", ""terminal""]","[""inventory_icon"", ""scheme_card"", ""screen_graphic"", ""tech"", ""world_decal""]",True
cyber_city_icons,res://assets/tilesets/cyber_city_core_tilesets/Store_Items/CyberCity_Icons/CyberCity_Icons/TechPiece_23.png,TechPiece_23.png,.png,512,512,True,"[14, 39, 496, 476]","[14, 39, 496, 476]",53.93,False,46.07,True,False,False,True,"[""png"", ""techpiece"", ""terminal""]","[""inventory_icon"", ""scheme_card"", ""screen_graphic"", ""tech"", ""world_decal""]",True
cyber_city_icons,res://assets/tilesets/cyber_city_core_tilesets/Store_Items/CyberCity_Icons/CyberCity_Icons/TechPiece_24.png,TechPiece_24.png,.png,512,512,True,"[77, 12, 443, 485]","[77, 12, 443, 485]",57.114,False,42.886,True,False,False,True,"[""png"", ""techpiece"", ""terminal""]","[""inventory_icon"", ""scheme_card"", ""screen_graphic"", ""tech"", ""world_decal""]",True
cyber_city_icons,res://assets/tilesets/cyber_city_core_tilesets/Store_Items/CyberCity_Icons/CyberCity_Icons/TechPiece_25.png,TechPiece_25.png,.png,512,512,True,"[3, 70, 496, 483]","[3, 70, 496, 483]",50.983,False,49.017,True,False,False,True,"[""png"", ""techpiece"", ""terminal""]","[""inventory_icon"", ""scheme_card"", ""screen_graphic"", ""tech"", ""world_decal""]",True
cyber_city_icons,res://assets/tilesets/cyber_city_core_tilesets/Store_Items/CyberCity_Icons/CyberCity_Icons/TechPiece_26.png,TechPiece_26.png,.png,512,512,True,"[16, 69, 480, 393]","[16, 69, 480, 393]",63.208,False,36.792,True,False,False,True,"[""png"", ""techpiece"", ""terminal""]","[""inventory_icon"", ""scheme_card"", ""screen_graphic"", ""tech"", ""world_decal""]",True
cyber_city_icons,res://assets/tilesets/cyber_city_core_tilesets/Store_Items/CyberCity_Icons/CyberCity_Icons/TechPiece_27.png,TechPiece_27.png,.png,512,512,True,"[120, 7, 423, 507]","[120, 7, 423, 507]",62.772,False,37.228,True,False,False,True,"[""png"", ""techpiece"", ""terminal""]","[""inventory_icon"", ""scheme_card"", ""screen_graphic"", ""tech"", ""world_decal""]",True
cyber_city_icons,res://assets/tilesets/cyber_city_core_tilesets/Store_Items/CyberCity_Icons/CyberCity_Icons/TechPiece_28.png,TechPiece_28.png,.png,512,512,True,"[28, 4, 470, 507]","[28, 4, 470, 507]",51.919,False,48.081,True,False,False,True,"[""png"", ""techpiece"", ""terminal""]","[""inventory_icon"", ""scheme_card"", ""screen_graphic"", ""tech"", ""world_decal""]",True
cyber_city_icons,res://assets/tilesets/cyber_city_core_tilesets/Store_Items/CyberCity_Icons/CyberCity_Icons/TechPiece_29.png,TechPiece_29.png,.png,512,512,True,"[80, 21, 455, 502]","[80, 21, 455, 502]",48.021,False,51.979,True,False,False,True,"[""png"", ""techpiece"", ""terminal""]","[""inventory_icon"", ""scheme_card"", ""screen_graphic"", ""tech"", ""world_decal""]",True
cyber_city_icons,res://assets/tilesets/cyber_city_core_tilesets/Store_Items/CyberCity_Icons/CyberCity_Icons/TechPiece_3.png,TechPiece_3.png,.png,512,512,True,"[91, 14, 432, 491]","[91, 14, 432, 491]",69.719,False,30.281,True,False,False,True,"[""png"", ""techpiece"", ""terminal""]","[""inventory_icon"", ""scheme_card"", ""screen_graphic"", ""tech"", ""world_decal""]",True
cyber_city_icons,res://assets/tilesets/cyber_city_core_tilesets/Store_Items/CyberCity_Icons/CyberCity_Icons/TechPiece_4.png,TechPiece_4.png,.png,512,512,True,"[27, 21, 490, 445]","[27, 21, 490, 445]",70.01,False,29.99,True,False,False,True,"[""png"", ""techpiece"", ""terminal""]","[""inventory_icon"", ""scheme_card"", ""screen_graphic"", ""tech"", ""world_decal""]",True
cyber_city_icons,res://assets/tilesets/cyber_city_core_tilesets/Store_Items/CyberCity_Icons/CyberCity_Icons/TechPiece_5.png,TechPiece_5.png,.png,512,512,True,"[50, 3, 388, 504]","[50, 3, 388, 504]",77.698,False,22.302,True,False,False,True,"[""png"", ""techpiece"", ""terminal""]","[""inventory_icon"", ""scheme_card"", ""screen_graphic"", ""tech"", ""world_decal""]",True
cyber_city_icons,res://assets/tilesets/cyber_city_core_tilesets/Store_Items/CyberCity_Icons/CyberCity_Icons/TechPiece_6.png,TechPiece_6.png,.png,512,512,True,"[27, 6, 457, 484]","[27, 6, 457, 484]",57.57,False,42.43,True,False,False,True,"[""png"", ""techpiece"", ""terminal""]","[""inventory_icon"", ""scheme_card"", ""screen_graphic"", ""tech"", ""world_decal""]",True
cyber_city_icons,res://assets/tilesets/cyber_city_core_tilesets/Store_Items/CyberCity_Icons/CyberCity_Icons/TechPiece_7.png,TechPiece_7.png,.png,512,512,True,"[6, 87, 505, 416]","[6, 87, 505, 416]",67.757,False,32.243,True,False,False,True,"[""png"", ""techpiece"", ""terminal""]","[""inventory_icon"", ""scheme_card"", ""screen_graphic"", ""tech"", ""world_decal""]",True
cyber_city_icons,res://assets/tilesets/cyber_city_core_tilesets/Store_Items/CyberCity_Icons/CyberCity_Icons/TechPiece_8.png,TechPiece_8.png,.png,512,512,True,"[20, 70, 482, 471]","[20, 70, 482, 471]",62.657,False,37.343,True,False,False,True,"[""png"", ""techpiece"", ""terminal""]","[""inventory_icon"", ""scheme_card"", ""screen_graphic"", ""tech"", ""world_decal""]",True
cyber_city_icons,res://assets/tilesets/cyber_city_core_tilesets/Store_Items/CyberCity_Icons/CyberCity_Icons/TechPiece_9.png,TechPiece_9.png,.png,512,512,True,"[44, 23, 476, 495]","[44, 23, 476, 495]",62.298,False,37.702,True,False,False,True,"[""png"", ""techpiece"", ""terminal""]","[""inventory_icon"", ""scheme_card"", ""screen_graphic"", ""tech"", ""world_decal""]",True
cyber_city_icons,res://assets/tilesets/cyber_city_core_tilesets/Store_Items/CyberCity_Icons/CyberCity_Icons/Terminal_1.png,Terminal_1.png,.png,512,512,True,"[20, 58, 505, 443]","[20, 58, 505, 443]",50.69,False,49.31,True,False,False,True,"[""png"", ""terminal""]","[""screen_graphic"", ""store_terminal"", ""terminal"", ""world_decal""]",True
cyber_city_icons,res://assets/tilesets/cyber_city_core_tilesets/Store_Items/CyberCity_Icons/CyberCity_Icons/Terminal_2.png,Terminal_2.png,.png,512,512,True,"[20, 64, 501, 408]","[20, 64, 501, 408]",68.632,False,31.368,True,False,False,True,"[""png"", ""terminal""]","[""screen_graphic"", ""store_terminal"", ""terminal"", ""world_decal""]",True
cyber_city_icons,res://assets/tilesets/cyber_city_core_tilesets/Store_Items/CyberCity_Icons/CyberCity_Icons/Terminal_3.png,Terminal_3.png,.png,512,512,True,"[76, 1, 428, 509]","[76, 1, 428, 509]",43.607,False,56.393,True,False,False,True,"[""png"", ""terminal""]","[""screen_graphic"", ""store_terminal"", ""terminal"", ""world_decal""]",True
cyber_city_icons,res://assets/tilesets/cyber_city_core_tilesets/Store_Items/CyberCity_Icons/CyberCity_Icons/Terminal_4.png,Terminal_4.png,.png,512,512,True,"[55, 4, 440, 511]","[55, 4, 440, 511]",69.953,False,30.047,True,False,False,True,"[""png"", ""terminal""]","[""screen_graphic"", ""store_terminal"", ""terminal"", ""world_decal""]",True
cyber_city_icons,res://assets/tilesets/cyber_city_core_tilesets/Store_Items/CyberCity_Icons/CyberCity_Icons/Terminal_5.png,Terminal_5.png,.png,512,512,True,"[3, 14, 510, 465]","[3, 14, 510, 465]",44.633,False,55.367,True,False,False,True,"[""png"", ""terminal""]","[""screen_graphic"", ""store_terminal"", ""terminal"", ""world_decal""]",True
cyber_city_icons,res://assets/tilesets/cyber_city_core_tilesets/Store_Items/CyberCity_Icons/CyberCity_Icons/Terminal_6.png,Terminal_6.png,.png,512,512,True,"[111, 16, 410, 498]","[111, 16, 410, 498]",54.675,False,45.325,True,False,False,True,"[""png"", ""terminal""]","[""screen_graphic"", ""store_terminal"", ""terminal"", ""world_decal""]",True
cyber_city_icons,res://assets/tilesets/cyber_city_core_tilesets/Store_Items/CyberCity_Icons/CyberCity_Icons/TestTube_1.png,TestTube_1.png,.png,512,512,True,"[48, 88, 492, 422]","[48, 88, 492, 422]",73.128,False,26.872,True,False,False,True,"[""png"", ""testtube""]","[""cyber"", ""scheme_card"", ""screen_graphic"", ""world_decal""]",True
cyber_city_icons,res://assets/tilesets/cyber_city_core_tilesets/Store_Items/CyberCity_Icons/CyberCity_Icons/TestTube_2.png,TestTube_2.png,.png,512,512,True,"[87, 50, 432, 477]","[87, 50, 432, 477]",79.571,False,20.429,True,False,False,True,"[""png"", ""testtube""]","[""cyber"", ""scheme_card"", ""screen_graphic"", ""world_decal""]",True
cyber_city_icons,res://assets/tilesets/cyber_city_core_tilesets/Store_Items/CyberCity_Icons/CyberCity_Icons/ThermalMonitor_1.png,ThermalMonitor_1.png,.png,512,512,True,"[9, 109, 498, 443]","[9, 109, 498, 443]",58.601,False,41.399,True,False,False,True,"[""png"", ""terminal"", ""thermalmonitor""]","[""screen_graphic"", ""store_terminal"", ""terminal"", ""world_decal""]",True
cyber_city_icons,res://assets/tilesets/cyber_city_core_tilesets/Store_Items/CyberCity_Icons/CyberCity_Icons/Tire_1.png,Tire_1.png,.png,512,512,True,"[36, 21, 489, 499]","[36, 21, 489, 499]",45.021,False,54.979,True,False,False,True,"[""png"", ""tire""]","[""cyber"", ""scheme_card"", ""screen_graphic"", ""world_decal""]",True
cyber_city_icons,res://assets/tilesets/cyber_city_core_tilesets/Store_Items/CyberCity_Icons/CyberCity_Icons/Toilet_1.png,Toilet_1.png,.png,512,512,True,"[52, 13, 414, 501]","[52, 13, 414, 501]",54.247,False,45.753,True,False,False,False,"[""comedy"", ""png"", ""toilet""]","[""comedy"", ""comedy_item_candidate"", ""decor_shop_thumbnail""]",True
cyber_city_icons,res://assets/tilesets/cyber_city_core_tilesets/Store_Items/CyberCity_Icons/CyberCity_Icons/Toilet_2.png,Toilet_2.png,.png,512,512,True,"[101, 4, 416, 504]","[101, 4, 416, 504]",64.251,False,35.749,True,False,False,False,"[""comedy"", ""png"", ""toilet""]","[""comedy"", ""comedy_item_candidate"", ""decor_shop_thumbnail""]",True
cyber_city_icons,res://assets/tilesets/cyber_city_core_tilesets/Store_Items/CyberCity_Icons/CyberCity_Icons/ToiletPaper_1.png,ToiletPaper_1.png,.png,512,512,True,"[82, 63, 451, 455]","[82, 63, 451, 455]",56.609,False,43.391,True,False,False,False,"[""comedy"", ""png"", ""toiletpaper""]","[""comedy"", ""comedy_item_candidate"", ""decor_shop_thumbnail""]",True
cyber_city_icons,res://assets/tilesets/cyber_city_core_tilesets/Store_Items/CyberCity_Icons/CyberCity_Icons/ToolBox_1.png,ToolBox_1.png,.png,512,512,True,"[2, 143, 495, 459]","[2, 143, 495, 459]",53.355,False,46.645,True,False,False,True,"[""png"", ""toolbox""]","[""cyber"", ""scheme_card"", ""screen_graphic"", ""world_decal""]",True
cyber_city_icons,res://assets/tilesets/cyber_city_core_tilesets/Store_Items/CyberCity_Icons/CyberCity_Icons/ToolBox_2.png,ToolBox_2.png,.png,512,512,True,"[1, 166, 509, 457]","[1, 166, 509, 457]",63.876,False,36.124,True,False,False,True,"[""png"", ""toolbox""]","[""cyber"", ""scheme_card"", ""screen_graphic"", ""world_decal""]",True
cyber_city_icons,res://assets/tilesets/cyber_city_core_tilesets/Store_Items/CyberCity_Icons/CyberCity_Icons/Top_1.png,Top_1.png,.png,512,512,True,"[15, 42, 505, 456]","[15, 42, 505, 456]",61.035,False,38.965,True,False,False,True,"[""png"", ""top""]","[""cyber"", ""scheme_card"", ""screen_graphic"", ""world_decal""]",True
cyber_city_icons,res://assets/tilesets/cyber_city_core_tilesets/Store_Items/CyberCity_Icons/CyberCity_Icons/Top_10.png,Top_10.png,.png,512,512,True,"[16, 7, 476, 501]","[16, 7, 476, 501]",61.218,False,38.782,True,False,False,True,"[""png"", ""top""]","[""cyber"", ""scheme_card"", ""screen_graphic"", ""world_decal""]",True
cyber_city_icons,res://assets/tilesets/cyber_city_core_tilesets/Store_Items/CyberCity_Icons/CyberCity_Icons/Top_11_Female.png,Top_11_Female.png,.png,512,512,True,"[7, 21, 476, 485]","[7, 21, 476, 485]",65.363,False,34.637,True,False,False,True,"[""female"", ""png"", ""top""]","[""cyber"", ""scheme_card"", ""screen_graphic"", ""world_decal""]",True
cyber_city_icons,res://assets/tilesets/cyber_city_core_tilesets/Store_Items/CyberCity_Icons/CyberCity_Icons/Top_11_Male.png,Top_11_Male.png,.png,512,512,True,"[7, 83, 507, 429]","[7, 83, 507, 429]",72.607,False,27.393,True,False,False,True,"[""male"", ""png"", ""top""]","[""cyber"", ""scheme_card"", ""screen_graphic"", ""world_decal""]",True
cyber_city_icons,res://assets/tilesets/cyber_city_core_tilesets/Store_Items/CyberCity_Icons/CyberCity_Icons/Top_12.png,Top_12.png,.png,512,512,True,"[10, 96, 504, 451]","[10, 96, 504, 451]",71.264,False,28.736,True,False,False,True,"[""png"", ""top""]","[""cyber"", ""scheme_card"", ""screen_graphic"", ""world_decal""]",True
cyber_city_icons,res://assets/tilesets/cyber_city_core_tilesets/Store_Items/CyberCity_Icons/CyberCity_Icons/Top_13.png,Top_13.png,.png,512,512,True,"[19, 3, 480, 493]","[19, 3, 480, 493]",61.951,False,38.049,True,False,False,True,"[""png"", ""top""]","[""cyber"", ""scheme_card"", ""screen_graphic"", ""world_decal""]",True
cyber_city_icons,res://assets/tilesets/cyber_city_core_tilesets/Store_Items/CyberCity_Icons/CyberCity_Icons/Top_14.png,Top_14.png,.png,512,512,True,"[22, 2, 476, 507]","[22, 2, 476, 507]",66.106,False,33.894,True,False,False,True,"[""png"", ""top""]","[""cyber"", ""scheme_card"", ""screen_graphic"", ""world_decal""]",True
cyber_city_icons,res://assets/tilesets/cyber_city_core_tilesets/Store_Items/CyberCity_Icons/CyberCity_Icons/Top_15.png,Top_15.png,.png,512,512,True,"[38, 3, 422, 506]","[38, 3, 422, 506]",67.374,False,32.626,True,False,False,True,"[""png"", ""top""]","[""cyber"", ""scheme_card"", ""screen_graphic"", ""world_decal""]",True
cyber_city_icons,res://assets/tilesets/cyber_city_core_tilesets/Store_Items/CyberCity_Icons/CyberCity_Icons/Top_16.png,Top_16.png,.png,512,512,True,"[17, 71, 505, 480]","[17, 71, 505, 480]",71.993,False,28.007,True,False,False,True,"[""png"", ""top""]","[""cyber"", ""scheme_card"", ""screen_graphic"", ""world_decal""]",True
cyber_city_icons,res://assets/tilesets/cyber_city_core_tilesets/Store_Items/CyberCity_Icons/CyberCity_Icons/Top_17.png,Top_17.png,.png,512,512,True,"[20, 14, 416, 502]","[20, 14, 416, 502]",64.551,False,35.449,True,False,False,True,"[""png"", ""top""]","[""cyber"", ""scheme_card"", ""screen_graphic"", ""world_decal""]",True
cyber_city_icons,res://assets/tilesets/cyber_city_core_tilesets/Store_Items/CyberCity_Icons/CyberCity_Icons/Top_18.png,Top_18.png,.png,512,512,True,"[19, 21, 475, 502]","[19, 21, 475, 502]",61.881,False,38.119,True,False,False,True,"[""png"", ""top""]","[""cyber"", ""scheme_card"", ""screen_graphic"", ""world_decal""]",True
cyber_city_icons,res://assets/tilesets/cyber_city_core_tilesets/Store_Items/CyberCity_Icons/CyberCity_Icons/Top_19.png,Top_19.png,.png,512,512,True,"[123, 8, 364, 504]","[123, 8, 364, 504]",69.019,False,30.981,True,False,False,True,"[""png"", ""top""]","[""cyber"", ""scheme_card"", ""screen_graphic"", ""world_decal""]",True
cyber_city_icons,res://assets/tilesets/cyber_city_core_tilesets/Store_Items/CyberCity_Icons/CyberCity_Icons/Top_2.png,Top_2.png,.png,512,512,True,"[2, 70, 509, 450]","[2, 70, 509, 450]",74.058,False,25.942,True,False,False,True,"[""png"", ""top""]","[""cyber"", ""scheme_card"", ""screen_graphic"", ""world_decal""]",True
cyber_city_icons,res://assets/tilesets/cyber_city_core_tilesets/Store_Items/CyberCity_Icons/CyberCity_Icons/Top_20_Female.png,Top_20_Female.png,.png,512,512,True,"[5, 49, 505, 490]","[5, 49, 505, 490]",65.169,False,34.831,True,False,False,True,"[""female"", ""png"", ""top""]","[""cyber"", ""scheme_card"", ""screen_graphic"", ""world_decal""]",True
cyber_city_icons,res://assets/tilesets/cyber_city_core_tilesets/Store_Items/CyberCity_Icons/CyberCity_Icons/Top_20_Male.png,Top_20_Male.png,.png,512,512,True,"[11, 61, 499, 437]","[11, 61, 499, 437]",81.622,False,18.378,True,False,False,True,"[""male"", ""png"", ""top""]","[""cyber"", ""scheme_card"", ""screen_graphic"", ""world_decal""]",True
cyber_city_icons,res://assets/tilesets/cyber_city_core_tilesets/Store_Items/CyberCity_Icons/CyberCity_Icons/Top_21_Female.png,Top_21_Female.png,.png,512,512,True,"[21, 22, 490, 500]","[21, 22, 490, 500]",65.447,False,34.553,True,False,False,True,"[""female"", ""png"", ""top""]","[""cyber"", ""scheme_card"", ""screen_graphic"", ""world_decal""]",True
cyber_city_icons,res://assets/tilesets/cyber_city_core_tilesets/Store_Items/CyberCity_Icons/CyberCity_Icons/Top_21_Male.png,Top_21_Male.png,.png,512,512,True,"[57, 11, 424, 509]","[57, 11, 424, 509]",72.968,False,27.032,True,False,False,True,"[""male"", ""png"", ""top""]","[""cyber"", ""scheme_card"", ""screen_graphic"", ""world_decal""]",True
cyber_city_icons,res://assets/tilesets/cyber_city_core_tilesets/Store_Items/CyberCity_Icons/CyberCity_Icons/Top_22_Female.png,Top_22_Female.png,.png,512,512,True,"[32, 3, 459, 498]","[32, 3, 459, 498]",77.922,False,22.078,True,False,False,True,"[""female"", ""png"", ""top""]","[""cyber"", ""scheme_card"", ""screen_graphic"", ""world_decal""]",True
cyber_city_icons,res://assets/tilesets/cyber_city_core_tilesets/Store_Items/CyberCity_Icons/CyberCity_Icons/Top_22_Male.png,Top_22_Male.png,.png,512,512,True,"[132, 68, 457, 460]","[132, 68, 457, 460]",73.453,False,26.547,True,False,False,True,"[""male"", ""png"", ""top""]","[""cyber"", ""scheme_card"", ""screen_graphic"", ""world_decal""]",True
cyber_city_icons,res://assets/tilesets/cyber_city_core_tilesets/Store_Items/CyberCity_Icons/CyberCity_Icons/Top_23_Female.png,Top_23_Female.png,.png,512,512,True,"[30, 30, 493, 497]","[30, 30, 493, 497]",72.08,False,27.92,True,False,False,True,"[""female"", ""png"", ""top""]","[""cyber"", ""scheme_card"", ""screen_graphic"", ""world_decal""]",True
cyber_city_icons,res://assets/tilesets/cyber_city_core_tilesets/Store_Items/CyberCity_Icons/CyberCity_Icons/Top_23_Male.png,Top_23_Male.png,.png,512,512,True,"[3, 73, 512, 454]","[3, 73, 512, 454]",70.538,False,29.462,True,False,False,True,"[""male"", ""png"", ""top""]","[""cyber"", ""scheme_card"", ""screen_graphic"", ""world_decal""]",True
cyber_city_icons,res://assets/tilesets/cyber_city_core_tilesets/Store_Items/CyberCity_Icons/CyberCity_Icons/Top_24.png,Top_24.png,.png,512,512,True,"[19, 62, 462, 462]","[19, 62, 462, 462]",63.397,False,36.603,True,False,False,True,"[""png"", ""top""]","[""cyber"", ""scheme_card"", ""screen_graphic"", ""world_decal""]",True
cyber_city_icons,res://assets/tilesets/cyber_city_core_tilesets/Store_Items/CyberCity_Icons/CyberCity_Icons/Top_25_Female.png,Top_25_Female.png,.png,512,512,True,"[114, 3, 382, 511]","[114, 3, 382, 511]",79.282,False,20.718,True,False,False,True,"[""female"", ""png"", ""top""]","[""cyber"", ""scheme_card"", ""screen_graphic"", ""world_decal""]",True
cyber_city_icons,res://assets/tilesets/cyber_city_core_tilesets/Store_Items/CyberCity_Icons/CyberCity_Icons/Top_3.png,Top_3.png,.png,512,512,True,"[155, 70, 383, 336]","[155, 70, 383, 336]",83.658,False,16.342,True,False,False,True,"[""png"", ""top""]","[""cyber"", ""scheme_card"", ""screen_graphic"", ""world_decal""]",True
cyber_city_icons,res://assets/tilesets/cyber_city_core_tilesets/Store_Items/CyberCity_Icons/CyberCity_Icons/Top_4.png,Top_4.png,.png,512,512,True,"[91, 5, 409, 510]","[91, 5, 409, 510]",72.318,False,27.682,True,False,False,True,"[""png"", ""top""]","[""cyber"", ""scheme_card"", ""screen_graphic"", ""world_decal""]",True
cyber_city_icons,res://assets/tilesets/cyber_city_core_tilesets/Store_Items/CyberCity_Icons/CyberCity_Icons/Top_5.png,Top_5.png,.png,512,512,True,"[119, 63, 350, 423]","[119, 63, 350, 423]",75.546,False,24.454,True,False,False,True,"[""png"", ""top""]","[""cyber"", ""scheme_card"", ""screen_graphic"", ""world_decal""]",True
cyber_city_icons,res://assets/tilesets/cyber_city_core_tilesets/Store_Items/CyberCity_Icons/CyberCity_Icons/Top_6.png,Top_6.png,.png,512,512,True,"[5, 72, 494, 416]","[5, 72, 494, 416]",72.434,False,27.566,True,False,False,True,"[""png"", ""top""]","[""cyber"", ""scheme_card"", ""screen_graphic"", ""world_decal""]",True
cyber_city_icons,res://assets/tilesets/cyber_city_core_tilesets/Store_Items/CyberCity_Icons/CyberCity_Icons/Top_7.png,Top_7.png,.png,512,512,True,"[12, 69, 482, 419]","[12, 69, 482, 419]",69.515,False,30.485,True,False,False,True,"[""png"", ""top""]","[""cyber"", ""scheme_card"", ""screen_graphic"", ""world_decal""]",True
cyber_city_icons,res://assets/tilesets/cyber_city_core_tilesets/Store_Items/CyberCity_Icons/CyberCity_Icons/Top_8.png,Top_8.png,.png,512,512,True,"[102, 85, 356, 406]","[102, 85, 356, 406]",76.585,False,23.415,True,False,False,True,"[""png"", ""top""]","[""cyber"", ""scheme_card"", ""screen_graphic"", ""world_decal""]",True
cyber_city_icons,res://assets/tilesets/cyber_city_core_tilesets/Store_Items/CyberCity_Icons/CyberCity_Icons/Top_9.png,Top_9.png,.png,512,512,True,"[7, 76, 484, 434]","[7, 76, 484, 434]",72.379,False,27.621,True,False,False,True,"[""png"", ""top""]","[""cyber"", ""scheme_card"", ""screen_graphic"", ""world_decal""]",True
cyber_city_icons,res://assets/tilesets/cyber_city_core_tilesets/Store_Items/CyberCity_Icons/CyberCity_Icons/TrafficCone_1.png,TrafficCone_1.png,.png,512,512,True,"[97, 21, 471, 492]","[97, 21, 471, 492]",77.511,False,22.489,True,False,False,True,"[""png"", ""trafficcone""]","[""cyber"", ""scheme_card"", ""screen_graphic"", ""world_decal""]",True
cyber_city_icons,res://assets/tilesets/cyber_city_core_tilesets/Store_Items/CyberCity_Icons/CyberCity_Icons/TrafficSign_1.png,TrafficSign_1.png,.png,512,512,True,"[152, 7, 336, 497]","[152, 7, 336, 497]",82.028,False,17.972,True,False,False,True,"[""decor"", ""png"", ""trafficsign""]","[""decor"", ""signage"", ""wall_sticker"", ""world_decal""]",True
cyber_city_icons,res://assets/tilesets/cyber_city_core_tilesets/Store_Items/CyberCity_Icons/CyberCity_Icons/Trash_1.png,Trash_1.png,.png,512,512,True,"[47, 93, 461, 378]","[47, 93, 461, 378]",85.5,False,14.5,True,False,False,True,"[""png"", ""trash""]","[""cyber"", ""scheme_card"", ""screen_graphic"", ""world_decal""]",True
cyber_city_icons,res://assets/tilesets/cyber_city_core_tilesets/Store_Items/CyberCity_Icons/CyberCity_Icons/Trash_2.png,Trash_2.png,.png,512,512,True,"[0, 59, 507, 387]","[0, 59, 507, 387]",79.095,False,20.905,True,False,False,True,"[""png"", ""trash""]","[""cyber"", ""scheme_card"", ""screen_graphic"", ""world_decal""]",True
cyber_city_icons,res://assets/tilesets/cyber_city_core_tilesets/Store_Items/CyberCity_Icons/CyberCity_Icons/Trash_3.png,Trash_3.png,.png,512,512,True,"[72, 40, 436, 489]","[72, 40, 436, 489]",58.657,False,41.343,True,False,False,True,"[""png"", ""trash""]","[""cyber"", ""scheme_card"", ""screen_graphic"", ""world_decal""]",True
cyber_city_icons,res://assets/tilesets/cyber_city_core_tilesets/Store_Items/CyberCity_Icons/CyberCity_Icons/Trash_4.png,Trash_4.png,.png,512,512,True,"[18, 110, 511, 450]","[18, 110, 511, 450]",67.743,False,32.257,True,False,False,True,"[""png"", ""trash""]","[""cyber"", ""scheme_card"", ""screen_graphic"", ""world_decal""]",True
cyber_city_icons,res://assets/tilesets/cyber_city_core_tilesets/Store_Items/CyberCity_Icons/CyberCity_Icons/Trash_5.png,Trash_5.png,.png,512,512,True,"[65, 76, 512, 413]","[65, 76, 512, 413]",72.991,False,27.009,True,False,False,True,"[""png"", ""trash""]","[""cyber"", ""scheme_card"", ""screen_graphic"", ""world_decal""]",True
cyber_city_icons,res://assets/tilesets/cyber_city_core_tilesets/Store_Items/CyberCity_Icons/CyberCity_Icons/Trash_6.png,Trash_6.png,.png,512,512,True,"[115, 28, 396, 466]","[115, 28, 396, 466]",71.387,False,28.613,True,False,False,True,"[""png"", ""trash""]","[""cyber"", ""scheme_card"", ""screen_graphic"", ""world_decal""]",True
cyber_city_icons,res://assets/tilesets/cyber_city_core_tilesets/Store_Items/CyberCity_Icons/CyberCity_Icons/Trash_7.png,Trash_7.png,.png,512,512,True,"[29, 9, 464, 487]","[29, 9, 464, 487]",70.667,False,29.333,True,False,False,True,"[""png"", ""trash""]","[""cyber"", ""scheme_card"", ""screen_graphic"", ""world_decal""]",True
cyber_city_icons,res://assets/tilesets/cyber_city_core_tilesets/Store_Items/CyberCity_Icons/CyberCity_Icons/Trash_8.png,Trash_8.png,.png,512,512,True,"[16, 92, 511, 370]","[16, 92, 511, 370]",79.983,False,20.017,True,False,False,True,"[""png"", ""trash""]","[""cyber"", ""scheme_card"", ""screen_graphic"", ""world_decal""]",True
cyber_city_icons,res://assets/tilesets/cyber_city_core_tilesets/Store_Items/CyberCity_Icons/CyberCity_Icons/TrashCan_1.png,TrashCan_1.png,.png,512,512,True,"[117, 14, 376, 503]","[117, 14, 376, 503]",58.977,False,41.023,True,False,False,True,"[""png"", ""trashcan""]","[""cyber"", ""scheme_card"", ""screen_graphic"", ""world_decal""]",True
cyber_city_icons,res://assets/tilesets/cyber_city_core_tilesets/Store_Items/CyberCity_Icons/CyberCity_Icons/TrashCan_2.png,TrashCan_2.png,.png,512,512,True,"[104, 7, 422, 510]","[104, 7, 422, 510]",51.645,False,48.355,True,False,False,True,"[""png"", ""trashcan""]","[""cyber"", ""scheme_card"", ""screen_graphic"", ""world_decal""]",True
cyber_city_icons,res://assets/tilesets/cyber_city_core_tilesets/Store_Items/CyberCity_Icons/CyberCity_Icons/Tray_1.png,Tray_1.png,.png,512,512,True,"[14, 72, 504, 419]","[14, 72, 504, 419]",66.034,False,33.966,True,False,False,True,"[""png"", ""tray""]","[""cyber"", ""scheme_card"", ""screen_graphic"", ""world_decal""]",True
cyber_city_icons,res://assets/tilesets/cyber_city_core_tilesets/Store_Items/CyberCity_Icons/CyberCity_Icons/TV_1.png,TV_1.png,.png,512,512,True,"[24, 70, 499, 449]","[24, 70, 499, 449]",49.334,False,50.666,True,False,False,True,"[""png"", ""tv""]","[""cyber"", ""scheme_card"", ""screen_graphic"", ""world_decal""]",True
cyber_city_icons,res://assets/tilesets/cyber_city_core_tilesets/Store_Items/CyberCity_Icons/CyberCity_Icons/Vase_1.png,Vase_1.png,.png,512,512,True,"[163, 14, 359, 503]","[163, 14, 359, 503]",80.706,False,19.294,True,False,False,True,"[""png"", ""vase""]","[""cyber"", ""scheme_card"", ""screen_graphic"", ""world_decal""]",True
cyber_city_icons,res://assets/tilesets/cyber_city_core_tilesets/Store_Items/CyberCity_Icons/CyberCity_Icons/Vase_2.png,Vase_2.png,.png,512,512,True,"[108, 34, 397, 476]","[108, 34, 397, 476]",61.244,False,38.756,True,False,False,True,"[""png"", ""vase""]","[""cyber"", ""scheme_card"", ""screen_graphic"", ""world_decal""]",True
cyber_city_icons,res://assets/tilesets/cyber_city_core_tilesets/Store_Items/CyberCity_Icons/CyberCity_Icons/VendingMachine_1.png,VendingMachine_1.png,.png,512,512,True,"[90, 0, 394, 483]","[90, 0, 394, 483]",51.041,False,48.959,True,False,False,True,"[""png"", ""vendingmachine""]","[""cyber"", ""scheme_card"", ""screen_graphic"", ""world_decal""]",True
cyber_city_icons,res://assets/tilesets/cyber_city_core_tilesets/Store_Items/CyberCity_Icons/CyberCity_Icons/VendingMachine_2.png,VendingMachine_2.png,.png,512,512,True,"[94, 6, 383, 506]","[94, 6, 383, 506]",50.427,False,49.573,True,False,False,True,"[""png"", ""vendingmachine""]","[""cyber"", ""scheme_card"", ""screen_graphic"", ""world_decal""]",True
cyber_city_icons,res://assets/tilesets/cyber_city_core_tilesets/Store_Items/CyberCity_Icons/CyberCity_Icons/VendingMachine_3.png,VendingMachine_3.png,.png,512,512,True,"[71, 8, 433, 505]","[71, 8, 433, 505]",48.265,False,51.735,True,False,False,True,"[""png"", ""vendingmachine""]","[""cyber"", ""scheme_card"", ""screen_graphic"", ""world_decal""]",True
cyber_city_icons,res://assets/tilesets/cyber_city_core_tilesets/Store_Items/CyberCity_Icons/CyberCity_Icons/VendingMachine_4.png,VendingMachine_4.png,.png,512,512,True,"[65, 3, 383, 511]","[65, 3, 383, 511]",46.855,False,53.145,True,False,False,True,"[""png"", ""vendingmachine""]","[""cyber"", ""scheme_card"", ""screen_graphic"", ""world_decal""]",True
cyber_city_icons,res://assets/tilesets/cyber_city_core_tilesets/Store_Items/CyberCity_Icons/CyberCity_Icons/Vial_1.png,Vial_1.png,.png,512,512,True,"[95, 7, 375, 479]","[95, 7, 375, 479]",61.795,False,38.205,True,False,False,True,"[""png"", ""vial""]","[""cyber"", ""scheme_card"", ""screen_graphic"", ""world_decal""]",True
cyber_city_icons,res://assets/tilesets/cyber_city_core_tilesets/Store_Items/CyberCity_Icons/CyberCity_Icons/Vial_2.png,Vial_2.png,.png,512,512,True,"[107, 11, 413, 474]","[107, 11, 413, 474]",81.953,False,18.047,True,False,False,True,"[""png"", ""vial""]","[""cyber"", ""scheme_card"", ""screen_graphic"", ""world_decal""]",True
cyber_city_icons,res://assets/tilesets/cyber_city_core_tilesets/Store_Items/CyberCity_Icons/CyberCity_Icons/Vial_3.png,Vial_3.png,.png,512,512,True,"[112, 6, 366, 505]","[112, 6, 366, 505]",85.876,False,14.124,True,False,False,True,"[""png"", ""vial""]","[""cyber"", ""scheme_card"", ""screen_graphic"", ""world_decal""]",True
cyber_city_icons,res://assets/tilesets/cyber_city_core_tilesets/Store_Items/CyberCity_Icons/CyberCity_Icons/WallClock_1.png,WallClock_1.png,.png,512,512,True,"[74, 33, 452, 459]","[74, 33, 452, 459]",52.927,False,47.073,True,False,False,True,"[""png"", ""security"", ""wallclock""]","[""mission_board"", ""screen_graphic"", ""security"", ""security_indicator"", ""warning_indicator"", ""world_decal""]",True
cyber_city_icons,res://assets/tilesets/cyber_city_core_tilesets/Store_Items/CyberCity_Icons/CyberCity_Icons/WashingMachine_1.png,WashingMachine_1.png,.png,512,512,True,"[87, 7, 439, 505]","[87, 7, 439, 505]",43.203,False,56.797,True,False,False,True,"[""png"", ""washingmachine""]","[""cyber"", ""scheme_card"", ""screen_graphic"", ""world_decal""]",True
cyber_city_icons,res://assets/tilesets/cyber_city_core_tilesets/Store_Items/CyberCity_Icons/CyberCity_Icons/WashingMachine_2.png,WashingMachine_2.png,.png,512,512,True,"[85, 30, 440, 492]","[85, 30, 440, 492]",46.744,False,53.256,True,False,False,True,"[""png"", ""washingmachine""]","[""cyber"", ""scheme_card"", ""screen_graphic"", ""world_decal""]",True
cyber_city_icons,res://assets/tilesets/cyber_city_core_tilesets/Store_Items/CyberCity_Icons/CyberCity_Icons/Watch_1.png,Watch_1.png,.png,512,512,True,"[42, 61, 464, 416]","[42, 61, 464, 416]",64.799,False,35.201,True,False,False,True,"[""png"", ""watch""]","[""cyber"", ""scheme_card"", ""screen_graphic"", ""world_decal""]",True
cyber_city_icons,res://assets/tilesets/cyber_city_core_tilesets/Store_Items/CyberCity_Icons/CyberCity_Icons/WaterDispenser_1.png,WaterDispenser_1.png,.png,512,512,True,"[182, 1, 335, 505]","[182, 1, 335, 505]",75.801,False,24.199,True,False,False,True,"[""png"", ""waterdispenser""]","[""cyber"", ""scheme_card"", ""screen_graphic"", ""world_decal""]",True
cyber_city_icons,res://assets/tilesets/cyber_city_core_tilesets/Store_Items/CyberCity_Icons/CyberCity_Icons/Weapon_1.png,Weapon_1.png,.png,512,512,True,"[6, 11, 501, 491]","[6, 11, 501, 491]",94.017,False,5.983,True,False,False,True,"[""png"", ""weapon""]","[""cyber"", ""scheme_card"", ""screen_graphic"", ""world_decal""]",True
cyber_city_icons,res://assets/tilesets/cyber_city_core_tilesets/Store_Items/CyberCity_Icons/CyberCity_Icons/Weapon_2.png,Weapon_2.png,.png,512,512,True,"[23, 33, 492, 468]","[23, 33, 492, 468]",72.28,False,27.72,True,False,False,True,"[""png"", ""weapon""]","[""cyber"", ""scheme_card"", ""screen_graphic"", ""world_decal""]",True
cyber_city_icons,res://assets/tilesets/cyber_city_core_tilesets/Store_Items/CyberCity_Icons/CyberCity_Icons/Weapon_3.png,Weapon_3.png,.png,512,512,True,"[9, 8, 499, 485]","[9, 8, 499, 485]",72.147,False,27.853,True,False,False,True,"[""png"", ""weapon""]","[""cyber"", ""scheme_card"", ""screen_graphic"", ""world_decal""]",True
cyber_city_icons,res://assets/tilesets/cyber_city_core_tilesets/Store_Items/CyberCity_Icons/CyberCity_Icons/Weapon_4.png,Weapon_4.png,.png,512,512,True,"[15, 30, 504, 469]","[15, 30, 504, 469]",68.899,False,31.101,True,False,False,True,"[""png"", ""weapon""]","[""cyber"", ""scheme_card"", ""screen_graphic"", ""world_decal""]",True
cyber_city_icons,res://assets/tilesets/cyber_city_core_tilesets/Store_Items/CyberCity_Icons/CyberCity_Icons/Weapon_5.png,Weapon_5.png,.png,512,512,True,"[1, 21, 508, 443]","[1, 21, 508, 443]",88.172,False,11.828,True,False,False,True,"[""png"", ""weapon""]","[""cyber"", ""scheme_card"", ""screen_graphic"", ""world_decal""]",True
cyber_city_icons,res://assets/tilesets/cyber_city_core_tilesets/Store_Items/CyberCity_Icons/CyberCity_Icons/Weapon_6.png,Weapon_6.png,.png,512,512,True,"[2, 13, 501, 478]","[2, 13, 501, 478]",66.966,False,33.034,True,False,False,True,"[""png"", ""weapon""]","[""cyber"", ""scheme_card"", ""screen_graphic"", ""world_decal""]",True
cyber_city_icons,res://assets/tilesets/cyber_city_core_tilesets/Store_Items/CyberCity_Icons/CyberCity_Icons/Weapon_7.png,Weapon_7.png,.png,512,512,True,"[19, 13, 503, 501]","[19, 13, 503, 501]",94.46,False,5.54,True,False,False,True,"[""png"", ""weapon""]","[""cyber"", ""scheme_card"", ""screen_graphic"", ""world_decal""]",True
cyber_city_icons,res://assets/tilesets/cyber_city_core_tilesets/Store_Items/CyberCity_Icons/CyberCity_Icons/WhiskyDecanter_1.png,WhiskyDecanter_1.png,.png,512,512,True,"[130, 16, 356, 505]","[130, 16, 356, 505]",72.992,False,27.008,True,False,False,True,"[""png"", ""whiskydecanter""]","[""cyber"", ""scheme_card"", ""screen_graphic"", ""world_decal""]",True
cyber_city_icons,res://assets/tilesets/cyber_city_core_tilesets/Store_Items/CyberCity_Icons/CyberCity_Icons/WineDecanter_1.png,WineDecanter_1.png,.png,512,512,True,"[150, 15, 336, 499]","[150, 15, 336, 499]",80.332,False,19.668,True,False,False,True,"[""png"", ""winedecanter""]","[""cyber"", ""scheme_card"", ""screen_graphic"", ""world_decal""]",True
cyber_city_icons,res://assets/tilesets/cyber_city_core_tilesets/Store_Items/CyberCity_Icons/CyberCity_Icons/WineGlass_1.png,WineGlass_1.png,.png,512,512,True,"[176, 21, 353, 505]","[176, 21, 353, 505]",81.219,False,18.781,True,False,False,True,"[""png"", ""wineglass""]","[""cyber"", ""scheme_card"", ""screen_graphic"", ""world_decal""]",True
cyber_city_icons,res://assets/tilesets/cyber_city_core_tilesets/Store_Items/CyberCity_Icons/CyberCity_Icons/Wires_1.png,Wires_1.png,.png,512,512,True,"[87, 6, 427, 496]","[87, 6, 427, 496]",81.17,False,18.83,True,False,False,True,"[""png"", ""wires""]","[""inventory_icon"", ""scheme_card"", ""screen_graphic"", ""tech"", ""world_decal""]",True
cyber_city_icons,res://assets/tilesets/cyber_city_core_tilesets/Store_Items/CyberCity_Icons/CyberCity_Icons/WoodenCrate_1.png,WoodenCrate_1.png,.png,512,512,True,"[8, 99, 504, 477]","[8, 99, 504, 477]",47.051,False,52.949,True,False,False,True,"[""png"", ""woodencrate""]","[""cyber"", ""scheme_card"", ""screen_graphic"", ""world_decal""]",True
doomsday_icons,res://assets/tilesets/cyber_city_core_tilesets/Store_Items/Doomsday Icons/Doomsday Icons/Acetone1.png,Acetone1.png,.png,512,512,True,"[88, 2, 399, 497]","[88, 2, 399, 497]",51.438,False,48.562,True,False,False,True,"[""acetone"", ""png""]","[""doomsday"", ""scheme_card"", ""warning_indicator"", ""world_decal""]",True
doomsday_icons,res://assets/tilesets/cyber_city_core_tilesets/Store_Items/Doomsday Icons/Doomsday Icons/AirConditioner1.png,AirConditioner1.png,.png,512,512,True,"[77, 50, 449, 476]","[77, 50, 449, 476]",48.556,False,51.444,True,False,False,True,"[""airconditioner"", ""png""]","[""doomsday"", ""scheme_card"", ""warning_indicator"", ""world_decal""]",True
doomsday_icons,res://assets/tilesets/cyber_city_core_tilesets/Store_Items/Doomsday Icons/Doomsday Icons/AirConditioner2.png,AirConditioner2.png,.png,512,512,True,"[26, 18, 462, 504]","[26, 18, 462, 504]",34.093,False,65.907,True,False,False,True,"[""airconditioner"", ""png""]","[""doomsday"", ""scheme_card"", ""warning_indicator"", ""world_decal""]",True
doomsday_icons,res://assets/tilesets/cyber_city_core_tilesets/Store_Items/Doomsday Icons/Doomsday Icons/AirPump1.png,AirPump1.png,.png,512,512,True,"[193, 3, 340, 509]","[193, 3, 340, 509]",85.849,False,14.151,True,False,False,True,"[""airpump"", ""png""]","[""doomsday"", ""scheme_card"", ""warning_indicator"", ""world_decal""]",True
doomsday_icons,res://assets/tilesets/cyber_city_core_tilesets/Store_Items/Doomsday Icons/Doomsday Icons/Alarm1.png,Alarm1.png,.png,512,512,True,"[146, 90, 377, 386]","[146, 90, 377, 386]",80.128,False,19.872,True,False,False,True,"[""alarm"", ""png"", ""security""]","[""mission_board"", ""screen_graphic"", ""security"", ""security_indicator"", ""warning_indicator"", ""world_decal""]",True
doomsday_icons,res://assets/tilesets/cyber_city_core_tilesets/Store_Items/Doomsday Icons/Doomsday Icons/Ammo_Shotgun1.png,Ammo_Shotgun1.png,.png,512,512,True,"[60, 136, 465, 420]","[60, 136, 465, 420]",77.094,False,22.906,True,False,False,True,"[""ammo"", ""png"", ""shotgun""]","[""doomsday"", ""scheme_card"", ""warning_indicator"", ""world_decal""]",True
doomsday_icons,res://assets/tilesets/cyber_city_core_tilesets/Store_Items/Doomsday Icons/Doomsday Icons/AmmoClip1.png,AmmoClip1.png,.png,512,512,True,"[118, 127, 398, 454]","[118, 127, 398, 454]",75.557,False,24.443,True,False,False,True,"[""ammoclip"", ""png""]","[""doomsday"", ""scheme_card"", ""warning_indicator"", ""world_decal""]",True
doomsday_icons,res://assets/tilesets/cyber_city_core_tilesets/Store_Items/Doomsday Icons/Doomsday Icons/AmmoClip2.png,AmmoClip2.png,.png,512,512,True,"[63, 9, 395, 509]","[63, 9, 395, 509]",73.445,False,26.555,True,False,False,True,"[""ammoclip"", ""png""]","[""doomsday"", ""scheme_card"", ""warning_indicator"", ""world_decal""]",True
doomsday_icons,res://assets/tilesets/cyber_city_core_tilesets/Store_Items/Doomsday Icons/Doomsday Icons/Antler1.png,Antler1.png,.png,512,512,True,"[171, 44, 357, 393]","[171, 44, 357, 393]",93.983,False,6.017,True,False,False,True,"[""antler"", ""png""]","[""doomsday"", ""scheme_card"", ""warning_indicator"", ""world_decal""]",True
doomsday_icons,res://assets/tilesets/cyber_city_core_tilesets/Store_Items/Doomsday Icons/Doomsday Icons/Ashtray1.png,Ashtray1.png,.png,512,512,True,"[152, 197, 385, 357]","[152, 197, 385, 357]",88.633,False,11.367,True,False,False,True,"[""ashtray"", ""png""]","[""doomsday"", ""scheme_card"", ""warning_indicator"", ""world_decal""]",True
doomsday_icons,res://assets/tilesets/cyber_city_core_tilesets/Store_Items/Doomsday Icons/Doomsday Icons/Bag1.png,Bag1.png,.png,512,512,True,"[119, 12, 391, 504]","[119, 12, 391, 504]",67.826,False,32.174,True,False,False,True,"[""bag"", ""png""]","[""doomsday"", ""scheme_card"", ""warning_indicator"", ""world_decal""]",True
doomsday_icons,res://assets/tilesets/cyber_city_core_tilesets/Store_Items/Doomsday Icons/Doomsday Icons/Banner1.png,Banner1.png,.png,512,512,True,"[66, 4, 441, 502]","[66, 4, 441, 502]",35.103,False,64.897,True,False,False,True,"[""banner"", ""png""]","[""doomsday"", ""scheme_card"", ""warning_indicator"", ""world_decal""]",True
doomsday_icons,res://assets/tilesets/cyber_city_core_tilesets/Store_Items/Doomsday Icons/Doomsday Icons/Barrel1.png,Barrel1.png,.png,512,512,True,"[130, 8, 403, 507]","[130, 8, 403, 507]",51.65,False,48.35,True,False,False,True,"[""barrel"", ""png""]","[""doomsday"", ""scheme_card"", ""warning_indicator"", ""world_decal""]",True
doomsday_icons,res://assets/tilesets/cyber_city_core_tilesets/Store_Items/Doomsday Icons/Doomsday Icons/Barrel2.png,Barrel2.png,.png,512,512,True,"[117, 34, 402, 493]","[117, 34, 402, 493]",53.702,False,46.298,True,False,False,True,"[""barrel"", ""png""]","[""doomsday"", ""scheme_card"", ""warning_indicator"", ""world_decal""]",True
doomsday_icons,res://assets/tilesets/cyber_city_core_tilesets/Store_Items/Doomsday Icons/Doomsday Icons/Barrel3.png,Barrel3.png,.png,512,512,True,"[113, 3, 394, 506]","[113, 3, 394, 506]",49.587,False,50.413,True,False,False,True,"[""barrel"", ""png""]","[""doomsday"", ""scheme_card"", ""warning_indicator"", ""world_decal""]",True
doomsday_icons,res://assets/tilesets/cyber_city_core_tilesets/Store_Items/Doomsday Icons/Doomsday Icons/Barrel4.png,Barrel4.png,.png,512,512,True,"[110, 12, 403, 502]","[110, 12, 403, 502]",52.636,False,47.364,True,False,False,True,"[""barrel"", ""png""]","[""doomsday"", ""scheme_card"", ""warning_indicator"", ""world_decal""]",True
doomsday_icons,res://assets/tilesets/cyber_city_core_tilesets/Store_Items/Doomsday Icons/Doomsday Icons/Barrel5.png,Barrel5.png,.png,512,512,True,"[92, 7, 393, 503]","[92, 7, 393, 503]",49.212,False,50.788,True,False,False,True,"[""barrel"", ""png""]","[""doomsday"", ""scheme_card"", ""warning_indicator"", ""world_decal""]",True
doomsday_icons,res://assets/tilesets/cyber_city_core_tilesets/Store_Items/Doomsday Icons/Doomsday Icons/Barrel6.png,Barrel6.png,.png,512,512,True,"[66, 10, 438, 505]","[66, 10, 438, 505]",42.717,False,57.283,True,False,False,True,"[""barrel"", ""png""]","[""doomsday"", ""scheme_card"", ""warning_indicator"", ""world_decal""]",True
doomsday_icons,res://assets/tilesets/cyber_city_core_tilesets/Store_Items/Doomsday Icons/Doomsday Icons/Barrel7.png,Barrel7.png,.png,512,512,True,"[166, 0, 383, 511]","[166, 0, 383, 511]",67.039,False,32.961,True,False,False,True,"[""barrel"", ""png""]","[""doomsday"", ""scheme_card"", ""warning_indicator"", ""world_decal""]",True
doomsday_icons,res://assets/tilesets/cyber_city_core_tilesets/Store_Items/Doomsday Icons/Doomsday Icons/Barrel8.png,Barrel8.png,.png,512,512,True,"[98, 0, 419, 507]","[98, 0, 419, 507]",45.336,False,54.664,True,False,False,True,"[""barrel"", ""png""]","[""doomsday"", ""scheme_card"", ""warning_indicator"", ""world_decal""]",True
doomsday_icons,res://assets/tilesets/cyber_city_core_tilesets/Store_Items/Doomsday Icons/Doomsday Icons/Barricade1.png,Barricade1.png,.png,512,512,True,"[80, 3, 407, 508]","[80, 3, 407, 508]",59.348,False,40.652,True,False,False,True,"[""barricade"", ""png""]","[""doomsday"", ""scheme_card"", ""warning_indicator"", ""world_decal""]",True
doomsday_icons,res://assets/tilesets/cyber_city_core_tilesets/Store_Items/Doomsday Icons/Doomsday Icons/Barricade2.png,Barricade2.png,.png,512,512,True,"[7, 133, 504, 425]","[7, 133, 504, 425]",58.07,False,41.93,True,False,False,True,"[""barricade"", ""png""]","[""doomsday"", ""scheme_card"", ""warning_indicator"", ""world_decal""]",True
doomsday_icons,res://assets/tilesets/cyber_city_core_tilesets/Store_Items/Doomsday Icons/Doomsday Icons/BarSign1.png,BarSign1.png,.png,512,512,True,"[50, 5, 471, 504]","[50, 5, 471, 504]",37.326,False,62.674,True,False,False,True,"[""barsign"", ""decor"", ""png""]","[""decor"", ""signage"", ""wall_sticker"", ""world_decal""]",True
doomsday_icons,res://assets/tilesets/cyber_city_core_tilesets/Store_Items/Doomsday Icons/Doomsday Icons/Basket1.png,Basket1.png,.png,512,512,True,"[4, 118, 498, 460]","[4, 118, 498, 460]",53.391,False,46.609,True,False,False,True,"[""basket"", ""png""]","[""doomsday"", ""scheme_card"", ""warning_indicator"", ""world_decal""]",True
doomsday_icons,res://assets/tilesets/cyber_city_core_tilesets/Store_Items/Doomsday Icons/Doomsday Icons/Basket2.png,Basket2.png,.png,512,512,True,"[32, 150, 481, 459]","[32, 150, 481, 459]",61.419,False,38.581,True,False,False,True,"[""basket"", ""png""]","[""doomsday"", ""scheme_card"", ""warning_indicator"", ""world_decal""]",True
doomsday_icons,res://assets/tilesets/cyber_city_core_tilesets/Store_Items/Doomsday Icons/Doomsday Icons/Basket3.png,Basket3.png,.png,512,512,True,"[10, 139, 497, 449]","[10, 139, 497, 449]",56.391,False,43.609,True,False,False,True,"[""basket"", ""png""]","[""doomsday"", ""scheme_card"", ""warning_indicator"", ""world_decal""]",True
doomsday_icons,res://assets/tilesets/cyber_city_core_tilesets/Store_Items/Doomsday Icons/Doomsday Icons/Bathtub1.png,Bathtub1.png,.png,512,512,True,"[68, 2, 495, 504]","[68, 2, 495, 504]",68.316,False,31.684,True,False,False,True,"[""bathtub"", ""png""]","[""doomsday"", ""scheme_card"", ""warning_indicator"", ""world_decal""]",True
doomsday_icons,res://assets/tilesets/cyber_city_core_tilesets/Store_Items/Doomsday Icons/Doomsday Icons/Battery1.png,Battery1.png,.png,512,512,True,"[46, 39, 486, 495]","[46, 39, 486, 495]",42.269,False,57.731,True,False,False,True,"[""battery"", ""png""]","[""inventory_icon"", ""scheme_card"", ""screen_graphic"", ""tech"", ""world_decal""]",True
doomsday_icons,res://assets/tilesets/cyber_city_core_tilesets/Store_Items/Doomsday Icons/Doomsday Icons/Battery2.png,Battery2.png,.png,512,512,True,"[97, 56, 434, 466]","[97, 56, 434, 466]",71.414,False,28.586,True,False,False,True,"[""battery"", ""png""]","[""inventory_icon"", ""scheme_card"", ""screen_graphic"", ""tech"", ""world_decal""]",True
doomsday_icons,res://assets/tilesets/cyber_city_core_tilesets/Store_Items/Doomsday Icons/Doomsday Icons/Battery3.png,Battery3.png,.png,512,512,True,"[9, 79, 500, 483]","[9, 79, 500, 483]",39.666,False,60.334,True,False,False,True,"[""battery"", ""png""]","[""inventory_icon"", ""scheme_card"", ""screen_graphic"", ""tech"", ""world_decal""]",True
doomsday_icons,res://assets/tilesets/cyber_city_core_tilesets/Store_Items/Doomsday Icons/Doomsday Icons/Bayonet1.png,Bayonet1.png,.png,512,512,True,"[29, 25, 505, 452]","[29, 25, 505, 452]",88.865,False,11.135,True,False,False,True,"[""bayonet"", ""png""]","[""doomsday"", ""scheme_card"", ""warning_indicator"", ""world_decal""]",True
doomsday_icons,res://assets/tilesets/cyber_city_core_tilesets/Store_Items/Doomsday Icons/Doomsday Icons/BearTrap1.png,BearTrap1.png,.png,512,512,True,"[32, 194, 486, 424]","[32, 194, 486, 424]",84.325,False,15.675,True,False,False,True,"[""beartrap"", ""png""]","[""doomsday"", ""scheme_card"", ""warning_indicator"", ""world_decal""]",True
doomsday_icons,res://assets/tilesets/cyber_city_core_tilesets/Store_Items/Doomsday Icons/Doomsday Icons/Bed1.png,Bed1.png,.png,512,512,True,"[23, 53, 495, 494]","[23, 53, 495, 494]",64.718,False,35.282,True,False,False,True,"[""bed"", ""png""]","[""doomsday"", ""scheme_card"", ""warning_indicator"", ""world_decal""]",True
doomsday_icons,res://assets/tilesets/cyber_city_core_tilesets/Store_Items/Doomsday Icons/Doomsday Icons/Bed2.png,Bed2.png,.png,512,512,True,"[0, 38, 484, 502]","[0, 38, 484, 502]",54.897,False,45.103,True,False,False,True,"[""bed"", ""png""]","[""doomsday"", ""scheme_card"", ""warning_indicator"", ""world_decal""]",True
doomsday_icons,res://assets/tilesets/cyber_city_core_tilesets/Store_Items/Doomsday Icons/Doomsday Icons/Bike1.png,Bike1.png,.png,512,512,True,"[15, 86, 502, 439]","[15, 86, 502, 439]",76.53,False,23.47,True,False,False,True,"[""bike"", ""png""]","[""doomsday"", ""scheme_card"", ""warning_indicator"", ""world_decal""]",True
doomsday_icons,res://assets/tilesets/cyber_city_core_tilesets/Store_Items/Doomsday Icons/Doomsday Icons/Bike2.png,Bike2.png,.png,512,512,True,"[24, 8, 480, 465]","[24, 8, 480, 465]",87.998,False,12.002,True,False,False,True,"[""bike"", ""png""]","[""doomsday"", ""scheme_card"", ""warning_indicator"", ""world_decal""]",True
doomsday_icons,res://assets/tilesets/cyber_city_core_tilesets/Store_Items/Doomsday Icons/Doomsday Icons/Billow1.png,Billow1.png,.png,512,512,True,"[53, 60, 487, 426]","[53, 60, 487, 426]",76.171,False,23.829,True,False,False,True,"[""billow"", ""png""]","[""doomsday"", ""scheme_card"", ""warning_indicator"", ""world_decal""]",True
doomsday_icons,res://assets/tilesets/cyber_city_core_tilesets/Store_Items/Doomsday Icons/Doomsday Icons/Binder1.png,Binder1.png,.png,512,512,True,"[105, 10, 402, 505]","[105, 10, 402, 505]",61.328,False,38.672,True,False,False,True,"[""binder"", ""png""]","[""doomsday"", ""scheme_card"", ""warning_indicator"", ""world_decal""]",True
doomsday_icons,res://assets/tilesets/cyber_city_core_tilesets/Store_Items/Doomsday Icons/Doomsday Icons/Binoculars1.png,Binoculars1.png,.png,512,512,True,"[28, 110, 485, 433]","[28, 110, 485, 433]",66.525,False,33.475,True,False,False,True,"[""binoculars"", ""png""]","[""doomsday"", ""scheme_card"", ""warning_indicator"", ""world_decal""]",True
doomsday_icons,res://assets/tilesets/cyber_city_core_tilesets/Store_Items/Doomsday Icons/Doomsday Icons/BirdCage1.png,BirdCage1.png,.png,512,512,True,"[141, 14, 396, 497]","[141, 14, 396, 497]",66.303,False,33.697,True,False,False,True,"[""birdcage"", ""png""]","[""doomsday"", ""scheme_card"", ""warning_indicator"", ""world_decal""]",True
doomsday_icons,res://assets/tilesets/cyber_city_core_tilesets/Store_Items/Doomsday Icons/Doomsday Icons/BirdFeeder1.png,BirdFeeder1.png,.png,512,512,True,"[208, 8, 308, 481]","[208, 8, 308, 481]",89.98,False,10.02,True,False,False,True,"[""birdfeeder"", ""png""]","[""doomsday"", ""scheme_card"", ""warning_indicator"", ""world_decal""]",True
doomsday_icons,res://assets/tilesets/cyber_city_core_tilesets/Store_Items/Doomsday Icons/Doomsday Icons/Blanket1.png,Blanket1.png,.png,512,512,True,"[9, 92, 506, 461]","[9, 92, 506, 461]",57.58,False,42.42,True,False,False,True,"[""blanket"", ""png""]","[""doomsday"", ""scheme_card"", ""warning_indicator"", ""world_decal""]",True
doomsday_icons,res://assets/tilesets/cyber_city_core_tilesets/Store_Items/Doomsday Icons/Doomsday Icons/Boat1.png,Boat1.png,.png,512,512,True,"[3, 91, 508, 388]","[3, 91, 508, 388]",77.627,False,22.373,True,False,False,True,"[""boat"", ""png""]","[""doomsday"", ""scheme_card"", ""warning_indicator"", ""world_decal""]",True
doomsday_icons,res://assets/tilesets/cyber_city_core_tilesets/Store_Items/Doomsday Icons/Doomsday Icons/Boat2.png,Boat2.png,.png,512,512,True,"[2, 92, 508, 408]","[2, 92, 508, 408]",70.186,False,29.814,True,False,False,True,"[""boat"", ""png""]","[""doomsday"", ""scheme_card"", ""warning_indicator"", ""world_decal""]",True
doomsday_icons,res://assets/tilesets/cyber_city_core_tilesets/Store_Items/Doomsday Icons/Doomsday Icons/BoatOar1.png,BoatOar1.png,.png,512,512,True,"[6, 2, 504, 505]","[6, 2, 504, 505]",90.674,False,9.326,True,False,False,True,"[""boatoar"", ""png""]","[""doomsday"", ""scheme_card"", ""warning_indicator"", ""world_decal""]",True
doomsday_icons,res://assets/tilesets/cyber_city_core_tilesets/Store_Items/Doomsday Icons/Doomsday Icons/Body1.png,Body1.png,.png,512,512,True,"[40, 7, 457, 507]","[40, 7, 457, 507]",59.641,False,40.359,True,False,False,True,"[""body"", ""png""]","[""doomsday"", ""scheme_card"", ""warning_indicator"", ""world_decal""]",True
doomsday_icons,res://assets/tilesets/cyber_city_core_tilesets/Store_Items/Doomsday Icons/Doomsday Icons/Body2.png,Body2.png,.png,512,512,True,"[77, 8, 467, 507]","[77, 8, 467, 507]",65.596,False,34.404,True,False,False,True,"[""body"", ""png""]","[""doomsday"", ""scheme_card"", ""warning_indicator"", ""world_decal""]",True
doomsday_icons,res://assets/tilesets/cyber_city_core_tilesets/Store_Items/Doomsday Icons/Doomsday Icons/Body3.png,Body3.png,.png,512,512,True,"[1, 67, 511, 462]","[1, 67, 511, 462]",67.085,False,32.915,True,False,False,True,"[""body"", ""png""]","[""doomsday"", ""scheme_card"", ""warning_indicator"", ""world_decal""]",True
doomsday_icons,res://assets/tilesets/cyber_city_core_tilesets/Store_Items/Doomsday Icons/Doomsday Icons/BoneChimes1.png,BoneChimes1.png,.png,512,512,True,"[133, 0, 357, 479]","[133, 0, 357, 479]",90.661,False,9.339,True,False,False,False,"[""bentley"", ""bonechimes"", ""png""]","[""bentley"", ""bentley_item_candidate"", ""decor_shop_thumbnail""]",True
doomsday_icons,res://assets/tilesets/cyber_city_core_tilesets/Store_Items/Doomsday Icons/Doomsday Icons/Book1.png,Book1.png,.png,512,512,True,"[47, 217, 480, 398]","[47, 217, 480, 398]",81.325,False,18.675,True,False,False,True,"[""book"", ""png""]","[""doomsday"", ""scheme_card"", ""warning_indicator"", ""world_decal""]",True
doomsday_icons,res://assets/tilesets/cyber_city_core_tilesets/Store_Items/Doomsday Icons/Doomsday Icons/Book10.png,Book10.png,.png,512,512,True,"[117, 9, 356, 496]","[117, 9, 356, 496]",59.903,False,40.097,True,False,False,True,"[""book"", ""png""]","[""doomsday"", ""scheme_card"", ""warning_indicator"", ""world_decal""]",True
doomsday_icons,res://assets/tilesets/cyber_city_core_tilesets/Store_Items/Doomsday Icons/Doomsday Icons/Book11.png,Book11.png,.png,512,512,True,"[79, 11, 364, 504]","[79, 11, 364, 504]",52.054,False,47.946,True,False,False,True,"[""book"", ""png""]","[""doomsday"", ""scheme_card"", ""warning_indicator"", ""world_decal""]",True
doomsday_icons,res://assets/tilesets/cyber_city_core_tilesets/Store_Items/Doomsday Icons/Doomsday Icons/Book12.png,Book12.png,.png,512,512,True,"[79, 11, 364, 504]","[79, 11, 364, 504]",52.03,False,47.97,True,False,False,True,"[""book"", ""png""]","[""doomsday"", ""scheme_card"", ""warning_indicator"", ""world_decal""]",True
doomsday_icons,res://assets/tilesets/cyber_city_core_tilesets/Store_Items/Doomsday Icons/Doomsday Icons/Book13.png,Book13.png,.png,512,512,True,"[17, 67, 503, 476]","[17, 67, 503, 476]",45.567,False,54.433,True,False,False,True,"[""book"", ""png""]","[""doomsday"", ""scheme_card"", ""warning_indicator"", ""world_decal""]",True
doomsday_icons,res://assets/tilesets/cyber_city_core_tilesets/Store_Items/Doomsday Icons/Doomsday Icons/Book14.png,Book14.png,.png,512,512,True,"[9, 84, 500, 476]","[9, 84, 500, 476]",54.368,False,45.632,True,False,False,True,"[""book"", ""png""]","[""doomsday"", ""scheme_card"", ""warning_indicator"", ""world_decal""]",True
doomsday_icons,res://assets/tilesets/cyber_city_core_tilesets/Store_Items/Doomsday Icons/Doomsday Icons/Book15.png,Book15.png,.png,512,512,True,"[102, 12, 387, 498]","[102, 12, 387, 498]",53.168,False,46.832,True,False,False,True,"[""book"", ""png""]","[""doomsday"", ""scheme_card"", ""warning_indicator"", ""world_decal""]",True
doomsday_icons,res://assets/tilesets/cyber_city_core_tilesets/Store_Items/Doomsday Icons/Doomsday Icons/Book16.png,Book16.png,.png,512,512,True,"[82, 6, 369, 510]","[82, 6, 369, 510]",51.648,False,48.352,True,False,False,True,"[""book"", ""png""]","[""doomsday"", ""scheme_card"", ""warning_indicator"", ""world_decal""]",True
doomsday_icons,res://assets/tilesets/cyber_city_core_tilesets/Store_Items/Doomsday Icons/Doomsday Icons/Book17.png,Book17.png,.png,512,512,True,"[111, 5, 405, 507]","[111, 5, 405, 507]",50.151,False,49.849,True,False,False,True,"[""book"", ""png""]","[""doomsday"", ""scheme_card"", ""warning_indicator"", ""world_decal""]",True
doomsday_icons,res://assets/tilesets/cyber_city_core_tilesets/Store_Items/Doomsday Icons/Doomsday Icons/Book18.png,Book18.png,.png,512,512,True,"[102, 1, 386, 504]","[102, 1, 386, 504]",52.522,False,47.478,True,False,False,True,"[""book"", ""png""]","[""doomsday"", ""scheme_card"", ""warning_indicator"", ""world_decal""]",True
doomsday_icons,res://assets/tilesets/cyber_city_core_tilesets/Store_Items/Doomsday Icons/Doomsday Icons/Book19.png,Book19.png,.png,512,512,True,"[11, 100, 499, 446]","[11, 100, 499, 446]",52.847,False,47.153,True,False,False,True,"[""book"", ""png""]","[""doomsday"", ""scheme_card"", ""warning_indicator"", ""world_decal""]",True
doomsday_icons,res://assets/tilesets/cyber_city_core_tilesets/Store_Items/Doomsday Icons/Doomsday Icons/Book2.png,Book2.png,.png,512,512,True,"[135, 86, 334, 451]","[135, 86, 334, 451]",74.46,False,25.54,True,False,False,True,"[""book"", ""png""]","[""doomsday"", ""scheme_card"", ""warning_indicator"", ""world_decal""]",True
doomsday_icons,res://assets/tilesets/cyber_city_core_tilesets/Store_Items/Doomsday Icons/Doomsday Icons/Book3.png,Book3.png,.png,512,512,True,"[139, 73, 328, 437]","[139, 73, 328, 437]",75.984,False,24.016,True,False,False,True,"[""book"", ""png""]","[""doomsday"", ""scheme_card"", ""warning_indicator"", ""world_decal""]",True
doomsday_icons,res://assets/tilesets/cyber_city_core_tilesets/Store_Items/Doomsday Icons/Doomsday Icons/Book4.png,Book4.png,.png,512,512,True,"[145, 79, 352, 441]","[145, 79, 352, 441]",76.189,False,23.811,True,False,False,True,"[""book"", ""png""]","[""doomsday"", ""scheme_card"", ""warning_indicator"", ""world_decal""]",True
doomsday_icons,res://assets/tilesets/cyber_city_core_tilesets/Store_Items/Doomsday Icons/Doomsday Icons/Book5.png,Book5.png,.png,512,512,True,"[117, 9, 356, 497]","[117, 9, 356, 497]",59.863,False,40.137,True,False,False,True,"[""book"", ""png""]","[""doomsday"", ""scheme_card"", ""warning_indicator"", ""world_decal""]",True
doomsday_icons,res://assets/tilesets/cyber_city_core_tilesets/Store_Items/Doomsday Icons/Doomsday Icons/Book6.png,Book6.png,.png,512,512,True,"[97, 11, 383, 503]","[97, 11, 383, 503]",51.883,False,48.117,True,False,False,True,"[""book"", ""png""]","[""doomsday"", ""scheme_card"", ""warning_indicator"", ""world_decal""]",True
doomsday_icons,res://assets/tilesets/cyber_city_core_tilesets/Store_Items/Doomsday Icons/Doomsday Icons/Book7.png,Book7.png,.png,512,512,True,"[114, 2, 359, 503]","[114, 2, 359, 503]",57.95,False,42.05,True,False,False,True,"[""book"", ""png""]","[""doomsday"", ""scheme_card"", ""warning_indicator"", ""world_decal""]",True
doomsday_icons,res://assets/tilesets/cyber_city_core_tilesets/Store_Items/Doomsday Icons/Doomsday Icons/Book8.png,Book8.png,.png,512,512,True,"[77, 11, 364, 504]","[77, 11, 364, 504]",52.055,False,47.945,True,False,False,True,"[""book"", ""png""]","[""doomsday"", ""scheme_card"", ""warning_indicator"", ""world_decal""]",True
doomsday_icons,res://assets/tilesets/cyber_city_core_tilesets/Store_Items/Doomsday Icons/Doomsday Icons/Book9.png,Book9.png,.png,512,512,True,"[119, 15, 353, 491]","[119, 15, 353, 491]",61.736,False,38.264,True,False,False,True,"[""book"", ""png""]","[""doomsday"", ""scheme_card"", ""warning_indicator"", ""world_decal""]",True
doomsday_icons,res://assets/tilesets/cyber_city_core_tilesets/Store_Items/Doomsday Icons/Doomsday Icons/Books1.png,Books1.png,.png,512,512,True,"[9, 121, 498, 403]","[9, 121, 498, 403]",69.327,False,30.673,True,False,False,True,"[""books"", ""png""]","[""doomsday"", ""scheme_card"", ""warning_indicator"", ""world_decal""]",True
doomsday_icons,res://assets/tilesets/cyber_city_core_tilesets/Store_Items/Doomsday Icons/Doomsday Icons/Books2.png,Books2.png,.png,512,512,True,"[86, 2, 456, 502]","[86, 2, 456, 502]",45.552,False,54.448,True,False,False,True,"[""books"", ""png""]","[""doomsday"", ""scheme_card"", ""warning_indicator"", ""world_decal""]",True
doomsday_icons,res://assets/tilesets/cyber_city_core_tilesets/Store_Items/Doomsday Icons/Doomsday Icons/Bottle1.png,Bottle1.png,.png,512,512,True,"[198, 34, 313, 478]","[198, 34, 313, 478]",84.919,False,15.081,True,False,False,True,"[""bottle"", ""png""]","[""doomsday"", ""scheme_card"", ""warning_indicator"", ""world_decal""]",True
doomsday_icons,res://assets/tilesets/cyber_city_core_tilesets/Store_Items/Doomsday Icons/Doomsday Icons/Bottle10.png,Bottle10.png,.png,512,512,True,"[178, 10, 353, 491]","[178, 10, 353, 491]",76.656,False,23.344,True,False,False,True,"[""bottle"", ""png""]","[""doomsday"", ""scheme_card"", ""warning_indicator"", ""world_decal""]",True
doomsday_icons,res://assets/tilesets/cyber_city_core_tilesets/Store_Items/Doomsday Icons/Doomsday Icons/Bottle11.png,Bottle11.png,.png,512,512,True,"[190, 14, 348, 498]","[190, 14, 348, 498]",80.291,False,19.709,True,False,False,True,"[""bottle"", ""png""]","[""doomsday"", ""scheme_card"", ""warning_indicator"", ""world_decal""]",True
doomsday_icons,res://assets/tilesets/cyber_city_core_tilesets/Store_Items/Doomsday Icons/Doomsday Icons/Bottle12.png,Bottle12.png,.png,512,512,True,"[184, 5, 345, 498]","[184, 5, 345, 498]",79.648,False,20.352,True,False,False,True,"[""bottle"", ""png""]","[""doomsday"", ""scheme_card"", ""warning_indicator"", ""world_decal""]",True
doomsday_icons,res://assets/tilesets/cyber_city_core_tilesets/Store_Items/Doomsday Icons/Doomsday Icons/Bottle13.png,Bottle13.png,.png,512,512,True,"[161, 7, 351, 507]","[161, 7, 351, 507]",74.661,False,25.339,True,False,False,True,"[""bottle"", ""png""]","[""doomsday"", ""scheme_card"", ""warning_indicator"", ""world_decal""]",True
doomsday_icons,res://assets/tilesets/cyber_city_core_tilesets/Store_Items/Doomsday Icons/Doomsday Icons/Bottle14.png,Bottle14.png,.png,512,512,True,"[179, 6, 326, 492]","[179, 6, 326, 492]",80.448,False,19.552,True,False,False,True,"[""bottle"", ""png""]","[""doomsday"", ""scheme_card"", ""warning_indicator"", ""world_decal""]",True
doomsday_icons,res://assets/tilesets/cyber_city_core_tilesets/Store_Items/Doomsday Icons/Doomsday Icons/Bottle15.png,Bottle15.png,.png,512,512,True,"[207, 5, 334, 499]","[207, 5, 334, 499]",82.271,False,17.729,True,False,False,True,"[""bottle"", ""png""]","[""doomsday"", ""scheme_card"", ""warning_indicator"", ""world_decal""]",True
doomsday_icons,res://assets/tilesets/cyber_city_core_tilesets/Store_Items/Doomsday Icons/Doomsday Icons/Bottle16.png,Bottle16.png,.png,512,512,True,"[205, 6, 330, 488]","[205, 6, 330, 488]",82.984,False,17.016,True,False,False,True,"[""bottle"", ""png""]","[""doomsday"", ""scheme_card"", ""warning_indicator"", ""world_decal""]",True
doomsday_icons,res://assets/tilesets/cyber_city_core_tilesets/Store_Items/Doomsday Icons/Doomsday Icons/Bottle17.png,Bottle17.png,.png,512,512,True,"[181, 10, 355, 487]","[181, 10, 355, 487]",76.981,False,23.019,True,False,False,True,"[""bottle"", ""png""]","[""doomsday"", ""scheme_card"", ""warning_indicator"", ""world_decal""]",True
doomsday_icons,res://assets/tilesets/cyber_city_core_tilesets/Store_Items/Doomsday Icons/Doomsday Icons/Bottle18.png,Bottle18.png,.png,512,512,True,"[190, 5, 349, 491]","[190, 5, 349, 491]",80.166,False,19.834,True,False,False,True,"[""bottle"", ""png""]","[""doomsday"", ""scheme_card"", ""warning_indicator"", ""world_decal""]",True
doomsday_icons,res://assets/tilesets/cyber_city_core_tilesets/Store_Items/Doomsday Icons/Doomsday Icons/Bottle19.png,Bottle19.png,.png,512,512,True,"[173, 7, 359, 497]","[173, 7, 359, 497]",75.57,False,24.43,True,False,False,True,"[""bottle"", ""png""]","[""doomsday"", ""scheme_card"", ""warning_indicator"", ""world_decal""]",True
doomsday_icons,res://assets/tilesets/cyber_city_core_tilesets/Store_Items/Doomsday Icons/Doomsday Icons/Bottle2.png,Bottle2.png,.png,512,512,True,"[175, 52, 335, 474]","[175, 52, 335, 474]",78.696,False,21.304,True,False,False,True,"[""bottle"", ""png""]","[""doomsday"", ""scheme_card"", ""warning_indicator"", ""world_decal""]",True
doomsday_icons,res://assets/tilesets/cyber_city_core_tilesets/Store_Items/Doomsday Icons/Doomsday Icons/Bottle20.png,Bottle20.png,.png,512,512,True,"[178, 6, 323, 486]","[178, 6, 323, 486]",80.993,False,19.007,True,False,False,True,"[""bottle"", ""png""]","[""doomsday"", ""scheme_card"", ""warning_indicator"", ""world_decal""]",True
doomsday_icons,res://assets/tilesets/cyber_city_core_tilesets/Store_Items/Doomsday Icons/Doomsday Icons/Bottle21.png,Bottle21.png,.png,512,512,True,"[180, 7, 330, 503]","[180, 7, 330, 503]",79.685,False,20.315,True,False,False,True,"[""bottle"", ""png""]","[""doomsday"", ""scheme_card"", ""warning_indicator"", ""world_decal""]",True
doomsday_icons,res://assets/tilesets/cyber_city_core_tilesets/Store_Items/Doomsday Icons/Doomsday Icons/Bottle22.png,Bottle22.png,.png,512,512,True,"[199, 5, 326, 494]","[199, 5, 326, 494]",82.51,False,17.49,True,False,False,True,"[""bottle"", ""png""]","[""doomsday"", ""scheme_card"", ""warning_indicator"", ""world_decal""]",True
doomsday_icons,res://assets/tilesets/cyber_city_core_tilesets/Store_Items/Doomsday Icons/Doomsday Icons/Bottle23.png,Bottle23.png,.png,512,512,True,"[180, 4, 329, 498]","[180, 4, 329, 498]",79.792,False,20.208,True,False,False,True,"[""bottle"", ""png""]","[""doomsday"", ""scheme_card"", ""warning_indicator"", ""world_decal""]",True
doomsday_icons,res://assets/tilesets/cyber_city_core_tilesets/Store_Items/Doomsday Icons/Doomsday Icons/Bottle24.png,Bottle24.png,.png,512,512,True,"[185, 6, 349, 507]","[185, 6, 349, 507]",79.008,False,20.992,True,False,False,True,"[""bottle"", ""png""]","[""doomsday"", ""scheme_card"", ""warning_indicator"", ""world_decal""]",True
doomsday_icons,res://assets/tilesets/cyber_city_core_tilesets/Store_Items/Doomsday Icons/Doomsday Icons/Bottle25.png,Bottle25.png,.png,512,512,True,"[190, 10, 308, 491]","[190, 10, 308, 491]",82.99,False,17.01,True,False,False,True,"[""bottle"", ""png""]","[""doomsday"", ""scheme_card"", ""warning_indicator"", ""world_decal""]",True
doomsday_icons,res://assets/tilesets/cyber_city_core_tilesets/Store_Items/Doomsday Icons/Doomsday Icons/Bottle26.png,Bottle26.png,.png,512,512,True,"[190, 7, 317, 488]","[190, 7, 317, 488]",82.796,False,17.204,True,False,False,True,"[""bottle"", ""png""]","[""doomsday"", ""scheme_card"", ""warning_indicator"", ""world_decal""]",True
doomsday_icons,res://assets/tilesets/cyber_city_core_tilesets/Store_Items/Doomsday Icons/Doomsday Icons/Bottle27.png,Bottle27.png,.png,512,512,True,"[170, 8, 333, 474]","[170, 8, 333, 474]",78.834,False,21.166,True,False,False,True,"[""bottle"", ""png""]","[""doomsday"", ""scheme_card"", ""warning_indicator"", ""world_decal""]",True
doomsday_icons,res://assets/tilesets/cyber_city_core_tilesets/Store_Items/Doomsday Icons/Doomsday Icons/Bottle28.png,Bottle28.png,.png,512,512,True,"[90, 7, 394, 486]","[90, 7, 394, 486]",66.874,False,33.126,True,False,False,True,"[""bottle"", ""png""]","[""doomsday"", ""scheme_card"", ""warning_indicator"", ""world_decal""]",True
doomsday_icons,res://assets/tilesets/cyber_city_core_tilesets/Store_Items/Doomsday Icons/Doomsday Icons/Bottle29.png,Bottle29.png,.png,512,512,True,"[140, 33, 381, 491]","[140, 33, 381, 491]",75.252,False,24.748,True,False,False,True,"[""bottle"", ""png""]","[""doomsday"", ""scheme_card"", ""warning_indicator"", ""world_decal""]",True
doomsday_icons,res://assets/tilesets/cyber_city_core_tilesets/Store_Items/Doomsday Icons/Doomsday Icons/Bottle3.png,Bottle3.png,.png,512,512,True,"[135, 42, 388, 472]","[135, 42, 388, 472]",82.503,False,17.497,True,False,False,True,"[""bottle"", ""png""]","[""doomsday"", ""scheme_card"", ""warning_indicator"", ""world_decal""]",True
doomsday_icons,res://assets/tilesets/cyber_city_core_tilesets/Store_Items/Doomsday Icons/Doomsday Icons/Bottle30.png,Bottle30.png,.png,512,512,True,"[190, 32, 324, 486]","[190, 32, 324, 486]",80.761,False,19.239,True,False,False,True,"[""bottle"", ""png""]","[""doomsday"", ""scheme_card"", ""warning_indicator"", ""world_decal""]",True
doomsday_icons,res://assets/tilesets/cyber_city_core_tilesets/Store_Items/Doomsday Icons/Doomsday Icons/Bottle31.png,Bottle31.png,.png,512,512,True,"[211, 15, 334, 505]","[211, 15, 334, 505]",81.635,False,18.365,True,False,False,True,"[""bottle"", ""png""]","[""doomsday"", ""scheme_card"", ""warning_indicator"", ""world_decal""]",True
doomsday_icons,res://assets/tilesets/cyber_city_core_tilesets/Store_Items/Doomsday Icons/Doomsday Icons/Bottle32.png,Bottle32.png,.png,512,512,True,"[196, 10, 319, 509]","[196, 10, 319, 509]",81.703,False,18.297,True,False,False,True,"[""bottle"", ""png""]","[""doomsday"", ""scheme_card"", ""warning_indicator"", ""world_decal""]",True
doomsday_icons,res://assets/tilesets/cyber_city_core_tilesets/Store_Items/Doomsday Icons/Doomsday Icons/Bottle33.png,Bottle33.png,.png,512,512,True,"[166, 7, 339, 501]","[166, 7, 339, 501]",73.251,False,26.749,True,False,False,True,"[""bottle"", ""png""]","[""doomsday"", ""scheme_card"", ""warning_indicator"", ""world_decal""]",True
doomsday_icons,res://assets/tilesets/cyber_city_core_tilesets/Store_Items/Doomsday Icons/Doomsday Icons/Bottle34.png,Bottle34.png,.png,512,512,True,"[110, 7, 395, 506]","[110, 7, 395, 506]",67.443,False,32.557,True,False,False,True,"[""bottle"", ""png""]","[""doomsday"", ""scheme_card"", ""warning_indicator"", ""world_decal""]",True
doomsday_icons,res://assets/tilesets/cyber_city_core_tilesets/Store_Items/Doomsday Icons/Doomsday Icons/Bottle35.png,Bottle35.png,.png,512,512,True,"[192, 14, 344, 491]","[192, 14, 344, 491]",78.686,False,21.314,True,False,False,True,"[""bottle"", ""png""]","[""doomsday"", ""scheme_card"", ""warning_indicator"", ""world_decal""]",True
doomsday_icons,res://assets/tilesets/cyber_city_core_tilesets/Store_Items/Doomsday Icons/Doomsday Icons/Bottle36.png,Bottle36.png,.png,512,512,True,"[154, 13, 354, 501]","[154, 13, 354, 501]",76.844,False,23.156,True,False,False,True,"[""bottle"", ""png""]","[""doomsday"", ""scheme_card"", ""warning_indicator"", ""world_decal""]",True
doomsday_icons,res://assets/tilesets/cyber_city_core_tilesets/Store_Items/Doomsday Icons/Doomsday Icons/Bottle37.png,Bottle37.png,.png,512,512,True,"[204, 15, 326, 503]","[204, 15, 326, 503]",82.52,False,17.48,True,False,False,True,"[""bottle"", ""png""]","[""doomsday"", ""scheme_card"", ""warning_indicator"", ""world_decal""]",True
doomsday_icons,res://assets/tilesets/cyber_city_core_tilesets/Store_Items/Doomsday Icons/Doomsday Icons/Bottle38.png,Bottle38.png,.png,512,512,True,"[148, 4, 344, 511]","[148, 4, 344, 511]",73.096,False,26.904,True,False,False,True,"[""bottle"", ""png""]","[""doomsday"", ""scheme_card"", ""warning_indicator"", ""world_decal""]",True
doomsday_icons,res://assets/tilesets/cyber_city_core_tilesets/Store_Items/Doomsday Icons/Doomsday Icons/Bottle39.png,Bottle39.png,.png,512,512,True,"[168, 6, 299, 506]","[168, 6, 299, 506]",79.243,False,20.757,True,False,False,True,"[""bottle"", ""png""]","[""doomsday"", ""scheme_card"", ""warning_indicator"", ""world_decal""]",True
doomsday_icons,res://assets/tilesets/cyber_city_core_tilesets/Store_Items/Doomsday Icons/Doomsday Icons/Bottle4.png,Bottle4.png,.png,512,512,True,"[160, 27, 380, 458]","[160, 27, 380, 458]",78.162,False,21.838,True,False,False,True,"[""bottle"", ""png""]","[""doomsday"", ""scheme_card"", ""warning_indicator"", ""world_decal""]",True
doomsday_icons,res://assets/tilesets/cyber_city_core_tilesets/Store_Items/Doomsday Icons/Doomsday Icons/Bottle40.png,Bottle40.png,.png,512,512,True,"[162, 3, 307, 510]","[162, 3, 307, 510]",78.404,False,21.596,True,False,False,True,"[""bottle"", ""png""]","[""doomsday"", ""scheme_card"", ""warning_indicator"", ""world_decal""]",True
doomsday_icons,res://assets/tilesets/cyber_city_core_tilesets/Store_Items/Doomsday Icons/Doomsday Icons/Bottle5.png,Bottle5.png,.png,512,512,True,"[184, 30, 340, 459]","[184, 30, 340, 459]",81.324,False,18.676,True,False,False,True,"[""bottle"", ""png""]","[""doomsday"", ""scheme_card"", ""warning_indicator"", ""world_decal""]",True
doomsday_icons,res://assets/tilesets/cyber_city_core_tilesets/Store_Items/Doomsday Icons/Doomsday Icons/Bottle6.png,Bottle6.png,.png,512,512,True,"[186, 21, 336, 475]","[186, 21, 336, 475]",82.621,False,17.379,True,False,False,True,"[""bottle"", ""png""]","[""doomsday"", ""scheme_card"", ""warning_indicator"", ""world_decal""]",True
doomsday_icons,res://assets/tilesets/cyber_city_core_tilesets/Store_Items/Doomsday Icons/Doomsday Icons/Bottle7.png,Bottle7.png,.png,512,512,True,"[176, 21, 349, 473]","[176, 21, 349, 473]",79.082,False,20.918,True,False,False,True,"[""bottle"", ""png""]","[""doomsday"", ""scheme_card"", ""warning_indicator"", ""world_decal""]",True
doomsday_icons,res://assets/tilesets/cyber_city_core_tilesets/Store_Items/Doomsday Icons/Doomsday Icons/Bottle8.png,Bottle8.png,.png,512,512,True,"[180, 11, 328, 503]","[180, 11, 328, 503]",79.971,False,20.029,True,False,False,True,"[""bottle"", ""png""]","[""doomsday"", ""scheme_card"", ""warning_indicator"", ""world_decal""]",True
doomsday_icons,res://assets/tilesets/cyber_city_core_tilesets/Store_Items/Doomsday Icons/Doomsday Icons/Bottle9.png,Bottle9.png,.png,512,512,True,"[203, 4, 330, 497]","[203, 4, 330, 497]",82.288,False,17.712,True,False,False,True,"[""bottle"", ""png""]","[""doomsday"", ""scheme_card"", ""warning_indicator"", ""world_decal""]",True
doomsday_icons,res://assets/tilesets/cyber_city_core_tilesets/Store_Items/Doomsday Icons/Doomsday Icons/Bowl1.png,Bowl1.png,.png,512,512,True,"[57, 173, 475, 429]","[57, 173, 475, 429]",70.306,False,29.694,True,False,False,True,"[""bowl"", ""png""]","[""doomsday"", ""scheme_card"", ""warning_indicator"", ""world_decal""]",True
doomsday_icons,res://assets/tilesets/cyber_city_core_tilesets/Store_Items/Doomsday Icons/Doomsday Icons/Bowl2.png,Bowl2.png,.png,512,512,True,"[40, 194, 432, 413]","[40, 194, 432, 413]",73.79,False,26.21,True,False,False,True,"[""bowl"", ""png""]","[""doomsday"", ""scheme_card"", ""warning_indicator"", ""world_decal""]",True
doomsday_icons,res://assets/tilesets/cyber_city_core_tilesets/Store_Items/Doomsday Icons/Doomsday Icons/Bowl3.png,Bowl3.png,.png,512,512,True,"[32, 162, 484, 436]","[32, 162, 484, 436]",65.562,False,34.438,True,False,False,True,"[""bowl"", ""png""]","[""doomsday"", ""scheme_card"", ""warning_indicator"", ""world_decal""]",True
doomsday_icons,res://assets/tilesets/cyber_city_core_tilesets/Store_Items/Doomsday Icons/Doomsday Icons/Box_Ammo1.png,Box_Ammo1.png,.png,512,512,True,"[22, 145, 479, 437]","[22, 145, 479, 437]",61.246,False,38.754,True,False,False,True,"[""ammo"", ""box"", ""png""]","[""doomsday"", ""scheme_card"", ""warning_indicator"", ""world_decal""]",True
doomsday_icons,res://assets/tilesets/cyber_city_core_tilesets/Store_Items/Doomsday Icons/Doomsday Icons/Box_Ammo2.png,Box_Ammo2.png,.png,512,512,True,"[42, 71, 485, 446]","[42, 71, 485, 446]",54.539,False,45.461,True,False,False,True,"[""ammo"", ""box"", ""png""]","[""doomsday"", ""scheme_card"", ""warning_indicator"", ""world_decal""]",True
doomsday_icons,res://assets/tilesets/cyber_city_core_tilesets/Store_Items/Doomsday Icons/Doomsday Icons/Box_Ammo3.png,Box_Ammo3.png,.png,512,512,True,"[71, 27, 479, 478]","[71, 27, 479, 478]",48.282,False,51.718,True,False,False,True,"[""ammo"", ""box"", ""png""]","[""doomsday"", ""scheme_card"", ""warning_indicator"", ""world_decal""]",True
doomsday_icons,res://assets/tilesets/cyber_city_core_tilesets/Store_Items/Doomsday Icons/Doomsday Icons/Box_Ammo4.png,Box_Ammo4.png,.png,512,512,True,"[72, 68, 466, 452]","[72, 68, 466, 452]",52.678,False,47.322,True,False,False,True,"[""ammo"", ""box"", ""png""]","[""doomsday"", ""scheme_card"", ""warning_indicator"", ""world_decal""]",True
doomsday_icons,res://assets/tilesets/cyber_city_core_tilesets/Store_Items/Doomsday Icons/Doomsday Icons/Box_Ammo5.png,Box_Ammo5.png,.png,512,512,True,"[19, 55, 496, 502]","[19, 55, 496, 502]",41.28,False,58.72,True,False,False,True,"[""ammo"", ""box"", ""png""]","[""doomsday"", ""scheme_card"", ""warning_indicator"", ""world_decal""]",True
doomsday_icons,res://assets/tilesets/cyber_city_core_tilesets/Store_Items/Doomsday Icons/Doomsday Icons/Box_Ammo6.png,Box_Ammo6.png,.png,512,512,True,"[57, 130, 471, 426]","[57, 130, 471, 426]",60.511,False,39.489,True,False,False,True,"[""ammo"", ""box"", ""png""]","[""doomsday"", ""scheme_card"", ""warning_indicator"", ""world_decal""]",True
doomsday_icons,res://assets/tilesets/cyber_city_core_tilesets/Store_Items/Doomsday Icons/Doomsday Icons/Box_Bloody1.png,Box_Bloody1.png,.png,512,512,True,"[6, 149, 502, 456]","[6, 149, 502, 456]",58.054,False,41.946,True,False,False,True,"[""bloody"", ""box"", ""png""]","[""doomsday"", ""scheme_card"", ""warning_indicator"", ""world_decal""]",True
doomsday_icons,res://assets/tilesets/cyber_city_core_tilesets/Store_Items/Doomsday Icons/Doomsday Icons/Box_Cardboard1.png,Box_Cardboard1.png,.png,512,512,True,"[23, 76, 465, 473]","[23, 76, 465, 473]",45.718,False,54.282,True,False,False,True,"[""box"", ""cardboard"", ""png""]","[""doomsday"", ""scheme_card"", ""warning_indicator"", ""world_decal""]",True
doomsday_icons,res://assets/tilesets/cyber_city_core_tilesets/Store_Items/Doomsday Icons/Doomsday Icons/Box_Cardboard10.png,Box_Cardboard10.png,.png,512,512,True,"[9, 126, 508, 446]","[9, 126, 508, 446]",48.884,False,51.116,True,False,False,True,"[""box"", ""cardboard"", ""png""]","[""doomsday"", ""scheme_card"", ""warning_indicator"", ""world_decal""]",True
doomsday_icons,res://assets/tilesets/cyber_city_core_tilesets/Store_Items/Doomsday Icons/Doomsday Icons/Box_Cardboard11.png,Box_Cardboard11.png,.png,512,512,True,"[7, 140, 499, 460]","[7, 140, 499, 460]",52.689,False,47.311,True,False,False,True,"[""box"", ""cardboard"", ""png""]","[""doomsday"", ""scheme_card"", ""warning_indicator"", ""world_decal""]",True
doomsday_icons,res://assets/tilesets/cyber_city_core_tilesets/Store_Items/Doomsday Icons/Doomsday Icons/Box_Cardboard2.png,Box_Cardboard2.png,.png,512,512,True,"[28, 99, 489, 450]","[28, 99, 489, 450]",49.923,False,50.077,True,False,False,True,"[""box"", ""cardboard"", ""png""]","[""doomsday"", ""scheme_card"", ""warning_indicator"", ""world_decal""]",True
doomsday_icons,res://assets/tilesets/cyber_city_core_tilesets/Store_Items/Doomsday Icons/Doomsday Icons/Box_Cardboard3.png,Box_Cardboard3.png,.png,512,512,True,"[16, 108, 468, 422]","[16, 108, 468, 422]",57.671,False,42.329,True,False,False,True,"[""box"", ""cardboard"", ""png""]","[""doomsday"", ""scheme_card"", ""warning_indicator"", ""world_decal""]",True
doomsday_icons,res://assets/tilesets/cyber_city_core_tilesets/Store_Items/Doomsday Icons/Doomsday Icons/Box_Cardboard4.png,Box_Cardboard4.png,.png,512,512,True,"[62, 138, 455, 449]","[62, 138, 455, 449]",60.39,False,39.61,True,False,False,True,"[""box"", ""cardboard"", ""png""]","[""doomsday"", ""scheme_card"", ""warning_indicator"", ""world_decal""]",True
doomsday_icons,res://assets/tilesets/cyber_city_core_tilesets/Store_Items/Doomsday Icons/Doomsday Icons/Box_Cardboard5.png,Box_Cardboard5.png,.png,512,512,True,"[45, 76, 471, 459]","[45, 76, 471, 459]",51.517,False,48.483,True,False,False,True,"[""box"", ""cardboard"", ""png""]","[""doomsday"", ""scheme_card"", ""warning_indicator"", ""world_decal""]",True
doomsday_icons,res://assets/tilesets/cyber_city_core_tilesets/Store_Items/Doomsday Icons/Doomsday Icons/Box_Cardboard6.png,Box_Cardboard6.png,.png,512,512,True,"[20, 116, 502, 484]","[20, 116, 502, 484]",45.425,False,54.575,True,False,False,True,"[""box"", ""cardboard"", ""png""]","[""doomsday"", ""scheme_card"", ""warning_indicator"", ""world_decal""]",True
doomsday_icons,res://assets/tilesets/cyber_city_core_tilesets/Store_Items/Doomsday Icons/Doomsday Icons/Box_Cardboard7.png,Box_Cardboard7.png,.png,512,512,True,"[36, 113, 489, 463]","[36, 113, 489, 463]",53.922,False,46.078,True,False,False,True,"[""box"", ""cardboard"", ""png""]","[""doomsday"", ""scheme_card"", ""warning_indicator"", ""world_decal""]",True
doomsday_icons,res://assets/tilesets/cyber_city_core_tilesets/Store_Items/Doomsday Icons/Doomsday Icons/Box_Cardboard8.png,Box_Cardboard8.png,.png,512,512,True,"[49, 94, 475, 477]","[49, 94, 475, 477]",53.242,False,46.758,True,False,False,True,"[""box"", ""cardboard"", ""png""]","[""doomsday"", ""scheme_card"", ""warning_indicator"", ""world_decal""]",True
doomsday_icons,res://assets/tilesets/cyber_city_core_tilesets/Store_Items/Doomsday Icons/Doomsday Icons/Box_Cardboard9.png,Box_Cardboard9.png,.png,512,512,True,"[44, 83, 492, 481]","[44, 83, 492, 481]",49.123,False,50.877,True,False,False,True,"[""box"", ""cardboard"", ""png""]","[""doomsday"", ""scheme_card"", ""warning_indicator"", ""world_decal""]",True
doomsday_icons,res://assets/tilesets/cyber_city_core_tilesets/Store_Items/Doomsday Icons/Doomsday Icons/Box_Files1.png,Box_Files1.png,.png,512,512,True,"[9, 116, 494, 456]","[9, 116, 494, 456]",51.141,False,48.859,True,False,False,False,"[""box"", ""evidence"", ""files"", ""png""]","[""big_case"", ""evidence"", ""evidence_board"", ""inventory_icon""]",True
doomsday_icons,res://assets/tilesets/cyber_city_core_tilesets/Store_Items/Doomsday Icons/Doomsday Icons/Box_Garbage1.png,Box_Garbage1.png,.png,512,512,True,"[29, 44, 472, 450]","[29, 44, 472, 450]",52.761,False,47.239,True,False,False,True,"[""box"", ""garbage"", ""png""]","[""doomsday"", ""scheme_card"", ""warning_indicator"", ""world_decal""]",True
doomsday_icons,res://assets/tilesets/cyber_city_core_tilesets/Store_Items/Doomsday Icons/Doomsday Icons/Box_Goods1.png,Box_Goods1.png,.png,512,512,True,"[10, 152, 508, 452]","[10, 152, 508, 452]",59.049,False,40.951,True,False,False,True,"[""box"", ""goods"", ""png""]","[""doomsday"", ""scheme_card"", ""warning_indicator"", ""world_decal""]",True
doomsday_icons,res://assets/tilesets/cyber_city_core_tilesets/Store_Items/Doomsday Icons/Doomsday Icons/Box_Goods2.png,Box_Goods2.png,.png,512,512,True,"[4, 98, 506, 450]","[4, 98, 506, 450]",54.823,False,45.177,True,False,False,True,"[""box"", ""goods"", ""png""]","[""doomsday"", ""scheme_card"", ""warning_indicator"", ""world_decal""]",True
doomsday_icons,res://assets/tilesets/cyber_city_core_tilesets/Store_Items/Doomsday Icons/Doomsday Icons/Box_Goods3.png,Box_Goods3.png,.png,512,512,True,"[0, 111, 502, 454]","[0, 111, 502, 454]",52.452,False,47.548,True,False,False,True,"[""box"", ""goods"", ""png""]","[""doomsday"", ""scheme_card"", ""warning_indicator"", ""world_decal""]",True
doomsday_icons,res://assets/tilesets/cyber_city_core_tilesets/Store_Items/Doomsday Icons/Doomsday Icons/Box_Goods4.png,Box_Goods4.png,.png,512,512,True,"[1, 155, 508, 442]","[1, 155, 508, 442]",60.936,False,39.064,True,False,False,True,"[""box"", ""goods"", ""png""]","[""doomsday"", ""scheme_card"", ""warning_indicator"", ""world_decal""]",True
doomsday_icons,res://assets/tilesets/cyber_city_core_tilesets/Store_Items/Doomsday Icons/Doomsday Icons/Box_Goods5.png,Box_Goods5.png,.png,512,512,True,"[10, 88, 501, 472]","[10, 88, 501, 472]",51.911,False,48.089,True,False,False,True,"[""box"", ""goods"", ""png""]","[""doomsday"", ""scheme_card"", ""warning_indicator"", ""world_decal""]",True
doomsday_icons,res://assets/tilesets/cyber_city_core_tilesets/Store_Items/Doomsday Icons/Doomsday Icons/Box_Goods6.png,Box_Goods6.png,.png,512,512,True,"[1, 74, 509, 450]","[1, 74, 509, 450]",57.457,False,42.543,True,False,False,True,"[""box"", ""goods"", ""png""]","[""doomsday"", ""scheme_card"", ""warning_indicator"", ""world_decal""]",True
doomsday_icons,res://assets/tilesets/cyber_city_core_tilesets/Store_Items/Doomsday Icons/Doomsday Icons/Box_Grenades1.png,Box_Grenades1.png,.png,512,512,True,"[10, 181, 498, 384]","[10, 181, 498, 384]",69.632,False,30.368,True,False,False,True,"[""box"", ""grenades"", ""png""]","[""doomsday"", ""scheme_card"", ""warning_indicator"", ""world_decal""]",True
doomsday_icons,res://assets/tilesets/cyber_city_core_tilesets/Store_Items/Doomsday Icons/Doomsday Icons/Box_Metal1.png,Box_Metal1.png,.png,512,512,True,"[1, 118, 506, 420]","[1, 118, 506, 420]",53.282,False,46.718,True,False,False,True,"[""box"", ""metal"", ""png""]","[""doomsday"", ""scheme_card"", ""warning_indicator"", ""world_decal""]",True
doomsday_icons,res://assets/tilesets/cyber_city_core_tilesets/Store_Items/Doomsday Icons/Doomsday Icons/Box_Military1.png,Box_Military1.png,.png,512,512,True,"[5, 166, 504, 405]","[5, 166, 504, 405]",67.22,False,32.78,True,False,False,True,"[""box"", ""military"", ""png""]","[""doomsday"", ""scheme_card"", ""warning_indicator"", ""world_decal""]",True
doomsday_icons,res://assets/tilesets/cyber_city_core_tilesets/Store_Items/Doomsday Icons/Doomsday Icons/Box_Military2.png,Box_Military2.png,.png,512,512,True,"[14, 116, 490, 439]","[14, 116, 490, 439]",51.603,False,48.397,True,False,False,True,"[""box"", ""military"", ""png""]","[""doomsday"", ""scheme_card"", ""warning_indicator"", ""world_decal""]",True
doomsday_icons,res://assets/tilesets/cyber_city_core_tilesets/Store_Items/Doomsday Icons/Doomsday Icons/Box_Rations1.png,Box_Rations1.png,.png,512,512,True,"[40, 166, 490, 447]","[40, 166, 490, 447]",62.355,False,37.645,True,False,False,True,"[""box"", ""png"", ""rations""]","[""doomsday"", ""scheme_card"", ""warning_indicator"", ""world_decal""]",True
doomsday_icons,res://assets/tilesets/cyber_city_core_tilesets/Store_Items/Doomsday Icons/Doomsday Icons/Box_Rations2.png,Box_Rations2.png,.png,512,512,True,"[25, 145, 495, 435]","[25, 145, 495, 435]",57.709,False,42.291,True,False,False,True,"[""box"", ""png"", ""rations""]","[""doomsday"", ""scheme_card"", ""warning_indicator"", ""world_decal""]",True
doomsday_icons,res://assets/tilesets/cyber_city_core_tilesets/Store_Items/Doomsday Icons/Doomsday Icons/Box_Rations3.png,Box_Rations3.png,.png,512,512,True,"[3, 219, 501, 377]","[3, 219, 501, 377]",76.947,False,23.053,True,False,False,True,"[""box"", ""png"", ""rations""]","[""doomsday"", ""scheme_card"", ""warning_indicator"", ""world_decal""]",True
doomsday_icons,res://assets/tilesets/cyber_city_core_tilesets/Store_Items/Doomsday Icons/Doomsday Icons/Box_Rations4.png,Box_Rations4.png,.png,512,512,True,"[3, 225, 501, 378]","[3, 225, 501, 378]",77.471,False,22.529,True,False,False,True,"[""box"", ""png"", ""rations""]","[""doomsday"", ""scheme_card"", ""warning_indicator"", ""world_decal""]",True
doomsday_icons,res://assets/tilesets/cyber_city_core_tilesets/Store_Items/Doomsday Icons/Doomsday Icons/Box_Rations5.png,Box_Rations5.png,.png,512,512,True,"[72, 167, 461, 434]","[72, 167, 461, 434]",67.968,False,32.032,True,False,False,True,"[""box"", ""png"", ""rations""]","[""doomsday"", ""scheme_card"", ""warning_indicator"", ""world_decal""]",True
doomsday_icons,res://assets/tilesets/cyber_city_core_tilesets/Store_Items/Doomsday Icons/Doomsday Icons/Box_Rations6.png,Box_Rations6.png,.png,512,512,True,"[23, 61, 484, 473]","[23, 61, 484, 473]",42.964,False,57.036,True,False,False,True,"[""box"", ""png"", ""rations""]","[""doomsday"", ""scheme_card"", ""warning_indicator"", ""world_decal""]",True
doomsday_icons,res://assets/tilesets/cyber_city_core_tilesets/Store_Items/Doomsday Icons/Doomsday Icons/Brick1.png,Brick1.png,.png,512,512,True,"[56, 48, 478, 469]","[56, 48, 478, 469]",63.468,False,36.532,True,False,False,True,"[""brick"", ""png""]","[""doomsday"", ""scheme_card"", ""warning_indicator"", ""world_decal""]",True
doomsday_icons,res://assets/tilesets/cyber_city_core_tilesets/Store_Items/Doomsday Icons/Doomsday Icons/Broom1.png,Broom1.png,.png,512,512,True,"[167, 6, 345, 491]","[167, 6, 345, 491]",95.226,False,4.774,True,False,False,True,"[""broom"", ""png""]","[""doomsday"", ""scheme_card"", ""warning_indicator"", ""world_decal""]",True
doomsday_icons,res://assets/tilesets/cyber_city_core_tilesets/Store_Items/Doomsday Icons/Doomsday Icons/Bucket1.png,Bucket1.png,.png,512,512,True,"[146, 25, 393, 461]","[146, 25, 393, 461]",72.985,False,27.015,True,False,False,True,"[""bucket"", ""png""]","[""doomsday"", ""scheme_card"", ""warning_indicator"", ""world_decal""]",True
doomsday_icons,res://assets/tilesets/cyber_city_core_tilesets/Store_Items/Doomsday Icons/Doomsday Icons/Bucket2.png,Bucket2.png,.png,512,512,True,"[86, 113, 407, 453]","[86, 113, 407, 453]",67.802,False,32.198,True,False,False,True,"[""bucket"", ""png""]","[""doomsday"", ""scheme_card"", ""warning_indicator"", ""world_decal""]",True
doomsday_icons,res://assets/tilesets/cyber_city_core_tilesets/Store_Items/Doomsday Icons/Doomsday Icons/Bucket_Offal1.png,Bucket_Offal1.png,.png,512,512,True,"[29, 25, 469, 497]","[29, 25, 469, 497]",49.912,False,50.088,True,False,False,True,"[""bucket"", ""offal"", ""png""]","[""doomsday"", ""scheme_card"", ""warning_indicator"", ""world_decal""]",True
doomsday_icons,res://assets/tilesets/cyber_city_core_tilesets/Store_Items/Doomsday Icons/Doomsday Icons/Bullet1.png,Bullet1.png,.png,512,512,True,"[152, 129, 422, 389]","[152, 129, 422, 389]",91.95,False,8.05,True,False,False,True,"[""bullet"", ""png""]","[""doomsday"", ""scheme_card"", ""warning_indicator"", ""world_decal""]",True
doomsday_icons,res://assets/tilesets/cyber_city_core_tilesets/Store_Items/Doomsday Icons/Doomsday Icons/Bullets1.png,Bullets1.png,.png,512,512,True,"[4, 162, 507, 429]","[4, 162, 507, 429]",83.294,False,16.706,True,False,False,True,"[""bullets"", ""png""]","[""doomsday"", ""scheme_card"", ""warning_indicator"", ""world_decal""]",True
doomsday_icons,res://assets/tilesets/cyber_city_core_tilesets/Store_Items/Doomsday Icons/Doomsday Icons/Bunker_Device1.png,Bunker_Device1.png,.png,512,512,True,"[12, 87, 501, 450]","[12, 87, 501, 450]",53.77,False,46.23,True,False,False,True,"[""bunker"", ""device"", ""png""]","[""doomsday"", ""scheme_card"", ""warning_indicator"", ""world_decal""]",True
doomsday_icons,res://assets/tilesets/cyber_city_core_tilesets/Store_Items/Doomsday Icons/Doomsday Icons/Bunker_Device2.png,Bunker_Device2.png,.png,512,512,True,"[110, 5, 359, 510]","[110, 5, 359, 510]",61.608,False,38.392,True,False,False,True,"[""bunker"", ""device"", ""png""]","[""doomsday"", ""scheme_card"", ""warning_indicator"", ""world_decal""]",True
doomsday_icons,res://assets/tilesets/cyber_city_core_tilesets/Store_Items/Doomsday Icons/Doomsday Icons/Bunker_Device3.png,Bunker_Device3.png,.png,512,512,True,"[6, 13, 505, 488]","[6, 13, 505, 488]",37.317,False,62.683,True,False,False,True,"[""bunker"", ""device"", ""png""]","[""doomsday"", ""scheme_card"", ""warning_indicator"", ""world_decal""]",True
doomsday_icons,res://assets/tilesets/cyber_city_core_tilesets/Store_Items/Doomsday Icons/Doomsday Icons/Bunker_Device4.png,Bunker_Device4.png,.png,512,512,True,"[49, 3, 488, 509]","[49, 3, 488, 509]",36.74,False,63.26,True,False,False,True,"[""bunker"", ""device"", ""png""]","[""doomsday"", ""scheme_card"", ""warning_indicator"", ""world_decal""]",True
doomsday_icons,res://assets/tilesets/cyber_city_core_tilesets/Store_Items/Doomsday Icons/Doomsday Icons/Bunker_Scanner1.png,Bunker_Scanner1.png,.png,512,512,True,"[61, 65, 490, 429]","[61, 65, 490, 429]",52.345,False,47.655,True,False,False,True,"[""bunker"", ""png"", ""scanner"", ""security""]","[""mission_board"", ""screen_graphic"", ""security"", ""security_indicator"", ""warning_indicator"", ""world_decal""]",True
doomsday_icons,res://assets/tilesets/cyber_city_core_tilesets/Store_Items/Doomsday Icons/Doomsday Icons/Bunker_Vent1.png,Bunker_Vent1.png,.png,512,512,True,"[41, 36, 481, 463]","[41, 36, 481, 463]",43.684,False,56.316,True,False,False,True,"[""bunker"", ""png"", ""vent""]","[""doomsday"", ""scheme_card"", ""warning_indicator"", ""world_decal""]",True
doomsday_icons,res://assets/tilesets/cyber_city_core_tilesets/Store_Items/Doomsday Icons/Doomsday Icons/BusStop1.png,BusStop1.png,.png,512,512,True,"[4, 47, 503, 472]","[4, 47, 503, 472]",44.017,False,55.983,True,False,False,True,"[""busstop"", ""png""]","[""doomsday"", ""scheme_card"", ""warning_indicator"", ""world_decal""]",True
doomsday_icons,res://assets/tilesets/cyber_city_core_tilesets/Store_Items/Doomsday Icons/Doomsday Icons/Butane1.png,Butane1.png,.png,512,512,True,"[90, 16, 395, 483]","[90, 16, 395, 483]",71.402,False,28.598,True,False,False,True,"[""butane"", ""png""]","[""doomsday"", ""scheme_card"", ""warning_indicator"", ""world_decal""]",True
doomsday_icons,res://assets/tilesets/cyber_city_core_tilesets/Store_Items/Doomsday Icons/Doomsday Icons/Cabinet1.png,Cabinet1.png,.png,512,512,True,"[9, 78, 503, 476]","[9, 78, 503, 476]",34.958,False,65.042,True,False,False,True,"[""cabinet"", ""png""]","[""doomsday"", ""scheme_card"", ""warning_indicator"", ""world_decal""]",True
doomsday_icons,res://assets/tilesets/cyber_city_core_tilesets/Store_Items/Doomsday Icons/Doomsday Icons/Cabinet2.png,Cabinet2.png,.png,512,512,True,"[9, 75, 503, 508]","[9, 75, 503, 508]",32.973,False,67.027,True,False,False,True,"[""cabinet"", ""png""]","[""doomsday"", ""scheme_card"", ""warning_indicator"", ""world_decal""]",True
doomsday_icons,res://assets/tilesets/cyber_city_core_tilesets/Store_Items/Doomsday Icons/Doomsday Icons/Cabinet3.png,Cabinet3.png,.png,512,512,True,"[4, 138, 504, 441]","[4, 138, 504, 441]",68.737,False,31.263,True,False,False,True,"[""cabinet"", ""png""]","[""doomsday"", ""scheme_card"", ""warning_indicator"", ""world_decal""]",True
doomsday_icons,res://assets/tilesets/cyber_city_core_tilesets/Store_Items/Doomsday Icons/Doomsday Icons/Cable1.png,Cable1.png,.png,512,512,True,"[25, 119, 493, 416]","[25, 119, 493, 416]",60.451,False,39.549,True,False,False,True,"[""cable"", ""png""]","[""doomsday"", ""scheme_card"", ""warning_indicator"", ""world_decal""]",True
doomsday_icons,res://assets/tilesets/cyber_city_core_tilesets/Store_Items/Doomsday Icons/Doomsday Icons/Cable2.png,Cable2.png,.png,512,512,True,"[12, 140, 489, 340]","[12, 140, 489, 340]",95.705,False,4.295,True,False,False,True,"[""cable"", ""png""]","[""doomsday"", ""scheme_card"", ""warning_indicator"", ""world_decal""]",True
doomsday_icons,res://assets/tilesets/cyber_city_core_tilesets/Store_Items/Doomsday Icons/Doomsday Icons/CableSpool1.png,CableSpool1.png,.png,512,512,True,"[62, 4, 454, 490]","[62, 4, 454, 490]",47.303,False,52.697,True,False,False,True,"[""cablespool"", ""png""]","[""doomsday"", ""scheme_card"", ""warning_indicator"", ""world_decal""]",True
doomsday_icons,res://assets/tilesets/cyber_city_core_tilesets/Store_Items/Doomsday Icons/Doomsday Icons/Cage1.png,Cage1.png,.png,512,512,True,"[74, 3, 459, 506]","[74, 3, 459, 506]",36.497,False,63.503,True,False,False,True,"[""cage"", ""png""]","[""doomsday"", ""scheme_card"", ""warning_indicator"", ""world_decal""]",True
doomsday_icons,res://assets/tilesets/cyber_city_core_tilesets/Store_Items/Doomsday Icons/Doomsday Icons/Calculator1.png,Calculator1.png,.png,512,512,True,"[110, 83, 397, 423]","[110, 83, 397, 423]",70.599,False,29.401,True,False,False,True,"[""calculator"", ""png""]","[""doomsday"", ""scheme_card"", ""warning_indicator"", ""world_decal""]",True
doomsday_icons,res://assets/tilesets/cyber_city_core_tilesets/Store_Items/Doomsday Icons/Doomsday Icons/Camera1.png,Camera1.png,.png,512,512,True,"[96, 39, 426, 437]","[96, 39, 426, 437]",79.625,False,20.375,True,False,False,True,"[""camera"", ""png"", ""security""]","[""mission_board"", ""screen_graphic"", ""security"", ""security_indicator"", ""warning_indicator"", ""world_decal""]",True
doomsday_icons,res://assets/tilesets/cyber_city_core_tilesets/Store_Items/Doomsday Icons/Doomsday Icons/CampingKit1.png,CampingKit1.png,.png,512,512,True,"[8, 84, 499, 428]","[8, 84, 499, 428]",58.481,False,41.519,True,False,False,False,"[""campingkit"", ""mission"", ""png""]","[""map_pin"", ""objective_marker""]",True
doomsday_icons,res://assets/tilesets/cyber_city_core_tilesets/Store_Items/Doomsday Icons/Doomsday Icons/CampStove1.png,CampStove1.png,.png,512,512,True,"[3, 110, 511, 437]","[3, 110, 511, 437]",56.847,False,43.153,True,False,False,True,"[""campstove"", ""png""]","[""doomsday"", ""scheme_card"", ""warning_indicator"", ""world_decal""]",True
doomsday_icons,res://assets/tilesets/cyber_city_core_tilesets/Store_Items/Doomsday Icons/Doomsday Icons/Can1.png,Can1.png,.png,512,512,True,"[134, 38, 427, 443]","[134, 38, 427, 443]",69.185,False,30.815,True,False,False,True,"[""can"", ""png""]","[""doomsday"", ""scheme_card"", ""warning_indicator"", ""world_decal""]",True
doomsday_icons,res://assets/tilesets/cyber_city_core_tilesets/Store_Items/Doomsday Icons/Doomsday Icons/Can10.png,Can10.png,.png,512,512,True,"[77, 108, 434, 451]","[77, 108, 434, 451]",58.866,False,41.134,True,False,False,True,"[""can"", ""png""]","[""doomsday"", ""scheme_card"", ""warning_indicator"", ""world_decal""]",True
doomsday_icons,res://assets/tilesets/cyber_city_core_tilesets/Store_Items/Doomsday Icons/Doomsday Icons/Can11.png,Can11.png,.png,512,512,True,"[105, 119, 404, 424]","[105, 119, 404, 424]",68.056,False,31.944,True,False,False,True,"[""can"", ""png""]","[""doomsday"", ""scheme_card"", ""warning_indicator"", ""world_decal""]",True
doomsday_icons,res://assets/tilesets/cyber_city_core_tilesets/Store_Items/Doomsday Icons/Doomsday Icons/Can12.png,Can12.png,.png,512,512,True,"[132, 108, 376, 445]","[132, 108, 376, 445]",72.445,False,27.555,True,False,False,True,"[""can"", ""png""]","[""doomsday"", ""scheme_card"", ""warning_indicator"", ""world_decal""]",True
doomsday_icons,res://assets/tilesets/cyber_city_core_tilesets/Store_Items/Doomsday Icons/Doomsday Icons/Can13.png,Can13.png,.png,512,512,True,"[164, 38, 356, 454]","[164, 38, 356, 454]",77.048,False,22.952,True,False,False,True,"[""can"", ""png""]","[""doomsday"", ""scheme_card"", ""warning_indicator"", ""world_decal""]",True
doomsday_icons,res://assets/tilesets/cyber_city_core_tilesets/Store_Items/Doomsday Icons/Doomsday Icons/Can14.png,Can14.png,.png,512,512,True,"[152, 98, 360, 450]","[152, 98, 360, 450]",74.417,False,25.583,True,False,False,True,"[""can"", ""png""]","[""doomsday"", ""scheme_card"", ""warning_indicator"", ""world_decal""]",True
doomsday_icons,res://assets/tilesets/cyber_city_core_tilesets/Store_Items/Doomsday Icons/Doomsday Icons/Can15.png,Can15.png,.png,512,512,True,"[161, 18, 337, 480]","[161, 18, 337, 480]",74.566,False,25.434,True,False,False,True,"[""can"", ""png""]","[""doomsday"", ""scheme_card"", ""warning_indicator"", ""world_decal""]",True
doomsday_icons,res://assets/tilesets/cyber_city_core_tilesets/Store_Items/Doomsday Icons/Doomsday Icons/Can16.png,Can16.png,.png,512,512,True,"[94, 73, 438, 469]","[94, 73, 438, 469]",53.803,False,46.197,True,False,False,True,"[""can"", ""png""]","[""doomsday"", ""scheme_card"", ""warning_indicator"", ""world_decal""]",True
doomsday_icons,res://assets/tilesets/cyber_city_core_tilesets/Store_Items/Doomsday Icons/Doomsday Icons/Can17.png,Can17.png,.png,512,512,True,"[138, 48, 370, 468]","[138, 48, 370, 468]",69.032,False,30.968,True,False,False,True,"[""can"", ""png""]","[""doomsday"", ""scheme_card"", ""warning_indicator"", ""world_decal""]",True
doomsday_icons,res://assets/tilesets/cyber_city_core_tilesets/Store_Items/Doomsday Icons/Doomsday Icons/Can18.png,Can18.png,.png,512,512,True,"[134, 3, 383, 508]","[134, 3, 383, 508]",62.116,False,37.884,True,False,False,True,"[""can"", ""png""]","[""doomsday"", ""scheme_card"", ""warning_indicator"", ""world_decal""]",True
doomsday_icons,res://assets/tilesets/cyber_city_core_tilesets/Store_Items/Doomsday Icons/Doomsday Icons/Can19.png,Can19.png,.png,512,512,True,"[102, 48, 405, 483]","[102, 48, 405, 483]",54.781,False,45.219,True,False,False,True,"[""can"", ""png""]","[""doomsday"", ""scheme_card"", ""warning_indicator"", ""world_decal""]",True
doomsday_icons,res://assets/tilesets/cyber_city_core_tilesets/Store_Items/Doomsday Icons/Doomsday Icons/Can2.png,Can2.png,.png,512,512,True,"[144, 41, 395, 460]","[144, 41, 395, 460]",64.848,False,35.152,True,False,False,True,"[""can"", ""png""]","[""doomsday"", ""scheme_card"", ""warning_indicator"", ""world_decal""]",True
doomsday_icons,res://assets/tilesets/cyber_city_core_tilesets/Store_Items/Doomsday Icons/Doomsday Icons/Can20.png,Can20.png,.png,512,512,True,"[52, 118, 469, 398]","[52, 118, 469, 398]",68.94,False,31.06,True,False,False,True,"[""can"", ""png""]","[""doomsday"", ""scheme_card"", ""warning_indicator"", ""world_decal""]",True
doomsday_icons,res://assets/tilesets/cyber_city_core_tilesets/Store_Items/Doomsday Icons/Doomsday Icons/Can21.png,Can21.png,.png,512,512,True,"[98, 18, 403, 476]","[98, 18, 403, 476]",70.06,False,29.94,True,False,False,True,"[""can"", ""png""]","[""doomsday"", ""scheme_card"", ""warning_indicator"", ""world_decal""]",True
doomsday_icons,res://assets/tilesets/cyber_city_core_tilesets/Store_Items/Doomsday Icons/Doomsday Icons/Can22.png,Can22.png,.png,512,512,True,"[123, 26, 416, 491]","[123, 26, 416, 491]",53.897,False,46.103,True,False,False,True,"[""can"", ""png""]","[""doomsday"", ""scheme_card"", ""warning_indicator"", ""world_decal""]",True
doomsday_icons,res://assets/tilesets/cyber_city_core_tilesets/Store_Items/Doomsday Icons/Doomsday Icons/Can23.png,Can23.png,.png,512,512,True,"[105, 22, 398, 491]","[105, 22, 398, 491]",53.796,False,46.204,True,False,False,True,"[""can"", ""png""]","[""doomsday"", ""scheme_card"", ""warning_indicator"", ""world_decal""]",True
doomsday_icons,res://assets/tilesets/cyber_city_core_tilesets/Store_Items/Doomsday Icons/Doomsday Icons/Can24.png,Can24.png,.png,512,512,True,"[47, 116, 476, 439]","[47, 116, 476, 439]",52.694,False,47.306,True,False,False,True,"[""can"", ""png""]","[""doomsday"", ""scheme_card"", ""warning_indicator"", ""world_decal""]",True
doomsday_icons,res://assets/tilesets/cyber_city_core_tilesets/Store_Items/Doomsday Icons/Doomsday Icons/Can25.png,Can25.png,.png,512,512,True,"[45, 107, 498, 457]","[45, 107, 498, 457]",46.341,False,53.659,True,False,False,True,"[""can"", ""png""]","[""doomsday"", ""scheme_card"", ""warning_indicator"", ""world_decal""]",True
doomsday_icons,res://assets/tilesets/cyber_city_core_tilesets/Store_Items/Doomsday Icons/Doomsday Icons/Can3.png,Can3.png,.png,512,512,True,"[102, 45, 399, 450]","[102, 45, 399, 450]",59.402,False,40.598,True,False,False,True,"[""can"", ""png""]","[""doomsday"", ""scheme_card"", ""warning_indicator"", ""world_decal""]",True
doomsday_icons,res://assets/tilesets/cyber_city_core_tilesets/Store_Items/Doomsday Icons/Doomsday Icons/Can4.png,Can4.png,.png,512,512,True,"[104, 62, 397, 462]","[104, 62, 397, 462]",59.744,False,40.256,True,False,False,True,"[""can"", ""png""]","[""doomsday"", ""scheme_card"", ""warning_indicator"", ""world_decal""]",True
doomsday_icons,res://assets/tilesets/cyber_city_core_tilesets/Store_Items/Doomsday Icons/Doomsday Icons/Can5.png,Can5.png,.png,512,512,True,"[101, 58, 415, 470]","[101, 58, 415, 470]",58.606,False,41.394,True,False,False,True,"[""can"", ""png""]","[""doomsday"", ""scheme_card"", ""warning_indicator"", ""world_decal""]",True
doomsday_icons,res://assets/tilesets/cyber_city_core_tilesets/Store_Items/Doomsday Icons/Doomsday Icons/Can6.png,Can6.png,.png,512,512,True,"[89, 201, 409, 403]","[89, 201, 409, 403]",78.733,False,21.267,True,False,False,True,"[""can"", ""png""]","[""doomsday"", ""scheme_card"", ""warning_indicator"", ""world_decal""]",True
doomsday_icons,res://assets/tilesets/cyber_city_core_tilesets/Store_Items/Doomsday Icons/Doomsday Icons/Can7.png,Can7.png,.png,512,512,True,"[44, 83, 459, 447]","[44, 83, 459, 447]",54.657,False,45.343,True,False,False,True,"[""can"", ""png""]","[""doomsday"", ""scheme_card"", ""warning_indicator"", ""world_decal""]",True
doomsday_icons,res://assets/tilesets/cyber_city_core_tilesets/Store_Items/Doomsday Icons/Doomsday Icons/Can8.png,Can8.png,.png,512,512,True,"[67, 223, 459, 359]","[67, 223, 459, 359]",83.587,False,16.413,True,False,False,True,"[""can"", ""png""]","[""doomsday"", ""scheme_card"", ""warning_indicator"", ""world_decal""]",True
doomsday_icons,res://assets/tilesets/cyber_city_core_tilesets/Store_Items/Doomsday Icons/Doomsday Icons/Can9.png,Can9.png,.png,512,512,True,"[40, 132, 481, 403]","[40, 132, 481, 403]",74.279,False,25.721,True,False,False,True,"[""can"", ""png""]","[""doomsday"", ""scheme_card"", ""warning_indicator"", ""world_decal""]",True
doomsday_icons,res://assets/tilesets/cyber_city_core_tilesets/Store_Items/Doomsday Icons/Doomsday Icons/Can_Oil1.png,Can_Oil1.png,.png,512,512,True,"[133, 68, 403, 474]","[133, 68, 403, 474]",62.538,False,37.462,True,False,False,True,"[""can"", ""oil"", ""png""]","[""doomsday"", ""scheme_card"", ""warning_indicator"", ""world_decal""]",True
doomsday_icons,res://assets/tilesets/cyber_city_core_tilesets/Store_Items/Doomsday Icons/Doomsday Icons/Can_Oil2.png,Can_Oil2.png,.png,512,512,True,"[140, 62, 377, 465]","[140, 62, 377, 465]",70.282,False,29.718,True,False,False,True,"[""can"", ""oil"", ""png""]","[""doomsday"", ""scheme_card"", ""warning_indicator"", ""world_decal""]",True
doomsday_icons,res://assets/tilesets/cyber_city_core_tilesets/Store_Items/Doomsday Icons/Doomsday Icons/Can_Oil3.png,Can_Oil3.png,.png,512,512,True,"[104, 36, 422, 483]","[104, 36, 422, 483]",55.153,False,44.847,True,False,False,True,"[""can"", ""oil"", ""png""]","[""doomsday"", ""scheme_card"", ""warning_indicator"", ""world_decal""]",True
doomsday_icons,res://assets/tilesets/cyber_city_core_tilesets/Store_Items/Doomsday Icons/Doomsday Icons/Candle1.png,Candle1.png,.png,512,512,True,"[40, 38, 450, 439]","[40, 38, 450, 439]",72.405,False,27.595,True,False,False,True,"[""candle"", ""png""]","[""doomsday"", ""scheme_card"", ""warning_indicator"", ""world_decal""]",True
doomsday_icons,res://assets/tilesets/cyber_city_core_tilesets/Store_Items/Doomsday Icons/Doomsday Icons/Candlestick1.png,Candlestick1.png,.png,512,512,True,"[133, 38, 379, 491]","[133, 38, 379, 491]",92.059,False,7.941,True,False,False,True,"[""candlestick"", ""png""]","[""doomsday"", ""scheme_card"", ""warning_indicator"", ""world_decal""]",True
doomsday_icons,res://assets/tilesets/cyber_city_core_tilesets/Store_Items/Doomsday Icons/Doomsday Icons/CanvasRoll1.png,CanvasRoll1.png,.png,512,512,True,"[3, 165, 505, 382]","[3, 165, 505, 382]",77.909,False,22.091,True,False,False,True,"[""canvasroll"", ""png""]","[""doomsday"", ""scheme_card"", ""warning_indicator"", ""world_decal""]",True
doomsday_icons,res://assets/tilesets/cyber_city_core_tilesets/Store_Items/Doomsday Icons/Doomsday Icons/CanvasRoll2.png,CanvasRoll2.png,.png,512,512,True,"[17, 186, 494, 381]","[17, 186, 494, 381]",79.076,False,20.924,True,False,False,True,"[""canvasroll"", ""png""]","[""doomsday"", ""scheme_card"", ""warning_indicator"", ""world_decal""]",True
doomsday_icons,res://assets/tilesets/cyber_city_core_tilesets/Store_Items/Doomsday Icons/Doomsday Icons/CanvasRoll3.png,CanvasRoll3.png,.png,512,512,True,"[10, 187, 496, 400]","[10, 187, 496, 400]",69.946,False,30.054,True,False,False,True,"[""canvasroll"", ""png""]","[""doomsday"", ""scheme_card"", ""warning_indicator"", ""world_decal""]",True
doomsday_icons,res://assets/tilesets/cyber_city_core_tilesets/Store_Items/Doomsday Icons/Doomsday Icons/Carriage1.png,Carriage1.png,.png,512,512,True,"[78, 2, 396, 494]","[78, 2, 396, 494]",71.178,False,28.822,True,False,False,True,"[""carriage"", ""png""]","[""doomsday"", ""scheme_card"", ""warning_indicator"", ""world_decal""]",True
doomsday_icons,res://assets/tilesets/cyber_city_core_tilesets/Store_Items/Doomsday Icons/Doomsday Icons/Cash1.png,Cash1.png,.png,512,512,True,"[173, 177, 354, 358]","[173, 177, 354, 358]",93.625,False,6.375,True,False,False,False,"[""cash"", ""png"", ""store""]","[""currency"", ""inventory_icon"", ""store_terminal"", ""storefront_item""]",True
doomsday_icons,res://assets/tilesets/cyber_city_core_tilesets/Store_Items/Doomsday Icons/Doomsday Icons/CashBox1.png,CashBox1.png,.png,512,512,True,"[10, 159, 509, 460]","[10, 159, 509, 460]",54.335,False,45.665,True,False,False,False,"[""cashbox"", ""png"", ""store""]","[""currency"", ""inventory_icon"", ""store_terminal"", ""storefront_item""]",True
doomsday_icons,res://assets/tilesets/cyber_city_core_tilesets/Store_Items/Doomsday Icons/Doomsday Icons/CCTV1.png,CCTV1.png,.png,512,512,True,"[30, 11, 484, 498]","[30, 11, 484, 498]",25.764,False,74.236,True,False,False,True,"[""cctv"", ""png""]","[""doomsday"", ""scheme_card"", ""warning_indicator"", ""world_decal""]",True
doomsday_icons,res://assets/tilesets/cyber_city_core_tilesets/Store_Items/Doomsday Icons/Doomsday Icons/CementMixer1.png,CementMixer1.png,.png,512,512,True,"[97, 15, 398, 507]","[97, 15, 398, 507]",73.013,False,26.987,True,False,False,True,"[""cementmixer"", ""png""]","[""doomsday"", ""scheme_card"", ""warning_indicator"", ""world_decal""]",True
doomsday_icons,res://assets/tilesets/cyber_city_core_tilesets/Store_Items/Doomsday Icons/Doomsday Icons/Chainsaw1.png,Chainsaw1.png,.png,512,512,True,"[5, 59, 507, 446]","[5, 59, 507, 446]",80.748,False,19.252,True,False,False,True,"[""chainsaw"", ""png""]","[""doomsday"", ""scheme_card"", ""warning_indicator"", ""world_decal""]",True
doomsday_icons,res://assets/tilesets/cyber_city_core_tilesets/Store_Items/Doomsday Icons/Doomsday Icons/Chair1.png,Chair1.png,.png,512,512,True,"[112, 7, 434, 507]","[112, 7, 434, 507]",82.904,False,17.096,True,False,False,True,"[""chair"", ""png""]","[""doomsday"", ""scheme_card"", ""warning_indicator"", ""world_decal""]",True
doomsday_icons,res://assets/tilesets/cyber_city_core_tilesets/Store_Items/Doomsday Icons/Doomsday Icons/Chair10.png,Chair10.png,.png,512,512,True,"[47, 5, 459, 511]","[47, 5, 459, 511]",65.151,False,34.849,True,False,False,True,"[""chair"", ""png""]","[""doomsday"", ""scheme_card"", ""warning_indicator"", ""world_decal""]",True
doomsday_icons,res://assets/tilesets/cyber_city_core_tilesets/Store_Items/Doomsday Icons/Doomsday Icons/Chair2.png,Chair2.png,.png,512,512,True,"[7, 56, 506, 465]","[7, 56, 506, 465]",74.215,False,25.785,True,False,False,True,"[""chair"", ""png""]","[""doomsday"", ""scheme_card"", ""warning_indicator"", ""world_decal""]",True
doomsday_icons,res://assets/tilesets/cyber_city_core_tilesets/Store_Items/Doomsday Icons/Doomsday Icons/Chair3.png,Chair3.png,.png,512,512,True,"[57, 10, 431, 493]","[57, 10, 431, 493]",50.507,False,49.493,True,False,False,True,"[""chair"", ""png""]","[""doomsday"", ""scheme_card"", ""warning_indicator"", ""world_decal""]",True
doomsday_icons,res://assets/tilesets/cyber_city_core_tilesets/Store_Items/Doomsday Icons/Doomsday Icons/Chair4.png,Chair4.png,.png,512,512,True,"[63, 4, 397, 509]","[63, 4, 397, 509]",79.472,False,20.528,True,False,False,True,"[""chair"", ""png""]","[""doomsday"", ""scheme_card"", ""warning_indicator"", ""world_decal""]",True
doomsday_icons,res://assets/tilesets/cyber_city_core_tilesets/Store_Items/Doomsday Icons/Doomsday Icons/Chair5.png,Chair5.png,.png,512,512,True,"[151, 13, 390, 504]","[151, 13, 390, 504]",78.357,False,21.643,True,False,False,True,"[""chair"", ""png""]","[""doomsday"", ""scheme_card"", ""warning_indicator"", ""world_decal""]",True
doomsday_icons,res://assets/tilesets/cyber_city_core_tilesets/Store_Items/Doomsday Icons/Doomsday Icons/Chair6.png,Chair6.png,.png,512,512,True,"[91, 5, 402, 509]","[91, 5, 402, 509]",73.832,False,26.168,True,False,False,True,"[""chair"", ""png""]","[""doomsday"", ""scheme_card"", ""warning_indicator"", ""world_decal""]",True
doomsday_icons,res://assets/tilesets/cyber_city_core_tilesets/Store_Items/Doomsday Icons/Doomsday Icons/Chair7.png,Chair7.png,.png,512,512,True,"[73, 2, 409, 508]","[73, 2, 409, 508]",77.802,False,22.198,True,False,False,True,"[""chair"", ""png""]","[""doomsday"", ""scheme_card"", ""warning_indicator"", ""world_decal""]",True
doomsday_icons,res://assets/tilesets/cyber_city_core_tilesets/Store_Items/Doomsday Icons/Doomsday Icons/Chair8.png,Chair8.png,.png,512,512,True,"[71, 17, 443, 505]","[71, 17, 443, 505]",79.843,False,20.157,True,False,False,True,"[""chair"", ""png""]","[""doomsday"", ""scheme_card"", ""warning_indicator"", ""world_decal""]",True
doomsday_icons,res://assets/tilesets/cyber_city_core_tilesets/Store_Items/Doomsday Icons/Doomsday Icons/Chair9.png,Chair9.png,.png,512,512,True,"[6, 60, 496, 481]","[6, 60, 496, 481]",42.983,False,57.017,True,False,False,True,"[""chair"", ""png""]","[""doomsday"", ""scheme_card"", ""warning_indicator"", ""world_decal""]",True
doomsday_icons,res://assets/tilesets/cyber_city_core_tilesets/Store_Items/Doomsday Icons/Doomsday Icons/Chopsticks1.png,Chopsticks1.png,.png,512,512,True,"[21, 73, 470, 414]","[21, 73, 470, 414]",92.897,False,7.103,True,False,False,True,"[""chopsticks"", ""png""]","[""doomsday"", ""scheme_card"", ""warning_indicator"", ""world_decal""]",True
doomsday_icons,res://assets/tilesets/cyber_city_core_tilesets/Store_Items/Doomsday Icons/Doomsday Icons/Cinderblock1.png,Cinderblock1.png,.png,512,512,True,"[55, 138, 442, 435]","[55, 138, 442, 435]",68.703,False,31.297,True,False,False,True,"[""cinderblock"", ""png"", ""security""]","[""mission_board"", ""screen_graphic"", ""security"", ""security_indicator"", ""warning_indicator"", ""world_decal""]",True
doomsday_icons,res://assets/tilesets/cyber_city_core_tilesets/Store_Items/Doomsday Icons/Doomsday Icons/Cinderblock2.png,Cinderblock2.png,.png,512,512,True,"[99, 149, 421, 421]","[99, 149, 421, 421]",78.896,False,21.104,True,False,False,True,"[""cinderblock"", ""png"", ""security""]","[""mission_board"", ""screen_graphic"", ""security"", ""security_indicator"", ""warning_indicator"", ""world_decal""]",True
doomsday_icons,res://assets/tilesets/cyber_city_core_tilesets/Store_Items/Doomsday Icons/Doomsday Icons/Cinderblock3.png,Cinderblock3.png,.png,512,512,True,"[74, 50, 448, 474]","[74, 50, 448, 474]",66.576,False,33.424,True,False,False,True,"[""cinderblock"", ""png"", ""security""]","[""mission_board"", ""screen_graphic"", ""security"", ""security_indicator"", ""warning_indicator"", ""world_decal""]",True
doomsday_icons,res://assets/tilesets/cyber_city_core_tilesets/Store_Items/Doomsday Icons/Doomsday Icons/ClayPot1.png,ClayPot1.png,.png,512,512,True,"[73, 57, 462, 476]","[73, 57, 462, 476]",51.853,False,48.147,True,False,False,True,"[""claypot"", ""png""]","[""doomsday"", ""scheme_card"", ""warning_indicator"", ""world_decal""]",True
doomsday_icons,res://assets/tilesets/cyber_city_core_tilesets/Store_Items/Doomsday Icons/Doomsday Icons/Clock1.png,Clock1.png,.png,512,512,True,"[62, 39, 461, 459]","[62, 39, 461, 459]",50.891,False,49.109,True,False,False,True,"[""clock"", ""png"", ""security""]","[""mission_board"", ""screen_graphic"", ""security"", ""security_indicator"", ""warning_indicator"", ""world_decal""]",True
doomsday_icons,res://assets/tilesets/cyber_city_core_tilesets/Store_Items/Doomsday Icons/Doomsday Icons/Cloth1.png,Cloth1.png,.png,512,512,True,"[22, 113, 504, 409]","[22, 113, 504, 409]",62.657,False,37.343,True,False,False,True,"[""cloth"", ""png""]","[""doomsday"", ""scheme_card"", ""warning_indicator"", ""world_decal""]",True
doomsday_icons,res://assets/tilesets/cyber_city_core_tilesets/Store_Items/Doomsday Icons/Doomsday Icons/Computer1.png,Computer1.png,.png,512,512,True,"[101, 46, 420, 431]","[101, 46, 420, 431]",59.382,False,40.618,True,False,False,True,"[""computer"", ""png"", ""terminal""]","[""screen_graphic"", ""store_terminal"", ""terminal"", ""world_decal""]",True
doomsday_icons,res://assets/tilesets/cyber_city_core_tilesets/Store_Items/Doomsday Icons/Doomsday Icons/Computer2.png,Computer2.png,.png,512,512,True,"[118, 62, 383, 444]","[118, 62, 383, 444]",66.067,False,33.933,True,False,False,True,"[""computer"", ""png"", ""terminal""]","[""screen_graphic"", ""store_terminal"", ""terminal"", ""world_decal""]",True
doomsday_icons,res://assets/tilesets/cyber_city_core_tilesets/Store_Items/Doomsday Icons/Doomsday Icons/Computer3.png,Computer3.png,.png,512,512,True,"[115, 48, 416, 470]","[115, 48, 416, 470]",57.639,False,42.361,True,False,False,True,"[""computer"", ""png"", ""terminal""]","[""screen_graphic"", ""store_terminal"", ""terminal"", ""world_decal""]",True
doomsday_icons,res://assets/tilesets/cyber_city_core_tilesets/Store_Items/Doomsday Icons/Doomsday Icons/Computer4.png,Computer4.png,.png,512,512,True,"[90, 27, 397, 485]","[90, 27, 397, 485]",52.903,False,47.097,True,False,False,True,"[""computer"", ""png"", ""terminal""]","[""screen_graphic"", ""store_terminal"", ""terminal"", ""world_decal""]",True
doomsday_icons,res://assets/tilesets/cyber_city_core_tilesets/Store_Items/Doomsday Icons/Doomsday Icons/Computer5.png,Computer5.png,.png,512,512,True,"[0, 85, 508, 446]","[0, 85, 508, 446]",55.427,False,44.573,True,False,False,True,"[""computer"", ""png"", ""terminal""]","[""screen_graphic"", ""store_terminal"", ""terminal"", ""world_decal""]",True
doomsday_icons,res://assets/tilesets/cyber_city_core_tilesets/Store_Items/Doomsday Icons/Doomsday Icons/Computer6.png,Computer6.png,.png,512,512,True,"[0, 43, 510, 468]","[0, 43, 510, 468]",30.469,False,69.531,True,False,False,True,"[""computer"", ""png"", ""terminal""]","[""screen_graphic"", ""store_terminal"", ""terminal"", ""world_decal""]",True
doomsday_icons,res://assets/tilesets/cyber_city_core_tilesets/Store_Items/Doomsday Icons/Doomsday Icons/Computer7.png,Computer7.png,.png,512,512,True,"[1, 81, 511, 432]","[1, 81, 511, 432]",51.281,False,48.719,True,False,False,True,"[""computer"", ""png"", ""terminal""]","[""screen_graphic"", ""store_terminal"", ""terminal"", ""world_decal""]",True
doomsday_icons,res://assets/tilesets/cyber_city_core_tilesets/Store_Items/Doomsday Icons/Doomsday Icons/ComputerKeyboard1.png,ComputerKeyboard1.png,.png,512,512,True,"[3, 229, 507, 399]","[3, 229, 507, 399]",79.093,False,20.907,True,False,False,True,"[""computerkeyboard"", ""png"", ""security"", ""terminal""]","[""screen_graphic"", ""store_terminal"", ""terminal"", ""world_decal""]",True
doomsday_icons,res://assets/tilesets/cyber_city_core_tilesets/Store_Items/Doomsday Icons/Doomsday Icons/ComputerServer1.png,ComputerServer1.png,.png,512,512,True,"[121, 6, 360, 507]","[121, 6, 360, 507]",58.187,False,41.813,True,False,False,True,"[""computerserver"", ""png"", ""terminal""]","[""screen_graphic"", ""store_terminal"", ""terminal"", ""world_decal""]",True
doomsday_icons,res://assets/tilesets/cyber_city_core_tilesets/Store_Items/Doomsday Icons/Doomsday Icons/ComputerServer2.png,ComputerServer2.png,.png,512,512,True,"[0, 112, 512, 512]","[0, 112, 512, 512]",62.899,False,37.101,True,False,False,True,"[""computerserver"", ""png"", ""terminal""]","[""screen_graphic"", ""store_terminal"", ""terminal"", ""world_decal""]",True
doomsday_icons,res://assets/tilesets/cyber_city_core_tilesets/Store_Items/Doomsday Icons/Doomsday Icons/ComputerServer3.png,ComputerServer3.png,.png,512,512,True,"[0, 35, 511, 451]","[0, 35, 511, 451]",44.515,False,55.485,True,False,False,True,"[""computerserver"", ""png"", ""terminal""]","[""screen_graphic"", ""store_terminal"", ""terminal"", ""world_decal""]",True
doomsday_icons,res://assets/tilesets/cyber_city_core_tilesets/Store_Items/Doomsday Icons/Doomsday Icons/ComputerTerminal1.png,ComputerTerminal1.png,.png,512,512,True,"[80, 3, 419, 507]","[80, 3, 419, 507]",53.588,False,46.412,True,False,False,True,"[""computerterminal"", ""png"", ""terminal""]","[""screen_graphic"", ""store_terminal"", ""terminal"", ""world_decal""]",True
doomsday_icons,res://assets/tilesets/cyber_city_core_tilesets/Store_Items/Doomsday Icons/Doomsday Icons/ComputerTerminal2.png,ComputerTerminal2.png,.png,512,512,True,"[6, 80, 507, 433]","[6, 80, 507, 433]",60.613,False,39.387,True,False,False,True,"[""computerterminal"", ""png"", ""terminal""]","[""screen_graphic"", ""store_terminal"", ""terminal"", ""world_decal""]",True
doomsday_icons,res://assets/tilesets/cyber_city_core_tilesets/Store_Items/Doomsday Icons/Doomsday Icons/ComputerTerminal3.png,ComputerTerminal3.png,.png,512,512,True,"[2, 117, 510, 400]","[2, 117, 510, 400]",50.882,False,49.118,True,False,False,True,"[""computerterminal"", ""png"", ""terminal""]","[""screen_graphic"", ""store_terminal"", ""terminal"", ""world_decal""]",True
doomsday_icons,res://assets/tilesets/cyber_city_core_tilesets/Store_Items/Doomsday Icons/Doomsday Icons/Container1.png,Container1.png,.png,512,512,True,"[10, 74, 502, 473]","[10, 74, 502, 473]",43.877,False,56.123,True,False,False,True,"[""container"", ""png""]","[""doomsday"", ""scheme_card"", ""warning_indicator"", ""world_decal""]",True
doomsday_icons,res://assets/tilesets/cyber_city_core_tilesets/Store_Items/Doomsday Icons/Doomsday Icons/Cooler1.png,Cooler1.png,.png,512,512,True,"[13, 142, 500, 447]","[13, 142, 500, 447]",58.649,False,41.351,True,False,False,True,"[""cooler"", ""png""]","[""doomsday"", ""scheme_card"", ""warning_indicator"", ""world_decal""]",True
doomsday_icons,res://assets/tilesets/cyber_city_core_tilesets/Store_Items/Doomsday Icons/Doomsday Icons/Cooler2.png,Cooler2.png,.png,512,512,True,"[10, 104, 495, 457]","[10, 104, 495, 457]",47.626,False,52.374,True,False,False,True,"[""cooler"", ""png""]","[""doomsday"", ""scheme_card"", ""warning_indicator"", ""world_decal""]",True
doomsday_icons,res://assets/tilesets/cyber_city_core_tilesets/Store_Items/Doomsday Icons/Doomsday Icons/Cooler3.png,Cooler3.png,.png,512,512,True,"[15, 116, 495, 428]","[15, 116, 495, 428]",52.606,False,47.394,True,False,False,True,"[""cooler"", ""png""]","[""doomsday"", ""scheme_card"", ""warning_indicator"", ""world_decal""]",True
doomsday_icons,res://assets/tilesets/cyber_city_core_tilesets/Store_Items/Doomsday Icons/Doomsday Icons/CorkBoard1.png,CorkBoard1.png,.png,512,512,True,"[3, 93, 507, 389]","[3, 93, 507, 389]",51.549,False,48.451,True,False,False,True,"[""corkboard"", ""png""]","[""doomsday"", ""scheme_card"", ""warning_indicator"", ""world_decal""]",True
doomsday_icons,res://assets/tilesets/cyber_city_core_tilesets/Store_Items/Doomsday Icons/Doomsday Icons/CorkBoard2.png,CorkBoard2.png,.png,512,512,True,"[98, 16, 428, 511]","[98, 16, 428, 511]",65.291,False,34.709,True,False,False,True,"[""corkboard"", ""png""]","[""doomsday"", ""scheme_card"", ""warning_indicator"", ""world_decal""]",True
doomsday_icons,res://assets/tilesets/cyber_city_core_tilesets/Store_Items/Doomsday Icons/Doomsday Icons/CorkBoard3.png,CorkBoard3.png,.png,512,512,True,"[114, 5, 386, 508]","[114, 5, 386, 508]",65.708,False,34.292,True,False,False,True,"[""corkboard"", ""png""]","[""doomsday"", ""scheme_card"", ""warning_indicator"", ""world_decal""]",True
doomsday_icons,res://assets/tilesets/cyber_city_core_tilesets/Store_Items/Doomsday Icons/Doomsday Icons/Cot1.png,Cot1.png,.png,512,512,True,"[3, 39, 506, 453]","[3, 39, 506, 453]",69.224,False,30.776,True,False,False,True,"[""cot"", ""png""]","[""doomsday"", ""scheme_card"", ""warning_indicator"", ""world_decal""]",True
doomsday_icons,res://assets/tilesets/cyber_city_core_tilesets/Store_Items/Doomsday Icons/Doomsday Icons/Cradle1.png,Cradle1.png,.png,512,512,True,"[50, 4, 465, 511]","[50, 4, 465, 511]",63.784,False,36.216,True,False,False,True,"[""cradle"", ""png""]","[""doomsday"", ""scheme_card"", ""warning_indicator"", ""world_decal""]",True
doomsday_icons,res://assets/tilesets/cyber_city_core_tilesets/Store_Items/Doomsday Icons/Doomsday Icons/Crate1.png,Crate1.png,.png,512,512,True,"[45, 184, 488, 451]","[45, 184, 488, 451]",66.563,False,33.437,True,False,False,True,"[""crate"", ""png""]","[""doomsday"", ""scheme_card"", ""warning_indicator"", ""world_decal""]",True
doomsday_icons,res://assets/tilesets/cyber_city_core_tilesets/Store_Items/Doomsday Icons/Doomsday Icons/Crate10.png,Crate10.png,.png,512,512,True,"[16, 89, 493, 482]","[16, 89, 493, 482]",38.405,False,61.595,True,False,False,True,"[""crate"", ""png""]","[""doomsday"", ""scheme_card"", ""warning_indicator"", ""world_decal""]",True
doomsday_icons,res://assets/tilesets/cyber_city_core_tilesets/Store_Items/Doomsday Icons/Doomsday Icons/Crate11.png,Crate11.png,.png,512,512,True,"[3, 188, 507, 441]","[3, 188, 507, 441]",63.389,False,36.611,True,False,False,True,"[""crate"", ""png""]","[""doomsday"", ""scheme_card"", ""warning_indicator"", ""world_decal""]",True
doomsday_icons,res://assets/tilesets/cyber_city_core_tilesets/Store_Items/Doomsday Icons/Doomsday Icons/Crate12.png,Crate12.png,.png,512,512,True,"[5, 186, 504, 401]","[5, 186, 504, 401]",66.674,False,33.326,True,False,False,True,"[""crate"", ""png""]","[""doomsday"", ""scheme_card"", ""warning_indicator"", ""world_decal""]",True
doomsday_icons,res://assets/tilesets/cyber_city_core_tilesets/Store_Items/Doomsday Icons/Doomsday Icons/Crate2.png,Crate2.png,.png,512,512,True,"[16, 159, 501, 443]","[16, 159, 501, 443]",61.126,False,38.874,True,False,False,True,"[""crate"", ""png""]","[""doomsday"", ""scheme_card"", ""warning_indicator"", ""world_decal""]",True
doomsday_icons,res://assets/tilesets/cyber_city_core_tilesets/Store_Items/Doomsday Icons/Doomsday Icons/Crate3.png,Crate3.png,.png,512,512,True,"[13, 145, 504, 418]","[13, 145, 504, 418]",61.44,False,38.56,True,False,False,True,"[""crate"", ""png""]","[""doomsday"", ""scheme_card"", ""warning_indicator"", ""world_decal""]",True
doomsday_icons,res://assets/tilesets/cyber_city_core_tilesets/Store_Items/Doomsday Icons/Doomsday Icons/Crate4.png,Crate4.png,.png,512,512,True,"[27, 152, 477, 452]","[27, 152, 477, 452]",61.62,False,38.38,True,False,False,True,"[""crate"", ""png""]","[""doomsday"", ""scheme_card"", ""warning_indicator"", ""world_decal""]",True
doomsday_icons,res://assets/tilesets/cyber_city_core_tilesets/Store_Items/Doomsday Icons/Doomsday Icons/Crate5.png,Crate5.png,.png,512,512,True,"[1, 194, 510, 411]","[1, 194, 510, 411]",70.432,False,29.568,True,False,False,True,"[""crate"", ""png""]","[""doomsday"", ""scheme_card"", ""warning_indicator"", ""world_decal""]",True
doomsday_icons,res://assets/tilesets/cyber_city_core_tilesets/Store_Items/Doomsday Icons/Doomsday Icons/Crate6.png,Crate6.png,.png,512,512,True,"[59, 124, 460, 446]","[59, 124, 460, 446]",59.645,False,40.355,True,False,False,True,"[""crate"", ""png""]","[""doomsday"", ""scheme_card"", ""warning_indicator"", ""world_decal""]",True
doomsday_icons,res://assets/tilesets/cyber_city_core_tilesets/Store_Items/Doomsday Icons/Doomsday Icons/Crate7.png,Crate7.png,.png,512,512,True,"[12, 195, 504, 426]","[12, 195, 504, 426]",66.074,False,33.926,True,False,False,True,"[""crate"", ""png""]","[""doomsday"", ""scheme_card"", ""warning_indicator"", ""world_decal""]",True
doomsday_icons,res://assets/tilesets/cyber_city_core_tilesets/Store_Items/Doomsday Icons/Doomsday Icons/Crate8.png,Crate8.png,.png,512,512,True,"[1, 91, 498, 443]","[1, 91, 498, 443]",46.786,False,53.214,True,False,False,True,"[""crate"", ""png""]","[""doomsday"", ""scheme_card"", ""warning_indicator"", ""world_decal""]",True
doomsday_icons,res://assets/tilesets/cyber_city_core_tilesets/Store_Items/Doomsday Icons/Doomsday Icons/Crate9.png,Crate9.png,.png,512,512,True,"[34, 126, 486, 442]","[34, 126, 486, 442]",58.242,False,41.758,True,False,False,True,"[""crate"", ""png""]","[""doomsday"", ""scheme_card"", ""warning_indicator"", ""world_decal""]",True
doomsday_icons,res://assets/tilesets/cyber_city_core_tilesets/Store_Items/Doomsday Icons/Doomsday Icons/Crate_Weapons1.png,Crate_Weapons1.png,.png,512,512,True,"[1, 152, 505, 421]","[1, 152, 505, 421]",56.591,False,43.409,True,False,False,True,"[""crate"", ""png"", ""weapons""]","[""doomsday"", ""scheme_card"", ""warning_indicator"", ""world_decal""]",True
doomsday_icons,res://assets/tilesets/cyber_city_core_tilesets/Store_Items/Doomsday Icons/Doomsday Icons/Crate_Weapons2.png,Crate_Weapons2.png,.png,512,512,True,"[3, 119, 508, 441]","[3, 119, 508, 441]",51.841,False,48.159,True,False,False,True,"[""crate"", ""png"", ""weapons""]","[""doomsday"", ""scheme_card"", ""warning_indicator"", ""world_decal""]",True
doomsday_icons,res://assets/tilesets/cyber_city_core_tilesets/Store_Items/Doomsday Icons/Doomsday Icons/Crowbar1.png,Crowbar1.png,.png,512,512,True,"[8, 48, 505, 432]","[8, 48, 505, 432]",92.742,False,7.258,True,False,False,True,"[""crowbar"", ""png""]","[""doomsday"", ""scheme_card"", ""warning_indicator"", ""world_decal""]",True
doomsday_icons,res://assets/tilesets/cyber_city_core_tilesets/Store_Items/Doomsday Icons/Doomsday Icons/Cultivator1.png,Cultivator1.png,.png,512,512,True,"[30, 17, 474, 497]","[30, 17, 474, 497]",85.546,False,14.454,True,False,False,True,"[""cultivator"", ""png""]","[""doomsday"", ""scheme_card"", ""warning_indicator"", ""world_decal""]",True
doomsday_icons,res://assets/tilesets/cyber_city_core_tilesets/Store_Items/Doomsday Icons/Doomsday Icons/Cup1.png,Cup1.png,.png,512,512,True,"[168, 145, 311, 348]","[168, 145, 311, 348]",90.729,False,9.271,True,False,False,True,"[""cup"", ""png""]","[""doomsday"", ""scheme_card"", ""warning_indicator"", ""world_decal""]",True
doomsday_icons,res://assets/tilesets/cyber_city_core_tilesets/Store_Items/Doomsday Icons/Doomsday Icons/Cup10.png,Cup10.png,.png,512,512,True,"[42, 135, 437, 444]","[42, 135, 437, 444]",65.552,False,34.448,True,False,False,True,"[""cup"", ""png""]","[""doomsday"", ""scheme_card"", ""warning_indicator"", ""world_decal""]",True
doomsday_icons,res://assets/tilesets/cyber_city_core_tilesets/Store_Items/Doomsday Icons/Doomsday Icons/Cup11.png,Cup11.png,.png,512,512,True,"[126, 36, 384, 494]","[126, 36, 384, 494]",64.936,False,35.064,True,False,False,True,"[""cup"", ""png""]","[""doomsday"", ""scheme_card"", ""warning_indicator"", ""world_decal""]",True
doomsday_icons,res://assets/tilesets/cyber_city_core_tilesets/Store_Items/Doomsday Icons/Doomsday Icons/Cup12.png,Cup12.png,.png,512,512,True,"[116, 26, 381, 501]","[116, 26, 381, 501]",62.216,False,37.784,True,False,False,True,"[""cup"", ""png""]","[""doomsday"", ""scheme_card"", ""warning_indicator"", ""world_decal""]",True
doomsday_icons,res://assets/tilesets/cyber_city_core_tilesets/Store_Items/Doomsday Icons/Doomsday Icons/Cup13.png,Cup13.png,.png,512,512,True,"[126, 21, 437, 495]","[126, 21, 437, 495]",60.015,False,39.985,True,False,False,True,"[""cup"", ""png""]","[""doomsday"", ""scheme_card"", ""warning_indicator"", ""world_decal""]",True
doomsday_icons,res://assets/tilesets/cyber_city_core_tilesets/Store_Items/Doomsday Icons/Doomsday Icons/Cup2.png,Cup2.png,.png,512,512,True,"[134, 97, 353, 413]","[134, 97, 353, 413]",76.888,False,23.112,True,False,False,True,"[""cup"", ""png""]","[""doomsday"", ""scheme_card"", ""warning_indicator"", ""world_decal""]",True
doomsday_icons,res://assets/tilesets/cyber_city_core_tilesets/Store_Items/Doomsday Icons/Doomsday Icons/Cup3.png,Cup3.png,.png,512,512,True,"[143, 99, 336, 459]","[143, 99, 336, 459]",77.935,False,22.065,True,False,False,True,"[""cup"", ""png""]","[""doomsday"", ""scheme_card"", ""warning_indicator"", ""world_decal""]",True
doomsday_icons,res://assets/tilesets/cyber_city_core_tilesets/Store_Items/Doomsday Icons/Doomsday Icons/Cup4.png,Cup4.png,.png,512,512,True,"[155, 105, 359, 474]","[155, 105, 359, 474]",75.998,False,24.002,True,False,False,True,"[""cup"", ""png""]","[""doomsday"", ""scheme_card"", ""warning_indicator"", ""world_decal""]",True
doomsday_icons,res://assets/tilesets/cyber_city_core_tilesets/Store_Items/Doomsday Icons/Doomsday Icons/Cup5.png,Cup5.png,.png,512,512,True,"[149, 68, 368, 469]","[149, 68, 368, 469]",72.383,False,27.617,True,False,False,True,"[""cup"", ""png""]","[""doomsday"", ""scheme_card"", ""warning_indicator"", ""world_decal""]",True
doomsday_icons,res://assets/tilesets/cyber_city_core_tilesets/Store_Items/Doomsday Icons/Doomsday Icons/Cup6.png,Cup6.png,.png,512,512,True,"[170, 106, 440, 479]","[170, 106, 440, 479]",72.169,False,27.831,True,False,False,True,"[""cup"", ""png""]","[""doomsday"", ""scheme_card"", ""warning_indicator"", ""world_decal""]",True
doomsday_icons,res://assets/tilesets/cyber_city_core_tilesets/Store_Items/Doomsday Icons/Doomsday Icons/Cup7.png,Cup7.png,.png,512,512,True,"[131, 45, 437, 476]","[131, 45, 437, 476]",64.137,False,35.863,True,False,False,True,"[""cup"", ""png""]","[""doomsday"", ""scheme_card"", ""warning_indicator"", ""world_decal""]",True
doomsday_icons,res://assets/tilesets/cyber_city_core_tilesets/Store_Items/Doomsday Icons/Doomsday Icons/Cup8.png,Cup8.png,.png,512,512,True,"[158, 136, 354, 436]","[158, 136, 354, 436]",81.301,False,18.699,True,False,False,True,"[""cup"", ""png""]","[""doomsday"", ""scheme_card"", ""warning_indicator"", ""world_decal""]",True
doomsday_icons,res://assets/tilesets/cyber_city_core_tilesets/Store_Items/Doomsday Icons/Doomsday Icons/Cup9.png,Cup9.png,.png,512,512,True,"[115, 116, 452, 435]","[115, 116, 452, 435]",67.582,False,32.418,True,False,False,True,"[""cup"", ""png""]","[""doomsday"", ""scheme_card"", ""warning_indicator"", ""world_decal""]",True
doomsday_icons,res://assets/tilesets/cyber_city_core_tilesets/Store_Items/Doomsday Icons/Doomsday Icons/Dartboard1.png,Dartboard1.png,.png,512,512,True,"[134, 0, 371, 505]","[134, 0, 371, 505]",62.265,False,37.735,True,False,False,True,"[""dartboard"", ""png""]","[""doomsday"", ""scheme_card"", ""warning_indicator"", ""world_decal""]",True
doomsday_icons,res://assets/tilesets/cyber_city_core_tilesets/Store_Items/Doomsday Icons/Doomsday Icons/Desk1.png,Desk1.png,.png,512,512,True,"[6, 115, 509, 464]","[6, 115, 509, 464]",57.385,False,42.615,True,False,False,True,"[""desk"", ""png""]","[""doomsday"", ""scheme_card"", ""warning_indicator"", ""world_decal""]",True
doomsday_icons,res://assets/tilesets/cyber_city_core_tilesets/Store_Items/Doomsday Icons/Doomsday Icons/Detergent1.png,Detergent1.png,.png,512,512,True,"[116, 15, 390, 472]","[116, 15, 390, 472]",62.133,False,37.867,True,False,False,True,"[""detergent"", ""png""]","[""doomsday"", ""scheme_card"", ""warning_indicator"", ""world_decal""]",True
doomsday_icons,res://assets/tilesets/cyber_city_core_tilesets/Store_Items/Doomsday Icons/Doomsday Icons/Detergent2.png,Detergent2.png,.png,512,512,True,"[9, 55, 500, 448]","[9, 55, 500, 448]",52.225,False,47.775,True,False,False,True,"[""detergent"", ""png""]","[""doomsday"", ""scheme_card"", ""warning_indicator"", ""world_decal""]",True
doomsday_icons,res://assets/tilesets/cyber_city_core_tilesets/Store_Items/Doomsday Icons/Doomsday Icons/Detonator1.png,Detonator1.png,.png,512,512,True,"[167, 7, 354, 507]","[167, 7, 354, 507]",78.29,False,21.71,True,False,False,True,"[""detonator"", ""png""]","[""doomsday"", ""scheme_card"", ""warning_indicator"", ""world_decal""]",True
doomsday_icons,res://assets/tilesets/cyber_city_core_tilesets/Store_Items/Doomsday Icons/Doomsday Icons/Device1.png,Device1.png,.png,512,512,True,"[125, 10, 381, 491]","[125, 10, 381, 491]",58.437,False,41.563,True,False,False,True,"[""device"", ""png""]","[""doomsday"", ""scheme_card"", ""warning_indicator"", ""world_decal""]",True
doomsday_icons,res://assets/tilesets/cyber_city_core_tilesets/Store_Items/Doomsday Icons/Doomsday Icons/Device2.png,Device2.png,.png,512,512,True,"[8, 130, 504, 429]","[8, 130, 504, 429]",60.056,False,39.944,True,False,False,True,"[""device"", ""png""]","[""doomsday"", ""scheme_card"", ""warning_indicator"", ""world_decal""]",True
doomsday_icons,res://assets/tilesets/cyber_city_core_tilesets/Store_Items/Doomsday Icons/Doomsday Icons/Device3.png,Device3.png,.png,512,512,True,"[29, 28, 500, 482]","[29, 28, 500, 482]",39.82,False,60.18,True,False,False,True,"[""device"", ""png""]","[""doomsday"", ""scheme_card"", ""warning_indicator"", ""world_decal""]",True
doomsday_icons,res://assets/tilesets/cyber_city_core_tilesets/Store_Items/Doomsday Icons/Doomsday Icons/Device4.png,Device4.png,.png,512,512,True,"[0, 0, 512, 512]","[0, 0, 512, 512]",61.668,False,38.332,True,False,False,True,"[""device"", ""png""]","[""doomsday"", ""scheme_card"", ""warning_indicator"", ""world_decal""]",True
doomsday_icons,res://assets/tilesets/cyber_city_core_tilesets/Store_Items/Doomsday Icons/Doomsday Icons/Device5.png,Device5.png,.png,512,512,True,"[10, 131, 509, 415]","[10, 131, 509, 415]",54.227,False,45.773,True,False,False,True,"[""device"", ""png""]","[""doomsday"", ""scheme_card"", ""warning_indicator"", ""world_decal""]",True
doomsday_icons,res://assets/tilesets/cyber_city_core_tilesets/Store_Items/Doomsday Icons/Doomsday Icons/Doomsday_Accessory1.png,Doomsday_Accessory1.png,.png,512,512,True,"[85, 111, 407, 459]","[85, 111, 407, 459]",69.848,False,30.152,True,False,False,True,"[""accessory"", ""doomsday"", ""door"", ""png""]","[""doomsday"", ""scheme_card"", ""warning_indicator"", ""world_decal""]",True
doomsday_icons,res://assets/tilesets/cyber_city_core_tilesets/Store_Items/Doomsday Icons/Doomsday Icons/Doomsday_Accessory3.png,Doomsday_Accessory3.png,.png,512,512,True,"[53, 131, 422, 439]","[53, 131, 422, 439]",73.954,False,26.046,True,False,False,True,"[""accessory"", ""doomsday"", ""door"", ""png""]","[""doomsday"", ""scheme_card"", ""warning_indicator"", ""world_decal""]",True
doomsday_icons,res://assets/tilesets/cyber_city_core_tilesets/Store_Items/Doomsday Icons/Doomsday Icons/Doomsday_Accessory4.png,Doomsday_Accessory4.png,.png,512,512,True,"[159, 41, 389, 485]","[159, 41, 389, 485]",81.302,False,18.698,True,False,False,True,"[""accessory"", ""doomsday"", ""door"", ""png""]","[""doomsday"", ""scheme_card"", ""warning_indicator"", ""world_decal""]",True
doomsday_icons,res://assets/tilesets/cyber_city_core_tilesets/Store_Items/Doomsday Icons/Doomsday Icons/Doomsday_Accessory5.png,Doomsday_Accessory5.png,.png,512,512,True,"[140, 155, 335, 405]","[140, 155, 335, 405]",90.491,False,9.509,True,False,False,True,"[""accessory"", ""doomsday"", ""door"", ""png""]","[""doomsday"", ""scheme_card"", ""warning_indicator"", ""world_decal""]",True
doomsday_icons,res://assets/tilesets/cyber_city_core_tilesets/Store_Items/Doomsday Icons/Doomsday Icons/Doomsday_Axe1.png,Doomsday_Axe1.png,.png,512,512,True,"[4, 52, 500, 445]","[4, 52, 500, 445]",88.362,False,11.638,True,False,False,True,"[""axe"", ""doomsday"", ""png""]","[""doomsday"", ""scheme_card"", ""warning_indicator"", ""world_decal""]",True
doomsday_icons,res://assets/tilesets/cyber_city_core_tilesets/Store_Items/Doomsday Icons/Doomsday Icons/Doomsday_Bat1.png,Doomsday_Bat1.png,.png,512,512,True,"[37, 35, 484, 478]","[37, 35, 484, 478]",89.315,False,10.685,True,False,False,True,"[""bat"", ""doomsday"", ""png""]","[""doomsday"", ""scheme_card"", ""warning_indicator"", ""world_decal""]",True
doomsday_icons,res://assets/tilesets/cyber_city_core_tilesets/Store_Items/Doomsday Icons/Doomsday Icons/Doomsday_Bat2.png,Doomsday_Bat2.png,.png,512,512,True,"[15, 9, 494, 486]","[15, 9, 494, 486]",89.714,False,10.286,True,False,False,True,"[""bat"", ""doomsday"", ""png""]","[""doomsday"", ""scheme_card"", ""warning_indicator"", ""world_decal""]",True
doomsday_icons,res://assets/tilesets/cyber_city_core_tilesets/Store_Items/Doomsday Icons/Doomsday Icons/Doomsday_Bottom1.png,Doomsday_Bottom1.png,.png,512,512,True,"[168, 14, 404, 499]","[168, 14, 404, 499]",75.704,False,24.296,True,False,False,True,"[""bottom"", ""doomsday"", ""png""]","[""doomsday"", ""scheme_card"", ""warning_indicator"", ""world_decal""]",True
doomsday_icons,res://assets/tilesets/cyber_city_core_tilesets/Store_Items/Doomsday Icons/Doomsday Icons/Doomsday_Bottom10.png,Doomsday_Bottom10.png,.png,512,512,True,"[145, 16, 372, 488]","[145, 16, 372, 488]",77.552,False,22.448,True,False,False,True,"[""bottom"", ""doomsday"", ""png""]","[""doomsday"", ""scheme_card"", ""warning_indicator"", ""world_decal""]",True
doomsday_icons,res://assets/tilesets/cyber_city_core_tilesets/Store_Items/Doomsday Icons/Doomsday Icons/Doomsday_Bottom2.png,Doomsday_Bottom2.png,.png,512,512,True,"[165, 32, 399, 502]","[165, 32, 399, 502]",78.687,False,21.313,True,False,False,True,"[""bottom"", ""doomsday"", ""png""]","[""doomsday"", ""scheme_card"", ""warning_indicator"", ""world_decal""]",True
doomsday_icons,res://assets/tilesets/cyber_city_core_tilesets/Store_Items/Doomsday Icons/Doomsday Icons/Doomsday_Bottom3.png,Doomsday_Bottom3.png,.png,512,512,True,"[171, 25, 387, 498]","[171, 25, 387, 498]",79.51,False,20.49,True,False,False,True,"[""bottom"", ""doomsday"", ""png""]","[""doomsday"", ""scheme_card"", ""warning_indicator"", ""world_decal""]",True
doomsday_icons,res://assets/tilesets/cyber_city_core_tilesets/Store_Items/Doomsday Icons/Doomsday Icons/Doomsday_Bottom4.png,Doomsday_Bottom4.png,.png,512,512,True,"[172, 36, 372, 494]","[172, 36, 372, 494]",82.988,False,17.012,True,False,False,True,"[""bottom"", ""doomsday"", ""png""]","[""doomsday"", ""scheme_card"", ""warning_indicator"", ""world_decal""]",True
doomsday_icons,res://assets/tilesets/cyber_city_core_tilesets/Store_Items/Doomsday Icons/Doomsday Icons/Doomsday_Bottom6.png,Doomsday_Bottom6.png,.png,512,512,True,"[158, 8, 378, 504]","[158, 8, 378, 504]",75.363,False,24.637,True,False,False,True,"[""bottom"", ""doomsday"", ""png""]","[""doomsday"", ""scheme_card"", ""warning_indicator"", ""world_decal""]",True
doomsday_icons,res://assets/tilesets/cyber_city_core_tilesets/Store_Items/Doomsday Icons/Doomsday Icons/Doomsday_Bottom7.png,Doomsday_Bottom7.png,.png,512,512,True,"[175, 18, 391, 506]","[175, 18, 391, 506]",74.679,False,25.321,True,False,False,True,"[""bottom"", ""doomsday"", ""png""]","[""doomsday"", ""scheme_card"", ""warning_indicator"", ""world_decal""]",True
doomsday_icons,res://assets/tilesets/cyber_city_core_tilesets/Store_Items/Doomsday Icons/Doomsday Icons/Doomsday_Bottom8.png,Doomsday_Bottom8.png,.png,512,512,True,"[115, 9, 368, 495]","[115, 9, 368, 495]",72.906,False,27.094,True,False,False,True,"[""bottom"", ""doomsday"", ""png""]","[""doomsday"", ""scheme_card"", ""warning_indicator"", ""world_decal""]",True
doomsday_icons,res://assets/tilesets/cyber_city_core_tilesets/Store_Items/Doomsday Icons/Doomsday Icons/Doomsday_Bottom9.png,Doomsday_Bottom9.png,.png,512,512,True,"[112, 28, 347, 496]","[112, 28, 347, 496]",72.758,False,27.242,True,False,False,True,"[""bottom"", ""doomsday"", ""png""]","[""doomsday"", ""scheme_card"", ""warning_indicator"", ""world_decal""]",True
doomsday_icons,res://assets/tilesets/cyber_city_core_tilesets/Store_Items/Doomsday Icons/Doomsday Icons/Doomsday_Cleaver.png,Doomsday_Cleaver.png,.png,512,512,True,"[63, 28, 459, 478]","[63, 28, 459, 478]",87.461,False,12.539,True,False,False,True,"[""cleaver"", ""doomsday"", ""png""]","[""doomsday"", ""scheme_card"", ""warning_indicator"", ""world_decal""]",True
doomsday_icons,res://assets/tilesets/cyber_city_core_tilesets/Store_Items/Doomsday Icons/Doomsday Icons/Doomsday_Female_Bottom11.png,Doomsday_Female_Bottom11.png,.png,512,512,True,"[145, 20, 347, 493]","[145, 20, 347, 493]",80.135,False,19.865,True,False,False,True,"[""bottom"", ""doomsday"", ""female"", ""png""]","[""doomsday"", ""scheme_card"", ""warning_indicator"", ""world_decal""]",True
doomsday_icons,res://assets/tilesets/cyber_city_core_tilesets/Store_Items/Doomsday Icons/Doomsday Icons/Doomsday_Female_Bottom5.png,Doomsday_Female_Bottom5.png,.png,512,512,True,"[147, 19, 356, 500]","[147, 19, 356, 500]",81.697,False,18.303,True,False,False,True,"[""bottom"", ""doomsday"", ""female"", ""png""]","[""doomsday"", ""scheme_card"", ""warning_indicator"", ""world_decal""]",True
doomsday_icons,res://assets/tilesets/cyber_city_core_tilesets/Store_Items/Doomsday Icons/Doomsday Icons/Doomsday_Female_Top10.png,Doomsday_Female_Top10.png,.png,512,512,True,"[47, 46, 431, 442]","[47, 46, 431, 442]",69.123,False,30.877,True,False,False,True,"[""doomsday"", ""female"", ""png"", ""top""]","[""doomsday"", ""scheme_card"", ""warning_indicator"", ""world_decal""]",True
doomsday_icons,res://assets/tilesets/cyber_city_core_tilesets/Store_Items/Doomsday Icons/Doomsday Icons/Doomsday_Female_Top5.png,Doomsday_Female_Top5.png,.png,512,512,True,"[10, 29, 499, 474]","[10, 29, 499, 474]",66.209,False,33.791,True,False,False,True,"[""doomsday"", ""female"", ""png"", ""top""]","[""doomsday"", ""scheme_card"", ""warning_indicator"", ""world_decal""]",True
doomsday_icons,res://assets/tilesets/cyber_city_core_tilesets/Store_Items/Doomsday Icons/Doomsday Icons/Doomsday_Head1.png,Doomsday_Head1.png,.png,512,512,True,"[141, 229, 413, 364]","[141, 229, 413, 364]",90.793,False,9.207,True,False,False,True,"[""doomsday"", ""head"", ""png""]","[""doomsday"", ""scheme_card"", ""warning_indicator"", ""world_decal""]",True
doomsday_icons,res://assets/tilesets/cyber_city_core_tilesets/Store_Items/Doomsday Icons/Doomsday Icons/Doomsday_Head2.png,Doomsday_Head2.png,.png,512,512,True,"[102, 225, 407, 346]","[102, 225, 407, 346]",91.744,False,8.256,True,False,False,True,"[""doomsday"", ""head"", ""png""]","[""doomsday"", ""scheme_card"", ""warning_indicator"", ""world_decal""]",True
doomsday_icons,res://assets/tilesets/cyber_city_core_tilesets/Store_Items/Doomsday Icons/Doomsday Icons/Doomsday_Head3.png,Doomsday_Head3.png,.png,512,512,True,"[100, 85, 344, 415]","[100, 85, 344, 415]",79.166,False,20.834,True,False,False,True,"[""doomsday"", ""head"", ""png""]","[""doomsday"", ""scheme_card"", ""warning_indicator"", ""world_decal""]",True
doomsday_icons,res://assets/tilesets/cyber_city_core_tilesets/Store_Items/Doomsday Icons/Doomsday Icons/Doomsday_Head4.png,Doomsday_Head4.png,.png,512,512,True,"[85, 43, 411, 454]","[85, 43, 411, 454]",61.893,False,38.107,True,False,False,True,"[""doomsday"", ""head"", ""png""]","[""doomsday"", ""scheme_card"", ""warning_indicator"", ""world_decal""]",True
doomsday_icons,res://assets/tilesets/cyber_city_core_tilesets/Store_Items/Doomsday Icons/Doomsday Icons/Doomsday_Head5.png,Doomsday_Head5.png,.png,512,512,True,"[109, 144, 398, 402]","[109, 144, 398, 402]",79.105,False,20.895,True,False,False,True,"[""doomsday"", ""head"", ""png""]","[""doomsday"", ""scheme_card"", ""warning_indicator"", ""world_decal""]",True
doomsday_icons,res://assets/tilesets/cyber_city_core_tilesets/Store_Items/Doomsday Icons/Doomsday Icons/Doomsday_Katana.png,Doomsday_Katana.png,.png,512,512,True,"[22, 22, 478, 490]","[22, 22, 478, 490]",95.246,False,4.754,True,False,False,True,"[""doomsday"", ""katana"", ""png""]","[""doomsday"", ""scheme_card"", ""warning_indicator"", ""world_decal""]",True
doomsday_icons,res://assets/tilesets/cyber_city_core_tilesets/Store_Items/Doomsday Icons/Doomsday Icons/Doomsday_Machete1.png,Doomsday_Machete1.png,.png,512,512,True,"[40, 15, 463, 446]","[40, 15, 463, 446]",90.268,False,9.732,True,False,False,True,"[""doomsday"", ""machete"", ""png""]","[""doomsday"", ""scheme_card"", ""warning_indicator"", ""world_decal""]",True
doomsday_icons,res://assets/tilesets/cyber_city_core_tilesets/Store_Items/Doomsday Icons/Doomsday Icons/Doomsday_Male_Accessory4.png,Doomsday_Male_Accessory4.png,.png,512,512,True,"[159, 41, 389, 485]","[159, 41, 389, 485]",81.302,False,18.698,True,False,False,True,"[""accessory"", ""doomsday"", ""door"", ""male"", ""png""]","[""doomsday"", ""scheme_card"", ""warning_indicator"", ""world_decal""]",True
doomsday_icons,res://assets/tilesets/cyber_city_core_tilesets/Store_Items/Doomsday Icons/Doomsday Icons/Doomsday_Male_Bottom5.png,Doomsday_Male_Bottom5.png,.png,512,512,True,"[171, 24, 374, 500]","[171, 24, 374, 500]",78.982,False,21.018,True,False,False,True,"[""bottom"", ""doomsday"", ""male"", ""png""]","[""doomsday"", ""scheme_card"", ""warning_indicator"", ""world_decal""]",True
doomsday_icons,res://assets/tilesets/cyber_city_core_tilesets/Store_Items/Doomsday Icons/Doomsday Icons/Doomsday_Male_Top10.png,Doomsday_Male_Top10.png,.png,512,512,True,"[77, 68, 381, 423]","[77, 68, 381, 423]",73.372,False,26.628,True,False,False,True,"[""doomsday"", ""male"", ""png"", ""top""]","[""doomsday"", ""scheme_card"", ""warning_indicator"", ""world_decal""]",True
doomsday_icons,res://assets/tilesets/cyber_city_core_tilesets/Store_Items/Doomsday Icons/Doomsday Icons/Doomsday_Male_Top17.png,Doomsday_Male_Top17.png,.png,512,512,True,"[26, 92, 443, 440]","[26, 92, 443, 440]",67.154,False,32.846,True,False,False,True,"[""doomsday"", ""male"", ""png"", ""top""]","[""doomsday"", ""scheme_card"", ""warning_indicator"", ""world_decal""]",True
doomsday_icons,res://assets/tilesets/cyber_city_core_tilesets/Store_Items/Doomsday Icons/Doomsday Icons/Doomsday_Male_Top5.png,Doomsday_Male_Top5.png,.png,512,512,True,"[96, 106, 399, 443]","[96, 106, 399, 443]",78.94,False,21.06,True,False,False,True,"[""doomsday"", ""male"", ""png"", ""top""]","[""doomsday"", ""scheme_card"", ""warning_indicator"", ""world_decal""]",True
doomsday_icons,res://assets/tilesets/cyber_city_core_tilesets/Store_Items/Doomsday Icons/Doomsday Icons/Doomsday_MG1.png,Doomsday_MG1.png,.png,512,512,True,"[7, 35, 502, 462]","[7, 35, 502, 462]",87.323,False,12.677,True,False,False,True,"[""doomsday"", ""mg"", ""png""]","[""doomsday"", ""scheme_card"", ""warning_indicator"", ""world_decal""]",True
doomsday_icons,res://assets/tilesets/cyber_city_core_tilesets/Store_Items/Doomsday Icons/Doomsday Icons/Doomsday_MG2.png,Doomsday_MG2.png,.png,512,512,True,"[15, 16, 498, 467]","[15, 16, 498, 467]",84.097,False,15.903,True,False,False,True,"[""doomsday"", ""mg"", ""png""]","[""doomsday"", ""scheme_card"", ""warning_indicator"", ""world_decal""]",True
doomsday_icons,res://assets/tilesets/cyber_city_core_tilesets/Store_Items/Doomsday Icons/Doomsday Icons/Doomsday_PipeSaw.png,Doomsday_PipeSaw.png,.png,512,512,True,"[32, 21, 499, 487]","[32, 21, 499, 487]",78.407,False,21.593,True,False,False,True,"[""doomsday"", ""pipesaw"", ""png""]","[""doomsday"", ""scheme_card"", ""warning_indicator"", ""world_decal""]",True
doomsday_icons,res://assets/tilesets/cyber_city_core_tilesets/Store_Items/Doomsday Icons/Doomsday Icons/Doomsday_Pistol1.png,Doomsday_Pistol1.png,.png,512,512,True,"[63, 127, 406, 390]","[63, 127, 406, 390]",85.423,False,14.577,True,False,False,True,"[""doomsday"", ""pistol"", ""png""]","[""doomsday"", ""scheme_card"", ""warning_indicator"", ""world_decal""]",True
doomsday_icons,res://assets/tilesets/cyber_city_core_tilesets/Store_Items/Doomsday Icons/Doomsday Icons/Doomsday_Pistol2.png,Doomsday_Pistol2.png,.png,512,512,True,"[69, 141, 450, 398]","[69, 141, 450, 398]",85.953,False,14.047,True,False,False,True,"[""doomsday"", ""pistol"", ""png""]","[""doomsday"", ""scheme_card"", ""warning_indicator"", ""world_decal""]",True
doomsday_icons,res://assets/tilesets/cyber_city_core_tilesets/Store_Items/Doomsday Icons/Doomsday Icons/Doomsday_Screwdriver.png,Doomsday_Screwdriver.png,.png,512,512,True,"[92, 123, 405, 432]","[92, 123, 405, 432]",95.652,False,4.348,True,False,False,True,"[""doomsday"", ""png"", ""screwdriver""]","[""doomsday"", ""scheme_card"", ""warning_indicator"", ""world_decal""]",True
doomsday_icons,res://assets/tilesets/cyber_city_core_tilesets/Store_Items/Doomsday Icons/Doomsday Icons/Doomsday_Shield1.png,Doomsday_Shield1.png,.png,512,512,True,"[62, 6, 441, 506]","[62, 6, 441, 506]",44.64,False,55.36,True,False,False,True,"[""doomsday"", ""png"", ""security"", ""shield""]","[""mission_board"", ""screen_graphic"", ""security"", ""security_indicator"", ""warning_indicator"", ""world_decal""]",True
doomsday_icons,res://assets/tilesets/cyber_city_core_tilesets/Store_Items/Doomsday Icons/Doomsday Icons/Doomsday_Shotgun1.png,Doomsday_Shotgun1.png,.png,512,512,True,"[9, 89, 505, 455]","[9, 89, 505, 455]",87.317,False,12.683,True,False,False,True,"[""doomsday"", ""png"", ""shotgun""]","[""doomsday"", ""scheme_card"", ""warning_indicator"", ""world_decal""]",True
doomsday_icons,res://assets/tilesets/cyber_city_core_tilesets/Store_Items/Doomsday Icons/Doomsday Icons/Doomsday_SMG1.png,Doomsday_SMG1.png,.png,512,512,True,"[10, 86, 497, 461]","[10, 86, 497, 461]",88.205,False,11.795,True,False,False,True,"[""doomsday"", ""png"", ""smg""]","[""doomsday"", ""scheme_card"", ""warning_indicator"", ""world_decal""]",True
doomsday_icons,res://assets/tilesets/cyber_city_core_tilesets/Store_Items/Doomsday Icons/Doomsday Icons/Doomsday_SMG2.png,Doomsday_SMG2.png,.png,512,512,True,"[19, 51, 488, 415]","[19, 51, 488, 415]",89.693,False,10.307,True,False,False,True,"[""doomsday"", ""png"", ""smg""]","[""doomsday"", ""scheme_card"", ""warning_indicator"", ""world_decal""]",True
doomsday_icons,res://assets/tilesets/cyber_city_core_tilesets/Store_Items/Doomsday Icons/Doomsday Icons/Doomsday_TireIron.png,Doomsday_TireIron.png,.png,512,512,True,"[92, 65, 428, 462]","[92, 65, 428, 462]",95.857,False,4.143,True,False,False,True,"[""doomsday"", ""png"", ""tireiron""]","[""doomsday"", ""scheme_card"", ""warning_indicator"", ""world_decal""]",True
doomsday_icons,res://assets/tilesets/cyber_city_core_tilesets/Store_Items/Doomsday Icons/Doomsday Icons/Doomsday_Top1.png,Doomsday_Top1.png,.png,512,512,True,"[18, 144, 485, 439]","[18, 144, 485, 439]",79.049,False,20.951,True,False,False,True,"[""doomsday"", ""png"", ""top""]","[""doomsday"", ""scheme_card"", ""warning_indicator"", ""world_decal""]",True
doomsday_icons,res://assets/tilesets/cyber_city_core_tilesets/Store_Items/Doomsday Icons/Doomsday Icons/Doomsday_Top11.png,Doomsday_Top11.png,.png,512,512,True,"[79, 22, 385, 506]","[79, 22, 385, 506]",65.253,False,34.747,True,False,False,True,"[""doomsday"", ""png"", ""top""]","[""doomsday"", ""scheme_card"", ""warning_indicator"", ""world_decal""]",True
doomsday_icons,res://assets/tilesets/cyber_city_core_tilesets/Store_Items/Doomsday Icons/Doomsday Icons/Doomsday_Top12.png,Doomsday_Top12.png,.png,512,512,True,"[98, 78, 342, 447]","[98, 78, 342, 447]",74.989,False,25.011,True,False,False,True,"[""doomsday"", ""png"", ""top""]","[""doomsday"", ""scheme_card"", ""warning_indicator"", ""world_decal""]",True
doomsday_icons,res://assets/tilesets/cyber_city_core_tilesets/Store_Items/Doomsday Icons/Doomsday Icons/Doomsday_Top13.png,Doomsday_Top13.png,.png,512,512,True,"[63, 67, 389, 446]","[63, 67, 389, 446]",70.108,False,29.892,True,False,False,True,"[""doomsday"", ""png"", ""top""]","[""doomsday"", ""scheme_card"", ""warning_indicator"", ""world_decal""]",True
doomsday_icons,res://assets/tilesets/cyber_city_core_tilesets/Store_Items/Doomsday Icons/Doomsday Icons/Doomsday_Top14.png,Doomsday_Top14.png,.png,512,512,True,"[65, 64, 399, 466]","[65, 64, 399, 466]",67.351,False,32.649,True,False,False,True,"[""doomsday"", ""png"", ""top""]","[""doomsday"", ""scheme_card"", ""warning_indicator"", ""world_decal""]",True
doomsday_icons,res://assets/tilesets/cyber_city_core_tilesets/Store_Items/Doomsday Icons/Doomsday Icons/Doomsday_Top15.png,Doomsday_Top15.png,.png,512,512,True,"[61, 50, 378, 472]","[61, 50, 378, 472]",67.041,False,32.959,True,False,False,True,"[""doomsday"", ""png"", ""top""]","[""doomsday"", ""scheme_card"", ""warning_indicator"", ""world_decal""]",True
doomsday_icons,res://assets/tilesets/cyber_city_core_tilesets/Store_Items/Doomsday Icons/Doomsday Icons/Doomsday_Top16.png,Doomsday_Top16.png,.png,512,512,True,"[14, 69, 465, 476]","[14, 69, 465, 476]",56.294,False,43.706,True,False,False,True,"[""doomsday"", ""png"", ""top""]","[""doomsday"", ""scheme_card"", ""warning_indicator"", ""world_decal""]",True
doomsday_icons,res://assets/tilesets/cyber_city_core_tilesets/Store_Items/Doomsday Icons/Doomsday Icons/Doomsday_Top17.png,Doomsday_Top17.png,.png,512,512,True,"[26, 92, 443, 440]","[26, 92, 443, 440]",67.154,False,32.846,True,False,False,True,"[""doomsday"", ""png"", ""top""]","[""doomsday"", ""scheme_card"", ""warning_indicator"", ""world_decal""]",True
doomsday_icons,res://assets/tilesets/cyber_city_core_tilesets/Store_Items/Doomsday Icons/Doomsday Icons/Doomsday_Top2.png,Doomsday_Top2.png,.png,512,512,True,"[75, 5, 425, 511]","[75, 5, 425, 511]",71.706,False,28.294,True,False,False,True,"[""doomsday"", ""png"", ""top""]","[""doomsday"", ""scheme_card"", ""warning_indicator"", ""world_decal""]",True
doomsday_icons,res://assets/tilesets/cyber_city_core_tilesets/Store_Items/Doomsday Icons/Doomsday Icons/Doomsday_Top3.png,Doomsday_Top3.png,.png,512,512,True,"[27, 86, 480, 483]","[27, 86, 480, 483]",70.014,False,29.986,True,False,False,True,"[""doomsday"", ""png"", ""top""]","[""doomsday"", ""scheme_card"", ""warning_indicator"", ""world_decal""]",True
doomsday_icons,res://assets/tilesets/cyber_city_core_tilesets/Store_Items/Doomsday Icons/Doomsday Icons/Doomsday_Top4.png,Doomsday_Top4.png,.png,512,512,True,"[130, 104, 349, 434]","[130, 104, 349, 434]",81.028,False,18.972,True,False,False,True,"[""doomsday"", ""png"", ""top""]","[""doomsday"", ""scheme_card"", ""warning_indicator"", ""world_decal""]",True
doomsday_icons,res://assets/tilesets/cyber_city_core_tilesets/Store_Items/Doomsday Icons/Doomsday Icons/Doomsday_Top6.png,Doomsday_Top6.png,.png,512,512,True,"[102, 5, 391, 508]","[102, 5, 391, 508]",79.942,False,20.058,True,False,False,True,"[""doomsday"", ""png"", ""top""]","[""doomsday"", ""scheme_card"", ""warning_indicator"", ""world_decal""]",True
doomsday_icons,res://assets/tilesets/cyber_city_core_tilesets/Store_Items/Doomsday Icons/Doomsday Icons/Doomsday_Top7.png,Doomsday_Top7.png,.png,512,512,True,"[13, 108, 491, 448]","[13, 108, 491, 448]",79.854,False,20.146,True,False,False,True,"[""doomsday"", ""png"", ""top""]","[""doomsday"", ""scheme_card"", ""warning_indicator"", ""world_decal""]",True
doomsday_icons,res://assets/tilesets/cyber_city_core_tilesets/Store_Items/Doomsday Icons/Doomsday Icons/Doomsday_Top8.png,Doomsday_Top8.png,.png,512,512,True,"[20, 105, 500, 474]","[20, 105, 500, 474]",79.844,False,20.156,True,False,False,True,"[""doomsday"", ""png"", ""top""]","[""doomsday"", ""scheme_card"", ""warning_indicator"", ""world_decal""]",True
doomsday_icons,res://assets/tilesets/cyber_city_core_tilesets/Store_Items/Doomsday Icons/Doomsday Icons/Doomsday_Top9.png,Doomsday_Top9.png,.png,512,512,True,"[16, 22, 502, 478]","[16, 22, 502, 478]",65.788,False,34.212,True,False,False,True,"[""doomsday"", ""png"", ""top""]","[""doomsday"", ""scheme_card"", ""warning_indicator"", ""world_decal""]",True
doomsday_icons,res://assets/tilesets/cyber_city_core_tilesets/Store_Items/Doomsday Icons/Doomsday Icons/Dresser1.png,Dresser1.png,.png,512,512,True,"[4, 123, 506, 455]","[4, 123, 506, 455]",48.179,False,51.821,True,False,False,True,"[""dresser"", ""png""]","[""doomsday"", ""scheme_card"", ""warning_indicator"", ""world_decal""]",True
doomsday_icons,res://assets/tilesets/cyber_city_core_tilesets/Store_Items/Doomsday Icons/Doomsday Icons/Drugs1.png,Drugs1.png,.png,512,512,True,"[71, 144, 473, 373]","[71, 144, 473, 373]",75.793,False,24.207,True,False,False,True,"[""drugs"", ""png""]","[""doomsday"", ""scheme_card"", ""warning_indicator"", ""world_decal""]",True
doomsday_icons,res://assets/tilesets/cyber_city_core_tilesets/Store_Items/Doomsday Icons/Doomsday Icons/Drugs2.png,Drugs2.png,.png,512,512,True,"[81, 171, 441, 381]","[81, 171, 441, 381]",77.037,False,22.963,True,False,False,True,"[""drugs"", ""png""]","[""doomsday"", ""scheme_card"", ""warning_indicator"", ""world_decal""]",True
doomsday_icons,res://assets/tilesets/cyber_city_core_tilesets/Store_Items/Doomsday Icons/Doomsday Icons/ElectricBox1.png,ElectricBox1.png,.png,512,512,True,"[96, 16, 430, 505]","[96, 16, 430, 505]",43.838,False,56.162,True,False,False,True,"[""electricbox"", ""png""]","[""doomsday"", ""scheme_card"", ""warning_indicator"", ""world_decal""]",True
doomsday_icons,res://assets/tilesets/cyber_city_core_tilesets/Store_Items/Doomsday Icons/Doomsday Icons/ElectricBox2.png,ElectricBox2.png,.png,512,512,True,"[77, 3, 431, 498]","[77, 3, 431, 498]",39.184,False,60.816,True,False,False,True,"[""electricbox"", ""png""]","[""doomsday"", ""scheme_card"", ""warning_indicator"", ""world_decal""]",True
doomsday_icons,res://assets/tilesets/cyber_city_core_tilesets/Store_Items/Doomsday Icons/Doomsday Icons/ElectricBox3.png,ElectricBox3.png,.png,512,512,True,"[61, 31, 474, 477]","[61, 31, 474, 477]",36.882,False,63.118,True,False,False,True,"[""electricbox"", ""png""]","[""doomsday"", ""scheme_card"", ""warning_indicator"", ""world_decal""]",True
doomsday_icons,res://assets/tilesets/cyber_city_core_tilesets/Store_Items/Doomsday Icons/Doomsday Icons/ElectricBox4.png,ElectricBox4.png,.png,512,512,True,"[68, 33, 474, 474]","[68, 33, 474, 474]",38.548,False,61.452,True,False,False,True,"[""electricbox"", ""png""]","[""doomsday"", ""scheme_card"", ""warning_indicator"", ""world_decal""]",True
doomsday_icons,res://assets/tilesets/cyber_city_core_tilesets/Store_Items/Doomsday Icons/Doomsday Icons/ElectricBox5.png,ElectricBox5.png,.png,512,512,True,"[104, 3, 452, 497]","[104, 3, 452, 497]",45.032,False,54.968,True,False,False,True,"[""electricbox"", ""png""]","[""doomsday"", ""scheme_card"", ""warning_indicator"", ""world_decal""]",True
doomsday_icons,res://assets/tilesets/cyber_city_core_tilesets/Store_Items/Doomsday Icons/Doomsday Icons/EmergencyLight1.png,EmergencyLight1.png,.png,512,512,True,"[85, 41, 409, 485]","[85, 41, 409, 485]",71.98,False,28.02,True,False,False,True,"[""emergencylight"", ""png""]","[""doomsday"", ""scheme_card"", ""warning_indicator"", ""world_decal""]",True
doomsday_icons,res://assets/tilesets/cyber_city_core_tilesets/Store_Items/Doomsday Icons/Doomsday Icons/ExactoKnife1.png,ExactoKnife1.png,.png,512,512,True,"[129, 127, 391, 387]","[129, 127, 391, 387]",95.205,False,4.795,True,False,False,True,"[""exactoknife"", ""png""]","[""doomsday"", ""scheme_card"", ""warning_indicator"", ""world_decal""]",True
doomsday_icons,res://assets/tilesets/cyber_city_core_tilesets/Store_Items/Doomsday Icons/Doomsday Icons/Expansion_Accessory1.png,Expansion_Accessory1.png,.png,512,512,True,"[127, 150, 357, 356]","[127, 150, 357, 356]",87.82,False,12.18,True,False,False,True,"[""accessory"", ""door"", ""expansion"", ""png""]","[""doomsday"", ""scheme_card"", ""warning_indicator"", ""world_decal""]",True
doomsday_icons,res://assets/tilesets/cyber_city_core_tilesets/Store_Items/Doomsday Icons/Doomsday Icons/Expansion_Accessory2.png,Expansion_Accessory2.png,.png,512,512,True,"[127, 150, 357, 356]","[127, 150, 357, 356]",87.813,False,12.187,True,False,False,True,"[""accessory"", ""door"", ""expansion"", ""png""]","[""doomsday"", ""scheme_card"", ""warning_indicator"", ""world_decal""]",True
doomsday_icons,res://assets/tilesets/cyber_city_core_tilesets/Store_Items/Doomsday Icons/Doomsday Icons/Expansion_AssaultRifle1.png,Expansion_AssaultRifle1.png,.png,512,512,True,"[11, 36, 512, 493]","[11, 36, 512, 493]",77.382,False,22.618,True,False,False,True,"[""assaultrifle"", ""expansion"", ""png""]","[""doomsday"", ""scheme_card"", ""warning_indicator"", ""world_decal""]",True
doomsday_icons,res://assets/tilesets/cyber_city_core_tilesets/Store_Items/Doomsday Icons/Doomsday Icons/Expansion_AssaultRifle2.png,Expansion_AssaultRifle2.png,.png,512,512,True,"[1, 6, 512, 464]","[1, 6, 512, 464]",83.281,False,16.719,True,False,False,True,"[""assaultrifle"", ""expansion"", ""png""]","[""doomsday"", ""scheme_card"", ""warning_indicator"", ""world_decal""]",True
doomsday_icons,res://assets/tilesets/cyber_city_core_tilesets/Store_Items/Doomsday Icons/Doomsday Icons/Expansion_Bat1.png,Expansion_Bat1.png,.png,512,512,True,"[45, 2, 492, 509]","[45, 2, 492, 509]",85.581,False,14.419,True,False,False,True,"[""bat"", ""expansion"", ""png""]","[""doomsday"", ""scheme_card"", ""warning_indicator"", ""world_decal""]",True
doomsday_icons,res://assets/tilesets/cyber_city_core_tilesets/Store_Items/Doomsday Icons/Doomsday Icons/Expansion_Bottom1.png,Expansion_Bottom1.png,.png,512,512,True,"[176, 10, 392, 507]","[176, 10, 392, 507]",77.221,False,22.779,True,False,False,True,"[""bottom"", ""expansion"", ""png""]","[""doomsday"", ""scheme_card"", ""warning_indicator"", ""world_decal""]",True
doomsday_icons,res://assets/tilesets/cyber_city_core_tilesets/Store_Items/Doomsday Icons/Doomsday Icons/Expansion_Bottom3.png,Expansion_Bottom3.png,.png,512,512,True,"[173, 2, 392, 510]","[173, 2, 392, 510]",75.95,False,24.05,True,False,False,True,"[""bottom"", ""expansion"", ""png""]","[""doomsday"", ""scheme_card"", ""warning_indicator"", ""world_decal""]",True
doomsday_icons,res://assets/tilesets/cyber_city_core_tilesets/Store_Items/Doomsday Icons/Doomsday Icons/Expansion_Bottom6.png,Expansion_Bottom6.png,.png,512,512,True,"[173, 2, 394, 508]","[173, 2, 394, 508]",76.115,False,23.885,True,False,False,True,"[""bottom"", ""expansion"", ""png""]","[""doomsday"", ""scheme_card"", ""warning_indicator"", ""world_decal""]",True
doomsday_icons,res://assets/tilesets/cyber_city_core_tilesets/Store_Items/Doomsday Icons/Doomsday Icons/Expansion_Bottom7.png,Expansion_Bottom7.png,.png,512,512,True,"[115, 7, 345, 509]","[115, 7, 345, 509]",76.168,False,23.832,True,False,False,True,"[""bottom"", ""expansion"", ""png""]","[""doomsday"", ""scheme_card"", ""warning_indicator"", ""world_decal""]",True
doomsday_icons,res://assets/tilesets/cyber_city_core_tilesets/Store_Items/Doomsday Icons/Doomsday Icons/Expansion_Bottom8.png,Expansion_Bottom8.png,.png,512,512,True,"[153, 4, 369, 512]","[153, 4, 369, 512]",76.066,False,23.934,True,False,False,True,"[""bottom"", ""expansion"", ""png""]","[""doomsday"", ""scheme_card"", ""warning_indicator"", ""world_decal""]",True
doomsday_icons,res://assets/tilesets/cyber_city_core_tilesets/Store_Items/Doomsday Icons/Doomsday Icons/Expansion_Female_Bottom2.png,Expansion_Female_Bottom2.png,.png,512,512,True,"[147, 13, 345, 507]","[147, 13, 345, 507]",88.804,False,11.196,True,False,False,True,"[""bottom"", ""expansion"", ""female"", ""png""]","[""doomsday"", ""scheme_card"", ""warning_indicator"", ""world_decal""]",True
doomsday_icons,res://assets/tilesets/cyber_city_core_tilesets/Store_Items/Doomsday Icons/Doomsday Icons/Expansion_Female_Bottom4.png,Expansion_Female_Bottom4.png,.png,512,512,True,"[152, 3, 363, 508]","[152, 3, 363, 508]",77.406,False,22.594,True,False,False,True,"[""bottom"", ""expansion"", ""female"", ""png""]","[""doomsday"", ""scheme_card"", ""warning_indicator"", ""world_decal""]",True
doomsday_icons,res://assets/tilesets/cyber_city_core_tilesets/Store_Items/Doomsday Icons/Doomsday Icons/Expansion_Female_Bottom5.png,Expansion_Female_Bottom5.png,.png,512,512,True,"[147, 3, 359, 509]","[147, 3, 359, 509]",77.984,False,22.016,True,False,False,True,"[""bottom"", ""expansion"", ""female"", ""png""]","[""doomsday"", ""scheme_card"", ""warning_indicator"", ""world_decal""]",True
doomsday_icons,res://assets/tilesets/cyber_city_core_tilesets/Store_Items/Doomsday Icons/Doomsday Icons/Expansion_Female_Head6.png,Expansion_Female_Head6.png,.png,512,512,True,"[97, 119, 449, 308]","[97, 119, 449, 308]",83.035,False,16.965,True,False,False,True,"[""expansion"", ""female"", ""head"", ""png""]","[""doomsday"", ""scheme_card"", ""warning_indicator"", ""world_decal""]",True
doomsday_icons,res://assets/tilesets/cyber_city_core_tilesets/Store_Items/Doomsday Icons/Doomsday Icons/Expansion_Female_Top12.png,Expansion_Female_Top12.png,.png,512,512,True,"[34, 57, 490, 493]","[34, 57, 490, 493]",79.747,False,20.253,True,False,False,True,"[""expansion"", ""female"", ""png"", ""top""]","[""doomsday"", ""scheme_card"", ""warning_indicator"", ""world_decal""]",True
doomsday_icons,res://assets/tilesets/cyber_city_core_tilesets/Store_Items/Doomsday Icons/Doomsday Icons/Expansion_Female_Top14.png,Expansion_Female_Top14.png,.png,512,512,True,"[72, 0, 409, 510]","[72, 0, 409, 510]",64.795,False,35.205,True,False,False,True,"[""expansion"", ""female"", ""png"", ""top""]","[""doomsday"", ""scheme_card"", ""warning_indicator"", ""world_decal""]",True
doomsday_icons,res://assets/tilesets/cyber_city_core_tilesets/Store_Items/Doomsday Icons/Doomsday Icons/Expansion_Female_Top18.png,Expansion_Female_Top18.png,.png,512,512,True,"[87, 0, 367, 512]","[87, 0, 367, 512]",72.366,False,27.634,True,False,False,True,"[""expansion"", ""female"", ""png"", ""top""]","[""doomsday"", ""scheme_card"", ""warning_indicator"", ""world_decal""]",True
doomsday_icons,res://assets/tilesets/cyber_city_core_tilesets/Store_Items/Doomsday Icons/Doomsday Icons/Expansion_Female_Top9.png,Expansion_Female_Top9.png,.png,512,512,True,"[18, 39, 492, 493]","[18, 39, 492, 493]",70.367,False,29.633,True,False,False,True,"[""expansion"", ""female"", ""png"", ""top""]","[""doomsday"", ""scheme_card"", ""warning_indicator"", ""world_decal""]",True
doomsday_icons,res://assets/tilesets/cyber_city_core_tilesets/Store_Items/Doomsday Icons/Doomsday Icons/Expansion_Hammer1.png,Expansion_Hammer1.png,.png,512,512,True,"[28, 13, 493, 510]","[28, 13, 493, 510]",80.391,False,19.609,True,False,False,True,"[""expansion"", ""hammer"", ""png""]","[""doomsday"", ""scheme_card"", ""warning_indicator"", ""world_decal""]",True
doomsday_icons,res://assets/tilesets/cyber_city_core_tilesets/Store_Items/Doomsday Icons/Doomsday Icons/Expansion_Hatchet1.png,Expansion_Hatchet1.png,.png,512,512,True,"[79, 11, 465, 501]","[79, 11, 465, 501]",85.016,False,14.984,True,False,False,True,"[""expansion"", ""hatchet"", ""png""]","[""doomsday"", ""scheme_card"", ""warning_indicator"", ""world_decal""]",True
doomsday_icons,res://assets/tilesets/cyber_city_core_tilesets/Store_Items/Doomsday Icons/Doomsday Icons/Expansion_Head1.png,Expansion_Head1.png,.png,512,512,True,"[86, 54, 424, 442]","[86, 54, 424, 442]",69.271,False,30.729,True,False,False,True,"[""expansion"", ""head"", ""png""]","[""doomsday"", ""scheme_card"", ""warning_indicator"", ""world_decal""]",True
doomsday_icons,res://assets/tilesets/cyber_city_core_tilesets/Store_Items/Doomsday Icons/Doomsday Icons/Expansion_Head2.png,Expansion_Head2.png,.png,512,512,True,"[86, 54, 424, 443]","[86, 54, 424, 443]",69.23,False,30.77,True,False,False,True,"[""expansion"", ""head"", ""png""]","[""doomsday"", ""scheme_card"", ""warning_indicator"", ""world_decal""]",True
doomsday_icons,res://assets/tilesets/cyber_city_core_tilesets/Store_Items/Doomsday Icons/Doomsday Icons/Expansion_Head3.png,Expansion_Head3.png,.png,512,512,True,"[86, 54, 424, 443]","[86, 54, 424, 443]",69.23,False,30.77,True,False,False,True,"[""expansion"", ""head"", ""png""]","[""doomsday"", ""scheme_card"", ""warning_indicator"", ""world_decal""]",True
doomsday_icons,res://assets/tilesets/cyber_city_core_tilesets/Store_Items/Doomsday Icons/Doomsday Icons/Expansion_Head4.png,Expansion_Head4.png,.png,512,512,True,"[55, 68, 438, 430]","[55, 68, 438, 430]",69.205,False,30.795,True,False,False,True,"[""expansion"", ""head"", ""png""]","[""doomsday"", ""scheme_card"", ""warning_indicator"", ""world_decal""]",True
doomsday_icons,res://assets/tilesets/cyber_city_core_tilesets/Store_Items/Doomsday Icons/Doomsday Icons/Expansion_Head5.png,Expansion_Head5.png,.png,512,512,True,"[80, 133, 392, 372]","[80, 133, 392, 372]",84.838,False,15.162,True,False,False,True,"[""expansion"", ""head"", ""png""]","[""doomsday"", ""scheme_card"", ""warning_indicator"", ""world_decal""]",True
doomsday_icons,res://assets/tilesets/cyber_city_core_tilesets/Store_Items/Doomsday Icons/Doomsday Icons/Expansion_Head7.png,Expansion_Head7.png,.png,512,512,True,"[106, 79, 412, 435]","[106, 79, 412, 435]",73.489,False,26.511,True,False,False,True,"[""expansion"", ""head"", ""png""]","[""doomsday"", ""scheme_card"", ""warning_indicator"", ""world_decal""]",True
doomsday_icons,res://assets/tilesets/cyber_city_core_tilesets/Store_Items/Doomsday Icons/Doomsday Icons/Expansion_Head8.png,Expansion_Head8.png,.png,512,512,True,"[79, 22, 429, 481]","[79, 22, 429, 481]",65.708,False,34.292,True,False,False,True,"[""expansion"", ""head"", ""png""]","[""doomsday"", ""scheme_card"", ""warning_indicator"", ""world_decal""]",True
doomsday_icons,res://assets/tilesets/cyber_city_core_tilesets/Store_Items/Doomsday Icons/Doomsday Icons/Expansion_Head9.png,Expansion_Head9.png,.png,512,512,True,"[60, 36, 434, 446]","[60, 36, 434, 446]",57.689,False,42.311,True,False,False,True,"[""expansion"", ""head"", ""png""]","[""doomsday"", ""scheme_card"", ""warning_indicator"", ""world_decal""]",True
doomsday_icons,res://assets/tilesets/cyber_city_core_tilesets/Store_Items/Doomsday Icons/Doomsday Icons/Expansion_Knife1.png,Expansion_Knife1.png,.png,512,512,True,"[10, 18, 504, 478]","[10, 18, 504, 478]",85.16,False,14.84,True,False,False,True,"[""expansion"", ""knife"", ""png""]","[""doomsday"", ""scheme_card"", ""warning_indicator"", ""world_decal""]",True
doomsday_icons,res://assets/tilesets/cyber_city_core_tilesets/Store_Items/Doomsday Icons/Doomsday Icons/Expansion_Male_Bottom2.png,Expansion_Male_Bottom2.png,.png,512,512,True,"[170, 15, 379, 507]","[170, 15, 379, 507]",77.179,False,22.821,True,False,False,True,"[""bottom"", ""expansion"", ""male"", ""png""]","[""doomsday"", ""scheme_card"", ""warning_indicator"", ""world_decal""]",True
doomsday_icons,res://assets/tilesets/cyber_city_core_tilesets/Store_Items/Doomsday Icons/Doomsday Icons/Expansion_Male_Bottom4.png,Expansion_Male_Bottom4.png,.png,512,512,True,"[168, 15, 380, 508]","[168, 15, 380, 508]",85.715,False,14.285,True,False,False,True,"[""bottom"", ""expansion"", ""male"", ""png""]","[""doomsday"", ""scheme_card"", ""warning_indicator"", ""world_decal""]",True
doomsday_icons,res://assets/tilesets/cyber_city_core_tilesets/Store_Items/Doomsday Icons/Doomsday Icons/Expansion_Male_Bottom5.png,Expansion_Male_Bottom5.png,.png,512,512,True,"[178, 6, 387, 510]","[178, 6, 387, 510]",77.586,False,22.414,True,False,False,True,"[""bottom"", ""expansion"", ""male"", ""png""]","[""doomsday"", ""scheme_card"", ""warning_indicator"", ""world_decal""]",True
doomsday_icons,res://assets/tilesets/cyber_city_core_tilesets/Store_Items/Doomsday Icons/Doomsday Icons/Expansion_Male_Head6.png,Expansion_Male_Head6.png,.png,512,512,True,"[34, 93, 420, 365]","[34, 93, 420, 365]",71.408,False,28.592,True,False,False,True,"[""expansion"", ""head"", ""male"", ""png""]","[""doomsday"", ""scheme_card"", ""warning_indicator"", ""world_decal""]",True
doomsday_icons,res://assets/tilesets/cyber_city_core_tilesets/Store_Items/Doomsday Icons/Doomsday Icons/Expansion_Male_Top12.png,Expansion_Male_Top12.png,.png,512,512,True,"[82, 21, 410, 487]","[82, 21, 410, 487]",59.587,False,40.413,True,False,False,True,"[""expansion"", ""male"", ""png"", ""top""]","[""doomsday"", ""scheme_card"", ""warning_indicator"", ""world_decal""]",True
doomsday_icons,res://assets/tilesets/cyber_city_core_tilesets/Store_Items/Doomsday Icons/Doomsday Icons/Expansion_Male_Top14.png,Expansion_Male_Top14.png,.png,512,512,True,"[149, 15, 371, 509]","[149, 15, 371, 509]",73.845,False,26.155,True,False,False,True,"[""expansion"", ""male"", ""png"", ""top""]","[""doomsday"", ""scheme_card"", ""warning_indicator"", ""world_decal""]",True
doomsday_icons,res://assets/tilesets/cyber_city_core_tilesets/Store_Items/Doomsday Icons/Doomsday Icons/Expansion_Male_Top9.png,Expansion_Male_Top9.png,.png,512,512,True,"[46, 47, 428, 442]","[46, 47, 428, 442]",82.088,False,17.912,True,False,False,True,"[""expansion"", ""male"", ""png"", ""top""]","[""doomsday"", ""scheme_card"", ""warning_indicator"", ""world_decal""]",True
doomsday_icons,res://assets/tilesets/cyber_city_core_tilesets/Store_Items/Doomsday Icons/Doomsday Icons/Expansion_Prybar1.png,Expansion_Prybar1.png,.png,512,512,True,"[85, 7, 420, 507]","[85, 7, 420, 507]",94.25,False,5.75,True,False,False,True,"[""expansion"", ""png"", ""prybar""]","[""doomsday"", ""scheme_card"", ""warning_indicator"", ""world_decal""]",True
doomsday_icons,res://assets/tilesets/cyber_city_core_tilesets/Store_Items/Doomsday Icons/Doomsday Icons/Expansion_SawAxe1.png,Expansion_SawAxe1.png,.png,512,512,True,"[4, 12, 510, 473]","[4, 12, 510, 473]",83.051,False,16.949,True,False,False,True,"[""expansion"", ""png"", ""sawaxe""]","[""doomsday"", ""scheme_card"", ""warning_indicator"", ""world_decal""]",True
doomsday_icons,res://assets/tilesets/cyber_city_core_tilesets/Store_Items/Doomsday Icons/Doomsday Icons/Expansion_Shield1.png,Expansion_Shield1.png,.png,512,512,True,"[139, 5, 372, 505]","[139, 5, 372, 505]",61.808,False,38.192,True,False,False,True,"[""expansion"", ""png"", ""security"", ""shield""]","[""mission_board"", ""screen_graphic"", ""security"", ""security_indicator"", ""warning_indicator"", ""world_decal""]",True
doomsday_icons,res://assets/tilesets/cyber_city_core_tilesets/Store_Items/Doomsday Icons/Doomsday Icons/Expansion_Shotgun1.png,Expansion_Shotgun1.png,.png,512,512,True,"[4, 25, 505, 458]","[4, 25, 505, 458]",88.974,False,11.026,True,False,False,True,"[""expansion"", ""png"", ""shotgun""]","[""doomsday"", ""scheme_card"", ""warning_indicator"", ""world_decal""]",True
doomsday_icons,res://assets/tilesets/cyber_city_core_tilesets/Store_Items/Doomsday Icons/Doomsday Icons/Expansion_Top1.png,Expansion_Top1.png,.png,512,512,True,"[95, 11, 384, 509]","[95, 11, 384, 509]",78.199,False,21.801,True,False,False,True,"[""expansion"", ""png"", ""top""]","[""doomsday"", ""scheme_card"", ""warning_indicator"", ""world_decal""]",True
doomsday_icons,res://assets/tilesets/cyber_city_core_tilesets/Store_Items/Doomsday Icons/Doomsday Icons/Expansion_Top10.png,Expansion_Top10.png,.png,512,512,True,"[87, 9, 356, 504]","[87, 9, 356, 504]",77.652,False,22.348,True,False,False,True,"[""expansion"", ""png"", ""top""]","[""doomsday"", ""scheme_card"", ""warning_indicator"", ""world_decal""]",True
doomsday_icons,res://assets/tilesets/cyber_city_core_tilesets/Store_Items/Doomsday Icons/Doomsday Icons/Expansion_Top11.png,Expansion_Top11.png,.png,512,512,True,"[7, 53, 493, 489]","[7, 53, 493, 489]",59.634,False,40.366,True,False,False,True,"[""expansion"", ""png"", ""top""]","[""doomsday"", ""scheme_card"", ""warning_indicator"", ""world_decal""]",True
doomsday_icons,res://assets/tilesets/cyber_city_core_tilesets/Store_Items/Doomsday Icons/Doomsday Icons/Expansion_Top13.png,Expansion_Top13.png,.png,512,512,True,"[93, 0, 356, 510]","[93, 0, 356, 510]",78.568,False,21.432,True,False,False,True,"[""expansion"", ""png"", ""top""]","[""doomsday"", ""scheme_card"", ""warning_indicator"", ""world_decal""]",True
doomsday_icons,res://assets/tilesets/cyber_city_core_tilesets/Store_Items/Doomsday Icons/Doomsday Icons/Expansion_Top15.png,Expansion_Top15.png,.png,512,512,True,"[58, 1, 469, 508]","[58, 1, 469, 508]",64.682,False,35.318,True,False,False,True,"[""expansion"", ""png"", ""top""]","[""doomsday"", ""scheme_card"", ""warning_indicator"", ""world_decal""]",True
doomsday_icons,res://assets/tilesets/cyber_city_core_tilesets/Store_Items/Doomsday Icons/Doomsday Icons/Expansion_Top16.png,Expansion_Top16.png,.png,512,512,True,"[2, 56, 505, 486]","[2, 56, 505, 486]",67.048,False,32.952,True,False,False,True,"[""expansion"", ""png"", ""top""]","[""doomsday"", ""scheme_card"", ""warning_indicator"", ""world_decal""]",True
doomsday_icons,res://assets/tilesets/cyber_city_core_tilesets/Store_Items/Doomsday Icons/Doomsday Icons/Expansion_Top17.png,Expansion_Top17.png,.png,512,512,True,"[8, 43, 496, 483]","[8, 43, 496, 483]",64.733,False,35.267,True,False,False,True,"[""expansion"", ""png"", ""top""]","[""doomsday"", ""scheme_card"", ""warning_indicator"", ""world_decal""]",True
doomsday_icons,res://assets/tilesets/cyber_city_core_tilesets/Store_Items/Doomsday Icons/Doomsday Icons/Expansion_Top2.png,Expansion_Top2.png,.png,512,512,True,"[95, 11, 384, 509]","[95, 11, 384, 509]",78.199,False,21.801,True,False,False,True,"[""expansion"", ""png"", ""top""]","[""doomsday"", ""scheme_card"", ""warning_indicator"", ""world_decal""]",True
doomsday_icons,res://assets/tilesets/cyber_city_core_tilesets/Store_Items/Doomsday Icons/Doomsday Icons/Expansion_Top3.png,Expansion_Top3.png,.png,512,512,True,"[95, 11, 384, 509]","[95, 11, 384, 509]",78.199,False,21.801,True,False,False,True,"[""expansion"", ""png"", ""top""]","[""doomsday"", ""scheme_card"", ""warning_indicator"", ""world_decal""]",True
doomsday_icons,res://assets/tilesets/cyber_city_core_tilesets/Store_Items/Doomsday Icons/Doomsday Icons/Expansion_Top4.png,Expansion_Top4.png,.png,512,512,True,"[93, 2, 356, 512]","[93, 2, 356, 512]",80.352,False,19.648,True,False,False,True,"[""expansion"", ""png"", ""top""]","[""doomsday"", ""scheme_card"", ""warning_indicator"", ""world_decal""]",True
doomsday_icons,res://assets/tilesets/cyber_city_core_tilesets/Store_Items/Doomsday Icons/Doomsday Icons/Expansion_Top5.png,Expansion_Top5.png,.png,512,512,True,"[93, 2, 356, 512]","[93, 2, 356, 512]",80.352,False,19.648,True,False,False,True,"[""expansion"", ""png"", ""top""]","[""doomsday"", ""scheme_card"", ""warning_indicator"", ""world_decal""]",True
doomsday_icons,res://assets/tilesets/cyber_city_core_tilesets/Store_Items/Doomsday Icons/Doomsday Icons/Expansion_Top6.png,Expansion_Top6.png,.png,512,512,True,"[93, 2, 356, 512]","[93, 2, 356, 512]",80.352,False,19.648,True,False,False,True,"[""expansion"", ""png"", ""top""]","[""doomsday"", ""scheme_card"", ""warning_indicator"", ""world_decal""]",True
doomsday_icons,res://assets/tilesets/cyber_city_core_tilesets/Store_Items/Doomsday Icons/Doomsday Icons/Expansion_Top7.png,Expansion_Top7.png,.png,512,512,True,"[93, 2, 356, 512]","[93, 2, 356, 512]",80.352,False,19.648,True,False,False,True,"[""expansion"", ""png"", ""top""]","[""doomsday"", ""scheme_card"", ""warning_indicator"", ""world_decal""]",True
doomsday_icons,res://assets/tilesets/cyber_city_core_tilesets/Store_Items/Doomsday Icons/Doomsday Icons/Expansion_Top8.png,Expansion_Top8.png,.png,512,512,True,"[99, 59, 392, 426]","[99, 59, 392, 426]",67.945,False,32.055,True,False,False,True,"[""expansion"", ""png"", ""top""]","[""doomsday"", ""scheme_card"", ""warning_indicator"", ""world_decal""]",True
doomsday_icons,res://assets/tilesets/cyber_city_core_tilesets/Store_Items/Doomsday Icons/Doomsday Icons/FacilityComputer1.png,FacilityComputer1.png,.png,512,512,True,"[53, 47, 463, 472]","[53, 47, 463, 472]",41.577,False,58.423,True,False,False,True,"[""facilitycomputer"", ""png"", ""terminal""]","[""screen_graphic"", ""store_terminal"", ""terminal"", ""world_decal""]",True
doomsday_icons,res://assets/tilesets/cyber_city_core_tilesets/Store_Items/Doomsday Icons/Doomsday Icons/FacilityContainmentCube1.png,FacilityContainmentCube1.png,.png,512,512,True,"[9, 7, 506, 489]","[9, 7, 506, 489]",30.631,False,69.369,True,False,False,True,"[""facilitycontainmentcube"", ""png""]","[""doomsday"", ""scheme_card"", ""warning_indicator"", ""world_decal""]",True
doomsday_icons,res://assets/tilesets/cyber_city_core_tilesets/Store_Items/Doomsday Icons/Doomsday Icons/FacilityCrate1.png,FacilityCrate1.png,.png,512,512,True,"[49, 79, 471, 485]","[49, 79, 471, 485]",44.065,False,55.935,True,False,False,True,"[""facilitycrate"", ""png""]","[""doomsday"", ""scheme_card"", ""warning_indicator"", ""world_decal""]",True
doomsday_icons,res://assets/tilesets/cyber_city_core_tilesets/Store_Items/Doomsday Icons/Doomsday Icons/FacilityCrate2.png,FacilityCrate2.png,.png,512,512,True,"[8, 114, 494, 429]","[8, 114, 494, 429]",51.647,False,48.353,True,False,False,True,"[""facilitycrate"", ""png""]","[""doomsday"", ""scheme_card"", ""warning_indicator"", ""world_decal""]",True
doomsday_icons,res://assets/tilesets/cyber_city_core_tilesets/Store_Items/Doomsday Icons/Doomsday Icons/FacilityCrate3.png,FacilityCrate3.png,.png,512,512,True,"[40, 83, 466, 474]","[40, 83, 466, 474]",45.296,False,54.704,True,False,False,True,"[""facilitycrate"", ""png""]","[""doomsday"", ""scheme_card"", ""warning_indicator"", ""world_decal""]",True
doomsday_icons,res://assets/tilesets/cyber_city_core_tilesets/Store_Items/Doomsday Icons/Doomsday Icons/Fan1.png,Fan1.png,.png,512,512,True,"[42, 34, 390, 462]","[42, 34, 390, 462]",76.583,False,23.417,True,False,False,True,"[""fan"", ""png""]","[""doomsday"", ""scheme_card"", ""warning_indicator"", ""world_decal""]",True
doomsday_icons,res://assets/tilesets/cyber_city_core_tilesets/Store_Items/Doomsday Icons/Doomsday Icons/FileCabinet1.png,FileCabinet1.png,.png,512,512,True,"[137, 8, 354, 504]","[137, 8, 354, 504]",62.077,False,37.923,True,False,False,False,"[""evidence"", ""filecabinet"", ""png""]","[""big_case"", ""evidence"", ""evidence_board"", ""inventory_icon""]",True
doomsday_icons,res://assets/tilesets/cyber_city_core_tilesets/Store_Items/Doomsday Icons/Doomsday Icons/FireBucket1.png,FireBucket1.png,.png,512,512,True,"[95, 123, 400, 455]","[95, 123, 400, 455]",75.887,False,24.113,True,False,False,True,"[""firebucket"", ""hazard"", ""png""]","[""hazard"", ""hologram_marker"", ""objective_marker"", ""warning_indicator"", ""world_decal""]",True
doomsday_icons,res://assets/tilesets/cyber_city_core_tilesets/Store_Items/Doomsday Icons/Doomsday Icons/FireExtinguisher1.png,FireExtinguisher1.png,.png,512,512,True,"[99, 20, 383, 510]","[99, 20, 383, 510]",73.121,False,26.879,True,False,False,True,"[""fireextinguisher"", ""hazard"", ""png""]","[""hazard"", ""hologram_marker"", ""objective_marker"", ""warning_indicator"", ""world_decal""]",True
doomsday_icons,res://assets/tilesets/cyber_city_core_tilesets/Store_Items/Doomsday Icons/Doomsday Icons/FireExtinguisher2.png,FireExtinguisher2.png,.png,512,512,True,"[194, 16, 326, 480]","[194, 16, 326, 480]",82.767,False,17.233,True,False,False,True,"[""fireextinguisher"", ""hazard"", ""png""]","[""hazard"", ""hologram_marker"", ""objective_marker"", ""warning_indicator"", ""world_decal""]",True
doomsday_icons,res://assets/tilesets/cyber_city_core_tilesets/Store_Items/Doomsday Icons/Doomsday Icons/FireExtinguisher3.png,FireExtinguisher3.png,.png,512,512,True,"[142, 7, 367, 498]","[142, 7, 367, 498]",76.357,False,23.643,True,False,False,True,"[""fireextinguisher"", ""hazard"", ""png""]","[""hazard"", ""hologram_marker"", ""objective_marker"", ""warning_indicator"", ""world_decal""]",True
doomsday_icons,res://assets/tilesets/cyber_city_core_tilesets/Store_Items/Doomsday Icons/Doomsday Icons/FireExtinguisher4.png,FireExtinguisher4.png,.png,512,512,True,"[139, 2, 356, 499]","[139, 2, 356, 499]",71.649,False,28.351,True,False,False,True,"[""fireextinguisher"", ""hazard"", ""png""]","[""hazard"", ""hologram_marker"", ""objective_marker"", ""warning_indicator"", ""world_decal""]",True
doomsday_icons,res://assets/tilesets/cyber_city_core_tilesets/Store_Items/Doomsday Icons/Doomsday Icons/FireHose1.png,FireHose1.png,.png,512,512,True,"[51, 27, 462, 484]","[51, 27, 462, 484]",53.456,False,46.544,True,False,False,True,"[""firehose"", ""hazard"", ""png""]","[""hazard"", ""hologram_marker"", ""objective_marker"", ""warning_indicator"", ""world_decal""]",True
doomsday_icons,res://assets/tilesets/cyber_city_core_tilesets/Store_Items/Doomsday Icons/Doomsday Icons/FireHydrant1.png,FireHydrant1.png,.png,512,512,True,"[144, 2, 336, 506]","[144, 2, 336, 506]",74.919,False,25.081,True,False,False,True,"[""firehydrant"", ""hazard"", ""png""]","[""hazard"", ""hologram_marker"", ""objective_marker"", ""warning_indicator"", ""world_decal""]",True
doomsday_icons,res://assets/tilesets/cyber_city_core_tilesets/Store_Items/Doomsday Icons/Doomsday Icons/FirstAid1.png,FirstAid1.png,.png,512,512,True,"[45, 23, 478, 510]","[45, 23, 478, 510]",29.525,False,70.475,True,False,False,True,"[""firstaid"", ""png""]","[""doomsday"", ""scheme_card"", ""warning_indicator"", ""world_decal""]",True
doomsday_icons,res://assets/tilesets/cyber_city_core_tilesets/Store_Items/Doomsday Icons/Doomsday Icons/FloorRug1.png,FloorRug1.png,.png,512,512,True,"[28, 94, 483, 451]","[28, 94, 483, 451]",66.657,False,33.343,True,False,False,True,"[""floorrug"", ""png""]","[""doomsday"", ""scheme_card"", ""warning_indicator"", ""world_decal""]",True
doomsday_icons,res://assets/tilesets/cyber_city_core_tilesets/Store_Items/Doomsday Icons/Doomsday Icons/FloorRug2.png,FloorRug2.png,.png,512,512,True,"[25, 50, 480, 487]","[25, 50, 480, 487]",46.831,False,53.169,True,False,False,True,"[""floorrug"", ""png""]","[""doomsday"", ""scheme_card"", ""warning_indicator"", ""world_decal""]",True
doomsday_icons,res://assets/tilesets/cyber_city_core_tilesets/Store_Items/Doomsday Icons/Doomsday Icons/FloorRug3.png,FloorRug3.png,.png,512,512,True,"[8, 107, 504, 429]","[8, 107, 504, 429]",52.628,False,47.372,True,False,False,True,"[""floorrug"", ""png""]","[""doomsday"", ""scheme_card"", ""warning_indicator"", ""world_decal""]",True
doomsday_icons,res://assets/tilesets/cyber_city_core_tilesets/Store_Items/Doomsday Icons/Doomsday Icons/Flyer1.png,Flyer1.png,.png,512,512,True,"[143, 88, 330, 389]","[143, 88, 330, 389]",83.275,False,16.725,True,False,False,True,"[""flyer"", ""png""]","[""doomsday"", ""scheme_card"", ""warning_indicator"", ""world_decal""]",True
doomsday_icons,res://assets/tilesets/cyber_city_core_tilesets/Store_Items/Doomsday Icons/Doomsday Icons/Flyer2.png,Flyer2.png,.png,512,512,True,"[157, 130, 359, 418]","[157, 130, 359, 418]",81.658,False,18.342,True,False,False,True,"[""flyer"", ""png""]","[""doomsday"", ""scheme_card"", ""warning_indicator"", ""world_decal""]",True
doomsday_icons,res://assets/tilesets/cyber_city_core_tilesets/Store_Items/Doomsday Icons/Doomsday Icons/Flyer3.png,Flyer3.png,.png,512,512,True,"[134, 45, 347, 459]","[134, 45, 347, 459]",69.272,False,30.728,True,False,False,True,"[""flyer"", ""png""]","[""doomsday"", ""scheme_card"", ""warning_indicator"", ""world_decal""]",True
doomsday_icons,res://assets/tilesets/cyber_city_core_tilesets/Store_Items/Doomsday Icons/Doomsday Icons/Food1.png,Food1.png,.png,512,512,True,"[38, 36, 476, 478]","[38, 36, 476, 478]",94.171,False,5.829,True,False,False,True,"[""food"", ""png""]","[""doomsday"", ""scheme_card"", ""warning_indicator"", ""world_decal""]",True
doomsday_icons,res://assets/tilesets/cyber_city_core_tilesets/Store_Items/Doomsday Icons/Doomsday Icons/Food2.png,Food2.png,.png,512,512,True,"[14, 123, 501, 412]","[14, 123, 501, 412]",72.446,False,27.554,True,False,False,True,"[""food"", ""png""]","[""doomsday"", ""scheme_card"", ""warning_indicator"", ""world_decal""]",True
doomsday_icons,res://assets/tilesets/cyber_city_core_tilesets/Store_Items/Doomsday Icons/Doomsday Icons/Food_Box1.png,Food_Box1.png,.png,512,512,True,"[118, 7, 404, 507]","[118, 7, 404, 507]",51.165,False,48.835,True,False,False,True,"[""box"", ""food"", ""png""]","[""doomsday"", ""scheme_card"", ""warning_indicator"", ""world_decal""]",True
doomsday_icons,res://assets/tilesets/cyber_city_core_tilesets/Store_Items/Doomsday Icons/Doomsday Icons/Food_Box2.png,Food_Box2.png,.png,512,512,True,"[79, 3, 434, 512]","[79, 3, 434, 512]",40.041,False,59.959,True,False,False,True,"[""box"", ""food"", ""png""]","[""doomsday"", ""scheme_card"", ""warning_indicator"", ""world_decal""]",True
doomsday_icons,res://assets/tilesets/cyber_city_core_tilesets/Store_Items/Doomsday Icons/Doomsday Icons/Food_Noodles1.png,Food_Noodles1.png,.png,512,512,True,"[41, 127, 505, 463]","[41, 127, 505, 463]",65.413,False,34.587,True,False,False,True,"[""food"", ""noodles"", ""png""]","[""doomsday"", ""scheme_card"", ""warning_indicator"", ""world_decal""]",True
doomsday_icons,res://assets/tilesets/cyber_city_core_tilesets/Store_Items/Doomsday Icons/Doomsday Icons/Food_Noodles2.png,Food_Noodles2.png,.png,512,512,True,"[39, 67, 483, 428]","[39, 67, 483, 428]",55.004,False,44.996,True,False,False,True,"[""food"", ""noodles"", ""png""]","[""doomsday"", ""scheme_card"", ""warning_indicator"", ""world_decal""]",True
doomsday_icons,res://assets/tilesets/cyber_city_core_tilesets/Store_Items/Doomsday Icons/Doomsday Icons/Food_Pizza1.png,Food_Pizza1.png,.png,512,512,True,"[7, 179, 503, 490]","[7, 179, 503, 490]",69.158,False,30.842,True,False,False,False,"[""comedy"", ""food"", ""pizza"", ""png""]","[""comedy"", ""comedy_item_candidate"", ""decor_shop_thumbnail""]",True
doomsday_icons,res://assets/tilesets/cyber_city_core_tilesets/Store_Items/Doomsday Icons/Doomsday Icons/Food_Pizza2.png,Food_Pizza2.png,.png,512,512,True,"[6, 105, 504, 482]","[6, 105, 504, 482]",58.024,False,41.976,True,False,False,False,"[""comedy"", ""food"", ""pizza"", ""png""]","[""comedy"", ""comedy_item_candidate"", ""decor_shop_thumbnail""]",True
doomsday_icons,res://assets/tilesets/cyber_city_core_tilesets/Store_Items/Doomsday Icons/Doomsday Icons/Food_Pizza3.png,Food_Pizza3.png,.png,512,512,True,"[26, 1, 472, 508]","[26, 1, 472, 508]",48.125,False,51.875,True,False,False,False,"[""comedy"", ""food"", ""pizza"", ""png""]","[""comedy"", ""comedy_item_candidate"", ""decor_shop_thumbnail""]",True
doomsday_icons,res://assets/tilesets/cyber_city_core_tilesets/Store_Items/Doomsday Icons/Doomsday Icons/Food_Sandwhich1.png,Food_Sandwhich1.png,.png,512,512,True,"[58, 104, 463, 435]","[58, 104, 463, 435]",60.538,False,39.462,True,False,False,True,"[""food"", ""png"", ""sandwhich""]","[""doomsday"", ""scheme_card"", ""warning_indicator"", ""world_decal""]",True
doomsday_icons,res://assets/tilesets/cyber_city_core_tilesets/Store_Items/Doomsday Icons/Doomsday Icons/Food_Sandwhich2.png,Food_Sandwhich2.png,.png,512,512,True,"[18, 134, 504, 405]","[18, 134, 504, 405]",66.582,False,33.418,True,False,False,True,"[""food"", ""png"", ""sandwhich""]","[""doomsday"", ""scheme_card"", ""warning_indicator"", ""world_decal""]",True
doomsday_icons,res://assets/tilesets/cyber_city_core_tilesets/Store_Items/Doomsday Icons/Doomsday Icons/FoodContainer1.png,FoodContainer1.png,.png,512,512,True,"[90, 89, 395, 410]","[90, 89, 395, 410]",73.781,False,26.219,True,False,False,True,"[""foodcontainer"", ""png""]","[""doomsday"", ""scheme_card"", ""warning_indicator"", ""world_decal""]",True
doomsday_icons,res://assets/tilesets/cyber_city_core_tilesets/Store_Items/Doomsday Icons/Doomsday Icons/FoodTray1.png,FoodTray1.png,.png,512,512,True,"[46, 93, 488, 411]","[46, 93, 488, 411]",64.803,False,35.197,True,False,False,True,"[""foodtray"", ""png""]","[""doomsday"", ""scheme_card"", ""warning_indicator"", ""world_decal""]",True
doomsday_icons,res://assets/tilesets/cyber_city_core_tilesets/Store_Items/Doomsday Icons/Doomsday Icons/Fridge1.png,Fridge1.png,.png,512,512,True,"[149, 4, 364, 511]","[149, 4, 364, 511]",62.941,False,37.059,True,False,False,True,"[""fridge"", ""png""]","[""doomsday"", ""scheme_card"", ""warning_indicator"", ""world_decal""]",True
doomsday_icons,res://assets/tilesets/cyber_city_core_tilesets/Store_Items/Doomsday Icons/Doomsday Icons/Fridge2.png,Fridge2.png,.png,512,512,True,"[90, 2, 394, 512]","[90, 2, 394, 512]",47.709,False,52.291,True,False,False,True,"[""fridge"", ""png""]","[""doomsday"", ""scheme_card"", ""warning_indicator"", ""world_decal""]",True
doomsday_icons,res://assets/tilesets/cyber_city_core_tilesets/Store_Items/Doomsday Icons/Doomsday Icons/FuseBox1.png,FuseBox1.png,.png,512,512,True,"[76, 12, 424, 500]","[76, 12, 424, 500]",44.04,False,55.96,True,False,False,True,"[""fusebox"", ""png""]","[""doomsday"", ""scheme_card"", ""warning_indicator"", ""world_decal""]",True
doomsday_icons,res://assets/tilesets/cyber_city_core_tilesets/Store_Items/Doomsday Icons/Doomsday Icons/GasCan1.png,GasCan1.png,.png,512,512,True,"[116, 54, 404, 478]","[116, 54, 404, 478]",61.107,False,38.893,True,False,False,True,"[""gascan"", ""png""]","[""doomsday"", ""scheme_card"", ""warning_indicator"", ""world_decal""]",True
doomsday_icons,res://assets/tilesets/cyber_city_core_tilesets/Store_Items/Doomsday Icons/Doomsday Icons/GasCan2.png,GasCan2.png,.png,512,512,True,"[98, 28, 412, 483]","[98, 28, 412, 483]",52.082,False,47.918,True,False,False,True,"[""gascan"", ""png""]","[""doomsday"", ""scheme_card"", ""warning_indicator"", ""world_decal""]",True
doomsday_icons,res://assets/tilesets/cyber_city_core_tilesets/Store_Items/Doomsday Icons/Doomsday Icons/GasCan3.png,GasCan3.png,.png,512,512,True,"[37, 47, 451, 481]","[37, 47, 451, 481]",54.622,False,45.378,True,False,False,True,"[""gascan"", ""png""]","[""doomsday"", ""scheme_card"", ""warning_indicator"", ""world_decal""]",True
doomsday_icons,res://assets/tilesets/cyber_city_core_tilesets/Store_Items/Doomsday Icons/Doomsday Icons/GasCylinder1.png,GasCylinder1.png,.png,512,512,True,"[137, 21, 391, 495]","[137, 21, 391, 495]",64.352,False,35.648,True,False,False,True,"[""gascylinder"", ""png""]","[""doomsday"", ""scheme_card"", ""warning_indicator"", ""world_decal""]",True
doomsday_icons,res://assets/tilesets/cyber_city_core_tilesets/Store_Items/Doomsday Icons/Doomsday Icons/GasCylinder2.png,GasCylinder2.png,.png,512,512,True,"[110, 5, 357, 506]","[110, 5, 357, 506]",57.914,False,42.086,True,False,False,True,"[""gascylinder"", ""png""]","[""doomsday"", ""scheme_card"", ""warning_indicator"", ""world_decal""]",True
doomsday_icons,res://assets/tilesets/cyber_city_core_tilesets/Store_Items/Doomsday Icons/Doomsday Icons/GasPump1.png,GasPump1.png,.png,512,512,True,"[138, 5, 357, 509]","[138, 5, 357, 509]",62.391,False,37.609,True,False,False,True,"[""gaspump"", ""png""]","[""doomsday"", ""scheme_card"", ""warning_indicator"", ""world_decal""]",True
doomsday_icons,res://assets/tilesets/cyber_city_core_tilesets/Store_Items/Doomsday Icons/Doomsday Icons/GasPump2.png,GasPump2.png,.png,512,512,True,"[163, 3, 389, 510]","[163, 3, 389, 510]",68.714,False,31.286,True,False,False,True,"[""gaspump"", ""png""]","[""doomsday"", ""scheme_card"", ""warning_indicator"", ""world_decal""]",True
doomsday_icons,res://assets/tilesets/cyber_city_core_tilesets/Store_Items/Doomsday Icons/Doomsday Icons/Generator1.png,Generator1.png,.png,512,512,True,"[11, 41, 503, 437]","[11, 41, 503, 437]",50.752,False,49.248,True,False,False,True,"[""generator"", ""png""]","[""doomsday"", ""scheme_card"", ""warning_indicator"", ""world_decal""]",True
doomsday_icons,res://assets/tilesets/cyber_city_core_tilesets/Store_Items/Doomsday Icons/Doomsday Icons/Generator2.png,Generator2.png,.png,512,512,True,"[0, 91, 508, 475]","[0, 91, 508, 475]",47.858,False,52.142,True,False,False,True,"[""generator"", ""png""]","[""doomsday"", ""scheme_card"", ""warning_indicator"", ""world_decal""]",True
doomsday_icons,res://assets/tilesets/cyber_city_core_tilesets/Store_Items/Doomsday Icons/Doomsday Icons/Generator3.png,Generator3.png,.png,512,512,True,"[6, 87, 499, 414]","[6, 87, 499, 414]",53.25,False,46.75,True,False,False,True,"[""generator"", ""png""]","[""doomsday"", ""scheme_card"", ""warning_indicator"", ""world_decal""]",True
doomsday_icons,res://assets/tilesets/cyber_city_core_tilesets/Store_Items/Doomsday Icons/Doomsday Icons/Generator4.png,Generator4.png,.png,512,512,True,"[20, 85, 501, 444]","[20, 85, 501, 444]",58.329,False,41.671,True,False,False,True,"[""generator"", ""png""]","[""doomsday"", ""scheme_card"", ""warning_indicator"", ""world_decal""]",True
doomsday_icons,res://assets/tilesets/cyber_city_core_tilesets/Store_Items/Doomsday Icons/Doomsday Icons/Globe1.png,Globe1.png,.png,512,512,True,"[24, 9, 453, 509]","[24, 9, 453, 509]",41.802,False,58.198,True,False,False,True,"[""globe"", ""png""]","[""doomsday"", ""scheme_card"", ""warning_indicator"", ""world_decal""]",True
doomsday_icons,res://assets/tilesets/cyber_city_core_tilesets/Store_Items/Doomsday Icons/Doomsday Icons/GoldBar1.png,GoldBar1.png,.png,512,512,True,"[11, 42, 498, 498]","[11, 42, 498, 498]",52.02,False,47.98,True,False,False,True,"[""goldbar"", ""png""]","[""doomsday"", ""scheme_card"", ""warning_indicator"", ""world_decal""]",True
doomsday_icons,res://assets/tilesets/cyber_city_core_tilesets/Store_Items/Doomsday Icons/Doomsday Icons/GoreBag1.png,GoreBag1.png,.png,512,512,True,"[9, 57, 510, 465]","[9, 57, 510, 465]",55.881,False,44.119,True,False,False,True,"[""gorebag"", ""png""]","[""doomsday"", ""scheme_card"", ""warning_indicator"", ""world_decal""]",True
doomsday_icons,res://assets/tilesets/cyber_city_core_tilesets/Store_Items/Doomsday Icons/Doomsday Icons/GoreBarrel1.png,GoreBarrel1.png,.png,512,512,True,"[105, 2, 369, 506]","[105, 2, 369, 506]",63.693,False,36.307,True,False,False,True,"[""gorebarrel"", ""png""]","[""doomsday"", ""scheme_card"", ""warning_indicator"", ""world_decal""]",True
doomsday_icons,res://assets/tilesets/cyber_city_core_tilesets/Store_Items/Doomsday Icons/Doomsday Icons/Grenade1.png,Grenade1.png,.png,512,512,True,"[137, 51, 376, 464]","[137, 51, 376, 464]",74.166,False,25.834,True,False,False,True,"[""grenade"", ""png""]","[""doomsday"", ""scheme_card"", ""warning_indicator"", ""world_decal""]",True
doomsday_icons,res://assets/tilesets/cyber_city_core_tilesets/Store_Items/Doomsday Icons/Doomsday Icons/Grenade2.png,Grenade2.png,.png,512,512,True,"[56, 22, 424, 491]","[56, 22, 424, 491]",59.656,False,40.344,True,False,False,True,"[""grenade"", ""png""]","[""doomsday"", ""scheme_card"", ""warning_indicator"", ""world_decal""]",True
doomsday_icons,res://assets/tilesets/cyber_city_core_tilesets/Store_Items/Doomsday Icons/Doomsday Icons/Grill1.png,Grill1.png,.png,512,512,True,"[25, 3, 476, 509]","[25, 3, 476, 509]",71.321,False,28.679,True,False,False,True,"[""grill"", ""png""]","[""doomsday"", ""scheme_card"", ""warning_indicator"", ""world_decal""]",True
doomsday_icons,res://assets/tilesets/cyber_city_core_tilesets/Store_Items/Doomsday Icons/Doomsday Icons/Grill2.png,Grill2.png,.png,512,512,True,"[5, 85, 505, 508]","[5, 85, 505, 508]",69.719,False,30.281,True,False,False,True,"[""grill"", ""png""]","[""doomsday"", ""scheme_card"", ""warning_indicator"", ""world_decal""]",True
doomsday_icons,res://assets/tilesets/cyber_city_core_tilesets/Store_Items/Doomsday Icons/Doomsday Icons/Guitar1.png,Guitar1.png,.png,512,512,True,"[75, 3, 440, 502]","[75, 3, 440, 502]",78.401,False,21.599,True,False,False,True,"[""guitar"", ""png""]","[""doomsday"", ""scheme_card"", ""warning_indicator"", ""world_decal""]",True
doomsday_icons,res://assets/tilesets/cyber_city_core_tilesets/Store_Items/Doomsday Icons/Doomsday Icons/HandCuffs1.png,HandCuffs1.png,.png,512,512,True,"[51, 186, 477, 384]","[51, 186, 477, 384]",90.997,False,9.003,True,False,False,True,"[""handcuffs"", ""png""]","[""doomsday"", ""scheme_card"", ""warning_indicator"", ""world_decal""]",True
doomsday_icons,res://assets/tilesets/cyber_city_core_tilesets/Store_Items/Doomsday Icons/Doomsday Icons/Hatchet1.png,Hatchet1.png,.png,512,512,True,"[35, 60, 486, 440]","[35, 60, 486, 440]",88.516,False,11.484,True,False,False,True,"[""hatchet"", ""png""]","[""doomsday"", ""scheme_card"", ""warning_indicator"", ""world_decal""]",True
doomsday_icons,res://assets/tilesets/cyber_city_core_tilesets/Store_Items/Doomsday Icons/Doomsday Icons/Hatchet2.png,Hatchet2.png,.png,512,512,True,"[79, 40, 440, 487]","[79, 40, 440, 487]",86.204,False,13.796,True,False,False,True,"[""hatchet"", ""png""]","[""doomsday"", ""scheme_card"", ""warning_indicator"", ""world_decal""]",True
doomsday_icons,res://assets/tilesets/cyber_city_core_tilesets/Store_Items/Doomsday Icons/Doomsday Icons/Hedgehog1.png,Hedgehog1.png,.png,512,512,True,"[45, 22, 489, 490]","[45, 22, 489, 490]",72.532,False,27.468,True,False,False,True,"[""hedgehog"", ""png""]","[""doomsday"", ""scheme_card"", ""warning_indicator"", ""world_decal""]",True
doomsday_icons,res://assets/tilesets/cyber_city_core_tilesets/Store_Items/Doomsday Icons/Doomsday Icons/HighTechMonitor1.png,HighTechMonitor1.png,.png,512,512,True,"[66, 63, 469, 421]","[66, 63, 469, 421]",54.738,False,45.262,True,False,False,True,"[""hightechmonitor"", ""png"", ""terminal""]","[""screen_graphic"", ""store_terminal"", ""terminal"", ""world_decal""]",True
doomsday_icons,res://assets/tilesets/cyber_city_core_tilesets/Store_Items/Doomsday Icons/Doomsday Icons/Hose1.png,Hose1.png,.png,512,512,True,"[30, 133, 498, 420]","[30, 133, 498, 420]",69.343,False,30.657,True,False,False,True,"[""hose"", ""png""]","[""doomsday"", ""scheme_card"", ""warning_indicator"", ""world_decal""]",True
doomsday_icons,res://assets/tilesets/cyber_city_core_tilesets/Store_Items/Doomsday Icons/Doomsday Icons/HospitalGurney1.png,HospitalGurney1.png,.png,512,512,True,"[6, 59, 509, 480]","[6, 59, 509, 480]",71.487,False,28.513,True,False,False,True,"[""hospitalgurney"", ""png""]","[""doomsday"", ""scheme_card"", ""warning_indicator"", ""world_decal""]",True
doomsday_icons,res://assets/tilesets/cyber_city_core_tilesets/Store_Items/Doomsday Icons/Doomsday Icons/IndustrialBucket1.png,IndustrialBucket1.png,.png,512,512,True,"[65, 63, 456, 495]","[65, 63, 456, 495]",50.031,False,49.969,True,False,False,True,"[""industrialbucket"", ""png""]","[""doomsday"", ""scheme_card"", ""warning_indicator"", ""world_decal""]",True
doomsday_icons,res://assets/tilesets/cyber_city_core_tilesets/Store_Items/Doomsday Icons/Doomsday Icons/IndustrialBucket2.png,IndustrialBucket2.png,.png,512,512,True,"[64, 16, 426, 491]","[64, 16, 426, 491]",47.811,False,52.189,True,False,False,True,"[""industrialbucket"", ""png""]","[""doomsday"", ""scheme_card"", ""warning_indicator"", ""world_decal""]",True
doomsday_icons,res://assets/tilesets/cyber_city_core_tilesets/Store_Items/Doomsday Icons/Doomsday Icons/IndustrialCannister1.png,IndustrialCannister1.png,.png,512,512,True,"[138, 16, 289, 501]","[138, 16, 289, 501]",83.498,False,16.502,True,False,False,True,"[""industrialcannister"", ""png""]","[""doomsday"", ""scheme_card"", ""warning_indicator"", ""world_decal""]",True
doomsday_icons,res://assets/tilesets/cyber_city_core_tilesets/Store_Items/Doomsday Icons/Doomsday Icons/Iron1.png,Iron1.png,.png,512,512,True,"[56, 51, 462, 463]","[56, 51, 462, 463]",65.331,False,34.669,True,False,False,True,"[""iron"", ""png""]","[""doomsday"", ""scheme_card"", ""warning_indicator"", ""world_decal""]",True
doomsday_icons,res://assets/tilesets/cyber_city_core_tilesets/Store_Items/Doomsday Icons/Doomsday Icons/Jug1.png,Jug1.png,.png,512,512,True,"[138, 77, 334, 416]","[138, 77, 334, 416]",81.943,False,18.057,True,False,False,True,"[""jug"", ""png""]","[""doomsday"", ""scheme_card"", ""warning_indicator"", ""world_decal""]",True
doomsday_icons,res://assets/tilesets/cyber_city_core_tilesets/Store_Items/Doomsday Icons/Doomsday Icons/Jug10.png,Jug10.png,.png,512,512,True,"[100, 18, 440, 506]","[100, 18, 440, 506]",45.625,False,54.375,True,False,False,True,"[""jug"", ""png""]","[""doomsday"", ""scheme_card"", ""warning_indicator"", ""world_decal""]",True
doomsday_icons,res://assets/tilesets/cyber_city_core_tilesets/Store_Items/Doomsday Icons/Doomsday Icons/Jug2.png,Jug2.png,.png,512,512,True,"[122, 71, 371, 454]","[122, 71, 371, 454]",68.21,False,31.79,True,False,False,True,"[""jug"", ""png""]","[""doomsday"", ""scheme_card"", ""warning_indicator"", ""world_decal""]",True
doomsday_icons,res://assets/tilesets/cyber_city_core_tilesets/Store_Items/Doomsday Icons/Doomsday Icons/Jug3.png,Jug3.png,.png,512,512,True,"[155, 6, 366, 496]","[155, 6, 366, 496]",70.036,False,29.964,True,False,False,True,"[""jug"", ""png""]","[""doomsday"", ""scheme_card"", ""warning_indicator"", ""world_decal""]",True
doomsday_icons,res://assets/tilesets/cyber_city_core_tilesets/Store_Items/Doomsday Icons/Doomsday Icons/Jug4.png,Jug4.png,.png,512,512,True,"[154, 9, 365, 499]","[154, 9, 365, 499]",70.628,False,29.372,True,False,False,True,"[""jug"", ""png""]","[""doomsday"", ""scheme_card"", ""warning_indicator"", ""world_decal""]",True
doomsday_icons,res://assets/tilesets/cyber_city_core_tilesets/Store_Items/Doomsday Icons/Doomsday Icons/Jug5.png,Jug5.png,.png,512,512,True,"[152, 10, 368, 503]","[152, 10, 368, 503]",70.634,False,29.366,True,False,False,True,"[""jug"", ""png""]","[""doomsday"", ""scheme_card"", ""warning_indicator"", ""world_decal""]",True
doomsday_icons,res://assets/tilesets/cyber_city_core_tilesets/Store_Items/Doomsday Icons/Doomsday Icons/Jug6.png,Jug6.png,.png,512,512,True,"[62, 75, 438, 469]","[62, 75, 438, 469]",58.112,False,41.888,True,False,False,True,"[""jug"", ""png""]","[""doomsday"", ""scheme_card"", ""warning_indicator"", ""world_decal""]",True
doomsday_icons,res://assets/tilesets/cyber_city_core_tilesets/Store_Items/Doomsday Icons/Doomsday Icons/Jug7.png,Jug7.png,.png,512,512,True,"[82, 54, 442, 473]","[82, 54, 442, 473]",51.097,False,48.903,True,False,False,True,"[""jug"", ""png""]","[""doomsday"", ""scheme_card"", ""warning_indicator"", ""world_decal""]",True
doomsday_icons,res://assets/tilesets/cyber_city_core_tilesets/Store_Items/Doomsday Icons/Doomsday Icons/Jug8.png,Jug8.png,.png,512,512,True,"[56, 36, 440, 479]","[56, 36, 440, 479]",68.826,False,31.174,True,False,False,True,"[""jug"", ""png""]","[""doomsday"", ""scheme_card"", ""warning_indicator"", ""world_decal""]",True
doomsday_icons,res://assets/tilesets/cyber_city_core_tilesets/Store_Items/Doomsday Icons/Doomsday Icons/Jug9.png,Jug9.png,.png,512,512,True,"[112, 17, 384, 498]","[112, 17, 384, 498]",61.505,False,38.495,True,False,False,True,"[""jug"", ""png""]","[""doomsday"", ""scheme_card"", ""warning_indicator"", ""world_decal""]",True
doomsday_icons,res://assets/tilesets/cyber_city_core_tilesets/Store_Items/Doomsday Icons/Doomsday Icons/Jukebox1.png,Jukebox1.png,.png,512,512,True,"[114, 7, 433, 510]","[114, 7, 433, 510]",46.7,False,53.3,True,False,False,True,"[""jukebox"", ""png""]","[""doomsday"", ""scheme_card"", ""warning_indicator"", ""world_decal""]",True
doomsday_icons,res://assets/tilesets/cyber_city_core_tilesets/Store_Items/Doomsday Icons/Doomsday Icons/JumperCables1.png,JumperCables1.png,.png,512,512,True,"[7, 125, 509, 418]","[7, 125, 509, 418]",84.919,False,15.081,True,False,False,True,"[""jumpercables"", ""png""]","[""doomsday"", ""scheme_card"", ""warning_indicator"", ""world_decal""]",True
doomsday_icons,res://assets/tilesets/cyber_city_core_tilesets/Store_Items/Doomsday Icons/Doomsday Icons/Junk1.png,Junk1.png,.png,512,512,True,"[26, 73, 482, 438]","[26, 73, 482, 438]",85.734,False,14.266,True,False,False,True,"[""junk"", ""png""]","[""doomsday"", ""scheme_card"", ""warning_indicator"", ""world_decal""]",True
doomsday_icons,res://assets/tilesets/cyber_city_core_tilesets/Store_Items/Doomsday Icons/Doomsday Icons/Junk10.png,Junk10.png,.png,512,512,True,"[40, 51, 467, 439]","[40, 51, 467, 439]",58.786,False,41.214,True,False,False,True,"[""junk"", ""png""]","[""doomsday"", ""scheme_card"", ""warning_indicator"", ""world_decal""]",True
doomsday_icons,res://assets/tilesets/cyber_city_core_tilesets/Store_Items/Doomsday Icons/Doomsday Icons/Junk11.png,Junk11.png,.png,512,512,True,"[94, 64, 420, 422]","[94, 64, 420, 422]",80.693,False,19.307,True,False,False,True,"[""junk"", ""png""]","[""doomsday"", ""scheme_card"", ""warning_indicator"", ""world_decal""]",True
doomsday_icons,res://assets/tilesets/cyber_city_core_tilesets/Store_Items/Doomsday Icons/Doomsday Icons/Junk12.png,Junk12.png,.png,512,512,True,"[176, 171, 386, 357]","[176, 171, 386, 357]",96.051,False,3.949,True,False,False,True,"[""junk"", ""png""]","[""doomsday"", ""scheme_card"", ""warning_indicator"", ""world_decal""]",True
doomsday_icons,res://assets/tilesets/cyber_city_core_tilesets/Store_Items/Doomsday Icons/Doomsday Icons/Junk13.png,Junk13.png,.png,512,512,True,"[44, 29, 487, 489]","[44, 29, 487, 489]",95.509,False,4.491,True,False,False,True,"[""junk"", ""png""]","[""doomsday"", ""scheme_card"", ""warning_indicator"", ""world_decal""]",True
doomsday_icons,res://assets/tilesets/cyber_city_core_tilesets/Store_Items/Doomsday Icons/Doomsday Icons/Junk14.png,Junk14.png,.png,512,512,True,"[95, 122, 431, 452]","[95, 122, 431, 452]",72.871,False,27.129,True,False,False,True,"[""junk"", ""png""]","[""doomsday"", ""scheme_card"", ""warning_indicator"", ""world_decal""]",True
doomsday_icons,res://assets/tilesets/cyber_city_core_tilesets/Store_Items/Doomsday Icons/Doomsday Icons/Junk15.png,Junk15.png,.png,512,512,True,"[105, 91, 388, 415]","[105, 91, 388, 415]",86.5,False,13.5,True,False,False,True,"[""junk"", ""png""]","[""doomsday"", ""scheme_card"", ""warning_indicator"", ""world_decal""]",True
doomsday_icons,res://assets/tilesets/cyber_city_core_tilesets/Store_Items/Doomsday Icons/Doomsday Icons/Junk16.png,Junk16.png,.png,512,512,True,"[118, 117, 413, 392]","[118, 117, 413, 392]",78.289,False,21.711,True,False,False,True,"[""junk"", ""png""]","[""doomsday"", ""scheme_card"", ""warning_indicator"", ""world_decal""]",True
doomsday_icons,res://assets/tilesets/cyber_city_core_tilesets/Store_Items/Doomsday Icons/Doomsday Icons/Junk17.png,Junk17.png,.png,512,512,True,"[100, 10, 402, 481]","[100, 10, 402, 481]",65.147,False,34.853,True,False,False,True,"[""junk"", ""png""]","[""doomsday"", ""scheme_card"", ""warning_indicator"", ""world_decal""]",True
doomsday_icons,res://assets/tilesets/cyber_city_core_tilesets/Store_Items/Doomsday Icons/Doomsday Icons/Junk18.png,Junk18.png,.png,512,512,True,"[69, 97, 448, 450]","[69, 97, 448, 450]",70.052,False,29.948,True,False,False,True,"[""junk"", ""png""]","[""doomsday"", ""scheme_card"", ""warning_indicator"", ""world_decal""]",True
doomsday_icons,res://assets/tilesets/cyber_city_core_tilesets/Store_Items/Doomsday Icons/Doomsday Icons/Junk19.png,Junk19.png,.png,512,512,True,"[20, 58, 496, 446]","[20, 58, 496, 446]",58.72,False,41.28,True,False,False,True,"[""junk"", ""png""]","[""doomsday"", ""scheme_card"", ""warning_indicator"", ""world_decal""]",True
doomsday_icons,res://assets/tilesets/cyber_city_core_tilesets/Store_Items/Doomsday Icons/Doomsday Icons/Junk2.png,Junk2.png,.png,512,512,True,"[48, 85, 472, 438]","[48, 85, 472, 438]",77.409,False,22.591,True,False,False,True,"[""junk"", ""png""]","[""doomsday"", ""scheme_card"", ""warning_indicator"", ""world_decal""]",True
doomsday_icons,res://assets/tilesets/cyber_city_core_tilesets/Store_Items/Doomsday Icons/Doomsday Icons/Junk20.png,Junk20.png,.png,512,512,True,"[17, 37, 498, 459]","[17, 37, 498, 459]",62.186,False,37.814,True,False,False,True,"[""junk"", ""png""]","[""doomsday"", ""scheme_card"", ""warning_indicator"", ""world_decal""]",True
doomsday_icons,res://assets/tilesets/cyber_city_core_tilesets/Store_Items/Doomsday Icons/Doomsday Icons/Junk21.png,Junk21.png,.png,512,512,True,"[77, 113, 432, 416]","[77, 113, 432, 416]",68.283,False,31.717,True,False,False,True,"[""junk"", ""png""]","[""doomsday"", ""scheme_card"", ""warning_indicator"", ""world_decal""]",True
doomsday_icons,res://assets/tilesets/cyber_city_core_tilesets/Store_Items/Doomsday Icons/Doomsday Icons/Junk22.png,Junk22.png,.png,512,512,True,"[89, 10, 464, 501]","[89, 10, 464, 501]",86.09,False,13.91,True,False,False,True,"[""junk"", ""png""]","[""doomsday"", ""scheme_card"", ""warning_indicator"", ""world_decal""]",True
doomsday_icons,res://assets/tilesets/cyber_city_core_tilesets/Store_Items/Doomsday Icons/Doomsday Icons/Junk23.png,Junk23.png,.png,512,512,True,"[45, 18, 465, 492]","[45, 18, 465, 492]",91.841,False,8.159,True,False,False,True,"[""junk"", ""png""]","[""doomsday"", ""scheme_card"", ""warning_indicator"", ""world_decal""]",True
doomsday_icons,res://assets/tilesets/cyber_city_core_tilesets/Store_Items/Doomsday Icons/Doomsday Icons/Junk24.png,Junk24.png,.png,512,512,True,"[71, 21, 483, 485]","[71, 21, 483, 485]",91.239,False,8.761,True,False,False,True,"[""junk"", ""png""]","[""doomsday"", ""scheme_card"", ""warning_indicator"", ""world_decal""]",True
doomsday_icons,res://assets/tilesets/cyber_city_core_tilesets/Store_Items/Doomsday Icons/Doomsday Icons/Junk3.png,Junk3.png,.png,512,512,True,"[37, 43, 470, 477]","[37, 43, 470, 477]",91.344,False,8.656,True,False,False,True,"[""junk"", ""png""]","[""doomsday"", ""scheme_card"", ""warning_indicator"", ""world_decal""]",True
doomsday_icons,res://assets/tilesets/cyber_city_core_tilesets/Store_Items/Doomsday Icons/Doomsday Icons/Junk4.png,Junk4.png,.png,512,512,True,"[161, 176, 346, 369]","[161, 176, 346, 369]",90.282,False,9.718,True,False,False,True,"[""junk"", ""png""]","[""doomsday"", ""scheme_card"", ""warning_indicator"", ""world_decal""]",True
doomsday_icons,res://assets/tilesets/cyber_city_core_tilesets/Store_Items/Doomsday Icons/Doomsday Icons/Junk5.png,Junk5.png,.png,512,512,True,"[88, 141, 481, 442]","[88, 141, 481, 442]",86.788,False,13.212,True,False,False,True,"[""junk"", ""png""]","[""doomsday"", ""scheme_card"", ""warning_indicator"", ""world_decal""]",True
doomsday_icons,res://assets/tilesets/cyber_city_core_tilesets/Store_Items/Doomsday Icons/Doomsday Icons/Junk6.png,Junk6.png,.png,512,512,True,"[120, 100, 419, 420]","[120, 100, 419, 420]",90.225,False,9.775,True,False,False,True,"[""junk"", ""png""]","[""doomsday"", ""scheme_card"", ""warning_indicator"", ""world_decal""]",True
doomsday_icons,res://assets/tilesets/cyber_city_core_tilesets/Store_Items/Doomsday Icons/Doomsday Icons/Junk7.png,Junk7.png,.png,512,512,True,"[15, 178, 489, 389]","[15, 178, 489, 389]",74.005,False,25.995,True,False,False,True,"[""junk"", ""png""]","[""doomsday"", ""scheme_card"", ""warning_indicator"", ""world_decal""]",True
doomsday_icons,res://assets/tilesets/cyber_city_core_tilesets/Store_Items/Doomsday Icons/Doomsday Icons/Junk8.png,Junk8.png,.png,512,512,True,"[25, 119, 500, 408]","[25, 119, 500, 408]",94.615,False,5.385,True,False,False,True,"[""junk"", ""png""]","[""doomsday"", ""scheme_card"", ""warning_indicator"", ""world_decal""]",True
doomsday_icons,res://assets/tilesets/cyber_city_core_tilesets/Store_Items/Doomsday Icons/Doomsday Icons/Junk9.png,Junk9.png,.png,512,512,True,"[53, 171, 475, 389]","[53, 171, 475, 389]",84.775,False,15.225,True,False,False,True,"[""junk"", ""png""]","[""doomsday"", ""scheme_card"", ""warning_indicator"", ""world_decal""]",True
doomsday_icons,res://assets/tilesets/cyber_city_core_tilesets/Store_Items/Doomsday Icons/Doomsday Icons/Kettle1.png,Kettle1.png,.png,512,512,True,"[47, 29, 466, 474]","[47, 29, 466, 474]",56.662,False,43.338,True,False,False,True,"[""kettle"", ""png""]","[""doomsday"", ""scheme_card"", ""warning_indicator"", ""world_decal""]",True
doomsday_icons,res://assets/tilesets/cyber_city_core_tilesets/Store_Items/Doomsday Icons/Doomsday Icons/Keypad1.png,Keypad1.png,.png,512,512,True,"[94, 28, 388, 493]","[94, 28, 388, 493]",50.131,False,49.869,True,False,False,True,"[""door"", ""keypad"", ""png"", ""security""]","[""door"", ""keypad"", ""security_indicator"", ""terminal"", ""world_decal""]",True
doomsday_icons,res://assets/tilesets/cyber_city_core_tilesets/Store_Items/Doomsday Icons/Doomsday Icons/Lab_Microscope1.png,Lab_Microscope1.png,.png,512,512,True,"[97, 10, 394, 501]","[97, 10, 394, 501]",75.769,False,24.231,True,False,False,True,"[""lab"", ""microscope"", ""png""]","[""doomsday"", ""scheme_card"", ""warning_indicator"", ""world_decal""]",True
doomsday_icons,res://assets/tilesets/cyber_city_core_tilesets/Store_Items/Doomsday Icons/Doomsday Icons/LabDevice1.png,LabDevice1.png,.png,512,512,True,"[14, 73, 498, 480]","[14, 73, 498, 480]",37.344,False,62.656,True,False,False,True,"[""labdevice"", ""png""]","[""doomsday"", ""scheme_card"", ""warning_indicator"", ""world_decal""]",True
doomsday_icons,res://assets/tilesets/cyber_city_core_tilesets/Store_Items/Doomsday Icons/Doomsday Icons/LabDevice2.png,LabDevice2.png,.png,512,512,True,"[1, 44, 507, 410]","[1, 44, 507, 410]",63.812,False,36.188,True,False,False,True,"[""labdevice"", ""png""]","[""doomsday"", ""scheme_card"", ""warning_indicator"", ""world_decal""]",True
doomsday_icons,res://assets/tilesets/cyber_city_core_tilesets/Store_Items/Doomsday Icons/Doomsday Icons/LabDevice3.png,LabDevice3.png,.png,512,512,True,"[102, 15, 423, 489]","[102, 15, 423, 489]",50.8,False,49.2,True,False,False,True,"[""labdevice"", ""png""]","[""doomsday"", ""scheme_card"", ""warning_indicator"", ""world_decal""]",True
doomsday_icons,res://assets/tilesets/cyber_city_core_tilesets/Store_Items/Doomsday Icons/Doomsday Icons/LabDevice4.png,LabDevice4.png,.png,512,512,True,"[39, 90, 484, 439]","[39, 90, 484, 439]",51.946,False,48.054,True,False,False,True,"[""labdevice"", ""png""]","[""doomsday"", ""scheme_card"", ""warning_indicator"", ""world_decal""]",True
doomsday_icons,res://assets/tilesets/cyber_city_core_tilesets/Store_Items/Doomsday Icons/Doomsday Icons/LabDevice5.png,LabDevice5.png,.png,512,512,True,"[7, 192, 509, 393]","[7, 192, 509, 393]",71.426,False,28.574,True,False,False,True,"[""labdevice"", ""png""]","[""doomsday"", ""scheme_card"", ""warning_indicator"", ""world_decal""]",True
doomsday_icons,res://assets/tilesets/cyber_city_core_tilesets/Store_Items/Doomsday Icons/Doomsday Icons/LabVials1.png,LabVials1.png,.png,512,512,True,"[55, 106, 416, 450]","[55, 106, 416, 450]",64.731,False,35.269,True,False,False,True,"[""labvials"", ""png""]","[""doomsday"", ""scheme_card"", ""warning_indicator"", ""world_decal""]",True
doomsday_icons,res://assets/tilesets/cyber_city_core_tilesets/Store_Items/Doomsday Icons/Doomsday Icons/Ladder1.png,Ladder1.png,.png,512,512,True,"[115, 7, 377, 510]","[115, 7, 377, 510]",82.162,False,17.838,True,False,False,True,"[""ladder"", ""png""]","[""doomsday"", ""scheme_card"", ""warning_indicator"", ""world_decal""]",True
doomsday_icons,res://assets/tilesets/cyber_city_core_tilesets/Store_Items/Doomsday Icons/Doomsday Icons/Ladder2.png,Ladder2.png,.png,512,512,True,"[155, 1, 349, 507]","[155, 1, 349, 507]",84.534,False,15.466,True,False,False,True,"[""ladder"", ""png""]","[""doomsday"", ""scheme_card"", ""warning_indicator"", ""world_decal""]",True
doomsday_icons,res://assets/tilesets/cyber_city_core_tilesets/Store_Items/Doomsday Icons/Doomsday Icons/Lamp1.png,Lamp1.png,.png,512,512,True,"[139, 48, 382, 469]","[139, 48, 382, 469]",75.757,False,24.243,True,False,False,True,"[""lamp"", ""png""]","[""doomsday"", ""scheme_card"", ""warning_indicator"", ""world_decal""]",True
doomsday_icons,res://assets/tilesets/cyber_city_core_tilesets/Store_Items/Doomsday Icons/Doomsday Icons/Lamp2.png,Lamp2.png,.png,512,512,True,"[179, 12, 333, 460]","[179, 12, 333, 460]",81.33,False,18.67,True,False,False,True,"[""lamp"", ""png""]","[""doomsday"", ""scheme_card"", ""warning_indicator"", ""world_decal""]",True
doomsday_icons,res://assets/tilesets/cyber_city_core_tilesets/Store_Items/Doomsday Icons/Doomsday Icons/Landmine1.png,Landmine1.png,.png,512,512,True,"[28, 121, 477, 465]","[28, 121, 477, 465]",54.947,False,45.053,True,False,False,True,"[""landmine"", ""png""]","[""doomsday"", ""scheme_card"", ""warning_indicator"", ""world_decal""]",True
doomsday_icons,res://assets/tilesets/cyber_city_core_tilesets/Store_Items/Doomsday Icons/Doomsday Icons/Lantern1.png,Lantern1.png,.png,512,512,True,"[125, 8, 364, 490]","[125, 8, 364, 490]",74.501,False,25.499,True,False,False,True,"[""lantern"", ""png""]","[""doomsday"", ""scheme_card"", ""warning_indicator"", ""world_decal""]",True
doomsday_icons,res://assets/tilesets/cyber_city_core_tilesets/Store_Items/Doomsday Icons/Doomsday Icons/Lantern2.png,Lantern2.png,.png,512,512,True,"[163, 8, 303, 489]","[163, 8, 303, 489]",86.281,False,13.719,True,False,False,True,"[""lantern"", ""png""]","[""doomsday"", ""scheme_card"", ""warning_indicator"", ""world_decal""]",True
doomsday_icons,res://assets/tilesets/cyber_city_core_tilesets/Store_Items/Doomsday Icons/Doomsday Icons/Laptop1.png,Laptop1.png,.png,512,512,True,"[8, 100, 508, 441]","[8, 100, 508, 441]",57.566,False,42.434,True,False,False,True,"[""laptop"", ""png""]","[""doomsday"", ""scheme_card"", ""warning_indicator"", ""world_decal""]",True
doomsday_icons,res://assets/tilesets/cyber_city_core_tilesets/Store_Items/Doomsday Icons/Doomsday Icons/Laptop2.png,Laptop2.png,.png,512,512,True,"[1, 67, 508, 466]","[1, 67, 508, 466]",48.085,False,51.915,True,False,False,True,"[""laptop"", ""png""]","[""doomsday"", ""scheme_card"", ""warning_indicator"", ""world_decal""]",True
doomsday_icons,res://assets/tilesets/cyber_city_core_tilesets/Store_Items/Doomsday Icons/Doomsday Icons/LawnMower1.png,LawnMower1.png,.png,512,512,True,"[57, 5, 448, 498]","[57, 5, 448, 498]",77.351,False,22.649,True,False,False,True,"[""lawnmower"", ""png""]","[""doomsday"", ""scheme_card"", ""warning_indicator"", ""world_decal""]",True
doomsday_icons,res://assets/tilesets/cyber_city_core_tilesets/Store_Items/Doomsday Icons/Doomsday Icons/Leaf1.png,Leaf1.png,.png,512,512,True,"[0, 0, 484, 495]","[0, 0, 484, 495]",81.034,False,18.966,True,False,False,True,"[""leaf"", ""png""]","[""doomsday"", ""scheme_card"", ""warning_indicator"", ""world_decal""]",True
doomsday_icons,res://assets/tilesets/cyber_city_core_tilesets/Store_Items/Doomsday Icons/Doomsday Icons/Lighter1.png,Lighter1.png,.png,512,512,True,"[88, 98, 403, 453]","[88, 98, 403, 453]",82.463,False,17.537,True,False,False,True,"[""lighter"", ""png""]","[""doomsday"", ""scheme_card"", ""warning_indicator"", ""world_decal""]",True
doomsday_icons,res://assets/tilesets/cyber_city_core_tilesets/Store_Items/Doomsday Icons/Doomsday Icons/Lock1.png,Lock1.png,.png,512,512,True,"[32, 155, 473, 393]","[32, 155, 473, 393]",83.58,False,16.42,True,False,False,True,"[""lock"", ""png"", ""security""]","[""mission_board"", ""screen_graphic"", ""security"", ""security_indicator"", ""warning_indicator"", ""world_decal""]",True
doomsday_icons,res://assets/tilesets/cyber_city_core_tilesets/Store_Items/Doomsday Icons/Doomsday Icons/Lock2.png,Lock2.png,.png,512,512,True,"[104, 32, 416, 478]","[104, 32, 416, 478]",71.302,False,28.698,True,False,False,True,"[""lock"", ""png"", ""security""]","[""mission_board"", ""screen_graphic"", ""security"", ""security_indicator"", ""warning_indicator"", ""world_decal""]",True
doomsday_icons,res://assets/tilesets/cyber_city_core_tilesets/Store_Items/Doomsday Icons/Doomsday Icons/Lock3.png,Lock3.png,.png,512,512,True,"[104, 2, 416, 478]","[104, 2, 416, 478]",71.14,False,28.86,True,False,False,True,"[""lock"", ""png"", ""security""]","[""mission_board"", ""screen_graphic"", ""security"", ""security_indicator"", ""warning_indicator"", ""world_decal""]",True
doomsday_icons,res://assets/tilesets/cyber_city_core_tilesets/Store_Items/Doomsday Icons/Doomsday Icons/Locker1.png,Locker1.png,.png,512,512,True,"[151, 1, 356, 508]","[151, 1, 356, 508]",63.138,False,36.862,True,False,False,True,"[""locker"", ""png"", ""security""]","[""mission_board"", ""screen_graphic"", ""security"", ""security_indicator"", ""warning_indicator"", ""world_decal""]",True
doomsday_icons,res://assets/tilesets/cyber_city_core_tilesets/Store_Items/Doomsday Icons/Doomsday Icons/Locker2.png,Locker2.png,.png,512,512,True,"[174, 3, 346, 507]","[174, 3, 346, 507]",69.019,False,30.981,True,False,False,True,"[""locker"", ""png"", ""security""]","[""mission_board"", ""screen_graphic"", ""security"", ""security_indicator"", ""warning_indicator"", ""world_decal""]",True
doomsday_icons,res://assets/tilesets/cyber_city_core_tilesets/Store_Items/Doomsday Icons/Doomsday Icons/Machine1.png,Machine1.png,.png,512,512,True,"[43, 8, 451, 497]","[43, 8, 451, 497]",49.453,False,50.547,True,False,False,True,"[""machine"", ""png""]","[""doomsday"", ""scheme_card"", ""warning_indicator"", ""world_decal""]",True
doomsday_icons,res://assets/tilesets/cyber_city_core_tilesets/Store_Items/Doomsday Icons/Doomsday Icons/Machine2.png,Machine2.png,.png,512,512,True,"[11, 68, 504, 480]","[11, 68, 504, 480]",47.284,False,52.716,True,False,False,True,"[""machine"", ""png""]","[""doomsday"", ""scheme_card"", ""warning_indicator"", ""world_decal""]",True
doomsday_icons,res://assets/tilesets/cyber_city_core_tilesets/Store_Items/Doomsday Icons/Doomsday Icons/Magazine1.png,Magazine1.png,.png,512,512,True,"[77, 46, 410, 481]","[77, 46, 410, 481]",62.151,False,37.849,True,False,False,True,"[""magazine"", ""png""]","[""doomsday"", ""scheme_card"", ""warning_indicator"", ""world_decal""]",True
doomsday_icons,res://assets/tilesets/cyber_city_core_tilesets/Store_Items/Doomsday Icons/Doomsday Icons/Magazine2.png,Magazine2.png,.png,512,512,True,"[48, 51, 448, 405]","[48, 51, 448, 405]",60.486,False,39.514,True,False,False,True,"[""magazine"", ""png""]","[""doomsday"", ""scheme_card"", ""warning_indicator"", ""world_decal""]",True
doomsday_icons,res://assets/tilesets/cyber_city_core_tilesets/Store_Items/Doomsday Icons/Doomsday Icons/Magazine3.png,Magazine3.png,.png,512,512,True,"[96, 17, 434, 504]","[96, 17, 434, 504]",49.0,False,51.0,True,False,False,True,"[""magazine"", ""png""]","[""doomsday"", ""scheme_card"", ""warning_indicator"", ""world_decal""]",True
doomsday_icons,res://assets/tilesets/cyber_city_core_tilesets/Store_Items/Doomsday Icons/Doomsday Icons/Magazine4.png,Magazine4.png,.png,512,512,True,"[74, 11, 463, 506]","[74, 11, 463, 506]",33.767,False,66.233,True,False,False,True,"[""magazine"", ""png""]","[""doomsday"", ""scheme_card"", ""warning_indicator"", ""world_decal""]",True
doomsday_icons,res://assets/tilesets/cyber_city_core_tilesets/Store_Items/Doomsday Icons/Doomsday Icons/Magazine5.png,Magazine5.png,.png,512,512,True,"[107, 30, 404, 474]","[107, 30, 404, 474]",60.404,False,39.596,True,False,False,True,"[""magazine"", ""png""]","[""doomsday"", ""scheme_card"", ""warning_indicator"", ""world_decal""]",True
doomsday_icons,res://assets/tilesets/cyber_city_core_tilesets/Store_Items/Doomsday Icons/Doomsday Icons/Magazine6.png,Magazine6.png,.png,512,512,True,"[152, 32, 369, 464]","[152, 32, 369, 464]",69.263,False,30.737,True,False,False,True,"[""magazine"", ""png""]","[""doomsday"", ""scheme_card"", ""warning_indicator"", ""world_decal""]",True
doomsday_icons,res://assets/tilesets/cyber_city_core_tilesets/Store_Items/Doomsday Icons/Doomsday Icons/Magazine7.png,Magazine7.png,.png,512,512,True,"[114, 34, 404, 490]","[114, 34, 404, 490]",54.91,False,45.09,True,False,False,True,"[""magazine"", ""png""]","[""doomsday"", ""scheme_card"", ""warning_indicator"", ""world_decal""]",True
doomsday_icons,res://assets/tilesets/cyber_city_core_tilesets/Store_Items/Doomsday Icons/Doomsday Icons/Magazine8.png,Magazine8.png,.png,512,512,True,"[85, 23, 443, 496]","[85, 23, 443, 496]",51.905,False,48.095,True,False,False,True,"[""magazine"", ""png""]","[""doomsday"", ""scheme_card"", ""warning_indicator"", ""world_decal""]",True
doomsday_icons,res://assets/tilesets/cyber_city_core_tilesets/Store_Items/Doomsday Icons/Doomsday Icons/Magazines1.png,Magazines1.png,.png,512,512,True,"[38, 73, 494, 474]","[38, 73, 494, 474]",58.723,False,41.277,True,False,False,True,"[""magazines"", ""png""]","[""doomsday"", ""scheme_card"", ""warning_indicator"", ""world_decal""]",True
doomsday_icons,res://assets/tilesets/cyber_city_core_tilesets/Store_Items/Doomsday Icons/Doomsday Icons/Mail1.png,Mail1.png,.png,512,512,True,"[37, 75, 473, 385]","[37, 75, 473, 385]",56.443,False,43.557,True,False,False,True,"[""mail"", ""png""]","[""doomsday"", ""scheme_card"", ""warning_indicator"", ""world_decal""]",True
doomsday_icons,res://assets/tilesets/cyber_city_core_tilesets/Store_Items/Doomsday Icons/Doomsday Icons/Mail2.png,Mail2.png,.png,512,512,True,"[6, 86, 504, 409]","[6, 86, 504, 409]",52.75,False,47.25,True,False,False,True,"[""mail"", ""png""]","[""doomsday"", ""scheme_card"", ""warning_indicator"", ""world_decal""]",True
doomsday_icons,res://assets/tilesets/cyber_city_core_tilesets/Store_Items/Doomsday Icons/Doomsday Icons/Mail3.png,Mail3.png,.png,512,512,True,"[12, 45, 501, 490]","[12, 45, 501, 490]",36.786,False,63.214,True,False,False,True,"[""mail"", ""png""]","[""doomsday"", ""scheme_card"", ""warning_indicator"", ""world_decal""]",True
doomsday_icons,res://assets/tilesets/cyber_city_core_tilesets/Store_Items/Doomsday Icons/Doomsday Icons/Mailbox1.png,Mailbox1.png,.png,512,512,True,"[129, 18, 424, 512]","[129, 18, 424, 512]",74.546,False,25.454,True,False,False,True,"[""mailbox"", ""png""]","[""doomsday"", ""scheme_card"", ""warning_indicator"", ""world_decal""]",True
doomsday_icons,res://assets/tilesets/cyber_city_core_tilesets/Store_Items/Doomsday Icons/Doomsday Icons/Mannequin1.png,Mannequin1.png,.png,512,512,True,"[207, 7, 345, 500]","[207, 7, 345, 500]",85.806,False,14.194,True,False,False,True,"[""mannequin"", ""png""]","[""doomsday"", ""scheme_card"", ""warning_indicator"", ""world_decal""]",True
doomsday_icons,res://assets/tilesets/cyber_city_core_tilesets/Store_Items/Doomsday Icons/Doomsday Icons/Mannequin2.png,Mannequin2.png,.png,512,512,True,"[180, 36, 315, 466]","[180, 36, 315, 466]",86.931,False,13.069,True,False,False,True,"[""mannequin"", ""png""]","[""doomsday"", ""scheme_card"", ""warning_indicator"", ""world_decal""]",True
doomsday_icons,res://assets/tilesets/cyber_city_core_tilesets/Store_Items/Doomsday Icons/Doomsday Icons/Mannequin3.png,Mannequin3.png,.png,512,512,True,"[146, 72, 380, 403]","[146, 72, 380, 403]",77.164,False,22.836,True,False,False,True,"[""mannequin"", ""png""]","[""doomsday"", ""scheme_card"", ""warning_indicator"", ""world_decal""]",True
doomsday_icons,res://assets/tilesets/cyber_city_core_tilesets/Store_Items/Doomsday Icons/Doomsday Icons/Map1.png,Map1.png,.png,512,512,True,"[55, 63, 475, 477]","[55, 63, 475, 477]",45.322,False,54.678,True,False,False,False,"[""map"", ""mission"", ""png""]","[""map_pin"", ""objective_marker""]",True
doomsday_icons,res://assets/tilesets/cyber_city_core_tilesets/Store_Items/Doomsday Icons/Doomsday Icons/Map2.png,Map2.png,.png,512,512,True,"[2, 68, 498, 452]","[2, 68, 498, 452]",47.218,False,52.782,True,False,False,False,"[""map"", ""mission"", ""png""]","[""map_pin"", ""objective_marker""]",True
doomsday_icons,res://assets/tilesets/cyber_city_core_tilesets/Store_Items/Doomsday Icons/Doomsday Icons/Mattress1.png,Mattress1.png,.png,512,512,True,"[55, 12, 469, 503]","[55, 12, 469, 503]",51.701,False,48.299,True,False,False,True,"[""mattress"", ""png""]","[""doomsday"", ""scheme_card"", ""warning_indicator"", ""world_decal""]",True
doomsday_icons,res://assets/tilesets/cyber_city_core_tilesets/Store_Items/Doomsday Icons/Doomsday Icons/Mattress2.png,Mattress2.png,.png,512,512,True,"[36, 2, 488, 503]","[36, 2, 488, 503]",56.5,False,43.5,True,False,False,True,"[""mattress"", ""png""]","[""doomsday"", ""scheme_card"", ""warning_indicator"", ""world_decal""]",True
doomsday_icons,res://assets/tilesets/cyber_city_core_tilesets/Store_Items/Doomsday Icons/Doomsday Icons/Meat1.png,Meat1.png,.png,512,512,True,"[4, 106, 464, 466]","[4, 106, 464, 466]",70.097,False,29.903,True,False,False,True,"[""meat"", ""png""]","[""doomsday"", ""scheme_card"", ""warning_indicator"", ""world_decal""]",True
doomsday_icons,res://assets/tilesets/cyber_city_core_tilesets/Store_Items/Doomsday Icons/Doomsday Icons/Meat2.png,Meat2.png,.png,512,512,True,"[9, 33, 489, 436]","[9, 33, 489, 436]",56.49,False,43.51,True,False,False,True,"[""meat"", ""png""]","[""doomsday"", ""scheme_card"", ""warning_indicator"", ""world_decal""]",True
doomsday_icons,res://assets/tilesets/cyber_city_core_tilesets/Store_Items/Doomsday Icons/Doomsday Icons/Meat3.png,Meat3.png,.png,512,512,True,"[16, 68, 475, 455]","[16, 68, 475, 455]",51.174,False,48.826,True,False,False,True,"[""meat"", ""png""]","[""doomsday"", ""scheme_card"", ""warning_indicator"", ""world_decal""]",True
doomsday_icons,res://assets/tilesets/cyber_city_core_tilesets/Store_Items/Doomsday Icons/Doomsday Icons/Meat4.png,Meat4.png,.png,512,512,True,"[4, 78, 511, 464]","[4, 78, 511, 464]",57.397,False,42.603,True,False,False,True,"[""meat"", ""png""]","[""doomsday"", ""scheme_card"", ""warning_indicator"", ""world_decal""]",True
doomsday_icons,res://assets/tilesets/cyber_city_core_tilesets/Store_Items/Doomsday Icons/Doomsday Icons/Medicine_Antibiotics1.png,Medicine_Antibiotics1.png,.png,512,512,True,"[40, 95, 462, 431]","[40, 95, 462, 431]",69.124,False,30.876,True,False,False,True,"[""antibiotics"", ""hazard"", ""health"", ""medicine"", ""png""]","[""hazard"", ""hologram_marker"", ""objective_marker"", ""warning_indicator"", ""world_decal""]",True
doomsday_icons,res://assets/tilesets/cyber_city_core_tilesets/Store_Items/Doomsday Icons/Doomsday Icons/Medicine_Antibiotics2.png,Medicine_Antibiotics2.png,.png,512,512,True,"[1, 86, 498, 418]","[1, 86, 498, 418]",69.591,False,30.409,True,False,False,True,"[""antibiotics"", ""hazard"", ""health"", ""medicine"", ""png""]","[""hazard"", ""hologram_marker"", ""objective_marker"", ""warning_indicator"", ""world_decal""]",True
doomsday_icons,res://assets/tilesets/cyber_city_core_tilesets/Store_Items/Doomsday Icons/Doomsday Icons/Medicine_Bottle1.png,Medicine_Bottle1.png,.png,512,512,True,"[151, 11, 362, 501]","[151, 11, 362, 501]",67.334,False,32.666,True,False,False,False,"[""bottle"", ""health"", ""medicine"", ""png""]","[""health"", ""inventory_icon"", ""pause_menu"", ""storefront_item""]",True
doomsday_icons,res://assets/tilesets/cyber_city_core_tilesets/Store_Items/Doomsday Icons/Doomsday Icons/Medicine_Bottle2.png,Medicine_Bottle2.png,.png,512,512,True,"[165, 13, 368, 481]","[165, 13, 368, 481]",71.157,False,28.843,True,False,False,False,"[""bottle"", ""health"", ""medicine"", ""png""]","[""health"", ""inventory_icon"", ""pause_menu"", ""storefront_item""]",True
doomsday_icons,res://assets/tilesets/cyber_city_core_tilesets/Store_Items/Doomsday Icons/Doomsday Icons/Medicine_Lab1.png,Medicine_Lab1.png,.png,512,512,True,"[201, 168, 305, 355]","[201, 168, 305, 355]",95.117,False,4.883,True,False,False,False,"[""health"", ""lab"", ""medicine"", ""png""]","[""health"", ""inventory_icon"", ""pause_menu"", ""storefront_item""]",True
doomsday_icons,res://assets/tilesets/cyber_city_core_tilesets/Store_Items/Doomsday Icons/Doomsday Icons/Medicine_Lab2.png,Medicine_Lab2.png,.png,512,512,True,"[157, 93, 312, 375]","[157, 93, 312, 375]",86.432,False,13.568,True,False,False,False,"[""health"", ""lab"", ""medicine"", ""png""]","[""health"", ""inventory_icon"", ""pause_menu"", ""storefront_item""]",True
doomsday_icons,res://assets/tilesets/cyber_city_core_tilesets/Store_Items/Doomsday Icons/Doomsday Icons/Medicine_Lab3.png,Medicine_Lab3.png,.png,512,512,True,"[158, 44, 348, 418]","[158, 44, 348, 418]",78.396,False,21.604,True,False,False,False,"[""health"", ""lab"", ""medicine"", ""png""]","[""health"", ""inventory_icon"", ""pause_menu"", ""storefront_item""]",True
doomsday_icons,res://assets/tilesets/cyber_city_core_tilesets/Store_Items/Doomsday Icons/Doomsday Icons/Medicine_Needle1.png,Medicine_Needle1.png,.png,512,512,True,"[47, 37, 453, 440]","[47, 37, 453, 440]",90.237,False,9.763,True,False,False,False,"[""health"", ""medicine"", ""needle"", ""png""]","[""health"", ""inventory_icon"", ""pause_menu"", ""storefront_item""]",True
doomsday_icons,res://assets/tilesets/cyber_city_core_tilesets/Store_Items/Doomsday Icons/Doomsday Icons/Medicine_Needle2.png,Medicine_Needle2.png,.png,512,512,True,"[37, 37, 460, 450]","[37, 37, 460, 450]",94.42,False,5.58,True,False,False,False,"[""health"", ""medicine"", ""needle"", ""png""]","[""health"", ""inventory_icon"", ""pause_menu"", ""storefront_item""]",True
doomsday_icons,res://assets/tilesets/cyber_city_core_tilesets/Store_Items/Doomsday Icons/Doomsday Icons/Medicine_Needle3.png,Medicine_Needle3.png,.png,512,512,True,"[53, 23, 447, 475]","[53, 23, 447, 475]",93.013,False,6.987,True,False,False,False,"[""health"", ""medicine"", ""needle"", ""png""]","[""health"", ""inventory_icon"", ""pause_menu"", ""storefront_item""]",True
doomsday_icons,res://assets/tilesets/cyber_city_core_tilesets/Store_Items/Doomsday Icons/Doomsday Icons/Medicine_PillBottle1.png,Medicine_PillBottle1.png,.png,512,512,True,"[98, 34, 363, 449]","[98, 34, 363, 449]",68.312,False,31.688,True,False,False,False,"[""health"", ""medicine"", ""pillbottle"", ""png""]","[""health"", ""inventory_icon"", ""pause_menu"", ""storefront_item""]",True
doomsday_icons,res://assets/tilesets/cyber_city_core_tilesets/Store_Items/Doomsday Icons/Doomsday Icons/Medicine_PillPack1.png,Medicine_PillPack1.png,.png,512,512,True,"[99, 165, 417, 407]","[99, 165, 417, 407]",83.686,False,16.314,True,False,False,False,"[""health"", ""medicine"", ""pillpack"", ""png""]","[""health"", ""inventory_icon"", ""pause_menu"", ""storefront_item""]",True
doomsday_icons,res://assets/tilesets/cyber_city_core_tilesets/Store_Items/Doomsday Icons/Doomsday Icons/Medicine_Scissors1.png,Medicine_Scissors1.png,.png,512,512,True,"[31, 41, 454, 449]","[31, 41, 454, 449]",90.855,False,9.145,True,False,False,False,"[""health"", ""medicine"", ""png"", ""scissors""]","[""health"", ""inventory_icon"", ""pause_menu"", ""storefront_item""]",True
doomsday_icons,res://assets/tilesets/cyber_city_core_tilesets/Store_Items/Doomsday Icons/Doomsday Icons/Medicine_Tweezers1.png,Medicine_Tweezers1.png,.png,512,512,True,"[55, 51, 429, 443]","[55, 51, 429, 443]",92.429,False,7.571,True,False,False,False,"[""health"", ""medicine"", ""png"", ""tweezers""]","[""health"", ""inventory_icon"", ""pause_menu"", ""storefront_item""]",True
doomsday_icons,res://assets/tilesets/cyber_city_core_tilesets/Store_Items/Doomsday Icons/Doomsday Icons/MetalBars1.png,MetalBars1.png,.png,512,512,True,"[2, 123, 509, 433]","[2, 123, 509, 433]",69.915,False,30.085,True,False,False,True,"[""metalbars"", ""png""]","[""doomsday"", ""scheme_card"", ""warning_indicator"", ""world_decal""]",True
doomsday_icons,res://assets/tilesets/cyber_city_core_tilesets/Store_Items/Doomsday Icons/Doomsday Icons/MetalFence1.png,MetalFence1.png,.png,512,512,True,"[19, 99, 505, 399]","[19, 99, 505, 399]",83.254,False,16.746,True,False,False,True,"[""metalfence"", ""png""]","[""doomsday"", ""scheme_card"", ""warning_indicator"", ""world_decal""]",True
doomsday_icons,res://assets/tilesets/cyber_city_core_tilesets/Store_Items/Doomsday Icons/Doomsday Icons/MetalGrate1.png,MetalGrate1.png,.png,512,512,True,"[11, 79, 505, 455]","[11, 79, 505, 455]",71.003,False,28.997,True,False,False,True,"[""metalgrate"", ""png""]","[""doomsday"", ""scheme_card"", ""warning_indicator"", ""world_decal""]",True
doomsday_icons,res://assets/tilesets/cyber_city_core_tilesets/Store_Items/Doomsday Icons/Doomsday Icons/MetalPipe1.png,MetalPipe1.png,.png,512,512,True,"[86, 10, 421, 505]","[86, 10, 421, 505]",88.023,False,11.977,True,False,False,True,"[""metalpipe"", ""png""]","[""doomsday"", ""scheme_card"", ""warning_indicator"", ""world_decal""]",True
doomsday_icons,res://assets/tilesets/cyber_city_core_tilesets/Store_Items/Doomsday Icons/Doomsday Icons/MetalPipes1.png,MetalPipes1.png,.png,512,512,True,"[20, 6, 505, 500]","[20, 6, 505, 500]",90.021,False,9.979,True,False,False,True,"[""metalpipes"", ""png""]","[""doomsday"", ""scheme_card"", ""warning_indicator"", ""world_decal""]",True
doomsday_icons,res://assets/tilesets/cyber_city_core_tilesets/Store_Items/Doomsday Icons/Doomsday Icons/Microwave1.png,Microwave1.png,.png,512,512,True,"[2, 138, 502, 412]","[2, 138, 502, 412]",56.071,False,43.929,True,False,False,True,"[""microwave"", ""png""]","[""doomsday"", ""scheme_card"", ""warning_indicator"", ""world_decal""]",True
doomsday_icons,res://assets/tilesets/cyber_city_core_tilesets/Store_Items/Doomsday Icons/Doomsday Icons/Microwave2.png,Microwave2.png,.png,512,512,True,"[15, 147, 495, 412]","[15, 147, 495, 412]",57.084,False,42.916,True,False,False,True,"[""microwave"", ""png""]","[""doomsday"", ""scheme_card"", ""warning_indicator"", ""world_decal""]",True
doomsday_icons,res://assets/tilesets/cyber_city_core_tilesets/Store_Items/Doomsday Icons/Doomsday Icons/MilkCrate1.png,MilkCrate1.png,.png,512,512,True,"[20, 141, 489, 461]","[20, 141, 489, 461]",53.072,False,46.928,True,False,False,True,"[""milkcrate"", ""png""]","[""doomsday"", ""scheme_card"", ""warning_indicator"", ""world_decal""]",True
doomsday_icons,res://assets/tilesets/cyber_city_core_tilesets/Store_Items/Doomsday Icons/Doomsday Icons/MiniStove1.png,MiniStove1.png,.png,512,512,True,"[166, 52, 355, 475]","[166, 52, 355, 475]",78.196,False,21.804,True,False,False,True,"[""ministove"", ""png""]","[""doomsday"", ""scheme_card"", ""warning_indicator"", ""world_decal""]",True
doomsday_icons,res://assets/tilesets/cyber_city_core_tilesets/Store_Items/Doomsday Icons/Doomsday Icons/MirrorBroken1.png,MirrorBroken1.png,.png,512,512,True,"[141, 70, 357, 422]","[141, 70, 357, 422]",75.27,False,24.73,True,False,False,True,"[""mirrorbroken"", ""png""]","[""doomsday"", ""scheme_card"", ""warning_indicator"", ""world_decal""]",True
doomsday_icons,res://assets/tilesets/cyber_city_core_tilesets/Store_Items/Doomsday Icons/Doomsday Icons/MirrorBroken2.png,MirrorBroken2.png,.png,512,512,True,"[108, 7, 389, 497]","[108, 7, 389, 497]",61.402,False,38.598,True,False,False,True,"[""mirrorbroken"", ""png""]","[""doomsday"", ""scheme_card"", ""warning_indicator"", ""world_decal""]",True
doomsday_icons,res://assets/tilesets/cyber_city_core_tilesets/Store_Items/Doomsday Icons/Doomsday Icons/Missle1.png,Missle1.png,.png,512,512,True,"[31, 48, 454, 485]","[31, 48, 454, 485]",84.167,False,15.833,True,False,False,True,"[""missle"", ""png""]","[""doomsday"", ""scheme_card"", ""warning_indicator"", ""world_decal""]",True
doomsday_icons,res://assets/tilesets/cyber_city_core_tilesets/Store_Items/Doomsday Icons/Doomsday Icons/Missle2.png,Missle2.png,.png,512,512,True,"[43, 48, 470, 471]","[43, 48, 470, 471]",78.526,False,21.474,True,False,False,True,"[""missle"", ""png""]","[""doomsday"", ""scheme_card"", ""warning_indicator"", ""world_decal""]",True
doomsday_icons,res://assets/tilesets/cyber_city_core_tilesets/Store_Items/Doomsday Icons/Doomsday Icons/Monitor1.png,Monitor1.png,.png,512,512,True,"[63, 53, 465, 488]","[63, 53, 465, 488]",45.421,False,54.579,True,False,False,True,"[""monitor"", ""png"", ""terminal""]","[""screen_graphic"", ""store_terminal"", ""terminal"", ""world_decal""]",True
doomsday_icons,res://assets/tilesets/cyber_city_core_tilesets/Store_Items/Doomsday Icons/Doomsday Icons/Monitor2.png,Monitor2.png,.png,512,512,True,"[8, 134, 504, 388]","[8, 134, 504, 388]",63.101,False,36.899,True,False,False,True,"[""monitor"", ""png"", ""terminal""]","[""screen_graphic"", ""store_terminal"", ""terminal"", ""world_decal""]",True
doomsday_icons,res://assets/tilesets/cyber_city_core_tilesets/Store_Items/Doomsday Icons/Doomsday Icons/MopandBucket1.png,MopandBucket1.png,.png,512,512,True,"[177, 3, 428, 493]","[177, 3, 428, 493]",87.57,False,12.43,True,False,False,True,"[""mopandbucket"", ""png""]","[""doomsday"", ""scheme_card"", ""warning_indicator"", ""world_decal""]",True
doomsday_icons,res://assets/tilesets/cyber_city_core_tilesets/Store_Items/Doomsday Icons/Doomsday Icons/NewsPaper1.png,NewsPaper1.png,.png,512,512,True,"[20, 62, 484, 466]","[20, 62, 484, 466]",42.976,False,57.024,True,False,False,True,"[""newspaper"", ""png""]","[""doomsday"", ""scheme_card"", ""warning_indicator"", ""world_decal""]",True
doomsday_icons,res://assets/tilesets/cyber_city_core_tilesets/Store_Items/Doomsday Icons/Doomsday Icons/NewsPaper2.png,NewsPaper2.png,.png,512,512,True,"[56, 23, 463, 506]","[56, 23, 463, 506]",33.246,False,66.754,True,False,False,True,"[""newspaper"", ""png""]","[""doomsday"", ""scheme_card"", ""warning_indicator"", ""world_decal""]",True
doomsday_icons,res://assets/tilesets/cyber_city_core_tilesets/Store_Items/Doomsday Icons/Doomsday Icons/NewspaperBox1.png,NewspaperBox1.png,.png,512,512,True,"[90, 26, 424, 509]","[90, 26, 424, 509]",49.031,False,50.969,True,False,False,True,"[""newspaperbox"", ""png""]","[""doomsday"", ""scheme_card"", ""warning_indicator"", ""world_decal""]",True
doomsday_icons,res://assets/tilesets/cyber_city_core_tilesets/Store_Items/Doomsday Icons/Doomsday Icons/NewspaperBox2.png,NewspaperBox2.png,.png,512,512,True,"[124, 5, 368, 506]","[124, 5, 368, 506]",62.074,False,37.926,True,False,False,True,"[""newspaperbox"", ""png""]","[""doomsday"", ""scheme_card"", ""warning_indicator"", ""world_decal""]",True
doomsday_icons,res://assets/tilesets/cyber_city_core_tilesets/Store_Items/Doomsday Icons/Doomsday Icons/OilCan1.png,OilCan1.png,.png,512,512,True,"[31, 22, 505, 455]","[31, 22, 505, 455]",70.454,False,29.546,True,False,False,True,"[""oilcan"", ""png""]","[""doomsday"", ""scheme_card"", ""warning_indicator"", ""world_decal""]",True
doomsday_icons,res://assets/tilesets/cyber_city_core_tilesets/Store_Items/Doomsday Icons/Doomsday Icons/OilCan2.png,OilCan2.png,.png,512,512,True,"[100, 5, 361, 512]","[100, 5, 361, 512]",70.404,False,29.596,True,False,False,True,"[""oilcan"", ""png""]","[""doomsday"", ""scheme_card"", ""warning_indicator"", ""world_decal""]",True
doomsday_icons,res://assets/tilesets/cyber_city_core_tilesets/Store_Items/Doomsday Icons/Doomsday Icons/Oven1.png,Oven1.png,.png,512,512,True,"[78, 30, 449, 501]","[78, 30, 449, 501]",41.428,False,58.572,True,False,False,True,"[""oven"", ""png""]","[""doomsday"", ""scheme_card"", ""warning_indicator"", ""world_decal""]",True
doomsday_icons,res://assets/tilesets/cyber_city_core_tilesets/Store_Items/Doomsday Icons/Doomsday Icons/OxygenTank1.png,OxygenTank1.png,.png,512,512,True,"[157, 5, 321, 503]","[157, 5, 321, 503]",81.921,False,18.079,True,False,False,True,"[""oxygentank"", ""png""]","[""doomsday"", ""scheme_card"", ""warning_indicator"", ""world_decal""]",True
doomsday_icons,res://assets/tilesets/cyber_city_core_tilesets/Store_Items/Doomsday Icons/Doomsday Icons/PaintBrush1.png,PaintBrush1.png,.png,512,512,True,"[124, 16, 341, 491]","[124, 16, 341, 491]",83.67,False,16.33,True,False,False,True,"[""paintbrush"", ""png""]","[""doomsday"", ""scheme_card"", ""warning_indicator"", ""world_decal""]",True
doomsday_icons,res://assets/tilesets/cyber_city_core_tilesets/Store_Items/Doomsday Icons/Doomsday Icons/PaintBucket1.png,PaintBucket1.png,.png,512,512,True,"[47, 55, 415, 481]","[47, 55, 415, 481]",52.814,False,47.186,True,False,False,True,"[""paintbucket"", ""png""]","[""doomsday"", ""scheme_card"", ""warning_indicator"", ""world_decal""]",True
doomsday_icons,res://assets/tilesets/cyber_city_core_tilesets/Store_Items/Doomsday Icons/Doomsday Icons/PaintCan1.png,PaintCan1.png,.png,512,512,True,"[131, 45, 361, 450]","[131, 45, 361, 450]",74.336,False,25.664,True,False,False,True,"[""paintcan"", ""png""]","[""doomsday"", ""scheme_card"", ""warning_indicator"", ""world_decal""]",True
doomsday_icons,res://assets/tilesets/cyber_city_core_tilesets/Store_Items/Doomsday Icons/Doomsday Icons/PaintCan2.png,PaintCan2.png,.png,512,512,True,"[92, 54, 456, 493]","[92, 54, 456, 493]",48.414,False,51.586,True,False,False,True,"[""paintcan"", ""png""]","[""doomsday"", ""scheme_card"", ""warning_indicator"", ""world_decal""]",True
doomsday_icons,res://assets/tilesets/cyber_city_core_tilesets/Store_Items/Doomsday Icons/Doomsday Icons/Pallet1.png,Pallet1.png,.png,512,512,True,"[5, 99, 509, 473]","[5, 99, 509, 473]",63.527,False,36.473,True,False,False,True,"[""pallet"", ""png""]","[""doomsday"", ""scheme_card"", ""warning_indicator"", ""world_decal""]",True
doomsday_icons,res://assets/tilesets/cyber_city_core_tilesets/Store_Items/Doomsday Icons/Doomsday Icons/Pallet_Ammo1.png,Pallet_Ammo1.png,.png,512,512,True,"[3, 155, 509, 430]","[3, 155, 509, 430]",64.187,False,35.813,True,False,False,True,"[""ammo"", ""pallet"", ""png""]","[""doomsday"", ""scheme_card"", ""warning_indicator"", ""world_decal""]",True
doomsday_icons,res://assets/tilesets/cyber_city_core_tilesets/Store_Items/Doomsday Icons/Doomsday Icons/PalletJack1.png,PalletJack1.png,.png,512,512,True,"[100, 12, 463, 502]","[100, 12, 463, 502]",87.91,False,12.09,True,False,False,True,"[""palletjack"", ""png""]","[""doomsday"", ""scheme_card"", ""warning_indicator"", ""world_decal""]",True
doomsday_icons,res://assets/tilesets/cyber_city_core_tilesets/Store_Items/Doomsday Icons/Doomsday Icons/Pamphlets1.png,Pamphlets1.png,.png,512,512,True,"[126, 43, 341, 428]","[126, 43, 341, 428]",75.534,False,24.466,True,False,False,True,"[""pamphlets"", ""png""]","[""doomsday"", ""scheme_card"", ""warning_indicator"", ""world_decal""]",True
doomsday_icons,res://assets/tilesets/cyber_city_core_tilesets/Store_Items/Doomsday Icons/Doomsday Icons/Pan1.png,Pan1.png,.png,512,512,True,"[68, 139, 460, 419]","[68, 139, 460, 419]",73.137,False,26.863,True,False,False,True,"[""pan"", ""png""]","[""doomsday"", ""scheme_card"", ""warning_indicator"", ""world_decal""]",True
doomsday_icons,res://assets/tilesets/cyber_city_core_tilesets/Store_Items/Doomsday Icons/Doomsday Icons/Pan2.png,Pan2.png,.png,512,512,True,"[70, 164, 465, 471]","[70, 164, 465, 471]",64.53,False,35.47,True,False,False,True,"[""pan"", ""png""]","[""doomsday"", ""scheme_card"", ""warning_indicator"", ""world_decal""]",True
doomsday_icons,res://assets/tilesets/cyber_city_core_tilesets/Store_Items/Doomsday Icons/Doomsday Icons/Pan3.png,Pan3.png,.png,512,512,True,"[10, 150, 460, 431]","[10, 150, 460, 431]",70.585,False,29.415,True,False,False,True,"[""pan"", ""png""]","[""doomsday"", ""scheme_card"", ""warning_indicator"", ""world_decal""]",True
doomsday_icons,res://assets/tilesets/cyber_city_core_tilesets/Store_Items/Doomsday Icons/Doomsday Icons/Pan4.png,Pan4.png,.png,512,512,True,"[15, 181, 498, 404]","[15, 181, 498, 404]",71.271,False,28.729,True,False,False,True,"[""pan"", ""png""]","[""doomsday"", ""scheme_card"", ""warning_indicator"", ""world_decal""]",True
doomsday_icons,res://assets/tilesets/cyber_city_core_tilesets/Store_Items/Doomsday Icons/Doomsday Icons/Pan5.png,Pan5.png,.png,512,512,True,"[11, 121, 499, 417]","[11, 121, 499, 417]",70.679,False,29.321,True,False,False,True,"[""pan"", ""png""]","[""doomsday"", ""scheme_card"", ""warning_indicator"", ""world_decal""]",True
doomsday_icons,res://assets/tilesets/cyber_city_core_tilesets/Store_Items/Doomsday Icons/Doomsday Icons/Paper1.png,Paper1.png,.png,512,512,True,"[36, 218, 476, 396]","[36, 218, 476, 396]",84.055,False,15.945,True,False,False,True,"[""paper"", ""png""]","[""doomsday"", ""scheme_card"", ""warning_indicator"", ""world_decal""]",True
doomsday_icons,res://assets/tilesets/cyber_city_core_tilesets/Store_Items/Doomsday Icons/Doomsday Icons/Paper2.png,Paper2.png,.png,512,512,True,"[14, 153, 444, 408]","[14, 153, 444, 408]",71.408,False,28.592,True,False,False,True,"[""paper"", ""png""]","[""doomsday"", ""scheme_card"", ""warning_indicator"", ""world_decal""]",True
doomsday_icons,res://assets/tilesets/cyber_city_core_tilesets/Store_Items/Doomsday Icons/Doomsday Icons/Paper3.png,Paper3.png,.png,512,512,True,"[6, 244, 504, 394]","[6, 244, 504, 394]",84.718,False,15.282,True,False,False,True,"[""paper"", ""png""]","[""doomsday"", ""scheme_card"", ""warning_indicator"", ""world_decal""]",True
doomsday_icons,res://assets/tilesets/cyber_city_core_tilesets/Store_Items/Doomsday Icons/Doomsday Icons/PatchworkCloth1.png,PatchworkCloth1.png,.png,512,512,True,"[142, 3, 378, 495]","[142, 3, 378, 495]",68.877,False,31.123,True,False,False,True,"[""patchworkcloth"", ""png""]","[""doomsday"", ""scheme_card"", ""warning_indicator"", ""world_decal""]",True
doomsday_icons,res://assets/tilesets/cyber_city_core_tilesets/Store_Items/Doomsday Icons/Doomsday Icons/Phone1.png,Phone1.png,.png,512,512,True,"[67, 92, 442, 479]","[67, 92, 442, 479]",71.699,False,28.301,True,False,False,True,"[""phone"", ""png""]","[""doomsday"", ""scheme_card"", ""warning_indicator"", ""world_decal""]",True
doomsday_icons,res://assets/tilesets/cyber_city_core_tilesets/Store_Items/Doomsday Icons/Doomsday Icons/Phone2.png,Phone2.png,.png,512,512,True,"[145, 22, 406, 493]","[145, 22, 406, 493]",73.057,False,26.943,True,False,False,True,"[""phone"", ""png""]","[""doomsday"", ""scheme_card"", ""warning_indicator"", ""world_decal""]",True
doomsday_icons,res://assets/tilesets/cyber_city_core_tilesets/Store_Items/Doomsday Icons/Doomsday Icons/Phone_Old1.png,Phone_Old1.png,.png,512,512,True,"[18, 75, 447, 486]","[18, 75, 447, 486]",70.481,False,29.519,True,False,False,True,"[""old"", ""phone"", ""png""]","[""doomsday"", ""scheme_card"", ""warning_indicator"", ""world_decal""]",True
doomsday_icons,res://assets/tilesets/cyber_city_core_tilesets/Store_Items/Doomsday Icons/Doomsday Icons/Pickaxe1.png,Pickaxe1.png,.png,512,512,True,"[9, 16, 489, 493]","[9, 16, 489, 493]",89.121,False,10.879,True,False,False,True,"[""pickaxe"", ""png""]","[""doomsday"", ""scheme_card"", ""warning_indicator"", ""world_decal""]",True
doomsday_icons,res://assets/tilesets/cyber_city_core_tilesets/Store_Items/Doomsday Icons/Doomsday Icons/Picture1.png,Picture1.png,.png,512,512,True,"[85, 70, 442, 427]","[85, 70, 442, 427]",58.99,False,41.01,True,False,False,True,"[""picture"", ""png""]","[""doomsday"", ""scheme_card"", ""warning_indicator"", ""world_decal""]",True
doomsday_icons,res://assets/tilesets/cyber_city_core_tilesets/Store_Items/Doomsday Icons/Doomsday Icons/Picture2.png,Picture2.png,.png,512,512,True,"[57, 100, 465, 435]","[57, 100, 465, 435]",53.697,False,46.303,True,False,False,True,"[""picture"", ""png""]","[""doomsday"", ""scheme_card"", ""warning_indicator"", ""world_decal""]",True
doomsday_icons,res://assets/tilesets/cyber_city_core_tilesets/Store_Items/Doomsday Icons/Doomsday Icons/Picture3.png,Picture3.png,.png,512,512,True,"[145, 38, 411, 491]","[145, 38, 411, 491]",59.193,False,40.807,True,False,False,True,"[""picture"", ""png""]","[""doomsday"", ""scheme_card"", ""warning_indicator"", ""world_decal""]",True
doomsday_icons,res://assets/tilesets/cyber_city_core_tilesets/Store_Items/Doomsday Icons/Doomsday Icons/Picture4.png,Picture4.png,.png,512,512,True,"[55, 43, 482, 463]","[55, 43, 482, 463]",43.322,False,56.678,True,False,False,True,"[""picture"", ""png""]","[""doomsday"", ""scheme_card"", ""warning_indicator"", ""world_decal""]",True
doomsday_icons,res://assets/tilesets/cyber_city_core_tilesets/Store_Items/Doomsday Icons/Doomsday Icons/Picture5.png,Picture5.png,.png,512,512,True,"[39, 28, 486, 486]","[39, 28, 486, 486]",33.184,False,66.816,True,False,False,True,"[""picture"", ""png""]","[""doomsday"", ""scheme_card"", ""warning_indicator"", ""world_decal""]",True
doomsday_icons,res://assets/tilesets/cyber_city_core_tilesets/Store_Items/Doomsday Icons/Doomsday Icons/Picture6.png,Picture6.png,.png,512,512,True,"[31, 25, 477, 500]","[31, 25, 477, 500]",31.776,False,68.224,True,False,False,True,"[""picture"", ""png""]","[""doomsday"", ""scheme_card"", ""warning_indicator"", ""world_decal""]",True
doomsday_icons,res://assets/tilesets/cyber_city_core_tilesets/Store_Items/Doomsday Icons/Doomsday Icons/Pillow1.png,Pillow1.png,.png,512,512,True,"[32, 82, 490, 450]","[32, 82, 490, 450]",70.382,False,29.618,True,False,False,False,"[""health"", ""pillow"", ""png""]","[""health"", ""inventory_icon"", ""pause_menu"", ""storefront_item""]",True
doomsday_icons,res://assets/tilesets/cyber_city_core_tilesets/Store_Items/Doomsday Icons/Doomsday Icons/Pillow2.png,Pillow2.png,.png,512,512,True,"[6, 142, 507, 427]","[6, 142, 507, 427]",72.927,False,27.073,True,False,False,False,"[""health"", ""pillow"", ""png""]","[""health"", ""inventory_icon"", ""pause_menu"", ""storefront_item""]",True
doomsday_icons,res://assets/tilesets/cyber_city_core_tilesets/Store_Items/Doomsday Icons/Doomsday Icons/Pillow3.png,Pillow3.png,.png,512,512,True,"[3, 141, 508, 415]","[3, 141, 508, 415]",63.374,False,36.626,True,False,False,False,"[""health"", ""pillow"", ""png""]","[""health"", ""inventory_icon"", ""pause_menu"", ""storefront_item""]",True
doomsday_icons,res://assets/tilesets/cyber_city_core_tilesets/Store_Items/Doomsday Icons/Doomsday Icons/Plant1.png,Plant1.png,.png,512,512,True,"[64, 70, 491, 432]","[64, 70, 491, 432]",72.755,False,27.245,True,False,False,True,"[""plant"", ""png""]","[""doomsday"", ""scheme_card"", ""warning_indicator"", ""world_decal""]",True
doomsday_icons,res://assets/tilesets/cyber_city_core_tilesets/Store_Items/Doomsday Icons/Doomsday Icons/Plant10.png,Plant10.png,.png,512,512,True,"[161, 41, 433, 481]","[161, 41, 433, 481]",84.578,False,15.422,True,False,False,True,"[""plant"", ""png""]","[""doomsday"", ""scheme_card"", ""warning_indicator"", ""world_decal""]",True
doomsday_icons,res://assets/tilesets/cyber_city_core_tilesets/Store_Items/Doomsday Icons/Doomsday Icons/Plant11.png,Plant11.png,.png,512,512,True,"[92, 75, 419, 473]","[92, 75, 419, 473]",94.135,False,5.865,True,False,False,True,"[""plant"", ""png""]","[""doomsday"", ""scheme_card"", ""warning_indicator"", ""world_decal""]",True
doomsday_icons,res://assets/tilesets/cyber_city_core_tilesets/Store_Items/Doomsday Icons/Doomsday Icons/Plant2.png,Plant2.png,.png,512,512,True,"[71, 39, 493, 426]","[71, 39, 493, 426]",76.351,False,23.649,True,False,False,True,"[""plant"", ""png""]","[""doomsday"", ""scheme_card"", ""warning_indicator"", ""world_decal""]",True
doomsday_icons,res://assets/tilesets/cyber_city_core_tilesets/Store_Items/Doomsday Icons/Doomsday Icons/Plant3.png,Plant3.png,.png,512,512,True,"[13, 95, 499, 409]","[13, 95, 499, 409]",69.745,False,30.255,True,False,False,True,"[""plant"", ""png""]","[""doomsday"", ""scheme_card"", ""warning_indicator"", ""world_decal""]",True
doomsday_icons,res://assets/tilesets/cyber_city_core_tilesets/Store_Items/Doomsday Icons/Doomsday Icons/Plant4.png,Plant4.png,.png,512,512,True,"[23, 195, 496, 372]","[23, 195, 496, 372]",91.248,False,8.752,True,False,False,True,"[""plant"", ""png""]","[""doomsday"", ""scheme_card"", ""warning_indicator"", ""world_decal""]",True
doomsday_icons,res://assets/tilesets/cyber_city_core_tilesets/Store_Items/Doomsday Icons/Doomsday Icons/Plant5.png,Plant5.png,.png,512,512,True,"[18, 142, 512, 479]","[18, 142, 512, 479]",74.168,False,25.832,True,False,False,True,"[""plant"", ""png""]","[""doomsday"", ""scheme_card"", ""warning_indicator"", ""world_decal""]",True
doomsday_icons,res://assets/tilesets/cyber_city_core_tilesets/Store_Items/Doomsday Icons/Doomsday Icons/Plant6.png,Plant6.png,.png,512,512,True,"[19, 49, 504, 449]","[19, 49, 504, 449]",70.538,False,29.462,True,False,False,True,"[""plant"", ""png""]","[""doomsday"", ""scheme_card"", ""warning_indicator"", ""world_decal""]",True
doomsday_icons,res://assets/tilesets/cyber_city_core_tilesets/Store_Items/Doomsday Icons/Doomsday Icons/Plant7.png,Plant7.png,.png,512,512,True,"[26, 149, 511, 422]","[26, 149, 511, 422]",74.92,False,25.08,True,False,False,True,"[""plant"", ""png""]","[""doomsday"", ""scheme_card"", ""warning_indicator"", ""world_decal""]",True
doomsday_icons,res://assets/tilesets/cyber_city_core_tilesets/Store_Items/Doomsday Icons/Doomsday Icons/Plant8.png,Plant8.png,.png,512,512,True,"[0, 108, 509, 432]","[0, 108, 509, 432]",86.44,False,13.56,True,False,False,True,"[""plant"", ""png""]","[""doomsday"", ""scheme_card"", ""warning_indicator"", ""world_decal""]",True
doomsday_icons,res://assets/tilesets/cyber_city_core_tilesets/Store_Items/Doomsday Icons/Doomsday Icons/Plant9.png,Plant9.png,.png,512,512,True,"[97, 2, 420, 470]","[97, 2, 420, 470]",87.516,False,12.484,True,False,False,True,"[""plant"", ""png""]","[""doomsday"", ""scheme_card"", ""warning_indicator"", ""world_decal""]",True
doomsday_icons,res://assets/tilesets/cyber_city_core_tilesets/Store_Items/Doomsday Icons/Doomsday Icons/Plate1.png,Plate1.png,.png,512,512,True,"[87, 177, 423, 350]","[87, 177, 423, 350]",84.08,False,15.92,True,False,False,True,"[""plate"", ""png""]","[""doomsday"", ""scheme_card"", ""warning_indicator"", ""world_decal""]",True
doomsday_icons,res://assets/tilesets/cyber_city_core_tilesets/Store_Items/Doomsday Icons/Doomsday Icons/Plate2.png,Plate2.png,.png,512,512,True,"[61, 188, 451, 404]","[61, 188, 451, 404]",75.701,False,24.299,True,False,False,True,"[""plate"", ""png""]","[""doomsday"", ""scheme_card"", ""warning_indicator"", ""world_decal""]",True
doomsday_icons,res://assets/tilesets/cyber_city_core_tilesets/Store_Items/Doomsday Icons/Doomsday Icons/Plate3.png,Plate3.png,.png,512,512,True,"[22, 190, 503, 419]","[22, 190, 503, 419]",67.872,False,32.128,True,False,False,True,"[""plate"", ""png""]","[""doomsday"", ""scheme_card"", ""warning_indicator"", ""world_decal""]",True
doomsday_icons,res://assets/tilesets/cyber_city_core_tilesets/Store_Items/Doomsday Icons/Doomsday Icons/Plate4.png,Plate4.png,.png,512,512,True,"[7, 186, 504, 427]","[7, 186, 504, 427]",64.784,False,35.216,True,False,False,True,"[""plate"", ""png""]","[""doomsday"", ""scheme_card"", ""warning_indicator"", ""world_decal""]",True
doomsday_icons,res://assets/tilesets/cyber_city_core_tilesets/Store_Items/Doomsday Icons/Doomsday Icons/Plywood1.png,Plywood1.png,.png,512,512,True,"[22, 23, 472, 490]","[22, 23, 472, 490]",34.066,False,65.934,True,False,False,True,"[""plywood"", ""png""]","[""doomsday"", ""scheme_card"", ""warning_indicator"", ""world_decal""]",True
doomsday_icons,res://assets/tilesets/cyber_city_core_tilesets/Store_Items/Doomsday Icons/Doomsday Icons/PortableHeater1.png,PortableHeater1.png,.png,512,512,True,"[57, 8, 414, 503]","[57, 8, 414, 503]",64.434,False,35.566,True,False,False,True,"[""png"", ""portableheater""]","[""doomsday"", ""scheme_card"", ""warning_indicator"", ""world_decal""]",True
doomsday_icons,res://assets/tilesets/cyber_city_core_tilesets/Store_Items/Doomsday Icons/Doomsday Icons/PortableLight1.png,PortableLight1.png,.png,512,512,True,"[137, 1, 355, 504]","[137, 1, 355, 504]",90.474,False,9.526,True,False,False,True,"[""png"", ""portablelight""]","[""doomsday"", ""scheme_card"", ""warning_indicator"", ""world_decal""]",True
doomsday_icons,res://assets/tilesets/cyber_city_core_tilesets/Store_Items/Doomsday Icons/Doomsday Icons/Poster1.png,Poster1.png,.png,512,512,True,"[101, 28, 400, 461]","[101, 28, 400, 461]",56.976,False,43.024,True,False,False,True,"[""decor"", ""png"", ""poster""]","[""decor"", ""signage"", ""wall_sticker"", ""world_decal""]",True
doomsday_icons,res://assets/tilesets/cyber_city_core_tilesets/Store_Items/Doomsday Icons/Doomsday Icons/Poster2.png,Poster2.png,.png,512,512,True,"[81, 11, 463, 505]","[81, 11, 463, 505]",36.144,False,63.856,True,False,False,True,"[""decor"", ""png"", ""poster""]","[""decor"", ""signage"", ""wall_sticker"", ""world_decal""]",True
doomsday_icons,res://assets/tilesets/cyber_city_core_tilesets/Store_Items/Doomsday Icons/Doomsday Icons/Poster3.png,Poster3.png,.png,512,512,True,"[7, 59, 496, 456]","[7, 59, 496, 456]",38.007,False,61.993,True,False,False,True,"[""decor"", ""png"", ""poster""]","[""decor"", ""signage"", ""wall_sticker"", ""world_decal""]",True
doomsday_icons,res://assets/tilesets/cyber_city_core_tilesets/Store_Items/Doomsday Icons/Doomsday Icons/Pot1.png,Pot1.png,.png,512,512,True,"[14, 113, 502, 464]","[14, 113, 502, 464]",55.098,False,44.902,True,False,False,True,"[""png"", ""pot""]","[""doomsday"", ""scheme_card"", ""warning_indicator"", ""world_decal""]",True
doomsday_icons,res://assets/tilesets/cyber_city_core_tilesets/Store_Items/Doomsday Icons/Doomsday Icons/PropaneTank1.png,PropaneTank1.png,.png,512,512,True,"[89, 23, 415, 492]","[89, 23, 415, 492]",68.825,False,31.175,True,False,False,True,"[""png"", ""propanetank""]","[""doomsday"", ""scheme_card"", ""warning_indicator"", ""world_decal""]",True
doomsday_icons,res://assets/tilesets/cyber_city_core_tilesets/Store_Items/Doomsday Icons/Doomsday Icons/QuarantineBed1.png,QuarantineBed1.png,.png,512,512,True,"[6, 9, 511, 461]","[6, 9, 511, 461]",66.827,False,33.173,True,False,False,True,"[""png"", ""quarantinebed""]","[""doomsday"", ""scheme_card"", ""warning_indicator"", ""world_decal""]",True
doomsday_icons,res://assets/tilesets/cyber_city_core_tilesets/Store_Items/Doomsday Icons/Doomsday Icons/RackMountCrate1.png,RackMountCrate1.png,.png,512,512,True,"[7, 91, 509, 466]","[7, 91, 509, 466]",40.067,False,59.933,True,False,False,True,"[""png"", ""rackmountcrate""]","[""doomsday"", ""scheme_card"", ""warning_indicator"", ""world_decal""]",True
doomsday_icons,res://assets/tilesets/cyber_city_core_tilesets/Store_Items/Doomsday Icons/Doomsday Icons/Radio1.png,Radio1.png,.png,512,512,True,"[16, 65, 481, 462]","[16, 65, 481, 462]",57.441,False,42.559,True,False,False,True,"[""png"", ""radio""]","[""doomsday"", ""scheme_card"", ""warning_indicator"", ""world_decal""]",True
doomsday_icons,res://assets/tilesets/cyber_city_core_tilesets/Store_Items/Doomsday Icons/Doomsday Icons/Radio2.png,Radio2.png,.png,512,512,True,"[7, 190, 499, 406]","[7, 190, 499, 406]",66.253,False,33.747,True,False,False,True,"[""png"", ""radio""]","[""doomsday"", ""scheme_card"", ""warning_indicator"", ""world_decal""]",True
doomsday_icons,res://assets/tilesets/cyber_city_core_tilesets/Store_Items/Doomsday Icons/Doomsday Icons/Radio3.png,Radio3.png,.png,512,512,True,"[16, 125, 492, 445]","[16, 125, 492, 445]",52.523,False,47.477,True,False,False,True,"[""png"", ""radio""]","[""doomsday"", ""scheme_card"", ""warning_indicator"", ""world_decal""]",True
doomsday_icons,res://assets/tilesets/cyber_city_core_tilesets/Store_Items/Doomsday Icons/Doomsday Icons/Radio4.png,Radio4.png,.png,512,512,True,"[3, 166, 509, 403]","[3, 166, 509, 403]",61.826,False,38.174,True,False,False,True,"[""png"", ""radio""]","[""doomsday"", ""scheme_card"", ""warning_indicator"", ""world_decal""]",True
doomsday_icons,res://assets/tilesets/cyber_city_core_tilesets/Store_Items/Doomsday Icons/Doomsday Icons/Radio5.png,Radio5.png,.png,512,512,True,"[99, 6, 453, 448]","[99, 6, 453, 448]",68.296,False,31.704,True,False,False,True,"[""png"", ""radio""]","[""doomsday"", ""scheme_card"", ""warning_indicator"", ""world_decal""]",True
doomsday_icons,res://assets/tilesets/cyber_city_core_tilesets/Store_Items/Doomsday Icons/Doomsday Icons/Radio6.png,Radio6.png,.png,512,512,True,"[0, 41, 488, 426]","[0, 41, 488, 426]",68.308,False,31.692,True,False,False,True,"[""png"", ""radio""]","[""doomsday"", ""scheme_card"", ""warning_indicator"", ""world_decal""]",True
doomsday_icons,res://assets/tilesets/cyber_city_core_tilesets/Store_Items/Doomsday Icons/Doomsday Icons/RaiderBed1.png,RaiderBed1.png,.png,512,512,True,"[47, 31, 455, 493]","[47, 31, 455, 493]",65.101,False,34.899,True,False,False,True,"[""png"", ""raiderbed""]","[""doomsday"", ""scheme_card"", ""warning_indicator"", ""world_decal""]",True
doomsday_icons,res://assets/tilesets/cyber_city_core_tilesets/Store_Items/Doomsday Icons/Doomsday Icons/RaiderCollar1.png,RaiderCollar1.png,.png,512,512,True,"[0, 137, 498, 329]","[0, 137, 498, 329]",81.414,False,18.586,True,False,False,True,"[""png"", ""raidercollar""]","[""doomsday"", ""scheme_card"", ""warning_indicator"", ""world_decal""]",True
doomsday_icons,res://assets/tilesets/cyber_city_core_tilesets/Store_Items/Doomsday Icons/Doomsday Icons/Ration1.png,Ration1.png,.png,512,512,True,"[78, 45, 440, 467]","[78, 45, 440, 467]",70.762,False,29.238,True,False,False,True,"[""png"", ""ration""]","[""doomsday"", ""scheme_card"", ""warning_indicator"", ""world_decal""]",True
doomsday_icons,res://assets/tilesets/cyber_city_core_tilesets/Store_Items/Doomsday Icons/Doomsday Icons/RazorWire1.png,RazorWire1.png,.png,512,512,True,"[0, 0, 512, 512]","[0, 0, 512, 512]",76.458,False,23.542,True,False,False,True,"[""png"", ""razorwire""]","[""inventory_icon"", ""scheme_card"", ""screen_graphic"", ""tech"", ""world_decal""]",True
doomsday_icons,res://assets/tilesets/cyber_city_core_tilesets/Store_Items/Doomsday Icons/Doomsday Icons/Rock1.png,Rock1.png,.png,512,512,True,"[48, 72, 465, 437]","[48, 72, 465, 437]",59.078,False,40.922,True,False,False,True,"[""png"", ""rock""]","[""doomsday"", ""scheme_card"", ""warning_indicator"", ""world_decal""]",True
doomsday_icons,res://assets/tilesets/cyber_city_core_tilesets/Store_Items/Doomsday Icons/Doomsday Icons/Rock2.png,Rock2.png,.png,512,512,True,"[14, 57, 491, 438]","[14, 57, 491, 438]",51.439,False,48.561,True,False,False,True,"[""png"", ""rock""]","[""doomsday"", ""scheme_card"", ""warning_indicator"", ""world_decal""]",True
doomsday_icons,res://assets/tilesets/cyber_city_core_tilesets/Store_Items/Doomsday Icons/Doomsday Icons/Sandbag1.png,Sandbag1.png,.png,512,512,True,"[15, 111, 505, 455]","[15, 111, 505, 455]",67.053,False,32.947,True,False,False,True,"[""png"", ""sandbag""]","[""doomsday"", ""scheme_card"", ""warning_indicator"", ""world_decal""]",True
doomsday_icons,res://assets/tilesets/cyber_city_core_tilesets/Store_Items/Doomsday Icons/Doomsday Icons/ScrapMetal1.png,ScrapMetal1.png,.png,512,512,True,"[57, 24, 476, 484]","[57, 24, 476, 484]",62.324,False,37.676,True,False,False,True,"[""png"", ""scrapmetal""]","[""doomsday"", ""scheme_card"", ""warning_indicator"", ""world_decal""]",True
doomsday_icons,res://assets/tilesets/cyber_city_core_tilesets/Store_Items/Doomsday Icons/Doomsday Icons/ScrapMetal2.png,ScrapMetal2.png,.png,512,512,True,"[67, 7, 413, 510]","[67, 7, 413, 510]",60.017,False,39.983,True,False,False,True,"[""png"", ""scrapmetal""]","[""doomsday"", ""scheme_card"", ""warning_indicator"", ""world_decal""]",True
doomsday_icons,res://assets/tilesets/cyber_city_core_tilesets/Store_Items/Doomsday Icons/Doomsday Icons/Sheet1.png,Sheet1.png,.png,512,512,True,"[11, 18, 490, 504]","[11, 18, 490, 504]",61.383,False,38.617,True,False,False,True,"[""png"", ""sheet""]","[""doomsday"", ""scheme_card"", ""warning_indicator"", ""world_decal""]",True
doomsday_icons,res://assets/tilesets/cyber_city_core_tilesets/Store_Items/Doomsday Icons/Doomsday Icons/Shelf1.png,Shelf1.png,.png,512,512,True,"[80, 6, 390, 510]","[80, 6, 390, 510]",67.937,False,32.063,True,False,False,True,"[""png"", ""shelf""]","[""doomsday"", ""scheme_card"", ""warning_indicator"", ""world_decal""]",True
doomsday_icons,res://assets/tilesets/cyber_city_core_tilesets/Store_Items/Doomsday Icons/Doomsday Icons/Shelf2.png,Shelf2.png,.png,512,512,True,"[36, 2, 464, 504]","[36, 2, 464, 504]",60.968,False,39.032,True,False,False,True,"[""png"", ""shelf""]","[""doomsday"", ""scheme_card"", ""warning_indicator"", ""world_decal""]",True
doomsday_icons,res://assets/tilesets/cyber_city_core_tilesets/Store_Items/Doomsday Icons/Doomsday Icons/Shelter1.png,Shelter1.png,.png,512,512,True,"[2, 121, 505, 398]","[2, 121, 505, 398]",62.701,False,37.299,True,False,False,True,"[""png"", ""shelter""]","[""doomsday"", ""scheme_card"", ""warning_indicator"", ""world_decal""]",True
doomsday_icons,res://assets/tilesets/cyber_city_core_tilesets/Store_Items/Doomsday Icons/Doomsday Icons/Shovel1.png,Shovel1.png,.png,512,512,True,"[6, 8, 501, 482]","[6, 8, 501, 482]",85.061,False,14.939,True,False,False,True,"[""png"", ""shovel""]","[""doomsday"", ""scheme_card"", ""warning_indicator"", ""world_decal""]",True
doomsday_icons,res://assets/tilesets/cyber_city_core_tilesets/Store_Items/Doomsday Icons/Doomsday Icons/Shovel2.png,Shovel2.png,.png,512,512,True,"[5, 23, 500, 492]","[5, 23, 500, 492]",87.676,False,12.324,True,False,False,True,"[""png"", ""shovel""]","[""doomsday"", ""scheme_card"", ""warning_indicator"", ""world_decal""]",True
doomsday_icons,res://assets/tilesets/cyber_city_core_tilesets/Store_Items/Doomsday Icons/Doomsday Icons/Sign1.png,Sign1.png,.png,512,512,True,"[140, 91, 370, 428]","[140, 91, 370, 428]",72.766,False,27.234,True,False,False,True,"[""decor"", ""png"", ""sign""]","[""decor"", ""signage"", ""wall_sticker"", ""world_decal""]",True
doomsday_icons,res://assets/tilesets/cyber_city_core_tilesets/Store_Items/Doomsday Icons/Doomsday Icons/Sign10.png,Sign10.png,.png,512,512,True,"[59, 163, 445, 346]","[59, 163, 445, 346]",76.748,False,23.252,True,False,False,True,"[""decor"", ""png"", ""sign""]","[""decor"", ""signage"", ""wall_sticker"", ""world_decal""]",True
doomsday_icons,res://assets/tilesets/cyber_city_core_tilesets/Store_Items/Doomsday Icons/Doomsday Icons/Sign11.png,Sign11.png,.png,512,512,True,"[62, 89, 464, 400]","[62, 89, 464, 400]",58.566,False,41.434,True,False,False,True,"[""decor"", ""png"", ""sign""]","[""decor"", ""signage"", ""wall_sticker"", ""world_decal""]",True
doomsday_icons,res://assets/tilesets/cyber_city_core_tilesets/Store_Items/Doomsday Icons/Doomsday Icons/Sign12.png,Sign12.png,.png,512,512,True,"[46, 68, 484, 413]","[46, 68, 484, 413]",48.128,False,51.872,True,False,False,True,"[""decor"", ""png"", ""sign""]","[""decor"", ""signage"", ""wall_sticker"", ""world_decal""]",True
doomsday_icons,res://assets/tilesets/cyber_city_core_tilesets/Store_Items/Doomsday Icons/Doomsday Icons/Sign13.png,Sign13.png,.png,512,512,True,"[102, 40, 381, 455]","[102, 40, 381, 455]",60.254,False,39.746,True,False,False,True,"[""decor"", ""png"", ""sign""]","[""decor"", ""signage"", ""wall_sticker"", ""world_decal""]",True
doomsday_icons,res://assets/tilesets/cyber_city_core_tilesets/Store_Items/Doomsday Icons/Doomsday Icons/Sign14.png,Sign14.png,.png,512,512,True,"[37, 197, 489, 379]","[37, 197, 489, 379]",71.442,False,28.558,True,False,False,True,"[""decor"", ""png"", ""sign""]","[""decor"", ""signage"", ""wall_sticker"", ""world_decal""]",True
doomsday_icons,res://assets/tilesets/cyber_city_core_tilesets/Store_Items/Doomsday Icons/Doomsday Icons/Sign15.png,Sign15.png,.png,512,512,True,"[57, 104, 429, 398]","[57, 104, 429, 398]",63.503,False,36.497,True,False,False,True,"[""decor"", ""png"", ""sign""]","[""decor"", ""signage"", ""wall_sticker"", ""world_decal""]",True
doomsday_icons,res://assets/tilesets/cyber_city_core_tilesets/Store_Items/Doomsday Icons/Doomsday Icons/Sign16.png,Sign16.png,.png,512,512,True,"[28, 99, 465, 408]","[28, 99, 465, 408]",53.878,False,46.122,True,False,False,True,"[""decor"", ""png"", ""sign""]","[""decor"", ""signage"", ""wall_sticker"", ""world_decal""]",True
doomsday_icons,res://assets/tilesets/cyber_city_core_tilesets/Store_Items/Doomsday Icons/Doomsday Icons/Sign17.png,Sign17.png,.png,512,512,True,"[6, 97, 504, 419]","[6, 97, 504, 419]",45.082,False,54.918,True,False,False,True,"[""decor"", ""png"", ""sign""]","[""decor"", ""signage"", ""wall_sticker"", ""world_decal""]",True
doomsday_icons,res://assets/tilesets/cyber_city_core_tilesets/Store_Items/Doomsday Icons/Doomsday Icons/Sign18.png,Sign18.png,.png,512,512,True,"[6, 97, 509, 426]","[6, 97, 509, 426]",41.751,False,58.249,True,False,False,True,"[""decor"", ""png"", ""sign""]","[""decor"", ""signage"", ""wall_sticker"", ""world_decal""]",True
doomsday_icons,res://assets/tilesets/cyber_city_core_tilesets/Store_Items/Doomsday Icons/Doomsday Icons/Sign19.png,Sign19.png,.png,512,512,True,"[38, 89, 462, 404]","[38, 89, 462, 404]",54.167,False,45.833,True,False,False,True,"[""decor"", ""png"", ""sign""]","[""decor"", ""signage"", ""wall_sticker"", ""world_decal""]",True
doomsday_icons,res://assets/tilesets/cyber_city_core_tilesets/Store_Items/Doomsday Icons/Doomsday Icons/Sign2.png,Sign2.png,.png,512,512,True,"[124, 115, 394, 385]","[124, 115, 394, 385]",73.802,False,26.198,True,False,False,True,"[""decor"", ""png"", ""sign""]","[""decor"", ""signage"", ""wall_sticker"", ""world_decal""]",True
doomsday_icons,res://assets/tilesets/cyber_city_core_tilesets/Store_Items/Doomsday Icons/Doomsday Icons/Sign20.png,Sign20.png,.png,512,512,True,"[120, 19, 401, 489]","[120, 19, 401, 489]",55.121,False,44.879,True,False,False,True,"[""decor"", ""png"", ""sign""]","[""decor"", ""signage"", ""wall_sticker"", ""world_decal""]",True
doomsday_icons,res://assets/tilesets/cyber_city_core_tilesets/Store_Items/Doomsday Icons/Doomsday Icons/Sign3.png,Sign3.png,.png,512,512,True,"[156, 4, 329, 508]","[156, 4, 329, 508]",84.29,False,15.71,True,False,False,True,"[""decor"", ""png"", ""sign""]","[""decor"", ""signage"", ""wall_sticker"", ""world_decal""]",True
doomsday_icons,res://assets/tilesets/cyber_city_core_tilesets/Store_Items/Doomsday Icons/Doomsday Icons/Sign4.png,Sign4.png,.png,512,512,True,"[121, 21, 412, 486]","[121, 21, 412, 486]",75.529,False,24.471,True,False,False,True,"[""decor"", ""png"", ""sign""]","[""decor"", ""signage"", ""wall_sticker"", ""world_decal""]",True
doomsday_icons,res://assets/tilesets/cyber_city_core_tilesets/Store_Items/Doomsday Icons/Doomsday Icons/Sign5.png,Sign5.png,.png,512,512,True,"[76, 5, 404, 508]","[76, 5, 404, 508]",64.153,False,35.847,True,False,False,True,"[""decor"", ""png"", ""sign""]","[""decor"", ""signage"", ""wall_sticker"", ""world_decal""]",True
doomsday_icons,res://assets/tilesets/cyber_city_core_tilesets/Store_Items/Doomsday Icons/Doomsday Icons/Sign6.png,Sign6.png,.png,512,512,True,"[97, 97, 412, 423]","[97, 97, 412, 423]",68.445,False,31.555,True,False,False,True,"[""decor"", ""png"", ""sign""]","[""decor"", ""signage"", ""wall_sticker"", ""world_decal""]",True
doomsday_icons,res://assets/tilesets/cyber_city_core_tilesets/Store_Items/Doomsday Icons/Doomsday Icons/Sign7.png,Sign7.png,.png,512,512,True,"[37, 107, 490, 435]","[37, 107, 490, 435]",49.749,False,50.251,True,False,False,True,"[""decor"", ""png"", ""sign""]","[""decor"", ""signage"", ""wall_sticker"", ""world_decal""]",True
doomsday_icons,res://assets/tilesets/cyber_city_core_tilesets/Store_Items/Doomsday Icons/Doomsday Icons/Sign8.png,Sign8.png,.png,512,512,True,"[34, 90, 493, 403]","[34, 90, 493, 403]",54.786,False,45.214,True,False,False,True,"[""decor"", ""png"", ""sign""]","[""decor"", ""signage"", ""wall_sticker"", ""world_decal""]",True
doomsday_icons,res://assets/tilesets/cyber_city_core_tilesets/Store_Items/Doomsday Icons/Doomsday Icons/Sign9.png,Sign9.png,.png,512,512,True,"[24, 101, 478, 426]","[24, 101, 478, 426]",51.698,False,48.302,True,False,False,True,"[""decor"", ""png"", ""sign""]","[""decor"", ""signage"", ""wall_sticker"", ""world_decal""]",True
doomsday_icons,res://assets/tilesets/cyber_city_core_tilesets/Store_Items/Doomsday Icons/Doomsday Icons/SilverBar1.png,SilverBar1.png,.png,512,512,True,"[9, 63, 504, 495]","[9, 63, 504, 495]",47.644,False,52.356,True,False,False,True,"[""png"", ""silverbar""]","[""doomsday"", ""scheme_card"", ""warning_indicator"", ""world_decal""]",True
doomsday_icons,res://assets/tilesets/cyber_city_core_tilesets/Store_Items/Doomsday Icons/Doomsday Icons/Sink1.png,Sink1.png,.png,512,512,True,"[7, 144, 494, 447]","[7, 144, 494, 447]",72.33,False,27.67,True,False,False,True,"[""png"", ""sink""]","[""doomsday"", ""scheme_card"", ""warning_indicator"", ""world_decal""]",True
doomsday_icons,res://assets/tilesets/cyber_city_core_tilesets/Store_Items/Doomsday Icons/Doomsday Icons/SkeletalGoo1.png,SkeletalGoo1.png,.png,512,512,True,"[3, 168, 502, 394]","[3, 168, 502, 394]",72.359,False,27.641,True,False,False,True,"[""png"", ""skeletalgoo""]","[""doomsday"", ""scheme_card"", ""warning_indicator"", ""world_decal""]",True
doomsday_icons,res://assets/tilesets/cyber_city_core_tilesets/Store_Items/Doomsday Icons/Doomsday Icons/Slab1.png,Slab1.png,.png,512,512,True,"[45, 10, 453, 496]","[45, 10, 453, 496]",46.817,False,53.183,True,False,False,True,"[""png"", ""slab""]","[""doomsday"", ""scheme_card"", ""warning_indicator"", ""world_decal""]",True
doomsday_icons,res://assets/tilesets/cyber_city_core_tilesets/Store_Items/Doomsday Icons/Doomsday Icons/SleepingBag1.png,SleepingBag1.png,.png,512,512,True,"[46, 19, 480, 502]","[46, 19, 480, 502]",52.088,False,47.912,True,False,False,False,"[""mission"", ""png"", ""sleepingbag""]","[""map_pin"", ""objective_marker""]",True
doomsday_icons,res://assets/tilesets/cyber_city_core_tilesets/Store_Items/Doomsday Icons/Doomsday Icons/SleepingBag2.png,SleepingBag2.png,.png,512,512,True,"[7, 19, 510, 468]","[7, 19, 510, 468]",59.83,False,40.17,True,False,False,False,"[""mission"", ""png"", ""sleepingbag""]","[""map_pin"", ""objective_marker""]",True
doomsday_icons,res://assets/tilesets/cyber_city_core_tilesets/Store_Items/Doomsday Icons/Doomsday Icons/Soda1.png,Soda1.png,.png,512,512,True,"[96, 18, 413, 499]","[96, 18, 413, 499]",61.802,False,38.198,True,False,False,True,"[""png"", ""soda""]","[""doomsday"", ""scheme_card"", ""warning_indicator"", ""world_decal""]",True
doomsday_icons,res://assets/tilesets/cyber_city_core_tilesets/Store_Items/Doomsday Icons/Doomsday Icons/Soda2.png,Soda2.png,.png,512,512,True,"[108, 14, 414, 494]","[108, 14, 414, 494]",61.781,False,38.219,True,False,False,True,"[""png"", ""soda""]","[""doomsday"", ""scheme_card"", ""warning_indicator"", ""world_decal""]",True
doomsday_icons,res://assets/tilesets/cyber_city_core_tilesets/Store_Items/Doomsday Icons/Doomsday Icons/Sofa1.png,Sofa1.png,.png,512,512,True,"[2, 124, 508, 418]","[2, 124, 508, 418]",55.697,False,44.303,True,False,False,True,"[""png"", ""sofa""]","[""doomsday"", ""scheme_card"", ""warning_indicator"", ""world_decal""]",True
doomsday_icons,res://assets/tilesets/cyber_city_core_tilesets/Store_Items/Doomsday Icons/Doomsday Icons/Sofa2.png,Sofa2.png,.png,512,512,True,"[8, 121, 508, 386]","[8, 121, 508, 386]",62.318,False,37.682,True,False,False,True,"[""png"", ""sofa""]","[""doomsday"", ""scheme_card"", ""warning_indicator"", ""world_decal""]",True
doomsday_icons,res://assets/tilesets/cyber_city_core_tilesets/Store_Items/Doomsday Icons/Doomsday Icons/SprayCan1.png,SprayCan1.png,.png,512,512,True,"[187, 3, 383, 509]","[187, 3, 383, 509]",72.147,False,27.853,True,False,False,True,"[""png"", ""spraycan""]","[""doomsday"", ""scheme_card"", ""warning_indicator"", ""world_decal""]",True
doomsday_icons,res://assets/tilesets/cyber_city_core_tilesets/Store_Items/Doomsday Icons/Doomsday Icons/Sprayer1.png,Sprayer1.png,.png,512,512,True,"[14, 134, 502, 383]","[14, 134, 502, 383]",79.515,False,20.485,True,False,False,True,"[""png"", ""sprayer""]","[""doomsday"", ""scheme_card"", ""warning_indicator"", ""world_decal""]",True
doomsday_icons,res://assets/tilesets/cyber_city_core_tilesets/Store_Items/Doomsday Icons/Doomsday Icons/Suitcase1.png,Suitcase1.png,.png,512,512,True,"[7, 220, 492, 429]","[7, 220, 492, 429]",69.797,False,30.203,True,False,False,True,"[""evidence"", ""png"", ""suitcase""]","[""doomsday"", ""scheme_card"", ""warning_indicator"", ""world_decal""]",True
doomsday_icons,res://assets/tilesets/cyber_city_core_tilesets/Store_Items/Doomsday Icons/Doomsday Icons/Suitcase2.png,Suitcase2.png,.png,512,512,True,"[1, 202, 509, 398]","[1, 202, 509, 398]",69.984,False,30.016,True,False,False,True,"[""evidence"", ""png"", ""suitcase""]","[""doomsday"", ""scheme_card"", ""warning_indicator"", ""world_decal""]",True
doomsday_icons,res://assets/tilesets/cyber_city_core_tilesets/Store_Items/Doomsday Icons/Doomsday Icons/Suitcase3.png,Suitcase3.png,.png,512,512,True,"[0, 48, 509, 400]","[0, 48, 509, 400]",45.102,False,54.898,True,False,False,True,"[""evidence"", ""png"", ""suitcase""]","[""doomsday"", ""scheme_card"", ""warning_indicator"", ""world_decal""]",True
doomsday_icons,res://assets/tilesets/cyber_city_core_tilesets/Store_Items/Doomsday Icons/Doomsday Icons/SwitchBox1.png,SwitchBox1.png,.png,512,512,True,"[110, 26, 432, 512]","[110, 26, 432, 512]",50.925,False,49.075,True,False,False,True,"[""png"", ""switchbox""]","[""doomsday"", ""scheme_card"", ""warning_indicator"", ""world_decal""]",True
doomsday_icons,res://assets/tilesets/cyber_city_core_tilesets/Store_Items/Doomsday Icons/Doomsday Icons/Tablet1.png,Tablet1.png,.png,512,512,True,"[68, 133, 445, 420]","[68, 133, 445, 420]",77.409,False,22.591,True,False,False,True,"[""png"", ""tablet""]","[""doomsday"", ""scheme_card"", ""warning_indicator"", ""world_decal""]",True
doomsday_icons,res://assets/tilesets/cyber_city_core_tilesets/Store_Items/Doomsday Icons/Doomsday Icons/Tap1.png,Tap1.png,.png,512,512,True,"[20, 72, 494, 461]","[20, 72, 494, 461]",47.233,False,52.767,True,False,False,True,"[""png"", ""tap""]","[""doomsday"", ""scheme_card"", ""warning_indicator"", ""world_decal""]",True
doomsday_icons,res://assets/tilesets/cyber_city_core_tilesets/Store_Items/Doomsday Icons/Doomsday Icons/Target1.png,Target1.png,.png,512,512,True,"[158, 12, 360, 512]","[158, 12, 360, 512]",74.594,False,25.406,True,False,False,False,"[""mission"", ""png"", ""target""]","[""map_pin"", ""mission"", ""mission_board"", ""objective_marker""]",True
doomsday_icons,res://assets/tilesets/cyber_city_core_tilesets/Store_Items/Doomsday Icons/Doomsday Icons/Target2.png,Target2.png,.png,512,512,True,"[122, 3, 345, 512]","[122, 3, 345, 512]",70.687,False,29.313,True,False,False,False,"[""mission"", ""png"", ""target""]","[""map_pin"", ""mission"", ""mission_board"", ""objective_marker""]",True
doomsday_icons,res://assets/tilesets/cyber_city_core_tilesets/Store_Items/Doomsday Icons/Doomsday Icons/Tin1.png,Tin1.png,.png,512,512,True,"[22, 211, 498, 413]","[22, 211, 498, 413]",73.404,False,26.596,True,False,False,True,"[""png"", ""tin""]","[""doomsday"", ""scheme_card"", ""warning_indicator"", ""world_decal""]",True
doomsday_icons,res://assets/tilesets/cyber_city_core_tilesets/Store_Items/Doomsday Icons/Doomsday Icons/Tire1.png,Tire1.png,.png,512,512,True,"[47, 7, 467, 494]","[47, 7, 467, 494]",56.074,False,43.926,True,False,False,True,"[""png"", ""tire""]","[""doomsday"", ""scheme_card"", ""warning_indicator"", ""world_decal""]",True
doomsday_icons,res://assets/tilesets/cyber_city_core_tilesets/Store_Items/Doomsday Icons/Doomsday Icons/Tire2.png,Tire2.png,.png,512,512,True,"[62, 25, 472, 490]","[62, 25, 472, 490]",52.062,False,47.938,True,False,False,True,"[""png"", ""tire""]","[""doomsday"", ""scheme_card"", ""warning_indicator"", ""world_decal""]",True
doomsday_icons,res://assets/tilesets/cyber_city_core_tilesets/Store_Items/Doomsday Icons/Doomsday Icons/Tire3.png,Tire3.png,.png,512,512,True,"[26, 39, 486, 485]","[26, 39, 486, 485]",47.383,False,52.617,True,False,False,True,"[""png"", ""tire""]","[""doomsday"", ""scheme_card"", ""warning_indicator"", ""world_decal""]",True
doomsday_icons,res://assets/tilesets/cyber_city_core_tilesets/Store_Items/Doomsday Icons/Doomsday Icons/TireRim1.png,TireRim1.png,.png,512,512,True,"[56, 102, 438, 449]","[56, 102, 438, 449]",60.519,False,39.481,True,False,False,True,"[""png"", ""tirerim""]","[""doomsday"", ""scheme_card"", ""warning_indicator"", ""world_decal""]",True
doomsday_icons,res://assets/tilesets/cyber_city_core_tilesets/Store_Items/Doomsday Icons/Doomsday Icons/Tissues1.png,Tissues1.png,.png,512,512,True,"[22, 87, 508, 473]","[22, 87, 508, 473]",67.683,False,32.317,True,False,False,True,"[""png"", ""tissues""]","[""doomsday"", ""scheme_card"", ""warning_indicator"", ""world_decal""]",True
doomsday_icons,res://assets/tilesets/cyber_city_core_tilesets/Store_Items/Doomsday Icons/Doomsday Icons/Toilet1.png,Toilet1.png,.png,512,512,True,"[46, 1, 436, 497]","[46, 1, 436, 497]",60.528,False,39.472,True,False,False,False,"[""comedy"", ""png"", ""toilet""]","[""comedy"", ""comedy_item_candidate"", ""decor_shop_thumbnail""]",True
doomsday_icons,res://assets/tilesets/cyber_city_core_tilesets/Store_Items/Doomsday Icons/Doomsday Icons/Toilet2.png,Toilet2.png,.png,512,512,True,"[103, 1, 451, 503]","[103, 1, 451, 503]",63.797,False,36.203,True,False,False,False,"[""comedy"", ""png"", ""toilet""]","[""comedy"", ""comedy_item_candidate"", ""decor_shop_thumbnail""]",True
doomsday_icons,res://assets/tilesets/cyber_city_core_tilesets/Store_Items/Doomsday Icons/Doomsday Icons/ToiletPaper1.png,ToiletPaper1.png,.png,512,512,True,"[58, 142, 388, 403]","[58, 142, 388, 403]",76.882,False,23.118,True,False,False,False,"[""comedy"", ""png"", ""toiletpaper""]","[""comedy"", ""comedy_item_candidate"", ""decor_shop_thumbnail""]",True
doomsday_icons,res://assets/tilesets/cyber_city_core_tilesets/Store_Items/Doomsday Icons/Doomsday Icons/Tool_Drill1.png,Tool_Drill1.png,.png,512,512,True,"[63, 28, 469, 461]","[63, 28, 469, 461]",84.746,False,15.254,True,False,False,True,"[""drill"", ""png"", ""tool""]","[""doomsday"", ""scheme_card"", ""warning_indicator"", ""world_decal""]",True
doomsday_icons,res://assets/tilesets/cyber_city_core_tilesets/Store_Items/Doomsday Icons/Doomsday Icons/Tool_GardenRake1.png,Tool_GardenRake1.png,.png,512,512,True,"[12, 15, 500, 496]","[12, 15, 500, 496]",95.827,False,4.173,True,False,False,True,"[""gardenrake"", ""png"", ""tool""]","[""doomsday"", ""scheme_card"", ""warning_indicator"", ""world_decal""]",True
doomsday_icons,res://assets/tilesets/cyber_city_core_tilesets/Store_Items/Doomsday Icons/Doomsday Icons/Tool_Hammer1.png,Tool_Hammer1.png,.png,512,512,True,"[31, 65, 491, 480]","[31, 65, 491, 480]",86.874,False,13.126,True,False,False,True,"[""hammer"", ""png"", ""tool""]","[""doomsday"", ""scheme_card"", ""warning_indicator"", ""world_decal""]",True
doomsday_icons,res://assets/tilesets/cyber_city_core_tilesets/Store_Items/Doomsday Icons/Doomsday Icons/Tool_HandRake1.png,Tool_HandRake1.png,.png,512,512,True,"[67, 26, 463, 454]","[67, 26, 463, 454]",91.074,False,8.926,True,False,False,True,"[""handrake"", ""png"", ""tool""]","[""doomsday"", ""scheme_card"", ""warning_indicator"", ""world_decal""]",True
doomsday_icons,res://assets/tilesets/cyber_city_core_tilesets/Store_Items/Doomsday Icons/Doomsday Icons/Tool_Hoe1.png,Tool_Hoe1.png,.png,512,512,True,"[34, 14, 486, 501]","[34, 14, 486, 501]",96.092,False,3.908,True,False,False,True,"[""hoe"", ""png"", ""tool""]","[""doomsday"", ""scheme_card"", ""warning_indicator"", ""world_decal""]",True
doomsday_icons,res://assets/tilesets/cyber_city_core_tilesets/Store_Items/Doomsday Icons/Doomsday Icons/Tool_Nails1.png,Tool_Nails1.png,.png,512,512,True,"[120, 112, 407, 398]","[120, 112, 407, 398]",96.257,False,3.743,True,False,False,True,"[""nails"", ""png"", ""tool""]","[""doomsday"", ""scheme_card"", ""warning_indicator"", ""world_decal""]",True
doomsday_icons,res://assets/tilesets/cyber_city_core_tilesets/Store_Items/Doomsday Icons/Doomsday Icons/Tool_NutsBox1.png,Tool_NutsBox1.png,.png,512,512,True,"[57, 172, 468, 399]","[57, 172, 468, 399]",74.677,False,25.323,True,False,False,True,"[""nutsbox"", ""png"", ""tool""]","[""doomsday"", ""scheme_card"", ""warning_indicator"", ""world_decal""]",True
doomsday_icons,res://assets/tilesets/cyber_city_core_tilesets/Store_Items/Doomsday Icons/Doomsday Icons/Tool_Pitchfork1.png,Tool_Pitchfork1.png,.png,512,512,True,"[40, 22, 493, 488]","[40, 22, 493, 488]",93.262,False,6.738,True,False,False,True,"[""pitchfork"", ""png"", ""tool""]","[""doomsday"", ""scheme_card"", ""warning_indicator"", ""world_decal""]",True
doomsday_icons,res://assets/tilesets/cyber_city_core_tilesets/Store_Items/Doomsday Icons/Doomsday Icons/Tool_Saw1.png,Tool_Saw1.png,.png,512,512,True,"[65, 10, 446, 502]","[65, 10, 446, 502]",88.417,False,11.583,True,False,False,True,"[""png"", ""saw"", ""tool""]","[""doomsday"", ""scheme_card"", ""warning_indicator"", ""world_decal""]",True
doomsday_icons,res://assets/tilesets/cyber_city_core_tilesets/Store_Items/Doomsday Icons/Doomsday Icons/Tool_Screwdriver1.png,Tool_Screwdriver1.png,.png,512,512,True,"[52, 52, 451, 448]","[52, 52, 451, 448]",92.343,False,7.657,True,False,False,True,"[""png"", ""screwdriver"", ""tool""]","[""doomsday"", ""scheme_card"", ""warning_indicator"", ""world_decal""]",True
doomsday_icons,res://assets/tilesets/cyber_city_core_tilesets/Store_Items/Doomsday Icons/Doomsday Icons/Tool_Screws1.png,Tool_Screws1.png,.png,512,512,True,"[82, 96, 466, 427]","[82, 96, 466, 427]",90.916,False,9.084,True,False,False,True,"[""png"", ""screws"", ""tool""]","[""doomsday"", ""scheme_card"", ""warning_indicator"", ""world_decal""]",True
doomsday_icons,res://assets/tilesets/cyber_city_core_tilesets/Store_Items/Doomsday Icons/Doomsday Icons/Tool_Sledgehammer1.png,Tool_Sledgehammer1.png,.png,512,512,True,"[9, 10, 502, 499]","[9, 10, 502, 499]",88.972,False,11.028,True,False,False,True,"[""png"", ""sledgehammer"", ""tool""]","[""doomsday"", ""scheme_card"", ""warning_indicator"", ""world_decal""]",True
doomsday_icons,res://assets/tilesets/cyber_city_core_tilesets/Store_Items/Doomsday Icons/Doomsday Icons/Tool_SolderingIron1.png,Tool_SolderingIron1.png,.png,512,512,True,"[28, 46, 483, 492]","[28, 46, 483, 492]",76.004,False,23.996,True,False,False,True,"[""png"", ""solderingiron"", ""tool""]","[""doomsday"", ""scheme_card"", ""warning_indicator"", ""world_decal""]",True
doomsday_icons,res://assets/tilesets/cyber_city_core_tilesets/Store_Items/Doomsday Icons/Doomsday Icons/Tool_Spade1.png,Tool_Spade1.png,.png,512,512,True,"[33, 12, 505, 498]","[33, 12, 505, 498]",91.402,False,8.598,True,False,False,True,"[""png"", ""spade"", ""tool""]","[""doomsday"", ""scheme_card"", ""warning_indicator"", ""world_decal""]",True
doomsday_icons,res://assets/tilesets/cyber_city_core_tilesets/Store_Items/Doomsday Icons/Doomsday Icons/Tool_Spanner1.png,Tool_Spanner1.png,.png,512,512,True,"[18, 123, 494, 427]","[18, 123, 494, 427]",88.693,False,11.307,True,False,False,True,"[""png"", ""spanner"", ""tool""]","[""doomsday"", ""scheme_card"", ""warning_indicator"", ""world_decal""]",True
doomsday_icons,res://assets/tilesets/cyber_city_core_tilesets/Store_Items/Doomsday Icons/Doomsday Icons/Tool_Toolbox1.png,Tool_Toolbox1.png,.png,512,512,True,"[3, 113, 507, 428]","[3, 113, 507, 428]",55.758,False,44.242,True,False,False,True,"[""png"", ""tool"", ""toolbox""]","[""doomsday"", ""scheme_card"", ""warning_indicator"", ""world_decal""]",True
doomsday_icons,res://assets/tilesets/cyber_city_core_tilesets/Store_Items/Doomsday Icons/Doomsday Icons/Tool_Toolbox2.png,Tool_Toolbox2.png,.png,512,512,True,"[1, 159, 510, 424]","[1, 159, 510, 424]",62.895,False,37.105,True,False,False,True,"[""png"", ""tool"", ""toolbox""]","[""doomsday"", ""scheme_card"", ""warning_indicator"", ""world_decal""]",True
doomsday_icons,res://assets/tilesets/cyber_city_core_tilesets/Store_Items/Doomsday Icons/Doomsday Icons/Tool_Toolbox3.png,Tool_Toolbox3.png,.png,512,512,True,"[8, 116, 505, 486]","[8, 116, 505, 486]",63.413,False,36.587,True,False,False,True,"[""png"", ""tool"", ""toolbox""]","[""doomsday"", ""scheme_card"", ""warning_indicator"", ""world_decal""]",True
doomsday_icons,res://assets/tilesets/cyber_city_core_tilesets/Store_Items/Doomsday Icons/Doomsday Icons/Tool_Trowel1.png,Tool_Trowel1.png,.png,512,512,True,"[29, 23, 483, 477]","[29, 23, 483, 477]",80.476,False,19.524,True,False,False,True,"[""png"", ""tool"", ""trowel""]","[""doomsday"", ""scheme_card"", ""warning_indicator"", ""world_decal""]",True
doomsday_icons,res://assets/tilesets/cyber_city_core_tilesets/Store_Items/Doomsday Icons/Doomsday Icons/Tool_Wrench1.png,Tool_Wrench1.png,.png,512,512,True,"[81, 62, 469, 449]","[81, 62, 469, 449]",94.374,False,5.626,True,False,False,True,"[""png"", ""tool"", ""wrench""]","[""doomsday"", ""scheme_card"", ""warning_indicator"", ""world_decal""]",True
doomsday_icons,res://assets/tilesets/cyber_city_core_tilesets/Store_Items/Doomsday Icons/Doomsday Icons/Tool_Wrench2.png,Tool_Wrench2.png,.png,512,512,True,"[63, 52, 435, 439]","[63, 52, 435, 439]",87.969,False,12.031,True,False,False,True,"[""png"", ""tool"", ""wrench""]","[""doomsday"", ""scheme_card"", ""warning_indicator"", ""world_decal""]",True
doomsday_icons,res://assets/tilesets/cyber_city_core_tilesets/Store_Items/Doomsday Icons/Doomsday Icons/Tool_Wrench3.png,Tool_Wrench3.png,.png,512,512,True,"[29, 21, 485, 495]","[29, 21, 485, 495]",81.071,False,18.929,True,False,False,True,"[""png"", ""tool"", ""wrench""]","[""doomsday"", ""scheme_card"", ""warning_indicator"", ""world_decal""]",True
doomsday_icons,res://assets/tilesets/cyber_city_core_tilesets/Store_Items/Doomsday Icons/Doomsday Icons/Tool_Wrench4.png,Tool_Wrench4.png,.png,512,512,True,"[28, 41, 480, 459]","[28, 41, 480, 459]",88.563,False,11.437,True,False,False,True,"[""png"", ""tool"", ""wrench""]","[""doomsday"", ""scheme_card"", ""warning_indicator"", ""world_decal""]",True
doomsday_icons,res://assets/tilesets/cyber_city_core_tilesets/Store_Items/Doomsday Icons/Doomsday Icons/Tooth1.png,Tooth1.png,.png,512,512,True,"[125, 120, 366, 383]","[125, 120, 366, 383]",87.816,False,12.184,True,False,False,True,"[""png"", ""tooth""]","[""doomsday"", ""scheme_card"", ""warning_indicator"", ""world_decal""]",True
doomsday_icons,res://assets/tilesets/cyber_city_core_tilesets/Store_Items/Doomsday Icons/Doomsday Icons/Toy_Bear1.png,Toy_Bear1.png,.png,512,512,True,"[54, 19, 413, 461]","[54, 19, 413, 461]",73.928,False,26.072,True,False,False,True,"[""bear"", ""png"", ""toy""]","[""doomsday"", ""scheme_card"", ""warning_indicator"", ""world_decal""]",True
doomsday_icons,res://assets/tilesets/cyber_city_core_tilesets/Store_Items/Doomsday Icons/Doomsday Icons/Toy_Boardgame1.png,Toy_Boardgame1.png,.png,512,512,True,"[13, 85, 484, 465]","[13, 85, 484, 465]",54.86,False,45.14,True,False,False,True,"[""boardgame"", ""png"", ""toy""]","[""doomsday"", ""scheme_card"", ""warning_indicator"", ""world_decal""]",True
doomsday_icons,res://assets/tilesets/cyber_city_core_tilesets/Store_Items/Doomsday Icons/Doomsday Icons/Toy_Dollhouse1.png,Toy_Dollhouse1.png,.png,512,512,True,"[89, 28, 436, 441]","[89, 28, 436, 441]",56.453,False,43.547,True,False,False,True,"[""dollhouse"", ""png"", ""toy""]","[""doomsday"", ""scheme_card"", ""warning_indicator"", ""world_decal""]",True
doomsday_icons,res://assets/tilesets/cyber_city_core_tilesets/Store_Items/Doomsday Icons/Doomsday Icons/Toy_Plushie1.png,Toy_Plushie1.png,.png,512,512,True,"[103, 7, 466, 499]","[103, 7, 466, 499]",65.847,False,34.153,True,False,False,True,"[""plushie"", ""png"", ""toy""]","[""doomsday"", ""scheme_card"", ""warning_indicator"", ""world_decal""]",True
doomsday_icons,res://assets/tilesets/cyber_city_core_tilesets/Store_Items/Doomsday Icons/Doomsday Icons/Toy_RockingHorse1.png,Toy_RockingHorse1.png,.png,512,512,True,"[25, 11, 470, 500]","[25, 11, 470, 500]",64.46,False,35.54,True,False,False,True,"[""png"", ""rockinghorse"", ""toy""]","[""doomsday"", ""scheme_card"", ""warning_indicator"", ""world_decal""]",True
doomsday_icons,res://assets/tilesets/cyber_city_core_tilesets/Store_Items/Doomsday Icons/Doomsday Icons/Toy_Tricycle1.png,Toy_Tricycle1.png,.png,512,512,True,"[17, 20, 490, 487]","[17, 20, 490, 487]",74.234,False,25.766,True,False,False,True,"[""png"", ""toy"", ""tricycle""]","[""doomsday"", ""scheme_card"", ""warning_indicator"", ""world_decal""]",True
doomsday_icons,res://assets/tilesets/cyber_city_core_tilesets/Store_Items/Doomsday Icons/Doomsday Icons/TrafficCone1.png,TrafficCone1.png,.png,512,512,True,"[105, 53, 391, 453]","[105, 53, 391, 453]",81.352,False,18.648,True,False,False,True,"[""png"", ""trafficcone""]","[""doomsday"", ""scheme_card"", ""warning_indicator"", ""world_decal""]",True
doomsday_icons,res://assets/tilesets/cyber_city_core_tilesets/Store_Items/Doomsday Icons/Doomsday Icons/Trash1.png,Trash1.png,.png,512,512,True,"[2, 114, 492, 419]","[2, 114, 492, 419]",68.161,False,31.839,True,False,False,True,"[""png"", ""trash""]","[""doomsday"", ""scheme_card"", ""warning_indicator"", ""world_decal""]",True
doomsday_icons,res://assets/tilesets/cyber_city_core_tilesets/Store_Items/Doomsday Icons/Doomsday Icons/Trash10.png,Trash10.png,.png,512,512,True,"[29, 112, 464, 423]","[29, 112, 464, 423]",64.968,False,35.032,True,False,False,True,"[""png"", ""trash""]","[""doomsday"", ""scheme_card"", ""warning_indicator"", ""world_decal""]",True
doomsday_icons,res://assets/tilesets/cyber_city_core_tilesets/Store_Items/Doomsday Icons/Doomsday Icons/Trash11.png,Trash11.png,.png,512,512,True,"[102, 8, 408, 490]","[102, 8, 408, 490]",62.038,False,37.962,True,False,False,True,"[""png"", ""trash""]","[""doomsday"", ""scheme_card"", ""warning_indicator"", ""world_decal""]",True
doomsday_icons,res://assets/tilesets/cyber_city_core_tilesets/Store_Items/Doomsday Icons/Doomsday Icons/Trash12.png,Trash12.png,.png,512,512,True,"[21, 120, 498, 450]","[21, 120, 498, 450]",53.503,False,46.497,True,False,False,True,"[""png"", ""trash""]","[""doomsday"", ""scheme_card"", ""warning_indicator"", ""world_decal""]",True
doomsday_icons,res://assets/tilesets/cyber_city_core_tilesets/Store_Items/Doomsday Icons/Doomsday Icons/Trash13.png,Trash13.png,.png,512,512,True,"[23, 10, 467, 501]","[23, 10, 467, 501]",61.713,False,38.287,True,False,False,True,"[""png"", ""trash""]","[""doomsday"", ""scheme_card"", ""warning_indicator"", ""world_decal""]",True
doomsday_icons,res://assets/tilesets/cyber_city_core_tilesets/Store_Items/Doomsday Icons/Doomsday Icons/Trash14.png,Trash14.png,.png,512,512,True,"[2, 49, 500, 439]","[2, 49, 500, 439]",60.225,False,39.775,True,False,False,True,"[""png"", ""trash""]","[""doomsday"", ""scheme_card"", ""warning_indicator"", ""world_decal""]",True
doomsday_icons,res://assets/tilesets/cyber_city_core_tilesets/Store_Items/Doomsday Icons/Doomsday Icons/Trash15.png,Trash15.png,.png,512,512,True,"[14, 35, 498, 459]","[14, 35, 498, 459]",56.435,False,43.565,True,False,False,True,"[""png"", ""trash""]","[""doomsday"", ""scheme_card"", ""warning_indicator"", ""world_decal""]",True
doomsday_icons,res://assets/tilesets/cyber_city_core_tilesets/Store_Items/Doomsday Icons/Doomsday Icons/Trash16.png,Trash16.png,.png,512,512,True,"[20, 24, 502, 507]","[20, 24, 502, 507]",52.195,False,47.805,True,False,False,True,"[""png"", ""trash""]","[""doomsday"", ""scheme_card"", ""warning_indicator"", ""world_decal""]",True
doomsday_icons,res://assets/tilesets/cyber_city_core_tilesets/Store_Items/Doomsday Icons/Doomsday Icons/Trash2.png,Trash2.png,.png,512,512,True,"[97, 178, 435, 337]","[97, 178, 435, 337]",86.028,False,13.972,True,False,False,True,"[""png"", ""trash""]","[""doomsday"", ""scheme_card"", ""warning_indicator"", ""world_decal""]",True
doomsday_icons,res://assets/tilesets/cyber_city_core_tilesets/Store_Items/Doomsday Icons/Doomsday Icons/Trash3.png,Trash3.png,.png,512,512,True,"[86, 130, 372, 352]","[86, 130, 372, 352]",85.165,False,14.835,True,False,False,True,"[""png"", ""trash""]","[""doomsday"", ""scheme_card"", ""warning_indicator"", ""world_decal""]",True
doomsday_icons,res://assets/tilesets/cyber_city_core_tilesets/Store_Items/Doomsday Icons/Doomsday Icons/Trash4.png,Trash4.png,.png,512,512,True,"[26, 28, 484, 500]","[26, 28, 484, 500]",56.07,False,43.93,True,False,False,True,"[""png"", ""trash""]","[""doomsday"", ""scheme_card"", ""warning_indicator"", ""world_decal""]",True
doomsday_icons,res://assets/tilesets/cyber_city_core_tilesets/Store_Items/Doomsday Icons/Doomsday Icons/Trash5.png,Trash5.png,.png,512,512,True,"[4, 139, 504, 429]","[4, 139, 504, 429]",67.45,False,32.55,True,False,False,True,"[""png"", ""trash""]","[""doomsday"", ""scheme_card"", ""warning_indicator"", ""world_decal""]",True
doomsday_icons,res://assets/tilesets/cyber_city_core_tilesets/Store_Items/Doomsday Icons/Doomsday Icons/Trash6.png,Trash6.png,.png,512,512,True,"[54, 76, 430, 401]","[54, 76, 430, 401]",68.654,False,31.346,True,False,False,True,"[""png"", ""trash""]","[""doomsday"", ""scheme_card"", ""warning_indicator"", ""world_decal""]",True
doomsday_icons,res://assets/tilesets/cyber_city_core_tilesets/Store_Items/Doomsday Icons/Doomsday Icons/Trash7.png,Trash7.png,.png,512,512,True,"[132, 53, 416, 478]","[132, 53, 416, 478]",65.673,False,34.327,True,False,False,True,"[""png"", ""trash""]","[""doomsday"", ""scheme_card"", ""warning_indicator"", ""world_decal""]",True
doomsday_icons,res://assets/tilesets/cyber_city_core_tilesets/Store_Items/Doomsday Icons/Doomsday Icons/Trash8.png,Trash8.png,.png,512,512,True,"[75, 137, 392, 442]","[75, 137, 392, 442]",71.429,False,28.571,True,False,False,True,"[""png"", ""trash""]","[""doomsday"", ""scheme_card"", ""warning_indicator"", ""world_decal""]",True
doomsday_icons,res://assets/tilesets/cyber_city_core_tilesets/Store_Items/Doomsday Icons/Doomsday Icons/Trash9.png,Trash9.png,.png,512,512,True,"[28, 98, 490, 434]","[28, 98, 490, 434]",62.233,False,37.767,True,False,False,True,"[""png"", ""trash""]","[""doomsday"", ""scheme_card"", ""warning_indicator"", ""world_decal""]",True
doomsday_icons,res://assets/tilesets/cyber_city_core_tilesets/Store_Items/Doomsday Icons/Doomsday Icons/TrashBag1.png,TrashBag1.png,.png,512,512,True,"[91, 21, 441, 492]","[91, 21, 441, 492]",53.11,False,46.89,True,False,False,True,"[""png"", ""trashbag""]","[""doomsday"", ""scheme_card"", ""warning_indicator"", ""world_decal""]",True
doomsday_icons,res://assets/tilesets/cyber_city_core_tilesets/Store_Items/Doomsday Icons/Doomsday Icons/TrashBag2.png,TrashBag2.png,.png,512,512,True,"[89, 14, 440, 492]","[89, 14, 440, 492]",48.34,False,51.66,True,False,False,True,"[""png"", ""trashbag""]","[""doomsday"", ""scheme_card"", ""warning_indicator"", ""world_decal""]",True
doomsday_icons,res://assets/tilesets/cyber_city_core_tilesets/Store_Items/Doomsday Icons/Doomsday Icons/TrashBag3.png,TrashBag3.png,.png,512,512,True,"[71, 28, 453, 490]","[71, 28, 453, 490]",50.244,False,49.756,True,False,False,True,"[""png"", ""trashbag""]","[""doomsday"", ""scheme_card"", ""warning_indicator"", ""world_decal""]",True
doomsday_icons,res://assets/tilesets/cyber_city_core_tilesets/Store_Items/Doomsday Icons/Doomsday Icons/TrashBag4.png,TrashBag4.png,.png,512,512,True,"[34, 66, 482, 458]","[34, 66, 482, 458]",54.872,False,45.128,True,False,False,True,"[""png"", ""trashbag""]","[""doomsday"", ""scheme_card"", ""warning_indicator"", ""world_decal""]",True
doomsday_icons,res://assets/tilesets/cyber_city_core_tilesets/Store_Items/Doomsday Icons/Doomsday Icons/TrashBag5.png,TrashBag5.png,.png,512,512,True,"[91, 4, 412, 506]","[91, 4, 412, 506]",67.233,False,32.767,True,False,False,True,"[""png"", ""trashbag""]","[""doomsday"", ""scheme_card"", ""warning_indicator"", ""world_decal""]",True
doomsday_icons,res://assets/tilesets/cyber_city_core_tilesets/Store_Items/Doomsday Icons/Doomsday Icons/TrashBin1.png,TrashBin1.png,.png,512,512,True,"[83, 41, 468, 490]","[83, 41, 468, 490]",49.545,False,50.455,True,False,False,True,"[""png"", ""trashbin""]","[""doomsday"", ""scheme_card"", ""warning_indicator"", ""world_decal""]",True
doomsday_icons,res://assets/tilesets/cyber_city_core_tilesets/Store_Items/Doomsday Icons/Doomsday Icons/TrashBin2.png,TrashBin2.png,.png,512,512,True,"[51, 59, 474, 491]","[51, 59, 474, 491]",48.376,False,51.624,True,False,False,True,"[""png"", ""trashbin""]","[""doomsday"", ""scheme_card"", ""warning_indicator"", ""world_decal""]",True
doomsday_icons,res://assets/tilesets/cyber_city_core_tilesets/Store_Items/Doomsday Icons/Doomsday Icons/TrashBin3.png,TrashBin3.png,.png,512,512,True,"[37, 4, 464, 505]","[37, 4, 464, 505]",35.143,False,64.857,True,False,False,True,"[""png"", ""trashbin""]","[""doomsday"", ""scheme_card"", ""warning_indicator"", ""world_decal""]",True
doomsday_icons,res://assets/tilesets/cyber_city_core_tilesets/Store_Items/Doomsday Icons/Doomsday Icons/TrashCan1.png,TrashCan1.png,.png,512,512,True,"[146, 19, 327, 490]","[146, 19, 327, 490]",70.086,False,29.914,True,False,False,True,"[""png"", ""trashcan""]","[""doomsday"", ""scheme_card"", ""warning_indicator"", ""world_decal""]",True
doomsday_icons,res://assets/tilesets/cyber_city_core_tilesets/Store_Items/Doomsday Icons/Doomsday Icons/Trolly1.png,Trolly1.png,.png,512,512,True,"[9, 104, 504, 453]","[9, 104, 504, 453]",71.86,False,28.14,True,False,False,True,"[""png"", ""trolly""]","[""doomsday"", ""scheme_card"", ""warning_indicator"", ""world_decal""]",True
doomsday_icons,res://assets/tilesets/cyber_city_core_tilesets/Store_Items/Doomsday Icons/Doomsday Icons/Trolly2.png,Trolly2.png,.png,512,512,True,"[9, 78, 503, 465]","[9, 78, 503, 465]",81.324,False,18.676,True,False,False,True,"[""png"", ""trolly""]","[""doomsday"", ""scheme_card"", ""warning_indicator"", ""world_decal""]",True
doomsday_icons,res://assets/tilesets/cyber_city_core_tilesets/Store_Items/Doomsday Icons/Doomsday Icons/TV1.png,TV1.png,.png,512,512,True,"[2, 90, 504, 451]","[2, 90, 504, 451]",40.696,False,59.304,True,False,False,True,"[""png"", ""tv""]","[""doomsday"", ""scheme_card"", ""warning_indicator"", ""world_decal""]",True
doomsday_icons,res://assets/tilesets/cyber_city_core_tilesets/Store_Items/Doomsday Icons/Doomsday Icons/TV2.png,TV2.png,.png,512,512,True,"[35, 12, 483, 500]","[35, 12, 483, 500]",28.887,False,71.113,True,False,False,True,"[""png"", ""tv""]","[""doomsday"", ""scheme_card"", ""warning_indicator"", ""world_decal""]",True
doomsday_icons,res://assets/tilesets/cyber_city_core_tilesets/Store_Items/Doomsday Icons/Doomsday Icons/TV3.png,TV3.png,.png,512,512,True,"[0, 2, 485, 509]","[0, 2, 485, 509]",32.801,False,67.199,True,False,False,True,"[""png"", ""tv""]","[""doomsday"", ""scheme_card"", ""warning_indicator"", ""world_decal""]",True
doomsday_icons,res://assets/tilesets/cyber_city_core_tilesets/Store_Items/Doomsday Icons/Doomsday Icons/Urn1.png,Urn1.png,.png,512,512,True,"[117, 14, 399, 503]","[117, 14, 399, 503]",61.581,False,38.419,True,False,False,True,"[""png"", ""urn""]","[""doomsday"", ""scheme_card"", ""warning_indicator"", ""world_decal""]",True
doomsday_icons,res://assets/tilesets/cyber_city_core_tilesets/Store_Items/Doomsday Icons/Doomsday Icons/Utensil_Fork1.png,Utensil_Fork1.png,.png,512,512,True,"[90, 112, 391, 377]","[90, 112, 391, 377]",96.546,False,3.454,True,False,False,True,"[""fork"", ""png"", ""utensil""]","[""doomsday"", ""scheme_card"", ""warning_indicator"", ""world_decal""]",True
doomsday_icons,res://assets/tilesets/cyber_city_core_tilesets/Store_Items/Doomsday Icons/Doomsday Icons/Utensil_Knife1.png,Utensil_Knife1.png,.png,512,512,True,"[109, 129, 406, 410]","[109, 129, 406, 410]",95.712,False,4.288,True,False,False,True,"[""knife"", ""png"", ""utensil""]","[""doomsday"", ""scheme_card"", ""warning_indicator"", ""world_decal""]",True
doomsday_icons,res://assets/tilesets/cyber_city_core_tilesets/Store_Items/Doomsday Icons/Doomsday Icons/Utensil_Spoon1.png,Utensil_Spoon1.png,.png,512,512,True,"[72, 91, 442, 454]","[72, 91, 442, 454]",92.687,False,7.313,True,False,False,True,"[""png"", ""spoon"", ""utensil""]","[""doomsday"", ""scheme_card"", ""warning_indicator"", ""world_decal""]",True
doomsday_icons,res://assets/tilesets/cyber_city_core_tilesets/Store_Items/Doomsday Icons/Doomsday Icons/Vacuum1.png,Vacuum1.png,.png,512,512,True,"[185, 5, 382, 510]","[185, 5, 382, 510]",87.21,False,12.79,True,False,False,True,"[""png"", ""vacuum""]","[""doomsday"", ""scheme_card"", ""warning_indicator"", ""world_decal""]",True
doomsday_icons,res://assets/tilesets/cyber_city_core_tilesets/Store_Items/Doomsday Icons/Doomsday Icons/Vase1.png,Vase1.png,.png,512,512,True,"[138, 8, 349, 487]","[138, 8, 349, 487]",76.389,False,23.611,True,False,False,True,"[""png"", ""vase""]","[""doomsday"", ""scheme_card"", ""warning_indicator"", ""world_decal""]",True
doomsday_icons,res://assets/tilesets/cyber_city_core_tilesets/Store_Items/Doomsday Icons/Doomsday Icons/Vase2.png,Vase2.png,.png,512,512,True,"[23, 100, 473, 430]","[23, 100, 473, 430]",62.535,False,37.465,True,False,False,True,"[""png"", ""vase""]","[""doomsday"", ""scheme_card"", ""warning_indicator"", ""world_decal""]",True
doomsday_icons,res://assets/tilesets/cyber_city_core_tilesets/Store_Items/Doomsday Icons/Doomsday Icons/Vehicle1.png,Vehicle1.png,.png,512,512,True,"[9, 86, 509, 424]","[9, 86, 509, 424]",55.092,False,44.908,True,False,False,True,"[""png"", ""vehicle""]","[""doomsday"", ""scheme_card"", ""warning_indicator"", ""world_decal""]",True
doomsday_icons,res://assets/tilesets/cyber_city_core_tilesets/Store_Items/Doomsday Icons/Doomsday Icons/Vehicle10.png,Vehicle10.png,.png,512,512,True,"[1, 156, 509, 415]","[1, 156, 509, 415]",66.454,False,33.546,True,False,False,True,"[""png"", ""vehicle""]","[""doomsday"", ""scheme_card"", ""warning_indicator"", ""world_decal""]",True
doomsday_icons,res://assets/tilesets/cyber_city_core_tilesets/Store_Items/Doomsday Icons/Doomsday Icons/Vehicle11.png,Vehicle11.png,.png,512,512,True,"[4, 156, 511, 446]","[4, 156, 511, 446]",65.213,False,34.787,True,False,False,True,"[""png"", ""vehicle""]","[""doomsday"", ""scheme_card"", ""warning_indicator"", ""world_decal""]",True
doomsday_icons,res://assets/tilesets/cyber_city_core_tilesets/Store_Items/Doomsday Icons/Doomsday Icons/Vehicle12.png,Vehicle12.png,.png,512,512,True,"[1, 135, 509, 439]","[1, 135, 509, 439]",61.251,False,38.749,True,False,False,True,"[""png"", ""vehicle""]","[""doomsday"", ""scheme_card"", ""warning_indicator"", ""world_decal""]",True
doomsday_icons,res://assets/tilesets/cyber_city_core_tilesets/Store_Items/Doomsday Icons/Doomsday Icons/Vehicle13.png,Vehicle13.png,.png,512,512,True,"[2, 174, 507, 398]","[2, 174, 507, 398]",72.398,False,27.602,True,False,False,True,"[""png"", ""vehicle""]","[""doomsday"", ""scheme_card"", ""warning_indicator"", ""world_decal""]",True
doomsday_icons,res://assets/tilesets/cyber_city_core_tilesets/Store_Items/Doomsday Icons/Doomsday Icons/Vehicle14.png,Vehicle14.png,.png,512,512,True,"[5, 2, 508, 506]","[5, 2, 508, 506]",50.99,False,49.01,True,False,False,True,"[""png"", ""vehicle""]","[""doomsday"", ""scheme_card"", ""warning_indicator"", ""world_decal""]",True
doomsday_icons,res://assets/tilesets/cyber_city_core_tilesets/Store_Items/Doomsday Icons/Doomsday Icons/Vehicle15.png,Vehicle15.png,.png,512,512,True,"[4, 23, 508, 486]","[4, 23, 508, 486]",51.303,False,48.697,True,False,False,True,"[""png"", ""vehicle""]","[""doomsday"", ""scheme_card"", ""warning_indicator"", ""world_decal""]",True
doomsday_icons,res://assets/tilesets/cyber_city_core_tilesets/Store_Items/Doomsday Icons/Doomsday Icons/Vehicle2.png,Vehicle2.png,.png,512,512,True,"[3, 180, 510, 371]","[3, 180, 510, 371]",75.315,False,24.685,True,False,False,True,"[""png"", ""vehicle""]","[""doomsday"", ""scheme_card"", ""warning_indicator"", ""world_decal""]",True
doomsday_icons,res://assets/tilesets/cyber_city_core_tilesets/Store_Items/Doomsday Icons/Doomsday Icons/Vehicle3.png,Vehicle3.png,.png,512,512,True,"[3, 158, 509, 410]","[3, 158, 509, 410]",70.919,False,29.081,True,False,False,True,"[""png"", ""vehicle""]","[""doomsday"", ""scheme_card"", ""warning_indicator"", ""world_decal""]",True
doomsday_icons,res://assets/tilesets/cyber_city_core_tilesets/Store_Items/Doomsday Icons/Doomsday Icons/Vehicle4.png,Vehicle4.png,.png,512,512,True,"[18, 20, 504, 458]","[18, 20, 504, 458]",63.11,False,36.89,True,False,False,True,"[""png"", ""vehicle""]","[""doomsday"", ""scheme_card"", ""warning_indicator"", ""world_decal""]",True
doomsday_icons,res://assets/tilesets/cyber_city_core_tilesets/Store_Items/Doomsday Icons/Doomsday Icons/Vehicle5.png,Vehicle5.png,.png,512,512,True,"[0, 156, 505, 430]","[0, 156, 505, 430]",68.588,False,31.412,True,False,False,True,"[""png"", ""vehicle""]","[""doomsday"", ""scheme_card"", ""warning_indicator"", ""world_decal""]",True
doomsday_icons,res://assets/tilesets/cyber_city_core_tilesets/Store_Items/Doomsday Icons/Doomsday Icons/Vehicle6.png,Vehicle6.png,.png,512,512,True,"[0, 135, 512, 447]","[0, 135, 512, 447]",58.432,False,41.568,True,False,False,True,"[""png"", ""vehicle""]","[""doomsday"", ""scheme_card"", ""warning_indicator"", ""world_decal""]",True
doomsday_icons,res://assets/tilesets/cyber_city_core_tilesets/Store_Items/Doomsday Icons/Doomsday Icons/Vehicle7.png,Vehicle7.png,.png,512,512,True,"[0, 148, 512, 425]","[0, 148, 512, 425]",63.432,False,36.568,True,False,False,True,"[""png"", ""vehicle""]","[""doomsday"", ""scheme_card"", ""warning_indicator"", ""world_decal""]",True
doomsday_icons,res://assets/tilesets/cyber_city_core_tilesets/Store_Items/Doomsday Icons/Doomsday Icons/Vehicle8.png,Vehicle8.png,.png,512,512,True,"[3, 103, 506, 418]","[3, 103, 506, 418]",63.988,False,36.012,True,False,False,True,"[""png"", ""vehicle""]","[""doomsday"", ""scheme_card"", ""warning_indicator"", ""world_decal""]",True
doomsday_icons,res://assets/tilesets/cyber_city_core_tilesets/Store_Items/Doomsday Icons/Doomsday Icons/Vehicle9.png,Vehicle9.png,.png,512,512,True,"[2, 173, 508, 412]","[2, 173, 508, 412]",69.914,False,30.086,True,False,False,True,"[""png"", ""vehicle""]","[""doomsday"", ""scheme_card"", ""warning_indicator"", ""world_decal""]",True
doomsday_icons,res://assets/tilesets/cyber_city_core_tilesets/Store_Items/Doomsday Icons/Doomsday Icons/VendingMachine1.png,VendingMachine1.png,.png,512,512,True,"[98, 3, 389, 508]","[98, 3, 389, 508]",49.757,False,50.243,True,False,False,True,"[""png"", ""vendingmachine""]","[""doomsday"", ""scheme_card"", ""warning_indicator"", ""world_decal""]",True
doomsday_icons,res://assets/tilesets/cyber_city_core_tilesets/Store_Items/Doomsday Icons/Doomsday Icons/VendingMachine2.png,VendingMachine2.png,.png,512,512,True,"[100, 1, 395, 511]","[100, 1, 395, 511]",47.51,False,52.49,True,False,False,True,"[""png"", ""vendingmachine""]","[""doomsday"", ""scheme_card"", ""warning_indicator"", ""world_decal""]",True
doomsday_icons,res://assets/tilesets/cyber_city_core_tilesets/Store_Items/Doomsday Icons/Doomsday Icons/WashingMachine1.png,WashingMachine1.png,.png,512,512,True,"[61, 11, 451, 507]","[61, 11, 451, 507]",40.037,False,59.963,True,False,False,True,"[""png"", ""washingmachine""]","[""doomsday"", ""scheme_card"", ""warning_indicator"", ""world_decal""]",True
doomsday_icons,res://assets/tilesets/cyber_city_core_tilesets/Store_Items/Doomsday Icons/Doomsday Icons/WashingMachine2.png,WashingMachine2.png,.png,512,512,True,"[55, 30, 494, 502]","[55, 30, 494, 502]",44.332,False,55.668,True,False,False,True,"[""png"", ""washingmachine""]","[""doomsday"", ""scheme_card"", ""warning_indicator"", ""world_decal""]",True
doomsday_icons,res://assets/tilesets/cyber_city_core_tilesets/Store_Items/Doomsday Icons/Doomsday Icons/WaterCooler1.png,WaterCooler1.png,.png,512,512,True,"[204, 11, 361, 510]","[204, 11, 361, 510]",75.145,False,24.855,True,False,False,True,"[""png"", ""watercooler""]","[""doomsday"", ""scheme_card"", ""warning_indicator"", ""world_decal""]",True
doomsday_icons,res://assets/tilesets/cyber_city_core_tilesets/Store_Items/Doomsday Icons/Doomsday Icons/WateringCan1.png,WateringCan1.png,.png,512,512,True,"[2, 28, 501, 474]","[2, 28, 501, 474]",64.241,False,35.759,True,False,False,True,"[""png"", ""wateringcan""]","[""doomsday"", ""scheme_card"", ""warning_indicator"", ""world_decal""]",True
doomsday_icons,res://assets/tilesets/cyber_city_core_tilesets/Store_Items/Doomsday Icons/Doomsday Icons/WaterJug1.png,WaterJug1.png,.png,512,512,True,"[51, 17, 460, 488]","[51, 17, 460, 488]",42.847,False,57.153,True,False,False,True,"[""png"", ""waterjug""]","[""doomsday"", ""scheme_card"", ""warning_indicator"", ""world_decal""]",True
doomsday_icons,res://assets/tilesets/cyber_city_core_tilesets/Store_Items/Doomsday Icons/Doomsday Icons/WaterTank1.png,WaterTank1.png,.png,512,512,True,"[58, 15, 453, 502]","[58, 15, 453, 502]",40.59,False,59.41,True,False,False,True,"[""png"", ""watertank""]","[""doomsday"", ""scheme_card"", ""warning_indicator"", ""world_decal""]",True
doomsday_icons,res://assets/tilesets/cyber_city_core_tilesets/Store_Items/Doomsday Icons/Doomsday Icons/WaterTank2.png,WaterTank2.png,.png,512,512,True,"[125, 3, 433, 486]","[125, 3, 433, 486]",51.338,False,48.662,True,False,False,True,"[""png"", ""watertank""]","[""doomsday"", ""scheme_card"", ""warning_indicator"", ""world_decal""]",True
doomsday_icons,res://assets/tilesets/cyber_city_core_tilesets/Store_Items/Doomsday Icons/Doomsday Icons/Wheelchair1.png,Wheelchair1.png,.png,512,512,True,"[10, 25, 436, 505]","[10, 25, 436, 505]",61.626,False,38.374,True,False,False,True,"[""png"", ""wheelchair""]","[""doomsday"", ""scheme_card"", ""warning_indicator"", ""world_decal""]",True
doomsday_icons,res://assets/tilesets/cyber_city_core_tilesets/Store_Items/Doomsday Icons/Doomsday Icons/Wheelchair2.png,Wheelchair2.png,.png,512,512,True,"[28, 16, 501, 502]","[28, 16, 501, 502]",54.226,False,45.774,True,False,False,True,"[""png"", ""wheelchair""]","[""doomsday"", ""scheme_card"", ""warning_indicator"", ""world_decal""]",True
doomsday_icons,res://assets/tilesets/cyber_city_core_tilesets/Store_Items/Doomsday Icons/Doomsday Icons/WhiteBoard1.png,WhiteBoard1.png,.png,512,512,True,"[3, 1, 508, 512]","[3, 1, 508, 512]",45.699,False,54.301,True,False,False,True,"[""png"", ""whiteboard""]","[""doomsday"", ""scheme_card"", ""warning_indicator"", ""world_decal""]",True
doomsday_icons,res://assets/tilesets/cyber_city_core_tilesets/Store_Items/Doomsday Icons/Doomsday Icons/WhiteBoard2.png,WhiteBoard2.png,.png,512,512,True,"[21, 1, 485, 510]","[21, 1, 485, 510]",46.092,False,53.908,True,False,False,True,"[""png"", ""whiteboard""]","[""doomsday"", ""scheme_card"", ""warning_indicator"", ""world_decal""]",True
doomsday_icons,res://assets/tilesets/cyber_city_core_tilesets/Store_Items/Doomsday Icons/Doomsday Icons/Wood1.png,Wood1.png,.png,512,512,True,"[104, 53, 422, 455]","[104, 53, 422, 455]",82.766,False,17.234,True,False,False,True,"[""png"", ""wood""]","[""doomsday"", ""scheme_card"", ""warning_indicator"", ""world_decal""]",True
doomsday_icons,res://assets/tilesets/cyber_city_core_tilesets/Store_Items/Doomsday Icons/Doomsday Icons/Wood2.png,Wood2.png,.png,512,512,True,"[48, 33, 479, 457]","[48, 33, 479, 457]",86.568,False,13.432,True,False,False,True,"[""png"", ""wood""]","[""doomsday"", ""scheme_card"", ""warning_indicator"", ""world_decal""]",True
doomsday_icons,res://assets/tilesets/cyber_city_core_tilesets/Store_Items/Doomsday Icons/Doomsday Icons/Wood3.png,Wood3.png,.png,512,512,True,"[89, 77, 435, 389]","[89, 77, 435, 389]",85.839,False,14.161,True,False,False,True,"[""png"", ""wood""]","[""doomsday"", ""scheme_card"", ""warning_indicator"", ""world_decal""]",True
doomsday_icons,res://assets/tilesets/cyber_city_core_tilesets/Store_Items/Doomsday Icons/Doomsday Icons/WoodenPlank1.png,WoodenPlank1.png,.png,512,512,True,"[5, 29, 506, 448]","[5, 29, 506, 448]",64.769,False,35.231,True,False,False,True,"[""png"", ""woodenplank""]","[""doomsday"", ""scheme_card"", ""warning_indicator"", ""world_decal""]",True
doomsday_icons,res://assets/tilesets/cyber_city_core_tilesets/Store_Items/Doomsday Icons/Doomsday Icons/WoodPile1.png,WoodPile1.png,.png,512,512,True,"[0, 179, 512, 412]","[0, 179, 512, 412]",79.784,False,20.216,True,False,False,True,"[""png"", ""woodpile""]","[""doomsday"", ""scheme_card"", ""warning_indicator"", ""world_decal""]",True
doomsday_icons,res://assets/tilesets/cyber_city_core_tilesets/Store_Items/Doomsday Icons/Doomsday Icons/WoodStove1.png,WoodStove1.png,.png,512,512,True,"[103, 0, 414, 510]","[103, 0, 414, 510]",60.983,False,39.017,True,False,False,True,"[""png"", ""woodstove""]","[""doomsday"", ""scheme_card"", ""warning_indicator"", ""world_decal""]",True
doomsday_icons,res://assets/tilesets/cyber_city_core_tilesets/Store_Items/Doomsday Icons/Doomsday Icons/Workbench1.png,Workbench1.png,.png,512,512,True,"[69, 3, 427, 508]","[69, 3, 427, 508]",58.067,False,41.933,True,False,False,True,"[""png"", ""workbench""]","[""doomsday"", ""scheme_card"", ""warning_indicator"", ""world_decal""]",True
doomsday_icons,res://assets/tilesets/cyber_city_core_tilesets/Store_Items/Doomsday Icons/Doomsday Icons/Workbench2.png,Workbench2.png,.png,512,512,True,"[0, 14, 511, 501]","[0, 14, 511, 501]",40.451,False,59.549,True,False,False,True,"[""png"", ""workbench""]","[""doomsday"", ""scheme_card"", ""warning_indicator"", ""world_decal""]",True
